day,date,wk,age_group,cases,Rj_med,Rj_lo,Rj_hi
1,2018-09-02,36,0-5,11.8571,1.5038,1.2055,1.8665
1,2018-09-02,36,6-11,20.0000,1.8345,1.5028,2.2334
1,2018-09-02,36,12-17,7.1429,1.7511,1.4452,2.0995
1,2018-09-02,36,18-44,26.7143,1.0060,0.8250,1.2108
1,2018-09-02,36,45-64,18.1429,1.0245,0.8357,1.2443
1,2018-09-02,36,65+,10.2857,1.1054,0.8855,1.3751
2,2018-09-03,36,0-5,12.7143,1.5018,1.2458,1.8145
2,2018-09-03,36,6-11,22.2857,1.8952,1.5916,2.2272
2,2018-09-03,36,12-17,8.4286,1.8243,1.5425,2.2123
2,2018-09-03,36,18-44,26.7143,0.9848,0.8401,1.1473
2,2018-09-03,36,45-64,18.1429,1.0013,0.8479,1.1767
2,2018-09-03,36,65+,11.0000,1.0860,0.8988,1.3158
3,2018-09-04,36,0-5,13.1429,1.4876,1.2490,1.7725
3,2018-09-04,36,6-11,21.8571,1.9139,1.6406,2.2290
3,2018-09-04,36,12-17,9.8571,1.8863,1.5980,2.2063
3,2018-09-04,36,18-44,28.2857,0.9611,0.8324,1.1057
3,2018-09-04,36,45-64,19.5714,0.9787,0.8422,1.1336
3,2018-09-04,36,65+,12.0000,1.0661,0.8970,1.2677
4,2018-09-05,36,0-5,13.8571,1.4511,1.2292,1.7194
4,2018-09-05,36,6-11,21.5714,1.9069,1.6426,2.2262
4,2018-09-05,36,12-17,11.5714,1.8888,1.6057,2.2266
4,2018-09-05,36,18-44,31.1429,0.9272,0.8110,1.0611
4,2018-09-05,36,45-64,19.2857,0.9450,0.8200,1.0889
4,2018-09-05,36,65+,12.7143,1.0336,0.8779,1.2175
5,2018-09-06,36,0-5,13.8571,1.3990,1.1896,1.6542
5,2018-09-06,36,6-11,20.5714,1.8802,1.6230,2.1993
5,2018-09-06,36,12-17,12.1429,1.8438,1.5685,2.1840
5,2018-09-06,36,18-44,31.5714,0.8895,0.7804,1.0152
5,2018-09-06,36,45-64,19.8571,0.9057,0.7907,1.0405
5,2018-09-06,36,65+,12.5714,0.9952,0.8486,1.1622
6,2018-09-07,36,0-5,15.8571,1.3424,1.1361,1.5940
6,2018-09-07,36,6-11,24.5714,1.8347,1.5786,2.1310
6,2018-09-07,36,12-17,15.0000,1.7619,1.4975,2.0590
6,2018-09-07,36,18-44,31.7143,0.8482,0.7446,0.9687
6,2018-09-07,36,45-64,21.5714,0.8622,0.7530,0.9857
6,2018-09-07,36,65+,14.2857,0.9484,0.8118,1.1141
7,2018-09-08,36,0-5,15.8571,1.2820,1.0889,1.5163
7,2018-09-08,36,6-11,27.2857,1.7639,1.5189,2.0654
7,2018-09-08,36,12-17,17.0000,1.6355,1.4023,1.9276
7,2018-09-08,36,18-44,32.2857,0.8015,0.7049,0.9126
7,2018-09-08,36,45-64,23.1429,0.8093,0.7062,0.9237
7,2018-09-08,36,65+,16.0000,0.8920,0.7624,1.0434
8,2018-09-09,37,0-5,16.2857,1.2327,1.0388,1.4595
8,2018-09-09,37,6-11,30.0000,1.6909,1.4471,1.9763
8,2018-09-09,37,12-17,19.8571,1.5131,1.2943,1.7804
8,2018-09-09,37,18-44,34.5714,0.7582,0.6658,0.8669
8,2018-09-09,37,45-64,23.8571,0.7602,0.6640,0.8734
8,2018-09-09,37,65+,16.7143,0.8376,0.7162,0.9813
9,2018-09-10,37,0-5,15.5714,1.1894,1.0037,1.4022
9,2018-09-10,37,6-11,29.8571,1.6246,1.3961,1.9058
9,2018-09-10,37,12-17,19.8571,1.3975,1.1947,1.6374
9,2018-09-10,37,18-44,38.1429,0.7190,0.6320,0.8209
9,2018-09-10,37,45-64,24.4286,0.7162,0.6259,0.8193
9,2018-09-10,37,65+,16.7143,0.7889,0.6740,0.9234
10,2018-09-11,37,0-5,14.1429,1.1747,0.9903,1.3891
10,2018-09-11,37,6-11,31.1429,1.5860,1.3533,1.8493
10,2018-09-11,37,12-17,20.0000,1.3119,1.1257,1.5358
10,2018-09-11,37,18-44,38.8571,0.6946,0.6099,0.7884
10,2018-09-11,37,45-64,24.0000,0.6862,0.5995,0.7853
10,2018-09-11,37,65+,16.0000,0.7557,0.6435,0.8887
11,2018-09-12,37,0-5,14.8571,1.1743,0.9955,1.3941
11,2018-09-12,37,6-11,32.7143,1.5519,1.3319,1.8163
11,2018-09-12,37,12-17,19.8571,1.2556,1.0782,1.4766
11,2018-09-12,37,18-44,37.4286,0.6826,0.5998,0.7759
11,2018-09-12,37,45-64,24.5714,0.6701,0.5845,0.7677
11,2018-09-12,37,65+,16.1429,0.7328,0.6260,0.8595
12,2018-09-13,37,0-5,15.2857,1.1845,0.9986,1.3995
12,2018-09-13,37,6-11,33.2857,1.5304,1.3119,1.7859
12,2018-09-13,37,12-17,20.1429,1.2165,1.0418,1.4231
12,2018-09-13,37,18-44,37.2857,0.6774,0.5942,0.7690
12,2018-09-13,37,45-64,24.5714,0.6625,0.5794,0.7578
12,2018-09-13,37,65+,16.1429,0.7211,0.6222,0.8436
13,2018-09-14,37,0-5,15.4286,1.1895,1.0050,1.4136
13,2018-09-14,37,6-11,36.0000,1.5117,1.2969,1.7653
13,2018-09-14,37,12-17,18.7143,1.2001,1.0305,1.4013
13,2018-09-14,37,18-44,38.1429,0.6787,0.5964,0.7697
13,2018-09-14,37,45-64,23.8571,0.6649,0.5809,0.7600
13,2018-09-14,37,65+,14.1429,0.7221,0.6193,0.8353
14,2018-09-15,37,0-5,16.4286,1.1825,0.9954,1.3977
14,2018-09-15,37,6-11,35.8571,1.4828,1.2699,1.7328
14,2018-09-15,37,12-17,17.2857,1.1888,1.0095,1.3917
14,2018-09-15,37,18-44,41.2857,0.6736,0.5900,0.7687
14,2018-09-15,37,45-64,24.0000,0.6635,0.5766,0.7641
14,2018-09-15,37,65+,13.5714,0.7181,0.6108,0.8412
15,2018-09-16,38,0-5,17.7143,1.1574,0.9776,1.3681
15,2018-09-16,38,6-11,36.4286,1.4394,1.2265,1.6813
15,2018-09-16,38,12-17,15.8571,1.1738,0.9970,1.3808
15,2018-09-16,38,18-44,41.7143,0.6634,0.5812,0.7568
15,2018-09-16,38,45-64,24.4286,0.6586,0.5697,0.7585
15,2018-09-16,38,65+,15.1429,0.7101,0.6043,0.8327
16,2018-09-17,38,0-5,18.7143,1.1194,0.9277,1.3295
16,2018-09-17,38,6-11,36.1429,1.3830,1.1867,1.6162
16,2018-09-17,38,12-17,15.7143,1.1524,0.9806,1.3624
16,2018-09-17,38,18-44,40.2857,0.6453,0.5653,0.7387
16,2018-09-17,38,45-64,25.8571,0.6454,0.5579,0.7444
16,2018-09-17,38,65+,15.5714,0.6949,0.5938,0.8131
17,2018-09-18,38,0-5,20.5714,1.0641,0.8942,1.2667
17,2018-09-18,38,6-11,39.0000,1.3131,1.1195,1.5293
17,2018-09-18,38,12-17,16.1429,1.1213,0.9503,1.3244
17,2018-09-18,38,18-44,40.5714,0.6188,0.5399,0.7084
17,2018-09-18,38,45-64,28.4286,0.6218,0.5381,0.7185
17,2018-09-18,38,65+,15.7143,0.6738,0.5735,0.7851
18,2018-09-19,38,0-5,20.7143,1.0245,0.8615,1.2192
18,2018-09-19,38,6-11,38.8571,1.2484,1.0700,1.4556
18,2018-09-19,38,12-17,17.7143,1.0933,0.9284,1.2919
18,2018-09-19,38,18-44,43.1429,0.5985,0.5230,0.6825
18,2018-09-19,38,45-64,30.4286,0.6041,0.5230,0.6971
18,2018-09-19,38,65+,16.1429,0.6549,0.5605,0.7629
19,2018-09-20,38,0-5,19.8571,1.0084,0.8461,1.2023
19,2018-09-20,38,6-11,40.1429,1.2116,1.0363,1.4120
19,2018-09-20,38,12-17,17.5714,1.0798,0.9192,1.2782
19,2018-09-20,38,18-44,43.4286,0.5899,0.5136,0.6743
19,2018-09-20,38,45-64,29.8571,0.5967,0.5173,0.6894
19,2018-09-20,38,65+,16.2857,0.6500,0.5535,0.7649
20,2018-09-21,38,0-5,16.8571,1.0297,0.8724,1.2249
20,2018-09-21,38,6-11,31.0000,1.2243,1.0575,1.4340
20,2018-09-21,38,12-17,15.0000,1.0964,0.9335,1.2914
20,2018-09-21,38,18-44,37.0000,0.6068,0.5328,0.6922
20,2018-09-21,38,45-64,25.7143,0.6143,0.5353,0.7060
20,2018-09-21,38,65+,14.4286,0.6713,0.5740,0.7860
21,2018-09-22,38,0-5,15.4286,1.0864,0.9212,1.2947
21,2018-09-22,38,6-11,27.2857,1.2869,1.1079,1.5014
21,2018-09-22,38,12-17,14.0000,1.1468,0.9781,1.3411
21,2018-09-22,38,18-44,31.1429,0.6502,0.5677,0.7451
21,2018-09-22,38,45-64,21.8571,0.6590,0.5716,0.7596
21,2018-09-22,38,65+,11.7143,0.7242,0.6125,0.8467
22,2018-09-23,39,0-5,15.4286,1.1884,1.0088,1.4003
22,2018-09-23,39,6-11,27.0000,1.3925,1.1971,1.6173
22,2018-09-23,39,12-17,13.0000,1.2296,1.0484,1.4415
22,2018-09-23,39,18-44,32.1429,0.7228,0.6319,0.8280
22,2018-09-23,39,45-64,19.8571,0.7341,0.6360,0.8444
22,2018-09-23,39,65+,8.5714,0.8126,0.6920,0.9573
23,2018-09-24,39,0-5,15.8571,1.3099,1.1127,1.5433
23,2018-09-24,39,6-11,29.1429,1.5198,1.3085,1.7569
23,2018-09-24,39,12-17,13.4286,1.3266,1.1348,1.5527
23,2018-09-24,39,18-44,36.2857,0.8103,0.7063,0.9308
23,2018-09-24,39,45-64,22.5714,0.8270,0.7156,0.9530
23,2018-09-24,39,65+,10.4286,0.9306,0.7898,1.0795
24,2018-09-25,39,0-5,16.4286,1.4409,1.2235,1.6937
24,2018-09-25,39,6-11,25.7143,1.6556,1.4281,1.9073
24,2018-09-25,39,12-17,13.2857,1.4299,1.2309,1.6780
24,2018-09-25,39,18-44,40.4286,0.9006,0.7885,1.0343
24,2018-09-25,39,45-64,23.7143,0.9226,0.8038,1.0681
24,2018-09-25,39,65+,13.8571,1.0534,0.8986,1.2528
25,2018-09-26,39,0-5,15.2857,1.5520,1.3293,1.8114
25,2018-09-26,39,6-11,24.5714,1.7771,1.5418,2.0489
25,2018-09-26,39,12-17,11.2857,1.5245,1.3138,1.7743
25,2018-09-26,39,18-44,38.8571,0.9815,0.8582,1.1182
25,2018-09-26,39,45-64,23.7143,1.0107,0.8806,1.1581
25,2018-09-26,39,65+,13.4286,1.1773,1.0005,1.3803
26,2018-09-27,39,0-5,15.7143,1.6285,1.3890,1.9071
26,2018-09-27,39,6-11,22.2857,1.8564,1.6072,2.1428
26,2018-09-27,39,12-17,11.0000,1.5721,1.3542,1.8224
26,2018-09-27,39,18-44,39.5714,1.0227,0.8940,1.1746
26,2018-09-27,39,45-64,24.0000,1.0581,0.9212,1.2150
26,2018-09-27,39,65+,14.0000,1.2548,1.0639,1.4586
27,2018-09-28,39,0-5,20.5714,1.6195,1.3816,1.8890
27,2018-09-28,39,6-11,28.4286,1.8452,1.5965,2.1202
27,2018-09-28,39,12-17,13.2857,1.5433,1.3305,1.7997
27,2018-09-28,39,18-44,51.1429,1.0010,0.8791,1.1419
27,2018-09-28,39,45-64,31.7143,1.0369,0.9055,1.1879
27,2018-09-28,39,65+,20.4286,1.2414,1.0658,1.4522
28,2018-09-29,39,0-5,21.8571,1.5610,1.3356,1.8316
28,2018-09-29,39,6-11,32.0000,1.7649,1.5279,2.0309
28,2018-09-29,39,12-17,14.5714,1.4627,1.2638,1.6963
28,2018-09-29,39,18-44,58.5714,0.9369,0.8262,1.0687
28,2018-09-29,39,45-64,36.7143,0.9677,0.8471,1.1088
28,2018-09-29,39,65+,27.7143,1.1651,1.0034,1.3578
29,2018-09-30,40,0-5,22.2857,1.4789,1.2637,1.7416
29,2018-09-30,40,6-11,29.8571,1.6684,1.4433,1.9343
29,2018-09-30,40,12-17,14.1429,1.3601,1.1785,1.5764
29,2018-09-30,40,18-44,53.5714,0.8594,0.7561,0.9772
29,2018-09-30,40,45-64,34.7143,0.8814,0.7710,1.0078
29,2018-09-30,40,65+,27.5714,1.0579,0.9070,1.2374
30,2018-10-01,40,0-5,23.2857,1.4119,1.2013,1.6580
30,2018-10-01,40,6-11,29.7143,1.5852,1.3711,1.8352
30,2018-10-01,40,12-17,14.0000,1.2751,1.1012,1.4818
30,2018-10-01,40,18-44,53.7143,0.7947,0.7023,0.9004
30,2018-10-01,40,45-64,34.5714,0.8086,0.7084,0.9216
30,2018-10-01,40,65+,31.1429,0.9620,0.8268,1.1306
31,2018-10-02,40,0-5,24.7143,1.3578,1.1534,1.5992
31,2018-10-02,40,6-11,29.8571,1.5393,1.3275,1.7916
31,2018-10-02,40,12-17,13.4286,1.2148,1.0480,1.4106
31,2018-10-02,40,18-44,51.8571,0.7482,0.6601,0.8477
31,2018-10-02,40,45-64,35.4286,0.7542,0.6611,0.8598
31,2018-10-02,40,65+,28.4286,0.8913,0.7635,1.0407
32,2018-10-03,40,0-5,27.1429,1.3217,1.1272,1.5527
32,2018-10-03,40,6-11,30.4286,1.5266,1.3118,1.7679
32,2018-10-03,40,12-17,13.1429,1.1788,1.0152,1.3742
32,2018-10-03,40,18-44,52.4286,0.7215,0.6371,0.8144
32,2018-10-03,40,45-64,35.4286,0.7224,0.6320,0.8236
32,2018-10-03,40,65+,29.2857,0.8508,0.7275,0.9897
33,2018-10-04,40,0-5,29.2857,1.2995,1.1162,1.5341
33,2018-10-04,40,6-11,32.1429,1.5357,1.3283,1.7879
33,2018-10-04,40,12-17,12.7143,1.1659,1.0061,1.3599
33,2018-10-04,40,18-44,52.1429,0.7103,0.6285,0.8035
33,2018-10-04,40,45-64,35.7143,0.7090,0.6210,0.8094
33,2018-10-04,40,65+,29.2857,0.8326,0.7148,0.9685
34,2018-10-05,40,0-5,29.2857,1.3103,1.1131,1.5403
34,2018-10-05,40,6-11,34.5714,1.5731,1.3578,1.8326
34,2018-10-05,40,12-17,12.8571,1.1798,1.0125,1.3761
34,2018-10-05,40,18-44,52.1429,0.7186,0.6363,0.8154
34,2018-10-05,40,45-64,35.8571,0.7163,0.6266,0.8165
34,2018-10-05,40,65+,29.0000,0.8427,0.7204,0.9773
35,2018-10-06,40,0-5,28.7143,1.3227,1.1218,1.5587
35,2018-10-06,40,6-11,33.2857,1.6367,1.4159,1.8960
35,2018-10-06,40,12-17,12.1429,1.2125,1.0435,1.4124
35,2018-10-06,40,18-44,44.7143,0.7390,0.6528,0.8367
35,2018-10-06,40,45-64,30.8571,0.7374,0.6460,0.8412
35,2018-10-06,40,65+,22.4286,0.8705,0.7468,1.0201
36,2018-10-07,41,0-5,30.8571,1.3486,1.1491,1.5854
36,2018-10-07,41,6-11,39.4286,1.7012,1.4776,1.9783
36,2018-10-07,41,12-17,13.7143,1.2563,1.0812,1.4629
36,2018-10-07,41,18-44,53.7143,0.7630,0.6749,0.8657
36,2018-10-07,41,45-64,37.2857,0.7629,0.6684,0.8708
36,2018-10-07,41,65+,27.2857,0.9011,0.7745,1.0550
37,2018-10-08,41,0-5,33.0000,1.3775,1.1755,1.6077
37,2018-10-08,41,6-11,40.4286,1.7810,1.5328,2.0751
37,2018-10-08,41,12-17,12.1429,1.3064,1.1290,1.5133
37,2018-10-08,41,18-44,51.7143,0.7865,0.6970,0.8886
37,2018-10-08,41,45-64,34.8571,0.7875,0.6906,0.8973
37,2018-10-08,41,65+,26.5714,0.9286,0.7986,1.0826
38,2018-10-09,41,0-5,32.0000,1.4072,1.2059,1.6502
38,2018-10-09,41,6-11,43.4286,1.8651,1.6087,2.1565
38,2018-10-09,41,12-17,13.8571,1.3637,1.1751,1.5867
38,2018-10-09,41,18-44,53.2857,0.8094,0.7171,0.9126
38,2018-10-09,41,45-64,33.7143,0.8096,0.7097,0.9200
38,2018-10-09,41,65+,30.0000,0.9419,0.8101,1.0894
39,2018-10-10,41,0-5,32.4286,1.4402,1.2327,1.6789
39,2018-10-10,41,6-11,48.1429,1.9432,1.6854,2.2471
39,2018-10-10,41,12-17,13.8571,1.4185,1.2295,1.6522
39,2018-10-10,41,18-44,55.5714,0.8254,0.7342,0.9290
39,2018-10-10,41,45-64,35.0000,0.8224,0.7242,0.9335
39,2018-10-10,41,65+,30.7143,0.9369,0.8101,1.0912
40,2018-10-11,41,0-5,33.7143,1.4577,1.2405,1.7114
40,2018-10-11,41,6-11,51.7143,2.0242,1.7392,2.3447
40,2018-10-11,41,12-17,14.7143,1.4656,1.2665,1.7100
40,2018-10-11,41,18-44,56.5714,0.8310,0.7355,0.9347
40,2018-10-11,41,45-64,36.0000,0.8215,0.7217,0.9355
40,2018-10-11,41,65+,30.4286,0.9155,0.7888,1.0646
41,2018-10-12,41,0-5,37.0000,1.4563,1.2513,1.7068
41,2018-10-12,41,6-11,59.2857,2.0607,1.7918,2.3938
41,2018-10-12,41,12-17,15.2857,1.4981,1.2933,1.7400
41,2018-10-12,41,18-44,58.8571,0.8178,0.7279,0.9219
41,2018-10-12,41,45-64,38.7143,0.8010,0.7038,0.9119
41,2018-10-12,41,65+,29.7143,0.8720,0.7529,1.0127
42,2018-10-13,41,0-5,40.0000,1.4466,1.2411,1.6891
42,2018-10-13,41,6-11,72.4286,2.0969,1.8177,2.4214
42,2018-10-13,41,12-17,18.1429,1.5209,1.3061,1.7671
42,2018-10-13,41,18-44,65.2857,0.7963,0.7086,0.8938
42,2018-10-13,41,45-64,44.1429,0.7689,0.6764,0.8749
42,2018-10-13,41,65+,33.5714,0.8196,0.7097,0.9437
43,2018-10-14,42,0-5,42.1429,1.4389,1.2352,1.6868
43,2018-10-14,42,6-11,78.1429,2.1069,1.8272,2.4321
43,2018-10-14,42,12-17,19.0000,1.5373,1.3251,1.8022
43,2018-10-14,42,18-44,63.4286,0.7722,0.6920,0.8647
43,2018-10-14,42,45-64,43.0000,0.7349,0.6504,0.8329
43,2018-10-14,42,65+,32.5714,0.7682,0.6665,0.8829
44,2018-10-15,42,0-5,42.1429,1.4425,1.2359,1.6753
44,2018-10-15,42,6-11,94.0000,2.1120,1.8185,2.4461
44,2018-10-15,42,12-17,23.0000,1.5426,1.3249,1.7897
44,2018-10-15,42,18-44,65.5714,0.7518,0.6723,0.8397
44,2018-10-15,42,45-64,44.8571,0.7039,0.6234,0.7952
44,2018-10-15,42,65+,27.8571,0.7266,0.6326,0.8341
45,2018-10-16,42,0-5,47.1429,1.4435,1.2444,1.6895
45,2018-10-16,42,6-11,113.0000,2.0934,1.8264,2.4242
45,2018-10-16,42,12-17,27.8571,1.5371,1.3265,1.8071
45,2018-10-16,42,18-44,68.5714,0.7343,0.6601,0.8194
45,2018-10-16,42,45-64,46.0000,0.6787,0.6037,0.7640
45,2018-10-16,42,65+,24.5714,0.6940,0.6057,0.7956
46,2018-10-17,42,0-5,52.7143,1.4497,1.2507,1.6923
46,2018-10-17,42,6-11,129.4286,2.0832,1.8134,2.3777
46,2018-10-17,42,12-17,31.4286,1.5338,1.3202,1.8000
46,2018-10-17,42,18-44,71.2857,0.7236,0.6507,0.8043
46,2018-10-17,42,45-64,44.4286,0.6623,0.5883,0.7439
46,2018-10-17,42,65+,23.4286,0.6728,0.5882,0.7697
47,2018-10-18,42,0-5,56.0000,1.4438,1.2424,1.6750
47,2018-10-18,42,6-11,141.7143,2.0524,1.7899,2.3626
47,2018-10-18,42,12-17,34.4286,1.5250,1.3114,1.7697
47,2018-10-18,42,18-44,74.4286,0.7147,0.6430,0.7945
47,2018-10-18,42,45-64,45.7143,0.6502,0.5796,0.7315
47,2018-10-18,42,65+,24.8571,0.6554,0.5739,0.7510
48,2018-10-19,42,0-5,65.0000,1.4077,1.2104,1.6329
48,2018-10-19,42,6-11,178.7143,1.9718,1.7191,2.2553
48,2018-10-19,42,12-17,43.0000,1.4908,1.2841,1.7242
48,2018-10-19,42,18-44,81.0000,0.6973,0.6277,0.7747
48,2018-10-19,42,45-64,45.1429,0.6357,0.5662,0.7118
48,2018-10-19,42,65+,26.1429,0.6370,0.5582,0.7275
49,2018-10-20,42,0-5,73.1429,1.3641,1.1777,1.5854
49,2018-10-20,42,6-11,200.4286,1.8891,1.6491,2.1647
49,2018-10-20,42,12-17,47.5714,1.4436,1.2484,1.6802
49,2018-10-20,42,18-44,90.2857,0.6764,0.6092,0.7507
49,2018-10-20,42,45-64,48.5714,0.6183,0.5519,0.6932
49,2018-10-20,42,65+,26.1429,0.6167,0.5427,0.7028
50,2018-10-21,43,0-5,77.0000,1.3194,1.1421,1.5294
50,2018-10-21,43,6-11,217.2857,1.8339,1.6126,2.0936
50,2018-10-21,43,12-17,53.5714,1.4000,1.2097,1.6174
50,2018-10-21,43,18-44,98.8571,0.6576,0.5922,0.7274
50,2018-10-21,43,45-64,51.0000,0.6038,0.5382,0.6752
50,2018-10-21,43,65+,25.2857,0.6004,0.5276,0.6813
51,2018-10-22,43,0-5,85.1429,1.2755,1.1027,1.4841
51,2018-10-22,43,6-11,240.4286,1.7962,1.5786,2.0506
51,2018-10-22,43,12-17,59.2857,1.3566,1.1736,1.5737
51,2018-10-22,43,18-44,109.5714,0.6383,0.5758,0.7065
51,2018-10-22,43,45-64,55.4286,0.5885,0.5247,0.6581
51,2018-10-22,43,65+,26.2857,0.5827,0.5138,0.6624
52,2018-10-23,43,0-5,90.7143,1.2487,1.0793,1.4509
52,2018-10-23,43,6-11,266.1429,1.7945,1.5770,2.0667
52,2018-10-23,43,12-17,64.5714,1.3427,1.1626,1.5516
52,2018-10-23,43,18-44,115.7143,0.6275,0.5673,0.6920
52,2018-10-23,43,45-64,59.2857,0.5788,0.5173,0.6451
52,2018-10-23,43,65+,29.2857,0.5689,0.5026,0.6446
53,2018-10-24,43,0-5,97.4286,1.2475,1.0770,1.4389
53,2018-10-24,43,6-11,291.7143,1.8167,1.5933,2.0842
53,2018-10-24,43,12-17,70.0000,1.3540,1.1718,1.5512
53,2018-10-24,43,18-44,122.2857,0.6255,0.5658,0.6903
53,2018-10-24,43,45-64,66.5714,0.5744,0.5136,0.6412
53,2018-10-24,43,65+,30.1429,0.5598,0.4945,0.6319
54,2018-10-25,43,0-5,102.1429,1.2650,1.0958,1.4561
54,2018-10-25,43,6-11,308.8571,1.8576,1.6185,2.1208
54,2018-10-25,43,12-17,71.7143,1.3996,1.2155,1.6183
54,2018-10-25,43,18-44,126.1429,0.6359,0.5757,0.7018
54,2018-10-25,43,45-64,67.5714,0.5815,0.5215,0.6490
54,2018-10-25,43,65+,28.8571,0.5598,0.4962,0.6313
55,2018-10-26,43,0-5,110.0000,1.2895,1.1158,1.4807
55,2018-10-26,43,6-11,364.0000,1.8522,1.6381,2.1121
55,2018-10-26,43,12-17,80.7143,1.4512,1.2680,1.6650
55,2018-10-26,43,18-44,139.4286,0.6422,0.5823,0.7086
55,2018-10-26,43,45-64,74.7143,0.5849,0.5250,0.6526
55,2018-10-26,43,65+,29.0000,0.5571,0.4941,0.6294
56,2018-10-27,43,0-5,116.8571,1.3086,1.1352,1.5050
56,2018-10-27,43,6-11,400.7143,1.8427,1.6253,2.0916
56,2018-10-27,43,12-17,93.1429,1.5111,1.3175,1.7324
56,2018-10-27,43,18-44,151.0000,0.6468,0.5877,0.7114
56,2018-10-27,43,45-64,79.2857,0.5882,0.5295,0.6530
56,2018-10-27,43,65+,29.7143,0.5561,0.4948,0.6258
57,2018-10-28,44,0-5,131.0000,1.3271,1.1549,1.5172
57,2018-10-28,44,6-11,429.5714,1.8677,1.6492,2.1190
57,2018-10-28,44,12-17,104.4286,1.5828,1.3805,1.8119
57,2018-10-28,44,18-44,167.4286,0.6526,0.5940,0.7153
57,2018-10-28,44,45-64,86.7143,0.5908,0.5337,0.6532
57,2018-10-28,44,65+,31.4286,0.5541,0.4951,0.6205
58,2018-10-29,44,0-5,141.4286,1.3394,1.1718,1.5382
58,2018-10-29,44,6-11,470.5714,1.8979,1.6807,2.1476
58,2018-10-29,44,12-17,123.4286,1.6361,1.4243,1.8739
58,2018-10-29,44,18-44,180.4286,0.6564,0.5982,0.7213
58,2018-10-29,44,45-64,92.2857,0.5906,0.5329,0.6549
58,2018-10-29,44,65+,35.7143,0.5496,0.4904,0.6169
59,2018-10-30,44,0-5,158.2857,1.3516,1.1822,1.5447
59,2018-10-30,44,6-11,536.7143,1.9409,1.7161,2.1712
59,2018-10-30,44,12-17,148.2857,1.6885,1.4681,1.9393
59,2018-10-30,44,18-44,200.4286,0.6605,0.6025,0.7243
59,2018-10-30,44,45-64,98.8571,0.5894,0.5336,0.6506
59,2018-10-30,44,65+,36.2857,0.5439,0.4865,0.6070
60,2018-10-31,44,0-5,172.7143,1.3560,1.1880,1.5566
60,2018-10-31,44,6-11,596.5714,1.9749,1.7525,2.2333
60,2018-10-31,44,12-17,174.7143,1.7203,1.5042,1.9657
60,2018-10-31,44,18-44,222.0000,0.6646,0.6073,0.7259
60,2018-10-31,44,45-64,104.1429,0.5880,0.5341,0.6464
60,2018-10-31,44,65+,38.5714,0.5371,0.4831,0.5982
61,2018-11-01,44,0-5,187.2857,1.3577,1.1867,1.5485
61,2018-11-01,44,6-11,651.0000,1.9917,1.7752,2.2331
61,2018-11-01,44,12-17,192.8571,1.7454,1.5395,1.9942
61,2018-11-01,44,18-44,239.2857,0.6682,0.6103,0.7283
61,2018-11-01,44,45-64,109.0000,0.5870,0.5338,0.6442
61,2018-11-01,44,65+,40.0000,0.5309,0.4786,0.5893
62,2018-11-02,44,0-5,212.5714,1.3217,1.1563,1.4991
62,2018-11-02,44,6-11,771.5714,1.8993,1.6934,2.1264
62,2018-11-02,44,12-17,255.2857,1.6898,1.4874,1.9373
62,2018-11-02,44,18-44,276.5714,0.6499,0.5947,0.7106
62,2018-11-02,44,45-64,122.1429,0.5694,0.5179,0.6254
62,2018-11-02,44,65+,44.7143,0.5127,0.4626,0.5682
63,2018-11-03,44,0-5,234.8571,1.2556,1.1059,1.4239
63,2018-11-03,44,6-11,856.5714,1.7668,1.5854,1.9869
63,2018-11-03,44,12-17,295.7143,1.5974,1.4041,1.8151
63,2018-11-03,44,18-44,312.2857,0.6169,0.5661,0.6726
63,2018-11-03,44,45-64,131.2857,0.5407,0.4933,0.5916
63,2018-11-03,44,65+,47.8571,0.4865,0.4402,0.5385
64,2018-11-04,45,0-5,255.4286,1.1801,1.0408,1.3359
64,2018-11-04,45,6-11,916.8571,1.6641,1.4777,1.8658
64,2018-11-04,45,12-17,330.0000,1.5114,1.3278,1.7196
64,2018-11-04,45,18-44,354.7143,0.5811,0.5327,0.6329
64,2018-11-04,45,45-64,142.7143,0.5103,0.4656,0.5584
64,2018-11-04,45,65+,51.2857,0.4597,0.4156,0.5075
65,2018-11-05,45,0-5,273.7143,1.1266,0.9918,1.2745
65,2018-11-05,45,6-11,985.8571,1.5913,1.4162,1.7838
65,2018-11-05,45,12-17,373.5714,1.4436,1.2615,1.6405
65,2018-11-05,45,18-44,389.8571,0.5531,0.5055,0.6029
65,2018-11-05,45,45-64,150.7143,0.4857,0.4424,0.5318
65,2018-11-05,45,65+,53.7143,0.4371,0.3947,0.4831
66,2018-11-06,45,0-5,289.7143,1.0909,0.9682,1.2419
66,2018-11-06,45,6-11,1045.1429,1.5384,1.3679,1.7268
66,2018-11-06,45,12-17,419.4286,1.3920,1.2183,1.5848
66,2018-11-06,45,18-44,422.5714,0.5348,0.4895,0.5835
66,2018-11-06,45,45-64,164.7143,0.4694,0.4274,0.5148
66,2018-11-06,45,65+,57.2857,0.4209,0.3802,0.4659
67,2018-11-07,45,0-5,301.7143,1.0975,0.9671,1.2442
67,2018-11-07,45,6-11,1095.5714,1.5185,1.3542,1.7065
67,2018-11-07,45,12-17,455.0000,1.3737,1.1958,1.5579
67,2018-11-07,45,18-44,448.5714,0.5345,0.4899,0.5839
67,2018-11-07,45,45-64,175.4286,0.4685,0.4271,0.5133
67,2018-11-07,45,65+,61.7143,0.4158,0.3768,0.4587
68,2018-11-08,45,0-5,310.1429,1.1193,0.9867,1.2686
68,2018-11-08,45,6-11,1120.7143,1.5252,1.3624,1.7108
68,2018-11-08,45,12-17,479.2857,1.3725,1.2067,1.5439
68,2018-11-08,45,18-44,459.2857,0.5456,0.4984,0.5955
68,2018-11-08,45,45-64,177.8571,0.4769,0.4341,0.5234
68,2018-11-08,45,65+,62.2857,0.4185,0.3790,0.4620
69,2018-11-09,45,0-5,339.2857,1.1309,0.9955,1.2821
69,2018-11-09,45,6-11,1186.1429,1.5167,1.3544,1.6882
69,2018-11-09,45,12-17,531.1429,1.3601,1.2046,1.5463
69,2018-11-09,45,18-44,505.2857,0.5557,0.5080,0.6066
69,2018-11-09,45,45-64,198.2857,0.4867,0.4429,0.5338
69,2018-11-09,45,65+,63.7143,0.4237,0.3840,0.4671
70,2018-11-10,45,0-5,356.8571,1.1349,1.0011,1.2832
70,2018-11-10,45,6-11,1209.1429,1.5169,1.3571,1.6942
70,2018-11-10,45,12-17,561.4286,1.3583,1.2058,1.5584
70,2018-11-10,45,18-44,541.0000,0.5664,0.5175,0.6172
70,2018-11-10,45,45-64,212.0000,0.4973,0.4534,0.5440
70,2018-11-10,45,65+,65.0000,0.4307,0.3911,0.4742
71,2018-11-11,46,0-5,365.7143,1.1468,1.0158,1.2945
71,2018-11-11,46,6-11,1241.2857,1.5376,1.3788,1.7145
71,2018-11-11,46,12-17,577.7143,1.3752,1.2212,1.5411
71,2018-11-11,46,18-44,576.0000,0.5779,0.5288,0.6302
71,2018-11-11,46,45-64,229.8571,0.5074,0.4630,0.5545
71,2018-11-11,46,65+,66.1429,0.4384,0.3987,0.4817
72,2018-11-12,46,0-5,382.0000,1.1582,1.0223,1.3018
72,2018-11-12,46,6-11,1274.0000,1.5583,1.4050,1.7354
72,2018-11-12,46,12-17,609.7143,1.3816,1.2174,1.5699
72,2018-11-12,46,18-44,622.1429,0.5865,0.5368,0.6388
72,2018-11-12,46,45-64,248.1429,0.5141,0.4699,0.5615
72,2018-11-12,46,65+,66.7143,0.4460,0.4059,0.4898
73,2018-11-13,46,0-5,404.2857,1.1575,1.0295,1.3064
73,2018-11-13,46,6-11,1328.8571,1.5687,1.4061,1.7463
73,2018-11-13,46,12-17,656.7143,1.3715,1.2104,1.5451
73,2018-11-13,46,18-44,683.8571,0.5890,0.5412,0.6404
73,2018-11-13,46,45-64,268.0000,0.5163,0.4731,0.5633
73,2018-11-13,46,65+,73.0000,0.4521,0.4118,0.4963
74,2018-11-14,46,0-5,427.1429,1.1722,1.0424,1.3240
74,2018-11-14,46,6-11,1374.0000,1.5920,1.4325,1.7638
74,2018-11-14,46,12-17,689.1429,1.4028,1.2540,1.5771
74,2018-11-14,46,18-44,734.0000,0.6042,0.5566,0.6593
74,2018-11-14,46,45-64,286.5714,0.5325,0.4883,0.5813
74,2018-11-14,46,65+,74.8571,0.4709,0.4287,0.5173
75,2018-11-15,46,0-5,438.4286,1.2200,1.0896,1.3604
75,2018-11-15,46,6-11,1408.0000,1.6539,1.4850,1.8275
75,2018-11-15,46,12-17,699.7143,1.5026,1.3454,1.6744
75,2018-11-15,46,18-44,764.2857,0.6434,0.5947,0.7012
75,2018-11-15,46,45-64,293.4286,0.5704,0.5240,0.6227
75,2018-11-15,46,65+,76.4286,0.5063,0.4618,0.5552
76,2018-11-16,46,0-5,459.0000,1.2714,1.1363,1.4249
76,2018-11-16,46,6-11,1489.2857,1.6867,1.5225,1.8662
76,2018-11-16,46,12-17,771.7143,1.5918,1.4147,1.7848
76,2018-11-16,46,18-44,857.2857,0.6844,0.6271,0.7430
76,2018-11-16,46,45-64,325.7143,0.6094,0.5582,0.6622
76,2018-11-16,46,65+,87.8571,0.5411,0.4941,0.5917
77,2018-11-17,46,0-5,486.2857,1.2919,1.1573,1.4482
77,2018-11-17,46,6-11,1552.8571,1.6943,1.5278,1.8676
77,2018-11-17,46,12-17,831.0000,1.6755,1.4913,1.8715
77,2018-11-17,46,18-44,954.8571,0.7065,0.6492,0.7696
77,2018-11-17,46,45-64,355.2857,0.6342,0.5813,0.6904
77,2018-11-17,46,65+,100.5714,0.5613,0.5119,0.6139
78,2018-11-18,47,0-5,521.7143,1.2825,1.1520,1.4316
78,2018-11-18,47,6-11,1599.8571,1.6836,1.5248,1.8617
78,2018-11-18,47,12-17,916.5714,1.6904,1.5015,1.8873
78,2018-11-18,47,18-44,1062.8571,0.7056,0.6508,0.7642
78,2018-11-18,47,45-64,394.1429,0.6344,0.5840,0.6886
78,2018-11-18,47,65+,114.5714,0.5588,0.5110,0.6108
79,2018-11-19,47,0-5,549.8571,1.2572,1.1266,1.4075
79,2018-11-19,47,6-11,1667.5714,1.6823,1.5225,1.8550
79,2018-11-19,47,12-17,1021.8571,1.6808,1.5073,1.8859
79,2018-11-19,47,18-44,1184.1429,0.6939,0.6367,0.7572
79,2018-11-19,47,45-64,436.1429,0.6249,0.5731,0.6813
79,2018-11-19,47,65+,132.8571,0.5472,0.5005,0.5982
80,2018-11-20,47,0-5,585.0000,1.2522,1.1251,1.3962
80,2018-11-20,47,6-11,1746.2857,1.7185,1.5500,1.8908
80,2018-11-20,47,12-17,1166.4286,1.7063,1.5274,1.8906
80,2018-11-20,47,18-44,1302.5714,0.6947,0.6391,0.7561
80,2018-11-20,47,45-64,482.5714,0.6258,0.5750,0.6804
80,2018-11-20,47,65+,139.7143,0.5435,0.4979,0.5923
81,2018-11-21,47,0-5,614.7143,1.3177,1.1833,1.4592
81,2018-11-21,47,6-11,1844.5714,1.8694,1.6907,2.0633
81,2018-11-21,47,12-17,1283.0000,1.8644,1.6912,2.0708
81,2018-11-21,47,18-44,1410.7143,0.7536,0.6943,0.8182
81,2018-11-21,47,45-64,528.0000,0.6786,0.6250,0.7365
81,2018-11-21,47,65+,145.4286,0.5766,0.5298,0.6271
82,2018-11-22,47,0-5,635.0000,1.4480,1.3072,1.5980
82,2018-11-22,47,6-11,1939.2857,2.1012,1.9141,2.2856
82,2018-11-22,47,12-17,1391.8571,2.1534,1.9445,2.3645
82,2018-11-22,47,18-44,1489.1429,0.8662,0.7974,0.9308
82,2018-11-22,47,45-64,558.2857,0.7773,0.7181,0.8355
82,2018-11-22,47,65+,149.5714,0.6405,0.5909,0.6912
83,2018-11-23,47,0-5,706.4286,1.4555,1.3172,1.6057
83,2018-11-23,47,6-11,2243.1429,2.0507,1.8708,2.2399
83,2018-11-23,47,12-17,1783.5714,2.0515,1.8817,2.2630
83,2018-11-23,47,18-44,1828.2857,0.8696,0.8023,0.9387
83,2018-11-23,47,45-64,694.4286,0.7773,0.7186,0.8393
83,2018-11-23,47,65+,172.8571,0.6387,0.5897,0.6911
84,2018-11-24,47,0-5,753.8571,1.3663,1.2341,1.5102
84,2018-11-24,47,6-11,2453.8571,1.8745,1.7004,2.0464
84,2018-11-24,47,12-17,2055.4286,1.8333,1.6657,2.0245
84,2018-11-24,47,18-44,2108.1429,0.7978,0.7357,0.8599
84,2018-11-24,47,45-64,797.5714,0.7108,0.6561,0.7652
84,2018-11-24,47,65+,184.7143,0.5910,0.5453,0.6376
85,2018-11-25,48,0-5,811.5714,1.2957,1.1743,1.4346
85,2018-11-25,48,6-11,2630.4286,1.8124,1.6503,1.9791
85,2018-11-25,48,12-17,2269.2857,1.7386,1.5799,1.9187
85,2018-11-25,48,18-44,2384.0000,0.7473,0.6910,0.8066
85,2018-11-25,48,45-64,894.8571,0.6635,0.6143,0.7157
85,2018-11-25,48,65+,202.1429,0.5554,0.5136,0.6001
86,2018-11-26,48,0-5,867.8571,1.2677,1.1423,1.4098
86,2018-11-26,48,6-11,2845.4286,1.8018,1.6439,1.9684
86,2018-11-26,48,12-17,2539.8571,1.7183,1.5610,1.8971
86,2018-11-26,48,18-44,2655.2857,0.7282,0.6737,0.7878
86,2018-11-26,48,45-64,993.0000,0.6456,0.5973,0.6969
86,2018-11-26,48,65+,208.8571,0.5426,0.5015,0.5862
87,2018-11-27,48,0-5,940.5714,1.2783,1.1556,1.4119
87,2018-11-27,48,6-11,3108.2857,1.8120,1.6549,1.9793
87,2018-11-27,48,12-17,2807.1429,1.7159,1.5524,1.8934
87,2018-11-27,48,18-44,2913.5714,0.7330,0.6821,0.7911
87,2018-11-27,48,45-64,1096.5714,0.6503,0.6042,0.7014
87,2018-11-27,48,65+,234.1429,0.5479,0.5073,0.5924
88,2018-11-28,48,0-5,1010.5714,1.3255,1.2001,1.4540
88,2018-11-28,48,6-11,3392.7143,1.8691,1.7145,2.0534
88,2018-11-28,48,12-17,3123.7143,1.7685,1.6143,1.9453
88,2018-11-28,48,18-44,3203.5714,0.7680,0.7110,0.8257
88,2018-11-28,48,45-64,1220.7143,0.6838,0.6311,0.7371
88,2018-11-28,48,65+,266.4286,0.5728,0.5282,0.6184
89,2018-11-29,48,0-5,1077.7143,1.4355,1.3085,1.5787
89,2018-11-29,48,6-11,3609.4286,2.0431,1.8746,2.2320
89,2018-11-29,48,12-17,3303.7143,1.9602,1.7978,2.1493
89,2018-11-29,48,18-44,3395.2857,0.8635,0.7997,0.9265
89,2018-11-29,48,45-64,1281.7143,0.7711,0.7156,0.8249
89,2018-11-29,48,65+,273.4286,0.6344,0.5892,0.6800
90,2018-11-30,48,0-5,1201.2857,1.4123,1.2881,1.5529
90,2018-11-30,48,6-11,4120.7143,1.9344,1.7830,2.0989
90,2018-11-30,48,12-17,3896.0000,1.8663,1.6956,2.0540
90,2018-11-30,48,18-44,4026.1429,0.8489,0.7849,0.9244
90,2018-11-30,48,45-64,1548.7143,0.7635,0.7045,0.8273
90,2018-11-30,48,65+,313.0000,0.6315,0.5831,0.6834
91,2018-12-01,48,0-5,1311.0000,1.3030,1.1857,1.4275
91,2018-12-01,48,6-11,4439.5714,1.7762,1.6267,1.9290
91,2018-12-01,48,12-17,4250.5714,1.7140,1.5723,1.8753
91,2018-12-01,48,18-44,4514.7143,0.7759,0.7223,0.8286
91,2018-12-01,48,45-64,1751.8571,0.6994,0.6516,0.7485
91,2018-12-01,48,65+,350.2857,0.5838,0.5434,0.6262
92,2018-12-02,49,0-5,1408.8571,1.2434,1.1385,1.3537
92,2018-12-02,49,6-11,4707.8571,1.7281,1.5864,1.8708
92,2018-12-02,49,12-17,4560.0000,1.6773,1.5297,1.8348
92,2018-12-02,49,18-44,4985.7143,0.7405,0.6894,0.7871
92,2018-12-02,49,45-64,1966.4286,0.6655,0.6209,0.7082
92,2018-12-02,49,65+,383.1429,0.5523,0.5147,0.5901
93,2018-12-03,49,0-5,1515.4286,1.1985,1.0930,1.3112
93,2018-12-03,49,6-11,5019.0000,1.6777,1.5438,1.8242
93,2018-12-03,49,12-17,4971.8571,1.5988,1.4570,1.7454
93,2018-12-03,49,18-44,5418.4286,0.7050,0.6567,0.7549
93,2018-12-03,49,45-64,2167.8571,0.6298,0.5831,0.6787
93,2018-12-03,49,65+,421.4286,0.5222,0.4829,0.5635
94,2018-12-04,49,0-5,1603.2857,1.1675,1.0595,1.2861
94,2018-12-04,49,6-11,5334.7143,1.6028,1.4785,1.7483
94,2018-12-04,49,12-17,5329.0000,1.4978,1.3608,1.6388
94,2018-12-04,49,18-44,5794.2857,0.6749,0.6244,0.7308
94,2018-12-04,49,45-64,2337.2857,0.6019,0.5576,0.6506
94,2018-12-04,49,65+,443.7143,0.5033,0.4667,0.5426
95,2018-12-05,49,0-5,1712.8571,1.1954,1.0887,1.3081
95,2018-12-05,49,6-11,5616.4286,1.6100,1.4772,1.7402
95,2018-12-05,49,12-17,5573.5714,1.4791,1.3576,1.6306
95,2018-12-05,49,18-44,6109.7143,0.6828,0.6338,0.7302
95,2018-12-05,49,45-64,2478.5714,0.6076,0.5655,0.6549
95,2018-12-05,49,65+,468.0000,0.5122,0.4765,0.5516
96,2018-12-06,49,0-5,1780.2857,1.2909,1.1764,1.4090
96,2018-12-06,49,6-11,5761.8571,1.7708,1.6329,1.9325
96,2018-12-06,49,12-17,5689.8571,1.6045,1.4693,1.7629
96,2018-12-06,49,18-44,6264.4286,0.7525,0.7036,0.8095
96,2018-12-06,49,45-64,2543.8571,0.6774,0.6208,0.7266
96,2018-12-06,49,65+,482.2857,0.5701,0.5249,0.6122
97,2018-12-07,49,0-5,1967.4286,1.3076,1.2048,1.4274
97,2018-12-07,49,6-11,6254.1429,1.7686,1.6337,1.9257
97,2018-12-07,49,12-17,6069.7143,1.6185,1.4940,1.7477
97,2018-12-07,49,18-44,6844.8571,0.7764,0.7447,0.8271
97,2018-12-07,49,45-64,2848.0000,0.7051,0.6707,0.7482
97,2018-12-07,49,65+,551.1429,0.5977,0.5636,0.6368
98,2018-12-08,49,0-5,2103.5714,1.3054,1.2058,1.4162
98,2018-12-08,49,6-11,6624.1429,1.7384,1.5896,1.8821
98,2018-12-08,49,12-17,6312.0000,1.6438,1.5193,1.7612
98,2018-12-08,49,18-44,7341.8571,0.7892,0.7515,0.8245
98,2018-12-08,49,45-64,3080.8571,0.7315,0.6801,0.7638
98,2018-12-08,49,65+,591.0000,0.6197,0.5765,0.6569
99,2018-12-09,50,0-5,2231.0000,1.3654,1.2624,1.4753
99,2018-12-09,50,6-11,6948.4286,1.8583,1.7334,1.9842
99,2018-12-09,50,12-17,6597.7143,1.7355,1.6114,1.8699
99,2018-12-09,50,18-44,7976.8571,0.8300,0.8023,0.8740
99,2018-12-09,50,45-64,3428.2857,0.7638,0.7330,0.8056
99,2018-12-09,50,65+,651.7143,0.6480,0.6153,0.6880
100,2018-12-10,50,0-5,2411.1429,1.4113,1.2975,1.5151
100,2018-12-10,50,6-11,7445.7143,1.9257,1.7779,2.0472
100,2018-12-10,50,12-17,7008.7143,1.7658,1.6487,1.9177
100,2018-12-10,50,18-44,8748.7143,0.8552,0.8021,0.8896
100,2018-12-10,50,45-64,3829.0000,0.7724,0.7286,0.8186
100,2018-12-10,50,65+,722.7143,0.6543,0.6154,0.6960
101,2018-12-11,50,0-5,2663.1429,1.3098,1.2141,1.4227
101,2018-12-11,50,6-11,8084.7143,1.7482,1.6455,1.8728
101,2018-12-11,50,12-17,7576.4286,1.6040,1.4703,1.7331
101,2018-12-11,50,18-44,9670.4286,0.7588,0.7329,0.8034
101,2018-12-11,50,45-64,4304.1429,0.6965,0.6647,0.7368
101,2018-12-11,50,65+,832.1429,0.6011,0.5682,0.6385
102,2018-12-12,50,0-5,2903.4286,1.3450,1.2433,1.4672
102,2018-12-12,50,6-11,8677.7143,1.7692,1.6460,1.9040
102,2018-12-12,50,12-17,8028.0000,1.6229,1.4845,1.7337
102,2018-12-12,50,18-44,10431.1429,0.7785,0.7436,0.8195
102,2018-12-12,50,45-64,4745.2857,0.7167,0.6790,0.7543
102,2018-12-12,50,65+,907.0000,0.6200,0.5833,0.6569
103,2018-12-13,50,0-5,3115.0000,1.5910,1.4641,1.7043
103,2018-12-13,50,6-11,9169.0000,2.1684,2.0086,2.2870
103,2018-12-13,50,12-17,8299.4286,1.9315,1.8043,2.0716
103,2018-12-13,50,18-44,10916.1429,0.9863,0.9281,1.0139
103,2018-12-13,50,45-64,4953.2857,0.9041,0.8525,0.9342
103,2018-12-13,50,65+,947.1429,0.7642,0.7202,0.8011
104,2018-12-14,50,0-5,3581.4286,1.4722,1.3603,1.6043
104,2018-12-14,50,6-11,10385.8571,1.9144,1.7902,2.0699
104,2018-12-14,50,12-17,9231.2857,1.7916,1.6728,1.9309
104,2018-12-14,50,18-44,12586.5714,0.8917,0.8511,0.9472
104,2018-12-14,50,45-64,5890.4286,0.8326,0.7936,0.8851
104,2018-12-14,50,65+,1150.1429,0.7227,0.6833,0.7692
105,2018-12-15,50,0-5,3918.0000,1.3794,1.2799,1.4889
105,2018-12-15,50,6-11,11112.5714,1.7901,1.6513,1.8891
105,2018-12-15,50,12-17,9814.5714,1.6676,1.5345,1.7834
105,2018-12-15,50,18-44,13929.4286,0.8390,0.8047,0.8808
105,2018-12-15,50,45-64,6545.5714,0.7885,0.7429,0.8271
105,2018-12-15,50,65+,1286.8571,0.6918,0.6506,0.7307
106,2018-12-16,51,0-5,4254.8571,1.3455,1.2407,1.4486
106,2018-12-16,51,6-11,11723.5714,1.7426,1.6194,1.8791
106,2018-12-16,51,12-17,10349.2857,1.6142,1.4991,1.7367
106,2018-12-16,51,18-44,15320.1429,0.8317,0.7779,0.8656
106,2018-12-16,51,45-64,7298.4286,0.7712,0.7273,0.8129
106,2018-12-16,51,65+,1451.1429,0.6761,0.6372,0.7170
107,2018-12-17,51,0-5,4591.5714,1.3168,1.2207,1.4246
107,2018-12-17,51,6-11,12394.5714,1.7176,1.6238,1.8551
107,2018-12-17,51,12-17,10853.1429,1.5883,1.4615,1.6952
107,2018-12-17,51,18-44,16527.7143,0.7929,0.7624,0.8434
107,2018-12-17,51,45-64,7988.8571,0.7427,0.7127,0.7904
107,2018-12-17,51,65+,1633.0000,0.6597,0.6248,0.7017
108,2018-12-18,51,0-5,4932.8571,1.3231,1.2263,1.4282
108,2018-12-18,51,6-11,13044.5714,1.7310,1.6115,1.8281
108,2018-12-18,51,12-17,11291.0000,1.5667,1.4492,1.6812
108,2018-12-18,51,18-44,17627.7143,0.7979,0.7617,0.8541
108,2018-12-18,51,45-64,8654.0000,0.7470,0.7035,0.7998
108,2018-12-18,51,65+,1820.4286,0.6564,0.6156,0.7017
109,2018-12-19,51,0-5,5266.1429,1.2284,1.1418,1.3346
109,2018-12-19,51,6-11,13663.5714,1.5877,1.4795,1.6888
109,2018-12-19,51,12-17,11598.2857,1.3997,1.3055,1.5073
109,2018-12-19,51,18-44,18591.5714,0.7308,0.6912,0.7744
109,2018-12-19,51,45-64,9257.0000,0.6881,0.6408,0.7300
109,2018-12-19,51,65+,1991.0000,0.6131,0.5710,0.6532
110,2018-12-20,51,0-5,5490.2857,1.1093,1.0139,1.2039
110,2018-12-20,51,6-11,13955.0000,1.3466,1.2310,1.4688
110,2018-12-20,51,12-17,11650.8571,1.1742,1.0844,1.2510
110,2018-12-20,51,18-44,18902.1429,0.6491,0.5987,0.6789
110,2018-12-20,51,45-64,9472.4286,0.6084,0.5680,0.6455
110,2018-12-20,51,65+,2042.5714,0.5563,0.5204,0.5935
111,2018-12-21,51,0-5,5851.1429,0.9668,0.8983,1.0436
111,2018-12-21,51,6-11,14160.7143,1.1842,1.0972,1.2774
111,2018-12-21,51,12-17,11344.8571,1.0162,0.9378,1.1098
111,2018-12-21,51,18-44,19401.0000,0.5432,0.5245,0.5711
111,2018-12-21,51,45-64,10080.5714,0.5089,0.4908,0.5507
111,2018-12-21,51,65+,2300.4286,0.4838,0.4542,0.5213
112,2018-12-22,51,0-5,5635.8571,1.0890,1.0137,1.1648
112,2018-12-22,51,6-11,13200.2857,1.3812,1.2892,1.4538
112,2018-12-22,51,12-17,10233.7143,1.1533,1.0762,1.2356
112,2018-12-22,51,18-44,17829.8571,0.6472,0.6208,0.6628
112,2018-12-22,51,45-64,9361.8571,0.6217,0.5790,0.6383
112,2018-12-22,51,65+,2165.8571,0.5669,0.5305,0.5974
113,2018-12-23,52,0-5,5840.2857,1.0986,1.0191,1.1802
113,2018-12-23,52,6-11,13335.8571,1.2921,1.1994,1.3924
113,2018-12-23,52,12-17,9907.5714,1.0753,0.9980,1.1513
113,2018-12-23,52,18-44,18225.2857,0.6447,0.6200,0.6704
113,2018-12-23,52,45-64,9817.4286,0.6032,0.5775,0.6390
113,2018-12-23,52,65+,2367.0000,0.5551,0.5230,0.5926
114,2018-12-24,52,0-5,5829.1429,0.9645,0.8904,1.0474
114,2018-12-24,52,6-11,12741.1429,1.1204,1.0493,1.2072
114,2018-12-24,52,12-17,9035.7143,0.9430,0.8808,1.0096
114,2018-12-24,52,18-44,17592.2857,0.5552,0.5363,0.5849
114,2018-12-24,52,45-64,9500.5714,0.5309,0.5052,0.5583
114,2018-12-24,52,65+,2339.0000,0.5001,0.4694,0.5321
115,2018-12-25,52,0-5,5680.4286,0.9540,0.8817,1.0332
115,2018-12-25,52,6-11,11813.1429,1.1218,1.0434,1.1862
115,2018-12-25,52,12-17,7968.4286,0.9705,0.8986,1.0393
115,2018-12-25,52,18-44,16907.2857,0.5753,0.5364,0.6017
115,2018-12-25,52,45-64,9199.8571,0.5470,0.5105,0.5837
115,2018-12-25,52,65+,2304.7143,0.5122,0.4778,0.5506
116,2018-12-26,52,0-5,5460.1429,0.9401,0.8706,1.0102
116,2018-12-26,52,6-11,10837.5714,1.0988,1.0325,1.1794
116,2018-12-26,52,12-17,7111.8571,0.9821,0.9190,1.0425
116,2018-12-26,52,18-44,16167.1429,0.5898,0.5616,0.6092
116,2018-12-26,52,45-64,8886.2857,0.5727,0.5363,0.5995
116,2018-12-26,52,65+,2268.8571,0.5365,0.5007,0.5701
117,2018-12-27,52,0-5,5264.5714,0.8714,0.8011,0.9593
117,2018-12-27,52,6-11,10212.0000,0.9895,0.9303,1.0858
117,2018-12-27,52,12-17,6689.8571,0.8938,0.8305,0.9763
117,2018-12-27,52,18-44,15825.4286,0.5290,0.5103,0.5897
117,2018-12-27,52,45-64,8749.4286,0.5241,0.4997,0.5754
117,2018-12-27,52,65+,2261.1429,0.5083,0.4737,0.5521
118,2018-12-28,52,0-5,4774.8571,0.9606,0.8803,1.0336
118,2018-12-28,52,6-11,8609.8571,1.1260,1.0412,1.2504
118,2018-12-28,52,12-17,5421.7143,0.9782,0.9055,1.0411
118,2018-12-28,52,18-44,14527.2857,0.6040,0.5580,0.6238
118,2018-12-28,52,45-64,8147.5714,0.5886,0.5460,0.6137
118,2018-12-28,52,65+,2171.2857,0.5577,0.5180,0.5940
119,2018-12-29,52,0-5,4613.4286,0.9195,0.8516,0.9935
119,2018-12-29,52,6-11,8161.1429,1.0738,0.9982,1.1633
119,2018-12-29,52,12-17,5145.4286,0.9407,0.8689,1.0173
119,2018-12-29,52,18-44,14115.0000,0.5779,0.5508,0.6056
119,2018-12-29,52,45-64,8023.0000,0.5790,0.5380,0.6187
119,2018-12-29,52,65+,2179.4286,0.5634,0.5202,0.6063
120,2018-12-30,1,0-5,4312.1429,0.9221,0.8500,0.9920
120,2018-12-30,1,6-11,7285.8571,1.0534,0.9805,1.1269
120,2018-12-30,1,12-17,4489.2857,0.9169,0.8472,0.9881
120,2018-12-30,1,18-44,13120.8571,0.5965,0.5655,0.6241
120,2018-12-30,1,45-64,7631.2857,0.5982,0.5575,0.6389
120,2018-12-30,1,65+,2106.0000,0.5830,0.5363,0.6300
121,2018-12-31,1,0-5,3992.4286,0.8860,0.8230,0.9560
121,2018-12-31,1,6-11,6470.1429,0.9938,0.9311,1.0608
121,2018-12-31,1,12-17,3877.5714,0.8826,0.8255,0.9459
121,2018-12-31,1,18-44,12337.2857,0.5724,0.5537,0.5941
121,2018-12-31,1,45-64,7429.2857,0.5862,0.5590,0.6142
121,2018-12-31,1,65+,2097.4286,0.5809,0.5440,0.6201
122,2019-01-01,1,0-5,3672.4286,0.9384,0.8753,1.0132
122,2019-01-01,1,6-11,5682.1429,1.0192,0.9567,1.0880
122,2019-01-01,1,12-17,3324.8571,0.8952,0.8399,0.9622
122,2019-01-01,1,18-44,11561.5714,0.6051,0.5874,0.6315
122,2019-01-01,1,45-64,7148.2857,0.6036,0.5805,0.6411
122,2019-01-01,1,65+,2064.8571,0.5940,0.5562,0.6359
123,2019-01-02,1,0-5,3397.2857,0.9470,0.8760,1.0169
123,2019-01-02,1,6-11,4979.1429,0.9921,0.9297,1.0581
123,2019-01-02,1,12-17,2856.2857,0.8988,0.8336,0.9652
123,2019-01-02,1,18-44,10847.0000,0.6220,0.5888,0.6453
123,2019-01-02,1,45-64,6803.0000,0.6312,0.5878,0.6621
123,2019-01-02,1,65+,2001.0000,0.6123,0.5665,0.6553
124,2019-01-03,1,0-5,3222.4286,0.8823,0.8164,0.9633
124,2019-01-03,1,6-11,4481.7143,0.9154,0.8596,0.9846
124,2019-01-03,1,12-17,2605.8571,0.8312,0.7659,0.8969
124,2019-01-03,1,18-44,10438.5714,0.5671,0.5368,0.6083
124,2019-01-03,1,45-64,6631.7143,0.5856,0.5378,0.6240
124,2019-01-03,1,65+,1970.7143,0.5811,0.5342,0.6260
125,2019-01-04,1,0-5,2830.8571,0.9385,0.8686,1.0222
125,2019-01-04,1,6-11,3478.0000,0.9982,0.9336,1.0578
125,2019-01-04,1,12-17,1956.8571,0.8619,0.8044,0.9196
125,2019-01-04,1,18-44,9181.1429,0.6092,0.5811,0.6315
125,2019-01-04,1,45-64,5911.7143,0.6059,0.5761,0.6369
125,2019-01-04,1,65+,1801.0000,0.5905,0.5513,0.6319
126,2019-01-05,1,0-5,2785.8571,0.8247,0.7552,0.8996
126,2019-01-05,1,6-11,3328.1429,0.8901,0.8224,0.9616
126,2019-01-05,1,12-17,1901.7143,0.7409,0.6868,0.7988
126,2019-01-05,1,18-44,9240.8571,0.4906,0.4737,0.5146
126,2019-01-05,1,45-64,6048.5714,0.4922,0.4706,0.5209
126,2019-01-05,1,65+,1873.5714,0.4980,0.4620,0.5374
127,2019-01-06,2,0-5,2447.5714,0.8343,0.7581,0.9137
127,2019-01-06,2,6-11,2744.2857,0.9060,0.8291,0.9884
127,2019-01-06,2,12-17,1511.5714,0.7062,0.6492,0.7684
127,2019-01-06,2,18-44,7635.8571,0.4602,0.4332,0.4835
127,2019-01-06,2,45-64,5017.8571,0.4531,0.4239,0.4869
127,2019-01-06,2,65+,1617.0000,0.4733,0.4360,0.5148
128,2019-01-07,2,0-5,2304.4286,0.9540,0.8680,1.0491
128,2019-01-07,2,6-11,2476.5714,1.0383,0.9516,1.1356
128,2019-01-07,2,12-17,1302.2857,0.7814,0.7174,0.8545
128,2019-01-07,2,18-44,6830.8571,0.5249,0.4899,0.5641
128,2019-01-07,2,45-64,4549.5714,0.5172,0.4787,0.5573
128,2019-01-07,2,65+,1512.4286,0.5324,0.4889,0.5782
129,2019-01-08,2,0-5,2222.5714,1.0838,0.9772,1.1940
129,2019-01-08,2,6-11,2300.0000,1.1629,1.0649,1.2665
129,2019-01-08,2,12-17,1121.2857,0.8702,0.7984,0.9473
129,2019-01-08,2,18-44,6005.8571,0.6129,0.5665,0.6588
129,2019-01-08,2,45-64,4081.8571,0.6036,0.5547,0.6535
129,2019-01-08,2,65+,1393.2857,0.6079,0.5571,0.6600
130,2019-01-09,2,0-5,2160.0000,1.0987,0.9922,1.2090
130,2019-01-09,2,6-11,2158.1429,1.1567,1.0535,1.2611
130,2019-01-09,2,12-17,987.4286,0.8548,0.7839,0.9347
130,2019-01-09,2,18-44,5405.8571,0.6137,0.5671,0.6641
130,2019-01-09,2,45-64,3702.8571,0.6035,0.5554,0.6568
130,2019-01-09,2,65+,1300.7143,0.6081,0.5580,0.6629
131,2019-01-10,2,0-5,2105.8571,1.0157,0.9126,1.1232
131,2019-01-10,2,6-11,2057.5714,1.0445,0.9508,1.1507
131,2019-01-10,2,12-17,911.2857,0.7444,0.6790,0.8161
131,2019-01-10,2,18-44,5102.1429,0.5321,0.4880,0.5767
131,2019-01-10,2,45-64,3552.0000,0.5193,0.4753,0.5669
131,2019-01-10,2,65+,1267.1429,0.5382,0.4912,0.5876
132,2019-01-11,2,0-5,2041.5714,0.9673,0.8725,1.0748
132,2019-01-11,2,6-11,1869.4286,1.0055,0.9156,1.1047
132,2019-01-11,2,12-17,725.1429,0.6987,0.6377,0.7647
132,2019-01-11,2,18-44,4367.2857,0.4998,0.4597,0.5391
132,2019-01-11,2,45-64,3031.2857,0.4869,0.4456,0.5298
132,2019-01-11,2,65+,1104.1429,0.5082,0.4639,0.5544
133,2019-01-12,2,0-5,1970.7143,0.9378,0.8465,1.0390
133,2019-01-12,2,6-11,1746.4286,0.9931,0.8963,1.0968
133,2019-01-12,2,12-17,621.7143,0.6856,0.6247,0.7532
133,2019-01-12,2,18-44,3898.4286,0.4897,0.4505,0.5322
133,2019-01-12,2,45-64,2746.0000,0.4782,0.4373,0.5228
133,2019-01-12,2,65+,1022.0000,0.4990,0.4538,0.5473
134,2019-01-13,3,0-5,1878.2857,0.9166,0.8227,1.0206
134,2019-01-13,3,6-11,1638.2857,0.9799,0.8865,1.0814
134,2019-01-13,3,12-17,543.2857,0.6868,0.6240,0.7539
134,2019-01-13,3,18-44,3453.7143,0.4906,0.4505,0.5336
134,2019-01-13,3,45-64,2441.0000,0.4817,0.4396,0.5272
134,2019-01-13,3,65+,939.8571,0.5000,0.4545,0.5500
135,2019-01-14,3,0-5,1766.7143,0.9098,0.8170,1.0177
135,2019-01-14,3,6-11,1514.8571,0.9755,0.8834,1.0755
135,2019-01-14,3,12-17,464.5714,0.6990,0.6353,0.7695
135,2019-01-14,3,18-44,3059.1429,0.5008,0.4595,0.5469
135,2019-01-14,3,45-64,2160.4286,0.4943,0.4510,0.5431
135,2019-01-14,3,65+,842.2857,0.5114,0.4640,0.5628
136,2019-01-15,3,0-5,1629.4286,0.9142,0.8129,1.0183
136,2019-01-15,3,6-11,1367.4286,0.9893,0.8935,1.0956
136,2019-01-15,3,12-17,391.8571,0.7131,0.6471,0.7840
136,2019-01-15,3,18-44,2708.7143,0.5135,0.4703,0.5593
136,2019-01-15,3,45-64,1901.0000,0.5085,0.4628,0.5580
136,2019-01-15,3,65+,743.5714,0.5260,0.4769,0.5795
137,2019-01-16,3,0-5,1495.4286,0.9013,0.8054,1.0023
137,2019-01-16,3,6-11,1238.0000,0.9803,0.8863,1.0840
137,2019-01-16,3,12-17,336.7143,0.7038,0.6375,0.7755
137,2019-01-16,3,18-44,2433.8571,0.5032,0.4597,0.5485
137,2019-01-16,3,45-64,1684.4286,0.4968,0.4512,0.5469
137,2019-01-16,3,65+,677.0000,0.5175,0.4679,0.5723
138,2019-01-17,3,0-5,1399.2857,0.8836,0.7893,0.9900
138,2019-01-17,3,6-11,1160.5714,0.9614,0.8702,1.0628
138,2019-01-17,3,12-17,310.8571,0.6839,0.6188,0.7552
138,2019-01-17,3,18-44,2305.7143,0.4795,0.4387,0.5232
138,2019-01-17,3,45-64,1604.4286,0.4719,0.4268,0.5181
138,2019-01-17,3,65+,650.1429,0.4985,0.4490,0.5501
139,2019-01-18,3,0-5,1239.5714,0.9120,0.8155,1.0216
139,2019-01-18,3,6-11,1016.5714,0.9933,0.8962,1.1032
139,2019-01-18,3,12-17,252.2857,0.7034,0.6368,0.7765
139,2019-01-18,3,18-44,1964.8571,0.4874,0.4478,0.5325
139,2019-01-18,3,45-64,1321.8571,0.4783,0.4353,0.5260
139,2019-01-18,3,65+,551.5714,0.5085,0.4593,0.5628
140,2019-01-19,3,0-5,1150.5714,0.9704,0.8649,1.0839
140,2019-01-19,3,6-11,939.5714,1.0585,0.9539,1.1743
140,2019-01-19,3,12-17,224.7143,0.7577,0.6833,0.8380
140,2019-01-19,3,18-44,1755.4286,0.5222,0.4772,0.5719
140,2019-01-19,3,45-64,1172.5714,0.5114,0.4642,0.5633
140,2019-01-19,3,65+,497.8571,0.5420,0.4891,0.6008
141,2019-01-20,4,0-5,1074.0000,1.0162,0.9010,1.1423
141,2019-01-20,4,6-11,878.1429,1.1140,1.0042,1.2388
141,2019-01-20,4,12-17,200.4286,0.8103,0.7305,0.8971
141,2019-01-20,4,18-44,1610.0000,0.5544,0.5061,0.6068
141,2019-01-20,4,45-64,1067.8571,0.5434,0.4928,0.5959
141,2019-01-20,4,65+,463.8571,0.5761,0.5161,0.6386
142,2019-01-21,4,0-5,1003.1429,1.0399,0.9255,1.1580
142,2019-01-21,4,6-11,824.1429,1.1469,1.0332,1.2756
142,2019-01-21,4,12-17,187.1429,0.8544,0.7706,0.9476
142,2019-01-21,4,18-44,1476.4286,0.5770,0.5280,0.6317
142,2019-01-21,4,45-64,966.2857,0.5671,0.5156,0.6230
142,2019-01-21,4,65+,428.5714,0.6004,0.5403,0.6653
143,2019-01-22,4,0-5,941.0000,1.0478,0.9379,1.1705
143,2019-01-22,4,6-11,769.0000,1.1679,1.0480,1.2992
143,2019-01-22,4,12-17,177.4286,0.8836,0.7950,0.9792
143,2019-01-22,4,18-44,1372.1429,0.5924,0.5405,0.6459
143,2019-01-22,4,45-64,865.5714,0.5846,0.5301,0.6442
143,2019-01-22,4,65+,397.7143,0.6182,0.5577,0.6854
144,2019-01-23,4,0-5,879.4286,1.0448,0.9314,1.1703
144,2019-01-23,4,6-11,720.1429,1.1823,1.0656,1.3106
144,2019-01-23,4,12-17,167.7143,0.8975,0.8066,0.9972
144,2019-01-23,4,18-44,1276.4286,0.5958,0.5431,0.6526
144,2019-01-23,4,45-64,796.7143,0.5889,0.5341,0.6516
144,2019-01-23,4,65+,375.4286,0.6234,0.5613,0.6921
145,2019-01-24,4,0-5,840.7143,1.0416,0.9312,1.1651
145,2019-01-24,4,6-11,692.8571,1.1913,1.0679,1.3227
145,2019-01-24,4,12-17,164.0000,0.8976,0.8072,1.0017
145,2019-01-24,4,18-44,1241.0000,0.5901,0.5387,0.6489
145,2019-01-24,4,45-64,771.5714,0.5817,0.5271,0.6427
145,2019-01-24,4,65+,366.4286,0.6173,0.5538,0.6879
146,2019-01-25,4,0-5,760.5714,1.0793,0.9672,1.2102
146,2019-01-25,4,6-11,646.0000,1.2309,1.1084,1.3661
146,2019-01-25,4,12-17,153.2857,0.9209,0.8301,1.0238
146,2019-01-25,4,18-44,1137.0000,0.6062,0.5547,0.6651
146,2019-01-25,4,45-64,694.0000,0.5932,0.5393,0.6540
146,2019-01-25,4,65+,329.8571,0.6267,0.5643,0.6972
147,2019-01-26,4,0-5,720.1429,1.1634,1.0303,1.3032
147,2019-01-26,4,6-11,620.2857,1.3023,1.1707,1.4503
147,2019-01-26,4,12-17,144.2857,0.9644,0.8655,1.0702
147,2019-01-26,4,18-44,1092.8571,0.6416,0.5822,0.7035
147,2019-01-26,4,45-64,653.7143,0.6222,0.5621,0.6871
147,2019-01-26,4,65+,313.1429,0.6511,0.5847,0.7256
148,2019-01-27,5,0-5,700.5714,1.2352,1.1028,1.3858
148,2019-01-27,5,6-11,605.4286,1.3897,1.2496,1.5456
148,2019-01-27,5,12-17,142.5714,1.0141,0.9123,1.1244
148,2019-01-27,5,18-44,1048.4286,0.6801,0.6197,0.7486
148,2019-01-27,5,45-64,610.5714,0.6583,0.5959,0.7262
148,2019-01-27,5,65+,298.5714,0.6821,0.6134,0.7544
149,2019-01-28,5,0-5,673.7143,1.2887,1.1480,1.4378
149,2019-01-28,5,6-11,585.1429,1.4503,1.3009,1.6176
149,2019-01-28,5,12-17,136.1429,1.0407,0.9353,1.1602
149,2019-01-28,5,18-44,1017.2857,0.7023,0.6379,0.7708
149,2019-01-28,5,45-64,581.1429,0.6737,0.6102,0.7432
149,2019-01-28,5,65+,283.7143,0.6898,0.6219,0.7637
150,2019-01-29,5,0-5,671.1429,1.2527,1.1221,1.4084
150,2019-01-29,5,6-11,587.4286,1.4094,1.2663,1.5649
150,2019-01-29,5,12-17,133.7143,1.0091,0.9064,1.1206
150,2019-01-29,5,18-44,987.4286,0.6742,0.6146,0.7353
150,2019-01-29,5,45-64,563.8571,0.6426,0.5813,0.7063
150,2019-01-29,5,65+,268.8571,0.6540,0.5903,0.7244
151,2019-01-30,5,0-5,670.1429,1.1383,1.0083,1.2858
151,2019-01-30,5,6-11,598.4286,1.2679,1.1359,1.4189
151,2019-01-30,5,12-17,137.4286,0.9198,0.8256,1.0275
151,2019-01-30,5,18-44,978.0000,0.5979,0.5435,0.6560
151,2019-01-30,5,45-64,558.1429,0.5687,0.5144,0.6287
151,2019-01-30,5,65+,261.2857,0.5850,0.5256,0.6503
152,2019-01-31,5,0-5,667.1429,1.0294,0.9151,1.1582
152,2019-01-31,5,6-11,606.2857,1.1314,1.0111,1.2733
152,2019-01-31,5,12-17,142.0000,0.8367,0.7475,0.9382
152,2019-01-31,5,18-44,983.2857,0.5270,0.4787,0.5772
152,2019-01-31,5,45-64,561.2857,0.5013,0.4522,0.5535
152,2019-01-31,5,65+,260.4286,0.5215,0.4682,0.5813
153,2019-02-01,5,0-5,626.4286,0.9936,0.8816,1.1271
153,2019-02-01,5,6-11,557.5714,1.0792,0.9664,1.2056
153,2019-02-01,5,12-17,130.4286,0.8093,0.7208,0.9068
153,2019-02-01,5,18-44,869.5714,0.5066,0.4613,0.5546
153,2019-02-01,5,45-64,472.8571,0.4820,0.4352,0.5330
153,2019-02-01,5,65+,224.7143,0.5035,0.4511,0.5614
154,2019-02-02,5,0-5,577.5714,1.0121,0.8920,1.1418
154,2019-02-02,5,6-11,507.8571,1.1042,0.9874,1.2444
154,2019-02-02,5,12-17,118.5714,0.8405,0.7525,0.9458
154,2019-02-02,5,18-44,774.8571,0.5319,0.4829,0.5853
154,2019-02-02,5,45-64,424.0000,0.5074,0.4584,0.5600
154,2019-02-02,5,65+,199.5714,0.5291,0.4740,0.5890
155,2019-02-03,6,0-5,562.2857,1.0340,0.9156,1.1680
155,2019-02-03,6,6-11,491.4286,1.1329,1.0123,1.2652
155,2019-02-03,6,12-17,108.7143,0.8987,0.7973,1.0072
155,2019-02-03,6,18-44,722.0000,0.5709,0.5171,0.6284
155,2019-02-03,6,45-64,391.7143,0.5496,0.4953,0.6090
155,2019-02-03,6,65+,177.1429,0.5740,0.5134,0.6415
156,2019-02-04,6,0-5,548.2857,1.0351,0.9225,1.1638
156,2019-02-04,6,6-11,481.2857,1.1343,1.0145,1.2640
156,2019-02-04,6,12-17,114.2857,0.9441,0.8402,1.0590
156,2019-02-04,6,18-44,733.5714,0.5966,0.5399,0.6567
156,2019-02-04,6,45-64,391.5714,0.5811,0.5242,0.6426
156,2019-02-04,6,65+,185.2857,0.6122,0.5460,0.6842
157,2019-02-05,6,0-5,498.5714,1.0581,0.9374,1.1883
157,2019-02-05,6,6-11,441.1429,1.1573,1.0426,1.2953
157,2019-02-05,6,12-17,112.2857,0.9943,0.8866,1.1134
157,2019-02-05,6,18-44,703.2857,0.6250,0.5668,0.6912
157,2019-02-05,6,45-64,360.5714,0.6138,0.5542,0.6789
157,2019-02-05,6,65+,176.7143,0.6523,0.5815,0.7298
158,2019-02-06,6,0-5,452.7143,1.1220,0.9936,1.2623
158,2019-02-06,6,6-11,387.4286,1.2302,1.1101,1.3725
158,2019-02-06,6,12-17,107.2857,1.0645,0.9519,1.1913
158,2019-02-06,6,18-44,676.5714,0.6732,0.6103,0.7438
158,2019-02-06,6,45-64,335.5714,0.6628,0.5981,0.7332
158,2019-02-06,6,65+,166.5714,0.7042,0.6289,0.7880
159,2019-02-07,6,0-5,414.8571,1.2083,1.0769,1.3588
159,2019-02-07,6,6-11,348.8571,1.3259,1.1923,1.4796
159,2019-02-07,6,12-17,98.0000,1.1260,1.0051,1.2658
159,2019-02-07,6,18-44,646.2857,0.7215,0.6531,0.7960
159,2019-02-07,6,45-64,313.2857,0.7046,0.6360,0.7785
159,2019-02-07,6,65+,160.2857,0.7456,0.6673,0.8306
160,2019-02-08,6,0-5,398.7143,1.2467,1.1060,1.4059
160,2019-02-08,6,6-11,330.1429,1.3719,1.2281,1.5392
160,2019-02-08,6,12-17,104.4286,1.1325,1.0066,1.2731
160,2019-02-08,6,18-44,675.0000,0.7226,0.6521,0.7986
160,2019-02-08,6,45-64,321.7143,0.6996,0.6292,0.7749
160,2019-02-08,6,65+,170.1429,0.7414,0.6615,0.8311
161,2019-02-09,6,0-5,403.4286,1.2343,1.0920,1.3918
161,2019-02-09,6,6-11,339.1429,1.3533,1.2085,1.5107
161,2019-02-09,6,12-17,108.5714,1.0804,0.9596,1.2168
161,2019-02-09,6,18-44,691.7143,0.6793,0.6132,0.7487
161,2019-02-09,6,45-64,328.2857,0.6493,0.5846,0.7202
161,2019-02-09,6,65+,173.5714,0.6923,0.6174,0.7748
162,2019-02-10,7,0-5,382.4286,1.2538,1.1114,1.4143
162,2019-02-10,7,6-11,327.4286,1.3578,1.2107,1.5209
162,2019-02-10,7,12-17,109.7143,1.0365,0.9232,1.1677
162,2019-02-10,7,18-44,675.5714,0.6494,0.5902,0.7139
162,2019-02-10,7,45-64,325.2857,0.6099,0.5522,0.6742
162,2019-02-10,7,65+,180.4286,0.6498,0.5807,0.7264
163,2019-02-11,7,0-5,370.7143,1.3345,1.1777,1.5101
163,2019-02-11,7,6-11,304.7143,1.4365,1.2835,1.6132
163,2019-02-11,7,12-17,102.0000,1.0424,0.9309,1.1696
163,2019-02-11,7,18-44,605.5714,0.6614,0.6001,0.7289
163,2019-02-11,7,45-64,286.8571,0.6079,0.5493,0.6734
163,2019-02-11,7,65+,157.5714,0.6419,0.5725,0.7179
164,2019-02-12,7,0-5,383.2857,1.4456,1.2683,1.6392
164,2019-02-12,7,6-11,314.7143,1.5548,1.3832,1.7357
164,2019-02-12,7,12-17,99.4286,1.0847,0.9679,1.2195
164,2019-02-12,7,18-44,591.0000,0.6997,0.6339,0.7719
164,2019-02-12,7,45-64,274.5714,0.6326,0.5703,0.7018
164,2019-02-12,7,65+,151.0000,0.6583,0.5885,0.7363
165,2019-02-13,7,0-5,407.2857,1.5351,1.3546,1.7413
165,2019-02-13,7,6-11,333.4286,1.6643,1.4784,1.8667
165,2019-02-13,7,12-17,98.0000,1.1350,1.0115,1.2735
165,2019-02-13,7,18-44,573.5714,0.7413,0.6745,0.8154
165,2019-02-13,7,45-64,258.2857,0.6648,0.6012,0.7338
165,2019-02-13,7,65+,144.8571,0.6832,0.6113,0.7621
166,2019-02-14,7,0-5,423.1429,1.5838,1.4010,1.7833
166,2019-02-14,7,6-11,346.2857,1.7225,1.5331,1.9302
166,2019-02-14,7,12-17,101.5714,1.1688,1.0399,1.3113
166,2019-02-14,7,18-44,574.0000,0.7674,0.6975,0.8467
166,2019-02-14,7,45-64,258.5714,0.6870,0.6200,0.7597
166,2019-02-14,7,65+,144.0000,0.7003,0.6277,0.7814
167,2019-02-15,7,0-5,466.0000,1.5646,1.3917,1.7589
167,2019-02-15,7,6-11,386.2857,1.7235,1.5365,1.9249
167,2019-02-15,7,12-17,102.5714,1.1725,1.0457,1.3216
167,2019-02-15,7,18-44,585.4286,0.7675,0.6986,0.8430
167,2019-02-15,7,45-64,257.0000,0.6879,0.6234,0.7586
167,2019-02-15,7,65+,139.1429,0.6993,0.6279,0.7781
168,2019-02-16,7,0-5,487.7143,1.5135,1.3392,1.6987
168,2019-02-16,7,6-11,409.4286,1.6807,1.4987,1.8801
168,2019-02-16,7,12-17,103.7143,1.1571,1.0331,1.2914
168,2019-02-16,7,18-44,598.2857,0.7494,0.6812,0.8209
168,2019-02-16,7,45-64,254.0000,0.6758,0.6117,0.7438
168,2019-02-16,7,65+,136.0000,0.6875,0.6159,0.7650
169,2019-02-17,8,0-5,513.5714,1.4535,1.2923,1.6435
169,2019-02-17,8,6-11,428.4286,1.6331,1.4536,1.8300
169,2019-02-17,8,12-17,105.1429,1.1274,1.0070,1.2656
169,2019-02-17,8,18-44,617.4286,0.7248,0.6589,0.7948
169,2019-02-17,8,45-64,255.0000,0.6570,0.5949,0.7237
169,2019-02-17,8,65+,136.1429,0.6704,0.6012,0.7458
170,2019-02-18,8,0-5,535.8571,1.4143,1.2557,1.5926
170,2019-02-18,8,6-11,455.2857,1.5814,1.4156,1.7685
170,2019-02-18,8,12-17,106.2857,1.1011,0.9849,1.2379
170,2019-02-18,8,18-44,633.4286,0.7033,0.6398,0.7745
170,2019-02-18,8,45-64,254.5714,0.6410,0.5796,0.7067
170,2019-02-18,8,65+,131.7143,0.6555,0.5871,0.7289
171,2019-02-19,8,0-5,547.5714,1.4004,1.2396,1.5701
171,2019-02-19,8,6-11,479.2857,1.5497,1.3864,1.7247
171,2019-02-19,8,12-17,109.1429,1.0809,0.9621,1.2066
171,2019-02-19,8,18-44,640.7143,0.6935,0.6321,0.7608
171,2019-02-19,8,45-64,257.8571,0.6318,0.5729,0.6958
171,2019-02-19,8,65+,128.1429,0.6462,0.5801,0.7176
172,2019-02-20,8,0-5,567.5714,1.4001,1.2376,1.5747
172,2019-02-20,8,6-11,497.5714,1.5265,1.3628,1.7068
172,2019-02-20,8,12-17,108.4286,1.0624,0.9469,1.1937
172,2019-02-20,8,18-44,652.1429,0.6900,0.6275,0.7593
172,2019-02-20,8,45-64,263.8571,0.6255,0.5663,0.6927
172,2019-02-20,8,65+,132.2857,0.6371,0.5708,0.7110
173,2019-02-21,8,0-5,579.5714,1.4102,1.2523,1.5864
173,2019-02-21,8,6-11,505.5714,1.5147,1.3564,1.6872
173,2019-02-21,8,12-17,106.5714,1.0492,0.9368,1.1760
173,2019-02-21,8,18-44,657.5714,0.6893,0.6268,0.7561
173,2019-02-21,8,45-64,264.5714,0.6201,0.5611,0.6827
173,2019-02-21,8,65+,134.2857,0.6265,0.5632,0.6950
174,2019-02-22,8,0-5,599.1429,1.4041,1.2434,1.5827
174,2019-02-22,8,6-11,516.2857,1.4868,1.3249,1.6573
174,2019-02-22,8,12-17,106.8571,1.0239,0.9133,1.1514
174,2019-02-22,8,18-44,685.0000,0.6796,0.6175,0.7483
174,2019-02-22,8,45-64,266.8571,0.6061,0.5477,0.6692
174,2019-02-22,8,65+,132.2857,0.6082,0.5466,0.6777
175,2019-02-23,8,0-5,621.0000,1.3559,1.1988,1.5180
175,2019-02-23,8,6-11,525.1429,1.4175,1.2769,1.5837
175,2019-02-23,8,12-17,108.4286,0.9903,0.8842,1.1115
175,2019-02-23,8,18-44,694.5714,0.6563,0.5963,0.7203
175,2019-02-23,8,45-64,271.5714,0.5825,0.5274,0.6419
175,2019-02-23,8,65+,133.1429,0.5838,0.5241,0.6501
176,2019-02-24,9,0-5,629.8571,1.2846,1.1372,1.4417
176,2019-02-24,9,6-11,536.0000,1.3354,1.1912,1.4854
176,2019-02-24,9,12-17,111.7143,0.9544,0.8500,1.0741
176,2019-02-24,9,18-44,713.2857,0.6271,0.5704,0.6917
176,2019-02-24,9,45-64,267.5714,0.5580,0.5061,0.6159
176,2019-02-24,9,65+,127.0000,0.5609,0.5035,0.6255
177,2019-02-25,9,0-5,641.0000,1.2172,1.0798,1.3766
177,2019-02-25,9,6-11,531.2857,1.2645,1.1254,1.4011
177,2019-02-25,9,12-17,110.7143,0.9392,0.8367,1.0508
177,2019-02-25,9,18-44,732.2857,0.6108,0.5535,0.6717
177,2019-02-25,9,45-64,269.2857,0.5472,0.4942,0.6030
177,2019-02-25,9,65+,128.0000,0.5511,0.4937,0.6143
178,2019-02-26,9,0-5,613.2857,1.1811,1.0546,1.3325
178,2019-02-26,9,6-11,489.5714,1.2457,1.1111,1.4014
178,2019-02-26,9,12-17,100.1429,0.9619,0.8521,1.0832
178,2019-02-26,9,18-44,699.0000,0.6174,0.5581,0.6829
178,2019-02-26,9,45-64,239.8571,0.5579,0.5036,0.6178
178,2019-02-26,9,65+,120.1429,0.5593,0.5017,0.6251
179,2019-02-27,9,0-5,604.2857,1.1567,1.0223,1.2965
179,2019-02-27,9,6-11,475.0000,1.2345,1.1054,1.3804
179,2019-02-27,9,12-17,102.8571,1.0091,0.9039,1.1290
179,2019-02-27,9,18-44,732.0000,0.6298,0.5699,0.6934
179,2019-02-27,9,45-64,246.0000,0.5759,0.5204,0.6348
179,2019-02-27,9,65+,120.8571,0.5752,0.5161,0.6390
180,2019-02-28,9,0-5,595.2857,1.1297,1.0072,1.2701
180,2019-02-28,9,6-11,463.4286,1.2427,1.1157,1.3898
180,2019-02-28,9,12-17,103.8571,1.0742,0.9638,1.2140
180,2019-02-28,9,18-44,741.8571,0.6411,0.5800,0.7085
180,2019-02-28,9,45-64,246.2857,0.5947,0.5372,0.6570
180,2019-02-28,9,65+,121.0000,0.5924,0.5318,0.6604
181,2019-03-01,9,0-5,550.0000,1.1404,1.0170,1.2859
181,2019-03-01,9,6-11,426.0000,1.2762,1.1434,1.4214
181,2019-03-01,9,12-17,103.8571,1.1658,1.0357,1.3170
181,2019-03-01,9,18-44,744.8571,0.6605,0.5954,0.7294
181,2019-03-01,9,45-64,245.1429,0.6176,0.5574,0.6813
181,2019-03-01,9,65+,119.2857,0.6130,0.5487,0.6824
182,2019-03-02,9,0-5,509.0000,1.2086,1.0697,1.3579
182,2019-03-02,9,6-11,402.0000,1.3738,1.2306,1.5274
182,2019-03-02,9,12-17,112.7143,1.2989,1.1549,1.4626
182,2019-03-02,9,18-44,744.7143,0.6972,0.6298,0.7741
182,2019-03-02,9,45-64,243.0000,0.6510,0.5881,0.7210
182,2019-03-02,9,65+,119.4286,0.6399,0.5723,0.7108
183,2019-03-03,10,0-5,483.4286,1.3191,1.1763,1.4738
183,2019-03-03,10,6-11,378.7143,1.5191,1.3514,1.6940
183,2019-03-03,10,12-17,120.8571,1.4545,1.2931,1.6287
183,2019-03-03,10,18-44,744.0000,0.7426,0.6736,0.8194
183,2019-03-03,10,45-64,244.4286,0.6851,0.6218,0.7546
183,2019-03-03,10,65+,119.1429,0.6633,0.5975,0.7361
184,2019-03-04,10,0-5,459.2857,1.4367,1.2745,1.6235
184,2019-03-04,10,6-11,371.4286,1.6976,1.5202,1.8762
184,2019-03-04,10,12-17,139.1429,1.6232,1.4333,1.8608
184,2019-03-04,10,18-44,736.4286,0.7797,0.7070,0.8590
184,2019-03-04,10,45-64,242.1429,0.7075,0.6409,0.7782
184,2019-03-04,10,65+,118.2857,0.6734,0.6064,0.7466
185,2019-03-05,10,0-5,491.1429,1.5153,1.3495,1.6974
185,2019-03-05,10,6-11,417.2857,1.8192,1.6310,2.0424
185,2019-03-05,10,12-17,176.1429,1.7201,1.5033,1.9581
185,2019-03-05,10,18-44,776.7143,0.7869,0.7189,0.8634
185,2019-03-05,10,45-64,263.5714,0.6997,0.6374,0.7677
185,2019-03-05,10,65+,124.7143,0.6590,0.5943,0.7296
186,2019-03-06,10,0-5,498.1429,1.5918,1.4156,1.7750
186,2019-03-06,10,6-11,446.4286,1.9690,1.7625,2.2090
186,2019-03-06,10,12-17,210.5714,1.8200,1.5988,2.0572
186,2019-03-06,10,18-44,751.8571,0.7936,0.7245,0.8666
186,2019-03-06,10,45-64,248.2857,0.6893,0.6289,0.7532
186,2019-03-06,10,65+,118.8571,0.6407,0.5803,0.7075
187,2019-03-07,10,0-5,514.4286,1.6807,1.4941,1.8813
187,2019-03-07,10,6-11,473.4286,2.1681,1.9206,2.4235
187,2019-03-07,10,12-17,236.4286,1.9570,1.7456,2.2350
187,2019-03-07,10,18-44,753.4286,0.8174,0.7454,0.8916
187,2019-03-07,10,45-64,245.0000,0.6928,0.6325,0.7560
187,2019-03-07,10,65+,116.1429,0.6316,0.5718,0.6958
188,2019-03-08,10,0-5,573.0000,1.7068,1.5152,1.9180
188,2019-03-08,10,6-11,602.1429,2.2167,1.9883,2.4795
188,2019-03-08,10,12-17,313.1429,2.0226,1.7974,2.2765
188,2019-03-08,10,18-44,767.1429,0.8176,0.7494,0.8916
188,2019-03-08,10,45-64,241.0000,0.6824,0.6255,0.7438
188,2019-03-08,10,65+,116.2857,0.6135,0.5564,0.6752
189,2019-03-09,10,0-5,641.2857,1.6404,1.4636,1.8369
189,2019-03-09,10,6-11,719.5714,2.1010,1.8703,2.3426
189,2019-03-09,10,12-17,399.0000,1.9751,1.7525,2.2470
189,2019-03-09,10,18-44,813.1429,0.7833,0.7185,0.8543
189,2019-03-09,10,45-64,238.8571,0.6513,0.5971,0.7099
189,2019-03-09,10,65+,115.0000,0.5825,0.5294,0.6401
190,2019-03-10,11,0-5,694.1429,1.5501,1.3835,1.7484
190,2019-03-10,11,6-11,831.1429,1.9607,1.7579,2.1904
190,2019-03-10,11,12-17,488.8571,1.8778,1.6520,2.1023
190,2019-03-10,11,18-44,853.2857,0.7404,0.6792,0.8069
190,2019-03-10,11,45-64,233.8571,0.6151,0.5647,0.6691
190,2019-03-10,11,65+,115.1429,0.5505,0.5014,0.6044
191,2019-03-11,11,0-5,753.8571,1.4768,1.3264,1.6597
191,2019-03-11,11,6-11,951.7143,1.8595,1.6764,2.0648
191,2019-03-11,11,12-17,591.8571,1.7630,1.5759,1.9755
191,2019-03-11,11,18-44,917.8571,0.7014,0.6468,0.7643
191,2019-03-11,11,45-64,229.5714,0.5820,0.5359,0.6326
191,2019-03-11,11,65+,114.2857,0.5234,0.4779,0.5746
192,2019-03-12,11,0-5,808.2857,1.4640,1.3090,1.6316
192,2019-03-12,11,6-11,1085.5714,1.8440,1.6647,2.0465
192,2019-03-12,11,12-17,710.1429,1.7112,1.5261,1.9096
192,2019-03-12,11,18-44,990.4286,0.6843,0.6284,0.7443
192,2019-03-12,11,45-64,236.5714,0.5649,0.5189,0.6138
192,2019-03-12,11,65+,119.4286,0.5084,0.4627,0.5582
193,2019-03-13,11,0-5,855.0000,1.5383,1.3775,1.7128
193,2019-03-13,11,6-11,1207.4286,1.9932,1.7910,2.1915
193,2019-03-13,11,12-17,814.1429,1.8160,1.6247,2.0480
193,2019-03-13,11,18-44,1061.7143,0.7142,0.6585,0.7713
193,2019-03-13,11,45-64,245.4286,0.5832,0.5379,0.6299
193,2019-03-13,11,65+,122.7143,0.5165,0.4723,0.5643
194,2019-03-14,11,0-5,909.4286,1.6389,1.4723,1.8277
194,2019-03-14,11,6-11,1323.8571,2.2038,1.9800,2.4276
194,2019-03-14,11,12-17,883.5714,2.0416,1.8383,2.2965
194,2019-03-14,11,18-44,1108.7143,0.7692,0.7093,0.8348
194,2019-03-14,11,45-64,252.4286,0.6231,0.5751,0.6751
194,2019-03-14,11,65+,125.7143,0.5368,0.4922,0.5851
195,2019-03-15,11,0-5,1046.1429,1.6045,1.4397,1.7872
195,2019-03-15,11,6-11,1665.2857,2.1138,1.9034,2.3218
195,2019-03-15,11,12-17,1171.8571,1.9907,1.7736,2.2352
195,2019-03-15,11,18-44,1275.1429,0.7549,0.6974,0.8198
195,2019-03-15,11,45-64,275.8571,0.6113,0.5649,0.6628
195,2019-03-15,11,65+,135.2857,0.5231,0.4809,0.5697
196,2019-03-16,11,0-5,1142.1429,1.4902,1.3369,1.6575
196,2019-03-16,11,6-11,1917.5714,1.8865,1.7076,2.0747
196,2019-03-16,11,12-17,1392.0000,1.7789,1.5979,1.9780
196,2019-03-16,11,18-44,1406.5714,0.6966,0.6449,0.7521
196,2019-03-16,11,45-64,296.0000,0.5644,0.5229,0.6088
196,2019-03-16,11,65+,143.8571,0.4851,0.4469,0.5278
197,2019-03-17,12,0-5,1231.8571,1.4083,1.2664,1.5609
197,2019-03-17,12,6-11,2125.4286,1.7594,1.6038,1.9379
197,2019-03-17,12,12-17,1581.1429,1.6393,1.4551,1.8188
197,2019-03-17,12,18-44,1560.7143,0.6515,0.6019,0.7037
197,2019-03-17,12,45-64,323.0000,0.5247,0.4853,0.5659
197,2019-03-17,12,65+,149.4286,0.4517,0.4162,0.4899
198,2019-03-18,12,0-5,1313.7143,1.3608,1.2187,1.5181
198,2019-03-18,12,6-11,2326.7143,1.7128,1.5539,1.8842
198,2019-03-18,12,12-17,1780.4286,1.5261,1.3596,1.6988
198,2019-03-18,12,18-44,1736.8571,0.6176,0.5704,0.6682
198,2019-03-18,12,45-64,352.2857,0.4916,0.4545,0.5309
198,2019-03-18,12,65+,160.2857,0.4241,0.3910,0.4605
199,2019-03-19,12,0-5,1413.2857,1.3142,1.1838,1.4657
199,2019-03-19,12,6-11,2565.0000,1.6440,1.4954,1.8073
199,2019-03-19,12,12-17,1962.5714,1.4329,1.2888,1.5834
199,2019-03-19,12,18-44,1890.5714,0.5872,0.5436,0.6353
199,2019-03-19,12,45-64,376.7143,0.4641,0.4296,0.5013
199,2019-03-19,12,65+,167.8571,0.4022,0.3703,0.4366
200,2019-03-20,12,0-5,1518.7143,1.2906,1.1575,1.4336
200,2019-03-20,12,6-11,2794.8571,1.6098,1.4603,1.7650
200,2019-03-20,12,12-17,2130.7143,1.4076,1.2686,1.5639
200,2019-03-20,12,18-44,2029.7143,0.5792,0.5355,0.6256
200,2019-03-20,12,45-64,393.8571,0.4577,0.4237,0.4934
200,2019-03-20,12,65+,173.7143,0.3963,0.3647,0.4299
201,2019-03-21,12,0-5,1563.2857,1.3348,1.2047,1.4785
201,2019-03-21,12,6-11,2909.7143,1.7022,1.5431,1.8742
201,2019-03-21,12,12-17,2195.0000,1.4970,1.3441,1.6611
201,2019-03-21,12,18-44,2094.5714,0.6095,0.5631,0.6575
201,2019-03-21,12,45-64,395.2857,0.4805,0.4446,0.5177
201,2019-03-21,12,65+,174.8571,0.4105,0.3788,0.4445
202,2019-03-22,12,0-5,1682.7143,1.3540,1.2163,1.5006
202,2019-03-22,12,6-11,3207.4286,1.7397,1.5840,1.9317
202,2019-03-22,12,12-17,2407.4286,1.5512,1.3853,1.7265
202,2019-03-22,12,18-44,2305.5714,0.6229,0.5756,0.6743
202,2019-03-22,12,45-64,424.4286,0.4918,0.4551,0.5311
202,2019-03-22,12,65+,188.5714,0.4160,0.3841,0.4504
203,2019-03-23,12,0-5,1771.1429,1.3338,1.2034,1.4832
203,2019-03-23,12,6-11,3473.2857,1.7038,1.5371,1.8603
203,2019-03-23,12,12-17,2622.8571,1.5209,1.3777,1.6839
203,2019-03-23,12,18-44,2477.4286,0.6144,0.5687,0.6636
203,2019-03-23,12,45-64,449.7143,0.4849,0.4499,0.5228
203,2019-03-23,12,65+,201.7143,0.4078,0.3769,0.4412
204,2019-03-24,13,0-5,1881.4286,1.2988,1.1668,1.4416
204,2019-03-24,13,6-11,3752.4286,1.6323,1.4901,1.7857
204,2019-03-24,13,12-17,2819.5714,1.4568,1.3134,1.6148
204,2019-03-24,13,18-44,2649.1429,0.5977,0.5541,0.6466
204,2019-03-24,13,45-64,475.7143,0.4709,0.4368,0.5084
204,2019-03-24,13,65+,210.7143,0.3936,0.3642,0.4258
205,2019-03-25,13,0-5,1976.5714,1.2479,1.1188,1.3799
205,2019-03-25,13,6-11,3985.4286,1.5498,1.4151,1.7013
205,2019-03-25,13,12-17,3014.8571,1.3744,1.2348,1.5267
205,2019-03-25,13,18-44,2855.0000,0.5704,0.5269,0.6167
205,2019-03-25,13,45-64,507.0000,0.4485,0.4149,0.4838
205,2019-03-25,13,65+,213.7143,0.3744,0.3454,0.4049
206,2019-03-26,13,0-5,2073.8571,1.1948,1.0745,1.3242
206,2019-03-26,13,6-11,4206.7143,1.4701,1.3375,1.6110
206,2019-03-26,13,12-17,3200.0000,1.3040,1.1713,1.4451
206,2019-03-26,13,18-44,3053.8571,0.5390,0.4963,0.5803
206,2019-03-26,13,45-64,536.8571,0.4226,0.3902,0.4547
206,2019-03-26,13,65+,220.1429,0.3526,0.3255,0.3807
207,2019-03-27,13,0-5,2147.5714,1.1928,1.0760,1.3191
207,2019-03-27,13,6-11,4368.4286,1.4726,1.3419,1.6273
207,2019-03-27,13,12-17,3311.7143,1.2901,1.1656,1.4194
207,2019-03-27,13,18-44,3196.0000,0.5292,0.4894,0.5715
207,2019-03-27,13,45-64,558.5714,0.4120,0.3818,0.4440
207,2019-03-27,13,65+,223.7143,0.3429,0.3172,0.3700
208,2019-03-28,13,0-5,2211.4286,1.2289,1.1085,1.3564
208,2019-03-28,13,6-11,4473.7143,1.5356,1.4057,1.6903
208,2019-03-28,13,12-17,3374.5714,1.3320,1.1993,1.4848
208,2019-03-28,13,18-44,3239.4286,0.5452,0.5058,0.5873
208,2019-03-28,13,45-64,567.7143,0.4216,0.3913,0.4536
208,2019-03-28,13,65+,224.2857,0.3471,0.3218,0.3738
209,2019-03-29,13,0-5,2336.2857,1.2220,1.1013,1.3538
209,2019-03-29,13,6-11,4748.1429,1.4999,1.3637,1.6427
209,2019-03-29,13,12-17,3569.7143,1.3028,1.1794,1.4442
209,2019-03-29,13,18-44,3405.7143,0.5408,0.5003,0.5851
209,2019-03-29,13,45-64,586.0000,0.4180,0.3873,0.4511
209,2019-03-29,13,65+,229.2857,0.3451,0.3194,0.3734
210,2019-03-30,13,0-5,2429.7143,1.1923,1.0774,1.3178
210,2019-03-30,13,6-11,4931.4286,1.4395,1.3120,1.5825
210,2019-03-30,13,12-17,3681.1429,1.2552,1.1356,1.3884
210,2019-03-30,13,18-44,3503.2857,0.5282,0.4897,0.5698
210,2019-03-30,13,45-64,593.8571,0.4100,0.3805,0.4417
210,2019-03-30,13,65+,227.0000,0.3413,0.3161,0.3684
211,2019-03-31,14,0-5,2509.0000,1.1947,1.0792,1.3202
211,2019-03-31,14,6-11,5033.1429,1.4345,1.3078,1.5732
211,2019-03-31,14,12-17,3741.7143,1.2677,1.1396,1.3961
211,2019-03-31,14,18-44,3624.1429,0.5299,0.4905,0.5696
211,2019-03-31,14,45-64,609.4286,0.4123,0.3822,0.4428
211,2019-03-31,14,65+,231.7143,0.3448,0.3191,0.3711
212,2019-04-01,14,0-5,2599.5714,1.2176,1.0987,1.3400
212,2019-04-01,14,6-11,5164.0000,1.4710,1.3408,1.6099
212,2019-04-01,14,12-17,3826.1429,1.3031,1.1766,1.4473
212,2019-04-01,14,18-44,3725.7143,0.5410,0.5010,0.5820
212,2019-04-01,14,45-64,626.8571,0.4214,0.3907,0.4530
212,2019-04-01,14,65+,240.7143,0.3526,0.3265,0.3806
213,2019-04-02,14,0-5,2708.2857,1.2386,1.1173,1.3628
213,2019-04-02,14,6-11,5329.7143,1.5060,1.3787,1.6495
213,2019-04-02,14,12-17,3982.1429,1.3211,1.1920,1.4598
213,2019-04-02,14,18-44,3889.8571,0.5506,0.5115,0.5935
213,2019-04-02,14,45-64,642.7143,0.4287,0.3987,0.4615
213,2019-04-02,14,65+,250.0000,0.3592,0.3329,0.3877
214,2019-04-03,14,0-5,2817.2857,1.2925,1.1682,1.4277
214,2019-04-03,14,6-11,5525.1429,1.6007,1.4620,1.7470
214,2019-04-03,14,12-17,4107.5714,1.3727,1.2413,1.5030
214,2019-04-03,14,18-44,4036.4286,0.5796,0.5370,0.6233
214,2019-04-03,14,45-64,666.1429,0.4485,0.4163,0.4816
214,2019-04-03,14,65+,265.5714,0.3722,0.3452,0.4007
215,2019-04-04,14,0-5,2932.4286,1.3404,1.2132,1.4718
215,2019-04-04,14,6-11,5748.0000,1.7021,1.5545,1.8466
215,2019-04-04,14,12-17,4212.1429,1.4344,1.3085,1.5754
215,2019-04-04,14,18-44,4186.8571,0.6135,0.5694,0.6591
215,2019-04-04,14,45-64,685.0000,0.4721,0.4388,0.5063
215,2019-04-04,14,65+,272.2857,0.3861,0.3588,0.4145
216,2019-04-05,14,0-5,3129.7143,1.2657,1.1449,1.3852
216,2019-04-05,14,6-11,6258.0000,1.5658,1.4387,1.7050
216,2019-04-05,14,12-17,4528.4286,1.3339,1.2035,1.4642
216,2019-04-05,14,18-44,4588.2857,0.5760,0.5354,0.6203
216,2019-04-05,14,45-64,736.8571,0.4441,0.4131,0.4775
216,2019-04-05,14,65+,288.0000,0.3647,0.3389,0.3924
217,2019-04-06,14,0-5,3260.0000,1.1819,1.0716,1.2989
217,2019-04-06,14,6-11,6517.5714,1.4462,1.3192,1.5698
217,2019-04-06,14,12-17,4643.7143,1.2226,1.1096,1.3394
217,2019-04-06,14,18-44,4828.8571,0.5384,0.4994,0.5767
217,2019-04-06,14,45-64,759.7143,0.4148,0.3854,0.4441
217,2019-04-06,14,65+,292.1429,0.3420,0.3177,0.3671
218,2019-04-07,15,0-5,3338.4286,1.1510,1.0424,1.2674
218,2019-04-07,15,6-11,6710.5714,1.4239,1.2931,1.5492
218,2019-04-07,15,12-17,4716.1429,1.1766,1.0632,1.2947
218,2019-04-07,15,18-44,5067.4286,0.5250,0.4867,0.5656
218,2019-04-07,15,45-64,778.2857,0.4035,0.3746,0.4339
218,2019-04-07,15,65+,297.0000,0.3333,0.3095,0.3585
219,2019-04-08,15,0-5,3407.1429,1.1554,1.0497,1.2668
219,2019-04-08,15,6-11,6850.1429,1.4407,1.3170,1.5735
219,2019-04-08,15,12-17,4740.8571,1.1644,1.0513,1.2814
219,2019-04-08,15,18-44,5262.7143,0.5243,0.4874,0.5653
219,2019-04-08,15,45-64,793.0000,0.4008,0.3730,0.4313
219,2019-04-08,15,65+,306.8571,0.3300,0.3069,0.3558
220,2019-04-09,15,0-5,3472.8571,1.1380,1.0300,1.2506
220,2019-04-09,15,6-11,7038.4286,1.4128,1.2848,1.5432
220,2019-04-09,15,12-17,4693.7143,1.1539,1.0436,1.2724
220,2019-04-09,15,18-44,5432.2857,0.5129,0.4754,0.5524
220,2019-04-09,15,45-64,808.5714,0.3931,0.3649,0.4230
220,2019-04-09,15,65+,314.2857,0.3243,0.3010,0.3491
221,2019-04-10,15,0-5,3552.4286,1.1061,1.0031,1.2157
221,2019-04-10,15,6-11,7206.0000,1.3609,1.2277,1.4946
221,2019-04-10,15,12-17,4698.0000,1.1170,1.0130,1.2341
221,2019-04-10,15,18-44,5531.7143,0.4950,0.4600,0.5359
221,2019-04-10,15,45-64,824.2857,0.3821,0.3554,0.4126
221,2019-04-10,15,65+,312.0000,0.3181,0.2953,0.3431
222,2019-04-11,15,0-5,3575.2857,1.1128,1.0132,1.2220
222,2019-04-11,15,6-11,7237.7143,1.3601,1.2527,1.4962
222,2019-04-11,15,12-17,4662.5714,1.0972,0.9996,1.2197
222,2019-04-11,15,18-44,5517.4286,0.4978,0.4614,0.5374
222,2019-04-11,15,45-64,823.1429,0.3845,0.3567,0.4145
222,2019-04-11,15,65+,311.2857,0.3227,0.2994,0.3479
223,2019-04-12,15,0-5,3617.8571,1.1382,1.0360,1.2562
223,2019-04-12,15,6-11,7327.0000,1.4090,1.2934,1.5311
223,2019-04-12,15,12-17,4530.5714,1.1206,1.0105,1.2298
223,2019-04-12,15,18-44,5521.8571,0.5120,0.4758,0.5522
223,2019-04-12,15,45-64,847.7143,0.3955,0.3677,0.4257
223,2019-04-12,15,65+,317.8571,0.3331,0.3092,0.3590
224,2019-04-13,15,0-5,3679.7143,1.1354,1.0242,1.2489
224,2019-04-13,15,6-11,7409.7143,1.3908,1.2729,1.5085
224,2019-04-13,15,12-17,4473.1429,1.1134,1.0255,1.2403
224,2019-04-13,15,18-44,5572.2857,0.5084,0.4727,0.5510
224,2019-04-13,15,45-64,868.4286,0.3939,0.3667,0.4259
224,2019-04-13,15,65+,328.5714,0.3330,0.3091,0.3593
225,2019-04-14,16,0-5,3731.2857,1.0924,0.9861,1.1960
225,2019-04-14,16,6-11,7523.2857,1.3429,1.2116,1.4631
225,2019-04-14,16,12-17,4419.8571,1.0868,0.9496,1.1886
225,2019-04-14,16,18-44,5592.2857,0.4869,0.4506,0.5237
225,2019-04-14,16,45-64,882.7143,0.3789,0.3511,0.4072
225,2019-04-14,16,65+,344.0000,0.3215,0.2982,0.3463
226,2019-04-15,16,0-5,3754.8571,1.0578,0.9583,1.1598
226,2019-04-15,16,6-11,7556.1429,1.2837,1.1846,1.4117
226,2019-04-15,16,12-17,4326.0000,1.0620,0.9623,1.1819
226,2019-04-15,16,18-44,5562.2857,0.4740,0.4316,0.5104
226,2019-04-15,16,45-64,894.1429,0.3708,0.3398,0.3989
226,2019-04-15,16,65+,347.1429,0.3149,0.2900,0.3392
227,2019-04-16,16,0-5,3756.5714,1.0552,0.9539,1.1668
227,2019-04-16,16,6-11,7494.0000,1.2844,1.1672,1.4172
227,2019-04-16,16,12-17,4215.8571,1.0576,0.9431,1.1720
227,2019-04-16,16,18-44,5473.4286,0.4750,0.4409,0.5104
227,2019-04-16,16,45-64,899.7143,0.3713,0.3448,0.3989
227,2019-04-16,16,65+,344.1429,0.3146,0.2920,0.3386
228,2019-04-17,16,0-5,3725.5714,1.0533,0.9554,1.1553
228,2019-04-17,16,6-11,7394.0000,1.2763,1.1678,1.3954
228,2019-04-17,16,12-17,4093.4286,1.0367,0.9394,1.1426
228,2019-04-17,16,18-44,5392.2857,0.4765,0.4416,0.5109
228,2019-04-17,16,45-64,900.7143,0.3715,0.3446,0.3984
228,2019-04-17,16,65+,346.7143,0.3145,0.2916,0.3382
229,2019-04-18,16,0-5,3717.0000,1.0129,0.9199,1.1107
229,2019-04-18,16,6-11,7352.5714,1.2055,1.1010,1.3318
229,2019-04-18,16,12-17,4040.0000,0.9463,0.8647,1.0340
229,2019-04-18,16,18-44,5380.0000,0.4506,0.4187,0.4866
229,2019-04-18,16,45-64,899.7143,0.3508,0.3261,0.3782
229,2019-04-18,16,65+,346.5714,0.3002,0.2784,0.3240
230,2019-04-19,16,0-5,3652.5714,0.9500,0.8525,1.0518
230,2019-04-19,16,6-11,7120.5714,1.1254,1.0174,1.2161
230,2019-04-19,16,12-17,3780.5714,0.8683,0.7754,0.9667
230,2019-04-19,16,18-44,5248.8571,0.4141,0.3816,0.4449
230,2019-04-19,16,45-64,886.1429,0.3229,0.2980,0.3474
230,2019-04-19,16,65+,343.5714,0.2795,0.2580,0.3012
231,2019-04-20,16,0-5,3556.0000,0.9013,0.8157,0.9946
231,2019-04-20,16,6-11,6839.7143,1.0527,0.9398,1.1426
231,2019-04-20,16,12-17,3531.8571,0.8203,0.7316,0.9048
231,2019-04-20,16,18-44,5021.2857,0.3842,0.3557,0.4121
231,2019-04-20,16,45-64,865.1429,0.3002,0.2781,0.3222
231,2019-04-20,16,65+,340.1429,0.2615,0.2415,0.2823
232,2019-04-21,17,0-5,3447.8571,0.8639,0.7761,0.9609
232,2019-04-21,17,6-11,6488.2857,1.0102,0.9152,1.1128
232,2019-04-21,17,12-17,3281.7143,0.7935,0.7070,0.8647
232,2019-04-21,17,18-44,4704.7143,0.3651,0.3373,0.3982
232,2019-04-21,17,45-64,837.1429,0.2851,0.2633,0.3099
232,2019-04-21,17,65+,325.4286,0.2487,0.2291,0.2708
233,2019-04-22,17,0-5,3293.5714,0.8292,0.7396,0.9217
233,2019-04-22,17,6-11,6114.1429,0.9699,0.8858,1.0719
233,2019-04-22,17,12-17,2996.2857,0.7635,0.6778,0.8443
233,2019-04-22,17,18-44,4317.1429,0.3544,0.3278,0.3832
233,2019-04-22,17,45-64,792.1429,0.2772,0.2562,0.2999
233,2019-04-22,17,65+,303.8571,0.2424,0.2234,0.2630
234,2019-04-23,17,0-5,3084.4286,0.7918,0.7074,0.8854
234,2019-04-23,17,6-11,5616.8571,0.9205,0.8280,1.0178
234,2019-04-23,17,12-17,2678.5714,0.7097,0.6221,0.7858
234,2019-04-23,17,18-44,3913.5714,0.3418,0.3134,0.3718
234,2019-04-23,17,45-64,724.5714,0.2679,0.2457,0.2910
234,2019-04-23,17,65+,285.2857,0.2359,0.2162,0.2573
235,2019-04-24,17,0-5,2881.8571,0.7083,0.6285,0.7909
235,2019-04-24,17,6-11,5126.1429,0.7829,0.7133,0.8613
235,2019-04-24,17,12-17,2398.1429,0.6021,0.5262,0.6794
235,2019-04-24,17,18-44,3565.4286,0.3022,0.2776,0.3297
235,2019-04-24,17,45-64,667.0000,0.2405,0.2205,0.2625
235,2019-04-24,17,65+,268.0000,0.2176,0.1986,0.2382
236,2019-04-25,17,0-5,2696.0000,0.6410,0.5660,0.7229
236,2019-04-25,17,6-11,4755.1429,0.6683,0.6029,0.7426
236,2019-04-25,17,12-17,2233.4286,0.5258,0.4749,0.5882
236,2019-04-25,17,18-44,3362.8571,0.2673,0.2444,0.2913
236,2019-04-25,17,45-64,641.8571,0.2171,0.1987,0.2366
236,2019-04-25,17,65+,260.2857,0.2025,0.1843,0.2233
237,2019-04-26,17,0-5,2342.1429,0.6576,0.5809,0.7397
237,2019-04-26,17,6-11,3885.0000,0.6948,0.6333,0.7580
237,2019-04-26,17,12-17,1758.1429,0.5269,0.4702,0.5864
237,2019-04-26,17,18-44,2779.8571,0.2743,0.2530,0.2963
237,2019-04-26,17,45-64,557.4286,0.2234,0.2055,0.2419
237,2019-04-26,17,65+,229.8571,0.2106,0.1921,0.2311
238,2019-04-27,17,0-5,2102.4286,0.7473,0.6651,0.8444
238,2019-04-27,17,6-11,3370.7143,0.8446,0.7520,0.9529
238,2019-04-27,17,12-17,1457.2857,0.6280,0.5643,0.7093
238,2019-04-27,17,18-44,2431.7143,0.3226,0.2952,0.3502
238,2019-04-27,17,45-64,508.8571,0.2615,0.2392,0.2842
238,2019-04-27,17,65+,206.8571,0.2425,0.2210,0.2660
239,2019-04-28,18,0-5,1884.2857,0.8617,0.7671,0.9711
239,2019-04-28,18,6-11,2974.5714,1.0200,0.9105,1.1269
239,2019-04-28,18,12-17,1246.7143,0.7664,0.6851,0.8611
239,2019-04-28,18,18-44,2128.8571,0.3850,0.3534,0.4190
239,2019-04-28,18,45-64,456.5714,0.3127,0.2863,0.3406
239,2019-04-28,18,65+,184.7143,0.2851,0.2594,0.3126
240,2019-04-29,18,0-5,1760.0000,0.9273,0.8246,1.0372
240,2019-04-29,18,6-11,2718.0000,1.1180,1.0090,1.2474
240,2019-04-29,18,12-17,1111.5714,0.8646,0.7644,0.9678
240,2019-04-29,18,18-44,1967.2857,0.4274,0.3927,0.4632
240,2019-04-29,18,45-64,429.4286,0.3488,0.3199,0.3789
240,2019-04-29,18,65+,182.1429,0.3140,0.2867,0.3438
241,2019-04-30,18,0-5,1634.0000,0.9036,0.8036,1.0139
241,2019-04-30,18,6-11,2518.8571,1.0717,0.9699,1.1860
241,2019-04-30,18,12-17,1020.4286,0.8551,0.7583,0.9652
241,2019-04-30,18,18-44,1832.4286,0.4204,0.3857,0.4597
241,2019-04-30,18,45-64,416.8571,0.3471,0.3179,0.3796
241,2019-04-30,18,65+,177.1429,0.3142,0.2860,0.3454
242,2019-05-01,18,0-5,1518.4286,0.8275,0.7334,0.9288
242,2019-05-01,18,6-11,2369.7143,0.9304,0.8429,1.0477
242,2019-05-01,18,12-17,944.1429,0.7690,0.6813,0.8667
242,2019-05-01,18,18-44,1735.1429,0.3801,0.3472,0.4157
242,2019-05-01,18,45-64,402.1429,0.3177,0.2904,0.3473
242,2019-05-01,18,65+,168.4286,0.2931,0.2663,0.3229
243,2019-05-02,18,0-5,1438.0000,0.7708,0.6826,0.8680
243,2019-05-02,18,6-11,2247.0000,0.8469,0.7540,0.9402
243,2019-05-02,18,12-17,901.5714,0.7072,0.6238,0.7963
243,2019-05-02,18,18-44,1676.7143,0.3492,0.3189,0.3829
243,2019-05-02,18,45-64,396.5714,0.2940,0.2682,0.3221
243,2019-05-02,18,65+,166.8571,0.2757,0.2497,0.3038
244,2019-05-03,18,0-5,1245.2857,0.7880,0.6950,0.8880
244,2019-05-03,18,6-11,1831.2857,0.8788,0.7902,0.9801
244,2019-05-03,18,12-17,720.4286,0.7128,0.6319,0.8060
244,2019-05-03,18,18-44,1414.8571,0.3562,0.3249,0.3896
244,2019-05-03,18,45-64,333.2857,0.2976,0.2718,0.3255
244,2019-05-03,18,65+,136.8571,0.2791,0.2528,0.3077
245,2019-05-04,18,0-5,1152.0000,0.8252,0.7279,0.9284
245,2019-05-04,18,6-11,1681.7143,0.9383,0.8368,1.0498
245,2019-05-04,18,12-17,664.8571,0.7490,0.6613,0.8449
245,2019-05-04,18,18-44,1339.8571,0.3756,0.3427,0.4117
245,2019-05-04,18,45-64,324.2857,0.3130,0.2853,0.3430
245,2019-05-04,18,65+,136.8571,0.2928,0.2652,0.3235
246,2019-05-05,19,0-5,1083.8571,0.8524,0.7546,0.9644
246,2019-05-05,19,6-11,1565.5714,0.9637,0.8589,1.0726
246,2019-05-05,19,12-17,622.1429,0.7847,0.6887,0.8840
246,2019-05-05,19,18-44,1262.2857,0.3921,0.3580,0.4305
246,2019-05-05,19,45-64,304.8571,0.3290,0.2996,0.3613
246,2019-05-05,19,65+,132.1429,0.3085,0.2786,0.3425
247,2019-05-06,19,0-5,987.8571,0.8965,0.7948,1.0120
247,2019-05-06,19,6-11,1423.7143,1.0093,0.9006,1.1198
247,2019-05-06,19,12-17,563.7143,0.8385,0.7355,0.9437
247,2019-05-06,19,18-44,1148.4286,0.4201,0.3821,0.4624
247,2019-05-06,19,45-64,277.4286,0.3542,0.3223,0.3894
247,2019-05-06,19,65+,120.4286,0.3324,0.2995,0.3685
248,2019-05-07,19,0-5,903.8571,0.9677,0.8573,1.0901
248,2019-05-07,19,6-11,1262.7143,1.1052,0.9912,1.2361
248,2019-05-07,19,12-17,498.7143,0.9205,0.8169,1.0397
248,2019-05-07,19,18-44,1056.7143,0.4629,0.4225,0.5076
248,2019-05-07,19,45-64,261.7143,0.3905,0.3560,0.4276
248,2019-05-07,19,65+,113.1429,0.3655,0.3305,0.4045
249,2019-05-08,19,0-5,839.5714,1.0288,0.9102,1.1600
249,2019-05-08,19,6-11,1138.4286,1.2006,1.0763,1.3348
249,2019-05-08,19,12-17,456.5714,0.9939,0.8764,1.1243
249,2019-05-08,19,18-44,1003.4286,0.4990,0.4554,0.5481
249,2019-05-08,19,45-64,244.2857,0.4203,0.3830,0.4610
249,2019-05-08,19,65+,107.4286,0.3943,0.3558,0.4360
250,2019-05-09,19,0-5,806.7143,1.0244,0.9022,1.1485
250,2019-05-09,19,6-11,1094.2857,1.1976,1.0714,1.3408
250,2019-05-09,19,12-17,441.7143,0.9974,0.8796,1.1278
250,2019-05-09,19,18-44,984.8571,0.4934,0.4489,0.5410
250,2019-05-09,19,45-64,237.8571,0.4171,0.3796,0.4577
250,2019-05-09,19,65+,106.2857,0.3968,0.3585,0.4405
251,2019-05-10,19,0-5,786.7143,0.9671,0.8558,1.0927
251,2019-05-10,19,6-11,1110.4286,1.1077,0.9920,1.2323
251,2019-05-10,19,12-17,464.2857,0.9344,0.8240,1.0621
251,2019-05-10,19,18-44,999.0000,0.4544,0.4143,0.4984
251,2019-05-10,19,45-64,247.0000,0.3871,0.3526,0.4250
251,2019-05-10,19,65+,115.7143,0.3768,0.3396,0.4193
252,2019-05-11,19,0-5,723.7143,0.9360,0.8257,1.0563
252,2019-05-11,19,6-11,987.5714,1.0679,0.9496,1.1951
252,2019-05-11,19,12-17,414.8571,0.8964,0.7878,1.0226
252,2019-05-11,19,18-44,909.4286,0.4290,0.3912,0.4693
252,2019-05-11,19,45-64,218.8571,0.3653,0.3328,0.4003
252,2019-05-11,19,65+,108.1429,0.3602,0.3244,0.4017
253,2019-05-12,20,0-5,685.1429,0.9271,0.8186,1.0467
253,2019-05-12,20,6-11,910.5714,1.0788,0.9549,1.2118
253,2019-05-12,20,12-17,381.4286,0.8893,0.7827,1.0151
253,2019-05-12,20,18-44,836.8571,0.4196,0.3830,0.4607
253,2019-05-12,20,45-64,208.7143,0.3555,0.3239,0.3907
253,2019-05-12,20,65+,105.0000,0.3514,0.3154,0.3912
254,2019-05-13,20,0-5,644.4286,0.9199,0.8091,1.0456
254,2019-05-13,20,6-11,856.2857,1.0893,0.9711,1.2257
254,2019-05-13,20,12-17,366.8571,0.8881,0.7780,1.0143
254,2019-05-13,20,18-44,769.4286,0.4165,0.3795,0.4561
254,2019-05-13,20,45-64,193.2857,0.3521,0.3201,0.3862
254,2019-05-13,20,65+,100.5714,0.3467,0.3108,0.3875
255,2019-05-14,20,0-5,622.5714,0.8784,0.7732,0.9997
255,2019-05-14,20,6-11,835.4286,1.0353,0.9163,1.1704
255,2019-05-14,20,12-17,352.1429,0.8569,0.7495,0.9817
255,2019-05-14,20,18-44,708.0000,0.4024,0.3654,0.4440
255,2019-05-14,20,45-64,176.0000,0.3429,0.3105,0.3783
255,2019-05-14,20,65+,95.7143,0.3385,0.3020,0.3782
256,2019-05-15,20,0-5,579.2857,0.8246,0.7255,0.9444
256,2019-05-15,20,6-11,787.4286,0.9421,0.8359,1.0703
256,2019-05-15,20,12-17,335.0000,0.8059,0.7028,0.9248
256,2019-05-15,20,18-44,646.1429,0.3810,0.3454,0.4204
256,2019-05-15,20,45-64,168.7143,0.3283,0.2972,0.3627
256,2019-05-15,20,65+,92.5714,0.3256,0.2898,0.3651
257,2019-05-16,20,0-5,549.1429,0.7715,0.6714,0.8842
257,2019-05-16,20,6-11,748.0000,0.8571,0.7624,0.9673
257,2019-05-16,20,12-17,326.7143,0.7601,0.6630,0.8706
257,2019-05-16,20,18-44,608.2857,0.3586,0.3251,0.3964
257,2019-05-16,20,45-64,163.1429,0.3136,0.2837,0.3469
257,2019-05-16,20,65+,90.0000,0.3136,0.2786,0.3526
258,2019-05-17,20,0-5,485.1429,0.7536,0.6554,0.8615
258,2019-05-17,20,6-11,641.8571,0.8280,0.7344,0.9382
258,2019-05-17,20,12-17,280.7143,0.7408,0.6458,0.8560
258,2019-05-17,20,18-44,533.2857,0.3502,0.3168,0.3868
258,2019-05-17,20,45-64,143.8571,0.3081,0.2779,0.3408
258,2019-05-17,20,65+,82.1429,0.3092,0.2750,0.3485
259,2019-05-18,20,0-5,436.1429,0.7601,0.6636,0.8748
259,2019-05-18,20,6-11,557.4286,0.8501,0.7497,0.9647
259,2019-05-18,20,12-17,251.8571,0.7562,0.6563,0.8719
259,2019-05-18,20,18-44,480.8571,0.3560,0.3212,0.3937
259,2019-05-18,20,45-64,133.0000,0.3137,0.2826,0.3482
259,2019-05-18,20,65+,73.1429,0.3158,0.2799,0.3575
260,2019-05-19,21,0-5,389.1429,0.7865,0.6859,0.9022
260,2019-05-19,21,6-11,493.7143,0.8968,0.7871,1.0197
260,2019-05-19,21,12-17,232.8571,0.7916,0.6839,0.9088
260,2019-05-19,21,18-44,431.8571,0.3709,0.3352,0.4107
260,2019-05-19,21,45-64,123.5714,0.3263,0.2937,0.3626
260,2019-05-19,21,65+,67.7143,0.3287,0.2905,0.3728
261,2019-05-20,21,0-5,355.1429,0.8162,0.7104,0.9316
261,2019-05-20,21,6-11,448.4286,0.9487,0.8360,1.0767
261,2019-05-20,21,12-17,206.0000,0.8385,0.7246,0.9736
261,2019-05-20,21,18-44,385.0000,0.3909,0.3519,0.4320
261,2019-05-20,21,45-64,114.1429,0.3434,0.3082,0.3810
261,2019-05-20,21,65+,62.7143,0.3453,0.3049,0.3907
262,2019-05-21,21,0-5,319.2857,0.8313,0.7227,0.9539
262,2019-05-21,21,6-11,396.7143,0.9844,0.8633,1.1221
262,2019-05-21,21,12-17,189.4286,0.8727,0.7531,1.0069
262,2019-05-21,21,18-44,343.7143,0.4054,0.3642,0.4524
262,2019-05-21,21,45-64,105.8571,0.3574,0.3206,0.3986
262,2019-05-21,21,65+,57.4286,0.3616,0.3189,0.4107
263,2019-05-22,21,0-5,295.8571,0.8198,0.7133,0.9438
263,2019-05-22,21,6-11,374.0000,0.9829,0.8629,1.1195
263,2019-05-22,21,12-17,180.0000,0.8868,0.7635,1.0269
263,2019-05-22,21,18-44,323.1429,0.4086,0.3667,0.4545
263,2019-05-22,21,45-64,96.1429,0.3640,0.3259,0.4054
263,2019-05-22,21,65+,54.5714,0.3728,0.3285,0.4253
264,2019-05-23,21,0-5,275.8571,0.7990,0.6960,0.9214
264,2019-05-23,21,6-11,353.5714,0.9620,0.8472,1.1019
264,2019-05-23,21,12-17,173.7143,0.8772,0.7618,1.0123
264,2019-05-23,21,18-44,313.7143,0.4036,0.3618,0.4492
264,2019-05-23,21,45-64,93.7143,0.3642,0.3253,0.4059
264,2019-05-23,21,65+,53.7143,0.3809,0.3329,0.4344
265,2019-05-24,21,0-5,236.5714,0.7934,0.6872,0.9116
265,2019-05-24,21,6-11,302.1429,0.9641,0.8440,1.0972
265,2019-05-24,21,12-17,160.4286,0.8663,0.7494,1.0032
265,2019-05-24,21,18-44,272.8571,0.4027,0.3617,0.4481
265,2019-05-24,21,45-64,81.4286,0.3667,0.3284,0.4094
265,2019-05-24,21,65+,48.4286,0.3901,0.3411,0.4460
266,2019-05-25,21,0-5,208.1429,0.8011,0.6943,0.9290
266,2019-05-25,21,6-11,272.7143,0.9782,0.8557,1.1191
266,2019-05-25,21,12-17,146.4286,0.8615,0.7460,1.0013
266,2019-05-25,21,18-44,250.5714,0.4081,0.3656,0.4558
266,2019-05-25,21,45-64,76.0000,0.3739,0.3340,0.4180
266,2019-05-25,21,65+,46.2857,0.4027,0.3513,0.4593
267,2019-05-26,22,0-5,190.2857,0.8195,0.7098,0.9516
267,2019-05-26,22,6-11,251.7143,1.0009,0.8729,1.1443
267,2019-05-26,22,12-17,134.8571,0.8650,0.7459,1.0047
267,2019-05-26,22,18-44,228.4286,0.4180,0.3743,0.4672
267,2019-05-26,22,45-64,70.7143,0.3841,0.3429,0.4300
267,2019-05-26,22,65+,47.1429,0.4155,0.3626,0.4753
268,2019-05-27,22,0-5,171.1429,0.8411,0.7246,0.9795
268,2019-05-27,22,6-11,232.5714,1.0148,0.8895,1.1656
268,2019-05-27,22,12-17,122.4286,0.8720,0.7531,1.0137
268,2019-05-27,22,18-44,209.5714,0.4290,0.3824,0.4800
268,2019-05-27,22,45-64,67.2857,0.3952,0.3514,0.4442
268,2019-05-27,22,65+,45.1429,0.4274,0.3714,0.4918
269,2019-05-28,22,0-5,152.2857,0.8573,0.7346,0.9962
269,2019-05-28,22,6-11,214.5714,1.0232,0.8894,1.1709
269,2019-05-28,22,12-17,111.5714,0.8719,0.7502,1.0113
269,2019-05-28,22,18-44,188.8571,0.4361,0.3892,0.4891
269,2019-05-28,22,45-64,63.2857,0.4027,0.3575,0.4526
269,2019-05-28,22,65+,42.1429,0.4352,0.3775,0.5020
270,2019-05-29,22,0-5,142.0000,0.8538,0.7330,0.9971
270,2019-05-29,22,6-11,194.7143,1.0109,0.8846,1.1583
270,2019-05-29,22,12-17,103.2857,0.8591,0.7408,0.9989
270,2019-05-29,22,18-44,176.5714,0.4348,0.3878,0.4874
270,2019-05-29,22,45-64,61.4286,0.4027,0.3574,0.4521
270,2019-05-29,22,65+,40.8571,0.4370,0.3794,0.5034
271,2019-05-30,22,0-5,135.7143,0.8370,0.7166,0.9725
271,2019-05-30,22,6-11,185.2857,0.9904,0.8643,1.1375
271,2019-05-30,22,12-17,96.8571,0.8396,0.7222,0.9749
271,2019-05-30,22,18-44,167.8571,0.4264,0.3799,0.4799
271,2019-05-30,22,45-64,61.1429,0.3959,0.3509,0.4471
271,2019-05-30,22,65+,39.7143,0.4326,0.3745,0.4997
272,2019-05-31,22,0-5,120.0000,0.8115,0.6934,0.9500
272,2019-05-31,22,6-11,167.2857,0.9673,0.8439,1.1151
272,2019-05-31,22,12-17,87.2857,0.8167,0.6989,0.9504
272,2019-05-31,22,18-44,154.5714,0.4152,0.3695,0.4661
272,2019-05-31,22,45-64,59.2857,0.3860,0.3420,0.4352
272,2019-05-31,22,65+,37.7143,0.4242,0.3678,0.4910
273,2019-06-01,22,0-5,110.4286,0.7934,0.6770,0.9330
273,2019-06-01,22,6-11,152.4286,0.9498,0.8236,1.0942
273,2019-06-01,22,12-17,77.7143,0.7978,0.6834,0.9326
273,2019-06-01,22,18-44,143.8571,0.4057,0.3619,0.4566
273,2019-06-01,22,45-64,56.8571,0.3784,0.3357,0.4263
273,2019-06-01,22,65+,36.8571,0.4196,0.3631,0.4890
274,2019-06-02,23,0-5,99.4286,0.7879,0.6722,0.9251
274,2019-06-02,23,6-11,136.1429,0.9487,0.8221,1.1001
274,2019-06-02,23,12-17,69.5714,0.7948,0.6790,0.9274
274,2019-06-02,23,18-44,131.1429,0.4058,0.3607,0.4572
274,2019-06-02,23,45-64,52.0000,0.3791,0.3354,0.4283
274,2019-06-02,23,65+,33.0000,0.4236,0.3648,0.4958
275,2019-06-03,23,0-5,86.1429,0.7950,0.6812,0.9318
275,2019-06-03,23,6-11,119.2857,0.9557,0.8250,1.1086
275,2019-06-03,23,12-17,59.8571,0.8011,0.6826,0.9414
275,2019-06-03,23,18-44,112.8571,0.4146,0.3675,0.4673
275,2019-06-03,23,45-64,42.8571,0.3891,0.3431,0.4405
275,2019-06-03,23,65+,27.7143,0.4373,0.3759,0.5108
276,2019-06-04,23,0-5,80.2857,0.8197,0.6997,0.9657
276,2019-06-04,23,6-11,111.4286,0.9734,0.8426,1.1234
276,2019-06-04,23,12-17,56.1429,0.8210,0.7029,0.9647
276,2019-06-04,23,18-44,103.0000,0.4339,0.3841,0.4905
276,2019-06-04,23,45-64,39.0000,0.4092,0.3602,0.4653
276,2019-06-04,23,65+,27.7143,0.4582,0.3938,0.5374
277,2019-06-05,23,0-5,71.4286,0.8578,0.7317,1.0021
277,2019-06-05,23,6-11,104.1429,0.9906,0.8528,1.1458
277,2019-06-05,23,12-17,50.4286,0.8500,0.7250,0.9936
277,2019-06-05,23,18-44,94.2857,0.4598,0.4056,0.5202
277,2019-06-05,23,45-64,35.8571,0.4358,0.3826,0.4955
277,2019-06-05,23,65+,26.4286,0.4844,0.4143,0.5664
278,2019-06-06,23,0-5,65.4286,0.9002,0.7684,1.0552
278,2019-06-06,23,6-11,99.5714,1.0136,0.8761,1.1686
278,2019-06-06,23,12-17,49.1429,0.8844,0.7619,1.0305
278,2019-06-06,23,18-44,91.2857,0.4896,0.4314,0.5549
278,2019-06-06,23,45-64,35.0000,0.4673,0.4095,0.5313
278,2019-06-06,23,65+,26.5714,0.5125,0.4405,0.5996
279,2019-06-07,23,0-5,59.7143,0.9499,0.8077,1.1048
279,2019-06-07,23,6-11,81.2857,1.0480,0.9090,1.2081
279,2019-06-07,23,12-17,38.0000,0.9297,0.8024,1.0888
279,2019-06-07,23,18-44,85.1429,0.5221,0.4611,0.5919
279,2019-06-07,23,45-64,32.7143,0.5020,0.4407,0.5713
279,2019-06-07,23,65+,25.1429,0.5426,0.4671,0.6331
280,2019-06-08,23,0-5,53.1429,0.9941,0.8483,1.1635
280,2019-06-08,23,6-11,70.5714,1.0854,0.9415,1.2491
280,2019-06-08,23,12-17,34.7143,0.9789,0.8426,1.1429
280,2019-06-08,23,18-44,82.1429,0.5517,0.4870,0.6265
280,2019-06-08,23,45-64,32.0000,0.5346,0.4687,0.6087
280,2019-06-08,23,65+,23.4286,0.5713,0.4914,0.6662
281,2019-06-09,24,0-5,48.7143,1.0271,0.8727,1.2106
281,2019-06-09,24,6-11,62.0000,1.1138,0.9640,1.2837
281,2019-06-09,24,12-17,32.0000,1.0166,0.8744,1.1885
281,2019-06-09,24,18-44,78.5714,0.5709,0.5019,0.6495
281,2019-06-09,24,45-64,31.2857,0.5568,0.4867,0.6361
281,2019-06-09,24,65+,22.7143,0.5917,0.5068,0.6905
282,2019-06-10,24,0-5,49.5714,1.0473,0.8903,1.2302
282,2019-06-10,24,6-11,62.5714,1.1232,0.9737,1.2942
282,2019-06-10,24,12-17,33.7143,1.0411,0.8958,1.2215
282,2019-06-10,24,18-44,79.7143,0.5791,0.5089,0.6568
282,2019-06-10,24,45-64,37.5714,0.5694,0.4977,0.6506
282,2019-06-10,24,65+,23.0000,0.6066,0.5210,0.7069
283,2019-06-11,24,0-5,44.2857,1.0486,0.8858,1.2287
283,2019-06-11,24,6-11,54.1429,1.1268,0.9712,1.3120
283,2019-06-11,24,12-17,27.2857,1.0592,0.9078,1.2445
283,2019-06-11,24,18-44,75.5714,0.5786,0.5101,0.6576
283,2019-06-11,24,45-64,35.8571,0.5742,0.5030,0.6574
283,2019-06-11,24,65+,18.8571,0.6182,0.5305,0.7202
284,2019-06-12,24,0-5,44.5714,1.0412,0.8841,1.2224
284,2019-06-12,24,6-11,51.2857,1.1254,0.9743,1.3151
284,2019-06-12,24,12-17,26.4286,1.0685,0.9152,1.2539
284,2019-06-12,24,18-44,72.1429,0.5738,0.5048,0.6520
284,2019-06-12,24,45-64,35.2857,0.5738,0.5008,0.6575
284,2019-06-12,24,65+,18.8571,0.6261,0.5384,0.7336
285,2019-06-13,24,0-5,43.2857,1.0325,0.8772,1.2188
285,2019-06-13,24,6-11,48.8571,1.1346,0.9800,1.3192
285,2019-06-13,24,12-17,25.8571,1.0717,0.9150,1.2581
285,2019-06-13,24,18-44,70.5714,0.5692,0.5019,0.6476
285,2019-06-13,24,45-64,35.2857,0.5725,0.4995,0.6560
285,2019-06-13,24,65+,18.8571,0.6348,0.5440,0.7434
286,2019-06-14,24,0-5,41.0000,1.0339,0.8728,1.2201
286,2019-06-14,24,6-11,41.8571,1.1546,0.9946,1.3372
286,2019-06-14,24,12-17,26.2857,1.0786,0.9205,1.2680
286,2019-06-14,24,18-44,60.1429,0.5717,0.5040,0.6493
286,2019-06-14,24,45-64,33.5714,0.5761,0.5032,0.6596
286,2019-06-14,24,65+,16.8571,0.6507,0.5555,0.7620
287,2019-06-15,24,0-5,39.4286,1.0431,0.8879,1.2371
287,2019-06-15,24,6-11,38.2857,1.1925,1.0302,1.3867
287,2019-06-15,24,12-17,24.7143,1.0929,0.9334,1.2827
287,2019-06-15,24,18-44,54.1429,0.5826,0.5132,0.6639
287,2019-06-15,24,45-64,33.0000,0.5872,0.5124,0.6739
287,2019-06-15,24,65+,17.7143,0.6735,0.5731,0.7929
288,2019-06-16,25,0-5,36.7143,1.0681,0.9046,1.2614
288,2019-06-16,25,6-11,36.5714,1.2394,1.0687,1.4442
288,2019-06-16,25,12-17,22.2857,1.1119,0.9508,1.3069
288,2019-06-16,25,18-44,50.8571,0.5992,0.5262,0.6814
288,2019-06-16,25,45-64,32.0000,0.6025,0.5252,0.6911
288,2019-06-16,25,65+,17.7143,0.6973,0.5943,0.8216
289,2019-06-17,25,0-5,33.8571,1.1010,0.9352,1.2960
289,2019-06-17,25,6-11,34.8571,1.2948,1.1179,1.5086
289,2019-06-17,25,12-17,20.1429,1.1351,0.9690,1.3426
289,2019-06-17,25,18-44,51.1429,0.6186,0.5452,0.7025
289,2019-06-17,25,45-64,28.1429,0.6201,0.5414,0.7108
289,2019-06-17,25,65+,18.4286,0.7211,0.6135,0.8476
290,2019-06-18,25,0-5,31.7143,1.1390,0.9650,1.3452
290,2019-06-18,25,6-11,34.0000,1.3569,1.1671,1.5856
290,2019-06-18,25,12-17,20.8571,1.1612,0.9910,1.3648
290,2019-06-18,25,18-44,48.0000,0.6397,0.5620,0.7269
290,2019-06-18,25,45-64,28.2857,0.6386,0.5567,0.7322
290,2019-06-18,25,65+,19.5714,0.7426,0.6316,0.8720
291,2019-06-19,25,0-5,28.5714,1.1703,0.9956,1.3832
291,2019-06-19,25,6-11,33.4286,1.4092,1.2085,1.6476
291,2019-06-19,25,12-17,20.2857,1.1817,1.0065,1.3894
291,2019-06-19,25,18-44,47.2857,0.6550,0.5762,0.7475
291,2019-06-19,25,45-64,28.1429,0.6513,0.5673,0.7467
291,2019-06-19,25,65+,20.2857,0.7526,0.6399,0.8866
292,2019-06-20,25,0-5,29.8571,1.1879,1.0090,1.4044
292,2019-06-20,25,6-11,34.1429,1.4417,1.2375,1.6857
292,2019-06-20,25,12-17,20.2857,1.1944,1.0190,1.4045
292,2019-06-20,25,18-44,46.4286,0.6632,0.5820,0.7547
292,2019-06-20,25,45-64,27.8571,0.6576,0.5729,0.7525
292,2019-06-20,25,65+,19.5714,0.7569,0.6448,0.8911
293,2019-06-21,25,0-5,31.1429,1.1833,1.0007,1.3993
293,2019-06-21,25,6-11,34.1429,1.4617,1.2516,1.7061
293,2019-06-21,25,12-17,19.0000,1.1999,1.0235,1.4096
293,2019-06-21,25,18-44,45.5714,0.6626,0.5823,0.7530
293,2019-06-21,25,45-64,26.2857,0.6577,0.5734,0.7535
293,2019-06-21,25,65+,20.0000,0.7545,0.6452,0.8903
294,2019-06-22,25,0-5,31.0000,1.1604,0.9754,1.3686
294,2019-06-22,25,6-11,34.5714,1.4560,1.2437,1.7003
294,2019-06-22,25,12-17,17.8571,1.1989,1.0198,1.4200
294,2019-06-22,25,18-44,45.8571,0.6545,0.5745,0.7440
294,2019-06-22,25,45-64,25.7143,0.6522,0.5672,0.7473
294,2019-06-22,25,65+,18.8571,0.7468,0.6346,0.8792
295,2019-06-23,26,0-5,28.7143,1.1285,0.9527,1.3305
295,2019-06-23,26,6-11,35.7143,1.4398,1.2329,1.6824
295,2019-06-23,26,12-17,17.5714,1.1927,1.0160,1.4041
295,2019-06-23,26,18-44,44.5714,0.6442,0.5658,0.7310
295,2019-06-23,26,45-64,25.4286,0.6441,0.5609,0.7379
295,2019-06-23,26,65+,18.0000,0.7348,0.6250,0.8627
296,2019-06-24,26,0-5,28.2857,1.0877,0.9205,1.2864
296,2019-06-24,26,6-11,35.5714,1.4084,1.2075,1.6482
296,2019-06-24,26,12-17,17.7143,1.1835,1.0066,1.3945
296,2019-06-24,26,18-44,41.4286,0.6302,0.5531,0.7165
296,2019-06-24,26,45-64,26.2857,0.6320,0.5507,0.7245
296,2019-06-24,26,65+,18.7143,0.7185,0.6097,0.8451
297,2019-06-25,26,0-5,28.0000,1.0458,0.8798,1.2356
297,2019-06-25,26,6-11,36.5714,1.3774,1.1796,1.6123
297,2019-06-25,26,12-17,16.8571,1.1678,0.9939,1.3781
297,2019-06-25,26,18-44,41.1429,0.6130,0.5391,0.6966
297,2019-06-25,26,45-64,26.1429,0.6154,0.5365,0.7045
297,2019-06-25,26,65+,19.0000,0.6975,0.5905,0.8208
298,2019-06-26,26,0-5,28.5714,1.0009,0.8459,1.1901
298,2019-06-26,26,6-11,37.1429,1.3420,1.1464,1.5681
298,2019-06-26,26,12-17,16.5714,1.1574,0.9789,1.3756
298,2019-06-26,26,18-44,39.8571,0.5966,0.5233,0.6805
298,2019-06-26,26,45-64,26.0000,0.5993,0.5214,0.6904
298,2019-06-26,26,65+,18.1429,0.6746,0.5724,0.7964
299,2019-06-27,26,0-5,26.8571,0.9698,0.8238,1.1565
299,2019-06-27,26,6-11,36.4286,1.3126,1.1220,1.5459
299,2019-06-27,26,12-17,16.5714,1.1471,0.9721,1.3536
299,2019-06-27,26,18-44,39.7143,0.5833,0.5124,0.6659
299,2019-06-27,26,45-64,25.4286,0.5862,0.5101,0.6738
299,2019-06-27,26,65+,18.1429,0.6558,0.5566,0.7743
300,2019-06-28,26,0-5,22.2857,0.9592,0.8073,1.1369
300,2019-06-28,26,6-11,37.2857,1.2967,1.1058,1.5230
300,2019-06-28,26,12-17,16.4286,1.1365,0.9639,1.3534
300,2019-06-28,26,18-44,41.1429,0.5775,0.5063,0.6584
300,2019-06-28,26,45-64,24.7143,0.5793,0.5044,0.6660
300,2019-06-28,26,65+,16.7143,0.6427,0.5454,0.7603
301,2019-06-29,26,0-5,20.0000,0.9623,0.8128,1.1470
301,2019-06-29,26,6-11,34.8571,1.2934,1.1039,1.5248
301,2019-06-29,26,12-17,17.2857,1.1375,0.9636,1.3480
301,2019-06-29,26,18-44,37.0000,0.5793,0.5065,0.6623
301,2019-06-29,26,45-64,22.8571,0.5808,0.5034,0.6690
301,2019-06-29,26,65+,16.0000,0.6388,0.5401,0.7579
302,2019-06-30,27,0-5,18.2857,0.9818,0.8286,1.1686
302,2019-06-30,27,6-11,32.5714,1.3111,1.1166,1.5480
302,2019-06-30,27,12-17,17.0000,1.1437,0.9692,1.3510
302,2019-06-30,27,18-44,35.4286,0.5894,0.5137,0.6721
302,2019-06-30,27,45-64,21.4286,0.5897,0.5104,0.6791
302,2019-06-30,27,65+,15.7143,0.6443,0.5459,0.7630
303,2019-07-01,27,0-5,17.7143,1.0072,0.8464,1.2002
303,2019-07-01,27,6-11,33.2857,1.3337,1.1375,1.5699
303,2019-07-01,27,12-17,15.7143,1.1510,0.9791,1.3639
303,2019-07-01,27,18-44,36.2857,0.6039,0.5266,0.6914
303,2019-07-01,27,45-64,21.0000,0.6050,0.5227,0.6996
303,2019-07-01,27,65+,14.4286,0.6589,0.5581,0.7798
304,2019-07-02,27,0-5,17.1429,1.0319,0.8679,1.2256
304,2019-07-02,27,6-11,32.5714,1.3672,1.1635,1.6025
304,2019-07-02,27,12-17,15.5714,1.1660,0.9881,1.3741
304,2019-07-02,27,18-44,34.7143,0.6204,0.5412,0.7103
304,2019-07-02,27,45-64,20.4286,0.6226,0.5381,0.7203
304,2019-07-02,27,65+,13.0000,0.6761,0.5718,0.7999
305,2019-07-03,27,0-5,16.1429,1.0542,0.8867,1.2526
305,2019-07-03,27,6-11,31.2857,1.3996,1.1935,1.6364
305,2019-07-03,27,12-17,15.7143,1.1808,1.0024,1.3927
305,2019-07-03,27,18-44,33.7143,0.6373,0.5564,0.7315
305,2019-07-03,27,45-64,20.4286,0.6420,0.5546,0.7418
305,2019-07-03,27,65+,12.5714,0.6987,0.5912,0.8278
306,2019-07-04,27,0-5,16.5714,1.0709,0.9026,1.2664
306,2019-07-04,27,6-11,31.4286,1.4218,1.2171,1.6711
306,2019-07-04,27,12-17,15.5714,1.1938,1.0167,1.3996
306,2019-07-04,27,18-44,33.7143,0.6515,0.5688,0.7451
306,2019-07-04,27,45-64,21.0000,0.6571,0.5677,0.7575
306,2019-07-04,27,65+,12.4286,0.7182,0.6089,0.8466
307,2019-07-05,27,0-5,16.5714,1.0802,0.9051,1.2849
307,2019-07-05,27,6-11,31.7143,1.4382,1.2265,1.6868
307,2019-07-05,27,12-17,14.4286,1.2066,1.0264,1.4307
307,2019-07-05,27,18-44,32.4286,0.6609,0.5764,0.7574
307,2019-07-05,27,45-64,22.8571,0.6675,0.5778,0.7707
307,2019-07-05,27,65+,12.2857,0.7361,0.6243,0.8708
308,2019-07-06,27,0-5,16.2857,1.0841,0.9097,1.2867
308,2019-07-06,27,6-11,32.2857,1.4474,1.2315,1.6977
308,2019-07-06,27,12-17,12.7143,1.2210,1.0365,1.4493
308,2019-07-06,27,18-44,33.8571,0.6680,0.5819,0.7660
308,2019-07-06,27,45-64,22.8571,0.6748,0.5839,0.7815
308,2019-07-06,27,65+,12.2857,0.7504,0.6340,0.8873
309,2019-07-07,28,0-5,15.8571,1.0822,0.9088,1.2904
309,2019-07-07,28,6-11,33.0000,1.4380,1.2270,1.6825
309,2019-07-07,28,12-17,13.0000,1.2348,1.0448,1.4640
309,2019-07-07,28,18-44,33.8571,0.6687,0.5824,0.7693
309,2019-07-07,28,45-64,22.4286,0.6773,0.5855,0.7814
309,2019-07-07,28,65+,11.5714,0.7590,0.6417,0.8965
310,2019-07-08,28,0-5,14.7143,1.0778,0.9055,1.2810
310,2019-07-08,28,6-11,30.0000,1.4258,1.2212,1.6659
310,2019-07-08,28,12-17,13.5714,1.2391,1.0493,1.4695
310,2019-07-08,28,18-44,32.1429,0.6659,0.5826,0.7606
310,2019-07-08,28,45-64,21.0000,0.6744,0.5843,0.7783
310,2019-07-08,28,65+,13.2857,0.7628,0.6450,0.9031
311,2019-07-09,28,0-5,14.1429,1.0685,0.9005,1.2682
311,2019-07-09,28,6-11,30.0000,1.4131,1.2019,1.6525
311,2019-07-09,28,12-17,13.2857,1.2359,1.0448,1.4614
311,2019-07-09,28,18-44,33.4286,0.6603,0.5769,0.7563
311,2019-07-09,28,45-64,21.5714,0.6691,0.5789,0.7717
311,2019-07-09,28,65+,13.1429,0.7607,0.6424,0.8978
312,2019-07-10,28,0-5,13.4286,1.0603,0.8903,1.2632
312,2019-07-10,28,6-11,30.8571,1.3895,1.1902,1.6313
312,2019-07-10,28,12-17,13.5714,1.2300,1.0470,1.4473
312,2019-07-10,28,18-44,33.5714,0.6520,0.5692,0.7489
312,2019-07-10,28,45-64,20.2857,0.6605,0.5722,0.7618
312,2019-07-10,28,65+,13.1429,0.7530,0.6381,0.8953
313,2019-07-11,28,0-5,13.5714,1.0487,0.8802,1.2517
313,2019-07-11,28,6-11,31.2857,1.3662,1.1689,1.6039
313,2019-07-11,28,12-17,13.0000,1.2226,1.0291,1.4434
313,2019-07-11,28,18-44,32.7143,0.6423,0.5620,0.7351
313,2019-07-11,28,45-64,20.2857,0.6503,0.5643,0.7489
313,2019-07-11,28,65+,13.2857,0.7421,0.6286,0.8782
314,2019-07-12,28,0-5,13.1429,1.0371,0.8683,1.2419
314,2019-07-12,28,6-11,29.1429,1.3446,1.1471,1.5806
314,2019-07-12,28,12-17,14.1429,1.2114,1.0199,1.4342
314,2019-07-12,28,18-44,31.7143,0.6330,0.5518,0.7273
314,2019-07-12,28,45-64,18.5714,0.6403,0.5530,0.7403
314,2019-07-12,28,65+,15.0000,0.7279,0.6141,0.8631
315,2019-07-13,28,0-5,12.7143,1.0289,0.8608,1.2275
315,2019-07-13,28,6-11,27.8571,1.3279,1.1370,1.5540
315,2019-07-13,28,12-17,14.2857,1.1959,1.0109,1.4225
315,2019-07-13,28,18-44,30.8571,0.6235,0.5427,0.7148
315,2019-07-13,28,45-64,18.8571,0.6292,0.5429,0.7295
315,2019-07-13,28,65+,15.0000,0.7119,0.6004,0.8475
316,2019-07-14,29,0-5,12.5714,1.0137,0.8485,1.2137
316,2019-07-14,29,6-11,26.0000,1.3145,1.1191,1.5462
316,2019-07-14,29,12-17,14.0000,1.1847,1.0008,1.4064
316,2019-07-14,29,18-44,31.1429,0.6121,0.5341,0.7020
316,2019-07-14,29,45-64,19.4286,0.6184,0.5345,0.7143
316,2019-07-14,29,65+,14.2857,0.6985,0.5895,0.8307
317,2019-07-15,29,0-5,12.4286,1.0045,0.8385,1.2009
317,2019-07-15,29,6-11,27.1429,1.3034,1.1052,1.5268
317,2019-07-15,29,12-17,14.0000,1.1736,0.9894,1.4029
317,2019-07-15,29,18-44,31.0000,0.6030,0.5256,0.6913
317,2019-07-15,29,45-64,19.4286,0.6104,0.5274,0.7047
317,2019-07-15,29,65+,12.5714,0.6905,0.5814,0.8178
318,2019-07-16,29,0-5,12.2857,0.9945,0.8314,1.1876
318,2019-07-16,29,6-11,26.7143,1.2911,1.1052,1.5243
318,2019-07-16,29,12-17,13.2857,1.1711,0.9805,1.3946
318,2019-07-16,29,18-44,28.5714,0.5957,0.5184,0.6840
318,2019-07-16,29,45-64,17.5714,0.6056,0.5222,0.7010
318,2019-07-16,29,65+,12.1429,0.6881,0.5789,0.8188
319,2019-07-17,29,0-5,11.5714,0.9856,0.8219,1.1806
319,2019-07-17,29,6-11,25.4286,1.2941,1.0991,1.5217
319,2019-07-17,29,12-17,12.4286,1.1659,0.9788,1.3904
319,2019-07-17,29,18-44,28.1429,0.5904,0.5137,0.6788
319,2019-07-17,29,45-64,17.8571,0.6029,0.5202,0.6999
319,2019-07-17,29,65+,11.8571,0.6898,0.5824,0.8220
320,2019-07-18,29,0-5,10.8571,0.9828,0.8204,1.1800
320,2019-07-18,29,6-11,24.1429,1.3020,1.1082,1.5483
320,2019-07-18,29,12-17,12.5714,1.1615,0.9750,1.3884
320,2019-07-18,29,18-44,28.7143,0.5886,0.5128,0.6764
320,2019-07-18,29,45-64,17.2857,0.6042,0.5217,0.7003
320,2019-07-18,29,65+,11.8571,0.6985,0.5881,0.8367
321,2019-07-19,29,0-5,10.5714,0.9860,0.8243,1.1793
321,2019-07-19,29,6-11,22.5714,1.3287,1.1235,1.5649
321,2019-07-19,29,12-17,12.4286,1.1646,0.9807,1.3886
321,2019-07-19,29,18-44,26.5714,0.5921,0.5157,0.6801
321,2019-07-19,29,45-64,16.2857,0.6111,0.5268,0.7071
321,2019-07-19,29,65+,10.0000,0.7123,0.5974,0.8484
322,2019-07-20,29,0-5,10.8571,0.9949,0.8286,1.1983
322,2019-07-20,29,6-11,22.8571,1.3689,1.1574,1.6170
322,2019-07-20,29,12-17,12.7143,1.1698,0.9857,1.3957
322,2019-07-20,29,18-44,24.2857,0.6027,0.5241,0.6930
322,2019-07-20,29,45-64,16.0000,0.6227,0.5349,0.7241
322,2019-07-20,29,65+,11.1429,0.7302,0.6116,0.8778
323,2019-07-21,30,0-5,10.8571,1.0094,0.8394,1.2216
323,2019-07-21,30,6-11,22.2857,1.4080,1.1941,1.6750
323,2019-07-21,30,12-17,12.4286,1.1695,0.9864,1.3943
323,2019-07-21,30,18-44,22.0000,0.6153,0.5345,0.7082
323,2019-07-21,30,45-64,15.5714,0.6338,0.5443,0.7396
323,2019-07-21,30,65+,11.4286,0.7459,0.6252,0.8971
324,2019-07-22,30,0-5,10.4286,1.0280,0.8558,1.2356
324,2019-07-22,30,6-11,21.8571,1.4520,1.2309,1.7116
324,2019-07-22,30,12-17,12.1429,1.1656,0.9806,1.3845
324,2019-07-22,30,18-44,20.2857,0.6292,0.5468,0.7240
324,2019-07-22,30,45-64,15.8571,0.6446,0.5542,0.7480
324,2019-07-22,30,65+,11.2857,0.7575,0.6355,0.9126
325,2019-07-23,30,0-5,9.8571,1.0534,0.8786,1.2696
325,2019-07-23,30,6-11,22.2857,1.4912,1.2588,1.7580
325,2019-07-23,30,12-17,12.0000,1.1596,0.9814,1.3767
325,2019-07-23,30,18-44,20.1429,0.6447,0.5596,0.7429
325,2019-07-23,30,45-64,15.4286,0.6537,0.5617,0.7583
325,2019-07-23,30,65+,12.0000,0.7648,0.6406,0.9168
326,2019-07-24,30,0-5,10.2857,1.0758,0.8960,1.2965
326,2019-07-24,30,6-11,23.4286,1.5098,1.2748,1.7814
326,2019-07-24,30,12-17,12.2857,1.1532,0.9731,1.3689
326,2019-07-24,30,18-44,20.0000,0.6553,0.5681,0.7546
326,2019-07-24,30,45-64,15.5714,0.6577,0.5648,0.7631
326,2019-07-24,30,65+,11.8571,0.7643,0.6409,0.9116
327,2019-07-25,30,0-5,9.8571,1.0934,0.9133,1.3163
327,2019-07-25,30,6-11,24.5714,1.5109,1.2748,1.7871
327,2019-07-25,30,12-17,12.4286,1.1427,0.9685,1.3596
327,2019-07-25,30,18-44,21.0000,0.6605,0.5729,0.7618
327,2019-07-25,30,45-64,15.7143,0.6554,0.5648,0.7624
327,2019-07-25,30,65+,11.7143,0.7557,0.6334,0.8986
328,2019-07-26,30,0-5,8.4286,1.1096,0.9241,1.3381
328,2019-07-26,30,6-11,25.1429,1.4913,1.2603,1.7641
328,2019-07-26,30,12-17,10.2857,1.1333,0.9563,1.3481
328,2019-07-26,30,18-44,22.0000,0.6633,0.5728,0.7682
328,2019-07-26,30,45-64,16.1429,0.6519,0.5590,0.7576
328,2019-07-26,30,65+,11.5714,0.7441,0.6233,0.8913
329,2019-07-27,30,0-5,8.7143,1.1240,0.9351,1.3522
329,2019-07-27,30,6-11,25.8571,1.4605,1.2339,1.7273
329,2019-07-27,30,12-17,9.4286,1.1302,0.9546,1.3502
329,2019-07-27,30,18-44,22.8571,0.6616,0.5729,0.7662
329,2019-07-27,30,45-64,15.4286,0.6462,0.5555,0.7499
329,2019-07-27,30,65+,10.5714,0.7323,0.6144,0.8696
330,2019-07-28,31,0-5,8.5714,1.1295,0.9407,1.3590
330,2019-07-28,31,6-11,25.8571,1.4266,1.2088,1.6833
330,2019-07-28,31,12-17,8.8571,1.1303,0.9544,1.3483
330,2019-07-28,31,18-44,23.8571,0.6571,0.5690,0.7632
330,2019-07-28,31,45-64,14.4286,0.6402,0.5506,0.7442
330,2019-07-28,31,65+,11.0000,0.7203,0.6065,0.8594
331,2019-07-29,31,0-5,9.1429,1.1301,0.9382,1.3545
331,2019-07-29,31,6-11,25.1429,1.3970,1.1858,1.6397
331,2019-07-29,31,12-17,7.5714,1.1429,0.9592,1.3611
331,2019-07-29,31,18-44,24.7143,0.6527,0.5647,0.7577
331,2019-07-29,31,45-64,13.0000,0.6367,0.5463,0.7396
331,2019-07-29,31,65+,10.1429,0.7112,0.5946,0.8483
332,2019-07-30,31,0-5,9.5714,1.1216,0.9307,1.3408
332,2019-07-30,31,6-11,24.2857,1.3750,1.1740,1.6213
332,2019-07-30,31,12-17,7.8571,1.1624,0.9738,1.3851
332,2019-07-30,31,18-44,25.2857,0.6500,0.5622,0.7544
332,2019-07-30,31,45-64,13.0000,0.6366,0.5461,0.7407
332,2019-07-30,31,65+,9.7143,0.7048,0.5921,0.8421
333,2019-07-31,31,0-5,9.8571,1.1194,0.9331,1.3437
333,2019-07-31,31,6-11,22.1429,1.3740,1.1671,1.6194
333,2019-07-31,31,12-17,6.7143,1.1871,0.9955,1.4155
333,2019-07-31,31,18-44,25.8571,0.6533,0.5652,0.7567
333,2019-07-31,31,45-64,12.4286,0.6414,0.5498,0.7476
333,2019-07-31,31,65+,9.8571,0.7030,0.5926,0.8431
334,2019-08-01,31,0-5,10.1429,1.1126,0.9277,1.3401
334,2019-08-01,31,6-11,20.8571,1.3789,1.1726,1.6244
334,2019-08-01,31,12-17,6.7143,1.2166,1.0225,1.4394
334,2019-08-01,31,18-44,24.4286,0.6592,0.5703,0.7624
334,2019-08-01,31,45-64,13.0000,0.6504,0.5581,0.7574
334,2019-08-01,31,65+,10.0000,0.7084,0.5951,0.8422
335,2019-08-02,31,0-5,10.4286,1.1089,0.9233,1.3325
335,2019-08-02,31,6-11,21.4286,1.3925,1.1823,1.6394
335,2019-08-02,31,12-17,8.4286,1.2403,1.0394,1.4752
335,2019-08-02,31,18-44,23.7143,0.6669,0.5764,0.7739
335,2019-08-02,31,45-64,12.1429,0.6613,0.5677,0.7711
335,2019-08-02,31,65+,9.2857,0.7170,0.6015,0.8535
336,2019-08-03,31,0-5,10.0000,1.1015,0.9201,1.3256
336,2019-08-03,31,6-11,19.7143,1.4000,1.1855,1.6556
336,2019-08-03,31,12-17,8.5714,1.2535,1.0550,1.4903
336,2019-08-03,31,18-44,24.1429,0.6733,0.5820,0.7804
336,2019-08-03,31,45-64,12.5714,0.6711,0.5753,0.7813
336,2019-08-03,31,65+,8.2857,0.7251,0.6088,0.8663
337,2019-08-04,32,0-5,10.1429,1.0945,0.9078,1.3091
337,2019-08-04,32,6-11,20.0000,1.4049,1.1910,1.6512
337,2019-08-04,32,12-17,9.2857,1.2584,1.0603,1.5101
337,2019-08-04,32,18-44,23.8571,0.6799,0.5869,0.7868
337,2019-08-04,32,45-64,12.5714,0.6807,0.5838,0.7935
337,2019-08-04,32,65+,8.1429,0.7361,0.6192,0.8762
338,2019-08-05,32,0-5,10.4286,1.0802,0.8987,1.2950
338,2019-08-05,32,6-11,20.0000,1.4004,1.1864,1.6499
338,2019-08-05,32,12-17,10.1429,1.2568,1.0527,1.4984
338,2019-08-05,32,18-44,23.4286,0.6811,0.5880,0.7873
338,2019-08-05,32,45-64,13.5714,0.6854,0.5880,0.7967
338,2019-08-05,32,65+,8.4286,0.7434,0.6256,0.8853
339,2019-08-06,32,0-5,9.7143,1.0688,0.8917,1.2795
339,2019-08-06,32,6-11,19.8571,1.3949,1.1824,1.6433
339,2019-08-06,32,12-17,9.4286,1.2439,1.0477,1.4830
339,2019-08-06,32,18-44,24.5714,0.6789,0.5856,0.7895
339,2019-08-06,32,45-64,13.8571,0.6863,0.5869,0.8015
339,2019-08-06,32,65+,8.2857,0.7474,0.6271,0.8907
340,2019-08-07,32,0-5,8.7143,1.0513,0.8751,1.2615
340,2019-08-07,32,6-11,19.0000,1.3802,1.1744,1.6270
340,2019-08-07,32,12-17,9.8571,1.2319,1.0351,1.4673
340,2019-08-07,32,18-44,24.0000,0.6735,0.5816,0.7787
340,2019-08-07,32,45-64,14.1429,0.6848,0.5857,0.7975
340,2019-08-07,32,65+,8.2857,0.7486,0.6302,0.8893
341,2019-08-08,32,0-5,9.0000,1.0347,0.8627,1.2444
341,2019-08-08,32,6-11,19.1429,1.3657,1.1584,1.6113
341,2019-08-08,32,12-17,9.5714,1.2199,1.0261,1.4542
341,2019-08-08,32,18-44,23.5714,0.6657,0.5754,0.7731
341,2019-08-08,32,45-64,13.5714,0.6808,0.5839,0.7952
341,2019-08-08,32,65+,8.0000,0.7464,0.6258,0.8908
342,2019-08-09,32,0-5,8.8571,1.0220,0.8539,1.2327
342,2019-08-09,32,6-11,17.8571,1.3566,1.1527,1.5951
342,2019-08-09,32,12-17,8.2857,1.2117,1.0210,1.4352
342,2019-08-09,32,18-44,24.1429,0.6585,0.5674,0.7635
342,2019-08-09,32,45-64,13.0000,0.6768,0.5786,0.7902
342,2019-08-09,32,65+,8.7143,0.7441,0.6237,0.8873
343,2019-08-10,32,0-5,8.4286,1.0213,0.8513,1.2274
343,2019-08-10,32,6-11,17.7143,1.3584,1.1484,1.6094
343,2019-08-10,32,12-17,8.4286,1.2141,1.0214,1.4432
343,2019-08-10,32,18-44,23.4286,0.6541,0.5652,0.7592
343,2019-08-10,32,45-64,14.0000,0.6752,0.5791,0.7903
343,2019-08-10,32,65+,8.7143,0.7428,0.6254,0.8900
344,2019-08-11,33,0-5,8.1429,1.0268,0.8542,1.2358
344,2019-08-11,33,6-11,17.2857,1.3676,1.1614,1.6152
344,2019-08-11,33,12-17,8.2857,1.2195,1.0248,1.4451
344,2019-08-11,33,18-44,23.8571,0.6524,0.5644,0.7554
344,2019-08-11,33,45-64,15.5714,0.6751,0.5798,0.7879
344,2019-08-11,33,65+,9.0000,0.7447,0.6249,0.8890
345,2019-08-12,33,0-5,6.4286,1.0433,0.8690,1.2616
345,2019-08-12,33,6-11,15.1429,1.3920,1.1793,1.6520
345,2019-08-12,33,12-17,6.8571,1.2327,1.0373,1.4724
345,2019-08-12,33,18-44,20.7143,0.6574,0.5681,0.7594
345,2019-08-12,33,45-64,13.7143,0.6819,0.5830,0.7936
345,2019-08-12,33,65+,7.8571,0.7503,0.6279,0.8938
346,2019-08-13,33,0-5,7.2857,1.0698,0.8861,1.2869
346,2019-08-13,33,6-11,15.1429,1.4256,1.2029,1.6892
346,2019-08-13,33,12-17,8.1429,1.2543,1.0533,1.4947
346,2019-08-13,33,18-44,19.5714,0.6683,0.5770,0.7756
346,2019-08-13,33,45-64,14.0000,0.6945,0.5925,0.8130
346,2019-08-13,33,65+,7.7143,0.7650,0.6390,0.9131
347,2019-08-14,33,0-5,8.1429,1.0971,0.9106,1.3218
347,2019-08-14,33,6-11,16.1429,1.4633,1.2343,1.7331
347,2019-08-14,33,12-17,8.1429,1.2788,1.0741,1.5204
347,2019-08-14,33,18-44,19.2857,0.6818,0.5907,0.7883
347,2019-08-14,33,45-64,13.5714,0.7097,0.6076,0.8325
347,2019-08-14,33,65+,7.5714,0.7846,0.6544,0.9411
348,2019-08-15,33,0-5,7.0000,1.1356,0.9444,1.3673
348,2019-08-15,33,6-11,16.2857,1.4986,1.2706,1.7806
348,2019-08-15,33,12-17,8.2857,1.3045,1.0934,1.5512
348,2019-08-15,33,18-44,19.2857,0.7013,0.6068,0.8110
348,2019-08-15,33,45-64,13.8571,0.7327,0.6263,0.8578
348,2019-08-15,33,65+,8.1429,0.8105,0.6791,0.9703
349,2019-08-16,33,0-5,7.1429,1.1715,0.9684,1.4124
349,2019-08-16,33,6-11,16.7143,1.5340,1.2987,1.8114
349,2019-08-16,33,12-17,8.5714,1.3313,1.1186,1.5816
349,2019-08-16,33,18-44,17.5714,0.7218,0.6251,0.8369
349,2019-08-16,33,45-64,14.8571,0.7571,0.6468,0.8883
349,2019-08-16,33,65+,7.2857,0.8400,0.7028,1.0078
350,2019-08-17,33,0-5,7.1429,1.2022,0.9983,1.4531
350,2019-08-17,33,6-11,15.7143,1.5604,1.3164,1.8384
350,2019-08-17,33,12-17,7.8571,1.3582,1.1445,1.6091
350,2019-08-17,33,18-44,18.1429,0.7420,0.6429,0.8567
350,2019-08-17,33,45-64,13.5714,0.7821,0.6685,0.9127
350,2019-08-17,33,65+,7.0000,0.8693,0.7293,1.0403
351,2019-08-18,34,0-5,7.8571,1.2298,1.0222,1.4777
351,2019-08-18,34,6-11,16.0000,1.5778,1.3377,1.8587
351,2019-08-18,34,12-17,7.8571,1.3858,1.1686,1.6423
351,2019-08-18,34,18-44,17.2857,0.7603,0.6581,0.8780
351,2019-08-18,34,45-64,13.2857,0.8047,0.6862,0.9402
351,2019-08-18,34,65+,7.4286,0.8948,0.7485,1.0666
352,2019-08-19,34,0-5,9.1429,1.2497,1.0387,1.5063
352,2019-08-19,34,6-11,18.1429,1.5826,1.3430,1.8668
352,2019-08-19,34,12-17,9.4286,1.4038,1.1850,1.6662
352,2019-08-19,34,18-44,19.1429,0.7723,0.6687,0.8913
352,2019-08-19,34,45-64,15.7143,0.8168,0.6989,0.9554
352,2019-08-19,34,65+,9.1429,0.9044,0.7578,1.0781
353,2019-08-20,34,0-5,8.5714,1.2678,1.0526,1.5239
353,2019-08-20,34,6-11,17.7143,1.5814,1.3423,1.8548
353,2019-08-20,34,12-17,7.5714,1.4229,1.1994,1.6872
353,2019-08-20,34,18-44,17.5714,0.7804,0.6758,0.9037
353,2019-08-20,34,45-64,17.0000,0.8212,0.7027,0.9639
353,2019-08-20,34,65+,9.7143,0.9035,0.7605,1.0790
354,2019-08-21,34,0-5,8.4286,1.2846,1.0719,1.5499
354,2019-08-21,34,6-11,18.5714,1.5751,1.3397,1.8462
354,2019-08-21,34,12-17,7.7143,1.4340,1.2143,1.7023
354,2019-08-21,34,18-44,17.2857,0.7855,0.6812,0.9076
354,2019-08-21,34,45-64,18.0000,0.8198,0.7012,0.9574
354,2019-08-21,34,65+,10.2857,0.8936,0.7531,1.0634
355,2019-08-22,34,0-5,8.4286,1.2996,1.0848,1.5648
355,2019-08-22,34,6-11,18.7143,1.5680,1.3399,1.8393
355,2019-08-22,34,12-17,7.7143,1.4500,1.2254,1.7172
355,2019-08-22,34,18-44,17.7143,0.7868,0.6840,0.9070
355,2019-08-22,34,45-64,17.8571,0.8126,0.6972,0.9472
355,2019-08-22,34,65+,9.8571,0.8782,0.7407,1.0414
356,2019-08-23,34,0-5,10.1429,1.3099,1.0959,1.5688
356,2019-08-23,34,6-11,16.4286,1.5709,1.3436,1.8494
356,2019-08-23,34,12-17,8.4286,1.4631,1.2364,1.7283
356,2019-08-23,34,18-44,20.8571,0.7854,0.6832,0.9037
356,2019-08-23,34,45-64,17.8571,0.8024,0.6904,0.9314
356,2019-08-23,34,65+,9.7143,0.8598,0.7269,1.0165
357,2019-08-24,34,0-5,10.4286,1.3204,1.1033,1.5806
357,2019-08-24,34,6-11,16.5714,1.5824,1.3503,1.8626
357,2019-08-24,34,12-17,9.1429,1.4766,1.2476,1.7520
357,2019-08-24,34,18-44,20.5714,0.7836,0.6816,0.9023
357,2019-08-24,34,45-64,18.8571,0.7919,0.6825,0.9201
357,2019-08-24,34,65+,10.5714,0.8433,0.7128,0.9980
358,2019-08-25,35,0-5,10.2857,1.3292,1.1116,1.5901
358,2019-08-25,35,6-11,17.4286,1.5946,1.3591,1.8765
358,2019-08-25,35,12-17,9.4286,1.4866,1.2496,1.7661
358,2019-08-25,35,18-44,22.7143,0.7800,0.6792,0.8992
358,2019-08-25,35,45-64,18.2857,0.7824,0.6739,0.9077
358,2019-08-25,35,65+,9.2857,0.8313,0.7027,0.9853
359,2019-08-26,35,0-5,10.1429,1.3382,1.1092,1.6143
359,2019-08-26,35,6-11,17.8571,1.6061,1.3663,1.8932
359,2019-08-26,35,12-17,10.2857,1.4967,1.2533,1.7854
359,2019-08-26,35,18-44,24.7143,0.7786,0.6752,0.8982
359,2019-08-26,35,45-64,17.5714,0.7772,0.6675,0.9052
359,2019-08-26,35,65+,9.1429,0.8276,0.6952,0.9865
360,2019-08-27,35,0-5,10.0000,1.3486,1.1024,1.6437
360,2019-08-27,35,6-11,18.0000,1.6236,1.3665,1.9264
360,2019-08-27,35,12-17,10.8571,1.5027,1.2440,1.8093
360,2019-08-27,35,18-44,25.1429,0.7779,0.6695,0.9014
360,2019-08-27,35,45-64,16.7143,0.7749,0.6588,0.9075
360,2019-08-27,35,65+,8.4286,0.8279,0.6853,0.9982
361,2019-08-28,35,0-5,11.0000,1.3575,1.0864,1.6906
361,2019-08-28,35,6-11,17.7143,1.6462,1.3527,1.9945
361,2019-08-28,35,12-17,12.4286,1.5118,1.2194,1.8604
361,2019-08-28,35,18-44,26.4286,0.7803,0.6605,0.9178
361,2019-08-28,35,45-64,16.7143,0.7761,0.6489,0.9242
361,2019-08-28,35,65+,8.7143,0.8321,0.6739,1.0259
362,2019-08-29,35,0-5,12.8571,1.3641,1.0541,1.7611
362,2019-08-29,35,6-11,18.2857,1.6660,1.3196,2.0959
362,2019-08-29,35,12-17,12.4286,1.5175,1.1822,1.9377
362,2019-08-29,35,18-44,26.2857,0.7841,0.6455,0.9457
362,2019-08-29,35,45-64,17.0000,0.7791,0.6324,0.9523
362,2019-08-29,35,65+,8.7143,0.8372,0.6558,1.0667
363,2019-08-30,35,0-5,13.1429,1.3700,1.0133,1.8648
363,2019-08-30,35,6-11,20.7143,1.6796,1.2725,2.2228
363,2019-08-30,35,12-17,13.1429,1.5248,1.1420,2.0477
363,2019-08-30,35,18-44,26.1429,0.7879,0.6271,0.9917
363,2019-08-30,35,45-64,19.0000,0.7823,0.6132,0.9970
363,2019-08-30,35,65+,10.5714,0.8411,0.6359,1.1203
364,2019-08-31,35,0-5,14.0000,1.3783,0.9743,1.9856
364,2019-08-31,35,6-11,22.5714,1.6901,1.2250,2.3692
364,2019-08-31,35,12-17,13.5714,1.5316,1.1002,2.1729
364,2019-08-31,35,18-44,27.8571,0.7938,0.6077,1.0463
364,2019-08-31,35,45-64,18.0000,0.7877,0.5939,1.0549
364,2019-08-31,35,65+,10.5714,0.8463,0.6161,1.1852
