day,date,wk,age_group,cases,Rj_med,Rj_lo,Rj_hi
1,2018-09-02,36,0-5,11.8571,1.3030,1.0732,1.5628
1,2018-09-02,36,6-11,20.0000,1.7619,1.4620,2.1027
1,2018-09-02,36,12-17,7.1429,1.8742,1.5539,2.2523
1,2018-09-02,36,18-44,26.7143,1.2188,0.9949,1.4917
1,2018-09-02,36,45-64,18.1429,1.1048,0.8909,1.3622
1,2018-09-02,36,65+,10.2857,0.8796,0.6992,1.1009
2,2018-09-03,36,0-5,12.7143,1.2886,1.0873,1.5215
2,2018-09-03,36,6-11,22.2857,1.7744,1.5079,2.0953
2,2018-09-03,36,12-17,8.4286,1.8941,1.6024,2.2315
2,2018-09-03,36,18-44,26.7143,1.1982,1.0079,1.4257
2,2018-09-03,36,45-64,18.1429,1.0788,0.8975,1.2882
2,2018-09-03,36,65+,11.0000,0.8527,0.7023,1.0330
3,2018-09-04,36,0-5,13.1429,1.2616,1.0815,1.4671
3,2018-09-04,36,6-11,21.8571,1.7663,1.5177,2.0492
3,2018-09-04,36,12-17,9.8571,1.8884,1.6202,2.1890
3,2018-09-04,36,18-44,28.2857,1.1662,0.9962,1.3636
3,2018-09-04,36,45-64,19.5714,1.0454,0.8873,1.2269
3,2018-09-04,36,65+,12.0000,0.8232,0.6935,0.9772
4,2018-09-05,36,0-5,13.8571,1.2239,1.0612,1.4103
4,2018-09-05,36,6-11,21.5714,1.7389,1.5103,2.0030
4,2018-09-05,36,12-17,11.5714,1.8566,1.6090,2.1397
4,2018-09-05,36,18-44,31.1429,1.1267,0.9739,1.3090
4,2018-09-05,36,45-64,19.2857,1.0077,0.8661,1.1738
4,2018-09-05,36,65+,12.7143,0.7913,0.6755,0.9301
5,2018-09-06,36,0-5,13.8571,1.1772,1.0241,1.3530
5,2018-09-06,36,6-11,20.5714,1.6918,1.4721,1.9443
5,2018-09-06,36,12-17,12.1429,1.8045,1.5682,2.0730
5,2018-09-06,36,18-44,31.5714,1.0813,0.9377,1.2466
5,2018-09-06,36,45-64,19.8571,0.9649,0.8325,1.1164
5,2018-09-06,36,65+,12.5714,0.7553,0.6483,0.8811
6,2018-09-07,36,0-5,15.8571,1.1247,0.9811,1.2915
6,2018-09-07,36,6-11,24.5714,1.6299,1.4209,1.8786
6,2018-09-07,36,12-17,15.0000,1.7351,1.5068,1.9921
6,2018-09-07,36,18-44,31.7143,1.0316,0.8955,1.1905
6,2018-09-07,36,45-64,21.5714,0.9191,0.7940,1.0631
6,2018-09-07,36,65+,14.2857,0.7180,0.6187,0.8364
7,2018-09-08,36,0-5,15.8571,1.0704,0.9345,1.2286
7,2018-09-08,36,6-11,27.2857,1.5577,1.3541,1.7929
7,2018-09-08,36,12-17,17.0000,1.6499,1.4289,1.8967
7,2018-09-08,36,18-44,32.2857,0.9815,0.8539,1.1353
7,2018-09-08,36,45-64,23.1429,0.8744,0.7568,1.0149
7,2018-09-08,36,65+,16.0000,0.6810,0.5867,0.7933
8,2018-09-09,37,0-5,16.2857,1.0171,0.8874,1.1656
8,2018-09-09,37,6-11,30.0000,1.4799,1.2878,1.7070
8,2018-09-09,37,12-17,19.8571,1.5569,1.3517,1.7917
8,2018-09-09,37,18-44,34.5714,0.9325,0.8083,1.0741
8,2018-09-09,37,45-64,23.8571,0.8304,0.7172,0.9615
8,2018-09-09,37,65+,16.7143,0.6450,0.5547,0.7498
9,2018-09-10,37,0-5,15.5714,0.9758,0.8509,1.1203
9,2018-09-10,37,6-11,29.8571,1.4187,1.2356,1.6301
9,2018-09-10,37,12-17,19.8571,1.4763,1.2867,1.6958
9,2018-09-10,37,18-44,38.1429,0.8901,0.7720,1.0292
9,2018-09-10,37,45-64,24.4286,0.7933,0.6844,0.9213
9,2018-09-10,37,65+,16.7143,0.6137,0.5283,0.7141
10,2018-09-11,37,0-5,14.1429,0.9455,0.8228,1.0861
10,2018-09-11,37,6-11,31.1429,1.3675,1.1893,1.5837
10,2018-09-11,37,12-17,20.0000,1.4095,1.2254,1.6220
10,2018-09-11,37,18-44,38.8571,0.8586,0.7415,0.9906
10,2018-09-11,37,45-64,24.0000,0.7653,0.6587,0.8867
10,2018-09-11,37,65+,16.0000,0.5898,0.5070,0.6857
11,2018-09-12,37,0-5,14.8571,0.9257,0.8062,1.0656
11,2018-09-12,37,6-11,32.7143,1.3317,1.1562,1.5390
11,2018-09-12,37,12-17,19.8571,1.3582,1.1817,1.5594
11,2018-09-12,37,18-44,37.4286,0.8345,0.7221,0.9701
11,2018-09-12,37,45-64,24.5714,0.7443,0.6409,0.8672
11,2018-09-12,37,65+,16.1429,0.5719,0.4921,0.6666
12,2018-09-13,37,0-5,15.2857,0.9163,0.7974,1.0531
12,2018-09-13,37,6-11,33.2857,1.3078,1.1328,1.5139
12,2018-09-13,37,12-17,20.1429,1.3206,1.1472,1.5206
12,2018-09-13,37,18-44,37.2857,0.8219,0.7089,0.9516
12,2018-09-13,37,45-64,24.5714,0.7347,0.6316,0.8534
12,2018-09-13,37,65+,16.1429,0.5630,0.4841,0.6558
13,2018-09-14,37,0-5,15.4286,0.9108,0.7924,1.0450
13,2018-09-14,37,6-11,36.0000,1.2916,1.1191,1.4874
13,2018-09-14,37,12-17,18.7143,1.2951,1.1252,1.4847
13,2018-09-14,37,18-44,38.1429,0.8127,0.7042,0.9372
13,2018-09-14,37,45-64,23.8571,0.7279,0.6276,0.8415
13,2018-09-14,37,65+,14.1429,0.5554,0.4771,0.6459
14,2018-09-15,37,0-5,16.4286,0.9054,0.7873,1.0393
14,2018-09-15,37,6-11,35.8571,1.2731,1.1044,1.4647
14,2018-09-15,37,12-17,17.2857,1.2721,1.1061,1.4626
14,2018-09-15,37,18-44,41.2857,0.8057,0.6973,0.9351
14,2018-09-15,37,45-64,24.0000,0.7226,0.6214,0.8407
14,2018-09-15,37,65+,13.5714,0.5499,0.4716,0.6413
15,2018-09-16,38,0-5,17.7143,0.8928,0.7753,1.0275
15,2018-09-16,38,6-11,36.4286,1.2487,1.0778,1.4425
15,2018-09-16,38,12-17,15.8571,1.2476,1.0821,1.4338
15,2018-09-16,38,18-44,41.7143,0.7964,0.6894,0.9230
15,2018-09-16,38,45-64,24.4286,0.7171,0.6173,0.8330
15,2018-09-16,38,65+,15.1429,0.5453,0.4694,0.6319
16,2018-09-17,38,0-5,18.7143,0.8783,0.7628,1.0113
16,2018-09-17,38,6-11,36.1429,1.2213,1.0589,1.4166
16,2018-09-17,38,12-17,15.7143,1.2242,1.0633,1.4110
16,2018-09-17,38,18-44,40.2857,0.7877,0.6798,0.9153
16,2018-09-17,38,45-64,25.8571,0.7104,0.6095,0.8280
16,2018-09-17,38,65+,15.5714,0.5397,0.4632,0.6288
17,2018-09-18,38,0-5,20.5714,0.8600,0.7444,0.9934
17,2018-09-18,38,6-11,39.0000,1.1896,1.0299,1.3791
17,2018-09-18,38,12-17,16.1429,1.1984,1.0387,1.3824
17,2018-09-18,38,18-44,40.5714,0.7749,0.6692,0.9047
17,2018-09-18,38,45-64,28.4286,0.6997,0.5998,0.8171
17,2018-09-18,38,65+,15.7143,0.5322,0.4556,0.6185
18,2018-09-19,38,0-5,20.7143,0.8446,0.7317,0.9748
18,2018-09-19,38,6-11,38.8571,1.1622,1.0069,1.3400
18,2018-09-19,38,12-17,17.7143,1.1745,1.0185,1.3518
18,2018-09-19,38,18-44,43.1429,0.7654,0.6603,0.8929
18,2018-09-19,38,45-64,30.4286,0.6912,0.5936,0.8072
18,2018-09-19,38,65+,16.1429,0.5255,0.4498,0.6129
19,2018-09-20,38,0-5,19.8571,0.8459,0.7292,0.9750
19,2018-09-20,38,6-11,40.1429,1.1551,0.9969,1.3317
19,2018-09-20,38,12-17,17.5714,1.1700,1.0116,1.3483
19,2018-09-20,38,18-44,43.4286,0.7716,0.6611,0.8954
19,2018-09-20,38,45-64,29.8571,0.6965,0.5951,0.8139
19,2018-09-20,38,65+,16.2857,0.5300,0.4528,0.6218
20,2018-09-21,38,0-5,16.8571,0.8663,0.7519,1.0022
20,2018-09-21,38,6-11,31.0000,1.1723,1.0190,1.3546
20,2018-09-21,38,12-17,15.0000,1.1892,1.0324,1.3701
20,2018-09-21,38,18-44,37.0000,0.7955,0.6842,0.9255
20,2018-09-21,38,45-64,25.7143,0.7205,0.6174,0.8407
20,2018-09-21,38,65+,14.4286,0.5500,0.4715,0.6426
21,2018-09-22,38,0-5,15.4286,0.9089,0.7892,1.0470
21,2018-09-22,38,6-11,27.2857,1.2164,1.0573,1.4001
21,2018-09-22,38,12-17,14.0000,1.2344,1.0736,1.4180
21,2018-09-22,38,18-44,31.1429,0.8425,0.7267,0.9771
21,2018-09-22,38,45-64,21.8571,0.7644,0.6580,0.8897
21,2018-09-22,38,65+,11.7143,0.5852,0.5017,0.6787
22,2018-09-23,39,0-5,15.4286,0.9737,0.8481,1.1208
22,2018-09-23,39,6-11,27.0000,1.2855,1.1217,1.4770
22,2018-09-23,39,12-17,13.0000,1.3041,1.1372,1.4976
22,2018-09-23,39,18-44,32.1429,0.9098,0.7872,1.0608
22,2018-09-23,39,45-64,19.8571,0.8288,0.7138,0.9658
22,2018-09-23,39,65+,8.5714,0.6386,0.5483,0.7437
23,2018-09-24,39,0-5,15.8571,1.0547,0.9137,1.2157
23,2018-09-24,39,6-11,29.1429,1.3762,1.1971,1.5778
23,2018-09-24,39,12-17,13.4286,1.3923,1.2122,1.5975
23,2018-09-24,39,18-44,36.2857,0.9925,0.8530,1.1555
23,2018-09-24,39,45-64,22.5714,0.9084,0.7780,1.0542
23,2018-09-24,39,65+,10.4286,0.7061,0.6030,0.8259
24,2018-09-25,39,0-5,16.4286,1.1405,0.9915,1.3082
24,2018-09-25,39,6-11,25.7143,1.4713,1.2871,1.6791
24,2018-09-25,39,12-17,13.2857,1.4820,1.2966,1.6936
24,2018-09-25,39,18-44,40.4286,1.0761,0.9265,1.2460
24,2018-09-25,39,45-64,23.7143,0.9882,0.8497,1.1454
24,2018-09-25,39,65+,13.8571,0.7765,0.6663,0.9028
25,2018-09-26,39,0-5,15.2857,1.2170,1.0619,1.3957
25,2018-09-26,39,6-11,24.5714,1.5548,1.3612,1.7773
25,2018-09-26,39,12-17,11.2857,1.5577,1.3637,1.7795
25,2018-09-26,39,18-44,38.8571,1.1427,0.9900,1.3277
25,2018-09-26,39,45-64,23.7143,1.0549,0.9108,1.2256
25,2018-09-26,39,65+,13.4286,0.8397,0.7206,0.9750
26,2018-09-27,39,0-5,15.7143,1.2750,1.1107,1.4637
26,2018-09-27,39,6-11,22.2857,1.6179,1.4155,1.8486
26,2018-09-27,39,12-17,11.0000,1.6082,1.4065,1.8348
26,2018-09-27,39,18-44,39.5714,1.1878,1.0273,1.3770
26,2018-09-27,39,45-64,24.0000,1.1007,0.9501,1.2777
26,2018-09-27,39,65+,14.0000,0.8866,0.7627,1.0364
27,2018-09-28,39,0-5,20.5714,1.2924,1.1270,1.4860
27,2018-09-28,39,6-11,28.4286,1.6350,1.4305,1.8714
27,2018-09-28,39,12-17,13.2857,1.6105,1.4096,1.8394
27,2018-09-28,39,18-44,51.1429,1.1861,1.0260,1.3731
27,2018-09-28,39,45-64,31.7143,1.1013,0.9502,1.2768
27,2018-09-28,39,65+,20.4286,0.8972,0.7699,1.0470
28,2018-09-29,39,0-5,21.8571,1.2753,1.1097,1.4684
28,2018-09-29,39,6-11,32.0000,1.6116,1.4065,1.8434
28,2018-09-29,39,12-17,14.5714,1.5713,1.3753,1.7941
28,2018-09-29,39,18-44,58.5714,1.1487,0.9939,1.3315
28,2018-09-29,39,45-64,36.7143,1.0664,0.9209,1.2346
28,2018-09-29,39,65+,27.7143,0.8729,0.7500,1.0171
29,2018-09-30,40,0-5,22.2857,1.2357,1.0751,1.4230
29,2018-09-30,40,6-11,29.8571,1.5620,1.3610,1.7896
29,2018-09-30,40,12-17,14.1429,1.5061,1.3148,1.7192
29,2018-09-30,40,18-44,53.5714,1.0888,0.9406,1.2600
29,2018-09-30,40,45-64,34.7143,1.0073,0.8691,1.1680
29,2018-09-30,40,65+,27.5714,0.8259,0.7083,0.9644
30,2018-10-01,40,0-5,23.2857,1.1905,1.0373,1.3693
30,2018-10-01,40,6-11,29.7143,1.5085,1.3179,1.7274
30,2018-10-01,40,12-17,14.0000,1.4401,1.2612,1.6446
30,2018-10-01,40,18-44,53.7143,1.0272,0.8912,1.1856
30,2018-10-01,40,45-64,34.5714,0.9474,0.8186,1.0941
30,2018-10-01,40,65+,31.1429,0.7759,0.6660,0.9031
31,2018-10-02,40,0-5,24.7143,1.1505,1.0040,1.3224
31,2018-10-02,40,6-11,29.8571,1.4680,1.2863,1.6804
31,2018-10-02,40,12-17,13.4286,1.3900,1.2209,1.5807
31,2018-10-02,40,18-44,51.8571,0.9754,0.8498,1.1240
31,2018-10-02,40,45-64,35.4286,0.8950,0.7754,1.0304
31,2018-10-02,40,65+,28.4286,0.7315,0.6299,0.8489
32,2018-10-03,40,0-5,27.1429,1.1236,0.9796,1.2907
32,2018-10-03,40,6-11,30.4286,1.4442,1.2633,1.6563
32,2018-10-03,40,12-17,13.1429,1.3572,1.1908,1.5451
32,2018-10-03,40,18-44,52.4286,0.9408,0.8171,1.0812
32,2018-10-03,40,45-64,35.4286,0.8589,0.7436,0.9877
32,2018-10-03,40,65+,29.2857,0.6995,0.6024,0.8121
33,2018-10-04,40,0-5,29.2857,1.1070,0.9651,1.2757
33,2018-10-04,40,6-11,32.1429,1.4388,1.2551,1.6500
33,2018-10-04,40,12-17,12.7143,1.3437,1.1773,1.5317
33,2018-10-04,40,18-44,52.1429,0.9190,0.8015,1.0577
33,2018-10-04,40,45-64,35.7143,0.8357,0.7256,0.9653
33,2018-10-04,40,65+,29.2857,0.6791,0.5853,0.7895
34,2018-10-05,40,0-5,29.2857,1.1054,0.9642,1.2726
34,2018-10-05,40,6-11,34.5714,1.4498,1.2657,1.6632
34,2018-10-05,40,12-17,12.8571,1.3508,1.1835,1.5404
34,2018-10-05,40,18-44,52.1429,0.9147,0.7944,1.0548
34,2018-10-05,40,45-64,35.8571,0.8299,0.7177,0.9577
34,2018-10-05,40,65+,29.0000,0.6745,0.5800,0.7849
35,2018-10-06,40,0-5,28.7143,1.1175,0.9747,1.2850
35,2018-10-06,40,6-11,33.2857,1.4830,1.2956,1.7071
35,2018-10-06,40,12-17,12.1429,1.3781,1.2074,1.5733
35,2018-10-06,40,18-44,44.7143,0.9235,0.8040,1.0628
35,2018-10-06,40,45-64,30.8571,0.8359,0.7248,0.9648
35,2018-10-06,40,65+,22.4286,0.6779,0.5836,0.7888
36,2018-10-07,41,0-5,30.8571,1.1438,0.9983,1.3118
36,2018-10-07,41,6-11,39.4286,1.5345,1.3399,1.7719
36,2018-10-07,41,12-17,13.7143,1.4213,1.2452,1.6261
36,2018-10-07,41,18-44,53.7143,0.9422,0.8219,1.0833
36,2018-10-07,41,45-64,37.2857,0.8509,0.7386,0.9796
36,2018-10-07,41,65+,27.2857,0.6894,0.5947,0.7995
37,2018-10-08,41,0-5,33.0000,1.1730,1.0229,1.3437
37,2018-10-08,41,6-11,40.4286,1.5991,1.3968,1.8444
37,2018-10-08,41,12-17,12.1429,1.4765,1.2964,1.6870
37,2018-10-08,41,18-44,51.7143,0.9657,0.8407,1.1104
37,2018-10-08,41,45-64,34.8571,0.8694,0.7539,1.0008
37,2018-10-08,41,65+,26.5714,0.7000,0.6058,0.8116
38,2018-10-09,41,0-5,32.0000,1.2065,1.0528,1.3852
38,2018-10-09,41,6-11,43.4286,1.6759,1.4521,1.9325
38,2018-10-09,41,12-17,13.8571,1.5440,1.3475,1.7627
38,2018-10-09,41,18-44,53.2857,0.9914,0.8630,1.1392
38,2018-10-09,41,45-64,33.7143,0.8894,0.7701,1.0257
38,2018-10-09,41,65+,30.0000,0.7101,0.6143,0.8257
39,2018-10-10,41,0-5,32.4286,1.2406,1.0837,1.4155
39,2018-10-10,41,6-11,48.1429,1.7514,1.5198,2.0166
39,2018-10-10,41,12-17,13.8571,1.6087,1.4103,1.8347
39,2018-10-10,41,18-44,55.5714,1.0113,0.8830,1.1598
39,2018-10-10,41,45-64,35.0000,0.9024,0.7848,1.0370
39,2018-10-10,41,65+,30.7143,0.7135,0.6188,0.8247
40,2018-10-11,41,0-5,33.7143,1.2699,1.1074,1.4525
40,2018-10-11,41,6-11,51.7143,1.8296,1.5824,2.1149
40,2018-10-11,41,12-17,14.7143,1.6763,1.4642,1.9170
40,2018-10-11,41,18-44,56.5714,1.0247,0.8943,1.1807
40,2018-10-11,41,45-64,36.0000,0.9082,0.7888,1.0493
40,2018-10-11,41,65+,30.4286,0.7100,0.6142,0.8190
41,2018-10-12,41,0-5,37.0000,1.2899,1.1268,1.4707
41,2018-10-12,41,6-11,59.2857,1.8991,1.6465,2.1907
41,2018-10-12,41,12-17,15.2857,1.7360,1.5201,1.9797
41,2018-10-12,41,18-44,58.8571,1.0285,0.8991,1.1812
41,2018-10-12,41,45-64,38.7143,0.9030,0.7864,1.0403
41,2018-10-12,41,65+,29.7143,0.6961,0.6058,0.8017
42,2018-10-13,41,0-5,40.0000,1.2962,1.1310,1.4844
42,2018-10-13,41,6-11,72.4286,1.9494,1.6847,2.2616
42,2018-10-13,41,12-17,18.1429,1.7797,1.5538,2.0408
42,2018-10-13,41,18-44,65.2857,1.0203,0.8925,1.1705
42,2018-10-13,41,45-64,44.1429,0.8857,0.7705,1.0180
42,2018-10-13,41,65+,33.5714,0.6740,0.5862,0.7752
43,2018-10-14,42,0-5,42.1429,1.2897,1.1281,1.4784
43,2018-10-14,42,6-11,78.1429,1.9786,1.7086,2.3080
43,2018-10-14,42,12-17,19.0000,1.8065,1.5773,2.0758
43,2018-10-14,42,18-44,63.4286,1.0032,0.8779,1.1508
43,2018-10-14,42,45-64,43.0000,0.8611,0.7500,0.9891
43,2018-10-14,42,65+,32.5714,0.6487,0.5647,0.7442
44,2018-10-15,42,0-5,42.1429,1.2800,1.1173,1.4673
44,2018-10-15,42,6-11,94.0000,1.9906,1.7179,2.3171
44,2018-10-15,42,12-17,23.0000,1.8174,1.5852,2.0850
44,2018-10-15,42,18-44,65.5714,0.9843,0.8615,1.1283
44,2018-10-15,42,45-64,44.8571,0.8350,0.7286,0.9600
44,2018-10-15,42,65+,27.8571,0.6231,0.5449,0.7135
45,2018-10-16,42,0-5,47.1429,1.2651,1.1048,1.4458
45,2018-10-16,42,6-11,113.0000,1.9889,1.7157,2.3187
45,2018-10-16,42,12-17,27.8571,1.8145,1.5819,2.0834
45,2018-10-16,42,18-44,68.5714,0.9624,0.8433,1.1032
45,2018-10-16,42,45-64,46.0000,0.8088,0.7061,0.9286
45,2018-10-16,42,65+,24.5714,0.5993,0.5250,0.6837
46,2018-10-17,42,0-5,52.7143,1.2410,1.0830,1.4159
46,2018-10-17,42,6-11,129.4286,1.9708,1.6942,2.2792
46,2018-10-17,42,12-17,31.4286,1.7980,1.5688,2.0572
46,2018-10-17,42,18-44,71.2857,0.9416,0.8256,1.0743
46,2018-10-17,42,45-64,44.4286,0.7856,0.6858,0.8977
46,2018-10-17,42,65+,23.4286,0.5782,0.5062,0.6591
47,2018-10-18,42,0-5,56.0000,1.2122,1.0564,1.3887
47,2018-10-18,42,6-11,141.7143,1.9301,1.6500,2.2466
47,2018-10-18,42,12-17,34.4286,1.7658,1.5360,2.0260
47,2018-10-18,42,18-44,74.4286,0.9200,0.8074,1.0513
47,2018-10-18,42,45-64,45.7143,0.7640,0.6685,0.8745
47,2018-10-18,42,65+,24.8571,0.5586,0.4903,0.6356
48,2018-10-19,42,0-5,65.0000,1.1738,1.0223,1.3435
48,2018-10-19,42,6-11,178.7143,1.8722,1.6038,2.1891
48,2018-10-19,42,12-17,43.0000,1.7172,1.4916,1.9707
48,2018-10-19,42,18-44,81.0000,0.8946,0.7822,1.0238
48,2018-10-19,42,45-64,45.1429,0.7413,0.6462,0.8503
48,2018-10-19,42,65+,26.1429,0.5382,0.4718,0.6135
49,2018-10-20,42,0-5,73.1429,1.1331,0.9883,1.3017
49,2018-10-20,42,6-11,200.4286,1.8139,1.5440,2.1235
49,2018-10-20,42,12-17,47.5714,1.6661,1.4447,1.9134
49,2018-10-20,42,18-44,90.2857,0.8682,0.7585,0.9948
49,2018-10-20,42,45-64,48.5714,0.7194,0.6273,0.8256
49,2018-10-20,42,65+,26.1429,0.5198,0.4565,0.5919
50,2018-10-21,43,0-5,77.0000,1.0974,0.9594,1.2550
50,2018-10-21,43,6-11,217.2857,1.7647,1.5132,2.0536
50,2018-10-21,43,12-17,53.5714,1.6210,1.4119,1.8560
50,2018-10-21,43,18-44,98.8571,0.8437,0.7409,0.9642
50,2018-10-21,43,45-64,51.0000,0.6998,0.6122,0.8003
50,2018-10-21,43,65+,25.2857,0.5036,0.4433,0.5717
51,2018-10-22,43,0-5,85.1429,1.0695,0.9350,1.2252
51,2018-10-22,43,6-11,240.4286,1.7272,1.4858,2.0235
51,2018-10-22,43,12-17,59.2857,1.5858,1.3839,1.8189
51,2018-10-22,43,18-44,109.5714,0.8226,0.7225,0.9422
51,2018-10-22,43,45-64,55.4286,0.6828,0.5971,0.7824
51,2018-10-22,43,65+,26.2857,0.4892,0.4306,0.5565
52,2018-10-23,43,0-5,90.7143,1.0503,0.9188,1.2023
52,2018-10-23,43,6-11,266.1429,1.7052,1.4656,1.9924
52,2018-10-23,43,12-17,64.5714,1.5669,1.3663,1.7991
52,2018-10-23,43,18-44,115.7143,0.8088,0.7089,0.9242
52,2018-10-23,43,45-64,59.2857,0.6708,0.5872,0.7675
52,2018-10-23,43,65+,29.2857,0.4787,0.4216,0.5437
53,2018-10-24,43,0-5,97.4286,1.0444,0.9125,1.1982
53,2018-10-24,43,6-11,291.7143,1.7074,1.4672,1.9952
53,2018-10-24,43,12-17,70.0000,1.5714,1.3690,1.8065
53,2018-10-24,43,18-44,122.2857,0.8044,0.7046,0.9200
53,2018-10-24,43,45-64,66.5714,0.6655,0.5816,0.7623
53,2018-10-24,43,65+,30.1429,0.4725,0.4163,0.5369
54,2018-10-25,43,0-5,102.1429,1.0500,0.9193,1.2016
54,2018-10-25,43,6-11,308.8571,1.7296,1.4838,2.0260
54,2018-10-25,43,12-17,71.7143,1.5989,1.3923,1.8396
54,2018-10-25,43,18-44,126.1429,0.8085,0.7089,0.9243
54,2018-10-25,43,45-64,67.5714,0.6657,0.5829,0.7610
54,2018-10-25,43,65+,28.8571,0.4708,0.4155,0.5334
55,2018-10-26,43,0-5,110.0000,1.0594,0.9262,1.2141
55,2018-10-26,43,6-11,364.0000,1.7525,1.5057,2.0526
55,2018-10-26,43,12-17,80.7143,1.6329,1.4213,1.8773
55,2018-10-26,43,18-44,139.4286,0.8180,0.7175,0.9357
55,2018-10-26,43,45-64,74.7143,0.6700,0.5862,0.7662
55,2018-10-26,43,65+,29.0000,0.4717,0.4161,0.5342
56,2018-10-27,43,0-5,116.8571,1.0724,0.9366,1.2274
56,2018-10-27,43,6-11,400.7143,1.7832,1.5274,2.0798
56,2018-10-27,43,12-17,93.1429,1.6795,1.4595,1.9285
56,2018-10-27,43,18-44,151.0000,0.8310,0.7283,0.9493
56,2018-10-27,43,45-64,79.2857,0.6764,0.5924,0.7745
56,2018-10-27,43,65+,29.7143,0.4743,0.4189,0.5376
57,2018-10-28,44,0-5,131.0000,1.0880,0.9532,1.2411
57,2018-10-28,44,6-11,429.5714,1.8192,1.5650,2.1144
57,2018-10-28,44,12-17,104.4286,1.7321,1.5114,1.9811
57,2018-10-28,44,18-44,167.4286,0.8465,0.7429,0.9670
57,2018-10-28,44,45-64,86.7143,0.6853,0.6002,0.7835
57,2018-10-28,44,65+,31.4286,0.4785,0.4230,0.5414
58,2018-10-29,44,0-5,141.4286,1.0979,0.9613,1.2528
58,2018-10-29,44,6-11,470.5714,1.8452,1.5905,2.1482
58,2018-10-29,44,12-17,123.4286,1.7755,1.5502,2.0371
58,2018-10-29,44,18-44,180.4286,0.8580,0.7527,0.9799
58,2018-10-29,44,45-64,92.2857,0.6895,0.6040,0.7877
58,2018-10-29,44,65+,35.7143,0.4797,0.4242,0.5428
59,2018-10-30,44,0-5,158.2857,1.1011,0.9678,1.2600
59,2018-10-30,44,6-11,536.7143,1.8614,1.6067,2.1751
59,2018-10-30,44,12-17,148.2857,1.8129,1.5827,2.0812
59,2018-10-30,44,18-44,200.4286,0.8630,0.7595,0.9844
59,2018-10-30,44,45-64,98.8571,0.6889,0.6052,0.7864
59,2018-10-30,44,65+,36.2857,0.4776,0.4229,0.5402
60,2018-10-31,44,0-5,172.7143,1.0975,0.9614,1.2515
60,2018-10-31,44,6-11,596.5714,1.8624,1.6026,2.1720
60,2018-10-31,44,12-17,174.7143,1.8297,1.5944,2.0979
60,2018-10-31,44,18-44,222.0000,0.8634,0.7582,0.9838
60,2018-10-31,44,45-64,104.1429,0.6855,0.6020,0.7808
60,2018-10-31,44,65+,38.5714,0.4735,0.4192,0.5344
61,2018-11-01,44,0-5,187.2857,1.0765,0.9443,1.2273
61,2018-11-01,44,6-11,651.0000,1.8363,1.5808,2.1305
61,2018-11-01,44,12-17,192.8571,1.8264,1.5873,2.0969
61,2018-11-01,44,18-44,239.2857,0.8563,0.7491,0.9777
61,2018-11-01,44,45-64,109.0000,0.6765,0.5919,0.7731
61,2018-11-01,44,65+,40.0000,0.4649,0.4111,0.5255
62,2018-11-02,44,0-5,212.5714,1.0428,0.9127,1.1905
62,2018-11-02,44,6-11,771.5714,1.7825,1.5303,2.0719
62,2018-11-02,44,12-17,255.2857,1.7864,1.5547,2.0501
62,2018-11-02,44,18-44,276.5714,0.8333,0.7327,0.9506
62,2018-11-02,44,45-64,122.1429,0.6569,0.5776,0.7482
62,2018-11-02,44,65+,44.7143,0.4500,0.3994,0.5073
63,2018-11-03,44,0-5,234.8571,1.0000,0.8768,1.1427
63,2018-11-03,44,6-11,856.5714,1.7071,1.4702,1.9966
63,2018-11-03,44,12-17,295.7143,1.7248,1.5010,1.9819
63,2018-11-03,44,18-44,312.2857,0.8055,0.7064,0.9195
63,2018-11-03,44,45-64,131.2857,0.6330,0.5560,0.7219
63,2018-11-03,44,65+,47.8571,0.4322,0.3833,0.4872
64,2018-11-04,45,0-5,255.4286,0.9544,0.8351,1.0891
64,2018-11-04,45,6-11,916.8571,1.6254,1.3999,1.8914
64,2018-11-04,45,12-17,330.0000,1.6503,1.4379,1.8937
64,2018-11-04,45,18-44,354.7143,0.7707,0.6758,0.8802
64,2018-11-04,45,45-64,142.7143,0.6060,0.5321,0.6913
64,2018-11-04,45,65+,51.2857,0.4131,0.3662,0.4659
65,2018-11-05,45,0-5,273.7143,0.9084,0.7954,1.0378
65,2018-11-05,45,6-11,985.8571,1.5458,1.3300,1.7984
65,2018-11-05,45,12-17,373.5714,1.5776,1.3737,1.8129
65,2018-11-05,45,18-44,389.8571,0.7377,0.6471,0.8437
65,2018-11-05,45,45-64,150.7143,0.5803,0.5094,0.6632
65,2018-11-05,45,65+,53.7143,0.3946,0.3495,0.4456
66,2018-11-06,45,0-5,289.7143,0.8726,0.7641,0.9970
66,2018-11-06,45,6-11,1045.1429,1.4815,1.2770,1.7243
66,2018-11-06,45,12-17,419.4286,1.5178,1.3196,1.7435
66,2018-11-06,45,18-44,422.5714,0.7099,0.6236,0.8144
66,2018-11-06,45,45-64,164.7143,0.5588,0.4906,0.6397
66,2018-11-06,45,65+,57.2857,0.3789,0.3361,0.4281
67,2018-11-07,45,0-5,301.7143,0.8505,0.7461,0.9707
67,2018-11-07,45,6-11,1095.5714,1.4349,1.2368,1.6702
67,2018-11-07,45,12-17,455.0000,1.4747,1.2851,1.6946
67,2018-11-07,45,18-44,448.5714,0.6961,0.6111,0.7990
67,2018-11-07,45,45-64,175.4286,0.5492,0.4822,0.6285
67,2018-11-07,45,65+,61.7143,0.3709,0.3290,0.4195
68,2018-11-08,45,0-5,310.1429,0.8402,0.7362,0.9578
68,2018-11-08,45,6-11,1120.7143,1.4092,1.2129,1.6315
68,2018-11-08,45,12-17,479.2857,1.4525,1.2646,1.6657
68,2018-11-08,45,18-44,459.2857,0.6930,0.6057,0.7933
68,2018-11-08,45,45-64,177.8571,0.5474,0.4790,0.6262
68,2018-11-08,45,65+,62.2857,0.3682,0.3259,0.4158
69,2018-11-09,45,0-5,339.2857,0.8394,0.7362,0.9577
69,2018-11-09,45,6-11,1186.1429,1.3977,1.2084,1.6270
69,2018-11-09,45,12-17,531.1429,1.4473,1.2601,1.6625
69,2018-11-09,45,18-44,505.2857,0.6969,0.6108,0.7982
69,2018-11-09,45,45-64,198.2857,0.5518,0.4838,0.6311
69,2018-11-09,45,65+,63.7143,0.3700,0.3277,0.4179
70,2018-11-10,45,0-5,356.8571,0.8469,0.7429,0.9674
70,2018-11-10,45,6-11,1209.1429,1.3996,1.2109,1.6195
70,2018-11-10,45,12-17,561.4286,1.4540,1.2674,1.6688
70,2018-11-10,45,18-44,541.0000,0.7096,0.6213,0.8154
70,2018-11-10,45,45-64,212.0000,0.5634,0.4930,0.6464
70,2018-11-10,45,65+,65.0000,0.3766,0.3331,0.4264
71,2018-11-11,46,0-5,365.7143,0.8593,0.7526,0.9829
71,2018-11-11,46,6-11,1241.2857,1.4081,1.2172,1.6396
71,2018-11-11,46,12-17,577.7143,1.4697,1.2779,1.6899
71,2018-11-11,46,18-44,576.0000,0.7267,0.6336,0.8349
71,2018-11-11,46,45-64,229.8571,0.5782,0.5043,0.6625
71,2018-11-11,46,65+,66.1429,0.3856,0.3402,0.4363
72,2018-11-12,46,0-5,382.0000,0.8786,0.7712,1.0026
72,2018-11-12,46,6-11,1274.0000,1.4322,1.2429,1.6571
72,2018-11-12,46,12-17,609.7143,1.5019,1.3073,1.7257
72,2018-11-12,46,18-44,622.1429,0.7491,0.6560,0.8621
72,2018-11-12,46,45-64,248.1429,0.5966,0.5224,0.6841
72,2018-11-12,46,65+,66.7143,0.3978,0.3520,0.4504
73,2018-11-13,46,0-5,404.2857,0.8991,0.7891,1.0236
73,2018-11-13,46,6-11,1328.8571,1.4570,1.2643,1.6833
73,2018-11-13,46,12-17,656.7143,1.5350,1.3364,1.7609
73,2018-11-13,46,18-44,683.8571,0.7752,0.6760,0.8886
73,2018-11-13,46,45-64,268.0000,0.6182,0.5397,0.7077
73,2018-11-13,46,65+,73.0000,0.4120,0.3639,0.4661
74,2018-11-14,46,0-5,427.1429,0.9216,0.8106,1.0503
74,2018-11-14,46,6-11,1374.0000,1.4865,1.2951,1.7203
74,2018-11-14,46,12-17,689.1429,1.5799,1.3782,1.8164
74,2018-11-14,46,18-44,734.0000,0.8051,0.7021,0.9251
74,2018-11-14,46,45-64,286.5714,0.6431,0.5617,0.7373
74,2018-11-14,46,65+,74.8571,0.4287,0.3788,0.4855
75,2018-11-15,46,0-5,438.4286,0.9460,0.8318,1.0753
75,2018-11-15,46,6-11,1408.0000,1.5188,1.3220,1.7480
75,2018-11-15,46,12-17,699.7143,1.6305,1.4217,1.8655
75,2018-11-15,46,18-44,764.2857,0.8382,0.7324,0.9619
75,2018-11-15,46,45-64,293.4286,0.6713,0.5863,0.7695
75,2018-11-15,46,65+,76.4286,0.4477,0.3956,0.5071
76,2018-11-16,46,0-5,459.0000,0.9687,0.8544,1.1019
76,2018-11-16,46,6-11,1489.2857,1.5509,1.3532,1.7857
76,2018-11-16,46,12-17,771.7143,1.6835,1.4704,1.9293
76,2018-11-16,46,18-44,857.2857,0.8697,0.7596,1.0001
76,2018-11-16,46,45-64,325.7143,0.6980,0.6094,0.8001
76,2018-11-16,46,65+,87.8571,0.4657,0.4114,0.5272
77,2018-11-17,46,0-5,486.2857,0.9905,0.8706,1.1258
77,2018-11-17,46,6-11,1552.8571,1.5843,1.3831,1.8234
77,2018-11-17,46,12-17,831.0000,1.7418,1.5210,1.9931
77,2018-11-17,46,18-44,954.8571,0.9004,0.7846,1.0332
77,2018-11-17,46,45-64,355.2857,0.7235,0.6306,0.8287
77,2018-11-17,46,65+,100.5714,0.4821,0.4254,0.5453
78,2018-11-18,47,0-5,521.7143,1.0090,0.8884,1.1493
78,2018-11-18,47,6-11,1599.8571,1.6183,1.4135,1.8621
78,2018-11-18,47,12-17,916.5714,1.8005,1.5680,2.0647
78,2018-11-18,47,18-44,1062.8571,0.9266,0.8091,1.0716
78,2018-11-18,47,45-64,394.1429,0.7444,0.6498,0.8569
78,2018-11-18,47,65+,114.5714,0.4946,0.4368,0.5617
79,2018-11-19,47,0-5,549.8571,1.0241,0.9023,1.1609
79,2018-11-19,47,6-11,1667.5714,1.6486,1.4420,1.8865
79,2018-11-19,47,12-17,1021.8571,1.8579,1.6184,2.1248
79,2018-11-19,47,18-44,1184.1429,0.9514,0.8304,1.0948
79,2018-11-19,47,45-64,436.1429,0.7637,0.6680,0.8759
79,2018-11-19,47,65+,132.8571,0.5054,0.4470,0.5721
80,2018-11-20,47,0-5,585.0000,1.0407,0.9165,1.1796
80,2018-11-20,47,6-11,1746.2857,1.6818,1.4679,1.9274
80,2018-11-20,47,12-17,1166.4286,1.9168,1.6721,2.1954
80,2018-11-20,47,18-44,1302.5714,0.9784,0.8522,1.1225
80,2018-11-20,47,45-64,482.5714,0.7852,0.6849,0.8993
80,2018-11-20,47,65+,139.7143,0.5167,0.4561,0.5847
81,2018-11-21,47,0-5,614.7143,1.0533,0.9305,1.1920
81,2018-11-21,47,6-11,1844.5714,1.7089,1.4980,1.9555
81,2018-11-21,47,12-17,1283.0000,1.9654,1.7203,2.2469
81,2018-11-21,47,18-44,1410.7143,1.0019,0.8754,1.1517
81,2018-11-21,47,45-64,528.0000,0.8045,0.7027,0.9226
81,2018-11-21,47,65+,145.4286,0.5267,0.4658,0.5965
82,2018-11-22,47,0-5,635.0000,1.0648,0.9423,1.2050
82,2018-11-22,47,6-11,1939.2857,1.7340,1.5215,1.9731
82,2018-11-22,47,12-17,1391.8571,2.0122,1.7587,2.2953
82,2018-11-22,47,18-44,1489.1429,1.0256,0.8955,1.1812
82,2018-11-22,47,45-64,558.2857,0.8230,0.7195,0.9446
82,2018-11-22,47,65+,149.5714,0.5362,0.4741,0.6075
83,2018-11-23,47,0-5,706.4286,1.0644,0.9388,1.2062
83,2018-11-23,47,6-11,2243.1429,1.7351,1.5179,1.9849
83,2018-11-23,47,12-17,1783.5714,2.0257,1.7655,2.3227
83,2018-11-23,47,18-44,1828.2857,1.0333,0.9001,1.1939
83,2018-11-23,47,45-64,694.4286,0.8296,0.7234,0.9542
83,2018-11-23,47,65+,172.8571,0.5387,0.4754,0.6110
84,2018-11-24,47,0-5,753.8571,1.0509,0.9282,1.1907
84,2018-11-24,47,6-11,2453.8571,1.7118,1.5017,1.9605
84,2018-11-24,47,12-17,2055.4286,2.0037,1.7498,2.2936
84,2018-11-24,47,18-44,2108.1429,1.0252,0.8919,1.1785
84,2018-11-24,47,45-64,797.5714,0.8234,0.7172,0.9437
84,2018-11-24,47,65+,184.7143,0.5334,0.4705,0.6041
85,2018-11-25,48,0-5,811.5714,1.0319,0.9123,1.1679
85,2018-11-25,48,6-11,2630.4286,1.6818,1.4728,1.9232
85,2018-11-25,48,12-17,2269.2857,1.9670,1.7169,2.2573
85,2018-11-25,48,18-44,2384.0000,1.0089,0.8780,1.1610
85,2018-11-25,48,45-64,894.8571,0.8108,0.7063,0.9306
85,2018-11-25,48,65+,202.1429,0.5248,0.4626,0.5947
86,2018-11-26,48,0-5,867.8571,1.0155,0.8979,1.1497
86,2018-11-26,48,6-11,2845.4286,1.6543,1.4525,1.8905
86,2018-11-26,48,12-17,2539.8571,1.9393,1.6899,2.2252
86,2018-11-26,48,18-44,2655.2857,0.9953,0.8668,1.1488
86,2018-11-26,48,45-64,993.0000,0.8005,0.6976,0.9213
86,2018-11-26,48,65+,208.8571,0.5177,0.4566,0.5880
87,2018-11-27,48,0-5,940.5714,1.0004,0.8857,1.1304
87,2018-11-27,48,6-11,3108.2857,1.6277,1.4330,1.8557
87,2018-11-27,48,12-17,2807.1429,1.9126,1.6721,2.1869
87,2018-11-27,48,18-44,2913.5714,0.9844,0.8587,1.1317
87,2018-11-27,48,45-64,1096.5714,0.7931,0.6916,0.9095
87,2018-11-27,48,65+,234.1429,0.5126,0.4524,0.5804
88,2018-11-28,48,0-5,1010.5714,0.9868,0.8743,1.1149
88,2018-11-28,48,6-11,3392.7143,1.6027,1.4104,1.8243
88,2018-11-28,48,12-17,3123.7143,1.8890,1.6542,2.1589
88,2018-11-28,48,18-44,3203.5714,0.9752,0.8536,1.1230
88,2018-11-28,48,45-64,1220.7143,0.7875,0.6890,0.9047
88,2018-11-28,48,65+,266.4286,0.5085,0.4497,0.5770
89,2018-11-29,48,0-5,1077.7143,0.9773,0.8642,1.1047
89,2018-11-29,48,6-11,3609.4286,1.5807,1.3884,1.8061
89,2018-11-29,48,12-17,3303.7143,1.8702,1.6309,2.1485
89,2018-11-29,48,18-44,3395.2857,0.9720,0.8462,1.1238
89,2018-11-29,48,45-64,1281.7143,0.7866,0.6855,0.9060
89,2018-11-29,48,65+,273.4286,0.5073,0.4476,0.5771
90,2018-11-30,48,0-5,1201.2857,0.9631,0.8499,1.0885
90,2018-11-30,48,6-11,4120.7143,1.5526,1.3555,1.7675
90,2018-11-30,48,12-17,3896.0000,1.8346,1.5942,2.1082
90,2018-11-30,48,18-44,4026.1429,0.9607,0.8336,1.1102
90,2018-11-30,48,45-64,1548.7143,0.7796,0.6781,0.8975
90,2018-11-30,48,65+,313.0000,0.5026,0.4425,0.5703
91,2018-12-01,48,0-5,1311.0000,0.9423,0.8323,1.0685
91,2018-12-01,48,6-11,4439.5714,1.5139,1.3281,1.7273
91,2018-12-01,48,12-17,4250.5714,1.7892,1.5620,2.0551
91,2018-12-01,48,18-44,4514.7143,0.9410,0.8204,1.0872
91,2018-12-01,48,45-64,1751.8571,0.7654,0.6671,0.8823
91,2018-12-01,48,65+,350.2857,0.4935,0.4351,0.5615
92,2018-12-02,49,0-5,1408.8571,0.9235,0.8150,1.0456
92,2018-12-02,49,6-11,4707.8571,1.4786,1.2979,1.6908
92,2018-12-02,49,12-17,4560.0000,1.7462,1.5223,1.9940
92,2018-12-02,49,18-44,4985.7143,0.9212,0.7989,1.0637
92,2018-12-02,49,45-64,1966.4286,0.7505,0.6511,0.8654
92,2018-12-02,49,65+,383.1429,0.4836,0.4250,0.5506
93,2018-12-03,49,0-5,1515.4286,0.9060,0.8008,1.0262
93,2018-12-03,49,6-11,5019.0000,1.4471,1.2720,1.6504
93,2018-12-03,49,12-17,4971.8571,1.7036,1.4889,1.9506
93,2018-12-03,49,18-44,5418.4286,0.9005,0.7848,1.0440
93,2018-12-03,49,45-64,2167.8571,0.7351,0.6402,0.8507
93,2018-12-03,49,65+,421.4286,0.4743,0.4182,0.5420
94,2018-12-04,49,0-5,1603.2857,0.8983,0.7944,1.0163
94,2018-12-04,49,6-11,5334.7143,1.4269,1.2545,1.6267
94,2018-12-04,49,12-17,5329.0000,1.6745,1.4625,1.9167
94,2018-12-04,49,18-44,5794.2857,0.8935,0.7758,1.0274
94,2018-12-04,49,45-64,2337.2857,0.7304,0.6353,0.8399
94,2018-12-04,49,65+,443.7143,0.4717,0.4155,0.5360
95,2018-12-05,49,0-5,1712.8571,0.9008,0.7968,1.0203
95,2018-12-05,49,6-11,5616.4286,1.4259,1.2535,1.6293
95,2018-12-05,49,12-17,5573.5714,1.6665,1.4529,1.9141
95,2018-12-05,49,18-44,6109.7143,0.8936,0.7790,1.0324
95,2018-12-05,49,45-64,2478.5714,0.7322,0.6390,0.8445
95,2018-12-05,49,65+,468.0000,0.4737,0.4179,0.5395
96,2018-12-06,49,0-5,1780.2857,0.9151,0.8098,1.0353
96,2018-12-06,49,6-11,5761.8571,1.4392,1.2659,1.6432
96,2018-12-06,49,12-17,5689.8571,1.6766,1.4627,1.9187
96,2018-12-06,49,18-44,6264.4286,0.9078,0.7895,1.0455
96,2018-12-06,49,45-64,2543.8571,0.7467,0.6502,0.8585
96,2018-12-06,49,65+,482.2857,0.4836,0.4263,0.5494
97,2018-12-07,49,0-5,1967.4286,0.9370,0.8285,1.0590
97,2018-12-07,49,6-11,6254.1429,1.4666,1.2881,1.6663
97,2018-12-07,49,12-17,6069.7143,1.7042,1.4872,1.9500
97,2018-12-07,49,18-44,6844.8571,0.9322,0.8128,1.0734
97,2018-12-07,49,45-64,2848.0000,0.7698,0.6714,0.8847
97,2018-12-07,49,65+,551.1429,0.4992,0.4404,0.5664
98,2018-12-08,49,0-5,2103.5714,0.9674,0.8557,1.0931
98,2018-12-08,49,6-11,6624.1429,1.5052,1.3221,1.7094
98,2018-12-08,49,12-17,6312.0000,1.7430,1.5248,1.9960
98,2018-12-08,49,18-44,7341.8571,0.9647,0.8374,1.1120
98,2018-12-08,49,45-64,3080.8571,0.7994,0.6955,0.9197
98,2018-12-08,49,65+,591.0000,0.5188,0.4571,0.5895
99,2018-12-09,50,0-5,2231.0000,0.9966,0.8812,1.1260
99,2018-12-09,50,6-11,6948.4286,1.5408,1.3556,1.7571
99,2018-12-09,50,12-17,6597.7143,1.7814,1.5595,2.0401
99,2018-12-09,50,18-44,7976.8571,0.9943,0.8638,1.1440
99,2018-12-09,50,45-64,3428.2857,0.8280,0.7185,0.9515
99,2018-12-09,50,65+,651.7143,0.5383,0.4730,0.6114
100,2018-12-10,50,0-5,2411.1429,1.0264,0.9091,1.1619
100,2018-12-10,50,6-11,7445.7143,1.5801,1.3903,1.7991
100,2018-12-10,50,12-17,7008.7143,1.8214,1.5972,2.0796
100,2018-12-10,50,18-44,8748.7143,1.0232,0.8932,1.1801
100,2018-12-10,50,45-64,3829.0000,0.8545,0.7449,0.9846
100,2018-12-10,50,65+,722.7143,0.5563,0.4907,0.6332
101,2018-12-11,50,0-5,2663.1429,1.0536,0.9321,1.1879
101,2018-12-11,50,6-11,8084.7143,1.6138,1.4195,1.8351
101,2018-12-11,50,12-17,7576.4286,1.8513,1.6247,2.1180
101,2018-12-11,50,18-44,9670.4286,1.0487,0.9128,1.2072
101,2018-12-11,50,45-64,4304.1429,0.8784,0.7638,1.0109
101,2018-12-11,50,65+,832.1429,0.5731,0.5047,0.6518
102,2018-12-12,50,0-5,2903.4286,1.0741,0.9493,1.2149
102,2018-12-12,50,6-11,8677.7143,1.6340,1.4387,1.8586
102,2018-12-12,50,12-17,8028.0000,1.8702,1.6388,2.1313
102,2018-12-12,50,18-44,10431.1429,1.0688,0.9285,1.2305
102,2018-12-12,50,45-64,4745.2857,0.8981,0.7811,1.0325
102,2018-12-12,50,65+,907.0000,0.5871,0.5168,0.6670
103,2018-12-13,50,0-5,3115.0000,1.0830,0.9587,1.2244
103,2018-12-13,50,6-11,9169.0000,1.6418,1.4449,1.8680
103,2018-12-13,50,12-17,8299.4286,1.8741,1.6464,2.1319
103,2018-12-13,50,18-44,10916.1429,1.0769,0.9394,1.2463
103,2018-12-13,50,45-64,4953.2857,0.9081,0.7904,1.0486
103,2018-12-13,50,65+,947.1429,0.5954,0.5242,0.6785
104,2018-12-14,50,0-5,3581.4286,1.0776,0.9553,1.2162
104,2018-12-14,50,6-11,10385.8571,1.6227,1.4329,1.8401
104,2018-12-14,50,12-17,9231.2857,1.8498,1.6215,2.1131
104,2018-12-14,50,18-44,12586.5714,1.0736,0.9373,1.2373
104,2018-12-14,50,45-64,5890.4286,0.9075,0.7905,1.0470
104,2018-12-14,50,65+,1150.1429,0.5961,0.5252,0.6793
105,2018-12-15,50,0-5,3918.0000,1.0525,0.9329,1.1891
105,2018-12-15,50,6-11,11112.5714,1.5760,1.3929,1.7910
105,2018-12-15,50,12-17,9814.5714,1.7900,1.5722,2.0412
105,2018-12-15,50,18-44,13929.4286,1.0481,0.9139,1.2093
105,2018-12-15,50,45-64,6545.5714,0.8892,0.7744,1.0252
105,2018-12-15,50,65+,1286.8571,0.5858,0.5165,0.6667
106,2018-12-16,51,0-5,4254.8571,1.0165,0.9004,1.1486
106,2018-12-16,51,6-11,11723.5714,1.5143,1.3402,1.7203
106,2018-12-16,51,12-17,10349.2857,1.7122,1.5052,1.9506
106,2018-12-16,51,18-44,15320.1429,1.0097,0.8785,1.1637
106,2018-12-16,51,45-64,7298.4286,0.8589,0.7459,0.9883
106,2018-12-16,51,65+,1451.1429,0.5679,0.4992,0.6455
107,2018-12-17,51,0-5,4591.5714,0.9719,0.8585,1.0986
107,2018-12-17,51,6-11,12394.5714,1.4354,1.2667,1.6312
107,2018-12-17,51,12-17,10853.1429,1.6089,1.4125,1.8306
107,2018-12-17,51,18-44,16527.7143,0.9591,0.8328,1.1057
107,2018-12-17,51,45-64,7988.8571,0.8177,0.7093,0.9412
107,2018-12-17,51,65+,1633.0000,0.5424,0.4771,0.6165
108,2018-12-18,51,0-5,4932.8571,0.9194,0.8102,1.0416
108,2018-12-18,51,6-11,13044.5714,1.3522,1.1891,1.5380
108,2018-12-18,51,12-17,11291.0000,1.5031,1.3156,1.7114
108,2018-12-18,51,18-44,17627.7143,0.9008,0.7796,1.0419
108,2018-12-18,51,45-64,8654.0000,0.7699,0.6660,0.8882
108,2018-12-18,51,65+,1820.4286,0.5130,0.4499,0.5844
109,2018-12-19,51,0-5,5266.1429,0.8632,0.7616,0.9776
109,2018-12-19,51,6-11,13663.5714,1.2620,1.1077,1.4346
109,2018-12-19,51,12-17,11598.2857,1.3912,1.2167,1.5810
109,2018-12-19,51,18-44,18591.5714,0.8378,0.7268,0.9691
109,2018-12-19,51,45-64,9257.0000,0.7189,0.6231,0.8298
109,2018-12-19,51,65+,1991.0000,0.4814,0.4229,0.5483
110,2018-12-20,51,0-5,5490.2857,0.8152,0.7190,0.9251
110,2018-12-20,51,6-11,13955.0000,1.1786,1.0364,1.3453
110,2018-12-20,51,12-17,11650.8571,1.2857,1.1284,1.4654
110,2018-12-20,51,18-44,18902.1429,0.7849,0.6832,0.9106
110,2018-12-20,51,45-64,9472.4286,0.6762,0.5867,0.7818
110,2018-12-20,51,65+,2042.5714,0.4546,0.3990,0.5186
111,2018-12-21,51,0-5,5851.1429,0.7738,0.6825,0.8775
111,2018-12-21,51,6-11,14160.7143,1.1080,0.9742,1.2598
111,2018-12-21,51,12-17,11344.8571,1.1962,1.0504,1.3656
111,2018-12-21,51,18-44,19401.0000,0.7423,0.6449,0.8606
111,2018-12-21,51,45-64,10080.5714,0.6416,0.5563,0.7411
111,2018-12-21,51,65+,2300.4286,0.4328,0.3800,0.4934
112,2018-12-22,51,0-5,5635.8571,0.7413,0.6521,0.8423
112,2018-12-22,51,6-11,13200.2857,1.0468,0.9206,1.1926
112,2018-12-22,51,12-17,10233.7143,1.1221,0.9852,1.2784
112,2018-12-22,51,18-44,17829.8571,0.7107,0.6158,0.8260
112,2018-12-22,51,45-64,9361.8571,0.6168,0.5332,0.7139
112,2018-12-22,51,65+,2165.8571,0.4174,0.3658,0.4762
113,2018-12-23,52,0-5,5840.2857,0.7153,0.6287,0.8125
113,2018-12-23,52,6-11,13335.8571,0.9966,0.8765,1.1389
113,2018-12-23,52,12-17,9907.5714,1.0633,0.9330,1.2086
113,2018-12-23,52,18-44,18225.2857,0.6879,0.5933,0.7952
113,2018-12-23,52,45-64,9817.4286,0.5992,0.5173,0.6915
113,2018-12-23,52,65+,2367.0000,0.4067,0.3559,0.4633
114,2018-12-24,52,0-5,5829.1429,0.6986,0.6137,0.7945
114,2018-12-24,52,6-11,12741.1429,0.9617,0.8443,1.0970
114,2018-12-24,52,12-17,9035.7143,1.0213,0.8942,1.1649
114,2018-12-24,52,18-44,17592.2857,0.6740,0.5812,0.7837
114,2018-12-24,52,45-64,9500.5714,0.5902,0.5085,0.6837
114,2018-12-24,52,65+,2339.0000,0.4018,0.3507,0.4593
115,2018-12-25,52,0-5,5680.4286,0.6867,0.6026,0.7821
115,2018-12-25,52,6-11,11813.1429,0.9323,0.8199,1.0629
115,2018-12-25,52,12-17,7968.4286,0.9874,0.8651,1.1260
115,2018-12-25,52,18-44,16907.2857,0.6660,0.5745,0.7775
115,2018-12-25,52,45-64,9199.8571,0.5864,0.5054,0.6828
115,2018-12-25,52,65+,2304.7143,0.4008,0.3497,0.4601
116,2018-12-26,52,0-5,5460.1429,0.6805,0.5970,0.7735
116,2018-12-26,52,6-11,10837.5714,0.9123,0.8016,1.0383
116,2018-12-26,52,12-17,7111.8571,0.9632,0.8450,1.0957
116,2018-12-26,52,18-44,16167.1429,0.6643,0.5715,0.7708
116,2018-12-26,52,45-64,8886.2857,0.5882,0.5069,0.6836
116,2018-12-26,52,65+,2268.8571,0.4036,0.3528,0.4629
117,2018-12-27,52,0-5,5264.5714,0.6805,0.5960,0.7741
117,2018-12-27,52,6-11,10212.0000,0.8989,0.7912,1.0210
117,2018-12-27,52,12-17,6689.8571,0.9471,0.8323,1.0765
117,2018-12-27,52,18-44,15825.4286,0.6695,0.5753,0.7794
117,2018-12-27,52,45-64,8749.4286,0.5971,0.5142,0.6931
117,2018-12-27,52,65+,2261.1429,0.4114,0.3589,0.4716
118,2018-12-28,52,0-5,4774.8571,0.6810,0.5971,0.7757
118,2018-12-28,52,6-11,8609.8571,0.8886,0.7812,1.0092
118,2018-12-28,52,12-17,5421.7143,0.9342,0.8189,1.0631
118,2018-12-28,52,18-44,14527.2857,0.6736,0.5791,0.7834
118,2018-12-28,52,45-64,8147.5714,0.6058,0.5213,0.7026
118,2018-12-28,52,65+,2171.2857,0.4197,0.3657,0.4808
119,2018-12-29,52,0-5,4613.4286,0.6847,0.6019,0.7826
119,2018-12-29,52,6-11,8161.1429,0.8802,0.7757,1.0017
119,2018-12-29,52,12-17,5145.4286,0.9228,0.8110,1.0512
119,2018-12-29,52,18-44,14115.0000,0.6801,0.5864,0.7965
119,2018-12-29,52,45-64,8023.0000,0.6160,0.5301,0.7194
119,2018-12-29,52,65+,2179.4286,0.4289,0.3730,0.4934
120,2018-12-30,1,0-5,4312.1429,0.6872,0.6032,0.7839
120,2018-12-30,1,6-11,7285.8571,0.8716,0.7676,0.9893
120,2018-12-30,1,12-17,4489.2857,0.9116,0.8019,1.0374
120,2018-12-30,1,18-44,13120.8571,0.6862,0.5901,0.8010
120,2018-12-30,1,45-64,7631.2857,0.6247,0.5362,0.7267
120,2018-12-30,1,65+,2106.0000,0.4365,0.3793,0.5014
121,2018-12-31,1,0-5,3992.4286,0.6886,0.6056,0.7853
121,2018-12-31,1,6-11,6470.1429,0.8626,0.7604,0.9781
121,2018-12-31,1,12-17,3877.5714,0.8991,0.7915,1.0211
121,2018-12-31,1,18-44,12337.2857,0.6890,0.5943,0.8021
121,2018-12-31,1,45-64,7429.2857,0.6302,0.5426,0.7329
121,2018-12-31,1,65+,2097.4286,0.4425,0.3852,0.5081
122,2019-01-01,1,0-5,3672.4286,0.6896,0.6045,0.7867
122,2019-01-01,1,6-11,5682.1429,0.8548,0.7547,0.9699
122,2019-01-01,1,12-17,3324.8571,0.8851,0.7783,1.0058
122,2019-01-01,1,18-44,11561.5714,0.6866,0.5889,0.7985
122,2019-01-01,1,45-64,7148.2857,0.6303,0.5403,0.7329
122,2019-01-01,1,65+,2064.8571,0.4447,0.3859,0.5110
123,2019-01-02,1,0-5,3397.2857,0.6906,0.6051,0.7879
123,2019-01-02,1,6-11,4979.1429,0.8486,0.7476,0.9640
123,2019-01-02,1,12-17,2856.2857,0.8706,0.7654,0.9917
123,2019-01-02,1,18-44,10847.0000,0.6801,0.5849,0.7940
123,2019-01-02,1,45-64,6803.0000,0.6251,0.5377,0.7295
123,2019-01-02,1,65+,2001.0000,0.4433,0.3859,0.5111
124,2019-01-03,1,0-5,3222.4286,0.6923,0.6053,0.7889
124,2019-01-03,1,6-11,4481.7143,0.8463,0.7443,0.9599
124,2019-01-03,1,12-17,2605.8571,0.8581,0.7531,0.9758
124,2019-01-03,1,18-44,10438.5714,0.6714,0.5758,0.7816
124,2019-01-03,1,45-64,6631.7143,0.6173,0.5296,0.7176
124,2019-01-03,1,65+,1970.7143,0.4398,0.3818,0.5050
125,2019-01-04,1,0-5,2830.8571,0.6960,0.6073,0.7967
125,2019-01-04,1,6-11,3478.0000,0.8472,0.7451,0.9636
125,2019-01-04,1,12-17,1956.8571,0.8469,0.7436,0.9632
125,2019-01-04,1,18-44,9181.1429,0.6614,0.5672,0.7705
125,2019-01-04,1,45-64,5911.7143,0.6077,0.5207,0.7069
125,2019-01-04,1,65+,1801.0000,0.4349,0.3771,0.4996
126,2019-01-05,1,0-5,2785.8571,0.7018,0.6128,0.8010
126,2019-01-05,1,6-11,3328.1429,0.8520,0.7497,0.9673
126,2019-01-05,1,12-17,1901.7143,0.8369,0.7365,0.9509
126,2019-01-05,1,18-44,9240.8571,0.6492,0.5594,0.7575
126,2019-01-05,1,45-64,6048.5714,0.5949,0.5115,0.6937
126,2019-01-05,1,65+,1873.5714,0.4280,0.3720,0.4929
127,2019-01-06,2,0-5,2447.5714,0.7141,0.6240,0.8171
127,2019-01-06,2,6-11,2744.2857,0.8666,0.7625,0.9861
127,2019-01-06,2,12-17,1511.5714,0.8352,0.7344,0.9493
127,2019-01-06,2,18-44,7635.8571,0.6430,0.5532,0.7476
127,2019-01-06,2,45-64,5017.8571,0.5876,0.5052,0.6824
127,2019-01-06,2,65+,1617.0000,0.4242,0.3689,0.4871
128,2019-01-07,2,0-5,2304.4286,0.7301,0.6379,0.8381
128,2019-01-07,2,6-11,2476.5714,0.8840,0.7768,1.0051
128,2019-01-07,2,12-17,1302.2857,0.8348,0.7359,0.9473
128,2019-01-07,2,18-44,6830.8571,0.6385,0.5529,0.7423
128,2019-01-07,2,45-64,4549.5714,0.5818,0.5025,0.6747
128,2019-01-07,2,65+,1512.4286,0.4222,0.3680,0.4842
129,2019-01-08,2,0-5,2222.5714,0.7465,0.6520,0.8575
129,2019-01-08,2,6-11,2300.0000,0.9011,0.7922,1.0250
129,2019-01-08,2,12-17,1121.2857,0.8367,0.7377,0.9491
129,2019-01-08,2,18-44,6005.8571,0.6380,0.5526,0.7395
129,2019-01-08,2,45-64,4081.8571,0.5805,0.5012,0.6721
129,2019-01-08,2,65+,1393.2857,0.4225,0.3682,0.4845
130,2019-01-09,2,0-5,2160.0000,0.7576,0.6596,0.8710
130,2019-01-09,2,6-11,2158.1429,0.9114,0.8013,1.0386
130,2019-01-09,2,12-17,987.4286,0.8325,0.7350,0.9439
130,2019-01-09,2,18-44,5405.8571,0.6333,0.5491,0.7328
130,2019-01-09,2,45-64,3702.8571,0.5746,0.4957,0.6646
130,2019-01-09,2,65+,1300.7143,0.4196,0.3658,0.4806
131,2019-01-10,2,0-5,2105.8571,0.7651,0.6657,0.8832
131,2019-01-10,2,6-11,2057.5714,0.9174,0.8043,1.0476
131,2019-01-10,2,12-17,911.2857,0.8268,0.7275,0.9393
131,2019-01-10,2,18-44,5102.1429,0.6291,0.5448,0.7305
131,2019-01-10,2,45-64,3552.0000,0.5699,0.4909,0.6619
131,2019-01-10,2,65+,1267.1429,0.4176,0.3635,0.4797
132,2019-01-11,2,0-5,2041.5714,0.7683,0.6687,0.8859
132,2019-01-11,2,6-11,1869.4286,0.9199,0.8067,1.0498
132,2019-01-11,2,12-17,725.1429,0.8208,0.7226,0.9304
132,2019-01-11,2,18-44,4367.2857,0.6247,0.5415,0.7215
132,2019-01-11,2,45-64,3031.2857,0.5642,0.4874,0.6540
132,2019-01-11,2,65+,1104.1429,0.4142,0.3607,0.4759
133,2019-01-12,2,0-5,1970.7143,0.7669,0.6648,0.8841
133,2019-01-12,2,6-11,1746.4286,0.9181,0.8016,1.0473
133,2019-01-12,2,12-17,621.7143,0.8132,0.7140,0.9228
133,2019-01-12,2,18-44,3898.4286,0.6177,0.5341,0.7153
133,2019-01-12,2,45-64,2746.0000,0.5574,0.4802,0.6467
133,2019-01-12,2,65+,1022.0000,0.4096,0.3566,0.4699
134,2019-01-13,3,0-5,1878.2857,0.7604,0.6596,0.8787
134,2019-01-13,3,6-11,1638.2857,0.9092,0.7958,1.0407
134,2019-01-13,3,12-17,543.2857,0.8027,0.7064,0.9127
134,2019-01-13,3,18-44,3453.7143,0.6109,0.5279,0.7074
134,2019-01-13,3,45-64,2441.0000,0.5510,0.4748,0.6382
134,2019-01-13,3,65+,939.8571,0.4056,0.3529,0.4654
135,2019-01-14,3,0-5,1766.7143,0.7567,0.6567,0.8713
135,2019-01-14,3,6-11,1514.8571,0.9055,0.7927,1.0378
135,2019-01-14,3,12-17,464.5714,0.7988,0.7023,0.9086
135,2019-01-14,3,18-44,3059.1429,0.6085,0.5252,0.7038
135,2019-01-14,3,45-64,2160.4286,0.5480,0.4725,0.6335
135,2019-01-14,3,65+,842.2857,0.4037,0.3512,0.4629
136,2019-01-15,3,0-5,1629.4286,0.7538,0.6549,0.8672
136,2019-01-15,3,6-11,1367.4286,0.9033,0.7883,1.0327
136,2019-01-15,3,12-17,391.8571,0.7961,0.6999,0.9047
136,2019-01-15,3,18-44,2708.7143,0.6064,0.5242,0.7027
136,2019-01-15,3,45-64,1901.0000,0.5457,0.4702,0.6320
136,2019-01-15,3,65+,743.5714,0.4027,0.3498,0.4621
137,2019-01-16,3,0-5,1495.4286,0.7576,0.6569,0.8749
137,2019-01-16,3,6-11,1238.0000,0.9087,0.7922,1.0409
137,2019-01-16,3,12-17,336.7143,0.8009,0.7035,0.9100
137,2019-01-16,3,18-44,2433.8571,0.6099,0.5276,0.7061
137,2019-01-16,3,45-64,1684.4286,0.5478,0.4724,0.6340
137,2019-01-16,3,65+,677.0000,0.4047,0.3520,0.4641
138,2019-01-17,3,0-5,1399.2857,0.7660,0.6643,0.8825
138,2019-01-17,3,6-11,1160.5714,0.9207,0.8032,1.0553
138,2019-01-17,3,12-17,310.8571,0.8128,0.7138,0.9242
138,2019-01-17,3,18-44,2305.7143,0.6171,0.5330,0.7138
138,2019-01-17,3,45-64,1604.4286,0.5527,0.4770,0.6394
138,2019-01-17,3,65+,650.1429,0.4090,0.3562,0.4691
139,2019-01-18,3,0-5,1239.5714,0.7813,0.6800,0.8990
139,2019-01-18,3,6-11,1016.5714,0.9396,0.8245,1.0757
139,2019-01-18,3,12-17,252.2857,0.8307,0.7322,0.9425
139,2019-01-18,3,18-44,1964.8571,0.6298,0.5459,0.7278
139,2019-01-18,3,45-64,1321.8571,0.5637,0.4873,0.6518
139,2019-01-18,3,65+,551.5714,0.4179,0.3641,0.4789
140,2019-01-19,3,0-5,1150.5714,0.8035,0.6975,0.9279
140,2019-01-19,3,6-11,939.5714,0.9700,0.8475,1.1066
140,2019-01-19,3,12-17,224.7143,0.8585,0.7552,0.9737
140,2019-01-19,3,18-44,1755.4286,0.6492,0.5612,0.7517
140,2019-01-19,3,45-64,1172.5714,0.5805,0.5016,0.6705
140,2019-01-19,3,65+,497.8571,0.4306,0.3757,0.4924
141,2019-01-20,4,0-5,1074.0000,0.8280,0.7176,0.9527
141,2019-01-20,4,6-11,878.1429,1.0021,0.8766,1.1442
141,2019-01-20,4,12-17,200.4286,0.8903,0.7836,1.0092
141,2019-01-20,4,18-44,1610.0000,0.6709,0.5803,0.7755
141,2019-01-20,4,45-64,1067.8571,0.5986,0.5186,0.6912
141,2019-01-20,4,65+,463.8571,0.4443,0.3880,0.5090
142,2019-01-21,4,0-5,1003.1429,0.8553,0.7429,0.9863
142,2019-01-21,4,6-11,824.1429,1.0386,0.9093,1.1879
142,2019-01-21,4,12-17,187.1429,0.9267,0.8170,1.0504
142,2019-01-21,4,18-44,1476.4286,0.6962,0.6043,0.8026
142,2019-01-21,4,45-64,966.2857,0.6200,0.5379,0.7126
142,2019-01-21,4,65+,428.5714,0.4607,0.4024,0.5263
143,2019-01-22,4,0-5,941.0000,0.8833,0.7680,1.0170
143,2019-01-22,4,6-11,769.0000,1.0769,0.9415,1.2333
143,2019-01-22,4,12-17,177.4286,0.9648,0.8487,1.0948
143,2019-01-22,4,18-44,1372.1429,0.7229,0.6250,0.8337
143,2019-01-22,4,45-64,865.5714,0.6432,0.5567,0.7405
143,2019-01-22,4,65+,397.7143,0.4776,0.4159,0.5467
144,2019-01-23,4,0-5,879.4286,0.9133,0.7947,1.0484
144,2019-01-23,4,6-11,720.1429,1.1159,0.9764,1.2739
144,2019-01-23,4,12-17,167.7143,1.0009,0.8808,1.1364
144,2019-01-23,4,18-44,1276.4286,0.7483,0.6476,0.8693
144,2019-01-23,4,45-64,796.7143,0.6646,0.5746,0.7686
144,2019-01-23,4,65+,375.4286,0.4928,0.4293,0.5642
145,2019-01-24,4,0-5,840.7143,0.9410,0.8181,1.0807
145,2019-01-24,4,6-11,692.8571,1.1536,1.0099,1.3168
145,2019-01-24,4,12-17,164.0000,1.0345,0.9110,1.1740
145,2019-01-24,4,18-44,1241.0000,0.7689,0.6658,0.8915
145,2019-01-24,4,45-64,771.5714,0.6817,0.5900,0.7889
145,2019-01-24,4,65+,366.4286,0.5049,0.4402,0.5779
146,2019-01-25,4,0-5,760.5714,0.9696,0.8440,1.1173
146,2019-01-25,4,6-11,646.0000,1.1915,1.0438,1.3589
146,2019-01-25,4,12-17,153.2857,1.0671,0.9403,1.2097
146,2019-01-25,4,18-44,1137.0000,0.7900,0.6844,0.9166
146,2019-01-25,4,45-64,694.0000,0.6977,0.6049,0.8058
146,2019-01-25,4,65+,329.8571,0.5150,0.4497,0.5895
147,2019-01-26,4,0-5,720.1429,0.9893,0.8607,1.1417
147,2019-01-26,4,6-11,620.2857,1.2169,1.0666,1.3940
147,2019-01-26,4,12-17,144.2857,1.0883,0.9594,1.2365
147,2019-01-26,4,18-44,1092.8571,0.8015,0.6946,0.9269
147,2019-01-26,4,45-64,653.7143,0.7054,0.6112,0.8140
147,2019-01-26,4,65+,313.1429,0.5195,0.4540,0.5939
148,2019-01-27,5,0-5,700.5714,1.0015,0.8724,1.1529
148,2019-01-27,5,6-11,605.4286,1.2342,1.0822,1.4096
148,2019-01-27,5,12-17,142.5714,1.1009,0.9699,1.2469
148,2019-01-27,5,18-44,1048.4286,0.8066,0.6976,0.9315
148,2019-01-27,5,45-64,610.5714,0.7077,0.6113,0.8167
148,2019-01-27,5,65+,298.5714,0.5199,0.4530,0.5949
149,2019-01-28,5,0-5,673.7143,0.9975,0.8650,1.1492
149,2019-01-28,5,6-11,585.1429,1.2310,1.0762,1.4097
149,2019-01-28,5,12-17,136.1429,1.0969,0.9670,1.2443
149,2019-01-28,5,18-44,1017.2857,0.7972,0.6938,0.9220
149,2019-01-28,5,45-64,581.1429,0.6976,0.6067,0.8047
149,2019-01-28,5,65+,283.7143,0.5116,0.4480,0.5849
150,2019-01-29,5,0-5,671.1429,0.9775,0.8475,1.1313
150,2019-01-29,5,6-11,587.4286,1.2084,1.0566,1.3839
150,2019-01-29,5,12-17,133.7143,1.0747,0.9470,1.2200
150,2019-01-29,5,18-44,987.4286,0.7775,0.6755,0.9003
150,2019-01-29,5,45-64,563.8571,0.6785,0.5887,0.7841
150,2019-01-29,5,65+,268.8571,0.4973,0.4347,0.5690
151,2019-01-30,5,0-5,670.1429,0.9490,0.8242,1.0956
151,2019-01-30,5,6-11,598.4286,1.1712,1.0277,1.3394
151,2019-01-30,5,12-17,137.4286,1.0424,0.9195,1.1832
151,2019-01-30,5,18-44,978.0000,0.7531,0.6514,0.8714
151,2019-01-30,5,45-64,558.1429,0.6556,0.5668,0.7558
151,2019-01-30,5,65+,261.2857,0.4798,0.4190,0.5479
152,2019-01-31,5,0-5,667.1429,0.9150,0.7954,1.0531
152,2019-01-31,5,6-11,606.2857,1.1294,0.9878,1.2909
152,2019-01-31,5,12-17,142.0000,1.0082,0.8881,1.1445
152,2019-01-31,5,18-44,983.2857,0.7284,0.6312,0.8434
152,2019-01-31,5,45-64,561.2857,0.6331,0.5493,0.7312
152,2019-01-31,5,65+,260.4286,0.4631,0.4051,0.5292
153,2019-02-01,5,0-5,626.4286,0.8900,0.7733,1.0276
153,2019-02-01,5,6-11,557.5714,1.0943,0.9554,1.2564
153,2019-02-01,5,12-17,130.4286,0.9841,0.8643,1.1196
153,2019-02-01,5,18-44,869.5714,0.7156,0.6183,0.8281
153,2019-02-01,5,45-64,472.8571,0.6210,0.5382,0.7173
153,2019-02-01,5,65+,224.7143,0.4542,0.3967,0.5195
154,2019-02-02,5,0-5,577.5714,0.8745,0.7599,1.0091
154,2019-02-02,5,6-11,507.8571,1.0714,0.9369,1.2278
154,2019-02-02,5,12-17,118.5714,0.9722,0.8563,1.1063
154,2019-02-02,5,18-44,774.8571,0.7101,0.6155,0.8246
154,2019-02-02,5,45-64,424.0000,0.6169,0.5354,0.7137
154,2019-02-02,5,65+,199.5714,0.4518,0.3955,0.5170
155,2019-02-03,6,0-5,562.2857,0.8693,0.7548,0.9977
155,2019-02-03,6,6-11,491.4286,1.0623,0.9313,1.2122
155,2019-02-03,6,12-17,108.7143,0.9752,0.8592,1.1090
155,2019-02-03,6,18-44,722.0000,0.7178,0.6207,0.8349
155,2019-02-03,6,45-64,391.7143,0.6234,0.5402,0.7212
155,2019-02-03,6,65+,177.1429,0.4567,0.3990,0.5232
156,2019-02-04,6,0-5,548.2857,0.8733,0.7588,1.0064
156,2019-02-04,6,6-11,481.2857,1.0648,0.9338,1.2163
156,2019-02-04,6,12-17,114.2857,0.9899,0.8713,1.1233
156,2019-02-04,6,18-44,733.5714,0.7340,0.6326,0.8512
156,2019-02-04,6,45-64,391.5714,0.6380,0.5517,0.7358
156,2019-02-04,6,65+,185.2857,0.4684,0.4087,0.5357
157,2019-02-05,6,0-5,498.5714,0.8915,0.7742,1.0293
157,2019-02-05,6,6-11,441.1429,1.0854,0.9490,1.2353
157,2019-02-05,6,12-17,112.2857,1.0176,0.8937,1.1535
157,2019-02-05,6,18-44,703.2857,0.7577,0.6526,0.8788
157,2019-02-05,6,45-64,360.5714,0.6587,0.5705,0.7605
157,2019-02-05,6,65+,176.7143,0.4853,0.4237,0.5551
158,2019-02-06,6,0-5,452.7143,0.9213,0.8033,1.0608
158,2019-02-06,6,6-11,387.4286,1.1190,0.9837,1.2747
158,2019-02-06,6,12-17,107.2857,1.0536,0.9296,1.1941
158,2019-02-06,6,18-44,676.5714,0.7855,0.6795,0.9085
158,2019-02-06,6,45-64,335.5714,0.6837,0.5929,0.7865
158,2019-02-06,6,65+,166.5714,0.5048,0.4415,0.5772
159,2019-02-07,6,0-5,414.8571,0.9571,0.8331,1.1026
159,2019-02-07,6,6-11,348.8571,1.1637,1.0219,1.3242
159,2019-02-07,6,12-17,98.0000,1.0948,0.9644,1.2442
159,2019-02-07,6,18-44,646.2857,0.8118,0.7023,0.9460
159,2019-02-07,6,45-64,313.2857,0.7056,0.6122,0.8167
159,2019-02-07,6,65+,160.2857,0.5219,0.4556,0.5987
160,2019-02-08,6,0-5,398.7143,0.9984,0.8668,1.1526
160,2019-02-08,6,6-11,330.1429,1.2154,1.0667,1.3884
160,2019-02-08,6,12-17,104.4286,1.1381,1.0018,1.2918
160,2019-02-08,6,18-44,675.0000,0.8368,0.7224,0.9706
160,2019-02-08,6,45-64,321.7143,0.7245,0.6267,0.8368
160,2019-02-08,6,65+,170.1429,0.5359,0.4676,0.6144
161,2019-02-09,6,0-5,403.4286,1.0414,0.9026,1.1963
161,2019-02-09,6,6-11,339.1429,1.2707,1.1161,1.4495
161,2019-02-09,6,12-17,108.5714,1.1759,1.0368,1.3332
161,2019-02-09,6,18-44,691.7143,0.8533,0.7394,0.9864
161,2019-02-09,6,45-64,328.2857,0.7347,0.6381,0.8462
161,2019-02-09,6,65+,173.5714,0.5440,0.4759,0.6222
162,2019-02-10,7,0-5,382.4286,1.0878,0.9470,1.2549
162,2019-02-10,7,6-11,327.4286,1.3322,1.1690,1.5172
162,2019-02-10,7,12-17,109.7143,1.2149,1.0719,1.3757
162,2019-02-10,7,18-44,675.5714,0.8693,0.7552,1.0077
162,2019-02-10,7,45-64,325.2857,0.7438,0.6477,0.8562
162,2019-02-10,7,65+,180.4286,0.5496,0.4817,0.6275
163,2019-02-11,7,0-5,370.7143,1.1438,0.9942,1.3141
163,2019-02-11,7,6-11,304.7143,1.4001,1.2288,1.5954
163,2019-02-11,7,12-17,102.0000,1.2582,1.1098,1.4229
163,2019-02-11,7,18-44,605.5714,0.8906,0.7737,1.0264
163,2019-02-11,7,45-64,286.8571,0.7556,0.6579,0.8687
163,2019-02-11,7,65+,157.5714,0.5566,0.4884,0.6341
164,2019-02-12,7,0-5,383.2857,1.1977,1.0393,1.3776
164,2019-02-12,7,6-11,314.7143,1.4712,1.2895,1.6812
164,2019-02-12,7,12-17,99.4286,1.3060,1.1517,1.4812
164,2019-02-12,7,18-44,591.0000,0.9146,0.7945,1.0553
164,2019-02-12,7,45-64,274.5714,0.7713,0.6715,0.8862
164,2019-02-12,7,65+,151.0000,0.5656,0.4959,0.6440
165,2019-02-13,7,0-5,407.2857,1.2449,1.0805,1.4402
165,2019-02-13,7,6-11,333.4286,1.5342,1.3415,1.7498
165,2019-02-13,7,12-17,98.0000,1.3463,1.1876,1.5240
165,2019-02-13,7,18-44,573.5714,0.9356,0.8134,1.0798
165,2019-02-13,7,45-64,258.2857,0.7847,0.6836,0.9024
165,2019-02-13,7,65+,144.8571,0.5727,0.5023,0.6520
166,2019-02-14,7,0-5,423.1429,1.2783,1.1053,1.4746
166,2019-02-14,7,6-11,346.2857,1.5748,1.3772,1.7993
166,2019-02-14,7,12-17,101.5714,1.3725,1.2098,1.5549
166,2019-02-14,7,18-44,574.0000,0.9522,0.8275,1.1008
166,2019-02-14,7,45-64,258.5714,0.7948,0.6922,0.9126
166,2019-02-14,7,65+,144.0000,0.5776,0.5071,0.6573
167,2019-02-15,7,0-5,466.0000,1.2909,1.1205,1.4933
167,2019-02-15,7,6-11,386.2857,1.5932,1.3974,1.8265
167,2019-02-15,7,12-17,102.5714,1.3824,1.2190,1.5695
167,2019-02-15,7,18-44,585.4286,0.9577,0.8304,1.1075
167,2019-02-15,7,45-64,257.0000,0.7966,0.6934,0.9160
167,2019-02-15,7,65+,139.1429,0.5768,0.5072,0.6553
168,2019-02-16,7,0-5,487.7143,1.2874,1.1174,1.4843
168,2019-02-16,7,6-11,409.4286,1.5923,1.3920,1.8207
168,2019-02-16,7,12-17,103.7143,1.3771,1.2140,1.5591
168,2019-02-16,7,18-44,598.2857,0.9538,0.8301,1.0985
168,2019-02-16,7,45-64,254.0000,0.7927,0.6911,0.9090
168,2019-02-16,7,65+,136.0000,0.5717,0.5030,0.6490
169,2019-02-17,8,0-5,513.5714,1.2672,1.1007,1.4652
169,2019-02-17,8,6-11,428.4286,1.5696,1.3728,1.8005
169,2019-02-17,8,12-17,105.1429,1.3557,1.1952,1.5370
169,2019-02-17,8,18-44,617.4286,0.9411,0.8187,1.0835
169,2019-02-17,8,45-64,255.0000,0.7813,0.6810,0.8948
169,2019-02-17,8,65+,136.1429,0.5618,0.4947,0.6366
170,2019-02-18,8,0-5,535.8571,1.2397,1.0742,1.4295
170,2019-02-18,8,6-11,455.2857,1.5344,1.3407,1.7557
170,2019-02-18,8,12-17,106.2857,1.3232,1.1666,1.5003
170,2019-02-18,8,18-44,633.4286,0.9229,0.7997,1.0642
170,2019-02-18,8,45-64,254.5714,0.7647,0.6657,0.8782
170,2019-02-18,8,65+,131.7143,0.5483,0.4825,0.6221
171,2019-02-19,8,0-5,547.5714,1.2062,1.0452,1.3946
171,2019-02-19,8,6-11,479.2857,1.4863,1.2970,1.6987
171,2019-02-19,8,12-17,109.1429,1.2815,1.1271,1.4494
171,2019-02-19,8,18-44,640.7143,0.9007,0.7770,1.0340
171,2019-02-19,8,45-64,257.8571,0.7456,0.6468,0.8542
171,2019-02-19,8,65+,128.1429,0.5330,0.4681,0.6049
172,2019-02-20,8,0-5,567.5714,1.1717,1.0161,1.3573
172,2019-02-20,8,6-11,497.5714,1.4354,1.2569,1.6428
172,2019-02-20,8,12-17,108.4286,1.2378,1.0919,1.4024
172,2019-02-20,8,18-44,652.1429,0.8755,0.7603,1.0127
172,2019-02-20,8,45-64,263.8571,0.7240,0.6312,0.8328
172,2019-02-20,8,65+,132.2857,0.5166,0.4550,0.5866
173,2019-02-21,8,0-5,579.5714,1.1374,0.9864,1.3128
173,2019-02-21,8,6-11,505.5714,1.3867,1.2148,1.5820
173,2019-02-21,8,12-17,106.5714,1.1974,1.0558,1.3567
173,2019-02-21,8,18-44,657.5714,0.8533,0.7388,0.9912
173,2019-02-21,8,45-64,264.5714,0.7040,0.6125,0.8116
173,2019-02-21,8,65+,134.2857,0.5008,0.4406,0.5694
174,2019-02-22,8,0-5,599.1429,1.0994,0.9546,1.2722
174,2019-02-22,8,6-11,516.2857,1.3368,1.1699,1.5295
174,2019-02-22,8,12-17,106.8571,1.1588,1.0212,1.3181
174,2019-02-22,8,18-44,685.0000,0.8308,0.7220,0.9646
174,2019-02-22,8,45-64,266.8571,0.6843,0.5963,0.7887
174,2019-02-22,8,65+,132.2857,0.4856,0.4272,0.5532
175,2019-02-23,8,0-5,621.0000,1.0654,0.9241,1.2293
175,2019-02-23,8,6-11,525.1429,1.2854,1.1219,1.4689
175,2019-02-23,8,12-17,108.4286,1.1221,0.9879,1.2749
175,2019-02-23,8,18-44,694.5714,0.8128,0.7037,0.9475
175,2019-02-23,8,45-64,271.5714,0.6684,0.5810,0.7733
175,2019-02-23,8,65+,133.1429,0.4726,0.4153,0.5390
176,2019-02-24,9,0-5,629.8571,1.0295,0.8907,1.1904
176,2019-02-24,9,6-11,536.0000,1.2394,1.0834,1.4175
176,2019-02-24,9,12-17,111.7143,1.0963,0.9642,1.2452
176,2019-02-24,9,18-44,713.2857,0.7989,0.6901,0.9324
176,2019-02-24,9,45-64,267.5714,0.6566,0.5703,0.7596
176,2019-02-24,9,65+,127.0000,0.4634,0.4069,0.5283
177,2019-02-25,9,0-5,641.0000,1.0018,0.8650,1.1545
177,2019-02-25,9,6-11,531.2857,1.2045,1.0528,1.3757
177,2019-02-25,9,12-17,110.7143,1.0783,0.9504,1.2255
177,2019-02-25,9,18-44,732.2857,0.7888,0.6841,0.9192
177,2019-02-25,9,45-64,269.2857,0.6487,0.5650,0.7497
177,2019-02-25,9,65+,128.0000,0.4571,0.4019,0.5210
178,2019-02-26,9,0-5,613.2857,0.9799,0.8518,1.1309
178,2019-02-26,9,6-11,489.5714,1.1836,1.0363,1.3466
178,2019-02-26,9,12-17,100.1429,1.0773,0.9456,1.2215
178,2019-02-26,9,18-44,699.0000,0.7902,0.6797,0.9188
178,2019-02-26,9,45-64,239.8571,0.6505,0.5628,0.7504
178,2019-02-26,9,65+,120.1429,0.4574,0.4005,0.5207
179,2019-02-27,9,0-5,604.2857,0.9723,0.8443,1.1225
179,2019-02-27,9,6-11,475.0000,1.1801,1.0335,1.3457
179,2019-02-27,9,12-17,102.8571,1.0916,0.9601,1.2400
179,2019-02-27,9,18-44,732.0000,0.7993,0.6878,0.9291
179,2019-02-27,9,45-64,246.0000,0.6587,0.5705,0.7596
179,2019-02-27,9,65+,120.8571,0.4623,0.4053,0.5268
180,2019-02-28,9,0-5,595.2857,0.9831,0.8504,1.1377
180,2019-02-28,9,6-11,463.4286,1.2033,1.0518,1.3818
180,2019-02-28,9,12-17,103.8571,1.1353,0.9961,1.2914
180,2019-02-28,9,18-44,741.8571,0.8162,0.7027,0.9477
180,2019-02-28,9,45-64,246.2857,0.6728,0.5824,0.7759
180,2019-02-28,9,65+,121.0000,0.4720,0.4139,0.5372
181,2019-03-01,9,0-5,550.0000,1.0086,0.8751,1.1619
181,2019-03-01,9,6-11,426.0000,1.2489,1.0939,1.4252
181,2019-03-01,9,12-17,103.8571,1.1958,1.0522,1.3570
181,2019-03-01,9,18-44,744.8571,0.8408,0.7219,0.9764
181,2019-03-01,9,45-64,245.1429,0.6917,0.5983,0.7975
181,2019-03-01,9,65+,119.2857,0.4851,0.4248,0.5524
182,2019-03-02,9,0-5,509.0000,1.0518,0.9103,1.2141
182,2019-03-02,9,6-11,402.0000,1.3265,1.1601,1.5173
182,2019-03-02,9,12-17,112.7143,1.2883,1.1324,1.4654
182,2019-03-02,9,18-44,744.7143,0.8744,0.7525,1.0165
182,2019-03-02,9,45-64,243.0000,0.7157,0.6189,0.8267
182,2019-03-02,9,65+,119.4286,0.5010,0.4389,0.5713
183,2019-03-03,10,0-5,483.4286,1.1101,0.9648,1.2830
183,2019-03-03,10,6-11,378.7143,1.4269,1.2537,1.6306
183,2019-03-03,10,12-17,120.8571,1.4058,1.2396,1.5948
183,2019-03-03,10,18-44,744.0000,0.9128,0.7896,1.0574
183,2019-03-03,10,45-64,244.4286,0.7414,0.6446,0.8527
183,2019-03-03,10,65+,119.1429,0.5180,0.4558,0.5883
184,2019-03-04,10,0-5,459.2857,1.1866,1.0308,1.3734
184,2019-03-04,10,6-11,371.4286,1.5634,1.3732,1.7848
184,2019-03-04,10,12-17,139.1429,1.5558,1.3699,1.7664
184,2019-03-04,10,18-44,736.4286,0.9578,0.8288,1.1118
184,2019-03-04,10,45-64,242.1429,0.7686,0.6679,0.8864
184,2019-03-04,10,65+,118.2857,0.5355,0.4707,0.6093
185,2019-03-05,10,0-5,491.1429,1.2615,1.0979,1.4526
185,2019-03-05,10,6-11,417.2857,1.7044,1.4988,1.9435
185,2019-03-05,10,12-17,176.1429,1.7065,1.5026,1.9381
185,2019-03-05,10,18-44,776.7143,0.9962,0.8676,1.1516
185,2019-03-05,10,45-64,263.5714,0.7881,0.6884,0.9059
185,2019-03-05,10,65+,124.7143,0.5477,0.4833,0.6212
186,2019-03-06,10,0-5,498.1429,1.3343,1.1608,1.5341
186,2019-03-06,10,6-11,446.4286,1.8426,1.6215,2.1035
186,2019-03-06,10,12-17,210.5714,1.8630,1.6374,2.1178
186,2019-03-06,10,18-44,751.8571,1.0339,0.9024,1.1933
186,2019-03-06,10,45-64,248.2857,0.8062,0.7059,0.9265
186,2019-03-06,10,65+,118.8571,0.5584,0.4943,0.6327
187,2019-03-07,10,0-5,514.4286,1.3861,1.2093,1.5914
187,2019-03-07,10,6-11,473.4286,1.9579,1.7209,2.2263
187,2019-03-07,10,12-17,236.4286,1.9971,1.7504,2.2733
187,2019-03-07,10,18-44,753.4286,1.0626,0.9278,1.2213
187,2019-03-07,10,45-64,245.0000,0.8178,0.7161,0.9361
187,2019-03-07,10,65+,116.1429,0.5640,0.4991,0.6372
188,2019-03-08,10,0-5,573.0000,1.4072,1.2261,1.6191
188,2019-03-08,10,6-11,602.1429,2.0263,1.7776,2.3167
188,2019-03-08,10,12-17,313.1429,2.0881,1.8300,2.3817
188,2019-03-08,10,18-44,767.1429,1.0720,0.9341,1.2303
188,2019-03-08,10,45-64,241.0000,0.8150,0.7120,0.9316
188,2019-03-08,10,65+,116.2857,0.5593,0.4947,0.6309
189,2019-03-09,10,0-5,641.2857,1.3998,1.2185,1.6068
189,2019-03-09,10,6-11,719.5714,2.0399,1.7863,2.3284
189,2019-03-09,10,12-17,399.0000,2.1183,1.8545,2.4188
189,2019-03-09,10,18-44,813.1429,1.0631,0.9292,1.2202
189,2019-03-09,10,45-64,238.8571,0.8004,0.7014,0.9165
189,2019-03-09,10,65+,115.0000,0.5469,0.4849,0.6179
190,2019-03-10,11,0-5,694.1429,1.3649,1.1868,1.5690
190,2019-03-10,11,6-11,831.1429,2.0112,1.7610,2.2966
190,2019-03-10,11,12-17,488.8571,2.1052,1.8410,2.4131
190,2019-03-10,11,18-44,853.2857,1.0393,0.9096,1.1927
190,2019-03-10,11,45-64,233.8571,0.7776,0.6824,0.8892
190,2019-03-10,11,65+,115.1429,0.5291,0.4698,0.5972
191,2019-03-11,11,0-5,753.8571,1.3186,1.1467,1.5162
191,2019-03-11,11,6-11,951.7143,1.9591,1.7155,2.2379
191,2019-03-11,11,12-17,591.8571,2.0664,1.8063,2.3663
191,2019-03-11,11,18-44,917.8571,1.0080,0.8804,1.1587
191,2019-03-11,11,45-64,229.5714,0.7509,0.6576,0.8600
191,2019-03-11,11,65+,114.2857,0.5095,0.4515,0.5749
192,2019-03-12,11,0-5,808.2857,1.2751,1.1106,1.4674
192,2019-03-12,11,6-11,1085.5714,1.9096,1.6746,2.1810
192,2019-03-12,11,12-17,710.1429,2.0292,1.7739,2.3194
192,2019-03-12,11,18-44,990.4286,0.9802,0.8594,1.1250
192,2019-03-12,11,45-64,236.5714,0.7273,0.6392,0.8322
192,2019-03-12,11,65+,119.4286,0.4911,0.4360,0.5537
193,2019-03-13,11,0-5,855.0000,1.2382,1.0810,1.4248
193,2019-03-13,11,6-11,1207.4286,1.8727,1.6444,2.1397
193,2019-03-13,11,12-17,814.1429,2.0026,1.7492,2.2971
193,2019-03-13,11,18-44,1061.7143,0.9552,0.8389,1.0916
193,2019-03-13,11,45-64,245.4286,0.7064,0.6217,0.8045
193,2019-03-13,11,65+,122.7143,0.4752,0.4232,0.5346
194,2019-03-14,11,0-5,909.4286,1.2084,1.0556,1.3812
194,2019-03-14,11,6-11,1323.8571,1.8391,1.6093,2.0995
194,2019-03-14,11,12-17,883.5714,1.9749,1.7234,2.2633
194,2019-03-14,11,18-44,1108.7143,0.9347,0.8180,1.0730
194,2019-03-14,11,45-64,252.4286,0.6891,0.6052,0.7883
194,2019-03-14,11,65+,125.7143,0.4619,0.4106,0.5204
195,2019-03-15,11,0-5,1046.1429,1.1660,1.0189,1.3317
195,2019-03-15,11,6-11,1665.2857,1.7848,1.5616,2.0402
195,2019-03-15,11,12-17,1171.8571,1.9240,1.6807,2.2095
195,2019-03-15,11,18-44,1275.1429,0.9074,0.7958,1.0425
195,2019-03-15,11,45-64,275.8571,0.6677,0.5872,0.7646
195,2019-03-15,11,65+,135.2857,0.4459,0.3966,0.5032
196,2019-03-16,11,0-5,1142.1429,1.1237,0.9840,1.2880
196,2019-03-16,11,6-11,1917.5714,1.7237,1.5094,1.9711
196,2019-03-16,11,12-17,1392.0000,1.8629,1.6246,2.1385
196,2019-03-16,11,18-44,1406.5714,0.8779,0.7691,1.0081
196,2019-03-16,11,45-64,296.0000,0.6449,0.5667,0.7385
196,2019-03-16,11,65+,143.8571,0.4294,0.3819,0.4843
197,2019-03-17,12,0-5,1231.8571,1.0786,0.9395,1.2377
197,2019-03-17,12,6-11,2125.4286,1.6580,1.4471,1.9038
197,2019-03-17,12,12-17,1581.1429,1.7945,1.5619,2.0665
197,2019-03-17,12,18-44,1560.7143,0.8469,0.7397,0.9743
197,2019-03-17,12,45-64,323.0000,0.6216,0.5442,0.7131
197,2019-03-17,12,65+,149.4286,0.4128,0.3661,0.4662
198,2019-03-18,12,0-5,1313.7143,1.0392,0.9085,1.1946
198,2019-03-18,12,6-11,2326.7143,1.5996,1.3976,1.8368
198,2019-03-18,12,12-17,1780.4286,1.7302,1.5053,1.9949
198,2019-03-18,12,18-44,1736.8571,0.8169,0.7121,0.9416
198,2019-03-18,12,45-64,352.2857,0.5986,0.5238,0.6879
198,2019-03-18,12,65+,160.2857,0.3969,0.3520,0.4488
199,2019-03-19,12,0-5,1413.2857,1.0079,0.8798,1.1578
199,2019-03-19,12,6-11,2565.0000,1.5521,1.3556,1.7791
199,2019-03-19,12,12-17,1962.5714,1.6782,1.4589,1.9276
199,2019-03-19,12,18-44,1890.5714,0.7942,0.6917,0.9169
199,2019-03-19,12,45-64,376.7143,0.5810,0.5080,0.6685
199,2019-03-19,12,65+,167.8571,0.3845,0.3407,0.4352
200,2019-03-20,12,0-5,1518.7143,0.9863,0.8594,1.1348
200,2019-03-20,12,6-11,2794.8571,1.5210,1.3260,1.7437
200,2019-03-20,12,12-17,2130.7143,1.6432,1.4290,1.8859
200,2019-03-20,12,18-44,2029.7143,0.7781,0.6776,0.8992
200,2019-03-20,12,45-64,393.8571,0.5688,0.4970,0.6548
200,2019-03-20,12,65+,173.7143,0.3757,0.3328,0.4255
201,2019-03-21,12,0-5,1563.2857,0.9721,0.8462,1.1173
201,2019-03-21,12,6-11,2909.7143,1.4998,1.3115,1.7239
201,2019-03-21,12,12-17,2195.0000,1.6219,1.4099,1.8669
201,2019-03-21,12,18-44,2094.5714,0.7693,0.6664,0.8886
201,2019-03-21,12,45-64,395.2857,0.5617,0.4887,0.6460
201,2019-03-21,12,65+,174.8571,0.3702,0.3273,0.4191
202,2019-03-22,12,0-5,1682.7143,0.9619,0.8366,1.1036
202,2019-03-22,12,6-11,3207.4286,1.4858,1.2966,1.6999
202,2019-03-22,12,12-17,2407.4286,1.6048,1.3972,1.8465
202,2019-03-22,12,18-44,2305.5714,0.7617,0.6637,0.8782
202,2019-03-22,12,45-64,424.4286,0.5557,0.4852,0.6382
202,2019-03-22,12,65+,188.5714,0.3655,0.3235,0.4133
203,2019-03-23,12,0-5,1771.1429,0.9485,0.8264,1.0890
203,2019-03-23,12,6-11,3473.2857,1.4645,1.2796,1.6830
203,2019-03-23,12,12-17,2622.8571,1.5859,1.3804,1.8293
203,2019-03-23,12,18-44,2477.4286,0.7554,0.6560,0.8693
203,2019-03-23,12,45-64,449.7143,0.5507,0.4797,0.6321
203,2019-03-23,12,65+,201.7143,0.3609,0.3189,0.4081
204,2019-03-24,13,0-5,1881.4286,0.9345,0.8129,1.0748
204,2019-03-24,13,6-11,3752.4286,1.4415,1.2596,1.6529
204,2019-03-24,13,12-17,2819.5714,1.5630,1.3610,1.7924
204,2019-03-24,13,18-44,2649.1429,0.7443,0.6457,0.8552
204,2019-03-24,13,45-64,475.7143,0.5426,0.4723,0.6218
204,2019-03-24,13,65+,210.7143,0.3549,0.3135,0.4006
205,2019-03-25,13,0-5,1976.5714,0.9197,0.7992,1.0561
205,2019-03-25,13,6-11,3985.4286,1.4160,1.2340,1.6289
205,2019-03-25,13,12-17,3014.8571,1.5331,1.3313,1.7659
205,2019-03-25,13,18-44,2855.0000,0.7317,0.6356,0.8467
205,2019-03-25,13,45-64,507.0000,0.5332,0.4644,0.6145
205,2019-03-25,13,65+,213.7143,0.3483,0.3077,0.3949
206,2019-03-26,13,0-5,2073.8571,0.9069,0.7859,1.0439
206,2019-03-26,13,6-11,4206.7143,1.3949,1.2108,1.6080
206,2019-03-26,13,12-17,3200.0000,1.5082,1.3054,1.7355
206,2019-03-26,13,18-44,3053.8571,0.7200,0.6245,0.8340
206,2019-03-26,13,45-64,536.8571,0.5240,0.4560,0.6047
206,2019-03-26,13,65+,220.1429,0.3417,0.3015,0.3880
207,2019-03-27,13,0-5,2147.5714,0.8954,0.7763,1.0312
207,2019-03-27,13,6-11,4368.4286,1.3744,1.1938,1.5815
207,2019-03-27,13,12-17,3311.7143,1.4805,1.2831,1.7020
207,2019-03-27,13,18-44,3196.0000,0.7060,0.6136,0.8192
207,2019-03-27,13,45-64,558.5714,0.5135,0.4477,0.5942
207,2019-03-27,13,65+,223.7143,0.3350,0.2960,0.3814
208,2019-03-28,13,0-5,2211.4286,0.8901,0.7730,1.0246
208,2019-03-28,13,6-11,4473.7143,1.3628,1.1860,1.5642
208,2019-03-28,13,12-17,3374.5714,1.4644,1.2697,1.6876
208,2019-03-28,13,18-44,3239.4286,0.7002,0.6078,0.8104
208,2019-03-28,13,45-64,567.7143,0.5087,0.4433,0.5865
208,2019-03-28,13,65+,224.2857,0.3317,0.2928,0.3766
209,2019-03-29,13,0-5,2336.2857,0.8870,0.7703,1.0231
209,2019-03-29,13,6-11,4748.1429,1.3583,1.1774,1.5626
209,2019-03-29,13,12-17,3569.7143,1.4592,1.2627,1.6825
209,2019-03-29,13,18-44,3405.7143,0.6967,0.6057,0.8080
209,2019-03-29,13,45-64,586.0000,0.5058,0.4412,0.5847
209,2019-03-29,13,65+,229.2857,0.3296,0.2915,0.3745
210,2019-03-30,13,0-5,2429.7143,0.8885,0.7703,1.0245
210,2019-03-30,13,6-11,4931.4286,1.3583,1.1800,1.5622
210,2019-03-30,13,12-17,3681.1429,1.4575,1.2665,1.6788
210,2019-03-30,13,18-44,3503.2857,0.6976,0.6073,0.8088
210,2019-03-30,13,45-64,593.8571,0.5062,0.4423,0.5849
210,2019-03-30,13,65+,227.0000,0.3299,0.2919,0.3750
211,2019-03-31,14,0-5,2509.0000,0.8961,0.7790,1.0324
211,2019-03-31,14,6-11,5033.1429,1.3676,1.1928,1.5726
211,2019-03-31,14,12-17,3741.7143,1.4659,1.2758,1.6900
211,2019-03-31,14,18-44,3624.1429,0.7052,0.6135,0.8185
211,2019-03-31,14,45-64,609.4286,0.5119,0.4467,0.5920
211,2019-03-31,14,65+,231.7143,0.3334,0.2950,0.3790
212,2019-04-01,14,0-5,2599.5714,0.9066,0.7879,1.0433
212,2019-04-01,14,6-11,5164.0000,1.3829,1.2058,1.5908
212,2019-04-01,14,12-17,3826.1429,1.4814,1.2870,1.7069
212,2019-04-01,14,18-44,3725.7143,0.7151,0.6211,0.8268
212,2019-04-01,14,45-64,626.8571,0.5186,0.4520,0.5977
212,2019-04-01,14,65+,240.7143,0.3376,0.2982,0.3830
213,2019-04-02,14,0-5,2708.2857,0.9171,0.7967,1.0549
213,2019-04-02,14,6-11,5329.7143,1.3986,1.2162,1.6045
213,2019-04-02,14,12-17,3982.1429,1.4948,1.2953,1.7210
213,2019-04-02,14,18-44,3889.8571,0.7246,0.6290,0.8388
213,2019-04-02,14,45-64,642.7143,0.5256,0.4581,0.6067
213,2019-04-02,14,65+,250.0000,0.3419,0.3020,0.3881
214,2019-04-03,14,0-5,2817.2857,0.9247,0.8026,1.0640
214,2019-04-03,14,6-11,5525.1429,1.4078,1.2239,1.6176
214,2019-04-03,14,12-17,4107.5714,1.5022,1.3046,1.7291
214,2019-04-03,14,18-44,4036.4286,0.7334,0.6347,0.8512
214,2019-04-03,14,45-64,666.1429,0.5322,0.4623,0.6155
214,2019-04-03,14,65+,265.5714,0.3454,0.3044,0.3929
215,2019-04-04,14,0-5,2932.4286,0.9259,0.8050,1.0677
215,2019-04-04,14,6-11,5748.0000,1.4062,1.2246,1.6250
215,2019-04-04,14,12-17,4212.1429,1.4967,1.2985,1.7283
215,2019-04-04,14,18-44,4186.8571,0.7352,0.6367,0.8535
215,2019-04-04,14,45-64,685.0000,0.5333,0.4634,0.6171
215,2019-04-04,14,65+,272.2857,0.3456,0.3047,0.3932
216,2019-04-05,14,0-5,3129.7143,0.9192,0.7980,1.0564
216,2019-04-05,14,6-11,6258.0000,1.3938,1.2125,1.6026
216,2019-04-05,14,12-17,4528.4286,1.4797,1.2843,1.6990
216,2019-04-05,14,18-44,4588.2857,0.7309,0.6347,0.8496
216,2019-04-05,14,45-64,736.8571,0.5302,0.4615,0.6142
216,2019-04-05,14,65+,288.0000,0.3432,0.3030,0.3909
217,2019-04-06,14,0-5,3260.0000,0.9027,0.7828,1.0405
217,2019-04-06,14,6-11,6517.5714,1.3661,1.1928,1.5759
217,2019-04-06,14,12-17,4643.7143,1.4460,1.2574,1.6655
217,2019-04-06,14,18-44,4828.8571,0.7195,0.6211,0.8380
217,2019-04-06,14,45-64,759.7143,0.5219,0.4520,0.6062
217,2019-04-06,14,65+,292.1429,0.3375,0.2969,0.3851
218,2019-04-07,15,0-5,3338.4286,0.8848,0.7689,1.0182
218,2019-04-07,15,6-11,6710.5714,1.3394,1.1651,1.5426
218,2019-04-07,15,12-17,4716.1429,1.4105,1.2249,1.6236
218,2019-04-07,15,18-44,5067.4286,0.7046,0.6090,0.8169
218,2019-04-07,15,45-64,778.2857,0.5113,0.4431,0.5906
218,2019-04-07,15,65+,297.0000,0.3305,0.2910,0.3757
219,2019-04-08,15,0-5,3407.1429,0.8675,0.7535,0.9990
219,2019-04-08,15,6-11,6850.1429,1.3121,1.1419,1.5094
219,2019-04-08,15,12-17,4740.8571,1.3733,1.1931,1.5775
219,2019-04-08,15,18-44,5262.7143,0.6878,0.5939,0.7973
219,2019-04-08,15,45-64,793.0000,0.4995,0.4325,0.5770
219,2019-04-08,15,65+,306.8571,0.3231,0.2842,0.3674
220,2019-04-09,15,0-5,3472.8571,0.8498,0.7385,0.9840
220,2019-04-09,15,6-11,7038.4286,1.2848,1.1185,1.4797
220,2019-04-09,15,12-17,4693.7143,1.3393,1.1651,1.5372
220,2019-04-09,15,18-44,5432.2857,0.6712,0.5817,0.7788
220,2019-04-09,15,45-64,808.5714,0.4877,0.4240,0.5642
220,2019-04-09,15,65+,314.2857,0.3159,0.2784,0.3595
221,2019-04-10,15,0-5,3552.4286,0.8370,0.7272,0.9663
221,2019-04-10,15,6-11,7206.0000,1.2644,1.0983,1.4604
221,2019-04-10,15,12-17,4698.0000,1.3113,1.1380,1.5119
221,2019-04-10,15,18-44,5531.7143,0.6597,0.5703,0.7660
221,2019-04-10,15,45-64,824.2857,0.4802,0.4162,0.5555
221,2019-04-10,15,65+,312.0000,0.3113,0.2738,0.3543
222,2019-04-11,15,0-5,3575.2857,0.8283,0.7181,0.9571
222,2019-04-11,15,6-11,7237.7143,1.2510,1.0844,1.4437
222,2019-04-11,15,12-17,4662.5714,1.2925,1.1218,1.4931
222,2019-04-11,15,18-44,5517.4286,0.6516,0.5622,0.7575
222,2019-04-11,15,45-64,823.1429,0.4750,0.4114,0.5504
222,2019-04-11,15,65+,311.2857,0.3084,0.2713,0.3514
223,2019-04-12,15,0-5,3617.8571,0.8207,0.7125,0.9471
223,2019-04-12,15,6-11,7327.0000,1.2390,1.0737,1.4269
223,2019-04-12,15,12-17,4530.5714,1.2735,1.1050,1.4641
223,2019-04-12,15,18-44,5521.8571,0.6436,0.5557,0.7493
223,2019-04-12,15,45-64,847.7143,0.4700,0.4073,0.5452
223,2019-04-12,15,65+,317.8571,0.3059,0.2692,0.3487
224,2019-04-13,15,0-5,3679.7143,0.8156,0.7056,0.9422
224,2019-04-13,15,6-11,7409.7143,1.2283,1.0635,1.4157
224,2019-04-13,15,12-17,4473.1429,1.2570,1.0922,1.4421
224,2019-04-13,15,18-44,5572.2857,0.6376,0.5485,0.7420
224,2019-04-13,15,45-64,868.4286,0.4664,0.4025,0.5404
224,2019-04-13,15,65+,328.5714,0.3038,0.2665,0.3463
225,2019-04-14,16,0-5,3731.2857,0.8052,0.6977,0.9276
225,2019-04-14,16,6-11,7523.2857,1.2096,1.0500,1.3946
225,2019-04-14,16,12-17,4419.8571,1.2322,1.0717,1.4179
225,2019-04-14,16,18-44,5592.2857,0.6271,0.5418,0.7307
225,2019-04-14,16,45-64,882.7143,0.4595,0.3986,0.5335
225,2019-04-14,16,65+,344.0000,0.3000,0.2641,0.3423
226,2019-04-15,16,0-5,3754.8571,0.7921,0.6868,0.9124
226,2019-04-15,16,6-11,7556.1429,1.1866,1.0313,1.3737
226,2019-04-15,16,12-17,4326.0000,1.2055,1.0475,1.3854
226,2019-04-15,16,18-44,5562.2857,0.6162,0.5319,0.7142
226,2019-04-15,16,45-64,894.1429,0.4523,0.3918,0.5224
226,2019-04-15,16,65+,347.1429,0.2955,0.2602,0.3358
227,2019-04-16,16,0-5,3756.5714,0.7761,0.6747,0.8928
227,2019-04-16,16,6-11,7494.0000,1.1590,1.0067,1.3355
227,2019-04-16,16,12-17,4215.8571,1.1693,1.0172,1.3398
227,2019-04-16,16,18-44,5473.4286,0.6000,0.5187,0.6971
227,2019-04-16,16,45-64,899.7143,0.4411,0.3826,0.5105
227,2019-04-16,16,65+,344.1429,0.2888,0.2544,0.3285
228,2019-04-17,16,0-5,3725.5714,0.7521,0.6527,0.8660
228,2019-04-17,16,6-11,7394.0000,1.1182,0.9653,1.2898
228,2019-04-17,16,12-17,4093.4286,1.1209,0.9715,1.2904
228,2019-04-17,16,18-44,5392.2857,0.5780,0.4984,0.6733
228,2019-04-17,16,45-64,900.7143,0.4258,0.3686,0.4939
228,2019-04-17,16,65+,346.7143,0.2793,0.2457,0.3184
229,2019-04-18,16,0-5,3717.0000,0.7256,0.6298,0.8382
229,2019-04-18,16,6-11,7352.5714,1.0716,0.9303,1.2375
229,2019-04-18,16,12-17,4040.0000,1.0664,0.9283,1.2246
229,2019-04-18,16,18-44,5380.0000,0.5522,0.4777,0.6415
229,2019-04-18,16,45-64,899.7143,0.4076,0.3537,0.4715
229,2019-04-18,16,65+,346.5714,0.2682,0.2363,0.3051
230,2019-04-19,16,0-5,3652.5714,0.6920,0.5981,0.7998
230,2019-04-19,16,6-11,7120.5714,1.0160,0.8776,1.1766
230,2019-04-19,16,12-17,3780.5714,1.0032,0.8707,1.1548
230,2019-04-19,16,18-44,5248.8571,0.5214,0.4502,0.6047
230,2019-04-19,16,45-64,886.1429,0.3857,0.3344,0.4453
230,2019-04-19,16,65+,343.5714,0.2545,0.2241,0.2892
231,2019-04-20,16,0-5,3556.0000,0.6570,0.5681,0.7601
231,2019-04-20,16,6-11,6839.7143,0.9592,0.8318,1.1120
231,2019-04-20,16,12-17,3531.8571,0.9397,0.8182,1.0795
231,2019-04-20,16,18-44,5021.2857,0.4914,0.4249,0.5717
231,2019-04-20,16,45-64,865.1429,0.3643,0.3161,0.4217
231,2019-04-20,16,65+,340.1429,0.2411,0.2123,0.2743
232,2019-04-21,17,0-5,3447.8571,0.6238,0.5366,0.7244
232,2019-04-21,17,6-11,6488.2857,0.9053,0.7774,1.0552
232,2019-04-21,17,12-17,3281.7143,0.8802,0.7629,1.0158
232,2019-04-21,17,18-44,4704.7143,0.4640,0.3994,0.5424
232,2019-04-21,17,45-64,837.1429,0.3447,0.2980,0.4009
232,2019-04-21,17,65+,325.4286,0.2287,0.2007,0.2614
233,2019-04-22,17,0-5,3293.5714,0.5937,0.5125,0.6890
233,2019-04-22,17,6-11,6114.1429,0.8558,0.7377,0.9956
233,2019-04-22,17,12-17,2996.2857,0.8280,0.7181,0.9554
233,2019-04-22,17,18-44,4317.1429,0.4394,0.3788,0.5136
233,2019-04-22,17,45-64,792.1429,0.3273,0.2835,0.3807
233,2019-04-22,17,65+,303.8571,0.2180,0.1916,0.2489
234,2019-04-23,17,0-5,3084.4286,0.5708,0.4928,0.6656
234,2019-04-23,17,6-11,5616.8571,0.8179,0.7057,0.9496
234,2019-04-23,17,12-17,2678.5714,0.7858,0.6808,0.9039
234,2019-04-23,17,18-44,3913.5714,0.4203,0.3617,0.4894
234,2019-04-23,17,45-64,724.5714,0.3143,0.2717,0.3642
234,2019-04-23,17,65+,285.2857,0.2101,0.1844,0.2392
235,2019-04-24,17,0-5,2881.8571,0.5565,0.4794,0.6477
235,2019-04-24,17,6-11,5126.1429,0.7912,0.6823,0.9195
235,2019-04-24,17,12-17,2398.1429,0.7552,0.6543,0.8707
235,2019-04-24,17,18-44,3565.4286,0.4084,0.3507,0.4747
235,2019-04-24,17,45-64,667.0000,0.3067,0.2646,0.3547
235,2019-04-24,17,65+,268.0000,0.2057,0.1804,0.2340
236,2019-04-25,17,0-5,2696.0000,0.5489,0.4726,0.6417
236,2019-04-25,17,6-11,4755.1429,0.7772,0.6706,0.9035
236,2019-04-25,17,12-17,2233.4286,0.7405,0.6423,0.8535
236,2019-04-25,17,18-44,3362.8571,0.4040,0.3467,0.4707
236,2019-04-25,17,45-64,641.8571,0.3048,0.2628,0.3533
236,2019-04-25,17,65+,260.2857,0.2049,0.1795,0.2335
237,2019-04-26,17,0-5,2342.1429,0.5539,0.4762,0.6480
237,2019-04-26,17,6-11,3885.0000,0.7807,0.6719,0.9115
237,2019-04-26,17,12-17,1758.1429,0.7410,0.6421,0.8557
237,2019-04-26,17,18-44,2779.8571,0.4078,0.3515,0.4753
237,2019-04-26,17,45-64,557.4286,0.3089,0.2676,0.3580
237,2019-04-26,17,65+,229.8571,0.2082,0.1830,0.2372
238,2019-04-27,17,0-5,2102.4286,0.5696,0.4907,0.6642
238,2019-04-27,17,6-11,3370.7143,0.7989,0.6883,0.9268
238,2019-04-27,17,12-17,1457.2857,0.7570,0.6568,0.8718
238,2019-04-27,17,18-44,2431.7143,0.4202,0.3635,0.4903
238,2019-04-27,17,45-64,508.8571,0.3196,0.2775,0.3707
238,2019-04-27,17,65+,206.8571,0.2158,0.1899,0.2461
239,2019-04-28,18,0-5,1884.2857,0.5909,0.5080,0.6900
239,2019-04-28,18,6-11,2974.5714,0.8262,0.7117,0.9605
239,2019-04-28,18,12-17,1246.7143,0.7835,0.6790,0.9030
239,2019-04-28,18,18-44,2128.8571,0.4389,0.3773,0.5117
239,2019-04-28,18,45-64,456.5714,0.3353,0.2895,0.3887
239,2019-04-28,18,65+,184.7143,0.2267,0.1987,0.2584
240,2019-04-29,18,0-5,1760.0000,0.6155,0.5283,0.7172
240,2019-04-29,18,6-11,2718.0000,0.8555,0.7381,0.9942
240,2019-04-29,18,12-17,1111.5714,0.8130,0.7063,0.9373
240,2019-04-29,18,18-44,1967.2857,0.4593,0.3973,0.5341
240,2019-04-29,18,45-64,429.4286,0.3519,0.3057,0.4072
240,2019-04-29,18,65+,182.1429,0.2381,0.2095,0.2710
241,2019-04-30,18,0-5,1634.0000,0.6363,0.5467,0.7400
241,2019-04-30,18,6-11,2518.8571,0.8839,0.7623,1.0215
241,2019-04-30,18,12-17,1020.4286,0.8409,0.7300,0.9661
241,2019-04-30,18,18-44,1832.4286,0.4778,0.4125,0.5589
241,2019-04-30,18,45-64,416.8571,0.3672,0.3185,0.4269
241,2019-04-30,18,65+,177.1429,0.2487,0.2188,0.2841
242,2019-05-01,18,0-5,1518.4286,0.6552,0.5631,0.7619
242,2019-05-01,18,6-11,2369.7143,0.9061,0.7830,1.0499
242,2019-05-01,18,12-17,944.1429,0.8642,0.7508,0.9933
242,2019-05-01,18,18-44,1735.1429,0.4946,0.4268,0.5779
242,2019-05-01,18,45-64,402.1429,0.3809,0.3302,0.4422
242,2019-05-01,18,65+,168.4286,0.2581,0.2270,0.2946
243,2019-05-02,18,0-5,1438.0000,0.6717,0.5781,0.7819
243,2019-05-02,18,6-11,2247.0000,0.9269,0.7992,1.0737
243,2019-05-02,18,12-17,901.5714,0.8863,0.7704,1.0198
243,2019-05-02,18,18-44,1676.7143,0.5102,0.4395,0.5992
243,2019-05-02,18,45-64,396.5714,0.3936,0.3406,0.4590
243,2019-05-02,18,65+,166.8571,0.2671,0.2344,0.3056
244,2019-05-03,18,0-5,1245.2857,0.6890,0.5938,0.7985
244,2019-05-03,18,6-11,1831.2857,0.9463,0.8212,1.0934
244,2019-05-03,18,12-17,720.4286,0.9073,0.7910,1.0404
244,2019-05-03,18,18-44,1414.8571,0.5254,0.4537,0.6166
244,2019-05-03,18,45-64,333.2857,0.4062,0.3523,0.4730
244,2019-05-03,18,65+,136.8571,0.2758,0.2424,0.3156
245,2019-05-04,18,0-5,1152.0000,0.7056,0.6106,0.8201
245,2019-05-04,18,6-11,1681.7143,0.9678,0.8415,1.1175
245,2019-05-04,18,12-17,664.8571,0.9307,0.8115,1.0675
245,2019-05-04,18,18-44,1339.8571,0.5413,0.4674,0.6299
245,2019-05-04,18,45-64,324.2857,0.4190,0.3631,0.4844
245,2019-05-04,18,65+,136.8571,0.2850,0.2502,0.3243
246,2019-05-05,19,0-5,1083.8571,0.7239,0.6249,0.8392
246,2019-05-05,19,6-11,1565.5714,0.9908,0.8585,1.1452
246,2019-05-05,19,12-17,622.1429,0.9550,0.8314,1.0979
246,2019-05-05,19,18-44,1262.2857,0.5564,0.4790,0.6516
246,2019-05-05,19,45-64,304.8571,0.4311,0.3728,0.5016
246,2019-05-05,19,65+,132.1429,0.2938,0.2577,0.3359
247,2019-05-06,19,0-5,987.8571,0.7428,0.6416,0.8641
247,2019-05-06,19,6-11,1423.7143,1.0177,0.8825,1.1750
247,2019-05-06,19,12-17,563.7143,0.9837,0.8548,1.1287
247,2019-05-06,19,18-44,1148.4286,0.5741,0.4938,0.6699
247,2019-05-06,19,45-64,277.4286,0.4449,0.3844,0.5155
247,2019-05-06,19,65+,120.4286,0.3037,0.2663,0.3464
248,2019-05-07,19,0-5,903.8571,0.7635,0.6605,0.8868
248,2019-05-07,19,6-11,1262.7143,1.0472,0.9080,1.2092
248,2019-05-07,19,12-17,498.7143,1.0127,0.8838,1.1597
248,2019-05-07,19,18-44,1056.7143,0.5889,0.5110,0.6846
248,2019-05-07,19,45-64,261.7143,0.4566,0.3980,0.5280
248,2019-05-07,19,65+,113.1429,0.3131,0.2758,0.3563
249,2019-05-08,19,0-5,839.5714,0.7783,0.6716,0.9056
249,2019-05-08,19,6-11,1138.4286,1.0681,0.9237,1.2321
249,2019-05-08,19,12-17,456.5714,1.0329,0.9000,1.1844
249,2019-05-08,19,18-44,1003.4286,0.6003,0.5180,0.6979
249,2019-05-08,19,45-64,244.2857,0.4657,0.4037,0.5380
249,2019-05-08,19,65+,107.4286,0.3204,0.2814,0.3646
250,2019-05-09,19,0-5,806.7143,0.7823,0.6778,0.9069
250,2019-05-09,19,6-11,1094.2857,1.0749,0.9327,1.2381
250,2019-05-09,19,12-17,441.7143,1.0416,0.9076,1.1920
250,2019-05-09,19,18-44,984.8571,0.6006,0.5177,0.6989
250,2019-05-09,19,45-64,237.8571,0.4662,0.4043,0.5386
250,2019-05-09,19,65+,106.2857,0.3225,0.2834,0.3667
251,2019-05-10,19,0-5,786.7143,0.7776,0.6722,0.9019
251,2019-05-10,19,6-11,1110.4286,1.0705,0.9264,1.2314
251,2019-05-10,19,12-17,464.2857,1.0346,0.9022,1.1851
251,2019-05-10,19,18-44,999.0000,0.5919,0.5121,0.6906
251,2019-05-10,19,45-64,247.0000,0.4597,0.3995,0.5325
251,2019-05-10,19,65+,115.7143,0.3197,0.2815,0.3642
252,2019-05-11,19,0-5,723.7143,0.7656,0.6619,0.8874
252,2019-05-11,19,6-11,987.5714,1.0552,0.9172,1.2163
252,2019-05-11,19,12-17,414.8571,1.0183,0.8882,1.1664
252,2019-05-11,19,18-44,909.4286,0.5773,0.5011,0.6703
252,2019-05-11,19,45-64,218.8571,0.4486,0.3909,0.5181
252,2019-05-11,19,65+,108.1429,0.3137,0.2763,0.3572
253,2019-05-12,20,0-5,685.1429,0.7472,0.6455,0.8723
253,2019-05-12,20,6-11,910.5714,1.0301,0.8952,1.1894
253,2019-05-12,20,12-17,381.4286,0.9942,0.8681,1.1387
253,2019-05-12,20,18-44,836.8571,0.5604,0.4860,0.6501
253,2019-05-12,20,45-64,208.7143,0.4358,0.3795,0.5026
253,2019-05-12,20,65+,105.0000,0.3056,0.2692,0.3474
254,2019-05-13,20,0-5,644.4286,0.7231,0.6257,0.8412
254,2019-05-13,20,6-11,856.2857,0.9980,0.8651,1.1539
254,2019-05-13,20,12-17,366.8571,0.9635,0.8399,1.1063
254,2019-05-13,20,18-44,769.4286,0.5411,0.4689,0.6272
254,2019-05-13,20,45-64,193.2857,0.4214,0.3668,0.4855
254,2019-05-13,20,65+,100.5714,0.2964,0.2610,0.3368
255,2019-05-14,20,0-5,622.5714,0.6969,0.6003,0.8107
255,2019-05-14,20,6-11,835.4286,0.9600,0.8326,1.1093
255,2019-05-14,20,12-17,352.1429,0.9284,0.8079,1.0664
255,2019-05-14,20,18-44,708.0000,0.5208,0.4500,0.6051
255,2019-05-14,20,45-64,176.0000,0.4067,0.3531,0.4697
255,2019-05-14,20,65+,95.7143,0.2867,0.2520,0.3263
256,2019-05-15,20,0-5,579.2857,0.6705,0.5786,0.7808
256,2019-05-15,20,6-11,787.4286,0.9223,0.8002,1.0625
256,2019-05-15,20,12-17,335.0000,0.8937,0.7753,1.0249
256,2019-05-15,20,18-44,646.1429,0.5017,0.4329,0.5834
256,2019-05-15,20,45-64,168.7143,0.3928,0.3404,0.4539
256,2019-05-15,20,65+,92.5714,0.2774,0.2435,0.3162
257,2019-05-16,20,0-5,549.1429,0.6472,0.5592,0.7525
257,2019-05-16,20,6-11,748.0000,0.8878,0.7717,1.0230
257,2019-05-16,20,12-17,326.7143,0.8631,0.7521,0.9899
257,2019-05-16,20,18-44,608.2857,0.4858,0.4204,0.5642
257,2019-05-16,20,45-64,163.1429,0.3813,0.3313,0.4400
257,2019-05-16,20,65+,90.0000,0.2698,0.2368,0.3072
258,2019-05-17,20,0-5,485.1429,0.6331,0.5455,0.7384
258,2019-05-17,20,6-11,641.8571,0.8674,0.7513,1.0033
258,2019-05-17,20,12-17,280.7143,0.8471,0.7358,0.9743
258,2019-05-17,20,18-44,533.2857,0.4780,0.4139,0.5561
258,2019-05-17,20,45-64,143.8571,0.3761,0.3269,0.4349
258,2019-05-17,20,65+,82.1429,0.2665,0.2338,0.3040
259,2019-05-18,20,0-5,436.1429,0.6252,0.5396,0.7299
259,2019-05-18,20,6-11,557.4286,0.8570,0.7445,0.9947
259,2019-05-18,20,12-17,251.8571,0.8424,0.7312,0.9711
259,2019-05-18,20,18-44,480.8571,0.4755,0.4106,0.5518
259,2019-05-18,20,45-64,133.0000,0.3751,0.3253,0.4329
259,2019-05-18,20,65+,73.1429,0.2664,0.2335,0.3039
260,2019-05-19,21,0-5,389.1429,0.6269,0.5402,0.7260
260,2019-05-19,21,6-11,493.7143,0.8619,0.7467,0.9910
260,2019-05-19,21,12-17,232.8571,0.8506,0.7385,0.9765
260,2019-05-19,21,18-44,431.8571,0.4790,0.4151,0.5564
260,2019-05-19,21,45-64,123.5714,0.3788,0.3295,0.4371
260,2019-05-19,21,65+,67.7143,0.2701,0.2368,0.3080
261,2019-05-20,21,0-5,355.1429,0.6315,0.5432,0.7355
261,2019-05-20,21,6-11,448.4286,0.8721,0.7537,1.0066
261,2019-05-20,21,12-17,206.0000,0.8656,0.7519,0.9964
261,2019-05-20,21,18-44,385.0000,0.4864,0.4218,0.5664
261,2019-05-20,21,45-64,114.1429,0.3858,0.3355,0.4462
261,2019-05-20,21,65+,62.7143,0.2762,0.2418,0.3157
262,2019-05-21,21,0-5,319.2857,0.6396,0.5528,0.7422
262,2019-05-21,21,6-11,396.7143,0.8857,0.7676,1.0215
262,2019-05-21,21,12-17,189.4286,0.8839,0.7671,1.0157
262,2019-05-21,21,18-44,343.7143,0.4967,0.4294,0.5752
262,2019-05-21,21,45-64,105.8571,0.3951,0.3425,0.4553
262,2019-05-21,21,65+,57.4286,0.2841,0.2484,0.3246
263,2019-05-22,21,0-5,295.8571,0.6486,0.5587,0.7521
263,2019-05-22,21,6-11,374.0000,0.8973,0.7792,1.0391
263,2019-05-22,21,12-17,180.0000,0.9007,0.7811,1.0390
263,2019-05-22,21,18-44,323.1429,0.5077,0.4390,0.5891
263,2019-05-22,21,45-64,96.1429,0.4052,0.3518,0.4679
263,2019-05-22,21,65+,54.5714,0.2927,0.2561,0.3343
264,2019-05-23,21,0-5,275.8571,0.6571,0.5678,0.7626
264,2019-05-23,21,6-11,353.5714,0.9126,0.7913,1.0510
264,2019-05-23,21,12-17,173.7143,0.9174,0.7967,1.0546
264,2019-05-23,21,18-44,313.7143,0.5186,0.4498,0.6010
264,2019-05-23,21,45-64,93.7143,0.4159,0.3616,0.4795
264,2019-05-23,21,65+,53.7143,0.3021,0.2642,0.3454
265,2019-05-24,21,0-5,236.5714,0.6654,0.5751,0.7678
265,2019-05-24,21,6-11,302.1429,0.9235,0.8008,1.0621
265,2019-05-24,21,12-17,160.4286,0.9280,0.8062,1.0642
265,2019-05-24,21,18-44,272.8571,0.5274,0.4576,0.6093
265,2019-05-24,21,45-64,81.4286,0.4256,0.3702,0.4900
265,2019-05-24,21,65+,48.4286,0.3112,0.2723,0.3556
266,2019-05-25,21,0-5,208.1429,0.6735,0.5822,0.7819
266,2019-05-25,21,6-11,272.7143,0.9353,0.8121,1.0790
266,2019-05-25,21,12-17,146.4286,0.9397,0.8175,1.0791
266,2019-05-25,21,18-44,250.5714,0.5364,0.4656,0.6200
266,2019-05-25,21,45-64,76.0000,0.4357,0.3794,0.5012
266,2019-05-25,21,65+,46.2857,0.3204,0.2805,0.3663
267,2019-05-26,22,0-5,190.2857,0.6825,0.5897,0.7894
267,2019-05-26,22,6-11,251.7143,0.9451,0.8212,1.0893
267,2019-05-26,22,12-17,134.8571,0.9469,0.8234,1.0891
267,2019-05-26,22,18-44,228.4286,0.5451,0.4734,0.6291
267,2019-05-26,22,45-64,70.7143,0.4455,0.3875,0.5123
267,2019-05-26,22,65+,47.1429,0.3290,0.2876,0.3765
268,2019-05-27,22,0-5,171.1429,0.6883,0.5948,0.7976
268,2019-05-27,22,6-11,232.5714,0.9504,0.8265,1.0981
268,2019-05-27,22,12-17,122.4286,0.9508,0.8273,1.0941
268,2019-05-27,22,18-44,209.5714,0.5506,0.4779,0.6373
268,2019-05-27,22,45-64,67.2857,0.4528,0.3938,0.5218
268,2019-05-27,22,65+,45.1429,0.3358,0.2930,0.3857
269,2019-05-28,22,0-5,152.2857,0.6898,0.5978,0.7963
269,2019-05-28,22,6-11,214.5714,0.9509,0.8267,1.0969
269,2019-05-28,22,12-17,111.5714,0.9493,0.8248,1.0910
269,2019-05-28,22,18-44,188.8571,0.5531,0.4811,0.6392
269,2019-05-28,22,45-64,63.2857,0.4566,0.3978,0.5261
269,2019-05-28,22,65+,42.1429,0.3400,0.2970,0.3901
270,2019-05-29,22,0-5,142.0000,0.6851,0.5934,0.7932
270,2019-05-29,22,6-11,194.7143,0.9427,0.8184,1.0897
270,2019-05-29,22,12-17,103.2857,0.9389,0.8160,1.0802
270,2019-05-29,22,18-44,176.5714,0.5513,0.4778,0.6385
270,2019-05-29,22,45-64,61.4286,0.4570,0.3969,0.5272
270,2019-05-29,22,65+,40.8571,0.3415,0.2970,0.3923
271,2019-05-30,22,0-5,135.7143,0.6800,0.5872,0.7865
271,2019-05-30,22,6-11,185.2857,0.9333,0.8105,1.0794
271,2019-05-30,22,12-17,96.8571,0.9273,0.8052,1.0682
271,2019-05-30,22,18-44,167.8571,0.5478,0.4736,0.6364
271,2019-05-30,22,45-64,61.1429,0.4555,0.3940,0.5265
271,2019-05-30,22,65+,39.7143,0.3413,0.2964,0.3934
272,2019-05-31,22,0-5,120.0000,0.6717,0.5817,0.7781
272,2019-05-31,22,6-11,167.2857,0.9207,0.7997,1.0630
272,2019-05-31,22,12-17,87.2857,0.9129,0.7934,1.0496
272,2019-05-31,22,18-44,154.5714,0.5429,0.4702,0.6311
272,2019-05-31,22,45-64,59.2857,0.4522,0.3920,0.5233
272,2019-05-31,22,65+,37.7143,0.3400,0.2954,0.3921
273,2019-06-01,22,0-5,110.4286,0.6648,0.5758,0.7710
273,2019-06-01,22,6-11,152.4286,0.9086,0.7909,1.0503
273,2019-06-01,22,12-17,77.7143,0.9008,0.7853,1.0365
273,2019-06-01,22,18-44,143.8571,0.5394,0.4675,0.6265
273,2019-06-01,22,45-64,56.8571,0.4504,0.3906,0.5213
273,2019-06-01,22,65+,36.8571,0.3396,0.2953,0.3916
274,2019-06-02,23,0-5,99.4286,0.6651,0.5756,0.7696
274,2019-06-02,23,6-11,136.1429,0.9060,0.7854,1.0461
274,2019-06-02,23,12-17,69.5714,0.8983,0.7800,1.0352
274,2019-06-02,23,18-44,131.1429,0.5427,0.4708,0.6329
274,2019-06-02,23,45-64,52.0000,0.4545,0.3946,0.5269
274,2019-06-02,23,65+,33.0000,0.3434,0.2978,0.3966
275,2019-06-03,23,0-5,86.1429,0.6708,0.5815,0.7757
275,2019-06-03,23,6-11,119.2857,0.9094,0.7897,1.0494
275,2019-06-03,23,12-17,59.8571,0.9031,0.7858,1.0385
275,2019-06-03,23,18-44,112.8571,0.5527,0.4791,0.6427
275,2019-06-03,23,45-64,42.8571,0.4648,0.4032,0.5375
275,2019-06-03,23,65+,27.7143,0.3515,0.3052,0.4046
276,2019-06-04,23,0-5,80.2857,0.6837,0.5905,0.7918
276,2019-06-04,23,6-11,111.4286,0.9191,0.7973,1.0589
276,2019-06-04,23,12-17,56.1429,0.9152,0.7970,1.0516
276,2019-06-04,23,18-44,103.0000,0.5703,0.4932,0.6625
276,2019-06-04,23,45-64,39.0000,0.4818,0.4170,0.5579
276,2019-06-04,23,65+,27.7143,0.3638,0.3153,0.4202
277,2019-06-05,23,0-5,71.4286,0.7028,0.6071,0.8133
277,2019-06-05,23,6-11,104.1429,0.9331,0.8127,1.0777
277,2019-06-05,23,12-17,50.4286,0.9324,0.8124,1.0729
277,2019-06-05,23,18-44,94.2857,0.5928,0.5130,0.6926
277,2019-06-05,23,45-64,35.8571,0.5037,0.4350,0.5860
277,2019-06-05,23,65+,26.4286,0.3797,0.3280,0.4401
278,2019-06-06,23,0-5,65.4286,0.7271,0.6282,0.8433
278,2019-06-06,23,6-11,99.5714,0.9541,0.8312,1.0978
278,2019-06-06,23,12-17,49.1429,0.9556,0.8297,1.0968
278,2019-06-06,23,18-44,91.2857,0.6203,0.5334,0.7222
278,2019-06-06,23,45-64,35.0000,0.5302,0.4561,0.6163
278,2019-06-06,23,65+,26.5714,0.3980,0.3437,0.4615
279,2019-06-07,23,0-5,59.7143,0.7550,0.6528,0.8740
279,2019-06-07,23,6-11,81.2857,0.9804,0.8541,1.1272
279,2019-06-07,23,12-17,38.0000,0.9859,0.8579,1.1338
279,2019-06-07,23,18-44,85.1429,0.6495,0.5593,0.7574
279,2019-06-07,23,45-64,32.7143,0.5590,0.4818,0.6494
279,2019-06-07,23,65+,25.1429,0.4180,0.3612,0.4841
280,2019-06-08,23,0-5,53.1429,0.7847,0.6775,0.9097
280,2019-06-08,23,6-11,70.5714,1.0107,0.8804,1.1624
280,2019-06-08,23,12-17,34.7143,1.0183,0.8862,1.1691
280,2019-06-08,23,18-44,82.1429,0.6775,0.5847,0.7871
280,2019-06-08,23,45-64,32.0000,0.5870,0.5062,0.6815
280,2019-06-08,23,65+,23.4286,0.4382,0.3782,0.5072
281,2019-06-09,24,0-5,48.7143,0.8088,0.6969,0.9376
281,2019-06-09,24,6-11,62.0000,1.0364,0.9011,1.1897
281,2019-06-09,24,12-17,32.0000,1.0454,0.9075,1.2038
281,2019-06-09,24,18-44,78.5714,0.6988,0.6012,0.8140
281,2019-06-09,24,45-64,31.2857,0.6096,0.5234,0.7081
281,2019-06-09,24,65+,22.7143,0.4547,0.3912,0.5271
282,2019-06-10,24,0-5,49.5714,0.8288,0.7148,0.9584
282,2019-06-10,24,6-11,62.5714,1.0570,0.9207,1.2134
282,2019-06-10,24,12-17,33.7143,1.0668,0.9282,1.2275
282,2019-06-10,24,18-44,79.7143,0.7139,0.6142,0.8290
282,2019-06-10,24,45-64,37.5714,0.6256,0.5377,0.7282
282,2019-06-10,24,65+,23.0000,0.4680,0.4036,0.5433
283,2019-06-11,24,0-5,44.2857,0.8459,0.7300,0.9793
283,2019-06-11,24,6-11,54.1429,1.0769,0.9392,1.2365
283,2019-06-11,24,12-17,27.2857,1.0865,0.9449,1.2487
283,2019-06-11,24,18-44,75.5714,0.7237,0.6228,0.8416
283,2019-06-11,24,45-64,35.8571,0.6372,0.5477,0.7401
283,2019-06-11,24,65+,18.8571,0.4796,0.4134,0.5563
284,2019-06-12,24,0-5,44.5714,0.8572,0.7408,0.9961
284,2019-06-12,24,6-11,51.2857,1.0942,0.9542,1.2522
284,2019-06-12,24,12-17,26.4286,1.1022,0.9583,1.2655
284,2019-06-12,24,18-44,72.1429,0.7291,0.6291,0.8450
284,2019-06-12,24,45-64,35.2857,0.6447,0.5556,0.7472
284,2019-06-12,24,65+,18.8571,0.4894,0.4221,0.5673
285,2019-06-13,24,0-5,43.2857,0.8703,0.7519,1.0079
285,2019-06-13,24,6-11,48.8571,1.1123,0.9698,1.2782
285,2019-06-13,24,12-17,25.8571,1.1203,0.9749,1.2864
285,2019-06-13,24,18-44,70.5714,0.7359,0.6372,0.8525
285,2019-06-13,24,45-64,35.2857,0.6527,0.5625,0.7562
285,2019-06-13,24,65+,18.8571,0.4997,0.4307,0.5793
286,2019-06-14,24,0-5,41.0000,0.8823,0.7620,1.0232
286,2019-06-14,24,6-11,41.8571,1.1303,0.9857,1.2965
286,2019-06-14,24,12-17,26.2857,1.1361,0.9885,1.3040
286,2019-06-14,24,18-44,60.1429,0.7441,0.6437,0.8608
286,2019-06-14,24,45-64,33.5714,0.6608,0.5691,0.7654
286,2019-06-14,24,65+,16.8571,0.5105,0.4388,0.5938
287,2019-06-15,24,0-5,39.4286,0.8998,0.7771,1.0400
287,2019-06-15,24,6-11,38.2857,1.1566,1.0082,1.3262
287,2019-06-15,24,12-17,24.7143,1.1597,1.0087,1.3330
287,2019-06-15,24,18-44,54.1429,0.7566,0.6544,0.8770
287,2019-06-15,24,45-64,33.0000,0.6720,0.5787,0.7807
287,2019-06-15,24,65+,17.7143,0.5236,0.4495,0.6098
288,2019-06-16,25,0-5,36.7143,0.9186,0.7937,1.0629
288,2019-06-16,25,6-11,36.5714,1.1862,1.0348,1.3627
288,2019-06-16,25,12-17,22.2857,1.1857,1.0333,1.3625
288,2019-06-16,25,18-44,50.8571,0.7713,0.6694,0.8936
288,2019-06-16,25,45-64,32.0000,0.6855,0.5920,0.7971
288,2019-06-16,25,65+,17.7143,0.5380,0.4628,0.6275
289,2019-06-17,25,0-5,33.8571,0.9408,0.8138,1.0871
289,2019-06-17,25,6-11,34.8571,1.2225,1.0663,1.4017
289,2019-06-17,25,12-17,20.1429,1.2184,1.0609,1.3987
289,2019-06-17,25,18-44,51.1429,0.7904,0.6847,0.9141
289,2019-06-17,25,45-64,28.1429,0.7028,0.6059,0.8143
289,2019-06-17,25,65+,18.4286,0.5537,0.4756,0.6445
290,2019-06-18,25,0-5,31.7143,0.9605,0.8307,1.1108
290,2019-06-18,25,6-11,34.0000,1.2549,1.0946,1.4433
290,2019-06-18,25,12-17,20.8571,1.2454,1.0848,1.4312
290,2019-06-18,25,18-44,48.0000,0.8048,0.6974,0.9311
290,2019-06-18,25,45-64,28.2857,0.7152,0.6179,0.8289
290,2019-06-18,25,65+,19.5714,0.5655,0.4861,0.6585
291,2019-06-19,25,0-5,28.5714,0.9823,0.8484,1.1380
291,2019-06-19,25,6-11,33.4286,1.2909,1.1214,1.4851
291,2019-06-19,25,12-17,20.2857,1.2743,1.1093,1.4633
291,2019-06-19,25,18-44,47.2857,0.8194,0.7105,0.9465
291,2019-06-19,25,45-64,28.1429,0.7272,0.6277,0.8423
291,2019-06-19,25,65+,20.2857,0.5751,0.4934,0.6679
292,2019-06-20,25,0-5,29.8571,0.9910,0.8568,1.1480
292,2019-06-20,25,6-11,34.1429,1.3127,1.1414,1.5123
292,2019-06-20,25,12-17,20.2857,1.2936,1.1255,1.4877
292,2019-06-20,25,18-44,46.4286,0.8274,0.7159,0.9579
292,2019-06-20,25,45-64,27.8571,0.7342,0.6334,0.8510
292,2019-06-20,25,65+,19.5714,0.5797,0.4985,0.6752
293,2019-06-21,25,0-5,31.1429,0.9896,0.8565,1.1441
293,2019-06-21,25,6-11,34.1429,1.3214,1.1485,1.5223
293,2019-06-21,25,12-17,19.0000,1.3005,1.1307,1.4941
293,2019-06-21,25,18-44,45.5714,0.8278,0.7155,0.9547
293,2019-06-21,25,45-64,26.2857,0.7353,0.6340,0.8499
293,2019-06-21,25,65+,20.0000,0.5801,0.4982,0.6752
294,2019-06-22,25,0-5,31.0000,0.9802,0.8504,1.1359
294,2019-06-22,25,6-11,34.5714,1.3215,1.1503,1.5262
294,2019-06-22,25,12-17,17.8571,1.3013,1.1336,1.4938
294,2019-06-22,25,18-44,45.8571,0.8229,0.7115,0.9497
294,2019-06-22,25,45-64,25.7143,0.7308,0.6302,0.8451
294,2019-06-22,25,65+,18.8571,0.5765,0.4952,0.6710
295,2019-06-23,26,0-5,28.7143,0.9623,0.8358,1.1138
295,2019-06-23,26,6-11,35.7143,1.3118,1.1416,1.5151
295,2019-06-23,26,12-17,17.5714,1.2940,1.1278,1.4892
295,2019-06-23,26,18-44,44.5714,0.8118,0.7041,0.9443
295,2019-06-23,26,45-64,25.4286,0.7218,0.6233,0.8401
295,2019-06-23,26,65+,18.0000,0.5689,0.4880,0.6633
296,2019-06-24,26,0-5,28.2857,0.9381,0.8139,1.0811
296,2019-06-24,26,6-11,35.5714,1.2896,1.1210,1.4911
296,2019-06-24,26,12-17,17.7143,1.2782,1.1099,1.4719
296,2019-06-24,26,18-44,41.4286,0.7980,0.6902,0.9235
296,2019-06-24,26,45-64,26.2857,0.7097,0.6112,0.8228
296,2019-06-24,26,65+,18.7143,0.5577,0.4780,0.6507
297,2019-06-25,26,0-5,28.0000,0.9093,0.7890,1.0488
297,2019-06-25,26,6-11,36.5714,1.2629,1.0960,1.4588
297,2019-06-25,26,12-17,16.8571,1.2589,1.0938,1.4509
297,2019-06-25,26,18-44,41.1429,0.7808,0.6758,0.9070
297,2019-06-25,26,45-64,26.1429,0.6939,0.5969,0.8077
297,2019-06-25,26,65+,19.0000,0.5439,0.4664,0.6368
298,2019-06-26,26,0-5,28.5714,0.8808,0.7664,1.0183
298,2019-06-26,26,6-11,37.1429,1.2367,1.0728,1.4289
298,2019-06-26,26,12-17,16.5714,1.2412,1.0782,1.4303
298,2019-06-26,26,18-44,39.8571,0.7661,0.6624,0.8877
298,2019-06-26,26,45-64,26.0000,0.6802,0.5861,0.7907
298,2019-06-26,26,65+,18.1429,0.5313,0.4559,0.6194
299,2019-06-27,26,0-5,26.8571,0.8557,0.7446,0.9852
299,2019-06-27,26,6-11,36.4286,1.2114,1.0495,1.3960
299,2019-06-27,26,12-17,16.5714,1.2245,1.0609,1.4118
299,2019-06-27,26,18-44,39.7143,0.7533,0.6501,0.8710
299,2019-06-27,26,45-64,25.4286,0.6681,0.5749,0.7741
299,2019-06-27,26,65+,18.1429,0.5194,0.4458,0.6051
300,2019-06-28,26,0-5,22.2857,0.8393,0.7288,0.9677
300,2019-06-28,26,6-11,37.2857,1.1951,1.0335,1.3807
300,2019-06-28,26,12-17,16.4286,1.2128,1.0520,1.3969
300,2019-06-28,26,18-44,41.1429,0.7427,0.6426,0.8624
300,2019-06-28,26,45-64,24.7143,0.6590,0.5667,0.7685
300,2019-06-28,26,65+,16.7143,0.5100,0.4383,0.5975
301,2019-06-29,26,0-5,20.0000,0.8333,0.7235,0.9617
301,2019-06-29,26,6-11,34.8571,1.1889,1.0283,1.3761
301,2019-06-29,26,12-17,17.2857,1.2070,1.0466,1.3922
301,2019-06-29,26,18-44,37.0000,0.7402,0.6410,0.8619
301,2019-06-29,26,45-64,22.8571,0.6571,0.5653,0.7659
301,2019-06-29,26,65+,16.0000,0.5069,0.4347,0.5919
302,2019-06-30,27,0-5,18.2857,0.8366,0.7264,0.9638
302,2019-06-30,27,6-11,32.5714,1.1939,1.0345,1.3819
302,2019-06-30,27,12-17,17.0000,1.2115,1.0522,1.3960
302,2019-06-30,27,18-44,35.4286,0.7462,0.6460,0.8681
302,2019-06-30,27,45-64,21.4286,0.6637,0.5708,0.7752
302,2019-06-30,27,65+,15.7143,0.5097,0.4374,0.5964
303,2019-07-01,27,0-5,17.7143,0.8461,0.7342,0.9750
303,2019-07-01,27,6-11,33.2857,1.2081,1.0468,1.3973
303,2019-07-01,27,12-17,15.7143,1.2241,1.0622,1.4106
303,2019-07-01,27,18-44,36.2857,0.7580,0.6537,0.8830
303,2019-07-01,27,45-64,21.0000,0.6760,0.5793,0.7895
303,2019-07-01,27,65+,14.4286,0.5174,0.4430,0.6051
304,2019-07-02,27,0-5,17.1429,0.8628,0.7478,0.9953
304,2019-07-02,27,6-11,32.5714,1.2296,1.0632,1.4228
304,2019-07-02,27,12-17,15.5714,1.2430,1.0780,1.4321
304,2019-07-02,27,18-44,34.7143,0.7771,0.6663,0.9035
304,2019-07-02,27,45-64,20.4286,0.6946,0.5935,0.8115
304,2019-07-02,27,65+,13.0000,0.5306,0.4534,0.6205
305,2019-07-03,27,0-5,16.1429,0.8767,0.7611,1.0117
305,2019-07-03,27,6-11,31.2857,1.2493,1.0811,1.4473
305,2019-07-03,27,12-17,15.7143,1.2601,1.0941,1.4524
305,2019-07-03,27,18-44,33.7143,0.7911,0.6825,0.9204
305,2019-07-03,27,45-64,20.4286,0.7095,0.6086,0.8289
305,2019-07-03,27,65+,12.5714,0.5431,0.4647,0.6358
306,2019-07-04,27,0-5,16.5714,0.8877,0.7685,1.0237
306,2019-07-04,27,6-11,31.4286,1.2677,1.0944,1.4722
306,2019-07-04,27,12-17,15.5714,1.2784,1.1061,1.4775
306,2019-07-04,27,18-44,33.7143,0.8048,0.6921,0.9391
306,2019-07-04,27,45-64,21.0000,0.7232,0.6188,0.8466
306,2019-07-04,27,65+,12.4286,0.5547,0.4739,0.6498
307,2019-07-05,27,0-5,16.5714,0.8952,0.7761,1.0322
307,2019-07-05,27,6-11,31.7143,1.2783,1.1040,1.4915
307,2019-07-05,27,12-17,14.4286,1.2915,1.1193,1.4924
307,2019-07-05,27,18-44,32.4286,0.8165,0.7046,0.9497
307,2019-07-05,27,45-64,22.8571,0.7346,0.6301,0.8573
307,2019-07-05,27,65+,12.2857,0.5657,0.4840,0.6625
308,2019-07-06,27,0-5,16.2857,0.9011,0.7811,1.0415
308,2019-07-06,27,6-11,32.2857,1.2907,1.1146,1.5030
308,2019-07-06,27,12-17,12.7143,1.3070,1.1321,1.5109
308,2019-07-06,27,18-44,33.8571,0.8257,0.7115,0.9639
308,2019-07-06,27,45-64,22.8571,0.7431,0.6381,0.8714
308,2019-07-06,27,65+,12.2857,0.5748,0.4909,0.6762
309,2019-07-07,28,0-5,15.8571,0.9028,0.7825,1.0424
309,2019-07-07,28,6-11,33.0000,1.2956,1.1163,1.5024
309,2019-07-07,28,12-17,13.0000,1.3159,1.1402,1.5191
309,2019-07-07,28,18-44,33.8571,0.8320,0.7149,0.9680
309,2019-07-07,28,45-64,22.4286,0.7488,0.6406,0.8730
309,2019-07-07,28,65+,11.5714,0.5814,0.4962,0.6812
310,2019-07-08,28,0-5,14.7143,0.8997,0.7795,1.0378
310,2019-07-08,28,6-11,30.0000,1.2912,1.1152,1.4995
310,2019-07-08,28,12-17,13.5714,1.3173,1.1417,1.5208
310,2019-07-08,28,18-44,32.1429,0.8325,0.7149,0.9696
310,2019-07-08,28,45-64,21.0000,0.7484,0.6399,0.8740
310,2019-07-08,28,65+,13.2857,0.5841,0.4986,0.6860
311,2019-07-09,28,0-5,14.1429,0.8935,0.7741,1.0299
311,2019-07-09,28,6-11,30.0000,1.2824,1.1048,1.4911
311,2019-07-09,28,12-17,13.2857,1.3128,1.1327,1.5180
311,2019-07-09,28,18-44,33.4286,0.8273,0.7126,0.9663
311,2019-07-09,28,45-64,21.5714,0.7436,0.6381,0.8689
311,2019-07-09,28,65+,13.1429,0.5824,0.4981,0.6831
312,2019-07-10,28,0-5,13.4286,0.8830,0.7651,1.0186
312,2019-07-10,28,6-11,30.8571,1.2676,1.0928,1.4704
312,2019-07-10,28,12-17,13.5714,1.3030,1.1286,1.5027
312,2019-07-10,28,18-44,33.5714,0.8186,0.7056,0.9529
312,2019-07-10,28,45-64,20.2857,0.7354,0.6313,0.8565
312,2019-07-10,28,65+,13.1429,0.5779,0.4941,0.6767
313,2019-07-11,28,0-5,13.5714,0.8703,0.7545,1.0038
313,2019-07-11,28,6-11,31.2857,1.2487,1.0757,1.4468
313,2019-07-11,28,12-17,13.0000,1.2888,1.1132,1.4895
313,2019-07-11,28,18-44,32.7143,0.8072,0.6936,0.9381
313,2019-07-11,28,45-64,20.2857,0.7252,0.6197,0.8447
313,2019-07-11,28,65+,13.2857,0.5712,0.4859,0.6694
314,2019-07-12,28,0-5,13.1429,0.8586,0.7434,0.9897
314,2019-07-12,28,6-11,29.1429,1.2323,1.0613,1.4268
314,2019-07-12,28,12-17,14.1429,1.2740,1.1017,1.4711
314,2019-07-12,28,18-44,31.7143,0.7947,0.6830,0.9251
314,2019-07-12,28,45-64,18.5714,0.7141,0.6113,0.8335
314,2019-07-12,28,65+,15.0000,0.5624,0.4789,0.6607
315,2019-07-13,28,0-5,12.7143,0.8474,0.7328,0.9786
315,2019-07-13,28,6-11,27.8571,1.2163,1.0458,1.4073
315,2019-07-13,28,12-17,14.2857,1.2591,1.0859,1.4553
315,2019-07-13,28,18-44,30.8571,0.7823,0.6727,0.9141
315,2019-07-13,28,45-64,18.8571,0.7032,0.6019,0.8239
315,2019-07-13,28,65+,15.0000,0.5532,0.4710,0.6515
316,2019-07-14,29,0-5,12.5714,0.8365,0.7244,0.9664
316,2019-07-14,29,6-11,26.0000,1.2021,1.0381,1.3965
316,2019-07-14,29,12-17,14.0000,1.2456,1.0768,1.4422
316,2019-07-14,29,18-44,31.1429,0.7705,0.6621,0.8984
316,2019-07-14,29,45-64,19.4286,0.6936,0.5923,0.8105
316,2019-07-14,29,65+,14.2857,0.5460,0.4640,0.6415
317,2019-07-15,29,0-5,12.4286,0.8273,0.7160,0.9560
317,2019-07-15,29,6-11,27.1429,1.1919,1.0269,1.3872
317,2019-07-15,29,12-17,14.0000,1.2344,1.0634,1.4284
317,2019-07-15,29,18-44,31.0000,0.7573,0.6521,0.8814
317,2019-07-15,29,45-64,19.4286,0.6829,0.5841,0.7981
317,2019-07-15,29,65+,12.5714,0.5383,0.4579,0.6339
318,2019-07-16,29,0-5,12.2857,0.8216,0.7104,0.9482
318,2019-07-16,29,6-11,26.7143,1.1863,1.0238,1.3803
318,2019-07-16,29,12-17,13.2857,1.2269,1.0585,1.4239
318,2019-07-16,29,18-44,28.5714,0.7488,0.6440,0.8709
318,2019-07-16,29,45-64,17.5714,0.6763,0.5778,0.7900
318,2019-07-16,29,65+,12.1429,0.5349,0.4541,0.6289
319,2019-07-17,29,0-5,11.5714,0.8201,0.7090,0.9487
319,2019-07-17,29,6-11,25.4286,1.1874,1.0219,1.3846
319,2019-07-17,29,12-17,12.4286,1.2258,1.0556,1.4214
319,2019-07-17,29,18-44,28.1429,0.7452,0.6415,0.8640
319,2019-07-17,29,45-64,17.8571,0.6749,0.5772,0.7884
319,2019-07-17,29,65+,11.8571,0.5354,0.4556,0.6316
320,2019-07-18,29,0-5,10.8571,0.8241,0.7117,0.9513
320,2019-07-18,29,6-11,24.1429,1.1976,1.0306,1.3864
320,2019-07-18,29,12-17,12.5714,1.2311,1.0605,1.4246
320,2019-07-18,29,18-44,28.7143,0.7451,0.6407,0.8649
320,2019-07-18,29,45-64,17.2857,0.6769,0.5789,0.7919
320,2019-07-18,29,65+,11.8571,0.5404,0.4594,0.6351
321,2019-07-19,29,0-5,10.5714,0.8306,0.7181,0.9608
321,2019-07-19,29,6-11,22.5714,1.2119,1.0429,1.4081
321,2019-07-19,29,12-17,12.4286,1.2385,1.0680,1.4343
321,2019-07-19,29,18-44,26.5714,0.7479,0.6434,0.8705
321,2019-07-19,29,45-64,16.2857,0.6821,0.5834,0.7992
321,2019-07-19,29,65+,10.0000,0.5478,0.4646,0.6461
322,2019-07-20,29,0-5,10.8571,0.8433,0.7321,0.9740
322,2019-07-20,29,6-11,22.8571,1.2359,1.0652,1.4338
322,2019-07-20,29,12-17,12.7143,1.2556,1.0853,1.4507
322,2019-07-20,29,18-44,24.2857,0.7592,0.6570,0.8789
322,2019-07-20,29,45-64,16.0000,0.6944,0.5953,0.8075
322,2019-07-20,29,65+,11.1429,0.5594,0.4754,0.6567
323,2019-07-21,30,0-5,10.8571,0.8588,0.7442,0.9909
323,2019-07-21,30,6-11,22.2857,1.2615,1.0855,1.4670
323,2019-07-21,30,12-17,12.4286,1.2732,1.1000,1.4697
323,2019-07-21,30,18-44,22.0000,0.7737,0.6675,0.8953
323,2019-07-21,30,45-64,15.5714,0.7068,0.6062,0.8239
323,2019-07-21,30,65+,11.4286,0.5702,0.4841,0.6727
324,2019-07-22,30,0-5,10.4286,0.8764,0.7586,1.0119
324,2019-07-22,30,6-11,21.8571,1.2895,1.1096,1.4978
324,2019-07-22,30,12-17,12.1429,1.2913,1.1160,1.4936
324,2019-07-22,30,18-44,20.2857,0.7911,0.6801,0.9187
324,2019-07-22,30,45-64,15.8571,0.7219,0.6163,0.8427
324,2019-07-22,30,65+,11.2857,0.5814,0.4929,0.6859
325,2019-07-23,30,0-5,9.8571,0.8937,0.7737,1.0335
325,2019-07-23,30,6-11,22.2857,1.3144,1.1314,1.5328
325,2019-07-23,30,12-17,12.0000,1.3059,1.1274,1.5124
325,2019-07-23,30,18-44,20.1429,0.8073,0.6941,0.9426
325,2019-07-23,30,45-64,15.4286,0.7329,0.6256,0.8592
325,2019-07-23,30,65+,12.0000,0.5877,0.4981,0.6944
326,2019-07-24,30,0-5,10.2857,0.9046,0.7821,1.0492
326,2019-07-24,30,6-11,23.4286,1.3279,1.1398,1.5519
326,2019-07-24,30,12-17,12.2857,1.3135,1.1315,1.5223
326,2019-07-24,30,18-44,20.0000,0.8206,0.7038,0.9574
326,2019-07-24,30,45-64,15.5714,0.7408,0.6309,0.8695
326,2019-07-24,30,65+,11.8571,0.5908,0.5000,0.6996
327,2019-07-25,30,0-5,9.8571,0.9117,0.7887,1.0545
327,2019-07-25,30,6-11,24.5714,1.3312,1.1457,1.5555
327,2019-07-25,30,12-17,12.4286,1.3132,1.1346,1.5225
327,2019-07-25,30,18-44,21.0000,0.8293,0.7108,0.9726
327,2019-07-25,30,45-64,15.7143,0.7439,0.6343,0.8740
327,2019-07-25,30,65+,11.7143,0.5888,0.5001,0.6984
328,2019-07-26,30,0-5,8.4286,0.9146,0.7897,1.0600
328,2019-07-26,30,6-11,25.1429,1.3245,1.1376,1.5453
328,2019-07-26,30,12-17,10.2857,1.3057,1.1277,1.5119
328,2019-07-26,30,18-44,22.0000,0.8334,0.7149,0.9754
328,2019-07-26,30,45-64,16.1429,0.7436,0.6360,0.8718
328,2019-07-26,30,65+,11.5714,0.5863,0.4979,0.6904
329,2019-07-27,30,0-5,8.7143,0.9133,0.7901,1.0583
329,2019-07-27,30,6-11,25.8571,1.3113,1.1258,1.5320
329,2019-07-27,30,12-17,9.4286,1.2958,1.1166,1.5004
329,2019-07-27,30,18-44,22.8571,0.8343,0.7149,0.9753
329,2019-07-27,30,45-64,15.4286,0.7413,0.6329,0.8679
329,2019-07-27,30,65+,10.5714,0.5804,0.4937,0.6841
330,2019-07-28,31,0-5,8.5714,0.9120,0.7860,1.0573
330,2019-07-28,31,6-11,25.8571,1.2994,1.1141,1.5165
330,2019-07-28,31,12-17,8.8571,1.2870,1.1079,1.4909
330,2019-07-28,31,18-44,23.8571,0.8324,0.7131,0.9758
330,2019-07-28,31,45-64,14.4286,0.7369,0.6294,0.8643
330,2019-07-28,31,65+,11.0000,0.5740,0.4885,0.6782
331,2019-07-29,31,0-5,9.1429,0.9068,0.7828,1.0489
331,2019-07-29,31,6-11,25.1429,1.2869,1.1053,1.4986
331,2019-07-29,31,12-17,7.5714,1.2794,1.1037,1.4827
331,2019-07-29,31,18-44,24.7143,0.8291,0.7096,0.9737
331,2019-07-29,31,45-64,13.0000,0.7328,0.6250,0.8584
331,2019-07-29,31,65+,10.1429,0.5676,0.4815,0.6684
332,2019-07-30,31,0-5,9.5714,0.9032,0.7793,1.0451
332,2019-07-30,31,6-11,24.2857,1.2787,1.0994,1.4841
332,2019-07-30,31,12-17,7.8571,1.2788,1.1051,1.4778
332,2019-07-30,31,18-44,25.2857,0.8273,0.7072,0.9678
332,2019-07-30,31,45-64,13.0000,0.7303,0.6226,0.8558
332,2019-07-30,31,65+,9.7143,0.5629,0.4777,0.6627
333,2019-07-31,31,0-5,9.8571,0.8998,0.7767,1.0406
333,2019-07-31,31,6-11,22.1429,1.2732,1.0949,1.4801
333,2019-07-31,31,12-17,6.7143,1.2821,1.1061,1.4860
333,2019-07-31,31,18-44,25.8571,0.8265,0.7072,0.9691
333,2019-07-31,31,45-64,12.4286,0.7305,0.6227,0.8547
333,2019-07-31,31,65+,9.8571,0.5606,0.4766,0.6596
334,2019-08-01,31,0-5,10.1429,0.8992,0.7762,1.0423
334,2019-08-01,31,6-11,20.8571,1.2727,1.0958,1.4860
334,2019-08-01,31,12-17,6.7143,1.2915,1.1128,1.4984
334,2019-08-01,31,18-44,24.4286,0.8306,0.7098,0.9760
334,2019-08-01,31,45-64,13.0000,0.7345,0.6263,0.8637
334,2019-08-01,31,65+,10.0000,0.5612,0.4764,0.6631
335,2019-08-02,31,0-5,10.4286,0.8989,0.7764,1.0422
335,2019-08-02,31,6-11,21.4286,1.2752,1.0956,1.4828
335,2019-08-02,31,12-17,8.4286,1.3019,1.1216,1.5107
335,2019-08-02,31,18-44,23.7143,0.8367,0.7142,0.9806
335,2019-08-02,31,45-64,12.1429,0.7413,0.6316,0.8698
335,2019-08-02,31,65+,9.2857,0.5643,0.4799,0.6633
336,2019-08-03,31,0-5,10.0000,0.8961,0.7734,1.0373
336,2019-08-03,31,6-11,19.7143,1.2696,1.0958,1.4778
336,2019-08-03,31,12-17,8.5714,1.3031,1.1256,1.5113
336,2019-08-03,31,18-44,24.1429,0.8383,0.7178,0.9849
336,2019-08-03,31,45-64,12.5714,0.7452,0.6350,0.8757
336,2019-08-03,31,65+,8.2857,0.5670,0.4821,0.6676
337,2019-08-04,32,0-5,10.1429,0.8930,0.7712,1.0338
337,2019-08-04,32,6-11,20.0000,1.2650,1.0932,1.4685
337,2019-08-04,32,12-17,9.2857,1.3030,1.1256,1.5073
337,2019-08-04,32,18-44,23.8571,0.8413,0.7191,0.9852
337,2019-08-04,32,45-64,12.5714,0.7503,0.6378,0.8800
337,2019-08-04,32,65+,8.1429,0.5710,0.4853,0.6719
338,2019-08-05,32,0-5,10.4286,0.8869,0.7636,1.0289
338,2019-08-05,32,6-11,20.0000,1.2573,1.0804,1.4589
338,2019-08-05,32,12-17,10.1429,1.2978,1.1173,1.5038
338,2019-08-05,32,18-44,23.4286,0.8412,0.7170,0.9863
338,2019-08-05,32,45-64,13.5714,0.7535,0.6396,0.8846
338,2019-08-05,32,65+,8.4286,0.5742,0.4877,0.6753
339,2019-08-06,32,0-5,9.7143,0.8798,0.7584,1.0193
339,2019-08-06,32,6-11,19.8571,1.2449,1.0695,1.4531
339,2019-08-06,32,12-17,9.4286,1.2893,1.1082,1.4952
339,2019-08-06,32,18-44,24.5714,0.8382,0.7170,0.9826
339,2019-08-06,32,45-64,13.8571,0.7536,0.6425,0.8853
339,2019-08-06,32,65+,8.2857,0.5751,0.4894,0.6802
340,2019-08-07,32,0-5,8.7143,0.8705,0.7515,1.0099
340,2019-08-07,32,6-11,19.0000,1.2339,1.0602,1.4400
340,2019-08-07,32,12-17,9.8571,1.2773,1.0992,1.4816
340,2019-08-07,32,18-44,24.0000,0.8302,0.7101,0.9736
340,2019-08-07,32,45-64,14.1429,0.7504,0.6392,0.8822
340,2019-08-07,32,65+,8.2857,0.5746,0.4878,0.6803
341,2019-08-08,32,0-5,9.0000,0.8615,0.7420,0.9986
341,2019-08-08,32,6-11,19.1429,1.2212,1.0506,1.4215
341,2019-08-08,32,12-17,9.5714,1.2655,1.0906,1.4662
341,2019-08-08,32,18-44,23.5714,0.8232,0.7021,0.9641
341,2019-08-08,32,45-64,13.5714,0.7475,0.6352,0.8770
341,2019-08-08,32,65+,8.0000,0.5734,0.4865,0.6760
342,2019-08-09,32,0-5,8.8571,0.8578,0.7403,0.9953
342,2019-08-09,32,6-11,17.8571,1.2186,1.0475,1.4162
342,2019-08-09,32,12-17,8.2857,1.2603,1.0867,1.4603
342,2019-08-09,32,18-44,24.1429,0.8160,0.7006,0.9573
342,2019-08-09,32,45-64,13.0000,0.7451,0.6354,0.8765
342,2019-08-09,32,65+,8.7143,0.5732,0.4857,0.6775
343,2019-08-10,32,0-5,8.4286,0.8588,0.7414,0.9952
343,2019-08-10,32,6-11,17.7143,1.2225,1.0524,1.4231
343,2019-08-10,32,12-17,8.4286,1.2636,1.0890,1.4657
343,2019-08-10,32,18-44,23.4286,0.8135,0.6963,0.9582
343,2019-08-10,32,45-64,14.0000,0.7453,0.6332,0.8798
343,2019-08-10,32,65+,8.7143,0.5747,0.4873,0.6787
344,2019-08-11,33,0-5,8.1429,0.8659,0.7465,1.0028
344,2019-08-11,33,6-11,17.2857,1.2356,1.0586,1.4373
344,2019-08-11,33,12-17,8.2857,1.2724,1.0962,1.4758
344,2019-08-11,33,18-44,23.8571,0.8159,0.6984,0.9547
344,2019-08-11,33,45-64,15.5714,0.7489,0.6363,0.8823
344,2019-08-11,33,65+,9.0000,0.5783,0.4891,0.6833
345,2019-08-12,33,0-5,6.4286,0.8791,0.7568,1.0181
345,2019-08-12,33,6-11,15.1429,1.2578,1.0795,1.4663
345,2019-08-12,33,12-17,6.8571,1.2910,1.1116,1.4972
345,2019-08-12,33,18-44,20.7143,0.8210,0.7019,0.9607
345,2019-08-12,33,45-64,13.7143,0.7564,0.6414,0.8920
345,2019-08-12,33,65+,7.8571,0.5852,0.4945,0.6934
346,2019-08-13,33,0-5,7.2857,0.8996,0.7755,1.0470
346,2019-08-13,33,6-11,15.1429,1.2901,1.1090,1.5010
346,2019-08-13,33,12-17,8.1429,1.3199,1.1363,1.5266
346,2019-08-13,33,18-44,19.5714,0.8351,0.7140,0.9778
346,2019-08-13,33,45-64,14.0000,0.7712,0.6545,0.9088
346,2019-08-13,33,65+,7.7143,0.5975,0.5062,0.7079
347,2019-08-14,33,0-5,8.1429,0.9238,0.7960,1.0717
347,2019-08-14,33,6-11,16.1429,1.3241,1.1364,1.5431
347,2019-08-14,33,12-17,8.1429,1.3483,1.1598,1.5632
347,2019-08-14,33,18-44,19.2857,0.8516,0.7314,0.9973
347,2019-08-14,33,45-64,13.5714,0.7895,0.6711,0.9313
347,2019-08-14,33,65+,7.5714,0.6125,0.5180,0.7234
348,2019-08-15,33,0-5,7.0000,0.9515,0.8185,1.1045
348,2019-08-15,33,6-11,16.2857,1.3606,1.1662,1.5931
348,2019-08-15,33,12-17,8.2857,1.3789,1.1876,1.6026
348,2019-08-15,33,18-44,19.2857,0.8734,0.7492,1.0222
348,2019-08-15,33,45-64,13.8571,0.8117,0.6897,0.9584
348,2019-08-15,33,65+,8.1429,0.6302,0.5338,0.7442
349,2019-08-16,33,0-5,7.1429,0.9796,0.8447,1.1385
349,2019-08-16,33,6-11,16.7143,1.3926,1.1975,1.6254
349,2019-08-16,33,12-17,8.5714,1.4060,1.2139,1.6341
349,2019-08-16,33,18-44,17.5714,0.8953,0.7683,1.0466
349,2019-08-16,33,45-64,14.8571,0.8353,0.7102,0.9865
349,2019-08-16,33,65+,7.2857,0.6503,0.5512,0.7682
350,2019-08-17,33,0-5,7.1429,1.0077,0.8692,1.1671
350,2019-08-17,33,6-11,15.7143,1.4245,1.2252,1.6558
350,2019-08-17,33,12-17,7.8571,1.4360,1.2396,1.6654
350,2019-08-17,33,18-44,18.1429,0.9199,0.7892,1.0739
350,2019-08-17,33,45-64,13.5714,0.8616,0.7328,1.0140
350,2019-08-17,33,65+,7.0000,0.6717,0.5699,0.7921
351,2019-08-18,34,0-5,7.8571,1.0297,0.8894,1.1940
351,2019-08-18,34,6-11,16.0000,1.4462,1.2459,1.6769
351,2019-08-18,34,12-17,7.8571,1.4601,1.2621,1.6886
351,2019-08-18,34,18-44,17.2857,0.9431,0.8090,1.1008
351,2019-08-18,34,45-64,13.2857,0.8856,0.7517,1.0401
351,2019-08-18,34,65+,7.4286,0.6905,0.5854,0.8135
352,2019-08-19,34,0-5,9.1429,1.0466,0.9033,1.2144
352,2019-08-19,34,6-11,18.1429,1.4592,1.2597,1.6933
352,2019-08-19,34,12-17,9.4286,1.4783,1.2769,1.7096
352,2019-08-19,34,18-44,19.1429,0.9613,0.8239,1.1242
352,2019-08-19,34,45-64,15.7143,0.9018,0.7659,1.0614
352,2019-08-19,34,65+,9.1429,0.7018,0.5940,0.8274
353,2019-08-20,34,0-5,8.5714,1.0565,0.9126,1.2237
353,2019-08-20,34,6-11,17.7143,1.4644,1.2630,1.6982
353,2019-08-20,34,12-17,7.5714,1.4907,1.2865,1.7240
353,2019-08-20,34,18-44,17.5714,0.9745,0.8356,1.1351
353,2019-08-20,34,45-64,17.0000,0.9111,0.7749,1.0692
353,2019-08-20,34,65+,9.7143,0.7060,0.5981,0.8323
354,2019-08-21,34,0-5,8.4286,1.0629,0.9171,1.2290
354,2019-08-21,34,6-11,18.5714,1.4679,1.2648,1.6967
354,2019-08-21,34,12-17,7.7143,1.5026,1.2974,1.7363
354,2019-08-21,34,18-44,17.2857,0.9824,0.8423,1.1444
354,2019-08-21,34,45-64,18.0000,0.9119,0.7764,1.0702
354,2019-08-21,34,65+,10.2857,0.7030,0.5968,0.8278
355,2019-08-22,34,0-5,8.4286,1.0661,0.9223,1.2327
355,2019-08-22,34,6-11,18.7143,1.4674,1.2712,1.6993
355,2019-08-22,34,12-17,7.7143,1.5115,1.3101,1.7467
355,2019-08-22,34,18-44,17.7143,0.9852,0.8470,1.1466
355,2019-08-22,34,45-64,17.8571,0.9075,0.7743,1.0646
355,2019-08-22,34,65+,9.8571,0.6956,0.5921,0.8180
356,2019-08-23,34,0-5,10.1429,1.0673,0.9214,1.2328
356,2019-08-23,34,6-11,16.4286,1.4688,1.2704,1.6998
356,2019-08-23,34,12-17,8.4286,1.5212,1.3157,1.7587
356,2019-08-23,34,18-44,20.8571,0.9844,0.8438,1.1464
356,2019-08-23,34,45-64,17.8571,0.8988,0.7655,1.0547
356,2019-08-23,34,65+,9.7143,0.6849,0.5837,0.8050
357,2019-08-24,34,0-5,10.4286,1.0689,0.9234,1.2372
357,2019-08-24,34,6-11,16.5714,1.4748,1.2754,1.7085
357,2019-08-24,34,12-17,9.1429,1.5337,1.3256,1.7733
357,2019-08-24,34,18-44,20.5714,0.9818,0.8425,1.1431
357,2019-08-24,34,45-64,18.8571,0.8896,0.7591,1.0411
357,2019-08-24,34,65+,10.5714,0.6751,0.5758,0.7929
358,2019-08-25,35,0-5,10.2857,1.0693,0.9232,1.2424
358,2019-08-25,35,6-11,17.4286,1.4783,1.2791,1.7149
358,2019-08-25,35,12-17,9.4286,1.5419,1.3299,1.7887
358,2019-08-25,35,18-44,22.7143,0.9772,0.8412,1.1391
358,2019-08-25,35,45-64,18.2857,0.8802,0.7520,1.0323
358,2019-08-25,35,65+,9.2857,0.6675,0.5685,0.7857
359,2019-08-26,35,0-5,10.1429,1.0734,0.9219,1.2511
359,2019-08-26,35,6-11,17.8571,1.4858,1.2783,1.7283
359,2019-08-26,35,12-17,10.2857,1.5515,1.3311,1.8078
359,2019-08-26,35,18-44,24.7143,0.9748,0.8324,1.1429
359,2019-08-26,35,45-64,17.5714,0.8745,0.7416,1.0292
359,2019-08-26,35,65+,9.1429,0.6633,0.5610,0.7837
360,2019-08-27,35,0-5,10.0000,1.0800,0.9155,1.2740
360,2019-08-27,35,6-11,18.0000,1.4965,1.2740,1.7604
360,2019-08-27,35,12-17,10.8571,1.5612,1.3251,1.8376
360,2019-08-27,35,18-44,25.1429,0.9731,0.8236,1.1519
360,2019-08-27,35,45-64,16.7143,0.8709,0.7302,1.0365
360,2019-08-27,35,65+,8.4286,0.6620,0.5530,0.7904
361,2019-08-28,35,0-5,11.0000,1.0893,0.9064,1.3078
361,2019-08-28,35,6-11,17.7143,1.5113,1.2581,1.8128
361,2019-08-28,35,12-17,12.4286,1.5741,1.3077,1.8864
361,2019-08-28,35,18-44,26.4286,0.9759,0.8098,1.1753
361,2019-08-28,35,45-64,16.7143,0.8721,0.7172,1.0565
361,2019-08-28,35,65+,8.7143,0.6637,0.5433,0.8102
362,2019-08-29,35,0-5,12.8571,1.0980,0.8866,1.3561
362,2019-08-29,35,6-11,18.2857,1.5253,1.2361,1.8825
362,2019-08-29,35,12-17,12.4286,1.5866,1.2813,1.9584
362,2019-08-29,35,18-44,26.2857,0.9791,0.7908,1.2176
362,2019-08-29,35,45-64,17.0000,0.8748,0.6992,1.0924
362,2019-08-29,35,65+,8.7143,0.6667,0.5310,0.8374
363,2019-08-30,35,0-5,13.1429,1.1061,0.8649,1.4175
363,2019-08-30,35,6-11,20.7143,1.5378,1.2046,1.9730
363,2019-08-30,35,12-17,13.1429,1.5989,1.2474,2.0538
363,2019-08-30,35,18-44,26.1429,0.9851,0.7684,1.2722
363,2019-08-30,35,45-64,19.0000,0.8794,0.6787,1.1417
363,2019-08-30,35,65+,10.5714,0.6711,0.5161,0.8752
364,2019-08-31,35,0-5,14.0000,1.1149,0.8423,1.4857
364,2019-08-31,35,6-11,22.5714,1.5508,1.1711,2.0754
364,2019-08-31,35,12-17,13.5714,1.6128,1.2131,2.1523
364,2019-08-31,35,18-44,27.8571,0.9927,0.7470,1.3378
364,2019-08-31,35,45-64,18.0000,0.8857,0.6597,1.2005
364,2019-08-31,35,65+,10.5714,0.6758,0.5026,0.9180
