day,date,wk,age_group,obs,dR_med,dR_lo,dR_hi,Rj_med,Rj_lo,Rj_hi,Rj_renewal
1,2010-08-29,36,0-5,54.7143,51.1825,44.0823,58.7052,1.4713,1.1823,1.8057,NA
1,2010-08-29,36,6-11,44.7143,41.5747,35.3790,48.3132,1.5762,1.3004,1.8917,NA
1,2010-08-29,36,12-17,23.2857,19.3936,15.1862,23.3398,1.5819,1.2828,1.9020,NA
1,2010-08-29,36,18-44,79.1429,74.0982,65.2935,83.6180,0.9411,0.7720,1.1340,NA
1,2010-08-29,36,45-64,63.7143,59.1690,51.4090,67.2907,0.9823,0.8015,1.1938,NA
1,2010-08-29,36,65+,33.1429,29.3033,24.2181,34.9896,1.0623,0.8584,1.3048,NA
2,2010-08-30,36,0-5,54.2857,51.0628,45.5556,57.4728,1.4733,1.2249,1.7650,7.3131
2,2010-08-30,36,6-11,44.1429,40.6329,36.0264,46.1428,1.5888,1.3447,1.8779,8.1058
2,2010-08-30,36,12-17,24.8571,20.0705,16.8128,23.1224,1.5864,1.3290,1.8942,7.4327
2,2010-08-30,36,18-44,81.2857,78.5744,70.2270,88.0857,0.9162,0.7806,1.0751,4.2270
2,2010-08-30,36,45-64,63.1429,61.0104,54.1126,68.6306,0.9530,0.8068,1.1282,4.3682
2,2010-08-30,36,65+,34.4286,30.6392,26.5393,35.2677,1.0318,0.8617,1.2307,4.7879
3,2010-08-31,36,0-5,55.4286,51.4339,45.2393,58.4610,1.4753,1.2453,1.7510,3.4326
3,2010-08-31,36,6-11,43.8571,40.0252,35.0565,45.9679,1.6021,1.3766,1.8691,3.7650
3,2010-08-31,36,12-17,26.2857,21.3996,17.9266,25.1703,1.5881,1.3516,1.8732,3.5229
3,2010-08-31,36,18-44,82.8571,83.0968,72.0666,96.0569,0.8963,0.7770,1.0373,1.9891
3,2010-08-31,36,45-64,65.5714,63.2825,55.0317,73.1282,0.9265,0.7974,1.0779,2.0679
3,2010-08-31,36,65+,36.5714,32.5990,27.8287,38.0612,0.9944,0.8476,1.1678,2.2845
4,2010-09-01,36,0-5,56.4286,52.5258,45.0541,60.9500,1.4702,1.2490,1.7374,2.3599
4,2010-09-01,36,6-11,41.8571,40.1636,34.2363,46.8828,1.6120,1.3952,1.8827,2.5167
4,2010-09-01,36,12-17,26.4286,23.3533,19.1687,28.1692,1.5855,1.3591,1.8549,2.3790
4,2010-09-01,36,18-44,85.2857,86.2655,73.0047,101.6152,0.8792,0.7657,1.0128,1.3585
4,2010-09-01,36,45-64,66.1429,65.5161,55.5633,77.5105,0.9019,0.7786,1.0478,1.4080
4,2010-09-01,36,65+,37.0000,34.3605,28.8451,41.0316,0.9585,0.8190,1.1212,1.5526
5,2010-09-02,36,0-5,53.7143,53.9920,45.6210,63.8855,1.4743,1.2494,1.7494,1.8314
5,2010-09-02,36,6-11,40.4286,40.9584,34.4458,48.4893,1.6371,1.4096,1.9089,1.9855
5,2010-09-02,36,12-17,26.4286,25.5261,20.8315,31.0594,1.5814,1.3541,1.8451,1.8925
5,2010-09-02,36,18-44,86.1429,88.8766,75.0795,105.2958,0.8683,0.7569,1.0026,1.0806
5,2010-09-02,36,45-64,67.0000,67.8709,56.8217,80.7633,0.8828,0.7646,1.0246,1.1253
5,2010-09-02,36,65+,37.0000,35.7294,29.6463,42.8890,0.9276,0.7974,1.0842,1.2366
6,2010-09-03,36,0-5,54.1429,55.7795,46.8774,66.1169,1.4728,1.2467,1.7451,1.6365
6,2010-09-03,36,6-11,41.4286,42.4869,35.4184,50.9787,1.6579,1.4280,1.9405,1.7960
6,2010-09-03,36,12-17,27.8571,27.8998,22.6607,34.2368,1.5837,1.3532,1.8539,1.7149
6,2010-09-03,36,18-44,89.7143,92.2965,77.8861,109.0932,0.8626,0.7499,0.9933,0.9731
6,2010-09-03,36,45-64,68.8571,70.2548,58.8767,83.8364,0.8716,0.7510,1.0104,1.0109
6,2010-09-03,36,65+,37.8571,36.5608,30.3741,44.0749,0.9050,0.7729,1.0598,1.1058
7,2010-09-04,36,0-5,59.0000,57.7648,48.2611,68.3611,1.4657,1.2360,1.7382,1.6047
7,2010-09-04,36,6-11,44.1429,44.6093,36.9050,53.9285,1.6692,1.4338,1.9544,1.7401
7,2010-09-04,36,12-17,30.4286,30.4383,24.9045,37.3056,1.5788,1.3469,1.8545,1.6597
7,2010-09-04,36,18-44,93.1429,96.0187,81.6187,113.7532,0.8545,0.7433,0.9857,0.9286
7,2010-09-04,36,45-64,71.7143,72.5432,61.1725,86.3248,0.8591,0.7414,0.9967,0.9545
7,2010-09-04,36,65+,37.0000,37.0177,30.7259,44.3032,0.8865,0.7583,1.0363,1.0226
8,2010-09-05,37,0-5,60.4286,59.6724,49.8908,70.4885,1.4578,1.2272,1.7248,1.5551
8,2010-09-05,37,6-11,46.8571,47.2129,39.3540,57.1383,1.6808,1.4388,1.9636,1.7193
8,2010-09-05,37,12-17,33.5714,32.9417,27.1267,40.3470,1.5712,1.3425,1.8428,1.6530
8,2010-09-05,37,18-44,98.5714,100.0040,85.0709,116.9705,0.8482,0.7388,0.9767,0.9076
8,2010-09-05,37,45-64,74.2857,74.5036,63.0098,88.8656,0.8491,0.7331,0.9842,0.9292
8,2010-09-05,37,65+,37.4286,37.1135,30.9527,44.2341,0.8722,0.7472,1.0182,0.9850
9,2010-09-06,37,0-5,62.7143,61.5503,51.9945,72.5437,1.4493,1.2217,1.7276,1.5342
9,2010-09-06,37,6-11,50.8571,50.0804,42.1031,60.2474,1.6758,1.4351,1.9704,1.7285
9,2010-09-06,37,12-17,36.1429,35.6049,29.2331,42.8689,1.5571,1.3337,1.8368,1.6388
9,2010-09-06,37,18-44,104.1429,103.9295,88.4199,121.6464,0.8431,0.7312,0.9751,0.8953
9,2010-09-06,37,45-64,77.0000,76.3670,65.0030,90.6763,0.8420,0.7256,0.9792,0.9092
9,2010-09-06,37,65+,36.5714,37.2310,31.0047,44.2033,0.8650,0.7388,1.0106,0.9467
10,2010-09-07,37,0-5,64.2857,63.3726,53.5697,74.6292,1.4304,1.2057,1.7032,1.5057
10,2010-09-07,37,6-11,53.5714,53.3053,44.8081,63.3174,1.6660,1.4302,1.9478,1.7076
10,2010-09-07,37,12-17,37.0000,38.1021,31.6995,45.7641,1.5452,1.3204,1.8114,1.5836
10,2010-09-07,37,18-44,109.4286,108.1904,91.9197,127.5679,0.8381,0.7273,0.9661,0.8782
10,2010-09-07,37,45-64,78.7143,78.2590,66.0879,92.6763,0.8369,0.7226,0.9723,0.8859
10,2010-09-07,37,65+,36.2857,37.3511,31.0374,44.4884,0.8624,0.7390,1.0085,0.9158
11,2010-09-08,37,0-5,64.4286,65.1676,55.0150,76.8876,1.4104,1.1922,1.6736,1.4572
11,2010-09-08,37,6-11,57.8571,56.5723,47.3889,66.9065,1.6458,1.4105,1.9212,1.7073
11,2010-09-08,37,12-17,42.2857,40.5356,33.8137,48.7590,1.5330,1.3148,1.7903,1.6248
11,2010-09-08,37,18-44,111.7143,112.8476,96.2989,133.3476,0.8346,0.7245,0.9631,0.8602
11,2010-09-08,37,45-64,80.7143,80.1891,67.6590,95.0004,0.8366,0.7223,0.9691,0.8676
11,2010-09-08,37,65+,35.1429,37.7299,31.1761,45.0499,0.8669,0.7417,1.0139,0.8823
12,2010-09-09,37,0-5,68.2857,66.6372,56.4461,78.5839,1.3954,1.1805,1.6505,1.4586
12,2010-09-09,37,6-11,60.1429,59.6564,50.0231,70.6178,1.6246,1.3950,1.8938,1.6709
12,2010-09-09,37,12-17,42.5714,42.8387,35.9772,51.3919,1.5232,1.3012,1.7787,1.5535
12,2010-09-09,37,18-44,113.5714,118.0901,100.9532,139.5243,0.8362,0.7268,0.9624,0.8391
12,2010-09-09,37,45-64,81.2857,82.2821,69.7916,97.3760,0.8418,0.7271,0.9724,0.8409
12,2010-09-09,37,65+,35.2857,38.5375,31.8964,46.0246,0.8764,0.7515,1.0178,0.8578
13,2010-09-10,37,0-5,71.2857,67.8992,57.6896,79.7505,1.3681,1.1591,1.6134,1.4758
13,2010-09-10,37,6-11,65.5714,62.2653,52.3392,73.1467,1.5912,1.3654,1.8532,1.7095
13,2010-09-10,37,12-17,44.8571,44.9722,37.8173,53.5976,1.5025,1.2866,1.7528,1.5535
13,2010-09-10,37,18-44,120.2857,124.0674,105.6266,145.0198,0.8312,0.7242,0.9562,0.8476
13,2010-09-10,37,45-64,82.1429,84.6974,72.0648,100.7507,0.8425,0.7284,0.9735,0.8457
13,2010-09-10,37,65+,38.7143,39.7954,32.7787,47.4309,0.8804,0.7546,1.0230,0.8801
14,2010-09-11,37,0-5,68.8571,68.5028,58.2886,80.9215,1.3413,1.1379,1.5876,1.4329
14,2010-09-11,37,6-11,65.4286,64.1518,54.4514,75.7183,1.5557,1.3351,1.8059,1.6729
14,2010-09-11,37,12-17,46.7143,46.8200,39.4560,55.7086,1.4761,1.2728,1.7212,1.5534
14,2010-09-11,37,18-44,131.2857,129.8978,111.1828,151.8201,0.8240,0.7156,0.9508,0.8546
14,2010-09-11,37,45-64,85.0000,87.8638,74.4094,104.6669,0.8399,0.7239,0.9742,0.8562
14,2010-09-11,37,65+,41.0000,41.3077,34.3241,48.7965,0.8807,0.7557,1.0259,0.8945
15,2010-09-12,38,0-5,69.4286,68.8977,58.3225,81.1528,1.3128,1.1083,1.5479,1.4134
15,2010-09-12,38,6-11,65.1429,65.4939,55.2362,77.2857,1.5177,1.2993,1.7564,1.6276
15,2010-09-12,38,12-17,46.7143,48.2730,40.5272,57.3423,1.4435,1.2374,1.6814,1.5188
15,2010-09-12,38,18-44,136.4286,135.1172,115.2543,157.9076,0.8114,0.7036,0.9331,0.8510
15,2010-09-12,38,45-64,90.2857,91.2842,77.8425,108.3365,0.8303,0.7170,0.9607,0.8580
15,2010-09-12,38,65+,42.2857,42.7790,35.5833,50.9315,0.8745,0.7482,1.0269,0.8957
16,2010-09-13,38,0-5,69.2857,69.0419,58.6454,81.1015,1.2834,1.0822,1.5157,1.3846
16,2010-09-13,38,6-11,63.8571,66.3054,56.0882,78.3995,1.4721,1.2670,1.7125,1.5757
16,2010-09-13,38,12-17,48.1429,49.5147,41.5229,58.6058,1.3970,1.2019,1.6266,1.5065
16,2010-09-13,38,18-44,139.5714,140.1330,119.3497,162.5540,0.7897,0.6879,0.9093,0.8414
16,2010-09-13,38,45-64,94.7143,95.0693,81.1238,111.6760,0.8086,0.7017,0.9342,0.8543
16,2010-09-13,38,65+,43.4286,44.4204,37.2592,52.9875,0.8508,0.7320,0.9978,0.8906
17,2010-09-14,38,0-5,68.4286,68.9317,58.2383,80.3852,1.2455,1.0536,1.4784,1.3760
17,2010-09-14,38,6-11,66.7143,66.4971,56.3073,78.0633,1.4227,1.2158,1.6641,1.6070
17,2010-09-14,38,12-17,53.1429,50.0517,42.1139,59.3305,1.3438,1.1521,1.5679,1.5734
17,2010-09-14,38,18-44,146.2857,143.4798,122.6689,166.3924,0.7632,0.6612,0.8807,0.8584
17,2010-09-14,38,45-64,100.5714,98.1246,83.7854,115.9907,0.7809,0.6734,0.9076,0.8791
17,2010-09-14,38,65+,47.5714,45.8599,38.7324,54.6313,0.8215,0.7047,0.9661,0.9242
18,2010-09-15,38,0-5,69.1429,68.3775,57.8446,80.2121,1.2131,1.0246,1.4359,1.3831
18,2010-09-15,38,6-11,67.0000,66.1665,56.2066,77.7421,1.3756,1.1746,1.6068,1.6004
18,2010-09-15,38,12-17,51.1429,49.8519,42.1373,59.3519,1.2854,1.1011,1.5049,1.5246
18,2010-09-15,38,18-44,153.7143,145.0563,124.6236,169.0619,0.7347,0.6357,0.8490,0.8669
18,2010-09-15,38,45-64,106.4286,100.4359,86.9729,118.3158,0.7495,0.6440,0.8723,0.8902
18,2010-09-15,38,65+,51.5714,46.6820,39.5103,55.6289,0.7872,0.6720,0.9204,0.9469
19,2010-09-16,38,0-5,65.7143,67.8606,57.1762,79.5755,1.1878,1.0010,1.4069,1.3207
19,2010-09-16,38,6-11,65.5714,65.4564,55.3057,77.1703,1.3346,1.1470,1.5624,1.5439
19,2010-09-16,38,12-17,52.8571,49.4607,41.5632,58.4312,1.2370,1.0591,1.4411,1.4979
19,2010-09-16,38,18-44,155.2857,145.5162,124.5343,169.9276,0.7107,0.6169,0.8201,0.8399
19,2010-09-16,38,45-64,106.5714,101.7815,88.0161,120.1511,0.7226,0.6241,0.8356,0.8628
19,2010-09-16,38,65+,51.8571,47.0809,39.7885,56.3792,0.7576,0.6509,0.8823,0.9148
20,2010-09-17,38,0-5,66.5714,67.1613,56.9966,78.5268,1.1753,0.9925,1.3961,1.3475
20,2010-09-17,38,6-11,68.4286,64.6091,54.7262,75.9232,1.3135,1.1279,1.5348,1.5919
20,2010-09-17,38,12-17,55.1429,48.6835,40.8248,57.6384,1.2071,1.0333,1.4130,1.5465
20,2010-09-17,38,18-44,163.4286,144.0436,123.4064,168.2986,0.6989,0.6063,0.8096,0.8715
20,2010-09-17,38,45-64,119.7143,102.4198,87.8650,120.7781,0.7095,0.6129,0.8211,0.9028
20,2010-09-17,38,65+,53.8571,47.1679,39.6872,56.2084,0.7431,0.6375,0.8635,0.9445
21,2010-09-18,38,0-5,68.0000,66.4911,56.6480,78.7250,1.1906,1.0057,1.4140,1.2754
21,2010-09-18,38,6-11,63.7143,63.5258,53.8986,75.0658,1.3224,1.1372,1.5487,1.4311
21,2010-09-18,38,12-17,49.8571,47.5820,39.9703,56.5571,1.2076,1.0370,1.4081,1.3553
21,2010-09-18,38,18-44,145.8571,142.8684,122.9294,166.8113,0.7088,0.6165,0.8209,0.7733
21,2010-09-18,38,45-64,108.5714,102.5564,87.4796,121.5473,0.7197,0.6215,0.8333,0.7918
21,2010-09-18,38,65+,49.1429,47.0646,39.6145,55.9211,0.7534,0.6433,0.8834,0.8298
22,2010-09-19,39,0-5,63.5714,66.1145,56.5957,78.7757,1.2286,1.0369,1.4519,1.1405
22,2010-09-19,39,6-11,60.5714,62.5934,52.6919,73.8331,1.3671,1.1742,1.5961,1.2821
22,2010-09-19,39,12-17,43.7143,46.4199,38.9683,55.0253,1.2577,1.0793,1.4706,1.1593
22,2010-09-19,39,18-44,123.0000,141.8612,122.7350,168.4618,0.7462,0.6476,0.8652,0.6604
22,2010-09-19,39,45-64,91.1429,103.4344,87.8777,121.4858,0.7598,0.6536,0.8841,0.6665
22,2010-09-19,39,65+,42.1429,47.1880,39.7488,55.8691,0.7941,0.6776,0.9284,0.6997
23,2010-09-20,39,0-5,60.2857,65.9157,56.4484,78.3244,1.2843,1.0887,1.5159,1.0850
23,2010-09-20,39,6-11,55.5714,61.7273,52.0714,72.8411,1.4382,1.2360,1.6746,1.1963
23,2010-09-20,39,12-17,39.4286,45.4123,38.1114,54.1673,1.3470,1.1513,1.5758,1.0653
23,2010-09-20,39,18-44,114.8571,143.3353,122.7870,169.9124,0.8071,0.6982,0.9363,0.6134
23,2010-09-20,39,45-64,78.7143,104.6842,89.3685,122.4435,0.8300,0.7107,0.9662,0.6088
23,2010-09-20,39,65+,37.5714,47.6358,39.8813,56.6929,0.8667,0.7403,1.0158,0.6377
24,2010-09-21,39,0-5,63.7143,65.4276,55.8687,77.6795,1.3390,1.1374,1.5827,1.2498
24,2010-09-21,39,6-11,58.5714,60.7375,51.6940,71.8685,1.5250,1.3151,1.7761,1.3883
24,2010-09-21,39,12-17,40.5714,44.6991,37.6683,53.7076,1.4570,1.2578,1.6953,1.2500
24,2010-09-21,39,18-44,138.2857,146.4147,125.8563,173.6142,0.8811,0.7625,1.0247,0.7533
24,2010-09-21,39,45-64,99.7143,107.2845,91.8046,126.2878,0.9168,0.7900,1.0661,0.7651
24,2010-09-21,39,65+,44.4286,48.5616,40.5854,58.2459,0.9635,0.8289,1.1201,0.7988
25,2010-09-22,39,0-5,64.5714,64.5661,54.9181,76.2645,1.3882,1.1811,1.6292,1.3161
25,2010-09-22,39,6-11,58.4286,59.7611,50.9217,70.7050,1.6066,1.3900,1.8666,1.4589
25,2010-09-22,39,12-17,40.7143,44.1631,37.1175,53.0928,1.5746,1.3605,1.8305,1.3284
25,2010-09-22,39,18-44,148.5714,151.6807,130.2515,178.5092,0.9572,0.8285,1.1084,0.8097
25,2010-09-22,39,45-64,106.2857,111.0572,94.3429,130.6801,1.0107,0.8714,1.1720,0.8244
25,2010-09-22,39,65+,45.2857,49.9115,41.6222,60.0154,1.0724,0.9193,1.2516,0.8512
26,2010-09-23,39,0-5,68.0000,63.2776,53.3987,74.8599,1.4305,1.2177,1.6792,1.3588
26,2010-09-23,39,6-11,60.2857,58.8608,49.6840,69.6510,1.6789,1.4529,1.9458,1.4963
26,2010-09-23,39,12-17,41.4286,44.2071,37.2099,52.9295,1.6889,1.4532,1.9527,1.3577
26,2010-09-23,39,18-44,148.2857,159.1638,135.0614,187.5072,1.0283,0.8894,1.1978,0.8199
26,2010-09-23,39,45-64,107.1429,116.7183,99.0798,138.0878,1.0996,0.9492,1.2823,0.8318
26,2010-09-23,39,65+,45.2857,52.6354,44.0782,63.6832,1.1804,1.0120,1.3746,0.8568
27,2010-09-24,39,0-5,63.1429,61.4519,52.3078,72.9798,1.4442,1.2275,1.6984,1.3291
27,2010-09-24,39,6-11,54.7143,57.8082,48.8978,68.1706,1.7182,1.4888,1.9898,1.4680
27,2010-09-24,39,12-17,40.5714,44.9479,37.6951,53.6229,1.7554,1.5140,2.0305,1.3919
27,2010-09-24,39,18-44,158.1429,168.7912,143.2897,197.8467,1.0742,0.9288,1.2454,0.8503
27,2010-09-24,39,45-64,115.7143,124.5445,106.3983,146.5868,1.1615,1.0017,1.3458,0.8796
27,2010-09-24,39,65+,50.2857,56.9043,48.0616,68.5952,1.2593,1.0807,1.4645,0.9178
28,2010-09-25,39,0-5,58.2857,59.6354,50.6747,70.5291,1.4281,1.2157,1.6741,1.3571
28,2010-09-25,39,6-11,54.7143,56.9451,47.9122,67.5183,1.7097,1.4828,1.9715,1.5723
28,2010-09-25,39,12-17,44.7143,46.0439,38.7394,54.6893,1.7606,1.5216,2.0335,1.5650
28,2010-09-25,39,18-44,180.4286,180.3540,153.3225,211.3042,1.0769,0.9342,1.2498,0.9485
28,2010-09-25,39,45-64,136.2857,134.8646,115.4819,157.5381,1.1719,1.0145,1.3597,1.0065
28,2010-09-25,39,65+,62.2857,62.7990,53.1422,74.8287,1.2861,1.1001,1.4999,1.0702
29,2010-09-26,40,0-5,61.1429,57.6726,48.9556,68.0889,1.3739,1.1729,1.6122,1.4977
29,2010-09-26,40,6-11,58.0000,56.2963,47.2649,66.5641,1.6513,1.4338,1.9110,1.7481
29,2010-09-26,40,12-17,51.5714,47.4164,39.5415,56.2121,1.7037,1.4680,1.9780,1.7814
29,2010-09-26,40,18-44,214.4286,191.6816,162.7471,224.3037,1.0397,0.9032,1.2057,1.0809
29,2010-09-26,40,45-64,161.0000,145.8225,124.8029,169.8400,1.1339,0.9807,1.3115,1.1552
29,2010-09-26,40,65+,79.0000,69.7958,58.8013,83.1053,1.2489,1.0737,1.4543,1.2487
30,2010-09-27,40,0-5,59.1429,55.8973,46.9817,65.8375,1.2977,1.1069,1.5204,1.5095
30,2010-09-27,40,6-11,62.8571,55.4601,46.4629,65.8170,1.5528,1.3436,1.7963,1.8394
30,2010-09-27,40,12-17,55.2857,48.7702,40.3053,58.0626,1.5954,1.3779,1.8546,1.8577
30,2010-09-27,40,18-44,235.2857,201.2811,171.3119,235.6888,0.9700,0.8395,1.1237,1.1333
30,2010-09-27,40,45-64,187.1429,156.5885,133.6976,181.9920,1.0549,0.9136,1.2241,1.2265
30,2010-09-27,40,65+,94.4286,77.4813,65.2967,91.6169,1.1673,0.9988,1.3560,1.3409
31,2010-09-28,40,0-5,55.7143,54.2166,45.5737,63.8422,1.2344,1.0517,1.4450,1.3606
31,2010-09-28,40,6-11,57.4286,54.8455,46.1026,65.0333,1.4628,1.2669,1.6891,1.6295
31,2010-09-28,40,12-17,53.0000,50.2245,41.7277,59.9138,1.4791,1.2782,1.7102,1.6528
31,2010-09-28,40,18-44,223.5714,209.4656,179.2706,245.5339,0.9015,0.7815,1.0423,1.0075
31,2010-09-28,40,45-64,182.8571,166.8315,142.1192,193.2151,0.9734,0.8421,1.1294,1.0904
31,2010-09-28,40,65+,95.1429,84.9160,71.5117,100.5722,1.0737,0.9203,1.2534,1.1981
32,2010-09-29,40,0-5,53.0000,53.2520,45.0319,63.0361,1.1823,1.0089,1.3925,1.2817
32,2010-09-29,40,6-11,56.8571,54.3298,45.7576,64.4995,1.3813,1.1984,1.5971,1.5509
32,2010-09-29,40,12-17,55.1429,51.4246,42.8951,61.4425,1.3719,1.1850,1.5868,1.5837
32,2010-09-29,40,18-44,220.8571,216.1093,186.0666,251.9802,0.8414,0.7285,0.9753,0.9486
32,2010-09-29,40,45-64,183.2857,176.2675,151.8291,204.3676,0.9019,0.7786,1.0458,1.0268
32,2010-09-29,40,65+,99.8571,91.7849,77.9014,108.7825,0.9911,0.8510,1.1506,1.1358
33,2010-09-30,40,0-5,48.8571,53.0658,44.7581,62.7798,1.1524,0.9816,1.3597,1.2100
33,2010-09-30,40,6-11,53.5714,54.0817,45.7454,64.5244,1.3267,1.1498,1.5365,1.4665
33,2010-09-30,40,12-17,53.5714,52.3551,43.5550,62.0552,1.2856,1.1120,1.4876,1.4980
33,2010-09-30,40,18-44,221.1429,220.5811,191.2614,257.5294,0.7985,0.6915,0.9215,0.9049
33,2010-09-30,40,45-64,185.1429,183.1505,158.2624,212.9834,0.8474,0.7327,0.9802,0.9785
33,2010-09-30,40,65+,99.4286,97.3011,82.8797,114.6189,0.9268,0.7962,1.0754,1.0736
34,2010-10-01,40,0-5,49.8571,53.1455,44.7503,63.2223,1.1386,0.9661,1.3415,1.2078
34,2010-10-01,40,6-11,52.2857,53.8736,45.6496,64.2484,1.2983,1.1206,1.5036,1.4291
34,2010-10-01,40,12-17,53.4286,52.4359,43.9583,62.0969,1.2237,1.0581,1.4162,1.4486
34,2010-10-01,40,18-44,220.4286,222.8709,193.2200,259.5251,0.7686,0.6658,0.8881,0.8791
34,2010-10-01,40,45-64,182.4286,187.4095,161.8163,218.5005,0.8084,0.6984,0.9390,0.9430
34,2010-10-01,40,65+,100.5714,100.5296,85.0303,117.5464,0.8793,0.7544,1.0256,1.0354
35,2010-10-02,40,0-5,52.8571,53.6992,45.1479,63.5477,1.1311,0.9591,1.3334,1.2370
35,2010-10-02,40,6-11,52.8571,53.6191,45.6247,63.7440,1.2827,1.1045,1.4896,1.4285
35,2010-10-02,40,12-17,52.8571,51.6288,42.9463,61.2872,1.1811,1.0189,1.3667,1.4174
35,2010-10-02,40,18-44,219.5714,223.1371,192.7168,258.2131,0.7497,0.6487,0.8671,0.8688
35,2010-10-02,40,45-64,181.8571,188.5920,161.6700,220.0468,0.7844,0.6757,0.9084,0.9242
35,2010-10-02,40,65+,101.0000,101.7490,86.5461,118.4096,0.8506,0.7300,0.9933,1.0130
36,2010-10-03,41,0-5,51.8571,54.1786,45.7255,64.2615,1.1328,0.9585,1.3377,1.2142
36,2010-10-03,41,6-11,51.5714,53.6027,45.2595,63.9838,1.2800,1.1008,1.4872,1.3994
36,2010-10-03,41,12-17,50.4286,50.1898,41.9662,59.7399,1.1514,0.9955,1.3332,1.3755
36,2010-10-03,41,18-44,215.1429,220.7592,189.9025,255.2799,0.7399,0.6383,0.8564,0.8525
36,2010-10-03,41,45-64,186.0000,186.6043,160.4761,217.9216,0.7703,0.6638,0.8919,0.9093
36,2010-10-03,41,65+,98.2857,101.1108,85.9388,117.5105,0.8366,0.7151,0.9723,0.9867
37,2010-10-04,41,0-5,54.7143,54.7157,46.2172,64.7809,1.1415,0.9675,1.3493,1.2311
37,2010-10-04,41,6-11,51.1429,53.3646,44.9515,63.8577,1.2928,1.1125,1.4984,1.3806
37,2010-10-04,41,12-17,49.4286,48.3104,40.7132,57.2988,1.1378,0.9816,1.3212,1.3377
37,2010-10-04,41,18-44,210.8571,216.1076,186.2448,250.8774,0.7396,0.6381,0.8566,0.8323
37,2010-10-04,41,45-64,178.8571,182.7936,157.6685,213.3227,0.7674,0.6582,0.8910,0.8777
37,2010-10-04,41,65+,94.4286,99.1087,84.5731,115.3273,0.8336,0.7118,0.9737,0.9472
38,2010-10-05,41,0-5,54.2857,55.0826,46.7840,65.0978,1.1516,0.9757,1.3594,1.2054
38,2010-10-05,41,6-11,50.1429,53.2721,44.9149,63.7174,1.3124,1.1297,1.5259,1.3445
38,2010-10-05,41,12-17,43.8571,46.1679,38.8945,54.2975,1.1423,0.9865,1.3286,1.2487
38,2010-10-05,41,18-44,203.5714,210.2896,181.6178,243.8497,0.7451,0.6456,0.8655,0.8019
38,2010-10-05,41,45-64,169.5714,178.1005,153.8655,207.8685,0.7732,0.6652,0.9001,0.8403
38,2010-10-05,41,65+,91.7143,96.4478,82.0046,112.7365,0.8426,0.7196,0.9870,0.9123
39,2010-10-06,41,0-5,55.4286,55.1595,46.7528,64.9887,1.1570,0.9819,1.3679,1.2066
39,2010-10-06,41,6-11,51.0000,53.4442,44.9346,63.3550,1.3336,1.1463,1.5476,1.3469
39,2010-10-06,41,12-17,41.4286,43.7008,36.9250,51.5270,1.1570,0.9964,1.3412,1.2203
39,2010-10-06,41,18-44,195.7143,204.1824,176.5243,237.1487,0.7542,0.6520,0.8743,0.7897
39,2010-10-06,41,45-64,165.2857,172.4833,148.6599,201.1535,0.7836,0.6748,0.9114,0.8261
39,2010-10-06,41,65+,89.7143,93.9306,79.8267,109.7041,0.8544,0.7303,1.0031,0.8992
40,2010-10-07,41,0-5,59.1429,54.9574,46.4619,64.8350,1.1649,0.9865,1.3741,1.2622
40,2010-10-07,41,6-11,54.2857,53.3796,45.0872,63.0738,1.3525,1.1586,1.5771,1.4091
40,2010-10-07,41,12-17,40.7143,41.4882,35.2220,49.0271,1.1794,1.0171,1.3662,1.2420
40,2010-10-07,41,18-44,196.4286,198.5499,171.8777,230.5757,0.7665,0.6613,0.8913,0.8094
40,2010-10-07,41,45-64,164.1429,166.6801,142.6279,194.9940,0.7997,0.6844,0.9299,0.8412
40,2010-10-07,41,65+,90.0000,91.3673,77.7421,106.5363,0.8759,0.7457,1.0229,0.9164
41,2010-10-08,41,0-5,56.8571,54.4406,46.0389,64.5460,1.1709,0.9943,1.3805,1.2309
41,2010-10-08,41,6-11,54.4286,53.2574,44.9827,63.0511,1.3720,1.1802,1.6002,1.4029
41,2010-10-08,41,12-17,37.4286,39.5287,33.5156,46.7000,1.2069,1.0390,1.4011,1.2107
41,2010-10-08,41,18-44,194.0000,192.8610,166.4853,224.4679,0.7802,0.6723,0.9060,0.8002
41,2010-10-08,41,45-64,159.7143,161.3201,138.0464,188.6562,0.8167,0.7000,0.9510,0.8302
41,2010-10-08,41,65+,85.8571,88.9472,75.6244,104.5026,0.8964,0.7642,1.0497,0.8987
42,2010-10-09,41,0-5,51.8571,53.5972,45.3666,63.5064,1.1809,1.0006,1.3933,1.1710
42,2010-10-09,41,6-11,54.8571,53.1971,45.0813,62.9212,1.3918,1.1951,1.6160,1.3983
42,2010-10-09,41,12-17,37.5714,37.9754,32.0017,45.1370,1.2382,1.0646,1.4432,1.2247
42,2010-10-09,41,18-44,188.7143,188.3701,161.4774,219.1513,0.7957,0.6873,0.9230,0.7914
42,2010-10-09,41,45-64,156.5714,156.5628,133.5530,182.4194,0.8352,0.7193,0.9753,0.8290
42,2010-10-09,41,65+,86.1429,87.0665,74.0501,102.1459,0.9198,0.7854,1.0779,0.9035
43,2010-10-10,42,0-5,53.5714,52.6708,44.9174,62.5746,1.1952,1.0123,1.4052,1.1893
43,2010-10-10,42,6-11,54.8571,52.9898,44.9177,62.7405,1.4120,1.2137,1.6376,1.3936
43,2010-10-10,42,12-17,36.1429,36.8311,30.8900,43.8178,1.2706,1.0943,1.4774,1.2103
43,2010-10-10,42,18-44,184.2857,185.1280,157.3976,214.9444,0.8135,0.7012,0.9434,0.7853
43,2010-10-10,42,45-64,149.8571,153.0141,130.4070,178.0956,0.8577,0.7370,1.0021,0.8177
43,2010-10-10,42,65+,84.1429,85.8548,72.6498,100.4140,0.9458,0.8073,1.1129,0.8936
44,2010-10-11,42,0-5,52.0000,51.8179,43.8870,61.8648,1.2094,1.0284,1.4237,1.1762
44,2010-10-11,42,6-11,53.4286,52.8097,44.6220,63.2049,1.4366,1.2389,1.6655,1.3772
44,2010-10-11,42,12-17,35.0000,36.1305,30.0553,43.1434,1.3078,1.1293,1.5152,1.2097
44,2010-10-11,42,18-44,180.1429,182.4874,154.9845,211.7368,0.8320,0.7182,0.9630,0.7834
44,2010-10-11,42,45-64,147.7143,150.5304,128.2797,175.9119,0.8814,0.7591,1.0244,0.8201
44,2010-10-11,42,65+,84.1429,85.3729,72.1105,100.0267,0.9705,0.8303,1.1330,0.9013
45,2010-10-12,42,0-5,50.5714,50.9713,43.1192,60.8499,1.2237,1.0386,1.4453,1.1715
45,2010-10-12,42,6-11,52.8571,52.5928,44.5508,63.3255,1.4605,1.2612,1.6898,1.3811
45,2010-10-12,42,12-17,35.0000,35.6008,29.4850,42.8770,1.3366,1.1523,1.5508,1.2351
45,2010-10-12,42,18-44,176.8571,180.7476,154.1537,209.8101,0.8470,0.7319,0.9827,0.7910
45,2010-10-12,42,45-64,149.2857,149.2842,127.0165,175.4887,0.9001,0.7753,1.0461,0.8345
45,2010-10-12,42,65+,84.0000,85.2931,72.1449,100.6026,0.9893,0.8466,1.1562,0.9167
46,2010-10-13,42,0-5,49.0000,50.0923,42.0284,60.1100,1.2362,1.0550,1.4597,1.1745
46,2010-10-13,42,6-11,50.0000,52.6497,44.3970,62.7311,1.4826,1.2808,1.7209,1.3691
46,2010-10-13,42,12-17,35.0000,35.3488,29.3086,42.5558,1.3615,1.1772,1.5839,1.2598
46,2010-10-13,42,18-44,178.7143,179.4594,153.9008,208.5484,0.8583,0.7429,0.9934,0.8036
46,2010-10-13,42,45-64,149.2857,149.1841,127.5076,175.3283,0.9132,0.7861,1.0630,0.8502
46,2010-10-13,42,65+,84.1429,85.4007,72.7937,100.6548,0.9996,0.8544,1.1729,0.9328
47,2010-10-14,42,0-5,45.4286,49.5823,41.4560,59.2177,1.2431,1.0560,1.4681,1.1463
47,2010-10-14,42,6-11,47.8571,52.7507,44.7457,62.6739,1.4996,1.2903,1.7391,1.3552
47,2010-10-14,42,12-17,35.5714,35.3889,29.3906,42.3975,1.3818,1.1889,1.6032,1.2808
47,2010-10-14,42,18-44,177.2857,179.1101,153.6428,208.3224,0.8653,0.7486,1.0014,0.8048
47,2010-10-14,42,45-64,148.0000,150.5178,128.5350,175.7261,0.9214,0.7941,1.0717,0.8565
47,2010-10-14,42,65+,84.5714,85.5776,72.7624,101.5401,1.0044,0.8622,1.1820,0.9420
48,2010-10-15,42,0-5,47.7143,49.0072,40.9318,58.6420,1.2441,1.0533,1.4694,1.2046
48,2010-10-15,42,6-11,53.0000,53.1901,45.0502,63.2355,1.4995,1.2956,1.7423,1.4507
48,2010-10-15,42,12-17,36.4286,35.6126,29.5289,42.7437,1.3918,1.1991,1.6165,1.3266
48,2010-10-15,42,18-44,177.5714,178.5642,153.4143,207.5729,0.8640,0.7458,1.0042,0.8334
48,2010-10-15,42,45-64,151.2857,152.0102,130.4148,177.3016,0.9197,0.7911,1.0726,0.8851
48,2010-10-15,42,65+,87.2857,85.6984,72.7969,101.1392,0.9986,0.8548,1.1700,0.9771
49,2010-10-16,42,0-5,51.7143,48.6051,40.9460,58.0331,1.2320,1.0454,1.4531,1.2816
49,2010-10-16,42,6-11,54.4286,53.5523,45.2993,63.5580,1.4882,1.2852,1.7258,1.4994
49,2010-10-16,42,12-17,36.2857,36.1377,29.9622,43.3303,1.3904,1.2001,1.6062,1.3489
49,2010-10-16,42,18-44,182.8571,177.8357,152.4399,207.9037,0.8550,0.7404,0.9888,0.8613
49,2010-10-16,42,45-64,153.7143,153.5127,131.7419,178.9461,0.9094,0.7839,1.0574,0.9073
49,2010-10-16,42,65+,88.2857,85.5631,72.8914,100.4848,0.9806,0.8413,1.1460,0.9981
50,2010-10-17,43,0-5,49.0000,48.2706,40.9303,57.5376,1.2124,1.0296,1.4292,1.2522
50,2010-10-17,43,6-11,56.1429,54.0274,45.5715,64.0614,1.4661,1.2632,1.7017,1.5194
50,2010-10-17,43,12-17,37.5714,36.8213,30.5769,44.1378,1.3818,1.1892,1.6029,1.3816
50,2010-10-17,43,18-44,182.1429,177.5733,152.3414,207.1506,0.8396,0.7270,0.9739,0.8680
50,2010-10-17,43,45-64,159.7143,154.8891,133.4318,181.2923,0.8919,0.7674,1.0358,0.9243
50,2010-10-17,43,65+,90.2857,85.1468,72.7006,99.6810,0.9543,0.8162,1.1162,1.0167
51,2010-10-18,43,0-5,48.8571,48.0008,40.4972,57.1047,1.1905,1.0120,1.4022,1.2421
51,2010-10-18,43,6-11,56.5714,54.3769,46.0054,64.2438,1.4356,1.2363,1.6698,1.5100
51,2010-10-18,43,12-17,38.2857,37.6139,31.2401,44.9520,1.3677,1.1773,1.5850,1.3887
51,2010-10-18,43,18-44,180.1429,177.2059,152.3675,206.4094,0.8231,0.7122,0.9544,0.8640
51,2010-10-18,43,45-64,164.7143,155.7060,134.2666,181.2740,0.8724,0.7498,1.0132,0.9240
51,2010-10-18,43,65+,88.0000,84.0378,71.8309,98.4748,0.9292,0.7943,1.0851,1.0045
52,2010-10-19,43,0-5,49.7143,47.6185,40.1344,56.6902,1.1721,0.9962,1.3860,1.2431
52,2010-10-19,43,6-11,56.5714,54.5293,46.1059,64.5599,1.4152,1.2189,1.6510,1.4900
52,2010-10-19,43,12-17,39.2857,38.5711,32.2773,46.2049,1.3596,1.1702,1.5790,1.3751
52,2010-10-19,43,18-44,180.7143,176.8274,152.7723,205.8849,0.8096,0.7017,0.9416,0.8493
52,2010-10-19,43,45-64,159.0000,156.3799,134.3783,182.0657,0.8572,0.7373,0.9933,0.8994
52,2010-10-19,43,65+,85.2857,82.7094,70.9445,97.0436,0.9089,0.7783,1.0602,0.9725
53,2010-10-20,43,0-5,46.1429,47.1885,39.5676,56.1485,1.1612,0.9873,1.3682,1.1852
53,2010-10-20,43,6-11,56.0000,54.6363,46.1397,64.8787,1.4009,1.2055,1.6315,1.4544
53,2010-10-20,43,12-17,39.2857,39.7322,33.2732,47.6728,1.3588,1.1678,1.5769,1.3517
53,2010-10-20,43,18-44,178.1429,177.1385,152.8175,205.4682,0.8018,0.6928,0.9325,0.8274
53,2010-10-20,43,45-64,158.0000,156.7730,134.4669,182.0532,0.8470,0.7294,0.9859,0.8774
53,2010-10-20,43,65+,79.7143,81.3296,69.6865,95.4058,0.8951,0.7681,1.0416,0.9337
54,2010-10-21,43,0-5,49.0000,46.7033,39.3747,55.4810,1.1565,0.9816,1.3643,1.2311
54,2010-10-21,43,6-11,56.1429,54.4400,46.0274,64.6117,1.3995,1.2061,1.6308,1.4667
54,2010-10-21,43,12-17,40.5714,41.0615,34.3624,48.8124,1.3601,1.1685,1.5818,1.3720
54,2010-10-21,43,18-44,181.1429,177.4059,152.6378,206.9766,0.8006,0.6926,0.9322,0.8396
54,2010-10-21,43,45-64,158.2857,156.3257,133.7509,182.0268,0.8449,0.7267,0.9841,0.8854
54,2010-10-21,43,65+,79.5714,79.8795,68.0220,93.6865,0.8883,0.7611,1.0376,0.9405
55,2010-10-22,43,0-5,47.0000,46.2755,38.9698,54.9529,1.1616,0.9888,1.3735,1.1800
55,2010-10-22,43,6-11,52.5714,54.3046,46.0048,64.5693,1.4058,1.2141,1.6381,1.3937
55,2010-10-22,43,12-17,42.1429,42.2337,35.3751,50.1857,1.3664,1.1750,1.5844,1.3578
55,2010-10-22,43,18-44,172.5714,177.3496,152.8699,207.6113,0.8051,0.6980,0.9368,0.8078
55,2010-10-22,43,45-64,153.0000,155.3129,132.5742,181.3833,0.8479,0.7307,0.9869,0.8571
55,2010-10-22,43,65+,78.0000,78.3013,66.7063,91.6340,0.8896,0.7650,1.0355,0.9154
56,2010-10-23,43,0-5,45.1429,45.7971,38.6917,54.7710,1.1778,0.9999,1.3908,1.1478
56,2010-10-23,43,6-11,51.5714,54.1758,45.8417,64.3583,1.4307,1.2339,1.6576,1.3683
56,2010-10-23,43,12-17,42.1429,43.4103,36.2458,51.8109,1.3795,1.1900,1.6002,1.3390
56,2010-10-23,43,18-44,167.2857,177.8786,152.6614,208.5575,0.8193,0.7097,0.9486,0.7909
56,2010-10-23,43,45-64,150.8571,154.6491,132.5890,181.3249,0.8612,0.7422,1.0014,0.8407
56,2010-10-23,43,65+,73.8571,76.9410,65.1392,90.2709,0.9036,0.7758,1.0543,0.8906
57,2010-10-24,44,0-5,44.0000,45.3680,38.2197,53.9648,1.1991,1.0182,1.4150,1.1588
57,2010-10-24,44,6-11,52.0000,54.1323,45.8496,64.3635,1.4578,1.2533,1.6924,1.3984
57,2010-10-24,44,12-17,45.2857,44.3080,37.1253,52.7671,1.3939,1.2019,1.6199,1.3865
57,2010-10-24,44,18-44,172.5714,179.0243,153.5647,210.4421,0.8355,0.7224,0.9711,0.8046
57,2010-10-24,44,45-64,147.2857,154.0138,131.9011,179.3570,0.8781,0.7551,1.0225,0.8479
57,2010-10-24,44,65+,71.2857,75.5009,63.6975,88.8036,0.9234,0.7900,1.0796,0.8885
58,2010-10-25,44,0-5,43.7143,44.9192,37.9269,53.6796,1.2235,1.0417,1.4408,1.1834
58,2010-10-25,44,6-11,51.5714,54.1866,45.8407,64.6112,1.4749,1.2728,1.7149,1.4215
58,2010-10-25,44,12-17,46.0000,44.8074,37.5946,53.7430,1.4048,1.2134,1.6285,1.4024
58,2010-10-25,44,18-44,178.2857,180.0265,154.8388,210.9684,0.8490,0.7348,0.9854,0.8225
58,2010-10-25,44,45-64,144.8571,153.3763,131.3018,178.7959,0.8936,0.7692,1.0382,0.8617
58,2010-10-25,44,65+,72.4286,74.7882,62.9482,87.9873,0.9448,0.8100,1.1029,0.9078
59,2010-10-26,44,0-5,42.7143,44.6771,37.7361,53.2211,1.2461,1.0637,1.4627,1.1953
59,2010-10-26,44,6-11,53.2857,54.4249,46.0844,64.8340,1.4960,1.2920,1.7396,1.4673
59,2010-10-26,44,12-17,47.2857,45.1593,38.0516,53.8347,1.4162,1.2174,1.6423,1.4403
59,2010-10-26,44,18-44,181.2857,181.0872,156.0890,211.4089,0.8634,0.7463,0.9993,0.8458
59,2010-10-26,44,45-64,151.7143,153.0873,131.3170,179.4144,0.9090,0.7823,1.0572,0.8901
59,2010-10-26,44,65+,71.4286,74.3182,62.8666,87.5590,0.9649,0.8258,1.1263,0.9283
60,2010-10-27,44,0-5,44.5714,44.7043,37.5819,53.4199,1.2656,1.0748,1.4859,1.2353
60,2010-10-27,44,6-11,56.7143,54.5899,45.9690,64.7910,1.5093,1.3021,1.7549,1.5216
60,2010-10-27,44,12-17,47.2857,45.3039,38.1340,54.0287,1.4251,1.2262,1.6470,1.4431
60,2010-10-27,44,18-44,182.8571,181.9696,156.4697,212.2397,0.8718,0.7539,1.0120,0.8611
60,2010-10-27,44,45-64,152.7143,153.4303,132.0142,179.6448,0.9173,0.7887,1.0694,0.9042
60,2010-10-27,44,65+,74.7143,74.3332,62.7869,87.8889,0.9780,0.8356,1.1407,0.9556
61,2010-10-28,44,0-5,43.0000,45.0634,37.9082,53.8475,1.2798,1.0890,1.4998,1.2048
61,2010-10-28,44,6-11,54.8571,54.8648,46.4098,65.0306,1.5128,1.3052,1.7500,1.4798
61,2010-10-28,44,12-17,45.8571,45.4051,38.3100,54.0227,1.4260,1.2320,1.6464,1.4066
61,2010-10-28,44,18-44,180.4286,183.1177,157.8360,213.8273,0.8732,0.7581,1.0081,0.8477
61,2010-10-28,44,45-64,153.5714,154.1557,132.6793,180.7233,0.9173,0.7928,1.0642,0.8953
61,2010-10-28,44,65+,74.7143,74.9664,63.6256,88.5637,0.9832,0.8420,1.1512,0.9498
62,2010-10-29,44,0-5,45.5714,45.7034,38.3710,54.7567,1.2754,1.0867,1.4980,1.2576
62,2010-10-29,44,6-11,55.8571,55.2006,46.7687,65.6651,1.4984,1.2915,1.7437,1.5095
62,2010-10-29,44,12-17,44.0000,45.5806,38.4611,54.0663,1.4214,1.2255,1.6485,1.3962
62,2010-10-29,44,18-44,187.1429,184.4952,159.5927,214.5438,0.8626,0.7496,0.9957,0.8694
62,2010-10-29,44,45-64,156.4286,154.9572,133.1659,181.5772,0.9065,0.7853,1.0521,0.9139
62,2010-10-29,44,65+,77.7143,76.0128,64.2989,90.2085,0.9795,0.8384,1.1441,0.9761
63,2010-10-30,44,0-5,46.1429,46.5647,38.8673,56.0017,1.2722,1.0805,1.4985,1.2733
63,2010-10-30,44,6-11,56.1429,55.5985,46.9396,66.3839,1.4895,1.2840,1.7283,1.5223
63,2010-10-30,44,12-17,46.0000,46.0857,38.6553,54.4119,1.4223,1.2274,1.6500,1.4330
63,2010-10-30,44,18-44,192.8571,185.2683,159.9923,215.3142,0.8530,0.7375,0.9868,0.8830
63,2010-10-30,44,45-64,160.2857,155.2500,133.8272,181.2668,0.8980,0.7762,1.0409,0.9268
63,2010-10-30,44,65+,76.8571,77.2780,65.3275,91.4713,0.9774,0.8369,1.1426,0.9784
64,2010-10-31,45,0-5,49.2857,47.7872,39.6000,56.7143,1.2600,1.0705,1.4802,1.2956
64,2010-10-31,45,6-11,55.7143,56.0503,47.2216,67.2459,1.4772,1.2770,1.7152,1.5038
64,2010-10-31,45,12-17,45.2857,46.8403,39.2169,55.2732,1.4253,1.2256,1.6605,1.4118
64,2010-10-31,45,18-44,190.4286,185.2016,159.3553,215.2649,0.8397,0.7286,0.9707,0.8762
64,2010-10-31,45,45-64,160.8571,155.4757,133.9739,180.7105,0.8851,0.7643,1.0250,0.9209
64,2010-10-31,45,65+,80.0000,79.1821,66.7901,94.1554,0.9698,0.8309,1.1339,0.9849
65,2010-11-01,45,0-5,49.8571,48.8609,40.7903,57.9390,1.2401,1.0538,1.4528,1.2834
65,2010-11-01,45,6-11,58.8571,56.7053,47.8090,67.9426,1.4703,1.2657,1.7069,1.5221
65,2010-11-01,45,12-17,46.5714,47.9248,39.8718,56.8417,1.4244,1.2255,1.6589,1.4142
65,2010-11-01,45,18-44,188.1429,184.6473,158.8311,214.9906,0.8256,0.7170,0.9512,0.8660
65,2010-11-01,45,45-64,159.5714,155.3543,133.5509,180.8017,0.8704,0.7531,1.0035,0.9098
65,2010-11-01,45,65+,81.2857,81.1724,68.8555,95.7944,0.9585,0.8207,1.1143,0.9783
66,2010-11-02,45,0-5,51.2857,49.8328,41.9600,59.1565,1.2170,1.0340,1.4303,1.2719
66,2010-11-02,45,6-11,57.1429,57.6226,48.5071,68.1328,1.4659,1.2635,1.7062,1.4760
66,2010-11-02,45,12-17,48.0000,49.3780,41.2825,58.9209,1.4242,1.2244,1.6605,1.4012
66,2010-11-02,45,18-44,185.1429,183.6395,157.8324,213.1883,0.8119,0.7051,0.9370,0.8440
66,2010-11-02,45,45-64,153.7143,154.5975,133.4218,180.0791,0.8571,0.7398,0.9912,0.8840
66,2010-11-02,45,65+,81.5714,82.9838,70.3071,97.8314,0.9464,0.8087,1.1086,0.9564
67,2010-11-03,45,0-5,52.0000,50.6682,42.8985,60.3448,1.1928,1.0107,1.3984,1.2621
67,2010-11-03,45,6-11,54.8571,58.5959,49.3971,69.3359,1.4587,1.2602,1.6914,1.4423
67,2010-11-03,45,12-17,51.0000,51.2640,42.7949,61.0525,1.4200,1.2249,1.6487,1.4278
67,2010-11-03,45,18-44,182.5714,182.1803,156.4458,212.2363,0.7975,0.6946,0.9197,0.8384
67,2010-11-03,45,45-64,153.2857,153.4254,133.0210,178.7490,0.8413,0.7288,0.9731,0.8852
67,2010-11-03,45,65+,86.2857,84.9339,71.8337,99.7416,0.9296,0.7966,1.0891,0.9728
68,2010-11-04,45,0-5,53.0000,51.1460,43.4607,60.7421,1.1787,1.0010,1.3911,1.2616
68,2010-11-04,45,6-11,58.2857,59.8553,50.4124,70.8559,1.4577,1.2557,1.6902,1.4727
68,2010-11-04,45,12-17,51.7143,53.1923,44.6229,63.0234,1.4135,1.2176,1.6481,1.4234
68,2010-11-04,45,18-44,180.2857,180.1496,154.9444,210.8772,0.7879,0.6826,0.9083,0.8338
68,2010-11-04,45,45-64,152.0000,151.8964,131.6482,176.5416,0.8291,0.7160,0.9589,0.8784
68,2010-11-04,45,65+,87.0000,86.2423,73.3058,101.3817,0.9139,0.7794,1.0693,0.9682
69,2010-11-05,45,0-5,51.2857,51.3139,43.4778,60.4418,1.1687,0.9927,1.3792,1.2303
69,2010-11-05,45,6-11,60.2857,61.0904,51.7340,72.3935,1.4506,1.2480,1.6878,1.4864
69,2010-11-05,45,12-17,55.7143,55.0987,46.3331,65.5218,1.4036,1.2041,1.6315,1.4609
69,2010-11-05,45,18-44,178.0000,177.7205,152.5402,207.6585,0.7786,0.6746,0.9013,0.8296
69,2010-11-05,45,45-64,152.0000,150.0471,129.4811,175.3179,0.8177,0.7038,0.9453,0.8789
69,2010-11-05,45,65+,88.8571,86.7487,73.9298,102.0035,0.8962,0.7656,1.0486,0.9721
70,2010-11-06,45,0-5,50.8571,51.3618,43.0821,60.2887,1.1618,0.9864,1.3638,1.2077
70,2010-11-06,45,6-11,63.0000,62.3755,53.0085,73.6408,1.4368,1.2375,1.6675,1.4924
70,2010-11-06,45,12-17,58.2857,56.7502,47.7339,67.3543,1.3870,1.1873,1.6178,1.4625
70,2010-11-06,45,18-44,172.5714,175.6871,151.1941,204.9660,0.7716,0.6698,0.8901,0.8142
70,2010-11-06,45,45-64,149.2857,148.3159,127.2018,173.0089,0.8088,0.6978,0.9355,0.8633
70,2010-11-06,45,65+,88.8571,86.2954,73.9241,101.5849,0.8836,0.7547,1.0297,0.9577
71,2010-11-07,46,0-5,51.0000,51.0916,42.9468,60.5430,1.1591,0.9869,1.3674,1.2021
71,2010-11-07,46,6-11,65.4286,63.5711,54.0524,75.0763,1.4254,1.2345,1.6591,1.4975
71,2010-11-07,46,12-17,59.5714,58.0825,48.8372,68.9178,1.3763,1.1769,1.6099,1.4442
71,2010-11-07,46,18-44,171.7143,173.8830,149.6605,201.9823,0.7701,0.6703,0.8881,0.8019
71,2010-11-07,46,45-64,143.2857,146.5128,125.4040,170.8557,0.8057,0.6976,0.9314,0.8425
71,2010-11-07,46,65+,86.8571,85.5891,73.3455,100.0139,0.8733,0.7477,1.0188,0.9325
72,2010-11-08,46,0-5,51.0000,50.9046,42.8615,60.2879,1.1645,0.9917,1.3708,1.1917
72,2010-11-08,46,6-11,65.4286,64.4248,55.0461,76.0186,1.4194,1.2187,1.6466,1.4732
72,2010-11-08,46,12-17,60.0000,59.0367,49.7285,69.7040,1.3690,1.1724,1.5945,1.4199
72,2010-11-08,46,18-44,168.8571,172.4492,148.4185,200.5464,0.7739,0.6737,0.8933,0.7887
72,2010-11-08,46,45-64,139.7143,144.9852,124.1266,169.7848,0.8093,0.7015,0.9391,0.8273
72,2010-11-08,46,65+,86.1429,84.2772,71.7049,98.8148,0.8696,0.7460,1.0164,0.9186
73,2010-11-09,46,0-5,50.0000,50.5976,42.7449,60.0824,1.1739,0.9940,1.3830,1.1826
73,2010-11-09,46,6-11,66.2857,64.7619,55.0785,76.2838,1.4075,1.2120,1.6387,1.4742
73,2010-11-09,46,12-17,61.7143,59.2653,50.0200,69.8776,1.3600,1.1681,1.5793,1.4341
73,2010-11-09,46,18-44,169.0000,171.7911,147.7656,199.8610,0.7785,0.6753,0.9005,0.7917
73,2010-11-09,46,45-64,142.7143,144.1510,124.0761,168.0545,0.8141,0.7025,0.9452,0.8325
73,2010-11-09,46,65+,83.1429,82.2296,69.7912,96.7193,0.8702,0.7448,1.0174,0.9113
74,2010-11-10,46,0-5,51.2857,50.4305,42.5487,59.9008,1.1885,1.0082,1.4009,1.2024
74,2010-11-10,46,6-11,68.8571,64.5619,54.7574,76.1848,1.3985,1.2039,1.6241,1.4928
74,2010-11-10,46,12-17,60.2857,59.1573,50.1224,69.5769,1.3618,1.1671,1.5863,1.4094
74,2010-11-10,46,18-44,170.4286,171.7551,148.3167,200.5309,0.7869,0.6812,0.9084,0.7939
74,2010-11-10,46,45-64,143.2857,144.4954,124.2014,168.2834,0.8238,0.7089,0.9578,0.8277
74,2010-11-10,46,65+,77.5714,80.2259,68.0272,94.0182,0.8764,0.7507,1.0253,0.8886
75,2010-11-11,46,0-5,49.4286,50.3867,42.5014,59.9812,1.2038,1.0223,1.4184,1.1862
75,2010-11-11,46,6-11,68.1429,63.7705,54.1384,75.1787,1.3979,1.2039,1.6290,1.4793
75,2010-11-11,46,12-17,60.0000,58.8281,50.0078,68.9934,1.3686,1.1778,1.5893,1.4040
75,2010-11-11,46,18-44,173.1429,172.0697,148.5201,201.0387,0.7968,0.6909,0.9205,0.7963
75,2010-11-11,46,45-64,143.8571,144.9140,124.7102,169.3298,0.8364,0.7209,0.9712,0.8316
75,2010-11-11,46,65+,76.4286,78.2566,66.5225,91.7204,0.8880,0.7619,1.0370,0.8896
76,2010-11-12,46,0-5,50.2857,50.5519,42.6522,60.2621,1.2231,1.0389,1.4336,1.1859
76,2010-11-12,46,6-11,63.2857,62.7291,53.2402,73.8887,1.4076,1.2125,1.6303,1.4139
76,2010-11-12,46,12-17,58.5714,58.4088,49.7345,68.8185,1.3830,1.1933,1.6034,1.3727
76,2010-11-12,46,18-44,171.0000,173.1174,149.6014,202.3935,0.8087,0.7006,0.9326,0.7846
76,2010-11-12,46,45-64,142.2857,146.4089,125.1957,171.2535,0.8511,0.7343,0.9862,0.8201
76,2010-11-12,46,65+,74.4286,76.8076,64.8866,90.2369,0.9033,0.7736,1.0539,0.8768
77,2010-11-13,46,0-5,50.2857,50.8895,42.6183,60.7150,1.2397,1.0514,1.4598,1.2008
77,2010-11-13,46,6-11,61.1429,61.7439,52.2856,72.9402,1.4291,1.2327,1.6567,1.4096
77,2010-11-13,46,12-17,57.5714,57.7979,49.2486,68.5230,1.4055,1.2101,1.6367,1.3766
77,2010-11-13,46,18-44,175.5714,174.5106,149.7456,203.2863,0.8226,0.7126,0.9484,0.7988
77,2010-11-13,46,45-64,144.2857,148.2196,126.9471,173.4770,0.8673,0.7477,1.0073,0.8360
77,2010-11-13,46,65+,75.2857,75.8302,63.8337,89.4493,0.9195,0.7899,1.0724,0.8954
78,2010-11-14,47,0-5,50.1429,51.5416,43.2626,61.2447,1.2529,1.0630,1.4733,1.2036
78,2010-11-14,47,6-11,58.1429,60.8492,51.5264,71.9029,1.4551,1.2544,1.6868,1.3932
78,2010-11-14,47,12-17,56.5714,57.4729,49.0745,68.0671,1.4321,1.2306,1.6645,1.3853
78,2010-11-14,47,18-44,175.4286,175.9212,150.0787,205.0644,0.8323,0.7215,0.9618,0.8088
78,2010-11-14,47,45-64,151.5714,150.6792,128.8334,176.5451,0.8787,0.7566,1.0226,0.8547
78,2010-11-14,47,65+,74.7143,75.1315,63.4024,88.7176,0.9336,0.8000,1.0906,0.9098
79,2010-11-15,47,0-5,52.5714,52.3149,43.8894,61.9092,1.2679,1.0783,1.4852,1.2385
79,2010-11-15,47,6-11,58.0000,60.4136,51.1119,71.5699,1.4924,1.2845,1.7343,1.4104
79,2010-11-15,47,12-17,56.7143,57.4710,48.7490,68.0597,1.4661,1.2629,1.7081,1.4016
79,2010-11-15,47,18-44,176.5714,177.0001,151.2006,206.2830,0.8441,0.7316,0.9739,0.8198
79,2010-11-15,47,45-64,155.7143,153.1871,130.8803,178.4594,0.8893,0.7681,1.0347,0.8639
79,2010-11-15,47,65+,71.4286,74.8766,62.9790,88.7590,0.9465,0.8106,1.1056,0.9050
80,2010-11-16,47,0-5,54.0000,52.8654,44.5526,62.8363,1.2685,1.0760,1.4909,1.2605
80,2010-11-16,47,6-11,59.5714,60.5552,51.0246,71.9451,1.5218,1.3112,1.7687,1.4428
80,2010-11-16,47,12-17,54.4286,58.2564,49.0225,68.9211,1.4981,1.2889,1.7485,1.3864
80,2010-11-16,47,18-44,178.0000,177.8884,152.2660,208.6794,0.8496,0.7371,0.9848,0.8283
80,2010-11-16,47,45-64,155.8571,155.6548,132.8435,180.8413,0.8953,0.7719,1.0414,0.8715
80,2010-11-16,47,65+,74.7143,75.1757,63.6812,88.7473,0.9536,0.8147,1.1122,0.9263
81,2010-11-17,47,0-5,55.2857,53.3649,44.9196,63.4764,1.2703,1.0738,1.4917,1.2715
81,2010-11-17,47,6-11,58.2857,61.6598,51.6060,73.0518,1.5579,1.3421,1.8102,1.4420
81,2010-11-17,47,12-17,56.7143,59.1180,49.8942,70.7514,1.5397,1.3204,1.7952,1.4233
81,2010-11-17,47,18-44,178.0000,179.3131,152.8207,210.1546,0.8566,0.7419,0.9893,0.8356
81,2010-11-17,47,45-64,158.8571,156.8808,134.2815,182.2479,0.9005,0.7782,1.0450,0.8840
81,2010-11-17,47,65+,77.2857,75.8090,64.4298,88.8733,0.9578,0.8191,1.1191,0.9453
82,2010-11-18,47,0-5,56.2857,53.7079,45.3586,63.7298,1.2660,1.0783,1.4906,1.2838
82,2010-11-18,47,6-11,60.2857,63.3109,53.1660,74.6845,1.5963,1.3757,1.8575,1.4765
82,2010-11-18,47,12-17,59.4286,61.2409,51.5724,73.0805,1.5791,1.3595,1.8409,1.4606
82,2010-11-18,47,18-44,181.1429,181.3985,154.8009,212.0876,0.8624,0.7485,0.9960,0.8449
82,2010-11-18,47,45-64,159.5714,157.7457,135.0175,184.0403,0.9039,0.7814,1.0492,0.8916
82,2010-11-18,47,65+,78.4286,76.8824,65.3537,89.8095,0.9572,0.8201,1.1160,0.9529
83,2010-11-19,47,0-5,56.1429,54.0933,45.5328,63.6091,1.2626,1.0711,1.4812,1.2879
83,2010-11-19,47,6-11,65.8571,65.5852,55.3814,77.4400,1.6221,1.3982,1.8894,1.5493
83,2010-11-19,47,12-17,66.0000,64.4262,54.1523,76.9035,1.6159,1.3897,1.8910,1.5390
83,2010-11-19,47,18-44,186.4286,183.5598,157.1756,214.4480,0.8642,0.7509,0.9977,0.8596
83,2010-11-19,47,45-64,160.7143,158.7176,135.4845,184.5501,0.9041,0.7837,1.0478,0.9034
83,2010-11-19,47,65+,78.8571,77.6361,66.5619,90.9739,0.9548,0.8190,1.1190,0.9584
84,2010-11-20,47,0-5,55.8571,54.1741,45.7338,63.7618,1.2625,1.0755,1.4833,1.2685
84,2010-11-20,47,6-11,69.2857,68.6247,58.2382,81.4587,1.6434,1.4123,1.9107,1.5631
84,2010-11-20,47,12-17,68.1429,68.3008,57.3373,81.5737,1.6517,1.4159,1.9277,1.5369
84,2010-11-20,47,18-44,185.8571,186.6537,159.5067,217.7012,0.8667,0.7523,0.9996,0.8504
84,2010-11-20,47,45-64,161.0000,159.2866,136.2271,186.2167,0.9046,0.7820,1.0468,0.8933
84,2010-11-20,47,65+,78.7143,78.4766,67.3364,92.2942,0.9526,0.8176,1.1090,0.9467
85,2010-11-21,48,0-5,55.2857,54.2430,45.7188,64.5240,1.2706,1.0855,1.4941,1.2572
85,2010-11-21,48,6-11,75.2857,72.2592,61.6283,85.7951,1.6625,1.4334,1.9324,1.6045
85,2010-11-21,48,12-17,73.1429,73.3905,61.3925,86.9151,1.6775,1.4377,1.9658,1.5607
85,2010-11-21,48,18-44,189.4286,190.5287,162.1654,221.2735,0.8693,0.7539,1.0020,0.8476
85,2010-11-21,48,45-64,157.8571,160.1164,138.0002,188.5164,0.9034,0.7821,1.0456,0.8845
85,2010-11-21,48,65+,79.2857,79.5886,67.9290,94.0667,0.9469,0.8151,1.1025,0.9379
86,2010-11-22,48,0-5,55.4286,54.6670,46.2154,64.9477,1.2927,1.1020,1.5198,1.2608
86,2010-11-22,48,6-11,78.8571,76.6119,65.2270,90.3457,1.6797,1.4501,1.9521,1.6244
86,2010-11-22,48,12-17,78.1429,79.2887,66.6412,93.5549,1.6998,1.4560,1.9858,1.5946
86,2010-11-22,48,18-44,195.0000,194.7870,167.2531,227.5058,0.8713,0.7574,1.0033,0.8577
86,2010-11-22,48,45-64,161.8571,161.6136,138.9800,191.2581,0.9013,0.7796,1.0369,0.8967
86,2010-11-22,48,65+,81.8571,80.6474,68.5059,95.5129,0.9393,0.8066,1.0979,0.9525
87,2010-11-23,48,0-5,57.5714,55.6283,47.5621,66.1629,1.3290,1.1329,1.5597,1.2830
87,2010-11-23,48,6-11,82.2857,81.1358,69.5093,95.6529,1.6993,1.4622,1.9779,1.6404
87,2010-11-23,48,12-17,89.8571,85.9877,72.1323,101.6440,1.7095,1.4662,1.9953,1.6792
87,2010-11-23,48,18-44,201.0000,200.2009,172.1545,234.6247,0.8741,0.7606,1.0062,0.8675
87,2010-11-23,48,45-64,163.5714,163.5809,139.2622,192.6298,0.8972,0.7771,1.0370,0.9053
87,2010-11-23,48,65+,83.8571,81.5242,68.8502,96.2187,0.9323,0.8020,1.0860,0.9592
88,2010-11-24,48,0-5,56.1429,57.7264,49.0812,68.6725,1.3829,1.1714,1.6199,1.2712
88,2010-11-24,48,6-11,89.1429,86.7099,73.9821,102.1541,1.7258,1.4906,2.0077,1.6775
88,2010-11-24,48,12-17,96.0000,93.3196,78.8806,110.3031,1.7256,1.4847,2.0172,1.6905
88,2010-11-24,48,18-44,212.7143,206.6363,176.5113,242.3056,0.8797,0.7652,1.0131,0.8726
88,2010-11-24,48,45-64,164.7143,165.7829,140.7273,195.1498,0.8960,0.7749,1.0321,0.9023
88,2010-11-24,48,65+,81.7143,82.2181,69.4551,96.7958,0.9274,0.7979,1.0801,0.9418
89,2010-11-25,48,0-5,57.1429,61.1773,52.0725,72.8237,1.4557,1.2332,1.7171,1.2541
89,2010-11-25,48,6-11,90.8571,92.8482,79.1696,109.8030,1.7635,1.5142,2.0435,1.6334
89,2010-11-25,48,12-17,98.2857,101.5750,86.2118,119.9144,1.7369,1.4923,2.0293,1.6372
89,2010-11-25,48,18-44,213.1429,213.3596,182.5695,251.3483,0.8858,0.7743,1.0173,0.8509
89,2010-11-25,48,45-64,165.0000,169.1865,143.7065,198.6579,0.8927,0.7755,1.0260,0.8784
89,2010-11-25,48,65+,81.1429,83.1918,70.5284,98.2921,0.9251,0.7985,1.0709,0.9174
90,2010-11-26,48,0-5,58.8571,66.8649,56.9877,78.9597,1.5438,1.3059,1.8231,1.2615
90,2010-11-26,48,6-11,97.5714,99.9194,85.4347,118.9826,1.7999,1.5549,2.1016,1.6578
90,2010-11-26,48,12-17,108.5714,110.2450,94.3571,130.3669,1.7541,1.4960,2.0529,1.6798
90,2010-11-26,48,18-44,217.1429,220.8920,189.0903,261.4247,0.8952,0.7829,1.0278,0.8539
90,2010-11-26,48,45-64,171.1429,172.7961,147.0269,201.8959,0.8897,0.7741,1.0257,0.8817
90,2010-11-26,48,65+,80.2857,84.3438,71.7883,99.6740,0.9197,0.7935,1.0652,0.9111
91,2010-11-27,48,0-5,61.8571,75.1911,63.1906,88.5512,1.6348,1.3820,1.9310,1.2728
91,2010-11-27,48,6-11,100.8571,108.7745,92.9330,128.9975,1.8335,1.5816,2.1364,1.6447
91,2010-11-27,48,12-17,116.2857,120.4266,102.4033,141.3837,1.7553,1.5015,2.0460,1.6863
91,2010-11-27,48,18-44,218.8571,228.4203,195.7788,269.6419,0.9034,0.7889,1.0353,0.8506
91,2010-11-27,48,45-64,176.0000,176.4549,150.3439,205.4187,0.8856,0.7697,1.0197,0.8816
91,2010-11-27,48,65+,84.0000,85.7697,72.9378,101.4764,0.9118,0.7883,1.0567,0.9198
92,2010-11-28,49,0-5,84.2857,86.4749,72.9821,102.3612,1.6834,1.4252,1.9932,1.5106
92,2010-11-28,49,6-11,114.2857,118.8779,101.5373,140.3544,1.8516,1.5917,2.1513,1.7680
92,2010-11-28,49,12-17,128.4286,130.5913,110.8507,154.0586,1.7375,1.4810,2.0426,1.7529
92,2010-11-28,49,18-44,236.4286,237.1675,203.7917,279.6842,0.8991,0.7857,1.0337,0.9046
92,2010-11-28,49,45-64,182.5714,179.7084,152.8717,209.8967,0.8711,0.7584,1.0045,0.9138
92,2010-11-28,49,65+,88.8571,86.8108,73.7851,102.5823,0.8931,0.7710,1.0364,0.9547
93,2010-11-29,49,0-5,105.0000,99.8735,83.9106,118.0453,1.6888,1.4319,1.9984,1.6718
93,2010-11-29,49,6-11,133.5714,130.1031,111.4410,153.8457,1.8481,1.5839,2.1603,1.8928
93,2010-11-29,49,12-17,146.8571,141.0613,119.9936,166.6686,1.7103,1.4702,2.0037,1.8322
93,2010-11-29,49,18-44,255.1429,246.3179,211.3699,289.8775,0.8878,0.7755,1.0158,0.9397
93,2010-11-29,49,45-64,186.0000,182.6176,155.2166,213.2691,0.8536,0.7429,0.9811,0.9282
93,2010-11-29,49,65+,91.8571,87.6122,74.6775,103.7801,0.8682,0.7498,1.0049,0.9648
94,2010-11-30,49,0-5,122.4286,115.0201,97.2576,136.7742,1.6490,1.3981,1.9462,1.7072
94,2010-11-30,49,6-11,150.0000,142.6723,122.3637,168.5903,1.8155,1.5589,2.1160,1.9111
94,2010-11-30,49,12-17,160.2857,151.2442,129.8491,178.1561,1.6734,1.4330,1.9600,1.8185
94,2010-11-30,49,18-44,264.8571,256.2621,219.8009,299.7627,0.8640,0.7579,0.9866,0.9255
94,2010-11-30,49,45-64,188.5714,185.9237,158.9416,216.3758,0.8288,0.7224,0.9531,0.9014
94,2010-11-30,49,65+,88.8571,88.1706,75.4825,104.0786,0.8370,0.7239,0.9687,0.9232
95,2010-12-01,49,0-5,143.0000,131.1714,111.6361,154.7874,1.5858,1.3493,1.8870,1.7212
95,2010-12-01,49,6-11,161.0000,156.6022,133.7343,185.0936,1.7737,1.5190,2.0697,1.8655
95,2010-12-01,49,12-17,168.5714,161.8343,138.4226,190.4452,1.6387,1.4034,1.9252,1.7589
95,2010-12-01,49,18-44,272.1429,269.0243,230.1938,313.1504,0.8406,0.7334,0.9637,0.9015
95,2010-12-01,49,45-64,192.1429,190.2673,164.2205,222.3317,0.8059,0.6989,0.9283,0.8734
95,2010-12-01,49,65+,91.1429,88.6967,75.6213,104.7638,0.8079,0.6989,0.9356,0.8994
96,2010-12-02,49,0-5,149.5714,146.9650,125.5134,173.2070,1.5104,1.2772,1.7808,1.6101
96,2010-12-02,49,6-11,166.1429,170.4178,146.0447,202.8517,1.7335,1.4856,2.0337,1.7648
96,2010-12-02,49,12-17,172.0000,172.6097,147.9406,202.4050,1.6107,1.3799,1.8877,1.6687
96,2010-12-02,49,18-44,277.7143,283.6717,244.0331,330.9813,0.8155,0.7146,0.9362,0.8557
96,2010-12-02,49,45-64,194.1429,196.5338,168.3296,230.5119,0.7843,0.6837,0.9007,0.8330
96,2010-12-02,49,65+,91.1429,89.2095,75.7672,104.7014,0.7805,0.6764,0.9013,0.8594
97,2010-12-03,49,0-5,174.1429,160.7160,137.4933,189.6190,1.4344,1.2161,1.6925,1.6735
97,2010-12-03,49,6-11,190.8571,184.7589,157.9657,219.4651,1.7134,1.4653,1.9991,1.8428
97,2010-12-03,49,12-17,185.5714,183.1194,156.4469,215.7740,1.6037,1.3699,1.8813,1.6959
97,2010-12-03,49,18-44,301.2857,300.4615,257.5125,351.8889,0.7993,0.6996,0.9161,0.8766
97,2010-12-03,49,45-64,205.5714,203.2385,173.6850,238.3169,0.7716,0.6709,0.8847,0.8467
97,2010-12-03,49,65+,94.1429,89.4484,76.0957,105.5926,0.7606,0.6589,0.8779,0.8685
98,2010-12-04,49,0-5,189.5714,171.9411,146.1726,200.9190,1.3761,1.1676,1.6277,1.6568
98,2010-12-04,49,6-11,210.7143,199.7371,170.4380,235.7561,1.6949,1.4569,1.9860,1.8554
98,2010-12-04,49,12-17,195.7143,194.5290,166.1311,229.0756,1.6137,1.3798,1.9093,1.6785
98,2010-12-04,49,18-44,329.4286,319.6143,273.2629,373.1923,0.7895,0.6897,0.9093,0.8711
98,2010-12-04,49,45-64,207.4286,210.5953,179.9558,246.1840,0.7639,0.6641,0.8811,0.8304
98,2010-12-04,49,65+,90.8571,89.7806,76.4815,106.3453,0.7469,0.6458,0.8621,0.8361
99,2010-12-05,50,0-5,184.8571,179.2206,153.2304,209.9212,1.3432,1.1398,1.5813,1.5155
99,2010-12-05,50,6-11,218.5714,215.4485,183.9162,252.9403,1.7068,1.4637,2.0077,1.7723
99,2010-12-05,50,12-17,206.0000,206.5951,177.5670,243.4740,1.6462,1.3969,1.9481,1.6505
99,2010-12-05,50,18-44,342.1429,340.8303,291.9797,398.7767,0.7920,0.6909,0.9070,0.8366
99,2010-12-05,50,45-64,218.4286,219.0842,186.9637,255.3644,0.7676,0.6669,0.8811,0.8071
99,2010-12-05,50,65+,86.2857,90.1683,76.8201,106.8986,0.7435,0.6444,0.8559,0.7962
100,2010-12-06,50,0-5,182.8571,184.6134,157.3109,215.5727,1.3473,1.1421,1.5942,1.4240
100,2010-12-06,50,6-11,229.5714,232.9075,198.2719,272.9028,1.7494,1.5020,2.0439,1.7194
100,2010-12-06,50,12-17,213.5714,222.2990,190.5861,261.2214,1.7106,1.4531,2.0072,1.6138
100,2010-12-06,50,18-44,354.0000,365.6397,313.1090,428.1384,0.8081,0.7040,0.9302,0.8098
100,2010-12-06,50,45-64,227.0000,228.0626,195.0783,265.0037,0.7822,0.6775,0.9009,0.7854
100,2010-12-06,50,65+,82.7143,91.0704,77.0127,107.3639,0.7506,0.6500,0.8644,0.7632
101,2010-12-07,50,0-5,181.2857,188.7979,161.8120,220.0845,1.3836,1.1781,1.6341,1.3789
101,2010-12-07,50,6-11,243.2857,252.7544,214.8321,295.0933,1.8194,1.5645,2.1336,1.7149
101,2010-12-07,50,12-17,236.5714,242.1753,206.4398,284.9810,1.7943,1.5231,2.1010,1.6597
101,2010-12-07,50,18-44,376.7143,394.1587,338.2739,457.7351,0.8420,0.7357,0.9684,0.8095
101,2010-12-07,50,45-64,232.8571,238.3735,203.4620,278.5685,0.8109,0.7062,0.9324,0.7898
101,2010-12-07,50,65+,89.5714,92.2589,77.8774,109.0146,0.7685,0.6673,0.8850,0.7754
102,2010-12-08,50,0-5,179.5714,193.1017,165.2755,224.7922,1.4476,1.2331,1.7015,1.3543
102,2010-12-08,50,6-11,265.1429,275.2115,233.3397,321.0406,1.9222,1.6470,2.2316,1.7479
102,2010-12-08,50,12-17,263.2857,266.9601,227.4625,313.3221,1.9017,1.6232,2.2138,1.7153
102,2010-12-08,50,18-44,404.1429,426.1941,367.3816,496.0173,0.8907,0.7751,1.0255,0.8183
102,2010-12-08,50,45-64,243.2857,249.9118,212.7838,292.3593,0.8525,0.7411,0.9799,0.7999
102,2010-12-08,50,65+,93.4286,93.8240,78.7978,110.3308,0.7951,0.6894,0.9149,0.7830
103,2010-12-09,50,0-5,180.8571,198.9275,170.1754,234.0786,1.5382,1.3110,1.8036,1.3276
103,2010-12-09,50,6-11,278.8571,302.5310,256.7199,352.6552,2.0379,1.7534,2.3682,1.7201
103,2010-12-09,50,12-17,274.7143,299.0488,253.9246,350.0743,2.0158,1.7277,2.3733,1.6735
103,2010-12-09,50,18-44,420.5714,467.5590,401.4794,546.7676,0.9483,0.8268,1.0960,0.8017
103,2010-12-09,50,45-64,246.7143,264.6072,224.7242,309.8929,0.8989,0.7837,1.0348,0.7799
103,2010-12-09,50,65+,93.8571,95.5279,80.7727,113.0954,0.8239,0.7186,0.9472,0.7612
104,2010-12-10,50,0-5,197.2857,207.8535,178.5589,244.3054,1.6228,1.3855,1.9047,1.4508
104,2010-12-10,50,6-11,338.0000,335.8302,286.4847,392.6357,2.1443,1.8418,2.5083,1.9407
104,2010-12-10,50,12-17,340.2857,339.3093,292.4090,396.8068,2.1267,1.8096,2.5088,1.8992
104,2010-12-10,50,18-44,506.1429,521.3072,446.1649,607.7308,1.0038,0.8683,1.1599,0.8893
104,2010-12-10,50,45-64,275.4286,281.9166,239.1416,328.7339,0.9438,0.8202,1.0855,0.8522
104,2010-12-10,50,65+,94.2857,97.4787,82.2919,115.0844,0.8508,0.7413,0.9758,0.8013
105,2010-12-11,50,0-5,217.2857,220.1213,189.4313,259.4501,1.6917,1.4410,1.9859,1.5375
105,2010-12-11,50,6-11,381.2857,378.3429,323.9699,442.9322,2.2269,1.9201,2.5892,2.0318
105,2010-12-11,50,12-17,393.7143,389.9104,335.3340,455.8951,2.2145,1.8976,2.5879,1.9981
105,2010-12-11,50,18-44,586.0000,587.7394,502.3806,686.1349,1.0454,0.9078,1.2079,0.9399
105,2010-12-11,50,45-64,304.8571,302.3650,258.3161,353.9274,0.9765,0.8495,1.1233,0.8944
105,2010-12-11,50,65+,101.8571,99.8845,84.6698,117.4989,0.8691,0.7564,0.9969,0.8343
106,2010-12-12,51,0-5,239.5714,236.5397,204.0216,280.5750,1.7361,1.4762,2.0432,1.5978
106,2010-12-12,51,6-11,418.8571,428.4293,366.2985,502.9848,2.2863,1.9644,2.6766,2.0567
106,2010-12-12,51,12-17,439.4286,455.6876,390.4800,530.9014,2.2518,1.9351,2.6198,2.0115
106,2010-12-12,51,18-44,684.2857,669.9340,575.9640,786.1459,1.0716,0.9296,1.2481,0.9680
106,2010-12-12,51,45-64,331.5714,331.2461,283.1251,387.4435,0.9930,0.8650,1.1455,0.9086
106,2010-12-12,51,65+,104.1429,103.0127,87.4986,120.6662,0.8740,0.7625,1.0013,0.8328
107,2010-12-13,51,0-5,260.4286,258.4981,222.7695,306.1783,1.7475,1.4938,2.0560,1.6464
107,2010-12-13,51,6-11,481.8571,489.8905,415.6160,576.8170,2.3152,1.9976,2.6805,2.1453
107,2010-12-13,51,12-17,536.4286,532.9141,458.0577,624.0220,2.2601,1.9246,2.6363,2.1493
107,2010-12-13,51,18-44,808.4286,774.4052,661.6667,911.7060,1.0776,0.9363,1.2511,1.0151
107,2010-12-13,51,45-64,378.0000,367.9039,314.4850,433.0674,0.9935,0.8655,1.1457,0.9503
107,2010-12-13,51,65+,111.8571,107.6739,91.0851,126.5362,0.8654,0.7569,0.9894,0.8569
108,2010-12-14,51,0-5,291.2857,285.0416,246.1106,338.4663,1.7389,1.4844,2.0422,1.7107
108,2010-12-14,51,6-11,584.4286,566.9548,483.6149,664.0538,2.3030,1.9865,2.6889,2.2843
108,2010-12-14,51,12-17,651.2857,625.4713,544.1907,727.3941,2.2376,1.9144,2.6209,2.2672
108,2010-12-14,51,18-44,961.5714,900.6691,765.5040,1065.8861,1.0719,0.9260,1.2379,1.0650
108,2010-12-14,51,45-64,440.7143,413.1873,356.4915,488.6817,0.9835,0.8543,1.1282,0.9910
108,2010-12-14,51,65+,118.2857,114.0252,96.5340,134.1296,0.8499,0.7429,0.9687,0.8757
109,2010-12-15,51,0-5,327.4286,317.2470,272.9023,377.8451,1.7215,1.4692,2.0077,1.7120
109,2010-12-15,51,6-11,671.0000,657.8842,563.4774,770.0431,2.2771,1.9670,2.6705,2.2731
109,2010-12-15,51,12-17,745.5714,730.4607,634.5221,847.9512,2.1962,1.8754,2.5513,2.2251
109,2010-12-15,51,18-44,1089.1429,1048.5922,889.5469,1238.8825,1.0580,0.9174,1.2236,1.0514
109,2010-12-15,51,45-64,488.1429,469.7158,403.1974,554.0146,0.9674,0.8429,1.1111,0.9701
109,2010-12-15,51,65+,123.8571,122.5808,103.5274,144.2081,0.8304,0.7284,0.9482,0.8483
110,2010-12-16,51,0-5,351.8571,357.0663,306.2718,424.1988,1.6928,1.4458,1.9772,1.6067
110,2010-12-16,51,6-11,717.1429,759.5599,651.7827,892.2674,2.2326,1.9250,2.6015,2.0980
110,2010-12-16,51,12-17,782.8571,853.8365,739.0169,986.6087,2.1343,1.8165,2.4841,2.0141
110,2010-12-16,51,18-44,1143.4286,1228.8167,1044.7836,1440.0723,1.0385,0.9011,1.2019,0.9644
110,2010-12-16,51,45-64,503.0000,540.4563,462.3766,637.0557,0.9466,0.8245,1.0871,0.8828
110,2010-12-16,51,65+,126.1429,133.4919,113.7714,155.7952,0.8104,0.7109,0.9222,0.7717
111,2010-12-17,51,0-5,407.5714,402.4722,344.8411,474.7576,1.6438,1.4049,1.9223,1.7184
111,2010-12-17,51,6-11,881.7143,877.9402,756.0913,1028.6590,2.1511,1.8451,2.4915,2.2837
111,2010-12-17,51,12-17,966.0000,980.7545,845.1529,1134.7159,2.0218,1.7457,2.3546,2.1947
111,2010-12-17,51,18-44,1413.0000,1432.7562,1225.9666,1683.7535,1.0063,0.8715,1.1661,1.0515
111,2010-12-17,51,45-64,621.2857,622.0743,532.5798,728.7901,0.9150,0.7957,1.0525,0.9644
111,2010-12-17,51,65+,146.5714,147.0116,125.0345,172.0521,0.7821,0.6850,0.8922,0.8357
112,2010-12-18,51,0-5,458.1429,451.3002,385.2351,529.7334,1.5684,1.3410,1.8408,1.7427
112,2010-12-18,51,6-11,1012.4286,996.6945,861.1033,1165.6504,2.0181,1.7310,2.3571,2.3076
112,2010-12-18,51,12-17,1096.8571,1104.2740,943.6878,1270.1515,1.8671,1.6064,2.1858,2.1956
112,2010-12-18,51,18-44,1674.4286,1652.6143,1416.5984,1934.4876,0.9546,0.8258,1.1081,1.0727
112,2010-12-18,51,45-64,716.1429,708.0607,605.6788,827.2520,0.8663,0.7520,0.9973,0.9798
112,2010-12-18,51,65+,161.7143,161.4540,137.2012,189.1037,0.7415,0.6481,0.8464,0.8429
113,2010-12-19,52,0-5,507.5714,501.6222,428.3588,587.3413,1.4884,1.2734,1.7472,1.7385
113,2010-12-19,52,6-11,1147.5714,1106.4524,950.4909,1286.4027,1.8718,1.6028,2.1810,2.3005
113,2010-12-19,52,12-17,1254.7143,1208.8553,1037.8422,1382.4372,1.7062,1.4684,1.9891,2.1969
113,2010-12-19,52,18-44,1973.0000,1874.1062,1609.5623,2184.6902,0.8945,0.7750,1.0354,1.0836
113,2010-12-19,52,45-64,828.2857,795.1206,685.9950,927.0522,0.8092,0.7034,0.9302,0.9898
113,2010-12-19,52,65+,183.2857,176.3684,150.5950,207.1610,0.6938,0.6069,0.7910,0.8489
114,2010-12-20,52,0-5,566.2857,553.3633,474.4931,642.3274,1.4136,1.2008,1.6591,1.7045
114,2010-12-20,52,6-11,1253.0000,1203.2680,1040.0609,1394.4099,1.7212,1.4846,2.0079,2.2137
114,2010-12-20,52,12-17,1351.1429,1291.9080,1104.8414,1471.2122,1.5330,1.3166,1.8001,2.0948
114,2010-12-20,52,18-44,2232.1429,2091.8154,1800.8908,2432.6498,0.8344,0.7180,0.9717,1.0579
114,2010-12-20,52,45-64,938.8571,880.7785,762.0635,1023.7096,0.7532,0.6515,0.8712,0.9662
114,2010-12-20,52,65+,205.4286,191.5852,163.5015,225.1178,0.6487,0.5660,0.7435,0.8304
115,2010-12-21,52,0-5,642.1429,607.9783,524.6461,706.4642,1.3545,1.1500,1.5916,1.6700
115,2010-12-21,52,6-11,1339.8571,1276.9840,1101.9665,1487.7807,1.5829,1.3632,1.8506,2.1023
115,2010-12-21,52,12-17,1407.7143,1328.4264,1140.7213,1515.7360,1.3898,1.1979,1.6199,1.9580
115,2010-12-21,52,18-44,2452.8571,2296.4270,1979.6740,2664.9299,0.7872,0.6753,0.9227,1.0142
115,2010-12-21,52,45-64,1022.8571,968.5380,834.0496,1121.7408,0.7104,0.6122,0.8252,0.9212
115,2010-12-21,52,65+,221.0000,208.2747,177.0242,244.1094,0.6153,0.5365,0.7068,0.7916
116,2010-12-22,52,0-5,648.4286,664.0945,574.7956,772.5348,1.3196,1.1224,1.5450,1.4811
116,2010-12-22,52,6-11,1307.2857,1322.9861,1142.6991,1527.6149,1.4865,1.2817,1.7298,1.8386
116,2010-12-22,52,12-17,1332.4286,1318.9307,1142.7840,1499.7768,1.2642,1.0941,1.4699,1.6905
116,2010-12-22,52,18-44,2422.4286,2475.5181,2134.7279,2879.1620,0.7574,0.6526,0.8803,0.8897
116,2010-12-22,52,45-64,1013.2857,1051.6298,902.3700,1222.8864,0.6832,0.5903,0.7900,0.8062
116,2010-12-22,52,65+,213.2857,224.2066,192.5040,263.4106,0.5962,0.5200,0.6828,0.6912
117,2010-12-23,52,0-5,685.0000,722.3267,625.4947,840.3718,1.3041,1.1114,1.5362,1.4117
117,2010-12-23,52,6-11,1327.2857,1334.4207,1157.6174,1533.3942,1.4118,1.2121,1.6502,1.7295
117,2010-12-23,52,12-17,1316.0000,1279.8981,1109.0384,1451.1257,1.1723,1.0095,1.3610,1.5765
117,2010-12-23,52,18-44,2475.8571,2640.2892,2274.5835,3077.5526,0.7413,0.6401,0.8653,0.8389
117,2010-12-23,52,45-64,1044.2857,1130.5484,978.7081,1314.8722,0.6706,0.5805,0.7773,0.7596
117,2010-12-23,52,65+,217.4286,240.7473,206.7834,283.1263,0.5907,0.5159,0.6765,0.6515
118,2010-12-24,52,0-5,769.1429,780.4872,675.9026,904.5775,1.3014,1.1111,1.5294,1.4572
118,2010-12-24,52,6-11,1315.4286,1317.6482,1145.6633,1514.9244,1.3578,1.1674,1.5804,1.6921
118,2010-12-24,52,12-17,1227.2857,1195.4987,1044.6745,1366.8699,1.1132,0.9649,1.2938,1.5040
118,2010-12-24,52,18-44,2703.0000,2785.2957,2390.6256,3238.5771,0.7378,0.6328,0.8568,0.8543
118,2010-12-24,52,45-64,1157.8571,1199.6407,1033.8552,1395.8253,0.6708,0.5782,0.7754,0.7757
118,2010-12-24,52,65+,248.2857,256.3899,220.2249,299.7362,0.5957,0.5189,0.6818,0.6750
119,2010-12-25,52,0-5,823.2857,831.4239,720.1121,972.1570,1.3108,1.1131,1.5422,1.4442
119,2010-12-25,52,6-11,1281.2857,1276.7977,1105.3370,1467.1022,1.3244,1.1408,1.5356,1.6261
119,2010-12-25,52,12-17,1132.1429,1094.3942,954.1180,1248.3093,1.0777,0.9348,1.2442,1.4223
119,2010-12-25,52,18-44,2812.0000,2890.3834,2477.1011,3361.9632,0.7427,0.6371,0.8636,0.8402
119,2010-12-25,52,45-64,1218.5714,1257.3596,1082.9454,1459.9171,0.6795,0.5846,0.7875,0.7641
119,2010-12-25,52,65+,259.4286,269.8033,230.3035,316.0033,0.6085,0.5293,0.6967,0.6673
120,2010-12-26,1,0-5,882.0000,879.9302,762.1297,1026.5608,1.3224,1.1274,1.5638,1.4320
120,2010-12-26,1,6-11,1212.7143,1218.6634,1055.2865,1407.2547,1.3020,1.1208,1.5131,1.5502
120,2010-12-26,1,12-17,978.7143,979.9159,855.8687,1116.4132,1.0565,0.9167,1.2246,1.3188
120,2010-12-26,1,18-44,2876.2857,2971.4321,2584.0774,3441.3145,0.7522,0.6463,0.8834,0.8233
120,2010-12-26,1,45-64,1274.1429,1305.9411,1133.6934,1514.6991,0.6936,0.5952,0.8101,0.7511
120,2010-12-26,1,65+,276.1429,283.6403,242.3070,329.8304,0.6266,0.5435,0.7218,0.6629
121,2010-12-27,1,0-5,920.1429,924.0586,805.2574,1076.9260,1.3358,1.1316,1.5755,1.4056
121,2010-12-27,1,6-11,1125.7143,1142.0112,995.1410,1315.6128,1.2837,1.1039,1.4967,1.4756
121,2010-12-27,1,12-17,824.0000,864.8042,752.7241,988.0807,1.0455,0.9051,1.2033,1.2238
121,2010-12-27,1,18-44,2918.0000,3035.1948,2632.5549,3499.3897,0.7621,0.6547,0.8918,0.8045
121,2010-12-27,1,45-64,1299.8571,1349.8248,1168.6015,1560.8828,0.7079,0.6084,0.8239,0.7353
121,2010-12-27,1,65+,284.8571,296.3937,254.1164,344.9539,0.6454,0.5593,0.7409,0.6529
122,2010-12-28,1,0-5,972.7143,966.3337,840.5754,1122.1204,1.3514,1.1449,1.5880,1.4281
122,2010-12-28,1,6-11,1034.8571,1060.6773,927.7330,1221.2679,1.2761,1.0993,1.4802,1.4493
122,2010-12-28,1,12-17,685.7143,755.8495,661.7207,862.6091,1.0380,0.9010,1.1976,1.1827
122,2010-12-28,1,18-44,3073.5714,3070.5646,2664.8270,3532.3392,0.7738,0.6626,0.9058,0.8241
122,2010-12-28,1,45-64,1398.0000,1384.3376,1197.2441,1606.4106,0.7230,0.6213,0.8436,0.7588
122,2010-12-28,1,65+,304.2857,309.5915,264.3399,358.9161,0.6642,0.5766,0.7642,0.6771
123,2010-12-29,1,0-5,1007.1429,1003.9440,869.5692,1162.3773,1.3551,1.1483,1.5912,1.4141
123,2010-12-29,1,6-11,987.2857,976.9277,857.5037,1125.8032,1.2652,1.0872,1.4682,1.4275
123,2010-12-29,1,12-17,640.2857,656.9271,577.4431,754.7427,1.0351,0.8964,1.1920,1.1760
123,2010-12-29,1,18-44,3077.5714,3092.5493,2678.4281,3554.3292,0.7797,0.6667,0.9114,0.8174
123,2010-12-29,1,45-64,1403.7143,1412.6175,1222.0772,1642.1200,0.7352,0.6311,0.8566,0.7553
123,2010-12-29,1,65+,319.5714,322.2539,275.7444,372.9498,0.6809,0.5907,0.7829,0.6787
124,2010-12-30,1,0-5,1027.5714,1034.2517,896.1519,1197.8730,1.3516,1.1478,1.5886,1.3987
124,2010-12-30,1,6-11,941.8571,894.9459,782.8601,1034.6756,1.2519,1.0761,1.4529,1.4146
124,2010-12-30,1,12-17,614.0000,568.9437,502.3671,653.7058,1.0296,0.8904,1.1892,1.1876
124,2010-12-30,1,18-44,3090.5714,3082.7114,2669.2222,3566.2115,0.7807,0.6681,0.9165,0.8152
124,2010-12-30,1,45-64,1413.1429,1430.7087,1242.2663,1668.2955,0.7418,0.6356,0.8681,0.7562
124,2010-12-30,1,65+,327.4286,334.6560,287.0513,389.5651,0.6913,0.5991,0.7983,0.6800
125,2010-12-31,1,0-5,1058.4286,1061.8910,913.6636,1226.4420,1.3429,1.1374,1.5771,1.3846
125,2010-12-31,1,6-11,801.2857,820.1678,716.5280,951.1751,1.2421,1.0732,1.4372,1.3314
125,2010-12-31,1,12-17,480.1429,494.8661,435.2183,568.3519,1.0227,0.8860,1.1804,1.1064
125,2010-12-31,1,18-44,3049.4286,3063.0837,2641.5786,3546.5953,0.7771,0.6684,0.9108,0.8032
125,2010-12-31,1,45-64,1448.1429,1448.6477,1250.6195,1680.5492,0.7434,0.6393,0.8658,0.7526
125,2010-12-31,1,65+,351.5714,346.2896,299.0119,404.3144,0.6963,0.6042,0.8011,0.6884
126,2011-01-01,1,0-5,1082.0000,1083.4422,936.6791,1250.6149,1.3189,1.1198,1.5556,1.3808
126,2011-01-01,1,6-11,719.7143,752.5995,654.4839,874.6844,1.2274,1.0609,1.4222,1.2992
126,2011-01-01,1,12-17,408.2857,432.2178,377.9180,497.0251,1.0120,0.8781,1.1653,1.0772
126,2011-01-01,1,18-44,3027.1429,3015.8060,2612.5156,3497.0695,0.7667,0.6597,0.8960,0.8021
126,2011-01-01,1,45-64,1470.7143,1455.6277,1262.3620,1680.6866,0.7370,0.6322,0.8589,0.7563
126,2011-01-01,1,65+,364.4286,357.5934,310.0356,414.6847,0.6930,0.6005,0.7973,0.6965
127,2011-01-02,2,0-5,1086.4286,1096.8834,949.2953,1265.9370,1.2895,1.0917,1.5215,1.3615
127,2011-01-02,2,6-11,665.5714,693.7072,599.2726,802.4328,1.2136,1.0491,1.4042,1.2787
127,2011-01-02,2,12-17,366.7143,379.8597,329.8982,437.9521,0.9950,0.8638,1.1456,1.0661
127,2011-01-02,2,18-44,2942.0000,2943.1935,2559.2045,3426.1132,0.7504,0.6455,0.8743,0.7951
127,2011-01-02,2,45-64,1479.7143,1461.0286,1268.9719,1688.0765,0.7237,0.6217,0.8427,0.7555
127,2011-01-02,2,65+,372.4286,366.6118,317.9084,425.2248,0.6840,0.5927,0.7886,0.6995
128,2011-01-03,2,0-5,1107.8571,1100.8077,953.7121,1272.7237,1.2525,1.0562,1.4776,1.3623
128,2011-01-03,2,6-11,620.8571,644.2046,557.4466,743.0705,1.1911,1.0260,1.3838,1.2699
128,2011-01-03,2,12-17,330.2857,337.5817,293.6480,387.1691,0.9708,0.8396,1.1200,1.0585
128,2011-01-03,2,18-44,2869.2857,2847.2994,2476.7981,3321.6672,0.7275,0.6212,0.8517,0.7931
128,2011-01-03,2,45-64,1477.1429,1450.5669,1259.5436,1674.1051,0.7028,0.5998,0.8212,0.7566
128,2011-01-03,2,65+,378.4286,371.3402,322.3219,432.3387,0.6670,0.5750,0.7708,0.7036
129,2011-01-04,2,0-5,1083.1429,1094.4518,949.5152,1263.7147,1.2042,1.0206,1.4248,1.3016
129,2011-01-04,2,6-11,564.5714,601.6910,521.6053,692.6295,1.1577,0.9981,1.3415,1.2070
129,2011-01-04,2,12-17,276.8571,302.5188,262.6686,348.5004,0.9413,0.8155,1.0855,0.9900
129,2011-01-04,2,18-44,2629.2857,2728.4277,2390.2574,3154.5143,0.6982,0.5991,0.8151,0.7504
129,2011-01-04,2,45-64,1393.5714,1423.9604,1242.1437,1635.8121,0.6758,0.5785,0.7902,0.7187
129,2011-01-04,2,65+,374.1429,373.3926,320.6402,434.0260,0.6433,0.5556,0.7438,0.6764
130,2011-01-05,2,0-5,1117.7143,1076.1739,936.2403,1235.5050,1.1511,0.9726,1.3586,1.3638
130,2011-01-05,2,6-11,576.8571,564.7112,490.0247,648.0007,1.1159,0.9613,1.2975,1.2932
130,2011-01-05,2,12-17,280.8571,273.0377,237.0317,314.2224,0.9020,0.7800,1.0408,1.0688
130,2011-01-05,2,18-44,2714.4286,2588.2362,2259.3606,2981.4687,0.6637,0.5691,0.7724,0.7986
130,2011-01-05,2,45-64,1461.7143,1378.7554,1203.1753,1583.9651,0.6425,0.5506,0.7499,0.7688
130,2011-01-05,2,65+,393.2857,369.9254,318.4877,430.1890,0.6153,0.5311,0.7116,0.7228
131,2011-01-06,2,0-5,1089.0000,1047.2100,907.6754,1201.6935,1.0995,0.9295,1.3041,1.3421
131,2011-01-06,2,6-11,557.1429,531.5523,461.4405,611.9041,1.0743,0.9257,1.2471,1.2960
131,2011-01-06,2,12-17,270.0000,247.9433,214.0716,286.0686,0.8624,0.7454,0.9949,1.0771
131,2011-01-06,2,18-44,2644.2857,2426.2706,2119.1644,2781.3282,0.6300,0.5396,0.7368,0.7947
131,2011-01-06,2,45-64,1431.1429,1321.8707,1147.4065,1520.1765,0.6122,0.5228,0.7168,0.7667
131,2011-01-06,2,65+,386.4286,362.8034,312.0609,421.3138,0.5906,0.5091,0.6863,0.7196
132,2011-01-07,2,0-5,1022.0000,1010.0124,874.3967,1165.5666,1.0571,0.8890,1.2548,1.2450
132,2011-01-07,2,6-11,519.2857,501.0017,435.1842,576.0503,1.0390,0.8925,1.2042,1.2128
132,2011-01-07,2,12-17,234.0000,225.6272,195.7142,261.4877,0.8294,0.7171,0.9577,0.9870
132,2011-01-07,2,18-44,2351.8571,2253.7644,1968.2309,2570.4332,0.6025,0.5168,0.7029,0.7282
132,2011-01-07,2,45-64,1287.0000,1250.9663,1087.6139,1436.5171,0.5869,0.5016,0.6863,0.7009
132,2011-01-07,2,65+,349.1429,352.1889,303.3842,409.3626,0.5711,0.4924,0.6641,0.6580
133,2011-01-08,2,0-5,965.2857,965.2863,841.3068,1108.4343,1.0233,0.8597,1.2208,1.1799
133,2011-01-08,2,6-11,478.1429,471.1672,409.5503,545.1340,1.0165,0.8738,1.1786,1.1500
133,2011-01-08,2,12-17,210.1429,206.3591,177.2697,238.1318,0.8101,0.7001,0.9366,0.9341
133,2011-01-08,2,18-44,2105.7143,2076.9215,1809.1968,2374.6002,0.5842,0.5012,0.6823,0.6849
133,2011-01-08,2,45-64,1182.2857,1176.0005,1023.8159,1351.4458,0.5711,0.4879,0.6669,0.6621
133,2011-01-08,2,65+,337.0000,341.0084,293.1473,396.8378,0.5603,0.4832,0.6500,0.6292
134,2011-01-09,3,0-5,908.8571,913.8634,795.3409,1047.2978,1.0084,0.8479,1.1953,1.1303
134,2011-01-09,3,6-11,446.0000,443.8194,384.8944,515.5260,1.0071,0.8662,1.1672,1.1058
134,2011-01-09,3,12-17,188.5714,189.0322,162.8316,218.3841,0.8037,0.6947,0.9276,0.8901
134,2011-01-09,3,18-44,1883.7143,1903.5441,1657.6455,2183.1919,0.5766,0.4956,0.6719,0.6499
134,2011-01-09,3,45-64,1072.1429,1098.0371,956.7628,1264.4083,0.5662,0.4841,0.6597,0.6288
134,2011-01-09,3,65+,317.0000,329.0630,282.3324,383.0038,0.5601,0.4823,0.6480,0.6024
135,2011-01-10,3,0-5,844.7143,860.6119,750.3895,989.1269,1.0023,0.8456,1.1845,1.0834
135,2011-01-10,3,6-11,413.5714,416.7867,361.3522,483.0091,1.0048,0.8655,1.1655,1.0665
135,2011-01-10,3,12-17,167.4286,173.0318,149.5702,200.4410,0.8067,0.6969,0.9313,0.8520
135,2011-01-10,3,18-44,1662.7143,1735.2605,1510.6593,1997.6951,0.5759,0.4958,0.6678,0.6198
135,2011-01-10,3,45-64,975.1429,1023.8209,891.4558,1179.3618,0.5680,0.4867,0.6617,0.6031
135,2011-01-10,3,65+,304.2857,316.0932,272.7347,367.5697,0.5657,0.4882,0.6552,0.5863
136,2011-01-11,3,0-5,785.0000,805.1427,704.2581,931.2123,1.0001,0.8428,1.1859,1.0559
136,2011-01-11,3,6-11,377.4286,390.4579,338.4530,449.7200,1.0047,0.8667,1.1732,1.0393
136,2011-01-11,3,12-17,150.4286,158.8190,137.4097,185.2529,0.8158,0.7053,0.9429,0.8338
136,2011-01-11,3,18-44,1494.2857,1581.0703,1376.9391,1822.8994,0.5775,0.4976,0.6726,0.6047
136,2011-01-11,3,45-64,900.0000,949.5598,824.4002,1093.9112,0.5732,0.4915,0.6707,0.5926
136,2011-01-11,3,65+,293.4286,302.2153,261.3094,351.7767,0.5750,0.4940,0.6674,0.5831
137,2011-01-12,3,0-5,734.2857,751.0426,656.7275,866.7985,1.0010,0.8408,1.1882,1.0496
137,2011-01-12,3,6-11,352.4286,364.2053,316.9655,419.3442,1.0125,0.8704,1.1783,1.0389
137,2011-01-12,3,12-17,137.1429,146.0329,126.4938,169.9702,0.8263,0.7151,0.9587,0.8332
137,2011-01-12,3,18-44,1374.5714,1438.2747,1250.8010,1659.7225,0.5815,0.5014,0.6781,0.6033
137,2011-01-12,3,45-64,839.8571,878.3755,760.6163,1007.5762,0.5795,0.4979,0.6792,0.5932
137,2011-01-12,3,65+,276.8571,287.6835,248.6205,334.1669,0.5852,0.5022,0.6808,0.5852
138,2011-01-13,3,0-5,711.0000,696.7870,606.7109,803.8054,1.0017,0.8444,1.1871,1.0916
138,2011-01-13,3,6-11,339.5714,338.0338,294.6903,389.8686,1.0178,0.8761,1.1869,1.0858
138,2011-01-13,3,12-17,135.0000,134.2611,115.6372,155.9942,0.8362,0.7222,0.9668,0.8841
138,2011-01-13,3,18-44,1332.4286,1306.6616,1137.5486,1506.7747,0.5850,0.5047,0.6831,0.6335
138,2011-01-13,3,45-64,822.7143,808.9702,702.6731,930.9611,0.5863,0.5019,0.6862,0.6257
138,2011-01-13,3,65+,273.2857,273.0577,235.8965,315.9846,0.5958,0.5114,0.6955,0.6176
139,2011-01-14,3,0-5,642.8571,645.4538,560.0712,743.8674,1.0045,0.8445,1.2004,1.0514
139,2011-01-14,3,6-11,309.1429,313.3312,272.4747,360.9557,1.0226,0.8784,1.1883,1.0544
139,2011-01-14,3,12-17,123.8571,123.4840,105.7027,143.9036,0.8444,0.7296,0.9768,0.8651
139,2011-01-14,3,18-44,1188.4286,1186.8180,1036.3531,1371.9775,0.5889,0.5065,0.6834,0.6135
139,2011-01-14,3,45-64,744.8571,745.0835,649.1294,856.1255,0.5920,0.5071,0.6909,0.6096
139,2011-01-14,3,65+,261.2857,257.9806,222.8180,298.9057,0.6059,0.5198,0.7038,0.6094
140,2011-01-15,3,0-5,594.0000,596.5125,517.6717,684.0022,1.0108,0.8484,1.2015,1.0366
140,2011-01-15,3,6-11,290.2857,290.4604,252.2381,335.0448,1.0301,0.8861,1.2006,1.0500
140,2011-01-15,3,12-17,115.5714,114.0019,97.5890,132.6383,0.8542,0.7380,0.9881,0.8630
140,2011-01-15,3,18-44,1079.1429,1081.2168,945.2906,1248.4951,0.5933,0.5120,0.6894,0.6065
140,2011-01-15,3,45-64,691.4286,686.1924,599.3090,788.7470,0.5989,0.5136,0.6993,0.6048
140,2011-01-15,3,65+,244.7143,244.8446,211.9856,284.2216,0.6167,0.5292,0.7186,0.6060
141,2011-01-16,4,0-5,551.5714,552.0707,479.9713,634.8530,1.0174,0.8575,1.2032,1.0286
141,2011-01-16,4,6-11,268.4286,268.9099,232.9872,310.4781,1.0401,0.8948,1.2072,1.0418
141,2011-01-16,4,12-17,106.8571,105.4704,90.0315,123.1039,0.8648,0.7476,1.0004,0.8583
141,2011-01-16,4,18-44,982.0000,984.5725,859.5191,1141.5882,0.5997,0.5169,0.6953,0.6012
141,2011-01-16,4,45-64,636.7143,634.5875,551.0690,730.2468,0.6070,0.5196,0.7084,0.6019
141,2011-01-16,4,65+,237.8571,232.8148,201.1522,269.6582,0.6285,0.5403,0.7323,0.6110
142,2011-01-17,4,0-5,504.7143,511.0518,443.8476,587.1903,1.0257,0.8636,1.2105,1.0162
142,2011-01-17,4,6-11,249.0000,249.2273,214.3580,288.7082,1.0513,0.9045,1.2220,1.0359
142,2011-01-17,4,12-17,96.5714,97.7756,83.8102,113.9849,0.8744,0.7547,1.0108,0.8471
142,2011-01-17,4,18-44,901.4286,901.1507,783.8330,1043.7433,0.6064,0.5223,0.7030,0.5960
142,2011-01-17,4,45-64,584.4286,588.8012,510.8264,676.5115,0.6154,0.5270,0.7181,0.5969
142,2011-01-17,4,65+,222.0000,222.4144,191.1023,256.6678,0.6422,0.5492,0.7485,0.6073
143,2011-01-18,4,0-5,468.1429,472.3928,409.1686,544.5778,1.0334,0.8723,1.2270,1.0077
143,2011-01-18,4,6-11,228.8571,231.5081,199.6616,270.1105,1.0630,0.9158,1.2343,1.0230
143,2011-01-18,4,12-17,89.1429,90.8467,77.5917,105.6694,0.8864,0.7678,1.0224,0.8402
143,2011-01-18,4,18-44,811.4286,828.2578,723.0858,954.9742,0.6143,0.5304,0.7136,0.5879
143,2011-01-18,4,45-64,538.2857,546.8384,475.1499,627.5475,0.6252,0.5365,0.7291,0.5906
143,2011-01-18,4,65+,206.8571,212.3299,183.2726,245.5478,0.6562,0.5625,0.7659,0.6029
144,2011-01-19,4,0-5,433.1429,437.9449,378.7659,507.0001,1.0412,0.8779,1.2342,1.0113
144,2011-01-19,4,6-11,212.4286,214.9950,185.5493,249.7357,1.0694,0.9198,1.2431,1.0294
144,2011-01-19,4,12-17,83.5714,84.6800,72.0221,98.4787,0.8966,0.7737,1.0406,0.8510
144,2011-01-19,4,18-44,752.0000,763.7286,666.0798,885.8254,0.6213,0.5357,0.7231,0.5932
144,2011-01-19,4,45-64,503.2857,508.3294,441.5440,584.7557,0.6342,0.5439,0.7407,0.5980
144,2011-01-19,4,65+,198.5714,203.4568,175.9263,234.0135,0.6726,0.5749,0.7852,0.6141
145,2011-01-20,4,0-5,410.2857,405.2130,352.8721,468.6386,1.0451,0.8814,1.2434,1.0526
145,2011-01-20,4,6-11,205.1429,199.8135,172.8355,231.5428,1.0748,0.9279,1.2506,1.0836
145,2011-01-20,4,12-17,81.7143,78.9132,66.8343,91.9160,0.9040,0.7817,1.0447,0.9046
145,2011-01-20,4,18-44,734.8571,705.8615,619.2296,817.6504,0.6253,0.5407,0.7262,0.6284
145,2011-01-20,4,45-64,498.0000,474.6457,412.2274,543.4269,0.6405,0.5506,0.7459,0.6375
145,2011-01-20,4,65+,199.2857,195.5957,168.6581,227.3257,0.6843,0.5872,0.7994,0.6570
146,2011-01-21,4,0-5,376.2857,374.6699,325.9066,432.8242,1.0500,0.8847,1.2431,1.0338
146,2011-01-21,4,6-11,187.5714,185.7503,161.1534,215.1870,1.0821,0.9308,1.2552,1.0609
146,2011-01-21,4,12-17,74.0000,73.6227,62.9467,86.4203,0.9131,0.7888,1.0576,0.8810
146,2011-01-21,4,18-44,664.4286,653.5758,571.1300,758.7435,0.6310,0.5439,0.7335,0.6137
146,2011-01-21,4,45-64,449.8571,443.6169,384.1617,509.0063,0.6483,0.5555,0.7569,0.6226
146,2011-01-21,4,65+,188.4286,188.9342,162.9012,220.3208,0.6982,0.5963,0.8162,0.6480
147,2011-01-22,4,0-5,351.2857,348.0572,303.6455,401.9126,1.0564,0.8928,1.2531,1.0309
147,2011-01-22,4,6-11,174.2857,172.9018,150.0650,200.5975,1.0899,0.9402,1.2645,1.0540
147,2011-01-22,4,12-17,67.5714,68.9969,58.9913,81.1256,0.9273,0.8015,1.0693,0.8704
147,2011-01-22,4,18-44,604.8571,608.3996,530.7081,710.3366,0.6397,0.5526,0.7417,0.6084
147,2011-01-22,4,45-64,416.8571,414.4966,359.4910,479.8381,0.6595,0.5650,0.7679,0.6191
147,2011-01-22,4,65+,182.0000,183.1815,157.8797,213.3620,0.7143,0.6095,0.8363,0.6517
148,2011-01-23,5,0-5,325.8571,323.8173,281.3127,373.9382,1.0652,0.8987,1.2585,1.0300
148,2011-01-23,5,6-11,162.1429,161.3023,139.5866,187.2007,1.0951,0.9448,1.2702,1.0539
148,2011-01-23,5,12-17,64.4286,64.9151,54.9962,76.0735,0.9377,0.8118,1.0852,0.8764
148,2011-01-23,5,18-44,561.0000,569.7939,492.6049,665.3698,0.6468,0.5595,0.7485,0.6076
148,2011-01-23,5,45-64,384.8571,389.2323,337.8822,450.8618,0.6687,0.5754,0.7778,0.6180
148,2011-01-23,5,65+,172.2857,178.1361,153.9733,207.1366,0.7299,0.6245,0.8506,0.6525
149,2011-01-24,5,0-5,304.7143,301.0055,261.1808,348.0226,1.0721,0.9051,1.2773,1.0338
149,2011-01-24,5,6-11,150.4286,150.2237,130.7019,174.7752,1.0992,0.9499,1.2752,1.0534
149,2011-01-24,5,12-17,59.0000,61.2235,51.6901,71.9127,0.9454,0.8155,1.0932,0.8722
149,2011-01-24,5,18-44,518.1429,533.6200,461.0941,621.8416,0.6528,0.5639,0.7583,0.6081
149,2011-01-24,5,45-64,358.0000,367.5471,319.1474,425.3171,0.6766,0.5805,0.7882,0.6200
149,2011-01-24,5,65+,167.7143,174.2512,149.9560,203.1367,0.7405,0.6346,0.8659,0.6622
150,2011-01-25,5,0-5,273.4286,280.1641,242.6026,323.8442,1.0786,0.9063,1.2800,1.0196
150,2011-01-25,5,6-11,137.1429,139.3942,121.3856,163.0141,1.0987,0.9498,1.2727,1.0510
150,2011-01-25,5,12-17,58.2857,57.9639,48.8892,68.0509,0.9472,0.8183,1.0963,0.8954
150,2011-01-25,5,18-44,486.8571,501.2837,433.4325,582.9194,0.6547,0.5652,0.7588,0.6125
150,2011-01-25,5,45-64,331.7143,347.0056,301.4612,401.9510,0.6793,0.5834,0.7905,0.6286
150,2011-01-25,5,65+,168.5714,169.6014,146.0348,198.0475,0.7453,0.6396,0.8669,0.6831
151,2011-01-26,5,0-5,247.2857,261.0392,225.9554,302.0254,1.0766,0.9055,1.2801,1.0136
151,2011-01-26,5,6-11,124.7143,129.4825,112.6199,151.2548,1.0921,0.9412,1.2644,1.0510
151,2011-01-26,5,12-17,53.7143,54.4695,46.0056,64.0135,0.9420,0.8123,1.0933,0.9048
151,2011-01-26,5,18-44,457.4286,470.4419,406.9411,543.1152,0.6506,0.5614,0.7540,0.6218
151,2011-01-26,5,45-64,320.5714,328.6801,282.5519,380.8249,0.6753,0.5783,0.7856,0.6444
151,2011-01-26,5,65+,165.8571,164.9933,141.9089,192.1917,0.7405,0.6328,0.8671,0.7052
152,2011-01-27,5,0-5,245.1429,244.2690,212.2554,283.2486,1.0725,0.9036,1.2741,1.0804
152,2011-01-27,5,6-11,123.5714,120.0317,104.8280,140.2183,1.0781,0.9288,1.2532,1.1168
152,2011-01-27,5,12-17,53.2857,51.0897,43.4446,60.8617,0.9339,0.8048,1.0788,0.9577
152,2011-01-27,5,18-44,449.0000,440.3406,382.2771,510.5371,0.6430,0.5556,0.7457,0.6579
152,2011-01-27,5,45-64,317.0000,310.7723,267.9672,359.0480,0.6686,0.5724,0.7792,0.6804
152,2011-01-27,5,65+,163.8571,158.9912,138.0361,185.1408,0.7318,0.6247,0.8590,0.7420
153,2011-01-28,5,0-5,229.7143,228.8607,197.3689,264.8427,1.0590,0.8925,1.2633,1.0885
153,2011-01-28,5,6-11,110.7143,111.4550,96.8491,129.5477,1.0615,0.9110,1.2358,1.1058
153,2011-01-28,5,12-17,52.0000,48.1315,40.7663,57.4270,0.9207,0.7922,1.0711,0.9741
153,2011-01-28,5,18-44,426.5714,410.6921,357.3970,475.5733,0.6317,0.5448,0.7343,0.6639
153,2011-01-28,5,45-64,301.0000,293.3131,254.6258,338.4909,0.6551,0.5627,0.7661,0.6882
153,2011-01-28,5,65+,160.5714,152.3471,132.7245,176.3680,0.7140,0.6082,0.8405,0.7544
154,2011-01-29,5,0-5,224.5714,214.4430,184.2313,248.6287,1.0499,0.8850,1.2472,1.1477
154,2011-01-29,5,6-11,111.1429,103.6003,89.4412,120.2881,1.0472,0.9003,1.2145,1.1817
154,2011-01-29,5,12-17,51.5714,45.2760,38.4662,53.8428,0.9168,0.7863,1.0652,1.0389
154,2011-01-29,5,18-44,424.2857,382.6018,332.8236,443.2682,0.6229,0.5371,0.7235,0.7098
154,2011-01-29,5,45-64,314.0000,276.7947,240.6473,318.7192,0.6468,0.5526,0.7580,0.7420
154,2011-01-29,5,65+,165.5714,144.8565,124.6607,167.8896,0.7038,0.5981,0.8282,0.8137
155,2011-01-30,6,0-5,207.4286,201.1603,172.4552,234.0242,1.0468,0.8876,1.2410,1.1020
155,2011-01-30,6,6-11,100.2857,96.0970,82.4118,112.2469,1.0435,0.8987,1.2158,1.1180
155,2011-01-30,6,12-17,43.4286,42.8442,36.0884,50.9267,0.9254,0.7961,1.0798,0.9533
155,2011-01-30,6,18-44,380.1429,355.1238,306.3236,412.4635,0.6233,0.5371,0.7245,0.6681
155,2011-01-30,6,45-64,283.2857,262.1207,227.7617,302.5065,0.6489,0.5544,0.7576,0.6947
155,2011-01-30,6,65+,148.8571,136.9183,117.1665,158.8191,0.7043,0.6002,0.8262,0.7605
156,2011-01-31,6,0-5,185.7143,188.7452,162.0567,219.6095,1.0650,0.8976,1.2610,1.0206
156,2011-01-31,6,6-11,88.8571,89.1200,76.1728,104.0498,1.0617,0.9145,1.2356,1.0285
156,2011-01-31,6,12-17,39.7143,40.9548,33.9656,48.6410,0.9593,0.8272,1.1146,0.8813
156,2011-01-31,6,18-44,320.8571,331.6640,285.7239,386.4954,0.6389,0.5526,0.7436,0.6067
156,2011-01-31,6,45-64,246.1429,249.0325,214.9464,289.0132,0.6678,0.5723,0.7786,0.6305
156,2011-01-31,6,65+,130.4286,129.7009,111.0547,151.0058,0.7232,0.6190,0.8448,0.6913
157,2011-02-01,6,0-5,166.0000,177.7233,152.9794,206.9495,1.0939,0.9221,1.3005,0.9555
157,2011-02-01,6,6-11,78.0000,82.9375,70.9197,96.8180,1.1037,0.9490,1.2825,0.9499
157,2011-02-01,6,12-17,31.8571,39.5062,32.8831,47.0712,1.0204,0.8799,1.1844,0.7840
157,2011-02-01,6,18-44,274.5714,312.6749,267.4086,365.1883,0.6708,0.5785,0.7820,0.5531
157,2011-02-01,6,45-64,209.2857,238.4765,204.3747,276.8944,0.7056,0.6047,0.8264,0.5684
157,2011-02-01,6,65+,106.7143,123.4067,105.9657,144.2052,0.7651,0.6540,0.8964,0.6154
158,2011-02-02,6,0-5,167.0000,167.5519,144.5879,194.5709,1.1329,0.9567,1.3391,1.0411
158,2011-02-02,6,6-11,77.1429,77.7150,66.5034,91.1775,1.1570,0.9975,1.3442,1.0318
158,2011-02-02,6,12-17,34.0000,38.6348,32.0266,46.5156,1.1016,0.9490,1.2781,0.8745
158,2011-02-02,6,18-44,275.5714,296.2635,253.7792,347.3713,0.7131,0.6163,0.8283,0.6041
158,2011-02-02,6,45-64,210.1429,230.1003,197.0498,267.7592,0.7576,0.6507,0.8826,0.6217
158,2011-02-02,6,65+,107.7143,118.4813,102.1212,138.9746,0.8228,0.7015,0.9628,0.6723
159,2011-02-03,6,0-5,160.5714,157.8948,136.2202,182.7183,1.1758,0.9934,1.3871,1.0991
159,2011-02-03,6,6-11,75.1429,72.6464,62.0914,85.9955,1.2199,1.0556,1.4115,1.1039
159,2011-02-03,6,12-17,35.0000,38.0864,31.9228,45.8758,1.1898,1.0263,1.3781,0.9567
159,2011-02-03,6,18-44,278.4286,283.5315,243.0159,331.4572,0.7609,0.6599,0.8823,0.6520
159,2011-02-03,6,45-64,210.5714,223.1101,191.3432,259.3963,0.8173,0.7001,0.9505,0.6729
159,2011-02-03,6,65+,106.1429,114.7427,98.3673,134.4135,0.8901,0.7582,1.0408,0.7229
160,2011-02-04,6,0-5,148.8571,148.8276,127.8760,172.4053,1.2119,1.0286,1.4298,1.1004
160,2011-02-04,6,6-11,66.1429,68.4964,58.3325,81.4172,1.2887,1.1149,1.4840,1.0959
160,2011-02-04,6,12-17,35.8571,38.1738,31.8685,45.6059,1.2769,1.0992,1.4733,1.0140
160,2011-02-04,6,18-44,263.4286,273.6008,235.0621,320.3560,0.8090,0.7012,0.9337,0.6712
160,2011-02-04,6,45-64,212.5714,219.4519,186.9471,255.3595,0.8752,0.7520,1.0164,0.7064
160,2011-02-04,6,65+,105.7143,112.7201,96.2746,132.1832,0.9566,0.8170,1.1140,0.7617
161,2011-02-05,6,0-5,129.1429,140.1727,120.8807,161.8445,1.2446,1.0538,1.4633,1.0324
161,2011-02-05,6,6-11,56.7143,65.1315,55.3327,76.9682,1.3483,1.1713,1.5564,1.0318
161,2011-02-05,6,12-17,34.2857,38.5049,32.1532,45.9112,1.3407,1.1580,1.5484,0.9863
161,2011-02-05,6,18-44,239.7143,266.7509,230.0949,311.0625,0.8479,0.7346,0.9780,0.6407
161,2011-02-05,6,45-64,191.4286,217.9292,187.2976,253.9863,0.9217,0.7947,1.0668,0.6763
161,2011-02-05,6,65+,96.5714,111.9200,95.5920,131.6744,1.0088,0.8660,1.1711,0.7301
162,2011-02-06,7,0-5,125.2857,132.4855,113.7490,152.6137,1.2544,1.0652,1.4781,1.1105
162,2011-02-06,7,6-11,56.0000,62.5813,52.8890,74.1657,1.3797,1.1959,1.5963,1.1335
162,2011-02-06,7,12-17,39.1429,39.1784,32.6318,46.6381,1.3652,1.1776,1.5798,1.1385
162,2011-02-06,7,18-44,249.2857,262.4078,226.0639,305.6843,0.8646,0.7489,1.0030,0.7166
162,2011-02-06,7,45-64,206.1429,218.9564,187.5144,255.9511,0.9439,0.8115,1.0990,0.7688
162,2011-02-06,7,65+,108.4286,112.5208,96.1313,132.5112,1.0340,0.8852,1.2099,0.8417
163,2011-02-07,7,0-5,127.2857,124.6501,107.5121,144.3024,1.2366,1.0504,1.4558,1.2454
163,2011-02-07,7,6-11,61.1429,60.7105,51.2221,72.1700,1.3731,1.1878,1.5922,1.3150
163,2011-02-07,7,12-17,43.5714,39.6094,32.9314,47.1929,1.3387,1.1546,1.5514,1.3184
163,2011-02-07,7,18-44,273.4286,258.4857,223.5236,299.3916,0.8522,0.7379,0.9882,0.8302
163,2011-02-07,7,45-64,233.7143,219.9116,189.8818,256.7082,0.9275,0.7975,1.0810,0.8992
163,2011-02-07,7,65+,124.5714,113.7329,97.1436,132.4930,1.0155,0.8689,1.1871,0.9913
164,2011-02-08,7,0-5,129.0000,117.2096,101.4303,136.1342,1.1915,1.0141,1.4055,1.3333
164,2011-02-08,7,6-11,65.7143,59.1521,49.9371,70.1620,1.3354,1.1560,1.5429,1.4386
164,2011-02-08,7,12-17,48.1429,39.9273,33.2977,47.3805,1.2778,1.1019,1.4803,1.4421
164,2011-02-08,7,18-44,285.0000,253.6322,219.5881,295.8048,0.8175,0.7066,0.9424,0.9002
164,2011-02-08,7,45-64,257.7143,220.8462,190.2185,256.6710,0.8866,0.7606,1.0301,0.9818
164,2011-02-08,7,65+,135.1429,114.1877,97.2958,131.8952,0.9695,0.8296,1.1319,1.0811
165,2011-02-09,7,0-5,114.0000,110.4805,94.9848,128.5363,1.1491,0.9760,1.3536,1.2347
165,2011-02-09,7,6-11,61.8571,58.0785,49.0362,68.6822,1.2896,1.1137,1.4934,1.3539
165,2011-02-09,7,12-17,45.4286,39.8420,33.2079,47.2834,1.2062,1.0438,1.3970,1.3337
165,2011-02-09,7,18-44,272.1429,248.4320,216.1700,289.4805,0.7773,0.6724,0.8993,0.8406
165,2011-02-09,7,45-64,243.1429,220.6403,189.1832,257.1095,0.8388,0.7207,0.9740,0.9114
165,2011-02-09,7,65+,125.4286,114.0912,97.4186,132.3466,0.9176,0.7827,1.0744,0.9945
166,2011-02-10,7,0-5,108.5714,104.1384,89.6376,121.4851,1.1132,0.9482,1.3107,1.2028
166,2011-02-10,7,6-11,60.0000,57.4768,48.9062,67.9485,1.2489,1.0800,1.4468,1.3152
166,2011-02-10,7,12-17,44.7143,39.7461,33.0464,47.2842,1.1507,0.9904,1.3322,1.2873
166,2011-02-10,7,18-44,260.2857,244.3575,211.7668,283.6339,0.7446,0.6455,0.8612,0.8134
166,2011-02-10,7,45-64,239.4286,219.6858,189.0805,255.3372,0.7993,0.6887,0.9299,0.8833
166,2011-02-10,7,65+,125.4286,113.8206,97.1361,131.8990,0.8735,0.7447,1.0211,0.9692
167,2011-02-11,7,0-5,97.8571,98.4725,84.4253,115.2538,1.0952,0.9294,1.2914,1.1194
167,2011-02-11,7,6-11,59.5714,57.0730,48.2285,67.3799,1.2183,1.0498,1.4117,1.2508
167,2011-02-11,7,12-17,39.4286,39.3259,32.7606,46.9965,1.1114,0.9563,1.2855,1.1531
167,2011-02-11,7,18-44,240.2857,240.1061,207.9610,281.0986,0.7242,0.6264,0.8366,0.7459
167,2011-02-11,7,45-64,215.1429,217.9465,187.0075,253.0053,0.7744,0.6647,0.8974,0.7986
167,2011-02-11,7,65+,111.2857,112.9606,96.5693,131.4329,0.8477,0.7225,0.9858,0.8688
168,2011-02-12,7,0-5,91.0000,93.6314,80.4253,109.6856,1.0953,0.9231,1.2906,1.0865
168,2011-02-12,7,6-11,55.7143,56.6040,47.8683,66.9520,1.2057,1.0412,1.4003,1.2039
168,2011-02-12,7,12-17,37.1429,38.7720,32.3961,46.3048,1.0951,0.9456,1.2690,1.1103
168,2011-02-12,7,18-44,225.8571,235.9856,204.0300,274.1638,0.7174,0.6208,0.8328,0.7222
168,2011-02-12,7,45-64,205.5714,214.6787,185.2708,249.9575,0.7648,0.6578,0.8924,0.7754
168,2011-02-12,7,65+,109.0000,112.0409,95.5433,130.8941,0.8406,0.7180,0.9847,0.8506
169,2011-02-13,8,0-5,87.8571,89.5712,76.8635,104.7487,1.1017,0.9365,1.3000,1.1120
169,2011-02-13,8,6-11,56.5714,55.8271,46.8823,66.1779,1.2023,1.0399,1.3979,1.2417
169,2011-02-13,8,12-17,34.5714,37.9178,31.6032,45.3117,1.0890,0.9390,1.2638,1.1091
169,2011-02-13,8,18-44,224.7143,230.6863,199.2366,267.6555,0.7175,0.6220,0.8320,0.7385
169,2011-02-13,8,45-64,204.1429,209.8161,181.1644,243.1189,0.7627,0.6556,0.8879,0.7898
169,2011-02-13,8,65+,106.5714,110.6615,94.2711,129.1305,0.8400,0.7183,0.9850,0.8628
170,2011-02-14,8,0-5,83.1429,85.7659,73.3662,100.1307,1.1241,0.9523,1.3276,1.1088
170,2011-02-14,8,6-11,53.7143,54.6607,45.9955,64.6480,1.2103,1.0444,1.4064,1.2287
170,2011-02-14,8,12-17,34.7143,36.8856,30.7517,43.9052,1.0975,0.9441,1.2747,1.1228
170,2011-02-14,8,18-44,217.2857,225.0082,193.5083,262.0949,0.7278,0.6280,0.8438,0.7367
170,2011-02-14,8,45-64,199.0000,203.9623,175.4981,237.3024,0.7724,0.6601,0.8994,0.7869
170,2011-02-14,8,65+,98.8571,108.5180,92.5285,126.8583,0.8554,0.7276,1.0030,0.8466
171,2011-02-15,8,0-5,79.4286,82.1387,70.5838,96.5567,1.1475,0.9719,1.3546,1.1148
171,2011-02-15,8,6-11,51.5714,53.1483,44.9193,62.8519,1.2237,1.0555,1.4157,1.2254
171,2011-02-15,8,12-17,32.7143,35.6416,29.8167,42.6480,1.1116,0.9582,1.2863,1.1090
171,2011-02-15,8,18-44,211.5714,218.7248,188.3517,255.5797,0.7401,0.6406,0.8558,0.7367
171,2011-02-15,8,45-64,188.2857,196.8925,169.1669,229.9693,0.7849,0.6754,0.9131,0.7846
171,2011-02-15,8,65+,99.4286,106.3858,91.0532,124.8083,0.8737,0.7453,1.0241,0.8562
172,2011-02-16,8,0-5,76.5714,79.4464,68.0074,93.6462,1.1799,0.9982,1.3830,1.1236
172,2011-02-16,8,6-11,50.1429,51.4835,43.3795,60.7110,1.2416,1.0708,1.4402,1.2321
172,2011-02-16,8,12-17,33.1429,34.3586,28.8236,41.2713,1.1269,0.9709,1.3067,1.1305
172,2011-02-16,8,18-44,203.7143,211.9103,183.6404,248.3669,0.7561,0.6524,0.8754,0.7405
172,2011-02-16,8,45-64,181.1429,189.6744,162.1112,220.7893,0.8010,0.6877,0.9347,0.7903
172,2011-02-16,8,65+,100.5714,104.4347,89.0725,122.7940,0.8941,0.7617,1.0488,0.8732
173,2011-02-17,8,0-5,76.2857,77.0035,66.2725,91.3030,1.2002,1.0174,1.4185,1.1671
173,2011-02-17,8,6-11,49.4286,49.6672,41.6268,58.4783,1.2559,1.0823,1.4623,1.2667
173,2011-02-17,8,12-17,32.8571,33.0932,27.6619,39.6802,1.1405,0.9801,1.3235,1.1649
173,2011-02-17,8,18-44,203.8571,206.1770,177.6010,240.8632,0.7700,0.6640,0.8945,0.7658
173,2011-02-17,8,45-64,181.5714,182.4385,156.5583,213.4677,0.8168,0.6992,0.9532,0.8164
173,2011-02-17,8,65+,99.8571,102.7260,87.9643,119.8789,0.9123,0.7786,1.0722,0.8989
174,2011-02-18,8,0-5,74.4286,75.1788,64.5638,88.8446,1.2156,1.0245,1.4354,1.1842
174,2011-02-18,8,6-11,48.1429,47.8029,40.3060,56.8175,1.2669,1.0901,1.4706,1.2803
174,2011-02-18,8,12-17,32.5714,31.7147,26.3425,38.0602,1.1501,0.9892,1.3387,1.1810
174,2011-02-18,8,18-44,200.5714,200.9953,172.9451,234.3017,0.7806,0.6716,0.9063,0.7769
174,2011-02-18,8,45-64,176.2857,176.5168,151.7509,205.9453,0.8275,0.7079,0.9677,0.8300
174,2011-02-18,8,65+,104.7143,100.9816,86.1111,118.0278,0.9209,0.7841,1.0797,0.9320
175,2011-02-19,8,0-5,75.0000,73.6274,62.9932,86.4134,1.2216,1.0324,1.4397,1.2134
175,2011-02-19,8,6-11,47.4286,46.0494,38.6737,54.9393,1.2721,1.1009,1.4728,1.2911
175,2011-02-19,8,12-17,31.2857,30.4691,25.2439,36.6381,1.1579,0.9973,1.3421,1.1717
175,2011-02-19,8,18-44,198.8571,195.5280,168.6728,228.6469,0.7875,0.6814,0.9113,0.7805
175,2011-02-19,8,45-64,169.5714,171.2861,147.1760,199.3430,0.8371,0.7180,0.9735,0.8259
175,2011-02-19,8,65+,101.2857,99.3151,84.7676,116.2193,0.9278,0.7923,1.0810,0.9235
176,2011-02-20,9,0-5,70.4286,71.9320,61.3226,84.6952,1.2176,1.0285,1.4341,1.1709
176,2011-02-20,9,6-11,44.4286,44.4034,37.1098,52.8551,1.2714,1.0986,1.4748,1.2484
176,2011-02-20,9,12-17,30.5714,29.2994,24.2593,35.4185,1.1589,0.9986,1.3398,1.1575
176,2011-02-20,9,18-44,186.1429,190.9944,164.5745,222.0685,0.7887,0.6812,0.9126,0.7607
176,2011-02-20,9,45-64,166.1429,167.0690,143.3397,195.9022,0.8401,0.7217,0.9782,0.8127
176,2011-02-20,9,65+,98.5714,97.1484,82.8987,113.8071,0.9277,0.7922,1.0871,0.9105
177,2011-02-21,9,0-5,72.5714,70.2011,60.0747,82.9769,1.2082,1.0239,1.4226,1.2173
177,2011-02-21,9,6-11,43.7143,42.8353,35.8795,51.0706,1.2656,1.0938,1.4682,1.2675
177,2011-02-21,9,12-17,28.1429,28.1583,23.1411,34.1847,1.1591,0.9983,1.3446,1.1419
177,2011-02-21,9,18-44,186.0000,187.1202,161.3271,217.1666,0.7867,0.6781,0.9115,0.7733
177,2011-02-21,9,45-64,162.7143,164.4711,140.2709,192.3262,0.8403,0.7201,0.9785,0.8198
177,2011-02-21,9,65+,97.2857,95.2367,81.3390,111.1594,0.9236,0.7850,1.0842,0.9182
178,2011-02-22,9,0-5,71.2857,68.6802,58.7155,81.0248,1.1904,1.0061,1.4074,1.2375
178,2011-02-22,9,6-11,42.4286,41.4742,34.6548,49.2906,1.2549,1.0832,1.4540,1.2871
178,2011-02-22,9,12-17,27.5714,27.1958,22.2627,32.9095,1.1568,0.9968,1.3436,1.1662
178,2011-02-22,9,18-44,188.5714,183.2075,158.3839,212.9006,0.7787,0.6723,0.9034,0.7935
178,2011-02-22,9,45-64,164.1429,162.5599,139.2288,189.6358,0.8338,0.7134,0.9734,0.8407
178,2011-02-22,9,65+,95.1429,92.8658,79.4092,108.8687,0.9113,0.7755,1.0666,0.9319
179,2011-02-23,9,0-5,69.8571,66.8981,56.9026,78.9159,1.1744,0.9908,1.3909,1.2306
179,2011-02-23,9,6-11,40.2857,40.1011,33.5197,47.8561,1.2498,1.0773,1.4489,1.2688
179,2011-02-23,9,12-17,25.4286,26.2865,21.3605,31.7746,1.1608,0.9971,1.3492,1.1457
179,2011-02-23,9,18-44,182.7143,178.5764,153.9645,208.0303,0.7726,0.6672,0.8965,0.7900
179,2011-02-23,9,45-64,163.8571,160.5171,137.8649,187.1226,0.8284,0.7098,0.9677,0.8406
179,2011-02-23,9,65+,92.5714,90.2950,77.4956,105.6062,0.9042,0.7697,1.0568,0.9293
180,2011-02-24,9,0-5,68.0000,64.9458,55.1975,76.7286,1.1634,0.9835,1.3794,1.2366
180,2011-02-24,9,6-11,39.0000,38.9604,32.5554,46.7468,1.2472,1.0750,1.4488,1.2803
180,2011-02-24,9,12-17,25.5714,25.6831,20.7643,31.1003,1.1702,1.0066,1.3553,1.1719
180,2011-02-24,9,18-44,183.8571,173.9933,149.6237,203.0579,0.7689,0.6632,0.8920,0.8028
180,2011-02-24,9,45-64,163.0000,158.9900,136.0600,184.4852,0.8272,0.7073,0.9636,0.8546
180,2011-02-24,9,65+,92.0000,87.8912,75.0683,103.3320,0.9015,0.7690,1.0586,0.9425
181,2011-02-25,9,0-5,65.1429,63.0144,53.4763,74.5328,1.1655,0.9814,1.3792,1.2190
181,2011-02-25,9,6-11,39.0000,38.0363,31.6998,45.5365,1.2558,1.0825,1.4547,1.2916
181,2011-02-25,9,12-17,25.8571,25.2501,20.7645,30.5848,1.1897,1.0256,1.3828,1.1962
181,2011-02-25,9,18-44,178.8571,169.7106,146.7370,198.0205,0.7725,0.6661,0.8970,0.8049
181,2011-02-25,9,45-64,166.8571,157.3580,134.6242,183.6533,0.8311,0.7120,0.9710,0.8620
181,2011-02-25,9,65+,86.4286,85.4515,73.0888,100.9107,0.9062,0.7742,1.0634,0.9328
182,2011-02-26,9,0-5,58.0000,61.0584,51.8795,72.2789,1.1781,0.9976,1.3856,1.0962
182,2011-02-26,9,6-11,36.1429,37.2379,31.1395,44.4032,1.2769,1.1025,1.4853,1.1795
182,2011-02-26,9,12-17,22.8571,25.2304,20.6626,30.4893,1.2246,1.0540,1.4201,1.0747
182,2011-02-26,9,18-44,154.7143,166.1747,143.1486,193.8378,0.7866,0.6806,0.9121,0.7203
182,2011-02-26,9,45-64,148.7143,155.3799,133.4652,182.3821,0.8476,0.7287,0.9901,0.7728
182,2011-02-26,9,65+,76.2857,83.6712,71.2004,98.6828,0.9254,0.7928,1.0851,0.8371
183,2011-02-27,10,0-5,60.7143,59.3427,50.2504,70.3782,1.1964,1.0131,1.4123,1.1734
183,2011-02-27,10,6-11,37.4286,36.6229,30.5976,43.6700,1.3073,1.1282,1.5222,1.2525
183,2011-02-27,10,12-17,23.0000,25.4847,20.8367,30.8495,1.2674,1.0874,1.4751,1.1260
183,2011-02-27,10,18-44,157.2857,163.2153,140.0506,190.7621,0.8063,0.6952,0.9365,0.7601
183,2011-02-27,10,45-64,150.4286,154.1040,132.3936,179.8091,0.8702,0.7444,1.0174,0.8133
183,2011-02-27,10,65+,79.4286,82.2660,70.3043,97.5771,0.9496,0.8092,1.1153,0.8886
184,2011-02-28,10,0-5,55.2857,57.7060,48.8862,68.2745,1.2244,1.0364,1.4479,1.1460
184,2011-02-28,10,6-11,36.1429,36.0226,29.9839,43.3180,1.3503,1.1648,1.5678,1.2606
184,2011-02-28,10,12-17,24.7143,25.9228,21.1872,31.4547,1.3151,1.1291,1.5309,1.1839
184,2011-02-28,10,18-44,154.1429,160.7099,138.2744,187.7251,0.8312,0.7174,0.9661,0.7712
184,2011-02-28,10,45-64,150.1429,152.7735,130.8978,178.0825,0.8975,0.7702,1.0502,0.8347
184,2011-02-28,10,65+,80.4286,81.3095,69.7464,96.5446,0.9795,0.8362,1.1477,0.9164
185,2011-03-01,10,0-5,52.0000,56.1152,47.5423,66.4808,1.2546,1.0633,1.4745,1.1412
185,2011-03-01,10,6-11,34.7143,35.7189,29.6778,42.9512,1.3956,1.2032,1.6155,1.2677
185,2011-03-01,10,12-17,27.5714,26.5300,21.6962,32.1993,1.3639,1.1751,1.5801,1.2552
185,2011-03-01,10,18-44,153.2857,159.2949,137.3754,186.8588,0.8593,0.7409,0.9934,0.7830
185,2011-03-01,10,45-64,148.8571,151.7440,130.3641,176.8884,0.9259,0.7941,1.0793,0.8493
185,2011-03-01,10,65+,77.7143,80.9645,69.0940,95.5799,1.0086,0.8609,1.1790,0.9219
186,2011-03-02,10,0-5,52.1429,54.8211,46.4111,64.8464,1.2810,1.0899,1.5143,1.1844
186,2011-03-02,10,6-11,34.0000,35.5736,29.6010,42.9467,1.4366,1.2423,1.6642,1.2951
186,2011-03-02,10,12-17,27.2857,27.1953,22.1679,33.0783,1.4011,1.2105,1.6263,1.2726
186,2011-03-02,10,18-44,155.8571,159.0557,136.3036,187.5385,0.8800,0.7602,1.0197,0.8062
186,2011-03-02,10,45-64,148.0000,150.9309,129.8242,176.3028,0.9456,0.8133,1.1041,0.8709
186,2011-03-02,10,65+,79.0000,80.7649,68.6872,95.2180,1.0289,0.8775,1.2075,0.9497
187,2011-03-03,10,0-5,55.0000,53.6949,45.4960,63.1646,1.3020,1.1027,1.5392,1.2468
187,2011-03-03,10,6-11,35.2857,35.6105,29.6564,43.1094,1.4760,1.2733,1.7088,1.3416
187,2011-03-03,10,12-17,28.0000,28.0727,23.1219,34.1081,1.4386,1.2400,1.6707,1.2940
187,2011-03-03,10,18-44,155.7143,159.8290,137.1570,187.5428,0.8973,0.7749,1.0422,0.8221
187,2011-03-03,10,45-64,145.5714,150.6153,128.8242,176.2344,0.9637,0.8275,1.1226,0.8799
187,2011-03-03,10,65+,78.7143,80.6609,68.8517,95.3821,1.0456,0.8916,1.2230,0.9602
188,2011-03-04,10,0-5,53.2857,52.7032,44.6616,62.3200,1.3088,1.1145,1.5407,1.2499
188,2011-03-04,10,6-11,33.8571,35.9720,30.0470,43.6032,1.4938,1.2903,1.7314,1.3407
188,2011-03-04,10,12-17,28.0000,29.1824,24.1314,35.2994,1.4575,1.2552,1.6942,1.3060
188,2011-03-04,10,18-44,157.2857,161.1391,136.7947,188.4396,0.8996,0.7800,1.0450,0.8345
188,2011-03-04,10,45-64,146.7143,150.9811,128.9851,177.5099,0.9645,0.8306,1.1233,0.8962
188,2011-03-04,10,65+,80.1429,80.7147,68.7781,95.5169,1.0426,0.8910,1.2151,0.9817
189,2011-03-05,10,0-5,55.2857,51.8331,44.0294,61.5963,1.3006,1.1068,1.5313,1.3635
189,2011-03-05,10,6-11,38.1429,36.6143,30.6236,44.0748,1.4962,1.2896,1.7437,1.5131
189,2011-03-05,10,12-17,32.1429,30.3703,25.2273,36.8593,1.4553,1.2535,1.6908,1.4776
189,2011-03-05,10,18-44,176.1429,162.2041,137.8736,189.6999,0.8901,0.7699,1.0362,0.9358
189,2011-03-05,10,45-64,163.0000,151.2340,129.6328,177.4756,0.9517,0.8184,1.1074,1.0085
189,2011-03-05,10,65+,91.0000,81.0346,68.7086,95.9093,1.0246,0.8750,1.1970,1.1099
190,2011-03-06,11,0-5,51.7143,51.3709,43.3311,61.3540,1.2954,1.1004,1.5241,1.2913
190,2011-03-06,11,6-11,38.0000,37.5938,31.2823,45.1805,1.4972,1.2936,1.7324,1.4642
190,2011-03-06,11,12-17,33.8571,31.6879,26.1996,38.2940,1.4475,1.2506,1.6821,1.4527
190,2011-03-06,11,18-44,172.0000,163.1116,139.3836,191.1858,0.8802,0.7613,1.0171,0.8955
190,2011-03-06,11,45-64,159.2857,151.6899,130.2496,178.3171,0.9375,0.8078,1.0884,0.9618
190,2011-03-06,11,65+,83.1429,80.9182,68.8036,95.5683,1.0038,0.8604,1.1705,1.0351
191,2011-03-07,11,0-5,51.1429,51.3153,43.0221,61.0782,1.2812,1.0880,1.5162,1.2725
191,2011-03-07,11,6-11,38.5714,38.9888,32.3051,46.7745,1.4859,1.2819,1.7236,1.4457
191,2011-03-07,11,12-17,33.8571,33.0385,27.5723,40.0506,1.4381,1.2376,1.6724,1.4140
191,2011-03-07,11,18-44,170.8571,164.3811,141.4235,192.6575,0.8635,0.7472,1.0016,0.8767
191,2011-03-07,11,45-64,157.1429,153.0597,131.5318,179.0204,0.9190,0.7920,1.0719,0.9388
191,2011-03-07,11,65+,82.7143,80.7878,68.5897,94.7176,0.9834,0.8442,1.1502,1.0125
192,2011-03-08,11,0-5,51.5714,51.3932,43.4446,61.3668,1.2708,1.0781,1.4980,1.2665
192,2011-03-08,11,6-11,40.5714,40.5539,33.6647,48.3241,1.4765,1.2705,1.7185,1.4482
192,2011-03-08,11,12-17,33.1429,34.7710,28.9399,42.1433,1.4310,1.2289,1.6608,1.3697
192,2011-03-08,11,18-44,167.7143,165.2977,142.3195,194.0950,0.8503,0.7357,0.9844,0.8598
192,2011-03-08,11,45-64,155.1429,154.2195,132.4320,180.8640,0.9037,0.7789,1.0507,0.9176
192,2011-03-08,11,65+,82.1429,80.5746,68.5053,94.6087,0.9656,0.8281,1.1261,0.9934
193,2011-03-09,11,0-5,50.8571,51.6974,43.6545,61.8497,1.2650,1.0793,1.4905,1.2541
193,2011-03-09,11,6-11,42.7143,42.1073,35.3218,50.0953,1.4669,1.2643,1.7014,1.4655
193,2011-03-09,11,12-17,38.2857,36.6502,30.6184,44.2477,1.4243,1.2261,1.6555,1.4356
193,2011-03-09,11,18-44,165.7143,165.9256,142.8566,194.4645,0.8410,0.7294,0.9710,0.8551
193,2011-03-09,11,45-64,154.7143,155.7023,133.3560,182.4296,0.8920,0.7681,1.0354,0.9131
193,2011-03-09,11,65+,80.5714,80.3727,68.6931,94.6825,0.9515,0.8146,1.1114,0.9808
194,2011-03-10,11,0-5,50.8571,52.2246,44.1234,61.9746,1.2630,1.0728,1.4901,1.2550
194,2011-03-10,11,6-11,45.0000,43.7573,36.6031,52.0638,1.4547,1.2596,1.6859,1.4829
194,2011-03-10,11,12-17,38.2857,38.4980,31.9711,46.0307,1.4189,1.2233,1.6461,1.4217
194,2011-03-10,11,18-44,164.7143,166.3561,142.6918,195.1924,0.8329,0.7227,0.9607,0.8542
194,2011-03-10,11,45-64,156.7143,156.2592,134.2010,182.9791,0.8818,0.7600,1.0206,0.9127
194,2011-03-10,11,65+,80.1429,79.9266,68.4257,93.9209,0.9406,0.8062,1.0953,0.9797
195,2011-03-11,11,0-5,52.1429,52.9015,44.8079,62.7127,1.2671,1.0739,1.4934,1.2618
195,2011-03-11,11,6-11,46.5714,45.1804,37.9569,53.6940,1.4542,1.2570,1.6868,1.4809
195,2011-03-11,11,12-17,40.8571,40.2354,33.5239,48.1928,1.4179,1.2191,1.6504,1.4334
195,2011-03-11,11,18-44,161.8571,166.7108,142.6284,194.5960,0.8318,0.7211,0.9603,0.8445
195,2011-03-11,11,45-64,154.7143,156.4226,133.7619,183.2030,0.8785,0.7572,1.0198,0.8997
195,2011-03-11,11,65+,78.1429,79.4817,67.5925,93.3124,0.9379,0.8031,1.0926,0.9617
196,2011-03-12,11,0-5,53.1429,53.5171,45.1826,63.7108,1.2717,1.0785,1.5003,1.2754
196,2011-03-12,11,6-11,45.5714,46.4801,39.2547,55.0258,1.4560,1.2568,1.6893,1.4584
196,2011-03-12,11,12-17,43.2857,41.8703,34.8557,50.0670,1.4206,1.2211,1.6577,1.4559
196,2011-03-12,11,18-44,164.2857,166.7552,143.4589,195.4535,0.8337,0.7216,0.9617,0.8479
196,2011-03-12,11,45-64,156.5714,156.2615,133.5298,182.0867,0.8788,0.7563,1.0188,0.9014
196,2011-03-12,11,65+,74.5714,79.3581,67.0672,92.5075,0.9375,0.8035,1.0960,0.9483
197,2011-03-13,12,0-5,54.1429,54.1837,45.8874,64.3298,1.2726,1.0799,1.4993,1.2847
197,2011-03-13,12,6-11,46.4286,47.6363,40.2575,56.4741,1.4547,1.2577,1.6860,1.4570
197,2011-03-13,12,12-17,43.4286,43.4065,36.2462,51.7919,1.4256,1.2279,1.6540,1.4320
197,2011-03-13,12,18-44,165.2857,167.6336,144.4726,196.5884,0.8348,0.7245,0.9630,0.8442
197,2011-03-13,12,45-64,152.5714,155.8087,132.8411,180.4632,0.8784,0.7578,1.0182,0.8934
197,2011-03-13,12,65+,76.4286,78.8048,66.7158,92.3989,0.9381,0.8018,1.0960,0.9521
198,2011-03-14,12,0-5,54.5714,54.7606,46.4845,64.8434,1.2730,1.0767,1.4988,1.2909
198,2011-03-14,12,6-11,48.0000,48.4145,40.9797,58.0354,1.4544,1.2527,1.6888,1.4742
198,2011-03-14,12,12-17,45.1429,44.7823,37.4063,53.7662,1.4327,1.2288,1.6716,1.4446
198,2011-03-14,12,18-44,167.4286,169.3436,145.2619,197.5512,0.8364,0.7234,0.9714,0.8492
198,2011-03-14,12,45-64,152.0000,154.7747,132.6578,179.7234,0.8789,0.7569,1.0234,0.8975
198,2011-03-14,12,65+,77.5714,78.6157,66.3097,92.1268,0.9386,0.8022,1.0963,0.9608
199,2011-03-15,12,0-5,55.5714,55.1514,46.7481,65.2350,1.2643,1.0692,1.4908,1.3048
199,2011-03-15,12,6-11,49.7143,49.0453,41.6199,58.5864,1.4456,1.2491,1.6728,1.4927
199,2011-03-15,12,12-17,45.4286,46.1672,38.3349,54.9761,1.4374,1.2395,1.6691,1.4369
199,2011-03-15,12,18-44,171.1429,170.5697,146.8362,199.9978,0.8321,0.7197,0.9606,0.8546
199,2011-03-15,12,45-64,151.0000,153.7312,131.7110,178.4889,0.8743,0.7531,1.0139,0.8987
199,2011-03-15,12,65+,78.0000,78.2704,66.0751,92.2992,0.9338,0.7974,1.0895,0.9639
200,2011-03-16,12,0-5,56.8571,55.4429,46.7057,65.2475,1.2572,1.0644,1.4832,1.3119
200,2011-03-16,12,6-11,49.8571,49.6129,41.8051,59.0619,1.4379,1.2398,1.6699,1.4842
200,2011-03-16,12,12-17,45.5714,47.6121,39.4982,56.6545,1.4456,1.2399,1.6860,1.4301
200,2011-03-16,12,18-44,171.8571,171.7924,147.6965,201.1515,0.8301,0.7199,0.9604,0.8564
200,2011-03-16,12,45-64,153.4286,152.8550,130.3641,177.7228,0.8719,0.7514,1.0112,0.9030
200,2011-03-16,12,65+,79.0000,77.9834,66.1810,91.5901,0.9296,0.7964,1.0835,0.9712
201,2011-03-17,12,0-5,55.2857,55.5691,46.7111,65.1145,1.2444,1.0562,1.4659,1.2878
201,2011-03-17,12,6-11,49.8571,50.1051,41.8044,59.2467,1.4238,1.2251,1.6496,1.4740
201,2011-03-17,12,12-17,47.8571,49.0460,41.1798,58.5268,1.4460,1.2439,1.6866,1.4466
201,2011-03-17,12,18-44,175.1429,172.9397,148.7461,202.3350,0.8247,0.7142,0.9539,0.8538
201,2011-03-17,12,45-64,151.5714,151.5143,129.2354,176.8722,0.8668,0.7469,1.0049,0.9002
201,2011-03-17,12,65+,79.8571,77.5154,65.7544,91.1432,0.9227,0.7918,1.0752,0.9702
202,2011-03-18,12,0-5,54.2857,55.4130,46.4000,65.1163,1.2300,1.0426,1.4508,1.2652
202,2011-03-18,12,6-11,50.4286,50.2712,42.0458,59.0306,1.4085,1.2151,1.6398,1.4644
202,2011-03-18,12,12-17,50.5714,50.5071,42.6617,60.5996,1.4451,1.2418,1.6832,1.4606
202,2011-03-18,12,18-44,175.5714,174.1549,149.8511,203.5158,0.8197,0.7105,0.9466,0.8445
202,2011-03-18,12,45-64,149.8571,150.9373,128.7450,175.9486,0.8629,0.7454,1.0013,0.8889
202,2011-03-18,12,65+,77.8571,77.0705,65.4681,90.7181,0.9183,0.7882,1.0718,0.9510
203,2011-03-19,12,0-5,55.8571,55.1550,46.3359,65.0363,1.2156,1.0317,1.4309,1.2761
203,2011-03-19,12,6-11,52.7143,50.2957,42.1152,59.0950,1.3892,1.1998,1.6101,1.4783
203,2011-03-19,12,12-17,50.7143,52.0507,43.8511,62.0391,1.4368,1.2311,1.6741,1.4414
203,2011-03-19,12,18-44,175.1429,174.9759,151.4396,204.3093,0.8132,0.7042,0.9426,0.8389
203,2011-03-19,12,45-64,148.5714,149.9204,128.3893,174.3900,0.8582,0.7402,0.9982,0.8782
203,2011-03-19,12,65+,76.2857,76.6696,65.3245,90.3183,0.9142,0.7839,1.0661,0.9365
204,2011-03-20,13,0-5,56.0000,54.7444,46.0554,64.9180,1.1968,1.0151,1.4071,1.2744
204,2011-03-20,13,6-11,51.2857,50.0071,42.0347,58.9194,1.3689,1.1867,1.5927,1.4571
204,2011-03-20,13,12-17,55.1429,53.4306,45.1500,63.6012,1.4272,1.2233,1.6692,1.4861
204,2011-03-20,13,18-44,176.7143,175.3546,151.9293,205.0642,0.8074,0.6999,0.9356,0.8411
204,2011-03-20,13,45-64,149.7143,149.5475,128.2066,174.5766,0.8556,0.7376,0.9936,0.8828
204,2011-03-20,13,65+,76.0000,76.2789,64.9217,89.9381,0.9126,0.7815,1.0657,0.9372
205,2011-03-21,13,0-5,54.7143,54.1382,45.8577,64.0937,1.1877,1.0070,1.3965,1.2537
205,2011-03-21,13,6-11,49.5714,49.5599,41.4290,58.4500,1.3605,1.1733,1.5806,1.4275
205,2011-03-21,13,12-17,56.4286,54.7110,46.1634,64.8212,1.4125,1.2128,1.6427,1.4850
205,2011-03-21,13,18-44,177.4286,175.0268,151.7696,204.8183,0.8053,0.6964,0.9295,0.8374
205,2011-03-21,13,45-64,151.8571,149.6093,128.0490,174.5250,0.8558,0.7366,0.9920,0.8828
205,2011-03-21,13,65+,75.1429,76.2324,64.8123,89.5017,0.9156,0.7816,1.0698,0.9335
206,2011-03-22,13,0-5,53.5714,53.3528,45.0230,63.4655,1.1788,1.0008,1.3908,1.2320
206,2011-03-22,13,6-11,48.4286,48.9263,41.1998,58.0827,1.3553,1.1710,1.5725,1.4031
206,2011-03-22,13,12-17,58.2857,55.4694,46.9188,65.4248,1.4039,1.2052,1.6307,1.4813
206,2011-03-22,13,18-44,175.5714,174.8469,151.5672,204.2203,0.8038,0.6969,0.9286,0.8277
206,2011-03-22,13,45-64,150.4286,150.5789,128.3094,175.4422,0.8573,0.7401,0.9964,0.8762
206,2011-03-22,13,65+,77.0000,76.0856,64.9156,89.3621,0.9189,0.7861,1.0776,0.9363
207,2011-03-23,13,0-5,52.7143,52.4526,44.1547,62.4168,1.1809,1.0021,1.3839,1.2178
207,2011-03-23,13,6-11,48.1429,48.2647,40.7009,57.6173,1.3581,1.1752,1.5712,1.3892
207,2011-03-23,13,12-17,57.4286,55.8217,47.1305,66.3063,1.3981,1.1967,1.6282,1.4431
207,2011-03-23,13,18-44,175.0000,174.6932,151.0428,204.7202,0.8080,0.7014,0.9327,0.8159
207,2011-03-23,13,45-64,147.8571,151.4486,129.3627,176.3944,0.8642,0.7453,1.0037,0.8599
207,2011-03-23,13,65+,74.7143,76.3082,64.6840,89.7374,0.9280,0.7952,1.0876,0.9154
208,2011-03-24,13,0-5,52.7143,51.5742,43.5529,61.3146,1.1884,1.0092,1.3958,1.2115
208,2011-03-24,13,6-11,47.0000,47.6872,40.0089,56.9622,1.3658,1.1791,1.5825,1.3662
208,2011-03-24,13,12-17,55.1429,55.8267,47.3287,66.1147,1.3970,1.2030,1.6242,1.3977
208,2011-03-24,13,18-44,171.7143,174.0699,149.7319,204.9038,0.8142,0.7057,0.9418,0.8050
208,2011-03-24,13,45-64,147.5714,152.8523,131.2234,179.4643,0.8727,0.7519,1.0137,0.8489
208,2011-03-24,13,65+,73.4286,76.6284,64.8466,90.5375,0.9403,0.8031,1.0981,0.9041
209,2011-03-25,13,0-5,51.8571,50.9536,42.9685,60.7260,1.2038,1.0192,1.4201,1.2169
209,2011-03-25,13,6-11,48.0000,47.1411,39.6848,55.9812,1.3732,1.1814,1.5881,1.3966
209,2011-03-25,13,12-17,55.1429,55.6462,46.8019,65.7770,1.3953,1.1973,1.6250,1.4158
209,2011-03-25,13,18-44,172.1429,173.6443,150.1588,203.0719,0.8212,0.7094,0.9527,0.8212
209,2011-03-25,13,45-64,153.1429,154.6552,133.0732,182.3874,0.8798,0.7571,1.0252,0.8734
209,2011-03-25,13,65+,77.0000,76.9707,65.0976,91.3417,0.9496,0.8103,1.1123,0.9390
210,2011-03-26,13,0-5,48.4286,50.5563,42.6620,60.0849,1.2258,1.0363,1.4461,1.1880
210,2011-03-26,13,6-11,45.2857,46.7034,39.1422,55.7502,1.3776,1.1887,1.6036,1.3753
210,2011-03-26,13,12-17,57.1429,55.1586,46.3737,65.4162,1.3935,1.1974,1.6212,1.4489
210,2011-03-26,13,18-44,173.8571,173.1492,149.7381,201.6060,0.8271,0.7150,0.9571,0.8280
210,2011-03-26,13,45-64,156.8571,156.2432,133.3175,184.0955,0.8845,0.7630,1.0288,0.8890
210,2011-03-26,13,65+,78.7143,77.7073,65.7377,92.0977,0.9575,0.8197,1.1178,0.9565
211,2011-03-27,14,0-5,46.1429,50.4271,42.5184,59.6374,1.2517,1.0611,1.4782,1.1555
211,2011-03-27,14,6-11,44.8571,46.2620,38.6930,55.2641,1.3892,1.1971,1.6107,1.3557
211,2011-03-27,14,12-17,53.5714,54.4973,45.7621,64.5650,1.3960,1.2026,1.6218,1.3956
211,2011-03-27,14,18-44,169.0000,173.2888,149.8377,202.0051,0.8348,0.7237,0.9656,0.8119
211,2011-03-27,14,45-64,158.1429,157.9652,135.2002,185.2553,0.8913,0.7681,1.0319,0.8747
211,2011-03-27,14,65+,76.2857,78.6385,66.5324,92.6189,0.9659,0.8248,1.1268,0.9362
212,2011-03-28,14,0-5,46.4286,50.7545,42.7148,59.9982,1.2787,1.0822,1.5055,1.1747
212,2011-03-28,14,6-11,46.0000,45.8667,38.3168,54.7174,1.3939,1.2032,1.6090,1.3821
212,2011-03-28,14,12-17,52.8571,53.8363,45.3456,63.8525,1.3934,1.1997,1.6116,1.3929
212,2011-03-28,14,18-44,169.1429,173.4079,149.0310,201.2215,0.8396,0.7280,0.9667,0.8181
212,2011-03-28,14,45-64,157.5714,159.1333,136.1666,186.5233,0.8917,0.7696,1.0314,0.8790
212,2011-03-28,14,65+,78.5714,79.2278,67.3916,93.6618,0.9664,0.8270,1.1303,0.9488
213,2011-03-29,14,0-5,51.1429,51.5714,43.2882,61.1818,1.2925,1.0979,1.5237,1.2564
213,2011-03-29,14,6-11,46.4286,45.4868,37.9288,54.1265,1.3900,1.1983,1.6134,1.4168
213,2011-03-29,14,12-17,52.8571,53.1898,44.7423,63.3183,1.3844,1.1917,1.6037,1.4146
213,2011-03-29,14,18-44,172.7143,173.4987,149.1511,201.7758,0.8368,0.7269,0.9678,0.8423
213,2011-03-29,14,45-64,160.5714,160.0653,137.4498,186.6858,0.8850,0.7646,1.0254,0.8989
213,2011-03-29,14,65+,80.5714,80.1920,68.3152,95.0673,0.9604,0.8228,1.1216,0.9711
214,2011-03-30,14,0-5,53.7143,52.5355,43.9860,62.3568,1.2921,1.0942,1.5218,1.3019
214,2011-03-30,14,6-11,45.7143,45.1047,37.6510,53.3665,1.3739,1.1841,1.5951,1.4284
214,2011-03-30,14,12-17,51.4286,52.4290,44.1435,62.4686,1.3683,1.1756,1.5921,1.4186
214,2011-03-30,14,18-44,177.1429,173.4726,149.6836,203.0889,0.8261,0.7153,0.9542,0.8610
214,2011-03-30,14,45-64,165.1429,159.6709,136.8305,184.8283,0.8696,0.7506,1.0087,0.9175
214,2011-03-30,14,65+,82.5714,80.8396,68.5147,95.8172,0.9457,0.8089,1.1037,0.9911
215,2011-03-31,14,0-5,54.0000,53.8364,45.0334,63.8853,1.2880,1.0939,1.5201,1.2934
215,2011-03-31,14,6-11,45.4286,44.5526,37.1591,52.7213,1.3598,1.1718,1.5755,1.4196
215,2011-03-31,14,12-17,51.7143,51.6667,43.5755,61.4393,1.3528,1.1648,1.5730,1.4204
215,2011-03-31,14,18-44,176.5714,173.7380,150.0509,203.3551,0.8160,0.7061,0.9455,0.8559
215,2011-03-31,14,45-64,165.8571,158.1249,135.8412,184.0546,0.8554,0.7362,0.9979,0.9132
215,2011-03-31,14,65+,83.0000,81.3601,68.6830,95.9837,0.9284,0.7934,1.0892,0.9861
216,2011-04-01,14,0-5,55.2857,55.1861,46.3282,65.2297,1.2769,1.0804,1.5039,1.2836
216,2011-04-01,14,6-11,42.8571,43.9930,36.9433,52.1422,1.3439,1.1588,1.5597,1.3666
216,2011-04-01,14,12-17,50.8571,51.2661,43.1140,60.5788,1.3345,1.1457,1.5508,1.3782
216,2011-04-01,14,18-44,175.2857,173.5149,149.4146,203.3927,0.8045,0.6956,0.9314,0.8303
216,2011-04-01,14,45-64,155.7143,156.1468,134.5723,182.7625,0.8413,0.7246,0.9774,0.8778
216,2011-04-01,14,65+,82.8571,81.4283,68.6511,96.4510,0.9135,0.7813,1.0681,0.9559
217,2011-04-02,14,0-5,58.5714,56.3518,47.5381,66.5526,1.2555,1.0619,1.4874,1.3029
217,2011-04-02,14,6-11,43.5714,43.4216,36.6474,51.9143,1.3264,1.1428,1.5404,1.3700
217,2011-04-02,14,12-17,52.0000,50.7186,42.7598,60.0027,1.3145,1.1315,1.5290,1.3821
217,2011-04-02,14,18-44,171.5714,173.8981,148.7165,202.1821,0.7900,0.6841,0.9173,0.8216
217,2011-04-02,14,45-64,152.2857,153.9612,132.4437,180.3451,0.8261,0.7109,0.9577,0.8649
217,2011-04-02,14,65+,82.7143,81.4008,69.0302,95.8512,0.8983,0.7673,1.0488,0.9443
218,2011-04-03,15,0-5,61.2857,57.4343,48.1700,67.8304,1.2372,1.0461,1.4687,1.3427
218,2011-04-03,15,6-11,44.2857,43.0588,36.2028,51.3330,1.3087,1.1272,1.5218,1.4031
218,2011-04-03,15,12-17,50.8571,50.0459,42.0492,58.9718,1.2991,1.1152,1.5138,1.3842
218,2011-04-03,15,18-44,179.1429,172.9045,149.0931,201.7373,0.7791,0.6731,0.9012,0.8398
218,2011-04-03,15,45-64,151.1429,151.2949,130.3187,177.4499,0.8146,0.6989,0.9434,0.8757
218,2011-04-03,15,65+,83.4286,80.9116,68.8405,95.0562,0.8855,0.7565,1.0329,0.9547
219,2011-04-04,15,0-5,60.8571,58.0543,48.8896,68.5066,1.2237,1.0301,1.4470,1.3134
219,2011-04-04,15,6-11,43.4286,42.6023,35.6322,50.9437,1.2960,1.1152,1.5021,1.3802
219,2011-04-04,15,12-17,49.5714,49.4023,41.5423,58.2002,1.2859,1.1043,1.4980,1.3640
219,2011-04-04,15,18-44,177.0000,171.4675,147.4728,200.5997,0.7694,0.6660,0.8914,0.8277
219,2011-04-04,15,45-64,150.8571,148.4844,127.5518,173.7552,0.8043,0.6927,0.9359,0.8648
219,2011-04-04,15,65+,80.5714,80.1839,68.4777,94.4848,0.8734,0.7473,1.0218,0.9354
220,2011-04-05,15,0-5,58.7143,58.4536,49.4140,69.0924,1.2174,1.0244,1.4413,1.2557
220,2011-04-05,15,6-11,41.5714,42.1814,35.2513,50.4463,1.2914,1.1134,1.4955,1.3286
220,2011-04-05,15,12-17,47.0000,48.5954,40.8687,57.4723,1.2825,1.0974,1.4912,1.3156
220,2011-04-05,15,18-44,170.7143,169.9885,145.9847,198.5350,0.7669,0.6645,0.8906,0.7996
220,2011-04-05,15,45-64,148.0000,146.0061,125.3320,170.6628,0.8031,0.6913,0.9367,0.8387
220,2011-04-05,15,65+,76.4286,79.2000,67.5835,93.1318,0.8722,0.7448,1.0204,0.9013
221,2011-04-06,15,0-5,56.1429,58.7994,49.5209,69.6145,1.2228,1.0348,1.4525,1.1983
221,2011-04-06,15,6-11,41.2857,41.7847,34.8624,49.9613,1.2916,1.1151,1.5014,1.2980
221,2011-04-06,15,12-17,47.7143,47.8349,40.3857,56.7310,1.2862,1.1031,1.5008,1.2989
221,2011-04-06,15,18-44,161.1429,168.3193,143.6030,196.5933,0.7719,0.6677,0.8948,0.7673
221,2011-04-06,15,45-64,137.7143,143.7936,122.8998,167.5494,0.8077,0.6951,0.9410,0.8069
221,2011-04-06,15,65+,77.0000,78.0690,66.4214,91.3023,0.8743,0.7475,1.0222,0.8832
222,2011-04-07,15,0-5,56.7143,58.8592,49.7219,69.7596,1.2408,1.0509,1.4653,1.2214
222,2011-04-07,15,6-11,41.5714,41.2026,34.3815,49.1062,1.3042,1.1260,1.5167,1.3263
222,2011-04-07,15,12-17,48.2857,46.9791,39.7028,55.6683,1.2971,1.1135,1.5029,1.3315
222,2011-04-07,15,18-44,162.4286,166.2439,142.8571,194.9438,0.7826,0.6763,0.9048,0.7840
222,2011-04-07,15,45-64,138.2857,141.8647,120.7939,165.6674,0.8200,0.7028,0.9495,0.8246
222,2011-04-07,15,65+,77.2857,76.8232,65.2732,89.8794,0.8825,0.7548,1.0302,0.9017
223,2011-04-08,15,0-5,57.2857,58.9364,49.6052,70.0399,1.2561,1.0572,1.4886,1.2379
223,2011-04-08,15,6-11,41.1429,40.6466,33.7259,48.4313,1.3193,1.1373,1.5312,1.3341
223,2011-04-08,15,12-17,47.5714,46.1398,38.9735,54.6411,1.3078,1.1209,1.5235,1.3371
223,2011-04-08,15,18-44,162.1429,164.4409,140.7840,192.0649,0.7928,0.6865,0.9209,0.7910
223,2011-04-08,15,45-64,138.1429,140.1748,119.1412,163.8393,0.8312,0.7146,0.9695,0.8299
223,2011-04-08,15,65+,74.4286,75.4094,64.4492,88.6201,0.8901,0.7604,1.0451,0.8982
224,2011-04-09,15,0-5,57.8571,59.1193,49.8849,70.1884,1.2710,1.0730,1.4988,1.2521
224,2011-04-09,15,6-11,40.4286,40.1340,33.4674,47.8348,1.3346,1.1503,1.5481,1.3303
224,2011-04-09,15,12-17,42.8571,45.3020,38.1501,53.7354,1.3247,1.1414,1.5339,1.2818
224,2011-04-09,15,18-44,163.0000,163.2029,139.9369,190.1359,0.8026,0.6944,0.9293,0.7901
224,2011-04-09,15,45-64,134.4286,138.9947,119.0959,163.1398,0.8419,0.7247,0.9791,0.8218
224,2011-04-09,15,65+,71.5714,73.7000,63.1676,86.7866,0.8975,0.7675,1.0477,0.8859
225,2011-04-10,16,0-5,57.7143,59.2614,50.1341,70.5681,1.2793,1.0802,1.5157,1.2506
225,2011-04-10,16,6-11,39.8571,39.6886,32.9217,47.2355,1.3515,1.1634,1.5722,1.3300
225,2011-04-10,16,12-17,42.7143,44.4445,37.3844,52.5082,1.3398,1.1548,1.5579,1.2987
225,2011-04-10,16,18-44,158.5714,161.7183,139.0049,188.0770,0.8113,0.7031,0.9407,0.7935
225,2011-04-10,16,45-64,136.1429,138.3910,118.2493,162.6118,0.8519,0.7344,0.9921,0.8330
225,2011-04-10,16,65+,72.5714,72.1809,61.5005,85.2544,0.9039,0.7737,1.0546,0.9035
226,2011-04-11,16,0-5,61.2857,59.4141,50.3876,70.3442,1.2824,1.0812,1.5155,1.2975
226,2011-04-11,16,6-11,38.0000,39.2999,32.5748,46.8764,1.3638,1.1749,1.5870,1.3236
226,2011-04-11,16,12-17,42.4286,43.6216,36.7505,51.7421,1.3475,1.1604,1.5733,1.3154
226,2011-04-11,16,18-44,158.0000,160.4661,137.9683,186.1245,0.8160,0.7059,0.9462,0.8050
226,2011-04-11,16,45-64,136.7143,138.5307,118.0308,162.1584,0.8574,0.7386,0.9977,0.8447
226,2011-04-11,16,65+,72.5714,70.6244,59.9358,83.7233,0.9063,0.7776,1.0592,0.9164
227,2011-04-12,16,0-5,61.2857,59.5330,50.3263,70.6526,1.2779,1.0778,1.5089,1.3016
227,2011-04-12,16,6-11,38.2857,39.0852,32.3834,46.8974,1.3754,1.1868,1.6030,1.3438
227,2011-04-12,16,12-17,44.7143,42.9066,36.2115,51.0563,1.3543,1.1645,1.5803,1.3652
227,2011-04-12,16,18-44,158.5714,159.0681,137.1344,184.6053,0.8159,0.7075,0.9436,0.8139
227,2011-04-12,16,45-64,137.4286,138.4654,117.7934,162.1480,0.8575,0.7388,0.9975,0.8536
227,2011-04-12,16,65+,69.7143,69.1074,58.4997,81.2794,0.9052,0.7737,1.0592,0.9124
228,2011-04-13,16,0-5,61.4286,59.5569,50.0744,70.3256,1.2657,1.0701,1.4956,1.3088
228,2011-04-13,16,6-11,39.1429,39.0293,32.5402,46.9609,1.3796,1.1876,1.6019,1.3698
228,2011-04-13,16,12-17,42.5714,42.4144,35.8286,50.3760,1.3526,1.1587,1.5727,1.3577
228,2011-04-13,16,18-44,160.5714,157.7295,136.1087,183.7366,0.8102,0.7014,0.9346,0.8249
228,2011-04-13,16,45-64,141.7143,138.2874,117.7429,161.5010,0.8512,0.7316,0.9875,0.8640
228,2011-04-13,16,65+,65.2857,67.6782,56.7296,79.5870,0.8992,0.7686,1.0507,0.9040
229,2011-04-14,16,0-5,59.7143,59.2952,49.7008,69.8888,1.2499,1.0601,1.4791,1.2872
229,2011-04-14,16,6-11,38.2857,39.3353,32.8797,47.1117,1.3801,1.1871,1.6038,1.3601
229,2011-04-14,16,12-17,41.2857,42.1242,35.4927,50.5433,1.3457,1.1526,1.5633,1.3464
229,2011-04-14,16,18-44,161.0000,156.1496,134.6808,181.8947,0.7995,0.6930,0.9237,0.8237
229,2011-04-14,16,45-64,141.4286,137.6562,118.2307,160.9694,0.8399,0.7215,0.9748,0.8652
229,2011-04-14,16,65+,65.1429,66.2508,55.8392,78.1140,0.8901,0.7623,1.0422,0.9074
230,2011-04-15,16,0-5,58.5714,58.9486,49.3111,69.3184,1.2369,1.0456,1.4647,1.2617
230,2011-04-15,16,6-11,40.4286,39.8481,33.1931,47.7023,1.3757,1.1882,1.6063,1.3784
230,2011-04-15,16,12-17,41.5714,41.9139,35.1625,50.3856,1.3361,1.1447,1.5555,1.3478
230,2011-04-15,16,18-44,155.1429,154.7036,133.1350,179.7580,0.7883,0.6835,0.9125,0.8123
230,2011-04-15,16,45-64,140.4286,136.2870,117.5965,158.8654,0.8258,0.7110,0.9586,0.8568
230,2011-04-15,16,65+,64.4286,65.1508,54.8926,77.1277,0.8769,0.7510,1.0235,0.9014
231,2011-04-16,16,0-5,58.0000,58.5451,49.3979,68.7469,1.2273,1.0367,1.4564,1.2635
231,2011-04-16,16,6-11,41.1429,40.4883,33.6068,48.1915,1.3725,1.1765,1.5998,1.3948
231,2011-04-16,16,12-17,40.5714,41.8130,35.0480,49.9751,1.3280,1.1352,1.5454,1.3443
231,2011-04-16,16,18-44,155.2857,152.7463,131.5815,178.4103,0.7777,0.6727,0.9010,0.8181
231,2011-04-16,16,45-64,139.1429,134.4575,115.6172,156.2273,0.8134,0.6998,0.9433,0.8653
231,2011-04-16,16,65+,68.4286,64.2825,54.5220,76.1596,0.8649,0.7406,1.0139,0.9291
232,2011-04-17,17,0-5,58.1429,57.9612,49.1128,68.3557,1.2230,1.0312,1.4519,1.2588
232,2011-04-17,17,6-11,41.2857,41.0754,34.2875,49.1707,1.3621,1.1690,1.5892,1.3848
232,2011-04-17,17,12-17,42.1429,41.9375,35.0452,49.9719,1.3173,1.1330,1.5335,1.3567
232,2011-04-17,17,18-44,152.4286,150.5717,129.7512,176.4390,0.7686,0.6639,0.8915,0.8067
232,2011-04-17,17,45-64,135.4286,132.2227,113.7154,153.9737,0.8020,0.6894,0.9323,0.8493
232,2011-04-17,17,65+,65.1429,63.2792,54.0792,75.2431,0.8530,0.7299,0.9974,0.9030
233,2011-04-18,17,0-5,57.5714,57.5288,48.7869,67.6623,1.2205,1.0356,1.4421,1.2425
233,2011-04-18,17,6-11,43.7143,41.6887,35.1170,50.2443,1.3581,1.1683,1.5798,1.3964
233,2011-04-18,17,12-17,41.5714,41.9866,35.1150,49.9257,1.3067,1.1196,1.5227,1.3305
233,2011-04-18,17,18-44,147.7143,148.4747,127.9035,174.1133,0.7639,0.6627,0.8828,0.7876
233,2011-04-18,17,45-64,129.7143,129.7139,111.4708,150.6764,0.7948,0.6843,0.9244,0.8224
233,2011-04-18,17,65+,61.0000,62.5812,53.2055,74.3787,0.8468,0.7254,0.9867,0.8667
234,2011-04-19,17,0-5,54.7143,57.1722,48.4939,67.4749,1.2282,1.0385,1.4521,1.2103
234,2011-04-19,17,6-11,42.8571,42.2405,35.5815,50.6041,1.3566,1.1666,1.5804,1.3718
234,2011-04-19,17,12-17,40.5714,41.9424,35.0454,50.1680,1.3040,1.1164,1.5230,1.3100
234,2011-04-19,17,18-44,145.8571,146.3210,125.4902,171.9808,0.7658,0.6633,0.8865,0.7773
234,2011-04-19,17,45-64,125.1429,126.9939,108.8031,147.3171,0.7949,0.6846,0.9254,0.8131
234,2011-04-19,17,65+,61.5714,61.8069,52.4649,72.9944,0.8449,0.7246,0.9888,0.8664
235,2011-04-20,17,0-5,56.0000,56.9525,48.3701,67.3929,1.2326,1.0429,1.4567,1.2246
235,2011-04-20,17,6-11,42.4286,42.6404,35.8802,50.9022,1.3555,1.1657,1.5800,1.3591
235,2011-04-20,17,12-17,42.5714,41.7738,34.9985,49.9686,1.3047,1.1198,1.5244,1.3309
235,2011-04-20,17,18-44,141.5714,144.7425,123.5374,169.3036,0.7693,0.6655,0.8884,0.7702
235,2011-04-20,17,45-64,119.5714,123.9813,106.5335,144.1560,0.7982,0.6866,0.9293,0.8037
235,2011-04-20,17,65+,61.5714,60.9089,51.6833,71.8464,0.8469,0.7247,0.9925,0.8634
236,2011-04-21,17,0-5,58.5714,56.7483,48.3404,67.0617,1.2376,1.0475,1.4676,1.2673
236,2011-04-21,17,6-11,44.1429,42.7221,35.8847,51.2287,1.3577,1.1669,1.5814,1.3932
236,2011-04-21,17,12-17,42.1429,41.5311,34.7659,49.3694,1.3062,1.1213,1.5263,1.3383
236,2011-04-21,17,18-44,139.7143,143.0713,122.4577,167.3674,0.7734,0.6686,0.8953,0.7819
236,2011-04-21,17,45-64,119.5714,121.5712,104.2255,141.9121,0.8044,0.6917,0.9341,0.8146
236,2011-04-21,17,65+,62.0000,59.9636,50.8142,70.6579,0.8529,0.7275,0.9968,0.8791
237,2011-04-22,17,0-5,56.8571,56.4441,47.6739,66.9637,1.2476,1.0520,1.4757,1.2612
237,2011-04-22,17,6-11,42.8571,42.7719,35.8528,51.0773,1.3630,1.1693,1.5817,1.3808
237,2011-04-22,17,12-17,40.2857,41.1546,34.4328,48.8662,1.3091,1.1224,1.5266,1.3165
237,2011-04-22,17,18-44,144.1429,141.5688,121.3987,165.5887,0.7806,0.6747,0.9040,0.7856
237,2011-04-22,17,45-64,116.7143,119.6235,102.4059,139.9650,0.8114,0.6983,0.9466,0.8118
237,2011-04-22,17,65+,58.2857,58.9073,49.8468,69.6270,0.8618,0.7353,1.0077,0.8624
238,2011-04-23,17,0-5,55.8571,56.2714,47.5466,66.5441,1.2540,1.0611,1.4906,1.2388
238,2011-04-23,17,6-11,42.1429,42.6083,35.5539,50.7983,1.3704,1.1788,1.5939,1.3599
238,2011-04-23,17,12-17,42.0000,40.6615,34.0804,48.5989,1.3081,1.1238,1.5243,1.3415
238,2011-04-23,17,18-44,138.4286,140.7484,120.2730,164.6030,0.7871,0.6805,0.9112,0.7762
238,2011-04-23,17,45-64,117.1429,118.4082,101.5769,138.5814,0.8201,0.7039,0.9539,0.8077
238,2011-04-23,17,65+,55.1429,57.8997,48.5857,68.7374,0.8715,0.7462,1.0240,0.8476
239,2011-04-24,18,0-5,55.4286,56.1171,47.4145,66.1945,1.2721,1.0754,1.5085,1.2387
239,2011-04-24,18,6-11,40.7143,42.3777,35.3085,50.5900,1.3764,1.1852,1.6009,1.3428
239,2011-04-24,18,12-17,40.4286,40.0143,33.5324,47.8659,1.3092,1.1255,1.5235,1.3210
239,2011-04-24,18,18-44,137.5714,139.9096,119.6062,163.7157,0.7945,0.6876,0.9197,0.7754
239,2011-04-24,18,45-64,115.0000,117.4475,100.4988,137.8618,0.8294,0.7111,0.9673,0.8074
239,2011-04-24,18,65+,55.2857,57.2441,47.8625,68.2348,0.8854,0.7571,1.0385,0.8535
240,2011-04-25,18,0-5,54.8571,56.0580,47.1291,66.2207,1.2873,1.0898,1.5292,1.2430
240,2011-04-25,18,6-11,41.4286,42.0142,35.1415,50.4784,1.3812,1.1888,1.6082,1.3624
240,2011-04-25,18,12-17,39.5714,39.2010,32.7349,46.9012,1.3076,1.1239,1.5242,1.3150
240,2011-04-25,18,18-44,137.2857,139.2236,118.5611,163.1368,0.7999,0.6924,0.9242,0.7791
240,2011-04-25,18,45-64,112.0000,116.6242,99.5883,137.5902,0.8368,0.7166,0.9738,0.8095
240,2011-04-25,18,65+,56.1429,56.7106,47.3834,67.7363,0.8984,0.7667,1.0533,0.8646
241,2011-04-26,18,0-5,57.2857,56.2440,47.3785,66.7272,1.3010,1.0981,1.5406,1.2873
241,2011-04-26,18,6-11,43.1429,41.7086,35.0785,50.3811,1.3836,1.1899,1.6046,1.4048
241,2011-04-26,18,12-17,37.5714,38.2905,32.0644,45.7698,1.3004,1.1168,1.5189,1.3093
241,2011-04-26,18,18-44,136.8571,138.0471,117.8766,162.0686,0.8012,0.6932,0.9284,0.7956
241,2011-04-26,18,45-64,114.5714,116.1365,99.1575,136.3355,0.8384,0.7197,0.9788,0.8260
241,2011-04-26,18,65+,56.0000,56.4057,47.3785,66.9408,0.9084,0.7736,1.0644,0.8815
242,2011-04-27,18,0-5,56.1429,56.6079,47.7745,67.1080,1.3120,1.1044,1.5585,1.2905
242,2011-04-27,18,6-11,42.2857,41.4642,34.7260,50.0635,1.3795,1.1883,1.6048,1.4106
242,2011-04-27,18,12-17,35.7143,37.3031,31.2602,44.4635,1.2885,1.1065,1.5010,1.3104
242,2011-04-27,18,18-44,140.4286,136.6106,117.1482,160.5596,0.7977,0.6896,0.9217,0.8124
242,2011-04-27,18,45-64,117.7143,115.9875,98.4940,135.7173,0.8340,0.7162,0.9700,0.8467
242,2011-04-27,18,65+,56.0000,56.6787,48.0128,67.4164,0.9099,0.7752,1.0645,0.8997
243,2011-04-28,18,0-5,54.4286,57.2420,48.4996,67.8911,1.3192,1.1162,1.5681,1.2691
243,2011-04-28,18,6-11,40.1429,41.1565,34.3409,49.7123,1.3740,1.1777,1.6035,1.3817
243,2011-04-28,18,12-17,37.5714,36.2424,30.1495,43.1857,1.2707,1.0933,1.4807,1.3466
243,2011-04-28,18,18-44,140.2857,135.1216,115.8596,159.2682,0.7893,0.6838,0.9130,0.8107
243,2011-04-28,18,45-64,116.8571,115.3570,97.8749,134.8651,0.8246,0.7099,0.9594,0.8489
243,2011-04-28,18,65+,56.0000,56.9938,48.4694,67.6465,0.9079,0.7762,1.0650,0.9013
244,2011-04-29,18,0-5,59.1429,58.3167,49.2548,69.3060,1.3270,1.1192,1.5728,1.3195
244,2011-04-29,18,6-11,41.1429,40.9217,34.1614,48.8907,1.3631,1.1745,1.5904,1.3950
244,2011-04-29,18,12-17,35.5714,35.2413,29.3944,42.0398,1.2525,1.0752,1.4607,1.3180
244,2011-04-29,18,18-44,135.4286,133.0587,113.3261,156.1003,0.7783,0.6749,0.8985,0.8093
244,2011-04-29,18,45-64,116.5714,114.2740,96.9029,133.2444,0.8108,0.6960,0.9417,0.8466
244,2011-04-29,18,65+,58.0000,57.5858,48.9877,68.4765,0.9001,0.7672,1.0532,0.9133
245,2011-04-30,18,0-5,60.7143,59.9580,50.2956,71.1565,1.3229,1.1183,1.5732,1.3374
245,2011-04-30,18,6-11,41.2857,40.8138,34.1161,48.9973,1.3523,1.1676,1.5735,1.4048
245,2011-04-30,18,12-17,35.2857,34.3629,28.7143,40.9120,1.2374,1.0608,1.4409,1.3246
245,2011-04-30,18,18-44,134.8571,130.6282,111.4512,153.1895,0.7671,0.6660,0.8845,0.8147
245,2011-04-30,18,45-64,116.5714,112.5172,96.2314,131.5759,0.7970,0.6842,0.9275,0.8536
245,2011-04-30,18,65+,60.2857,58.2391,49.6491,69.3890,0.8905,0.7577,1.0445,0.9309
246,2011-05-01,19,0-5,62.7143,61.4992,51.6399,73.1793,1.3263,1.1173,1.5711,1.3432
246,2011-05-01,19,6-11,42.1429,40.6565,34.1764,48.9827,1.3433,1.1547,1.5641,1.4064
246,2011-05-01,19,12-17,32.8571,33.4526,27.9431,40.0671,1.2236,1.0499,1.4262,1.2824
246,2011-05-01,19,18-44,130.5714,128.0386,109.3099,150.6124,0.7573,0.6570,0.8741,0.8048
246,2011-05-01,19,45-64,114.5714,110.1642,94.4831,128.7984,0.7835,0.6752,0.9114,0.8445
246,2011-05-01,19,65+,63.1429,58.9052,49.9957,69.7433,0.8768,0.7477,1.0286,0.9399
247,2011-05-02,19,0-5,60.0000,63.0642,53.5257,74.7501,1.3275,1.1163,1.5771,1.2440
247,2011-05-02,19,6-11,39.4286,40.6231,34.1298,48.8172,1.3362,1.1486,1.5593,1.2956
247,2011-05-02,19,12-17,31.2857,32.7106,27.2642,39.2112,1.2171,1.0432,1.4180,1.1972
247,2011-05-02,19,18-44,116.8571,125.7425,107.8125,148.0396,0.7511,0.6535,0.8672,0.7338
247,2011-05-02,19,45-64,104.5714,107.7496,91.7365,126.1332,0.7744,0.6685,0.8999,0.7690
247,2011-05-02,19,65+,56.8571,59.5257,50.5278,70.3743,0.8648,0.7393,1.0165,0.8503
248,2011-05-03,19,0-5,64.0000,64.9005,55.0690,76.4979,1.3267,1.1130,1.5719,1.3263
248,2011-05-03,19,6-11,40.5714,40.6023,34.0408,48.5073,1.3329,1.1462,1.5546,1.3667
248,2011-05-03,19,12-17,32.5714,32.0978,26.7645,38.5357,1.2201,1.0423,1.4315,1.2684
248,2011-05-03,19,18-44,124.0000,123.7028,106.2598,145.8329,0.7498,0.6504,0.8649,0.7783
248,2011-05-03,19,45-64,105.1429,104.9291,89.8259,123.3819,0.7725,0.6633,0.8958,0.8116
248,2011-05-03,19,65+,61.7143,59.6948,50.6249,70.3383,0.8573,0.7319,1.0078,0.9092
249,2011-05-04,19,0-5,65.5714,66.3796,56.0059,78.2856,1.3174,1.1073,1.5701,1.3365
249,2011-05-04,19,6-11,40.4286,40.4514,33.8667,48.2934,1.3288,1.1436,1.5510,1.3665
249,2011-05-04,19,12-17,32.1429,31.4521,26.2224,37.8061,1.2308,1.0505,1.4345,1.2638
249,2011-05-04,19,18-44,122.5714,121.9500,104.3600,143.1748,0.7502,0.6507,0.8648,0.7742
249,2011-05-04,19,45-64,101.0000,102.5403,87.5371,120.0143,0.7727,0.6644,0.8981,0.8030
249,2011-05-04,19,65+,61.2857,59.2596,50.3319,69.9048,0.8523,0.7255,1.0003,0.9023
250,2011-05-05,19,0-5,69.5714,67.7053,57.0527,79.7225,1.3063,1.0949,1.5526,1.3748
250,2011-05-05,19,6-11,41.1429,40.1202,33.4743,47.9649,1.3288,1.1426,1.5511,1.3836
250,2011-05-05,19,12-17,30.4286,30.9895,25.8841,37.3417,1.2420,1.0622,1.4551,1.2467
250,2011-05-05,19,18-44,121.2857,120.5042,102.3062,141.0640,0.7525,0.6536,0.8709,0.7791
250,2011-05-05,19,45-64,100.5714,100.4340,84.9712,117.7906,0.7774,0.6684,0.9058,0.8046
250,2011-05-05,19,65+,60.7143,58.2604,49.7879,69.1359,0.8518,0.7278,1.0017,0.9032
251,2011-05-06,19,0-5,69.0000,68.3582,57.8183,80.2925,1.2949,1.0895,1.5386,1.3603
251,2011-05-06,19,6-11,40.5714,39.7446,33.1902,47.7051,1.3302,1.1419,1.5487,1.3832
251,2011-05-06,19,12-17,30.8571,30.6471,25.5226,36.6276,1.2636,1.0813,1.4784,1.2731
251,2011-05-06,19,18-44,122.5714,119.4272,101.0508,139.1033,0.7605,0.6580,0.8781,0.7855
251,2011-05-06,19,45-64,101.4286,98.5640,83.6694,115.0675,0.7887,0.6774,0.9148,0.8144
251,2011-05-06,19,65+,59.8571,57.2169,48.6670,68.1154,0.8587,0.7334,1.0059,0.9065
252,2011-05-07,19,0-5,68.7143,68.4382,58.2792,80.5690,1.2849,1.0820,1.5289,1.2758
252,2011-05-07,19,6-11,37.7143,39.3117,33.0083,47.2333,1.3391,1.1507,1.5550,1.2547
252,2011-05-07,19,12-17,28.1429,30.4525,25.2558,36.5642,1.2955,1.1079,1.5152,1.1400
252,2011-05-07,19,18-44,108.0000,118.8830,101.6788,138.5572,0.7735,0.6714,0.8924,0.6976
252,2011-05-07,19,45-64,86.4286,97.7839,83.4541,114.0764,0.8071,0.6952,0.9379,0.7094
252,2011-05-07,19,65+,49.7143,56.0815,47.5603,66.6906,0.8733,0.7448,1.0211,0.7774
253,2011-05-08,20,0-5,68.7143,68.1186,57.9143,80.1294,1.2761,1.0721,1.5121,1.3043
253,2011-05-08,20,6-11,39.2857,38.8811,32.5907,46.4840,1.3448,1.1561,1.5630,1.3303
253,2011-05-08,20,12-17,31.2857,30.4088,25.2074,36.5291,1.3204,1.1309,1.5446,1.2588
253,2011-05-08,20,18-44,112.7143,118.8753,101.7218,139.2422,0.7864,0.6811,0.9107,0.7415
253,2011-05-08,20,45-64,91.7143,97.7779,83.3046,113.9934,0.8251,0.7095,0.9639,0.7621
253,2011-05-08,20,65+,50.4286,55.0945,46.5989,65.3549,0.8883,0.7568,1.0440,0.8254
254,2011-05-09,20,0-5,71.1429,66.9548,57.0845,79.0034,1.2662,1.0680,1.4977,1.4028
254,2011-05-09,20,6-11,40.1429,38.2037,31.9798,45.7162,1.3438,1.1584,1.5640,1.4416
254,2011-05-09,20,12-17,31.7143,30.3666,25.1019,36.5121,1.3443,1.1531,1.5742,1.3642
254,2011-05-09,20,18-44,128.1429,119.2763,102.6933,139.2111,0.7965,0.6890,0.9211,0.8305
254,2011-05-09,20,45-64,100.7143,98.1081,83.5011,114.9559,0.8420,0.7246,0.9810,0.8615
254,2011-05-09,20,65+,58.1429,54.0383,45.7049,63.8832,0.9023,0.7709,1.0622,0.9486
255,2011-05-10,20,0-5,66.1429,65.3355,55.5951,76.8530,1.2575,1.0587,1.4861,1.2931
255,2011-05-10,20,6-11,36.5714,37.3982,31.2275,44.5684,1.3497,1.1645,1.5653,1.3248
255,2011-05-10,20,12-17,28.0000,30.4616,25.1675,36.9142,1.3683,1.1739,1.5933,1.2453
255,2011-05-10,20,18-44,118.8571,120.0459,102.9659,140.4448,0.8067,0.6996,0.9308,0.7708
255,2011-05-10,20,45-64,96.5714,98.9155,83.9875,116.5560,0.8585,0.7373,0.9990,0.8034
255,2011-05-10,20,65+,52.4286,53.1193,44.9898,62.8152,0.9176,0.7833,1.0761,0.8760
256,2011-05-11,20,0-5,64.5714,63.6713,53.8578,74.9597,1.2562,1.0603,1.4919,1.2801
256,2011-05-11,20,6-11,37.2857,36.5342,30.6113,43.7482,1.3545,1.1673,1.5731,1.3473
256,2011-05-11,20,12-17,29.5714,30.7266,25.3236,37.1201,1.3856,1.1872,1.6151,1.2940
256,2011-05-11,20,18-44,117.8571,121.2283,103.8217,141.9415,0.8153,0.7046,0.9458,0.7790
256,2011-05-11,20,45-64,99.5714,100.6682,85.8168,117.6634,0.8699,0.7471,1.0123,0.8188
256,2011-05-11,20,65+,52.1429,52.7074,44.3702,62.5039,0.9280,0.7922,1.0848,0.8871
257,2011-05-12,20,0-5,60.7143,61.8353,52.0123,72.4828,1.2562,1.0625,1.4914,1.2512
257,2011-05-12,20,6-11,37.0000,35.7534,29.8513,43.0952,1.3585,1.1694,1.5746,1.3556
257,2011-05-12,20,12-17,30.7143,30.9791,25.6568,37.5230,1.3942,1.1967,1.6206,1.3297
257,2011-05-12,20,18-44,119.0000,122.6572,104.9581,143.2663,0.8195,0.7088,0.9469,0.7853
257,2011-05-12,20,45-64,100.7143,102.7544,87.3246,120.5122,0.8755,0.7502,1.0186,0.8300
257,2011-05-12,20,65+,52.0000,52.3412,43.9934,61.8842,0.9290,0.7941,1.0855,0.8955
258,2011-05-13,20,0-5,58.2857,59.9843,50.3347,70.5610,1.2546,1.0634,1.4896,1.2295
258,2011-05-13,20,6-11,34.1429,35.0515,29.2209,42.3513,1.3561,1.1694,1.5728,1.3119
258,2011-05-13,20,12-17,31.7143,31.2976,26.0962,38.1724,1.3876,1.1900,1.6176,1.3429
258,2011-05-13,20,18-44,118.0000,123.5134,105.8577,144.9511,0.8163,0.7078,0.9439,0.7782
258,2011-05-13,20,45-64,100.2857,104.8893,89.8075,122.9691,0.8719,0.7506,1.0141,0.8249
258,2011-05-13,20,65+,50.4286,52.0128,43.5292,61.2394,0.9245,0.7905,1.0843,0.8834
259,2011-05-14,20,0-5,58.1429,58.0990,48.7716,68.4596,1.2543,1.0594,1.4916,1.3206
259,2011-05-14,20,6-11,35.4286,34.4502,28.6410,41.8419,1.3487,1.1649,1.5716,1.4383
259,2011-05-14,20,12-17,33.8571,31.6567,26.3228,38.2978,1.3721,1.1728,1.6008,1.4853
259,2011-05-14,20,18-44,133.7143,124.1301,106.6745,144.6389,0.8056,0.6978,0.9349,0.8755
259,2011-05-14,20,45-64,116.1429,106.5460,91.7010,124.6365,0.8585,0.7369,1.0028,0.9376
259,2011-05-14,20,65+,55.7143,51.7820,43.4169,60.8889,0.9109,0.7781,1.0716,0.9976
260,2011-05-15,21,0-5,55.5714,56.7681,47.7409,67.4339,1.2556,1.0593,1.4834,1.2738
260,2011-05-15,21,6-11,32.7143,33.9410,28.2865,40.9972,1.3354,1.1514,1.5592,1.3603
260,2011-05-15,21,12-17,32.0000,31.8824,26.5232,38.7219,1.3445,1.1577,1.5675,1.3956
260,2011-05-15,21,18-44,130.2857,123.7318,106.2529,143.9950,0.7891,0.6826,0.9119,0.8352
260,2011-05-15,21,45-64,111.2857,107.4962,92.1470,125.3428,0.8365,0.7194,0.9734,0.8896
260,2011-05-15,21,65+,53.4286,51.4534,43.0118,61.0294,0.8901,0.7606,1.0455,0.9461
261,2011-05-16,21,0-5,53.1429,56.0264,47.0870,66.3621,1.2575,1.0565,1.4896,1.2398
261,2011-05-16,21,6-11,32.7143,33.6369,27.8265,40.5767,1.3293,1.1449,1.5506,1.3459
261,2011-05-16,21,12-17,32.7143,32.1111,26.7933,38.9290,1.3194,1.1329,1.5461,1.3871
261,2011-05-16,21,18-44,126.1429,122.5599,105.6781,144.1484,0.7748,0.6703,0.8976,0.8171
261,2011-05-16,21,45-64,112.5714,108.0006,92.8109,125.8333,0.8168,0.7026,0.9534,0.8734
261,2011-05-16,21,65+,51.5714,51.1080,42.8203,60.8864,0.8735,0.7451,1.0231,0.9209
262,2011-05-17,21,0-5,52.8571,55.6337,46.7257,65.9959,1.2642,1.0667,1.5125,1.2240
262,2011-05-17,21,6-11,33.2857,33.5222,27.7183,40.3896,1.3248,1.1401,1.5397,1.3337
262,2011-05-17,21,12-17,34.1429,32.3832,27.0557,39.3777,1.2997,1.1132,1.5170,1.3781
262,2011-05-17,21,18-44,118.7143,120.8063,104.0984,142.8900,0.7626,0.6610,0.8813,0.7901
262,2011-05-17,21,45-64,109.4286,107.7207,92.3311,125.9401,0.8001,0.6876,0.9305,0.8438
262,2011-05-17,21,65+,50.4286,50.9554,42.9043,60.6787,0.8598,0.7319,1.0104,0.8920
263,2011-05-18,21,0-5,55.1429,55.7260,47.0027,65.8678,1.2752,1.0713,1.5082,1.2654
263,2011-05-18,21,6-11,31.5714,33.5929,27.8843,40.5521,1.3264,1.1416,1.5378,1.3124
263,2011-05-18,21,12-17,32.7143,32.6023,27.1983,39.6527,1.2902,1.1032,1.5071,1.3381
263,2011-05-18,21,18-44,118.8571,118.6238,102.0242,140.0244,0.7553,0.6539,0.8709,0.7881
263,2011-05-18,21,45-64,106.8571,106.4582,90.9781,124.7609,0.7885,0.6759,0.9155,0.8337
263,2011-05-18,21,65+,50.1429,50.7383,42.8140,60.3667,0.8503,0.7249,0.9931,0.8850
264,2011-05-19,21,0-5,57.8571,56.0823,47.4546,66.3221,1.2782,1.0747,1.5260,1.3195
264,2011-05-19,21,6-11,33.8571,33.7241,28.0173,40.6805,1.3286,1.1437,1.5443,1.3719
264,2011-05-19,21,12-17,32.1429,32.6693,27.3206,39.7122,1.2891,1.0999,1.5117,1.3384
264,2011-05-19,21,18-44,119.1429,116.2759,99.3163,136.5597,0.7516,0.6503,0.8702,0.8033
264,2011-05-19,21,45-64,107.2857,104.6892,89.4507,121.6763,0.7822,0.6718,0.9119,0.8439
264,2011-05-19,21,65+,50.5714,50.5137,42.5271,60.2118,0.8453,0.7204,0.9920,0.8980
265,2011-05-20,21,0-5,56.7143,56.6454,47.4843,67.0276,1.2883,1.0805,1.5344,1.2782
265,2011-05-20,21,6-11,35.0000,33.8860,28.0856,41.0065,1.3349,1.1493,1.5566,1.3582
265,2011-05-20,21,12-17,32.2857,32.7933,27.5106,39.4925,1.2946,1.1106,1.5144,1.3073
265,2011-05-20,21,18-44,111.1429,114.0545,96.7296,133.4291,0.7525,0.6550,0.8675,0.7692
265,2011-05-20,21,45-64,101.4286,102.2238,87.5093,118.9695,0.7820,0.6752,0.9085,0.8065
265,2011-05-20,21,65+,48.7143,50.2981,42.3406,59.6237,0.8448,0.7210,0.9895,0.8620
266,2011-05-21,21,0-5,56.2857,57.1428,47.9905,67.7437,1.2983,1.0921,1.5418,1.2660
266,2011-05-21,21,6-11,34.2857,34.0451,28.2691,41.1772,1.3459,1.1559,1.5649,1.3372
266,2011-05-21,21,12-17,32.1429,32.9519,27.6311,39.7032,1.3078,1.1215,1.5366,1.2956
266,2011-05-21,21,18-44,108.1429,111.9145,95.1589,131.5325,0.7598,0.6603,0.8760,0.7587
266,2011-05-21,21,45-64,97.5714,99.8567,85.6389,116.6503,0.7887,0.6791,0.9130,0.7968
266,2011-05-21,21,65+,50.0000,49.9772,42.0666,59.4343,0.8497,0.7231,0.9950,0.8659
267,2011-05-22,22,0-5,57.7143,57.7067,48.6277,69.3005,1.3040,1.0951,1.5459,1.2814
267,2011-05-22,22,6-11,35.5714,34.2456,28.8077,41.4714,1.3528,1.1626,1.5795,1.3537
267,2011-05-22,22,12-17,31.8571,33.0643,27.5803,39.6793,1.3251,1.1341,1.5463,1.2860
267,2011-05-22,22,18-44,105.4286,110.5134,94.1369,129.6775,0.7685,0.6666,0.8881,0.7528
267,2011-05-22,22,45-64,94.4286,97.5060,83.3101,114.2510,0.7989,0.6859,0.9296,0.7844
267,2011-05-22,22,65+,47.5714,49.4762,41.7010,59.0161,0.8587,0.7306,1.0071,0.8462
268,2011-05-23,22,0-5,60.8571,58.1060,49.1039,69.4681,1.3033,1.0975,1.5504,1.3212
268,2011-05-23,22,6-11,34.4286,34.4029,28.8736,41.2505,1.3648,1.1709,1.5857,1.3389
268,2011-05-23,22,12-17,32.2857,33.1933,27.6683,39.9278,1.3425,1.1489,1.5675,1.2955
268,2011-05-23,22,18-44,104.2857,109.5296,93.2220,128.8596,0.7769,0.6731,0.8998,0.7551
268,2011-05-23,22,45-64,91.4286,95.6696,81.6459,112.0574,0.8093,0.6947,0.9410,0.7830
268,2011-05-23,22,65+,47.4286,48.8125,40.9730,57.8738,0.8681,0.7391,1.0165,0.8486
269,2011-05-24,22,0-5,59.4286,58.2572,49.2951,69.9039,1.3059,1.0969,1.5503,1.3252
269,2011-05-24,22,6-11,34.2857,34.4060,28.7786,41.2387,1.3617,1.1719,1.5819,1.3670
269,2011-05-24,22,12-17,33.5714,33.2874,27.7667,40.3789,1.3491,1.1537,1.5766,1.3497
269,2011-05-24,22,18-44,109.7143,108.6904,92.6194,127.5931,0.7815,0.6762,0.9052,0.7812
269,2011-05-24,22,45-64,91.8571,94.2510,79.9835,110.4672,0.8163,0.7005,0.9514,0.8116
269,2011-05-24,22,65+,48.5714,48.2246,40.3347,56.9545,0.8747,0.7459,1.0246,0.8795
270,2011-05-25,22,0-5,60.0000,58.4768,49.0903,69.4384,1.3057,1.1021,1.5569,1.3288
270,2011-05-25,22,6-11,35.7143,34.2992,28.4776,40.9671,1.3586,1.1694,1.5824,1.3931
270,2011-05-25,22,12-17,34.1429,33.3391,27.8449,40.2462,1.3499,1.1566,1.5822,1.3642
270,2011-05-25,22,18-44,108.4286,108.4294,92.5380,126.6758,0.7831,0.6788,0.9073,0.7838
270,2011-05-25,22,45-64,91.5714,93.2161,79.1858,109.2316,0.8199,0.7044,0.9530,0.8145
270,2011-05-25,22,65+,47.8571,47.4937,40.0646,56.0197,0.8742,0.7472,1.0248,0.8801
271,2011-05-26,22,0-5,55.0000,58.5593,49.1837,69.2238,1.2997,1.0967,1.5409,1.2532
271,2011-05-26,22,6-11,33.4286,34.1456,28.2581,40.5146,1.3524,1.1636,1.5782,1.3360
271,2011-05-26,22,12-17,32.8571,33.3116,27.7552,39.8049,1.3451,1.1510,1.5736,1.3299
271,2011-05-26,22,18-44,106.8571,108.3123,92.5160,126.6525,0.7790,0.6762,0.8996,0.7673
271,2011-05-26,22,45-64,90.8571,92.5855,79.0828,108.8622,0.8173,0.7029,0.9491,0.8062
271,2011-05-26,22,65+,47.7143,46.8044,39.2482,55.2824,0.8710,0.7427,1.0204,0.8753
272,2011-05-27,22,0-5,57.4286,58.5319,49.4011,69.1008,1.2908,1.0863,1.5347,1.3095
272,2011-05-27,22,6-11,33.8571,33.9628,28.0918,40.5713,1.3374,1.1546,1.5558,1.3752
272,2011-05-27,22,12-17,34.2857,33.2111,27.6431,39.5089,1.3238,1.1350,1.5495,1.3825
272,2011-05-27,22,18-44,110.8571,107.7119,92.1974,126.0428,0.7681,0.6692,0.8839,0.7956
272,2011-05-27,22,45-64,93.7143,92.6792,79.3573,108.6035,0.8057,0.6961,0.9371,0.8322
272,2011-05-27,22,65+,46.7143,46.0903,38.5210,54.6076,0.8594,0.7341,1.0059,0.8893
273,2011-05-28,22,0-5,58.0000,58.3771,49.4846,68.8958,1.2761,1.0718,1.5118,1.3159
273,2011-05-28,22,6-11,34.0000,33.6785,27.8343,40.3672,1.3177,1.1313,1.5396,1.3746
273,2011-05-28,22,12-17,33.2857,33.0298,27.5729,39.4117,1.3011,1.1156,1.5204,1.3587
273,2011-05-28,22,18-44,109.8571,106.5447,90.6211,125.4049,0.7546,0.6539,0.8720,0.7920
273,2011-05-28,22,45-64,93.7143,92.5638,79.0735,108.7434,0.7929,0.6792,0.9231,0.8262
273,2011-05-28,22,65+,45.1429,45.3328,37.9709,53.8718,0.8487,0.7214,0.9954,0.8770
274,2011-05-29,23,0-5,57.8571,58.3011,49.2945,68.7661,1.2553,1.0538,1.5004,1.3115
274,2011-05-29,23,6-11,34.1429,33.4174,27.8940,40.0710,1.2951,1.1073,1.5124,1.3761
274,2011-05-29,23,12-17,33.4286,32.7178,27.1796,38.9304,1.2702,1.0871,1.4867,1.3628
274,2011-05-29,23,18-44,108.1429,104.7776,89.5903,123.4313,0.7373,0.6387,0.8519,0.7915
274,2011-05-29,23,45-64,94.8571,92.2734,78.9759,108.1240,0.7755,0.6646,0.9024,0.8300
274,2011-05-29,23,65+,45.5714,44.6893,37.4648,53.3630,0.8356,0.7112,0.9814,0.8845
275,2011-05-30,23,0-5,58.7143,58.1614,49.0748,68.6232,1.2377,1.0348,1.4775,1.3111
275,2011-05-30,23,6-11,33.7143,33.1190,27.6009,39.9242,1.2745,1.0932,1.4921,1.3580
275,2011-05-30,23,12-17,33.7143,32.2695,26.7607,38.5134,1.2459,1.0629,1.4602,1.3564
275,2011-05-30,23,18-44,105.7143,102.7344,87.5906,120.6334,0.7215,0.6257,0.8324,0.7806
275,2011-05-30,23,45-64,94.1429,91.5420,77.9418,107.1104,0.7591,0.6506,0.8836,0.8170
275,2011-05-30,23,65+,43.2857,44.2062,37.1679,52.6973,0.8235,0.7009,0.9698,0.8614
276,2011-05-31,23,0-5,60.0000,57.9980,49.0864,68.5496,1.2161,1.0248,1.4441,1.3151
276,2011-05-31,23,6-11,33.4286,32.7665,27.3506,39.4298,1.2595,1.0765,1.4765,1.3425
276,2011-05-31,23,12-17,32.4286,31.8324,26.3557,37.9784,1.2264,1.0419,1.4408,1.3226
276,2011-05-31,23,18-44,102.5714,100.2310,85.6052,117.1148,0.7069,0.6142,0.8151,0.7700
276,2011-05-31,23,45-64,93.2857,90.2439,77.0877,105.6623,0.7443,0.6387,0.8683,0.8059
276,2011-05-31,23,65+,42.7143,43.8733,36.8868,52.4052,0.8138,0.6921,0.9571,0.8528
277,2011-06-01,23,0-5,56.0000,57.6117,48.7283,68.2213,1.1995,1.0121,1.4257,1.2525
277,2011-06-01,23,6-11,32.8571,32.5042,27.0392,39.1660,1.2525,1.0785,1.4650,1.3215
277,2011-06-01,23,12-17,32.4286,31.2021,25.9756,37.6704,1.2146,1.0386,1.4242,1.3210
277,2011-06-01,23,18-44,98.5714,97.5351,83.3414,113.9475,0.6981,0.6062,0.8055,0.7580
277,2011-06-01,23,45-64,92.8571,88.7501,75.9192,103.7919,0.7353,0.6306,0.8572,0.8064
277,2011-06-01,23,65+,45.4286,43.5809,36.5451,52.1526,0.8074,0.6872,0.9489,0.8737
278,2011-06-02,23,0-5,60.7143,57.0483,48.3294,67.6089,1.1944,1.0057,1.4108,1.3278
278,2011-06-02,23,6-11,34.0000,32.2831,27.0143,38.9728,1.2636,1.0862,1.4783,1.3648
278,2011-06-02,23,12-17,33.0000,30.6385,25.4714,36.9673,1.2154,1.0375,1.4238,1.3462
278,2011-06-02,23,18-44,99.7143,94.7935,80.6989,111.5396,0.6978,0.6073,0.8039,0.7761
278,2011-06-02,23,45-64,92.5714,86.9160,74.0998,101.9412,0.7343,0.6328,0.8576,0.8174
278,2011-06-02,23,65+,45.4286,43.3012,36.3402,51.6524,0.8081,0.6881,0.9472,0.8837
279,2011-06-03,23,0-5,54.5714,56.2231,47.4265,66.1153,1.1989,1.0062,1.4230,1.1542
279,2011-06-03,23,6-11,29.8571,32.2162,26.7692,38.9132,1.2936,1.1114,1.5115,1.1670
279,2011-06-03,23,12-17,26.4286,30.1512,24.9985,36.1460,1.2315,1.0537,1.4415,1.1033
279,2011-06-03,23,18-44,81.5714,92.3154,78.3795,108.2625,0.7074,0.6143,0.8147,0.6502
279,2011-06-03,23,45-64,76.2857,84.9375,71.9151,99.5185,0.7434,0.6402,0.8663,0.6800
279,2011-06-03,23,65+,38.5714,42.9295,36.0860,51.4817,0.8152,0.6938,0.9554,0.7424
280,2011-06-04,23,0-5,56.8571,55.3035,47.0262,65.0607,1.2076,1.0169,1.4419,1.2350
280,2011-06-04,23,6-11,32.0000,32.3232,26.8783,39.0820,1.3325,1.1404,1.5561,1.2718
280,2011-06-04,23,12-17,27.8571,29.6658,24.5799,35.5469,1.2577,1.0721,1.4765,1.1983
280,2011-06-04,23,18-44,85.5714,90.3753,76.4497,106.0924,0.7215,0.6272,0.8318,0.7036
280,2011-06-04,23,45-64,78.7143,83.2133,70.4051,97.7057,0.7577,0.6510,0.8845,0.7383
280,2011-06-04,23,65+,42.8571,42.6862,35.8066,50.9584,0.8276,0.7025,0.9702,0.8211
281,2011-06-05,24,0-5,55.2857,54.1576,45.8943,63.7984,1.2279,1.0316,1.4650,1.2317
281,2011-06-05,24,6-11,31.0000,32.5525,26.9169,39.3824,1.3801,1.1815,1.6165,1.2757
281,2011-06-05,24,12-17,29.2857,29.2265,24.3263,35.1726,1.2924,1.1034,1.5213,1.2539
281,2011-06-05,24,18-44,85.0000,88.9155,75.6977,104.7497,0.7427,0.6434,0.8574,0.7129
281,2011-06-05,24,45-64,77.1429,81.4512,68.9358,95.3474,0.7783,0.6681,0.9102,0.7505
281,2011-06-05,24,65+,42.2857,42.2049,35.4445,50.0876,0.8451,0.7176,0.9921,0.8313
282,2011-06-06,24,0-5,50.4286,52.9690,44.9075,62.3402,1.2563,1.0582,1.4896,1.1933
282,2011-06-06,24,6-11,32.4286,33.1086,27.5425,39.8300,1.4241,1.2168,1.6685,1.3222
282,2011-06-06,24,12-17,28.0000,28.7941,23.9993,34.7388,1.3179,1.1284,1.5427,1.2640
282,2011-06-06,24,18-44,85.4286,88.0723,74.8874,103.3645,0.7621,0.6599,0.8807,0.7263
282,2011-06-06,24,45-64,78.7143,79.9079,67.7092,93.5946,0.7971,0.6835,0.9310,0.7706
282,2011-06-06,24,65+,41.5714,41.6244,34.8069,49.4711,0.8620,0.7320,1.0153,0.8470
283,2011-06-07,24,0-5,50.4286,51.9216,43.8579,61.3549,1.2837,1.0875,1.5219,1.2120
283,2011-06-07,24,6-11,32.0000,33.6839,27.9566,40.7297,1.4646,1.2532,1.7121,1.3242
283,2011-06-07,24,12-17,27.0000,28.5167,23.6297,34.4195,1.3409,1.1474,1.5658,1.2542
283,2011-06-07,24,18-44,85.0000,87.7123,74.3264,103.2083,0.7782,0.6770,0.8974,0.7291
283,2011-06-07,24,45-64,76.5714,78.6143,66.3351,92.4388,0.8109,0.6986,0.9435,0.7689
283,2011-06-07,24,65+,40.4286,40.8315,34.2048,48.8005,0.8735,0.7446,1.0269,0.8424
284,2011-06-08,24,0-5,49.2857,51.0388,43.2256,60.2684,1.3052,1.0939,1.5522,1.2187
284,2011-06-08,24,6-11,31.7143,34.6484,28.6222,42.0865,1.4890,1.2772,1.7338,1.3313
284,2011-06-08,24,12-17,27.1429,28.3505,23.4580,33.9932,1.3472,1.1520,1.5784,1.2743
284,2011-06-08,24,18-44,85.5714,87.5367,74.2084,102.8572,0.7862,0.6823,0.9052,0.7355
284,2011-06-08,24,45-64,76.0000,77.4554,65.9318,91.4597,0.8158,0.7024,0.9478,0.7720
284,2011-06-08,24,65+,37.7143,40.1099,33.5369,47.8903,0.8782,0.7472,1.0284,0.8285
285,2011-06-09,24,0-5,47.5714,50.4143,42.7474,59.6488,1.3078,1.1003,1.5599,1.2225
285,2011-06-09,24,6-11,33.7143,35.6573,29.3694,42.9531,1.4836,1.2766,1.7307,1.3870
285,2011-06-09,24,12-17,27.5714,28.0692,23.3036,33.7615,1.3293,1.1333,1.5591,1.3089
285,2011-06-09,24,18-44,85.8571,87.6560,74.3695,103.2142,0.7811,0.6775,0.9022,0.7500
285,2011-06-09,24,45-64,76.2857,76.5047,65.0543,90.5681,0.8067,0.6938,0.9420,0.7874
285,2011-06-09,24,65+,37.4286,39.4604,33.0922,47.2430,0.8706,0.7392,1.0249,0.8423
286,2011-06-10,24,0-5,52.2857,50.0172,42.2578,59.6088,1.3054,1.1013,1.5477,1.3931
286,2011-06-10,24,6-11,39.5714,36.4887,30.3580,44.0083,1.4582,1.2505,1.7120,1.6140
286,2011-06-10,24,12-17,32.2857,27.7231,23.0815,33.1621,1.2980,1.1035,1.5175,1.5243
286,2011-06-10,24,18-44,98.2857,87.4144,74.0706,103.3080,0.7685,0.6664,0.8862,0.8648
286,2011-06-10,24,45-64,84.8571,75.2923,63.9341,88.6441,0.7917,0.6791,0.9214,0.9089
286,2011-06-10,24,65+,44.8571,38.8442,32.4561,46.5451,0.8546,0.7298,1.0038,0.9894
287,2011-06-11,24,0-5,48.5714,49.9247,41.9860,59.4318,1.2962,1.0907,1.5455,1.2727
287,2011-06-11,24,6-11,38.7143,37.2235,30.9590,44.2659,1.4269,1.2179,1.6753,1.4874
287,2011-06-11,24,12-17,30.1429,27.2610,22.6808,32.7776,1.2629,1.0778,1.4780,1.3828
287,2011-06-11,24,18-44,88.7143,87.2036,73.8641,102.4548,0.7533,0.6537,0.8700,0.7797
287,2011-06-11,24,45-64,78.2857,73.8999,62.9807,87.0809,0.7735,0.6647,0.9024,0.8164
287,2011-06-11,24,65+,39.5714,38.2363,32.0635,45.7802,0.8378,0.7136,0.9852,0.8791
288,2011-06-12,25,0-5,50.5714,50.0490,41.9910,59.5679,1.2757,1.0744,1.5172,1.2971
288,2011-06-12,25,6-11,39.4286,37.7954,31.6353,45.0530,1.3811,1.1789,1.6069,1.4674
288,2011-06-12,25,12-17,26.8571,26.8365,22.2201,32.2979,1.2302,1.0495,1.4400,1.2853
288,2011-06-12,25,18-44,89.2857,86.9747,73.7587,102.0656,0.7330,0.6364,0.8456,0.7656
288,2011-06-12,25,45-64,75.7143,72.9858,62.1822,86.1848,0.7530,0.6467,0.8793,0.7894
288,2011-06-12,25,65+,37.8571,37.8195,31.6098,45.2360,0.8178,0.6961,0.9644,0.8475
289,2011-06-13,25,0-5,53.0000,50.3414,42.1966,59.7862,1.2499,1.0428,1.4855,1.3150
289,2011-06-13,25,6-11,39.0000,38.0188,31.8397,45.3896,1.3295,1.1385,1.5456,1.4268
289,2011-06-13,25,12-17,26.7143,26.2995,21.8038,31.7467,1.2021,1.0245,1.4123,1.2564
289,2011-06-13,25,18-44,87.0000,86.8307,73.7760,101.9442,0.7118,0.6208,0.8196,0.7456
289,2011-06-13,25,45-64,71.2857,72.0418,61.3274,85.3619,0.7341,0.6318,0.8524,0.7606
289,2011-06-13,25,65+,36.7143,37.4666,31.2823,45.2471,0.7996,0.6806,0.9409,0.8193
290,2011-06-14,25,0-5,51.4286,50.5422,42.5072,59.8677,1.2281,1.0248,1.4648,1.2792
290,2011-06-14,25,6-11,40.4286,37.8205,31.5910,45.0432,1.2769,1.0896,1.4965,1.4289
290,2011-06-14,25,12-17,26.8571,25.7897,21.2973,30.8803,1.1800,1.0055,1.3841,1.2600
290,2011-06-14,25,18-44,84.5714,85.8744,73.2442,100.3903,0.6948,0.6027,0.8022,0.7349
290,2011-06-14,25,45-64,70.5714,71.0766,60.4026,84.3384,0.7185,0.6174,0.8382,0.7526
290,2011-06-14,25,65+,35.2857,37.0605,31.1249,44.9335,0.7858,0.6669,0.9257,0.8059
291,2011-06-15,25,0-5,51.2857,50.6012,42.7817,60.1043,1.2021,1.0058,1.4492,1.2881
291,2011-06-15,25,6-11,41.2857,37.1177,30.9427,43.9626,1.2329,1.0542,1.4468,1.4456
291,2011-06-15,25,12-17,24.5714,25.2256,20.8420,30.3023,1.1683,0.9940,1.3777,1.2271
291,2011-06-15,25,18-44,86.5714,84.5021,72.2443,99.0934,0.6795,0.5896,0.7856,0.7448
291,2011-06-15,25,45-64,69.2857,69.8651,59.5259,82.2341,0.7063,0.6056,0.8265,0.7625
291,2011-06-15,25,65+,37.2857,36.6051,30.6589,44.0458,0.7737,0.6557,0.9139,0.8339
292,2011-06-16,25,0-5,51.4286,50.4374,42.8400,60.0104,1.1864,0.9884,1.4231,1.2764
292,2011-06-16,25,6-11,37.4286,36.0108,29.9110,42.5723,1.2017,1.0260,1.4048,1.3627
292,2011-06-16,25,12-17,23.8571,24.7218,20.3777,29.8762,1.1668,0.9900,1.3693,1.2117
292,2011-06-16,25,18-44,84.5714,82.6392,70.9112,96.1831,0.6679,0.5793,0.7714,0.7333
292,2011-06-16,25,45-64,68.2857,68.7870,58.1089,80.4276,0.6982,0.5984,0.8134,0.7563
292,2011-06-16,25,65+,37.2857,36.1257,30.1446,43.2005,0.7629,0.6480,0.9013,0.8327
293,2011-06-17,25,0-5,50.5714,50.1886,42.3238,60.1853,1.1750,0.9800,1.4085,1.2421
293,2011-06-17,25,6-11,34.5714,34.4958,28.7866,40.8230,1.1784,1.0088,1.3744,1.2908
293,2011-06-17,25,12-17,22.0000,24.3316,19.9910,29.5302,1.1723,0.9968,1.3817,1.1657
293,2011-06-17,25,18-44,80.1429,80.1113,68.8962,93.8715,0.6589,0.5709,0.7615,0.7099
293,2011-06-17,25,45-64,68.0000,67.5959,57.0682,79.4319,0.6909,0.5913,0.8066,0.7361
293,2011-06-17,25,65+,34.1429,35.4402,29.6799,42.4531,0.7537,0.6392,0.8896,0.7972
294,2011-06-18,25,0-5,50.5714,49.9565,42.3050,59.6070,1.1752,0.9796,1.4035,1.2429
294,2011-06-18,25,6-11,32.7143,32.9686,27.3140,39.1789,1.1710,1.0055,1.3764,1.2692
294,2011-06-18,25,12-17,21.8571,24.0403,19.7487,29.1296,1.1817,1.0040,1.3967,1.1760
294,2011-06-18,25,18-44,78.1429,77.3444,65.9411,90.7625,0.6558,0.5692,0.7562,0.7081
294,2011-06-18,25,45-64,66.4286,66.1690,56.0062,78.0480,0.6877,0.5905,0.8028,0.7372
294,2011-06-18,25,65+,34.5714,34.6989,29.0611,41.5523,0.7462,0.6329,0.8765,0.8061
295,2011-06-19,26,0-5,48.5714,49.7104,42.0118,59.1525,1.1796,0.9888,1.4147,1.2022
295,2011-06-19,26,6-11,30.5714,31.4424,25.9935,37.5014,1.1816,1.0131,1.3850,1.2307
295,2011-06-19,26,12-17,23.2857,23.9024,19.6063,28.9154,1.1940,1.0115,1.4098,1.2102
295,2011-06-19,26,18-44,73.0000,74.2973,63.3614,87.4885,0.6562,0.5694,0.7550,0.6905
295,2011-06-19,26,45-64,63.4286,64.8678,54.5893,76.0413,0.6866,0.5890,0.8020,0.7261
295,2011-06-19,26,65+,34.8571,33.6714,28.1218,40.0200,0.7383,0.6267,0.8699,0.8045
296,2011-06-20,26,0-5,47.2857,49.2839,41.5520,58.7199,1.1953,1.0000,1.4327,1.1898
296,2011-06-20,26,6-11,28.4286,30.1040,24.8340,35.7825,1.2046,1.0282,1.4151,1.2114
296,2011-06-20,26,12-17,24.2857,23.7127,19.3939,28.7491,1.2062,1.0204,1.4254,1.2527
296,2011-06-20,26,18-44,70.2857,71.3978,60.4056,83.6314,0.6614,0.5736,0.7618,0.6910
296,2011-06-20,26,45-64,63.7143,63.2882,53.3915,74.1495,0.6893,0.5890,0.8045,0.7330
296,2011-06-20,26,65+,33.5714,32.4434,26.9385,38.5846,0.7339,0.6229,0.8666,0.8035
297,2011-06-21,26,0-5,48.0000,48.8179,41.1489,58.1603,1.2111,1.0085,1.4572,1.2035
297,2011-06-21,26,6-11,27.5714,28.9444,23.9850,34.8084,1.2377,1.0536,1.4541,1.2066
297,2011-06-21,26,12-17,24.2857,23.5917,19.2844,28.6284,1.2153,1.0300,1.4439,1.2463
297,2011-06-21,26,18-44,66.5714,68.5266,58.1212,81.0744,0.6677,0.5805,0.7731,0.6803
297,2011-06-21,26,45-64,60.5714,61.4200,52.1069,72.3032,0.6921,0.5947,0.8120,0.7169
297,2011-06-21,26,65+,31.8571,31.0419,25.8240,36.9188,0.7336,0.6229,0.8624,0.7834
298,2011-06-22,26,0-5,50.0000,48.5643,40.7736,57.4251,1.2300,1.0255,1.4749,1.2316
298,2011-06-22,26,6-11,26.2857,28.1133,23.1888,34.0864,1.2812,1.0904,1.5039,1.1901
298,2011-06-22,26,12-17,24.2857,23.4231,19.0689,28.4846,1.2218,1.0339,1.4404,1.2357
298,2011-06-22,26,18-44,62.2857,66.1482,56.1608,77.9609,0.6785,0.5884,0.7844,0.6672
298,2011-06-22,26,45-64,57.8571,59.7285,50.4493,70.3811,0.6994,0.5989,0.8171,0.6968
298,2011-06-22,26,65+,28.8571,29.4974,24.5111,35.2668,0.7378,0.6249,0.8681,0.7497
299,2011-06-23,26,0-5,48.2857,48.1266,40.5408,57.1882,1.2523,1.0461,1.4936,1.2246
299,2011-06-23,26,6-11,26.4286,27.7109,22.7369,33.6017,1.3298,1.1323,1.5637,1.2270
299,2011-06-23,26,12-17,24.4286,23.1210,18.8656,28.1673,1.2265,1.0402,1.4479,1.2632
299,2011-06-23,26,18-44,61.5714,64.0201,53.9050,75.8876,0.6912,0.5986,0.7978,0.6804
299,2011-06-23,26,45-64,58.0000,57.8746,48.9733,68.0187,0.7073,0.6059,0.8284,0.7152
299,2011-06-23,26,65+,28.8571,28.0445,23.2117,33.5952,0.7450,0.6320,0.8775,0.7713
300,2011-06-24,26,0-5,47.0000,47.8130,40.2216,57.0476,1.2737,1.0642,1.5205,1.2167
300,2011-06-24,26,6-11,25.2857,27.7662,22.7238,33.6868,1.3804,1.1719,1.6224,1.2240
300,2011-06-24,26,12-17,24.2857,22.6743,18.5883,27.6162,1.2285,1.0404,1.4517,1.2674
300,2011-06-24,26,18-44,61.1429,62.3660,52.7792,73.8835,0.7028,0.6072,0.8103,0.6818
300,2011-06-24,26,45-64,56.8571,56.1223,47.5439,66.2335,0.7162,0.6111,0.8367,0.7146
300,2011-06-24,26,65+,26.5714,26.7533,22.0565,31.9099,0.7548,0.6398,0.8940,0.7572
301,2011-06-25,26,0-5,46.5714,47.5546,39.9276,56.5736,1.2948,1.0809,1.5467,1.2312
301,2011-06-25,26,6-11,27.5714,28.2068,22.9015,34.1465,1.4312,1.2104,1.6809,1.2973
301,2011-06-25,26,12-17,23.0000,22.1901,17.9844,26.9633,1.2346,1.0471,1.4519,1.2446
301,2011-06-25,26,18-44,61.1429,61.2908,51.8318,72.5182,0.7146,0.6199,0.8225,0.6885
301,2011-06-25,26,45-64,55.1429,54.4296,46.1981,64.4411,0.7270,0.6229,0.8473,0.7116
301,2011-06-25,26,65+,24.2857,25.5708,21.1143,30.6435,0.7704,0.6546,0.9144,0.7420
302,2011-06-26,27,0-5,46.1429,47.4000,39.7628,56.5478,1.3099,1.0961,1.5628,1.2411
302,2011-06-26,27,6-11,28.1429,29.0501,23.6474,35.1618,1.4745,1.2550,1.7412,1.3256
302,2011-06-26,27,12-17,22.5714,21.5925,17.5260,26.2692,1.2412,1.0557,1.4623,1.2425
302,2011-06-26,27,18-44,61.2857,60.4752,51.1570,71.4553,0.7248,0.6297,0.8343,0.6922
302,2011-06-26,27,45-64,53.2857,52.9442,44.9266,62.5535,0.7367,0.6314,0.8583,0.7084
302,2011-06-26,27,65+,22.2857,24.6914,20.3608,29.8811,0.7884,0.6695,0.9310,0.7275
303,2011-06-27,27,0-5,46.0000,47.3593,39.6582,56.3481,1.3227,1.1037,1.5794,1.2517
303,2011-06-27,27,6-11,29.5714,30.2045,24.6718,36.6149,1.5095,1.2832,1.7863,1.3602
303,2011-06-27,27,12-17,19.8571,21.0219,17.0260,25.5149,1.2470,1.0599,1.4730,1.1724
303,2011-06-27,27,18-44,60.4286,59.9775,50.5377,70.4589,0.7321,0.6350,0.8466,0.6896
303,2011-06-27,27,45-64,49.7143,51.6539,43.6487,60.8633,0.7443,0.6383,0.8709,0.6998
303,2011-06-27,27,65+,23.4286,24.1034,19.9435,29.4994,0.8063,0.6860,0.9487,0.7431
304,2011-06-28,27,0-5,49.0000,47.4577,39.8170,56.4627,1.3248,1.1092,1.5863,1.3246
304,2011-06-28,27,6-11,31.4286,31.7111,26.1608,38.3790,1.5296,1.3051,1.8159,1.4249
304,2011-06-28,27,12-17,18.8571,20.4255,16.5217,24.8148,1.2521,1.0617,1.4758,1.1829
304,2011-06-28,27,18-44,60.7143,59.5281,50.4494,70.1884,0.7366,0.6403,0.8493,0.7150
304,2011-06-28,27,45-64,50.2857,50.5632,42.9750,59.7229,0.7499,0.6424,0.8736,0.7238
304,2011-06-28,27,65+,24.0000,23.9081,19.8085,29.1896,0.8219,0.6967,0.9713,0.7754
305,2011-06-29,27,0-5,46.8571,47.4761,39.7945,56.4036,1.3190,1.1059,1.5815,1.2916
305,2011-06-29,27,6-11,33.5714,33.2810,27.5591,40.3947,1.5293,1.3069,1.8040,1.4644
305,2011-06-29,27,12-17,19.4286,19.8556,16.2345,24.2990,1.2505,1.0630,1.4757,1.2227
305,2011-06-29,27,18-44,60.1429,59.0598,50.2679,70.0746,0.7332,0.6383,0.8460,0.7173
305,2011-06-29,27,45-64,50.0000,49.4496,41.8783,58.4893,0.7496,0.6434,0.8731,0.7291
305,2011-06-29,27,65+,23.0000,24.0631,19.8009,29.3511,0.8346,0.7087,0.9841,0.7728
306,2011-06-30,27,0-5,48.5714,47.3989,39.8747,56.4390,1.3009,1.0893,1.5547,1.3286
306,2011-06-30,27,6-11,35.7143,34.8065,28.9080,42.3297,1.5072,1.2881,1.7804,1.5097
306,2011-06-30,27,12-17,20.4286,19.4492,15.7882,23.8674,1.2474,1.0597,1.4722,1.2769
306,2011-06-30,27,18-44,60.5714,58.4690,49.9389,69.8219,0.7273,0.6331,0.8360,0.7321
306,2011-06-30,27,45-64,49.8571,48.5175,40.9224,57.8201,0.7463,0.6432,0.8676,0.7422
306,2011-06-30,27,65+,22.8571,24.4981,20.1904,29.7049,0.8431,0.7144,0.9976,0.7839
307,2011-07-01,27,0-5,48.1429,47.3642,39.8264,56.4186,1.2828,1.0798,1.5341,1.3162
307,2011-07-01,27,6-11,37.8571,36.1877,30.1153,43.8774,1.4830,1.2626,1.7566,1.5260
307,2011-07-01,27,12-17,19.1429,19.1143,15.5466,23.6490,1.2413,1.0527,1.4636,1.2399
307,2011-07-01,27,18-44,59.8571,58.2305,49.3587,69.4492,0.7196,0.6265,0.8299,0.7271
307,2011-07-01,27,45-64,48.0000,47.6101,40.1822,56.6894,0.7414,0.6359,0.8650,0.7385
307,2011-07-01,27,65+,24.8571,25.2042,20.7670,30.4879,0.8453,0.7134,1.0060,0.8073
308,2011-07-02,27,0-5,48.1429,47.1137,39.8041,56.1891,1.2694,1.0618,1.5065,1.3023
308,2011-07-02,27,6-11,38.2857,37.4619,31.2216,44.7299,1.4503,1.2341,1.7084,1.4993
308,2011-07-02,27,12-17,20.0000,18.9223,15.3392,23.3360,1.2371,1.0491,1.4567,1.2582
308,2011-07-02,27,18-44,58.4286,58.3207,49.2560,69.3108,0.7117,0.6180,0.8190,0.7170
308,2011-07-02,27,45-64,45.8571,46.9018,39.4783,55.9083,0.7356,0.6294,0.8563,0.7320
308,2011-07-02,27,65+,26.7143,26.0509,21.4566,31.6517,0.8450,0.7111,1.0014,0.8232
309,2011-07-03,28,0-5,47.2857,47.0805,39.6462,56.0093,1.2526,1.0505,1.4937,1.2853
309,2011-07-03,28,6-11,40.0000,38.2631,31.7163,45.4981,1.4082,1.1982,1.6511,1.5099
309,2011-07-03,28,12-17,18.8571,18.8172,15.2426,23.2662,1.2284,1.0456,1.4488,1.2405
309,2011-07-03,28,18-44,57.1429,58.4055,49.4596,69.3278,0.7023,0.6108,0.8096,0.7217
309,2011-07-03,28,45-64,47.7143,46.2759,38.8615,55.0391,0.7261,0.6233,0.8468,0.7497
309,2011-07-03,28,65+,29.1429,26.9872,22.2146,32.8415,0.8358,0.7066,0.9926,0.8637
310,2011-07-04,28,0-5,47.8571,46.7941,39.3344,55.8667,1.2383,1.0380,1.4828,1.3014
310,2011-07-04,28,6-11,42.1429,38.5583,32.0424,45.8468,1.3693,1.1681,1.6073,1.5350
310,2011-07-04,28,12-17,18.7143,18.8939,15.1529,23.1417,1.2264,1.0383,1.4484,1.2447
310,2011-07-04,28,18-44,58.7143,58.4937,49.6011,69.5588,0.6942,0.6049,0.7996,0.7282
310,2011-07-04,28,45-64,47.7143,45.7885,38.1441,54.8503,0.7176,0.6184,0.8349,0.7507
310,2011-07-04,28,65+,28.5714,27.8220,22.9056,33.6940,0.8245,0.6971,0.9769,0.8539
311,2011-07-05,28,0-5,45.4286,46.4725,39.2471,55.2694,1.2259,1.0274,1.4636,1.2610
311,2011-07-05,28,6-11,40.4286,38.3193,31.8268,45.8381,1.3358,1.1422,1.5680,1.4762
311,2011-07-05,28,12-17,19.4286,18.9597,15.1983,23.1136,1.2260,1.0397,1.4465,1.2590
311,2011-07-05,28,18-44,60.5714,58.8738,49.4863,69.5713,0.6868,0.5980,0.7902,0.7206
311,2011-07-05,28,45-64,45.7143,45.4613,38.2268,54.2489,0.7114,0.6109,0.8254,0.7443
311,2011-07-05,28,65+,29.8571,28.4350,23.4464,34.6470,0.8143,0.6884,0.9672,0.8571
312,2011-07-06,28,0-5,47.4286,46.1465,38.8848,54.6492,1.2178,1.0225,1.4560,1.2824
312,2011-07-06,28,6-11,37.8571,37.7841,31.3776,44.9696,1.3183,1.1281,1.5474,1.4046
312,2011-07-06,28,12-17,19.4286,19.1113,15.3688,23.2510,1.2321,1.0422,1.4543,1.2431
312,2011-07-06,28,18-44,59.4286,59.2936,49.9485,69.8839,0.6845,0.5959,0.7878,0.7087
312,2011-07-06,28,45-64,44.5714,45.2567,37.9446,53.9655,0.7091,0.6099,0.8221,0.7311
312,2011-07-06,28,65+,30.4286,28.8858,23.8696,35.0714,0.8064,0.6804,0.9520,0.8495
313,2011-07-07,28,0-5,45.8571,45.7710,38.4079,54.1407,1.2188,1.0165,1.4578,1.2431
313,2011-07-07,28,6-11,35.5714,36.8393,30.4796,43.7319,1.3120,1.1183,1.5379,1.3385
313,2011-07-07,28,12-17,17.5714,19.3211,15.5368,23.5635,1.2456,1.0534,1.4690,1.1704
313,2011-07-07,28,18-44,57.8571,59.6196,50.4603,70.5262,0.6872,0.5982,0.7904,0.6877
313,2011-07-07,28,45-64,43.7143,45.1460,38.0093,53.9495,0.7116,0.6118,0.8272,0.7125
313,2011-07-07,28,65+,30.5714,29.0996,24.1420,35.2559,0.8014,0.6795,0.9490,0.8357
314,2011-07-08,28,0-5,45.7143,45.2695,37.9955,53.8762,1.2254,1.0240,1.4602,1.2394
314,2011-07-08,28,6-11,36.0000,35.8626,29.8768,42.5259,1.3125,1.1214,1.5494,1.3493
314,2011-07-08,28,12-17,19.4286,19.5852,15.7302,23.8755,1.2580,1.0687,1.4856,1.2262
314,2011-07-08,28,18-44,56.5714,59.9129,50.6534,70.9035,0.6931,0.6014,0.7987,0.6820
314,2011-07-08,28,45-64,42.4286,45.0213,37.8591,53.9523,0.7176,0.6149,0.8362,0.7031
314,2011-07-08,28,65+,29.2857,29.1026,24.1962,35.2465,0.8027,0.6786,0.9475,0.8123
315,2011-07-09,28,0-5,44.8571,44.8939,37.7188,53.2870,1.2394,1.0356,1.4901,1.2572
315,2011-07-09,28,6-11,35.1429,34.8279,28.8463,41.4026,1.3279,1.1336,1.5594,1.3719
315,2011-07-09,28,12-17,19.1429,19.8557,15.9323,24.2300,1.2682,1.0752,1.4981,1.2550
315,2011-07-09,28,18-44,60.2857,60.1372,50.7353,70.8384,0.6998,0.6067,0.8078,0.7113
315,2011-07-09,28,45-64,45.2857,45.1331,37.8031,54.1649,0.7232,0.6194,0.8429,0.7351
315,2011-07-09,28,65+,28.5714,28.8853,23.8002,35.0091,0.8019,0.6800,0.9478,0.8287
316,2011-07-10,29,0-5,44.0000,44.4761,37.1002,52.7590,1.2549,1.0547,1.5050,1.2470
316,2011-07-10,29,6-11,33.2857,33.8174,27.9176,40.4991,1.3440,1.1490,1.5781,1.3464
316,2011-07-10,29,12-17,21.1429,20.0803,16.2295,24.6237,1.2779,1.0822,1.5084,1.3127
316,2011-07-10,29,18-44,60.4286,60.1839,50.9006,71.2829,0.7067,0.6135,0.8158,0.7084
316,2011-07-10,29,45-64,44.4286,45.3198,37.6538,54.2406,0.7289,0.6255,0.8502,0.7303
316,2011-07-10,29,65+,27.1429,28.4307,23.7027,34.3896,0.8033,0.6814,0.9451,0.8086
317,2011-07-11,29,0-5,42.7143,44.1833,36.9263,52.4300,1.2793,1.0691,1.5281,1.2353
317,2011-07-11,29,6-11,31.4286,33.1773,27.2333,39.5791,1.3677,1.1666,1.6049,1.3268
317,2011-07-11,29,12-17,21.4286,20.2346,16.4934,24.9344,1.2823,1.0882,1.5215,1.3217
317,2011-07-11,29,18-44,60.1429,60.1591,50.9814,71.1137,0.7145,0.6215,0.8239,0.7124
317,2011-07-11,29,45-64,44.8571,45.5247,37.8980,54.1823,0.7347,0.6328,0.8588,0.7424
317,2011-07-11,29,65+,28.8571,27.9174,23.2365,33.7387,0.8065,0.6841,0.9558,0.8378
318,2011-07-12,29,0-5,42.7143,44.1181,36.9598,52.4891,1.3013,1.0920,1.5537,1.2304
318,2011-07-12,29,6-11,30.2857,32.6938,27.1398,39.1725,1.3964,1.1890,1.6366,1.2992
318,2011-07-12,29,12-17,19.8571,20.3598,16.6781,24.8732,1.2833,1.0906,1.5164,1.2539
318,2011-07-12,29,18-44,58.0000,59.9488,50.7514,70.4180,0.7209,0.6269,0.8320,0.6964
318,2011-07-12,29,45-64,45.4286,45.6842,37.9551,54.6590,0.7404,0.6362,0.8642,0.7222
318,2011-07-12,29,65+,25.8571,27.3462,22.7567,33.1519,0.8090,0.6858,0.9606,0.7939
319,2011-07-13,29,0-5,40.2857,44.3248,37.1695,52.7464,1.3211,1.1054,1.5810,1.2192
319,2011-07-13,29,6-11,31.4286,32.4270,27.0383,39.0489,1.4131,1.2071,1.6620,1.3572
319,2011-07-13,29,12-17,20.7143,20.4059,16.6152,24.8351,1.2810,1.0872,1.5130,1.2967
319,2011-07-13,29,18-44,60.1429,59.4823,50.4212,70.2551,0.7234,0.6288,0.8337,0.7136
319,2011-07-13,29,45-64,45.5714,45.9136,38.2082,55.1297,0.7415,0.6364,0.8646,0.7387
319,2011-07-13,29,65+,25.8571,26.7809,22.2148,32.1949,0.8078,0.6846,0.9558,0.8080
320,2011-07-14,29,0-5,43.7143,44.6327,37.5008,53.2657,1.3263,1.1102,1.5854,1.3098
320,2011-07-14,29,6-11,33.2857,32.4835,27.1437,39.3627,1.4309,1.2226,1.6871,1.4379
320,2011-07-14,29,12-17,22.4286,20.3443,16.4619,24.8202,1.2723,1.0793,1.4953,1.3680
320,2011-07-14,29,18-44,61.2857,58.7650,49.9205,69.8093,0.7213,0.6271,0.8297,0.7428
320,2011-07-14,29,45-64,46.4286,46.0362,38.5015,55.2724,0.7375,0.6324,0.8577,0.7617
320,2011-07-14,29,65+,25.8571,26.1555,21.6868,31.7212,0.8021,0.6796,0.9449,0.8271
321,2011-07-15,29,0-5,45.2857,45.2897,38.1148,54.1342,1.3173,1.1012,1.5748,1.3335
321,2011-07-15,29,6-11,32.0000,32.7312,27.3833,39.4687,1.4346,1.2255,1.6970,1.4074
321,2011-07-15,29,12-17,20.2857,20.2362,16.2922,24.6532,1.2605,1.0674,1.4970,1.2919
321,2011-07-15,29,18-44,60.0000,57.7905,49.2189,68.7890,0.7150,0.6206,0.8242,0.7387
321,2011-07-15,29,45-64,47.1429,46.1678,38.5921,55.3597,0.7308,0.6260,0.8533,0.7601
321,2011-07-15,29,65+,26.8571,25.5466,21.2164,31.0408,0.7918,0.6679,0.9370,0.8412
322,2011-07-16,29,0-5,45.7143,45.7649,38.4015,54.7157,1.3006,1.0858,1.5585,1.3197
322,2011-07-16,29,6-11,33.2857,33.2281,27.7727,40.2101,1.4341,1.2188,1.6960,1.4175
322,2011-07-16,29,12-17,20.8571,20.0718,16.1329,24.6342,1.2469,1.0611,1.4766,1.2911
322,2011-07-16,29,18-44,57.0000,56.9496,48.2962,67.3407,0.7044,0.6133,0.8109,0.7224
322,2011-07-16,29,45-64,46.4286,46.2710,38.8847,55.2816,0.7186,0.6182,0.8393,0.7433
322,2011-07-16,29,65+,26.2857,25.0433,20.7542,30.4456,0.7774,0.6590,0.9194,0.8230
323,2011-07-17,30,0-5,48.0000,46.1658,38.9251,55.2785,1.2738,1.0626,1.5277,1.3526
323,2011-07-17,30,6-11,34.0000,33.8564,28.3668,40.9791,1.4199,1.2127,1.6870,1.4298
323,2011-07-17,30,12-17,18.8571,19.8906,15.9934,24.4385,1.2380,1.0475,1.4637,1.2330
323,2011-07-17,30,18-44,57.0000,56.0610,47.4637,66.6191,0.6930,0.6017,0.7968,0.7240
323,2011-07-17,30,45-64,47.2857,46.2045,38.8131,55.2137,0.7062,0.6049,0.8236,0.7401
323,2011-07-17,30,65+,25.2857,24.4953,20.1142,29.6346,0.7604,0.6430,0.8996,0.8121
324,2011-07-18,30,0-5,49.1429,46.3754,38.9691,55.1437,1.2391,1.0297,1.4984,1.3511
324,2011-07-18,30,6-11,35.1429,34.4978,28.9472,41.6499,1.3991,1.1868,1.6632,1.4379
324,2011-07-18,30,12-17,19.1429,19.7980,15.9750,24.3066,1.2262,1.0370,1.4519,1.2338
324,2011-07-18,30,18-44,56.1429,55.2715,46.8900,65.4896,0.6789,0.5891,0.7821,0.7130
324,2011-07-18,30,45-64,46.1429,45.9407,38.6093,54.8104,0.6915,0.5920,0.8090,0.7221
324,2011-07-18,30,65+,23.2857,23.9120,19.5514,28.9300,0.7405,0.6252,0.8762,0.7772
325,2011-07-19,30,0-5,48.2857,46.1302,38.9705,54.7661,1.2048,1.0035,1.4424,1.3176
325,2011-07-19,30,6-11,37.2857,35.0708,29.4720,42.2056,1.3814,1.1693,1.6340,1.4705
325,2011-07-19,30,12-17,20.5714,19.6747,15.9909,24.2566,1.2201,1.0306,1.4387,1.2866
325,2011-07-19,30,18-44,54.2857,54.5373,46.4531,64.6864,0.6646,0.5785,0.7664,0.7116
325,2011-07-19,30,45-64,46.4286,45.4393,37.9985,54.3536,0.6753,0.5813,0.7898,0.7297
325,2011-07-19,30,65+,24.2857,23.3435,18.9922,28.2603,0.7202,0.6119,0.8512,0.7954
326,2011-07-20,30,0-5,50.4286,45.4953,38.5405,54.4282,1.1791,0.9828,1.4223,1.3395
326,2011-07-20,30,6-11,37.5714,35.5959,29.8261,42.6589,1.3642,1.1540,1.6174,1.4602
326,2011-07-20,30,12-17,18.8571,19.6436,15.9473,24.2226,1.2167,1.0280,1.4543,1.2371
326,2011-07-20,30,18-44,53.8571,54.1681,45.6874,64.0323,0.6558,0.5674,0.7584,0.7116
326,2011-07-20,30,45-64,47.2857,44.7185,37.4694,53.4891,0.6642,0.5694,0.7773,0.7302
326,2011-07-20,30,65+,24.1429,22.6476,18.4664,27.5308,0.7048,0.5966,0.8354,0.7976
327,2011-07-21,30,0-5,46.2857,44.7999,37.6205,53.3198,1.1658,0.9764,1.3843,1.2543
327,2011-07-21,30,6-11,37.2857,35.9354,30.1333,43.1638,1.3538,1.1460,1.5943,1.4277
327,2011-07-21,30,12-17,18.5714,19.8017,15.9914,24.4342,1.2178,1.0306,1.4369,1.2282
327,2011-07-21,30,18-44,53.7143,53.9989,45.6011,64.0168,0.6493,0.5638,0.7497,0.6990
327,2011-07-21,30,45-64,47.4286,43.7019,36.6649,52.2586,0.6547,0.5616,0.7651,0.7259
327,2011-07-21,30,65+,23.8571,21.9079,18.0549,26.8702,0.6921,0.5836,0.8190,0.7917
328,2011-07-22,30,0-5,43.4286,43.8416,36.7544,52.1819,1.1650,0.9759,1.3914,1.2014
328,2011-07-22,30,6-11,36.7143,36.2055,30.2978,43.3258,1.3483,1.1453,1.6003,1.3935
328,2011-07-22,30,12-17,19.5714,19.9391,16.1631,24.6018,1.2226,1.0286,1.4467,1.2387
328,2011-07-22,30,18-44,54.7143,54.1537,45.6264,64.2924,0.6481,0.5620,0.7499,0.6792
328,2011-07-22,30,45-64,43.7143,42.6017,35.8987,50.9414,0.6501,0.5566,0.7618,0.6967
328,2011-07-22,30,65+,22.0000,21.2499,17.4086,26.0806,0.6864,0.5790,0.8103,0.7480
329,2011-07-23,30,0-5,42.4286,42.7484,35.9697,50.7883,1.1787,0.9862,1.4115,1.1729
329,2011-07-23,30,6-11,35.4286,36.2610,30.3831,43.4383,1.3590,1.1528,1.6116,1.3371
329,2011-07-23,30,12-17,18.7143,20.2187,16.3562,24.6503,1.2309,1.0405,1.4611,1.1837
329,2011-07-23,30,18-44,52.2857,54.5915,45.7317,64.7571,0.6551,0.5668,0.7558,0.6502
329,2011-07-23,30,45-64,40.7143,41.5206,34.8020,49.4883,0.6539,0.5596,0.7628,0.6615
329,2011-07-23,30,65+,20.4286,20.5942,16.8872,25.2396,0.6887,0.5827,0.8121,0.7078
330,2011-07-24,31,0-5,38.2857,41.7594,35.3910,49.6725,1.2072,1.0068,1.4441,1.1186
330,2011-07-24,31,6-11,35.5714,36.3154,30.2924,43.5949,1.3895,1.1760,1.6343,1.3395
330,2011-07-24,31,12-17,20.0000,20.5148,16.6281,25.0294,1.2479,1.0569,1.4753,1.2261
330,2011-07-24,31,18-44,52.1429,54.9817,46.2672,65.0715,0.6699,0.5802,0.7732,0.6444
330,2011-07-24,31,45-64,39.1429,40.3232,33.8737,48.1742,0.6663,0.5729,0.7762,0.6562
330,2011-07-24,31,65+,19.1429,20.0595,16.4080,24.5218,0.7024,0.5962,0.8286,0.6922
331,2011-07-25,31,0-5,39.1429,41.0128,34.7594,48.8930,1.2386,1.0404,1.4887,1.1593
331,2011-07-25,31,6-11,34.8571,36.3604,30.2909,43.5158,1.4175,1.2038,1.6728,1.3409
331,2011-07-25,31,12-17,20.4286,20.7106,16.8497,25.1958,1.2633,1.0716,1.4951,1.2452
331,2011-07-25,31,18-44,52.0000,55.3494,46.8076,65.5024,0.6874,0.5959,0.7957,0.6522
331,2011-07-25,31,45-64,38.1429,39.2277,32.5933,46.9952,0.6837,0.5871,0.7962,0.6595
331,2011-07-25,31,65+,18.4286,19.5652,16.0034,24.0562,0.7241,0.6114,0.8550,0.6920
332,2011-07-26,31,0-5,39.0000,40.5292,34.1236,48.1235,1.2681,1.0684,1.5186,1.1965
332,2011-07-26,31,6-11,33.4286,36.3818,30.3680,43.5920,1.4435,1.2271,1.7031,1.3408
332,2011-07-26,31,12-17,20.5714,20.8206,16.9681,25.3046,1.2707,1.0774,1.5029,1.2578
332,2011-07-26,31,18-44,55.1429,55.6637,46.8816,65.8171,0.7061,0.6125,0.8155,0.6679
332,2011-07-26,31,45-64,36.7143,38.3366,31.9008,46.2273,0.7051,0.6055,0.8195,0.6645
332,2011-07-26,31,65+,17.0000,19.1958,15.6443,23.6875,0.7510,0.6357,0.8868,0.6832
333,2011-07-27,31,0-5,38.4286,40.2019,33.8738,47.8515,1.2868,1.0766,1.5435,1.2173
333,2011-07-27,31,6-11,35.5714,36.5551,30.4871,43.6772,1.4603,1.2402,1.7209,1.4068
333,2011-07-27,31,12-17,21.2857,20.7977,16.9920,25.2175,1.2745,1.0813,1.5146,1.2824
333,2011-07-27,31,18-44,56.1429,55.8508,47.0816,65.9784,0.7224,0.6243,0.8353,0.6787
333,2011-07-27,31,45-64,34.4286,37.7987,31.4345,45.5501,0.7258,0.6211,0.8450,0.6669
333,2011-07-27,31,65+,17.1429,19.0109,15.4877,23.4978,0.7777,0.6579,0.9206,0.6924
334,2011-07-28,31,0-5,40.8571,40.0633,33.6019,47.7030,1.2905,1.0740,1.5384,1.2862
334,2011-07-28,31,6-11,34.8571,36.6995,30.6388,43.9010,1.4554,1.2341,1.7214,1.4162
334,2011-07-28,31,12-17,21.5714,20.5605,16.8415,25.0054,1.2653,1.0740,1.4970,1.3016
334,2011-07-28,31,18-44,56.8571,55.9207,47.1704,66.1603,0.7288,0.6313,0.8433,0.6979
334,2011-07-28,31,45-64,34.8571,37.7791,31.3399,45.3731,0.7389,0.6341,0.8635,0.6845
334,2011-07-28,31,65+,17.4286,19.0663,15.3723,23.2885,0.7976,0.6766,0.9457,0.7147
335,2011-07-29,31,0-5,41.4286,39.8541,33.4722,47.6106,1.2790,1.0645,1.5320,1.3129
335,2011-07-29,31,6-11,37.8571,36.6510,30.5463,43.8176,1.4398,1.2205,1.6971,1.4943
335,2011-07-29,31,12-17,20.5714,20.1566,16.4749,24.5355,1.2535,1.0609,1.4805,1.2933
335,2011-07-29,31,18-44,56.1429,55.8227,46.8749,65.9488,0.7310,0.6329,0.8454,0.7198
335,2011-07-29,31,45-64,37.1429,38.1251,31.6555,45.2808,0.7485,0.6410,0.8758,0.7167
335,2011-07-29,31,65+,19.5714,19.1973,15.5269,23.5299,0.8117,0.6873,0.9599,0.7732
336,2011-07-30,31,0-5,40.2857,39.7272,33.3546,47.5069,1.2540,1.0453,1.5038,1.3050
336,2011-07-30,31,6-11,37.0000,36.4483,30.5104,43.6950,1.4083,1.1984,1.6611,1.4874
336,2011-07-30,31,12-17,20.8571,19.6511,16.0169,24.1704,1.2348,1.0458,1.4592,1.3198
336,2011-07-30,31,18-44,59.0000,55.7997,46.7158,65.9640,0.7247,0.6275,0.8388,0.7368
336,2011-07-30,31,45-64,38.8571,38.7893,32.2261,46.0707,0.7486,0.6411,0.8749,0.7389
336,2011-07-30,31,65+,19.7143,19.4585,15.6930,23.8633,0.8133,0.6888,0.9631,0.7905
337,2011-07-31,32,0-5,42.8571,39.3166,32.9856,47.2336,1.2317,1.0263,1.4806,1.3604
337,2011-07-31,32,6-11,39.4286,36.0261,30.1642,43.3350,1.3708,1.1711,1.6122,1.5446
337,2011-07-31,32,12-17,20.0000,18.9583,15.4519,23.3069,1.2087,1.0256,1.4232,1.3137
337,2011-07-31,32,18-44,59.1429,55.6049,46.7907,65.6577,0.7154,0.6194,0.8276,0.7583
337,2011-07-31,32,45-64,41.4286,39.8127,33.2530,47.3609,0.7422,0.6358,0.8662,0.7661
337,2011-07-31,32,65+,21.7143,19.8339,16.0827,24.2590,0.8064,0.6828,0.9556,0.8369
338,2011-08-01,32,0-5,42.1429,38.8332,32.4563,46.3579,1.2070,1.0078,1.4466,1.3265
338,2011-08-01,32,6-11,37.8571,35.4254,29.5481,42.2332,1.3315,1.1358,1.5681,1.4875
338,2011-08-01,32,12-17,18.7143,18.2586,14.7957,22.4248,1.1811,1.0039,1.4008,1.2743
338,2011-08-01,32,18-44,58.4286,55.5325,46.5887,65.8059,0.7021,0.6071,0.8132,0.7497
338,2011-08-01,32,45-64,44.0000,40.9060,34.2820,48.5459,0.7293,0.6228,0.8501,0.7687
338,2011-08-01,32,65+,22.1429,20.1646,16.3789,24.7634,0.7926,0.6713,0.9354,0.8398
339,2011-08-02,32,0-5,40.7143,38.3310,31.9511,45.6609,1.1931,1.0009,1.4321,1.2724
339,2011-08-02,32,6-11,37.2857,34.5152,28.6208,41.2361,1.3069,1.1139,1.5380,1.4423
339,2011-08-02,32,12-17,18.2857,17.6132,14.2225,21.7785,1.1621,0.9888,1.3660,1.2447
339,2011-08-02,32,18-44,56.2857,55.7273,46.7803,65.7755,0.6931,0.5980,0.8033,0.7256
339,2011-08-02,32,45-64,43.8571,41.9585,35.2858,49.9858,0.7175,0.6132,0.8379,0.7501
339,2011-08-02,32,65+,22.7143,20.4821,16.7444,25.2110,0.7787,0.6594,0.9204,0.8275
340,2011-08-03,32,0-5,38.2857,37.6701,31.3966,45.0989,1.2021,1.0015,1.4364,1.1976
340,2011-08-03,32,6-11,33.5714,33.4544,27.7851,40.1217,1.2946,1.1038,1.5170,1.3311
340,2011-08-03,32,12-17,16.7143,17.0160,13.6393,21.0138,1.1553,0.9823,1.3607,1.1774
340,2011-08-03,32,18-44,53.5714,56.0252,47.1832,66.6729,0.6911,0.5982,0.8045,0.6908
340,2011-08-03,32,45-64,44.5714,42.8063,35.8499,51.1543,0.7121,0.6097,0.8332,0.7209
340,2011-08-03,32,65+,20.8571,20.8190,17.0688,25.5122,0.7717,0.6543,0.9086,0.7785
341,2011-08-04,32,0-5,34.0000,37.2297,30.7316,44.5172,1.2238,1.0224,1.4664,1.1251
341,2011-08-04,32,6-11,32.5714,32.4062,26.7404,38.7594,1.2910,1.1026,1.5195,1.3087
341,2011-08-04,32,12-17,15.1429,16.4878,13.2322,20.3286,1.1510,0.9782,1.3586,1.1349
341,2011-08-04,32,18-44,53.2857,56.5395,47.5090,67.5349,0.6920,0.5991,0.8023,0.6790
341,2011-08-04,32,45-64,44.2857,43.2865,36.1913,51.6357,0.7068,0.6059,0.8278,0.7136
341,2011-08-04,32,65+,20.8571,21.0837,17.3105,25.8046,0.7669,0.6491,0.9046,0.7726
342,2011-08-05,32,0-5,33.4286,36.9830,30.4887,44.0264,1.2523,1.0451,1.5060,1.1398
342,2011-08-05,32,6-11,30.1429,31.1738,25.7659,37.4006,1.3053,1.1161,1.5341,1.2825
342,2011-08-05,32,12-17,14.7143,15.9763,12.8857,19.8356,1.1587,0.9834,1.3622,1.1344
342,2011-08-05,32,18-44,54.5714,57.0937,48.0794,68.2102,0.6995,0.6048,0.8087,0.6813
342,2011-08-05,32,45-64,43.0000,43.1787,36.2324,51.4889,0.7095,0.6077,0.8280,0.7079
342,2011-08-05,32,65+,19.5714,21.2963,17.4307,26.0122,0.7668,0.6500,0.9087,0.7527
343,2011-08-06,32,0-5,35.2857,36.9279,30.4542,44.4353,1.2852,1.0802,1.5436,1.2149
343,2011-08-06,32,6-11,28.7143,30.0521,24.8508,36.1161,1.3315,1.1303,1.5612,1.3028
343,2011-08-06,32,12-17,15.0000,15.5622,12.5520,19.3294,1.1728,0.9917,1.3780,1.1841
343,2011-08-06,32,18-44,55.1429,57.3104,48.1958,68.5279,0.7098,0.6119,0.8242,0.7085
343,2011-08-06,32,45-64,43.5714,42.6713,35.8651,50.9498,0.7157,0.6118,0.8363,0.7362
343,2011-08-06,32,65+,20.8571,21.3362,17.3159,26.0108,0.7746,0.6561,0.9181,0.7926
344,2011-08-07,33,0-5,35.4286,37.1200,30.8294,44.6837,1.3179,1.0977,1.5840,1.2352
344,2011-08-07,33,6-11,26.2857,29.0171,24.1166,35.0304,1.3601,1.1589,1.5992,1.2731
344,2011-08-07,33,12-17,14.8571,15.2310,12.2781,18.8149,1.1840,1.0039,1.3914,1.1798
344,2011-08-07,33,18-44,55.5714,57.2873,48.1146,68.4991,0.7177,0.6185,0.8324,0.7035
344,2011-08-07,33,45-64,40.7143,41.8726,34.9800,49.9975,0.7210,0.6165,0.8410,0.7201
344,2011-08-07,33,65+,20.0000,21.2453,17.2957,25.8934,0.7810,0.6604,0.9241,0.7713
345,2011-08-08,33,0-5,36.8571,37.5327,31.4312,44.9201,1.3413,1.1122,1.6158,1.2857
345,2011-08-08,33,6-11,26.1429,28.3489,23.4876,34.1693,1.3892,1.1824,1.6417,1.3081
345,2011-08-08,33,12-17,15.0000,14.9103,12.0082,18.4627,1.1956,1.0161,1.4116,1.2028
345,2011-08-08,33,18-44,55.5714,56.8603,47.8987,67.9645,0.7258,0.6269,0.8402,0.7157
345,2011-08-08,33,45-64,39.2857,40.9237,34.2807,48.6101,0.7288,0.6232,0.8508,0.7266
345,2011-08-08,33,65+,20.7143,21.0894,17.2525,25.8125,0.7910,0.6674,0.9357,0.7884
346,2011-08-09,33,0-5,36.7143,38.1175,31.8764,45.7090,1.3549,1.1271,1.6241,1.3101
346,2011-08-09,33,6-11,27.0000,27.9716,23.1671,33.7586,1.4166,1.2065,1.6692,1.3693
346,2011-08-09,33,12-17,14.0000,14.6295,11.8089,18.1531,1.2117,1.0251,1.4381,1.1902
346,2011-08-09,33,18-44,57.8571,56.0267,47.3886,66.9794,0.7309,0.6330,0.8454,0.7335
346,2011-08-09,33,45-64,38.2857,39.9959,33.6576,47.6076,0.7355,0.6286,0.8603,0.7363
346,2011-08-09,33,65+,20.8571,20.9577,17.0471,25.6844,0.7986,0.6749,0.9454,0.8006
347,2011-08-10,33,0-5,38.0000,38.8077,32.4463,46.4319,1.3523,1.1305,1.6286,1.3652
347,2011-08-10,33,6-11,28.1429,27.8960,23.0269,33.8480,1.4407,1.2223,1.6968,1.4523
347,2011-08-10,33,12-17,15.1429,14.4157,11.6070,17.9294,1.2251,1.0349,1.4396,1.2847
347,2011-08-10,33,18-44,59.7143,55.1153,46.3248,65.5684,0.7339,0.6365,0.8479,0.7741
347,2011-08-10,33,45-64,40.5714,39.2805,32.9470,46.8863,0.7435,0.6365,0.8694,0.7826
347,2011-08-10,33,65+,22.1429,20.7777,16.9372,25.5464,0.8105,0.6856,0.9569,0.8523
348,2011-08-11,33,0-5,42.8571,39.5031,33.0755,47.1317,1.3516,1.1212,1.6199,1.4627
348,2011-08-11,33,6-11,30.0000,28.1222,23.2039,34.2163,1.4639,1.2445,1.7220,1.5174
348,2011-08-11,33,12-17,15.7143,14.2243,11.3473,17.6843,1.2450,1.0523,1.4670,1.3161
348,2011-08-11,33,18-44,59.5714,53.8601,45.4161,63.7341,0.7410,0.6413,0.8563,0.7895
348,2011-08-11,33,45-64,40.7143,38.8105,32.5513,46.7696,0.7558,0.6478,0.8846,0.7888
348,2011-08-11,33,65+,22.1429,20.5979,16.8062,25.2106,0.8256,0.6996,0.9762,0.8561
349,2011-08-12,33,0-5,42.4286,40.1677,33.5852,48.0532,1.3407,1.1169,1.6019,1.3392
349,2011-08-12,33,6-11,26.7143,28.5265,23.4387,34.4939,1.4881,1.2659,1.7561,1.3218
349,2011-08-12,33,12-17,14.2857,14.1240,11.2145,17.5645,1.2736,1.0760,1.5002,1.1512
349,2011-08-12,33,18-44,50.4286,52.8393,44.4690,62.4299,0.7523,0.6508,0.8674,0.6801
349,2011-08-12,33,45-64,35.1429,39.0503,32.4839,46.8409,0.7758,0.6624,0.9044,0.6705
349,2011-08-12,33,65+,18.1429,20.7093,16.7925,25.3397,0.8496,0.7192,1.0019,0.7163
350,2011-08-13,33,0-5,41.8571,40.6884,33.9683,48.6092,1.3347,1.1184,1.5907,1.3384
350,2011-08-13,33,6-11,31.0000,29.2302,23.9555,35.2892,1.5144,1.2889,1.7864,1.4549
350,2011-08-13,33,12-17,13.8571,14.1706,11.1631,17.5408,1.3067,1.1107,1.5458,1.1790
350,2011-08-13,33,18-44,51.8571,52.1672,44.0234,62.1252,0.7673,0.6669,0.8857,0.7111
350,2011-08-13,33,45-64,37.0000,39.7889,33.0189,47.6909,0.7993,0.6864,0.9349,0.7082
350,2011-08-13,33,65+,19.5714,20.9674,16.9401,25.7001,0.8791,0.7457,1.0393,0.7674
351,2011-08-14,34,0-5,42.2857,40.8762,34.1587,48.8850,1.3289,1.1154,1.5803,1.3298
351,2011-08-14,34,6-11,28.8571,30.0308,24.5805,36.1924,1.5420,1.3179,1.8131,1.4021
351,2011-08-14,34,12-17,12.8571,14.2311,11.1811,17.6423,1.3459,1.1403,1.5911,1.1708
351,2011-08-14,34,18-44,50.1429,51.9833,43.9476,61.9714,0.7855,0.6807,0.9064,0.7201
351,2011-08-14,34,45-64,40.4286,40.8736,33.9848,49.2650,0.8250,0.7077,0.9651,0.7395
351,2011-08-14,34,65+,21.1429,21.3870,17.3019,26.2679,0.9090,0.7707,1.0716,0.8162
352,2011-08-15,34,0-5,40.7143,40.7746,34.1858,48.9643,1.3312,1.1193,1.5861,1.3086
352,2011-08-15,34,6-11,30.8571,30.9440,25.3544,37.2854,1.5735,1.3385,1.8513,1.4638
352,2011-08-15,34,12-17,13.0000,14.4429,11.3777,18.0120,1.3874,1.1792,1.6312,1.2086
352,2011-08-15,34,18-44,51.4286,52.4298,44.2708,62.6157,0.8052,0.6988,0.9289,0.7377
352,2011-08-15,34,45-64,41.4286,42.3281,35.3657,50.6538,0.8493,0.7281,0.9909,0.7632
352,2011-08-15,34,65+,22.0000,22.0631,17.9095,26.9351,0.9352,0.7934,1.1063,0.8455
353,2011-08-16,34,0-5,41.4286,40.5660,33.9668,48.3713,1.3375,1.1217,1.5884,1.3344
353,2011-08-16,34,6-11,32.0000,31.9030,26.2964,38.7805,1.6052,1.3687,1.8905,1.5131
353,2011-08-16,34,12-17,14.5714,14.7429,11.6770,18.4593,1.4228,1.2118,1.6740,1.3201
353,2011-08-16,34,18-44,51.8571,53.4148,44.9075,64.0884,0.8250,0.7143,0.9531,0.7705
353,2011-08-16,34,45-64,45.7143,43.8183,36.6197,52.3858,0.8709,0.7461,1.0184,0.8112
353,2011-08-16,34,65+,22.8571,22.8349,18.5436,27.9545,0.9584,0.8138,1.1320,0.8890
354,2011-08-17,34,0-5,40.8571,40.1019,33.5034,47.8864,1.3471,1.1324,1.5982,1.3065
354,2011-08-17,34,6-11,32.1429,32.9151,27.1377,39.9153,1.6298,1.3914,1.9108,1.4882
354,2011-08-17,34,12-17,14.7143,15.1842,12.0786,19.0538,1.4532,1.2401,1.6970,1.3093
354,2011-08-17,34,18-44,50.4286,55.1242,46.3215,66.2763,0.8416,0.7317,0.9692,0.7553
354,2011-08-17,34,45-64,45.7143,45.5077,38.1041,54.2942,0.8856,0.7634,1.0290,0.7988
354,2011-08-17,34,65+,23.2857,23.7495,19.3352,29.0196,0.9738,0.8307,1.1452,0.8805
355,2011-08-18,34,0-5,37.1429,39.5694,32.9346,47.2490,1.3523,1.1394,1.6126,1.2384
355,2011-08-18,34,6-11,31.2857,34.0485,28.1840,41.1776,1.6398,1.4028,1.9188,1.4507
355,2011-08-18,34,12-17,14.5714,15.7770,12.4983,19.6805,1.4659,1.2473,1.7234,1.2905
355,2011-08-18,34,18-44,52.2857,57.6377,48.4649,68.9194,0.8511,0.7378,0.9810,0.7459
355,2011-08-18,34,45-64,45.4286,47.1043,39.4295,56.1017,0.8905,0.7645,1.0374,0.7907
355,2011-08-18,34,65+,23.4286,24.7884,20.3794,30.2813,0.9760,0.8307,1.1502,0.8701
356,2011-08-19,34,0-5,40.0000,39.0003,32.3886,46.5384,1.3506,1.1378,1.6086,1.4138
356,2011-08-19,34,6-11,38.0000,35.1758,29.1477,42.4534,1.6303,1.3942,1.9184,1.7358
356,2011-08-19,34,12-17,16.7143,16.4171,13.0809,20.4096,1.4624,1.2445,1.7232,1.5050
356,2011-08-19,34,18-44,64.0000,60.7261,50.9732,72.4194,0.8485,0.7355,0.9817,0.8856
356,2011-08-19,34,45-64,53.7143,48.4393,40.5567,57.8133,0.8822,0.7576,1.0289,0.9406
356,2011-08-19,34,65+,29.2857,25.8343,21.3241,31.4625,0.9631,0.8200,1.1344,1.0481
357,2011-08-20,34,0-5,37.8571,38.3605,31.8516,45.9898,1.3384,1.1275,1.5936,1.3503
357,2011-08-20,34,6-11,35.7143,36.1613,29.9980,43.4837,1.6032,1.3676,1.8817,1.6215
357,2011-08-20,34,12-17,17.5714,17.0853,13.6787,21.2236,1.4435,1.2262,1.6957,1.4619
357,2011-08-20,34,18-44,66.2857,63.9625,53.8269,76.0714,0.8361,0.7236,0.9672,0.8449
357,2011-08-20,34,45-64,50.5714,49.5020,41.4621,59.1352,0.8632,0.7420,1.0042,0.8863
357,2011-08-20,34,65+,28.8571,26.7745,22.1739,32.4478,0.9386,0.7981,1.1043,0.9839
358,2011-08-21,35,0-5,37.8571,37.8737,31.3866,45.6227,1.3240,1.1114,1.5760,1.3746
358,2011-08-21,35,6-11,40.2857,36.9258,30.5763,44.3291,1.5635,1.3351,1.8376,1.7134
358,2011-08-21,35,12-17,19.0000,17.8767,14.3290,22.1738,1.4141,1.2023,1.6646,1.4954
358,2011-08-21,35,18-44,72.2857,67.1982,56.7641,79.6923,0.8172,0.7072,0.9480,0.8631
358,2011-08-21,35,45-64,51.4286,50.3936,42.3720,60.1004,0.8399,0.7212,0.9786,0.8894
358,2011-08-21,35,65+,28.8571,27.6192,22.9157,33.3962,0.9100,0.7720,1.0729,0.9696
359,2011-08-22,35,0-5,36.8571,37.6764,31.1554,45.3327,1.3069,1.0953,1.5630,1.3451
359,2011-08-22,35,6-11,40.0000,37.6069,31.2182,45.0017,1.5242,1.2959,1.7994,1.6610
359,2011-08-22,35,12-17,19.7143,18.6646,14.9955,23.1081,1.3838,1.1731,1.6362,1.4765
359,2011-08-22,35,18-44,74.7143,70.2096,59.4800,83.3592,0.7970,0.6873,0.9257,0.8513
359,2011-08-22,35,45-64,53.1429,51.3636,43.1340,61.1110,0.8154,0.6976,0.9528,0.8785
359,2011-08-22,35,65+,29.2857,28.3292,23.4420,34.2123,0.8814,0.7462,1.0464,0.9527
360,2011-08-23,35,0-5,37.2857,37.6566,31.1331,45.2817,1.2932,1.0664,1.5637,1.3294
360,2011-08-23,35,6-11,39.2857,38.0548,31.6854,45.6724,1.4915,1.2550,1.7793,1.5919
360,2011-08-23,35,12-17,19.5714,19.4640,15.7014,24.0849,1.3590,1.1383,1.6279,1.4150
360,2011-08-23,35,18-44,74.4286,72.9097,61.6716,86.4337,0.7789,0.6657,0.9124,0.8265
360,2011-08-23,35,45-64,53.5714,52.2961,44.0404,62.2928,0.7946,0.6738,0.9370,0.8539
360,2011-08-23,35,65+,30.4286,28.9057,23.8338,34.9265,0.8579,0.7165,1.0264,0.9370
361,2011-08-24,35,0-5,37.8571,37.7826,31.1989,45.6959,1.2826,1.0316,1.5941,1.3372
361,2011-08-24,35,6-11,38.2857,38.3933,31.8229,46.4523,1.4725,1.2074,1.7949,1.5482
361,2011-08-24,35,12-17,19.7143,20.3243,16.3369,25.1980,1.3438,1.0983,1.6451,1.3800
361,2011-08-24,35,18-44,78.0000,74.9023,63.1871,89.0877,0.7654,0.6434,0.9139,0.8174
361,2011-08-24,35,45-64,52.8571,53.1561,44.6381,63.5938,0.7791,0.6489,0.9354,0.8339
361,2011-08-24,35,65+,29.8571,29.4095,24.1324,35.7528,0.8389,0.6873,1.0256,0.9064
362,2011-08-25,35,0-5,37.5714,38.1010,31.0961,46.8313,1.2824,0.9919,1.6516,1.3030
362,2011-08-25,35,6-11,37.1429,38.6396,31.6015,47.6055,1.4652,1.1616,1.8538,1.4866
362,2011-08-25,35,12-17,19.8571,21.1091,16.7278,26.6626,1.3381,1.0573,1.6983,1.3419
362,2011-08-25,35,18-44,76.0000,76.2923,63.5335,91.8727,0.7598,0.6197,0.9358,0.7896
362,2011-08-25,35,45-64,52.8571,53.9343,44.6110,65.3963,0.7721,0.6228,0.9575,0.8077
362,2011-08-25,35,65+,29.5714,29.7202,23.9740,36.7349,0.8300,0.6575,1.0506,0.8782
363,2011-08-26,35,0-5,37.2857,38.5266,30.3991,49.0788,1.2855,0.9519,1.7456,1.2828
363,2011-08-26,35,6-11,37.2857,38.9221,30.7581,49.6182,1.4695,1.1183,1.9442,1.4708
363,2011-08-26,35,12-17,21.5714,21.8797,16.7191,28.6503,1.3410,1.0185,1.7834,1.3637
363,2011-08-26,35,18-44,75.4286,77.1954,62.5748,95.7555,0.7605,0.5988,0.9751,0.7735
363,2011-08-26,35,45-64,52.1429,54.5262,43.7342,68.1737,0.7720,0.6000,1.0000,0.7869
363,2011-08-26,35,65+,27.7143,29.8924,23.3145,38.3425,0.8294,0.6308,1.0971,0.8390
364,2011-08-27,35,0-5,41.0000,38.9245,28.9924,53.0990,1.2912,0.9154,1.8601,1.3474
364,2011-08-27,35,6-11,39.7143,39.1736,29.2176,53.3805,1.4776,1.0788,2.0558,1.5194
364,2011-08-27,35,12-17,23.0000,22.5465,16.2767,31.6217,1.3492,0.9813,1.8854,1.3953
364,2011-08-27,35,18-44,73.7143,77.6466,60.1358,101.4995,0.7652,0.5798,1.0270,0.7808
364,2011-08-27,35,45-64,53.2857,54.9139,41.9327,72.4536,0.7772,0.5793,1.0539,0.7921
364,2011-08-27,35,65+,28.1429,29.9558,22.1982,40.7031,0.8343,0.6083,1.1566,0.8468
