day,date,wk,age_group,obs,dR_med,dR_lo,dR_hi,Rj_med,Rj_lo,Rj_hi,Rj_renewal
1,2022-08-28,36,0-5,17.8571,17.1209,13.5119,21.3230,1.2728,0.9941,1.6002,NA
1,2022-08-28,36,6-11,30.8571,28.3612,23.7179,33.7675,1.4911,1.2051,1.8217,NA
1,2022-08-28,36,12-17,35.2857,34.5571,29.2239,38.6050,1.5372,1.2367,1.8247,NA
1,2022-08-28,36,18-44,44.2857,43.2913,36.5842,50.0934,0.8413,0.6684,1.0354,NA
1,2022-08-28,36,45-64,16.4286,16.2057,12.5756,20.4361,0.7857,0.6338,0.9593,NA
1,2022-08-28,36,65+,12.8571,12.6606,9.4664,16.4037,0.8050,0.6375,1.0184,NA
2,2022-08-29,36,0-5,17.7143,16.6455,13.8095,19.8152,1.2488,1.0086,1.5268,6.4984
2,2022-08-29,36,6-11,30.2857,27.4606,23.5896,31.1230,1.4915,1.2394,1.7837,7.9261
2,2022-08-29,36,12-17,34.0000,35.0382,30.8231,38.6061,1.6282,1.3632,1.9886,7.4363
2,2022-08-29,36,18-44,45.8571,47.0127,41.2141,53.0978,0.8175,0.6777,0.9799,3.6625
2,2022-08-29,36,45-64,16.5714,17.0693,14.1647,20.3515,0.7656,0.6401,0.9081,3.3946
2,2022-08-29,36,65+,12.8571,12.8724,10.4645,15.6451,0.7804,0.6355,0.9561,3.7121
3,2022-08-30,36,0-5,16.5714,16.1849,13.4839,19.3039,1.2233,1.0057,1.4726,2.9746
3,2022-08-30,36,6-11,29.2857,26.2813,22.3958,29.9555,1.4731,1.2448,1.7457,3.6969
3,2022-08-30,36,12-17,36.4286,36.1206,31.1212,40.5506,1.7071,1.4385,2.0178,3.6727
3,2022-08-30,36,18-44,49.8571,50.6782,43.6296,58.4662,0.7908,0.6696,0.9386,1.7707
3,2022-08-30,36,45-64,17.2857,17.7624,14.5623,21.4715,0.7414,0.6321,0.8699,1.6583
3,2022-08-30,36,65+,13.7143,13.0219,10.6797,15.8439,0.7506,0.6242,0.9045,1.8107
4,2022-08-31,36,0-5,16.4286,15.7074,12.9397,19.0329,1.1918,0.9918,1.4281,2.0387
4,2022-08-31,36,6-11,27.2857,25.2340,21.2467,29.4886,1.4369,1.2192,1.6918,2.4629
4,2022-08-31,36,12-17,38.4286,38.4800,33.2265,43.9635,1.7569,1.4825,2.0640,2.5750
4,2022-08-31,36,18-44,51.7143,53.0902,44.8265,62.4383,0.7617,0.6472,0.8919,1.2215
4,2022-08-31,36,45-64,18.0000,18.0734,14.6285,22.2481,0.7153,0.6148,0.8288,1.1461
4,2022-08-31,36,65+,13.5714,13.0792,10.4958,16.3316,0.7180,0.6048,0.8550,1.2308
5,2022-09-01,36,0-5,17.1429,15.3946,12.4666,18.8746,1.1582,0.9603,1.3972,1.7029
5,2022-09-01,36,6-11,26.7143,24.3672,20.2258,28.9144,1.3826,1.1707,1.6267,2.0075
5,2022-09-01,36,12-17,40.8571,41.9520,35.8104,49.2614,1.7661,1.4902,2.1053,2.1442
5,2022-09-01,36,18-44,53.8571,53.7862,45.2113,64.1689,0.7234,0.6177,0.8509,1.0130
5,2022-09-01,36,45-64,19.2857,18.1632,14.3450,22.8937,0.6817,0.5873,0.7920,0.9512
5,2022-09-01,36,65+,13.8571,12.9479,10.2150,16.5304,0.6834,0.5762,0.8100,1.0121
6,2022-09-02,36,0-5,13.8571,15.2360,12.2359,18.8042,1.1240,0.9339,1.3447,1.3487
6,2022-09-02,36,6-11,25.7143,23.4731,19.2199,28.4913,1.3206,1.1244,1.5534,1.7340
6,2022-09-02,36,12-17,46.8571,46.4718,39.2548,55.1578,1.7237,1.4367,2.0710,1.9988
6,2022-09-02,36,18-44,56.0000,53.7149,44.7745,63.6445,0.6845,0.5855,0.8035,0.8761
6,2022-09-02,36,45-64,18.8571,18.1307,14.3656,22.9191,0.6449,0.5566,0.7484,0.8266
6,2022-09-02,36,65+,13.0000,12.8211,9.9941,16.4083,0.6475,0.5472,0.7687,0.8514
7,2022-09-03,36,0-5,14.2857,15.1904,12.0867,18.8465,1.0927,0.9069,1.3157,1.2644
7,2022-09-03,36,6-11,24.5714,22.7578,18.5112,27.7256,1.2597,1.0729,1.4821,1.5797
7,2022-09-03,36,12-17,53.0000,51.4055,43.2383,60.3877,1.6348,1.3518,1.9551,1.9324
7,2022-09-03,36,18-44,55.8571,53.1329,44.4146,62.7858,0.6435,0.5526,0.7551,0.8118
7,2022-09-03,36,45-64,20.2857,18.1504,14.4671,22.8048,0.6056,0.5225,0.7025,0.7720
7,2022-09-03,36,65+,13.0000,12.6629,9.8394,16.1087,0.6127,0.5161,0.7287,0.7864
8,2022-09-04,37,0-5,15.1429,15.3565,12.0598,18.9622,1.0592,0.8730,1.2807,1.2258
8,2022-09-04,37,6-11,22.7143,22.0661,17.8985,26.9342,1.1989,1.0160,1.4213,1.4484
8,2022-09-04,37,12-17,62.4286,55.8645,47.4754,66.2584,1.4989,1.2469,1.8101,1.9282
8,2022-09-04,37,18-44,55.2857,52.2452,43.6594,61.9486,0.6052,0.5166,0.7087,0.7559
8,2022-09-04,37,45-64,19.1429,18.1666,14.6983,22.6623,0.5672,0.4878,0.6581,0.7125
8,2022-09-04,37,65+,12.4286,12.5308,9.6646,15.7203,0.5820,0.4881,0.6949,0.7138
9,2022-09-05,37,0-5,17.1429,15.5207,12.2773,19.2005,1.0342,0.8579,1.2574,1.3002
9,2022-09-05,37,6-11,24.2857,21.4165,17.3070,26.2572,1.1585,0.9779,1.3796,1.4998
9,2022-09-05,37,12-17,73.1429,59.2052,50.5368,70.4341,1.3802,1.1393,1.6616,1.9818
9,2022-09-05,37,18-44,58.8571,51.0849,42.6740,60.6108,0.5753,0.4924,0.6752,0.7711
9,2022-09-05,37,45-64,19.5714,18.3804,14.8721,22.7454,0.5375,0.4613,0.6252,0.7192
9,2022-09-05,37,65+,13.5714,12.4472,9.6877,15.5361,0.5578,0.4688,0.6652,0.7277
10,2022-09-06,37,0-5,18.1429,15.7419,12.4694,19.5973,1.0278,0.8446,1.2462,1.2136
10,2022-09-06,37,6-11,21.4286,20.8840,17.0299,25.7301,1.1427,0.9660,1.3610,1.2881
10,2022-09-06,37,12-17,68.4286,61.2057,52.0477,72.4814,1.2830,1.0665,1.5465,1.6501
10,2022-09-06,37,18-44,51.1429,49.8493,42.0831,59.0983,0.5590,0.4791,0.6562,0.6624
10,2022-09-06,37,45-64,18.7143,18.6294,14.9736,22.9838,0.5193,0.4472,0.6043,0.6142
10,2022-09-06,37,65+,12.5714,12.4549,9.7810,15.4513,0.5465,0.4588,0.6491,0.6313
11,2022-09-07,37,0-5,16.0000,16.0207,12.8131,19.9980,1.0381,0.8615,1.2648,1.0566
11,2022-09-07,37,6-11,19.7143,20.6001,16.8946,25.2851,1.1602,0.9783,1.3857,1.1614
11,2022-09-07,37,12-17,66.0000,61.4905,52.0616,72.3199,1.2270,1.0218,1.4809,1.4642
11,2022-09-07,37,18-44,46.4286,48.9950,41.3765,58.1984,0.5606,0.4804,0.6580,0.5879
11,2022-09-07,37,45-64,17.1429,19.1655,15.3520,23.5774,0.5184,0.4460,0.6039,0.5494
11,2022-09-07,37,65+,12.4286,12.5471,9.9198,15.5194,0.5492,0.4624,0.6516,0.5804
12,2022-09-08,37,0-5,15.1429,16.2956,13.0529,20.3461,1.0785,0.8923,1.3005,1.0135
12,2022-09-08,37,6-11,19.4286,20.6371,17.0217,25.2105,1.2094,1.0255,1.4387,1.1478
12,2022-09-08,37,12-17,65.7143,60.3157,51.0265,71.1315,1.2111,1.0079,1.4591,1.4074
12,2022-09-08,37,18-44,45.2857,48.6119,41.2309,58.0037,0.5798,0.4984,0.6757,0.5741
12,2022-09-08,37,45-64,17.5714,19.7952,15.8124,24.4479,0.5338,0.4603,0.6189,0.5398
12,2022-09-08,37,65+,12.4286,12.6683,10.1418,15.6908,0.5693,0.4786,0.6752,0.5745
13,2022-09-09,37,0-5,16.2857,16.5157,13.3250,20.6314,1.1344,0.9434,1.3734,1.0151
13,2022-09-09,37,6-11,17.2857,20.7896,17.1984,25.6308,1.2961,1.0920,1.5390,1.0444
13,2022-09-09,37,12-17,57.1429,58.2834,49.3813,68.5967,1.2384,1.0377,1.4857,1.2155
13,2022-09-09,37,18-44,39.8571,48.6919,41.2810,58.0183,0.6164,0.5304,0.7214,0.5224
13,2022-09-09,37,45-64,16.1429,20.3667,16.3040,25.2859,0.5669,0.4894,0.6597,0.4808
13,2022-09-09,37,65+,10.5714,12.8838,10.3198,16.0041,0.6053,0.5100,0.7185,0.5067
14,2022-09-10,37,0-5,17.5714,16.8742,13.6463,21.0054,1.2164,1.0083,1.4577,1.1274
14,2022-09-10,37,6-11,20.4286,21.3036,17.5737,26.2279,1.4069,1.1908,1.6624,1.2186
14,2022-09-10,37,12-17,56.0000,56.0695,47.2026,66.3075,1.3075,1.0985,1.5646,1.2622
14,2022-09-10,37,18-44,43.4286,49.4783,41.6445,58.4897,0.6704,0.5753,0.7852,0.5841
14,2022-09-10,37,45-64,18.2857,20.9801,16.9562,26.0826,0.6168,0.5314,0.7175,0.5345
14,2022-09-10,37,65+,11.2857,13.0780,10.5012,16.2706,0.6577,0.5506,0.7803,0.5643
15,2022-09-11,38,0-5,17.7143,17.2611,14.0033,21.4346,1.3143,1.0918,1.5736,1.1639
15,2022-09-11,38,6-11,21.4286,22.1918,18.3567,27.3341,1.5319,1.3019,1.8119,1.2871
15,2022-09-11,38,12-17,47.0000,54.0458,45.4781,63.9618,1.4055,1.1918,1.6632,1.1772
15,2022-09-11,38,18-44,45.7143,50.7541,42.5023,60.2214,0.7354,0.6320,0.8610,0.6110
15,2022-09-11,38,45-64,18.8571,21.6209,17.4442,26.6628,0.6779,0.5845,0.7890,0.5570
15,2022-09-11,38,65+,12.1429,13.3350,10.5637,16.5283,0.7217,0.6084,0.8580,0.6033
16,2022-09-12,38,0-5,15.8571,17.6982,14.5170,22.0134,1.4266,1.1936,1.7069,1.0914
16,2022-09-12,38,6-11,20.5714,23.3835,19.2212,28.5663,1.6683,1.4212,1.9684,1.2585
16,2022-09-12,38,12-17,41.0000,52.4625,44.0476,62.0542,1.5255,1.2875,1.8145,1.1261
16,2022-09-12,38,18-44,45.8571,52.6386,43.8742,62.6275,0.8055,0.6943,0.9450,0.6060
16,2022-09-12,38,45-64,20.0000,22.3512,18.0826,27.6580,0.7443,0.6432,0.8657,0.5581
16,2022-09-12,38,65+,11.0000,13.6381,10.6655,16.8844,0.7926,0.6704,0.9410,0.5874
17,2022-09-13,38,0-5,16.1429,18.4441,15.1547,22.8862,1.5377,1.2845,1.8438,1.1918
17,2022-09-13,38,6-11,24.0000,24.8948,20.4267,30.2285,1.7906,1.5197,2.1060,1.4676
17,2022-09-13,38,12-17,44.5714,51.7825,43.2491,61.7465,1.6413,1.3897,1.9403,1.3044
17,2022-09-13,38,18-44,53.5714,55.1503,46.0440,66.1082,0.8712,0.7447,1.0195,0.6979
17,2022-09-13,38,45-64,21.7143,23.2123,18.8681,28.5224,0.8070,0.6948,0.9368,0.6414
17,2022-09-13,38,65+,12.0000,14.0987,10.9906,17.6385,0.8609,0.7261,1.0204,0.6662
18,2022-09-14,38,0-5,18.8571,19.5855,15.8855,24.1787,1.6453,1.3715,1.9604,1.3724
18,2022-09-14,38,6-11,27.4286,26.7429,21.9481,32.6460,1.8870,1.6105,2.2180,1.6657
18,2022-09-14,38,12-17,49.4286,52.2292,43.7650,61.9450,1.7428,1.4745,2.0560,1.5100
18,2022-09-14,38,18-44,60.7143,58.0334,48.7796,69.6703,0.9261,0.7943,1.0838,0.8002
18,2022-09-14,38,45-64,25.2857,24.1063,19.5262,29.1734,0.8609,0.7414,0.9990,0.7400
18,2022-09-14,38,65+,14.0000,14.6843,11.5746,18.2864,0.9231,0.7801,1.0941,0.7711
19,2022-09-15,38,0-5,19.7143,21.2773,17.1846,26.1495,1.7304,1.4522,2.0584,1.3676
19,2022-09-15,38,6-11,27.5714,28.8855,23.7657,35.1841,1.9471,1.6618,2.2852,1.6220
19,2022-09-15,38,12-17,50.7143,53.5232,44.8855,63.4816,1.7974,1.5202,2.1192,1.5314
19,2022-09-15,38,18-44,61.4286,61.2465,51.6989,73.5948,0.9602,0.8274,1.1219,0.7893
19,2022-09-15,38,45-64,24.8571,25.1547,20.4332,30.4979,0.8936,0.7727,1.0377,0.7325
19,2022-09-15,38,65+,15.1429,15.5889,12.3825,19.2783,0.9642,0.8184,1.1405,0.7762
20,2022-09-16,38,0-5,22.4286,23.6519,19.1626,28.9409,1.7826,1.4959,2.1160,1.5253
20,2022-09-16,38,6-11,34.0000,31.4823,25.8696,38.4327,1.9640,1.6770,2.3088,1.8772
20,2022-09-16,38,12-17,59.8571,55.3951,46.5821,65.6862,1.8124,1.5354,2.1326,1.7869
20,2022-09-16,38,18-44,72.2857,65.2376,54.7439,78.2581,0.9720,0.8401,1.1305,0.9043
20,2022-09-16,38,45-64,30.0000,26.6631,21.7176,32.3762,0.9065,0.7843,1.0470,0.8498
20,2022-09-16,38,65+,19.2857,16.8685,13.4145,20.8288,0.9832,0.8337,1.1603,0.9160
21,2022-09-17,38,0-5,25.5714,26.7047,21.6947,32.4561,1.7953,1.5150,2.1457,1.5448
21,2022-09-17,38,6-11,34.5714,34.3710,28.2732,41.6610,1.9419,1.6657,2.2708,1.7916
21,2022-09-17,38,12-17,61.2857,57.8028,48.5408,68.6792,1.7875,1.5206,2.1014,1.7400
21,2022-09-17,38,18-44,73.7143,70.0967,58.7741,83.6815,0.9640,0.8368,1.1225,0.8783
21,2022-09-17,38,45-64,30.8571,28.7306,23.6682,35.1598,0.8991,0.7797,1.0397,0.8264
21,2022-09-17,38,65+,21.4286,18.4904,14.7821,23.0410,0.9767,0.8329,1.1530,0.9089
22,2022-09-18,39,0-5,32.0000,30.6059,24.8871,37.1208,1.7774,1.5017,2.1150,1.6772
22,2022-09-18,39,6-11,39.7143,37.7506,31.2177,45.3452,1.8963,1.6229,2.2202,1.8578
22,2022-09-18,39,12-17,64.5714,60.4812,50.7349,71.6428,1.7436,1.4853,2.0608,1.7434
22,2022-09-18,39,18-44,79.2857,75.7327,63.6205,90.7059,0.9429,0.8170,1.0905,0.8926
22,2022-09-18,39,45-64,33.1429,31.4962,26.0281,38.6359,0.8784,0.7626,1.0118,0.8226
22,2022-09-18,39,65+,21.7143,20.4674,16.5450,25.2459,0.9530,0.8137,1.1183,0.8843
23,2022-09-19,39,0-5,37.2857,35.1928,29.1120,42.7377,1.7391,1.4686,2.0551,1.7294
23,2022-09-19,39,6-11,42.1429,41.1789,34.1373,49.2238,1.8358,1.5732,2.1340,1.8415
23,2022-09-19,39,12-17,63.4286,63.0990,53.3341,74.5947,1.6871,1.4351,1.9839,1.6828
23,2022-09-19,39,18-44,86.5714,82.3210,69.2243,99.2033,0.9123,0.7906,1.0519,0.9029
23,2022-09-19,39,45-64,36.7143,35.0485,28.9673,42.4951,0.8471,0.7364,0.9758,0.8328
23,2022-09-19,39,65+,24.5714,22.7128,18.4939,27.7645,0.9138,0.7858,1.0693,0.9075
24,2022-09-20,39,0-5,43.8571,40.3586,33.6930,48.6145,1.6659,1.3997,1.9725,1.7894
24,2022-09-20,39,6-11,46.7143,44.7447,37.2081,53.1966,1.7567,1.5048,2.0531,1.8869
24,2022-09-20,39,12-17,70.5714,65.6308,55.4828,77.7469,1.6310,1.3800,1.9182,1.7715
24,2022-09-20,39,18-44,94.2857,89.7670,75.4493,106.9269,0.8736,0.7598,1.0077,0.9329
24,2022-09-20,39,45-64,42.5714,38.8785,32.2305,46.6046,0.8103,0.7056,0.9300,0.8715
24,2022-09-20,39,65+,28.5714,25.0054,20.5076,30.5259,0.8708,0.7451,1.0177,0.9583
25,2022-09-21,39,0-5,47.7143,45.6020,38.2058,54.4605,1.5893,1.3337,1.8912,1.7074
25,2022-09-21,39,6-11,48.4286,48.1694,40.3698,57.3264,1.6857,1.4452,1.9667,1.7886
25,2022-09-21,39,12-17,67.4286,68.0515,57.6494,80.2931,1.5740,1.3349,1.8558,1.6408
25,2022-09-21,39,18-44,97.5714,97.9618,82.7551,116.3353,0.8374,0.7262,0.9701,0.8856
25,2022-09-21,39,45-64,44.8571,42.6079,35.4879,51.0742,0.7741,0.6736,0.8905,0.8269
25,2022-09-21,39,65+,29.1429,27.2197,22.5398,33.0900,0.8259,0.7064,0.9685,0.9044
26,2022-09-22,39,0-5,49.1429,50.7107,42.6454,60.1216,1.5097,1.2718,1.7921,1.5833
26,2022-09-22,39,6-11,50.2857,51.3667,43.3487,60.9260,1.6138,1.3821,1.8857,1.6962
26,2022-09-22,39,12-17,65.7143,70.4101,59.4892,83.0898,1.5286,1.2953,1.8038,1.5383
26,2022-09-22,39,18-44,99.4286,106.3168,90.2346,126.0793,0.8045,0.6967,0.9294,0.8300
26,2022-09-22,39,45-64,45.1429,45.9256,38.5547,54.7229,0.7427,0.6462,0.8513,0.7736
26,2022-09-22,39,65+,28.7143,29.2920,24.2648,35.3937,0.7886,0.6766,0.9223,0.8374
27,2022-09-23,39,0-5,57.2857,54.9997,46.4695,65.1357,1.4232,1.1994,1.6832,1.6725
27,2022-09-23,39,6-11,54.7143,54.2054,45.6764,64.1723,1.5351,1.3180,1.7908,1.7542
27,2022-09-23,39,12-17,72.5714,72.4638,61.4124,85.5364,1.4758,1.2548,1.7442,1.6249
27,2022-09-23,39,18-44,112.5714,114.7111,97.7180,135.5750,0.7676,0.6652,0.8882,0.8652
27,2022-09-23,39,45-64,47.7143,48.7852,40.9675,57.5790,0.7088,0.6167,0.8148,0.7955
27,2022-09-23,39,65+,29.4286,31.1426,25.8603,37.6032,0.7529,0.6461,0.8818,0.8405
28,2022-09-24,39,0-5,60.0000,58.3677,49.3001,69.1570,1.3388,1.1288,1.5875,1.6388
28,2022-09-24,39,6-11,57.2857,56.3051,47.4973,66.4073,1.4586,1.2512,1.7031,1.7488
28,2022-09-24,39,12-17,75.0000,74.4795,62.7729,87.8059,1.4255,1.2016,1.6822,1.6354
28,2022-09-24,39,18-44,123.8571,122.4223,104.8810,144.2321,0.7298,0.6310,0.8469,0.8743
28,2022-09-24,39,45-64,50.8571,50.4035,42.1924,59.2720,0.6750,0.5860,0.7752,0.8088
28,2022-09-24,39,65+,32.2857,32.5317,27.2905,39.0406,0.7180,0.6139,0.8392,0.8595
29,2022-09-25,40,0-5,60.8571,60.5046,51.3369,71.6175,1.2612,1.0565,1.5084,1.5673
29,2022-09-25,40,6-11,57.1429,57.5577,48.6574,68.2227,1.3860,1.1861,1.6209,1.6869
29,2022-09-25,40,12-17,79.4286,76.0220,64.5206,89.2053,1.3763,1.1678,1.6330,1.6463
29,2022-09-25,40,18-44,132.8571,128.0873,109.0690,150.2273,0.6937,0.5988,0.8067,0.8630
29,2022-09-25,40,45-64,53.2857,51.2166,42.9065,60.1393,0.6431,0.5574,0.7416,0.8052
29,2022-09-25,40,65+,34.4286,33.6148,28.0120,40.4829,0.6849,0.5840,0.8060,0.8565
30,2022-09-26,40,0-5,64.5714,61.5805,52.4424,72.1242,1.1909,1.0047,1.4093,1.5321
30,2022-09-26,40,6-11,60.5714,57.9259,49.4597,68.5636,1.3183,1.1293,1.5405,1.6594
30,2022-09-26,40,12-17,82.1429,77.0525,65.4882,90.6754,1.3323,1.1290,1.5799,1.6044
30,2022-09-26,40,18-44,136.4286,132.4421,113.4222,154.0340,0.6609,0.5718,0.7660,0.8318
30,2022-09-26,40,45-64,51.7143,51.3016,42.9814,60.4445,0.6137,0.5332,0.7051,0.7684
30,2022-09-26,40,65+,35.0000,34.3174,28.6543,41.4743,0.6548,0.5591,0.7669,0.8178
31,2022-09-27,40,0-5,63.4286,61.6811,52.4100,72.3917,1.1339,0.9547,1.3501,1.4345
31,2022-09-27,40,6-11,58.7143,57.8487,49.4005,67.8977,1.2652,1.0832,1.4839,1.5547
31,2022-09-27,40,12-17,78.4286,78.1086,66.4854,92.0454,1.3092,1.1019,1.5542,1.4940
31,2022-09-27,40,18-44,138.4286,134.2163,115.4176,156.2993,0.6354,0.5512,0.7374,0.7890
31,2022-09-27,40,45-64,51.7143,50.8561,42.8935,59.9269,0.5918,0.5149,0.6826,0.7306
31,2022-09-27,40,65+,35.4286,34.8323,28.8693,41.7761,0.6311,0.5386,0.7426,0.7812
32,2022-09-28,40,0-5,62.5714,60.7864,51.8298,71.4668,1.0902,0.9158,1.2960,1.3645
32,2022-09-28,40,6-11,60.0000,57.1449,48.7556,67.4973,1.2265,1.0469,1.4420,1.5135
32,2022-09-28,40,12-17,81.2857,78.6853,67.1250,93.2295,1.2943,1.0905,1.5454,1.4725
32,2022-09-28,40,18-44,138.1429,134.5953,115.9948,156.6722,0.6183,0.5364,0.7216,0.7570
32,2022-09-28,40,45-64,49.8571,50.1624,42.2319,59.3783,0.5782,0.5026,0.6676,0.7006
32,2022-09-28,40,65+,35.8571,34.8861,28.9023,41.9095,0.6165,0.5253,0.7254,0.7522
33,2022-09-29,40,0-5,62.0000,59.2493,50.2518,69.7878,1.0736,0.9011,1.2758,1.3196
33,2022-09-29,40,6-11,59.0000,55.8701,47.4106,66.1677,1.2149,1.0400,1.4189,1.4657
33,2022-09-29,40,12-17,85.2857,79.3255,67.5243,93.6626,1.3045,1.0999,1.5499,1.4796
33,2022-09-29,40,18-44,138.2857,134.2200,115.6190,155.1520,0.6158,0.5306,0.7148,0.7386
33,2022-09-29,40,45-64,50.1429,49.1869,41.6070,58.3797,0.5768,0.5012,0.6646,0.6866
33,2022-09-29,40,65+,35.8571,34.8016,28.8842,41.6018,0.6137,0.5220,0.7220,0.7340
34,2022-09-30,40,0-5,54.0000,57.2538,48.4200,67.6355,1.0818,0.9059,1.2878,1.1295
34,2022-09-30,40,6-11,51.2857,54.3857,46.2530,64.8819,1.2299,1.0514,1.4404,1.2522
34,2022-09-30,40,12-17,71.8571,80.2340,68.0278,94.3322,1.3474,1.1332,1.6091,1.2380
34,2022-09-30,40,18-44,120.8571,132.7837,114.5264,154.1873,0.6277,0.5406,0.7265,0.6311
34,2022-09-30,40,45-64,43.8571,48.4212,40.7661,57.6262,0.5895,0.5120,0.6785,0.5861
34,2022-09-30,40,65+,31.4286,34.5762,28.6756,41.1970,0.6237,0.5328,0.7313,0.6289
35,2022-10-01,40,0-5,52.5714,55.2740,46.9325,65.2312,1.1126,0.9345,1.3334,1.1456
35,2022-10-01,40,6-11,51.0000,53.0411,45.0384,63.3130,1.2680,1.0867,1.4871,1.2862
35,2022-10-01,40,12-17,76.4286,81.6218,69.3857,96.1515,1.4181,1.1886,1.7001,1.3107
35,2022-10-01,40,18-44,126.4286,131.1106,113.3510,152.1764,0.6520,0.5611,0.7623,0.6562
35,2022-10-01,40,45-64,44.0000,47.9443,39.8429,57.1427,0.6143,0.5317,0.7102,0.6113
35,2022-10-01,40,65+,32.8571,34.1578,28.3105,40.7956,0.6453,0.5502,0.7591,0.6575
36,2022-10-02,41,0-5,52.0000,53.2935,45.0510,63.2582,1.1673,0.9813,1.3819,1.1470
36,2022-10-02,41,6-11,50.5714,51.6590,43.9443,61.3012,1.3329,1.1373,1.5580,1.2886
36,2022-10-02,41,12-17,77.4286,83.7953,71.5490,98.5005,1.4976,1.2597,1.7925,1.3223
36,2022-10-02,41,18-44,122.4286,130.3104,112.2457,152.2471,0.6893,0.5932,0.7985,0.6515
36,2022-10-02,41,45-64,42.5714,47.3818,39.7200,57.1141,0.6493,0.5627,0.7486,0.6061
36,2022-10-02,41,65+,32.2857,33.6812,27.8481,40.0972,0.6775,0.5769,0.7988,0.6527
37,2022-10-03,41,0-5,49.2857,51.8294,43.5632,61.2964,1.2315,1.0399,1.4589,1.1480
37,2022-10-03,41,6-11,47.5714,50.6085,42.6833,60.0792,1.4058,1.2030,1.6441,1.2923
37,2022-10-03,41,12-17,85.0000,86.9661,74.5703,102.6687,1.5815,1.3322,1.8972,1.4267
37,2022-10-03,41,18-44,125.1429,129.6546,110.9721,151.9965,0.7328,0.6312,0.8558,0.6743
37,2022-10-03,41,45-64,44.4286,47.1131,39.4627,56.9545,0.6911,0.5979,0.7991,0.6358
37,2022-10-03,41,65+,33.2857,33.2313,27.3138,39.5997,0.7175,0.6101,0.8469,0.6823
38,2022-10-04,41,0-5,47.7143,50.7553,42.5846,60.2422,1.3137,1.1042,1.5578,1.1562
38,2022-10-04,41,6-11,48.1429,50.0030,42.2730,59.2210,1.5009,1.2830,1.7579,1.3287
38,2022-10-04,41,12-17,94.0000,91.4330,78.0798,107.9540,1.6673,1.4150,1.9617,1.5201
38,2022-10-04,41,18-44,126.4286,130.0299,111.6131,152.7526,0.7855,0.6741,0.9164,0.6878
38,2022-10-04,41,45-64,45.1429,47.4589,39.8776,57.2347,0.7398,0.6399,0.8536,0.6469
38,2022-10-04,41,65+,31.0000,32.9263,27.1332,39.4552,0.7677,0.6537,0.8975,0.6730
39,2022-10-05,41,0-5,47.4286,50.3310,42.0678,59.7749,1.4027,1.1804,1.6648,1.1812
39,2022-10-05,41,6-11,46.5714,50.1783,42.2219,59.6312,1.6034,1.3751,1.8675,1.3370
39,2022-10-05,41,12-17,98.8571,96.7864,82.5698,114.2707,1.7487,1.4825,2.0699,1.5550
39,2022-10-05,41,18-44,129.1429,132.6586,113.4814,155.0454,0.8421,0.7242,0.9853,0.7039
39,2022-10-05,41,45-64,47.2857,48.5341,40.8017,58.1105,0.7926,0.6858,0.9160,0.6629
39,2022-10-05,41,65+,30.7143,33.0039,27.1354,39.4634,0.8214,0.7030,0.9600,0.6830
40,2022-10-06,41,0-5,47.4286,50.6215,42.7360,60.5563,1.4896,1.2586,1.7708,1.2008
40,2022-10-06,41,6-11,48.7143,51.0917,43.1303,60.9164,1.7033,1.4599,1.9903,1.3766
40,2022-10-06,41,12-17,99.5714,103.0300,87.7527,121.9798,1.8223,1.5508,2.1486,1.5291
40,2022-10-06,41,18-44,130.1429,137.9950,116.5043,162.0232,0.8985,0.7736,1.0487,0.7092
40,2022-10-06,41,45-64,47.8571,50.6917,42.5226,60.5628,0.8434,0.7327,0.9732,0.6634
40,2022-10-06,41,65+,30.4286,33.5814,27.7127,40.2852,0.8739,0.7490,1.0254,0.6827
41,2022-10-07,41,0-5,47.4286,51.5223,43.3584,61.9581,1.5524,1.3078,1.8434,1.2510
41,2022-10-07,41,6-11,49.2857,52.8366,44.7393,63.2961,1.7814,1.5299,2.0803,1.4363
41,2022-10-07,41,12-17,107.7143,110.2423,93.9964,129.9687,1.8644,1.5916,2.1972,1.6098
41,2022-10-07,41,18-44,140.8571,146.3379,124.0455,171.8064,0.9420,0.8083,1.1025,0.7539
41,2022-10-07,41,45-64,51.7143,53.9109,45.1382,64.6539,0.8819,0.7643,1.0168,0.7085
41,2022-10-07,41,65+,33.1429,34.9093,28.8813,41.7633,0.9183,0.7865,1.0705,0.7336
42,2022-10-08,41,0-5,55.5714,53.2999,44.9138,63.6794,1.5805,1.3418,1.8654,1.4484
42,2022-10-08,41,6-11,57.0000,55.5424,46.7165,66.3175,1.8279,1.5710,2.1286,1.6404
42,2022-10-08,41,12-17,123.4286,118.5184,100.9448,138.6440,1.8926,1.6126,2.2285,1.7904
42,2022-10-08,41,18-44,162.5714,156.8644,133.8710,185.0351,0.9681,0.8311,1.1299,0.8565
42,2022-10-08,41,45-64,60.2857,57.8032,48.4788,69.3168,0.9030,0.7822,1.0404,0.7996
42,2022-10-08,41,65+,37.1429,36.9740,30.6027,44.1561,0.9405,0.8071,1.1022,0.8229
43,2022-10-09,42,0-5,58.7143,55.2484,46.4039,66.0974,1.5742,1.3363,1.8609,1.5022
43,2022-10-09,42,6-11,61.0000,58.9031,49.4750,70.4883,1.8381,1.5824,2.1322,1.7029
43,2022-10-09,42,12-17,132.4286,126.8670,108.3774,148.2345,1.8901,1.6133,2.2327,1.8290
43,2022-10-09,42,18-44,178.1429,170.8507,145.9913,201.6423,0.9724,0.8376,1.1384,0.8926
43,2022-10-09,42,45-64,66.5714,62.1832,52.3703,73.9233,0.9029,0.7850,1.0402,0.8338
43,2022-10-09,42,65+,40.8571,39.5304,32.5988,47.2319,0.9393,0.8093,1.0943,0.8619
44,2022-10-10,42,0-5,59.4286,57.4821,48.2785,68.5397,1.5367,1.3027,1.8135,1.4958
44,2022-10-10,42,6-11,65.8571,63.0276,53.0552,75.4483,1.8107,1.5616,2.1013,1.7372
44,2022-10-10,42,12-17,137.1429,136.2674,116.1100,159.9651,1.8711,1.5996,2.1917,1.8097
44,2022-10-10,42,18-44,194.1429,187.9563,161.1888,221.4271,0.9563,0.8259,1.1130,0.9093
44,2022-10-10,42,45-64,74.1429,66.8603,56.7380,78.9701,0.8841,0.7707,1.0153,0.8539
44,2022-10-10,42,65+,45.4286,42.7937,35.4821,51.0770,0.9170,0.7908,1.0677,0.8906
45,2022-10-11,42,0-5,64.5714,59.6756,50.1214,71.3158,1.4770,1.2568,1.7446,1.5540
45,2022-10-11,42,6-11,71.2857,67.6224,56.9153,80.4094,1.7641,1.5165,2.0491,1.7871
45,2022-10-11,42,12-17,146.0000,146.8489,125.6424,171.7648,1.8376,1.5626,2.1694,1.8236
45,2022-10-11,42,18-44,218.7143,208.0858,178.2413,245.1383,0.9280,0.7984,1.0863,0.9403
45,2022-10-11,42,45-64,78.0000,71.9275,60.6595,84.7948,0.8535,0.7425,0.9831,0.8767
45,2022-10-11,42,65+,52.2857,46.3678,38.8089,55.6249,0.8791,0.7573,1.0225,0.9282
46,2022-10-12,42,0-5,64.5714,61.8693,51.8084,73.6007,1.4198,1.2029,1.6720,1.4998
46,2022-10-12,42,6-11,75.0000,72.4389,61.3785,85.9926,1.7109,1.4743,1.9953,1.7552
46,2022-10-12,42,12-17,158.5714,158.5868,135.7736,184.7967,1.8115,1.5337,2.1317,1.8190
46,2022-10-12,42,18-44,234.7143,229.2120,196.7705,271.3924,0.9004,0.7723,1.0521,0.9205
46,2022-10-12,42,45-64,79.2857,76.6422,64.7894,90.5096,0.8232,0.7158,0.9471,0.8532
46,2022-10-12,42,65+,53.5714,50.0968,42.0428,59.9493,0.8365,0.7219,0.9765,0.8920
47,2022-10-13,42,0-5,65.1429,63.5453,53.8371,75.8695,1.3601,1.1498,1.6045,1.4409
47,2022-10-13,42,6-11,75.8571,77.2603,65.5614,91.9855,1.6531,1.4227,1.9291,1.6766
47,2022-10-13,42,12-17,162.2857,171.1542,146.6585,199.6792,1.7724,1.5065,2.0842,1.7397
47,2022-10-13,42,18-44,245.7143,251.8165,215.5576,297.9664,0.8682,0.7454,1.0180,0.8848
47,2022-10-13,42,45-64,80.2857,81.0307,68.6341,95.9174,0.7900,0.6865,0.9113,0.8159
47,2022-10-13,42,65+,54.2857,53.5308,45.0541,64.3704,0.7940,0.6841,0.9245,0.8473
48,2022-10-14,42,0-5,71.7143,64.8364,55.2055,77.5286,1.3141,1.1104,1.5519,1.5578
48,2022-10-14,42,6-11,91.0000,81.7363,69.5861,96.7470,1.6088,1.3779,1.8763,1.8747
48,2022-10-14,42,12-17,204.0000,185.1213,157.9817,215.3584,1.7336,1.4748,2.0503,1.9984
48,2022-10-14,42,18-44,290.2857,274.3534,235.6769,322.2790,0.8434,0.7189,0.9906,0.9772
48,2022-10-14,42,45-64,91.8571,84.6937,72.2660,100.5354,0.7618,0.6588,0.8800,0.9006
48,2022-10-14,42,65+,62.5714,56.4926,47.6664,67.7489,0.7567,0.6509,0.8786,0.9263
49,2022-10-15,42,0-5,65.1429,65.9102,55.9276,78.0719,1.2792,1.0864,1.5102,1.3963
49,2022-10-15,42,6-11,88.8571,86.1957,73.6332,101.7588,1.5779,1.3559,1.8372,1.7097
49,2022-10-15,42,12-17,201.4286,199.0147,170.2298,231.3892,1.7079,1.4609,2.0229,1.8103
49,2022-10-15,42,18-44,298.8571,295.9729,254.3024,346.6807,0.8226,0.7052,0.9641,0.8953
49,2022-10-15,42,45-64,87.0000,87.4912,74.3877,103.8616,0.7393,0.6423,0.8522,0.8163
49,2022-10-15,42,65+,58.4286,58.7169,49.0708,70.3117,0.7266,0.6274,0.8442,0.8244
50,2022-10-16,43,0-5,63.4286,66.9887,56.5072,78.8339,1.2644,1.0666,1.4884,1.3414
50,2022-10-16,43,6-11,89.1429,90.6733,77.4265,106.9142,1.5721,1.3473,1.8226,1.6427
50,2022-10-16,43,12-17,208.2857,214.0058,184.5357,249.0512,1.7069,1.4409,2.0153,1.7461
50,2022-10-16,43,18-44,316.8571,316.6325,272.4390,370.2075,0.8138,0.6927,0.9538,0.8733
50,2022-10-16,43,45-64,90.1429,90.3297,76.7833,107.0393,0.7278,0.6290,0.8395,0.7962
50,2022-10-16,43,65+,60.5714,60.4061,50.6292,71.6819,0.7071,0.6097,0.8212,0.8034
51,2022-10-17,43,0-5,66.4286,67.9747,57.1282,79.9893,1.2658,1.0730,1.4997,1.3449
51,2022-10-17,43,6-11,93.5714,95.2299,81.8264,112.4927,1.5881,1.3615,1.8508,1.6321
51,2022-10-17,43,12-17,226.0000,230.1225,197.3811,269.1202,1.7216,1.4592,2.0444,1.7471
51,2022-10-17,43,18-44,335.1429,337.4742,289.7052,393.9065,0.8138,0.6960,0.9632,0.8627
51,2022-10-17,43,45-64,89.2857,92.8841,78.7811,110.0968,0.7250,0.6290,0.8398,0.7763
51,2022-10-17,43,65+,58.8571,61.4861,52.0171,72.9798,0.6979,0.6021,0.8083,0.7679
52,2022-10-18,43,0-5,63.8571,69.0694,58.2486,82.1012,1.2780,1.0823,1.5061,1.2944
52,2022-10-18,43,6-11,97.1429,100.7385,86.0123,118.9183,1.6203,1.3877,1.8970,1.6089
52,2022-10-18,43,12-17,248.0000,248.5004,213.0080,290.2510,1.7493,1.4820,2.0645,1.7615
52,2022-10-18,43,18-44,348.8571,357.2468,304.9751,416.2044,0.8199,0.7025,0.9678,0.8451
52,2022-10-18,43,45-64,88.7143,95.4365,80.9453,112.5564,0.7280,0.6321,0.8437,0.7587
52,2022-10-18,43,65+,58.8571,62.2762,52.6438,73.7284,0.6948,0.5992,0.8065,0.7436
53,2022-10-19,43,0-5,68.2857,70.4447,59.6671,83.7733,1.2954,1.0993,1.5244,1.3235
53,2022-10-19,43,6-11,102.1429,107.6038,90.8163,126.6547,1.6668,1.4294,1.9476,1.6186
53,2022-10-19,43,12-17,263.4286,268.5881,230.7558,315.0019,1.7822,1.5002,2.1011,1.7558
53,2022-10-19,43,18-44,369.1429,376.3607,321.4778,438.0603,0.8314,0.7102,0.9778,0.8499
53,2022-10-19,43,45-64,92.2857,98.1561,83.0724,114.9561,0.7344,0.6366,0.8477,0.7582
53,2022-10-19,43,65+,60.0000,62.6141,52.8615,74.2342,0.6941,0.6004,0.8024,0.7391
54,2022-10-20,43,0-5,69.8571,72.1374,61.0629,85.7276,1.3143,1.1155,1.5525,1.3041
54,2022-10-20,43,6-11,108.4286,115.6768,97.9978,136.6234,1.7151,1.4748,2.0004,1.6088
54,2022-10-20,43,12-17,277.4286,291.3997,250.6879,341.2436,1.8176,1.5366,2.1469,1.7265
54,2022-10-20,43,18-44,377.5714,395.6287,338.0854,462.0039,0.8468,0.7233,0.9984,0.8330
54,2022-10-20,43,45-64,95.5714,101.1149,85.7889,118.5099,0.7458,0.6460,0.8633,0.7415
54,2022-10-20,43,65+,59.7143,63.0523,53.1431,74.7102,0.6982,0.6038,0.8082,0.7185
55,2022-10-21,43,0-5,75.2857,74.3815,63.0116,87.9711,1.3285,1.1282,1.5638,1.3704
55,2022-10-21,43,6-11,122.4286,125.3333,106.5556,148.3661,1.7631,1.5109,2.0636,1.7114
55,2022-10-21,43,12-17,317.0000,318.0966,272.7187,371.1845,1.8345,1.5503,2.1632,1.8356
55,2022-10-21,43,18-44,417.4286,414.2397,357.7123,482.9777,0.8596,0.7346,1.0120,0.8760
55,2022-10-21,43,45-64,102.1429,104.7900,88.4522,122.7864,0.7534,0.6531,0.8711,0.7756
55,2022-10-21,43,65+,63.0000,63.1842,53.3277,74.9244,0.7000,0.6058,0.8095,0.7445
56,2022-10-22,43,0-5,77.0000,76.7021,64.9277,90.4143,1.3362,1.1309,1.5736,1.3577
56,2022-10-22,43,6-11,138.0000,136.7903,117.0611,162.1960,1.7892,1.5334,2.0818,1.7544
56,2022-10-22,43,12-17,350.0000,345.7368,297.0119,405.6438,1.8358,1.5534,2.1805,1.8630
56,2022-10-22,43,18-44,438.1429,436.6179,379.2020,511.5825,0.8647,0.7379,1.0203,0.8752
56,2022-10-22,43,45-64,108.7143,108.5611,91.7247,127.9738,0.7553,0.6533,0.8758,0.7749
56,2022-10-22,43,65+,64.5714,63.4191,53.5455,75.0961,0.6968,0.6028,0.8065,0.7390
57,2022-10-23,44,0-5,80.1429,79.4172,66.6937,93.0379,1.3369,1.1324,1.5739,1.3548
57,2022-10-23,44,6-11,151.2857,150.7536,128.2496,178.3127,1.8047,1.5397,2.1091,1.7658
57,2022-10-23,44,12-17,373.5714,376.8779,324.2437,438.9712,1.8309,1.5493,2.1650,1.8391
57,2022-10-23,44,18-44,468.4286,464.5769,402.5094,542.6003,0.8688,0.7382,1.0241,0.8723
57,2022-10-23,44,45-64,114.0000,113.3283,96.1740,134.2127,0.7552,0.6519,0.8745,0.7671
57,2022-10-23,44,65+,64.5714,64.0595,54.2616,75.8663,0.6913,0.5970,0.7989,0.7229
58,2022-10-24,44,0-5,83.2857,82.2977,69.5836,96.8279,1.3278,1.1251,1.5632,1.3573
58,2022-10-24,44,6-11,171.1429,166.2778,141.6467,194.8926,1.7957,1.5339,2.0897,1.8124
58,2022-10-24,44,12-17,419.0000,408.2380,353.5617,477.7732,1.8115,1.5288,2.1518,1.8852
58,2022-10-24,44,18-44,504.4286,496.4362,429.5220,577.4138,0.8634,0.7358,1.0160,0.8818
58,2022-10-24,44,45-64,123.2857,118.9395,101.5763,140.9484,0.7471,0.6467,0.8644,0.7750
58,2022-10-24,44,65+,66.7143,65.1229,54.9795,76.6693,0.6798,0.5878,0.7858,0.7232
59,2022-10-25,44,0-5,86.8571,85.5476,72.5854,101.2921,1.3111,1.1082,1.5465,1.3492
59,2022-10-25,44,6-11,188.2857,182.9990,155.9721,213.2329,1.7747,1.5124,2.0680,1.8139
59,2022-10-25,44,12-17,450.7143,442.3498,383.3872,516.7505,1.7846,1.5118,2.1122,1.8641
59,2022-10-25,44,18-44,542.1429,534.7860,460.7702,624.3011,0.8547,0.7256,1.0090,0.8769
59,2022-10-25,44,45-64,131.4286,125.4244,107.8210,148.7095,0.7371,0.6349,0.8546,0.7662
59,2022-10-25,44,65+,65.5714,66.5377,55.9449,78.8244,0.6682,0.5773,0.7709,0.7024
60,2022-10-26,44,0-5,88.8571,89.3973,76.1054,105.8837,1.2941,1.0960,1.5305,1.3168
60,2022-10-26,44,6-11,206.4286,200.8203,170.4807,234.7331,1.7493,1.4955,2.0363,1.7948
60,2022-10-26,44,12-17,470.8571,476.8499,411.3661,556.1584,1.7544,1.4858,2.0781,1.8011
60,2022-10-26,44,18-44,572.1429,577.8871,496.0742,671.0276,0.8429,0.7151,1.0040,0.8580
60,2022-10-26,44,45-64,136.4286,132.3413,113.4502,156.4722,0.7249,0.6250,0.8459,0.7474
60,2022-10-26,44,65+,68.2857,68.6079,57.5768,81.5156,0.6547,0.5663,0.7577,0.6867
61,2022-10-27,44,0-5,92.1429,93.4830,79.4401,110.4014,1.2796,1.0850,1.5086,1.2834
61,2022-10-27,44,6-11,213.2857,218.2458,187.0548,254.5481,1.7171,1.4737,2.0051,1.7205
61,2022-10-27,44,12-17,491.0000,510.7583,437.4153,595.4523,1.7192,1.4531,2.0378,1.7374
61,2022-10-27,44,18-44,596.7143,625.3833,536.9002,724.4188,0.8330,0.7113,0.9820,0.8301
61,2022-10-27,44,45-64,137.1429,139.9999,119.5727,164.7191,0.7127,0.6174,0.8267,0.7209
61,2022-10-27,44,65+,70.8571,70.9666,60.1451,84.5533,0.6417,0.5574,0.7388,0.6648
62,2022-10-28,44,0-5,99.2857,97.7981,82.9384,116.0456,1.2554,1.0652,1.4795,1.3436
62,2022-10-28,44,6-11,241.0000,235.2081,202.4230,275.1600,1.6747,1.4319,1.9521,1.8128
62,2022-10-28,44,12-17,563.8571,545.0590,470.7127,632.6749,1.6748,1.4080,1.9823,1.8511
62,2022-10-28,44,18-44,680.7143,674.7349,577.6915,784.4203,0.8154,0.6915,0.9650,0.8762
62,2022-10-28,44,45-64,147.8571,146.8322,124.9095,173.3534,0.6968,0.6007,0.8094,0.7551
62,2022-10-28,44,65+,72.2857,73.7400,62.4318,87.7205,0.6268,0.5437,0.7227,0.6804
63,2022-10-29,44,0-5,103.4286,102.7585,86.6645,121.1915,1.2266,1.0400,1.4428,1.3529
63,2022-10-29,44,6-11,260.1429,250.4743,216.4152,292.6344,1.6303,1.3912,1.9027,1.8255
63,2022-10-29,44,12-17,601.2857,575.2591,496.1895,668.3977,1.6296,1.3739,1.9237,1.8457
63,2022-10-29,44,18-44,755.7143,723.5307,622.1341,841.6147,0.7945,0.6750,0.9357,0.8902
63,2022-10-29,44,45-64,155.4286,152.9243,130.9292,178.9384,0.6777,0.5840,0.7854,0.7640
63,2022-10-29,44,65+,78.0000,76.6490,65.1193,90.3580,0.6092,0.5280,0.7017,0.6890
64,2022-10-30,45,0-5,108.8571,107.5439,91.0695,126.6451,1.2028,1.0200,1.4137,1.3327
64,2022-10-30,45,6-11,276.4286,265.6189,229.5079,308.1758,1.5964,1.3637,1.8608,1.7896
64,2022-10-30,45,12-17,629.2857,604.2300,518.3450,705.0175,1.6030,1.3478,1.8963,1.7954
64,2022-10-30,45,18-44,804.8571,769.6586,669.1714,897.5434,0.7787,0.6591,0.9194,0.8746
64,2022-10-30,45,45-64,163.8571,159.4675,136.8758,186.9183,0.6631,0.5706,0.7699,0.7488
64,2022-10-30,45,65+,81.0000,79.6125,67.3924,93.7034,0.5934,0.5140,0.6830,0.6739
65,2022-10-31,45,0-5,113.7143,112.4366,95.2361,132.1525,1.1891,1.0099,1.4007,1.2968
65,2022-10-31,45,6-11,284.2857,280.4607,241.7796,326.3591,1.5807,1.3514,1.8444,1.7176
65,2022-10-31,45,12-17,638.1429,630.9759,545.6096,740.0056,1.5955,1.3448,1.8895,1.7084
65,2022-10-31,45,18-44,842.4286,816.4343,706.8283,948.9711,0.7696,0.6554,0.9117,0.8454
65,2022-10-31,45,45-64,167.2857,166.5193,143.1172,194.3609,0.6548,0.5659,0.7625,0.7217
65,2022-10-31,45,65+,84.4286,82.6179,70.5033,97.6505,0.5819,0.5048,0.6729,0.6520
66,2022-11-01,45,0-5,118.8571,118.1678,100.2365,137.9166,1.1984,1.0130,1.4144,1.2616
66,2022-11-01,45,6-11,292.2857,295.0977,255.1645,343.9581,1.5984,1.3651,1.8740,1.6560
66,2022-11-01,45,12-17,652.5714,659.5985,570.3436,772.0673,1.6212,1.3629,1.9298,1.6470
66,2022-11-01,45,18-44,866.7143,862.2267,749.2543,1007.1816,0.7780,0.6590,0.9214,0.8166
66,2022-11-01,45,45-64,171.1429,173.4830,148.6480,202.6496,0.6595,0.5677,0.7680,0.6965
66,2022-11-01,45,65+,87.1429,85.6337,72.8038,101.0044,0.5804,0.5028,0.6707,0.6307
67,2022-11-02,45,0-5,123.4286,124.0609,105.4726,144.7832,1.2219,1.0329,1.4395,1.2232
67,2022-11-02,45,6-11,299.7143,311.1439,268.7300,363.2259,1.6379,1.3973,1.9122,1.5985
67,2022-11-02,45,12-17,661.5714,693.4745,594.1738,807.2918,1.6733,1.4099,1.9853,1.5880
67,2022-11-02,45,18-44,875.1429,912.7192,787.1944,1060.9968,0.7951,0.6737,0.9419,0.7852
67,2022-11-02,45,45-64,174.1429,181.2059,154.9176,212.3218,0.6734,0.5793,0.7838,0.6695
67,2022-11-02,45,65+,87.8571,87.9068,75.1526,104.4028,0.5857,0.5070,0.6763,0.6060
68,2022-11-03,45,0-5,125.1429,130.0351,110.6577,152.8805,1.2603,1.0668,1.4827,1.1837
68,2022-11-03,45,6-11,308.8571,329.6677,283.1216,384.1975,1.6978,1.4479,1.9818,1.5587
68,2022-11-03,45,12-17,670.0000,735.5713,627.8403,858.5080,1.7393,1.4688,2.0483,1.5430
68,2022-11-03,45,18-44,882.5714,964.7792,827.4415,1124.8418,0.8258,0.6980,0.9793,0.7591
68,2022-11-03,45,45-64,175.1429,188.6935,160.9471,221.1713,0.6959,0.5978,0.8111,0.6458
68,2022-11-03,45,65+,85.4286,89.7210,76.6191,106.1819,0.5977,0.5178,0.6895,0.5795
69,2022-11-04,45,0-5,131.0000,136.5903,116.2745,160.1396,1.2977,1.1018,1.5310,1.2286
69,2022-11-04,45,6-11,336.1429,349.6599,301.4760,410.7213,1.7521,1.5018,2.0589,1.6404
69,2022-11-04,45,12-17,744.4286,788.1657,677.1669,910.6047,1.8021,1.5175,2.1306,1.6486
69,2022-11-04,45,18-44,971.0000,1025.3612,880.3592,1194.3495,0.8524,0.7237,1.0157,0.8000
69,2022-11-04,45,45-64,186.4286,196.4389,168.5563,231.2851,0.7168,0.6172,0.8388,0.6796
69,2022-11-04,45,65+,89.2857,91.1518,77.7825,107.7382,0.6095,0.5283,0.7051,0.6031
70,2022-11-05,45,0-5,139.4286,143.3018,121.9367,168.5288,1.3320,1.1303,1.5715,1.2633
70,2022-11-05,45,6-11,365.2857,373.1834,321.9083,437.4851,1.8006,1.5451,2.1028,1.6989
70,2022-11-05,45,12-17,819.1429,850.9416,731.1591,985.9100,1.8418,1.5451,2.1721,1.7256
70,2022-11-05,45,18-44,1046.7143,1092.9440,941.8103,1273.5388,0.8745,0.7409,1.0446,0.8260
70,2022-11-05,45,45-64,201.8571,204.1183,174.0837,239.0356,0.7325,0.6302,0.8589,0.7008
70,2022-11-05,45,65+,89.4286,91.5650,78.4051,109.1207,0.6166,0.5353,0.7146,0.6113
71,2022-11-06,46,0-5,150.2857,150.9392,129.0403,176.5479,1.3457,1.1411,1.5794,1.3076
71,2022-11-06,46,6-11,390.1429,400.5543,345.6018,467.5394,1.8181,1.5553,2.1147,1.7423
71,2022-11-06,46,12-17,906.1429,923.1483,793.9972,1076.9564,1.8415,1.5425,2.1871,1.7940
71,2022-11-06,46,18-44,1157.4286,1171.8738,1008.2214,1363.0124,0.8805,0.7455,1.0403,0.8550
71,2022-11-06,46,45-64,209.7143,212.3604,181.9932,250.0529,0.7351,0.6320,0.8557,0.7201
71,2022-11-06,46,65+,90.5714,92.0920,79.1938,109.0047,0.6149,0.5334,0.7077,0.6183
72,2022-11-07,46,0-5,159.1429,159.3873,136.3205,186.4969,1.3300,1.1316,1.5622,1.3393
72,2022-11-07,46,6-11,433.5714,431.7075,372.1504,501.4982,1.7946,1.5345,2.0952,1.8121
72,2022-11-07,46,12-17,1013.8571,1000.6095,865.7585,1162.0258,1.8004,1.5147,2.1275,1.8661
72,2022-11-07,46,18-44,1287.5714,1256.5023,1087.7051,1465.5773,0.8654,0.7331,1.0262,0.8851
72,2022-11-07,46,45-64,224.7143,222.2881,190.6062,261.1950,0.7197,0.6191,0.8387,0.7423
72,2022-11-07,46,65+,93.2857,92.9093,80.2155,109.5058,0.5988,0.5200,0.6899,0.6288
73,2022-11-08,46,0-5,172.2857,169.9219,145.0773,198.1601,1.2906,1.0964,1.5160,1.3642
73,2022-11-08,46,6-11,485.1429,464.4315,400.1351,539.8869,1.7322,1.4805,2.0267,1.8652
73,2022-11-08,46,12-17,1125.8571,1080.8057,934.8057,1247.1269,1.7154,1.4442,2.0325,1.9070
73,2022-11-08,46,18-44,1417.0000,1344.1841,1164.7800,1560.0249,0.8268,0.7005,0.9802,0.9034
73,2022-11-08,46,45-64,245.1429,234.5565,201.6134,273.7386,0.6869,0.5907,0.8001,0.7561
73,2022-11-08,46,65+,98.7143,94.3639,80.9765,110.6202,0.5709,0.4960,0.6571,0.6367
74,2022-11-09,46,0-5,185.8571,182.0946,155.3663,211.9976,1.2353,1.0486,1.4500,1.3533
74,2022-11-09,46,6-11,515.4286,499.6476,429.8355,581.9311,1.6512,1.4144,1.9262,1.8319
74,2022-11-09,46,12-17,1215.0000,1150.0748,994.8288,1331.5571,1.6123,1.3632,1.9257,1.8798
74,2022-11-09,46,18-44,1519.8571,1430.6124,1237.9885,1651.7478,0.7793,0.6619,0.9194,0.8915
74,2022-11-09,46,45-64,264.1429,248.7669,213.0597,290.5592,0.6456,0.5558,0.7514,0.7456
74,2022-11-09,46,65+,103.2857,96.3561,82.1565,113.2038,0.5360,0.4662,0.6165,0.6260
75,2022-11-10,46,0-5,200.2857,195.4882,167.1226,227.7850,1.1741,0.9973,1.3776,1.3149
75,2022-11-10,46,6-11,543.1429,534.6373,460.4882,620.7826,1.5691,1.3440,1.8368,1.7618
75,2022-11-10,46,12-17,1251.2857,1210.1294,1046.6141,1389.0916,1.5176,1.2780,1.8094,1.7783
75,2022-11-10,46,18-44,1572.7143,1506.0265,1307.2573,1744.4490,0.7327,0.6211,0.8641,0.8521
75,2022-11-10,46,45-64,272.2857,264.5779,226.4150,308.1141,0.6054,0.5203,0.7039,0.7098
75,2022-11-10,46,65+,106.0000,98.8480,84.2874,115.8009,0.5011,0.4356,0.5767,0.5965
76,2022-11-11,46,0-5,220.1429,209.6553,179.8830,244.5110,1.1164,0.9472,1.3182,1.3119
76,2022-11-11,46,6-11,590.5714,568.4272,489.2968,658.1798,1.4961,1.2772,1.7601,1.7520
76,2022-11-11,46,12-17,1325.0000,1255.3728,1087.3093,1444.4719,1.4286,1.1962,1.7022,1.7447
76,2022-11-11,46,18-44,1654.8571,1570.2933,1354.7755,1805.7739,0.6884,0.5835,0.8164,0.8378
76,2022-11-11,46,45-64,290.0000,280.4999,239.2002,325.5985,0.5686,0.4885,0.6642,0.6946
76,2022-11-11,46,65+,104.5714,101.1061,86.3021,118.8051,0.4717,0.4095,0.5439,0.5772
77,2022-11-12,46,0-5,230.5714,223.2395,192.0047,261.5688,1.0758,0.9077,1.2665,1.2557
77,2022-11-12,46,6-11,612.7143,601.2524,518.7103,695.6875,1.4437,1.2308,1.6994,1.6721
77,2022-11-12,46,12-17,1333.4286,1279.9275,1105.0448,1478.4350,1.3654,1.1497,1.6261,1.6429
77,2022-11-12,46,18-44,1667.2857,1610.6300,1394.2589,1855.4461,0.6575,0.5553,0.7785,0.7926
77,2022-11-12,46,45-64,294.5714,293.6501,250.8289,342.8399,0.5427,0.4647,0.6335,0.6552
77,2022-11-12,46,65+,102.2857,103.5836,88.4116,121.5908,0.4503,0.3897,0.5192,0.5422
78,2022-11-13,47,0-5,234.1429,236.2890,203.6727,277.0429,1.0563,0.8958,1.2444,1.1864
78,2022-11-13,47,6-11,637.4286,628.4538,543.5569,728.8605,1.4181,1.2051,1.6673,1.5996
78,2022-11-13,47,12-17,1311.8571,1290.4998,1113.0864,1485.7631,1.3348,1.1216,1.5900,1.5383
78,2022-11-13,47,18-44,1640.0000,1635.5052,1416.8598,1892.1457,0.6417,0.5465,0.7632,0.7455
78,2022-11-13,47,45-64,300.0000,305.0706,261.4705,355.4150,0.5294,0.4562,0.6202,0.6169
78,2022-11-13,47,65+,102.4286,105.0952,89.7029,123.3763,0.4393,0.3823,0.5073,0.5126
79,2022-11-14,47,0-5,242.1429,248.4899,213.4518,291.6699,1.0571,0.8948,1.2449,1.1389
79,2022-11-14,47,6-11,641.2857,655.0715,566.8768,760.6388,1.4176,1.2030,1.6616,1.5183
79,2022-11-14,47,12-17,1255.1429,1290.8914,1106.2681,1495.5909,1.3323,1.1238,1.5932,1.4345
79,2022-11-14,47,18-44,1598.1429,1650.5090,1430.4745,1901.0547,0.6398,0.5416,0.7559,0.7051
79,2022-11-14,47,45-64,306.8571,314.4267,269.5789,365.0376,0.5282,0.4524,0.6155,0.5843
79,2022-11-14,47,65+,101.8571,106.2153,90.4307,124.9750,0.4387,0.3795,0.5059,0.4879
80,2022-11-15,47,0-5,256.2857,259.8657,222.7199,303.2082,1.0749,0.9105,1.2658,1.1257
80,2022-11-15,47,6-11,659.4286,679.8772,586.5545,788.8214,1.4380,1.2276,1.6954,1.4853
80,2022-11-15,47,12-17,1236.8571,1288.4453,1110.7505,1496.3111,1.3619,1.1430,1.6144,1.3887
80,2022-11-15,47,18-44,1567.0000,1658.7974,1429.6316,1910.1998,0.6508,0.5515,0.7678,0.6829
80,2022-11-15,47,45-64,306.5714,320.3134,274.8354,372.7091,0.5375,0.4617,0.6260,0.5647
80,2022-11-15,47,65+,100.7143,106.7857,90.9755,126.0844,0.4468,0.3875,0.5151,0.4722
81,2022-11-16,47,0-5,259.8571,269.4211,230.3146,313.4012,1.1101,0.9385,1.3123,1.1086
81,2022-11-16,47,6-11,675.8571,702.0220,605.5658,817.6950,1.4805,1.2633,1.7401,1.4698
81,2022-11-16,47,12-17,1216.1429,1292.1346,1124.0346,1501.4023,1.4114,1.1845,1.6725,1.3623
81,2022-11-16,47,18-44,1564.2857,1666.3550,1426.7347,1930.5683,0.6751,0.5712,0.7999,0.6721
81,2022-11-16,47,45-64,305.7143,324.2871,277.9279,376.0127,0.5573,0.4782,0.6504,0.5551
81,2022-11-16,47,65+,98.4286,107.1993,91.2169,126.5132,0.4632,0.4015,0.5342,0.4628
82,2022-11-17,47,0-5,262.8571,278.5815,238.4466,323.4280,1.1489,0.9739,1.3559,1.1000
82,2022-11-17,47,6-11,691.8571,723.0281,627.3588,849.6300,1.5241,1.2996,1.7914,1.4667
82,2022-11-17,47,12-17,1225.8571,1304.1926,1130.5394,1506.4666,1.4647,1.2325,1.7502,1.3695
82,2022-11-17,47,18-44,1569.1429,1679.8010,1446.0124,1944.9218,0.7015,0.5953,0.8301,0.6697
82,2022-11-17,47,45-64,308.5714,324.6068,278.2272,377.0261,0.5796,0.4983,0.6753,0.5543
82,2022-11-17,47,65+,98.2857,107.7819,92.0438,126.5756,0.4818,0.4185,0.5547,0.4613
83,2022-11-18,47,0-5,276.7143,286.6256,246.2416,334.0213,1.1855,1.0061,1.3998,1.1357
83,2022-11-18,47,6-11,737.5714,743.9049,643.0017,877.5304,1.5631,1.3336,1.8310,1.5226
83,2022-11-18,47,12-17,1275.0000,1328.3963,1147.0169,1536.0175,1.5154,1.2787,1.7996,1.4222
83,2022-11-18,47,18-44,1627.8571,1705.2866,1467.9891,1979.5496,0.7287,0.6194,0.8637,0.6915
83,2022-11-18,47,45-64,315.8571,324.3753,279.9075,377.3645,0.6019,0.5177,0.7032,0.5722
83,2022-11-18,47,65+,104.0000,108.4308,92.3659,127.4053,0.4998,0.4339,0.5764,0.4779
84,2022-11-19,47,0-5,289.1429,293.8405,252.8917,341.7896,1.2075,1.0237,1.4209,1.1710
84,2022-11-19,47,6-11,771.4286,765.5355,660.1839,900.7016,1.5872,1.3577,1.8552,1.5655
84,2022-11-19,47,12-17,1343.8571,1363.6453,1171.1028,1577.5852,1.5590,1.3058,1.8520,1.4836
84,2022-11-19,47,18-44,1722.0000,1744.5305,1512.5714,2016.3658,0.7469,0.6329,0.8837,0.7166
84,2022-11-19,47,45-64,321.0000,323.9939,280.7890,373.9456,0.6171,0.5300,0.7189,0.5925
84,2022-11-19,47,65+,109.5714,109.1877,93.3462,128.0964,0.5110,0.4436,0.5882,0.4948
85,2022-11-20,48,0-5,307.5714,300.9857,258.9384,349.7204,1.2134,1.0293,1.4286,1.2140
85,2022-11-20,48,6-11,801.5714,785.2070,679.6389,921.1699,1.5921,1.3565,1.8702,1.6003
85,2022-11-20,48,12-17,1412.0000,1409.4279,1219.5772,1635.0118,1.5841,1.3315,1.8700,1.5342
85,2022-11-20,48,18-44,1842.4286,1802.7072,1559.9602,2084.4574,0.7541,0.6381,0.8979,0.7429
85,2022-11-20,48,45-64,332.5714,325.1994,280.0997,378.5180,0.6232,0.5350,0.7296,0.6130
85,2022-11-20,48,65+,113.5714,110.8475,94.4633,130.0835,0.5150,0.4465,0.5948,0.5096
86,2022-11-21,48,0-5,322.0000,308.2700,264.2536,358.6013,1.2010,1.0178,1.4175,1.2352
86,2022-11-21,48,6-11,834.1429,805.4870,700.2466,946.5168,1.5886,1.3539,1.8580,1.6229
86,2022-11-21,48,12-17,1514.1429,1464.7662,1265.3563,1693.9152,1.5896,1.3345,1.8822,1.5888
86,2022-11-21,48,18-44,1955.2857,1872.6372,1614.5540,2174.6608,0.7526,0.6384,0.9000,0.7599
86,2022-11-21,48,45-64,345.0000,328.2763,283.0417,383.8082,0.6221,0.5343,0.7308,0.6271
86,2022-11-21,48,65+,116.7143,112.6344,96.1709,132.1940,0.5124,0.4447,0.5936,0.5180
87,2022-11-22,48,0-5,327.4286,316.5502,272.7216,366.8574,1.1829,0.9969,1.3978,1.2211
87,2022-11-22,48,6-11,848.1429,827.7862,718.8882,972.3043,1.5714,1.3381,1.8433,1.6031
87,2022-11-22,48,12-17,1573.8571,1529.1601,1323.0756,1768.5306,1.5849,1.3339,1.8837,1.5869
87,2022-11-22,48,18-44,2040.7143,1955.9963,1672.0059,2262.8893,0.7471,0.6267,0.8887,0.7569
87,2022-11-22,48,45-64,349.1429,335.2250,289.2263,391.0923,0.6171,0.5260,0.7229,0.6245
87,2022-11-22,48,65+,121.1429,115.3977,98.4780,135.2721,0.5065,0.4375,0.5854,0.5157
88,2022-11-23,48,0-5,331.1429,323.2265,278.9135,373.8457,1.1649,0.9869,1.3737,1.1923
88,2022-11-23,48,6-11,863.8571,850.7861,741.3786,998.5508,1.5644,1.3324,1.8302,1.5724
88,2022-11-23,48,12-17,1621.0000,1601.8578,1384.5015,1848.9843,1.5852,1.3356,1.8880,1.5642
88,2022-11-23,48,18-44,2081.7143,2042.4240,1764.3558,2370.7250,0.7410,0.6285,0.8808,0.7422
88,2022-11-23,48,45-64,357.1429,343.7300,296.0819,404.6415,0.6120,0.5260,0.7162,0.6134
88,2022-11-23,48,65+,124.7143,119.0201,101.5236,140.0165,0.4994,0.4339,0.5765,0.5073
89,2022-11-24,48,0-5,334.5714,330.3183,284.7727,383.0803,1.1559,0.9800,1.3625,1.1646
89,2022-11-24,48,6-11,875.2857,877.3278,762.0143,1016.6320,1.5641,1.3322,1.8332,1.5381
89,2022-11-24,48,12-17,1640.7143,1680.5533,1450.7224,1949.6816,1.5925,1.3312,1.9017,1.5227
89,2022-11-24,48,18-44,2114.1429,2142.9787,1842.2322,2487.9692,0.7410,0.6273,0.8805,0.7244
89,2022-11-24,48,45-64,355.7143,356.6108,304.9572,417.7937,0.6105,0.5241,0.7140,0.5972
89,2022-11-24,48,65+,124.7143,122.8263,104.7981,143.8034,0.4952,0.4298,0.5713,0.4929
90,2022-11-25,48,0-5,337.7143,335.9154,291.4711,393.3182,1.1614,0.9798,1.3657,1.1742
90,2022-11-25,48,6-11,906.5714,907.0411,782.6624,1047.8840,1.5766,1.3417,1.8442,1.5662
90,2022-11-25,48,12-17,1795.5714,1763.6180,1526.5331,2055.2239,1.6107,1.3524,1.9142,1.5923
90,2022-11-25,48,18-44,2255.1429,2245.5510,1930.5542,2606.8209,0.7473,0.6260,0.8844,0.7432
90,2022-11-25,48,45-64,369.2857,368.3623,315.9551,429.5533,0.6141,0.5231,0.7163,0.6138
90,2022-11-25,48,65+,129.2857,126.4509,107.7467,148.5887,0.4945,0.4267,0.5706,0.5033
91,2022-11-26,48,0-5,344.4286,342.4494,296.1075,400.6186,1.1734,0.9952,1.3827,1.1800
91,2022-11-26,48,6-11,939.2857,938.2963,802.7463,1081.5718,1.6044,1.3759,1.8815,1.5802
91,2022-11-26,48,12-17,1881.0000,1858.9964,1621.6645,2162.7638,1.6395,1.3774,1.9514,1.6027
91,2022-11-26,48,18-44,2378.5714,2360.5681,2046.5356,2744.7334,0.7571,0.6426,0.9014,0.7511
91,2022-11-26,48,45-64,379.8571,380.2873,326.0263,442.5802,0.6213,0.5334,0.7282,0.6184
91,2022-11-26,48,65+,129.7143,129.5312,110.1454,151.7711,0.4974,0.4315,0.5754,0.5033
92,2022-11-27,49,0-5,343.4286,351.0489,300.7570,408.9200,1.2007,1.0160,1.4124,1.1647
92,2022-11-27,49,6-11,971.5714,978.0526,842.9745,1130.2321,1.6520,1.4136,1.9322,1.5796
92,2022-11-27,49,12-17,1971.8571,1974.9494,1711.7449,2295.8972,1.6831,1.4256,2.0050,1.6025
92,2022-11-27,49,18-44,2476.0000,2482.9504,2145.5711,2876.5351,0.7765,0.6561,0.9208,0.7486
92,2022-11-27,49,45-64,387.8571,392.4159,338.4152,457.2783,0.6362,0.5451,0.7428,0.6154
92,2022-11-27,49,65+,129.0000,132.5937,112.7455,155.1888,0.5060,0.4382,0.5839,0.4970
93,2022-11-28,49,0-5,351.4286,361.4780,309.6771,421.4756,1.2457,1.0537,1.4729,1.1694
93,2022-11-28,49,6-11,1006.7143,1027.7231,882.1274,1190.2699,1.7189,1.4732,2.0141,1.5887
93,2022-11-28,49,12-17,2090.5714,2105.9511,1831.3422,2478.7037,1.7587,1.4776,2.0951,1.6178
93,2022-11-28,49,18-44,2605.2857,2629.6921,2270.0441,3057.6243,0.8085,0.6828,0.9638,0.7542
93,2022-11-28,49,45-64,395.5714,410.1473,352.2015,477.6218,0.6606,0.5655,0.7757,0.6189
93,2022-11-28,49,65+,134.8571,135.3049,115.6361,159.2166,0.5211,0.4514,0.6036,0.4997
94,2022-11-29,49,0-5,359.0000,376.2231,321.5197,439.4548,1.3062,1.1064,1.5347,1.1771
94,2022-11-29,49,6-11,1059.1429,1092.8951,944.4716,1272.4309,1.8097,1.5510,2.1057,1.6131
94,2022-11-29,49,12-17,2244.5714,2280.8720,1973.1721,2682.3900,1.8416,1.5506,2.1740,1.6498
94,2022-11-29,49,18-44,2760.7143,2809.6711,2424.1482,3265.8853,0.8484,0.7131,1.0094,0.7650
94,2022-11-29,49,45-64,419.4286,430.8881,368.1913,502.4055,0.6916,0.5907,0.8102,0.6274
94,2022-11-29,49,65+,134.0000,138.5133,118.5844,163.9243,0.5420,0.4689,0.6265,0.5010
95,2022-11-30,49,0-5,379.4286,395.5219,337.4259,463.9855,1.3753,1.1705,1.6152,1.1981
95,2022-11-30,49,6-11,1138.0000,1178.2122,1017.0977,1372.6810,1.9149,1.6388,2.2297,1.6497
95,2022-11-30,49,12-17,2398.7143,2501.6564,2147.1437,2920.6652,1.9249,1.6338,2.2749,1.6706
95,2022-11-30,49,18-44,2921.8571,3029.8431,2613.5260,3522.3424,0.8949,0.7605,1.0645,0.7756
95,2022-11-30,49,45-64,439.8571,457.6423,393.2025,534.9139,0.7279,0.6266,0.8529,0.6341
95,2022-11-30,49,65+,138.5714,142.8116,122.5297,168.3323,0.5668,0.4926,0.6556,0.5048
96,2022-12-01,49,0-5,399.5714,421.2866,362.7813,494.2511,1.4351,1.2196,1.6841,1.2054
96,2022-12-01,49,6-11,1215.4286,1289.1964,1112.7819,1495.2420,2.0083,1.7169,2.3433,1.6661
96,2022-12-01,49,12-17,2549.7143,2769.8600,2375.3321,3241.0810,2.0063,1.7040,2.3886,1.6746
96,2022-12-01,49,18-44,3065.2857,3322.4728,2855.0702,3838.7866,0.9391,0.7902,1.1103,0.7768
96,2022-12-01,49,45-64,461.0000,493.3836,424.1867,579.3250,0.7624,0.6520,0.8884,0.6337
96,2022-12-01,49,65+,142.4286,148.2050,126.5093,174.0201,0.5898,0.5105,0.6796,0.5030
97,2022-12-02,49,0-5,459.1429,455.0186,389.8210,532.1381,1.4774,1.2595,1.7438,1.3424
97,2022-12-02,49,6-11,1443.8571,1429.4149,1235.8794,1661.4994,2.0779,1.7795,2.4272,1.8742
97,2022-12-02,49,12-17,3124.5714,3108.3829,2662.8549,3641.3066,2.0584,1.7414,2.4303,1.9110
97,2022-12-02,49,18-44,3630.4286,3677.2202,3162.4224,4238.0692,0.9682,0.8222,1.1576,0.8702
97,2022-12-02,49,45-64,530.8571,538.7874,462.7595,630.0450,0.7849,0.6751,0.9236,0.7077
97,2022-12-02,49,65+,150.7143,154.9811,131.5835,181.8814,0.6046,0.5256,0.7015,0.5513
98,2022-12-03,49,0-5,505.7143,495.7414,422.8071,578.2667,1.4841,1.2634,1.7423,1.3960
98,2022-12-03,49,6-11,1624.8571,1603.3422,1383.7166,1874.2613,2.1174,1.8167,2.4620,1.9523
98,2022-12-03,49,12-17,3503.0000,3491.4316,2994.4839,4088.1330,2.0605,1.7464,2.4432,1.9714
98,2022-12-03,49,18-44,4125.4286,4109.2266,3529.4984,4735.9164,0.9766,0.8324,1.1582,0.9083
98,2022-12-03,49,45-64,599.4286,594.1684,510.0305,694.7968,0.7911,0.6818,0.9246,0.7371
98,2022-12-03,49,65+,162.7143,163.0407,138.0152,190.7381,0.6071,0.5293,0.7005,0.5712
99,2022-12-04,50,0-5,559.0000,541.1871,462.5200,632.7680,1.4634,1.2381,1.7209,1.4434
99,2022-12-04,50,6-11,1828.4286,1820.2492,1565.3656,2122.4619,2.1157,1.8036,2.4720,2.0155
99,2022-12-04,50,12-17,3940.8571,3933.9365,3373.3415,4573.7501,2.0275,1.7141,2.4042,2.0196
99,2022-12-04,50,18-44,4775.5714,4616.2889,3982.9222,5333.8500,0.9657,0.8104,1.1437,0.9467
99,2022-12-04,50,45-64,697.1429,664.5237,570.0555,777.2929,0.7796,0.6642,0.9118,0.7681
99,2022-12-04,50,65+,181.0000,173.5904,148.2154,201.9832,0.5970,0.5151,0.6896,0.5936
100,2022-12-05,50,0-5,617.1429,594.8508,510.7901,697.1775,1.4129,1.2005,1.6557,1.4668
100,2022-12-05,50,6-11,2111.4286,2081.6436,1783.4813,2425.5485,2.0719,1.7712,2.4246,2.0766
100,2022-12-05,50,12-17,4515.5714,4408.0522,3802.0908,5139.6199,1.9586,1.6611,2.3117,2.0687
100,2022-12-05,50,18-44,5468.4286,5196.1301,4497.5288,6029.5319,0.9289,0.7859,1.0980,0.9696
100,2022-12-05,50,45-64,795.2857,748.4045,643.4212,873.9021,0.7488,0.6421,0.8736,0.7856
100,2022-12-05,50,65+,195.0000,187.2192,160.0944,219.4402,0.5727,0.4970,0.6600,0.6025
101,2022-12-06,50,0-5,688.4286,656.9940,563.5862,774.8080,1.3529,1.1525,1.5844,1.4736
101,2022-12-06,50,6-11,2457.8571,2392.5214,2053.6452,2788.6875,2.0147,1.7198,2.3528,2.1169
101,2022-12-06,50,12-17,5143.7143,4919.1598,4240.3818,5713.3912,1.8646,1.5759,2.2190,2.0870
101,2022-12-06,50,18-44,6179.1429,5813.9526,5023.5645,6780.9302,0.8843,0.7486,1.0425,0.9759
101,2022-12-06,50,45-64,898.8571,842.5131,725.3000,986.8832,0.7117,0.6100,0.8280,0.7898
101,2022-12-06,50,65+,216.4286,203.8791,174.2701,239.9327,0.5449,0.4725,0.6264,0.6045
102,2022-12-07,50,0-5,746.2857,729.7442,628.7766,854.1617,1.2926,1.1004,1.5128,1.4162
102,2022-12-07,50,6-11,2777.2857,2749.8528,2364.6997,3215.7355,1.9530,1.6592,2.2803,2.0640
102,2022-12-07,50,12-17,5543.5714,5407.2393,4659.4952,6281.6763,1.7659,1.4985,2.0879,1.9912
102,2022-12-07,50,18-44,6661.0000,6450.3911,5554.8819,7526.5975,0.8381,0.7110,0.9904,0.9348
102,2022-12-07,50,45-64,979.4286,947.5639,813.3587,1106.7228,0.6732,0.5778,0.7851,0.7549
102,2022-12-07,50,65+,228.7143,224.2238,191.7707,261.8757,0.5151,0.4473,0.5938,0.5768
103,2022-12-08,50,0-5,785.2857,812.7070,698.7522,950.5381,1.2403,1.0565,1.4574,1.3209
103,2022-12-08,50,6-11,3008.2857,3153.6456,2711.6550,3689.6069,1.8876,1.6044,2.2201,1.9411
103,2022-12-08,50,12-17,5731.0000,5871.4387,5067.0687,6785.1194,1.6872,1.4234,1.9971,1.8384
103,2022-12-08,50,18-44,6898.0000,7072.2206,6083.6897,8269.3208,0.7974,0.6733,0.9442,0.8661
103,2022-12-08,50,45-64,1006.8571,1056.8174,906.7701,1234.8025,0.6399,0.5473,0.7483,0.6974
103,2022-12-08,50,65+,238.5714,245.3844,210.2648,287.3582,0.4899,0.4241,0.5655,0.5339
104,2022-12-09,50,0-5,899.0000,901.4140,774.9821,1049.3148,1.1900,1.0101,1.3962,1.3648
104,2022-12-09,50,6-11,3719.5714,3588.0642,3095.1680,4174.2297,1.8196,1.5456,2.1376,2.0703
104,2022-12-09,50,12-17,6460.7143,6296.3244,5452.1095,7276.3767,1.6058,1.3533,1.9134,1.8909
104,2022-12-09,50,18-44,7726.1429,7655.6392,6568.2553,8913.5250,0.7569,0.6408,0.8966,0.8920
104,2022-12-09,50,45-64,1159.4286,1170.1236,1000.9918,1366.1404,0.6077,0.5205,0.7111,0.7171
104,2022-12-09,50,65+,268.5714,266.8434,228.7559,310.9803,0.4661,0.4045,0.5381,0.5497
105,2022-12-10,50,0-5,988.5714,988.9006,853.8371,1151.7455,1.1527,0.9800,1.3602,1.3370
105,2022-12-10,50,6-11,4200.0000,4041.5413,3476.7767,4677.1233,1.7634,1.4927,2.0768,2.0370
105,2022-12-10,50,12-17,6830.1429,6648.4237,5751.6642,7720.9430,1.5401,1.2999,1.8317,1.8273
105,2022-12-10,50,18-44,8252.2857,8148.3361,7000.9891,9510.1099,0.7253,0.6140,0.8665,0.8674
105,2022-12-10,50,45-64,1273.7143,1277.3783,1100.4741,1487.4686,0.5828,0.4989,0.6856,0.6971
105,2022-12-10,50,65+,287.0000,285.7221,245.7234,333.8860,0.4476,0.3878,0.5190,0.5350
106,2022-12-11,51,0-5,1075.8571,1083.2308,934.0557,1252.5594,1.1265,0.9600,1.3259,1.2913
106,2022-12-11,51,6-11,4538.7143,4499.2715,3890.3739,5221.1152,1.7167,1.4551,2.0238,1.9434
106,2022-12-11,51,12-17,7009.1429,6960.1072,6021.8258,8049.2331,1.4848,1.2529,1.7832,1.7293
106,2022-12-11,51,18-44,8663.0000,8581.9793,7395.3441,10048.4343,0.7008,0.5963,0.8306,0.8288
106,2022-12-11,51,45-64,1369.8571,1374.8003,1191.6704,1607.6620,0.5639,0.4846,0.6601,0.6658
106,2022-12-11,51,65+,295.7143,303.0899,260.6322,353.3150,0.4341,0.3776,0.5013,0.5105
107,2022-12-12,51,0-5,1157.2857,1181.7496,1020.7971,1360.1966,1.1162,0.9496,1.3111,1.2426
107,2022-12-12,51,6-11,4931.0000,4960.5876,4275.4077,5748.4755,1.6922,1.4405,1.9877,1.8703
107,2022-12-12,51,12-17,7191.0000,7214.3756,6250.8920,8374.6699,1.4612,1.2264,1.7323,1.6507
107,2022-12-12,51,18-44,8915.2857,8973.1911,7723.6428,10477.6060,0.6876,0.5867,0.8149,0.7908
107,2022-12-12,51,45-64,1467.7143,1474.7194,1273.6046,1734.4635,0.5535,0.4772,0.6470,0.6365
107,2022-12-12,51,65+,310.0000,320.2750,273.8594,372.8398,0.4269,0.3723,0.4926,0.4892
108,2022-12-13,51,0-5,1260.1429,1283.1047,1107.7269,1485.1897,1.1191,0.9511,1.3233,1.2139
108,2022-12-13,51,6-11,5385.4286,5415.7664,4682.7829,6291.5079,1.6933,1.4320,2.0008,1.8257
108,2022-12-13,51,12-17,7305.4286,7439.3260,6426.5024,8612.0460,1.4520,1.2195,1.7290,1.5837
108,2022-12-13,51,18-44,9143.4286,9303.5159,8024.3612,10806.0488,0.6838,0.5826,0.8129,0.7617
108,2022-12-13,51,45-64,1540.8571,1572.7819,1352.1094,1844.0668,0.5510,0.4740,0.6467,0.6128
108,2022-12-13,51,65+,330.7143,336.3403,288.3412,393.6411,0.4262,0.3711,0.4933,0.4736
109,2022-12-14,51,0-5,1361.5714,1392.7484,1203.7608,1614.7879,1.1305,0.9604,1.3269,1.1910
109,2022-12-14,51,6-11,5793.1429,5892.5378,5090.8480,6825.5209,1.6964,1.4402,2.0048,1.7831
109,2022-12-14,51,12-17,7437.8571,7646.2442,6614.0583,8880.3088,1.4560,1.2219,1.7303,1.5379
109,2022-12-14,51,18-44,9370.1429,9613.5207,8321.2260,11173.6902,0.6846,0.5847,0.8111,0.7395
109,2022-12-14,51,45-64,1637.0000,1671.1795,1432.7813,1946.0225,0.5528,0.4762,0.6469,0.5958
109,2022-12-14,51,65+,342.5714,352.6040,303.1385,410.5855,0.4286,0.3733,0.4951,0.4611
110,2022-12-15,51,0-5,1430.2857,1505.5769,1306.3461,1741.9415,1.1413,0.9703,1.3414,1.1528
110,2022-12-15,51,6-11,6108.0000,6387.9449,5514.2856,7373.0058,1.7108,1.4513,2.0164,1.7239
110,2022-12-15,51,12-17,7503.7143,7858.3896,6772.4014,9108.3802,1.4595,1.2295,1.7330,1.4868
110,2022-12-15,51,18-44,9475.0000,9919.2290,8619.1848,11567.7783,0.6888,0.5881,0.8142,0.7111
110,2022-12-15,51,45-64,1674.7143,1765.0606,1514.1729,2055.8556,0.5576,0.4806,0.6508,0.5731
110,2022-12-15,51,65+,343.4286,369.3731,316.9735,428.1069,0.4339,0.3788,0.4994,0.4428
111,2022-12-16,51,0-5,1632.0000,1622.2735,1407.2595,1878.6676,1.1519,0.9804,1.3534,1.1944
111,2022-12-16,51,6-11,6944.0000,6908.2446,5942.4321,8014.6043,1.7224,1.4514,2.0203,1.7878
111,2022-12-16,51,12-17,7853.1429,8090.9297,6943.3540,9303.8692,1.4664,1.2342,1.7546,1.5078
111,2022-12-16,51,18-44,9889.1429,10230.2977,8882.2619,11937.4360,0.6919,0.5913,0.8176,0.7214
111,2022-12-16,51,45-64,1806.5714,1860.7841,1602.3279,2170.1909,0.5616,0.4847,0.6552,0.5805
111,2022-12-16,51,65+,372.1429,386.7094,332.3484,448.6245,0.4390,0.3832,0.5053,0.4507
112,2022-12-17,51,0-5,1773.2857,1740.8731,1502.7416,2012.1478,1.1524,0.9809,1.3604,1.2053
112,2022-12-17,51,6-11,7499.1429,7443.4521,6431.4930,8609.5262,1.7206,1.4502,2.0349,1.7917
112,2022-12-17,51,12-17,8211.2857,8326.7552,7197.8132,9585.1833,1.4679,1.2409,1.7399,1.5229
112,2022-12-17,51,18-44,10414.0000,10545.0559,9175.5269,12270.3204,0.6905,0.5895,0.8178,0.7256
112,2022-12-17,51,45-64,1933.8571,1950.9838,1683.2312,2274.0161,0.5617,0.4843,0.6560,0.5857
112,2022-12-17,51,65+,403.2857,405.9885,348.9548,470.2739,0.4408,0.3842,0.5078,0.4562
113,2022-12-18,52,0-5,1883.7143,1869.5129,1611.1320,2153.8469,1.1496,0.9792,1.3605,1.1999
113,2022-12-18,52,6-11,7964.4286,7994.8761,6914.3906,9237.2953,1.7117,1.4511,2.0307,1.7747
113,2022-12-18,52,12-17,8592.0000,8561.9465,7398.4148,9951.5783,1.4626,1.2354,1.7442,1.5336
113,2022-12-18,52,18-44,10987.1429,10884.9027,9403.2820,12656.3448,0.6849,0.5866,0.8136,0.7261
113,2022-12-18,52,45-64,2078.5714,2044.8063,1761.6859,2383.6854,0.5585,0.4823,0.6545,0.5893
113,2022-12-18,52,65+,437.5714,426.6611,367.3819,494.1473,0.4396,0.3839,0.5077,0.4604
114,2022-12-19,52,0-5,2003.4286,1993.5517,1721.4232,2297.8898,1.1426,0.9729,1.3433,1.1908
114,2022-12-19,52,6-11,8570.0000,8569.9755,7408.6498,9936.2452,1.6982,1.4334,2.0034,1.7677
114,2022-12-19,52,12-17,8924.8571,8824.5732,7582.4018,10206.2322,1.4468,1.2217,1.7128,1.5291
114,2022-12-19,52,18-44,11470.1429,11229.2219,9682.3976,13098.6863,0.6770,0.5787,0.8014,0.7210
114,2022-12-19,52,45-64,2200.4286,2148.3241,1853.8946,2497.1360,0.5523,0.4772,0.6451,0.5864
114,2022-12-19,52,65+,461.8571,450.4020,387.7759,518.7816,0.4361,0.3810,0.5022,0.4585
115,2022-12-20,52,0-5,2140.8571,2128.7201,1833.2039,2472.6331,1.1343,0.9620,1.3302,1.1773
115,2022-12-20,52,6-11,9159.5714,9171.6650,7944.6366,10653.6399,1.6752,1.4195,1.9845,1.7474
115,2022-12-20,52,12-17,9138.0000,9071.3836,7836.0264,10471.2467,1.4280,1.1964,1.6985,1.5032
115,2022-12-20,52,18-44,11792.7143,11623.9796,10021.2665,13562.2010,0.6669,0.5699,0.7857,0.7080
115,2022-12-20,52,45-64,2315.7143,2256.4671,1957.2916,2627.8799,0.5449,0.4697,0.6347,0.5765
115,2022-12-20,52,65+,481.8571,476.3186,410.1868,551.9382,0.4316,0.3765,0.4958,0.4515
116,2022-12-21,52,0-5,2264.2857,2277.3811,1964.6860,2647.4614,1.1200,0.9532,1.3123,1.1579
116,2022-12-21,52,6-11,9670.0000,9781.1873,8533.4505,11371.8747,1.6481,1.3966,1.9379,1.7157
116,2022-12-21,52,12-17,9317.0000,9289.4261,8067.0510,10733.6101,1.3979,1.1842,1.6563,1.4728
116,2022-12-21,52,18-44,12059.4286,11986.3618,10398.1547,13951.9307,0.6554,0.5622,0.7641,0.6922
116,2022-12-21,52,45-64,2395.0000,2366.5694,2047.1481,2753.0658,0.5356,0.4633,0.6188,0.5644
116,2022-12-21,52,65+,514.0000,505.0226,435.3690,586.4508,0.4257,0.3722,0.4865,0.4444
117,2022-12-22,52,0-5,2341.5714,2430.7614,2099.8685,2810.9436,1.1007,0.9356,1.2915,1.1221
117,2022-12-22,52,6-11,10009.4286,10367.6815,9054.8998,12052.6530,1.6107,1.3655,1.9058,1.6612
117,2022-12-22,52,12-17,9337.2857,9509.5251,8297.9432,11030.9867,1.3720,1.1555,1.6254,1.4237
117,2022-12-22,52,18-44,12150.7143,12353.1235,10698.8543,14380.0294,0.6412,0.5482,0.7509,0.6678
117,2022-12-22,52,45-64,2423.7143,2481.3344,2144.6387,2882.7036,0.5255,0.4533,0.6086,0.5445
117,2022-12-22,52,65+,522.7143,535.0866,460.2210,619.1247,0.4195,0.3661,0.4797,0.4292
118,2022-12-23,52,0-5,2581.7143,2574.8527,2213.5055,2978.2323,1.0741,0.9133,1.2621,1.1539
118,2022-12-23,52,6-11,11035.0000,10921.2587,9549.2135,12574.6212,1.5590,1.3239,1.8367,1.7108
118,2022-12-23,52,12-17,9674.1429,9689.8421,8468.7309,11276.3910,1.3357,1.1184,1.5919,1.4389
118,2022-12-23,52,18-44,12672.7143,12662.8319,11012.4340,14737.2007,0.6251,0.5362,0.7304,0.6779
118,2022-12-23,52,45-64,2596.4286,2592.4353,2231.6411,3018.8901,0.5143,0.4448,0.5948,0.5524
118,2022-12-23,52,65+,559.7143,566.6040,486.8682,657.8469,0.4130,0.3615,0.4719,0.4371
119,2022-12-24,52,0-5,2733.2857,2709.3698,2331.7083,3151.3459,1.0391,0.8840,1.2218,1.1464
119,2022-12-24,52,6-11,11565.1429,11371.5952,9889.8330,13045.8436,1.4942,1.2751,1.7725,1.6887
119,2022-12-24,52,12-17,9818.4286,9823.4704,8559.8179,11355.1819,1.2871,1.0866,1.5225,1.4201
119,2022-12-24,52,18-44,12987.1429,12926.2164,11285.9797,14980.9054,0.6067,0.5195,0.7144,0.6692
119,2022-12-24,52,45-64,2689.4286,2697.4861,2329.1562,3136.3868,0.5018,0.4339,0.5835,0.5461
119,2022-12-24,52,65+,593.4286,598.3130,513.4713,691.4440,0.4056,0.3547,0.4655,0.4342
120,2022-12-25,53,0-5,2867.0000,2817.1814,2445.4379,3253.8825,0.9962,0.8457,1.1699,1.1307
120,2022-12-25,53,6-11,11879.4286,11673.2435,10089.6807,13363.5716,1.4273,1.2097,1.6869,1.6457
120,2022-12-25,53,12-17,9843.0000,9850.8459,8640.4246,11323.5414,1.2373,1.0419,1.4773,1.3898
120,2022-12-25,53,18-44,13243.1429,13167.6104,11411.5590,15263.7760,0.5861,0.5026,0.6854,0.6569
120,2022-12-25,53,45-64,2791.7143,2795.2318,2414.4698,3243.3688,0.4877,0.4220,0.5644,0.5377
120,2022-12-25,53,65+,629.8571,628.5058,543.1892,725.2314,0.3969,0.3470,0.4537,0.4300
121,2022-12-26,53,0-5,2971.1429,2887.8015,2508.9160,3338.7310,0.9525,0.8095,1.1189,1.1082
121,2022-12-26,53,6-11,11969.4286,11783.6912,10267.3009,13549.3583,1.3529,1.1491,1.5975,1.5894
121,2022-12-26,53,12-17,9723.4286,9808.1052,8581.4019,11250.0097,1.1842,1.0001,1.4128,1.3490
121,2022-12-26,53,18-44,13403.5714,13353.3819,11538.6465,15485.8340,0.5651,0.4840,0.6669,0.6414
121,2022-12-26,53,45-64,2878.7143,2882.7925,2492.7234,3354.3484,0.4734,0.4088,0.5512,0.5270
121,2022-12-26,53,65+,663.2857,661.3862,571.0394,762.1022,0.3877,0.3384,0.4454,0.4241
122,2022-12-27,53,0-5,3017.5714,2913.9937,2526.5905,3365.0813,0.9110,0.7738,1.0748,1.0814
122,2022-12-27,53,6-11,11938.1429,11701.5044,10304.3932,13422.9163,1.2859,1.0909,1.5224,1.5378
122,2022-12-27,53,12-17,9586.7143,9608.7883,8411.1367,11053.8374,1.1324,0.9531,1.3478,1.3157
122,2022-12-27,53,18-44,13541.8571,13460.6027,11619.7465,15579.1777,0.5478,0.4668,0.6435,0.6282
122,2022-12-27,53,45-64,2960.8571,2961.3685,2558.2439,3458.3910,0.4613,0.3974,0.5354,0.5188
122,2022-12-27,53,65+,704.0000,690.6950,595.9719,797.6080,0.3803,0.3314,0.4354,0.4207
123,2022-12-28,53,0-5,2994.2857,2899.6039,2521.4789,3362.9761,0.8777,0.7420,1.0309,1.0484
123,2022-12-28,53,6-11,11834.7143,11464.8618,10027.5943,13161.3558,1.2250,1.0390,1.4498,1.4925
123,2022-12-28,53,12-17,9478.2857,9314.6285,8141.6455,10720.7917,1.0796,0.9147,1.2780,1.2915
123,2022-12-28,53,18-44,13598.1429,13479.7605,11632.8951,15600.5706,0.5315,0.4536,0.6246,0.6153
123,2022-12-28,53,45-64,3032.5714,3016.4284,2586.0680,3501.0581,0.4502,0.3881,0.5226,0.5110
123,2022-12-28,53,65+,715.5714,716.5703,618.6177,831.3803,0.3739,0.3260,0.4285,0.4148
124,2022-12-29,53,0-5,2965.2857,2842.9627,2472.8026,3301.9568,0.8497,0.7187,1.0028,1.0207
124,2022-12-29,53,6-11,11595.8571,11046.6175,9625.1793,12612.5128,1.1684,0.9895,1.3779,1.4483
124,2022-12-29,53,12-17,9376.0000,8923.7940,7801.1361,10245.8728,1.0296,0.8659,1.2159,1.2713
124,2022-12-29,53,18-44,13577.5714,13365.4670,11601.0121,15567.2553,0.5170,0.4411,0.6075,0.6030
124,2022-12-29,53,45-64,3034.2857,3049.8010,2614.4608,3539.1494,0.4399,0.3792,0.5099,0.5025
124,2022-12-29,53,65+,729.0000,739.7778,638.5578,859.2041,0.3683,0.3208,0.4219,0.4088
125,2022-12-30,53,0-5,2763.5714,2761.6785,2394.9935,3206.8363,0.8317,0.7048,0.9853,0.9602
125,2022-12-30,53,6-11,10484.0000,10473.5575,9141.7732,11940.3341,1.1269,0.9567,1.3344,1.3388
125,2022-12-30,53,12-17,8518.5714,8426.3668,7362.6985,9729.5166,0.9816,0.8310,1.1578,1.1845
125,2022-12-30,53,18-44,13297.4286,13195.6902,11528.8995,15341.4396,0.5061,0.4338,0.6002,0.5777
125,2022-12-30,53,45-64,3078.5714,3065.7361,2627.8802,3544.0617,0.4317,0.3734,0.5039,0.4866
125,2022-12-30,53,65+,761.2857,757.7353,652.6370,878.4685,0.3646,0.3184,0.4192,0.4010
126,2022-12-31,53,0-5,2603.8571,2662.5689,2305.5763,3086.9434,0.8268,0.6995,0.9756,0.9178
126,2022-12-31,53,6-11,9634.7143,9817.2968,8580.8118,11188.7257,1.1025,0.9325,1.3051,1.2665
126,2022-12-31,53,12-17,7781.8571,7844.5155,6856.4325,9027.0122,0.9417,0.7972,1.1117,1.1200
126,2022-12-31,53,18-44,12828.1429,12964.5559,11313.7738,14980.9991,0.5010,0.4272,0.5898,0.5571
126,2022-12-31,53,45-64,3040.7143,3056.5054,2637.0997,3534.0966,0.4277,0.3685,0.4966,0.4719
126,2022-12-31,53,65+,763.7143,769.9830,661.4589,890.4640,0.3640,0.3171,0.4169,0.3919
127,2023-01-01,1,0-5,2470.7143,2558.7411,2219.3391,2972.5854,0.8325,0.7018,0.9845,0.8903
127,2023-01-01,1,6-11,8990.8571,9113.9428,7972.8945,10411.4893,1.0841,0.9171,1.2797,1.2245
127,2023-01-01,1,12-17,7111.4286,7195.8185,6298.5525,8266.0882,0.9065,0.7623,1.0707,1.0732
127,2023-01-01,1,18-44,12248.7143,12602.2259,10984.1425,14540.8882,0.4988,0.4236,0.5896,0.5422
127,2023-01-01,1,45-64,2964.5714,3019.5281,2615.9120,3493.8337,0.4253,0.3651,0.4963,0.4608
127,2023-01-01,1,65+,754.8571,774.9660,666.4777,893.4694,0.3647,0.3170,0.4195,0.3851
128,2023-01-02,1,0-5,2343.4286,2454.6031,2126.7629,2852.3172,0.8446,0.7140,0.9959,0.8738
128,2023-01-02,1,6-11,8304.2857,8418.5432,7369.8591,9673.7311,1.0759,0.9116,1.2745,1.1918
128,2023-01-02,1,12-17,6385.5714,6501.3862,5691.1799,7463.3463,0.8787,0.7449,1.0402,1.0312
128,2023-01-02,1,18-44,11732.1429,12141.0020,10582.5245,14019.8933,0.4991,0.4239,0.5868,0.5338
128,2023-01-02,1,45-64,2883.4286,2948.9172,2569.0775,3393.0659,0.4248,0.3648,0.4933,0.4549
128,2023-01-02,1,65+,752.2857,770.7132,662.4906,884.7212,0.3666,0.3187,0.4209,0.3833
129,2023-01-03,1,0-5,2235.7143,2359.3694,2056.1658,2750.6024,0.8637,0.7307,1.0173,0.8677
129,2023-01-03,1,6-11,7589.8571,7729.2955,6774.0604,8886.1939,1.0746,0.9097,1.2729,1.1651
129,2023-01-03,1,12-17,5706.1429,5821.3592,5126.3022,6659.7865,0.8539,0.7239,1.0056,0.9992
129,2023-01-03,1,18-44,11257.7143,11567.3498,10070.6972,13384.1147,0.5013,0.4265,0.5929,0.5304
129,2023-01-03,1,45-64,2793.4286,2847.0228,2476.9270,3271.8780,0.4250,0.3652,0.4958,0.4530
129,2023-01-03,1,65+,746.4286,758.2593,654.2514,870.4583,0.3694,0.3213,0.4247,0.3845
130,2023-01-04,1,0-5,2202.1429,2280.8204,1982.5707,2648.8580,0.8797,0.7419,1.0445,0.8822
130,2023-01-04,1,6-11,6987.5714,7083.4993,6197.3661,8153.2481,1.0735,0.9144,1.2719,1.1561
130,2023-01-04,1,12-17,5169.2857,5148.9240,4538.2425,5880.0652,0.8273,0.7029,0.9695,0.9860
130,2023-01-04,1,18-44,10842.8571,10947.6557,9538.6379,12590.0840,0.4997,0.4269,0.5940,0.5339
130,2023-01-04,1,45-64,2684.5714,2716.9284,2367.2040,3127.7163,0.4223,0.3639,0.4945,0.4555
130,2023-01-04,1,65+,734.2857,737.6547,638.8854,848.4385,0.3695,0.3211,0.4261,0.3886
131,2023-01-05,1,0-5,2202.5714,2212.0813,1923.9985,2564.4815,0.8934,0.7519,1.0603,0.9167
131,2023-01-05,1,6-11,6660.5714,6496.2939,5636.6023,7493.2921,1.0742,0.9094,1.2697,1.1869
131,2023-01-05,1,12-17,4917.8571,4501.9916,3952.9395,5138.3656,0.8024,0.6803,0.9420,1.0167
131,2023-01-05,1,18-44,10647.5714,10271.8196,8986.5856,11785.0318,0.4970,0.4231,0.5912,0.5527
131,2023-01-05,1,45-64,2663.5714,2565.6831,2249.3887,2940.5723,0.4189,0.3590,0.4912,0.4720
131,2023-01-05,1,65+,723.4286,708.9962,614.2445,816.9412,0.3685,0.3191,0.4256,0.4024
132,2023-01-06,1,0-5,2167.8571,2153.5362,1867.3301,2492.0578,0.9051,0.7622,1.0760,0.9024
132,2023-01-06,1,6-11,5780.0000,5967.5072,5190.8498,6823.8429,1.0773,0.9105,1.2763,1.1125
132,2023-01-06,1,12-17,3792.2857,3892.6813,3429.0706,4469.6910,0.7798,0.6614,0.9126,0.8992
132,2023-01-06,1,18-44,9638.0000,9580.4116,8346.0536,10989.9967,0.4968,0.4217,0.5879,0.5252
132,2023-01-06,1,45-64,2421.7143,2405.3567,2116.7138,2758.3605,0.4168,0.3571,0.4883,0.4456
132,2023-01-06,1,65+,682.2857,677.5567,589.2146,781.5217,0.3687,0.3196,0.4254,0.3851
133,2023-01-07,1,0-5,2120.2857,2106.7145,1832.3362,2450.5422,0.9151,0.7716,1.0801,0.9030
133,2023-01-07,1,6-11,5321.1429,5483.8718,4767.0088,6286.4052,1.0848,0.9156,1.2823,1.0983
133,2023-01-07,1,12-17,3242.5714,3347.4682,2945.6106,3827.9492,0.7650,0.6513,0.8995,0.8637
133,2023-01-07,1,18-44,8885.8571,8887.5117,7712.3938,10233.9337,0.4971,0.4224,0.5850,0.5169
133,2023-01-07,1,45-64,2243.0000,2246.8268,1957.5074,2569.4635,0.4163,0.3568,0.4853,0.4371
133,2023-01-07,1,65+,643.1429,644.6589,560.5897,744.3311,0.3695,0.3208,0.4260,0.3798
134,2023-01-08,2,0-5,2052.5714,2060.2519,1793.7962,2379.1282,0.9200,0.7773,1.0917,0.9021
134,2023-01-08,2,6-11,4978.2857,5047.1868,4390.0125,5787.8349,1.0879,0.9130,1.2886,1.0984
134,2023-01-08,2,12-17,2825.8571,2865.0923,2516.2350,3275.5409,0.7499,0.6390,0.8783,0.8457
134,2023-01-08,2,18-44,8138.5714,8201.0560,7137.0423,9472.1139,0.4951,0.4202,0.5833,0.5110
134,2023-01-08,2,45-64,2064.0000,2088.3308,1816.1862,2395.3660,0.4145,0.3545,0.4836,0.4316
134,2023-01-08,2,65+,611.8571,610.7473,531.0493,705.3915,0.3698,0.3198,0.4257,0.3775
135,2023-01-09,2,0-5,2005.2857,2006.9874,1748.0597,2309.2461,0.9197,0.7737,1.0878,0.9078
135,2023-01-09,2,6-11,4628.2857,4655.9374,4080.0115,5334.6543,1.0856,0.9167,1.2770,1.0972
135,2023-01-09,2,12-17,2418.2857,2435.1195,2149.1259,2771.0472,0.7311,0.6237,0.8576,0.8246
135,2023-01-09,2,18-44,7444.7143,7538.9684,6535.9853,8715.0520,0.4905,0.4187,0.5755,0.5066
135,2023-01-09,2,45-64,1898.1429,1927.9620,1680.6225,2216.4233,0.4109,0.3526,0.4782,0.4269
135,2023-01-09,2,65+,575.2857,574.5033,501.1028,663.0473,0.3685,0.3200,0.4237,0.3755
136,2023-01-10,2,0-5,1959.5714,1945.9570,1696.3597,2236.2455,0.9099,0.7676,1.0860,0.9133
136,2023-01-10,2,6-11,4286.8571,4302.8548,3772.4305,4944.9480,1.0762,0.9093,1.2798,1.0925
136,2023-01-10,2,12-17,2040.7143,2066.0226,1817.4848,2346.0151,0.7151,0.6113,0.8388,0.8003
136,2023-01-10,2,18-44,6771.4286,6889.5627,5997.5071,7957.3544,0.4825,0.4134,0.5708,0.5012
136,2023-01-10,2,45-64,1747.5714,1776.5467,1548.8288,2042.6075,0.4051,0.3489,0.4744,0.4213
136,2023-01-10,2,65+,525.5714,537.5318,466.2780,621.1309,0.3657,0.3181,0.4216,0.3711
137,2023-01-11,2,0-5,1898.4286,1877.2804,1638.1025,2151.9525,0.8998,0.7566,1.0699,0.9239
137,2023-01-11,2,6-11,4009.0000,3986.6465,3485.3152,4574.6497,1.0676,0.8959,1.2647,1.1023
137,2023-01-11,2,12-17,1748.0000,1742.9965,1524.5125,1985.2061,0.6977,0.5970,0.8174,0.7914
137,2023-01-11,2,18-44,6275.5714,6272.0700,5420.6729,7213.6252,0.4744,0.4038,0.5607,0.5039
137,2023-01-11,2,45-64,1615.5714,1632.6226,1420.0177,1870.5048,0.3989,0.3417,0.4674,0.4232
137,2023-01-11,2,65+,496.0000,500.5333,434.0823,580.2580,0.3619,0.3136,0.4181,0.3744
138,2023-01-12,2,0-5,1857.2857,1799.0269,1565.9516,2064.5274,0.8908,0.7516,1.0602,0.9561
138,2023-01-12,2,6-11,3839.7143,3694.1674,3219.6675,4223.1770,1.0581,0.8868,1.2573,1.1456
138,2023-01-12,2,12-17,1613.1429,1467.3046,1281.2842,1676.8486,0.6854,0.5856,0.8011,0.8287
138,2023-01-12,2,18-44,6038.1429,5684.6829,4903.6859,6533.3098,0.4672,0.3999,0.5507,0.5254
138,2023-01-12,2,45-64,1564.2857,1491.1741,1291.5829,1710.4896,0.3939,0.3385,0.4599,0.4431
138,2023-01-12,2,65+,483.4286,464.0239,404.4789,534.5287,0.3591,0.3113,0.4139,0.3927
139,2023-01-13,2,0-5,1713.8571,1720.3838,1497.0464,1966.2217,0.8823,0.7437,1.0470,0.9083
139,2023-01-13,2,6-11,3384.8571,3414.9999,2971.2063,3888.9255,1.0508,0.8881,1.2458,1.0771
139,2023-01-13,2,12-17,1228.5714,1236.3111,1084.0078,1412.5331,0.6772,0.5808,0.7930,0.7453
139,2023-01-13,2,18-44,5197.7143,5129.5906,4441.7764,5896.6115,0.4613,0.3953,0.5414,0.4909
139,2023-01-13,2,45-64,1361.4286,1360.6188,1184.9327,1563.7286,0.3893,0.3349,0.4542,0.4132
139,2023-01-13,2,65+,431.8571,430.5796,375.3688,492.0305,0.3568,0.3092,0.4110,0.3698
140,2023-01-14,2,0-5,1622.0000,1634.2977,1428.0799,1868.4479,0.8767,0.7377,1.0417,0.8965
140,2023-01-14,2,6-11,3117.2857,3157.7867,2736.8839,3606.7891,1.0486,0.8885,1.2414,1.0624
140,2023-01-14,2,12-17,1027.0000,1044.8300,915.7391,1190.4704,0.6803,0.5827,0.7961,0.7213
140,2023-01-14,2,18-44,4628.8571,4624.0553,4003.3627,5295.1587,0.4586,0.3931,0.5377,0.4802
140,2023-01-14,2,45-64,1242.2857,1240.2991,1083.6940,1435.4390,0.3882,0.3339,0.4522,0.4051
140,2023-01-14,2,65+,399.0000,399.0766,346.5654,457.2583,0.3561,0.3091,0.4102,0.3650
141,2023-01-15,3,0-5,1538.1429,1540.5875,1355.3373,1770.7736,0.8698,0.7336,1.0353,0.8906
141,2023-01-15,3,6-11,2897.1429,2920.2978,2532.1143,3329.1754,1.0474,0.8841,1.2422,1.0577
141,2023-01-15,3,12-17,874.1429,889.7929,777.5613,1016.2379,0.6881,0.5869,0.8038,0.7072
141,2023-01-15,3,18-44,4111.0000,4164.4046,3629.0724,4759.3655,0.4554,0.3920,0.5376,0.4721
141,2023-01-15,3,45-64,1124.4286,1131.3006,982.2489,1299.8255,0.3871,0.3336,0.4529,0.3987
141,2023-01-15,3,65+,368.5714,369.2078,319.6166,424.4711,0.3561,0.3088,0.4115,0.3616
142,2023-01-16,3,0-5,1448.2857,1449.0351,1270.1985,1662.3665,0.8693,0.7297,1.0383,0.8882
142,2023-01-16,3,6-11,2691.0000,2699.6093,2343.9597,3075.6846,1.0477,0.8814,1.2420,1.0586
142,2023-01-16,3,12-17,745.4286,762.6029,668.6076,873.7310,0.6988,0.5953,0.8188,0.6988
142,2023-01-16,3,18-44,3695.1429,3743.7896,3269.3893,4285.3812,0.4578,0.3907,0.5420,0.4688
142,2023-01-16,3,45-64,1022.5714,1029.7968,891.3458,1183.1981,0.3903,0.3344,0.4578,0.3966
142,2023-01-16,3,65+,341.8571,341.8278,293.5969,393.5208,0.3596,0.3110,0.4165,0.3618
143,2023-01-17,3,0-5,1386.2857,1358.7531,1188.6523,1559.1342,0.8754,0.7331,1.0399,0.9034
143,2023-01-17,3,6-11,2532.8571,2492.7684,2174.9419,2851.7234,1.0499,0.8834,1.2480,1.0772
143,2023-01-17,3,12-17,655.5714,660.8949,577.5815,758.9095,0.7189,0.6158,0.8440,0.7078
143,2023-01-17,3,18-44,3392.0000,3378.9168,2952.6870,3871.3209,0.4631,0.3958,0.5470,0.4750
143,2023-01-17,3,45-64,948.0000,935.6455,814.7971,1076.4212,0.3968,0.3407,0.4644,0.4023
143,2023-01-17,3,65+,316.0000,314.3647,269.1741,361.5263,0.3664,0.3173,0.4238,0.3672
144,2023-01-18,3,0-5,1286.5714,1268.5805,1112.2106,1455.4338,0.8858,0.7452,1.0521,0.8949
144,2023-01-18,3,6-11,2307.5714,2292.9456,2003.9620,2618.3324,1.0657,0.9009,1.2502,1.0650
144,2023-01-18,3,12-17,573.0000,580.8755,510.4480,672.3662,0.7515,0.6462,0.8786,0.7035
144,2023-01-18,3,18-44,3072.4286,3058.8606,2652.6975,3512.9077,0.4749,0.4061,0.5567,0.4702
144,2023-01-18,3,45-64,845.4286,848.0677,741.4175,981.4662,0.4091,0.3513,0.4763,0.3983
144,2023-01-18,3,65+,287.5714,290.1400,250.2665,335.5153,0.3789,0.3279,0.4377,0.3639
145,2023-01-19,3,0-5,1199.1429,1180.7291,1034.0310,1350.5633,0.9045,0.7604,1.0694,0.9100
145,2023-01-19,3,6-11,2144.5714,2108.6304,1850.8565,2422.7613,1.0866,0.9239,1.2820,1.0895
145,2023-01-19,3,12-17,537.5714,519.8043,454.9630,602.1618,0.7955,0.6811,0.9338,0.7438
145,2023-01-19,3,18-44,2929.2857,2785.5403,2413.0478,3209.3101,0.4919,0.4225,0.5751,0.4891
145,2023-01-19,3,45-64,818.5714,774.0918,673.4804,892.9000,0.4266,0.3680,0.4951,0.4191
145,2023-01-19,3,65+,284.1429,270.1253,234.1221,311.4905,0.3970,0.3447,0.4571,0.3850
146,2023-01-20,3,0-5,1035.8571,1096.9709,964.5900,1256.1680,0.9352,0.7868,1.1066,0.8284
146,2023-01-20,3,6-11,1824.0000,1940.2035,1704.0252,2230.5654,1.1179,0.9462,1.3167,0.9900
146,2023-01-20,3,12-17,428.4286,475.6776,414.5204,549.8463,0.8563,0.7319,1.0020,0.6657
146,2023-01-20,3,18-44,2390.8571,2565.4571,2224.0523,2965.3813,0.5168,0.4436,0.6058,0.4380
146,2023-01-20,3,45-64,658.2857,712.5952,618.8080,820.4046,0.4525,0.3908,0.5250,0.3731
146,2023-01-20,3,65+,230.5714,254.3784,218.6095,293.7484,0.4240,0.3683,0.4880,0.3423
147,2023-01-21,3,0-5,983.1429,1022.6543,895.6353,1165.9890,0.9696,0.8179,1.1470,0.8431
147,2023-01-21,3,6-11,1723.2857,1783.9566,1562.8380,2048.6368,1.1544,0.9806,1.3653,1.0112
147,2023-01-21,3,12-17,389.5714,443.6093,386.4632,512.4739,0.9218,0.7881,1.0808,0.6770
147,2023-01-21,3,18-44,2163.2857,2387.6454,2071.3657,2758.8750,0.5460,0.4711,0.6452,0.4411
147,2023-01-21,3,45-64,594.7143,663.0932,570.6122,760.6534,0.4840,0.4194,0.5644,0.3747
147,2023-01-21,3,65+,209.7143,243.1982,208.7373,282.3459,0.4589,0.3979,0.5292,0.3438
148,2023-01-22,4,0-5,979.4286,956.2735,833.9991,1090.5260,1.0021,0.8459,1.1867,0.9223
148,2023-01-22,4,6-11,1712.2857,1644.8221,1442.0441,1892.3416,1.1885,1.0149,1.3950,1.1114
148,2023-01-22,4,12-17,405.7143,421.5170,365.2207,490.3325,0.9874,0.8420,1.1568,0.7750
148,2023-01-22,4,18-44,2162.1429,2242.0191,1947.0172,2596.5898,0.5782,0.4967,0.6805,0.4898
148,2023-01-22,4,45-64,604.8571,620.1450,535.0480,712.4814,0.5172,0.4467,0.6004,0.4209
148,2023-01-22,4,65+,224.7143,235.8680,202.4176,273.8466,0.4938,0.4268,0.5712,0.3905
149,2023-01-23,4,0-5,925.7143,893.3529,777.1694,1021.3107,1.0315,0.8732,1.2255,0.9511
149,2023-01-23,4,6-11,1585.1429,1515.7997,1320.2270,1738.5461,1.2213,1.0416,1.4316,1.1391
149,2023-01-23,4,12-17,404.1429,407.9863,351.5327,475.5032,1.0419,0.8925,1.2177,0.8339
149,2023-01-23,4,18-44,2093.8571,2132.3882,1852.1003,2460.5190,0.6072,0.5206,0.7119,0.5131
149,2023-01-23,4,45-64,579.8571,587.1717,508.3870,673.2305,0.5470,0.4723,0.6338,0.4442
149,2023-01-23,4,65+,221.0000,231.1524,198.7988,268.3396,0.5253,0.4537,0.6069,0.4127
150,2023-01-24,4,0-5,811.0000,835.2353,721.4182,957.2909,1.0573,0.8911,1.2540,0.9217
150,2023-01-24,4,6-11,1389.4286,1397.8125,1217.5724,1597.3637,1.2474,1.0608,1.4649,1.1085
150,2023-01-24,4,12-17,387.8571,399.2508,344.5446,465.0174,1.0752,0.9238,1.2586,0.8538
150,2023-01-24,4,18-44,1977.5714,2053.7655,1789.0340,2365.7000,0.6273,0.5352,0.7373,0.5138
150,2023-01-24,4,45-64,530.1429,562.2931,487.3911,647.8963,0.5687,0.4904,0.6610,0.4496
150,2023-01-24,4,65+,223.8571,229.9444,198.1744,265.8977,0.5493,0.4763,0.6346,0.4247
151,2023-01-25,4,0-5,764.0000,783.8115,672.5830,902.4085,1.0756,0.9078,1.2725,0.9605
151,2023-01-25,4,6-11,1291.8571,1290.5803,1127.5085,1475.5825,1.2646,1.0744,1.4795,1.1537
151,2023-01-25,4,12-17,402.8571,393.3794,337.7172,459.3308,1.0832,0.9291,1.2588,0.9404
151,2023-01-25,4,18-44,1986.5714,1985.1847,1742.8887,2301.3847,0.6385,0.5457,0.7485,0.5528
151,2023-01-25,4,45-64,547.7143,545.7745,473.4733,629.3415,0.5796,0.5007,0.6709,0.4914
151,2023-01-25,4,65+,236.8571,229.9540,199.1726,269.0161,0.5620,0.4869,0.6478,0.4679
152,2023-01-26,4,0-5,744.2857,738.9054,637.7915,855.8844,1.0838,0.9133,1.2784,1.0058
152,2023-01-26,4,6-11,1224.5714,1199.0375,1041.2830,1369.1229,1.2730,1.0833,1.4946,1.1970
152,2023-01-26,4,12-17,402.1429,386.2238,333.4090,445.5054,1.0620,0.9101,1.2449,0.9891
152,2023-01-26,4,18-44,1961.4286,1928.7819,1684.7320,2230.4228,0.6351,0.5433,0.7423,0.5796
152,2023-01-26,4,45-64,535.7143,534.1564,463.4155,617.7391,0.5739,0.4953,0.6636,0.5151
152,2023-01-26,4,65+,235.0000,230.2250,199.2809,269.3800,0.5562,0.4815,0.6407,0.4903
153,2023-01-27,4,0-5,734.0000,701.1785,605.5894,812.9733,1.0831,0.9138,1.2778,1.0831
153,2023-01-27,4,6-11,1169.7143,1122.7020,968.9070,1279.5158,1.2786,1.0904,1.5089,1.2781
153,2023-01-27,4,12-17,431.2857,376.6918,325.9489,434.0650,1.0284,0.8810,1.2012,1.1038
153,2023-01-27,4,18-44,2057.7143,1865.3394,1623.8560,2151.6109,0.6242,0.5352,0.7304,0.6401
153,2023-01-27,4,45-64,580.2857,522.6986,452.5017,601.8195,0.5608,0.4842,0.6492,0.5765
153,2023-01-27,4,65+,259.0000,229.3568,197.4289,267.7808,0.5419,0.4695,0.6256,0.5528
154,2023-01-28,4,0-5,692.5714,670.3462,579.8340,777.3607,1.0898,0.9180,1.2852,1.0864
154,2023-01-28,4,6-11,1069.5714,1056.7797,915.1782,1209.4712,1.2987,1.1043,1.5332,1.2720
154,2023-01-28,4,12-17,417.8571,363.7194,315.4924,423.4708,0.9990,0.8579,1.1651,1.1083
154,2023-01-28,4,18-44,2003.5714,1795.7385,1561.7660,2083.1091,0.6149,0.5244,0.7172,0.6484
154,2023-01-28,4,45-64,580.7143,511.2248,442.6408,591.4986,0.5461,0.4697,0.6313,0.5876
154,2023-01-28,4,65+,262.5714,225.7345,196.1319,261.5443,0.5241,0.4528,0.6035,0.5673
155,2023-01-29,5,0-5,619.4286,648.5424,561.2487,748.0056,1.1102,0.9379,1.3136,1.0028
155,2023-01-29,5,6-11,927.1429,1010.1986,867.9990,1166.4366,1.3364,1.1428,1.5780,1.1637
155,2023-01-29,5,12-17,355.0000,348.7175,303.1142,404.0738,0.9839,0.8424,1.1450,0.9807
155,2023-01-29,5,18-44,1757.1429,1722.4654,1497.7557,1999.1467,0.6110,0.5241,0.7141,0.5889
155,2023-01-29,5,45-64,507.1429,500.4611,431.6572,577.6803,0.5359,0.4629,0.6201,0.5299
155,2023-01-29,5,65+,232.0000,220.5895,190.7639,254.2674,0.5106,0.4432,0.5873,0.5125
156,2023-01-30,5,0-5,599.2857,635.2784,542.6573,734.0908,1.1424,0.9661,1.3496,0.9976
156,2023-01-30,5,6-11,903.7143,984.4256,846.1194,1143.1826,1.3924,1.1807,1.6345,1.1690
156,2023-01-30,5,12-17,320.0000,333.9105,289.2282,389.0240,0.9930,0.8506,1.1573,0.9331
156,2023-01-30,5,18-44,1597.4286,1652.1360,1431.8598,1908.9780,0.6178,0.5307,0.7238,0.5711
156,2023-01-30,5,45-64,469.2857,487.9576,420.5846,562.1861,0.5366,0.4631,0.6235,0.5095
156,2023-01-30,5,65+,213.1429,213.0946,183.8515,246.7750,0.5066,0.4398,0.5833,0.4926
157,2023-01-31,5,0-5,606.4286,628.8555,539.8726,727.4772,1.1805,0.9921,1.3974,1.0365
157,2023-01-31,5,6-11,925.8571,974.0733,838.1638,1130.7738,1.4499,1.2304,1.7049,1.2293
157,2023-01-31,5,12-17,296.5714,320.0490,275.5804,374.2244,1.0123,0.8671,1.1851,0.9267
157,2023-01-31,5,18-44,1491.7143,1576.0952,1366.7194,1820.0057,0.6282,0.5383,0.7324,0.5767
157,2023-01-31,5,45-64,454.0000,473.0620,407.7072,546.5682,0.5415,0.4666,0.6265,0.5099
157,2023-01-31,5,65+,195.0000,204.1204,175.6367,236.0967,0.5082,0.4408,0.5848,0.4887
158,2023-02-01,5,0-5,608.4286,625.9125,539.5341,719.4593,1.2122,1.0243,1.4386,1.0780
158,2023-02-01,5,6-11,946.8571,981.9452,847.3316,1135.6336,1.4949,1.2693,1.7659,1.2951
158,2023-02-01,5,12-17,280.4286,307.4516,263.7250,358.9681,1.0400,0.8889,1.2195,0.9368
158,2023-02-01,5,18-44,1432.5714,1503.5504,1301.9272,1734.2889,0.6383,0.5495,0.7470,0.5896
158,2023-02-01,5,45-64,432.4286,455.2311,393.9027,527.2263,0.5481,0.4731,0.6358,0.5162
158,2023-02-01,5,65+,181.8571,193.5340,166.0607,223.5758,0.5115,0.4435,0.5899,0.4914
159,2023-02-02,5,0-5,620.2857,626.1948,540.9613,727.7646,1.2359,1.0408,1.4628,1.1376
159,2023-02-02,5,6-11,988.5714,998.3075,864.7791,1156.0186,1.5208,1.2888,1.7993,1.3860
159,2023-02-02,5,12-17,280.5714,297.6390,254.7312,345.9359,1.0644,0.9125,1.2459,0.9883
159,2023-02-02,5,18-44,1419.4286,1435.9902,1245.6028,1658.6685,0.6453,0.5572,0.7529,0.6192
159,2023-02-02,5,45-64,432.7143,435.7439,377.0879,504.8897,0.5528,0.4789,0.6398,0.5408
159,2023-02-02,5,65+,177.2857,182.4628,156.0900,210.7407,0.5142,0.4459,0.5910,0.5121
160,2023-02-03,5,0-5,638.7143,630.5574,544.1592,729.3146,1.2439,1.0494,1.4838,1.1804
160,2023-02-03,5,6-11,1045.8571,1018.7243,887.7410,1178.9734,1.5312,1.2968,1.8082,1.4580
160,2023-02-03,5,12-17,282.0000,290.6337,248.8500,336.6620,1.0909,0.9331,1.2789,1.0190
160,2023-02-03,5,18-44,1372.1429,1379.7611,1196.0205,1600.9230,0.6506,0.5611,0.7557,0.6299
160,2023-02-03,5,45-64,411.4286,416.2262,361.7075,484.2958,0.5572,0.4826,0.6432,0.5448
160,2023-02-03,5,65+,167.5714,171.6562,147.5473,199.2721,0.5168,0.4490,0.5927,0.5130
161,2023-02-04,5,0-5,647.8571,635.6876,547.9091,738.5518,1.2388,1.0419,1.4712,1.2042
161,2023-02-04,5,6-11,1080.4286,1043.3024,908.2495,1201.0651,1.5193,1.2865,1.8006,1.4964
161,2023-02-04,5,12-17,283.7143,287.2339,246.3216,333.2933,1.1017,0.9443,1.2880,1.0453
161,2023-02-04,5,18-44,1344.0000,1333.7429,1154.7713,1545.1407,0.6468,0.5571,0.7534,0.6378
161,2023-02-04,5,45-64,401.5714,399.5080,346.7596,462.6176,0.5562,0.4808,0.6436,0.5500
161,2023-02-04,5,65+,159.5714,162.1145,139.0411,188.5953,0.5159,0.4477,0.5945,0.5145
162,2023-02-05,6,0-5,655.5714,641.8787,552.2744,747.4586,1.2179,1.0303,1.4464,1.2120
162,2023-02-05,6,6-11,1088.0000,1065.4247,925.8004,1224.6723,1.4961,1.2662,1.7580,1.4946
162,2023-02-05,6,12-17,287.1429,286.2754,245.1789,332.8543,1.1027,0.9426,1.2901,1.0603
162,2023-02-05,6,18-44,1311.8571,1302.9679,1126.7566,1512.4362,0.6389,0.5499,0.7446,0.6355
162,2023-02-05,6,45-64,386.4286,385.1901,333.8525,443.8068,0.5505,0.4762,0.6370,0.5466
162,2023-02-05,6,65+,151.8571,154.9097,132.5591,180.4873,0.5119,0.4447,0.5892,0.5087
163,2023-02-06,6,0-5,656.1429,646.4284,557.6659,754.2337,1.1929,1.0027,1.4138,1.2147
163,2023-02-06,6,6-11,1097.5714,1077.2531,935.4571,1243.0050,1.4643,1.2437,1.7306,1.4960
163,2023-02-06,6,12-17,289.7143,287.3343,246.2924,334.9726,1.0912,0.9362,1.2801,1.0749
163,2023-02-06,6,18-44,1303.2857,1284.7606,1115.4483,1477.4082,0.6267,0.5416,0.7296,0.6377
163,2023-02-06,6,45-64,377.4286,374.8940,323.5599,433.6077,0.5421,0.4711,0.6258,0.5488
163,2023-02-06,6,65+,149.8571,149.9739,128.8899,175.6461,0.5058,0.4404,0.5812,0.5110
164,2023-02-07,6,0-5,656.4286,646.9380,558.1689,752.7996,1.1636,0.9832,1.3749,1.2111
164,2023-02-07,6,6-11,1090.1429,1084.9998,941.6335,1253.9198,1.4290,1.2146,1.6816,1.4788
164,2023-02-07,6,12-17,291.5714,289.6047,249.1689,337.1194,1.0729,0.9179,1.2618,1.0788
164,2023-02-07,6,18-44,1291.1429,1269.9115,1099.0574,1458.2232,0.6127,0.5297,0.7129,0.6341
164,2023-02-07,6,45-64,364.0000,366.3627,317.8657,424.2295,0.5318,0.4611,0.6143,0.5448
164,2023-02-07,6,65+,145.8571,146.6717,126.4828,171.2277,0.4980,0.4328,0.5730,0.5066
165,2023-02-08,6,0-5,659.2857,644.2317,558.3331,749.4842,1.1319,0.9516,1.3335,1.2110
165,2023-02-08,6,6-11,1092.8571,1084.1005,943.8483,1260.1507,1.3953,1.1791,1.6580,1.4748
165,2023-02-08,6,12-17,299.8571,290.7986,249.5005,338.6185,1.0513,0.8975,1.2271,1.0991
165,2023-02-08,6,18-44,1272.1429,1252.9503,1081.5653,1445.2866,0.5977,0.5155,0.6955,0.6347
165,2023-02-08,6,45-64,364.5714,360.0268,313.1419,417.2440,0.5204,0.4515,0.6008,0.5484
165,2023-02-08,6,65+,147.2857,144.8837,124.5162,169.0048,0.4897,0.4261,0.5635,0.5121
166,2023-02-09,6,0-5,650.2857,637.7851,553.4738,742.6586,1.1016,0.9279,1.3125,1.1976
166,2023-02-09,6,6-11,1082.1429,1081.5977,937.0933,1245.1485,1.3699,1.1553,1.6116,1.4586
166,2023-02-09,6,12-17,299.4286,291.3249,250.6517,337.2704,1.0255,0.8743,1.1948,1.0970
166,2023-02-09,6,18-44,1258.2857,1235.2250,1065.2414,1430.5995,0.5848,0.5044,0.6829,0.6311
166,2023-02-09,6,45-64,361.8571,355.1840,308.0890,411.3540,0.5098,0.4414,0.5898,0.5472
166,2023-02-09,6,65+,146.5714,143.4278,123.4026,167.7975,0.4829,0.4192,0.5563,0.5121
167,2023-02-10,6,0-5,628.1429,626.7526,544.0839,726.9653,1.0792,0.9130,1.2773,1.1637
167,2023-02-10,6,6-11,1063.2857,1070.1164,926.0798,1227.8665,1.3351,1.1339,1.5759,1.4276
167,2023-02-10,6,12-17,291.8571,289.5434,249.9009,334.5356,0.9976,0.8535,1.1704,1.0722
167,2023-02-10,6,18-44,1221.8571,1213.8321,1048.7814,1409.8583,0.5737,0.4953,0.6689,0.6168
167,2023-02-10,6,45-64,354.4286,349.6979,301.2078,405.6976,0.5013,0.4348,0.5802,0.5361
167,2023-02-10,6,65+,141.5714,142.6819,122.9239,167.3001,0.4778,0.4148,0.5499,0.5014
168,2023-02-11,6,0-5,611.1429,612.8833,533.2070,706.0011,1.0650,0.8984,1.2653,1.1409
168,2023-02-11,6,6-11,1041.4286,1051.4593,912.6719,1215.5894,1.3123,1.1105,1.5481,1.4012
168,2023-02-11,6,12-17,283.8571,285.4317,246.2487,330.5246,0.9742,0.8360,1.1413,1.0491
168,2023-02-11,6,18-44,1184.8571,1190.9955,1028.6440,1381.1193,0.5676,0.4903,0.6610,0.6050
168,2023-02-11,6,45-64,341.4286,343.4259,297.3411,400.4712,0.4960,0.4303,0.5724,0.5267
168,2023-02-11,6,65+,143.7143,141.9530,122.7810,166.7253,0.4753,0.4129,0.5471,0.4985
169,2023-02-12,7,0-5,597.7143,595.1130,520.2387,686.6755,1.0561,0.8907,1.2490,1.1309
169,2023-02-12,7,6-11,1039.5714,1028.4972,896.6354,1190.5668,1.2948,1.0968,1.5294,1.4006
169,2023-02-12,7,12-17,277.8571,278.6347,240.9512,322.3955,0.9554,0.8176,1.1185,1.0406
169,2023-02-12,7,18-44,1155.8571,1168.0044,1009.3150,1352.4554,0.5625,0.4857,0.6539,0.6009
169,2023-02-12,7,45-64,339.0000,337.2001,293.2957,392.1902,0.4921,0.4265,0.5676,0.5237
169,2023-02-12,7,65+,138.5714,141.4773,121.7606,166.7114,0.4741,0.4114,0.5460,0.4939
170,2023-02-13,7,0-5,574.2857,577.9566,504.6098,665.6548,1.0573,0.8902,1.2519,1.1093
170,2023-02-13,7,6-11,996.5714,999.9524,869.4969,1158.7969,1.2855,1.0866,1.5270,1.3684
170,2023-02-13,7,12-17,274.0000,269.4794,234.0895,312.6042,0.9393,0.8036,1.1006,1.0356
170,2023-02-13,7,18-44,1123.7143,1141.1158,984.2736,1314.5664,0.5636,0.4856,0.6560,0.5940
170,2023-02-13,7,45-64,334.2857,329.4647,285.7705,383.5802,0.4932,0.4270,0.5693,0.5212
170,2023-02-13,7,65+,139.5714,140.8155,121.0121,165.5998,0.4780,0.4145,0.5513,0.4949
171,2023-02-14,7,0-5,553.5714,560.5071,485.5671,646.3789,1.0621,0.8919,1.2565,1.0916
171,2023-02-14,7,6-11,963.0000,968.5601,839.6673,1117.4207,1.2780,1.0847,1.5099,1.3437
171,2023-02-14,7,12-17,263.8571,258.6306,224.8977,300.7321,0.9267,0.7924,1.0880,1.0142
171,2023-02-14,7,18-44,1087.4286,1113.6356,960.0827,1283.3739,0.5652,0.4877,0.6581,0.5837
171,2023-02-14,7,45-64,318.5714,321.3835,277.2943,374.8407,0.4957,0.4289,0.5726,0.5112
171,2023-02-14,7,65+,136.0000,139.9409,120.2942,163.6353,0.4829,0.4186,0.5559,0.4868
172,2023-02-15,7,0-5,534.2857,542.7511,470.4039,624.1032,1.0718,0.9007,1.2727,1.0877
172,2023-02-15,7,6-11,934.1429,934.7054,806.1440,1080.8825,1.2815,1.0838,1.5142,1.3366
172,2023-02-15,7,12-17,249.1429,246.2423,212.2072,284.7576,0.9197,0.7872,1.0715,0.9942
172,2023-02-15,7,18-44,1074.4286,1087.2613,936.6301,1246.4737,0.5711,0.4923,0.6649,0.5835
172,2023-02-15,7,45-64,305.8571,313.9414,270.9743,364.5819,0.5016,0.4339,0.5800,0.5102
172,2023-02-15,7,65+,137.2857,138.9893,119.6243,162.2806,0.4912,0.4248,0.5655,0.4904
173,2023-02-16,7,0-5,520.4286,526.3804,457.9214,608.0481,1.0905,0.9183,1.2987,1.0924
173,2023-02-16,7,6-11,902.4286,899.9341,777.9422,1041.9964,1.2915,1.0962,1.5201,1.3337
173,2023-02-16,7,12-17,243.1429,232.8681,200.9865,269.2513,0.9195,0.7872,1.0699,0.9981
173,2023-02-16,7,18-44,1060.7143,1061.2551,913.9264,1219.6940,0.5805,0.5004,0.6781,0.5876
173,2023-02-16,7,45-64,299.8571,306.5089,264.3891,355.9495,0.5113,0.4421,0.5928,0.5145
173,2023-02-16,7,65+,137.2857,137.9358,118.4244,160.7551,0.5022,0.4346,0.5799,0.4963
174,2023-02-17,7,0-5,501.4286,512.2185,444.2716,589.3366,1.1033,0.9296,1.3079,1.0799
174,2023-02-17,7,6-11,846.8571,866.4012,746.7574,1002.6583,1.3043,1.1060,1.5428,1.2981
174,2023-02-17,7,12-17,219.8571,219.3475,188.3189,254.2909,0.9266,0.7946,1.0808,0.9563
174,2023-02-17,7,18-44,1021.8571,1034.4195,897.8221,1189.7255,0.5900,0.5082,0.6874,0.5791
174,2023-02-17,7,45-64,291.8571,300.8567,259.5721,349.1796,0.5216,0.4509,0.6040,0.5082
174,2023-02-17,7,65+,136.2857,136.7797,117.4986,159.8108,0.5134,0.4442,0.5918,0.4947
175,2023-02-18,7,0-5,488.8571,500.1266,433.2987,575.8057,1.1225,0.9429,1.3360,1.0833
175,2023-02-18,7,6-11,809.7143,834.2992,721.1625,964.9770,1.3211,1.1233,1.5664,1.2899
175,2023-02-18,7,12-17,202.4286,205.8470,177.4462,240.0748,0.9375,0.8039,1.0931,0.9374
175,2023-02-18,7,18-44,995.0000,1009.3111,880.3125,1166.2110,0.6012,0.5180,0.7012,0.5801
175,2023-02-18,7,45-64,290.5714,296.4599,256.2950,345.7952,0.5329,0.4609,0.6166,0.5097
175,2023-02-18,7,65+,131.5714,135.8137,116.5235,158.8668,0.5251,0.4542,0.6041,0.4951
176,2023-02-19,8,0-5,477.2857,488.3250,421.5514,563.2169,1.1325,0.9527,1.3423,1.0900
176,2023-02-19,8,6-11,779.5714,803.2274,694.6642,929.9981,1.3342,1.1329,1.5728,1.2920
176,2023-02-19,8,12-17,188.1429,193.9181,166.3916,225.8827,0.9533,0.8207,1.1066,0.9277
176,2023-02-19,8,18-44,967.8571,985.6793,854.6223,1137.4255,0.6097,0.5263,0.7136,0.5834
176,2023-02-19,8,45-64,285.2857,292.8289,253.5969,340.8090,0.5434,0.4703,0.6295,0.5141
176,2023-02-19,8,65+,133.8571,134.6198,115.5850,157.3242,0.5345,0.4620,0.6184,0.5049
177,2023-02-20,8,0-5,474.1429,477.7632,412.2629,551.1084,1.1350,0.9576,1.3418,1.1130
177,2023-02-20,8,6-11,770.8571,776.7022,668.9647,896.8450,1.3367,1.1401,1.5722,1.3202
177,2023-02-20,8,12-17,174.8571,183.3882,158.2098,214.6699,0.9748,0.8384,1.1318,0.9248
177,2023-02-20,8,18-44,952.2857,965.3862,832.7120,1117.2291,0.6181,0.5326,0.7193,0.5932
177,2023-02-20,8,45-64,280.7143,290.9525,251.0622,338.7716,0.5533,0.4786,0.6402,0.5218
177,2023-02-20,8,65+,133.7143,133.1583,114.2255,154.7636,0.5416,0.4681,0.6254,0.5147
178,2023-02-21,8,0-5,467.5714,466.4727,404.4476,539.7449,1.1306,0.9566,1.3360,1.1321
178,2023-02-21,8,6-11,756.7143,749.4404,647.1360,866.3250,1.3329,1.1364,1.5622,1.3463
178,2023-02-21,8,12-17,169.2857,174.0661,150.5669,203.9384,0.9905,0.8509,1.1548,0.9481
178,2023-02-21,8,18-44,941.8571,941.1922,810.4502,1088.9021,0.6213,0.5361,0.7247,0.6086
178,2023-02-21,8,45-64,289.2857,288.5684,249.0103,336.4309,0.5587,0.4835,0.6471,0.5396
178,2023-02-21,8,65+,135.8571,130.9621,112.2647,152.6036,0.5456,0.4719,0.6296,0.5337
179,2023-02-22,8,0-5,462.0000,454.6988,392.2867,526.5526,1.1219,0.9443,1.3303,1.1458
179,2023-02-22,8,6-11,736.8571,721.2598,624.6308,832.8477,1.3242,1.1269,1.5651,1.3581
179,2023-02-22,8,12-17,164.2857,167.3822,144.4164,195.5252,1.0047,0.8603,1.1712,0.9640
179,2023-02-22,8,18-44,931.1429,921.6308,792.9666,1066.3346,0.6215,0.5348,0.7252,0.6178
179,2023-02-22,8,45-64,293.1429,286.6002,248.2124,334.6708,0.5603,0.4844,0.6490,0.5490
179,2023-02-22,8,65+,130.5714,128.6612,110.6846,150.8512,0.5449,0.4721,0.6296,0.5374
180,2023-02-23,8,0-5,456.1429,441.2365,381.7666,512.2067,1.1075,0.9372,1.3083,1.1578
180,2023-02-23,8,6-11,716.8571,692.9063,603.4759,796.1729,1.3160,1.1181,1.5492,1.3682
180,2023-02-23,8,12-17,164.7143,162.5455,140.3593,190.5445,1.0197,0.8712,1.1881,0.9908
180,2023-02-23,8,18-44,925.2857,903.0675,780.1967,1044.2586,0.6207,0.5355,0.7219,0.6269
180,2023-02-23,8,45-64,293.0000,284.3762,247.0254,330.6230,0.5614,0.4861,0.6488,0.5580
180,2023-02-23,8,65+,127.7143,126.3745,108.3323,147.7102,0.5447,0.4717,0.6286,0.5427
181,2023-02-24,8,0-5,422.7143,427.8531,369.7100,495.3643,1.1023,0.9316,1.3105,1.1190
181,2023-02-24,8,6-11,659.7143,663.1359,580.0113,769.5775,1.3115,1.1123,1.5427,1.3246
181,2023-02-24,8,12-17,162.1429,159.9790,137.4950,186.5078,1.0362,0.8890,1.2104,0.9981
181,2023-02-24,8,18-44,908.4286,885.3260,765.2257,1024.8724,0.6218,0.5359,0.7257,0.6221
181,2023-02-24,8,45-64,293.4286,281.8656,244.1002,328.8200,0.5635,0.4874,0.6525,0.5593
181,2023-02-24,8,65+,124.1429,123.9455,106.8185,144.7952,0.5451,0.4709,0.6294,0.5411
182,2023-02-25,8,0-5,414.1429,412.8149,357.9640,476.4598,1.1019,0.9297,1.3058,1.1255
182,2023-02-25,8,6-11,641.0000,634.8844,554.3099,736.5048,1.3182,1.1224,1.5500,1.3347
182,2023-02-25,8,12-17,167.4286,158.9221,135.8947,184.4902,1.0592,0.9091,1.2386,1.0320
182,2023-02-25,8,18-44,890.4286,871.1143,752.6889,1006.8468,0.6265,0.5396,0.7318,0.6281
182,2023-02-25,8,45-64,289.5714,279.3918,241.8252,327.0485,0.5690,0.4922,0.6603,0.5672
182,2023-02-25,8,65+,127.5714,121.7151,104.7274,142.2161,0.5501,0.4761,0.6350,0.5531
183,2023-02-26,9,0-5,392.5714,398.0339,344.5036,460.7924,1.1083,0.9372,1.3139,1.0826
183,2023-02-26,9,6-11,600.5714,608.9571,530.6501,704.3449,1.3323,1.1371,1.5646,1.2805
183,2023-02-26,9,12-17,154.0000,159.4324,136.7430,185.9593,1.1009,0.9446,1.2954,0.9729
183,2023-02-26,9,18-44,821.2857,855.6057,743.6843,992.4989,0.6365,0.5488,0.7428,0.5959
183,2023-02-26,9,45-64,266.5714,277.4803,239.5317,325.1386,0.5797,0.5018,0.6699,0.5351
183,2023-02-26,9,65+,117.1429,120.1003,103.2504,139.9300,0.5588,0.4845,0.6460,0.5208
184,2023-02-27,9,0-5,395.4286,383.8222,330.6244,443.7921,1.1216,0.9469,1.3271,1.1265
184,2023-02-27,9,6-11,595.1429,585.5473,508.7113,676.2688,1.3582,1.1526,1.5922,1.3278
184,2023-02-27,9,12-17,159.5714,161.8876,138.3663,189.4965,1.1516,0.9843,1.3462,1.0260
184,2023-02-27,9,18-44,827.1429,843.3723,729.0617,978.8554,0.6488,0.5583,0.7578,0.6211
184,2023-02-27,9,45-64,274.2857,275.5668,237.7446,321.1933,0.5925,0.5125,0.6856,0.5588
184,2023-02-27,9,65+,115.4286,118.8791,101.9107,137.6435,0.5695,0.4926,0.6604,0.5391
185,2023-02-28,9,0-5,369.8571,370.0672,320.7245,429.5693,1.1396,0.9623,1.3463,1.1077
185,2023-02-28,9,6-11,566.1429,563.4441,488.0002,652.9348,1.3949,1.1856,1.6390,1.3231
185,2023-02-28,9,12-17,163.5714,166.1913,142.0920,194.2779,1.2094,1.0356,1.4147,1.0538
185,2023-02-28,9,18-44,812.7143,831.0700,720.7330,967.3225,0.6632,0.5731,0.7731,0.6238
185,2023-02-28,9,45-64,269.1429,273.2222,236.3944,318.0192,0.6064,0.5267,0.7008,0.5642
185,2023-02-28,9,65+,113.2857,117.4563,100.0059,136.3451,0.5818,0.5047,0.6717,0.5430
186,2023-03-01,9,0-5,349.5714,357.2180,308.5114,415.4085,1.1640,0.9851,1.3785,1.0989
186,2023-03-01,9,6-11,525.8571,547.6716,475.1401,632.9816,1.4426,1.2297,1.6909,1.3052
186,2023-03-01,9,12-17,165.2857,173.2708,148.1757,202.5249,1.2747,1.0871,1.5016,1.0718
186,2023-03-01,9,18-44,805.5714,821.1918,711.8718,953.4452,0.6796,0.5866,0.7921,0.6278
186,2023-03-01,9,45-64,262.5714,270.8586,234.2746,314.0030,0.6214,0.5390,0.7188,0.5696
186,2023-03-01,9,65+,112.4286,116.2641,99.0814,136.2682,0.5947,0.5154,0.6880,0.5485
187,2023-03-02,9,0-5,338.4286,347.3310,298.1224,403.0852,1.1939,1.0112,1.4012,1.1179
187,2023-03-02,9,6-11,520.4286,537.2956,465.2048,620.2277,1.4911,1.2755,1.7401,1.3460
187,2023-03-02,9,12-17,169.5714,183.1450,156.1933,213.8495,1.3396,1.1470,1.5662,1.1109
187,2023-03-02,9,18-44,807.1429,812.5590,704.0561,945.3476,0.6950,0.6004,0.8045,0.6471
187,2023-03-02,9,45-64,264.1429,268.0466,231.0343,310.7066,0.6351,0.5513,0.7301,0.5892
187,2023-03-02,9,65+,116.1429,115.2961,98.5420,135.8103,0.6054,0.5253,0.6979,0.5710
188,2023-03-03,9,0-5,332.7143,339.2023,293.1815,395.5304,1.2213,1.0345,1.4407,1.1356
188,2023-03-03,9,6-11,526.0000,533.4243,459.6614,617.4405,1.5373,1.3072,1.8029,1.3927
188,2023-03-03,9,12-17,192.7143,196.1421,166.7013,232.3458,1.3975,1.1929,1.6406,1.1998
188,2023-03-03,9,18-44,790.8571,802.0714,695.5794,929.0548,0.7069,0.6091,0.8234,0.6594
188,2023-03-03,9,45-64,261.1429,264.9134,229.4084,309.2823,0.6437,0.5579,0.7430,0.6013
188,2023-03-03,9,65+,115.0000,114.3475,97.9603,133.6985,0.6098,0.5288,0.7038,0.5794
189,2023-03-04,9,0-5,323.5714,334.7348,290.1119,392.2098,1.2430,1.0539,1.4755,1.1401
189,2023-03-04,9,6-11,520.4286,534.7218,461.6271,618.0920,1.5704,1.3330,1.8477,1.4106
189,2023-03-04,9,12-17,206.2857,212.5424,181.5305,249.9050,1.4375,1.2185,1.6790,1.2411
189,2023-03-04,9,18-44,777.0000,792.1009,688.4395,910.0942,0.7103,0.6144,0.8264,0.6637
189,2023-03-04,9,45-64,258.4286,262.3757,227.1547,306.7835,0.6445,0.5595,0.7431,0.6051
189,2023-03-04,9,65+,111.2857,113.1176,97.3320,132.4327,0.6087,0.5278,0.7012,0.5783
190,2023-03-05,10,0-5,331.7143,333.0936,289.0354,391.4659,1.2617,1.0619,1.4968,1.2127
190,2023-03-05,10,6-11,540.0000,541.6687,467.8427,627.9621,1.5841,1.3508,1.8524,1.5084
190,2023-03-05,10,12-17,239.5714,231.5384,197.4834,270.5037,1.4476,1.2273,1.7045,1.3785
190,2023-03-05,10,18-44,819.2857,782.8128,677.8395,904.1204,0.7067,0.6122,0.8190,0.7144
190,2023-03-05,10,45-64,278.1429,259.7549,225.2046,302.9536,0.6381,0.5541,0.7337,0.6553
190,2023-03-05,10,65+,118.5714,111.8337,96.1098,131.1829,0.5998,0.5206,0.6897,0.6245
191,2023-03-06,10,0-5,323.4286,334.8968,289.2002,390.7887,1.2662,1.0668,1.5010,1.1890
191,2023-03-06,10,6-11,548.4286,553.6832,476.7552,642.7614,1.5828,1.3449,1.8626,1.5055
191,2023-03-06,10,12-17,258.5714,251.8428,214.9797,294.2911,1.4354,1.2149,1.6842,1.3823
191,2023-03-06,10,18-44,786.0000,770.1394,664.0639,891.0910,0.6945,0.5996,0.8024,0.6933
191,2023-03-06,10,45-64,262.2857,257.4995,221.8798,300.7425,0.6231,0.5405,0.7163,0.6311
191,2023-03-06,10,65+,111.5714,110.1626,94.2759,129.6775,0.5850,0.5074,0.6724,0.5963
192,2023-03-07,10,0-5,341.4286,340.0117,293.5394,397.5659,1.2653,1.0645,1.4942,1.2317
192,2023-03-07,10,6-11,577.0000,568.7648,488.6843,656.1268,1.5704,1.3341,1.8530,1.5516
192,2023-03-07,10,12-17,287.0000,272.0621,233.7626,317.2171,1.4032,1.1938,1.6510,1.4256
192,2023-03-07,10,18-44,776.4286,758.5708,655.0440,880.6051,0.6797,0.5867,0.7837,0.6981
192,2023-03-07,10,45-64,259.2857,256.2885,220.3411,297.3736,0.6057,0.5253,0.6961,0.6307
192,2023-03-07,10,65+,110.5714,108.7502,92.8924,127.4004,0.5680,0.4922,0.6535,0.5940
193,2023-03-08,10,0-5,355.8571,347.2879,301.4758,404.5567,1.2547,1.0600,1.4884,1.2573
193,2023-03-08,10,6-11,607.8571,584.2087,506.6051,676.3921,1.5539,1.3186,1.8350,1.5842
193,2023-03-08,10,12-17,305.4286,290.6576,251.4293,338.0604,1.3609,1.1577,1.6101,1.4280
193,2023-03-08,10,18-44,764.8571,749.0226,646.9255,868.0872,0.6629,0.5737,0.7639,0.6976
193,2023-03-08,10,45-64,262.1429,254.8407,219.0678,297.5378,0.5870,0.5104,0.6740,0.6279
193,2023-03-08,10,65+,110.1429,107.2652,91.4589,125.7242,0.5499,0.4784,0.6326,0.5915
194,2023-03-09,10,0-5,360.4286,356.9857,309.0255,415.5887,1.2396,1.0475,1.4757,1.2461
194,2023-03-09,10,6-11,614.7143,604.1650,522.4133,699.2812,1.5317,1.3021,1.8042,1.5578
194,2023-03-09,10,12-17,310.7143,308.4082,266.3331,358.3241,1.3249,1.1200,1.5709,1.3787
194,2023-03-09,10,18-44,750.2857,740.5328,639.6323,857.0526,0.6446,0.5614,0.7466,0.6806
194,2023-03-09,10,45-64,258.0000,253.0496,217.5758,297.1609,0.5685,0.4954,0.6532,0.6097
194,2023-03-09,10,65+,107.2857,106.1220,90.4811,123.5865,0.5330,0.4636,0.6127,0.5745
195,2023-03-10,10,0-5,376.2857,367.0131,317.9144,426.5916,1.2202,1.0289,1.4455,1.2541
195,2023-03-10,10,6-11,630.7143,622.9615,537.5759,726.0546,1.5100,1.2751,1.7788,1.5473
195,2023-03-10,10,12-17,331.5714,323.7249,279.2836,375.1260,1.2906,1.0982,1.5350,1.3756
195,2023-03-10,10,18-44,732.2857,734.6026,635.4471,848.6495,0.6302,0.5492,0.7269,0.6670
195,2023-03-10,10,45-64,249.2857,252.1385,216.3958,295.0967,0.5533,0.4831,0.6339,0.5935
195,2023-03-10,10,65+,104.8571,104.9013,89.8470,122.2507,0.5182,0.4520,0.5936,0.5586
196,2023-03-11,10,0-5,382.4286,376.2764,326.2215,437.2100,1.2079,1.0125,1.4238,1.2485
196,2023-03-11,10,6-11,647.7143,640.8478,551.1888,749.2154,1.4964,1.2689,1.7741,1.5436
196,2023-03-11,10,12-17,341.8571,336.4394,290.4447,390.7975,1.2723,1.0745,1.5079,1.3593
196,2023-03-11,10,18-44,727.7143,729.4850,629.7887,845.6823,0.6196,0.5395,0.7137,0.6609
196,2023-03-11,10,45-64,251.7143,250.9506,215.2036,292.3202,0.5426,0.4737,0.6221,0.5880
196,2023-03-11,10,65+,104.0000,103.9113,89.1964,120.9714,0.5084,0.4428,0.5842,0.5534
197,2023-03-12,11,0-5,392.5714,385.0229,333.9185,446.6434,1.1979,1.0080,1.4270,1.2494
197,2023-03-12,11,6-11,665.5714,658.3699,570.4124,767.7640,1.4945,1.2682,1.7720,1.5389
197,2023-03-12,11,12-17,344.2857,347.6156,298.1769,403.6136,1.2701,1.0749,1.5087,1.3249
197,2023-03-12,11,18-44,726.1429,725.0793,627.6154,842.1577,0.6148,0.5351,0.7150,0.6531
197,2023-03-12,11,45-64,247.8571,249.3669,213.3101,288.8493,0.5379,0.4691,0.6201,0.5777
197,2023-03-12,11,65+,102.8571,102.8843,87.8278,120.3533,0.5035,0.4384,0.5794,0.5447
198,2023-03-13,11,0-5,396.2857,392.0978,339.4104,455.7003,1.1968,1.0095,1.4264,1.2319
198,2023-03-13,11,6-11,668.2857,676.5164,581.5754,785.8906,1.5105,1.2800,1.7817,1.5096
198,2023-03-13,11,12-17,352.5714,357.0811,307.0431,416.2590,1.2802,1.0831,1.5191,1.3062
198,2023-03-13,11,18-44,717.8571,724.3875,628.4875,840.5736,0.6167,0.5352,0.7106,0.6401
198,2023-03-13,11,45-64,243.4286,247.5922,211.4329,286.9254,0.5385,0.4690,0.6178,0.5654
198,2023-03-13,11,65+,101.1429,101.5542,87.1278,119.5329,0.5035,0.4390,0.5783,0.5330
199,2023-03-14,11,0-5,392.2857,398.5043,344.3174,463.3741,1.2063,1.0159,1.4324,1.2037
199,2023-03-14,11,6-11,681.5714,697.5700,601.9453,808.0042,1.5389,1.3023,1.8169,1.4965
199,2023-03-14,11,12-17,360.7143,367.6491,317.3457,426.2580,1.3034,1.1033,1.5506,1.2930
199,2023-03-14,11,18-44,708.7143,726.0072,628.1627,845.1051,0.6245,0.5418,0.7205,0.6276
199,2023-03-14,11,45-64,239.4286,246.0044,209.9512,287.6383,0.5452,0.4750,0.6258,0.5539
199,2023-03-14,11,65+,98.1429,100.8365,86.6894,118.8672,0.5095,0.4436,0.5855,0.5202
200,2023-03-15,11,0-5,394.0000,405.0904,349.8893,470.3797,1.2172,1.0271,1.4467,1.1921
200,2023-03-15,11,6-11,698.1429,720.9956,621.7093,838.5657,1.5660,1.3244,1.8557,1.4924
200,2023-03-15,11,12-17,363.0000,378.9021,327.7679,441.4840,1.3391,1.1358,1.5802,1.2721
200,2023-03-15,11,18-44,702.5714,732.0467,631.3700,855.0317,0.6343,0.5520,0.7335,0.6189
200,2023-03-15,11,45-64,235.0000,244.8905,209.8310,284.5536,0.5544,0.4833,0.6366,0.5443
200,2023-03-15,11,65+,96.0000,100.5429,86.0728,118.4503,0.5174,0.4504,0.5967,0.5105
201,2023-03-16,11,0-5,401.8571,411.7830,355.5982,479.2241,1.2264,1.0333,1.4574,1.2028
201,2023-03-16,11,6-11,712.8571,749.4984,645.3594,868.7570,1.5872,1.3444,1.8838,1.4986
201,2023-03-16,11,12-17,366.8571,394.1173,340.1878,458.9301,1.3717,1.1504,1.6427,1.2682
201,2023-03-16,11,18-44,712.4286,740.1963,641.5983,862.9223,0.6434,0.5578,0.7466,0.6219
201,2023-03-16,11,45-64,236.5714,243.7664,209.5946,283.5006,0.5632,0.4897,0.6478,0.5458
201,2023-03-16,11,65+,95.4286,100.6189,86.2342,118.6943,0.5258,0.4570,0.6049,0.5110
202,2023-03-17,11,0-5,412.4286,416.5909,360.5571,483.9507,1.2236,1.0335,1.4497,1.2364
202,2023-03-17,11,6-11,786.1429,778.9964,670.4908,902.9579,1.5950,1.3563,1.8892,1.5959
202,2023-03-17,11,12-17,401.7143,411.4667,354.8569,481.0986,1.3953,1.1798,1.6605,1.3475
202,2023-03-17,11,18-44,744.8571,751.8517,648.7277,873.8138,0.6482,0.5617,0.7494,0.6474
202,2023-03-17,11,45-64,242.4286,243.5008,208.2543,282.3024,0.5684,0.4947,0.6521,0.5677
202,2023-03-17,11,65+,100.1429,101.2956,86.4603,118.6244,0.5302,0.4613,0.6087,0.5319
203,2023-03-18,11,0-5,421.4286,421.1396,365.1990,487.7191,1.2180,1.0247,1.4372,1.2470
203,2023-03-18,11,6-11,818.5714,809.9931,695.3795,941.8639,1.5889,1.3597,1.8794,1.6130
203,2023-03-18,11,12-17,433.0000,431.0345,371.3522,502.9979,1.3995,1.1777,1.6551,1.3906
203,2023-03-18,11,18-44,769.8571,763.4654,659.7524,886.8902,0.6448,0.5618,0.7442,0.6547
203,2023-03-18,11,45-64,244.2857,244.2882,208.8495,284.2318,0.5660,0.4943,0.6497,0.5734
203,2023-03-18,11,65+,101.5714,102.0168,87.2998,119.4987,0.5294,0.4610,0.6094,0.5350
204,2023-03-19,12,0-5,430.1429,425.8064,368.9049,491.7581,1.1939,1.0113,1.4156,1.2481
204,2023-03-19,12,6-11,845.1429,839.3229,724.9380,975.0171,1.5667,1.3336,1.8451,1.6099
204,2023-03-19,12,12-17,464.0000,452.6199,389.9234,532.1052,1.3834,1.1717,1.6478,1.4160
204,2023-03-19,12,18-44,792.1429,779.7521,670.1687,909.7199,0.6360,0.5549,0.7351,0.6559
204,2023-03-19,12,45-64,247.7143,246.1866,210.1324,286.2045,0.5594,0.4894,0.6414,0.5747
204,2023-03-19,12,65+,104.1429,103.1976,88.3789,121.1521,0.5240,0.4566,0.6018,0.5357
205,2023-03-20,12,0-5,436.0000,429.7954,371.4429,498.4114,1.1656,0.9785,1.3807,1.2433
205,2023-03-20,12,6-11,883.8571,866.4942,751.5829,1014.5885,1.5393,1.2933,1.8256,1.6171
205,2023-03-20,12,12-17,492.4286,474.5438,409.4275,553.8733,1.3677,1.1489,1.6240,1.4300
205,2023-03-20,12,18-44,814.8571,795.9144,684.8084,924.9103,0.6245,0.5435,0.7208,0.6577
205,2023-03-20,12,45-64,257.7143,249.4056,213.6922,291.2639,0.5507,0.4811,0.6313,0.5784
205,2023-03-20,12,65+,108.7143,105.3594,90.4192,123.9867,0.5172,0.4509,0.5933,0.5407
206,2023-03-21,12,0-5,447.7143,431.0756,372.5251,501.6765,1.1364,0.9641,1.3522,1.2455
206,2023-03-21,12,6-11,913.5714,895.6523,777.4626,1037.9278,1.5116,1.2808,1.7929,1.6087
206,2023-03-21,12,12-17,510.4286,495.8235,429.9025,579.3373,1.3436,1.1305,1.5862,1.4134
206,2023-03-21,12,18-44,844.0000,813.3522,706.0211,946.7430,0.6110,0.5320,0.7043,0.6551
206,2023-03-21,12,45-64,260.7143,254.2715,218.8750,297.0831,0.5392,0.4716,0.6169,0.5733
206,2023-03-21,12,65+,110.1429,108.1386,92.3082,126.8072,0.5070,0.4422,0.5810,0.5350
207,2023-03-22,12,0-5,448.0000,432.1928,373.1350,501.3273,1.1198,0.9423,1.3293,1.2201
207,2023-03-22,12,6-11,940.0000,920.4988,796.4847,1064.3573,1.4914,1.2610,1.7649,1.5872
207,2023-03-22,12,12-17,532.2857,517.5916,447.5049,604.3797,1.3233,1.1243,1.5787,1.3970
207,2023-03-22,12,18-44,856.4286,829.5643,721.0752,968.3310,0.6005,0.5226,0.6920,0.6432
207,2023-03-22,12,45-64,260.8571,260.1138,223.1881,303.5537,0.5298,0.4633,0.6070,0.5624
207,2023-03-22,12,65+,112.5714,111.0369,94.8201,130.6253,0.4987,0.4344,0.5722,0.5260
208,2023-03-23,12,0-5,434.2857,432.6533,371.8962,503.9261,1.1064,0.9349,1.3098,1.1697
208,2023-03-23,12,6-11,944.1429,942.5521,812.4898,1089.2251,1.4777,1.2502,1.7465,1.5381
208,2023-03-23,12,12-17,537.4286,536.1485,463.0687,629.4715,1.3125,1.1040,1.5652,1.3524
208,2023-03-23,12,18-44,857.8571,847.3131,736.6263,984.0022,0.5919,0.5168,0.6811,0.6238
208,2023-03-23,12,45-64,263.0000,266.5097,228.7170,311.3952,0.5223,0.4572,0.5972,0.5476
208,2023-03-23,12,65+,115.1429,114.2143,97.2901,134.7959,0.4916,0.4284,0.5639,0.5151
209,2023-03-24,12,0-5,427.8571,432.8567,372.8387,506.4370,1.1094,0.9376,1.3162,1.1423
209,2023-03-24,12,6-11,961.7143,962.8531,830.8953,1114.5585,1.4793,1.2539,1.7478,1.5187
209,2023-03-24,12,12-17,563.7143,555.2962,481.0749,647.5874,1.3109,1.1089,1.5606,1.3560
209,2023-03-24,12,18-44,857.2857,862.8642,744.1722,1002.8137,0.5915,0.5180,0.6814,0.6148
209,2023-03-24,12,45-64,272.4286,273.1994,233.8987,318.3926,0.5211,0.4572,0.5962,0.5432
209,2023-03-24,12,65+,116.5714,117.1212,99.8495,138.5963,0.4897,0.4279,0.5617,0.5102
210,2023-03-25,12,0-5,423.0000,434.2004,374.4592,506.2936,1.1218,0.9437,1.3359,1.1232
210,2023-03-25,12,6-11,985.8571,985.2061,853.1157,1146.4172,1.4984,1.2716,1.7866,1.5090
210,2023-03-25,12,12-17,574.4286,576.9138,496.5960,669.9925,1.3246,1.1206,1.5652,1.3360
210,2023-03-25,12,18-44,857.2857,876.6958,753.4284,1015.0900,0.5965,0.5208,0.6878,0.6060
210,2023-03-25,12,45-64,276.5714,279.0381,239.1278,325.0422,0.5237,0.4584,0.5990,0.5359
210,2023-03-25,12,65+,117.7143,119.6254,102.5245,141.1432,0.4913,0.4283,0.5629,0.5039
211,2023-03-26,13,0-5,424.7143,436.9490,378.1957,510.8124,1.1458,0.9656,1.3624,1.1200
211,2023-03-26,13,6-11,989.8571,1009.0215,870.1157,1173.8191,1.5251,1.2936,1.8087,1.4884
211,2023-03-26,13,12-17,582.5714,596.5989,514.2029,693.3983,1.3435,1.1319,1.5958,1.3179
211,2023-03-26,13,18-44,867.2857,891.8280,770.4560,1033.9665,0.6056,0.5272,0.7017,0.6015
211,2023-03-26,13,45-64,280.7143,284.9231,244.2026,330.1491,0.5299,0.4634,0.6088,0.5313
211,2023-03-26,13,65+,118.1429,121.9907,104.6720,143.3358,0.4954,0.4319,0.5688,0.4990
212,2023-03-27,13,0-5,425.2857,442.3425,381.9013,517.4501,1.1761,0.9947,1.4019,1.1221
212,2023-03-27,13,6-11,1011.8571,1040.4628,898.3934,1211.0190,1.5637,1.3271,1.8591,1.4947
212,2023-03-27,13,12-17,606.8571,618.6469,532.7639,720.4560,1.3740,1.1549,1.6350,1.3313
212,2023-03-27,13,18-44,885.5714,908.3072,786.7968,1056.6618,0.6201,0.5388,0.7154,0.6040
212,2023-03-27,13,45-64,283.4286,289.2778,248.3752,334.4278,0.5400,0.4713,0.6180,0.5334
212,2023-03-27,13,65+,121.5714,124.0689,106.2939,144.9443,0.5026,0.4381,0.5750,0.5019
213,2023-03-28,13,0-5,435.7143,450.8561,389.0570,527.9292,1.2102,1.0228,1.4318,1.1416
213,2023-03-28,13,6-11,1047.8571,1079.3949,927.6391,1254.4545,1.6023,1.3584,1.9021,1.5177
213,2023-03-28,13,12-17,633.0000,643.3254,555.2082,750.2317,1.4044,1.1870,1.6660,1.3494
213,2023-03-28,13,18-44,909.0000,928.9610,801.9881,1083.4961,0.6344,0.5530,0.7364,0.6116
213,2023-03-28,13,45-64,288.4286,293.6165,251.0503,339.4928,0.5505,0.4810,0.6326,0.5391
213,2023-03-28,13,65+,126.0000,125.4954,107.5564,146.5160,0.5087,0.4441,0.5834,0.5084
214,2023-03-29,13,0-5,450.5714,462.1872,399.6950,542.5351,1.2318,1.0438,1.4595,1.1647
214,2023-03-29,13,6-11,1083.2857,1122.4522,968.0223,1301.3008,1.6447,1.3918,1.9467,1.5366
214,2023-03-29,13,12-17,654.1429,673.4604,579.4442,786.9572,1.4427,1.2155,1.7081,1.3576
214,2023-03-29,13,18-44,938.4286,955.1276,826.2577,1123.1046,0.6492,0.5649,0.7492,0.6191
214,2023-03-29,13,45-64,296.0000,297.4432,256.5993,344.5415,0.5613,0.4904,0.6436,0.5435
214,2023-03-29,13,65+,127.5714,127.0619,108.6140,148.0160,0.5147,0.4502,0.5894,0.5107
215,2023-03-30,13,0-5,471.1429,477.5986,412.0983,557.9045,1.2410,1.0536,1.4722,1.1845
215,2023-03-30,13,6-11,1133.8571,1174.8703,1014.4411,1355.7519,1.6671,1.4129,1.9646,1.5560
215,2023-03-30,13,12-17,676.0000,707.5459,609.5297,830.7583,1.4650,1.2308,1.7431,1.3579
215,2023-03-30,13,18-44,953.0000,987.9705,850.7820,1165.9802,0.6565,0.5718,0.7597,0.6197
215,2023-03-30,13,45-64,300.2857,303.2108,260.0288,351.0507,0.5664,0.4950,0.6499,0.5406
215,2023-03-30,13,65+,126.2857,128.0097,109.6865,149.2698,0.5162,0.4517,0.5916,0.5046
216,2023-03-31,13,0-5,505.0000,491.7356,424.7314,570.8556,1.2306,1.0430,1.4612,1.2474
216,2023-03-31,13,6-11,1260.7143,1235.0575,1067.8076,1430.8620,1.6664,1.4042,1.9783,1.6639
216,2023-03-31,13,12-17,750.1429,746.3789,647.2446,876.4556,1.4715,1.2440,1.7432,1.4451
216,2023-03-31,13,18-44,1036.4286,1026.1461,882.6653,1206.0543,0.6572,0.5696,0.7597,0.6520
216,2023-03-31,13,45-64,310.0000,309.8718,265.3608,361.1446,0.5674,0.4943,0.6501,0.5633
216,2023-03-31,13,65+,129.0000,129.1046,110.9030,150.6449,0.5152,0.4497,0.5904,0.5191
217,2023-04-01,13,0-5,528.4286,505.6656,437.4620,585.8675,1.2107,1.0238,1.4344,1.2615
217,2023-04-01,13,6-11,1323.7143,1298.0410,1126.5491,1509.2597,1.6464,1.3924,1.9508,1.6758
217,2023-04-01,13,12-17,802.4286,792.8880,682.7592,919.5735,1.4568,1.2343,1.7346,1.4693
217,2023-04-01,13,18-44,1094.5714,1070.9496,920.4796,1257.2092,0.6492,0.5626,0.7494,0.6587
217,2023-04-01,13,45-64,320.5714,317.0151,271.9930,369.0643,0.5605,0.4893,0.6424,0.5675
217,2023-04-01,13,65+,131.1429,130.7803,112.0873,152.4350,0.5079,0.4441,0.5812,0.5191
218,2023-04-02,14,0-5,539.5714,520.6719,450.7650,603.2739,1.1829,1.0043,1.4021,1.2523
218,2023-04-02,14,6-11,1394.8571,1363.3843,1172.9234,1581.7222,1.6168,1.3706,1.9108,1.6819
218,2023-04-02,14,12-17,858.0000,837.4682,722.3351,970.7013,1.4239,1.1996,1.6961,1.4855
218,2023-04-02,14,18-44,1163.1429,1119.9649,970.4509,1307.4450,0.6364,0.5523,0.7323,0.6623
218,2023-04-02,14,45-64,334.1429,326.9293,281.3801,379.4118,0.5493,0.4799,0.6282,0.5710
218,2023-04-02,14,65+,136.0000,133.2451,113.6540,155.1185,0.4979,0.4353,0.5692,0.5206
219,2023-04-03,14,0-5,548.1429,532.6606,461.3127,617.6224,1.1561,0.9787,1.3625,1.2303
219,2023-04-03,14,6-11,1454.8571,1423.9179,1233.6699,1659.6237,1.5836,1.3369,1.8761,1.6656
219,2023-04-03,14,12-17,910.0000,878.8143,764.0227,1023.2309,1.3883,1.1633,1.6542,1.4823
219,2023-04-03,14,18-44,1215.2857,1175.9408,1012.7352,1369.3626,0.6220,0.5409,0.7196,0.6567
219,2023-04-03,14,45-64,347.4286,339.2180,292.4011,394.1418,0.5366,0.4686,0.6160,0.5671
219,2023-04-03,14,65+,140.8571,136.5129,116.5797,159.7936,0.4865,0.4258,0.5568,0.5164
220,2023-04-04,14,0-5,553.4286,545.2225,469.5035,633.3823,1.1426,0.9690,1.3457,1.2034
220,2023-04-04,14,6-11,1522.1429,1484.3036,1284.4012,1732.0008,1.5611,1.3195,1.8423,1.6496
220,2023-04-04,14,12-17,956.2857,918.7825,799.3536,1067.2780,1.3568,1.1419,1.6130,1.4680
220,2023-04-04,14,18-44,1258.4286,1232.3494,1057.4485,1430.6742,0.6127,0.5321,0.7076,0.6478
220,2023-04-04,14,45-64,365.2857,353.5244,305.4575,413.0834,0.5275,0.4603,0.6040,0.5601
220,2023-04-04,14,65+,140.5714,141.1278,120.6907,165.0777,0.4788,0.4187,0.5466,0.5057
221,2023-04-05,14,0-5,557.4286,559.2413,480.5417,646.3428,1.1345,0.9558,1.3452,1.1723
221,2023-04-05,14,6-11,1555.0000,1541.5705,1340.9984,1806.6962,1.5460,1.3102,1.8296,1.6055
221,2023-04-05,14,12-17,977.7143,954.7764,825.4828,1109.7021,1.3403,1.1202,1.5954,1.4221
221,2023-04-05,14,18-44,1287.7143,1288.6147,1108.0350,1498.3581,0.6074,0.5264,0.7003,0.6310
221,2023-04-05,14,45-64,370.2857,368.0129,317.6520,429.1712,0.5222,0.4555,0.5977,0.5453
221,2023-04-05,14,65+,145.2857,146.0549,125.2809,171.3397,0.4731,0.4142,0.5414,0.4945
222,2023-04-06,14,0-5,559.7143,572.5429,494.1131,664.5933,1.1422,0.9628,1.3437,1.1430
222,2023-04-06,14,6-11,1570.0000,1599.0503,1390.7602,1861.5055,1.5486,1.3123,1.8389,1.5570
222,2023-04-06,14,12-17,988.0000,990.8057,852.6884,1148.7683,1.3341,1.1281,1.5863,1.3736
222,2023-04-06,14,18-44,1310.4286,1347.4166,1156.9016,1563.0532,0.6094,0.5277,0.7040,0.6142
222,2023-04-06,14,45-64,373.5714,383.3802,329.2518,448.1453,0.5229,0.4559,0.6003,0.5301
222,2023-04-06,14,65+,148.1429,151.2572,129.5455,177.4624,0.4739,0.4145,0.5420,0.4820
223,2023-04-07,14,0-5,573.4286,589.0948,507.2555,684.7703,1.1563,0.9749,1.3716,1.1488
223,2023-04-07,14,6-11,1639.2857,1657.6735,1434.3857,1929.4843,1.5688,1.3217,1.8566,1.5689
223,2023-04-07,14,12-17,1009.0000,1022.3187,878.0683,1186.1366,1.3452,1.1360,1.6081,1.3619
223,2023-04-07,14,18-44,1371.5714,1398.9542,1207.2946,1636.4819,0.6152,0.5338,0.7112,0.6184
223,2023-04-07,14,45-64,388.5714,399.5095,341.9105,466.0833,0.5277,0.4611,0.6048,0.5327
223,2023-04-07,14,65+,153.7143,156.5818,134.3136,183.9662,0.4775,0.4180,0.5455,0.4850
224,2023-04-08,14,0-5,593.7143,606.1159,523.7178,706.4132,1.1784,0.9969,1.3924,1.1617
224,2023-04-08,14,6-11,1713.0000,1722.2451,1491.2384,2008.2157,1.5974,1.3460,1.8928,1.5844
224,2023-04-08,14,12-17,1039.4286,1055.6461,907.0830,1226.9380,1.3730,1.1549,1.6337,1.3628
224,2023-04-08,14,18-44,1431.5714,1452.6955,1263.2253,1692.0526,0.6260,0.5437,0.7256,0.6238
224,2023-04-08,14,45-64,402.2857,414.1831,356.4806,485.4502,0.5362,0.4683,0.6161,0.5363
224,2023-04-08,14,65+,159.5714,161.7020,139.0237,189.9615,0.4837,0.4232,0.5532,0.4884
225,2023-04-09,15,0-5,615.8571,627.2088,541.4974,731.6948,1.2021,1.0186,1.4248,1.1712
225,2023-04-09,15,6-11,1770.8571,1796.6885,1541.8811,2083.9349,1.6305,1.3770,1.9370,1.5855
225,2023-04-09,15,12-17,1055.1429,1094.6275,937.9849,1269.0324,1.4103,1.1812,1.6919,1.3520
225,2023-04-09,15,18-44,1487.8571,1509.9183,1309.6419,1755.4276,0.6411,0.5557,0.7391,0.6267
225,2023-04-09,15,45-64,422.4286,430.3364,369.3289,501.7361,0.5487,0.4785,0.6282,0.5386
225,2023-04-09,15,65+,164.1429,166.1817,142.9429,195.3032,0.4925,0.4314,0.5623,0.4900
226,2023-04-10,15,0-5,644.8571,653.6796,561.5289,757.1216,1.2227,1.0302,1.4494,1.1887
226,2023-04-10,15,6-11,1849.1429,1885.0109,1614.2532,2183.4869,1.6613,1.4026,1.9743,1.6014
226,2023-04-10,15,12-17,1101.4286,1140.5368,981.9102,1320.7188,1.4515,1.2168,1.7372,1.3698
226,2023-04-10,15,18-44,1558.8571,1574.6570,1361.2719,1833.7485,0.6533,0.5668,0.7575,0.6342
226,2023-04-10,15,45-64,441.0000,446.9329,385.2596,522.9483,0.5604,0.4889,0.6437,0.5441
226,2023-04-10,15,65+,167.4286,170.7323,147.1003,200.7538,0.5018,0.4387,0.5743,0.4921
227,2023-04-11,15,0-5,675.1429,682.9874,585.0922,788.7685,1.2450,1.0510,1.4713,1.2014
227,2023-04-11,15,6-11,1914.4286,1981.5846,1699.9735,2304.5799,1.7040,1.4411,2.0237,1.6055
227,2023-04-11,15,12-17,1147.8571,1204.1398,1033.5192,1390.2138,1.4916,1.2603,1.7674,1.3826
227,2023-04-11,15,18-44,1629.4286,1647.2826,1414.8323,1921.0694,0.6679,0.5802,0.7737,0.6394
227,2023-04-11,15,45-64,457.4286,464.8036,399.8259,542.1185,0.5727,0.5002,0.6574,0.5488
227,2023-04-11,15,65+,178.0000,176.0351,151.5669,205.9439,0.5100,0.4462,0.5838,0.4984
228,2023-04-12,15,0-5,707.2857,715.5837,612.5511,828.0735,1.2502,1.0615,1.4740,1.2141
228,2023-04-12,15,6-11,2030.1429,2092.7546,1794.6461,2434.6392,1.7186,1.4636,2.0264,1.6339
228,2023-04-12,15,12-17,1224.5714,1277.2628,1099.1361,1481.6377,1.5136,1.2797,1.8084,1.4167
228,2023-04-12,15,18-44,1704.8571,1730.6728,1480.2516,2003.5106,0.6751,0.5870,0.7794,0.6472
228,2023-04-12,15,45-64,481.7143,485.8209,418.0875,567.6422,0.5798,0.5067,0.6642,0.5555
228,2023-04-12,15,65+,182.1429,181.5248,156.6357,211.6924,0.5146,0.4503,0.5884,0.5010
229,2023-04-13,15,0-5,738.4286,748.3524,644.8050,872.5173,1.2454,1.0536,1.4649,1.2167
229,2023-04-13,15,6-11,2151.7143,2217.1872,1917.8290,2581.2974,1.7084,1.4409,2.0183,1.6503
229,2023-04-13,15,12-17,1292.8571,1359.2986,1174.5462,1579.6651,1.5179,1.2792,1.8100,1.4283
229,2023-04-13,15,18-44,1774.4286,1819.3221,1558.9556,2114.6284,0.6751,0.5864,0.7789,0.6472
229,2023-04-13,15,45-64,492.5714,509.7203,438.8425,598.3992,0.5815,0.5073,0.6663,0.5533
229,2023-04-13,15,65+,185.0000,187.4529,161.4257,220.0012,0.5150,0.4506,0.5879,0.4962
230,2023-04-14,15,0-5,791.4286,780.3916,674.6377,910.6003,1.2186,1.0361,1.4370,1.2593
230,2023-04-14,15,6-11,2401.0000,2347.6313,2030.9792,2725.7677,1.6758,1.4201,1.9828,1.7459
230,2023-04-14,15,12-17,1483.4286,1451.2720,1248.8316,1682.3494,1.4878,1.2565,1.7620,1.5413
230,2023-04-14,15,18-44,1925.8571,1916.2885,1638.3450,2221.4894,0.6638,0.5784,0.7663,0.6771
230,2023-04-14,15,45-64,539.7143,537.0206,460.9981,626.2253,0.5725,0.5013,0.6555,0.5801
230,2023-04-14,15,65+,194.0000,194.9806,166.9878,228.1756,0.5064,0.4454,0.5780,0.5141
231,2023-04-15,15,0-5,824.0000,811.7993,704.9054,942.4491,1.1783,0.9993,1.3879,1.2537
231,2023-04-15,15,6-11,2519.1429,2466.8240,2153.2126,2845.1590,1.6133,1.3652,1.8969,1.7361
231,2023-04-15,15,12-17,1592.8571,1539.2196,1321.3549,1782.1632,1.4348,1.2007,1.7029,1.5513
231,2023-04-15,15,18-44,2050.0000,2015.9665,1731.4348,2349.8110,0.6429,0.5585,0.7422,0.6787
231,2023-04-15,15,45-64,577.4286,568.0814,487.8517,657.0923,0.5553,0.4849,0.6368,0.5829
231,2023-04-15,15,65+,202.4286,201.7548,173.1665,236.4481,0.4917,0.4311,0.5617,0.5144
232,2023-04-16,16,0-5,855.5714,840.6420,729.9939,974.4148,1.1286,0.9581,1.3272,1.2437
232,2023-04-16,16,6-11,2624.5714,2572.4861,2236.7217,2975.5383,1.5395,1.3048,1.8079,1.7137
232,2023-04-16,16,12-17,1669.4286,1618.3954,1396.1335,1868.4322,1.3560,1.1429,1.6123,1.5290
232,2023-04-16,16,18-44,2189.5714,2114.9390,1826.4986,2451.1647,0.6137,0.5353,0.7109,0.6773
232,2023-04-16,16,45-64,620.4286,600.3040,515.9091,698.1662,0.5307,0.4644,0.6092,0.5829
232,2023-04-16,16,65+,214.7143,210.1358,179.8522,246.0176,0.4712,0.4131,0.5388,0.5150
233,2023-04-17,16,0-5,885.4286,868.3167,751.0303,1002.6868,1.0786,0.9097,1.2757,1.2247
233,2023-04-17,16,6-11,2735.1429,2652.5905,2294.1018,3071.3085,1.4600,1.2387,1.7315,1.6862
233,2023-04-17,16,12-17,1739.5714,1680.0290,1454.8588,1930.1166,1.2688,1.0745,1.5128,1.4972
233,2023-04-17,16,18-44,2290.1429,2209.4702,1912.6270,2557.9336,0.5832,0.5076,0.6761,0.6680
233,2023-04-17,16,45-64,656.5714,632.2538,545.2342,735.5016,0.5035,0.4400,0.5780,0.5759
233,2023-04-17,16,65+,228.0000,218.5804,185.8256,256.1424,0.4478,0.3925,0.5115,0.5109
234,2023-04-18,16,0-5,918.2857,886.9076,767.5278,1025.9515,1.0266,0.8639,1.2157,1.2059
234,2023-04-18,16,6-11,2840.4286,2698.1094,2336.0521,3121.0957,1.3849,1.1714,1.6318,1.6563
234,2023-04-18,16,12-17,1798.5714,1713.2492,1481.3380,1959.6710,1.1890,1.0057,1.4111,1.4609
234,2023-04-18,16,18-44,2369.5714,2285.4766,1979.0315,2648.9089,0.5532,0.4793,0.6375,0.6553
234,2023-04-18,16,45-64,686.8571,660.9817,572.1634,769.4105,0.4775,0.4163,0.5461,0.5645
234,2023-04-18,16,65+,233.7143,226.5953,193.7419,265.0416,0.4254,0.3722,0.4852,0.4999
235,2023-04-19,16,0-5,919.7143,900.0834,781.1096,1044.9062,0.9879,0.8322,1.1696,1.1575
235,2023-04-19,16,6-11,2834.5714,2715.3490,2349.9073,3137.1300,1.3243,1.1165,1.5706,1.5816
235,2023-04-19,16,12-17,1793.1429,1713.5776,1478.6697,1959.6469,1.1281,0.9512,1.3330,1.3911
235,2023-04-19,16,18-44,2403.5714,2334.2379,2024.8455,2711.7198,0.5280,0.4568,0.6123,0.6306
235,2023-04-19,16,45-64,707.8571,687.4586,597.8406,800.2152,0.4555,0.3962,0.5242,0.5446
235,2023-04-19,16,65+,238.7143,232.7197,199.3291,270.9745,0.4070,0.3557,0.4655,0.4835
236,2023-04-20,16,0-5,909.1429,906.9943,786.6124,1051.7039,0.9631,0.8143,1.1401,1.1023
236,2023-04-20,16,6-11,2764.8571,2705.9716,2340.8976,3116.2490,1.2873,1.0895,1.5265,1.4930
236,2023-04-20,16,12-17,1752.1429,1692.1385,1461.3919,1946.5136,1.0896,0.9150,1.2912,1.3123
236,2023-04-20,16,18-44,2382.0000,2362.6889,2048.1599,2739.6928,0.5132,0.4447,0.5954,0.5997
236,2023-04-20,16,45-64,709.8571,707.7505,616.1490,822.8227,0.4421,0.3852,0.5088,0.5185
236,2023-04-20,16,65+,236.7143,237.8848,203.9068,276.5175,0.3960,0.3466,0.4526,0.4606
237,2023-04-21,16,0-5,912.4286,909.0232,791.5473,1054.4389,0.9552,0.8020,1.1316,1.0687
237,2023-04-21,16,6-11,2626.2857,2674.7442,2311.9512,3089.2905,1.2785,1.0826,1.5193,1.4044
237,2023-04-21,16,12-17,1646.5714,1649.2334,1417.8758,1895.5004,1.0768,0.9092,1.2783,1.2236
237,2023-04-21,16,18-44,2346.4286,2364.9661,2049.3868,2740.6298,0.5070,0.4395,0.5879,0.5744
237,2023-04-21,16,45-64,711.1429,720.4641,623.0619,838.0534,0.4369,0.3805,0.5023,0.4970
237,2023-04-21,16,65+,238.2857,240.8993,205.9618,280.0171,0.3920,0.3425,0.4490,0.4446
238,2023-04-22,16,0-5,898.2857,909.0820,789.3276,1056.6925,0.9628,0.8090,1.1400,1.0371
238,2023-04-22,16,6-11,2549.1429,2634.7174,2285.6177,3043.3465,1.2997,1.0957,1.5405,1.3565
238,2023-04-22,16,12-17,1556.1429,1604.6407,1390.7558,1842.1071,1.0873,0.9183,1.2950,1.1635
238,2023-04-22,16,18-44,2300.0000,2347.0756,2021.8705,2728.7428,0.5123,0.4438,0.5922,0.5555
238,2023-04-22,16,45-64,698.0000,723.0069,625.0790,839.6685,0.4415,0.3846,0.5066,0.4800
238,2023-04-22,16,65+,234.0000,242.2122,207.0576,280.7699,0.3969,0.3464,0.4530,0.4304
239,2023-04-23,17,0-5,879.1429,906.2670,784.3463,1054.5262,0.9799,0.8292,1.1531,1.0078
239,2023-04-23,17,6-11,2511.5714,2604.8446,2252.5989,3009.8361,1.3384,1.1234,1.5970,1.3312
239,2023-04-23,17,12-17,1492.5714,1562.9146,1348.4991,1800.5349,1.1214,0.9458,1.3336,1.1283
239,2023-04-23,17,18-44,2208.0000,2320.8071,2000.9663,2689.1090,0.5251,0.4569,0.6069,0.5385
239,2023-04-23,17,45-64,680.5714,717.9054,620.1881,832.5849,0.4537,0.3962,0.5203,0.4649
239,2023-04-23,17,65+,224.0000,241.2174,206.9996,279.3916,0.4085,0.3573,0.4673,0.4158
240,2023-04-24,17,0-5,868.2857,900.2500,775.3666,1042.6597,1.0079,0.8513,1.1942,1.0005
240,2023-04-24,17,6-11,2474.4286,2583.0534,2242.5908,2994.7208,1.3849,1.1707,1.6396,1.3251
240,2023-04-24,17,12-17,1426.0000,1527.7655,1323.9347,1764.5926,1.1721,0.9861,1.3994,1.1093
240,2023-04-24,17,18-44,2167.8571,2281.3488,1972.5346,2645.8198,0.5453,0.4728,0.6290,0.5348
240,2023-04-24,17,45-64,672.4286,709.9482,612.1605,823.1940,0.4724,0.4116,0.5418,0.4621
240,2023-04-24,17,65+,225.2857,240.0859,206.4503,279.0985,0.4258,0.3727,0.4870,0.4157
241,2023-04-25,17,0-5,858.2857,891.5109,770.6437,1031.3657,1.0363,0.8759,1.2344,1.0031
241,2023-04-25,17,6-11,2470.1429,2576.5967,2239.8293,2999.7765,1.4347,1.2189,1.7050,1.3409
241,2023-04-25,17,12-17,1414.0000,1506.9886,1302.8351,1733.9560,1.2319,1.0408,1.4751,1.1274
241,2023-04-25,17,18-44,2151.0000,2247.0498,1951.9254,2603.6161,0.5673,0.4929,0.6585,0.5402
241,2023-04-25,17,45-64,673.8571,699.2257,602.6121,807.9590,0.4935,0.4302,0.5684,0.4685
241,2023-04-25,17,65+,228.5714,238.6025,206.0223,277.8795,0.4457,0.3888,0.5118,0.4228
242,2023-04-26,17,0-5,868.5714,886.0091,768.1724,1025.1678,1.0675,0.9048,1.2625,1.0251
242,2023-04-26,17,6-11,2514.5714,2597.0135,2252.7839,3011.8923,1.4790,1.2542,1.7458,1.3787
242,2023-04-26,17,12-17,1436.7143,1503.4736,1302.2940,1730.4173,1.2914,1.0923,1.5387,1.1660
242,2023-04-26,17,18-44,2159.2857,2222.8746,1928.9883,2568.0736,0.5904,0.5121,0.6855,0.5521
242,2023-04-26,17,45-64,672.0000,688.7337,596.7498,798.7710,0.5156,0.4494,0.5937,0.4786
242,2023-04-26,17,65+,230.5714,237.6415,204.8481,277.0774,0.4660,0.4066,0.5348,0.4316
243,2023-04-27,17,0-5,882.5714,880.8193,760.8986,1020.9959,1.0869,0.9189,1.2859,1.0508
243,2023-04-27,17,6-11,2585.2857,2621.1753,2270.9415,3042.8726,1.5062,1.2722,1.7826,1.4245
243,2023-04-27,17,12-17,1480.4286,1519.3391,1308.1867,1757.8208,1.3404,1.1284,1.5923,1.2143
243,2023-04-27,17,18-44,2190.5714,2216.3127,1908.3247,2576.1585,0.6078,0.5266,0.7048,0.5678
243,2023-04-27,17,45-64,680.2857,682.1706,591.0352,792.8659,0.5327,0.4650,0.6124,0.4926
243,2023-04-27,17,65+,235.4286,238.3611,205.7715,277.9796,0.4819,0.4211,0.5519,0.4439
244,2023-04-28,17,0-5,866.0000,875.5080,754.2032,1020.3968,1.1004,0.9312,1.2976,1.0433
244,2023-04-28,17,6-11,2655.7143,2654.4969,2298.3251,3070.5275,1.5111,1.2855,1.7845,1.4498
244,2023-04-28,17,12-17,1524.8571,1550.8437,1331.8223,1787.0852,1.3656,1.1536,1.6214,1.2447
244,2023-04-28,17,18-44,2189.1429,2230.7712,1918.1609,2603.2804,0.6192,0.5386,0.7161,0.5701
244,2023-04-28,17,45-64,670.2857,681.2241,588.2407,792.6999,0.5441,0.4759,0.6244,0.4948
244,2023-04-28,17,65+,235.4286,240.7750,208.0476,280.3955,0.4925,0.4310,0.5636,0.4449
245,2023-04-29,17,0-5,894.0000,874.0247,756.5344,1013.9893,1.1005,0.9346,1.3023,1.0857
245,2023-04-29,17,6-11,2804.4286,2682.7495,2336.5975,3111.7814,1.5081,1.2735,1.7786,1.5218
245,2023-04-29,17,12-17,1628.1429,1592.7286,1372.3284,1845.4798,1.3789,1.1628,1.6322,1.3207
245,2023-04-29,17,18-44,2301.2857,2266.0789,1953.4250,2637.1290,0.6241,0.5422,0.7242,0.5991
245,2023-04-29,17,45-64,707.4286,686.3566,592.1435,799.8682,0.5492,0.4798,0.6312,0.5224
245,2023-04-29,17,65+,256.8571,245.8544,211.2464,285.0004,0.4960,0.4336,0.5686,0.4729
246,2023-04-30,18,0-5,911.5714,874.4767,757.1303,1013.2831,1.0923,0.9267,1.2908,1.1090
246,2023-04-30,18,6-11,2854.4286,2710.4793,2364.8990,3136.7124,1.4902,1.2618,1.7614,1.5417
246,2023-04-30,18,12-17,1712.8571,1641.1784,1418.9323,1901.7581,1.3797,1.1565,1.6290,1.3638
246,2023-04-30,18,18-44,2430.5714,2321.3848,2007.3303,2694.7690,0.6213,0.5389,0.7218,0.6168
246,2023-04-30,18,45-64,730.8571,694.9622,602.1888,814.5516,0.5473,0.4775,0.6290,0.5388
246,2023-04-30,18,65+,271.8571,251.6597,216.6481,291.0898,0.4936,0.4315,0.5651,0.4886
247,2023-05-01,18,0-5,921.4286,877.0368,759.9644,1019.0481,1.0841,0.9199,1.2775,1.1167
247,2023-05-01,18,6-11,2854.5714,2730.3196,2374.1659,3146.4264,1.4705,1.2427,1.7373,1.5351
247,2023-05-01,18,12-17,1811.7143,1701.7265,1472.2433,1969.6130,1.3674,1.1524,1.6177,1.3995
247,2023-05-01,18,18-44,2549.8571,2390.8409,2082.0197,2786.4068,0.6172,0.5345,0.7146,0.6280
247,2023-05-01,18,45-64,772.0000,712.8590,617.4582,834.2911,0.5435,0.4738,0.6233,0.5515
247,2023-05-01,18,65+,282.0000,258.4783,221.6572,300.0649,0.4885,0.4273,0.5587,0.4984
248,2023-05-02,18,0-5,860.0000,883.3664,764.0815,1024.5283,1.0822,0.9161,1.2788,1.0296
248,2023-05-02,18,6-11,2679.7143,2742.4808,2368.3917,3158.4425,1.4587,1.2463,1.7339,1.4144
248,2023-05-02,18,12-17,1729.7143,1756.4707,1527.0378,2034.0115,1.3632,1.1519,1.6249,1.2898
248,2023-05-02,18,18-44,2435.0000,2480.9749,2157.1587,2880.7730,0.6170,0.5341,0.7149,0.5794
248,2023-05-02,18,45-64,720.5714,737.5316,639.6650,856.4577,0.5431,0.4732,0.6231,0.5068
248,2023-05-02,18,65+,259.0000,266.8617,229.8326,310.8375,0.4871,0.4261,0.5576,0.4546
249,2023-05-03,18,0-5,881.4286,892.5437,776.4749,1029.0823,1.0848,0.9197,1.2821,1.0556
249,2023-05-03,18,6-11,2750.1429,2749.9555,2366.7652,3174.6456,1.4547,1.2372,1.7205,1.4489
249,2023-05-03,18,12-17,1824.0000,1817.3525,1581.3012,2103.0206,1.3672,1.1598,1.6251,1.3295
249,2023-05-03,18,18-44,2536.4286,2576.5699,2232.8267,2994.9940,0.6183,0.5355,0.7175,0.5958
249,2023-05-03,18,45-64,750.8571,768.1947,664.9660,892.3676,0.5446,0.4746,0.6248,0.5217
249,2023-05-03,18,65+,271.8571,275.7716,237.9177,322.1813,0.4880,0.4265,0.5579,0.4685
250,2023-05-04,18,0-5,887.7143,903.8090,781.9078,1045.0808,1.0954,0.9255,1.2894,1.0600
250,2023-05-04,18,6-11,2757.2857,2752.7796,2371.2667,3190.8031,1.4563,1.2444,1.7172,1.4493
250,2023-05-04,18,12-17,1849.7143,1880.1134,1630.3104,2178.3066,1.3701,1.1575,1.6298,1.3235
250,2023-05-04,18,18-44,2580.1429,2669.3908,2318.9450,3096.2398,0.6219,0.5389,0.7188,0.5971
250,2023-05-04,18,45-64,758.8571,797.5883,689.0394,927.9509,0.5476,0.4777,0.6278,0.5217
250,2023-05-04,18,65+,273.5714,283.7565,246.3109,333.0827,0.4915,0.4299,0.5625,0.4680
251,2023-05-05,18,0-5,926.0000,917.8986,791.7269,1063.7173,1.1065,0.9398,1.3054,1.1109
251,2023-05-05,18,6-11,2769.5714,2745.8328,2388.8214,3203.3972,1.4678,1.2481,1.7225,1.4872
251,2023-05-05,18,12-17,1977.0000,1942.1777,1680.3872,2252.6140,1.3785,1.1632,1.6379,1.3924
251,2023-05-05,18,18-44,2786.1429,2747.9555,2388.3920,3187.7088,0.6271,0.5425,0.7282,0.6311
251,2023-05-05,18,45-64,831.5714,824.1098,710.7180,962.5092,0.5516,0.4809,0.6334,0.5547
251,2023-05-05,18,65+,295.0000,292.7246,252.3457,343.8600,0.4960,0.4335,0.5663,0.4977
252,2023-05-06,18,0-5,914.2857,936.0070,805.3769,1081.1684,1.1224,0.9521,1.3267,1.0922
252,2023-05-06,18,6-11,2671.8571,2753.0086,2408.2805,3192.6308,1.4852,1.2592,1.7517,1.4471
252,2023-05-06,18,12-17,1990.4286,2004.5540,1736.4468,2325.9167,1.3952,1.1741,1.6664,1.3692
252,2023-05-06,18,18-44,2828.5714,2830.5168,2455.3763,3280.3042,0.6337,0.5486,0.7372,0.6239
252,2023-05-06,18,45-64,849.7143,850.7855,733.2523,983.6109,0.5569,0.4855,0.6409,0.5491
252,2023-05-06,18,65+,291.0000,301.0680,258.0249,351.6678,0.5015,0.4387,0.5729,0.4899
253,2023-05-07,19,0-5,922.2857,955.3141,822.4816,1101.1504,1.1379,0.9629,1.3401,1.0897
253,2023-05-07,19,6-11,2637.4286,2774.6477,2418.9625,3196.1947,1.5021,1.2788,1.7762,1.4349
253,2023-05-07,19,12-17,2022.2857,2072.3705,1797.7845,2407.3741,1.4133,1.1919,1.6741,1.3597
253,2023-05-07,19,18-44,2860.0000,2908.3951,2512.5258,3344.3995,0.6380,0.5539,0.7416,0.6221
253,2023-05-07,19,45-64,869.7143,874.5478,753.7253,1010.4386,0.5596,0.4886,0.6441,0.5487
253,2023-05-07,19,65+,303.4286,310.7168,267.5697,360.4281,0.5035,0.4411,0.5763,0.4925
254,2023-05-08,19,0-5,941.5714,976.5266,844.1312,1131.2918,1.1511,0.9726,1.3520,1.0968
254,2023-05-08,19,6-11,2683.8571,2798.2951,2428.0334,3226.5483,1.5213,1.2944,1.7847,1.4508
254,2023-05-08,19,12-17,2078.4286,2151.9792,1875.0645,2496.9587,1.4302,1.2031,1.6903,1.3610
254,2023-05-08,19,18-44,2889.1429,2962.6498,2569.0113,3433.0596,0.6435,0.5564,0.7441,0.6215
254,2023-05-08,19,45-64,862.5714,894.7132,767.9064,1034.0365,0.5623,0.4898,0.6451,0.5453
254,2023-05-08,19,65+,308.1429,319.1731,275.3398,368.5516,0.5051,0.4412,0.5784,0.4900
255,2023-05-09,19,0-5,1030.5714,1002.1019,870.1600,1158.8503,1.1540,0.9751,1.3606,1.1805
255,2023-05-09,19,6-11,2898.2857,2842.0051,2468.8317,3288.2953,1.5269,1.3044,1.8084,1.5610
255,2023-05-09,19,12-17,2282.5714,2240.7965,1947.0091,2589.7667,1.4367,1.2154,1.7058,1.4607
255,2023-05-09,19,18-44,3104.1429,3020.3415,2616.1842,3509.0943,0.6435,0.5581,0.7471,0.6658
255,2023-05-09,19,45-64,944.8571,910.1467,781.6332,1049.8988,0.5612,0.4897,0.6447,0.5851
255,2023-05-09,19,65+,344.5714,326.2318,281.7396,374.7599,0.5022,0.4398,0.5752,0.5294
256,2023-05-10,19,0-5,1032.7143,1029.5833,889.1766,1194.7367,1.1470,0.9706,1.3586,1.1472
256,2023-05-10,19,6-11,2851.5714,2890.8055,2512.2801,3339.8943,1.5276,1.2998,1.7944,1.5107
256,2023-05-10,19,12-17,2287.2857,2334.4060,2023.2114,2702.9963,1.4386,1.2106,1.7048,1.4110
256,2023-05-10,19,18-44,3066.2857,3074.5663,2646.3569,3591.9330,0.6396,0.5542,0.7420,0.6427
256,2023-05-10,19,45-64,933.1429,922.8471,798.0890,1063.7519,0.5559,0.4853,0.6393,0.5636
256,2023-05-10,19,65+,339.8571,332.8036,287.1117,383.9496,0.4949,0.4330,0.5664,0.5092
257,2023-05-11,19,0-5,1043.7143,1054.6529,909.7684,1221.1888,1.1299,0.9567,1.3317,1.1315
257,2023-05-11,19,6-11,2867.4286,2952.2748,2564.9908,3399.7121,1.5104,1.2879,1.7871,1.4931
257,2023-05-11,19,12-17,2328.5714,2431.1759,2106.6989,2809.1597,1.4302,1.2023,1.7019,1.3897
257,2023-05-11,19,18-44,3090.0000,3138.9837,2702.8369,3640.0860,0.6312,0.5476,0.7342,0.6329
257,2023-05-11,19,45-64,936.5714,935.6544,808.0660,1082.6992,0.5477,0.4782,0.6297,0.5540
257,2023-05-11,19,65+,341.2857,336.4395,290.5610,390.9623,0.4853,0.4246,0.5549,0.5000
258,2023-05-12,19,0-5,1076.7143,1077.2217,926.8646,1253.1478,1.1030,0.9374,1.3046,1.1470
258,2023-05-12,19,6-11,3017.7143,2997.5840,2619.4013,3477.4808,1.4814,1.2555,1.7428,1.5374
258,2023-05-12,19,12-17,2543.1429,2538.4279,2197.8580,2921.4916,1.4089,1.1874,1.6733,1.4497
258,2023-05-12,19,18-44,3199.1429,3204.6916,2763.1190,3728.9274,0.6180,0.5368,0.7183,0.6434
258,2023-05-12,19,45-64,946.1429,943.8053,816.5822,1099.6948,0.5358,0.4681,0.6162,0.5613
258,2023-05-12,19,65+,345.4286,339.2876,292.3341,395.2005,0.4726,0.4138,0.5405,0.5028
259,2023-05-13,19,0-5,1111.4286,1091.9313,939.0363,1272.4552,1.0700,0.9067,1.2676,1.1552
259,2023-05-13,19,6-11,3099.1429,3037.6441,2658.6289,3524.0822,1.4453,1.2204,1.7008,1.5475
259,2023-05-13,19,12-17,2703.2857,2631.5214,2282.0109,3038.8536,1.3739,1.1567,1.6441,1.4723
259,2023-05-13,19,18-44,3296.8571,3257.6246,2811.7771,3767.7293,0.6026,0.5219,0.6984,0.6460
259,2023-05-13,19,45-64,952.5714,952.4087,817.3181,1107.7527,0.5213,0.4550,0.5985,0.5614
259,2023-05-13,19,65+,346.8571,339.9355,293.2478,395.6634,0.4584,0.4019,0.5244,0.4998
260,2023-05-14,20,0-5,1130.2857,1100.2858,951.4313,1276.8067,1.0347,0.8768,1.2233,1.1472
260,2023-05-14,20,6-11,3164.0000,3063.2459,2676.0959,3548.1707,1.3987,1.1854,1.6485,1.5401
260,2023-05-14,20,12-17,2789.0000,2714.9149,2369.1234,3135.6104,1.3349,1.1191,1.5827,1.4565
260,2023-05-14,20,18-44,3373.5714,3304.6650,2855.9136,3822.2806,0.5839,0.5055,0.6766,0.6409
260,2023-05-14,20,45-64,965.5714,956.8342,819.0433,1110.4316,0.5054,0.4410,0.5793,0.5551
260,2023-05-14,20,65+,341.8571,339.8813,294.0744,392.5946,0.4441,0.3889,0.5077,0.4908
261,2023-05-15,20,0-5,1119.7143,1098.9074,949.0968,1280.1320,0.9977,0.8429,1.1821,1.1131
261,2023-05-15,20,6-11,3142.4286,3076.8592,2674.1669,3552.2976,1.3478,1.1417,1.5917,1.4957
261,2023-05-15,20,12-17,2819.5714,2783.1338,2418.5579,3213.9105,1.2914,1.0900,1.5379,1.4145
261,2023-05-15,20,18-44,3379.7143,3338.4584,2900.6680,3868.9363,0.5622,0.4858,0.6534,0.6238
261,2023-05-15,20,45-64,974.8571,960.8808,826.3644,1113.3143,0.4873,0.4246,0.5605,0.5408
261,2023-05-15,20,65+,338.4286,338.5861,293.7858,392.7028,0.4290,0.3756,0.4911,0.4773
262,2023-05-16,20,0-5,1106.0000,1093.7539,946.9107,1273.8494,0.9635,0.8137,1.1331,1.0837
262,2023-05-16,20,6-11,3085.2857,3063.8222,2663.8268,3523.7227,1.3032,1.1040,1.5395,1.4501
262,2023-05-16,20,12-17,2843.1429,2825.6277,2456.2771,3256.9384,1.2496,1.0522,1.4834,1.3779
262,2023-05-16,20,18-44,3395.8571,3361.8403,2905.7000,3889.4835,0.5420,0.4679,0.6313,0.6089
262,2023-05-16,20,45-64,970.0000,961.7184,832.1752,1116.5364,0.4697,0.4083,0.5408,0.5274
262,2023-05-16,20,65+,332.4286,337.3800,293.6123,391.7464,0.4140,0.3618,0.4736,0.4640
263,2023-05-17,20,0-5,1089.8571,1079.6155,935.3801,1251.9690,0.9336,0.7878,1.0989,1.0605
263,2023-05-17,20,6-11,3051.5714,3024.5815,2623.8221,3497.3394,1.2602,1.0709,1.4911,1.4209
263,2023-05-17,20,12-17,2852.8571,2850.8719,2469.3009,3280.4055,1.2095,1.0227,1.4349,1.3474
263,2023-05-17,20,18-44,3397.7143,3353.2671,2907.5109,3866.8626,0.5237,0.4532,0.6081,0.5975
263,2023-05-17,20,45-64,961.1429,960.1203,828.7174,1109.4917,0.4546,0.3958,0.5221,0.5174
263,2023-05-17,20,65+,335.0000,334.7699,291.5075,390.1597,0.4019,0.3509,0.4599,0.4566
264,2023-05-18,20,0-5,1070.5714,1062.4937,922.4623,1225.9288,0.9081,0.7683,1.0740,1.0390
264,2023-05-18,20,6-11,3002.5714,2968.3031,2587.3471,3420.7245,1.2360,1.0415,1.4617,1.3932
264,2023-05-18,20,12-17,2858.1429,2845.3828,2464.1798,3295.0079,1.1830,0.9918,1.4075,1.3231
264,2023-05-18,20,18-44,3372.7143,3314.6059,2868.5068,3825.2139,0.5108,0.4413,0.5921,0.5867
264,2023-05-18,20,45-64,954.2857,950.5604,820.4115,1094.2986,0.4432,0.3861,0.5084,0.5082
264,2023-05-18,20,65+,332.8571,331.7739,288.6531,386.3438,0.3926,0.3434,0.4487,0.4488
265,2023-05-19,20,0-5,1020.1429,1034.4630,898.8972,1191.3305,0.8969,0.7585,1.0550,0.9935
265,2023-05-19,20,6-11,2830.8571,2891.5330,2521.3876,3338.8230,1.2182,1.0288,1.4410,1.3261
265,2023-05-19,20,12-17,2822.5714,2821.2365,2453.3415,3253.9166,1.1532,0.9600,1.3739,1.2831
265,2023-05-19,20,18-44,3252.1429,3240.8668,2818.5910,3744.4952,0.5022,0.4339,0.5823,0.5640
265,2023-05-19,20,45-64,933.5714,934.7550,811.4279,1078.3519,0.4355,0.3789,0.5000,0.4909
265,2023-05-19,20,65+,328.5714,327.5761,284.2923,380.8332,0.3866,0.3377,0.4421,0.4351
266,2023-05-20,20,0-5,989.8571,1004.5926,876.6322,1161.2242,0.8936,0.7560,1.0612,0.9675
266,2023-05-20,20,6-11,2737.1429,2810.9300,2446.4059,3251.8125,1.2093,1.0254,1.4384,1.2904
266,2023-05-20,20,12-17,2733.0000,2774.0233,2405.8847,3188.7476,1.1310,0.9484,1.3491,1.2368
266,2023-05-20,20,18-44,3117.8571,3161.7247,2758.5946,3635.8898,0.4985,0.4314,0.5819,0.5458
266,2023-05-20,20,45-64,900.4286,916.9145,793.7877,1059.1812,0.4318,0.3764,0.4988,0.4744
266,2023-05-20,20,65+,319.0000,321.5219,280.0028,373.3920,0.3842,0.3351,0.4411,0.4216
267,2023-05-21,21,0-5,955.4286,977.0917,852.3470,1131.0685,0.8989,0.7612,1.0623,0.9481
267,2023-05-21,21,6-11,2650.7143,2729.3786,2372.5174,3148.4461,1.2113,1.0232,1.4357,1.2683
267,2023-05-21,21,12-17,2668.0000,2711.5200,2354.7295,3114.1290,1.1198,0.9386,1.3330,1.2105
267,2023-05-21,21,18-44,2997.0000,3064.9592,2676.8218,3519.6976,0.5006,0.4338,0.5824,0.5338
267,2023-05-21,21,45-64,868.8571,894.2081,776.1785,1034.2464,0.4330,0.3774,0.4992,0.4640
267,2023-05-21,21,65+,313.8571,314.4632,273.3081,364.4072,0.3854,0.3366,0.4420,0.4142
268,2023-05-22,21,0-5,933.1429,947.3801,822.5032,1093.9160,0.9039,0.7644,1.0685,0.9440
268,2023-05-22,21,6-11,2585.8571,2643.7946,2297.9798,3034.4974,1.2168,1.0326,1.4336,1.2632
268,2023-05-22,21,12-17,2621.1429,2627.1702,2281.5706,3019.1060,1.1053,0.9302,1.3247,1.2015
268,2023-05-22,21,18-44,2907.2857,2962.7784,2585.3267,3427.4625,0.5044,0.4361,0.5864,0.5298
268,2023-05-22,21,45-64,850.8571,870.8271,754.7193,1008.6681,0.4366,0.3796,0.5025,0.4601
268,2023-05-22,21,65+,302.7143,305.8769,263.5745,353.6221,0.3896,0.3401,0.4474,0.4099
269,2023-05-23,21,0-5,915.4286,915.2191,793.6885,1055.2974,0.9164,0.7743,1.0919,0.9499
269,2023-05-23,21,6-11,2582.7143,2558.5454,2230.1773,2961.8172,1.2225,1.0387,1.4546,1.2836
269,2023-05-23,21,12-17,2587.7143,2524.0985,2199.3144,2910.6764,1.1058,0.9288,1.3109,1.2062
269,2023-05-23,21,18-44,2847.1429,2857.3450,2500.1252,3326.3215,0.5118,0.4419,0.5973,0.5334
269,2023-05-23,21,45-64,843.5714,846.8489,730.3716,979.5555,0.4437,0.3856,0.5118,0.4633
269,2023-05-23,21,65+,300.0000,297.1203,255.9880,344.5191,0.3980,0.3466,0.4572,0.4135
270,2023-05-24,21,0-5,877.2857,886.3480,771.6044,1023.1685,0.9359,0.7929,1.1063,0.9287
270,2023-05-24,21,6-11,2458.7143,2475.0042,2149.6722,2869.2611,1.2408,1.0516,1.4627,1.2488
270,2023-05-24,21,12-17,2447.7143,2423.6647,2107.0612,2788.5041,1.1019,0.9314,1.3114,1.1631
270,2023-05-24,21,18-44,2713.5714,2772.5627,2418.4245,3220.3925,0.5246,0.4516,0.6115,0.5183
270,2023-05-24,21,45-64,802.2857,826.2744,714.5412,956.3849,0.4556,0.3949,0.5251,0.4485
270,2023-05-24,21,65+,275.5714,289.1347,249.6914,334.8931,0.4102,0.3574,0.4707,0.3975
271,2023-05-25,21,0-5,866.7143,862.8689,749.5569,995.8484,0.9563,0.8078,1.1340,0.9459
271,2023-05-25,21,6-11,2433.5714,2398.6510,2080.2465,2774.6592,1.2535,1.0636,1.4871,1.2711
271,2023-05-25,21,12-17,2401.1429,2310.3284,2003.4582,2644.2389,1.1042,0.9323,1.3149,1.1752
271,2023-05-25,21,18-44,2701.4286,2710.1807,2364.8724,3143.5605,0.5377,0.4653,0.6313,0.5291
271,2023-05-25,21,45-64,807.1429,812.8860,699.3418,938.9300,0.4688,0.4077,0.5436,0.4585
271,2023-05-25,21,65+,277.5714,283.2190,243.1842,328.8976,0.4248,0.3704,0.4884,0.4079
272,2023-05-26,21,0-5,809.7143,839.5651,730.2583,972.6806,0.9768,0.8261,1.1555,0.8996
272,2023-05-26,21,6-11,2219.5714,2322.9471,2014.6002,2681.8469,1.2645,1.0698,1.4957,1.1895
272,2023-05-26,21,12-17,2029.4286,2195.1384,1915.2809,2504.7040,1.1118,0.9404,1.3225,1.0494
272,2023-05-26,21,18-44,2490.4286,2661.2288,2308.5048,3089.3750,0.5533,0.4752,0.6477,0.4965
272,2023-05-26,21,45-64,742.2857,803.8234,692.9123,931.2396,0.4843,0.4198,0.5598,0.4280
272,2023-05-26,21,65+,256.8571,279.2101,240.3092,326.0614,0.4404,0.3836,0.5048,0.3837
273,2023-05-27,21,0-5,816.1429,819.6988,709.8673,949.0861,0.9888,0.8376,1.1684,0.9489
273,2023-05-27,21,6-11,2239.0000,2241.9087,1958.1154,2579.8741,1.2699,1.0783,1.5044,1.2552
273,2023-05-27,21,12-17,2028.4286,2076.7783,1813.2744,2389.4114,1.1163,0.9446,1.3284,1.1096
273,2023-05-27,21,18-44,2568.4286,2630.6307,2291.9007,3061.6070,0.5634,0.4861,0.6585,0.5307
273,2023-05-27,21,45-64,789.8571,801.7306,694.2717,928.1713,0.4960,0.4309,0.5731,0.4613
273,2023-05-27,21,65+,275.5714,277.1365,238.4300,324.3185,0.4537,0.3950,0.5209,0.4172
274,2023-05-28,22,0-5,804.4286,799.6340,693.3766,928.1029,0.9948,0.8438,1.1717,0.9718
274,2023-05-28,22,6-11,2203.1429,2160.7517,1887.1621,2479.6617,1.2685,1.0778,1.5023,1.2847
274,2023-05-28,22,12-17,1966.5714,1963.2456,1708.3489,2254.5857,1.1158,0.9481,1.3317,1.1351
274,2023-05-28,22,18-44,2584.5714,2599.4142,2254.0522,3006.7531,0.5701,0.4924,0.6641,0.5478
274,2023-05-28,22,45-64,798.7143,801.4518,695.8666,925.4268,0.5048,0.4383,0.5823,0.4771
274,2023-05-28,22,65+,273.0000,275.8096,238.2345,321.5929,0.4640,0.4031,0.5334,0.4304
275,2023-05-29,22,0-5,784.7143,779.8292,678.0645,905.7828,0.9900,0.8390,1.1690,0.9790
275,2023-05-29,22,6-11,2097.2857,2075.3888,1810.2235,2377.4256,1.2482,1.0600,1.4675,1.2779
275,2023-05-29,22,12-17,1822.2857,1853.0482,1611.0690,2112.8768,1.1022,0.9344,1.3036,1.1209
275,2023-05-29,22,18-44,2572.7143,2559.8358,2227.3454,2953.0453,0.5673,0.4898,0.6600,0.5554
275,2023-05-29,22,45-64,804.4286,800.6324,692.8123,926.9865,0.5044,0.4382,0.5802,0.4857
275,2023-05-29,22,65+,277.4286,275.5828,237.8337,321.5219,0.4667,0.4060,0.5347,0.4413
276,2023-05-30,22,0-5,752.7143,763.1955,662.0588,882.5130,0.9770,0.8275,1.1505,0.9699
276,2023-05-30,22,6-11,1950.7143,1986.9128,1733.0484,2290.7476,1.2206,1.0393,1.4370,1.2488
276,2023-05-30,22,12-17,1683.4286,1742.2837,1513.1441,1991.4259,1.0773,0.9111,1.2738,1.1009
276,2023-05-30,22,18-44,2527.2857,2516.4829,2188.6686,2898.9169,0.5579,0.4821,0.6487,0.5551
276,2023-05-30,22,45-64,802.5714,798.4054,689.0923,925.7207,0.4974,0.4326,0.5732,0.4881
276,2023-05-30,22,65+,274.8571,275.6392,238.2838,322.1279,0.4632,0.4034,0.5312,0.4447
277,2023-05-31,22,0-5,758.1429,746.4032,646.2899,861.1506,0.9538,0.8081,1.1223,1.0080
277,2023-05-31,22,6-11,1926.5714,1890.5075,1648.3467,2179.3505,1.1872,1.0095,1.4050,1.2922
277,2023-05-31,22,12-17,1670.8571,1630.1718,1422.2656,1868.2841,1.0458,0.8840,1.2509,1.1525
277,2023-05-31,22,18-44,2569.5714,2460.3455,2141.5441,2828.1208,0.5420,0.4682,0.6325,0.5814
277,2023-05-31,22,45-64,832.7143,791.9281,686.1782,914.3581,0.4846,0.4210,0.5593,0.5144
277,2023-05-31,22,65+,288.8571,275.2484,237.6570,321.8606,0.4540,0.3948,0.5221,0.4712
278,2023-06-01,22,0-5,744.7143,726.6503,630.0973,842.8307,0.9287,0.7849,1.0964,1.0114
278,2023-06-01,22,6-11,1857.0000,1790.8902,1563.5325,2049.9918,1.1516,0.9783,1.3661,1.2930
278,2023-06-01,22,12-17,1609.1429,1519.9961,1325.3214,1738.1386,1.0139,0.8547,1.2067,1.1597
278,2023-06-01,22,18-44,2516.8571,2378.8873,2067.0793,2729.8130,0.5257,0.4528,0.6147,0.5838
278,2023-06-01,22,45-64,819.1429,778.1427,672.5146,897.8975,0.4705,0.4080,0.5449,0.5173
278,2023-06-01,22,65+,286.4286,273.5154,235.8946,319.5623,0.4431,0.3852,0.5109,0.4743
279,2023-06-02,22,0-5,746.2857,705.1496,612.2404,811.9189,0.9070,0.7694,1.0746,1.0264
279,2023-06-02,22,6-11,1778.2857,1685.9644,1470.5274,1933.6008,1.1278,0.9553,1.3281,1.2936
279,2023-06-02,22,12-17,1555.7143,1408.1854,1230.6537,1608.9148,0.9914,0.8348,1.1807,1.1733
279,2023-06-02,22,18-44,2467.0000,2279.1638,1989.1332,2626.5724,0.5137,0.4429,0.5961,0.5916
279,2023-06-02,22,45-64,836.4286,758.7545,659.7250,877.6444,0.4606,0.3996,0.5301,0.5283
279,2023-06-02,22,65+,298.5714,271.1178,235.1176,315.6555,0.4360,0.3790,0.5011,0.4894
280,2023-06-03,22,0-5,662.5714,681.4077,589.5220,786.4723,0.8968,0.7592,1.0556,0.9099
280,2023-06-03,22,6-11,1511.2857,1581.1102,1373.7343,1818.9674,1.1175,0.9493,1.3097,1.1301
280,2023-06-03,22,12-17,1243.5714,1305.7771,1134.6530,1495.5177,0.9835,0.8317,1.1687,0.9930
280,2023-06-03,22,18-44,2090.1429,2168.6767,1889.6338,2510.2614,0.5076,0.4377,0.5889,0.5142
280,2023-06-03,22,45-64,709.5714,737.0279,639.5626,852.7371,0.4558,0.3960,0.5254,0.4566
280,2023-06-03,22,65+,254.5714,267.8606,233.0870,311.2216,0.4337,0.3770,0.4983,0.4240
281,2023-06-04,23,0-5,650.8571,655.6002,569.2043,758.2394,0.8930,0.7550,1.0577,0.9253
281,2023-06-04,23,6-11,1466.0000,1481.4143,1292.0867,1711.5556,1.1164,0.9519,1.3177,1.1534
281,2023-06-04,23,12-17,1184.8571,1207.2760,1054.0659,1388.5903,0.9894,0.8362,1.1749,1.0115
281,2023-06-04,23,18-44,2011.7143,2059.8305,1796.6270,2384.4231,0.5066,0.4387,0.5894,0.5241
281,2023-06-04,23,45-64,706.4286,713.5442,613.2193,821.9294,0.4566,0.3973,0.5267,0.4687
281,2023-06-04,23,65+,262.5714,264.3160,231.0002,306.0235,0.4367,0.3788,0.5033,0.4407
282,2023-06-05,23,0-5,629.0000,629.6850,546.4550,726.8768,0.8975,0.7581,1.0605,0.9227
282,2023-06-05,23,6-11,1398.2857,1390.7185,1212.9224,1602.2418,1.1278,0.9583,1.3295,1.1534
282,2023-06-05,23,12-17,1109.1429,1121.1863,974.0847,1289.2384,1.0034,0.8470,1.1920,1.0079
282,2023-06-05,23,18-44,1872.0000,1951.6070,1701.2877,2243.9929,0.5101,0.4401,0.5930,0.5182
282,2023-06-05,23,45-64,659.4286,682.0754,589.1860,793.2693,0.4615,0.4006,0.5326,0.4625
282,2023-06-05,23,65+,247.5714,259.5146,224.8630,300.7983,0.4436,0.3848,0.5133,0.4348
283,2023-06-06,23,0-5,598.4286,601.5269,523.4589,694.1137,0.9061,0.7627,1.0754,0.9147
283,2023-06-06,23,6-11,1292.5714,1305.1092,1133.3471,1496.6805,1.1434,0.9699,1.3592,1.1351
283,2023-06-06,23,12-17,1002.5714,1041.7771,905.9493,1203.7794,1.0255,0.8673,1.2130,0.9865
283,2023-06-06,23,18-44,1749.5714,1836.4252,1601.5573,2109.2079,0.5178,0.4450,0.6036,0.5122
283,2023-06-06,23,45-64,615.2857,650.2638,563.3110,754.2710,0.4701,0.4068,0.5423,0.4578
283,2023-06-06,23,65+,241.4286,252.7083,218.4762,294.7621,0.4545,0.3929,0.5246,0.4347
284,2023-06-07,23,0-5,568.4286,573.1153,499.9516,660.3007,0.9207,0.7767,1.0881,0.9185
284,2023-06-07,23,6-11,1218.2857,1229.0490,1070.0303,1412.2252,1.1664,0.9877,1.3722,1.1436
284,2023-06-07,23,12-17,937.7143,974.0046,842.7417,1131.1050,1.0513,0.8926,1.2477,0.9982
284,2023-06-07,23,18-44,1673.2857,1725.6187,1499.8736,1990.2839,0.5264,0.4550,0.6097,0.5189
284,2023-06-07,23,45-64,590.7143,615.8326,535.6742,715.0438,0.4794,0.4165,0.5514,0.4656
284,2023-06-07,23,65+,237.1429,245.5070,211.4090,285.2819,0.4657,0.4034,0.5377,0.4445
285,2023-06-08,23,0-5,547.1429,546.7301,474.7395,630.0913,0.9372,0.7910,1.1098,0.9358
285,2023-06-08,23,6-11,1165.2857,1161.1273,1006.9297,1335.0916,1.1911,1.0122,1.4078,1.1693
285,2023-06-08,23,12-17,896.7143,914.6506,791.7563,1065.5085,1.0788,0.9082,1.2801,1.0291
285,2023-06-08,23,18-44,1621.8571,1618.1011,1406.0751,1865.3937,0.5348,0.4633,0.6168,0.5332
285,2023-06-08,23,45-64,577.0000,583.0923,505.5433,675.6788,0.4882,0.4246,0.5606,0.4801
285,2023-06-08,23,65+,231.8571,238.1840,203.5419,277.8850,0.4758,0.4126,0.5488,0.4583
286,2023-06-09,23,0-5,501.4286,522.3485,452.5398,603.6674,0.9573,0.8053,1.1351,0.9065
286,2023-06-09,23,6-11,1062.1429,1101.9740,955.3180,1270.9666,1.2230,1.0372,1.4384,1.1368
286,2023-06-09,23,12-17,826.0000,865.8205,750.9785,1000.3149,1.1021,0.9337,1.3118,1.0129
286,2023-06-09,23,18-44,1497.4286,1515.5292,1314.8226,1744.6481,0.5422,0.4692,0.6292,0.5209
286,2023-06-09,23,45-64,534.4286,552.3900,481.4350,641.3330,0.4960,0.4317,0.5700,0.4710
286,2023-06-09,23,65+,220.4286,230.8900,196.8768,268.7705,0.4852,0.4206,0.5593,0.4519
287,2023-06-10,23,0-5,502.7143,501.9365,432.8120,577.0734,0.9744,0.8215,1.1624,0.9717
287,2023-06-10,23,6-11,1076.8571,1053.1979,917.6812,1219.4326,1.2550,1.0655,1.4877,1.2338
287,2023-06-10,23,12-17,872.8571,827.1832,717.5680,955.8697,1.1195,0.9491,1.3326,1.1324
287,2023-06-10,23,18-44,1528.2857,1421.7585,1228.4225,1631.0850,0.5475,0.4760,0.6366,0.5687
287,2023-06-10,23,45-64,562.7143,524.9686,454.2504,610.2578,0.5008,0.4364,0.5773,0.5198
287,2023-06-10,23,65+,236.5714,222.9918,190.6898,259.0317,0.4907,0.4257,0.5683,0.5018
288,2023-06-11,24,0-5,468.8571,484.6189,416.8322,560.0947,0.9940,0.8373,1.1800,0.9218
288,2023-06-11,24,6-11,974.2857,1016.7854,885.4561,1175.1584,1.2935,1.0955,1.5314,1.1591
288,2023-06-11,24,12-17,776.0000,791.6946,689.1028,917.5023,1.1393,0.9685,1.3469,1.0535
288,2023-06-11,24,18-44,1326.2857,1331.2260,1151.5277,1526.5013,0.5548,0.4808,0.6414,0.5268
288,2023-06-11,24,45-64,493.7143,499.7304,431.7531,578.7247,0.5066,0.4405,0.5822,0.4800
288,2023-06-11,24,65+,214.5714,215.9536,184.0414,249.2255,0.4962,0.4306,0.5710,0.4666
289,2023-06-12,24,0-5,458.4286,470.3950,406.7455,545.0142,1.0097,0.8556,1.1983,0.9319
289,2023-06-12,24,6-11,957.8571,993.1526,865.8716,1146.4449,1.3325,1.1304,1.5715,1.1816
289,2023-06-12,24,12-17,752.8571,764.0194,665.8161,885.1909,1.1527,0.9739,1.3708,1.0678
289,2023-06-12,24,18-44,1230.4286,1250.3022,1084.9430,1439.7387,0.5596,0.4868,0.6473,0.5264
289,2023-06-12,24,45-64,467.5714,479.1496,415.3324,554.4007,0.5099,0.4445,0.5856,0.4800
289,2023-06-12,24,65+,210.5714,208.9125,178.7653,240.8406,0.4988,0.4335,0.5750,0.4705
290,2023-06-13,24,0-5,459.0000,458.4611,396.6787,533.8067,1.0189,0.8616,1.2079,0.9600
290,2023-06-13,24,6-11,967.8571,982.8445,852.7945,1141.2487,1.3597,1.1571,1.6150,1.2285
290,2023-06-13,24,12-17,741.4286,739.7156,644.4918,856.7961,1.1639,0.9818,1.3760,1.0972
290,2023-06-13,24,18-44,1154.8571,1178.6292,1025.8177,1357.8185,0.5629,0.4890,0.6511,0.5336
290,2023-06-13,24,45-64,450.7143,460.9394,398.5878,532.7028,0.5118,0.4450,0.5894,0.4855
290,2023-06-13,24,65+,201.5714,201.9715,174.3898,233.1749,0.5000,0.4331,0.5765,0.4751
291,2023-06-14,24,0-5,451.1429,447.9088,387.6916,520.9061,1.0280,0.8704,1.2174,0.9787
291,2023-06-14,24,6-11,981.2857,981.3670,851.0220,1131.7627,1.3820,1.1714,1.6463,1.2752
291,2023-06-14,24,12-17,725.0000,718.3044,624.2085,832.8973,1.1740,0.9890,1.3895,1.1220
291,2023-06-14,24,18-44,1098.7143,1113.4242,968.9685,1284.2404,0.5654,0.4909,0.6523,0.5426
291,2023-06-14,24,45-64,441.5714,443.3805,383.3876,512.1379,0.5129,0.4467,0.5894,0.4941
291,2023-06-14,24,65+,195.4286,194.4562,168.1154,225.5284,0.4992,0.4335,0.5753,0.4836
292,2023-06-15,24,0-5,452.8571,439.5142,379.3982,509.5817,1.0280,0.8694,1.2178,1.0121
292,2023-06-15,24,6-11,987.7143,984.6563,853.8097,1138.5546,1.3924,1.1795,1.6483,1.3180
292,2023-06-15,24,12-17,708.1429,697.9700,607.6810,811.2848,1.1706,0.9856,1.3938,1.1478
292,2023-06-15,24,18-44,1073.1429,1059.4859,921.0304,1227.5724,0.5635,0.4903,0.6511,0.5586
292,2023-06-15,24,45-64,440.2857,427.6899,368.6702,494.7793,0.5098,0.4440,0.5860,0.5097
292,2023-06-15,24,65+,196.2857,186.7636,161.6021,216.6811,0.4947,0.4288,0.5693,0.5015
293,2023-06-16,24,0-5,437.4286,431.2175,372.9521,499.0282,1.0295,0.8682,1.2206,1.0047
293,2023-06-16,24,6-11,1015.8571,994.3691,855.7255,1149.2315,1.4000,1.1798,1.6556,1.3490
293,2023-06-16,24,12-17,679.4286,680.7735,591.6265,783.4941,1.1682,0.9878,1.3830,1.1413
293,2023-06-16,24,18-44,1016.4286,1014.2093,877.7820,1178.5091,0.5615,0.4886,0.6497,0.5547
293,2023-06-16,24,45-64,425.1429,413.8709,355.9752,479.5575,0.5067,0.4415,0.5823,0.5044
293,2023-06-16,24,65+,180.5714,179.4711,154.8077,208.1599,0.4898,0.4265,0.5629,0.4911
294,2023-06-17,24,0-5,427.4286,424.3497,368.7447,492.8234,1.0335,0.8739,1.2268,1.0037
294,2023-06-17,24,6-11,1025.4286,1003.5400,865.8268,1159.1409,1.4001,1.1800,1.6486,1.3627
294,2023-06-17,24,12-17,665.4286,663.7875,576.3259,769.4907,1.1634,0.9798,1.3816,1.1465
294,2023-06-17,24,18-44,977.2857,976.1371,845.7076,1139.5491,0.5591,0.4865,0.6435,0.5525
294,2023-06-17,24,45-64,405.2857,400.2132,344.1967,464.8188,0.5027,0.4382,0.5759,0.5009
294,2023-06-17,24,65+,172.1429,172.4661,148.8241,200.4829,0.4849,0.4214,0.5578,0.4863
295,2023-06-18,25,0-5,421.0000,419.7520,363.4638,487.1749,1.0369,0.8779,1.2315,1.0067
295,2023-06-18,25,6-11,1027.7143,1010.8911,877.0036,1168.8956,1.3951,1.1838,1.6544,1.3674
295,2023-06-18,25,12-17,650.0000,648.3070,564.1199,756.4698,1.1615,0.9799,1.3710,1.1492
295,2023-06-18,25,18-44,946.0000,946.1388,820.0677,1107.4122,0.5553,0.4856,0.6404,0.5513
295,2023-06-18,25,45-64,389.5714,387.7176,333.8657,453.3108,0.4983,0.4359,0.5721,0.4989
295,2023-06-18,25,65+,166.1429,166.5465,143.9053,192.7160,0.4803,0.4181,0.5527,0.4842
296,2023-06-19,25,0-5,411.8571,417.0300,360.5354,481.4624,1.0437,0.8833,1.2445,1.0080
296,2023-06-19,25,6-11,1023.2857,1021.3328,885.4857,1179.4179,1.4005,1.1763,1.6695,1.3683
296,2023-06-19,25,12-17,633.4286,635.3026,551.3767,739.4206,1.1577,0.9794,1.3734,1.1524
296,2023-06-19,25,18-44,929.0000,925.2970,803.4432,1079.1270,0.5530,0.4837,0.6365,0.5531
296,2023-06-19,25,45-64,380.5714,376.5043,325.3791,438.5607,0.4941,0.4327,0.5656,0.5008
296,2023-06-19,25,65+,161.4286,160.4475,138.6834,186.7982,0.4754,0.4139,0.5469,0.4855
297,2023-06-20,25,0-5,404.2857,415.5698,360.1923,481.7471,1.0523,0.8808,1.2488,1.0067
297,2023-06-20,25,6-11,1029.1429,1030.0577,893.2910,1190.2479,1.4008,1.1881,1.6585,1.3720
297,2023-06-20,25,12-17,620.4286,621.7698,538.1516,720.6740,1.1550,0.9746,1.3689,1.1519
297,2023-06-20,25,18-44,903.7143,906.7833,784.3555,1052.5028,0.5503,0.4805,0.6324,0.5500
297,2023-06-20,25,45-64,362.5714,364.1723,315.3732,424.4373,0.4905,0.4283,0.5621,0.4964
297,2023-06-20,25,65+,155.7143,155.5180,133.9758,180.6658,0.4718,0.4102,0.5425,0.4809
298,2023-06-21,25,0-5,408.8571,416.9020,360.0926,485.3496,1.0581,0.8914,1.2585,1.0251
298,2023-06-21,25,6-11,1029.7143,1040.8911,903.0659,1213.2632,1.4095,1.1927,1.6724,1.3774
298,2023-06-21,25,12-17,613.8571,609.9461,528.3462,706.0745,1.1520,0.9718,1.3670,1.1623
298,2023-06-21,25,18-44,888.4286,888.4705,770.6046,1024.4455,0.5491,0.4802,0.6320,0.5531
298,2023-06-21,25,45-64,353.4286,354.6446,307.5860,412.7823,0.4885,0.4273,0.5604,0.4976
298,2023-06-21,25,65+,150.7143,150.7638,129.4954,175.3935,0.4700,0.4086,0.5406,0.4806
299,2023-06-22,25,0-5,413.1429,419.0661,362.1583,486.5265,1.0648,0.8990,1.2654,1.0439
299,2023-06-22,25,6-11,1043.8571,1052.8457,915.1590,1227.3412,1.4281,1.2034,1.6927,1.3963
299,2023-06-22,25,12-17,616.8571,599.2532,519.6746,690.2914,1.1560,0.9752,1.3627,1.1844
299,2023-06-22,25,18-44,880.1429,869.1121,754.7430,1007.6759,0.5506,0.4805,0.6331,0.5591
299,2023-06-22,25,45-64,346.0000,346.2830,301.5891,402.3511,0.4892,0.4275,0.5624,0.5020
299,2023-06-22,25,65+,148.2857,146.5745,125.8246,170.6947,0.4703,0.4095,0.5414,0.4843
300,2023-06-23,25,0-5,417.8571,422.5440,364.0769,493.8302,1.0642,0.8962,1.2616,1.0505
300,2023-06-23,25,6-11,1072.4286,1069.5016,931.5382,1246.9814,1.4348,1.2107,1.6984,1.4108
300,2023-06-23,25,12-17,600.1429,588.6817,508.2305,678.2702,1.1634,0.9810,1.3718,1.1702
300,2023-06-23,25,18-44,849.1429,851.9271,741.0295,983.9038,0.5530,0.4823,0.6349,0.5535
300,2023-06-23,25,45-64,334.0000,338.6952,294.3855,394.3370,0.4932,0.4298,0.5651,0.4939
300,2023-06-23,25,65+,141.0000,142.8882,122.5776,166.5135,0.4737,0.4111,0.5450,0.4749
301,2023-06-24,25,0-5,424.1429,424.9288,365.5222,497.1817,1.0578,0.8952,1.2585,1.0607
301,2023-06-24,25,6-11,1095.8571,1090.8778,939.9834,1267.9980,1.4492,1.2268,1.7236,1.4224
301,2023-06-24,25,12-17,576.8571,580.5862,500.6297,667.6875,1.1747,0.9976,1.4008,1.1526
301,2023-06-24,25,18-44,830.2857,837.1545,728.6904,964.9563,0.5552,0.4852,0.6376,0.5527
301,2023-06-24,25,45-64,330.7143,334.4864,290.8645,390.0909,0.4970,0.4339,0.5705,0.4924
301,2023-06-24,25,65+,139.4286,140.0546,119.2811,163.2049,0.4775,0.4143,0.5495,0.4754
302,2023-06-25,26,0-5,427.5714,426.5747,367.0865,500.4391,1.0459,0.8819,1.2324,1.0645
302,2023-06-25,26,6-11,1106.1429,1115.2623,960.3009,1291.1141,1.4693,1.2433,1.7489,1.4224
302,2023-06-25,26,12-17,567.2857,574.5019,494.7469,658.9349,1.2050,1.0183,1.4296,1.1543
302,2023-06-25,26,18-44,817.7143,826.8913,716.8922,955.1288,0.5593,0.4903,0.6428,0.5529
302,2023-06-25,26,45-64,332.7143,332.1420,287.9783,386.1122,0.5040,0.4413,0.5784,0.4936
302,2023-06-25,26,65+,135.2857,137.2569,117.2588,162.1623,0.4837,0.4211,0.5564,0.4744
303,2023-06-26,26,0-5,437.5714,425.5037,367.9574,496.8730,1.0280,0.8674,1.2243,1.0781
303,2023-06-26,26,6-11,1130.8571,1144.7457,985.6474,1324.9461,1.4915,1.2635,1.7780,1.4335
303,2023-06-26,26,12-17,556.4286,571.7400,493.6628,658.4810,1.2393,1.0508,1.4818,1.1515
303,2023-06-26,26,18-44,811.1429,819.0645,712.0539,949.4051,0.5648,0.4955,0.6486,0.5534
303,2023-06-26,26,45-64,324.4286,332.4724,287.2946,386.8822,0.5136,0.4494,0.5886,0.4916
303,2023-06-26,26,65+,132.8571,135.7838,116.1345,159.9378,0.4925,0.4290,0.5669,0.4725
304,2023-06-27,26,0-5,442.8571,421.0219,363.5374,488.9711,1.0111,0.8559,1.1970,1.0837
304,2023-06-27,26,6-11,1157.5714,1175.9709,1016.5971,1359.4594,1.5124,1.2768,1.8025,1.4460
304,2023-06-27,26,12-17,548.5714,575.5893,496.5711,665.8773,1.2848,1.0851,1.5361,1.1564
304,2023-06-27,26,18-44,807.4286,815.5227,708.7416,946.0647,0.5727,0.5019,0.6545,0.5562
304,2023-06-27,26,45-64,326.2857,334.3109,287.9404,390.8091,0.5253,0.4599,0.6007,0.4949
304,2023-06-27,26,65+,132.2857,135.5477,115.5687,159.6359,0.5026,0.4382,0.5774,0.4758
305,2023-06-28,26,0-5,422.0000,412.7981,356.6084,481.2688,0.9947,0.8410,1.1765,1.0501
305,2023-06-28,26,6-11,1195.4286,1213.4938,1051.7137,1400.9296,1.5356,1.2959,1.8225,1.4623
305,2023-06-28,26,12-17,562.2857,586.4154,503.5018,680.4331,1.3318,1.1180,1.5825,1.1878
305,2023-06-28,26,18-44,805.1429,818.1787,708.5833,948.6813,0.5804,0.5078,0.6637,0.5566
305,2023-06-28,26,45-64,327.7143,338.6152,291.8564,394.5626,0.5365,0.4700,0.6138,0.5001
305,2023-06-28,26,65+,135.2857,136.2840,116.4516,159.4622,0.5115,0.4465,0.5879,0.4825
306,2023-06-29,26,0-5,406.4286,401.0105,346.8666,467.5516,0.9764,0.8273,1.1564,1.0273
306,2023-06-29,26,6-11,1218.5714,1255.1330,1090.0716,1454.0867,1.5453,1.3095,1.8264,1.4660
306,2023-06-29,26,12-17,574.1429,603.9034,520.2892,703.5552,1.3680,1.1532,1.6303,1.2147
306,2023-06-29,26,18-44,806.2857,825.6518,714.6926,954.4229,0.5847,0.5118,0.6713,0.5589
306,2023-06-29,26,45-64,338.8571,345.5196,297.1667,402.9951,0.5453,0.4765,0.6240,0.5077
306,2023-06-29,26,65+,137.0000,137.7781,117.8015,160.1821,0.5190,0.4519,0.5963,0.4894
307,2023-06-30,26,0-5,386.4286,386.5846,334.0763,450.8835,0.9647,0.8188,1.1405,1.0166
307,2023-06-30,26,6-11,1313.0000,1299.3781,1133.7477,1510.7816,1.5502,1.3110,1.8351,1.5378
307,2023-06-30,26,12-17,631.5714,628.7499,541.8249,731.4099,1.3895,1.1711,1.6537,1.3104
307,2023-06-30,26,18-44,834.5714,836.1266,723.6062,967.5367,0.5873,0.5120,0.6723,0.5789
307,2023-06-30,26,45-64,358.8571,354.2408,304.7797,413.3802,0.5496,0.4803,0.6280,0.5321
307,2023-06-30,26,65+,142.4286,139.5378,119.9239,163.0347,0.5232,0.4544,0.5995,0.5101
308,2023-07-01,26,0-5,369.0000,373.3373,321.3783,432.3146,0.9516,0.8106,1.1233,0.9984
308,2023-07-01,26,6-11,1354.8571,1347.6221,1171.8288,1573.0178,1.5371,1.2949,1.8355,1.5459
308,2023-07-01,26,12-17,670.4286,659.2473,566.7246,767.6511,1.3848,1.1677,1.6602,1.3509
308,2023-07-01,26,18-44,856.2857,850.5872,732.6318,985.1769,0.5830,0.5109,0.6694,0.5834
308,2023-07-01,26,45-64,371.0000,363.6298,314.4281,424.1059,0.5471,0.4792,0.6266,0.5396
308,2023-07-01,26,65+,143.2857,142.3634,121.6471,165.8890,0.5202,0.4536,0.5976,0.5133
309,2023-07-02,27,0-5,359.2857,359.6966,310.5084,416.3990,0.9391,0.7976,1.1056,0.9921
309,2023-07-02,27,6-11,1403.5714,1392.4096,1202.5600,1611.2846,1.5077,1.2764,1.7975,1.5535
309,2023-07-02,27,12-17,704.7143,690.2061,599.4466,809.7404,1.3750,1.1587,1.6365,1.3720
309,2023-07-02,27,18-44,881.8571,868.7122,747.5464,1006.1958,0.5762,0.5029,0.6606,0.5876
309,2023-07-02,27,45-64,384.4286,374.6606,324.6624,436.7793,0.5408,0.4726,0.6180,0.5451
309,2023-07-02,27,65+,146.2857,145.6157,124.5001,169.6623,0.5149,0.4477,0.5914,0.5169
310,2023-07-03,27,0-5,342.4286,348.5047,299.8142,403.7811,0.9293,0.7917,1.0963,0.9713
310,2023-07-03,27,6-11,1447.0000,1434.9257,1236.3829,1661.0855,1.4820,1.2519,1.7543,1.5507
310,2023-07-03,27,12-17,745.1429,723.6453,628.9093,845.3819,1.3448,1.1351,1.6067,1.3900
310,2023-07-03,27,18-44,902.1429,886.7945,763.7571,1030.2368,0.5654,0.4947,0.6470,0.5877
310,2023-07-03,27,45-64,400.1429,385.2923,334.2181,449.1552,0.5291,0.4629,0.6050,0.5489
310,2023-07-03,27,65+,151.7143,149.6725,128.1743,174.6277,0.5054,0.4400,0.5804,0.5209
311,2023-07-04,27,0-5,320.2857,340.1757,290.7032,394.5520,0.9233,0.7849,1.0887,0.9388
311,2023-07-04,27,6-11,1481.7143,1464.7255,1269.0817,1694.9268,1.4516,1.2236,1.7338,1.5365
311,2023-07-04,27,12-17,791.0000,754.8208,653.5390,881.4202,1.3264,1.1162,1.5699,1.4022
311,2023-07-04,27,18-44,916.2857,904.9943,779.6622,1054.6510,0.5557,0.4872,0.6351,0.5823
311,2023-07-04,27,45-64,409.7143,396.5411,342.5455,462.1133,0.5190,0.4549,0.5916,0.5475
311,2023-07-04,27,65+,158.5714,153.6653,131.9888,180.1215,0.4959,0.4320,0.5688,0.5218
312,2023-07-05,27,0-5,328.7143,334.1888,284.9735,385.8575,0.9166,0.7771,1.0869,0.9522
312,2023-07-05,27,6-11,1515.4286,1489.9178,1291.9230,1723.5117,1.4303,1.2013,1.7011,1.5232
312,2023-07-05,27,12-17,802.5714,786.1692,677.9579,908.9808,1.3048,1.1036,1.5462,1.3691
312,2023-07-05,27,18-44,930.2857,922.6818,799.1734,1077.7545,0.5467,0.4778,0.6270,0.5777
312,2023-07-05,27,45-64,417.1429,406.2973,350.3138,472.8501,0.5088,0.4459,0.5820,0.5400
312,2023-07-05,27,65+,159.1429,157.9458,135.7564,184.3522,0.4867,0.4237,0.5619,0.5139
313,2023-07-06,27,0-5,327.5714,330.9046,282.6363,384.9613,0.9131,0.7765,1.0766,0.9450
313,2023-07-06,27,6-11,1526.1429,1511.5343,1308.4327,1752.2418,1.4067,1.1866,1.6687,1.4920
313,2023-07-06,27,12-17,810.0000,815.3153,702.1715,946.0350,1.2868,1.0909,1.5402,1.3307
313,2023-07-06,27,18-44,937.0000,937.3748,810.4267,1095.6310,0.5400,0.4728,0.6171,0.5664
313,2023-07-06,27,45-64,415.1429,414.1080,358.2971,482.8722,0.5021,0.4391,0.5728,0.5270
313,2023-07-06,27,65+,159.7143,162.1629,138.9882,189.5282,0.4809,0.4181,0.5515,0.5020
314,2023-07-07,27,0-5,335.0000,330.6220,284.4249,382.9970,0.9130,0.7746,1.0721,0.9547
314,2023-07-07,27,6-11,1530.4286,1523.0023,1314.8483,1763.4737,1.4020,1.1715,1.6692,1.4712
314,2023-07-07,27,12-17,835.7143,839.2433,725.0789,972.3641,1.2914,1.0871,1.5338,1.3238
314,2023-07-07,27,18-44,952.8571,951.6526,817.5480,1104.9729,0.5378,0.4691,0.6166,0.5633
314,2023-07-07,27,45-64,413.8571,421.9221,365.4269,489.4958,0.4995,0.4367,0.5715,0.5224
314,2023-07-07,27,65+,165.2857,166.1684,142.2521,193.8546,0.4785,0.4156,0.5511,0.5005
315,2023-07-08,27,0-5,335.0000,331.1339,286.2815,383.8915,0.9161,0.7763,1.0840,0.9489
315,2023-07-08,27,6-11,1527.5714,1528.6872,1327.1953,1773.0765,1.4035,1.1738,1.6615,1.4477
315,2023-07-08,27,12-17,853.0000,864.6317,745.0144,1003.5273,1.2988,1.0856,1.5552,1.3113
315,2023-07-08,27,18-44,958.2857,966.0983,830.5693,1119.2009,0.5397,0.4715,0.6183,0.5578
315,2023-07-08,27,45-64,416.4286,428.5253,368.5211,496.7135,0.5018,0.4379,0.5726,0.5179
315,2023-07-08,27,65+,171.2857,169.2376,145.4414,199.1742,0.4798,0.4168,0.5510,0.4998
316,2023-07-09,28,0-5,333.0000,332.4078,286.7929,386.5595,0.9251,0.7838,1.0872,0.9431
316,2023-07-09,28,6-11,1530.1429,1537.7273,1336.1236,1780.5798,1.4105,1.1872,1.6857,1.4364
316,2023-07-09,28,12-17,878.0000,890.7033,768.5342,1030.2469,1.3143,1.1093,1.5644,1.3137
316,2023-07-09,28,18-44,969.8571,978.1463,840.7116,1135.2627,0.5454,0.4773,0.6241,0.5565
316,2023-07-09,28,45-64,425.8571,433.7004,371.8699,503.6167,0.5076,0.4443,0.5797,0.5180
316,2023-07-09,28,65+,173.4286,172.1216,147.3627,202.5195,0.4855,0.4218,0.5582,0.4992
317,2023-07-10,28,0-5,330.4286,334.1842,286.1141,387.3729,0.9379,0.7962,1.1064,0.9338
317,2023-07-10,28,6-11,1523.4286,1547.5153,1344.6066,1809.3823,1.4316,1.2107,1.7048,1.4201
317,2023-07-10,28,12-17,910.0000,915.6154,795.6073,1056.2369,1.3427,1.1261,1.5986,1.3197
317,2023-07-10,28,18-44,974.5714,988.8382,849.6588,1149.6232,0.5548,0.4867,0.6368,0.5521
317,2023-07-10,28,45-64,430.7143,439.8214,376.2132,510.4302,0.5176,0.4533,0.5920,0.5141
317,2023-07-10,28,65+,170.0000,174.8576,149.7067,205.6686,0.4948,0.4313,0.5701,0.4911
318,2023-07-11,28,0-5,334.4286,336.2695,286.9343,389.3944,0.9531,0.8132,1.1213,0.9384
318,2023-07-11,28,6-11,1527.7143,1563.2747,1348.6691,1820.9888,1.4683,1.2365,1.7390,1.4166
318,2023-07-11,28,12-17,929.5714,947.6264,823.8017,1096.6964,1.3673,1.1515,1.6363,1.3157
318,2023-07-11,28,18-44,984.5714,1001.1509,858.9821,1167.0853,0.5666,0.4965,0.6491,0.5516
318,2023-07-11,28,45-64,434.1429,447.1195,381.6986,518.5953,0.5297,0.4640,0.6057,0.5127
318,2023-07-11,28,65+,171.8571,178.1603,152.5965,209.0061,0.5081,0.4417,0.5846,0.4900
319,2023-07-12,28,0-5,333.0000,339.3073,289.3002,394.9441,0.9762,0.8293,1.1567,0.9369
319,2023-07-12,28,6-11,1535.5714,1586.0034,1367.0551,1843.6877,1.5043,1.2753,1.7876,1.4194
319,2023-07-12,28,12-17,956.0000,985.0330,852.2511,1136.5635,1.4057,1.1803,1.6660,1.3228
319,2023-07-12,28,18-44,997.8571,1017.7771,874.0823,1176.9412,0.5822,0.5102,0.6670,0.5542
319,2023-07-12,28,45-64,445.4286,456.1297,392.7804,531.1465,0.5444,0.4770,0.6231,0.5167
319,2023-07-12,28,65+,176.8571,181.6051,155.1786,212.5479,0.5226,0.4552,0.6016,0.4952
320,2023-07-13,28,0-5,336.8571,343.0032,294.8021,397.9660,0.9958,0.8487,1.1785,0.9435
320,2023-07-13,28,6-11,1567.1429,1618.0048,1393.0594,1886.7729,1.5401,1.3004,1.8215,1.4361
320,2023-07-13,28,12-17,990.7143,1025.7263,882.2853,1185.6888,1.4258,1.2048,1.7020,1.3365
320,2023-07-13,28,18-44,1009.2857,1036.2881,897.2315,1199.9859,0.5960,0.5217,0.6802,0.5578
320,2023-07-13,28,45-64,454.7143,467.9227,402.4124,543.6112,0.5575,0.4887,0.6359,0.5201
320,2023-07-13,28,65+,180.0000,185.7098,158.2027,215.8518,0.5354,0.4673,0.6143,0.4984
321,2023-07-14,28,0-5,338.2857,349.0894,299.7133,404.9840,1.0118,0.8603,1.1845,0.9549
321,2023-07-14,28,6-11,1647.4286,1662.6946,1436.3598,1933.8740,1.5586,1.3213,1.8602,1.4891
321,2023-07-14,28,12-17,1069.4286,1070.6799,920.6004,1233.9472,1.4299,1.2096,1.6963,1.3964
321,2023-07-14,28,18-44,1041.4286,1060.7199,915.4312,1228.5905,0.6034,0.5289,0.6893,0.5734
321,2023-07-14,28,45-64,476.7143,483.4712,414.6645,563.1044,0.5648,0.4947,0.6449,0.5371
321,2023-07-14,28,65+,191.1429,190.6891,162.8859,223.0455,0.5445,0.4746,0.6258,0.5164
322,2023-07-15,28,0-5,351.8571,356.5297,305.3454,410.9621,1.0183,0.8655,1.2014,0.9814
322,2023-07-15,28,6-11,1723.7143,1720.1152,1484.3677,1997.3943,1.5700,1.3239,1.8652,1.5293
322,2023-07-15,28,12-17,1115.1429,1116.1110,961.6439,1288.9574,1.4253,1.1985,1.6953,1.4165
322,2023-07-15,28,18-44,1087.4286,1088.0109,941.9779,1260.2964,0.6074,0.5317,0.6957,0.5875
322,2023-07-15,28,45-64,505.4286,499.8371,430.2729,582.3795,0.5694,0.4983,0.6513,0.5495
322,2023-07-15,28,65+,195.2857,196.7400,168.5322,230.5114,0.5515,0.4802,0.6339,0.5255
323,2023-07-16,29,0-5,364.4286,365.1258,310.9007,421.9113,1.0141,0.8636,1.1942,0.9966
323,2023-07-16,29,6-11,1755.4286,1779.0145,1538.8951,2059.1032,1.5652,1.3231,1.8388,1.5307
323,2023-07-16,29,12-17,1150.0000,1156.2680,1001.3737,1345.9436,1.3938,1.1799,1.6585,1.4145
323,2023-07-16,29,18-44,1136.2857,1119.9453,973.4310,1299.4889,0.6047,0.5306,0.6905,0.5941
323,2023-07-16,29,45-64,525.7143,520.3973,448.2370,607.2588,0.5669,0.4976,0.6477,0.5555
323,2023-07-16,29,65+,206.1429,204.9576,175.9408,239.5915,0.5514,0.4799,0.6333,0.5339
324,2023-07-17,29,0-5,378.1429,375.0688,319.0674,434.2529,1.0074,0.8542,1.1846,1.0087
324,2023-07-17,29,6-11,1834.2857,1842.1714,1588.7470,2129.3631,1.5424,1.3099,1.8333,1.5519
324,2023-07-17,29,12-17,1186.1429,1191.7396,1034.6670,1382.2838,1.3585,1.1442,1.5994,1.4134
324,2023-07-17,29,18-44,1175.1429,1159.0636,1005.5027,1345.0773,0.5972,0.5238,0.6836,0.6000
324,2023-07-17,29,45-64,550.7143,543.6542,467.5776,633.8042,0.5603,0.4907,0.6415,0.5616
324,2023-07-17,29,65+,221.0000,213.5101,183.1631,252.6260,0.5462,0.4744,0.6298,0.5447
325,2023-07-18,29,0-5,394.4286,386.2813,331.2066,447.7598,0.9875,0.8402,1.1640,1.0276
325,2023-07-18,29,6-11,1920.4286,1904.9414,1645.2655,2209.5454,1.5161,1.2817,1.8008,1.5795
325,2023-07-18,29,12-17,1238.2857,1217.9767,1056.7868,1401.2999,1.3031,1.1101,1.5475,1.4300
325,2023-07-18,29,18-44,1245.5714,1198.2986,1034.2575,1388.7529,0.5859,0.5109,0.6711,0.6126
325,2023-07-18,29,45-64,584.4286,568.4671,489.9104,664.5131,0.5496,0.4801,0.6283,0.5733
325,2023-07-18,29,65+,232.7143,223.2637,191.0904,262.1776,0.5377,0.4671,0.6197,0.5558
326,2023-07-19,29,0-5,404.1429,396.7038,339.6906,458.4963,0.9658,0.8211,1.1360,1.0172
326,2023-07-19,29,6-11,1988.1429,1957.2114,1701.0000,2268.2413,1.4722,1.2407,1.7441,1.5717
326,2023-07-19,29,12-17,1270.7143,1229.4786,1062.4234,1417.2879,1.2465,1.0592,1.4854,1.4133
326,2023-07-19,29,18-44,1269.8571,1233.4559,1068.1179,1438.9617,0.5709,0.4997,0.6555,0.6058
326,2023-07-19,29,45-64,604.0000,593.1851,514.3061,693.0932,0.5365,0.4692,0.6148,0.5670
326,2023-07-19,29,65+,238.2857,233.3051,198.1258,272.7411,0.5274,0.4581,0.6090,0.5491
327,2023-07-20,29,0-5,406.0000,406.7119,349.9267,470.6737,0.9445,0.8029,1.1165,0.9892
327,2023-07-20,29,6-11,1997.2857,2003.2178,1735.5151,2313.5602,1.4294,1.2138,1.6987,1.5254
327,2023-07-20,29,12-17,1267.2857,1224.7058,1060.4220,1408.3290,1.1920,1.0071,1.4119,1.3660
327,2023-07-20,29,18-44,1281.5714,1268.6168,1092.2494,1481.2972,0.5578,0.4885,0.6390,0.5895
327,2023-07-20,29,45-64,616.1429,620.2622,539.0034,723.7073,0.5248,0.4592,0.6005,0.5524
327,2023-07-20,29,65+,240.4286,243.5019,207.6600,283.7021,0.5188,0.4520,0.5963,0.5348
328,2023-07-21,29,0-5,418.5714,416.0603,357.5656,483.4594,0.9225,0.7843,1.0867,0.9858
328,2023-07-21,29,6-11,2024.8571,2032.8919,1769.7749,2346.8259,1.3801,1.1701,1.6367,1.5025
328,2023-07-21,29,12-17,1199.8571,1202.3062,1046.3060,1383.6061,1.1364,0.9657,1.3460,1.2967
328,2023-07-21,29,18-44,1303.7143,1301.6817,1123.0610,1520.4606,0.5443,0.4767,0.6258,0.5841
328,2023-07-21,29,45-64,651.4286,644.5039,560.3640,749.5867,0.5139,0.4494,0.5896,0.5490
328,2023-07-21,29,65+,251.7143,253.1743,216.6189,295.0284,0.5113,0.4461,0.5890,0.5366
329,2023-07-22,29,0-5,424.1429,424.5162,365.6038,491.9476,0.9074,0.7712,1.0690,0.9726
329,2023-07-22,29,6-11,2035.1429,2042.3869,1773.8182,2342.5791,1.3329,1.1310,1.5814,1.4753
329,2023-07-22,29,12-17,1167.4286,1163.8140,1014.0372,1343.1725,1.0931,0.9289,1.2872,1.2581
329,2023-07-22,29,18-44,1313.2857,1329.2372,1148.8903,1547.6552,0.5350,0.4684,0.6148,0.5753
329,2023-07-22,29,45-64,660.5714,666.6820,577.0571,775.1636,0.5067,0.4429,0.5823,0.5418
329,2023-07-22,29,65+,262.8571,261.5264,225.9192,306.0762,0.5069,0.4401,0.5864,0.5348
330,2023-07-23,30,0-5,429.8571,429.7229,371.5615,499.6363,0.8908,0.7564,1.0500,0.9645
330,2023-07-23,30,6-11,2055.5714,2026.6830,1753.2503,2324.8777,1.2849,1.0863,1.5239,1.4612
330,2023-07-23,30,12-17,1132.5714,1113.3006,974.8488,1284.8546,1.0533,0.8966,1.2449,1.2306
330,2023-07-23,30,18-44,1323.4286,1345.1628,1159.6958,1563.4875,0.5283,0.4604,0.6064,0.5703
330,2023-07-23,30,45-64,673.5714,685.0750,593.1688,792.6123,0.5031,0.4385,0.5779,0.5379
330,2023-07-23,30,65+,268.5714,269.1495,233.4739,314.3540,0.5054,0.4381,0.5840,0.5326
331,2023-07-24,30,0-5,433.0000,432.5892,374.3134,500.3425,0.8758,0.7454,1.0321,0.9570
331,2023-07-24,30,6-11,2013.2857,1986.6974,1716.6219,2281.4498,1.2376,1.0524,1.4683,1.4259
331,2023-07-24,30,12-17,1062.7143,1054.4468,923.0277,1212.3242,1.0227,0.8723,1.2078,1.1877
331,2023-07-24,30,18-44,1347.4286,1354.8019,1171.4018,1577.7115,0.5228,0.4577,0.6013,0.5665
331,2023-07-24,30,45-64,688.5714,698.0308,605.5034,803.6163,0.5006,0.4374,0.5755,0.5353
331,2023-07-24,30,65+,272.4286,276.1774,238.4491,320.9244,0.5057,0.4391,0.5836,0.5311
332,2023-07-25,30,0-5,430.5714,431.9035,373.9840,501.6270,0.8655,0.7330,1.0190,0.9387
332,2023-07-25,30,6-11,1941.1429,1917.3675,1670.6368,2203.4108,1.1935,1.0188,1.4175,1.3777
332,2023-07-25,30,12-17,972.0000,987.7345,867.3002,1132.9562,0.9988,0.8520,1.1776,1.1330
332,2023-07-25,30,18-44,1334.7143,1359.6256,1176.3315,1586.9774,0.5194,0.4515,0.5970,0.5563
332,2023-07-25,30,45-64,701.5714,703.9903,607.2636,815.2052,0.4998,0.4350,0.5750,0.5286
332,2023-07-25,30,65+,274.5714,281.2872,242.2594,327.6962,0.5080,0.4400,0.5880,0.5268
333,2023-07-26,30,0-5,426.4286,427.8848,370.8960,496.0560,0.8577,0.7270,1.0115,0.9317
333,2023-07-26,30,6-11,1861.8571,1821.6874,1596.4893,2103.4236,1.1621,0.9845,1.3686,1.3470
333,2023-07-26,30,12-17,913.8571,917.5117,806.3777,1061.7362,0.9863,0.8418,1.1546,1.1131
333,2023-07-26,30,18-44,1352.0000,1358.2314,1170.9923,1583.6641,0.5185,0.4514,0.5971,0.5561
333,2023-07-26,30,45-64,704.8571,706.6009,612.2211,818.2529,0.5027,0.4370,0.5773,0.5303
333,2023-07-26,30,65+,280.5714,285.1495,245.7958,334.0883,0.5137,0.4442,0.5935,0.5309
334,2023-07-27,30,0-5,423.1429,420.6388,364.8888,485.6837,0.8531,0.7232,1.0078,0.9273
334,2023-07-27,30,6-11,1794.1429,1718.6644,1506.4857,1977.2785,1.1338,0.9636,1.3416,1.3276
334,2023-07-27,30,12-17,872.0000,849.4799,742.9369,986.9642,0.9801,0.8361,1.1521,1.1065
334,2023-07-27,30,18-44,1348.8571,1350.3280,1165.9871,1560.2921,0.5197,0.4520,0.6009,0.5555
334,2023-07-27,30,45-64,700.7143,705.0861,612.9622,818.3477,0.5072,0.4409,0.5841,0.5309
334,2023-07-27,30,65+,282.7143,287.8925,247.2542,334.5746,0.5216,0.4506,0.6026,0.5326
335,2023-07-28,30,0-5,411.2857,411.7488,356.5094,475.9103,0.8489,0.7216,0.9983,0.9088
335,2023-07-28,30,6-11,1574.0000,1597.8276,1397.3261,1838.8232,1.1171,0.9476,1.3127,1.2383
335,2023-07-28,30,12-17,759.7143,784.4151,687.6955,909.0917,0.9745,0.8340,1.1489,1.0423
335,2023-07-28,30,18-44,1337.8571,1333.1851,1151.8142,1545.4998,0.5222,0.4554,0.6026,0.5453
335,2023-07-28,30,45-64,691.2857,701.9807,606.4903,812.7731,0.5129,0.4461,0.5923,0.5245
335,2023-07-28,30,65+,287.2857,289.7990,249.8356,337.6043,0.5306,0.4580,0.6155,0.5323
336,2023-07-29,30,0-5,396.8571,399.8618,346.3231,465.0493,0.8497,0.7215,1.0012,0.8961
336,2023-07-29,30,6-11,1431.8571,1471.8986,1282.0261,1689.9525,1.1008,0.9399,1.3001,1.1980
336,2023-07-29,30,12-17,695.0000,723.3030,633.0662,835.3157,0.9755,0.8360,1.1438,1.0225
336,2023-07-29,30,18-44,1307.5714,1310.5530,1129.5694,1519.3408,0.5266,0.4594,0.6065,0.5425
336,2023-07-29,30,45-64,684.4286,693.4494,597.2530,800.6132,0.5195,0.4517,0.5976,0.5256
336,2023-07-29,30,65+,290.0000,290.4436,251.4958,338.1681,0.5389,0.4638,0.6250,0.5372
337,2023-07-30,31,0-5,381.8571,386.1923,335.1984,448.2844,0.8522,0.7260,1.0038,0.8864
337,2023-07-30,31,6-11,1335.0000,1346.4830,1172.3393,1554.7887,1.0963,0.9351,1.2886,1.1845
337,2023-07-30,31,12-17,649.7143,664.5003,579.9252,771.4160,0.9772,0.8336,1.1450,1.0206
337,2023-07-30,31,18-44,1254.1429,1277.0892,1102.5972,1474.3396,0.5315,0.4632,0.6122,0.5410
337,2023-07-30,31,45-64,675.0000,679.9414,589.6575,785.5967,0.5264,0.4578,0.6058,0.5277
337,2023-07-30,31,65+,287.7143,289.6649,250.8235,337.4997,0.5479,0.4730,0.6352,0.5410
338,2023-07-31,31,0-5,366.5714,370.5100,321.5788,430.5099,0.8619,0.7313,1.0136,0.8835
338,2023-07-31,31,6-11,1225.2857,1227.3697,1069.4596,1420.5701,1.0970,0.9363,1.2905,1.1710
338,2023-07-31,31,12-17,605.5714,610.3087,532.2325,709.5924,0.9807,0.8397,1.1484,1.0208
338,2023-07-31,31,18-44,1217.7143,1232.4576,1073.6390,1425.1776,0.5385,0.4676,0.6221,0.5433
338,2023-07-31,31,45-64,656.8571,664.3126,578.5913,769.6252,0.5340,0.4635,0.6160,0.5317
338,2023-07-31,31,65+,286.1429,287.5262,249.5003,335.0835,0.5570,0.4797,0.6467,0.5473
339,2023-08-01,31,0-5,348.8571,355.4387,306.6992,410.2151,0.8685,0.7344,1.0247,0.8763
339,2023-08-01,31,6-11,1112.1429,1114.8534,969.5898,1288.3407,1.0979,0.9377,1.2946,1.1514
339,2023-08-01,31,12-17,560.0000,559.9778,488.6874,648.1928,0.9851,0.8430,1.1521,1.0153
339,2023-08-01,31,18-44,1167.0000,1188.0222,1037.8194,1373.8693,0.5448,0.4722,0.6263,0.5426
339,2023-08-01,31,45-64,636.0000,643.5476,560.9606,746.2821,0.5398,0.4682,0.6212,0.5336
339,2023-08-01,31,65+,283.5714,283.0362,245.9431,329.8520,0.5640,0.4861,0.6538,0.5524
340,2023-08-02,31,0-5,335.4286,339.1658,292.9596,392.1630,0.8729,0.7406,1.0338,0.8807
340,2023-08-02,31,6-11,1005.1429,1012.5916,882.7709,1167.3067,1.1017,0.9390,1.2990,1.1388
340,2023-08-02,31,12-17,512.1429,515.2006,448.3056,596.5817,0.9822,0.8401,1.1559,1.0104
340,2023-08-02,31,18-44,1126.7143,1138.8468,992.6594,1321.6974,0.5475,0.4753,0.6349,0.5475
340,2023-08-02,31,45-64,623.0000,620.4182,541.1176,721.9967,0.5424,0.4706,0.6275,0.5407
340,2023-08-02,31,65+,280.0000,277.6691,241.0697,323.0746,0.5682,0.4890,0.6603,0.5615
341,2023-08-03,31,0-5,333.1429,322.4261,278.3999,372.0481,0.8800,0.7443,1.0398,0.9133
341,2023-08-03,31,6-11,946.4286,919.8839,800.9490,1064.9366,1.1136,0.9488,1.3136,1.1681
341,2023-08-03,31,12-17,488.7143,472.9198,409.7757,547.1342,0.9803,0.8372,1.1488,1.0396
341,2023-08-03,31,18-44,1112.2857,1086.7644,950.3104,1256.0248,0.5517,0.4785,0.6370,0.5666
341,2023-08-03,31,45-64,614.8571,594.3802,516.8527,690.4274,0.5453,0.4730,0.6291,0.5592
341,2023-08-03,31,65+,278.8571,269.8481,234.1810,314.5961,0.5725,0.4917,0.6643,0.5806
342,2023-08-04,31,0-5,307.8571,305.3331,265.2040,355.4640,0.8960,0.7574,1.0559,0.8841
342,2023-08-04,31,6-11,819.2857,837.4867,731.5609,966.2129,1.1294,0.9653,1.3328,1.1137
342,2023-08-04,31,12-17,443.7143,434.0338,374.0139,498.1121,0.9797,0.8392,1.1498,1.0105
342,2023-08-04,31,18-44,1036.0000,1036.4075,905.0702,1191.1458,0.5580,0.4828,0.6444,0.5510
342,2023-08-04,31,45-64,573.5714,567.0372,493.1285,657.5071,0.5495,0.4763,0.6340,0.5452
342,2023-08-04,31,65+,263.5714,262.1064,226.4919,304.4450,0.5792,0.4976,0.6715,0.5667
343,2023-08-05,31,0-5,290.1429,291.1927,250.6192,339.7999,0.9123,0.7729,1.0750,0.8797
343,2023-08-05,31,6-11,752.1429,765.9681,669.7277,886.6358,1.1516,0.9817,1.3538,1.1112
343,2023-08-05,31,12-17,403.1429,398.2218,343.8785,458.0635,0.9817,0.8435,1.1500,0.9976
343,2023-08-05,31,18-44,983.0000,986.1867,862.4291,1132.8507,0.5641,0.4891,0.6515,0.5503
343,2023-08-05,31,45-64,545.7143,538.8452,470.2447,623.8515,0.5539,0.4803,0.6397,0.5443
343,2023-08-05,31,65+,251.4286,253.1089,220.0492,294.2749,0.5861,0.5037,0.6802,0.5655
344,2023-08-06,32,0-5,274.2857,277.7539,238.8880,324.1192,0.9339,0.7920,1.0968,0.8837
344,2023-08-06,32,6-11,693.0000,705.6903,615.9659,818.9726,1.1745,1.0034,1.3781,1.1179
344,2023-08-06,32,12-17,367.7143,365.1946,315.2165,420.7307,0.9873,0.8461,1.1537,0.9906
344,2023-08-06,32,18-44,942.0000,937.5218,819.1892,1077.2935,0.5716,0.4955,0.6591,0.5540
344,2023-08-06,32,45-64,509.2857,511.3434,444.3342,595.0313,0.5587,0.4839,0.6446,0.5464
344,2023-08-06,32,65+,247.5714,244.8435,212.8541,284.8597,0.5932,0.5094,0.6888,0.5730
345,2023-08-07,32,0-5,255.8571,267.0623,229.4572,311.0263,0.9604,0.8124,1.1333,0.8743
345,2023-08-07,32,6-11,637.1429,656.0729,572.7349,756.9502,1.2050,1.0300,1.4071,1.1138
345,2023-08-07,32,12-17,331.1429,334.6736,289.9873,386.2120,0.9979,0.8566,1.1641,0.9747
345,2023-08-07,32,18-44,876.4286,888.9770,776.8381,1018.2538,0.5802,0.5038,0.6702,0.5501
345,2023-08-07,32,45-64,481.4286,482.3985,419.8900,560.5562,0.5646,0.4900,0.6525,0.5434
345,2023-08-07,32,65+,235.0000,236.6636,206.1946,275.3001,0.6000,0.5181,0.6970,0.5710
346,2023-08-08,32,0-5,246.1429,257.7745,220.4191,299.2592,0.9900,0.8392,1.1701,0.8921
346,2023-08-08,32,6-11,602.4286,613.4162,537.9120,706.5600,1.2311,1.0472,1.4525,1.1393
346,2023-08-08,32,12-17,301.4286,308.4409,264.7171,357.2651,1.0101,0.8676,1.1808,0.9746
346,2023-08-08,32,18-44,839.8571,842.8962,734.5237,965.6596,0.5893,0.5101,0.6834,0.5588
346,2023-08-08,32,45-64,452.0000,454.7084,393.5000,526.1037,0.5712,0.4937,0.6599,0.5496
346,2023-08-08,32,65+,228.7143,228.2236,197.9445,264.0347,0.6069,0.5210,0.7091,0.5807
347,2023-08-09,32,0-5,245.7143,251.3920,213.7527,292.0768,1.0182,0.8623,1.2047,0.9251
347,2023-08-09,32,6-11,578.7143,580.8116,507.1719,667.8200,1.2598,1.0733,1.4802,1.1731
347,2023-08-09,32,12-17,285.0000,284.7433,245.0871,328.5498,1.0321,0.8862,1.2133,0.9927
347,2023-08-09,32,18-44,799.5714,798.2462,696.7312,919.3599,0.5993,0.5206,0.6933,0.5688
347,2023-08-09,32,45-64,425.5714,428.2534,371.8198,493.9444,0.5793,0.5021,0.6691,0.5556
347,2023-08-09,32,65+,217.0000,219.9754,190.4745,253.6787,0.6160,0.5292,0.7170,0.5852
348,2023-08-10,32,0-5,240.5714,246.1003,209.8936,287.2283,1.0441,0.8843,1.2418,0.9530
348,2023-08-10,32,6-11,558.5714,551.2616,480.1336,632.8589,1.2828,1.0956,1.5165,1.2127
348,2023-08-10,32,12-17,271.5714,264.6668,229.1038,306.7250,1.0608,0.9083,1.2414,1.0222
348,2023-08-10,32,18-44,772.2857,755.7561,658.2737,871.4515,0.6097,0.5290,0.7069,0.5855
348,2023-08-10,32,45-64,412.0000,403.1732,348.4451,465.8086,0.5879,0.5093,0.6797,0.5719
348,2023-08-10,32,65+,212.8571,211.1984,182.9280,243.9256,0.6253,0.5370,0.7269,0.6035
349,2023-08-11,32,0-5,243.4286,242.5453,208.7592,282.5392,1.0748,0.9099,1.2690,0.9820
349,2023-08-11,32,6-11,538.7143,526.1947,457.3505,605.6581,1.3093,1.1225,1.5373,1.2319
349,2023-08-11,32,12-17,247.5714,249.3369,214.7712,289.8955,1.1000,0.9403,1.2826,1.0096
349,2023-08-11,32,18-44,728.1429,718.2342,624.5124,830.9571,0.6235,0.5428,0.7179,0.5871
349,2023-08-11,32,45-64,381.0000,380.8186,328.2397,440.2533,0.6006,0.5225,0.6912,0.5693
349,2023-08-11,32,65+,207.2857,202.5488,175.8199,235.1435,0.6364,0.5483,0.7409,0.6069
350,2023-08-12,32,0-5,234.2857,240.8046,208.2398,280.1135,1.0967,0.9309,1.2934,0.9571
350,2023-08-12,32,6-11,487.5714,504.5482,439.1843,580.4020,1.3334,1.1425,1.5676,1.1767
350,2023-08-12,32,12-17,219.4286,237.7717,204.6047,276.8947,1.1468,0.9773,1.3460,0.9584
350,2023-08-12,32,18-44,651.8571,686.8296,598.9573,796.7936,0.6374,0.5532,0.7381,0.5590
350,2023-08-12,32,45-64,342.0000,361.2322,309.8445,418.0735,0.6145,0.5329,0.7075,0.5398
350,2023-08-12,32,65+,187.0000,194.7536,168.8848,226.4233,0.6495,0.5569,0.7542,0.5754
351,2023-08-13,33,0-5,242.7143,239.8825,207.9985,277.6163,1.1143,0.9464,1.3085,1.0202
351,2023-08-13,33,6-11,481.8571,486.6287,421.7104,562.2038,1.3661,1.1643,1.6027,1.2398
351,2023-08-13,33,12-17,222.0000,230.0715,197.2656,267.6116,1.2008,1.0259,1.4028,1.0271
351,2023-08-13,33,18-44,645.4286,661.5193,573.8514,765.0687,0.6516,0.5651,0.7545,0.5905
351,2023-08-13,33,45-64,338.7143,344.7665,296.8367,400.0516,0.6281,0.5450,0.7251,0.5703
351,2023-08-13,33,65+,187.5714,188.1604,162.3427,218.2626,0.6615,0.5696,0.7688,0.6084
352,2023-08-14,33,0-5,248.0000,238.5672,206.9579,276.5654,1.1202,0.9499,1.3160,1.0676
352,2023-08-14,33,6-11,477.5714,471.6052,411.7446,548.2650,1.3846,1.1824,1.6274,1.2936
352,2023-08-14,33,12-17,221.7143,226.9493,193.3644,263.2544,1.2526,1.0724,1.4675,1.0799
352,2023-08-14,33,18-44,634.8571,640.8147,553.9595,740.5620,0.6618,0.5752,0.7614,0.6136
352,2023-08-14,33,45-64,330.1429,330.1131,283.3507,382.7359,0.6395,0.5564,0.7340,0.5914
352,2023-08-14,33,65+,184.2857,182.1028,156.1971,211.1706,0.6695,0.5771,0.7782,0.6298
353,2023-08-15,33,0-5,246.4286,236.5679,204.9874,274.6475,1.1192,0.9537,1.3178,1.0817
353,2023-08-15,33,6-11,457.7143,459.2979,399.9241,530.3657,1.4071,1.2055,1.6489,1.3035
353,2023-08-15,33,12-17,223.5714,226.9725,193.9033,265.0257,1.3016,1.1102,1.5254,1.1179
353,2023-08-15,33,18-44,618.5714,623.3060,540.2192,719.6776,0.6698,0.5833,0.7708,0.6203
353,2023-08-15,33,45-64,315.2857,317.1991,272.8299,368.4664,0.6482,0.5643,0.7444,0.5958
353,2023-08-15,33,65+,172.0000,176.1723,150.7941,204.7987,0.6761,0.5823,0.7851,0.6264
354,2023-08-16,33,0-5,235.2857,233.8870,202.3005,272.6005,1.1160,0.9456,1.3111,1.0741
354,2023-08-16,33,6-11,449.1429,448.8399,389.6987,514.6630,1.4241,1.2172,1.6737,1.3282
354,2023-08-16,33,12-17,225.8571,229.9051,197.4037,268.9448,1.3469,1.1496,1.5912,1.1573
354,2023-08-16,33,18-44,608.1429,610.1018,528.3578,704.5870,0.6736,0.5857,0.7757,0.6297
354,2023-08-16,33,45-64,305.2857,306.7704,264.1653,355.8739,0.6524,0.5674,0.7484,0.6070
354,2023-08-16,33,65+,170.0000,171.3701,146.8894,200.1638,0.6766,0.5832,0.7864,0.6394
355,2023-08-17,33,0-5,230.4286,229.8281,199.0937,267.4833,1.1065,0.9375,1.3043,1.0833
355,2023-08-17,33,6-11,440.5714,440.1850,381.3784,507.1357,1.4375,1.2264,1.6783,1.3524
355,2023-08-17,33,12-17,229.4286,237.4053,203.1847,277.2641,1.3827,1.1747,1.6268,1.1972
355,2023-08-17,33,18-44,601.7143,599.4527,519.2798,694.5082,0.6709,0.5843,0.7732,0.6423
355,2023-08-17,33,45-64,301.2857,297.2124,256.1272,345.1201,0.6498,0.5661,0.7452,0.6208
355,2023-08-17,33,65+,167.1429,166.4183,143.2827,194.3156,0.6719,0.5792,0.7817,0.6525
356,2023-08-18,33,0-5,223.5714,226.0005,195.4794,262.5653,1.0995,0.9315,1.2970,1.0800
356,2023-08-18,33,6-11,428.7143,434.7564,376.6917,502.4721,1.4419,1.2290,1.6969,1.3619
356,2023-08-18,33,12-17,249.7143,247.5717,212.1597,289.1125,1.3981,1.1846,1.6535,1.2700
356,2023-08-18,33,18-44,588.4286,589.7321,508.4668,682.2953,0.6652,0.5777,0.7654,0.6479
356,2023-08-18,33,45-64,293.4286,289.6731,249.1797,334.9773,0.6415,0.5585,0.7371,0.6285
356,2023-08-18,33,65+,162.5714,162.0369,139.0358,189.3027,0.6609,0.5686,0.7699,0.6565
357,2023-08-19,33,0-5,230.1429,221.5524,191.4252,257.6146,1.0914,0.9252,1.2844,1.1505
357,2023-08-19,33,6-11,452.2857,432.4134,374.2042,498.9878,1.4450,1.2332,1.7071,1.4744
357,2023-08-19,33,12-17,282.1429,260.3329,223.6744,304.6184,1.3990,1.1907,1.6605,1.4076
357,2023-08-19,33,18-44,623.0000,578.7844,501.0471,669.2529,0.6548,0.5698,0.7554,0.6989
357,2023-08-19,33,45-64,305.8571,281.3334,242.7805,328.2918,0.6289,0.5477,0.7214,0.6780
357,2023-08-19,33,65+,168.7143,157.6248,135.1161,183.1731,0.6468,0.5572,0.7503,0.7039
358,2023-08-20,34,0-5,216.7143,217.3799,186.2773,252.4010,1.0835,0.9180,1.2790,1.0883
358,2023-08-20,34,6-11,433.8571,431.0457,373.1524,501.5756,1.4608,1.2444,1.7144,1.4082
358,2023-08-20,34,12-17,276.5714,274.2053,235.9107,321.0438,1.4009,1.1907,1.6597,1.3345
358,2023-08-20,34,18-44,579.5714,567.9678,492.4335,657.2874,0.6460,0.5636,0.7452,0.6558
358,2023-08-20,34,45-64,279.5714,273.2759,235.9817,321.0421,0.6172,0.5395,0.7082,0.6320
358,2023-08-20,34,65+,152.7143,153.3309,130.9820,178.6411,0.6331,0.5469,0.7350,0.6518
359,2023-08-21,34,0-5,209.0000,214.5343,183.9169,249.1464,1.0799,0.9164,1.2726,1.0629
359,2023-08-21,34,6-11,427.8571,435.2260,375.5861,508.0494,1.4826,1.2614,1.7482,1.3912
359,2023-08-21,34,12-17,290.8571,288.8719,248.7701,337.2792,1.4021,1.1894,1.6583,1.3410
359,2023-08-21,34,18-44,554.7143,558.0335,484.4097,644.1347,0.6393,0.5579,0.7359,0.6397
359,2023-08-21,34,45-64,264.2857,266.9647,230.5241,311.9995,0.6068,0.5305,0.6952,0.6156
359,2023-08-21,34,65+,147.8571,149.1921,127.9667,174.7202,0.6203,0.5367,0.7185,0.6360
360,2023-08-22,34,0-5,205.1429,211.8409,181.9104,245.1728,1.0813,0.9153,1.2759,1.0582
360,2023-08-22,34,6-11,428.0000,442.8273,380.9024,517.0096,1.5129,1.2905,1.7828,1.3963
360,2023-08-22,34,12-17,308.8571,304.5789,262.3961,353.3344,1.4097,1.1945,1.6717,1.3666
360,2023-08-22,34,18-44,536.5714,548.1411,475.9291,634.3781,0.6361,0.5553,0.7327,0.6349
360,2023-08-22,34,45-64,256.5714,259.7629,225.3393,302.5918,0.5999,0.5241,0.6866,0.6109
360,2023-08-22,34,65+,143.5714,145.5408,124.4659,169.5223,0.6100,0.5277,0.7064,0.6301
361,2023-08-23,34,0-5,207.5714,209.3076,179.7433,242.3905,1.0835,0.9167,1.2784,1.0745
361,2023-08-23,34,6-11,437.2857,456.8113,394.3670,531.9464,1.5437,1.3099,1.8309,1.4180
361,2023-08-23,34,12-17,314.0000,320.7040,275.3420,375.4879,1.4177,1.2057,1.6854,1.3561
361,2023-08-23,34,18-44,521.7143,538.8120,466.6924,623.0003,0.6351,0.5539,0.7294,0.6329
361,2023-08-23,34,45-64,249.1429,253.0427,219.5453,293.9984,0.5946,0.5196,0.6798,0.6055
361,2023-08-23,34,65+,139.8571,141.5042,121.1142,165.2327,0.6008,0.5193,0.6956,0.6258
362,2023-08-24,34,0-5,204.7143,206.9349,176.9682,239.4127,1.0809,0.9173,1.2836,1.0819
362,2023-08-24,34,6-11,455.1429,474.5359,409.5920,550.9797,1.5669,1.3279,1.8492,1.4580
362,2023-08-24,34,12-17,321.5714,336.7367,290.2905,395.6998,1.4287,1.2070,1.6938,1.3600
362,2023-08-24,34,18-44,517.5714,529.5644,458.3862,614.4085,0.6318,0.5515,0.7290,0.6376
362,2023-08-24,34,45-64,244.2857,246.0873,213.5030,286.2055,0.5880,0.5138,0.6749,0.6078
362,2023-08-24,34,65+,139.2857,136.8732,117.7555,159.9921,0.5904,0.5106,0.6842,0.6310
363,2023-08-25,34,0-5,204.5714,204.7533,174.9774,237.2378,1.0756,0.9116,1.2714,1.1005
363,2023-08-25,34,6-11,513.0000,495.8695,429.0491,577.4729,1.5783,1.3356,1.8606,1.5679
363,2023-08-25,34,12-17,359.4286,354.3666,305.2162,414.9287,1.4283,1.2100,1.6910,1.4387
363,2023-08-25,34,18-44,520.0000,522.1241,450.9355,607.6580,0.6263,0.5464,0.7189,0.6480
363,2023-08-25,34,45-64,232.7143,239.2333,206.7624,278.5282,0.5800,0.5069,0.6624,0.6082
363,2023-08-25,34,65+,129.2857,132.1624,113.5080,154.0465,0.5789,0.5013,0.6690,0.6175
364,2023-08-26,34,0-5,203.0000,202.5640,173.5435,236.0635,1.0648,0.9016,1.2566,1.0984
364,2023-08-26,34,6-11,533.0000,520.1032,448.1464,604.3045,1.5759,1.3336,1.8634,1.5788
364,2023-08-26,34,12-17,380.2857,372.4299,320.7336,434.0974,1.4221,1.1964,1.6944,1.4540
364,2023-08-26,34,18-44,519.1429,515.9143,444.5450,599.8786,0.6175,0.5396,0.7100,0.6463
364,2023-08-26,34,45-64,229.0000,232.8100,200.5276,269.9136,0.5695,0.4987,0.6509,0.6052
364,2023-08-26,34,65+,126.7143,127.3231,108.8004,148.6236,0.5662,0.4905,0.6539,0.6129
365,2023-08-27,35,0-5,204.5714,200.7444,172.5904,234.4149,1.0484,0.8872,1.2388,1.1062
365,2023-08-27,35,6-11,547.5714,545.9285,472.0898,635.2147,1.5708,1.3263,1.8648,1.5759
365,2023-08-27,35,12-17,396.2857,391.1306,336.2777,453.9502,1.4096,1.1848,1.6746,1.4559
365,2023-08-27,35,18-44,527.8571,512.2551,441.5628,594.4885,0.6068,0.5290,0.6960,0.6494
365,2023-08-27,35,45-64,233.8571,227.0034,195.3831,262.9784,0.5575,0.4877,0.6371,0.6080
365,2023-08-27,35,65+,124.5714,122.7514,104.8949,143.2804,0.5514,0.4777,0.6381,0.6126
366,2023-08-28,35,0-5,202.2857,199.4384,171.6768,232.3536,1.0303,0.8694,1.2249,1.0856
366,2023-08-28,35,6-11,567.8571,574.5714,495.8180,668.5409,1.5627,1.3135,1.8537,1.5598
366,2023-08-28,35,12-17,408.2857,409.1276,352.2424,475.2985,1.3918,1.1690,1.6584,1.4274
366,2023-08-28,35,18-44,520.1429,510.7877,441.8657,591.6848,0.5947,0.5174,0.6841,0.6329
366,2023-08-28,35,45-64,226.1429,222.1181,191.2940,257.4854,0.5447,0.4751,0.6236,0.5895
366,2023-08-28,35,65+,120.1429,118.7558,101.5244,138.6289,0.5369,0.4628,0.6226,0.5928
367,2023-08-29,35,0-5,200.0000,198.5589,170.7952,231.6954,1.0144,0.8501,1.2155,1.0688
367,2023-08-29,35,6-11,605.4286,605.1044,521.8036,703.4719,1.5526,1.2951,1.8664,1.5756
367,2023-08-29,35,12-17,431.4286,427.5917,369.3089,495.5703,1.3788,1.1497,1.6579,1.4308
367,2023-08-29,35,18-44,512.8571,509.7721,439.7856,592.0134,0.5834,0.5053,0.6759,0.6227
367,2023-08-29,35,45-64,221.2857,218.8150,188.4312,254.7903,0.5331,0.4628,0.6148,0.5783
367,2023-08-29,35,65+,117.8571,115.1435,98.5307,134.8131,0.5230,0.4488,0.6115,0.5809
368,2023-08-30,35,0-5,198.0000,197.8063,169.7908,231.3587,1.0027,0.8205,1.2255,1.0545
368,2023-08-30,35,6-11,638.0000,636.2576,548.5408,741.6201,1.5472,1.2645,1.8975,1.5778
368,2023-08-30,35,12-17,447.0000,445.8568,384.9976,518.6676,1.3661,1.1146,1.6815,1.4145
368,2023-08-30,35,18-44,514.1429,509.1271,438.6862,594.8059,0.5752,0.4910,0.6774,0.6119
368,2023-08-30,35,45-64,213.8571,216.2330,185.9630,253.4930,0.5247,0.4488,0.6149,0.5634
368,2023-08-30,35,65+,112.2857,112.0482,95.6217,131.5986,0.5132,0.4328,0.6100,0.5611
369,2023-08-31,35,0-5,199.7143,197.2526,167.6470,233.6856,0.9969,0.7885,1.2652,1.0482
369,2023-08-31,35,6-11,657.8571,669.0237,571.5797,788.8049,1.5462,1.2126,1.9667,1.5578
369,2023-08-31,35,12-17,459.5714,463.8372,396.8150,544.8086,1.3626,1.0686,1.7407,1.3952
369,2023-08-31,35,18-44,512.2857,509.2224,435.0546,601.0579,0.5714,0.4750,0.6924,0.6023
369,2023-08-31,35,45-64,213.1429,214.3082,182.7757,254.5362,0.5208,0.4335,0.6271,0.5534
369,2023-08-31,35,65+,109.7143,109.3392,91.9642,130.3725,0.5079,0.4166,0.6220,0.5497
370,2023-09-01,35,0-5,194.4286,197.2028,162.9005,241.4137,0.9969,0.7518,1.3322,1.0174
370,2023-09-01,35,6-11,711.0000,702.3234,583.8709,854.7322,1.5472,1.1561,2.0881,1.5771
370,2023-09-01,35,12-17,486.0000,481.6570,399.9723,584.7885,1.3634,1.0171,1.8441,1.3996
370,2023-09-01,35,18-44,499.0000,511.7607,426.1259,620.5569,0.5719,0.4588,0.7221,0.5871
370,2023-09-01,35,45-64,207.7143,213.8456,177.6471,260.7237,0.5212,0.4186,0.6531,0.5372
370,2023-09-01,35,65+,103.8571,107.1585,87.8018,131.7154,0.5075,0.4013,0.6471,0.5283
371,2023-09-02,35,0-5,194.7143,197.7062,155.2225,256.1609,1.0018,0.7215,1.4164,1.0064
371,2023-09-02,35,6-11,740.8571,736.9735,577.5879,959.6770,1.5493,1.1026,2.2346,1.5625
371,2023-09-02,35,12-17,495.8571,499.7621,392.8872,648.4142,1.3697,0.9663,1.9714,1.3750
371,2023-09-02,35,18-44,496.8571,515.5697,410.5274,657.1246,0.5752,0.4443,0.7588,0.5767
371,2023-09-02,35,45-64,208.2857,214.4175,170.6813,273.8616,0.5245,0.4048,0.6846,0.5262
371,2023-09-02,35,65+,99.2857,105.6829,82.5354,137.0136,0.5104,0.3877,0.6796,0.5131
