day,date,wk,age_group,obs,dR_med,dR_lo,dR_hi,Rj_med,Rj_lo,Rj_hi,Rj_renewal
1,2018-09-02,36,0-5,11.8571,12.3398,9.2227,15.8726,1.5014,1.1875,1.8768,NA
1,2018-09-02,36,6-11,20.0000,18.6803,15.0171,22.4589,1.8268,1.4851,2.2502,NA
1,2018-09-02,36,12-17,7.1429,6.8753,4.9115,9.0316,1.7184,1.4156,2.0941,NA
1,2018-09-02,36,18-44,26.7143,24.0903,19.3354,29.2514,1.0022,0.8144,1.2233,NA
1,2018-09-02,36,45-64,18.1429,17.4352,13.4066,22.0874,1.0187,0.8234,1.2508,NA
1,2018-09-02,36,65+,10.2857,10.6542,7.7116,14.1174,1.0970,0.8713,1.3708,NA
2,2018-09-03,36,0-5,12.7143,12.4737,10.0372,14.9683,1.4972,1.2156,1.8330,7.1271
2,2018-09-03,36,6-11,22.2857,18.9240,15.8880,21.8803,1.8841,1.5540,2.2408,9.0899
2,2018-09-03,36,12-17,8.4286,7.4747,5.6021,9.2120,1.8042,1.4964,2.1804,7.6145
2,2018-09-03,36,18-44,26.7143,26.2443,22.2417,30.6262,0.9842,0.8250,1.1675,4.2471
2,2018-09-03,36,45-64,18.1429,18.0843,15.0705,21.5327,1.0000,0.8320,1.1918,4.2954
2,2018-09-03,36,65+,11.0000,11.1511,8.7874,13.7949,1.0814,0.8811,1.3159,4.7549
3,2018-09-04,36,0-5,13.1429,12.6755,10.3547,15.2102,1.4777,1.2217,1.7830,3.3209
3,2018-09-04,36,6-11,21.8571,19.4217,16.3023,23.2108,1.8966,1.5984,2.2314,4.1119
3,2018-09-04,36,12-17,9.8571,8.3375,6.5603,10.2865,1.8465,1.5460,2.2305,3.7492
3,2018-09-04,36,18-44,28.2857,28.4106,23.9275,33.5614,0.9582,0.8171,1.1233,2.0154
3,2018-09-04,36,45-64,19.5714,18.9617,15.7141,22.5293,0.9741,0.8244,1.1438,2.0684
3,2018-09-04,36,65+,12.0000,11.7817,9.4561,14.4693,1.0566,0.8768,1.2635,2.2984
4,2018-09-05,36,0-5,13.8571,12.9682,10.4709,15.8116,1.4479,1.2095,1.7340,2.3376
4,2018-09-05,36,6-11,21.5714,20.4689,16.9522,24.6575,1.9034,1.6154,2.2294,2.8065
4,2018-09-05,36,12-17,11.5714,9.6027,7.6952,12.2251,1.8548,1.5638,2.2023,2.6953
4,2018-09-05,36,18-44,31.1429,29.9405,24.6973,35.9370,0.9271,0.7976,1.0812,1.4088
4,2018-09-05,36,45-64,19.2857,19.6187,16.0521,23.8297,0.9418,0.8057,1.0996,1.4281
4,2018-09-05,36,65+,12.7143,12.4422,9.9049,15.4462,1.0261,0.8588,1.2220,1.5876
5,2018-09-06,36,0-5,13.8571,13.3084,10.5933,16.4621,1.4083,1.1762,1.6804,1.8294
5,2018-09-06,36,6-11,20.5714,21.7909,17.7081,26.5536,1.8826,1.5937,2.2145,2.1657
5,2018-09-06,36,12-17,12.1429,11.2476,9.0756,14.5835,1.8244,1.5399,2.1618,2.1188
5,2018-09-06,36,18-44,31.5714,31.0218,25.4044,37.4544,0.8916,0.7687,1.0392,1.1067
5,2018-09-06,36,45-64,19.8571,20.2227,16.3398,24.7967,0.9039,0.7751,1.0557,1.1242
5,2018-09-06,36,65+,12.5714,13.1772,10.2884,16.4057,0.9864,0.8281,1.1744,1.2380
6,2018-09-07,36,0-5,15.8571,13.7515,10.9885,17.2401,1.3562,1.1353,1.6365,1.7299
6,2018-09-07,36,6-11,24.5714,23.4937,18.9513,28.7992,1.8395,1.5584,2.1690,2.1201
6,2018-09-07,36,12-17,15.0000,13.0015,10.4706,16.8129,1.7408,1.4708,2.0660,2.0613
6,2018-09-07,36,18-44,31.7143,31.9390,26.2248,38.8129,0.8526,0.7353,0.9932,1.0222
6,2018-09-07,36,45-64,21.5714,20.8973,16.8470,25.7715,0.8605,0.7375,1.0064,1.0432
6,2018-09-07,36,65+,14.2857,13.8220,10.8532,17.3391,0.9431,0.7956,1.1251,1.1680
7,2018-09-08,36,0-5,15.8571,14.1786,11.3065,17.7766,1.3021,1.0867,1.5710,1.5644
7,2018-09-08,36,6-11,27.2857,25.3193,20.5663,30.8332,1.7799,1.5089,2.1142,2.0357
7,2018-09-08,36,12-17,17.0000,14.7864,11.9465,18.9815,1.6369,1.3816,1.9624,1.9619
7,2018-09-08,36,18-44,32.2857,32.9263,27.1735,40.0166,0.8106,0.6975,0.9420,0.9526
7,2018-09-08,36,45-64,23.1429,21.6354,17.5771,26.6622,0.8144,0.6981,0.9511,0.9848
7,2018-09-08,36,65+,16.0000,14.4080,11.4246,18.0874,0.8947,0.7526,1.0648,1.1230
8,2018-09-09,37,0-5,16.2857,14.6133,11.5943,18.2026,1.2488,1.0416,1.5022,1.4860
8,2018-09-09,37,6-11,30.0000,27.3630,22.3159,33.1039,1.7141,1.4468,2.0261,1.9886
8,2018-09-09,37,12-17,19.8571,16.4019,13.2350,20.7421,1.5262,1.2900,1.8268,1.9329
8,2018-09-09,37,18-44,34.5714,34.2156,28.3284,41.3813,0.7679,0.6636,0.8905,0.9132
8,2018-09-09,37,45-64,23.8571,22.4326,18.1501,27.6940,0.7683,0.6599,0.8956,0.9380
8,2018-09-09,37,65+,16.7143,14.9543,11.7755,18.9054,0.8443,0.7127,1.0050,1.0621
9,2018-09-10,37,0-5,15.5714,14.9672,11.8240,18.6479,1.2094,1.0078,1.4477,1.3777
9,2018-09-10,37,6-11,29.8571,29.3007,24.0305,35.5546,1.6475,1.3874,1.9537,1.8418
9,2018-09-10,37,12-17,19.8571,17.7625,14.2503,22.0817,1.4199,1.1959,1.6818,1.7523
9,2018-09-10,37,18-44,38.1429,35.7919,29.5120,43.1245,0.7298,0.6313,0.8470,0.8671
9,2018-09-10,37,45-64,24.4286,23.2996,18.9542,28.5680,0.7262,0.6239,0.8445,0.8835
9,2018-09-10,37,65+,16.7143,15.4016,12.2429,19.4254,0.7976,0.6719,0.9464,0.9893
10,2018-09-11,37,0-5,14.1429,15.3831,12.2029,19.2529,1.1835,0.9851,1.4205,1.2409
10,2018-09-11,37,6-11,31.1429,31.2337,25.7414,37.5966,1.5940,1.3387,1.8976,1.7444
10,2018-09-11,37,12-17,20.0000,18.6836,15.0089,22.9680,1.3329,1.1236,1.5910,1.6062
10,2018-09-11,37,18-44,38.8571,37.3422,30.9081,44.8862,0.7022,0.6081,0.8146,0.8028
10,2018-09-11,37,45-64,24.0000,24.1217,19.6570,29.7243,0.6942,0.5978,0.8092,0.8126
10,2018-09-11,37,65+,16.0000,15.7863,12.6295,19.7662,0.7614,0.6412,0.9045,0.8995
11,2018-09-12,37,0-5,14.8571,15.8807,12.5766,19.6654,1.1693,0.9732,1.4022,1.2167
11,2018-09-12,37,6-11,32.7143,32.8884,27.2167,39.5226,1.5501,1.3068,1.8406,1.6880
11,2018-09-12,37,12-17,19.8571,19.1426,15.5847,23.6474,1.2664,1.0684,1.5032,1.5012
11,2018-09-12,37,18-44,37.4286,38.7599,32.2862,46.7434,0.6819,0.5891,0.7896,0.7622
11,2018-09-12,37,45-64,24.5714,25.0227,20.3861,30.6624,0.6710,0.5765,0.7813,0.7717
11,2018-09-12,37,65+,16.1429,16.0017,12.8115,19.9668,0.7328,0.6170,0.8740,0.8603
12,2018-09-13,37,0-5,15.2857,16.3461,13.0677,20.1880,1.1580,0.9664,1.3908,1.2016
12,2018-09-13,37,6-11,33.2857,34.3693,28.5384,40.9594,1.5099,1.2727,1.8043,1.6316
12,2018-09-13,37,12-17,20.1429,19.3344,15.6683,23.6765,1.2150,1.0271,1.4459,1.4465
12,2018-09-13,37,18-44,37.2857,39.7445,33.2962,47.9939,0.6670,0.5775,0.7756,0.7369
12,2018-09-13,37,45-64,24.5714,25.7322,21.1499,31.5427,0.6552,0.5634,0.7640,0.7439
12,2018-09-13,37,65+,16.1429,16.0697,12.8808,19.9766,0.7138,0.6044,0.8472,0.8306
13,2018-09-14,37,0-5,15.4286,16.8127,13.5491,20.7147,1.1509,0.9580,1.3925,1.1870
13,2018-09-14,37,6-11,36.0000,35.6499,29.5179,42.6418,1.4718,1.2441,1.7509,1.6394
13,2018-09-14,37,12-17,18.7143,19.1534,15.5450,23.2810,1.1807,1.0030,1.4025,1.3408
13,2018-09-14,37,18-44,38.1429,40.5986,34.3488,48.8397,0.6581,0.5690,0.7664,0.7131
13,2018-09-14,37,45-64,23.8571,26.2448,21.3682,32.0485,0.6462,0.5556,0.7544,0.7023
13,2018-09-14,37,65+,14.1429,16.0866,12.9412,19.7884,0.7023,0.5944,0.8336,0.7583
14,2018-09-15,37,0-5,16.4286,17.2688,13.9010,21.2007,1.1370,0.9435,1.3666,1.2311
14,2018-09-15,37,6-11,35.8571,36.3721,30.2826,43.6452,1.4369,1.2098,1.7063,1.6105
14,2018-09-15,37,12-17,17.2857,18.7270,15.2120,22.7699,1.1587,0.9793,1.3814,1.2811
14,2018-09-15,37,18-44,41.2857,41.1358,34.9158,49.3777,0.6476,0.5614,0.7534,0.7222
14,2018-09-15,37,45-64,24.0000,26.6563,21.8888,32.2452,0.6385,0.5488,0.7486,0.7004
14,2018-09-15,37,65+,13.5714,15.9660,12.8513,19.4131,0.6927,0.5820,0.8219,0.7452
15,2018-09-16,38,0-5,17.7143,17.6192,14.3293,21.8869,1.1166,0.9302,1.3417,1.2673
15,2018-09-16,38,6-11,36.4286,36.7986,30.7260,44.1797,1.3936,1.1730,1.6580,1.5976
15,2018-09-16,38,12-17,15.8571,18.1406,14.7618,22.1061,1.1429,0.9632,1.3639,1.2336
15,2018-09-16,38,18-44,41.7143,41.0721,34.8101,49.6245,0.6382,0.5522,0.7382,0.7269
15,2018-09-16,38,45-64,24.4286,26.7702,22.1025,32.2004,0.6324,0.5412,0.7403,0.7090
15,2018-09-16,38,65+,15.1429,15.6440,12.6485,19.0523,0.6819,0.5718,0.8178,0.7821
16,2018-09-17,38,0-5,18.7143,17.8908,14.6212,22.1755,1.0894,0.9072,1.3140,1.2675
16,2018-09-17,38,6-11,36.1429,36.6326,30.8270,43.8480,1.3469,1.1366,1.6040,1.5556
16,2018-09-17,38,12-17,15.7143,17.5154,14.3652,21.2841,1.1251,0.9484,1.3453,1.2364
16,2018-09-17,38,18-44,40.2857,40.6600,34.3452,48.9062,0.6261,0.5407,0.7281,0.7194
16,2018-09-17,38,45-64,25.8571,26.6822,22.1057,32.2835,0.6245,0.5329,0.7317,0.7128
16,2018-09-17,38,65+,15.5714,15.2864,12.2841,18.5257,0.6741,0.5661,0.8073,0.7917
17,2018-09-18,38,0-5,20.5714,17.9993,14.6767,22.1960,1.0614,0.8828,1.2764,1.3219
17,2018-09-18,38,6-11,39.0000,36.0489,30.3220,43.1770,1.3009,1.0956,1.5525,1.6218
17,2018-09-18,38,12-17,16.1429,16.8692,13.7969,20.5276,1.1111,0.9302,1.3249,1.2910
17,2018-09-18,38,18-44,40.5714,40.0866,33.6217,48.2475,0.6142,0.5311,0.7145,0.7429
17,2018-09-18,38,45-64,28.4286,26.5808,22.1014,31.9948,0.6157,0.5251,0.7214,0.7415
17,2018-09-18,38,65+,15.7143,14.8414,11.8533,18.0120,0.6626,0.5531,0.7966,0.8128
18,2018-09-19,38,0-5,20.7143,17.9094,14.6992,22.1409,1.0387,0.8609,1.2624,1.3122
18,2018-09-19,38,6-11,38.8571,35.1131,29.5333,41.9020,1.2661,1.0734,1.5091,1.6192
18,2018-09-19,38,12-17,17.7143,16.1829,13.2456,19.7854,1.1002,0.9226,1.3043,1.3821
18,2018-09-19,38,18-44,43.1429,39.1693,33.0880,46.9988,0.6070,0.5230,0.7087,0.7641
18,2018-09-19,38,45-64,30.4286,26.1860,21.4886,31.6112,0.6107,0.5204,0.7175,0.7715
18,2018-09-19,38,65+,16.1429,14.3087,11.3096,17.6438,0.6590,0.5526,0.7879,0.8348
19,2018-09-20,38,0-5,19.8571,17.7208,14.5405,21.7942,1.0326,0.8579,1.2511,1.2430
19,2018-09-20,38,6-11,40.1429,33.7914,28.4195,40.4136,1.2548,1.0622,1.4870,1.6039
19,2018-09-20,38,12-17,17.5714,15.6309,12.6447,19.1265,1.0973,0.9261,1.3017,1.3523
19,2018-09-20,38,18-44,43.4286,38.5723,32.2606,46.0963,0.6097,0.5252,0.7114,0.7423
19,2018-09-20,38,45-64,29.8571,25.9276,21.1753,31.3518,0.6145,0.5262,0.7198,0.7497
19,2018-09-20,38,65+,16.2857,14.0006,10.9453,17.2383,0.6663,0.5638,0.7947,0.8146
20,2018-09-21,38,0-5,16.8571,17.4732,14.2915,21.5982,1.0603,0.8838,1.2788,1.0263
20,2018-09-21,38,6-11,31.0000,32.3299,27.0552,38.6799,1.2747,1.0848,1.5101,1.2677
20,2018-09-21,38,12-17,15.0000,15.0616,12.0768,18.4566,1.1170,0.9438,1.3227,1.1322
20,2018-09-21,38,18-44,37.0000,38.2764,31.8840,45.6737,0.6307,0.5414,0.7351,0.6160
20,2018-09-21,38,45-64,25.7143,25.6444,21.0074,31.0959,0.6368,0.5428,0.7473,0.6290
20,2018-09-21,38,65+,14.4286,13.8351,10.7707,16.9946,0.6941,0.5829,0.8294,0.6907
21,2018-09-22,38,0-5,15.4286,17.3497,14.1419,21.4102,1.1190,0.9382,1.3430,0.9197
21,2018-09-22,38,6-11,27.2857,30.9687,25.9466,37.0787,1.3314,1.1283,1.5749,1.1208
21,2018-09-22,38,12-17,14.0000,14.6055,11.6843,17.9766,1.1687,0.9854,1.3803,1.0247
21,2018-09-22,38,18-44,31.1429,38.3624,32.1032,46.0984,0.6728,0.5803,0.7814,0.5352
21,2018-09-22,38,45-64,21.8571,25.5210,20.9792,31.1196,0.6810,0.5818,0.7961,0.5417
21,2018-09-22,38,65+,11.7143,13.8028,10.9177,17.2209,0.7479,0.6246,0.8904,0.5839
22,2018-09-23,39,0-5,15.4286,17.2045,13.9655,21.2599,1.1998,1.0055,1.4393,0.9534
22,2018-09-23,39,6-11,27.0000,29.7314,24.7672,35.5850,1.4137,1.1995,1.6721,1.1518
22,2018-09-23,39,12-17,13.0000,14.1816,11.3762,17.5717,1.2361,1.0433,1.4635,1.0013
22,2018-09-23,39,18-44,32.1429,39.0775,32.4788,46.9119,0.7298,0.6276,0.8520,0.5380
22,2018-09-23,39,45-64,19.8571,25.6158,21.1183,31.4051,0.7411,0.6318,0.8684,0.5221
22,2018-09-23,39,65+,8.5714,14.0593,11.0052,17.3103,0.8228,0.6884,0.9799,0.5221
23,2018-09-24,39,0-5,15.8571,17.1574,13.9907,21.1468,1.2971,1.0824,1.5524,1.0730
23,2018-09-24,39,6-11,29.1429,28.6740,23.8377,34.3240,1.5113,1.2817,1.7845,1.3366
23,2018-09-24,39,12-17,13.4286,13.8152,11.0025,17.0581,1.3136,1.1124,1.5511,1.1415
23,2018-09-24,39,18-44,36.2857,40.0979,33.3427,47.8094,0.7971,0.6845,0.9285,0.6342
23,2018-09-24,39,45-64,22.5714,25.8820,21.2424,31.7290,0.8127,0.6927,0.9503,0.6251
23,2018-09-24,39,65+,10.4286,14.3377,11.1313,17.7570,0.9166,0.7702,1.0868,0.6426
24,2018-09-25,39,0-5,16.4286,17.2065,14.0515,21.2905,1.3981,1.1703,1.6698,1.1762
24,2018-09-25,39,6-11,25.7143,27.8238,23.1033,33.6513,1.6034,1.3726,1.8931,1.3635
24,2018-09-25,39,12-17,13.2857,13.4170,10.6406,16.6232,1.3924,1.1857,1.6356,1.2266
24,2018-09-25,39,18-44,40.4286,41.1997,34.0335,49.2623,0.8623,0.7439,1.0076,0.7100
24,2018-09-25,39,45-64,23.7143,26.1575,21.4315,32.0007,0.8845,0.7592,1.0324,0.7135
24,2018-09-25,39,65+,13.8571,14.9783,11.7549,18.9318,1.0117,0.8557,1.2150,0.7846
25,2018-09-26,39,0-5,15.2857,17.5843,14.2657,21.6430,1.4898,1.2487,1.7777,1.1322
25,2018-09-26,39,6-11,24.5714,27.3083,22.7468,33.2116,1.6991,1.4508,1.9966,1.3415
25,2018-09-26,39,12-17,11.2857,13.1244,10.4115,16.3035,1.4641,1.2468,1.7255,1.1477
25,2018-09-26,39,18-44,38.8571,42.7576,35.5559,51.3259,0.9245,0.7965,1.0735,0.6956
25,2018-09-26,39,45-64,23.7143,26.6613,21.8083,32.4270,0.9540,0.8176,1.1157,0.7030
25,2018-09-26,39,65+,13.4286,16.0361,12.7179,20.1239,1.1122,0.9346,1.3434,0.7743
26,2018-09-27,39,0-5,15.7143,18.1727,14.6231,22.4224,1.5501,1.2983,1.8504,1.1732
26,2018-09-27,39,6-11,22.2857,27.0662,22.5252,32.8638,1.7599,1.4991,2.0729,1.3280
26,2018-09-27,39,12-17,11.0000,12.8143,10.2081,15.9206,1.5020,1.2780,1.7651,1.1693
26,2018-09-27,39,18-44,39.5714,44.2433,37.2219,53.1048,0.9590,0.8253,1.1123,0.7143
26,2018-09-27,39,45-64,24.0000,27.5447,22.7346,33.4992,0.9933,0.8507,1.1554,0.7234
26,2018-09-27,39,65+,14.0000,17.5375,14.0267,21.9302,1.1753,0.9879,1.4031,0.8019
27,2018-09-28,39,0-5,20.5714,19.0025,15.3343,23.2139,1.5601,1.3100,1.8630,1.5580
27,2018-09-28,39,6-11,28.4286,27.0580,22.5189,32.8106,1.7703,1.5084,2.0725,1.7698
27,2018-09-28,39,12-17,13.2857,12.6290,10.0389,15.7631,1.4939,1.2682,1.7509,1.5212
27,2018-09-28,39,18-44,51.1429,45.7687,38.7197,54.7740,0.9554,0.8228,1.1056,0.9518
27,2018-09-28,39,45-64,31.7143,28.5398,23.3880,34.7856,0.9894,0.8489,1.1503,0.9725
27,2018-09-28,39,65+,20.4286,19.2737,15.5448,24.0849,1.1820,0.9984,1.3972,1.1129
28,2018-09-29,39,0-5,21.8571,19.9114,16.2264,24.4952,1.5340,1.2930,1.8292,1.6622
28,2018-09-29,39,6-11,32.0000,27.3492,22.5505,33.2902,1.7351,1.4815,2.0339,1.9779
28,2018-09-29,39,12-17,14.5714,12.4277,9.8280,15.6114,1.4446,1.2325,1.6975,1.6859
28,2018-09-29,39,18-44,58.5714,47.0821,39.3505,55.9577,0.9193,0.7950,1.0685,1.0605
28,2018-09-29,39,45-64,36.7143,29.5527,24.0999,35.7495,0.9500,0.8143,1.1074,1.1030
28,2018-09-29,39,65+,27.7143,21.0506,17.0896,26.4939,1.1392,0.9579,1.3523,1.3214
29,2018-09-30,40,0-5,22.2857,21.0448,17.1704,25.8339,1.4893,1.2513,1.7700,1.5057
29,2018-09-30,40,6-11,29.8571,27.7505,22.8323,33.6783,1.6778,1.4335,1.9668,1.7431
29,2018-09-30,40,12-17,14.1429,12.3272,9.7603,15.5232,1.3785,1.1760,1.6257,1.5038
29,2018-09-30,40,18-44,53.5714,48.1611,40.3553,57.3155,0.8700,0.7547,1.0090,0.9254
29,2018-09-30,40,45-64,34.7143,30.4991,25.0269,37.1276,0.8938,0.7697,1.0395,0.9606
29,2018-09-30,40,65+,27.5714,22.9883,18.7499,28.5254,1.0686,0.9050,1.2668,1.1585
30,2018-10-01,40,0-5,23.2857,22.4538,18.4159,27.4783,1.4420,1.2077,1.7163,1.4594
30,2018-10-01,40,6-11,29.7143,28.4445,23.5258,34.3267,1.6229,1.3868,1.9113,1.6711
30,2018-10-01,40,12-17,14.0000,12.3772,9.7942,15.4994,1.3120,1.1193,1.5426,1.4305
30,2018-10-01,40,18-44,53.7143,49.2984,41.4956,58.6491,0.8218,0.7135,0.9498,0.8849
30,2018-10-01,40,45-64,34.5714,31.8548,26.2913,38.4241,0.8374,0.7217,0.9725,0.9204
30,2018-10-01,40,65+,31.1429,24.8462,20.3346,30.2741,0.9971,0.8436,1.1873,1.1427
31,2018-10-02,40,0-5,24.7143,24.0204,19.7170,29.2798,1.3944,1.1695,1.6678,1.4152
31,2018-10-02,40,6-11,29.8571,29.3211,24.4169,35.2355,1.5914,1.3554,1.8712,1.5932
31,2018-10-02,40,12-17,13.4286,12.5236,9.9630,15.7025,1.2572,1.0721,1.4786,1.3368
31,2018-10-02,40,18-44,51.8571,50.4064,42.4844,59.9572,0.7829,0.6809,0.9032,0.8283
31,2018-10-02,40,45-64,35.4286,33.2715,27.7045,40.1946,0.7909,0.6851,0.9164,0.8519
31,2018-10-02,40,65+,28.4286,26.5460,21.8583,32.1054,0.9383,0.7988,1.1043,1.0174
32,2018-10-03,40,0-5,27.1429,25.6429,21.2027,31.2170,1.3592,1.1344,1.6202,1.4423
32,2018-10-03,40,6-11,30.4286,30.6512,25.5435,36.7157,1.5761,1.3336,1.8451,1.5812
32,2018-10-03,40,12-17,13.1429,12.7416,10.1015,15.9054,1.2188,1.0369,1.4299,1.2981
32,2018-10-03,40,18-44,52.4286,51.5624,43.1529,61.1442,0.7548,0.6554,0.8687,0.8157
32,2018-10-03,40,45-64,35.4286,34.4788,28.9734,41.6856,0.7586,0.6539,0.8776,0.8310
32,2018-10-03,40,65+,29.2857,27.8226,22.9802,33.7604,0.8963,0.7562,1.0592,0.9940
33,2018-10-04,40,0-5,29.2857,27.2028,22.5061,33.0276,1.3333,1.1177,1.5844,1.4529
33,2018-10-04,40,6-11,32.1429,32.0731,26.7178,38.3942,1.5745,1.3429,1.8694,1.5953
33,2018-10-04,40,12-17,12.7143,12.9484,10.1573,16.0908,1.1984,1.0235,1.4075,1.2624
33,2018-10-04,40,18-44,52.1429,52.4781,44.0785,62.1586,0.7378,0.6434,0.8468,0.8027
33,2018-10-04,40,45-64,35.7143,35.5140,29.8898,42.9551,0.7386,0.6369,0.8556,0.8119
33,2018-10-04,40,65+,29.2857,28.6549,23.7663,34.5361,0.8680,0.7335,1.0302,0.9668
34,2018-10-05,40,0-5,29.2857,28.6210,23.8400,34.9218,1.3230,1.1122,1.5725,1.4022
34,2018-10-05,40,6-11,34.5714,33.7412,28.0316,40.6419,1.5992,1.3558,1.8907,1.6204
34,2018-10-05,40,12-17,12.8571,13.1198,10.3627,16.2560,1.1973,1.0239,1.4112,1.2576
34,2018-10-05,40,18-44,52.1429,52.9943,44.7270,62.5753,0.7336,0.6383,0.8440,0.7882
34,2018-10-05,40,45-64,35.8571,36.2159,30.4538,43.3146,0.7319,0.6326,0.8496,0.7969
34,2018-10-05,40,65+,29.0000,29.1049,24.2740,34.9571,0.8607,0.7300,1.0232,0.9419
35,2018-10-06,40,0-5,28.7143,29.8874,24.8674,36.1053,1.3256,1.1145,1.5766,1.2622
35,2018-10-06,40,6-11,33.2857,35.7736,29.6734,43.0209,1.6395,1.3874,1.9331,1.4516
35,2018-10-06,40,12-17,12.1429,13.2685,10.5472,16.4154,1.2176,1.0374,1.4315,1.1170
35,2018-10-06,40,18-44,44.7143,53.4548,45.0318,63.2863,0.7397,0.6435,0.8513,0.6756
35,2018-10-06,40,45-64,30.8571,36.5740,30.7055,43.9635,0.7376,0.6371,0.8545,0.6685
35,2018-10-06,40,65+,22.4286,29.4634,24.6593,35.4409,0.8679,0.7337,1.0235,0.7597
36,2018-10-07,41,0-5,30.8571,31.0007,25.5249,37.3320,1.3416,1.1243,1.5920,1.4004
36,2018-10-07,41,6-11,39.4286,38.2430,31.8624,45.6784,1.6955,1.4345,2.0049,1.7038
36,2018-10-07,41,12-17,13.7143,13.4689,10.7878,16.7676,1.2485,1.0582,1.4748,1.3156
36,2018-10-07,41,18-44,53.7143,54.1146,45.4919,64.2082,0.7527,0.6549,0.8656,0.8002
36,2018-10-07,41,45-64,37.2857,36.7028,30.8398,44.3888,0.7507,0.6492,0.8691,0.8064
36,2018-10-07,41,65+,27.2857,29.7418,24.5596,35.7541,0.8815,0.7485,1.0453,0.9248
37,2018-10-08,41,0-5,33.0000,31.9881,26.5311,38.5371,1.3609,1.1353,1.6216,1.3985
37,2018-10-08,41,6-11,40.4286,41.0924,34.3766,48.9200,1.7573,1.4845,2.0841,1.6519
37,2018-10-08,41,12-17,12.1429,13.7291,11.0142,17.1137,1.2854,1.0927,1.5164,1.2023
37,2018-10-08,41,18-44,51.7143,54.6173,45.9028,64.7424,0.7669,0.6684,0.8848,0.7629
37,2018-10-08,41,45-64,34.8571,36.7026,30.8195,44.4498,0.7639,0.6598,0.8863,0.7592
37,2018-10-08,41,65+,26.5714,29.9245,24.7759,35.8853,0.8923,0.7541,1.0508,0.8821
38,2018-10-09,41,0-5,32.0000,32.9744,27.3508,39.7140,1.3822,1.1597,1.6408,1.3536
38,2018-10-09,41,6-11,43.4286,44.5995,37.2203,53.0515,1.8278,1.5486,2.1487,1.6858
38,2018-10-09,41,12-17,13.8571,14.1220,11.2462,17.5935,1.3312,1.1351,1.5651,1.2754
38,2018-10-09,41,18-44,53.2857,55.3291,46.2770,65.4686,0.7829,0.6832,0.9024,0.7682
38,2018-10-09,41,45-64,33.7143,36.7913,30.6572,44.3042,0.7794,0.6725,0.9053,0.7722
38,2018-10-09,41,65+,30.0000,30.0284,24.8963,35.8882,0.9002,0.7633,1.0645,0.9301
39,2018-10-10,41,0-5,32.4286,34.0206,28.1205,40.9052,1.4058,1.1807,1.6697,1.3537
39,2018-10-10,41,6-11,48.1429,48.9396,40.9697,58.6366,1.9013,1.6073,2.2485,1.7478
39,2018-10-10,41,12-17,13.8571,14.6684,11.6049,18.3258,1.3796,1.1727,1.6178,1.2815
39,2018-10-10,41,18-44,55.5714,56.2919,46.9240,66.9103,0.7941,0.6934,0.9144,0.7805
39,2018-10-10,41,45-64,35.0000,37.2165,30.9034,44.7984,0.7859,0.6784,0.9137,0.7843
39,2018-10-10,41,65+,30.7143,30.0981,24.8392,36.1335,0.8933,0.7560,1.0552,0.9415
40,2018-10-11,41,0-5,33.7143,35.2675,29.2424,42.6852,1.4301,1.1988,1.7027,1.3583
40,2018-10-11,41,6-11,51.7143,54.4391,45.5722,65.1593,1.9767,1.6613,2.3551,1.7583
40,2018-10-11,41,12-17,14.7143,15.4192,12.1648,19.3392,1.4294,1.2151,1.6874,1.3020
40,2018-10-11,41,18-44,56.5714,57.4298,48.1215,68.5537,0.8026,0.7015,0.9183,0.7784
40,2018-10-11,41,45-64,36.0000,37.7688,31.4975,45.4767,0.7886,0.6820,0.9121,0.7806
40,2018-10-11,41,65+,30.4286,29.9674,24.7542,36.1608,0.8790,0.7446,1.0375,0.9254
41,2018-10-12,41,0-5,37.0000,36.9180,30.7220,44.5410,1.4456,1.2113,1.7281,1.4195
41,2018-10-12,41,6-11,59.2857,61.4815,51.5764,73.0353,2.0332,1.7135,2.4252,1.8487
41,2018-10-12,41,12-17,15.2857,16.4996,13.1487,20.5167,1.4720,1.2451,1.7425,1.3256
41,2018-10-12,41,18-44,58.8571,58.7869,49.2744,69.7537,0.8007,0.7004,0.9163,0.7972
41,2018-10-12,41,45-64,38.7143,38.6586,32.4192,46.5840,0.7788,0.6731,0.9011,0.7930
41,2018-10-12,41,65+,29.7143,29.6352,24.6105,35.6515,0.8490,0.7210,0.9996,0.9174
42,2018-10-13,41,0-5,40.0000,38.9066,32.2085,46.7716,1.4493,1.2172,1.7287,1.4998
42,2018-10-13,41,6-11,72.4286,70.1998,58.8304,83.1601,2.0753,1.7380,2.4625,2.0518
42,2018-10-13,41,12-17,18.1429,18.0278,14.5156,22.1795,1.5082,1.2748,1.7907,1.4788
42,2018-10-13,41,18-44,65.2857,60.3109,50.8273,71.5215,0.7912,0.6936,0.9044,0.8642
42,2018-10-13,41,45-64,44.1429,39.6898,33.1918,47.8215,0.7615,0.6604,0.8791,0.8668
42,2018-10-13,41,65+,33.5714,28.9830,24.0408,34.7210,0.8131,0.6936,0.9561,1.0041
43,2018-10-14,42,0-5,42.1429,41.2253,34.1004,49.4277,1.4487,1.2166,1.7333,1.4463
43,2018-10-14,42,6-11,78.1429,80.7885,67.8091,95.6703,2.0952,1.7685,2.4953,1.9594
43,2018-10-14,42,12-17,19.0000,20.1418,16.2344,24.8036,1.5306,1.2939,1.8084,1.4075
43,2018-10-14,42,18-44,63.4286,62.1716,52.3905,73.7015,0.7770,0.6805,0.8890,0.8071
43,2018-10-14,42,45-64,43.0000,40.7871,33.9352,48.8804,0.7388,0.6397,0.8555,0.8034
43,2018-10-14,42,65+,32.5714,28.1628,23.3473,33.8025,0.7752,0.6626,0.9099,0.9292
44,2018-10-15,42,0-5,42.1429,44.3397,36.7972,53.0142,1.4481,1.2145,1.7364,1.3855
44,2018-10-15,42,6-11,94.0000,93.9034,79.3899,111.3756,2.1061,1.7654,2.5096,2.0349
44,2018-10-15,42,12-17,23.0000,22.8738,18.5261,28.0225,1.5410,1.3022,1.8227,1.4815
44,2018-10-15,42,18-44,65.5714,64.5066,54.2888,76.5929,0.7609,0.6674,0.8692,0.7886
44,2018-10-15,42,45-64,44.8571,42.0171,34.7686,50.2292,0.7145,0.6194,0.8250,0.7751
44,2018-10-15,42,65+,27.8571,27.2953,22.7086,32.8552,0.7398,0.6333,0.8666,0.8414
45,2018-10-16,42,0-5,47.1429,47.8522,40.0398,57.5019,1.4509,1.2147,1.7367,1.4256
45,2018-10-16,42,6-11,113.0000,109.2779,92.6241,128.5090,2.0940,1.7586,2.4891,2.1166
45,2018-10-16,42,12-17,27.8571,26.2369,21.3458,31.9823,1.5458,1.3057,1.8223,1.5554
45,2018-10-16,42,18-44,68.5714,67.6662,57.1351,80.0235,0.7468,0.6556,0.8529,0.7848
45,2018-10-16,42,45-64,46.0000,43.1958,36.0729,51.5507,0.6937,0.6033,0.7985,0.7551
45,2018-10-16,42,65+,24.5714,26.5522,22.0262,31.9884,0.7090,0.6104,0.8331,0.7823
46,2018-10-17,42,0-5,52.7143,52.3499,43.6953,62.9272,1.4398,1.2065,1.7204,1.4441
46,2018-10-17,42,6-11,129.4286,127.0991,108.0616,149.1652,2.0662,1.7368,2.4385,2.0952
46,2018-10-17,42,12-17,31.4286,30.2652,24.6441,36.7537,1.5332,1.2965,1.8014,1.5315
46,2018-10-17,42,18-44,71.2857,71.6232,60.2160,84.4734,0.7289,0.6403,0.8276,0.7590
46,2018-10-17,42,45-64,44.4286,44.3817,36.9996,52.8829,0.6717,0.5843,0.7718,0.7150
46,2018-10-17,42,65+,23.4286,25.9111,21.3916,31.4944,0.6827,0.5863,0.7972,0.7341
47,2018-10-18,42,0-5,56.0000,57.5559,47.9569,68.9810,1.4158,1.1838,1.6853,1.4097
47,2018-10-18,42,6-11,141.7143,147.3213,125.4839,173.5188,2.0188,1.6965,2.3969,2.0131
47,2018-10-18,42,12-17,34.4286,35.0989,28.6769,42.4715,1.5101,1.2759,1.7763,1.4939
47,2018-10-18,42,18-44,74.4286,76.6045,64.2808,89.9282,0.7092,0.6241,0.8075,0.7366
47,2018-10-18,42,45-64,45.7143,45.7653,37.9892,54.3604,0.6498,0.5660,0.7467,0.6974
47,2018-10-18,42,65+,24.8571,25.5822,21.1507,31.1904,0.6560,0.5621,0.7653,0.7281
48,2018-10-19,42,0-5,65.0000,63.1446,52.9260,75.5214,1.3863,1.1643,1.6529,1.4858
48,2018-10-19,42,6-11,178.7143,169.4579,144.3290,197.7796,1.9605,1.6496,2.3481,2.1748
48,2018-10-19,42,12-17,43.0000,40.2298,33.0624,48.5122,1.4676,1.2498,1.7397,1.5985
48,2018-10-19,42,18-44,81.0000,82.4360,69.2328,96.9735,0.6903,0.6058,0.7879,0.7532
48,2018-10-19,42,45-64,45.1429,47.4647,39.3386,56.6158,0.6308,0.5486,0.7259,0.6973
48,2018-10-19,42,65+,26.1429,25.5329,21.0880,31.1833,0.6324,0.5442,0.7363,0.7292
49,2018-10-20,42,0-5,73.1429,69.3442,58.2793,82.4000,1.3481,1.1334,1.6063,1.5029
49,2018-10-20,42,6-11,200.4286,191.5018,163.6791,223.1072,1.9072,1.6043,2.2727,2.1283
49,2018-10-20,42,12-17,47.5714,45.6665,38.0378,54.7812,1.4311,1.2093,1.7093,1.5698
49,2018-10-20,42,18-44,90.2857,88.9389,75.2274,105.3300,0.6711,0.5905,0.7642,0.7490
49,2018-10-20,42,45-64,48.5714,49.3714,41.2337,58.9332,0.6136,0.5346,0.7055,0.6892
49,2018-10-20,42,65+,26.1429,25.6242,21.2511,31.4009,0.6116,0.5279,0.7108,0.7107
50,2018-10-21,43,0-5,77.0000,75.7431,63.9030,89.7994,1.3143,1.1017,1.5575,1.4341
50,2018-10-21,43,6-11,217.2857,214.8673,183.6216,249.7357,1.8617,1.5672,2.2053,2.0194
50,2018-10-21,43,12-17,53.5714,51.3724,43.1992,61.3421,1.3914,1.1756,1.6542,1.5394
50,2018-10-21,43,18-44,98.8571,96.9044,82.1926,114.3160,0.6529,0.5743,0.7434,0.7210
50,2018-10-21,43,45-64,51.0000,52.2080,43.7868,62.2998,0.5970,0.5202,0.6866,0.6628
50,2018-10-21,43,65+,25.2857,26.0453,21.5001,31.7163,0.5928,0.5115,0.6879,0.6691
51,2018-10-22,43,0-5,85.1429,82.4288,69.6857,97.9397,1.2854,1.0798,1.5326,1.4324
51,2018-10-22,43,6-11,240.4286,239.8318,207.1148,280.2154,1.8307,1.5398,2.1741,1.9819
51,2018-10-22,43,12-17,59.2857,57.0051,48.3099,68.1481,1.3703,1.1539,1.6234,1.5179
51,2018-10-22,43,18-44,109.5714,105.6757,89.8327,124.7360,0.6381,0.5631,0.7261,0.7159
51,2018-10-22,43,45-64,55.4286,55.8550,46.8522,66.7080,0.5844,0.5100,0.6700,0.6573
51,2018-10-22,43,65+,26.2857,26.7425,21.9788,32.4193,0.5771,0.4981,0.6684,0.6596
52,2018-10-23,43,0-5,90.7143,89.4405,75.6016,105.6373,1.2643,1.0603,1.5085,1.3874
52,2018-10-23,43,6-11,266.1429,266.1447,229.0779,310.6695,1.8066,1.5258,2.1625,1.9423
52,2018-10-23,43,12-17,64.5714,62.9859,53.2930,75.1591,1.3551,1.1444,1.6145,1.4783
52,2018-10-23,43,18-44,115.7143,114.6244,97.3623,135.2407,0.6271,0.5525,0.7128,0.6969
52,2018-10-23,43,45-64,59.2857,60.3266,50.6977,71.9017,0.5744,0.5012,0.6564,0.6440
52,2018-10-23,43,65+,29.2857,27.5929,22.6576,33.2324,0.5634,0.4861,0.6515,0.6582
53,2018-10-24,43,0-5,97.4286,96.9313,81.7669,115.0153,1.2533,1.0532,1.4952,1.3571
53,2018-10-24,43,6-11,291.7143,294.2387,251.8843,341.9840,1.8084,1.5270,2.1621,1.9042
53,2018-10-24,43,12-17,70.0000,69.6933,58.1962,82.2679,1.3615,1.1556,1.6158,1.4507
53,2018-10-24,43,18-44,122.2857,123.5034,104.8010,146.1811,0.6223,0.5489,0.7102,0.6837
53,2018-10-24,43,45-64,66.5714,65.3985,54.8510,77.4804,0.5682,0.4962,0.6518,0.6364
53,2018-10-24,43,65+,30.1429,28.5574,23.6218,34.4692,0.5522,0.4786,0.6388,0.6442
54,2018-10-25,43,0-5,102.1429,104.4546,87.9396,124.1863,1.2584,1.0524,1.5051,1.2952
54,2018-10-25,43,6-11,308.8571,325.5106,280.4666,378.5867,1.8201,1.5254,2.1691,1.8076
54,2018-10-25,43,12-17,71.7143,76.9158,64.4004,90.6875,1.3930,1.1749,1.6550,1.3518
54,2018-10-25,43,18-44,126.1429,132.8772,113.1927,157.8055,0.6246,0.5505,0.7107,0.6427
54,2018-10-25,43,45-64,67.5714,70.5038,59.2900,83.3669,0.5686,0.4961,0.6524,0.5925
54,2018-10-25,43,65+,28.8571,29.5200,24.5711,35.7637,0.5475,0.4737,0.6336,0.5914
55,2018-10-26,43,0-5,110.0000,112.5155,94.9844,133.5713,1.2708,1.0685,1.5195,1.3078
55,2018-10-26,43,6-11,364.0000,358.4472,309.5040,419.5141,1.8385,1.5400,2.1947,1.9097
55,2018-10-26,43,12-17,80.7143,85.3761,71.6340,100.9063,1.4404,1.2135,1.7263,1.3968
55,2018-10-26,43,18-44,139.4286,142.5260,122.0265,170.2580,0.6306,0.5563,0.7167,0.6579
55,2018-10-26,43,45-64,74.7143,75.8107,63.7124,89.3640,0.5726,0.5013,0.6561,0.6032
55,2018-10-26,43,65+,29.0000,30.5970,25.4100,37.0736,0.5464,0.4743,0.6303,0.5886
56,2018-10-27,43,0-5,116.8571,121.6213,103.1928,144.4794,1.2865,1.0794,1.5428,1.2894
56,2018-10-27,43,6-11,400.7143,396.1855,342.6637,463.3995,1.8532,1.5551,2.2180,1.8982
56,2018-10-27,43,12-17,93.1429,95.7463,81.4275,112.9949,1.5009,1.2622,1.7927,1.4385
56,2018-10-27,43,18-44,151.0000,153.7701,131.9484,183.3802,0.6373,0.5624,0.7256,0.6525
56,2018-10-27,43,45-64,79.2857,80.7814,68.2753,95.2065,0.5775,0.5054,0.6622,0.5977
56,2018-10-27,43,65+,29.7143,31.6774,26.1902,38.2823,0.5459,0.4744,0.6293,0.5754
57,2018-10-28,44,0-5,131.0000,131.7932,111.6649,157.4489,1.3068,1.0982,1.5524,1.3202
57,2018-10-28,44,6-11,429.5714,439.0167,379.7915,514.0974,1.8761,1.5859,2.2412,1.8623
57,2018-10-28,44,12-17,104.4286,109.1857,92.7685,128.9609,1.5622,1.3198,1.8615,1.4553
57,2018-10-28,44,18-44,167.4286,166.6605,142.3037,196.8461,0.6456,0.5698,0.7315,0.6566
57,2018-10-28,44,45-64,86.7143,86.0829,73.3035,101.9875,0.5822,0.5099,0.6642,0.6005
57,2018-10-28,44,65+,31.4286,32.9183,27.4642,39.9972,0.5453,0.4747,0.6266,0.5739
58,2018-10-29,44,0-5,141.4286,143.9758,122.1007,170.0203,1.3234,1.1159,1.5669,1.3117
58,2018-10-29,44,6-11,470.5714,486.8244,418.2452,569.9961,1.8961,1.5948,2.2663,1.8548
58,2018-10-29,44,12-17,123.4286,126.3714,106.7075,149.8227,1.6160,1.3605,1.9218,1.5126
58,2018-10-29,44,18-44,180.4286,181.9128,155.3162,214.8745,0.6514,0.5755,0.7386,0.6546
58,2018-10-29,44,45-64,92.2857,91.6415,77.9022,108.2570,0.5845,0.5133,0.6658,0.6013
58,2018-10-29,44,65+,35.7143,34.4582,28.7086,41.7252,0.5428,0.4740,0.6224,0.5805
59,2018-10-30,44,0-5,158.2857,157.6785,133.7048,184.8939,1.3313,1.1198,1.5889,1.3434
59,2018-10-30,44,6-11,536.7143,542.1895,467.3825,629.0692,1.9217,1.6067,2.2803,1.9119
59,2018-10-30,44,12-17,148.2857,147.9696,125.1682,175.3575,1.6527,1.3986,1.9777,1.5878
59,2018-10-30,44,18-44,200.4286,200.1001,170.0348,236.8909,0.6555,0.5786,0.7424,0.6643
59,2018-10-30,44,45-64,98.8571,97.4959,82.7614,114.6905,0.5843,0.5130,0.6662,0.6037
59,2018-10-30,44,65+,36.2857,36.2969,30.2060,43.8284,0.5380,0.4689,0.6175,0.5700
60,2018-10-31,44,0-5,172.7143,172.7735,147.3046,203.0615,1.3267,1.1142,1.5802,1.3395
60,2018-10-31,44,6-11,596.5714,607.2569,520.8196,704.3802,1.9150,1.6149,2.2949,1.9167
60,2018-10-31,44,12-17,174.7143,174.3194,148.1480,205.6281,1.6752,1.4206,2.0012,1.6211
60,2018-10-31,44,18-44,222.0000,220.9651,189.0321,261.1552,0.6530,0.5759,0.7415,0.6613
60,2018-10-31,44,45-64,104.1429,103.7577,88.3789,122.5898,0.5794,0.5087,0.6604,0.5969
60,2018-10-31,44,65+,38.5714,38.3145,31.7963,46.1230,0.5295,0.4629,0.6059,0.5596
61,2018-11-01,44,0-5,187.2857,190.0810,162.1279,223.2979,1.3100,1.1079,1.5632,1.3150
61,2018-11-01,44,6-11,651.0000,675.9205,581.5290,789.2034,1.8832,1.5819,2.2451,1.8754
61,2018-11-01,44,12-17,192.8571,205.6855,175.0006,242.9029,1.6730,1.4022,1.9940,1.5645
61,2018-11-01,44,18-44,239.2857,245.7761,209.7447,288.9161,0.6441,0.5692,0.7289,0.6413
61,2018-11-01,44,45-64,109.0000,111.1088,94.6794,130.5231,0.5692,0.5009,0.6466,0.5736
61,2018-11-01,44,65+,40.0000,40.7429,33.8868,48.8636,0.5169,0.4535,0.5905,0.5356
62,2018-11-02,44,0-5,212.5714,208.9382,177.8133,245.3148,1.2805,1.0776,1.5220,1.3695
62,2018-11-02,44,6-11,771.5714,750.3933,649.6431,872.1987,1.8260,1.5458,2.1651,2.0008
62,2018-11-02,44,12-17,255.2857,242.0251,206.5597,285.7605,1.6419,1.3793,1.9561,1.7612
62,2018-11-02,44,18-44,276.5714,273.6304,233.7648,321.8127,0.6280,0.5544,0.7100,0.6763
62,2018-11-02,44,45-64,122.1429,119.1767,101.1109,140.3394,0.5530,0.4871,0.6280,0.6049
62,2018-11-02,44,65+,44.7143,43.4943,36.2471,51.8773,0.4994,0.4379,0.5701,0.5568
63,2018-11-03,44,0-5,234.8571,227.8094,194.1244,267.2579,1.2403,1.0368,1.4738,1.3649
63,2018-11-03,44,6-11,856.5714,824.4000,717.8090,957.4084,1.7629,1.4842,2.1104,1.9807
63,2018-11-03,44,12-17,295.7143,282.5617,241.6712,331.5608,1.5866,1.3358,1.8966,1.7444
63,2018-11-03,44,18-44,312.2857,304.2256,260.0712,356.2606,0.6076,0.5353,0.6917,0.6700
63,2018-11-03,44,45-64,131.2857,128.1488,108.9395,150.7383,0.5339,0.4696,0.6081,0.5943
63,2018-11-03,44,65+,47.8571,46.3860,38.9444,55.0453,0.4807,0.4209,0.5491,0.5439
64,2018-11-04,45,0-5,255.4286,247.5766,212.0374,288.4449,1.1929,1.0016,1.4095,1.3398
64,2018-11-04,45,6-11,916.8571,897.4744,782.3986,1035.2937,1.6950,1.4277,2.0334,1.9054
64,2018-11-04,45,12-17,330.0000,325.0009,278.3760,380.3664,1.5240,1.2742,1.8137,1.6776
64,2018-11-04,45,18-44,354.7143,338.7187,289.1204,395.9120,0.5849,0.5163,0.6646,0.6562
64,2018-11-04,45,45-64,142.7143,138.5189,118.2985,163.1124,0.5128,0.4511,0.5835,0.5794
64,2018-11-04,45,65+,51.2857,49.6661,41.8502,58.9978,0.4592,0.4034,0.5241,0.5284
65,2018-11-05,45,0-5,273.7143,267.3028,229.4145,310.2871,1.1497,0.9644,1.3674,1.2998
65,2018-11-05,45,6-11,985.8571,967.5923,839.1375,1114.8768,1.6325,1.3588,1.9479,1.8442
65,2018-11-05,45,12-17,373.5714,368.7624,316.4383,429.9511,1.4599,1.2292,1.7405,1.6369
65,2018-11-05,45,18-44,389.8571,375.6275,322.6317,437.8570,0.5633,0.4959,0.6405,0.6362
65,2018-11-05,45,45-64,150.7143,150.3029,128.1506,177.5706,0.4928,0.4333,0.5602,0.5586
65,2018-11-05,45,65+,53.7143,53.1887,44.6672,63.0451,0.4394,0.3858,0.5017,0.5059
66,2018-11-06,45,0-5,289.7143,286.6752,244.5371,333.5140,1.1178,0.9378,1.3241,1.2575
66,2018-11-06,45,6-11,1045.1429,1032.8949,896.4160,1189.7282,1.5688,1.3281,1.8742,1.7827
66,2018-11-06,45,12-17,419.4286,411.0678,355.4179,477.4345,1.4071,1.1879,1.6828,1.6064
66,2018-11-06,45,18-44,422.5714,413.1751,355.0093,482.9673,0.5464,0.4814,0.6210,0.6199
66,2018-11-06,45,45-64,164.7143,163.4260,139.2069,191.8165,0.4779,0.4198,0.5434,0.5461
66,2018-11-06,45,65+,57.2857,56.6770,47.7327,67.4351,0.4247,0.3725,0.4852,0.4928
67,2018-11-07,45,0-5,301.7143,305.4636,260.1552,353.8611,1.0942,0.9165,1.3030,1.2076
67,2018-11-07,45,6-11,1095.5714,1087.5592,945.4483,1258.7931,1.5294,1.2888,1.8159,1.7161
67,2018-11-07,45,12-17,455.0000,450.6470,390.3581,524.5552,1.3692,1.1502,1.6434,1.5449
67,2018-11-07,45,18-44,448.5714,450.0186,386.6950,523.5767,0.5351,0.4715,0.6087,0.5979
67,2018-11-07,45,45-64,175.4286,176.7640,151.1586,207.6361,0.4678,0.4107,0.5324,0.5275
67,2018-11-07,45,65+,61.7143,60.0184,50.7336,71.4826,0.4135,0.3629,0.4717,0.4784
68,2018-11-08,45,0-5,310.1429,323.0002,275.4347,375.7866,1.0843,0.9119,1.3010,1.1481
68,2018-11-08,45,6-11,1120.7143,1136.9325,988.1203,1316.9831,1.5004,1.2649,1.8058,1.6253
68,2018-11-08,45,12-17,479.2857,489.5447,425.3166,572.0083,1.3420,1.1238,1.6051,1.4572
68,2018-11-08,45,18-44,459.2857,486.4616,414.6332,568.1200,0.5315,0.4690,0.6064,0.5639
68,2018-11-08,45,45-64,177.8571,190.7492,163.0318,223.4887,0.4643,0.4084,0.5304,0.4952
68,2018-11-08,45,65+,62.2857,62.7446,53.2005,74.3600,0.4087,0.3592,0.4652,0.4480
69,2018-11-09,45,0-5,339.2857,339.5851,291.6028,395.9110,1.0886,0.9124,1.2926,1.1775
69,2018-11-09,45,6-11,1186.1429,1180.6091,1027.5502,1357.9343,1.4939,1.2537,1.7818,1.6325
69,2018-11-09,45,12-17,531.1429,525.3564,458.9748,615.0805,1.3328,1.1082,1.5892,1.4783
69,2018-11-09,45,18-44,505.2857,520.8663,443.9569,606.5095,0.5353,0.4718,0.6121,0.5749
69,2018-11-09,45,45-64,198.2857,204.8161,175.2271,239.3117,0.4681,0.4118,0.5352,0.5043
69,2018-11-09,45,65+,63.7143,65.0966,55.4061,76.9178,0.4100,0.3603,0.4677,0.4495
70,2018-11-10,45,0-5,356.8571,355.2830,306.3877,416.4088,1.0985,0.9234,1.3118,1.1657
70,2018-11-10,45,6-11,1209.1429,1221.6520,1062.1977,1419.1751,1.4990,1.2611,1.7846,1.5879
70,2018-11-10,45,12-17,561.4286,557.9258,483.8754,647.2295,1.3314,1.1213,1.6002,1.4421
70,2018-11-10,45,18-44,541.0000,554.7868,478.1195,645.8383,0.5434,0.4779,0.6200,0.5682
70,2018-11-10,45,45-64,212.0000,219.2763,188.0235,256.3826,0.4756,0.4162,0.5426,0.4978
70,2018-11-10,45,65+,65.0000,67.1073,57.0262,78.9930,0.4153,0.3638,0.4728,0.4408
71,2018-11-11,46,0-5,365.7143,371.6023,321.0203,434.9489,1.1124,0.9371,1.3269,1.1394
71,2018-11-11,46,6-11,1241.2857,1258.0354,1088.6389,1464.8124,1.5091,1.2695,1.8032,1.5584
71,2018-11-11,46,12-17,577.7143,588.8244,508.3148,681.4950,1.3416,1.1256,1.6037,1.3934
71,2018-11-11,46,18-44,576.0000,591.3095,513.4967,690.9181,0.5557,0.4877,0.6363,0.5618
71,2018-11-11,46,45-64,229.8571,234.1323,200.8613,273.5903,0.4867,0.4262,0.5568,0.4934
71,2018-11-11,46,65+,66.1429,68.9621,58.4815,81.1199,0.4247,0.3724,0.4846,0.4346
72,2018-11-12,46,0-5,382.0000,387.7457,334.9189,453.2702,1.1341,0.9555,1.3489,1.1387
72,2018-11-12,46,6-11,1274.0000,1293.8196,1121.3685,1518.8757,1.5320,1.2915,1.8113,1.5471
72,2018-11-12,46,12-17,609.7143,620.0314,534.0480,718.0169,1.3616,1.1463,1.6288,1.3871
72,2018-11-12,46,18-44,622.1429,632.1215,548.2329,745.7772,0.5729,0.5027,0.6557,0.5654
72,2018-11-12,46,45-64,248.1429,249.5044,214.5293,293.9280,0.5029,0.4403,0.5755,0.4966
72,2018-11-12,46,65+,66.7143,71.4222,60.3315,84.1224,0.4393,0.3851,0.5016,0.4327
73,2018-11-13,46,0-5,404.2857,405.9540,350.0912,473.1671,1.1563,0.9737,1.3784,1.1598
73,2018-11-13,46,6-11,1328.8571,1329.3508,1152.4034,1556.9467,1.5582,1.3256,1.8584,1.5690
73,2018-11-13,46,12-17,656.7143,652.3005,561.6561,753.9630,1.3940,1.1721,1.6689,1.4147
73,2018-11-13,46,18-44,683.8571,678.5075,589.1899,796.9500,0.5910,0.5180,0.6787,0.5811
73,2018-11-13,46,45-64,268.0000,266.1798,228.3516,311.8611,0.5201,0.4554,0.5961,0.5109
73,2018-11-13,46,65+,73.0000,74.4134,62.8762,88.2953,0.4556,0.3998,0.5197,0.4462
74,2018-11-14,46,0-5,427.1429,424.2061,365.3780,494.3064,1.1817,0.9969,1.4062,1.1697
74,2018-11-14,46,6-11,1374.0000,1374.7223,1193.6719,1602.1695,1.5912,1.3420,1.8855,1.5702
74,2018-11-14,46,12-17,689.1429,687.4586,590.8950,795.1177,1.4396,1.2149,1.7140,1.4086
74,2018-11-14,46,18-44,734.0000,731.5732,628.2403,856.4854,0.6130,0.5379,0.7006,0.5859
74,2018-11-14,46,45-64,286.5714,284.7132,243.7380,331.6692,0.5418,0.4747,0.6185,0.5140
74,2018-11-14,46,65+,74.8571,78.3955,66.4429,92.8950,0.4766,0.4179,0.5431,0.4461
75,2018-11-15,46,0-5,438.4286,443.2273,382.6129,517.2450,1.2116,1.0283,1.4382,1.1466
75,2018-11-15,46,6-11,1408.0000,1424.3946,1242.7939,1646.6257,1.6167,1.3750,1.9189,1.5458
75,2018-11-15,46,12-17,699.7143,730.1771,628.9321,847.2510,1.4978,1.2652,1.7726,1.3607
75,2018-11-15,46,18-44,764.2857,793.1649,684.8231,925.1811,0.6382,0.5603,0.7322,0.5744
75,2018-11-15,46,45-64,293.4286,304.9652,262.3155,356.5049,0.5671,0.4967,0.6495,0.5016
75,2018-11-15,46,65+,76.4286,83.7813,70.9495,99.6370,0.5008,0.4390,0.5727,0.4352
76,2018-11-16,46,0-5,459.0000,464.9901,402.2564,539.6701,1.2432,1.0568,1.4610,1.1730
76,2018-11-16,46,6-11,1489.2857,1475.0751,1285.1318,1709.0843,1.6497,1.4047,1.9528,1.5978
76,2018-11-16,46,12-17,771.7143,780.6570,672.9583,916.2357,1.5580,1.3111,1.8588,1.4323
76,2018-11-16,46,18-44,857.2857,867.1603,747.2265,1007.9874,0.6637,0.5799,0.7590,0.6036
76,2018-11-16,46,45-64,325.7143,329.1493,281.8859,387.8060,0.5923,0.5183,0.6776,0.5313
76,2018-11-16,46,65+,87.8571,91.1658,77.0946,108.0210,0.5241,0.4594,0.5969,0.4638
77,2018-11-17,46,0-5,486.2857,489.4895,422.1216,569.8697,1.2677,1.0757,1.5018,1.2017
77,2018-11-17,46,6-11,1552.8571,1531.9382,1332.0262,1785.0925,1.6894,1.4332,2.0001,1.6257
77,2018-11-17,46,12-17,831.0000,846.2392,726.6638,989.9535,1.6299,1.3722,1.9309,1.4699
77,2018-11-17,46,18-44,954.8571,951.9805,823.0478,1103.9723,0.6876,0.6012,0.7881,0.6263
77,2018-11-17,46,45-64,355.2857,357.1444,306.1654,418.4868,0.6162,0.5385,0.7046,0.5530
77,2018-11-17,46,65+,100.5714,100.2441,84.8665,118.3300,0.5440,0.4770,0.6199,0.4871
78,2018-11-18,47,0-5,521.7143,518.2925,444.9472,600.8592,1.2860,1.0911,1.5169,1.2358
78,2018-11-18,47,6-11,1599.8571,1602.1409,1387.7039,1862.7142,1.7281,1.4666,2.0340,1.6406
78,2018-11-18,47,12-17,916.5714,926.2828,800.5893,1086.6451,1.6913,1.4357,2.0205,1.5264
78,2018-11-18,47,18-44,1062.8571,1047.3265,903.0318,1219.3245,0.7083,0.6189,0.8140,0.6500
78,2018-11-18,47,45-64,394.1429,390.2319,333.8416,459.3833,0.6362,0.5570,0.7293,0.5772
78,2018-11-18,47,65+,114.5714,110.4789,94.1644,130.0078,0.5580,0.4897,0.6368,0.5111
79,2018-11-19,47,0-5,549.8571,547.2893,470.6160,637.5633,1.3041,1.1044,1.5329,1.2543
79,2018-11-19,47,6-11,1667.5714,1674.7360,1446.6147,1948.9964,1.7705,1.5086,2.0831,1.6655
79,2018-11-19,47,12-17,1021.8571,1029.9876,883.3600,1193.3191,1.7585,1.4784,2.0740,1.5870
79,2018-11-19,47,18-44,1184.1429,1159.0856,997.8737,1354.1815,0.7301,0.6378,0.8363,0.6725
79,2018-11-19,47,45-64,436.1429,429.5671,369.4944,505.5852,0.6565,0.5753,0.7498,0.6011
79,2018-11-19,47,65+,132.8571,121.5130,103.7947,143.2232,0.5704,0.5014,0.6490,0.5366
80,2018-11-20,47,0-5,585.0000,579.5912,499.5554,674.5105,1.3254,1.1277,1.5518,1.2709
80,2018-11-20,47,6-11,1746.2857,1768.9953,1540.4425,2062.8561,1.8179,1.5474,2.1309,1.6868
80,2018-11-20,47,12-17,1166.4286,1159.3070,993.9501,1338.5436,1.8141,1.5355,2.1483,1.6582
80,2018-11-20,47,18-44,1302.5714,1285.8422,1114.3070,1501.9691,0.7504,0.6562,0.8621,0.6887
80,2018-11-20,47,45-64,482.5714,476.5693,409.0743,559.4798,0.6759,0.5915,0.7727,0.6170
80,2018-11-20,47,65+,139.7143,132.8566,113.6408,156.1870,0.5814,0.5110,0.6635,0.5433
81,2018-11-21,47,0-5,614.7143,615.4023,529.6366,713.2491,1.3472,1.1509,1.5869,1.2683
81,2018-11-21,47,6-11,1844.5714,1885.5156,1639.5471,2192.0490,1.8669,1.5899,2.2007,1.6997
81,2018-11-21,47,12-17,1283.0000,1311.7787,1124.8046,1515.6344,1.8667,1.5751,2.2157,1.6685
81,2018-11-21,47,18-44,1410.7143,1433.6102,1234.0392,1661.8873,0.7727,0.6771,0.8901,0.6927
81,2018-11-21,47,45-64,528.0000,532.1052,457.7512,621.7910,0.6960,0.6094,0.7966,0.6201
81,2018-11-21,47,65+,145.4286,144.9256,123.8453,169.5997,0.5929,0.5210,0.6746,0.5409
82,2018-11-22,47,0-5,635.0000,657.3413,562.7218,761.7033,1.3637,1.1605,1.6063,1.2408
82,2018-11-22,47,6-11,1939.2857,2029.7534,1757.0290,2363.1719,1.9081,1.6283,2.2572,1.6881
82,2018-11-22,47,12-17,1391.8571,1492.6778,1285.1299,1736.0302,1.9067,1.6063,2.2589,1.6455
82,2018-11-22,47,18-44,1489.1429,1607.3115,1384.2156,1865.1183,0.7916,0.6914,0.9142,0.6807
82,2018-11-22,47,45-64,558.2857,598.9414,516.4783,700.1009,0.7118,0.6222,0.8162,0.6077
82,2018-11-22,47,65+,149.5714,156.7839,134.4691,184.2988,0.6006,0.5274,0.6841,0.5267
83,2018-11-23,47,0-5,706.4286,699.9844,600.1510,816.5071,1.3728,1.1715,1.6063,1.3509
83,2018-11-23,47,6-11,2243.1429,2201.0141,1904.8906,2556.2463,1.9248,1.6455,2.2548,1.8805
83,2018-11-23,47,12-17,1783.5714,1709.8493,1472.5584,1991.3437,1.9164,1.6202,2.2620,1.9079
83,2018-11-23,47,18-44,1828.2857,1811.1371,1552.4665,2105.9084,0.8015,0.6989,0.9225,0.7696
83,2018-11-23,47,45-64,694.4286,677.4197,580.3629,785.2293,0.7190,0.6277,0.8228,0.6931
83,2018-11-23,47,65+,172.8571,169.1450,144.3378,199.8022,0.6030,0.5292,0.6859,0.5915
84,2018-11-24,47,0-5,753.8571,748.1713,643.0928,872.7336,1.3705,1.1660,1.6089,1.3712
84,2018-11-24,47,6-11,2453.8571,2394.5093,2065.0489,2797.2767,1.9221,1.6330,2.2627,1.9264
84,2018-11-24,47,12-17,2055.4286,1956.0196,1680.6807,2272.9560,1.8945,1.6065,2.2385,1.9550
84,2018-11-24,47,18-44,2108.1429,2032.5839,1739.0674,2372.8257,0.8001,0.6984,0.9204,0.7946
84,2018-11-24,47,45-64,797.5714,761.7859,653.3007,886.9704,0.7155,0.6252,0.8180,0.7150
84,2018-11-24,47,65+,184.7143,182.0144,155.5346,213.8673,0.5979,0.5253,0.6802,0.6028
85,2018-11-25,48,0-5,811.5714,802.2525,689.4081,938.7208,1.3554,1.1548,1.5901,1.3730
85,2018-11-25,48,6-11,2630.4286,2609.7418,2245.6345,3061.6654,1.9017,1.6189,2.2373,1.9129
85,2018-11-25,48,12-17,2269.2857,2225.9512,1910.9962,2590.3126,1.8624,1.5678,2.2040,1.9110
85,2018-11-25,48,18-44,2384.0000,2289.1164,1958.9822,2688.1975,0.7913,0.6901,0.9108,0.7966
85,2018-11-25,48,45-64,894.8571,858.5327,733.9494,998.6971,0.7062,0.6175,0.8078,0.7142
85,2018-11-25,48,65+,202.1429,196.9422,168.4285,230.6306,0.5887,0.5178,0.6691,0.6011
86,2018-11-26,48,0-5,867.8571,863.7948,743.2071,1010.6830,1.3414,1.1423,1.5714,1.3600
86,2018-11-26,48,6-11,2845.4286,2853.4086,2439.1094,3339.4593,1.8851,1.6044,2.2076,1.8998
86,2018-11-26,48,12-17,2539.8571,2511.8470,2155.2507,2920.0016,1.8286,1.5532,2.1638,1.8852
86,2018-11-26,48,18-44,2655.2857,2584.8117,2215.3375,3018.3835,0.7812,0.6813,0.9045,0.7910
86,2018-11-26,48,45-64,993.0000,974.0270,828.7602,1128.5805,0.6962,0.6083,0.8002,0.7062
86,2018-11-26,48,65+,208.8571,215.4391,184.0911,251.4669,0.5802,0.5101,0.6608,0.5873
87,2018-11-27,48,0-5,940.5714,936.6902,806.7672,1095.7183,1.3302,1.1367,1.5630,1.3537
87,2018-11-27,48,6-11,3108.2857,3111.8840,2664.5298,3629.9176,1.8712,1.5951,2.1983,1.8954
87,2018-11-27,48,12-17,2807.1429,2820.4815,2421.3327,3291.7560,1.7999,1.5210,2.1437,1.8516
87,2018-11-27,48,18-44,2913.5714,2905.8843,2500.6680,3390.2983,0.7764,0.6765,0.8955,0.7845
87,2018-11-27,48,45-64,1096.5714,1099.6726,936.1512,1276.1647,0.6912,0.6035,0.7929,0.6990
87,2018-11-27,48,65+,234.1429,236.3209,203.1199,276.4355,0.5758,0.5059,0.6555,0.5841
88,2018-11-28,48,0-5,1010.5714,1018.3132,875.8337,1182.8916,1.3183,1.1202,1.5535,1.3439
88,2018-11-28,48,6-11,3392.7143,3407.3976,2938.9532,3961.3906,1.8584,1.5840,2.1884,1.8940
88,2018-11-28,48,12-17,3123.7143,3141.7804,2710.6647,3677.3206,1.7835,1.5103,2.0958,1.8403
88,2018-11-28,48,18-44,3203.5714,3257.9998,2793.5607,3806.3312,0.7716,0.6739,0.8954,0.7821
88,2018-11-28,48,45-64,1220.7143,1238.0975,1060.6600,1447.4973,0.6881,0.6019,0.7924,0.6980
88,2018-11-28,48,65+,266.4286,261.2680,223.9666,306.7457,0.5727,0.5039,0.6542,0.5868
89,2018-11-29,48,0-5,1077.7143,1106.0403,949.7526,1281.0955,1.3067,1.1150,1.5367,1.3063
89,2018-11-29,48,6-11,3609.4286,3710.7045,3204.3421,4331.5034,1.8329,1.5588,2.1544,1.8344
89,2018-11-29,48,12-17,3303.7143,3479.8564,2995.2252,4060.3461,1.7664,1.4954,2.0789,1.7487
89,2018-11-29,48,18-44,3395.2857,3629.8813,3118.0321,4234.0868,0.7684,0.6688,0.8894,0.7510
89,2018-11-29,48,45-64,1281.7143,1389.6313,1199.2404,1632.6949,0.6868,0.5996,0.7884,0.6657
89,2018-11-29,48,65+,273.4286,288.5596,247.0639,338.6909,0.5715,0.5014,0.6503,0.5572
90,2018-11-30,48,0-5,1201.2857,1195.7744,1024.5421,1386.8164,1.2934,1.1039,1.5161,1.3759
90,2018-11-30,48,6-11,4120.7143,4021.6711,3475.6398,4687.2256,1.8066,1.5412,2.1167,1.9488
90,2018-11-30,48,12-17,3896.0000,3836.6644,3297.8881,4453.1924,1.7362,1.4670,2.0551,1.8787
90,2018-11-30,48,18-44,4026.1429,4030.8689,3472.2083,4684.8027,0.7607,0.6638,0.8848,0.8077
90,2018-11-30,48,45-64,1548.7143,1553.6473,1341.7597,1827.9325,0.6813,0.5940,0.7841,0.7201
90,2018-11-30,48,65+,313.0000,317.3801,271.4988,370.4631,0.5666,0.4971,0.6467,0.5990
91,2018-12-01,48,0-5,1311.0000,1291.3228,1109.0934,1498.2427,1.2706,1.0802,1.4969,1.3813
91,2018-12-01,48,6-11,4439.5714,4342.4821,3745.2624,5076.2159,1.7727,1.5146,2.0824,1.9353
91,2018-12-01,48,12-17,4250.5714,4197.7928,3633.0909,4846.1522,1.6895,1.4287,1.9899,1.8598
91,2018-12-01,48,18-44,4514.7143,4432.7245,3823.4460,5149.1738,0.7485,0.6526,0.8660,0.8132
91,2018-12-01,48,45-64,1751.8571,1729.2436,1487.1096,2022.4013,0.6703,0.5858,0.7705,0.7260
91,2018-12-01,48,65+,350.2857,345.5572,296.7938,404.9652,0.5579,0.4908,0.6355,0.6050
92,2018-12-02,49,0-5,1408.8571,1391.5025,1196.9813,1613.4185,1.2481,1.0627,1.4639,1.3623
92,2018-12-02,49,6-11,4707.8571,4658.4252,4034.3169,5399.1174,1.7357,1.4720,2.0412,1.8913
92,2018-12-02,49,12-17,4560.0000,4548.9405,3945.0986,5250.3115,1.6453,1.4001,1.9516,1.8137
92,2018-12-02,49,18-44,4985.7143,4844.9669,4176.3599,5638.3154,0.7356,0.6392,0.8531,0.8056
92,2018-12-02,49,45-64,1966.4286,1912.9083,1642.8630,2231.3887,0.6592,0.5740,0.7594,0.7211
92,2018-12-02,49,65+,383.1429,375.2673,321.3300,439.9811,0.5486,0.4814,0.6264,0.6007
93,2018-12-03,49,0-5,1515.4286,1492.5305,1281.5614,1737.1572,1.2287,1.0437,1.4412,1.3418
93,2018-12-03,49,6-11,5019.0000,4977.4568,4310.2907,5781.1861,1.7047,1.4563,1.9999,1.8576
93,2018-12-03,49,12-17,4971.8571,4896.7467,4226.8577,5647.1105,1.6105,1.3698,1.9009,1.7919
93,2018-12-03,49,18-44,5418.4286,5268.2706,4554.3592,6138.3842,0.7234,0.6287,0.8367,0.7953
93,2018-12-03,49,45-64,2167.8571,2095.0611,1809.1539,2445.1134,0.6479,0.5643,0.7453,0.7135
93,2018-12-03,49,65+,421.4286,406.5636,349.8820,476.6653,0.5393,0.4731,0.6157,0.5950
94,2018-12-04,49,0-5,1603.2857,1599.1198,1385.2269,1858.9780,1.2170,1.0318,1.4272,1.3069
94,2018-12-04,49,6-11,5334.7143,5295.1758,4580.2780,6124.3096,1.6836,1.4344,1.9840,1.8179
94,2018-12-04,49,12-17,5329.0000,5220.8001,4488.6339,6057.5858,1.5793,1.3431,1.8554,1.7498
94,2018-12-04,49,18-44,5794.2857,5694.7429,4891.2155,6642.8658,0.7145,0.6193,0.8286,0.7762
94,2018-12-04,49,45-64,2337.2857,2294.8846,1983.3892,2668.6013,0.6410,0.5564,0.7384,0.6964
94,2018-12-04,49,65+,443.7143,440.0355,377.7658,512.0395,0.5356,0.4684,0.6118,0.5786
95,2018-12-05,49,0-5,1712.8571,1712.0061,1487.5521,1992.3368,1.2151,1.0345,1.4333,1.2798
95,2018-12-05,49,6-11,5616.4286,5608.0436,4839.2328,6493.0059,1.6802,1.4377,1.9703,1.7710
95,2018-12-05,49,12-17,5573.5714,5525.8293,4767.3713,6422.6774,1.5614,1.3239,1.8429,1.6860
95,2018-12-05,49,18-44,6109.7143,6120.4327,5279.4485,7139.3029,0.7148,0.6202,0.8278,0.7540
95,2018-12-05,49,45-64,2478.5714,2502.6000,2157.1762,2928.9460,0.6429,0.5585,0.7395,0.6749
95,2018-12-05,49,65+,468.0000,475.7088,409.6713,554.6429,0.5397,0.4722,0.6156,0.5610
96,2018-12-06,49,0-5,1780.2857,1835.6404,1588.2494,2138.2925,1.2369,1.0532,1.4545,1.2282
96,2018-12-06,49,6-11,5761.8571,5951.1889,5123.1859,6845.3030,1.7011,1.4450,2.0046,1.6925
96,2018-12-06,49,12-17,5689.8571,5820.1773,5028.3265,6745.5277,1.5763,1.3343,1.8573,1.5988
96,2018-12-06,49,18-44,6264.4286,6565.4421,5680.6809,7626.9503,0.7281,0.6335,0.8438,0.7184
96,2018-12-06,49,45-64,2543.8571,2722.1222,2346.4305,3176.9483,0.6562,0.5711,0.7571,0.6417
96,2018-12-06,49,65+,482.2857,517.7103,443.8138,602.0738,0.5524,0.4838,0.6314,0.5340
97,2018-12-07,49,0-5,1967.4286,1966.5463,1702.9956,2287.7903,1.2666,1.0790,1.4876,1.2698
97,2018-12-07,49,6-11,6254.1429,6308.0519,5482.4155,7279.4055,1.7273,1.4737,2.0222,1.7379
97,2018-12-07,49,12-17,6069.7143,6112.5002,5328.9943,7099.7654,1.5985,1.3599,1.8830,1.6232
97,2018-12-07,49,18-44,6844.8571,7038.6122,6089.7124,8140.3918,0.7490,0.6493,0.8645,0.7408
97,2018-12-07,49,45-64,2848.0000,2962.1366,2538.6714,3452.1519,0.6767,0.5885,0.7788,0.6637
97,2018-12-07,49,65+,551.1429,563.5335,481.9906,655.7537,0.5712,0.5014,0.6522,0.5569
98,2018-12-08,49,0-5,2103.5714,2113.3756,1821.8922,2457.5252,1.2974,1.1042,1.5269,1.2739
98,2018-12-08,49,6-11,6624.1429,6694.9236,5813.0816,7735.1290,1.7592,1.5070,2.0646,1.7391
98,2018-12-08,49,12-17,6312.0000,6432.9429,5589.6789,7510.1332,1.6339,1.3923,1.9217,1.6085
98,2018-12-08,49,18-44,7341.8571,7572.0136,6525.5565,8791.5933,0.7711,0.6698,0.8924,0.7441
98,2018-12-08,49,45-64,3080.8571,3217.3591,2751.1993,3759.5370,0.7007,0.6092,0.8074,0.6672
98,2018-12-08,49,65+,591.0000,613.6448,526.3272,715.3193,0.5939,0.5203,0.6773,0.5604
99,2018-12-09,50,0-5,2231.0000,2273.6103,1956.1033,2651.1785,1.3386,1.1407,1.5703,1.2789
99,2018-12-09,50,6-11,6948.4286,7121.0722,6136.4755,8235.7923,1.8036,1.5503,2.1120,1.7398
99,2018-12-09,50,12-17,6597.7143,6779.0193,5881.8399,7921.0216,1.6700,1.4257,1.9749,1.6129
99,2018-12-09,50,18-44,7976.8571,8155.7431,7022.6240,9477.0536,0.7968,0.6931,0.9224,0.7561
99,2018-12-09,50,45-64,3428.2857,3501.7163,3017.6912,4136.1634,0.7256,0.6331,0.8355,0.6824
99,2018-12-09,50,65+,651.7143,667.9096,575.1560,782.2399,0.6170,0.5418,0.7035,0.5749
100,2018-12-10,50,0-5,2411.1429,2455.0582,2116.3871,2886.2930,1.3758,1.1761,1.6071,1.3039
100,2018-12-10,50,6-11,7445.7143,7601.1683,6558.4535,8739.6980,1.8431,1.5775,2.1685,1.7717
100,2018-12-10,50,12-17,7008.7143,7179.8581,6198.8564,8357.9108,1.7069,1.4507,1.9947,1.6419
100,2018-12-10,50,18-44,8748.7143,8813.8655,7587.9453,10247.9436,0.8197,0.7134,0.9493,0.7770
100,2018-12-10,50,45-64,3829.0000,3845.1262,3304.0637,4490.5853,0.7504,0.6537,0.8644,0.7044
100,2018-12-10,50,65+,722.7143,732.6491,629.1632,856.4895,0.6406,0.5617,0.7312,0.5945
101,2018-12-11,50,0-5,2663.1429,2664.6392,2307.9808,3126.1164,1.4076,1.2065,1.6541,1.3468
101,2018-12-11,50,6-11,8084.7143,8165.3158,7062.1223,9364.0978,1.8762,1.5984,2.1933,1.8219
101,2018-12-11,50,12-17,7576.4286,7617.9090,6604.7721,8880.4001,1.7266,1.4742,2.0288,1.6914
101,2018-12-11,50,18-44,9670.4286,9555.4115,8270.2969,11155.0340,0.8405,0.7315,0.9769,0.8051
101,2018-12-11,50,45-64,4304.1429,4231.8454,3669.0990,4906.0052,0.7715,0.6706,0.8905,0.7329
101,2018-12-11,50,65+,832.1429,808.9383,693.0216,949.8376,0.6610,0.5790,0.7557,0.6225
102,2018-12-12,50,0-5,2903.4286,2917.2910,2523.3132,3411.4746,1.4330,1.2221,1.6778,1.3576
102,2018-12-12,50,6-11,8677.7143,8753.0620,7570.7449,10155.5620,1.8954,1.6365,2.2157,1.8315
102,2018-12-12,50,12-17,8028.0000,8139.4270,7001.9578,9437.4504,1.7488,1.4964,2.0476,1.6959
102,2018-12-12,50,18-44,10431.1429,10388.8281,8964.2194,12182.2622,0.8576,0.7455,0.9917,0.8110
102,2018-12-12,50,45-64,4745.2857,4676.1677,4035.9509,5435.4834,0.7894,0.6864,0.9094,0.7402
102,2018-12-12,50,65+,907.0000,898.6007,771.4183,1052.5556,0.6787,0.5945,0.7745,0.6288
103,2018-12-13,50,0-5,3115.0000,3207.8073,2750.3255,3741.1112,1.4403,1.2342,1.6829,1.3336
103,2018-12-13,50,6-11,9169.0000,9433.4595,8164.7891,10938.7254,1.9030,1.6382,2.2281,1.7951
103,2018-12-13,50,12-17,8299.4286,8691.0832,7486.4023,10071.2559,1.7519,1.4967,2.0446,1.6469
103,2018-12-13,50,18-44,10916.1429,11388.7102,9867.7437,13319.3319,0.8674,0.7557,1.0037,0.7894
103,2018-12-13,50,45-64,4953.2857,5213.4577,4472.7311,6078.3087,0.8012,0.6981,0.9222,0.7181
103,2018-12-13,50,65+,947.1429,1006.3993,862.6259,1179.9817,0.6916,0.6067,0.7897,0.6095
104,2018-12-14,50,0-5,3581.4286,3522.4285,3025.4307,4098.5670,1.4333,1.2256,1.6774,1.4286
104,2018-12-14,50,6-11,10385.8571,10205.2406,8809.8542,11846.7912,1.8871,1.6205,2.2063,1.9166
104,2018-12-14,50,12-17,9231.2857,9276.9451,7934.2947,10739.6732,1.7348,1.4844,2.0347,1.7534
104,2018-12-14,50,18-44,12586.5714,12485.0632,10789.5018,14575.9675,0.8664,0.7536,1.0011,0.8515
104,2018-12-14,50,45-64,5890.4286,5806.6455,4993.3606,6735.0720,0.8029,0.6983,0.9249,0.7802
104,2018-12-14,50,65+,1150.1429,1131.0479,972.0401,1316.4993,0.6974,0.6108,0.7962,0.6679
105,2018-12-15,50,0-5,3918.0000,3853.3303,3342.8800,4471.7367,1.4063,1.2000,1.6439,1.4400
105,2018-12-15,50,6-11,11112.5714,10981.6281,9474.1519,12760.1042,1.8459,1.5889,2.1479,1.9176
105,2018-12-15,50,12-17,9814.5714,9846.4395,8470.0568,11419.0596,1.6970,1.4479,1.9771,1.7588
105,2018-12-15,50,18-44,13929.4286,13710.1162,11817.5063,15961.7833,0.8505,0.7396,0.9830,0.8630
105,2018-12-15,50,45-64,6545.5714,6444.2452,5544.5747,7453.6286,0.7904,0.6885,0.9107,0.7929
105,2018-12-15,50,65+,1286.8571,1272.8116,1089.3396,1481.6692,0.6902,0.6047,0.7888,0.6803
106,2018-12-16,51,0-5,4254.8571,4204.4716,3644.2962,4887.2229,1.3583,1.1601,1.5836,1.4367
106,2018-12-16,51,6-11,11723.5714,11736.5088,10070.2630,13671.2487,1.7732,1.5280,2.0766,1.8947
106,2018-12-16,51,12-17,10349.2857,10392.2708,8994.5851,12057.6407,1.6185,1.3953,1.8943,1.7481
106,2018-12-16,51,18-44,15320.1429,14964.0190,12911.7112,17384.6947,0.8191,0.7118,0.9452,0.8672
106,2018-12-16,51,45-64,7298.4286,7113.9130,6104.6647,8304.1405,0.7632,0.6641,0.8779,0.8009
106,2018-12-16,51,65+,1451.1429,1427.1086,1227.1607,1668.7120,0.6704,0.5870,0.7651,0.6901
107,2018-12-17,51,0-5,4591.5714,4556.9561,3929.7239,5306.0637,1.2991,1.1106,1.5224,1.4203
107,2018-12-17,51,6-11,12394.5714,12459.3461,10733.1619,14366.1016,1.6869,1.4382,1.9749,1.8667
107,2018-12-17,51,12-17,10853.1429,10872.6825,9376.8244,12523.6118,1.5251,1.3128,1.7873,1.7235
107,2018-12-17,51,18-44,16527.7143,16115.7634,13945.8507,18874.1201,0.7782,0.6774,0.8969,0.8605
107,2018-12-17,51,45-64,7988.8571,7779.6017,6689.6574,9056.1898,0.7261,0.6316,0.8351,0.7979
107,2018-12-17,51,65+,1633.0000,1594.6254,1367.6295,1863.5318,0.6423,0.5627,0.7342,0.6923
108,2018-12-18,51,0-5,4932.8571,4908.0033,4217.5310,5698.8855,1.2319,1.0496,1.4443,1.3999
108,2018-12-18,51,6-11,13044.5714,13037.0224,11273.7999,15127.8859,1.5886,1.3563,1.8585,1.8348
108,2018-12-18,51,12-17,11291.0000,11201.7146,9677.9807,12967.7624,1.4166,1.2115,1.6649,1.6912
108,2018-12-18,51,18-44,17627.7143,17181.6556,14806.4663,20081.9149,0.7321,0.6377,0.8464,0.8494
108,2018-12-18,51,45-64,8654.0000,8386.6223,7255.2229,9743.8093,0.6839,0.5950,0.7899,0.7904
108,2018-12-18,51,65+,1820.4286,1761.0205,1525.3325,2054.2754,0.6105,0.5344,0.6988,0.6904
109,2018-12-19,51,0-5,5266.1429,5212.0207,4498.6498,6037.9720,1.1633,0.9928,1.3664,1.3760
109,2018-12-19,51,6-11,13663.5714,13483.9520,11701.7687,15549.6093,1.4915,1.2749,1.7497,1.7995
109,2018-12-19,51,12-17,11598.2857,11303.0248,9828.7613,13101.4286,1.3108,1.1203,1.5339,1.6489
109,2018-12-19,51,18-44,18591.5714,17949.2745,15552.6922,20888.0707,0.6871,0.5979,0.7954,0.8342
109,2018-12-19,51,45-64,9257.0000,8919.4206,7706.5761,10395.5543,0.6424,0.5575,0.7425,0.7780
109,2018-12-19,51,65+,1991.0000,1921.7053,1665.3463,2239.2010,0.5778,0.5045,0.6618,0.6834
110,2018-12-20,51,0-5,5490.2857,5460.4987,4734.8678,6331.7885,1.1007,0.9385,1.2944,1.3212
110,2018-12-20,51,6-11,13955.0000,13713.3730,11987.1231,15846.2034,1.3973,1.1915,1.6388,1.7229
110,2018-12-20,51,12-17,11650.8571,11236.0705,9666.3355,12958.6269,1.2157,1.0366,1.4274,1.5716
110,2018-12-20,51,18-44,18902.1429,18456.5921,16040.7046,21307.6143,0.6461,0.5618,0.7463,0.7958
110,2018-12-20,51,45-64,9472.4286,9331.8160,8097.5103,10869.4966,0.6060,0.5252,0.7000,0.7415
110,2018-12-20,51,65+,2042.5714,2067.3094,1789.0516,2417.4632,0.5490,0.4785,0.6288,0.6513
111,2018-12-21,51,0-5,5851.1429,5659.8707,4931.2744,6561.6287,1.0498,0.8922,1.2349,1.3058
111,2018-12-21,51,6-11,14160.7143,13781.4140,12036.8951,15836.5462,1.3163,1.1269,1.5355,1.6734
111,2018-12-21,51,12-17,11344.8571,10940.0727,9479.4661,12528.4215,1.1288,0.9639,1.3242,1.5046
111,2018-12-21,51,18-44,19401.0000,18682.3084,16194.1794,21527.3636,0.6132,0.5317,0.7070,0.7808
111,2018-12-21,51,45-64,10080.5714,9608.1425,8370.5714,11210.0852,0.5757,0.4986,0.6648,0.7323
111,2018-12-21,51,65+,2300.4286,2186.5623,1888.2858,2547.3926,0.5250,0.4577,0.6021,0.6545
112,2018-12-22,51,0-5,5635.8571,5779.1841,5032.8831,6686.5516,1.0024,0.8501,1.1793,1.1707
112,2018-12-22,51,6-11,13200.2857,13599.2761,11876.3733,15640.8109,1.2399,1.0590,1.4519,1.4886
112,2018-12-22,51,12-17,10233.7143,10403.9392,9066.6939,11931.2710,1.0593,0.9086,1.2388,1.3248
112,2018-12-22,51,18-44,17829.8571,18647.6758,16214.0048,21508.7245,0.5851,0.5081,0.6788,0.6911
112,2018-12-22,51,45-64,9361.8571,9774.0290,8486.5281,11372.4674,0.5518,0.4774,0.6395,0.6474
112,2018-12-22,51,65+,2165.8571,2275.2855,1968.5965,2640.0495,0.5074,0.4416,0.5832,0.5804
113,2018-12-23,52,0-5,5840.2857,5819.7660,5056.0908,6740.1010,0.9681,0.8197,1.1396,1.1753
113,2018-12-23,52,6-11,13335.8571,13196.5959,11551.5290,15160.8194,1.1781,1.0072,1.3795,1.4873
113,2018-12-23,52,12-17,9907.5714,9746.1385,8470.3777,11188.5345,1.0077,0.8642,1.1854,1.3095
113,2018-12-23,52,18-44,18225.2857,18428.9052,16039.1592,21252.9795,0.5671,0.4920,0.6557,0.6963
113,2018-12-23,52,45-64,9817.4286,9788.7006,8452.9595,11359.9186,0.5373,0.4647,0.6208,0.6564
113,2018-12-23,52,65+,2367.0000,2338.2124,2011.7192,2722.0838,0.4976,0.4330,0.5705,0.5960
114,2018-12-24,52,0-5,5829.1429,5774.6589,5021.1263,6653.8902,0.9408,0.7956,1.1066,1.1341
114,2018-12-24,52,6-11,12741.1429,12584.6640,11009.4039,14424.4209,1.1293,0.9615,1.3313,1.4150
114,2018-12-24,52,12-17,9035.7143,8980.0662,7852.3630,10256.6643,0.9698,0.8289,1.1342,1.2285
114,2018-12-24,52,18-44,17592.2857,17928.2061,15668.6201,20764.1707,0.5553,0.4801,0.6450,0.6654
114,2018-12-24,52,45-64,9500.5714,9675.7856,8376.5663,11241.6530,0.5290,0.4567,0.6148,0.6269
114,2018-12-24,52,65+,2339.0000,2368.5582,2035.2642,2745.0022,0.4926,0.4281,0.5676,0.5720
115,2018-12-25,52,0-5,5680.4286,5636.1142,4889.4013,6496.6414,0.9179,0.7782,1.0802,1.0888
115,2018-12-25,52,6-11,11813.1429,11843.9987,10299.8567,13577.6668,1.0896,0.9326,1.2824,1.3359
115,2018-12-25,52,12-17,7968.4286,8189.4766,7122.8760,9355.3902,0.9405,0.8069,1.0989,1.1460
115,2018-12-25,52,18-44,16907.2857,17316.1091,15175.3552,19989.9150,0.5491,0.4729,0.6370,0.6379
115,2018-12-25,52,45-64,9199.8571,9463.6636,8206.6235,10937.5426,0.5276,0.4540,0.6135,0.6025
115,2018-12-25,52,65+,2304.7143,2364.4549,2040.8535,2735.7899,0.4950,0.4292,0.5704,0.5532
116,2018-12-26,52,0-5,5460.1429,5437.1230,4733.6698,6273.0635,0.9066,0.7701,1.0693,1.0491
116,2018-12-26,52,6-11,10837.5714,10941.1629,9532.9111,12616.1810,1.0617,0.9078,1.2446,1.2709
116,2018-12-26,52,12-17,7111.8571,7370.2307,6417.3359,8439.6927,0.9207,0.7886,1.0724,1.0913
116,2018-12-26,52,18-44,16167.1429,16603.7964,14539.7841,19233.6522,0.5478,0.4731,0.6340,0.6174
116,2018-12-26,52,45-64,8886.2857,9173.6534,7937.9437,10626.2175,0.5308,0.4580,0.6157,0.5859
116,2018-12-26,52,65+,2268.8571,2339.5340,2031.4139,2707.7142,0.5018,0.4351,0.5777,0.5410
117,2018-12-27,52,0-5,5264.5714,5186.7617,4528.4972,5993.6785,0.8967,0.7618,1.0589,1.0369
117,2018-12-27,52,6-11,10212.0000,9993.6056,8757.5390,11492.5901,1.0459,0.8923,1.2226,1.2569
117,2018-12-27,52,12-17,6689.8571,6583.1344,5721.5209,7524.0543,0.9100,0.7825,1.0602,1.0932
117,2018-12-27,52,18-44,15825.4286,15836.2683,13812.5470,18401.5565,0.5519,0.4750,0.6396,0.6186
117,2018-12-27,52,45-64,8749.4286,8845.2695,7662.4901,10230.5056,0.5398,0.4633,0.6274,0.5902
117,2018-12-27,52,65+,2261.1429,2305.5670,2008.7874,2663.7434,0.5149,0.4452,0.5936,0.5461
118,2018-12-28,52,0-5,4774.8571,4913.9202,4290.0318,5664.3704,0.8970,0.7596,1.0532,0.9679
118,2018-12-28,52,6-11,8609.8571,9009.5215,7922.0710,10371.3881,1.0299,0.8843,1.2067,1.1450
118,2018-12-28,52,12-17,5421.7143,5815.4987,5076.6419,6636.4423,0.8997,0.7741,1.0474,0.9911
118,2018-12-28,52,18-44,14527.2857,15040.5305,13087.6709,17364.0909,0.5569,0.4801,0.6473,0.5822
118,2018-12-28,52,45-64,8147.5714,8510.8131,7409.9891,9876.4332,0.5491,0.4719,0.6387,0.5596
118,2018-12-28,52,65+,2171.2857,2266.0082,1971.2584,2615.0855,0.5279,0.4559,0.6099,0.5236
119,2018-12-29,52,0-5,4613.4286,4612.2588,4024.1089,5320.2322,0.8907,0.7570,1.0482,0.9790
119,2018-12-29,52,6-11,8161.1429,8100.0984,7115.9943,9254.7988,1.0184,0.8706,1.1892,1.1633
119,2018-12-29,52,12-17,5145.4286,5108.1773,4456.7420,5825.4708,0.8935,0.7682,1.0410,1.0183
119,2018-12-29,52,18-44,14115.0000,14227.8179,12366.6958,16371.2680,0.5618,0.4831,0.6554,0.5951
119,2018-12-29,52,45-64,8023.0000,8188.2076,7136.2429,9472.4706,0.5590,0.4806,0.6523,0.5751
119,2018-12-29,52,65+,2179.4286,2220.6748,1926.2393,2566.1218,0.5409,0.4678,0.6256,0.5401
120,2018-12-30,1,0-5,4312.1429,4305.6341,3741.5165,4951.2316,0.8915,0.7543,1.0493,0.9572
120,2018-12-30,1,6-11,7285.8571,7203.6831,6321.8076,8206.4960,1.0065,0.8589,1.1776,1.1276
120,2018-12-30,1,12-17,4489.2857,4451.9969,3900.2077,5078.3626,0.8886,0.7661,1.0304,0.9869
120,2018-12-30,1,18-44,13120.8571,13387.3554,11643.3440,15343.5269,0.5687,0.4873,0.6625,0.5846
120,2018-12-30,1,45-64,7631.2857,7852.0801,6847.8938,9033.1008,0.5704,0.4882,0.6651,0.5683
120,2018-12-30,1,65+,2106.0000,2171.2466,1880.9905,2507.5546,0.5553,0.4781,0.6431,0.5368
121,2018-12-31,1,0-5,3992.4286,3993.1161,3474.5862,4583.6142,0.8924,0.7567,1.0521,0.9429
121,2018-12-31,1,6-11,6470.1429,6372.1209,5563.4567,7258.6569,0.9964,0.8562,1.1629,1.1041
121,2018-12-31,1,12-17,3877.5714,3863.5998,3376.6294,4432.9354,0.8798,0.7601,1.0196,0.9664
121,2018-12-31,1,18-44,12337.2857,12534.4282,10918.5545,14400.7918,0.5717,0.4936,0.6661,0.5844
121,2018-12-31,1,45-64,7429.2857,7522.7174,6541.7199,8638.4340,0.5760,0.4957,0.6701,0.5739
121,2018-12-31,1,65+,2097.4286,2112.8667,1825.8930,2437.0051,0.5646,0.4875,0.6532,0.5475
122,2019-01-01,1,0-5,3672.4286,3689.8037,3209.7080,4225.7990,0.8946,0.7602,1.0606,0.9291
122,2019-01-01,1,6-11,5682.1429,5601.7763,4883.3365,6387.6947,0.9871,0.8458,1.1493,1.0794
122,2019-01-01,1,12-17,3324.8571,3338.6897,2928.1009,3823.7175,0.8699,0.7484,1.0078,0.9453
122,2019-01-01,1,18-44,11561.5714,11691.4161,10203.9938,13518.0202,0.5730,0.4929,0.6693,0.5834
122,2019-01-01,1,45-64,7148.2857,7174.8857,6239.2912,8227.0045,0.5787,0.4964,0.6749,0.5778
122,2019-01-01,1,65+,2064.8571,2047.2906,1769.1272,2375.1679,0.5714,0.4906,0.6633,0.5559
123,2019-01-02,1,0-5,3397.2857,3414.2734,2973.9596,3916.7339,0.8977,0.7607,1.0621,0.9229
123,2019-01-02,1,6-11,4979.1429,4897.9075,4269.2982,5598.3866,0.9795,0.8406,1.1449,1.0602
123,2019-01-02,1,12-17,2856.2857,2873.2352,2528.9212,3282.9292,0.8560,0.7369,0.9916,0.9286
123,2019-01-02,1,18-44,10847.0000,10874.1439,9493.9156,12543.5759,0.5706,0.4912,0.6670,0.5840
123,2019-01-02,1,45-64,6803.0000,6794.3865,5926.0805,7778.8657,0.5762,0.4932,0.6714,0.5811
123,2019-01-02,1,65+,2001.0000,1981.7444,1722.4001,2304.4397,0.5711,0.4914,0.6609,0.5619
124,2019-01-03,1,0-5,3222.4286,3159.0462,2737.2966,3630.8833,0.9019,0.7611,1.0709,0.9447
124,2019-01-03,1,6-11,4481.7143,4278.4651,3740.9647,4897.8789,0.9740,0.8340,1.1354,1.0756
124,2019-01-03,1,12-17,2605.8571,2471.4773,2169.7397,2814.3549,0.8383,0.7226,0.9697,0.9537
124,2019-01-03,1,18-44,10438.5714,10068.2180,8780.2096,11608.8298,0.5637,0.4843,0.6592,0.6026
124,2019-01-03,1,45-64,6631.7143,6389.6408,5573.1537,7323.7922,0.5678,0.4861,0.6638,0.6021
124,2019-01-03,1,65+,1970.7143,1908.4295,1650.1081,2218.1594,0.5657,0.4868,0.6559,0.5831
125,2019-01-04,1,0-5,2830.8571,2928.5114,2536.8669,3367.6511,0.9076,0.7691,1.0735,0.8871
125,2019-01-04,1,6-11,3478.0000,3740.6949,3272.5159,4278.7099,0.9753,0.8360,1.1369,0.9713
125,2019-01-04,1,12-17,1956.8571,2120.0317,1859.3109,2413.6546,0.8230,0.7076,0.9500,0.8563
125,2019-01-04,1,18-44,9181.1429,9264.6893,8086.5259,10676.1310,0.5569,0.4792,0.6481,0.5648
125,2019-01-04,1,45-64,5911.7143,5964.8467,5177.8311,6834.1230,0.5591,0.4783,0.6522,0.5669
125,2019-01-04,1,65+,1801.0000,1827.4319,1583.2945,2114.7385,0.5596,0.4817,0.6473,0.5536
126,2019-01-05,1,0-5,2785.8571,2729.0901,2369.4182,3147.4619,0.9171,0.7772,1.0913,0.9577
126,2019-01-05,1,6-11,3328.1429,3299.5516,2873.1937,3780.9446,0.9786,0.8415,1.1383,1.0545
126,2019-01-05,1,12-17,1901.7143,1819.2502,1595.9972,2068.7603,0.8054,0.6941,0.9328,0.9397
126,2019-01-05,1,18-44,9240.8571,8493.0442,7402.7667,9771.1186,0.5488,0.4719,0.6364,0.6181
126,2019-01-05,1,45-64,6048.5714,5527.9832,4818.6870,6337.6176,0.5480,0.4695,0.6388,0.6235
126,2019-01-05,1,65+,1873.5714,1739.6007,1505.5033,2005.1799,0.5507,0.4740,0.6380,0.6107
127,2019-01-06,2,0-5,2447.5714,2558.5813,2232.2941,2959.3748,0.9331,0.7859,1.1036,0.8813
127,2019-01-06,2,6-11,2744.2857,2933.3355,2542.6629,3355.7856,0.9916,0.8501,1.1539,0.9579
127,2019-01-06,2,12-17,1511.5714,1560.9913,1370.2414,1776.9874,0.7927,0.6853,0.9167,0.8397
127,2019-01-06,2,18-44,7635.8571,7696.6172,6715.7917,8844.8693,0.5447,0.4697,0.6319,0.5561
127,2019-01-06,2,45-64,5017.8571,5074.3708,4452.1038,5846.7662,0.5415,0.4656,0.6310,0.5587
127,2019-01-06,2,65+,1617.0000,1636.8441,1424.9786,1893.3417,0.5462,0.4715,0.6336,0.5508
128,2019-01-07,2,0-5,2304.4286,2424.3846,2104.5704,2797.8074,0.9511,0.7998,1.1213,0.8840
128,2019-01-07,2,6-11,2476.5714,2637.5045,2285.4173,3023.3901,1.0063,0.8599,1.1778,0.9570
128,2019-01-07,2,12-17,1302.2857,1341.6689,1179.1947,1526.1167,0.7814,0.6744,0.9018,0.8243
128,2019-01-07,2,18-44,6830.8571,6933.9263,6052.5204,7971.0223,0.5413,0.4663,0.6274,0.5495
128,2019-01-07,2,45-64,4549.5714,4641.5371,4076.5903,5334.0020,0.5354,0.4596,0.6245,0.5512
128,2019-01-07,2,65+,1512.4286,1538.9703,1340.9453,1776.3122,0.5437,0.4681,0.6295,0.5470
129,2019-01-08,2,0-5,2222.5714,2306.0881,2001.3613,2662.8623,0.9634,0.8117,1.1515,0.8975
129,2019-01-08,2,6-11,2300.0000,2389.9795,2075.8538,2731.9860,1.0198,0.8743,1.1866,0.9673
129,2019-01-08,2,12-17,1121.2857,1155.4399,1013.4495,1318.1683,0.7688,0.6655,0.8874,0.8088
129,2019-01-08,2,18-44,6005.8571,6214.2267,5427.6933,7155.7883,0.5378,0.4654,0.6226,0.5423
129,2019-01-08,2,45-64,4081.8571,4212.4125,3703.4121,4840.0057,0.5298,0.4551,0.6155,0.5419
129,2019-01-08,2,65+,1393.2857,1435.9745,1252.3119,1655.0814,0.5399,0.4643,0.6257,0.5410
130,2019-01-09,2,0-5,2160.0000,2204.7266,1904.4768,2546.1027,0.9692,0.8144,1.1499,0.9250
130,2019-01-09,2,6-11,2158.1429,2184.0799,1909.3518,2510.6014,1.0249,0.8762,1.1913,0.9934
130,2019-01-09,2,12-17,987.4286,992.4728,870.6395,1137.8125,0.7540,0.6519,0.8726,0.8113
130,2019-01-09,2,18-44,5405.8571,5543.7859,4826.6251,6346.8736,0.5319,0.4597,0.6173,0.5465
130,2019-01-09,2,45-64,3702.8571,3800.5341,3337.0095,4371.0683,0.5226,0.4478,0.6087,0.5438
130,2019-01-09,2,65+,1300.7143,1329.1107,1161.7858,1526.2616,0.5339,0.4587,0.6211,0.5457
131,2019-01-10,2,0-5,2105.8571,2108.2592,1824.0281,2431.2888,0.9710,0.8177,1.1577,0.9720
131,2019-01-10,2,6-11,2057.5714,2008.2238,1757.8547,2305.1042,1.0233,0.8739,1.2028,1.0486
131,2019-01-10,2,12-17,911.2857,849.7792,744.5623,975.7174,0.7402,0.6386,0.8557,0.8531
131,2019-01-10,2,18-44,5102.1429,4918.5195,4281.8102,5644.8169,0.5261,0.4539,0.6125,0.5742
131,2019-01-10,2,45-64,3552.0000,3413.1154,3010.5057,3924.0148,0.5154,0.4410,0.6017,0.5729
131,2019-01-10,2,65+,1267.1429,1222.7955,1066.0980,1404.2069,0.5291,0.4548,0.6154,0.5771
132,2019-01-11,2,0-5,2041.5714,2013.7423,1746.9689,2321.9789,0.9655,0.8129,1.1537,0.9680
132,2019-01-11,2,6-11,1869.4286,1851.7008,1617.1755,2134.1916,1.0192,0.8703,1.1895,1.0206
132,2019-01-11,2,12-17,725.1429,728.1528,636.2558,834.9950,0.7250,0.6262,0.8387,0.7903
132,2019-01-11,2,18-44,4367.2857,4363.4780,3779.8210,5008.4283,0.5192,0.4487,0.6002,0.5466
132,2019-01-11,2,45-64,3031.2857,3051.3320,2686.7002,3512.0667,0.5071,0.4342,0.5916,0.5393
132,2019-01-11,2,65+,1104.1429,1116.3552,976.4797,1283.1439,0.5228,0.4490,0.6087,0.5453
133,2019-01-12,2,0-5,1970.7143,1921.5005,1663.0505,2211.9613,0.9553,0.8011,1.1367,0.9800
133,2019-01-12,2,6-11,1746.4286,1715.8461,1492.2703,1971.3813,1.0106,0.8646,1.1826,1.0294
133,2019-01-12,2,12-17,621.7143,623.8330,547.7114,716.8034,0.7125,0.6149,0.8234,0.7793
133,2019-01-12,2,18-44,3898.4286,3868.9900,3342.2159,4433.0144,0.5115,0.4417,0.5917,0.5442
133,2019-01-12,2,45-64,2746.0000,2718.9455,2394.5268,3139.2897,0.4996,0.4279,0.5822,0.5365
133,2019-01-12,2,65+,1022.0000,1017.3939,889.8902,1165.0000,0.5165,0.4426,0.6015,0.5458
134,2019-01-13,3,0-5,1878.2857,1816.3129,1583.0801,2094.9116,0.9409,0.7922,1.1194,0.9805
134,2019-01-13,3,6-11,1638.2857,1589.1571,1380.6381,1813.8826,1.0010,0.8544,1.1690,1.0342
134,2019-01-13,3,12-17,543.2857,534.1484,469.1920,614.4507,0.7016,0.6062,0.8124,0.7692
134,2019-01-13,3,18-44,3453.7143,3440.4590,2982.6618,3939.2816,0.5036,0.4353,0.5823,0.5372
134,2019-01-13,3,45-64,2441.0000,2422.7874,2128.7136,2792.4354,0.4918,0.4212,0.5734,0.5287
134,2019-01-13,3,65+,939.8571,924.9018,805.0077,1059.8265,0.5103,0.4376,0.5956,0.5418
135,2019-01-14,3,0-5,1766.7143,1709.6062,1491.7597,1967.6289,0.9288,0.7782,1.1040,0.9713
135,2019-01-14,3,6-11,1514.8571,1467.7379,1279.4392,1675.0904,0.9892,0.8456,1.1653,1.0272
135,2019-01-14,3,12-17,464.5714,458.9137,402.1475,530.1512,0.6960,0.6002,0.8079,0.7508
135,2019-01-14,3,18-44,3059.1429,3072.6854,2670.0306,3519.6922,0.4983,0.4301,0.5783,0.5270
135,2019-01-14,3,45-64,2160.4286,2153.5449,1885.0149,2481.1647,0.4877,0.4172,0.5691,0.5177
135,2019-01-14,3,65+,842.2857,839.3527,732.2710,961.6906,0.5071,0.4338,0.5911,0.5316
136,2019-01-15,3,0-5,1629.4286,1602.2193,1392.8574,1846.5461,0.9166,0.7721,1.0932,0.9505
136,2019-01-15,3,6-11,1367.4286,1348.5891,1184.6919,1545.1646,0.9845,0.8439,1.1526,1.0050
136,2019-01-15,3,12-17,391.8571,394.7708,344.9489,455.1667,0.6959,0.6014,0.8084,0.7274
136,2019-01-15,3,18-44,2708.7143,2753.7992,2393.8248,3144.0797,0.4955,0.4300,0.5752,0.5138
136,2019-01-15,3,45-64,1901.0000,1914.8554,1674.2519,2200.1795,0.4857,0.4170,0.5673,0.5043
136,2019-01-15,3,65+,743.5714,761.9439,660.2488,874.6780,0.5066,0.4344,0.5909,0.5178
137,2019-01-16,3,0-5,1495.4286,1491.5962,1299.0556,1718.1742,0.9139,0.7664,1.0916,0.9362
137,2019-01-16,3,6-11,1238.0000,1237.8462,1084.8778,1419.7848,0.9897,0.8457,1.1587,0.9931
137,2019-01-16,3,12-17,336.7143,342.0784,298.4630,396.9465,0.7001,0.6037,0.8120,0.7164
137,2019-01-16,3,18-44,2433.8571,2471.0739,2148.5761,2817.0269,0.4959,0.4306,0.5750,0.5080
137,2019-01-16,3,45-64,1684.4286,1703.5697,1483.5479,1947.7069,0.4867,0.4179,0.5695,0.4992
137,2019-01-16,3,65+,677.0000,690.1367,597.7380,797.0240,0.5101,0.4380,0.5962,0.5152
138,2019-01-17,3,0-5,1399.2857,1382.7178,1207.2205,1587.2709,0.9206,0.7744,1.0931,0.9573
138,2019-01-17,3,6-11,1160.5714,1136.1155,997.4324,1308.6555,0.9980,0.8539,1.1723,1.0282
138,2019-01-17,3,12-17,310.8571,298.6352,261.0332,347.5676,0.7122,0.6154,0.8235,0.7533
138,2019-01-17,3,18-44,2305.7143,2222.3100,1932.1767,2543.4128,0.5008,0.4352,0.5813,0.5308
138,2019-01-17,3,45-64,1604.4286,1515.8687,1317.9685,1736.6017,0.4918,0.4229,0.5744,0.5261
138,2019-01-17,3,65+,650.1429,626.2202,541.2660,723.4105,0.5167,0.4443,0.6006,0.5444
139,2019-01-18,3,0-5,1239.5714,1278.2542,1112.2822,1462.0429,0.9328,0.7813,1.1093,0.9053
139,2019-01-18,3,6-11,1016.5714,1044.6043,917.6473,1206.8906,1.0170,0.8722,1.1949,0.9711
139,2019-01-18,3,12-17,252.2857,263.2312,228.2491,306.1886,0.7307,0.6315,0.8464,0.6960
139,2019-01-18,3,18-44,1964.8571,2005.0155,1752.4605,2300.7720,0.5104,0.4424,0.5887,0.4954
139,2019-01-18,3,45-64,1321.8571,1352.7915,1174.8724,1549.2066,0.5013,0.4309,0.5844,0.4874
139,2019-01-18,3,65+,551.5714,568.8788,494.2350,657.2963,0.5281,0.4546,0.6134,0.5059
140,2019-01-19,3,0-5,1150.5714,1181.6569,1028.0808,1349.6051,0.9504,0.8001,1.1303,0.9060
140,2019-01-19,3,6-11,939.5714,962.1676,841.4916,1106.9879,1.0439,0.8923,1.2246,0.9748
140,2019-01-19,3,12-17,224.7143,234.6491,204.0467,273.0213,0.7584,0.6562,0.8762,0.6948
140,2019-01-19,3,18-44,1755.4286,1818.5352,1594.7461,2091.7499,0.5226,0.4528,0.6039,0.4925
140,2019-01-19,3,45-64,1172.5714,1211.2395,1050.1443,1392.6382,0.5145,0.4422,0.6004,0.4839
140,2019-01-19,3,65+,497.8571,519.8920,451.8742,601.8431,0.5438,0.4665,0.6339,0.5036
141,2019-01-20,4,0-5,1074.0000,1089.8982,952.1028,1249.9136,0.9748,0.8191,1.1633,0.9216
141,2019-01-20,4,6-11,878.1429,890.0491,775.8309,1027.7517,1.0794,0.9179,1.2679,0.9969
141,2019-01-20,4,12-17,200.4286,211.7956,182.8897,246.2081,0.7909,0.6832,0.9178,0.7063
141,2019-01-20,4,18-44,1610.0000,1659.6504,1445.6901,1910.9302,0.5390,0.4652,0.6261,0.5018
141,2019-01-20,4,45-64,1067.8571,1086.0652,943.4141,1252.5195,0.5313,0.4551,0.6209,0.4935
141,2019-01-20,4,65+,463.8571,476.6409,414.2532,550.3256,0.5623,0.4812,0.6579,0.5163
142,2019-01-21,4,0-5,1003.1429,1011.4752,882.9108,1159.2312,1.0061,0.8455,1.1970,0.9363
142,2019-01-21,4,6-11,824.1429,826.6619,718.8826,958.1595,1.1177,0.9537,1.3161,1.0193
142,2019-01-21,4,12-17,187.1429,193.6149,167.6355,225.4776,0.8260,0.7115,0.9563,0.7262
142,2019-01-21,4,18-44,1476.4286,1517.6597,1323.8880,1751.9572,0.5578,0.4833,0.6462,0.5099
142,2019-01-21,4,45-64,966.2857,981.9432,854.4599,1129.5816,0.5494,0.4716,0.6401,0.5012
142,2019-01-21,4,65+,428.5714,439.8486,381.2185,509.9421,0.5817,0.4991,0.6789,0.5257
143,2019-01-22,4,0-5,941.0000,942.4459,817.4930,1082.4384,1.0369,0.8753,1.2305,0.9540
143,2019-01-22,4,6-11,769.0000,772.0365,671.7847,892.9337,1.1614,0.9915,1.3579,1.0384
143,2019-01-22,4,12-17,177.4286,179.3335,155.0972,207.8431,0.8627,0.7460,0.9997,0.7477
143,2019-01-22,4,18-44,1372.1429,1396.4619,1221.2587,1615.2794,0.5793,0.5024,0.6714,0.5183
143,2019-01-22,4,45-64,865.5714,891.7752,774.2766,1027.8267,0.5703,0.4907,0.6662,0.5077
143,2019-01-22,4,65+,397.7143,407.2775,351.7776,470.2589,0.6027,0.5170,0.7081,0.5342
144,2019-01-23,4,0-5,879.4286,879.3694,763.9573,1014.7566,1.0702,0.9034,1.2741,0.9685
144,2019-01-23,4,6-11,720.1429,727.7676,629.3916,844.7997,1.2026,1.0292,1.4127,1.0586
144,2019-01-23,4,12-17,167.7143,168.4160,144.8380,194.9549,0.8982,0.7762,1.0365,0.7712
144,2019-01-23,4,18-44,1276.4286,1298.6376,1136.9020,1507.0846,0.6001,0.5192,0.6941,0.5289
144,2019-01-23,4,45-64,796.7143,818.3671,707.6376,941.0083,0.5899,0.5069,0.6877,0.5192
144,2019-01-23,4,65+,375.4286,379.2630,328.7880,437.3409,0.6218,0.5338,0.7241,0.5489
145,2019-01-24,4,0-5,840.7143,827.0399,720.3186,957.7357,1.1027,0.9322,1.3155,1.0103
145,2019-01-24,4,6-11,692.8571,690.9718,596.2873,802.7669,1.2428,1.0651,1.4575,1.1112
145,2019-01-24,4,12-17,164.0000,159.3269,137.2708,185.8256,0.9256,0.8028,1.0689,0.8227
145,2019-01-24,4,18-44,1241.0000,1218.0834,1057.8536,1418.3391,0.6166,0.5362,0.7111,0.5593
145,2019-01-24,4,45-64,771.5714,755.4002,655.4661,869.3842,0.6043,0.5215,0.7009,0.5517
145,2019-01-24,4,65+,366.4286,354.8020,308.7041,409.8069,0.6362,0.5482,0.7403,0.5839
146,2019-01-25,4,0-5,760.5714,783.6871,682.8046,903.1087,1.1360,0.9552,1.3461,0.9884
146,2019-01-25,4,6-11,646.0000,660.4527,572.0099,764.7073,1.2835,1.0997,1.5019,1.1042
146,2019-01-25,4,12-17,153.2857,152.1627,130.2754,177.0795,0.9503,0.8243,1.0969,0.8196
146,2019-01-25,4,18-44,1137.0000,1151.0633,1003.4363,1337.5560,0.6328,0.5500,0.7283,0.5511
146,2019-01-25,4,45-64,694.0000,701.0893,607.4437,806.7973,0.6172,0.5331,0.7138,0.5426
146,2019-01-25,4,65+,329.8571,333.2023,289.6544,384.4257,0.6479,0.5568,0.7512,0.5724
147,2019-01-26,4,0-5,720.1429,747.6627,648.5162,858.1301,1.1628,0.9791,1.3805,1.0118
147,2019-01-26,4,6-11,620.2857,636.9273,554.3589,737.6719,1.3136,1.1211,1.5412,1.1363
147,2019-01-26,4,12-17,144.2857,146.8201,125.2822,171.1817,0.9684,0.8370,1.1171,0.8389
147,2019-01-26,4,18-44,1092.8571,1098.1489,958.2955,1267.6112,0.6432,0.5583,0.7432,0.5666
147,2019-01-26,4,45-64,653.7143,657.8969,567.2568,757.7970,0.6256,0.5383,0.7239,0.5570
147,2019-01-26,4,65+,313.1429,314.0421,272.3170,363.3832,0.6533,0.5615,0.7596,0.5874
148,2019-01-27,5,0-5,700.5714,717.5822,623.4264,826.6450,1.1747,0.9926,1.3909,1.0488
148,2019-01-27,5,6-11,605.4286,619.8531,538.5007,718.4935,1.3245,1.1328,1.5556,1.1760
148,2019-01-27,5,12-17,142.5714,141.8314,121.8598,165.3820,0.9759,0.8462,1.1300,0.8696
148,2019-01-27,5,18-44,1048.4286,1054.5298,918.5853,1212.4955,0.6456,0.5601,0.7446,0.5821
148,2019-01-27,5,45-64,610.5714,619.6577,537.2326,717.1741,0.6257,0.5400,0.7239,0.5691
148,2019-01-27,5,65+,298.5714,297.3119,257.3665,342.5956,0.6514,0.5617,0.7561,0.6007
149,2019-01-28,5,0-5,673.7143,692.2076,603.2233,802.2645,1.1751,0.9935,1.3932,1.0763
149,2019-01-28,5,6-11,585.1429,605.4102,526.2876,702.8251,1.3199,1.1305,1.5429,1.2057
149,2019-01-28,5,12-17,136.1429,138.0097,118.0541,160.7280,0.9726,0.8400,1.1239,0.8886
149,2019-01-28,5,18-44,1017.2857,1010.7923,879.7374,1170.2427,0.6396,0.5564,0.7410,0.5974
149,2019-01-28,5,45-64,581.1429,586.3549,507.5465,678.2817,0.6184,0.5324,0.7168,0.5826
149,2019-01-28,5,65+,283.7143,280.9485,243.7874,323.3468,0.6424,0.5516,0.7447,0.6134
150,2019-01-29,5,0-5,671.1429,669.7125,583.6274,779.7430,1.1601,0.9786,1.3715,1.1236
150,2019-01-29,5,6-11,587.4286,592.1923,514.6529,685.1794,1.2962,1.1023,1.5229,1.2588
150,2019-01-29,5,12-17,133.7143,134.4228,116.2963,155.8011,0.9558,0.8271,1.1055,0.9190
150,2019-01-29,5,18-44,987.4286,970.3259,845.9185,1124.1556,0.6247,0.5422,0.7206,0.6172
150,2019-01-29,5,45-64,563.8571,555.8232,482.5786,641.5101,0.6007,0.5177,0.6944,0.5994
150,2019-01-29,5,65+,268.8571,265.1844,229.7277,306.2006,0.6219,0.5350,0.7205,0.6270
151,2019-01-30,5,0-5,670.1429,650.8165,565.3589,750.8472,1.1303,0.9473,1.3417,1.1734
151,2019-01-30,5,6-11,598.4286,576.4121,502.7495,669.6455,1.2560,1.0698,1.4731,1.3244
151,2019-01-30,5,12-17,137.4286,130.9031,113.3558,152.0361,0.9314,0.8049,1.0806,0.9713
151,2019-01-30,5,18-44,978.0000,926.5967,807.1660,1075.6396,0.6046,0.5231,0.6975,0.6440
151,2019-01-30,5,45-64,558.1429,525.6743,457.1807,607.4423,0.5799,0.4979,0.6702,0.6248
151,2019-01-30,5,65+,261.2857,249.7935,215.5116,288.3918,0.5996,0.5149,0.6955,0.6501
152,2019-01-31,5,0-5,667.1429,628.4534,548.3644,724.2309,1.0914,0.9144,1.2944,1.2163
152,2019-01-31,5,6-11,606.2857,558.3188,485.8663,647.8920,1.2084,1.0313,1.4156,1.3814
152,2019-01-31,5,12-17,142.0000,127.3613,110.2770,148.7446,0.9059,0.7811,1.0479,1.0253
152,2019-01-31,5,18-44,983.2857,883.4610,770.3271,1019.6988,0.5838,0.5054,0.6728,0.6725
152,2019-01-31,5,45-64,561.2857,496.3084,430.9704,572.6834,0.5589,0.4817,0.6479,0.6539
152,2019-01-31,5,65+,260.4286,234.1855,202.1925,271.2324,0.5782,0.4973,0.6728,0.6792
153,2019-02-01,5,0-5,626.4286,604.3864,529.2525,697.1253,1.0622,0.8960,1.2644,1.1421
153,2019-02-01,5,6-11,557.5714,537.1370,466.1749,619.9944,1.1712,0.9962,1.3703,1.2745
153,2019-02-01,5,12-17,130.4286,124.0798,106.2250,144.4136,0.8900,0.7678,1.0327,0.9353
153,2019-02-01,5,18-44,869.5714,844.8174,729.9538,967.6315,0.5707,0.4953,0.6595,0.6101
153,2019-02-01,5,45-64,472.8571,467.5274,404.6429,538.1414,0.5470,0.4712,0.6356,0.5845
153,2019-02-01,5,65+,224.7143,220.3750,190.3742,254.8899,0.5671,0.4867,0.6619,0.6064
154,2019-02-02,5,0-5,577.5714,577.8235,505.4688,666.5293,1.0476,0.8801,1.2410,1.0739
154,2019-02-02,5,6-11,507.8571,512.0481,447.2494,592.0504,1.1503,0.9776,1.3523,1.1877
154,2019-02-02,5,12-17,118.5714,121.1616,103.0940,141.0965,0.8919,0.7709,1.0343,0.8725
154,2019-02-02,5,18-44,774.8571,809.6035,695.8299,929.7453,0.5692,0.4941,0.6586,0.5679
154,2019-02-02,5,45-64,424.0000,442.1001,381.8659,509.2024,0.5466,0.4728,0.6368,0.5437
154,2019-02-02,5,65+,199.5714,208.7770,179.7499,241.1585,0.5688,0.4889,0.6645,0.5639
155,2019-02-03,6,0-5,562.2857,551.0597,478.9498,632.3363,1.0417,0.8800,1.2405,1.0739
155,2019-02-03,6,6-11,491.4286,484.3592,420.8997,561.6357,1.1423,0.9779,1.3397,1.1801
155,2019-02-03,6,12-17,108.7143,118.1797,101.2738,138.0114,0.9059,0.7828,1.0549,0.8461
155,2019-02-03,6,18-44,722.0000,778.1590,668.1774,896.5012,0.5746,0.5012,0.6641,0.5572
155,2019-02-03,6,45-64,391.7143,418.1620,361.0869,485.3833,0.5541,0.4799,0.6429,0.5291
155,2019-02-03,6,65+,177.1429,198.8180,170.9745,232.1599,0.5790,0.4986,0.6752,0.5435
156,2019-02-04,6,0-5,548.2857,521.4342,451.8063,599.5789,1.0524,0.8822,1.2469,1.1145
156,2019-02-04,6,6-11,481.2857,455.2777,396.1350,526.0779,1.1524,0.9836,1.3525,1.2318
156,2019-02-04,6,12-17,114.2857,115.1106,98.7009,134.3529,0.9324,0.8055,1.0811,0.9175
156,2019-02-04,6,18-44,733.5714,749.8725,645.3295,870.3615,0.5888,0.5095,0.6812,0.5924
156,2019-02-04,6,45-64,391.5714,395.1110,343.0529,461.0548,0.5692,0.4917,0.6597,0.5678
156,2019-02-04,6,65+,185.2857,190.2630,163.8740,223.2978,0.5975,0.5125,0.6965,0.5895
157,2019-02-05,6,0-5,498.5714,490.6768,424.1856,569.3475,1.0727,0.9036,1.2762,1.0775
157,2019-02-05,6,6-11,441.1429,425.2644,372.5034,492.1631,1.1730,1.0059,1.3695,1.1985
157,2019-02-05,6,12-17,112.2857,112.0855,96.2604,131.1707,0.9626,0.8301,1.1171,0.9217
157,2019-02-05,6,18-44,703.2857,726.0623,627.9798,844.7777,0.6072,0.5260,0.7020,0.5849
157,2019-02-05,6,45-64,360.5714,373.5865,324.0367,437.3249,0.5882,0.5097,0.6797,0.5623
157,2019-02-05,6,65+,176.7143,182.8012,157.5701,214.2176,0.6210,0.5341,0.7206,0.5864
158,2019-02-06,6,0-5,452.7143,462.4598,399.6970,539.1576,1.1047,0.9320,1.3137,1.0446
158,2019-02-06,6,6-11,387.4286,397.1916,349.6649,459.6304,1.2107,1.0379,1.4117,1.1453
158,2019-02-06,6,12-17,107.2857,109.6832,94.5662,127.9901,0.9982,0.8621,1.1565,0.9140
158,2019-02-06,6,18-44,676.5714,705.2241,611.0469,823.0913,0.6288,0.5453,0.7283,0.5773
158,2019-02-06,6,45-64,335.5714,354.7499,306.0971,412.6427,0.6098,0.5282,0.7054,0.5569
158,2019-02-06,6,65+,166.5714,177.0215,151.8806,207.2190,0.6458,0.5554,0.7502,0.5809
159,2019-02-07,6,0-5,414.8571,437.0066,376.8773,510.1627,1.1461,0.9735,1.3626,1.0260
159,2019-02-07,6,6-11,348.8571,372.3790,325.5740,431.0668,1.2570,1.0769,1.4675,1.1174
159,2019-02-07,6,12-17,98.0000,107.7008,92.5032,125.6227,1.0341,0.8905,1.1994,0.8929
159,2019-02-07,6,18-44,646.2857,688.5086,597.1856,796.8834,0.6507,0.5635,0.7510,0.5731
159,2019-02-07,6,45-64,313.2857,338.1748,293.0240,393.8394,0.6297,0.5448,0.7270,0.5539
159,2019-02-07,6,65+,160.2857,172.4640,147.6598,202.2001,0.6680,0.5744,0.7781,0.5820
160,2019-02-08,6,0-5,398.7143,415.5297,358.5755,486.4841,1.2018,1.0124,1.4302,1.0826
160,2019-02-08,6,6-11,330.1429,352.0266,305.8713,410.0128,1.3116,1.1204,1.5267,1.1787
160,2019-02-08,6,12-17,104.4286,105.8939,90.3058,123.8312,1.0610,0.9140,1.2363,0.9858
160,2019-02-08,6,18-44,675.0000,672.6713,582.2823,775.5623,0.6693,0.5802,0.7755,0.6235
160,2019-02-08,6,45-64,321.7143,323.7455,280.6683,377.0315,0.6436,0.5575,0.7464,0.6077
160,2019-02-08,6,65+,170.1429,168.4166,144.1216,197.6068,0.6836,0.5873,0.7970,0.6426
161,2019-02-09,6,0-5,403.4286,401.3638,345.0957,469.5443,1.2568,1.0564,1.4929,1.1660
161,2019-02-09,6,6-11,339.1429,337.4685,291.1727,392.2320,1.3660,1.1705,1.5943,1.2816
161,2019-02-09,6,12-17,108.5714,104.2352,88.9380,122.3691,1.0801,0.9299,1.2555,1.0628
161,2019-02-09,6,18-44,691.7143,653.9151,567.6173,755.5823,0.6840,0.5909,0.7903,0.6715
161,2019-02-09,6,45-64,328.2857,310.6427,269.2151,361.7765,0.6511,0.5621,0.7518,0.6527
161,2019-02-09,6,65+,173.5714,164.3460,141.0975,191.8402,0.6900,0.5925,0.8025,0.6886
162,2019-02-10,7,0-5,382.4286,394.2534,338.0101,457.5929,1.3148,1.1026,1.5487,1.1725
162,2019-02-10,7,6-11,327.4286,328.2827,281.7767,382.0160,1.4210,1.2213,1.6621,1.3054
162,2019-02-10,7,12-17,109.7143,102.7523,87.8172,120.6017,1.0958,0.9444,1.2753,1.0918
162,2019-02-10,7,18-44,675.5714,634.8651,549.8206,728.7333,0.6952,0.6041,0.8033,0.6843
162,2019-02-10,7,45-64,325.2857,298.3008,258.0367,347.8254,0.6544,0.5679,0.7562,0.6696
162,2019-02-10,7,65+,180.4286,160.1405,138.3362,186.7474,0.6897,0.5935,0.8024,0.7164
163,2019-02-11,7,0-5,370.7143,393.7619,337.3668,456.1317,1.3761,1.1584,1.6323,1.1394
163,2019-02-11,7,6-11,304.7143,325.6131,280.3179,377.2601,1.4938,1.2765,1.7486,1.2398
163,2019-02-11,7,12-17,102.0000,101.9638,87.2403,120.4737,1.1133,0.9599,1.2908,1.0142
163,2019-02-11,7,18-44,605.5714,616.9632,532.3750,711.0806,0.7105,0.6185,0.8208,0.6362
163,2019-02-11,7,45-64,286.8571,286.5201,248.0065,333.3150,0.6603,0.5729,0.7615,0.6128
163,2019-02-11,7,65+,157.5714,156.0455,134.1473,182.5532,0.6916,0.5977,0.8006,0.6497
164,2019-02-12,7,0-5,383.2857,399.2412,343.4370,462.1097,1.4337,1.2034,1.7102,1.1971
164,2019-02-12,7,6-11,314.7143,328.5860,283.8317,381.5002,1.5634,1.3343,1.8373,1.2983
164,2019-02-12,7,12-17,99.4286,101.7153,87.0074,120.6410,1.1331,0.9776,1.3139,1.0177
164,2019-02-12,7,18-44,591.0000,601.2697,518.7418,694.4132,0.7282,0.6310,0.8420,0.6473
164,2019-02-12,7,45-64,274.5714,276.8569,240.3714,322.3513,0.6692,0.5786,0.7723,0.6146
164,2019-02-12,7,65+,151.0000,152.2813,130.4992,178.6925,0.6963,0.5991,0.8053,0.6490
165,2019-02-13,7,0-5,407.2857,410.7588,355.2977,476.6353,1.4857,1.2529,1.7650,1.2691
165,2019-02-13,7,6-11,333.4286,338.3362,290.9407,393.5270,1.6234,1.3826,1.9055,1.3702
165,2019-02-13,7,12-17,98.0000,101.6742,87.1806,120.0326,1.1468,0.9902,1.3348,1.0240
165,2019-02-13,7,18-44,573.5714,590.5525,509.8843,686.9106,0.7415,0.6448,0.8565,0.6575
165,2019-02-13,7,45-64,258.2857,269.4587,233.0839,313.9169,0.6750,0.5863,0.7784,0.6132
165,2019-02-13,7,65+,144.8571,147.8461,127.0794,172.8388,0.6974,0.6017,0.8090,0.6469
166,2019-02-14,7,0-5,423.1429,427.7359,371.4858,500.4172,1.5208,1.2832,1.8063,1.3255
166,2019-02-14,7,6-11,346.2857,355.0100,304.3086,412.7029,1.6668,1.4217,1.9610,1.4341
166,2019-02-14,7,12-17,101.5714,101.9613,87.1875,120.0440,1.1583,0.9988,1.3444,1.0711
166,2019-02-14,7,18-44,574.0000,584.3484,504.2562,680.6059,0.7516,0.6556,0.8638,0.6808
166,2019-02-14,7,45-64,258.5714,262.6474,227.2522,306.0735,0.6798,0.5904,0.7831,0.6336
166,2019-02-14,7,65+,144.0000,143.7132,123.8308,168.0457,0.6983,0.6028,0.8082,0.6668
167,2019-02-15,7,0-5,466.0000,450.0199,389.7564,524.7236,1.5387,1.2990,1.8197,1.4274
167,2019-02-15,7,6-11,386.2857,374.9869,322.5329,436.0202,1.6860,1.4384,1.9858,1.5512
167,2019-02-15,7,12-17,102.5714,102.3650,87.3232,119.5239,1.1572,0.9992,1.3399,1.1040
167,2019-02-15,7,18-44,585.4286,584.3280,503.6481,680.0876,0.7545,0.6564,0.8701,0.7108
167,2019-02-15,7,45-64,257.0000,257.3768,221.9532,300.8238,0.6792,0.5890,0.7832,0.6510
167,2019-02-15,7,65+,139.1429,139.5275,119.5657,162.9621,0.6941,0.6001,0.8022,0.6779
168,2019-02-16,7,0-5,487.7143,475.3789,409.7405,552.4617,1.5261,1.2848,1.8108,1.4587
168,2019-02-16,7,6-11,409.4286,398.5122,342.0181,459.8998,1.6794,1.4314,1.9797,1.5953
168,2019-02-16,7,12-17,103.7143,102.9420,87.5453,120.5248,1.1486,0.9925,1.3303,1.1196
168,2019-02-16,7,18-44,598.2857,588.8792,509.9814,686.2944,0.7478,0.6510,0.8594,0.7223
168,2019-02-16,7,45-64,254.0000,253.5005,219.6690,295.9586,0.6727,0.5835,0.7754,0.6571
168,2019-02-16,7,65+,136.0000,135.7706,116.7097,158.5057,0.6868,0.5928,0.7930,0.6804
169,2019-02-17,8,0-5,513.5714,501.4208,432.3772,582.2470,1.4985,1.2669,1.7735,1.4843
169,2019-02-17,8,6-11,428.4286,423.9360,364.4899,489.9872,1.6603,1.4145,1.9577,1.6162
169,2019-02-17,8,12-17,105.1429,103.5175,88.3068,121.3281,1.1307,0.9771,1.3084,1.1325
169,2019-02-17,8,18-44,617.4286,598.1506,516.3966,692.5864,0.7359,0.6397,0.8456,0.7325
169,2019-02-17,8,45-64,255.0000,252.1954,217.7818,294.2433,0.6620,0.5738,0.7617,0.6647
169,2019-02-17,8,65+,136.1429,132.9158,114.0335,154.7058,0.6744,0.5829,0.7795,0.6873
170,2019-02-18,8,0-5,535.8571,526.5369,453.2371,613.5554,1.4692,1.2320,1.7466,1.4888
170,2019-02-18,8,6-11,455.2857,448.5576,386.9631,525.6423,1.6210,1.3828,1.9018,1.6347
170,2019-02-18,8,12-17,106.2857,104.9069,89.5954,121.7373,1.1029,0.9537,1.2779,1.1325
170,2019-02-18,8,18-44,633.4286,612.9974,527.0922,709.0313,0.7203,0.6278,0.8294,0.7329
170,2019-02-18,8,45-64,254.5714,252.5382,218.3169,295.0196,0.6479,0.5633,0.7470,0.6615
170,2019-02-18,8,65+,131.7143,131.5042,112.6052,152.4914,0.6603,0.5707,0.7626,0.6776
171,2019-02-19,8,0-5,547.5714,549.6187,476.4922,643.6849,1.4372,1.2083,1.7120,1.4641
171,2019-02-19,8,6-11,479.2857,473.2404,409.4253,552.8769,1.5690,1.3443,1.8578,1.6317
171,2019-02-19,8,12-17,109.1429,105.5656,90.0781,123.0854,1.0755,0.9325,1.2443,1.1343
171,2019-02-19,8,18-44,640.7143,630.5210,543.2979,734.5633,0.7026,0.6139,0.8078,0.7252
171,2019-02-19,8,45-64,257.8571,255.3787,220.9141,298.0050,0.6324,0.5503,0.7277,0.6554
171,2019-02-19,8,65+,128.1429,130.5649,111.5633,152.0101,0.6431,0.5571,0.7435,0.6662
172,2019-02-20,8,0-5,567.5714,572.8850,494.9710,665.8827,1.3966,1.1791,1.6550,1.4579
172,2019-02-20,8,6-11,497.5714,494.2727,428.2844,575.8340,1.5130,1.2911,1.7754,1.6204
172,2019-02-20,8,12-17,108.4286,106.3376,90.5426,124.2480,1.0446,0.9070,1.1991,1.1215
172,2019-02-20,8,18-44,652.1429,650.6952,560.6806,757.1941,0.6824,0.5965,0.7847,0.7224
172,2019-02-20,8,45-64,263.8571,259.1803,223.0132,301.8932,0.6139,0.5357,0.7068,0.6556
172,2019-02-20,8,65+,132.2857,130.3471,111.2497,152.4701,0.6237,0.5402,0.7200,0.6715
173,2019-02-21,8,0-5,579.5714,592.1315,510.3377,682.9614,1.3619,1.1490,1.6155,1.4330
173,2019-02-21,8,6-11,505.5714,510.9961,441.1340,594.7859,1.4567,1.2424,1.7126,1.5824
173,2019-02-21,8,12-17,106.5714,107.0080,91.4912,124.4750,1.0137,0.8811,1.1668,1.0936
173,2019-02-21,8,18-44,657.5714,669.1133,578.3860,775.6228,0.6643,0.5805,0.7649,0.7092
173,2019-02-21,8,45-64,264.5714,261.9745,225.8298,308.2466,0.5963,0.5194,0.6860,0.6450
173,2019-02-21,8,65+,134.2857,130.0512,111.5837,152.7850,0.6036,0.5226,0.6971,0.6646
174,2019-02-22,8,0-5,599.1429,606.7223,524.4702,702.7080,1.3234,1.1072,1.5805,1.4363
174,2019-02-22,8,6-11,516.2857,517.6477,447.9118,601.7108,1.4075,1.1959,1.6528,1.5704
174,2019-02-22,8,12-17,106.8571,107.6274,91.7020,124.6733,0.9876,0.8527,1.1517,1.0878
174,2019-02-22,8,18-44,685.0000,684.4928,595.3013,794.8078,0.6480,0.5625,0.7490,0.7101
174,2019-02-22,8,45-64,266.8571,264.0625,227.3872,309.5683,0.5808,0.5034,0.6709,0.6431
174,2019-02-22,8,65+,132.2857,130.1487,111.8269,152.1862,0.5863,0.5072,0.6782,0.6572
175,2019-02-23,8,0-5,621.0000,615.7917,534.3454,712.8809,1.2800,1.0780,1.5223,1.4346
175,2019-02-23,8,6-11,525.1429,520.7462,448.5612,602.0797,1.3562,1.1607,1.5904,1.5522
175,2019-02-23,8,12-17,108.4286,107.3585,91.4566,124.4708,0.9669,0.8282,1.1235,1.0847
175,2019-02-23,8,18-44,694.5714,698.1576,608.9259,816.6236,0.6346,0.5490,0.7316,0.7055
175,2019-02-23,8,45-64,271.5714,264.1891,227.5306,307.8157,0.5692,0.4925,0.6559,0.6396
175,2019-02-23,8,65+,133.1429,129.5874,110.6492,150.9986,0.5729,0.4960,0.6619,0.6530
176,2019-02-24,9,0-5,629.8571,619.1967,532.8135,711.2935,1.2395,1.0449,1.4728,1.4163
176,2019-02-24,9,6-11,536.0000,515.1968,442.4630,596.6932,1.3050,1.1089,1.5364,1.5387
176,2019-02-24,9,12-17,111.7143,106.9207,90.8923,122.4094,0.9543,0.8227,1.1206,1.0833
176,2019-02-24,9,18-44,713.2857,710.8308,617.1314,826.7559,0.6212,0.5370,0.7215,0.6973
176,2019-02-24,9,45-64,267.5714,263.3007,226.3728,307.5641,0.5591,0.4829,0.6460,0.6277
176,2019-02-24,9,65+,127.0000,128.5101,110.3733,149.7943,0.5630,0.4871,0.6516,0.6318
177,2019-02-25,9,0-5,641.0000,615.5814,527.9008,707.1838,1.2030,1.0084,1.4368,1.4053
177,2019-02-25,9,6-11,531.2857,503.2636,433.7508,582.3849,1.2686,1.0798,1.4915,1.5076
177,2019-02-25,9,12-17,110.7143,106.0326,90.1136,123.0686,0.9568,0.8238,1.1165,1.0680
177,2019-02-25,9,18-44,732.2857,721.4900,620.1548,836.3649,0.6127,0.5322,0.7091,0.6929
177,2019-02-25,9,45-64,269.2857,260.6336,223.7123,304.2337,0.5537,0.4805,0.6396,0.6237
177,2019-02-25,9,65+,128.0000,126.9800,108.7650,147.9518,0.5560,0.4807,0.6435,0.6280
178,2019-02-26,9,0-5,613.2857,603.6487,524.5264,694.2001,1.1754,0.9897,1.4025,1.3071
178,2019-02-26,9,6-11,489.5714,487.1124,417.6729,561.4386,1.2523,1.0720,1.4649,1.3761
178,2019-02-26,9,12-17,100.1429,105.9444,90.3492,124.4553,0.9802,0.8410,1.1418,0.9642
178,2019-02-26,9,18-44,699.0000,729.4271,625.7676,847.1253,0.6139,0.5315,0.7143,0.6368
178,2019-02-26,9,45-64,239.8571,258.1167,221.5536,300.0651,0.5584,0.4838,0.6471,0.5676
178,2019-02-26,9,65+,120.1429,125.7854,107.4714,146.5916,0.5597,0.4843,0.6490,0.5748
179,2019-02-27,9,0-5,604.2857,587.1951,512.4405,676.0204,1.1680,0.9838,1.3928,1.3016
179,2019-02-27,9,6-11,475.0000,466.7262,402.4738,539.5911,1.2590,1.0793,1.4699,1.3702
179,2019-02-27,9,12-17,102.8571,106.5404,91.3002,125.2748,1.0178,0.8765,1.1793,0.9915
179,2019-02-27,9,18-44,732.0000,738.2182,635.1111,859.0631,0.6240,0.5377,0.7223,0.6499
179,2019-02-27,9,45-64,246.0000,255.6076,218.9605,298.6738,0.5702,0.4928,0.6574,0.5824
179,2019-02-27,9,65+,120.8571,124.7649,106.1342,145.3421,0.5690,0.4919,0.6603,0.5860
180,2019-02-28,9,0-5,595.2857,565.3665,494.2164,654.4775,1.1752,0.9879,1.3972,1.2931
180,2019-02-28,9,6-11,463.4286,446.2722,386.8543,516.9510,1.2849,1.1016,1.5117,1.3646
180,2019-02-28,9,12-17,103.8571,108.4453,92.0607,129.3295,1.0817,0.9295,1.2646,1.0031
180,2019-02-28,9,18-44,741.8571,745.1800,645.6547,866.1504,0.6375,0.5506,0.7442,0.6534
180,2019-02-28,9,45-64,246.2857,253.4192,219.3389,297.3168,0.5849,0.5072,0.6769,0.5870
180,2019-02-28,9,65+,121.0000,123.8351,104.6513,144.7487,0.5812,0.5033,0.6729,0.5901
181,2019-03-01,9,0-5,550.0000,543.4954,474.8534,630.2681,1.2033,1.0190,1.4291,1.2345
181,2019-03-01,9,6-11,426.0000,429.9558,371.4297,493.8266,1.3420,1.1514,1.5715,1.3118
181,2019-03-01,9,12-17,103.8571,113.0846,95.2277,133.1807,1.1685,0.9990,1.3581,1.0027
181,2019-03-01,9,18-44,744.8571,752.5936,648.6094,874.7413,0.6595,0.5698,0.7650,0.6450
181,2019-03-01,9,45-64,245.1429,251.5318,218.1266,294.7762,0.6062,0.5250,0.6989,0.5848
181,2019-03-01,9,65+,119.2857,122.6618,104.5019,144.3198,0.5995,0.5177,0.6936,0.5861
182,2019-03-02,9,0-5,509.0000,524.2898,456.2821,610.5084,1.2520,1.0589,1.4895,1.1945
182,2019-03-02,9,6-11,402.0000,417.5078,362.2000,481.2411,1.4187,1.2156,1.6639,1.2935
182,2019-03-02,9,12-17,112.7143,120.4848,102.4263,142.1957,1.2776,1.1034,1.4986,1.0466
182,2019-03-02,9,18-44,744.7143,756.1515,652.8780,881.2021,0.6878,0.5968,0.7996,0.6448
182,2019-03-02,9,45-64,243.0000,250.6349,216.8723,293.8029,0.6312,0.5494,0.7286,0.5895
182,2019-03-02,9,65+,119.4286,122.0174,103.7118,144.5854,0.6189,0.5364,0.7164,0.5896
183,2019-03-03,10,0-5,483.4286,509.9859,443.5439,591.2136,1.3210,1.1152,1.5686,1.1854
183,2019-03-03,10,6-11,378.7143,411.9925,356.4050,476.0241,1.5266,1.3145,1.7795,1.2861
183,2019-03-03,10,12-17,120.8571,132.4145,111.8234,155.9748,1.4064,1.2036,1.6512,1.0902
183,2019-03-03,10,18-44,744.0000,757.3865,655.2090,881.5513,0.7184,0.6235,0.8314,0.6515
183,2019-03-03,10,45-64,244.4286,249.9327,215.4096,293.4526,0.6547,0.5699,0.7532,0.5992
183,2019-03-03,10,65+,119.1429,121.2458,103.6579,143.3616,0.6350,0.5501,0.7320,0.5970
184,2019-03-04,10,0-5,459.2857,502.9849,435.1505,582.9174,1.3977,1.1819,1.6590,1.1815
184,2019-03-04,10,6-11,371.4286,418.1942,360.8283,484.5070,1.6547,1.4133,1.9245,1.3085
184,2019-03-04,10,12-17,139.1429,149.0924,126.2963,176.9504,1.5514,1.3201,1.8434,1.1733
184,2019-03-04,10,18-44,736.4286,758.1972,652.1826,882.9940,0.7489,0.6505,0.8706,0.6599
184,2019-03-04,10,45-64,242.1429,248.3981,213.7900,290.5000,0.6758,0.5893,0.7793,0.6091
184,2019-03-04,10,65+,118.2857,120.3467,102.9816,141.3340,0.6466,0.5627,0.7463,0.6029
185,2019-03-05,10,0-5,491.1429,505.7998,436.8401,585.2743,1.4812,1.2462,1.7503,1.3027
185,2019-03-05,10,6-11,417.2857,433.6510,375.7733,504.2305,1.7911,1.5298,2.1016,1.4801
185,2019-03-05,10,12-17,176.1429,173.2533,148.0217,205.0801,1.6944,1.4380,1.9973,1.3748
185,2019-03-05,10,18-44,776.7143,756.3676,652.3336,880.2354,0.7771,0.6736,0.8992,0.7264
185,2019-03-05,10,45-64,263.5714,245.3054,212.2937,288.2078,0.6917,0.6028,0.7955,0.6709
185,2019-03-05,10,65+,124.7143,118.7662,101.3993,139.4010,0.6530,0.5670,0.7522,0.6562
186,2019-03-06,10,0-5,498.1429,516.7268,445.1948,602.0977,1.5548,1.3146,1.8333,1.3195
186,2019-03-06,10,6-11,446.4286,467.5264,404.0973,543.4517,1.9170,1.6383,2.2476,1.5335
186,2019-03-06,10,12-17,210.5714,206.0717,175.3049,243.4021,1.8173,1.5472,2.1330,1.4576
186,2019-03-06,10,18-44,751.8571,753.7539,647.8051,880.7468,0.7974,0.6974,0.9220,0.7192
186,2019-03-06,10,45-64,248.2857,241.6192,209.2063,283.9423,0.6988,0.6121,0.8022,0.6561
186,2019-03-06,10,65+,118.8571,117.0222,100.2413,136.9897,0.6506,0.5665,0.7491,0.6338
187,2019-03-07,10,0-5,514.4286,539.2787,465.4177,629.2813,1.6152,1.3648,1.9088,1.3523
187,2019-03-07,10,6-11,473.4286,517.8467,442.8349,603.3624,2.0223,1.7303,2.3749,1.5764
187,2019-03-07,10,12-17,236.4286,249.6856,213.3937,295.3979,1.9153,1.6165,2.2530,1.4869
187,2019-03-07,10,18-44,753.4286,757.6249,652.1308,890.0435,0.8106,0.7090,0.9307,0.7219
187,2019-03-07,10,45-64,245.0000,237.0704,205.4250,277.2036,0.6996,0.6138,0.7989,0.6518
187,2019-03-07,10,65+,116.1429,114.8900,98.4205,134.7711,0.6430,0.5617,0.7388,0.6248
188,2019-03-08,10,0-5,573.0000,573.4190,492.3528,667.4436,1.6476,1.3912,1.9590,1.4616
188,2019-03-08,10,6-11,602.1429,588.9231,502.5484,684.8670,2.0875,1.7802,2.4472,1.8106
188,2019-03-08,10,12-17,313.1429,306.8717,263.0983,363.1434,1.9797,1.6636,2.3505,1.6948
188,2019-03-08,10,18-44,767.1429,768.2985,663.2505,897.7839,0.8123,0.7107,0.9338,0.7576
188,2019-03-08,10,45-64,241.0000,233.1471,202.0861,272.5791,0.6917,0.6062,0.7901,0.6718
188,2019-03-08,10,65+,116.2857,113.5508,97.2039,133.0487,0.6282,0.5492,0.7206,0.6341
189,2019-03-09,10,0-5,641.2857,617.6224,534.1138,722.2272,1.6549,1.3976,1.9606,1.5603
189,2019-03-09,10,6-11,719.5714,681.9692,580.1093,797.2013,2.1109,1.7970,2.4842,1.9624
189,2019-03-09,10,12-17,399.0000,378.4350,324.5644,443.9782,1.9834,1.6828,2.3599,1.8458
189,2019-03-09,10,18-44,813.1429,789.3102,680.6933,920.3261,0.8037,0.7038,0.9267,0.7866
189,2019-03-09,10,45-64,238.8571,229.7845,198.0570,268.0965,0.6758,0.5929,0.7733,0.6848
189,2019-03-09,10,65+,115.0000,112.5250,96.4664,132.4970,0.6082,0.5322,0.6967,0.6344
190,2019-03-10,11,0-5,694.1429,669.8179,578.3261,783.2063,1.6303,1.3815,1.9393,1.5835
190,2019-03-10,11,6-11,831.1429,791.0898,676.9633,924.7194,2.1002,1.7818,2.4870,2.0098
190,2019-03-10,11,12-17,488.8571,464.6504,396.3126,543.1157,1.9694,1.6571,2.3562,1.8995
190,2019-03-10,11,18-44,853.2857,827.7086,717.0730,965.2837,0.7870,0.6897,0.9074,0.7836
190,2019-03-10,11,45-64,233.8571,227.9958,195.9529,266.0124,0.6557,0.5770,0.7494,0.6730
190,2019-03-10,11,65+,115.1429,112.2862,95.4424,132.5700,0.5862,0.5145,0.6692,0.6178
191,2019-03-11,11,0-5,753.8571,727.7438,627.7325,850.2141,1.6021,1.3513,1.8988,1.5962
191,2019-03-11,11,6-11,951.7143,922.0119,788.6859,1074.1974,2.0584,1.7525,2.4379,2.0249
191,2019-03-11,11,12-17,591.8571,568.0501,485.9640,667.7329,1.9278,1.6194,2.2987,1.9207
191,2019-03-11,11,18-44,917.8571,886.3893,769.6137,1037.7688,0.7642,0.6694,0.8732,0.7771
191,2019-03-11,11,45-64,229.5714,230.7744,198.1312,269.8550,0.6318,0.5559,0.7185,0.6576
191,2019-03-11,11,65+,114.2857,113.8503,97.1926,134.9951,0.5612,0.4927,0.6395,0.5959
192,2019-03-12,11,0-5,808.2857,794.8817,685.9747,928.5668,1.5700,1.3252,1.8728,1.5854
192,2019-03-12,11,6-11,1085.5714,1071.2464,918.0875,1251.7305,2.0224,1.7191,2.3866,2.0241
192,2019-03-12,11,12-17,710.1429,686.9598,587.7670,806.9500,1.8869,1.5826,2.2656,1.9292
192,2019-03-12,11,18-44,990.4286,966.8335,837.1271,1131.6926,0.7413,0.6502,0.8535,0.7690
192,2019-03-12,11,45-64,236.5714,238.0428,203.1819,277.4852,0.6091,0.5362,0.6960,0.6474
192,2019-03-12,11,65+,119.4286,117.4725,100.0620,138.6414,0.5384,0.4729,0.6141,0.5851
193,2019-03-13,11,0-5,855.0000,871.0288,750.1937,1018.1908,1.5422,1.2938,1.8332,1.5484
193,2019-03-13,11,6-11,1207.4286,1239.7704,1062.3843,1450.3259,1.9895,1.6865,2.3488,1.9759
193,2019-03-13,11,12-17,814.1429,826.4283,706.3957,965.7843,1.8521,1.5640,2.2063,1.8689
193,2019-03-13,11,18-44,1061.7143,1063.4626,916.4769,1249.8914,0.7209,0.6329,0.8299,0.7472
193,2019-03-13,11,45-64,245.4286,249.2720,212.9138,290.8294,0.5892,0.5194,0.6722,0.6254
193,2019-03-13,11,65+,122.7143,123.1444,104.8742,144.8542,0.5172,0.4558,0.5890,0.5636
194,2019-03-14,11,0-5,909.4286,951.7722,819.8140,1111.4280,1.5145,1.2810,1.8034,1.5072
194,2019-03-14,11,6-11,1323.8571,1426.0722,1220.3807,1657.6991,1.9560,1.6660,2.2981,1.9034
194,2019-03-14,11,12-17,883.5714,981.3225,841.8564,1144.8105,1.8202,1.5284,2.1961,1.7462
194,2019-03-14,11,18-44,1108.7143,1172.2541,1003.8301,1370.2116,0.7053,0.6173,0.8079,0.7131
194,2019-03-14,11,45-64,252.4286,264.5853,226.9894,309.7513,0.5731,0.5035,0.6528,0.5916
194,2019-03-14,11,65+,125.7143,129.4853,109.9837,151.6358,0.4993,0.4392,0.5687,0.5346
195,2019-03-15,11,0-5,1046.1429,1037.6326,898.0640,1206.7888,1.4860,1.2546,1.7679,1.6093
195,2019-03-15,11,6-11,1665.2857,1631.3983,1395.5968,1905.9116,1.9207,1.6270,2.2656,2.0987
195,2019-03-15,11,12-17,1171.8571,1157.2674,990.2390,1349.4017,1.7809,1.4882,2.1247,1.9677
195,2019-03-15,11,18-44,1275.1429,1288.4306,1106.1639,1514.9888,0.6892,0.6029,0.7887,0.7617
195,2019-03-15,11,45-64,275.8571,282.0076,241.9243,330.0412,0.5573,0.4896,0.6343,0.6275
195,2019-03-15,11,65+,135.2857,136.4705,115.3823,159.8308,0.4822,0.4247,0.5481,0.5558
196,2019-03-16,11,0-5,1142.1429,1125.3192,977.7344,1311.5782,1.4451,1.2196,1.7210,1.6018
196,2019-03-16,11,6-11,1917.5714,1853.5338,1581.0013,2159.4395,1.8649,1.5755,2.1970,2.0989
196,2019-03-16,11,12-17,1392.0000,1342.7116,1156.9525,1568.0852,1.7143,1.4312,2.0501,1.9743
196,2019-03-16,11,18-44,1406.5714,1410.3169,1212.7389,1650.2447,0.6677,0.5850,0.7660,0.7548
196,2019-03-16,11,45-64,296.0000,300.2642,257.5453,351.9108,0.5374,0.4724,0.6125,0.6189
196,2019-03-16,11,65+,143.8571,142.9551,121.7760,167.3451,0.4632,0.4084,0.5263,0.5446
197,2019-03-17,12,0-5,1231.8571,1214.0489,1058.7299,1415.0849,1.4053,1.1899,1.6712,1.5672
197,2019-03-17,12,6-11,2125.4286,2084.5231,1795.6411,2397.9011,1.8009,1.5303,2.1365,2.0281
197,2019-03-17,12,12-17,1581.1429,1538.6959,1321.3363,1789.0650,1.6443,1.3742,1.9857,1.9013
197,2019-03-17,12,18-44,1560.7143,1543.4775,1331.0615,1803.1910,0.6449,0.5649,0.7409,0.7349
197,2019-03-17,12,45-64,323.0000,319.5738,274.9103,377.7268,0.5163,0.4543,0.5896,0.5996
197,2019-03-17,12,65+,149.4286,149.6600,128.4953,174.5368,0.4437,0.3914,0.5044,0.5231
198,2019-03-18,12,0-5,1313.7143,1309.6317,1136.2057,1520.4839,1.3719,1.1554,1.6272,1.5253
198,2019-03-18,12,6-11,2326.7143,2319.2840,2004.7528,2666.4779,1.7434,1.4717,2.0706,1.9562
198,2019-03-18,12,12-17,1780.4286,1737.0496,1494.4506,2005.7865,1.5764,1.3041,1.8852,1.8347
198,2019-03-18,12,18-44,1736.8571,1692.4455,1458.2143,1977.0236,0.6237,0.5465,0.7159,0.7166
198,2019-03-18,12,45-64,352.2857,342.9890,294.1812,402.1244,0.4967,0.4369,0.5669,0.5836
198,2019-03-18,12,65+,160.2857,157.2194,135.8265,185.1930,0.4260,0.3754,0.4839,0.5080
199,2019-03-19,12,0-5,1413.2857,1407.0758,1222.0789,1631.1865,1.3348,1.1246,1.5898,1.4931
199,2019-03-19,12,6-11,2565.0000,2547.0230,2212.9402,2974.1373,1.6963,1.4348,2.0000,1.9042
199,2019-03-19,12,12-17,1962.5714,1925.7603,1661.0281,2226.8464,1.5152,1.2668,1.8349,1.7568
199,2019-03-19,12,18-44,1890.5714,1850.3491,1602.5554,2162.2870,0.6051,0.5298,0.6937,0.6951
199,2019-03-19,12,45-64,376.7143,367.5861,315.8256,430.3717,0.4797,0.4216,0.5475,0.5623
199,2019-03-19,12,65+,167.8571,166.1053,142.6458,195.7336,0.4105,0.3621,0.4662,0.4875
200,2019-03-20,12,0-5,1518.7143,1503.9646,1297.1964,1747.7487,1.3064,1.1035,1.5561,1.4612
200,2019-03-20,12,6-11,2794.8571,2783.3716,2413.8420,3246.2647,1.6663,1.4020,1.9851,1.8479
200,2019-03-20,12,12-17,2130.7143,2112.9210,1815.1261,2446.2313,1.4800,1.2371,1.7854,1.6791
200,2019-03-20,12,18-44,2029.7143,2016.0057,1735.2604,2354.2763,0.5930,0.5180,0.6830,0.6713
200,2019-03-20,12,45-64,393.8571,393.2726,337.2252,457.7549,0.4686,0.4112,0.5363,0.5385
200,2019-03-20,12,65+,173.7143,175.4022,150.8133,206.6377,0.3997,0.3521,0.4547,0.4649
201,2019-03-21,12,0-5,1563.2857,1600.8375,1381.3457,1850.6718,1.2924,1.0867,1.5392,1.3785
201,2019-03-21,12,6-11,2909.7143,3017.4584,2620.9959,3527.7341,1.6434,1.3821,1.9583,1.7312
201,2019-03-21,12,12-17,2195.0000,2293.3610,1976.0240,2650.3222,1.4506,1.2192,1.7586,1.5486
201,2019-03-21,12,18-44,2094.5714,2186.0059,1886.5197,2543.7763,0.5854,0.5107,0.6740,0.6269
201,2019-03-21,12,45-64,395.2857,417.7300,358.0766,484.2478,0.4615,0.4048,0.5281,0.4993
201,2019-03-21,12,65+,174.8571,184.5915,157.9400,217.4250,0.3923,0.3457,0.4449,0.4306
202,2019-03-22,12,0-5,1682.7143,1692.9289,1466.1950,1954.7031,1.2798,1.0714,1.5267,1.3876
202,2019-03-22,12,6-11,3207.4286,3255.8568,2819.2903,3822.0742,1.6246,1.3711,1.9273,1.7487
202,2019-03-22,12,12-17,2407.4286,2466.3851,2139.7218,2863.3715,1.4362,1.2035,1.7373,1.5531
202,2019-03-22,12,18-44,2305.5714,2358.7807,2028.7219,2741.2400,0.5802,0.5061,0.6670,0.6322
202,2019-03-22,12,45-64,424.4286,441.5870,377.0368,512.7783,0.4565,0.4000,0.5221,0.5022
202,2019-03-22,12,65+,188.5714,193.4767,165.9149,226.6329,0.3861,0.3401,0.4386,0.4325
203,2019-03-23,12,0-5,1771.1429,1791.3770,1554.4362,2061.4368,1.2651,1.0631,1.5044,1.3691
203,2019-03-23,12,6-11,3473.2857,3490.8355,3020.7955,4093.4541,1.6017,1.3511,1.8977,1.7391
203,2019-03-23,12,12-17,2622.8571,2643.9879,2284.8969,3061.3317,1.4242,1.1761,1.7052,1.5498
203,2019-03-23,12,18-44,2477.4286,2518.2479,2166.3684,2939.6706,0.5743,0.5014,0.6608,0.6271
203,2019-03-23,12,45-64,449.7143,464.0523,398.8393,539.7408,0.4514,0.3954,0.5165,0.4982
203,2019-03-23,12,65+,201.7143,201.1292,172.5447,233.2101,0.3798,0.3351,0.4311,0.4288
204,2019-03-24,13,0-5,1881.4286,1878.3071,1626.9340,2168.6596,1.2490,1.0545,1.4876,1.3594
204,2019-03-24,13,6-11,3752.4286,3729.6413,3217.0738,4344.8471,1.5743,1.3278,1.8736,1.7276
204,2019-03-24,13,12-17,2819.5714,2819.9853,2438.3447,3265.3860,1.3972,1.1638,1.6755,1.5329
204,2019-03-24,13,18-44,2649.1429,2684.4027,2310.1406,3142.8314,0.5668,0.4944,0.6543,0.6210
204,2019-03-24,13,45-64,475.7143,484.7108,417.0069,564.6031,0.4447,0.3896,0.5094,0.4919
204,2019-03-24,13,65+,210.7143,207.5157,178.1137,239.9543,0.3722,0.3278,0.4237,0.4218
205,2019-03-25,13,0-5,1976.5714,1967.3102,1701.8651,2279.2177,1.2323,1.0389,1.4744,1.3427
205,2019-03-25,13,6-11,3985.4286,3956.5244,3420.6600,4588.0079,1.5438,1.2991,1.8370,1.7011
205,2019-03-25,13,12-17,3014.8571,2982.1332,2572.2562,3453.1162,1.3674,1.1386,1.6479,1.5144
205,2019-03-25,13,18-44,2855.0000,2836.6616,2454.3437,3311.8836,0.5566,0.4849,0.6429,0.6150
205,2019-03-25,13,45-64,507.0000,505.4522,434.2779,590.9685,0.4360,0.3815,0.5005,0.4863
205,2019-03-25,13,65+,213.7143,212.2107,183.4101,247.1499,0.3638,0.3203,0.4141,0.4127
206,2019-03-26,13,0-5,2073.8571,2056.2223,1774.5225,2373.7037,1.2174,1.0194,1.4520,1.3259
206,2019-03-26,13,6-11,4206.7143,4165.2835,3600.5363,4816.0111,1.5192,1.2724,1.8014,1.6720
206,2019-03-26,13,12-17,3200.0000,3146.7791,2727.6177,3627.7615,1.3435,1.1098,1.6200,1.4913
206,2019-03-26,13,18-44,3053.8571,2986.5801,2593.8035,3466.5677,0.5465,0.4747,0.6304,0.6079
206,2019-03-26,13,45-64,536.8571,526.7751,451.4881,615.3902,0.4272,0.3728,0.4894,0.4800
206,2019-03-26,13,65+,220.1429,216.9006,186.7492,253.4052,0.3558,0.3128,0.4043,0.4050
207,2019-03-27,13,0-5,2147.5714,2146.3494,1858.3143,2480.6306,1.2049,1.0129,1.4376,1.2934
207,2019-03-27,13,6-11,4368.4286,4361.1209,3754.6251,5027.7737,1.4992,1.2660,1.7697,1.6229
207,2019-03-27,13,12-17,3311.7143,3295.3434,2857.1999,3804.1857,1.3169,1.0982,1.5938,1.4411
207,2019-03-27,13,18-44,3196.0000,3137.6758,2690.4050,3649.4329,0.5387,0.4684,0.6232,0.5918
207,2019-03-27,13,45-64,558.5714,547.5302,468.5278,638.4272,0.4198,0.3668,0.4827,0.4662
207,2019-03-27,13,65+,223.7143,221.5630,190.5873,260.0799,0.3489,0.3071,0.3975,0.3920
208,2019-03-28,13,0-5,2211.4286,2237.2907,1944.5434,2581.7453,1.2001,1.0042,1.4362,1.2529
208,2019-03-28,13,6-11,4473.7143,4545.3593,3942.2549,5270.6433,1.4810,1.2443,1.7679,1.5603
208,2019-03-28,13,12-17,3374.5714,3431.9422,2974.5223,3977.5012,1.2984,1.0845,1.5762,1.3792
208,2019-03-28,13,18-44,3239.4286,3276.3588,2825.2432,3815.8653,0.5343,0.4624,0.6159,0.5677
208,2019-03-28,13,45-64,567.7143,569.7983,487.2455,662.7192,0.4153,0.3614,0.4759,0.4459
208,2019-03-28,13,65+,224.2857,226.1991,194.3945,263.5387,0.3445,0.3026,0.3913,0.3742
209,2019-03-29,13,0-5,2336.2857,2328.0612,2020.9148,2702.5981,1.1979,1.0028,1.4245,1.2598
209,2019-03-29,13,6-11,4748.1429,4734.0978,4085.8027,5498.5884,1.4732,1.2422,1.7487,1.5690
209,2019-03-29,13,12-17,3569.7143,3560.3838,3082.2775,4136.8908,1.2895,1.0662,1.5605,1.3832
209,2019-03-29,13,18-44,3405.7143,3410.2203,2928.2577,3972.4826,0.5313,0.4620,0.6132,0.5681
209,2019-03-29,13,45-64,586.0000,588.0921,506.8425,681.4933,0.4124,0.3601,0.4734,0.4445
209,2019-03-29,13,65+,229.2857,231.1188,198.3833,269.7244,0.3421,0.3012,0.3891,0.3712
210,2019-03-30,13,0-5,2429.7143,2420.5719,2102.5390,2810.0107,1.2021,1.0065,1.4321,1.2458
210,2019-03-30,13,6-11,4931.4286,4901.2099,4249.4075,5703.3014,1.4689,1.2398,1.7516,1.5469
210,2019-03-30,13,12-17,3681.1429,3683.2993,3172.5485,4268.7584,1.2859,1.0708,1.5515,1.3574
210,2019-03-30,13,18-44,3503.2857,3540.3797,3050.0606,4100.9553,0.5315,0.4633,0.6146,0.5577
210,2019-03-30,13,45-64,593.8571,604.8359,523.1782,700.6357,0.4122,0.3612,0.4732,0.4344
210,2019-03-30,13,65+,227.0000,236.4660,202.4854,274.7845,0.3424,0.3022,0.3898,0.3605
211,2019-03-31,14,0-5,2509.0000,2524.8995,2185.1834,2923.7246,1.2113,1.0134,1.4481,1.2297
211,2019-03-31,14,6-11,5033.1429,5079.7829,4411.0968,5893.1527,1.4770,1.2448,1.7645,1.5134
211,2019-03-31,14,12-17,3741.7143,3801.0112,3280.3604,4411.3166,1.2913,1.0757,1.5597,1.3246
211,2019-03-31,14,18-44,3624.1429,3666.2569,3165.9564,4247.0878,0.5360,0.4673,0.6196,0.5490
211,2019-03-31,14,45-64,609.4286,622.1302,537.6711,722.8095,0.4153,0.3635,0.4773,0.4270
211,2019-03-31,14,65+,231.7143,242.0939,208.1174,281.4020,0.3450,0.3038,0.3926,0.3543
212,2019-04-01,14,0-5,2599.5714,2637.3583,2286.8869,3056.0459,1.2251,1.0249,1.4627,1.2203
212,2019-04-01,14,6-11,5164.0000,5261.0038,4548.0013,6116.6380,1.4961,1.2599,1.7770,1.4932
212,2019-04-01,14,12-17,3826.1429,3923.0896,3381.3953,4564.1899,1.3057,1.0825,1.5723,1.3059
212,2019-04-01,14,18-44,3725.7143,3801.9348,3277.1896,4417.1432,0.5438,0.4729,0.6294,0.5430
212,2019-04-01,14,45-64,626.8571,640.7589,551.8215,743.5909,0.4213,0.3679,0.4845,0.4223
212,2019-04-01,14,65+,240.7143,248.3923,214.2116,290.6824,0.3499,0.3077,0.3986,0.3513
213,2019-04-02,14,0-5,2708.2857,2745.9111,2388.1906,3186.2930,1.2356,1.0356,1.4669,1.2244
213,2019-04-02,14,6-11,5329.7143,5457.6987,4730.9314,6324.7265,1.5156,1.2760,1.8042,1.4920
213,2019-04-02,14,12-17,3982.1429,4055.0388,3486.0546,4709.6992,1.3125,1.0953,1.5733,1.3132
213,2019-04-02,14,18-44,3889.8571,3953.2657,3418.8411,4594.6579,0.5512,0.4782,0.6385,0.5449
213,2019-04-02,14,45-64,642.7143,658.0405,566.0974,762.2491,0.4267,0.3722,0.4913,0.4236
213,2019-04-02,14,65+,250.0000,256.0665,220.1316,301.2180,0.3543,0.3114,0.4038,0.3522
214,2019-04-03,14,0-5,2817.2857,2855.7624,2487.1101,3329.1791,1.2412,1.0420,1.4841,1.2272
214,2019-04-03,14,6-11,5525.1429,5670.1500,4934.4202,6578.8974,1.5223,1.2858,1.8094,1.4955
214,2019-04-03,14,12-17,4107.5714,4190.3691,3623.2457,4894.6370,1.3104,1.0989,1.5716,1.3131
214,2019-04-03,14,18-44,4036.4286,4129.1676,3553.5740,4806.1081,0.5567,0.4842,0.6432,0.5463
214,2019-04-03,14,45-64,666.1429,677.3523,582.5241,787.0864,0.4309,0.3764,0.4945,0.4250
214,2019-04-03,14,65+,265.5714,263.5954,226.4732,309.2553,0.3572,0.3149,0.4062,0.3552
215,2019-04-04,14,0-5,2932.4286,2978.4239,2576.9923,3458.7593,1.2402,1.0411,1.4892,1.2299
215,2019-04-04,14,6-11,5748.0000,5899.9698,5125.1280,6822.7113,1.5249,1.2979,1.8128,1.5012
215,2019-04-04,14,12-17,4212.1429,4319.9251,3753.1945,5010.2969,1.3027,1.0889,1.5661,1.3067
215,2019-04-04,14,18-44,4186.8571,4307.5391,3730.9667,5001.5820,0.5592,0.4847,0.6487,0.5467
215,2019-04-04,14,45-64,685.0000,697.8292,602.6942,812.4867,0.4318,0.3761,0.4976,0.4244
215,2019-04-04,14,65+,272.2857,271.5381,233.2406,318.4790,0.3572,0.3139,0.4069,0.3543
216,2019-04-05,14,0-5,3129.7143,3089.2945,2674.4449,3611.9216,1.2273,1.0246,1.4595,1.2755
216,2019-04-05,14,6-11,6258.0000,6138.0427,5345.3872,7139.1064,1.5150,1.2821,1.8013,1.5770
216,2019-04-05,14,12-17,4528.4286,4445.0404,3873.9986,5104.6713,1.2862,1.0682,1.5486,1.3650
216,2019-04-05,14,18-44,4588.2857,4503.9005,3905.6032,5267.6115,0.5556,0.4813,0.6440,0.5730
216,2019-04-05,14,45-64,736.8571,720.4934,621.6145,838.5927,0.4289,0.3731,0.4938,0.4445
216,2019-04-05,14,65+,288.0000,279.3773,240.2133,328.1606,0.3538,0.3109,0.4037,0.3693
217,2019-04-06,14,0-5,3260.0000,3197.7147,2772.9066,3717.4007,1.2059,1.0041,1.4463,1.2736
217,2019-04-06,14,6-11,6517.5714,6374.9238,5541.6232,7387.5372,1.4929,1.2613,1.7749,1.5729
217,2019-04-06,14,12-17,4643.7143,4552.4576,3939.2787,5242.4582,1.2554,1.0473,1.5078,1.3512
217,2019-04-06,14,18-44,4828.8571,4718.5783,4093.2016,5503.1531,0.5478,0.4735,0.6335,0.5724
217,2019-04-06,14,45-64,759.7143,741.9121,641.5779,861.9700,0.4218,0.3671,0.4847,0.4427
217,2019-04-06,14,65+,292.1429,286.1881,245.8536,336.0426,0.3477,0.3055,0.3957,0.3663
218,2019-04-07,15,0-5,3338.4286,3303.2530,2860.7315,3824.3367,1.1851,0.9935,1.4119,1.2535
218,2019-04-07,15,6-11,6710.5714,6602.9237,5738.4417,7637.3242,1.4689,1.2387,1.7444,1.5505
218,2019-04-07,15,12-17,4716.1429,4629.9843,4018.7103,5345.2952,1.2209,1.0202,1.4681,1.3252
218,2019-04-07,15,18-44,5067.4286,4931.1737,4248.8340,5736.9842,0.5369,0.4642,0.6228,0.5668
218,2019-04-07,15,45-64,778.2857,763.7475,660.3250,887.0532,0.4130,0.3590,0.4762,0.4377
218,2019-04-07,15,65+,297.0000,292.7772,251.7921,342.2213,0.3412,0.2990,0.3892,0.3611
219,2019-04-08,15,0-5,3407.1429,3393.0314,2937.0160,3949.7955,1.1615,0.9756,1.3913,1.2309
219,2019-04-08,15,6-11,6850.1429,6811.5682,5934.7207,7890.5057,1.4409,1.2137,1.7188,1.5200
219,2019-04-08,15,12-17,4740.8571,4691.2790,4066.9909,5410.3985,1.1894,0.9934,1.4303,1.2921
219,2019-04-08,15,18-44,5262.7143,5142.4881,4416.8385,5996.4057,0.5250,0.4541,0.6103,0.5584
219,2019-04-08,15,45-64,793.0000,788.1061,679.1104,915.1638,0.4035,0.3509,0.4660,0.4309
219,2019-04-08,15,65+,306.8571,300.3920,259.7938,350.3496,0.3332,0.2925,0.3804,0.3561
220,2019-04-09,15,0-5,3472.8571,3474.2316,2988.6471,4041.2252,1.1379,0.9535,1.3680,1.2123
220,2019-04-09,15,6-11,7038.4286,7017.7298,6085.8414,8111.8120,1.4147,1.1880,1.6759,1.5012
220,2019-04-09,15,12-17,4693.7143,4722.2425,4067.1930,5465.5213,1.1550,0.9573,1.3886,1.2533
220,2019-04-09,15,18-44,5432.2857,5340.2368,4575.6374,6181.4691,0.5132,0.4446,0.5956,0.5510
220,2019-04-09,15,45-64,808.5714,810.0125,694.5437,944.9814,0.3941,0.3429,0.4544,0.4243
220,2019-04-09,15,65+,314.2857,309.1793,265.7881,360.5750,0.3265,0.2867,0.3721,0.3512
221,2019-04-10,15,0-5,3552.4286,3552.2922,3057.8830,4119.5729,1.1221,0.9397,1.3383,1.1978
221,2019-04-10,15,6-11,7206.0000,7176.0962,6213.7343,8289.1297,1.3926,1.1724,1.6668,1.4826
221,2019-04-10,15,12-17,4698.0000,4710.5393,4089.2680,5472.3578,1.1300,0.9502,1.3700,1.2305
221,2019-04-10,15,18-44,5531.7143,5484.8598,4705.6201,6377.1229,0.5039,0.4346,0.5853,0.5430
221,2019-04-10,15,45-64,824.2857,833.0662,711.4859,968.0174,0.3873,0.3359,0.4470,0.4174
221,2019-04-10,15,65+,312.0000,316.9694,271.2134,368.7525,0.3217,0.2821,0.3668,0.3442
222,2019-04-11,15,0-5,3575.2857,3623.7164,3107.7085,4194.7780,1.1067,0.9302,1.3270,1.1676
222,2019-04-11,15,6-11,7237.7143,7302.1686,6334.6260,8503.4514,1.3769,1.1602,1.6490,1.4431
222,2019-04-11,15,12-17,4662.5714,4675.4650,4059.1499,5441.9211,1.1175,0.9301,1.3394,1.2003
222,2019-04-11,15,18-44,5517.4286,5578.3027,4798.7022,6461.6789,0.4972,0.4313,0.5767,0.5280
222,2019-04-11,15,45-64,823.1429,852.6633,737.0492,991.1571,0.3830,0.3337,0.4414,0.4058
222,2019-04-11,15,65+,311.2857,323.2597,277.3272,377.3487,0.3194,0.2810,0.3641,0.3345
223,2019-04-12,15,0-5,3617.8571,3680.3836,3177.3112,4258.5157,1.0948,0.9183,1.3088,1.1513
223,2019-04-12,15,6-11,7327.0000,7427.1123,6442.8411,8629.0461,1.3610,1.1486,1.6215,1.4222
223,2019-04-12,15,12-17,4530.5714,4637.0351,4028.8970,5383.4536,1.1036,0.9194,1.3236,1.1643
223,2019-04-12,15,18-44,5521.8571,5631.7761,4860.6336,6533.7631,0.4917,0.4245,0.5721,0.5191
223,2019-04-12,15,45-64,847.7143,869.7491,753.3489,1009.5743,0.3796,0.3299,0.4386,0.3993
223,2019-04-12,15,65+,317.8571,329.7264,282.9426,383.0814,0.3179,0.2784,0.3629,0.3308
224,2019-04-13,15,0-5,3679.7143,3724.4932,3230.1088,4304.9137,1.0889,0.9127,1.2982,1.1471
224,2019-04-13,15,6-11,7409.7143,7519.8289,6550.5715,8742.5515,1.3434,1.1244,1.6041,1.4118
224,2019-04-13,15,12-17,4473.1429,4570.3061,3969.0735,5288.9804,1.0907,0.9131,1.3059,1.1513
224,2019-04-13,15,18-44,5572.2857,5660.6632,4871.1044,6618.1803,0.4874,0.4210,0.5663,0.5165
224,2019-04-13,15,45-64,868.4286,881.7740,762.3505,1026.2643,0.3770,0.3273,0.4353,0.3980
224,2019-04-13,15,65+,328.5714,335.8563,288.6996,390.9557,0.3163,0.2770,0.3614,0.3313
225,2019-04-14,16,0-5,3731.2857,3752.5778,3262.8222,4326.9303,1.0746,0.8993,1.2816,1.1424
225,2019-04-14,16,6-11,7523.2857,7578.8709,6582.2072,8770.0793,1.3220,1.1100,1.5777,1.4078
225,2019-04-14,16,12-17,4419.8571,4504.4999,3916.3713,5213.7322,1.0668,0.8892,1.2926,1.1425
225,2019-04-14,16,18-44,5592.2857,5639.3220,4868.0534,6588.3581,0.4809,0.4158,0.5564,0.5140
225,2019-04-14,16,45-64,882.7143,892.7230,769.7505,1035.8655,0.3726,0.3240,0.4287,0.3969
225,2019-04-14,16,65+,344.0000,340.6262,292.5953,398.0660,0.3139,0.2751,0.3576,0.3329
226,2019-04-15,16,0-5,3754.8571,3772.2414,3291.2698,4342.8329,1.0527,0.8837,1.2553,1.1300
226,2019-04-15,16,6-11,7556.1429,7583.8979,6577.6101,8817.3698,1.2904,1.0798,1.5381,1.3918
226,2019-04-15,16,12-17,4326.0000,4412.8043,3859.8325,5121.1980,1.0370,0.8638,1.2484,1.1257
226,2019-04-15,16,18-44,5562.2857,5616.2866,4837.5036,6547.1838,0.4697,0.4077,0.5439,0.5078
226,2019-04-15,16,45-64,894.1429,899.4648,779.7335,1042.6798,0.3647,0.3180,0.4198,0.3927
226,2019-04-15,16,65+,347.1429,343.3482,294.1164,401.8187,0.3090,0.2714,0.3521,0.3302
227,2019-04-16,16,0-5,3756.5714,3778.6411,3284.5577,4337.0569,1.0303,0.8646,1.2330,1.1123
227,2019-04-16,16,6-11,7494.0000,7564.8213,6544.6361,8777.1853,1.2562,1.0546,1.5021,1.3642
227,2019-04-16,16,12-17,4215.8571,4298.0458,3744.4446,4961.6912,1.0021,0.8335,1.2046,1.1053
227,2019-04-16,16,18-44,5473.4286,5550.0099,4802.8689,6460.3629,0.4575,0.3982,0.5303,0.4983
227,2019-04-16,16,45-64,899.7143,902.4186,781.9203,1042.3428,0.3554,0.3105,0.4094,0.3861
227,2019-04-16,16,65+,344.1429,345.5759,295.0862,402.8305,0.3022,0.2660,0.3443,0.3247
228,2019-04-17,16,0-5,3725.5714,3760.1906,3255.5587,4317.3460,0.9999,0.8374,1.1929,1.0930
228,2019-04-17,16,6-11,7394.0000,7479.4667,6469.7696,8691.2331,1.2044,1.0171,1.4472,1.3381
228,2019-04-17,16,12-17,4093.4286,4137.0484,3602.9222,4786.0155,0.9597,0.7983,1.1477,1.0865
228,2019-04-17,16,18-44,5392.2857,5460.4445,4718.0689,6339.4832,0.4401,0.3810,0.5108,0.4902
228,2019-04-17,16,45-64,900.7143,897.9213,778.5688,1036.3729,0.3421,0.2975,0.3945,0.3809
228,2019-04-17,16,65+,346.7143,345.3543,296.7023,402.4444,0.2926,0.2566,0.3336,0.3215
229,2019-04-18,16,0-5,3717.0000,3717.4200,3213.6447,4244.5345,0.9632,0.8056,1.1597,1.0874
229,2019-04-18,16,6-11,7352.5714,7323.8512,6371.5964,8449.5920,1.1475,0.9632,1.3857,1.3309
229,2019-04-18,16,12-17,4040.0000,3951.7298,3436.8390,4568.3629,0.9103,0.7557,1.0970,1.0871
229,2019-04-18,16,18-44,5380.0000,5302.0430,4584.4079,6137.7402,0.4202,0.3649,0.4873,0.4890
229,2019-04-18,16,45-64,899.7143,887.1656,769.3566,1022.0076,0.3269,0.2852,0.3771,0.3806
229,2019-04-18,16,65+,346.5714,342.3313,295.3899,396.3924,0.2808,0.2465,0.3209,0.3212
230,2019-04-19,16,0-5,3652.5714,3644.1401,3168.2308,4165.5804,0.9208,0.7676,1.1036,1.0655
230,2019-04-19,16,6-11,7120.5714,7085.2611,6158.6810,8138.6267,1.0860,0.9116,1.2981,1.2938
230,2019-04-19,16,12-17,3780.5714,3736.0230,3253.7050,4297.7447,0.8556,0.7130,1.0291,1.0434
230,2019-04-19,16,18-44,5248.8571,5110.9642,4433.7369,5897.8866,0.3979,0.3464,0.4609,0.4777
230,2019-04-19,16,45-64,886.1429,867.1195,755.7174,1004.1149,0.3099,0.2709,0.3564,0.3718
230,2019-04-19,16,65+,343.5714,336.9691,291.8642,389.6253,0.2674,0.2352,0.3048,0.3154
231,2019-04-20,16,0-5,3556.0000,3542.1917,3066.6122,4041.8729,0.8727,0.7264,1.0522,1.0373
231,2019-04-20,16,6-11,6839.7143,6781.4776,5878.3366,7774.5040,1.0260,0.8655,1.2280,1.2527
231,2019-04-20,16,12-17,3531.8571,3488.1406,3048.0310,4010.3700,0.7995,0.6627,0.9629,1.0028
231,2019-04-20,16,18-44,5021.2857,4856.8565,4235.5805,5610.8995,0.3758,0.3256,0.4359,0.4632
231,2019-04-20,16,45-64,865.1429,841.5783,733.4831,976.0708,0.2928,0.2550,0.3379,0.3612
231,2019-04-20,16,65+,340.1429,329.0249,286.0449,380.6732,0.2539,0.2228,0.2901,0.3085
232,2019-04-21,17,0-5,3447.8571,3405.3689,2959.2291,3896.9950,0.8282,0.6919,1.0008,1.0077
232,2019-04-21,17,6-11,6488.2857,6378.2734,5579.9613,7307.6947,0.9673,0.8112,1.1659,1.2059
232,2019-04-21,17,12-17,3281.7143,3207.2821,2814.4000,3669.2947,0.7515,0.6195,0.9023,0.9633
232,2019-04-21,17,18-44,4704.7143,4565.6744,3980.7737,5267.1706,0.3545,0.3069,0.4098,0.4460
232,2019-04-21,17,45-64,837.1429,809.2605,706.2148,934.9198,0.2768,0.2409,0.3180,0.3482
232,2019-04-21,17,65+,325.4286,317.7482,275.5666,367.0171,0.2417,0.2116,0.2757,0.2982
233,2019-04-22,17,0-5,3293.5714,3236.2205,2823.8429,3706.3468,0.7904,0.6534,0.9555,0.9710
233,2019-04-22,17,6-11,6114.1429,5930.5591,5212.8057,6766.1458,0.9149,0.7635,1.0989,1.1582
233,2019-04-22,17,12-17,2996.2857,2915.8490,2562.9555,3341.4456,0.7045,0.5835,0.8551,0.9173
233,2019-04-22,17,18-44,4317.1429,4244.6240,3715.4227,4880.5556,0.3358,0.2913,0.3890,0.4256
233,2019-04-22,17,45-64,792.1429,770.2059,670.4526,888.2112,0.2630,0.2290,0.3029,0.3322
233,2019-04-22,17,65+,303.8571,303.3672,264.3777,349.7480,0.2314,0.2029,0.2648,0.2851
234,2019-04-23,17,0-5,3084.4286,3032.4962,2651.6998,3481.8041,0.7603,0.6270,0.9213,0.9269
234,2019-04-23,17,6-11,5616.8571,5458.3279,4808.1827,6196.6503,0.8714,0.7293,1.0564,1.0985
234,2019-04-23,17,12-17,2678.5714,2621.0968,2304.8975,2996.8717,0.6678,0.5500,0.8081,0.8646
234,2019-04-23,17,18-44,3913.5714,3892.4409,3417.7938,4476.8993,0.3219,0.2790,0.3722,0.4029
234,2019-04-23,17,45-64,724.5714,725.6249,634.7837,834.8176,0.2529,0.2204,0.2906,0.3144
234,2019-04-23,17,65+,285.2857,287.6800,251.1297,331.6846,0.2247,0.1968,0.2566,0.2716
235,2019-04-24,17,0-5,2881.8571,2820.6743,2473.2104,3238.1743,0.7394,0.6125,0.9058,0.8940
235,2019-04-24,17,6-11,5126.1429,4957.8551,4396.0982,5636.1398,0.8481,0.7097,1.0143,1.0505
235,2019-04-24,17,12-17,2398.1429,2326.8586,2041.2304,2649.3867,0.6450,0.5328,0.7767,0.8261
235,2019-04-24,17,18-44,3565.4286,3547.9840,3107.7304,4065.7851,0.3130,0.2719,0.3632,0.3865
235,2019-04-24,17,45-64,667.0000,678.1106,592.7235,784.3792,0.2472,0.2156,0.2851,0.3020
235,2019-04-24,17,65+,268.0000,270.9277,234.8229,313.8431,0.2217,0.1940,0.2543,0.2625
236,2019-04-25,17,0-5,2696.0000,2611.7557,2275.7987,3001.6038,0.7289,0.5999,0.8841,0.8811
236,2019-04-25,17,6-11,4755.1429,4469.6375,3947.9061,5103.3329,0.8307,0.6955,0.9982,1.0373
236,2019-04-25,17,12-17,2233.4286,2051.2127,1799.4414,2333.7681,0.6305,0.5247,0.7646,0.8279
236,2019-04-25,17,18-44,3362.8571,3205.9077,2786.9690,3688.0229,0.3097,0.2678,0.3578,0.3853
236,2019-04-25,17,45-64,641.8571,629.9707,549.0813,731.4901,0.2461,0.2137,0.2826,0.3034
236,2019-04-25,17,65+,260.2857,254.2414,220.8031,294.9050,0.2221,0.1937,0.2541,0.2648
237,2019-04-26,17,0-5,2342.1429,2394.4045,2088.6837,2749.5241,0.7299,0.6016,0.8814,0.7967
237,2019-04-26,17,6-11,3885.0000,4005.7272,3533.7935,4599.8508,0.8326,0.6968,1.0021,0.9096
237,2019-04-26,17,12-17,1758.1429,1791.7689,1569.7856,2036.2026,0.6360,0.5290,0.7690,0.7158
237,2019-04-26,17,18-44,2779.8571,2884.3835,2514.2106,3317.0357,0.3127,0.2707,0.3619,0.3426
237,2019-04-26,17,45-64,557.4286,583.6625,509.7285,677.4265,0.2505,0.2177,0.2884,0.2705
237,2019-04-26,17,65+,229.8571,237.7038,205.9438,275.7423,0.2274,0.1983,0.2611,0.2397
238,2019-04-27,17,0-5,2102.4286,2187.7186,1915.1518,2516.9568,0.7409,0.6118,0.8902,0.7640
238,2019-04-27,17,6-11,3370.7143,3585.3424,3147.8873,4112.1539,0.8466,0.7075,1.0194,0.8615
238,2019-04-27,17,12-17,1457.2857,1562.3505,1372.1487,1795.2068,0.6527,0.5443,0.7815,0.6659
238,2019-04-27,17,18-44,2431.7143,2593.9571,2262.9109,2982.2742,0.3216,0.2797,0.3721,0.3268
238,2019-04-27,17,45-64,508.8571,541.8134,470.9852,627.6354,0.2599,0.2267,0.2992,0.2589
238,2019-04-27,17,65+,206.8571,221.5984,191.8030,258.2741,0.2374,0.2069,0.2722,0.2310
239,2019-04-28,18,0-5,1884.2857,1997.6518,1751.2505,2300.2965,0.7590,0.6317,0.9164,0.7429
239,2019-04-28,18,6-11,2974.5714,3206.4582,2805.1357,3672.2504,0.8707,0.7261,1.0449,0.8383
239,2019-04-28,18,12-17,1246.7143,1365.8832,1201.5948,1568.4393,0.6772,0.5626,0.8092,0.6431
239,2019-04-28,18,18-44,2128.8571,2334.2857,2034.8961,2686.7610,0.3345,0.2903,0.3878,0.3174
239,2019-04-28,18,45-64,456.5714,501.6154,432.8369,583.6156,0.2727,0.2372,0.3143,0.2520
239,2019-04-28,18,65+,184.7143,206.2513,178.4891,241.1119,0.2500,0.2174,0.2873,0.2256
240,2019-04-29,18,0-5,1760.0000,1815.6935,1585.7332,2081.7804,0.7802,0.6444,0.9389,0.7625
240,2019-04-29,18,6-11,2718.0000,2868.1163,2515.3769,3298.4242,0.8970,0.7480,1.0829,0.8582
240,2019-04-29,18,12-17,1111.5714,1194.6896,1053.0043,1371.4138,0.7017,0.5888,0.8392,0.6566
240,2019-04-29,18,18-44,1967.2857,2103.4126,1829.9565,2413.2393,0.3484,0.3018,0.4044,0.3270
240,2019-04-29,18,45-64,429.4286,463.6658,400.8618,539.0428,0.2863,0.2488,0.3300,0.2612
240,2019-04-29,18,65+,182.1429,191.9100,165.5432,222.8669,0.2634,0.2289,0.3038,0.2372
241,2019-04-30,18,0-5,1634.0000,1653.3644,1443.9225,1897.0242,0.8012,0.6640,0.9648,0.7830
241,2019-04-30,18,6-11,2518.8571,2573.1296,2253.0620,2942.3211,0.9168,0.7650,1.1090,0.8907
241,2019-04-30,18,12-17,1020.4286,1052.0736,922.0662,1203.0853,0.7254,0.6064,0.8730,0.6876
241,2019-04-30,18,18-44,1832.4286,1897.4174,1652.4688,2177.2407,0.3620,0.3133,0.4196,0.3407
241,2019-04-30,18,45-64,416.8571,427.5497,369.3352,494.8715,0.2993,0.2599,0.3450,0.2750
241,2019-04-30,18,65+,177.1429,177.8899,153.3100,206.3325,0.2760,0.2395,0.3177,0.2513
242,2019-05-01,18,0-5,1518.4286,1503.4084,1305.5783,1727.8312,0.8197,0.6780,0.9896,0.8059
242,2019-05-01,18,6-11,2369.7143,2311.4402,2034.5653,2636.7886,0.9337,0.7810,1.1203,0.9326
242,2019-05-01,18,12-17,944.1429,932.1629,814.9973,1067.3122,0.7462,0.6249,0.8914,0.7226
242,2019-05-01,18,18-44,1735.1429,1717.0817,1499.3268,1969.7068,0.3734,0.3220,0.4340,0.3567
242,2019-05-01,18,45-64,402.1429,394.0919,342.0194,456.5217,0.3103,0.2689,0.3585,0.2899
242,2019-05-01,18,65+,168.4286,164.3391,141.8979,192.2323,0.2871,0.2493,0.3317,0.2647
243,2019-05-02,18,0-5,1438.0000,1371.2535,1192.1375,1581.5536,0.8370,0.6970,1.0103,0.8414
243,2019-05-02,18,6-11,2247.0000,2078.5236,1821.4119,2368.8850,0.9520,0.8001,1.1374,0.9823
243,2019-05-02,18,12-17,901.5714,831.5118,726.3644,952.5387,0.7674,0.6427,0.9160,0.7740
243,2019-05-02,18,18-44,1676.7143,1564.4251,1368.6689,1798.0717,0.3843,0.3326,0.4459,0.3786
243,2019-05-02,18,45-64,396.5714,364.1647,317.4839,421.2587,0.3207,0.2783,0.3699,0.3105
243,2019-05-02,18,65+,166.8571,152.7094,131.5531,178.5448,0.2974,0.2585,0.3427,0.2843
244,2019-05-03,18,0-5,1245.2857,1259.5459,1096.1163,1451.8389,0.8567,0.7154,1.0380,0.7825
244,2019-05-03,18,6-11,1831.2857,1877.9492,1641.8766,2135.8629,0.9749,0.8194,1.1685,0.8856
244,2019-05-03,18,12-17,720.4286,744.7055,649.3627,851.1958,0.7887,0.6613,0.9367,0.6936
244,2019-05-03,18,18-44,1414.8571,1438.9685,1255.0672,1663.3322,0.3964,0.3425,0.4583,0.3466
244,2019-05-03,18,45-64,333.2857,338.6183,296.6564,393.0498,0.3316,0.2879,0.3809,0.2828
244,2019-05-03,18,65+,136.8571,143.0655,122.9521,167.6306,0.3086,0.2686,0.3546,0.2579
245,2019-05-04,18,0-5,1152.0000,1161.0655,1007.6023,1337.5537,0.8748,0.7297,1.0540,0.7990
245,2019-05-04,18,6-11,1681.7143,1705.3824,1482.7606,1940.2661,0.9936,0.8375,1.1835,0.9076
245,2019-05-04,18,12-17,664.8571,674.0806,582.6134,773.4835,0.8113,0.6755,0.9698,0.7199
245,2019-05-04,18,18-44,1339.8571,1336.8047,1167.4149,1543.0430,0.4067,0.3518,0.4712,0.3599
245,2019-05-04,18,45-64,324.2857,318.3359,277.6215,369.8459,0.3413,0.2960,0.3927,0.2970
245,2019-05-04,18,65+,136.8571,135.1020,116.5958,158.0846,0.3182,0.2759,0.3670,0.2737
246,2019-05-05,19,0-5,1083.8571,1072.3910,929.5955,1236.9130,0.8982,0.7435,1.0823,0.8249
246,2019-05-05,19,6-11,1565.5714,1552.4546,1349.4167,1773.8201,1.0201,0.8568,1.2156,0.9387
246,2019-05-05,19,12-17,622.1429,613.2311,531.9389,710.6738,0.8349,0.7006,0.9978,0.7507
246,2019-05-05,19,18-44,1262.2857,1249.1358,1082.0537,1436.2537,0.4193,0.3611,0.4865,0.3732
246,2019-05-05,19,45-64,304.8571,299.9342,260.7139,347.8903,0.3524,0.3052,0.4059,0.3087
246,2019-05-05,19,65+,132.1429,128.2548,110.8528,150.1722,0.3302,0.2861,0.3806,0.2857
247,2019-05-06,19,0-5,987.8571,996.8688,867.9502,1151.7554,0.9218,0.7662,1.1104,0.8216
247,2019-05-06,19,6-11,1423.7143,1420.4942,1233.1351,1624.9260,1.0505,0.8816,1.2515,0.9407
247,2019-05-06,19,12-17,563.7143,563.4545,487.6914,649.5787,0.8673,0.7265,1.0336,0.7537
247,2019-05-06,19,18-44,1148.4286,1173.2840,1013.4199,1350.3694,0.4326,0.3743,0.5029,0.3727
247,2019-05-06,19,45-64,277.4286,283.2775,244.7104,327.3010,0.3645,0.3173,0.4206,0.3085
247,2019-05-06,19,65+,120.4286,122.7106,105.3391,143.9385,0.3435,0.2981,0.3963,0.2851
248,2019-05-07,19,0-5,903.8571,929.0846,809.4163,1072.1752,0.9404,0.7874,1.1388,0.8215
248,2019-05-07,19,6-11,1262.7143,1305.6063,1134.4961,1499.2867,1.0806,0.9071,1.2874,0.9300
248,2019-05-07,19,12-17,498.7143,521.0370,451.6805,603.9675,0.8971,0.7546,1.0667,0.7469
248,2019-05-07,19,18-44,1056.7143,1105.7796,956.9696,1275.7563,0.4451,0.3858,0.5154,0.3743
248,2019-05-07,19,45-64,261.7143,268.2236,232.6974,310.1424,0.3764,0.3275,0.4325,0.3115
248,2019-05-07,19,65+,113.1429,117.9131,100.7585,138.2161,0.3565,0.3091,0.4113,0.2893
249,2019-05-08,19,0-5,839.5714,870.0956,756.7194,1006.9019,0.9558,0.7963,1.1450,0.8377
249,2019-05-08,19,6-11,1138.4286,1211.9391,1055.5040,1392.5261,1.1016,0.9237,1.3085,0.9387
249,2019-05-08,19,12-17,456.5714,486.5948,421.9099,564.4887,0.9188,0.7694,1.0950,0.7612
249,2019-05-08,19,18-44,1003.4286,1045.5603,906.7231,1211.7983,0.4533,0.3922,0.5256,0.3841
249,2019-05-08,19,45-64,244.2857,254.4739,220.0098,294.2482,0.3843,0.3345,0.4426,0.3202
249,2019-05-08,19,65+,107.4286,114.2176,97.3673,134.0114,0.3664,0.3183,0.4239,0.2978
250,2019-05-09,19,0-5,806.7143,816.6847,710.0167,946.4458,0.9619,0.8015,1.1530,0.8844
250,2019-05-09,19,6-11,1094.2857,1129.6236,986.1414,1299.6502,1.1106,0.9367,1.3209,0.9992
250,2019-05-09,19,12-17,441.7143,458.1509,397.7227,533.5719,0.9268,0.7809,1.1098,0.8141
250,2019-05-09,19,18-44,984.8571,989.3078,862.4416,1145.1196,0.4550,0.3942,0.5269,0.4098
250,2019-05-09,19,45-64,237.8571,240.6710,206.8676,279.5704,0.3864,0.3364,0.4446,0.3424
250,2019-05-09,19,65+,106.2857,110.5463,94.3623,130.0320,0.3717,0.3222,0.4285,0.3191
251,2019-05-10,19,0-5,786.7143,768.8386,668.0189,894.4779,0.9588,0.7969,1.1513,0.9499
251,2019-05-10,19,6-11,1110.4286,1055.4279,917.4109,1221.5254,1.1041,0.9291,1.3103,1.1083
251,2019-05-10,19,12-17,464.2857,433.6648,376.2029,502.2380,0.9211,0.7725,1.0982,0.9247
251,2019-05-10,19,18-44,999.0000,931.3873,809.3385,1077.2864,0.4489,0.3899,0.5198,0.4531
251,2019-05-10,19,45-64,247.0000,227.2004,194.8289,262.7614,0.3816,0.3324,0.4393,0.3835
251,2019-05-10,19,65+,115.7143,107.4558,91.5521,126.7181,0.3700,0.3207,0.4274,0.3614
252,2019-05-11,19,0-5,723.7143,723.9784,631.4645,842.1032,0.9441,0.7850,1.1344,0.9281
252,2019-05-11,19,6-11,987.5714,989.5090,860.6822,1148.3360,1.0875,0.9171,1.2922,1.0659
252,2019-05-11,19,12-17,414.8571,410.1241,354.4860,475.3173,0.9095,0.7587,1.0846,0.8860
252,2019-05-11,19,18-44,909.4286,872.5969,759.9138,1004.4853,0.4399,0.3816,0.5080,0.4381
252,2019-05-11,19,45-64,218.8571,213.7802,183.5528,247.9881,0.3746,0.3258,0.4305,0.3694
252,2019-05-11,19,65+,108.1429,104.0926,89.1834,122.0380,0.3653,0.3161,0.4222,0.3508
253,2019-05-12,20,0-5,685.1429,683.9328,596.8595,792.0947,0.9239,0.7634,1.1102,0.9293
253,2019-05-12,20,6-11,910.5714,927.4879,810.0212,1075.1043,1.0653,0.8921,1.2718,1.0560
253,2019-05-12,20,12-17,381.4286,388.1886,336.2161,447.2191,0.8933,0.7464,1.0680,0.8734
253,2019-05-12,20,18-44,836.8571,814.1099,710.7990,938.4337,0.4272,0.3707,0.4950,0.4350
253,2019-05-12,20,45-64,208.7143,201.5734,173.0324,234.5528,0.3644,0.3174,0.4188,0.3679
253,2019-05-12,20,65+,105.0000,101.1793,86.7971,117.8224,0.3572,0.3095,0.4134,0.3530
254,2019-05-13,20,0-5,644.4286,644.2706,561.6737,748.2595,0.8957,0.7435,1.0831,0.9268
254,2019-05-13,20,6-11,856.2857,868.9739,758.4851,1000.4866,1.0296,0.8612,1.2265,1.0593
254,2019-05-13,20,12-17,366.8571,366.9029,317.5684,420.5546,0.8681,0.7293,1.0393,0.8848
254,2019-05-13,20,18-44,769.4286,756.6900,659.0317,869.1645,0.4125,0.3595,0.4771,0.4322
254,2019-05-13,20,45-64,193.2857,190.3801,164.1697,221.3018,0.3529,0.3083,0.4053,0.3660
254,2019-05-13,20,65+,100.5714,98.0175,84.3222,114.3176,0.3480,0.3007,0.4024,0.3528
255,2019-05-14,20,0-5,622.5714,605.3475,527.0838,700.8870,0.8667,0.7143,1.0447,0.9422
255,2019-05-14,20,6-11,835.4286,810.9321,708.6657,926.8206,0.9929,0.8359,1.1849,1.0875
255,2019-05-14,20,12-17,352.1429,345.8780,298.6509,395.3478,0.8428,0.7053,1.0135,0.8952
255,2019-05-14,20,18-44,708.0000,697.6438,607.2284,803.4884,0.3990,0.3474,0.4596,0.4324
255,2019-05-14,20,45-64,176.0000,179.2072,155.2554,208.3024,0.3423,0.2990,0.3931,0.3637
255,2019-05-14,20,65+,95.7143,94.3009,80.9611,109.9225,0.3383,0.2929,0.3912,0.3523
256,2019-05-15,20,0-5,579.2857,564.9937,492.0486,650.1139,0.8335,0.6919,1.0057,0.9293
256,2019-05-15,20,6-11,787.4286,749.0782,655.6773,859.0874,0.9528,0.8005,1.1353,1.0855
256,2019-05-15,20,12-17,335.0000,324.0619,280.1480,371.4874,0.8145,0.6817,0.9760,0.8991
256,2019-05-15,20,18-44,646.1429,639.7478,556.0078,739.6711,0.3834,0.3344,0.4426,0.4283
256,2019-05-15,20,45-64,168.7143,167.9140,145.8982,195.1128,0.3307,0.2890,0.3792,0.3632
256,2019-05-15,20,65+,92.5714,89.9687,76.8483,105.1890,0.3286,0.2841,0.3806,0.3545
257,2019-05-16,20,0-5,549.1429,522.5368,455.4674,597.8936,0.8078,0.6691,0.9664,0.9356
257,2019-05-16,20,6-11,748.0000,688.7461,596.9287,787.1959,0.9208,0.7759,1.1029,1.0968
257,2019-05-16,20,12-17,326.7143,301.3305,261.1611,346.5450,0.7945,0.6667,0.9569,0.9225
257,2019-05-16,20,18-44,608.2857,583.7640,508.1360,676.1611,0.3731,0.3249,0.4307,0.4332
257,2019-05-16,20,45-64,163.1429,156.8501,136.9167,182.0087,0.3230,0.2817,0.3708,0.3695
257,2019-05-16,20,65+,90.0000,85.2981,72.8361,99.6539,0.3213,0.2776,0.3726,0.3619
258,2019-05-17,20,0-5,485.1429,480.0993,421.3708,551.4903,0.7912,0.6562,0.9558,0.8741
258,2019-05-17,20,6-11,641.8571,627.5274,541.8877,720.2673,0.9057,0.7624,1.0775,1.0072
258,2019-05-17,20,12-17,280.7143,278.9634,242.1450,320.4710,0.7833,0.6557,0.9464,0.8442
258,2019-05-17,20,18-44,533.2857,532.7696,462.3039,615.2689,0.3673,0.3199,0.4237,0.4029
258,2019-05-17,20,45-64,143.8571,146.6653,127.0956,170.9297,0.3189,0.2783,0.3666,0.3445
258,2019-05-17,20,65+,82.1429,80.4845,68.6198,93.9225,0.3185,0.2749,0.3698,0.3413
259,2019-05-18,20,0-5,436.1429,439.0856,385.2745,504.4774,0.7818,0.6478,0.9404,0.8415
259,2019-05-18,20,6-11,557.4286,568.3808,492.2971,653.9858,0.9016,0.7583,1.0704,0.9526
259,2019-05-18,20,12-17,251.8571,257.1719,223.5729,297.0835,0.7837,0.6539,0.9436,0.8115
259,2019-05-18,20,18-44,480.8571,486.7004,424.3649,561.3283,0.3654,0.3187,0.4226,0.3884
259,2019-05-18,20,45-64,133.0000,136.7103,117.4508,159.4741,0.3186,0.2785,0.3664,0.3334
259,2019-05-18,20,65+,73.1429,75.5746,64.7511,88.4105,0.3195,0.2756,0.3721,0.3288
260,2019-05-19,21,0-5,389.1429,400.1581,348.9784,460.2914,0.7783,0.6471,0.9374,0.8155
260,2019-05-19,21,6-11,493.7143,512.5429,444.9032,591.4963,0.9030,0.7593,1.0809,0.9245
260,2019-05-19,21,12-17,232.8571,236.9981,205.6366,274.4504,0.7925,0.6639,0.9517,0.8057
260,2019-05-19,21,18-44,431.8571,443.9643,385.8816,512.1680,0.3676,0.3204,0.4242,0.3804
260,2019-05-19,21,45-64,123.5714,126.9671,108.8400,148.2862,0.3223,0.2809,0.3708,0.3295
260,2019-05-19,21,65+,67.7143,70.9333,60.6353,83.1616,0.3253,0.2796,0.3795,0.3258
261,2019-05-20,21,0-5,355.1429,363.2300,314.1492,415.9668,0.7788,0.6473,0.9353,0.8082
261,2019-05-20,21,6-11,448.4286,463.0123,403.1037,531.6418,0.9089,0.7600,1.0869,0.9169
261,2019-05-20,21,12-17,206.0000,217.6819,189.3180,253.3321,0.8057,0.6707,0.9725,0.7828
261,2019-05-20,21,18-44,385.0000,404.7390,350.2064,467.8316,0.3722,0.3240,0.4309,0.3752
261,2019-05-20,21,45-64,114.1429,117.2337,100.4777,137.5306,0.3283,0.2861,0.3783,0.3256
261,2019-05-20,21,65+,62.7143,66.1870,56.4935,77.7694,0.3338,0.2871,0.3882,0.3246
262,2019-05-21,21,0-5,319.2857,328.0250,283.8443,376.0466,0.7814,0.6476,0.9450,0.7959
262,2019-05-21,21,6-11,396.7143,419.3453,363.4325,477.9285,0.9227,0.7769,1.0916,0.9001
262,2019-05-21,21,12-17,189.4286,200.4818,174.4910,232.8586,0.8219,0.6843,0.9897,0.7833
262,2019-05-21,21,18-44,343.7143,367.1577,317.8107,426.4091,0.3789,0.3294,0.4378,0.3711
262,2019-05-21,21,45-64,105.8571,108.0157,92.7037,126.4148,0.3365,0.2930,0.3871,0.3244
262,2019-05-21,21,65+,57.4286,61.7845,52.6517,72.3469,0.3447,0.2954,0.4048,0.3237
263,2019-05-22,21,0-5,295.8571,295.3824,255.3260,339.3108,0.7893,0.6530,0.9451,0.8159
263,2019-05-22,21,6-11,374.0000,379.0514,326.2526,434.1409,0.9380,0.7884,1.1188,0.9356
263,2019-05-22,21,12-17,180.0000,185.0562,160.2746,214.4004,0.8375,0.6973,1.0084,0.8119
263,2019-05-22,21,18-44,323.1429,332.7914,288.1913,386.9300,0.3873,0.3360,0.4468,0.3824
263,2019-05-22,21,45-64,96.1429,99.3366,84.7116,115.8562,0.3460,0.3006,0.3979,0.3333
263,2019-05-22,21,65+,54.5714,57.7520,48.9170,67.4080,0.3576,0.3063,0.4193,0.3337
264,2019-05-23,21,0-5,275.8571,265.3092,230.3502,304.9536,0.7950,0.6587,0.9612,0.8472
264,2019-05-23,21,6-11,353.5714,342.3397,294.9517,393.5232,0.9519,0.7988,1.1345,0.9827
264,2019-05-23,21,12-17,173.7143,170.5138,147.1486,198.6836,0.8483,0.7072,1.0178,0.8588
264,2019-05-23,21,18-44,313.7143,301.2140,261.6176,350.2986,0.3944,0.3426,0.4560,0.4044
264,2019-05-23,21,45-64,93.7143,91.0741,77.9994,106.3263,0.3551,0.3085,0.4085,0.3546
264,2019-05-23,21,65+,53.7143,54.0638,45.5719,63.2967,0.3711,0.3173,0.4364,0.3563
265,2019-05-24,21,0-5,236.5714,237.8218,207.0510,274.9071,0.8031,0.6690,0.9661,0.7981
265,2019-05-24,21,6-11,302.1429,309.8294,268.0924,355.7264,0.9619,0.8099,1.1444,0.9276
265,2019-05-24,21,12-17,160.4286,157.5867,134.7814,183.8520,0.8539,0.7103,1.0296,0.8429
265,2019-05-24,21,18-44,272.8571,273.4366,237.5504,319.1842,0.4014,0.3484,0.4642,0.3848
265,2019-05-24,21,45-64,81.4286,83.8239,71.7349,98.1781,0.3636,0.3154,0.4200,0.3395
265,2019-05-24,21,65+,48.4286,50.7581,42.9266,59.7956,0.3838,0.3272,0.4535,0.3427
266,2019-05-25,21,0-5,208.1429,214.2537,185.9687,246.8772,0.8137,0.6795,0.9758,0.7839
266,2019-05-25,21,6-11,272.7143,281.8583,244.2881,323.0605,0.9786,0.8234,1.1692,0.9250
266,2019-05-25,21,12-17,146.4286,145.3772,124.3398,169.8348,0.8622,0.7201,1.0369,0.8388
266,2019-05-25,21,18-44,250.5714,249.9582,216.0425,290.4315,0.4104,0.3560,0.4752,0.3854
266,2019-05-25,21,45-64,76.0000,77.5998,66.1965,91.3817,0.3743,0.3246,0.4318,0.3427
266,2019-05-25,21,65+,46.2857,48.1227,40.4642,56.7558,0.3988,0.3399,0.4681,0.3495
267,2019-05-26,22,0-5,190.2857,193.3158,167.7760,223.1503,0.8208,0.6845,0.9859,0.7935
267,2019-05-26,22,6-11,251.7143,256.9076,223.9739,294.4832,0.9908,0.8372,1.1816,0.9407
267,2019-05-26,22,12-17,134.8571,133.7075,114.5547,155.6460,0.8640,0.7252,1.0388,0.8431
267,2019-05-26,22,18-44,228.4286,228.7121,196.7252,266.3233,0.4172,0.3623,0.4806,0.3911
267,2019-05-26,22,45-64,70.7143,72.4942,61.9043,85.9826,0.3827,0.3321,0.4403,0.3505
267,2019-05-26,22,65+,47.1429,45.7975,38.5242,54.2922,0.4111,0.3507,0.4826,0.3680
268,2019-05-27,22,0-5,171.1429,174.5106,150.9691,201.8760,0.8274,0.6899,0.9934,0.7959
268,2019-05-27,22,6-11,232.5714,234.8463,204.8280,270.9567,0.9978,0.8418,1.1937,0.9554
268,2019-05-27,22,12-17,122.4286,122.9677,105.2435,143.0386,0.8654,0.7262,1.0429,0.8414
268,2019-05-27,22,18-44,209.5714,209.5341,180.7191,243.6074,0.4229,0.3671,0.4857,0.3962
268,2019-05-27,22,45-64,67.2857,68.2705,58.1029,81.0336,0.3899,0.3386,0.4478,0.3570
268,2019-05-27,22,65+,45.1429,43.7547,36.8995,51.8252,0.4213,0.3583,0.4945,0.3783
269,2019-05-28,22,0-5,152.2857,157.7392,136.1636,183.0853,0.8297,0.6911,1.0021,0.7882
269,2019-05-28,22,6-11,214.5714,215.2062,186.7875,247.9698,0.9997,0.8428,1.1842,0.9621
269,2019-05-28,22,12-17,111.5714,112.6508,96.6472,131.5974,0.8607,0.7181,1.0276,0.8380
269,2019-05-28,22,18-44,188.8571,192.4811,166.2545,223.4185,0.4248,0.3699,0.4893,0.3958
269,2019-05-28,22,45-64,63.2857,64.7166,55.1276,76.6702,0.3931,0.3419,0.4527,0.3586
269,2019-05-28,22,65+,42.1429,41.8989,35.2758,49.4563,0.4270,0.3629,0.5026,0.3815
270,2019-05-29,22,0-5,142.0000,142.6714,123.0615,165.5169,0.8296,0.6847,1.0034,0.8121
270,2019-05-29,22,6-11,194.7143,196.7546,170.6226,228.4524,0.9943,0.8381,1.1914,0.9714
270,2019-05-29,22,12-17,103.2857,102.9122,88.4153,120.5677,0.8474,0.7114,1.0146,0.8525
270,2019-05-29,22,18-44,176.5714,176.8642,152.7346,204.5578,0.4248,0.3688,0.4906,0.4072
270,2019-05-29,22,45-64,61.4286,61.3047,52.1426,72.3974,0.3942,0.3417,0.4544,0.3713
270,2019-05-29,22,65+,40.8571,40.0127,33.6247,47.1760,0.4299,0.3637,0.5079,0.3974
271,2019-05-30,22,0-5,135.7143,129.1611,111.3628,149.9950,0.8224,0.6835,0.9939,0.8541
271,2019-05-30,22,6-11,185.2857,179.7231,155.8057,207.9163,0.9882,0.8269,1.1778,1.0145
271,2019-05-30,22,12-17,96.8571,93.5729,80.4500,109.5085,0.8355,0.6989,0.9968,0.8811
271,2019-05-30,22,18-44,167.8571,162.8113,140.2309,187.9986,0.4226,0.3662,0.4895,0.4271
271,2019-05-30,22,45-64,61.1429,58.1314,49.2857,68.6998,0.3928,0.3398,0.4536,0.3908
271,2019-05-30,22,65+,39.7143,38.0636,31.8853,44.8110,0.4306,0.3646,0.5097,0.4186
272,2019-05-31,22,0-5,120.0000,117.1403,101.0479,136.2246,0.8148,0.6777,0.9844,0.8382
272,2019-05-31,22,6-11,167.2857,164.4030,142.5929,189.9230,0.9764,0.8206,1.1605,1.0048
272,2019-05-31,22,12-17,87.2857,84.6687,72.8287,99.1288,0.8252,0.6876,0.9881,0.8735
272,2019-05-31,22,18-44,154.5714,149.7346,129.5540,173.0041,0.4195,0.3642,0.4862,0.4278
272,2019-05-31,22,45-64,59.2857,54.8571,46.5797,64.5888,0.3905,0.3382,0.4519,0.3957
272,2019-05-31,22,65+,37.7143,36.1141,30.2857,42.6632,0.4303,0.3641,0.5086,0.4254
273,2019-06-01,22,0-5,110.4286,106.1883,91.9340,123.1439,0.8121,0.6731,0.9828,0.8457
273,2019-06-01,22,6-11,152.4286,149.7534,129.5064,172.8312,0.9684,0.8141,1.1568,1.0049
273,2019-06-01,22,12-17,77.7143,76.6740,65.6230,89.2331,0.8172,0.6814,0.9810,0.8623
273,2019-06-01,22,18-44,143.8571,137.7387,119.1484,159.9998,0.4187,0.3627,0.4843,0.4328
273,2019-06-01,22,45-64,56.8571,51.4056,43.8212,60.4510,0.3903,0.3378,0.4503,0.4027
273,2019-06-01,22,65+,36.8571,34.1854,28.6439,40.8739,0.4314,0.3667,0.5090,0.4382
274,2019-06-02,23,0-5,99.4286,96.2266,83.2478,112.1349,0.8133,0.6766,0.9874,0.8325
274,2019-06-02,23,6-11,136.1429,136.0917,117.9324,157.0024,0.9645,0.8128,1.1466,0.9824
274,2019-06-02,23,12-17,69.5714,69.0024,58.8235,80.8493,0.8133,0.6801,0.9705,0.8435
274,2019-06-02,23,18-44,131.1429,126.9190,109.5639,147.8405,0.4214,0.3660,0.4866,0.4254
274,2019-06-02,23,45-64,52.0000,48.1142,41.1492,56.7939,0.3939,0.3411,0.4550,0.3949
274,2019-06-02,23,65+,33.0000,32.3986,27.0917,38.8442,0.4367,0.3701,0.5202,0.4263
275,2019-06-03,23,0-5,86.1429,87.3603,75.3418,102.2906,0.8237,0.6843,0.9980,0.7850
275,2019-06-03,23,6-11,119.2857,123.5476,106.2600,143.0111,0.9697,0.8181,1.1494,0.9297
275,2019-06-03,23,12-17,59.8571,62.1491,52.9662,72.6522,0.8209,0.6923,0.9804,0.7872
275,2019-06-03,23,18-44,112.8571,117.1679,101.0342,136.3666,0.4308,0.3729,0.4975,0.3958
275,2019-06-03,23,45-64,42.8571,45.1243,38.3403,53.1285,0.4045,0.3495,0.4682,0.3630
275,2019-06-03,23,65+,27.7143,30.7245,25.5511,36.8606,0.4494,0.3780,0.5318,0.3892
276,2019-06-04,23,0-5,80.2857,79.4164,68.1772,93.0173,0.8420,0.7006,1.0105,0.8029
276,2019-06-04,23,6-11,111.4286,112.0456,96.6471,129.6691,0.9804,0.8275,1.1632,0.9523
276,2019-06-04,23,12-17,56.1429,55.9673,47.5363,65.7827,0.8332,0.6988,0.9978,0.8084
276,2019-06-04,23,18-44,103.0000,108.7075,93.6557,126.6091,0.4441,0.3852,0.5168,0.4029
276,2019-06-04,23,45-64,39.0000,42.3364,35.8269,49.7385,0.4192,0.3617,0.4881,0.3708
276,2019-06-04,23,65+,27.7143,29.1799,24.3466,35.1939,0.4662,0.3935,0.5552,0.4069
277,2019-06-05,23,0-5,71.4286,72.2192,61.6271,85.1670,0.8660,0.7209,1.0467,0.7976
277,2019-06-05,23,6-11,104.1429,101.2870,87.3696,117.2807,0.9942,0.8360,1.1747,0.9708
277,2019-06-05,23,12-17,50.4286,50.2600,42.6040,59.4219,0.8553,0.7197,1.0205,0.8091
277,2019-06-05,23,18-44,94.2857,101.1293,86.4909,117.5579,0.4617,0.3995,0.5363,0.4063
277,2019-06-05,23,45-64,35.8571,39.9228,33.5238,47.3375,0.4383,0.3777,0.5094,0.3754
277,2019-06-05,23,65+,26.4286,27.6237,23.0886,33.4125,0.4852,0.4086,0.5791,0.4165
278,2019-06-06,23,0-5,65.4286,65.9382,56.2413,77.8822,0.8988,0.7476,1.0787,0.8233
278,2019-06-06,23,6-11,99.5714,91.3008,78.8958,105.7200,1.0132,0.8549,1.2036,1.0235
278,2019-06-06,23,12-17,49.1429,45.3181,38.2181,53.7051,0.8857,0.7457,1.0569,0.8676
278,2019-06-06,23,18-44,91.2857,94.6054,80.7426,109.7403,0.4840,0.4181,0.5607,0.4308
278,2019-06-06,23,45-64,35.0000,37.8695,31.5068,45.1677,0.4628,0.3978,0.5364,0.4019
278,2019-06-06,23,65+,26.5714,26.2241,21.7770,31.6564,0.5080,0.4280,0.6027,0.4496
279,2019-06-07,23,0-5,59.7143,60.5588,51.8631,71.1789,0.9314,0.7769,1.1231,0.8237
279,2019-06-07,23,6-11,81.2857,82.1558,70.8511,95.3197,1.0342,0.8769,1.2310,0.9550
279,2019-06-07,23,12-17,38.0000,41.0215,34.6218,48.7340,0.9206,0.7762,1.0945,0.7876
279,2019-06-07,23,18-44,85.1429,88.9802,75.8875,103.5563,0.5072,0.4375,0.5880,0.4261
279,2019-06-07,23,45-64,32.7143,36.1885,30.2318,43.3296,0.4884,0.4200,0.5666,0.3988
279,2019-06-07,23,65+,25.1429,24.8339,20.5682,29.9391,0.5319,0.4500,0.6316,0.4530
280,2019-06-08,23,0-5,53.1429,56.0808,47.6368,65.7332,0.9655,0.8016,1.1522,0.8259
280,2019-06-08,23,6-11,70.5714,73.9412,63.5323,85.5756,1.0653,0.9020,1.2573,0.9465
280,2019-06-08,23,12-17,34.7143,37.2725,31.3966,44.4655,0.9584,0.8081,1.1382,0.8073
280,2019-06-08,23,18-44,82.1429,84.5327,72.0873,98.8274,0.5302,0.4566,0.6156,0.4391
280,2019-06-08,23,45-64,32.0000,35.2254,29.4819,42.1244,0.5145,0.4413,0.5998,0.4144
280,2019-06-08,23,65+,23.4286,23.5121,19.3570,28.3739,0.5558,0.4688,0.6653,0.4651
281,2019-06-09,24,0-5,48.7143,52.2450,44.2194,61.2152,0.9926,0.8285,1.1976,0.8448
281,2019-06-09,24,6-11,62.0000,66.7041,57.3734,77.6456,1.0879,0.9223,1.2903,0.9526
281,2019-06-09,24,12-17,32.0000,34.0703,28.6610,40.7150,0.9944,0.8404,1.1857,0.8354
281,2019-06-09,24,18-44,78.5714,80.4692,68.4402,93.9623,0.5495,0.4729,0.6378,0.4563
281,2019-06-09,24,45-64,31.2857,34.4912,28.8718,41.1534,0.5375,0.4605,0.6272,0.4343
281,2019-06-09,24,65+,22.7143,22.3503,18.3041,26.8352,0.5780,0.4863,0.6884,0.4875
282,2019-06-10,24,0-5,49.5714,48.8220,41.5678,57.5971,1.0145,0.8428,1.2163,0.9503
282,2019-06-10,24,6-11,62.5714,60.4185,52.0776,70.7436,1.1067,0.9356,1.3067,1.0799
282,2019-06-10,24,12-17,33.7143,31.3494,26.2715,37.6043,1.0206,0.8615,1.2095,0.9805
282,2019-06-10,24,18-44,79.7143,76.4785,64.9047,89.4553,0.5615,0.4847,0.6522,0.5250
282,2019-06-10,24,45-64,37.5714,33.9865,28.3396,40.8334,0.5540,0.4749,0.6453,0.5106
282,2019-06-10,24,65+,23.0000,21.1507,17.2927,25.5674,0.5976,0.5032,0.7094,0.5585
283,2019-06-11,24,0-5,44.2857,46.0848,38.9996,54.3853,1.0335,0.8536,1.2408,0.9309
283,2019-06-11,24,6-11,54.1429,54.9943,46.8244,64.4684,1.1233,0.9533,1.3297,1.0448
283,2019-06-11,24,12-17,27.2857,29.1161,24.2484,34.9047,1.0455,0.8817,1.2442,0.9135
283,2019-06-11,24,18-44,75.5714,72.0086,61.1745,84.6490,0.5704,0.4927,0.6620,0.5168
283,2019-06-11,24,45-64,35.8571,33.5653,28.0144,40.4869,0.5657,0.4858,0.6604,0.4980
283,2019-06-11,24,65+,18.8571,20.1582,16.4963,24.5089,0.6134,0.5160,0.7306,0.5242
284,2019-06-12,24,0-5,44.5714,43.5568,36.9673,51.4953,1.0414,0.8664,1.2550,0.9904
284,2019-06-12,24,6-11,51.2857,50.2323,42.2522,58.9233,1.1358,0.9656,1.3439,1.0881
284,2019-06-12,24,12-17,26.4286,27.1849,22.5068,32.7013,1.0612,0.8978,1.2579,0.9570
284,2019-06-12,24,18-44,72.1429,67.8780,57.5827,79.7253,0.5762,0.4981,0.6681,0.5388
284,2019-06-12,24,45-64,35.2857,33.1988,27.6920,40.0052,0.5743,0.4932,0.6696,0.5195
284,2019-06-12,24,65+,18.8571,19.3291,15.7457,23.6497,0.6301,0.5299,0.7495,0.5504
285,2019-06-13,24,0-5,43.2857,41.3539,35.0329,49.2073,1.0471,0.8737,1.2606,1.0310
285,2019-06-13,24,6-11,48.8571,46.0553,38.4778,54.2836,1.1565,0.9785,1.3600,1.1358
285,2019-06-13,24,12-17,25.8571,25.6184,21.0487,30.8457,1.0803,0.9059,1.2842,1.0100
285,2019-06-13,24,18-44,70.5714,63.7496,54.2339,75.1799,0.5809,0.5017,0.6749,0.5645
285,2019-06-13,24,45-64,35.2857,32.7573,27.3462,39.3306,0.5820,0.4994,0.6788,0.5465
285,2019-06-13,24,65+,18.8571,18.7695,15.2299,23.1699,0.6453,0.5440,0.7687,0.5798
286,2019-06-14,24,0-5,41.0000,39.4446,33.4923,47.0779,1.0599,0.8820,1.2709,0.9985
286,2019-06-14,24,6-11,41.8571,42.7724,35.3410,50.5732,1.1814,1.0020,1.3970,1.0652
286,2019-06-14,24,12-17,26.2857,24.3580,20.0968,29.2857,1.0950,0.9200,1.3149,1.0320
286,2019-06-14,24,18-44,60.1429,59.9310,50.7892,71.0174,0.5893,0.5099,0.6814,0.5364
286,2019-06-14,24,45-64,33.5714,32.1728,26.6926,38.5255,0.5914,0.5078,0.6892,0.5260
286,2019-06-14,24,65+,16.8571,18.4305,14.9077,22.7725,0.6648,0.5614,0.7895,0.5522
287,2019-06-15,24,0-5,39.4286,37.8633,31.8683,45.2928,1.0698,0.8861,1.2966,1.0017
287,2019-06-15,24,6-11,38.2857,40.0279,33.1620,47.4613,1.2148,1.0327,1.4437,1.0598
287,2019-06-15,24,12-17,24.7143,23.2520,19.0652,28.0090,1.1107,0.9374,1.3246,1.0341
287,2019-06-15,24,18-44,54.1429,56.6276,47.9259,67.3244,0.5992,0.5185,0.6914,0.5363
287,2019-06-15,24,45-64,33.0000,31.5014,26.1533,37.5339,0.6019,0.5175,0.6997,0.5349
287,2019-06-15,24,65+,17.7143,18.3985,14.9601,22.6890,0.6853,0.5761,0.8118,0.5792
288,2019-06-16,25,0-5,36.7143,36.3511,30.4160,43.0851,1.0924,0.9096,1.3076,0.9961
288,2019-06-16,25,6-11,36.5714,37.9324,31.6840,44.7064,1.2593,1.0646,1.4953,1.0833
288,2019-06-16,25,12-17,22.2857,22.3519,18.3404,26.9109,1.1277,0.9457,1.3468,1.0160
288,2019-06-16,25,18-44,50.8571,53.9458,45.7884,64.2748,0.6115,0.5280,0.7061,0.5409
288,2019-06-16,25,45-64,32.0000,30.7649,25.5428,36.7252,0.6134,0.5256,0.7147,0.5427
288,2019-06-16,25,65+,17.7143,18.5414,15.0981,22.8136,0.7040,0.5914,0.8442,0.5965
289,2019-06-17,25,0-5,33.8571,34.8183,29.0968,41.8015,1.1158,0.9284,1.3406,0.9998
289,2019-06-17,25,6-11,34.8571,36.3274,30.3007,43.3241,1.3055,1.1038,1.5583,1.1150
289,2019-06-17,25,12-17,20.1429,21.4887,17.6228,25.8823,1.1477,0.9654,1.3637,0.9965
289,2019-06-17,25,18-44,51.1429,51.6860,43.6461,61.5670,0.6248,0.5395,0.7230,0.5502
289,2019-06-17,25,45-64,28.1429,29.8704,24.8805,35.9316,0.6257,0.5355,0.7288,0.5452
289,2019-06-17,25,65+,18.4286,18.7531,15.2062,23.0511,0.7220,0.6036,0.8671,0.6178
290,2019-06-18,25,0-5,31.7143,33.4556,27.8403,40.3306,1.1336,0.9495,1.3592,1.0054
290,2019-06-18,25,6-11,34.0000,35.2421,29.5089,42.3139,1.3478,1.1394,1.5955,1.1603
290,2019-06-18,25,12-17,20.8571,20.7461,16.8584,25.3086,1.1653,0.9842,1.3837,1.0699
290,2019-06-18,25,18-44,48.0000,49.7743,42.1470,58.9952,0.6367,0.5506,0.7363,0.5684
290,2019-06-18,25,45-64,28.2857,29.0284,23.9992,34.9551,0.6364,0.5459,0.7413,0.5739
290,2019-06-18,25,65+,19.5714,18.9742,15.4740,23.2755,0.7361,0.6159,0.8773,0.6632
291,2019-06-19,25,0-5,28.5714,32.2773,26.8909,38.7564,1.1515,0.9626,1.3771,0.9987
291,2019-06-19,25,6-11,33.4286,34.6170,28.9282,41.6506,1.3840,1.1744,1.6360,1.2090
291,2019-06-19,25,12-17,20.2857,20.0371,16.3177,24.4045,1.1766,0.9898,1.4010,1.1074
291,2019-06-19,25,18-44,47.2857,48.0163,40.5839,56.9169,0.6457,0.5603,0.7468,0.5884
291,2019-06-19,25,45-64,28.1429,28.1488,23.0988,34.0964,0.6445,0.5532,0.7506,0.5998
291,2019-06-19,25,65+,20.2857,19.0753,15.5397,23.4777,0.7449,0.6220,0.8905,0.7004
292,2019-06-20,25,0-5,29.8571,31.2665,26.0686,37.8237,1.1578,0.9669,1.3983,1.0765
292,2019-06-20,25,6-11,34.1429,34.3864,28.7229,41.3056,1.4104,1.1944,1.6749,1.2808
292,2019-06-20,25,12-17,20.2857,19.3557,15.8384,23.7535,1.1861,1.0018,1.4062,1.1514
292,2019-06-20,25,18-44,46.4286,46.5749,39.1402,55.2593,0.6506,0.5644,0.7538,0.6123
292,2019-06-20,25,45-64,27.8571,27.3567,22.4164,33.0361,0.6483,0.5570,0.7549,0.6165
292,2019-06-20,25,65+,19.5714,19.0898,15.4861,23.5678,0.7463,0.6263,0.8929,0.7095
293,2019-06-21,25,0-5,31.1429,30.3486,25.2791,36.5959,1.1531,0.9623,1.3910,1.1447
293,2019-06-21,25,6-11,34.1429,34.3113,28.5974,41.0810,1.4290,1.2040,1.6986,1.3204
293,2019-06-21,25,12-17,19.0000,18.8135,15.3167,23.0528,1.1873,1.0030,1.4141,1.1366
293,2019-06-21,25,18-44,45.5714,45.0609,37.7148,53.3769,0.6507,0.5628,0.7520,0.6246
293,2019-06-21,25,45-64,26.2857,26.6613,21.7321,32.2503,0.6484,0.5569,0.7542,0.6204
293,2019-06-21,25,65+,20.0000,18.9811,15.3335,23.3996,0.7445,0.6253,0.8884,0.7249
294,2019-06-22,25,0-5,31.0000,29.4959,24.5239,35.4140,1.1387,0.9422,1.3731,1.1749
294,2019-06-22,25,6-11,34.5714,34.5629,28.7725,41.0755,1.4298,1.2109,1.6998,1.3590
294,2019-06-22,25,12-17,17.8571,18.3276,14.8248,22.4334,1.1881,1.0026,1.4154,1.1278
294,2019-06-22,25,18-44,45.8571,43.7612,36.6428,51.8629,0.6454,0.5591,0.7517,0.6351
294,2019-06-22,25,45-64,25.7143,26.1048,21.3204,31.4418,0.6437,0.5532,0.7532,0.6229
294,2019-06-22,25,65+,18.8571,18.7719,15.1756,23.1170,0.7367,0.6199,0.8832,0.7151
295,2019-06-23,26,0-5,28.7143,28.6444,23.7042,34.4405,1.1129,0.9243,1.3404,1.1378
295,2019-06-23,26,6-11,35.7143,34.8905,28.9099,41.5642,1.4187,1.1954,1.6869,1.3913
295,2019-06-23,26,12-17,17.5714,17.8735,14.3975,21.8225,1.1840,0.9943,1.4112,1.1408
295,2019-06-23,26,18-44,44.5714,42.6474,35.7164,50.5545,0.6372,0.5504,0.7386,0.6329
295,2019-06-23,26,45-64,25.4286,25.6067,21.0236,30.9401,0.6371,0.5459,0.7444,0.6225
295,2019-06-23,26,65+,18.0000,18.4828,14.9058,22.7365,0.7266,0.6095,0.8716,0.7065
296,2019-06-24,26,0-5,28.2857,27.7225,22.8217,33.2901,1.0813,0.8998,1.3006,1.1333
296,2019-06-24,26,6-11,35.5714,35.2197,29.2038,41.9745,1.4046,1.1771,1.6826,1.3904
296,2019-06-24,26,12-17,17.7143,17.4964,14.0625,21.4656,1.1784,0.9940,1.4069,1.1702
296,2019-06-24,26,18-44,41.4286,41.6817,34.9120,49.4667,0.6270,0.5423,0.7301,0.6330
296,2019-06-24,26,45-64,26.2857,25.2250,20.6145,30.6126,0.6278,0.5376,0.7331,0.6349
296,2019-06-24,26,65+,18.7143,18.1632,14.8157,22.3204,0.7126,0.5969,0.8511,0.7314
297,2019-06-25,26,0-5,28.0000,26.5129,21.9138,31.8524,1.0468,0.8689,1.2634,1.1493
297,2019-06-25,26,6-11,36.5714,35.3990,29.4926,42.0875,1.3773,1.1643,1.6427,1.4228
297,2019-06-25,26,12-17,16.8571,17.2286,13.8053,21.1262,1.1702,0.9826,1.3976,1.1644
297,2019-06-25,26,18-44,41.1429,40.8157,34.0221,48.8080,0.6145,0.5316,0.7164,0.6420
297,2019-06-25,26,45-64,26.1429,24.8300,20.4585,30.1511,0.6158,0.5285,0.7213,0.6437
297,2019-06-25,26,65+,19.0000,17.7882,14.5387,21.9092,0.6958,0.5828,0.8396,0.7470
298,2019-06-26,26,0-5,28.5714,25.2856,20.8233,30.5400,1.0168,0.8412,1.2246,1.1723
298,2019-06-26,26,6-11,37.1429,35.4692,29.5660,42.3225,1.3498,1.1383,1.6015,1.4319
298,2019-06-26,26,12-17,16.5714,16.9095,13.7281,20.8798,1.1568,0.9696,1.3821,1.1663
298,2019-06-26,26,18-44,39.8571,39.9841,33.3878,47.8354,0.6012,0.5193,0.6970,0.6411
298,2019-06-26,26,45-64,26.0000,24.4376,20.0735,29.8238,0.6023,0.5164,0.7040,0.6401
298,2019-06-26,26,65+,18.1429,17.3692,14.1267,21.3318,0.6767,0.5669,0.8111,0.7345
299,2019-06-27,26,0-5,26.8571,24.0153,19.7153,29.0030,0.9914,0.8231,1.1900,1.1399
299,2019-06-27,26,6-11,36.4286,35.3052,29.4463,42.2832,1.3289,1.1152,1.5878,1.4118
299,2019-06-27,26,12-17,16.5714,16.7739,13.5946,20.7156,1.1451,0.9623,1.3701,1.1775
299,2019-06-27,26,18-44,39.7143,39.2345,32.6672,47.1603,0.5909,0.5091,0.6845,0.6380
299,2019-06-27,26,45-64,25.4286,24.0232,19.7073,29.3386,0.5920,0.5074,0.6916,0.6403
299,2019-06-27,26,65+,18.1429,16.8829,13.6609,20.8150,0.6606,0.5541,0.7935,0.7366
300,2019-06-28,26,0-5,22.2857,22.6765,18.6211,27.5624,0.9790,0.8131,1.1804,1.0470
300,2019-06-28,26,6-11,37.2857,35.0118,29.3233,42.0346,1.3173,1.1043,1.5775,1.4255
300,2019-06-28,26,12-17,16.4286,16.5911,13.3954,20.4434,1.1415,0.9591,1.3650,1.1844
300,2019-06-28,26,18-44,41.1429,38.6343,32.1047,46.2382,0.5859,0.5064,0.6798,0.6332
300,2019-06-28,26,45-64,24.7143,23.6094,19.3421,28.8668,0.5872,0.5029,0.6856,0.6348
300,2019-06-28,26,65+,16.7143,16.3803,13.1568,20.2551,0.6513,0.5447,0.7774,0.7117
301,2019-06-29,26,0-5,20.0000,21.4341,17.4419,26.0202,0.9786,0.8131,1.1765,0.9723
301,2019-06-29,26,6-11,34.8571,34.6755,28.8986,41.5672,1.3149,1.0997,1.5575,1.3340
301,2019-06-29,26,12-17,17.2857,16.3869,13.2952,20.1480,1.1383,0.9551,1.3587,1.1887
301,2019-06-29,26,18-44,37.0000,38.0378,31.7333,45.3109,0.5856,0.5050,0.6805,0.5937
301,2019-06-29,26,45-64,22.8571,23.2198,18.9928,28.3185,0.5865,0.5019,0.6858,0.6014
301,2019-06-29,26,65+,16.0000,15.8455,12.6801,19.5725,0.6468,0.5414,0.7719,0.6788
302,2019-06-30,27,0-5,18.2857,20.1805,16.2220,24.6870,0.9856,0.8217,1.1900,0.9424
302,2019-06-30,27,6-11,32.5714,34.1999,28.5587,41.0632,1.3208,1.1092,1.5760,1.2794
302,2019-06-30,27,12-17,17.0000,16.1786,13.1675,19.9434,1.1382,0.9529,1.3649,1.1686
302,2019-06-30,27,18-44,35.4286,37.4571,31.1995,44.7452,0.5910,0.5083,0.6851,0.5784
302,2019-06-30,27,45-64,21.4286,22.7883,18.7920,27.8157,0.5915,0.5054,0.6925,0.5874
302,2019-06-30,27,65+,15.7143,15.2837,12.2414,18.9346,0.6486,0.5435,0.7766,0.6702
303,2019-07-01,27,0-5,17.7143,19.1346,15.3111,23.4958,1.0047,0.8338,1.2079,0.9749
303,2019-07-01,27,6-11,33.2857,33.7424,28.0611,40.3843,1.3353,1.1233,1.5926,1.3250
303,2019-07-01,27,12-17,15.7143,15.9860,12.9195,19.6340,1.1465,0.9577,1.3736,1.1379
303,2019-07-01,27,18-44,36.2857,36.6629,30.5044,43.9625,0.6012,0.5174,0.6980,0.5921
303,2019-07-01,27,45-64,21.0000,22.4734,18.4449,27.5979,0.6023,0.5149,0.7051,0.5911
303,2019-07-01,27,65+,14.4286,14.7065,11.8159,18.1616,0.6569,0.5515,0.7889,0.6603
304,2019-07-02,27,0-5,17.1429,18.2454,14.7152,22.3974,1.0225,0.8486,1.2348,0.9834
304,2019-07-02,27,6-11,32.5714,33.2071,27.6388,39.6483,1.3554,1.1389,1.6228,1.3202
304,2019-07-02,27,12-17,15.5714,15.6581,12.6065,19.4149,1.1560,0.9661,1.3805,1.1389
304,2019-07-02,27,18-44,34.7143,35.8380,29.8761,43.0028,0.6137,0.5281,0.7145,0.5878
304,2019-07-02,27,45-64,20.4286,22.1915,18.1787,27.2877,0.6157,0.5245,0.7233,0.5834
304,2019-07-02,27,65+,13.0000,14.1379,11.3410,17.4923,0.6707,0.5614,0.8069,0.6381
305,2019-07-03,27,0-5,16.1429,17.4287,14.1371,21.5913,1.0408,0.8613,1.2561,0.9820
305,2019-07-03,27,6-11,31.2857,32.6449,27.2593,39.5112,1.3786,1.1578,1.6417,1.3118
305,2019-07-03,27,12-17,15.7143,15.3088,12.3334,19.0451,1.1686,0.9843,1.3897,1.1646
305,2019-07-03,27,18-44,33.7143,35.0878,29.0215,42.0300,0.6272,0.5406,0.7294,0.5927
305,2019-07-03,27,45-64,20.4286,21.9464,17.9655,26.8874,0.6312,0.5392,0.7392,0.5924
305,2019-07-03,27,65+,12.5714,13.6237,10.9210,16.9107,0.6895,0.5784,0.8247,0.6453
306,2019-07-04,27,0-5,16.5714,16.7752,13.5884,20.7157,1.0545,0.8750,1.2698,1.0405
306,2019-07-04,27,6-11,31.4286,32.1781,26.9258,38.9014,1.3969,1.1752,1.6696,1.3562
306,2019-07-04,27,12-17,15.5714,14.8755,12.0485,18.5983,1.1821,0.9923,1.4077,1.1935
306,2019-07-04,27,18-44,33.7143,34.4009,28.4801,41.2275,0.6397,0.5498,0.7449,0.6171
306,2019-07-04,27,45-64,21.0000,21.8207,17.8073,26.6054,0.6453,0.5489,0.7560,0.6165
306,2019-07-04,27,65+,12.4286,13.1661,10.5071,16.4267,0.7083,0.5925,0.8467,0.6693
307,2019-07-05,27,0-5,16.5714,16.1577,13.0187,20.0843,1.0652,0.8870,1.2857,1.0685
307,2019-07-05,27,6-11,31.7143,31.7748,26.4977,38.3318,1.4149,1.1902,1.6937,1.3878
307,2019-07-05,27,12-17,14.4286,14.5137,11.7327,18.1108,1.1960,1.0023,1.4254,1.1812
307,2019-07-05,27,18-44,32.4286,33.7440,27.8863,40.5802,0.6506,0.5588,0.7556,0.6331
307,2019-07-05,27,45-64,22.8571,21.6022,17.6484,26.3146,0.6563,0.5585,0.7672,0.6412
307,2019-07-05,27,65+,12.2857,12.8178,10.2095,16.0339,0.7258,0.6065,0.8629,0.6941
308,2019-07-06,27,0-5,16.2857,15.5765,12.5464,19.3217,1.0698,0.8908,1.2938,1.0977
308,2019-07-06,27,6-11,32.2857,31.4538,26.1359,38.0838,1.4244,1.1979,1.6953,1.4321
308,2019-07-06,27,12-17,12.7143,14.1058,11.3168,17.5826,1.2117,1.0173,1.4422,1.1393
308,2019-07-06,27,18-44,33.8571,33.2053,27.5268,39.9656,0.6573,0.5657,0.7685,0.6525
308,2019-07-06,27,45-64,22.8571,21.4378,17.4906,26.0348,0.6642,0.5662,0.7791,0.6555
308,2019-07-06,27,65+,12.2857,12.6084,9.9782,15.7207,0.7409,0.6197,0.8830,0.7116
309,2019-07-07,28,0-5,15.8571,15.0646,12.1206,18.6842,1.0664,0.8866,1.2870,1.0989
309,2019-07-07,28,6-11,33.0000,31.0066,25.9058,37.6785,1.4234,1.1920,1.7003,1.4599
309,2019-07-07,28,12-17,13.0000,13.8470,10.9374,17.2239,1.2242,1.0240,1.4606,1.1699
309,2019-07-07,28,18-44,33.8571,32.8900,27.3277,39.5142,0.6587,0.5666,0.7688,0.6561
309,2019-07-07,28,45-64,22.4286,21.1899,17.3544,25.7758,0.6667,0.5689,0.7807,0.6552
309,2019-07-07,28,65+,11.5714,12.5776,10.0083,15.6374,0.7489,0.6248,0.8969,0.7000
310,2019-07-08,28,0-5,14.7143,14.6133,11.6857,18.0792,1.0643,0.8871,1.2789,1.0486
310,2019-07-08,28,6-11,30.0000,30.6997,25.5888,37.1183,1.4191,1.1923,1.6908,1.3734
310,2019-07-08,28,12-17,13.5714,13.6190,10.8129,16.9373,1.2302,1.0287,1.4690,1.1918
310,2019-07-08,28,18-44,32.1429,32.6876,27.1018,39.4234,0.6589,0.5689,0.7674,0.6380
310,2019-07-08,28,45-64,21.0000,20.8055,16.9125,25.3570,0.6672,0.5697,0.7807,0.6498
310,2019-07-08,28,65+,13.2857,12.6145,10.0328,15.7158,0.7553,0.6285,0.9030,0.7331
311,2019-07-09,28,0-5,14.1429,14.1428,11.3042,17.7339,1.0613,0.8831,1.2749,1.0600
311,2019-07-09,28,6-11,30.0000,30.2839,25.2969,36.3814,1.4053,1.1832,1.6719,1.4039
311,2019-07-09,28,12-17,13.2857,13.5037,10.7321,16.8017,1.2315,1.0293,1.4660,1.2123
311,2019-07-09,28,18-44,33.4286,32.5723,27.1776,39.4698,0.6550,0.5649,0.7618,0.6581
311,2019-07-09,28,45-64,21.5714,20.4353,16.5960,24.9218,0.6626,0.5661,0.7743,0.6700
311,2019-07-09,28,65+,13.1429,12.7707,10.0779,15.8290,0.7529,0.6291,0.9004,0.7470
312,2019-07-10,28,0-5,13.4286,13.6975,11.0490,17.3241,1.0557,0.8765,1.2733,1.0520
312,2019-07-10,28,6-11,30.8571,29.6805,24.7743,35.8840,1.3885,1.1678,1.6502,1.4389
312,2019-07-10,28,12-17,13.5714,13.4141,10.7014,16.7914,1.2261,1.0303,1.4652,1.2299
312,2019-07-10,28,18-44,33.5714,32.3940,26.9585,39.1593,0.6484,0.5578,0.7554,0.6581
312,2019-07-10,28,45-64,20.2857,20.0250,16.2794,24.4159,0.6562,0.5613,0.7693,0.6638
312,2019-07-10,28,65+,13.1429,12.9179,10.2328,16.0341,0.7477,0.6247,0.8964,0.7431
313,2019-07-11,28,0-5,13.5714,13.3104,10.7371,16.8064,1.0457,0.8689,1.2665,1.0709
313,2019-07-11,28,6-11,31.2857,29.1178,24.2202,35.1434,1.3707,1.1535,1.6254,1.4558
313,2019-07-11,28,12-17,13.0000,13.3948,10.7002,16.7958,1.2208,1.0244,1.4631,1.2101
313,2019-07-11,28,18-44,32.7143,32.1657,26.6680,38.9331,0.6417,0.5517,0.7470,0.6590
313,2019-07-11,28,45-64,20.2857,19.6498,16.0062,23.9762,0.6490,0.5545,0.7622,0.6643
313,2019-07-11,28,65+,13.2857,13.0428,10.3566,16.1989,0.7389,0.6182,0.8888,0.7489
314,2019-07-12,28,0-5,13.1429,12.9946,10.4936,16.3577,1.0355,0.8595,1.2535,1.0559
314,2019-07-12,28,6-11,29.1429,28.4536,23.6343,34.4340,1.3462,1.1295,1.6131,1.4004
314,2019-07-12,28,12-17,14.1429,13.3973,10.6885,16.7281,1.2086,1.0085,1.4469,1.2531
314,2019-07-12,28,18-44,31.7143,31.8021,26.4512,38.2963,0.6315,0.5437,0.7358,0.6491
314,2019-07-12,28,45-64,18.5714,19.2677,15.6974,23.6180,0.6389,0.5458,0.7481,0.6604
314,2019-07-12,28,65+,15.0000,13.1145,10.3818,16.3551,0.7254,0.6080,0.8680,0.7809
315,2019-07-13,28,0-5,12.7143,12.7653,10.2549,16.0311,1.0242,0.8493,1.2410,1.0446
315,2019-07-13,28,6-11,27.8571,27.8055,23.0732,33.5261,1.3295,1.1126,1.5855,1.3728
315,2019-07-13,28,12-17,14.2857,13.3991,10.7077,16.6536,1.1974,1.0015,1.4314,1.2615
315,2019-07-13,28,18-44,30.8571,31.2739,26.0451,37.9248,0.6218,0.5351,0.7265,0.6462
315,2019-07-13,28,45-64,18.8571,18.9508,15.4637,23.2876,0.6296,0.5380,0.7369,0.6626
315,2019-07-13,28,65+,15.0000,13.1202,10.4457,16.4124,0.7126,0.5975,0.8600,0.7820
316,2019-07-14,29,0-5,12.5714,12.5008,9.9800,15.7803,1.0148,0.8380,1.2295,1.0559
316,2019-07-14,29,6-11,26.0000,27.0701,22.4727,32.6788,1.3163,1.1057,1.5619,1.3441
316,2019-07-14,29,12-17,14.0000,13.3718,10.6689,16.5754,1.1828,0.9899,1.4170,1.2545
316,2019-07-14,29,18-44,31.1429,30.6801,25.4779,36.9728,0.6122,0.5271,0.7140,0.6516
316,2019-07-14,29,45-64,19.4286,18.6629,15.0992,22.9838,0.6190,0.5283,0.7257,0.6674
316,2019-07-14,29,65+,14.2857,12.9833,10.4337,16.3199,0.7004,0.5841,0.8460,0.7703
317,2019-07-15,29,0-5,12.4286,12.2388,9.7386,15.3865,1.0036,0.8302,1.2120,1.0665
317,2019-07-15,29,6-11,27.1429,26.2514,21.7474,31.7241,1.3058,1.1000,1.5562,1.3943
317,2019-07-15,29,12-17,14.0000,13.3016,10.5317,16.4840,1.1767,0.9828,1.4125,1.2569
317,2019-07-15,29,18-44,31.0000,29.9132,24.8711,35.9947,0.6036,0.5200,0.7023,0.6533
317,2019-07-15,29,45-64,19.4286,18.3629,14.7852,22.7112,0.6119,0.5229,0.7178,0.6591
317,2019-07-15,29,65+,12.5714,12.7734,10.3014,16.1843,0.6951,0.5785,0.8345,0.7294
318,2019-07-16,29,0-5,12.2857,11.9801,9.4683,14.9864,0.9915,0.8189,1.2007,1.0447
318,2019-07-16,29,6-11,26.7143,25.5499,21.0569,30.8673,1.3006,1.0963,1.5542,1.3642
318,2019-07-16,29,12-17,13.2857,13.1817,10.5101,16.4493,1.1711,0.9757,1.4030,1.1886
318,2019-07-16,29,18-44,28.5714,29.0169,23.9970,34.9677,0.5962,0.5130,0.6928,0.6203
318,2019-07-16,29,45-64,17.5714,18.0662,14.6008,22.4290,0.6061,0.5182,0.7094,0.6202
318,2019-07-16,29,65+,12.1429,12.5732,10.1020,15.8375,0.6907,0.5758,0.8276,0.6966
319,2019-07-17,29,0-5,11.5714,11.6806,9.1822,14.5569,0.9855,0.8146,1.2002,1.0227
319,2019-07-17,29,6-11,25.4286,24.9185,20.4908,30.0513,1.3071,1.0903,1.5703,1.3404
319,2019-07-17,29,12-17,12.4286,13.0381,10.4540,16.2721,1.1654,0.9740,1.4004,1.1596
319,2019-07-17,29,18-44,28.1429,28.0156,23.2469,33.7427,0.5925,0.5099,0.6899,0.6196
319,2019-07-17,29,45-64,17.8571,17.7061,14.3181,21.9558,0.6049,0.5160,0.7084,0.6244
319,2019-07-17,29,65+,11.8571,12.3459,9.8754,15.5218,0.6937,0.5775,0.8315,0.7000
320,2019-07-18,29,0-5,10.8571,11.4169,8.9456,14.2151,0.9876,0.8127,1.2027,1.0137
320,2019-07-18,29,6-11,24.1429,24.2753,20.0547,29.3824,1.3174,1.1052,1.5743,1.3324
320,2019-07-18,29,12-17,12.5714,12.8570,10.3037,16.0382,1.1648,0.9713,1.3951,1.1861
320,2019-07-18,29,18-44,28.7143,26.8933,22.2843,32.3514,0.5925,0.5101,0.6899,0.6284
320,2019-07-18,29,45-64,17.2857,17.4031,14.0983,21.6127,0.6070,0.5174,0.7118,0.6336
320,2019-07-18,29,65+,11.8571,12.1443,9.6613,15.1989,0.6997,0.5821,0.8459,0.7120
321,2019-07-19,29,0-5,10.5714,11.1414,8.7281,13.8695,0.9891,0.8129,1.2022,0.9890
321,2019-07-19,29,6-11,22.5714,23.7763,19.6787,29.0242,1.3370,1.1248,1.5902,1.2757
321,2019-07-19,29,12-17,12.4286,12.6753,10.2127,15.8835,1.1631,0.9673,1.3939,1.1634
321,2019-07-19,29,18-44,26.5714,25.7608,21.3442,31.0830,0.5947,0.5144,0.6918,0.5992
321,2019-07-19,29,45-64,16.2857,17.0772,13.7962,21.0519,0.6109,0.5222,0.7168,0.5992
321,2019-07-19,29,65+,10.0000,11.9538,9.4887,14.8955,0.7097,0.5893,0.8611,0.6509
322,2019-07-20,29,0-5,10.8571,10.8593,8.4823,13.5473,0.9962,0.8219,1.2086,1.0152
322,2019-07-20,29,6-11,22.8571,23.5069,19.3518,28.6942,1.3715,1.1505,1.6249,1.3097
322,2019-07-20,29,12-17,12.7143,12.4097,9.9018,15.6205,1.1596,0.9669,1.4012,1.1957
322,2019-07-20,29,18-44,24.2857,24.5585,20.3054,29.7477,0.6035,0.5192,0.7001,0.6033
322,2019-07-20,29,45-64,16.0000,16.7118,13.4831,20.6321,0.6197,0.5279,0.7274,0.6122
322,2019-07-20,29,65+,11.1429,11.8070,9.4181,14.7924,0.7248,0.6017,0.8748,0.6967
323,2019-07-21,30,0-5,10.8571,10.5606,8.2873,13.1945,1.0107,0.8323,1.2240,1.0165
323,2019-07-21,30,6-11,22.2857,23.3853,19.2931,28.4674,1.4041,1.1784,1.7012,1.3014
323,2019-07-21,30,12-17,12.4286,12.1316,9.5520,15.1581,1.1616,0.9682,1.4017,1.1845
323,2019-07-21,30,18-44,22.0000,23.4971,19.4330,28.6455,0.6142,0.5281,0.7141,0.5935
323,2019-07-21,30,45-64,15.5714,16.3652,13.2027,20.2669,0.6298,0.5362,0.7368,0.6085
323,2019-07-21,30,65+,11.4286,11.6898,9.2266,14.7493,0.7381,0.6116,0.8922,0.7104
324,2019-07-22,30,0-5,10.4286,10.2788,8.0149,12.9562,1.0293,0.8478,1.2484,0.9993
324,2019-07-22,30,6-11,21.8571,23.3849,19.2176,28.5233,1.4368,1.2057,1.7236,1.3008
324,2019-07-22,30,12-17,12.1429,11.7572,9.2743,14.7346,1.1567,0.9690,1.3934,1.1840
324,2019-07-22,30,18-44,20.2857,22.6315,18.6896,27.4228,0.6253,0.5372,0.7302,0.5896
324,2019-07-22,30,45-64,15.8571,16.0305,12.9799,19.7172,0.6376,0.5428,0.7499,0.6132
324,2019-07-22,30,65+,11.2857,11.5657,9.1314,14.6203,0.7468,0.6211,0.9072,0.7183
325,2019-07-23,30,0-5,9.8571,10.0113,7.8096,12.6375,1.0480,0.8644,1.2736,0.9962
325,2019-07-23,30,6-11,22.2857,23.5468,19.2858,28.7433,1.4622,1.2238,1.7548,1.3482
325,2019-07-23,30,12-17,12.0000,11.3282,9.0124,14.2685,1.1535,0.9638,1.3804,1.2011
325,2019-07-23,30,18-44,20.1429,22.0279,18.0683,26.7808,0.6375,0.5475,0.7464,0.6025
325,2019-07-23,30,45-64,15.4286,15.6829,12.7261,19.1701,0.6458,0.5485,0.7595,0.6295
325,2019-07-23,30,65+,12.0000,11.4728,9.0643,14.3622,0.7539,0.6214,0.9130,0.7551
326,2019-07-24,30,0-5,10.2857,9.7327,7.5981,12.3994,1.0703,0.8804,1.3046,1.0500
326,2019-07-24,30,6-11,23.4286,23.7444,19.3563,28.8814,1.4779,1.2370,1.7717,1.4218
326,2019-07-24,30,12-17,12.2857,10.8787,8.5784,13.6951,1.1479,0.9568,1.3725,1.2452
326,2019-07-24,30,18-44,20.0000,21.7059,17.7355,26.6178,0.6482,0.5552,0.7542,0.6230
326,2019-07-24,30,45-64,15.5714,15.3187,12.3129,18.7307,0.6496,0.5517,0.7635,0.6466
326,2019-07-24,30,65+,11.8571,11.2959,8.9269,14.1571,0.7534,0.6232,0.9101,0.7684
327,2019-07-25,30,0-5,9.8571,9.4903,7.3629,12.0555,1.0871,0.8952,1.3226,1.0591
327,2019-07-25,30,6-11,24.5714,23.9002,19.4774,29.0956,1.4772,1.2330,1.7767,1.4886
327,2019-07-25,30,12-17,12.4286,10.3744,8.1871,13.1155,1.1380,0.9463,1.3718,1.2811
327,2019-07-25,30,18-44,21.0000,21.6320,17.6464,26.5476,0.6531,0.5598,0.7635,0.6447
327,2019-07-25,30,45-64,15.7143,14.9069,12.0224,18.3423,0.6486,0.5517,0.7636,0.6656
327,2019-07-25,30,65+,11.7143,11.0648,8.7441,14.0722,0.7472,0.6198,0.9018,0.7802
328,2019-07-26,30,0-5,8.4286,9.3250,7.1849,11.8536,1.1005,0.9080,1.3417,0.9973
328,2019-07-26,30,6-11,25.1429,24.0413,19.6511,29.0247,1.4632,1.2255,1.7582,1.5016
328,2019-07-26,30,12-17,10.2857,9.8799,7.7487,12.5929,1.1298,0.9404,1.3581,1.1777
328,2019-07-26,30,18-44,22.0000,21.8526,17.8792,26.7624,0.6548,0.5616,0.7673,0.6472
328,2019-07-26,30,45-64,16.1429,14.4961,11.5776,17.9254,0.6456,0.5489,0.7578,0.6701
328,2019-07-26,30,65+,11.5714,10.8397,8.5717,13.7330,0.7382,0.6125,0.8907,0.7831
329,2019-07-27,30,0-5,8.7143,9.2232,7.1275,11.7591,1.1155,0.9244,1.3548,1.0338
329,2019-07-27,30,6-11,25.8571,24.0847,19.7427,28.8918,1.4486,1.2168,1.7348,1.5178
329,2019-07-27,30,12-17,9.4286,9.4202,7.3797,12.0470,1.1297,0.9431,1.3583,1.1345
329,2019-07-27,30,18-44,22.8571,22.3226,18.2399,27.1860,0.6566,0.5631,0.7691,0.6482
329,2019-07-27,30,45-64,15.4286,14.1122,11.2226,17.5208,0.6433,0.5476,0.7566,0.6545
329,2019-07-27,30,65+,10.5714,10.6210,8.3283,13.4212,0.7299,0.6060,0.8810,0.7464
330,2019-07-28,31,0-5,8.5714,9.2260,7.1972,11.8004,1.1246,0.9261,1.3624,1.0463
330,2019-07-28,31,6-11,25.8571,23.9349,19.6541,28.8294,1.4287,1.1970,1.7060,1.5131
330,2019-07-28,31,12-17,8.8571,9.0343,6.9972,11.5901,1.1354,0.9506,1.3602,1.1158
330,2019-07-28,31,18-44,23.8571,22.9294,18.7025,27.8534,0.6550,0.5607,0.7685,0.6530
330,2019-07-28,31,45-64,14.4286,13.7979,10.9921,17.1646,0.6397,0.5442,0.7528,0.6530
330,2019-07-28,31,65+,11.0000,10.3955,8.1327,13.1689,0.7192,0.5993,0.8661,0.7586
331,2019-07-29,31,0-5,9.1429,9.2949,7.2662,11.7989,1.1260,0.9280,1.3598,1.0898
331,2019-07-29,31,6-11,25.1429,23.6463,19.3877,28.5163,1.4092,1.1781,1.6739,1.4731
331,2019-07-29,31,12-17,7.5714,8.7457,6.6843,11.2546,1.1461,0.9594,1.3749,1.0369
331,2019-07-29,31,18-44,24.7143,23.4413,19.3334,28.5873,0.6539,0.5592,0.7671,0.6438
331,2019-07-29,31,45-64,13.0000,13.5181,10.7504,16.8896,0.6384,0.5418,0.7500,0.6246
331,2019-07-29,31,65+,10.1429,10.1450,7.8910,12.8410,0.7116,0.5898,0.8589,0.7181
332,2019-07-30,31,0-5,9.5714,9.4308,7.3553,12.1385,1.1246,0.9268,1.3598,1.1262
332,2019-07-30,31,6-11,24.2857,23.2335,19.0834,27.8292,1.3958,1.1733,1.6669,1.4546
332,2019-07-30,31,12-17,7.8571,8.5722,6.5636,10.9392,1.1655,0.9760,1.3966,1.0858
332,2019-07-30,31,18-44,25.2857,23.9606,19.7960,29.2254,0.6538,0.5604,0.7686,0.6553
332,2019-07-30,31,45-64,13.0000,13.3511,10.5855,16.6602,0.6391,0.5439,0.7533,0.6339
332,2019-07-30,31,65+,9.7143,9.8977,7.6846,12.4878,0.7067,0.5885,0.8543,0.7158
333,2019-07-31,31,0-5,9.8571,9.5976,7.4736,12.3424,1.1176,0.9241,1.3606,1.1442
333,2019-07-31,31,6-11,22.1429,22.6731,18.7359,27.3815,1.3889,1.1642,1.6557,1.3891
333,2019-07-31,31,12-17,6.7143,8.4303,6.5990,10.7984,1.1882,0.9885,1.4317,1.0278
333,2019-07-31,31,18-44,25.8571,24.3948,20.0161,29.7976,0.6554,0.5597,0.7661,0.6544
333,2019-07-31,31,45-64,12.4286,13.2195,10.5359,16.5069,0.6433,0.5468,0.7553,0.6306
333,2019-07-31,31,65+,9.8571,9.6411,7.5532,12.2352,0.7061,0.5877,0.8497,0.7230
334,2019-08-01,31,0-5,10.1429,9.7352,7.5893,12.4269,1.1137,0.9183,1.3429,1.1444
334,2019-08-01,31,6-11,20.8571,22.0310,18.2610,26.7650,1.3864,1.1631,1.6531,1.3541
334,2019-08-01,31,12-17,6.7143,8.4476,6.5557,10.7229,1.2111,1.0076,1.4612,1.0552
334,2019-08-01,31,18-44,24.4286,24.5987,20.1882,30.0044,0.6592,0.5646,0.7703,0.6519
334,2019-08-01,31,45-64,13.0000,13.2258,10.4451,16.4637,0.6501,0.5533,0.7641,0.6406
334,2019-08-01,31,65+,10.0000,9.3695,7.3397,11.9513,0.7093,0.5912,0.8527,0.7398
335,2019-08-02,31,0-5,10.4286,9.7763,7.6669,12.4288,1.1057,0.9106,1.3325,1.1540
335,2019-08-02,31,6-11,21.4286,21.4520,17.8216,26.1692,1.3913,1.1658,1.6548,1.3970
335,2019-08-02,31,12-17,8.4286,8.4956,6.5570,10.8202,1.2340,1.0272,1.4823,1.1965
335,2019-08-02,31,18-44,23.7143,24.6896,20.1254,30.1438,0.6644,0.5679,0.7794,0.6518
335,2019-08-02,31,45-64,12.1429,13.2539,10.4717,16.4222,0.6592,0.5599,0.7754,0.6352
335,2019-08-02,31,65+,9.2857,9.1463,7.1557,11.6657,0.7164,0.5954,0.8602,0.7161
336,2019-08-03,31,0-5,10.0000,9.7438,7.6333,12.4093,1.0913,0.9032,1.3220,1.1273
336,2019-08-03,31,6-11,19.7143,20.8873,17.2198,25.4451,1.3923,1.1694,1.6523,1.3603
336,2019-08-03,31,12-17,8.5714,8.5561,6.5836,10.9103,1.2438,1.0364,1.4997,1.2266
336,2019-08-03,31,18-44,24.1429,24.5759,19.9691,29.8926,0.6682,0.5689,0.7850,0.6554
336,2019-08-03,31,45-64,12.5714,13.2866,10.4919,16.5716,0.6669,0.5660,0.7852,0.6412
336,2019-08-03,31,65+,8.2857,8.8901,6.9164,11.3370,0.7236,0.6020,0.8672,0.6945
337,2019-08-04,32,0-5,10.1429,9.6322,7.5417,12.2632,1.0828,0.8952,1.3124,1.1412
337,2019-08-04,32,6-11,20.0000,20.3066,16.7138,24.6614,1.3919,1.1713,1.6592,1.4014
337,2019-08-04,32,12-17,9.2857,8.6361,6.6784,11.0108,1.2502,1.0410,1.5064,1.2903
337,2019-08-04,32,18-44,23.8571,24.3989,19.7789,29.6746,0.6725,0.5723,0.7912,0.6655
337,2019-08-04,32,45-64,12.5714,13.3372,10.5271,16.5819,0.6745,0.5705,0.7970,0.6519
337,2019-08-04,32,65+,8.1429,8.6554,6.7035,10.9753,0.7325,0.6076,0.8813,0.7027
338,2019-08-05,32,0-5,10.4286,9.4498,7.3698,12.0882,1.0715,0.8864,1.3021,1.1665
338,2019-08-05,32,6-11,20.0000,19.7722,16.1888,23.9155,1.3888,1.1648,1.6535,1.4376
338,2019-08-05,32,12-17,10.1429,8.7039,6.7380,11.1231,1.2449,1.0405,1.4942,1.3697
338,2019-08-05,32,18-44,23.4286,24.1529,19.7098,29.3189,0.6733,0.5746,0.7911,0.6862
338,2019-08-05,32,45-64,13.5714,13.3933,10.6427,16.7805,0.6782,0.5744,0.7990,0.6834
338,2019-08-05,32,65+,8.4286,8.4537,6.5254,10.8158,0.7388,0.6132,0.8894,0.7390
339,2019-08-06,32,0-5,9.7143,9.2114,7.2398,11.7403,1.0599,0.8758,1.2908,1.1392
339,2019-08-06,32,6-11,19.8571,19.2474,15.6824,23.3723,1.3783,1.1620,1.6465,1.4546
339,2019-08-06,32,12-17,9.4286,8.7114,6.7793,11.1979,1.2379,1.0281,1.4897,1.3118
339,2019-08-06,32,18-44,24.5714,23.9339,19.5244,28.8886,0.6709,0.5733,0.7874,0.6955
339,2019-08-06,32,45-64,13.8571,13.4780,10.7345,16.9014,0.6796,0.5762,0.7997,0.6918
339,2019-08-06,32,65+,8.2857,8.3293,6.4163,10.6566,0.7420,0.6158,0.8930,0.7451
340,2019-08-07,32,0-5,8.7143,8.9294,6.9264,11.3582,1.0465,0.8608,1.2699,1.0710
340,2019-08-07,32,6-11,19.0000,18.7248,15.2201,22.7675,1.3682,1.1536,1.6319,1.4203
340,2019-08-07,32,12-17,9.8571,8.6748,6.7103,11.1153,1.2269,1.0221,1.4833,1.3266
340,2019-08-07,32,18-44,24.0000,23.6664,19.2994,28.8566,0.6661,0.5690,0.7815,0.6845
340,2019-08-07,32,45-64,14.1429,13.5796,10.7481,17.0671,0.6778,0.5746,0.7998,0.6915
340,2019-08-07,32,65+,8.2857,8.2318,6.3293,10.5246,0.7429,0.6154,0.8937,0.7459
341,2019-08-08,32,0-5,9.0000,8.6323,6.7212,11.0062,1.0332,0.8523,1.2553,1.0922
341,2019-08-08,32,6-11,19.1429,18.2231,14.7924,22.1144,1.3621,1.1410,1.6272,1.4282
341,2019-08-08,32,12-17,9.5714,8.6104,6.6545,11.0600,1.2168,1.0120,1.4656,1.2810
341,2019-08-08,32,18-44,23.5714,23.3588,19.1329,28.3458,0.6600,0.5632,0.7773,0.6751
341,2019-08-08,32,45-64,13.5714,13.6795,10.8433,17.2164,0.6749,0.5706,0.7976,0.6732
341,2019-08-08,32,65+,8.0000,8.1809,6.2711,10.5228,0.7408,0.6144,0.8938,0.7262
342,2019-08-09,32,0-5,8.8571,8.3637,6.5010,10.6864,1.0329,0.8460,1.2543,1.1007
342,2019-08-09,32,6-11,17.8571,17.6958,14.4677,21.6166,1.3601,1.1415,1.6325,1.3912
342,2019-08-09,32,12-17,8.2857,8.5086,6.6009,10.8907,1.2146,1.0154,1.4566,1.1837
342,2019-08-09,32,18-44,24.1429,22.9254,18.8734,27.8131,0.6586,0.5616,0.7744,0.6753
342,2019-08-09,32,45-64,13.0000,13.8431,10.9385,17.3636,0.6760,0.5717,0.8015,0.6710
342,2019-08-09,32,65+,8.7143,8.1837,6.2638,10.5498,0.7418,0.6160,0.8977,0.7515
343,2019-08-10,32,0-5,8.4286,8.1308,6.2360,10.3717,1.0311,0.8444,1.2520,1.0825
343,2019-08-10,32,6-11,17.7143,17.2696,14.0674,21.1917,1.3634,1.1443,1.6348,1.4034
343,2019-08-10,32,12-17,8.4286,8.4055,6.4547,10.7664,1.2138,1.0146,1.4604,1.2181
343,2019-08-10,32,18-44,23.4286,22.4922,18.5842,27.4845,0.6553,0.5599,0.7668,0.6824
343,2019-08-10,32,45-64,14.0000,14.0153,11.1354,17.5777,0.6757,0.5712,0.7978,0.6899
343,2019-08-10,32,65+,8.7143,8.1883,6.2679,10.5567,0.7425,0.6165,0.8929,0.7672
344,2019-08-11,33,0-5,8.1429,7.8983,6.1046,10.1521,1.0374,0.8497,1.2612,1.0943
344,2019-08-11,33,6-11,17.2857,16.8762,13.7042,20.8200,1.3755,1.1538,1.6413,1.4278
344,2019-08-11,33,12-17,8.2857,8.3030,6.3745,10.7233,1.2198,1.0170,1.4651,1.2569
344,2019-08-11,33,18-44,23.8571,21.8809,18.0329,26.8142,0.6549,0.5600,0.7675,0.7119
344,2019-08-11,33,45-64,15.5714,14.1686,11.1891,17.7507,0.6763,0.5726,0.7993,0.7320
344,2019-08-11,33,65+,9.0000,8.1917,6.2688,10.5337,0.7442,0.6184,0.8969,0.8082
345,2019-08-12,33,0-5,6.4286,7.7600,5.9435,9.9806,1.0524,0.8682,1.2728,0.9213
345,2019-08-12,33,6-11,15.1429,16.6224,13.4948,20.4832,1.3979,1.1692,1.6655,1.2582
345,2019-08-12,33,12-17,6.8571,8.2215,6.3154,10.5132,1.2358,1.0294,1.4774,1.0806
345,2019-08-12,33,18-44,20.7143,21.2376,17.4439,26.0435,0.6611,0.5667,0.7721,0.6195
345,2019-08-12,33,45-64,13.7143,14.3208,11.4053,17.8253,0.6850,0.5801,0.8080,0.6395
345,2019-08-12,33,65+,7.8571,8.1575,6.3079,10.4811,0.7549,0.6297,0.9099,0.7054
346,2019-08-13,33,0-5,7.2857,7.6500,5.8007,9.8226,1.0750,0.8841,1.3123,1.0033
346,2019-08-13,33,6-11,15.1429,16.4624,13.3243,20.2138,1.4287,1.1982,1.7067,1.3019
346,2019-08-13,33,12-17,8.1429,8.1679,6.2614,10.4323,1.2560,1.0507,1.5137,1.2095
346,2019-08-13,33,18-44,19.5714,20.6090,16.7767,25.3514,0.6718,0.5749,0.7867,0.6383
346,2019-08-13,33,45-64,14.0000,14.4702,11.5863,17.9803,0.6976,0.5907,0.8249,0.6594
346,2019-08-13,33,65+,7.7143,8.1341,6.2954,10.4209,0.7701,0.6401,0.9274,0.7178
347,2019-08-14,33,0-5,8.1429,7.5806,5.7314,9.8615,1.0980,0.9116,1.3370,1.1015
347,2019-08-14,33,6-11,16.1429,16.3740,13.2439,20.0185,1.4576,1.2194,1.7515,1.3936
347,2019-08-14,33,12-17,8.1429,8.1216,6.2741,10.4239,1.2822,1.0705,1.5368,1.2346
347,2019-08-14,33,18-44,19.2857,19.9154,16.2719,24.3614,0.6851,0.5873,0.8038,0.6589
347,2019-08-14,33,45-64,13.5714,14.5946,11.6366,18.1804,0.7134,0.6039,0.8453,0.6677
347,2019-08-14,33,65+,7.5714,8.1255,6.2353,10.4910,0.7869,0.6536,0.9503,0.7255
348,2019-08-15,33,0-5,7.0000,7.5242,5.7033,9.8830,1.1273,0.9319,1.3778,1.0423
348,2019-08-15,33,6-11,16.2857,16.3855,13.1944,19.9619,1.4909,1.2523,1.7924,1.4305
348,2019-08-15,33,12-17,8.2857,8.0989,6.2712,10.4146,1.3006,1.0874,1.5616,1.2770
348,2019-08-15,33,18-44,19.2857,19.2258,15.7117,23.6645,0.7012,0.5995,0.8187,0.6725
348,2019-08-15,33,45-64,13.8571,14.6905,11.7262,18.2064,0.7315,0.6180,0.8634,0.6947
348,2019-08-15,33,65+,8.1429,8.1092,6.2299,10.5008,0.8077,0.6709,0.9710,0.7692
349,2019-08-16,33,0-5,7.1429,7.5739,5.7033,9.8889,1.1615,0.9568,1.4201,1.0472
349,2019-08-16,33,6-11,16.7143,16.4430,13.2725,20.0612,1.5178,1.2759,1.8198,1.4478
349,2019-08-16,33,12-17,8.5714,8.0739,6.2534,10.4325,1.3273,1.1123,1.5843,1.3080
349,2019-08-16,33,18-44,17.5714,18.6679,15.1546,22.9732,0.7189,0.6156,0.8394,0.6675
349,2019-08-16,33,45-64,14.8571,14.7919,11.8216,18.4057,0.7529,0.6362,0.8933,0.6970
349,2019-08-16,33,65+,7.2857,8.1337,6.2386,10.4912,0.8343,0.6924,1.0094,0.7454
350,2019-08-17,33,0-5,7.1429,7.6579,5.8314,9.9540,1.1950,0.9848,1.4536,1.0609
350,2019-08-17,33,6-11,15.7143,16.6200,13.3473,20.2971,1.5418,1.2928,1.8427,1.4001
350,2019-08-17,33,12-17,7.8571,8.0513,6.1974,10.3777,1.3504,1.1295,1.6177,1.2304
350,2019-08-17,33,18-44,18.1429,18.2822,14.7481,22.4340,0.7370,0.6313,0.8608,0.6575
350,2019-08-17,33,45-64,13.5714,14.9773,11.9891,18.7563,0.7749,0.6545,0.9171,0.6723
350,2019-08-17,33,65+,7.0000,8.1931,6.2984,10.5976,0.8601,0.7135,1.0396,0.7211
351,2019-08-18,34,0-5,7.8571,7.7806,5.9764,10.0768,1.2220,1.0071,1.4858,1.1239
351,2019-08-18,34,6-11,16.0000,16.7630,13.5384,20.4747,1.5611,1.3131,1.8596,1.4247
351,2019-08-18,34,12-17,7.8571,8.0660,6.2076,10.4373,1.3720,1.1482,1.6496,1.2342
351,2019-08-18,34,18-44,17.2857,18.0110,14.5816,22.1610,0.7533,0.6458,0.8808,0.6624
351,2019-08-18,34,45-64,13.2857,15.3119,12.1938,19.1611,0.7930,0.6707,0.9420,0.6762
351,2019-08-18,34,65+,7.4286,8.3224,6.4063,10.6985,0.8790,0.7302,1.0629,0.7446
352,2019-08-19,34,0-5,9.1429,7.9503,6.0536,10.3362,1.2460,1.0232,1.5101,1.3034
352,2019-08-19,34,6-11,18.1429,16.9118,13.7238,20.8211,1.5677,1.3189,1.8800,1.6417
352,2019-08-19,34,12-17,9.4286,8.0838,6.2080,10.5196,1.3933,1.1613,1.6717,1.4728
352,2019-08-19,34,18-44,19.1429,17.9756,14.5041,22.1375,0.7655,0.6561,0.8953,0.7724
352,2019-08-19,34,45-64,15.7143,15.6276,12.4892,19.5035,0.8061,0.6802,0.9561,0.8014
352,2019-08-19,34,65+,9.1429,8.4737,6.5147,10.8964,0.8919,0.7390,1.0829,0.8993
353,2019-08-20,34,0-5,8.5714,8.1480,6.2224,10.5683,1.2613,1.0404,1.5382,1.2066
353,2019-08-20,34,6-11,17.7143,17.0613,13.8102,21.0308,1.5694,1.3153,1.8742,1.5620
353,2019-08-20,34,12-17,7.5714,8.0942,6.1931,10.5452,1.4084,1.1785,1.6872,1.3044
353,2019-08-20,34,18-44,17.5714,18.0649,14.5207,22.2514,0.7729,0.6623,0.9044,0.7400
353,2019-08-20,34,45-64,17.0000,16.0296,12.7837,19.8767,0.8104,0.6869,0.9603,0.7916
353,2019-08-20,34,65+,9.7143,8.6211,6.5903,11.1665,0.8926,0.7415,1.0775,0.9113
354,2019-08-21,34,0-5,8.4286,8.3956,6.3909,10.8868,1.2797,1.0591,1.5565,1.1781
354,2019-08-21,34,6-11,18.5714,17.1363,13.8991,21.1439,1.5718,1.3228,1.8729,1.5850
354,2019-08-21,34,12-17,7.7143,8.1962,6.2792,10.6093,1.4283,1.1956,1.7119,1.3254
354,2019-08-21,34,18-44,17.2857,18.3959,14.8592,22.7757,0.7788,0.6692,0.9102,0.7422
354,2019-08-21,34,45-64,18.0000,16.3954,13.1950,20.4771,0.8108,0.6886,0.9573,0.8049
354,2019-08-21,34,65+,10.2857,8.7860,6.7308,11.4370,0.8859,0.7390,1.0616,0.9307
355,2019-08-22,34,0-5,8.4286,8.7014,6.6644,11.2926,1.2999,1.0739,1.5796,1.1622
355,2019-08-22,34,6-11,18.7143,17.2046,13.9676,21.3057,1.5763,1.3257,1.8701,1.5625
355,2019-08-22,34,12-17,7.7143,8.3808,6.3921,10.8667,1.4434,1.2069,1.7267,1.3105
355,2019-08-22,34,18-44,17.7143,19.0510,15.4488,23.6304,0.7824,0.6729,0.9130,0.7294
355,2019-08-22,34,45-64,17.8571,16.7736,13.4804,20.9627,0.8072,0.6865,0.9491,0.7833
355,2019-08-22,34,65+,9.8571,8.9504,6.8769,11.6159,0.8747,0.7325,1.0506,0.8877
356,2019-08-23,34,0-5,10.1429,9.0794,6.9624,11.7508,1.3096,1.0815,1.5910,1.3177
356,2019-08-23,34,6-11,16.4286,17.3068,13.9950,21.4949,1.5825,1.3316,1.8822,1.4999
356,2019-08-23,34,12-17,8.4286,8.6454,6.6065,11.2004,1.4594,1.2220,1.7462,1.3840
356,2019-08-23,34,18-44,20.8571,20.0019,16.2268,24.7192,0.7838,0.6728,0.9146,0.7704
356,2019-08-23,34,45-64,17.8571,17.1225,13.7214,21.2287,0.8012,0.6806,0.9421,0.8037
356,2019-08-23,34,65+,9.7143,9.0948,6.9949,11.7378,0.8622,0.7185,1.0317,0.8854
357,2019-08-24,34,0-5,10.4286,9.4683,7.2844,12.2780,1.3187,1.0895,1.5929,1.3112
357,2019-08-24,34,6-11,16.5714,17.4511,14.0506,21.6381,1.5894,1.3363,1.8871,1.5093
357,2019-08-24,34,12-17,9.1429,9.0080,6.9219,11.6739,1.4705,1.2325,1.7590,1.4445
357,2019-08-24,34,18-44,20.5714,21.0930,17.1682,26.0020,0.7823,0.6721,0.9107,0.7764
357,2019-08-24,34,45-64,18.8571,17.3356,13.9713,21.4466,0.7922,0.6735,0.9305,0.8226
357,2019-08-24,34,65+,10.5714,9.2391,7.1131,11.9132,0.8468,0.7072,1.0151,0.9187
358,2019-08-25,35,0-5,10.2857,9.8997,7.6546,12.7974,1.3260,1.0936,1.6079,1.2927
358,2019-08-25,35,6-11,17.4286,17.6592,14.2132,21.8809,1.5973,1.3418,1.9031,1.5554
358,2019-08-25,35,12-17,9.4286,9.4514,7.2962,12.2379,1.4826,1.2381,1.7845,1.4425
358,2019-08-25,35,18-44,22.7143,22.2539,18.1596,27.2743,0.7804,0.6706,0.9111,0.7764
358,2019-08-25,35,45-64,18.2857,17.4811,14.1041,21.6147,0.7850,0.6673,0.9237,0.7997
358,2019-08-25,35,65+,9.2857,9.3502,7.2166,12.0135,0.8365,0.6972,1.0072,0.8522
359,2019-08-26,35,0-5,10.1429,10.3729,8.0558,13.3263,1.3362,1.0934,1.6332,1.2784
359,2019-08-26,35,6-11,17.8571,17.9274,14.4172,22.1581,1.6072,1.3425,1.9286,1.5841
359,2019-08-26,35,12-17,10.2857,10.0020,7.7457,12.8787,1.4937,1.2373,1.8046,1.4819
359,2019-08-26,35,18-44,24.7143,23.3885,19.1581,28.5663,0.7796,0.6656,0.9162,0.7819
359,2019-08-26,35,45-64,17.5714,17.5694,14.2175,21.8021,0.7807,0.6599,0.9253,0.7926
359,2019-08-26,35,65+,9.1429,9.4409,7.3020,12.1968,0.8320,0.6888,1.0088,0.8355
360,2019-08-27,35,0-5,10.0000,10.8883,8.4439,13.9359,1.3450,1.0837,1.6720,1.2386
360,2019-08-27,35,6-11,18.0000,18.2927,14.6853,22.6855,1.6212,1.3345,1.9739,1.5607
360,2019-08-27,35,12-17,10.8571,10.5762,8.2326,13.6349,1.5012,1.2214,1.8474,1.4664
360,2019-08-27,35,18-44,25.1429,24.4310,19.9594,29.7324,0.7791,0.6587,0.9252,0.7577
360,2019-08-27,35,45-64,16.7143,17.6454,14.2748,21.9333,0.7787,0.6504,0.9322,0.7581
360,2019-08-27,35,65+,8.4286,9.5497,7.3642,12.3468,0.8314,0.6782,1.0220,0.7850
361,2019-08-28,35,0-5,11.0000,11.4528,8.8198,14.7419,1.3535,1.0597,1.7287,1.3020
361,2019-08-28,35,6-11,17.7143,18.8000,15.0049,23.3720,1.6366,1.3146,2.0410,1.5620
361,2019-08-28,35,12-17,12.4286,11.2217,8.6972,14.5268,1.5085,1.1972,1.9030,1.5507
361,2019-08-28,35,18-44,26.4286,25.2994,20.5961,31.0314,0.7817,0.6485,0.9452,0.7755
361,2019-08-28,35,45-64,16.7143,17.7731,14.2889,22.2243,0.7798,0.6382,0.9524,0.7712
361,2019-08-28,35,65+,8.7143,9.7189,7.3971,12.5848,0.8348,0.6644,1.0501,0.8002
362,2019-08-29,35,0-5,12.8571,12.0587,9.0971,15.7855,1.3609,1.0265,1.8014,1.3914
362,2019-08-29,35,6-11,18.2857,19.4202,15.2308,24.6218,1.6525,1.2805,2.1354,1.5753
362,2019-08-29,35,12-17,12.4286,11.8860,9.0218,15.6456,1.5160,1.1588,1.9864,1.5014
362,2019-08-29,35,18-44,26.2857,26.0417,20.9023,32.4611,0.7851,0.6313,0.9751,0.7754
362,2019-08-29,35,45-64,17.0000,17.9609,14.1289,22.8379,0.7821,0.6214,0.9843,0.7632
362,2019-08-29,35,65+,8.7143,9.8901,7.3706,13.1297,0.8379,0.6464,1.0937,0.7958
363,2019-08-30,35,0-5,13.1429,12.6777,9.1827,17.3459,1.3667,0.9893,1.9089,1.3858
363,2019-08-30,35,6-11,20.7143,20.1484,15.2183,26.6392,1.6619,1.2394,2.2551,1.6839
363,2019-08-30,35,12-17,13.1429,12.5862,9.1052,17.2434,1.5239,1.1204,2.0959,1.5475
363,2019-08-30,35,18-44,26.1429,26.7545,20.8000,34.3669,0.7896,0.6143,1.0190,0.8013
363,2019-08-30,35,45-64,19.0000,18.2292,13.8266,24.0427,0.7863,0.6026,1.0288,0.8113
363,2019-08-30,35,65+,10.5714,10.0819,7.2100,13.9490,0.8425,0.6265,1.1483,0.8855
364,2019-08-31,35,0-5,14.0000,13.3064,9.0322,19.6485,1.3745,0.9525,2.0240,1.4055
364,2019-08-31,35,6-11,22.5714,20.9462,14.7723,29.9851,1.6726,1.1956,2.3972,1.7315
364,2019-08-31,35,12-17,13.5714,13.2536,8.9482,19.5985,1.5317,1.0812,2.2193,1.5190
364,2019-08-31,35,18-44,27.8571,27.5048,20.2949,37.4058,0.7958,0.5976,1.0708,0.7977
364,2019-08-31,35,45-64,18.0000,18.5452,13.3299,25.8731,0.7920,0.5847,1.0811,0.7892
364,2019-08-31,35,65+,10.5714,10.2907,6.9731,15.1855,0.8483,0.6075,1.2051,0.8606
