day,date,wk,age_group,cases,Rj_med,Rj_lo,Rj_hi
1,2018-09-02,36,0-5,11.8571,0.9681,0.7888,1.1779
1,2018-09-02,36,6-11,20.0000,1.4857,1.2341,1.7899
1,2018-09-02,36,12-17,7.1429,1.8699,1.5548,2.2333
1,2018-09-02,36,18-44,26.7143,1.4402,1.1906,1.7308
1,2018-09-02,36,45-64,18.1429,1.3501,1.1204,1.6237
1,2018-09-02,36,65+,10.2857,0.9899,0.7916,1.2345
2,2018-09-03,36,0-5,12.7143,0.9255,0.7761,1.1007
2,2018-09-03,36,6-11,22.2857,1.4701,1.2414,1.7442
2,2018-09-03,36,12-17,8.4286,1.8766,1.5875,2.2102
2,2018-09-03,36,18-44,26.7143,1.4128,1.1978,1.6654
2,2018-09-03,36,45-64,18.1429,1.3199,1.1189,1.5545
2,2018-09-03,36,65+,11.0000,0.9473,0.7727,1.1615
3,2018-09-04,36,0-5,13.1429,0.8855,0.7535,1.0397
3,2018-09-04,36,6-11,21.8571,1.4451,1.2346,1.6842
3,2018-09-04,36,12-17,9.8571,1.8575,1.5916,2.1656
3,2018-09-04,36,18-44,28.2857,1.3746,1.1773,1.5986
3,2018-09-04,36,45-64,19.5714,1.2811,1.1007,1.4864
3,2018-09-04,36,65+,12.0000,0.9045,0.7488,1.0902
4,2018-09-05,36,0-5,13.8571,0.8427,0.7248,0.9828
4,2018-09-05,36,6-11,21.5714,1.4034,1.2094,1.6285
4,2018-09-05,36,12-17,11.5714,1.8165,1.5678,2.0946
4,2018-09-05,36,18-44,31.1429,1.3246,1.1428,1.5379
4,2018-09-05,36,45-64,19.2857,1.2339,1.0684,1.4259
4,2018-09-05,36,65+,12.7143,0.8620,0.7205,1.0370
5,2018-09-06,36,0-5,13.8571,0.8025,0.6935,0.9298
5,2018-09-06,36,6-11,20.5714,1.3568,1.1718,1.5748
5,2018-09-06,36,12-17,12.1429,1.7589,1.5244,2.0337
5,2018-09-06,36,18-44,31.5714,1.2722,1.1033,1.4696
5,2018-09-06,36,45-64,19.8571,1.1850,1.0308,1.3602
5,2018-09-06,36,65+,12.5714,0.8193,0.6905,0.9800
6,2018-09-07,36,0-5,15.8571,0.7628,0.6581,0.8795
6,2018-09-07,36,6-11,24.5714,1.3038,1.1253,1.5113
6,2018-09-07,36,12-17,15.0000,1.6884,1.4647,1.9413
6,2018-09-07,36,18-44,31.7143,1.2187,1.0560,1.4049
6,2018-09-07,36,45-64,21.5714,1.1351,0.9888,1.3029
6,2018-09-07,36,65+,14.2857,0.7822,0.6588,0.9337
7,2018-09-08,36,0-5,15.8571,0.7248,0.6279,0.8379
7,2018-09-08,36,6-11,27.2857,1.2484,1.0748,1.4513
7,2018-09-08,36,12-17,17.0000,1.6081,1.3955,1.8558
7,2018-09-08,36,18-44,32.2857,1.1635,1.0060,1.3433
7,2018-09-08,36,45-64,23.1429,1.0828,0.9399,1.2451
7,2018-09-08,36,65+,16.0000,0.7406,0.6240,0.8880
8,2018-09-09,37,0-5,16.2857,0.6931,0.6000,0.8006
8,2018-09-09,37,6-11,30.0000,1.1960,1.0304,1.3977
8,2018-09-09,37,12-17,19.8571,1.5278,1.3222,1.7660
8,2018-09-09,37,18-44,34.5714,1.1112,0.9605,1.2892
8,2018-09-09,37,45-64,23.8571,1.0348,0.8974,1.1926
8,2018-09-09,37,65+,16.7143,0.7046,0.5937,0.8424
9,2018-09-10,37,0-5,15.5714,0.6679,0.5794,0.7726
9,2018-09-10,37,6-11,29.8571,1.1520,0.9875,1.3474
9,2018-09-10,37,12-17,19.8571,1.4571,1.2603,1.6807
9,2018-09-10,37,18-44,38.1429,1.0677,0.9235,1.2396
9,2018-09-10,37,45-64,24.4286,0.9940,0.8627,1.1447
9,2018-09-10,37,65+,16.7143,0.6721,0.5667,0.8049
10,2018-09-11,37,0-5,14.1429,0.6528,0.5659,0.7516
10,2018-09-11,37,6-11,31.1429,1.1200,0.9653,1.2972
10,2018-09-11,37,12-17,20.0000,1.3995,1.2170,1.6113
10,2018-09-11,37,18-44,38.8571,1.0368,0.8973,1.2013
10,2018-09-11,37,45-64,24.0000,0.9638,0.8364,1.1107
10,2018-09-11,37,65+,16.0000,0.6478,0.5461,0.7745
11,2018-09-12,37,0-5,14.8571,0.6431,0.5572,0.7424
11,2018-09-12,37,6-11,32.7143,1.0952,0.9435,1.2723
11,2018-09-12,37,12-17,19.8571,1.3540,1.1772,1.5548
11,2018-09-12,37,18-44,37.4286,1.0163,0.8767,1.1745
11,2018-09-12,37,45-64,24.5714,0.9432,0.8187,1.0874
11,2018-09-12,37,65+,16.1429,0.6301,0.5295,0.7519
12,2018-09-13,37,0-5,15.2857,0.6393,0.5526,0.7397
12,2018-09-13,37,6-11,33.2857,1.0784,0.9270,1.2556
12,2018-09-13,37,12-17,20.1429,1.3194,1.1451,1.5207
12,2018-09-13,37,18-44,37.2857,1.0023,0.8657,1.1666
12,2018-09-13,37,45-64,24.5714,0.9309,0.8064,1.0754
12,2018-09-13,37,65+,16.1429,0.6178,0.5213,0.7393
13,2018-09-14,37,0-5,15.4286,0.6371,0.5517,0.7379
13,2018-09-14,37,6-11,36.0000,1.0648,0.9168,1.2381
13,2018-09-14,37,12-17,18.7143,1.2976,1.1256,1.4892
13,2018-09-14,37,18-44,38.1429,0.9963,0.8613,1.1516
13,2018-09-14,37,45-64,23.8571,0.9253,0.8036,1.0660
13,2018-09-14,37,65+,14.1429,0.6123,0.5159,0.7334
14,2018-09-15,37,0-5,16.4286,0.6357,0.5475,0.7377
14,2018-09-15,37,6-11,35.8571,1.0533,0.9049,1.2248
14,2018-09-15,37,12-17,17.2857,1.2786,1.1089,1.4700
14,2018-09-15,37,18-44,41.2857,0.9913,0.8524,1.1447
14,2018-09-15,37,45-64,24.0000,0.9217,0.7972,1.0634
14,2018-09-15,37,65+,13.5714,0.6076,0.5122,0.7249
15,2018-09-16,38,0-5,17.7143,0.6275,0.5401,0.7290
15,2018-09-16,38,6-11,36.4286,1.0326,0.8872,1.2064
15,2018-09-16,38,12-17,15.8571,1.2545,1.0890,1.4442
15,2018-09-16,38,18-44,41.7143,0.9788,0.8449,1.1379
15,2018-09-16,38,45-64,24.4286,0.9134,0.7898,1.0562
15,2018-09-16,38,65+,15.1429,0.5996,0.5045,0.7127
16,2018-09-17,38,0-5,18.7143,0.6170,0.5325,0.7196
16,2018-09-17,38,6-11,36.1429,1.0113,0.8674,1.1825
16,2018-09-17,38,12-17,15.7143,1.2319,1.0678,1.4202
16,2018-09-17,38,18-44,40.2857,0.9658,0.8332,1.1248
16,2018-09-17,38,45-64,25.8571,0.9020,0.7790,1.0457
16,2018-09-17,38,65+,15.5714,0.5914,0.4954,0.7091
17,2018-09-18,38,0-5,20.5714,0.6028,0.5189,0.7028
17,2018-09-18,38,6-11,39.0000,0.9839,0.8425,1.1472
17,2018-09-18,38,12-17,16.1429,1.2035,1.0407,1.3889
17,2018-09-18,38,18-44,40.5714,0.9475,0.8128,1.1043
17,2018-09-18,38,45-64,28.4286,0.8838,0.7625,1.0251
17,2018-09-18,38,65+,15.7143,0.5789,0.4903,0.6948
18,2018-09-19,38,0-5,20.7143,0.5906,0.5082,0.6878
18,2018-09-19,38,6-11,38.8571,0.9578,0.8198,1.1198
18,2018-09-19,38,12-17,17.7143,1.1785,1.0177,1.3627
18,2018-09-19,38,18-44,43.1429,0.9352,0.8035,1.0922
18,2018-09-19,38,45-64,30.4286,0.8715,0.7518,1.0117
18,2018-09-19,38,65+,16.1429,0.5717,0.4781,0.6876
19,2018-09-20,38,0-5,19.8571,0.5881,0.5065,0.6879
19,2018-09-20,38,6-11,40.1429,0.9460,0.8119,1.1083
19,2018-09-20,38,12-17,17.5714,1.1696,1.0107,1.3527
19,2018-09-20,38,18-44,43.4286,0.9395,0.8065,1.0980
19,2018-09-20,38,45-64,29.8571,0.8767,0.7559,1.0165
19,2018-09-20,38,65+,16.2857,0.5783,0.4871,0.6939
20,2018-09-21,38,0-5,16.8571,0.6013,0.5166,0.7006
20,2018-09-21,38,6-11,31.0000,0.9562,0.8232,1.1152
20,2018-09-21,38,12-17,15.0000,1.1859,1.0266,1.3703
20,2018-09-21,38,18-44,37.0000,0.9679,0.8273,1.1320
20,2018-09-21,38,45-64,25.7143,0.9021,0.7757,1.0458
20,2018-09-21,38,65+,14.4286,0.6002,0.5044,0.7162
21,2018-09-22,38,0-5,15.4286,0.6299,0.5422,0.7330
21,2018-09-22,38,6-11,27.2857,0.9894,0.8535,1.1549
21,2018-09-22,38,12-17,14.0000,1.2300,1.0703,1.4176
21,2018-09-22,38,18-44,31.1429,1.0234,0.8840,1.1850
21,2018-09-22,38,45-64,21.8571,0.9539,0.8265,1.1026
21,2018-09-22,38,65+,11.7143,0.6415,0.5380,0.7683
22,2018-09-23,39,0-5,15.4286,0.6747,0.5811,0.7800
22,2018-09-23,39,6-11,27.0000,1.0436,0.8981,1.2108
22,2018-09-23,39,12-17,13.0000,1.2965,1.1246,1.4917
22,2018-09-23,39,18-44,32.1429,1.1046,0.9488,1.2829
22,2018-09-23,39,45-64,19.8571,1.0308,0.8883,1.1924
22,2018-09-23,39,65+,8.5714,0.7042,0.5861,0.8582
23,2018-09-24,39,0-5,15.8571,0.7256,0.6267,0.8403
23,2018-09-24,39,6-11,29.1429,1.1045,0.9543,1.2782
23,2018-09-24,39,12-17,13.4286,1.3729,1.1917,1.5771
23,2018-09-24,39,18-44,36.2857,1.1939,1.0263,1.3932
23,2018-09-24,39,45-64,22.5714,1.1169,0.9637,1.2913
23,2018-09-24,39,65+,10.4286,0.7758,0.6539,0.9469
24,2018-09-25,39,0-5,16.4286,0.7783,0.6727,0.9003
24,2018-09-25,39,6-11,25.7143,1.1696,1.0132,1.3503
24,2018-09-25,39,12-17,13.2857,1.4476,1.2589,1.6637
24,2018-09-25,39,18-44,40.4286,1.2790,1.0997,1.4882
24,2018-09-25,39,45-64,23.7143,1.2033,1.0385,1.3877
24,2018-09-25,39,65+,13.8571,0.8559,0.7177,1.0385
25,2018-09-26,39,0-5,15.2857,0.8272,0.7162,0.9562
25,2018-09-26,39,6-11,24.5714,1.2285,1.0679,1.4199
25,2018-09-26,39,12-17,11.2857,1.5109,1.3184,1.7318
25,2018-09-26,39,18-44,38.8571,1.3495,1.1662,1.5705
25,2018-09-26,39,45-64,23.7143,1.2750,1.1068,1.4717
25,2018-09-26,39,65+,13.4286,0.9288,0.7806,1.1175
26,2018-09-27,39,0-5,15.7143,0.8610,0.7447,0.9942
26,2018-09-27,39,6-11,22.2857,1.2684,1.1008,1.4697
26,2018-09-27,39,12-17,11.0000,1.5455,1.3463,1.7723
26,2018-09-27,39,18-44,39.5714,1.3878,1.1963,1.6116
26,2018-09-27,39,45-64,24.0000,1.3165,1.1418,1.5199
26,2018-09-27,39,65+,14.0000,0.9844,0.8187,1.1694
27,2018-09-28,39,0-5,20.5714,0.8693,0.7517,1.0055
27,2018-09-28,39,6-11,28.4286,1.2776,1.1093,1.4768
27,2018-09-28,39,12-17,13.2857,1.5369,1.3419,1.7616
27,2018-09-28,39,18-44,51.1429,1.3730,1.1872,1.5937
27,2018-09-28,39,45-64,31.7143,1.3085,1.1357,1.5049
27,2018-09-28,39,65+,20.4286,0.9922,0.8293,1.1763
28,2018-09-29,39,0-5,21.8571,0.8565,0.7389,0.9916
28,2018-09-29,39,6-11,32.0000,1.2570,1.0907,1.4558
28,2018-09-29,39,12-17,14.5714,1.4943,1.3023,1.7122
28,2018-09-29,39,18-44,58.5714,1.3224,1.1404,1.5345
28,2018-09-29,39,45-64,36.7143,1.2586,1.0920,1.4510
28,2018-09-29,39,65+,27.7143,0.9571,0.7981,1.1475
29,2018-09-30,40,0-5,22.2857,0.8316,0.7172,0.9686
29,2018-09-30,40,6-11,29.8571,1.2229,1.0587,1.4163
29,2018-09-30,40,12-17,14.1429,1.4335,1.2479,1.6446
29,2018-09-30,40,18-44,53.5714,1.2529,1.0834,1.4547
29,2018-09-30,40,45-64,34.7143,1.1904,1.0363,1.3687
29,2018-09-30,40,65+,27.5714,0.9075,0.7585,1.0801
30,2018-10-01,40,0-5,23.2857,0.8058,0.6963,0.9360
30,2018-10-01,40,6-11,29.7143,1.1892,1.0279,1.3795
30,2018-10-01,40,12-17,14.0000,1.3786,1.2010,1.5811
30,2018-10-01,40,18-44,53.7143,1.1910,1.0330,1.3766
30,2018-10-01,40,45-64,34.5714,1.1285,0.9840,1.2934
30,2018-10-01,40,65+,31.1429,0.8539,0.7206,1.0155
31,2018-10-02,40,0-5,24.7143,0.7848,0.6792,0.9135
31,2018-10-02,40,6-11,29.8571,1.1652,1.0097,1.3446
31,2018-10-02,40,12-17,13.4286,1.3379,1.1677,1.5278
31,2018-10-02,40,18-44,51.8571,1.1414,0.9890,1.3149
31,2018-10-02,40,45-64,35.4286,1.0781,0.9385,1.2346
31,2018-10-02,40,65+,28.4286,0.8072,0.6819,0.9661
32,2018-10-03,40,0-5,27.1429,0.7711,0.6655,0.8949
32,2018-10-03,40,6-11,30.4286,1.1529,0.9987,1.3384
32,2018-10-03,40,12-17,13.1429,1.3144,1.1466,1.5040
32,2018-10-03,40,18-44,52.4286,1.1087,0.9614,1.2789
32,2018-10-03,40,45-64,35.4286,1.0428,0.9098,1.1943
32,2018-10-03,40,65+,29.2857,0.7754,0.6529,0.9222
33,2018-10-04,40,0-5,29.2857,0.7651,0.6583,0.8881
33,2018-10-04,40,6-11,32.1429,1.1560,0.9992,1.3421
33,2018-10-04,40,12-17,12.7143,1.3099,1.1429,1.4996
33,2018-10-04,40,18-44,52.1429,1.0911,0.9467,1.2598
33,2018-10-04,40,45-64,35.7143,1.0244,0.8925,1.1757
33,2018-10-04,40,65+,29.2857,0.7553,0.6353,0.9071
34,2018-10-05,40,0-5,29.2857,0.7699,0.6649,0.8945
34,2018-10-05,40,6-11,34.5714,1.1755,1.0168,1.3707
34,2018-10-05,40,12-17,12.8571,1.3252,1.1582,1.5212
34,2018-10-05,40,18-44,52.1429,1.0942,0.9489,1.2648
34,2018-10-05,40,45-64,35.8571,1.0255,0.8936,1.1760
34,2018-10-05,40,65+,29.0000,0.7529,0.6354,0.8977
35,2018-10-06,40,0-5,28.7143,0.7847,0.6793,0.9107
35,2018-10-06,40,6-11,33.2857,1.2142,1.0505,1.4165
35,2018-10-06,40,12-17,12.1429,1.3639,1.1917,1.5648
35,2018-10-06,40,18-44,44.7143,1.1143,0.9675,1.2858
35,2018-10-06,40,45-64,30.8571,1.0427,0.9106,1.1950
35,2018-10-06,40,65+,22.4286,0.7641,0.6464,0.9168
36,2018-10-07,41,0-5,30.8571,0.8069,0.6966,0.9346
36,2018-10-07,41,6-11,39.4286,1.2637,1.0881,1.4798
36,2018-10-07,41,12-17,13.7143,1.4131,1.2304,1.6239
36,2018-10-07,41,18-44,53.7143,1.1432,0.9916,1.3173
36,2018-10-07,41,45-64,37.2857,1.0687,0.9335,1.2248
36,2018-10-07,41,65+,27.2857,0.7792,0.6585,0.9245
37,2018-10-08,41,0-5,33.0000,0.8345,0.7218,0.9697
37,2018-10-08,41,6-11,40.4286,1.3273,1.1442,1.5467
37,2018-10-08,41,12-17,12.1429,1.4780,1.2897,1.6949
37,2018-10-08,41,18-44,51.7143,1.1796,1.0257,1.3618
37,2018-10-08,41,45-64,34.8571,1.1003,0.9611,1.2613
37,2018-10-08,41,65+,26.5714,0.7919,0.6719,0.9370
38,2018-10-09,41,0-5,32.0000,0.8674,0.7495,1.0047
38,2018-10-09,41,6-11,43.4286,1.4073,1.2107,1.6339
38,2018-10-09,41,12-17,13.8571,1.5579,1.3578,1.7804
38,2018-10-09,41,18-44,53.2857,1.2198,1.0588,1.4043
38,2018-10-09,41,45-64,33.7143,1.1337,0.9896,1.2991
38,2018-10-09,41,65+,30.0000,0.8020,0.6823,0.9525
39,2018-10-10,41,0-5,32.4286,0.8988,0.7800,1.0412
39,2018-10-10,41,6-11,48.1429,1.4897,1.2873,1.7367
39,2018-10-10,41,12-17,13.8571,1.6418,1.4356,1.8793
39,2018-10-10,41,18-44,55.5714,1.2563,1.0945,1.4417
39,2018-10-10,41,45-64,35.0000,1.1651,1.0178,1.3317
39,2018-10-10,41,65+,30.7143,0.8061,0.6840,0.9580
40,2018-10-11,41,0-5,33.7143,0.9251,0.8006,1.0686
40,2018-10-11,41,6-11,51.7143,1.5688,1.3432,1.8286
40,2018-10-11,41,12-17,14.7143,1.7183,1.4978,1.9692
40,2018-10-11,41,18-44,56.5714,1.2784,1.1138,1.4716
40,2018-10-11,41,45-64,36.0000,1.1809,1.0316,1.3498
40,2018-10-11,41,65+,30.4286,0.7987,0.6794,0.9387
41,2018-10-12,41,0-5,37.0000,0.9427,0.8167,1.0894
41,2018-10-12,41,6-11,59.2857,1.6393,1.4012,1.9096
41,2018-10-12,41,12-17,15.2857,1.7880,1.5568,2.0474
41,2018-10-12,41,18-44,58.8571,1.2893,1.1244,1.4817
41,2018-10-12,41,45-64,38.7143,1.1836,1.0377,1.3498
41,2018-10-12,41,65+,29.7143,0.7800,0.6658,0.9114
42,2018-10-13,41,0-5,40.0000,0.9546,0.8261,1.1056
42,2018-10-13,41,6-11,72.4286,1.6947,1.4566,1.9805
42,2018-10-13,41,12-17,18.1429,1.8442,1.6100,2.1134
42,2018-10-13,41,18-44,65.2857,1.2887,1.1255,1.4797
42,2018-10-13,41,45-64,44.1429,1.1754,1.0297,1.3419
42,2018-10-13,41,65+,33.5714,0.7539,0.6465,0.8829
43,2018-10-14,42,0-5,42.1429,0.9596,0.8321,1.1085
43,2018-10-14,42,6-11,78.1429,1.7390,1.4913,2.0349
43,2018-10-14,42,12-17,19.0000,1.8871,1.6460,2.1635
43,2018-10-14,42,18-44,63.4286,1.2777,1.1190,1.4663
43,2018-10-14,42,45-64,43.0000,1.1568,1.0160,1.3193
43,2018-10-14,42,65+,32.5714,0.7255,0.6253,0.8493
44,2018-10-15,42,0-5,42.1429,0.9609,0.8324,1.1089
44,2018-10-15,42,6-11,94.0000,1.7658,1.5117,2.0620
44,2018-10-15,42,12-17,23.0000,1.9116,1.6673,2.1887
44,2018-10-15,42,18-44,65.5714,1.2666,1.1069,1.4542
44,2018-10-15,42,45-64,44.8571,1.1384,0.9987,1.2994
44,2018-10-15,42,65+,27.8571,0.7002,0.6040,0.8215
45,2018-10-16,42,0-5,47.1429,0.9551,0.8290,1.1025
45,2018-10-16,42,6-11,113.0000,1.7733,1.5214,2.0878
45,2018-10-16,42,12-17,27.8571,1.9210,1.6759,2.2049
45,2018-10-16,42,18-44,68.5714,1.2518,1.0962,1.4306
45,2018-10-16,42,45-64,46.0000,1.1190,0.9834,1.2726
45,2018-10-16,42,65+,24.5714,0.6793,0.5857,0.7894
46,2018-10-17,42,0-5,52.7143,0.9454,0.8206,1.0893
46,2018-10-17,42,6-11,129.4286,1.7707,1.5143,2.0710
46,2018-10-17,42,12-17,31.4286,1.9182,1.6698,2.1985
46,2018-10-17,42,18-44,71.2857,1.2371,1.0841,1.4143
46,2018-10-17,42,45-64,44.4286,1.1004,0.9688,1.2493
46,2018-10-17,42,65+,23.4286,0.6620,0.5718,0.7648
47,2018-10-18,42,0-5,56.0000,0.9290,0.8067,1.0704
47,2018-10-18,42,6-11,141.7143,1.7389,1.4917,2.0477
47,2018-10-18,42,12-17,34.4286,1.8903,1.6511,2.1760
47,2018-10-18,42,18-44,74.4286,1.2188,1.0667,1.3994
47,2018-10-18,42,45-64,45.7143,1.0802,0.9509,1.2291
47,2018-10-18,42,65+,24.8571,0.6419,0.5580,0.7417
48,2018-10-19,42,0-5,65.0000,0.9043,0.7845,1.0397
48,2018-10-19,42,6-11,178.7143,1.6976,1.4441,1.9905
48,2018-10-19,42,12-17,43.0000,1.8501,1.6089,2.1221
48,2018-10-19,42,18-44,81.0000,1.1937,1.0491,1.3707
48,2018-10-19,42,45-64,45.1429,1.0561,0.9316,1.2003
48,2018-10-19,42,65+,26.1429,0.6215,0.5411,0.7168
49,2018-10-20,42,0-5,73.1429,0.8786,0.7641,1.0114
49,2018-10-20,42,6-11,200.4286,1.6511,1.4089,1.9342
49,2018-10-20,42,12-17,47.5714,1.8035,1.5703,2.0690
49,2018-10-20,42,18-44,90.2857,1.1679,1.0237,1.3378
49,2018-10-20,42,45-64,48.5714,1.0332,0.9103,1.1746
49,2018-10-20,42,65+,26.1429,0.6038,0.5241,0.6951
50,2018-10-21,43,0-5,77.0000,0.8538,0.7408,0.9833
50,2018-10-21,43,6-11,217.2857,1.6086,1.3721,1.8883
50,2018-10-21,43,12-17,53.5714,1.7589,1.5336,2.0166
50,2018-10-21,43,18-44,98.8571,1.1395,0.9964,1.3053
50,2018-10-21,43,45-64,51.0000,1.0094,0.8878,1.1479
50,2018-10-21,43,65+,25.2857,0.5853,0.5096,0.6734
51,2018-10-22,43,0-5,85.1429,0.8336,0.7253,0.9606
51,2018-10-22,43,6-11,240.4286,1.5829,1.3528,1.8515
51,2018-10-22,43,12-17,59.2857,1.7307,1.5078,1.9825
51,2018-10-22,43,18-44,109.5714,1.1179,0.9793,1.2762
51,2018-10-22,43,45-64,55.4286,0.9916,0.8725,1.1254
51,2018-10-22,43,65+,26.2857,0.5702,0.4975,0.6550
52,2018-10-23,43,0-5,90.7143,0.8205,0.7145,0.9464
52,2018-10-23,43,6-11,266.1429,1.5669,1.3395,1.8444
52,2018-10-23,43,12-17,64.5714,1.7153,1.4959,1.9678
52,2018-10-23,43,18-44,115.7143,1.1018,0.9674,1.2570
52,2018-10-23,43,45-64,59.2857,0.9777,0.8621,1.1088
52,2018-10-23,43,65+,29.2857,0.5581,0.4890,0.6381
53,2018-10-24,43,0-5,97.4286,0.8148,0.7106,0.9374
53,2018-10-24,43,6-11,291.7143,1.5654,1.3356,1.8357
53,2018-10-24,43,12-17,70.0000,1.7177,1.4956,1.9699
53,2018-10-24,43,18-44,122.2857,1.0966,0.9629,1.2527
53,2018-10-24,43,45-64,66.5714,0.9714,0.8565,1.1024
53,2018-10-24,43,65+,30.1429,0.5489,0.4815,0.6289
54,2018-10-25,43,0-5,102.1429,0.8195,0.7136,0.9407
54,2018-10-25,43,6-11,308.8571,1.5853,1.3542,1.8617
54,2018-10-25,43,12-17,71.7143,1.7477,1.5235,2.0041
54,2018-10-25,43,18-44,126.1429,1.1053,0.9703,1.2588
54,2018-10-25,43,45-64,67.5714,0.9758,0.8610,1.1054
54,2018-10-25,43,65+,28.8571,0.5459,0.4794,0.6231
55,2018-10-26,43,0-5,110.0000,0.8286,0.7211,0.9515
55,2018-10-26,43,6-11,364.0000,1.6103,1.3766,1.8947
55,2018-10-26,43,12-17,80.7143,1.7872,1.5557,2.0541
55,2018-10-26,43,18-44,139.4286,1.1175,0.9817,1.2762
55,2018-10-26,43,45-64,74.7143,0.9835,0.8687,1.1153
55,2018-10-26,43,65+,29.0000,0.5463,0.4806,0.6232
56,2018-10-27,43,0-5,116.8571,0.8406,0.7308,0.9678
56,2018-10-27,43,6-11,400.7143,1.6426,1.4000,1.9410
56,2018-10-27,43,12-17,93.1429,1.8380,1.5997,2.1135
56,2018-10-27,43,18-44,151.0000,1.1346,0.9945,1.2957
56,2018-10-27,43,45-64,79.2857,0.9946,0.8773,1.1297
56,2018-10-27,43,65+,29.7143,0.5482,0.4821,0.6271
57,2018-10-28,44,0-5,131.0000,0.8513,0.7399,0.9780
57,2018-10-28,44,6-11,429.5714,1.6746,1.4242,1.9609
57,2018-10-28,44,12-17,104.4286,1.8908,1.6433,2.1680
57,2018-10-28,44,18-44,167.4286,1.1509,1.0091,1.3135
57,2018-10-28,44,45-64,86.7143,1.0038,0.8865,1.1392
57,2018-10-28,44,65+,31.4286,0.5494,0.4831,0.6267
58,2018-10-29,44,0-5,141.4286,0.8569,0.7447,0.9896
58,2018-10-29,44,6-11,470.5714,1.6953,1.4454,2.0013
58,2018-10-29,44,12-17,123.4286,1.9379,1.6835,2.2296
58,2018-10-29,44,18-44,180.4286,1.1646,1.0187,1.3314
58,2018-10-29,44,45-64,92.2857,1.0108,0.8919,1.1469
58,2018-10-29,44,65+,35.7143,0.5494,0.4831,0.6254
59,2018-10-30,44,0-5,158.2857,0.8582,0.7462,0.9853
59,2018-10-30,44,6-11,536.7143,1.7109,1.4622,2.0059
59,2018-10-30,44,12-17,148.2857,1.9770,1.7226,2.2628
59,2018-10-30,44,18-44,200.4286,1.1718,1.0269,1.3348
59,2018-10-30,44,45-64,98.8571,1.0118,0.8938,1.1441
59,2018-10-30,44,65+,36.2857,0.5455,0.4808,0.6190
60,2018-10-31,44,0-5,172.7143,0.8553,0.7433,0.9803
60,2018-10-31,44,6-11,596.5714,1.7126,1.4599,1.9940
60,2018-10-31,44,12-17,174.7143,1.9960,1.7387,2.2815
60,2018-10-31,44,18-44,222.0000,1.1727,1.0299,1.3398
60,2018-10-31,44,45-64,104.1429,1.0074,0.8917,1.1406
60,2018-10-31,44,65+,38.5714,0.5391,0.4766,0.6105
61,2018-11-01,44,0-5,187.2857,0.8400,0.7331,0.9639
61,2018-11-01,44,6-11,651.0000,1.6887,1.4420,1.9704
61,2018-11-01,44,12-17,192.8571,1.9893,1.7316,2.2762
61,2018-11-01,44,18-44,239.2857,1.1610,1.0204,1.3218
61,2018-11-01,44,45-64,109.0000,0.9943,0.8800,1.1221
61,2018-11-01,44,65+,40.0000,0.5281,0.4669,0.5976
62,2018-11-02,44,0-5,212.5714,0.8116,0.7091,0.9319
62,2018-11-02,44,6-11,771.5714,1.6356,1.4012,1.9166
62,2018-11-02,44,12-17,255.2857,1.9429,1.6925,2.2269
62,2018-11-02,44,18-44,276.5714,1.1299,0.9927,1.2891
62,2018-11-02,44,45-64,122.1429,0.9652,0.8543,1.0910
62,2018-11-02,44,65+,44.7143,0.5102,0.4519,0.5778
63,2018-11-03,44,0-5,234.8571,0.7761,0.6774,0.8909
63,2018-11-03,44,6-11,856.5714,1.5577,1.3447,1.8254
63,2018-11-03,44,12-17,295.7143,1.8700,1.6349,2.1422
63,2018-11-03,44,18-44,312.2857,1.0890,0.9559,1.2423
63,2018-11-03,44,45-64,131.2857,0.9284,0.8225,1.0511
63,2018-11-03,44,65+,47.8571,0.4886,0.4328,0.5534
64,2018-11-04,45,0-5,255.4286,0.7376,0.6426,0.8460
64,2018-11-04,45,6-11,916.8571,1.4830,1.2695,1.7332
64,2018-11-04,45,12-17,330.0000,1.7895,1.5586,2.0522
64,2018-11-04,45,18-44,354.7143,1.0406,0.9143,1.1906
64,2018-11-04,45,45-64,142.7143,0.8869,0.7856,1.0034
64,2018-11-04,45,65+,51.2857,0.4649,0.4116,0.5257
65,2018-11-05,45,0-5,273.7143,0.7019,0.6110,0.8056
65,2018-11-05,45,6-11,985.8571,1.4082,1.2069,1.6573
65,2018-11-05,45,12-17,373.5714,1.7111,1.4902,1.9670
65,2018-11-05,45,18-44,389.8571,0.9958,0.8728,1.1362
65,2018-11-05,45,45-64,150.7143,0.8481,0.7504,0.9580
65,2018-11-05,45,65+,53.7143,0.4421,0.3918,0.4991
66,2018-11-06,45,0-5,289.7143,0.6728,0.5853,0.7742
66,2018-11-06,45,6-11,1045.1429,1.3460,1.1503,1.5830
66,2018-11-06,45,12-17,419.4286,1.6410,1.4260,1.8865
66,2018-11-06,45,18-44,422.5714,0.9583,0.8406,1.0994
66,2018-11-06,45,45-64,164.7143,0.8169,0.7218,0.9262
66,2018-11-06,45,65+,57.2857,0.4237,0.3753,0.4786
67,2018-11-07,45,0-5,301.7143,0.6538,0.5686,0.7526
67,2018-11-07,45,6-11,1095.5714,1.3018,1.1130,1.5300
67,2018-11-07,45,12-17,455.0000,1.5921,1.3842,1.8349
67,2018-11-07,45,18-44,448.5714,0.9364,0.8204,1.0686
67,2018-11-07,45,45-64,175.4286,0.7982,0.7051,0.9033
67,2018-11-07,45,65+,61.7143,0.4112,0.3641,0.4647
68,2018-11-08,45,0-5,310.1429,0.6447,0.5614,0.7415
68,2018-11-08,45,6-11,1120.7143,1.2787,1.0912,1.5005
68,2018-11-08,45,12-17,479.2857,1.5705,1.3625,1.8066
68,2018-11-08,45,18-44,459.2857,0.9285,0.8138,1.0658
68,2018-11-08,45,45-64,177.8571,0.7922,0.6994,0.8988
68,2018-11-08,45,65+,62.2857,0.4053,0.3592,0.4576
69,2018-11-09,45,0-5,339.2857,0.6422,0.5596,0.7381
69,2018-11-09,45,6-11,1186.1429,1.2627,1.0843,1.4825
69,2018-11-09,45,12-17,531.1429,1.5600,1.3579,1.7949
69,2018-11-09,45,18-44,505.2857,0.9352,0.8201,1.0754
69,2018-11-09,45,45-64,198.2857,0.7969,0.7042,0.9052
69,2018-11-09,45,65+,63.7143,0.4043,0.3584,0.4567
70,2018-11-10,45,0-5,356.8571,0.6454,0.5624,0.7415
70,2018-11-10,45,6-11,1209.1429,1.2583,1.0826,1.4669
70,2018-11-10,45,12-17,561.4286,1.5588,1.3584,1.7865
70,2018-11-10,45,18-44,541.0000,0.9491,0.8296,1.0873
70,2018-11-10,45,45-64,212.0000,0.8081,0.7127,0.9153
70,2018-11-10,45,65+,65.0000,0.4078,0.3618,0.4615
71,2018-11-11,46,0-5,365.7143,0.6542,0.5696,0.7512
71,2018-11-11,46,6-11,1241.2857,1.2664,1.0859,1.4746
71,2018-11-11,46,12-17,577.7143,1.5762,1.3724,1.8055
71,2018-11-11,46,18-44,576.0000,0.9691,0.8433,1.1149
71,2018-11-11,46,45-64,229.8571,0.8246,0.7260,0.9366
71,2018-11-11,46,65+,66.1429,0.4160,0.3682,0.4683
72,2018-11-12,46,0-5,382.0000,0.6635,0.5786,0.7613
72,2018-11-12,46,6-11,1274.0000,1.2763,1.0981,1.4885
72,2018-11-12,46,12-17,609.7143,1.5983,1.3919,1.8326
72,2018-11-12,46,18-44,622.1429,0.9927,0.8661,1.1453
72,2018-11-12,46,45-64,248.1429,0.8443,0.7432,0.9618
72,2018-11-12,46,65+,66.7143,0.4259,0.3768,0.4816
73,2018-11-13,46,0-5,404.2857,0.6775,0.5903,0.7770
73,2018-11-13,46,6-11,1328.8571,1.2971,1.1145,1.5094
73,2018-11-13,46,12-17,656.7143,1.6328,1.4196,1.8719
73,2018-11-13,46,18-44,683.8571,1.0235,0.8924,1.1748
73,2018-11-13,46,45-64,268.0000,0.8702,0.7660,0.9883
73,2018-11-13,46,65+,73.0000,0.4404,0.3895,0.4985
74,2018-11-14,46,0-5,427.1429,0.6905,0.6021,0.7903
74,2018-11-14,46,6-11,1374.0000,1.3176,1.1359,1.5299
74,2018-11-14,46,12-17,689.1429,1.6767,1.4583,1.9202
74,2018-11-14,46,18-44,734.0000,1.0576,0.9209,1.2109
74,2018-11-14,46,45-64,286.5714,0.8981,0.7904,1.0181
74,2018-11-14,46,65+,74.8571,0.4564,0.4042,0.5163
75,2018-11-15,46,0-5,438.4286,0.7077,0.6197,0.8081
75,2018-11-15,46,6-11,1408.0000,1.3439,1.1606,1.5597
75,2018-11-15,46,12-17,699.7143,1.7270,1.5073,1.9767
75,2018-11-15,46,18-44,764.2857,1.0973,0.9584,1.2596
75,2018-11-15,46,45-64,293.4286,0.9320,0.8220,1.0565
75,2018-11-15,46,65+,76.4286,0.4756,0.4220,0.5381
76,2018-11-16,46,0-5,459.0000,0.7218,0.6318,0.8252
76,2018-11-16,46,6-11,1489.2857,1.3688,1.1845,1.5819
76,2018-11-16,46,12-17,771.7143,1.7812,1.5542,2.0378
76,2018-11-16,46,18-44,857.2857,1.1331,0.9892,1.3048
76,2018-11-16,46,45-64,325.7143,0.9635,0.8499,1.0939
76,2018-11-16,46,65+,87.8571,0.4933,0.4375,0.5581
77,2018-11-17,46,0-5,486.2857,0.7321,0.6411,0.8372
77,2018-11-17,46,6-11,1552.8571,1.3915,1.2057,1.6083
77,2018-11-17,46,12-17,831.0000,1.8374,1.6057,2.1017
77,2018-11-17,46,18-44,954.8571,1.1670,1.0198,1.3434
77,2018-11-17,46,45-64,355.2857,0.9922,0.8740,1.1280
77,2018-11-17,46,65+,100.5714,0.5073,0.4498,0.5737
78,2018-11-18,47,0-5,521.7143,0.7401,0.6492,0.8467
78,2018-11-18,47,6-11,1599.8571,1.4115,1.2224,1.6338
78,2018-11-18,47,12-17,916.5714,1.8902,1.6500,2.1648
78,2018-11-18,47,18-44,1062.8571,1.1956,1.0441,1.3781
78,2018-11-18,47,45-64,394.1429,1.0159,0.8950,1.1554
78,2018-11-18,47,65+,114.5714,0.5174,0.4581,0.5841
79,2018-11-19,47,0-5,549.8571,0.7464,0.6539,0.8508
79,2018-11-19,47,6-11,1667.5714,1.4324,1.2445,1.6574
79,2018-11-19,47,12-17,1021.8571,1.9434,1.6942,2.2225
79,2018-11-19,47,18-44,1184.1429,1.2211,1.0617,1.4013
79,2018-11-19,47,45-64,436.1429,1.0369,0.9122,1.1756
79,2018-11-19,47,65+,132.8571,0.5223,0.4626,0.5891
80,2018-11-20,47,0-5,585.0000,0.7517,0.6602,0.8575
80,2018-11-20,47,6-11,1746.2857,1.4531,1.2639,1.6809
80,2018-11-20,47,12-17,1166.4286,1.9926,1.7433,2.2828
80,2018-11-20,47,18-44,1302.5714,1.2449,1.0907,1.4342
80,2018-11-20,47,45-64,482.5714,1.0572,0.9327,1.2017
80,2018-11-20,47,65+,139.7143,0.5264,0.4668,0.5936
81,2018-11-21,47,0-5,614.7143,0.7591,0.6664,0.8654
81,2018-11-21,47,6-11,1844.5714,1.4775,1.2844,1.7021
81,2018-11-21,47,12-17,1283.0000,2.0464,1.7870,2.3366
81,2018-11-21,47,18-44,1410.7143,1.2734,1.1114,1.4626
81,2018-11-21,47,45-64,528.0000,1.0796,0.9513,1.2284
81,2018-11-21,47,65+,145.4286,0.5306,0.4720,0.5982
82,2018-11-22,47,0-5,635.0000,0.7613,0.6687,0.8668
82,2018-11-22,47,6-11,1939.2857,1.4871,1.2935,1.7175
82,2018-11-22,47,12-17,1391.8571,2.0779,1.8136,2.3846
82,2018-11-22,47,18-44,1489.1429,1.2945,1.1279,1.4827
82,2018-11-22,47,45-64,558.2857,1.0965,0.9649,1.2437
82,2018-11-22,47,65+,149.5714,0.5338,0.4737,0.6002
83,2018-11-23,47,0-5,706.4286,0.7537,0.6631,0.8577
83,2018-11-23,47,6-11,2243.1429,1.4756,1.2885,1.6994
83,2018-11-23,47,12-17,1783.5714,2.0755,1.8148,2.3762
83,2018-11-23,47,18-44,1828.2857,1.2926,1.1282,1.4829
83,2018-11-23,47,45-64,694.4286,1.0949,0.9658,1.2426
83,2018-11-23,47,65+,172.8571,0.5293,0.4699,0.5965
84,2018-11-24,47,0-5,753.8571,0.7408,0.6519,0.8422
84,2018-11-24,47,6-11,2453.8571,1.4509,1.2688,1.6727
84,2018-11-24,47,12-17,2055.4286,2.0522,1.7931,2.3457
84,2018-11-24,47,18-44,2108.1429,1.2790,1.1149,1.4690
84,2018-11-24,47,45-64,797.5714,1.0834,0.9531,1.2305
84,2018-11-24,47,65+,184.7143,0.5210,0.4628,0.5862
85,2018-11-25,48,0-5,811.5714,0.7259,0.6385,0.8234
85,2018-11-25,48,6-11,2630.4286,1.4244,1.2396,1.6454
85,2018-11-25,48,12-17,2269.2857,2.0166,1.7581,2.3173
85,2018-11-25,48,18-44,2384.0000,1.2572,1.0950,1.4465
85,2018-11-25,48,45-64,894.8571,1.0655,0.9371,1.2115
85,2018-11-25,48,65+,202.1429,0.5114,0.4545,0.5747
86,2018-11-26,48,0-5,867.8571,0.7112,0.6261,0.8097
86,2018-11-26,48,6-11,2845.4286,1.3992,1.2181,1.6050
86,2018-11-26,48,12-17,2539.8571,1.9830,1.7324,2.2666
86,2018-11-26,48,18-44,2655.2857,1.2363,1.0782,1.4202
86,2018-11-26,48,45-64,993.0000,1.0476,0.9218,1.1902
86,2018-11-26,48,65+,208.8571,0.5023,0.4468,0.5652
87,2018-11-27,48,0-5,940.5714,0.6985,0.6151,0.7925
87,2018-11-27,48,6-11,3108.2857,1.3716,1.1951,1.5788
87,2018-11-27,48,12-17,2807.1429,1.9530,1.7011,2.2413
87,2018-11-27,48,18-44,2913.5714,1.2204,1.0656,1.3997
87,2018-11-27,48,45-64,1096.5714,1.0348,0.9110,1.1745
87,2018-11-27,48,65+,234.1429,0.4951,0.4403,0.5572
88,2018-11-28,48,0-5,1010.5714,0.6888,0.6076,0.7811
88,2018-11-28,48,6-11,3392.7143,1.3510,1.1785,1.5496
88,2018-11-28,48,12-17,3123.7143,1.9283,1.6798,2.2059
88,2018-11-28,48,18-44,3203.5714,1.2087,1.0563,1.3861
88,2018-11-28,48,45-64,1220.7143,1.0257,0.9038,1.1658
88,2018-11-28,48,65+,266.4286,0.4898,0.4356,0.5507
89,2018-11-29,48,0-5,1077.7143,0.6789,0.5982,0.7696
89,2018-11-29,48,6-11,3609.4286,1.3269,1.1600,1.5238
89,2018-11-29,48,12-17,3303.7143,1.8970,1.6585,2.1813
89,2018-11-29,48,18-44,3395.2857,1.2005,1.0483,1.3803
89,2018-11-29,48,45-64,1281.7143,1.0194,0.8983,1.1583
89,2018-11-29,48,65+,273.4286,0.4862,0.4323,0.5462
90,2018-11-30,48,0-5,1201.2857,0.6668,0.5873,0.7569
90,2018-11-30,48,6-11,4120.7143,1.3002,1.1276,1.4908
90,2018-11-30,48,12-17,3896.0000,1.8627,1.6181,2.1378
90,2018-11-30,48,18-44,4026.1429,1.1835,1.0313,1.3633
90,2018-11-30,48,45-64,1548.7143,1.0073,0.8867,1.1483
90,2018-11-30,48,65+,313.0000,0.4798,0.4265,0.5402
91,2018-12-01,48,0-5,1311.0000,0.6520,0.5746,0.7412
91,2018-12-01,48,6-11,4439.5714,1.2662,1.1056,1.4548
91,2018-12-01,48,12-17,4250.5714,1.8162,1.5859,2.0794
91,2018-12-01,48,18-44,4514.7143,1.1598,1.0062,1.3371
91,2018-12-01,48,45-64,1751.8571,0.9881,0.8673,1.1256
91,2018-12-01,48,65+,350.2857,0.4709,0.4183,0.5304
92,2018-12-02,49,0-5,1408.8571,0.6378,0.5614,0.7253
92,2018-12-02,49,6-11,4707.8571,1.2356,1.0802,1.4164
92,2018-12-02,49,12-17,4560.0000,1.7708,1.5458,2.0267
92,2018-12-02,49,18-44,4985.7143,1.1321,0.9855,1.3075
92,2018-12-02,49,45-64,1966.4286,0.9664,0.8489,1.1022
92,2018-12-02,49,65+,383.1429,0.4617,0.4101,0.5203
93,2018-12-03,49,0-5,1515.4286,0.6255,0.5498,0.7109
93,2018-12-03,49,6-11,5019.0000,1.2090,1.0507,1.3872
93,2018-12-03,49,12-17,4971.8571,1.7265,1.5028,1.9814
93,2018-12-03,49,18-44,5418.4286,1.1080,0.9612,1.2794
93,2018-12-03,49,45-64,2167.8571,0.9464,0.8297,1.0807
93,2018-12-03,49,65+,421.4286,0.4534,0.4021,0.5109
94,2018-12-04,49,0-5,1603.2857,0.6184,0.5449,0.7027
94,2018-12-04,49,6-11,5334.7143,1.1887,1.0365,1.3640
94,2018-12-04,49,12-17,5329.0000,1.6938,1.4778,1.9456
94,2018-12-04,49,18-44,5794.2857,1.0960,0.9538,1.2593
94,2018-12-04,49,45-64,2337.2857,0.9373,0.8234,1.0666
94,2018-12-04,49,65+,443.7143,0.4492,0.3991,0.5061
95,2018-12-05,49,0-5,1712.8571,0.6185,0.5447,0.7045
95,2018-12-05,49,6-11,5616.4286,1.1838,1.0332,1.3634
95,2018-12-05,49,12-17,5573.5714,1.6848,1.4691,1.9297
95,2018-12-05,49,18-44,6109.7143,1.0945,0.9500,1.2654
95,2018-12-05,49,45-64,2478.5714,0.9390,0.8221,1.0726
95,2018-12-05,49,65+,468.0000,0.4514,0.4005,0.5093
96,2018-12-06,49,0-5,1780.2857,0.6272,0.5512,0.7137
96,2018-12-06,49,6-11,5761.8571,1.1926,1.0402,1.3701
96,2018-12-06,49,12-17,5689.8571,1.6903,1.4707,1.9380
96,2018-12-06,49,18-44,6264.4286,1.1098,0.9641,1.2793
96,2018-12-06,49,45-64,2543.8571,0.9541,0.8364,1.0901
96,2018-12-06,49,65+,482.2857,0.4602,0.4084,0.5192
97,2018-12-07,49,0-5,1967.4286,0.6410,0.5643,0.7292
97,2018-12-07,49,6-11,6254.1429,1.2112,1.0550,1.3944
97,2018-12-07,49,12-17,6069.7143,1.7147,1.4949,1.9648
97,2018-12-07,49,18-44,6844.8571,1.1384,0.9897,1.3156
97,2018-12-07,49,45-64,2848.0000,0.9809,0.8594,1.1209
97,2018-12-07,49,65+,551.1429,0.4744,0.4203,0.5354
98,2018-12-08,49,0-5,2103.5714,0.6611,0.5814,0.7501
98,2018-12-08,49,6-11,6624.1429,1.2383,1.0841,1.4232
98,2018-12-08,49,12-17,6312.0000,1.7495,1.5335,2.0032
98,2018-12-08,49,18-44,7341.8571,1.1767,1.0226,1.3555
98,2018-12-08,49,45-64,3080.8571,1.0162,0.8921,1.1586
98,2018-12-08,49,65+,591.0000,0.4932,0.4375,0.5556
99,2018-12-09,50,0-5,2231.0000,0.6825,0.6013,0.7737
99,2018-12-09,50,6-11,6948.4286,1.2713,1.1090,1.4584
99,2018-12-09,50,12-17,6597.7143,1.7904,1.5625,2.0470
99,2018-12-09,50,18-44,7976.8571,1.2135,1.0572,1.3935
99,2018-12-09,50,45-64,3428.2857,1.0509,0.9223,1.1981
99,2018-12-09,50,65+,651.7143,0.5124,0.4537,0.5782
100,2018-12-10,50,0-5,2411.1429,0.7024,0.6191,0.7969
100,2018-12-10,50,6-11,7445.7143,1.3033,1.1396,1.4935
100,2018-12-10,50,12-17,7008.7143,1.8301,1.5981,2.0924
100,2018-12-10,50,18-44,8748.7143,1.2471,1.0844,1.4371
100,2018-12-10,50,45-64,3829.0000,1.0837,0.9499,1.2386
100,2018-12-10,50,65+,722.7143,0.5301,0.4705,0.5993
101,2018-12-11,50,0-5,2663.1429,0.7201,0.6340,0.8153
101,2018-12-11,50,6-11,8084.7143,1.3310,1.1637,1.5253
101,2018-12-11,50,12-17,7576.4286,1.8665,1.6303,2.1257
101,2018-12-11,50,18-44,9670.4286,1.2788,1.1130,1.4723
101,2018-12-11,50,45-64,4304.1429,1.1122,0.9766,1.2703
101,2018-12-11,50,65+,832.1429,0.5475,0.4845,0.6188
102,2018-12-12,50,0-5,2903.4286,0.7330,0.6461,0.8323
102,2018-12-12,50,6-11,8677.7143,1.3452,1.1764,1.5399
102,2018-12-12,50,12-17,8028.0000,1.8808,1.6476,2.1451
102,2018-12-12,50,18-44,10431.1429,1.3030,1.1332,1.5072
102,2018-12-12,50,45-64,4745.2857,1.1354,0.9944,1.2976
102,2018-12-12,50,65+,907.0000,0.5605,0.4962,0.6346
103,2018-12-13,50,0-5,3115.0000,0.7377,0.6502,0.8359
103,2018-12-13,50,6-11,9169.0000,1.3476,1.1778,1.5410
103,2018-12-13,50,12-17,8299.4286,1.8803,1.6467,2.1458
103,2018-12-13,50,18-44,10916.1429,1.3127,1.1452,1.5044
103,2018-12-13,50,45-64,4953.2857,1.1460,1.0069,1.3059
103,2018-12-13,50,65+,947.1429,0.5691,0.5039,0.6425
104,2018-12-14,50,0-5,3581.4286,0.7303,0.6443,0.8284
104,2018-12-14,50,6-11,10385.8571,1.3228,1.1576,1.5140
104,2018-12-14,50,12-17,9231.2857,1.8446,1.6161,2.1071
104,2018-12-14,50,18-44,12586.5714,1.3014,1.1358,1.4981
104,2018-12-14,50,45-64,5890.4286,1.1393,1.0013,1.2998
104,2018-12-14,50,65+,1150.1429,0.5697,0.5054,0.6438
105,2018-12-15,50,0-5,3918.0000,0.7137,0.6287,0.8086
105,2018-12-15,50,6-11,11112.5714,1.2836,1.1219,1.4736
105,2018-12-15,50,12-17,9814.5714,1.7854,1.5631,2.0296
105,2018-12-15,50,18-44,13929.4286,1.2708,1.0997,1.4659
105,2018-12-15,50,45-64,6545.5714,1.1144,0.9738,1.2710
105,2018-12-15,50,65+,1286.8571,0.5610,0.4961,0.6354
106,2018-12-16,51,0-5,4254.8571,0.6892,0.6077,0.7816
106,2018-12-16,51,6-11,11723.5714,1.2327,1.0806,1.4130
106,2018-12-16,51,12-17,10349.2857,1.7037,1.4964,1.9393
106,2018-12-16,51,18-44,15320.1429,1.2229,1.0604,1.4093
106,2018-12-16,51,45-64,7298.4286,1.0749,0.9394,1.2244
106,2018-12-16,51,65+,1451.1429,0.5450,0.4817,0.6178
107,2018-12-17,51,0-5,4591.5714,0.6578,0.5789,0.7462
107,2018-12-17,51,6-11,12394.5714,1.1710,1.0217,1.3394
107,2018-12-17,51,12-17,10853.1429,1.6036,1.4044,1.8277
107,2018-12-17,51,18-44,16527.7143,1.1570,1.0040,1.3347
107,2018-12-17,51,45-64,7988.8571,1.0195,0.8917,1.1672
107,2018-12-17,51,65+,1633.0000,0.5221,0.4603,0.5924
108,2018-12-18,51,0-5,4932.8571,0.6221,0.5477,0.7067
108,2018-12-18,51,6-11,13044.5714,1.0990,0.9607,1.2604
108,2018-12-18,51,12-17,11291.0000,1.4925,1.3055,1.7072
108,2018-12-18,51,18-44,17627.7143,1.0837,0.9425,1.2557
108,2018-12-18,51,45-64,8654.0000,0.9581,0.8382,1.0970
108,2018-12-18,51,65+,1820.4286,0.4957,0.4370,0.5611
109,2018-12-19,51,0-5,5266.1429,0.5855,0.5149,0.6676
109,2018-12-19,51,6-11,13663.5714,1.0229,0.8935,1.1754
109,2018-12-19,51,12-17,11598.2857,1.3792,1.2103,1.5689
109,2018-12-19,51,18-44,18591.5714,1.0127,0.8816,1.1705
109,2018-12-19,51,45-64,9257.0000,0.8967,0.7851,1.0271
109,2018-12-19,51,65+,1991.0000,0.4685,0.4132,0.5333
110,2018-12-20,51,0-5,5490.2857,0.5527,0.4857,0.6298
110,2018-12-20,51,6-11,13955.0000,0.9542,0.8310,1.0940
110,2018-12-20,51,12-17,11650.8571,1.2752,1.1167,1.4549
110,2018-12-20,51,18-44,18902.1429,0.9507,0.8279,1.0981
110,2018-12-20,51,45-64,9472.4286,0.8434,0.7387,0.9655
110,2018-12-20,51,65+,2042.5714,0.4446,0.3916,0.5051
111,2018-12-21,51,0-5,5851.1429,0.5257,0.4620,0.5989
111,2018-12-21,51,6-11,14160.7143,0.8959,0.7815,1.0299
111,2018-12-21,51,12-17,11344.8571,1.1853,1.0373,1.3546
111,2018-12-21,51,18-44,19401.0000,0.9000,0.7818,1.0420
111,2018-12-21,51,45-64,10080.5714,0.8002,0.7004,0.9171
111,2018-12-21,51,65+,2300.4286,0.4254,0.3747,0.4829
112,2018-12-22,51,0-5,5635.8571,0.5034,0.4420,0.5739
112,2018-12-22,51,6-11,13200.2857,0.8462,0.7394,0.9688
112,2018-12-22,51,12-17,10233.7143,1.1129,0.9749,1.2678
112,2018-12-22,51,18-44,17829.8571,0.8614,0.7440,0.9973
112,2018-12-22,51,45-64,9361.8571,0.7673,0.6689,0.8808
112,2018-12-22,51,65+,2165.8571,0.4113,0.3612,0.4682
113,2018-12-23,52,0-5,5840.2857,0.4860,0.4260,0.5561
113,2018-12-23,52,6-11,13335.8571,0.8039,0.7006,0.9285
113,2018-12-23,52,12-17,9907.5714,1.0539,0.9220,1.2067
113,2018-12-23,52,18-44,18225.2857,0.8330,0.7205,0.9696
113,2018-12-23,52,45-64,9817.4286,0.7438,0.6478,0.8556
113,2018-12-23,52,65+,2367.0000,0.4014,0.3527,0.4591
114,2018-12-24,52,0-5,5829.1429,0.4726,0.4134,0.5408
114,2018-12-24,52,6-11,12741.1429,0.7706,0.6707,0.8870
114,2018-12-24,52,12-17,9035.7143,1.0074,0.8811,1.1520
114,2018-12-24,52,18-44,17592.2857,0.8135,0.7036,0.9482
114,2018-12-24,52,45-64,9500.5714,0.7287,0.6351,0.8394
114,2018-12-24,52,65+,2339.0000,0.3968,0.3474,0.4536
115,2018-12-25,52,0-5,5680.4286,0.4645,0.4073,0.5317
115,2018-12-25,52,6-11,11813.1429,0.7461,0.6525,0.8590
115,2018-12-25,52,12-17,7968.4286,0.9749,0.8548,1.1126
115,2018-12-25,52,18-44,16907.2857,0.8052,0.6969,0.9370
115,2018-12-25,52,45-64,9199.8571,0.7241,0.6312,0.8332
115,2018-12-25,52,65+,2304.7143,0.3975,0.3476,0.4560
116,2018-12-26,52,0-5,5460.1429,0.4587,0.4022,0.5243
116,2018-12-26,52,6-11,10837.5714,0.7263,0.6359,0.8327
116,2018-12-26,52,12-17,7111.8571,0.9496,0.8321,1.0817
116,2018-12-26,52,18-44,16167.1429,0.8025,0.6915,0.9329
116,2018-12-26,52,45-64,8886.2857,0.7242,0.6289,0.8335
116,2018-12-26,52,65+,2268.8571,0.4010,0.3504,0.4598
117,2018-12-27,52,0-5,5264.5714,0.4550,0.3977,0.5225
117,2018-12-27,52,6-11,10212.0000,0.7104,0.6213,0.8162
117,2018-12-27,52,12-17,6689.8571,0.9283,0.8125,1.0617
117,2018-12-27,52,18-44,15825.4286,0.8025,0.6896,0.9383
117,2018-12-27,52,45-64,8749.4286,0.7281,0.6305,0.8432
117,2018-12-27,52,65+,2261.1429,0.4077,0.3556,0.4691
118,2018-12-28,52,0-5,4774.8571,0.4542,0.3971,0.5211
118,2018-12-28,52,6-11,8609.8571,0.6978,0.6106,0.7982
118,2018-12-28,52,12-17,5421.7143,0.9117,0.7989,1.0400
118,2018-12-28,52,18-44,14527.2857,0.8074,0.6923,0.9423
118,2018-12-28,52,45-64,8147.5714,0.7362,0.6369,0.8510
118,2018-12-28,52,65+,2171.2857,0.4163,0.3614,0.4811
119,2018-12-29,52,0-5,4613.4286,0.4538,0.3968,0.5199
119,2018-12-29,52,6-11,8161.1429,0.6853,0.6006,0.7847
119,2018-12-29,52,12-17,5145.4286,0.8949,0.7839,1.0216
119,2018-12-29,52,18-44,14115.0000,0.8104,0.6981,0.9455
119,2018-12-29,52,45-64,8023.0000,0.7424,0.6432,0.8598
119,2018-12-29,52,65+,2179.4286,0.4249,0.3697,0.4889
120,2018-12-30,1,0-5,4312.1429,0.4530,0.3956,0.5190
120,2018-12-30,1,6-11,7285.8571,0.6736,0.5892,0.7711
120,2018-12-30,1,12-17,4489.2857,0.8788,0.7685,1.0047
120,2018-12-30,1,18-44,13120.8571,0.8120,0.6951,0.9531
120,2018-12-30,1,45-64,7631.2857,0.7464,0.6440,0.8678
120,2018-12-30,1,65+,2106.0000,0.4318,0.3739,0.4990
121,2018-12-31,1,0-5,3992.4286,0.4517,0.3942,0.5181
121,2018-12-31,1,6-11,6470.1429,0.6623,0.5805,0.7569
121,2018-12-31,1,12-17,3877.5714,0.8627,0.7563,0.9845
121,2018-12-31,1,18-44,12337.2857,0.8117,0.6959,0.9480
121,2018-12-31,1,45-64,7429.2857,0.7482,0.6466,0.8662
121,2018-12-31,1,65+,2097.4286,0.4361,0.3760,0.5028
122,2019-01-01,1,0-5,3672.4286,0.4508,0.3934,0.5171
122,2019-01-01,1,6-11,5682.1429,0.6528,0.5715,0.7445
122,2019-01-01,1,12-17,3324.8571,0.8447,0.7405,0.9657
122,2019-01-01,1,18-44,11561.5714,0.8050,0.6905,0.9431
122,2019-01-01,1,45-64,7148.2857,0.7447,0.6426,0.8640
122,2019-01-01,1,65+,2064.8571,0.4381,0.3784,0.5083
123,2019-01-02,1,0-5,3397.2857,0.4490,0.3906,0.5157
123,2019-01-02,1,6-11,4979.1429,0.6448,0.5645,0.7390
123,2019-01-02,1,12-17,2856.2857,0.8282,0.7260,0.9445
123,2019-01-02,1,18-44,10847.0000,0.7940,0.6820,0.9262
123,2019-01-02,1,45-64,6803.0000,0.7345,0.6359,0.8476
123,2019-01-02,1,65+,2001.0000,0.4358,0.3772,0.5038
124,2019-01-03,1,0-5,3222.4286,0.4492,0.3902,0.5155
124,2019-01-03,1,6-11,4481.7143,0.6402,0.5598,0.7299
124,2019-01-03,1,12-17,2605.8571,0.8109,0.7130,0.9213
124,2019-01-03,1,18-44,10438.5714,0.7797,0.6720,0.9062
124,2019-01-03,1,45-64,6631.7143,0.7218,0.6270,0.8301
124,2019-01-03,1,65+,1970.7143,0.4322,0.3741,0.4984
125,2019-01-04,1,0-5,2830.8571,0.4499,0.3918,0.5163
125,2019-01-04,1,6-11,3478.0000,0.6384,0.5590,0.7285
125,2019-01-04,1,12-17,1956.8571,0.7954,0.6979,0.9032
125,2019-01-04,1,18-44,9181.1429,0.7633,0.6563,0.8851
125,2019-01-04,1,45-64,5911.7143,0.7066,0.6128,0.8147
125,2019-01-04,1,65+,1801.0000,0.4273,0.3685,0.4943
126,2019-01-05,1,0-5,2785.8571,0.4554,0.3970,0.5226
126,2019-01-05,1,6-11,3328.1429,0.6438,0.5652,0.7356
126,2019-01-05,1,12-17,1901.7143,0.7851,0.6910,0.8934
126,2019-01-05,1,18-44,9240.8571,0.7488,0.6450,0.8710
126,2019-01-05,1,45-64,6048.5714,0.6935,0.6012,0.8005
126,2019-01-05,1,65+,1873.5714,0.4233,0.3666,0.4908
127,2019-01-06,2,0-5,2447.5714,0.4662,0.4041,0.5407
127,2019-01-06,2,6-11,2744.2857,0.6571,0.5738,0.7520
127,2019-01-06,2,12-17,1511.5714,0.7836,0.6886,0.8911
127,2019-01-06,2,18-44,7635.8571,0.7430,0.6413,0.8637
127,2019-01-06,2,45-64,5017.8571,0.6871,0.5964,0.7935
127,2019-01-06,2,65+,1617.0000,0.4219,0.3652,0.4899
128,2019-01-07,2,0-5,2304.4286,0.4800,0.4152,0.5558
128,2019-01-07,2,6-11,2476.5714,0.6727,0.5862,0.7733
128,2019-01-07,2,12-17,1302.2857,0.7832,0.6884,0.8918
128,2019-01-07,2,18-44,6830.8571,0.7393,0.6397,0.8585
128,2019-01-07,2,45-64,4549.5714,0.6835,0.5930,0.7886
128,2019-01-07,2,65+,1512.4286,0.4219,0.3639,0.4892
129,2019-01-08,2,0-5,2222.5714,0.4944,0.4278,0.5746
129,2019-01-08,2,6-11,2300.0000,0.6901,0.6009,0.7946
129,2019-01-08,2,12-17,1121.2857,0.7863,0.6900,0.8955
129,2019-01-08,2,18-44,6005.8571,0.7400,0.6396,0.8609
129,2019-01-08,2,45-64,4081.8571,0.6837,0.5930,0.7877
129,2019-01-08,2,65+,1393.2857,0.4236,0.3654,0.4924
130,2019-01-09,2,0-5,2160.0000,0.5083,0.4395,0.5891
130,2019-01-09,2,6-11,2158.1429,0.7062,0.6144,0.8107
130,2019-01-09,2,12-17,987.4286,0.7891,0.6938,0.8957
130,2019-01-09,2,18-44,5405.8571,0.7419,0.6411,0.8574
130,2019-01-09,2,45-64,3702.8571,0.6830,0.5942,0.7856
130,2019-01-09,2,65+,1300.7143,0.4242,0.3666,0.4912
131,2019-01-10,2,0-5,2105.8571,0.5166,0.4463,0.5988
131,2019-01-10,2,6-11,2057.5714,0.7149,0.6236,0.8231
131,2019-01-10,2,12-17,911.2857,0.7864,0.6916,0.8942
131,2019-01-10,2,18-44,5102.1429,0.7383,0.6388,0.8534
131,2019-01-10,2,45-64,3552.0000,0.6788,0.5890,0.7806
131,2019-01-10,2,65+,1267.1429,0.4225,0.3660,0.4898
132,2019-01-11,2,0-5,2041.5714,0.5235,0.4510,0.6107
132,2019-01-11,2,6-11,1869.4286,0.7226,0.6285,0.8309
132,2019-01-11,2,12-17,725.1429,0.7855,0.6907,0.8929
132,2019-01-11,2,18-44,4367.2857,0.7378,0.6388,0.8546
132,2019-01-11,2,45-64,3031.2857,0.6776,0.5891,0.7805
132,2019-01-11,2,65+,1104.1429,0.4229,0.3661,0.4927
133,2019-01-12,2,0-5,1970.7143,0.5270,0.4529,0.6130
133,2019-01-12,2,6-11,1746.4286,0.7249,0.6314,0.8361
133,2019-01-12,2,12-17,621.7143,0.7811,0.6868,0.8882
133,2019-01-12,2,18-44,3898.4286,0.7343,0.6342,0.8483
133,2019-01-12,2,45-64,2746.0000,0.6732,0.5849,0.7736
133,2019-01-12,2,65+,1022.0000,0.4212,0.3646,0.4892
134,2019-01-13,3,0-5,1878.2857,0.5260,0.4527,0.6149
134,2019-01-13,3,6-11,1638.2857,0.7239,0.6308,0.8349
134,2019-01-13,3,12-17,543.2857,0.7769,0.6825,0.8838
134,2019-01-13,3,18-44,3453.7143,0.7308,0.6300,0.8460
134,2019-01-13,3,45-64,2441.0000,0.6688,0.5798,0.7704
134,2019-01-13,3,65+,939.8571,0.4189,0.3628,0.4873
135,2019-01-14,3,0-5,1766.7143,0.5279,0.4531,0.6154
135,2019-01-14,3,6-11,1514.8571,0.7277,0.6307,0.8374
135,2019-01-14,3,12-17,464.5714,0.7786,0.6833,0.8853
135,2019-01-14,3,18-44,3059.1429,0.7323,0.6323,0.8505
135,2019-01-14,3,45-64,2160.4286,0.6687,0.5809,0.7717
135,2019-01-14,3,65+,842.2857,0.4192,0.3634,0.4871
136,2019-01-15,3,0-5,1629.4286,0.5280,0.4543,0.6177
136,2019-01-15,3,6-11,1367.4286,0.7285,0.6340,0.8396
136,2019-01-15,3,12-17,391.8571,0.7790,0.6860,0.8857
136,2019-01-15,3,18-44,2708.7143,0.7326,0.6361,0.8483
136,2019-01-15,3,45-64,1901.0000,0.6692,0.5833,0.7702
136,2019-01-15,3,65+,743.5714,0.4216,0.3632,0.4886
137,2019-01-16,3,0-5,1495.4286,0.5343,0.4589,0.6237
137,2019-01-16,3,6-11,1238.0000,0.7366,0.6397,0.8513
137,2019-01-16,3,12-17,336.7143,0.7880,0.6922,0.8965
137,2019-01-16,3,18-44,2433.8571,0.7419,0.6397,0.8565
137,2019-01-16,3,45-64,1684.4286,0.6760,0.5881,0.7762
137,2019-01-16,3,65+,677.0000,0.4259,0.3669,0.4937
138,2019-01-17,3,0-5,1399.2857,0.5426,0.4665,0.6347
138,2019-01-17,3,6-11,1160.5714,0.7504,0.6507,0.8684
138,2019-01-17,3,12-17,310.8571,0.8024,0.7048,0.9148
138,2019-01-17,3,18-44,2305.7143,0.7530,0.6533,0.8740
138,2019-01-17,3,45-64,1604.4286,0.6860,0.5976,0.7880
138,2019-01-17,3,65+,650.1429,0.4340,0.3746,0.5044
139,2019-01-18,3,0-5,1239.5714,0.5556,0.4780,0.6476
139,2019-01-18,3,6-11,1016.5714,0.7698,0.6675,0.8866
139,2019-01-18,3,12-17,252.2857,0.8237,0.7232,0.9374
139,2019-01-18,3,18-44,1964.8571,0.7714,0.6675,0.8943
139,2019-01-18,3,45-64,1321.8571,0.7007,0.6106,0.8060
139,2019-01-18,3,65+,551.5714,0.4451,0.3838,0.5175
140,2019-01-19,3,0-5,1150.5714,0.5725,0.4934,0.6665
140,2019-01-19,3,6-11,939.5714,0.7948,0.6900,0.9169
140,2019-01-19,3,12-17,224.7143,0.8525,0.7486,0.9703
140,2019-01-19,3,18-44,1755.4286,0.7951,0.6879,0.9217
140,2019-01-19,3,45-64,1172.5714,0.7219,0.6284,0.8304
140,2019-01-19,3,65+,497.8571,0.4595,0.3954,0.5343
141,2019-01-20,4,0-5,1074.0000,0.5922,0.5090,0.6933
141,2019-01-20,4,6-11,878.1429,0.8235,0.7146,0.9532
141,2019-01-20,4,12-17,200.4286,0.8865,0.7782,1.0110
141,2019-01-20,4,18-44,1610.0000,0.8249,0.7130,0.9557
141,2019-01-20,4,45-64,1067.8571,0.7476,0.6515,0.8579
141,2019-01-20,4,65+,463.8571,0.4763,0.4100,0.5527
142,2019-01-21,4,0-5,1003.1429,0.6134,0.5288,0.7142
142,2019-01-21,4,6-11,824.1429,0.8552,0.7423,0.9881
142,2019-01-21,4,12-17,187.1429,0.9239,0.8117,1.0510
142,2019-01-21,4,18-44,1476.4286,0.8567,0.7418,0.9886
142,2019-01-21,4,45-64,966.2857,0.7750,0.6765,0.8872
142,2019-01-21,4,65+,428.5714,0.4934,0.4269,0.5744
143,2019-01-22,4,0-5,941.0000,0.6339,0.5463,0.7387
143,2019-01-22,4,6-11,769.0000,0.8876,0.7700,1.0279
143,2019-01-22,4,12-17,177.4286,0.9624,0.8449,1.0960
143,2019-01-22,4,18-44,1372.1429,0.8891,0.7692,1.0255
143,2019-01-22,4,45-64,865.5714,0.8037,0.7020,0.9196
143,2019-01-22,4,65+,397.7143,0.5119,0.4415,0.5968
144,2019-01-23,4,0-5,879.4286,0.6556,0.5649,0.7653
144,2019-01-23,4,6-11,720.1429,0.9202,0.7995,1.0630
144,2019-01-23,4,12-17,167.7143,1.0000,0.8778,1.1376
144,2019-01-23,4,18-44,1276.4286,0.9220,0.7953,1.0648
144,2019-01-23,4,45-64,796.7143,0.8316,0.7247,0.9539
144,2019-01-23,4,65+,375.4286,0.5280,0.4561,0.6121
145,2019-01-24,4,0-5,840.7143,0.6762,0.5812,0.7865
145,2019-01-24,4,6-11,692.8571,0.9538,0.8294,1.0961
145,2019-01-24,4,12-17,164.0000,1.0348,0.9103,1.1736
145,2019-01-24,4,18-44,1241.0000,0.9474,0.8193,1.0953
145,2019-01-24,4,45-64,771.5714,0.8538,0.7447,0.9779
145,2019-01-24,4,65+,366.4286,0.5400,0.4659,0.6263
146,2019-01-25,4,0-5,760.5714,0.6950,0.5995,0.8079
146,2019-01-25,4,6-11,646.0000,0.9814,0.8542,1.1324
146,2019-01-25,4,12-17,153.2857,1.0637,0.9364,1.2105
146,2019-01-25,4,18-44,1137.0000,0.9711,0.8415,1.1250
146,2019-01-25,4,45-64,694.0000,0.8723,0.7623,0.9985
146,2019-01-25,4,65+,329.8571,0.5493,0.4748,0.6339
147,2019-01-26,4,0-5,720.1429,0.7124,0.6153,0.8291
147,2019-01-26,4,6-11,620.2857,1.0107,0.8785,1.1635
147,2019-01-26,4,12-17,144.2857,1.0922,0.9618,1.2393
147,2019-01-26,4,18-44,1092.8571,0.9902,0.8589,1.1435
147,2019-01-26,4,45-64,653.7143,0.8870,0.7771,1.0147
147,2019-01-26,4,65+,313.1429,0.5553,0.4800,0.6423
148,2019-01-27,5,0-5,700.5714,0.7222,0.6234,0.8392
148,2019-01-27,5,6-11,605.4286,1.0280,0.8913,1.1858
148,2019-01-27,5,12-17,142.5714,1.1068,0.9744,1.2564
148,2019-01-27,5,18-44,1048.4286,0.9963,0.8687,1.1492
148,2019-01-27,5,45-64,610.5714,0.8908,0.7816,1.0170
148,2019-01-27,5,65+,298.5714,0.5544,0.4814,0.6419
149,2019-01-28,5,0-5,673.7143,0.7234,0.6229,0.8390
149,2019-01-28,5,6-11,585.1429,1.0296,0.8909,1.1838
149,2019-01-28,5,12-17,136.1429,1.1060,0.9691,1.2567
149,2019-01-28,5,18-44,1017.2857,0.9921,0.8551,1.1472
149,2019-01-28,5,45-64,581.1429,0.8834,0.7700,1.0112
149,2019-01-28,5,65+,283.7143,0.5470,0.4741,0.6324
150,2019-01-29,5,0-5,671.1429,0.7104,0.6141,0.8250
150,2019-01-29,5,6-11,587.4286,1.0122,0.8791,1.1651
150,2019-01-29,5,12-17,133.7143,1.0867,0.9554,1.2354
150,2019-01-29,5,18-44,987.4286,0.9703,0.8420,1.1240
150,2019-01-29,5,45-64,563.8571,0.8627,0.7545,0.9883
150,2019-01-29,5,65+,268.8571,0.5333,0.4625,0.6145
151,2019-01-30,5,0-5,670.1429,0.6914,0.5961,0.8070
151,2019-01-30,5,6-11,598.4286,0.9832,0.8531,1.1375
151,2019-01-30,5,12-17,137.4286,1.0558,0.9281,1.2018
151,2019-01-30,5,18-44,978.0000,0.9408,0.8159,1.0866
151,2019-01-30,5,45-64,558.1429,0.8351,0.7300,0.9547
151,2019-01-30,5,65+,261.2857,0.5160,0.4481,0.5978
152,2019-01-31,5,0-5,667.1429,0.6674,0.5756,0.7781
152,2019-01-31,5,6-11,606.2857,0.9469,0.8228,1.0921
152,2019-01-31,5,12-17,142.0000,1.0228,0.8980,1.1637
152,2019-01-31,5,18-44,983.2857,0.9133,0.7891,1.0589
152,2019-01-31,5,45-64,561.2857,0.8083,0.7056,0.9268
152,2019-01-31,5,65+,260.4286,0.4988,0.4313,0.5786
153,2019-02-01,5,0-5,626.4286,0.6491,0.5592,0.7546
153,2019-02-01,5,6-11,557.5714,0.9183,0.7972,1.0562
153,2019-02-01,5,12-17,130.4286,0.9997,0.8784,1.1369
153,2019-02-01,5,18-44,869.5714,0.8965,0.7771,1.0402
153,2019-02-01,5,45-64,472.8571,0.7929,0.6932,0.9093
153,2019-02-01,5,65+,224.7143,0.4896,0.4238,0.5683
154,2019-02-02,5,0-5,577.5714,0.6349,0.5453,0.7376
154,2019-02-02,5,6-11,507.8571,0.8971,0.7788,1.0314
154,2019-02-02,5,12-17,118.5714,0.9890,0.8689,1.1242
154,2019-02-02,5,18-44,774.8571,0.8916,0.7708,1.0351
154,2019-02-02,5,45-64,424.0000,0.7881,0.6877,0.9008
154,2019-02-02,5,65+,199.5714,0.4890,0.4227,0.5656
155,2019-02-03,6,0-5,562.2857,0.6298,0.5438,0.7326
155,2019-02-03,6,6-11,491.4286,0.8856,0.7725,1.0213
155,2019-02-03,6,12-17,108.7143,0.9902,0.8726,1.1266
155,2019-02-03,6,18-44,722.0000,0.9007,0.7796,1.0432
155,2019-02-03,6,45-64,391.7143,0.7958,0.6952,0.9113
155,2019-02-03,6,65+,177.1429,0.4975,0.4306,0.5768
156,2019-02-04,6,0-5,548.2857,0.6333,0.5449,0.7380
156,2019-02-04,6,6-11,481.2857,0.8865,0.7710,1.0236
156,2019-02-04,6,12-17,114.2857,1.0048,0.8829,1.1451
156,2019-02-04,6,18-44,733.5714,0.9199,0.7959,1.0678
156,2019-02-04,6,45-64,391.5714,0.8129,0.7098,0.9315
156,2019-02-04,6,65+,185.2857,0.5127,0.4423,0.5934
157,2019-02-05,6,0-5,498.5714,0.6422,0.5522,0.7492
157,2019-02-05,6,6-11,441.1429,0.8987,0.7813,1.0390
157,2019-02-05,6,12-17,112.2857,1.0291,0.9034,1.1725
157,2019-02-05,6,18-44,703.2857,0.9444,0.8146,1.0967
157,2019-02-05,6,45-64,360.5714,0.8343,0.7282,0.9571
157,2019-02-05,6,65+,176.7143,0.5293,0.4564,0.6124
158,2019-02-06,6,0-5,452.7143,0.6623,0.5715,0.7695
158,2019-02-06,6,6-11,387.4286,0.9257,0.8104,1.0622
158,2019-02-06,6,12-17,107.2857,1.0642,0.9371,1.2104
158,2019-02-06,6,18-44,676.5714,0.9758,0.8422,1.1318
158,2019-02-06,6,45-64,335.5714,0.8628,0.7531,0.9867
158,2019-02-06,6,65+,166.5714,0.5498,0.4751,0.6379
159,2019-02-07,6,0-5,414.8571,0.6881,0.5937,0.7999
159,2019-02-07,6,6-11,348.8571,0.9628,0.8400,1.1033
159,2019-02-07,6,12-17,98.0000,1.1030,0.9721,1.2540
159,2019-02-07,6,18-44,646.2857,1.0053,0.8722,1.1678
159,2019-02-07,6,45-64,313.2857,0.8890,0.7781,1.0196
159,2019-02-07,6,65+,160.2857,0.5704,0.4915,0.6626
160,2019-02-08,6,0-5,398.7143,0.7166,0.6179,0.8347
160,2019-02-08,6,6-11,330.1429,1.0044,0.8752,1.1557
160,2019-02-08,6,12-17,104.4286,1.1406,1.0027,1.2985
160,2019-02-08,6,18-44,675.0000,1.0282,0.8884,1.1949
160,2019-02-08,6,45-64,321.7143,0.9078,0.7934,1.0384
160,2019-02-08,6,65+,170.1429,0.5825,0.5027,0.6785
161,2019-02-09,6,0-5,403.4286,0.7497,0.6445,0.8722
161,2019-02-09,6,6-11,339.1429,1.0509,0.9133,1.2117
161,2019-02-09,6,12-17,108.5714,1.1767,1.0338,1.3370
161,2019-02-09,6,18-44,691.7143,1.0489,0.9077,1.2133
161,2019-02-09,6,45-64,328.2857,0.9214,0.8062,1.0531
161,2019-02-09,6,65+,173.5714,0.5894,0.5109,0.6831
162,2019-02-10,7,0-5,382.4286,0.7857,0.6748,0.9183
162,2019-02-10,7,6-11,327.4286,1.1037,0.9604,1.2697
162,2019-02-10,7,12-17,109.7143,1.2142,1.0675,1.3804
162,2019-02-10,7,18-44,675.5714,1.0682,0.9264,1.2398
162,2019-02-10,7,45-64,325.2857,0.9334,0.8184,1.0679
162,2019-02-10,7,65+,180.4286,0.5933,0.5141,0.6882
163,2019-02-11,7,0-5,370.7143,0.8276,0.7110,0.9636
163,2019-02-11,7,6-11,304.7143,1.1648,1.0116,1.3393
163,2019-02-11,7,12-17,102.0000,1.2600,1.1072,1.4308
163,2019-02-11,7,18-44,605.5714,1.0966,0.9517,1.2663
163,2019-02-11,7,45-64,286.8571,0.9521,0.8363,1.0861
163,2019-02-11,7,65+,157.5714,0.5995,0.5209,0.6950
164,2019-02-12,7,0-5,383.2857,0.8728,0.7513,1.0171
164,2019-02-12,7,6-11,314.7143,1.2304,1.0693,1.4155
164,2019-02-12,7,12-17,99.4286,1.3119,1.1542,1.4907
164,2019-02-12,7,18-44,591.0000,1.1315,0.9846,1.3109
164,2019-02-12,7,45-64,274.5714,0.9780,0.8600,1.1166
164,2019-02-12,7,65+,151.0000,0.6096,0.5303,0.7054
165,2019-02-13,7,0-5,407.2857,0.9139,0.7872,1.0579
165,2019-02-13,7,6-11,333.4286,1.2894,1.1222,1.4810
165,2019-02-13,7,12-17,98.0000,1.3590,1.1980,1.5417
165,2019-02-13,7,18-44,573.5714,1.1659,1.0163,1.3454
165,2019-02-13,7,45-64,258.2857,1.0021,0.8825,1.1398
165,2019-02-13,7,65+,144.8571,0.6187,0.5379,0.7126
166,2019-02-14,7,0-5,423.1429,0.9460,0.8146,1.1004
166,2019-02-14,7,6-11,346.2857,1.3374,1.1649,1.5367
166,2019-02-14,7,12-17,101.5714,1.3979,1.2310,1.5837
166,2019-02-14,7,18-44,574.0000,1.1961,1.0388,1.3751
166,2019-02-14,7,45-64,258.5714,1.0232,0.8988,1.1641
166,2019-02-14,7,65+,144.0000,0.6246,0.5445,0.7201
167,2019-02-15,7,0-5,466.0000,0.9639,0.8294,1.1221
167,2019-02-15,7,6-11,386.2857,1.3649,1.1849,1.5697
167,2019-02-15,7,12-17,102.5714,1.4193,1.2483,1.6100
167,2019-02-15,7,18-44,585.4286,1.2140,1.0538,1.3963
167,2019-02-15,7,45-64,257.0000,1.0350,0.9093,1.1785
167,2019-02-15,7,65+,139.1429,0.6263,0.5462,0.7212
168,2019-02-16,7,0-5,487.7143,0.9678,0.8347,1.1325
168,2019-02-16,7,6-11,409.4286,1.3728,1.1908,1.5848
168,2019-02-16,7,12-17,103.7143,1.4221,1.2498,1.6167
168,2019-02-16,7,18-44,598.2857,1.2166,1.0563,1.4029
168,2019-02-16,7,45-64,254.0000,1.0364,0.9097,1.1796
168,2019-02-16,7,65+,136.0000,0.6233,0.5441,0.7180
169,2019-02-17,8,0-5,513.5714,0.9605,0.8249,1.1208
169,2019-02-17,8,6-11,428.4286,1.3635,1.1829,1.5731
169,2019-02-17,8,12-17,105.1429,1.4107,1.2412,1.6036
169,2019-02-17,8,18-44,617.4286,1.2094,1.0508,1.3953
169,2019-02-17,8,45-64,255.0000,1.0292,0.9048,1.1709
169,2019-02-17,8,65+,136.1429,0.6161,0.5392,0.7063
170,2019-02-18,8,0-5,535.8571,0.9436,0.8101,1.1009
170,2019-02-18,8,6-11,455.2857,1.3379,1.1613,1.5448
170,2019-02-18,8,12-17,106.2857,1.3851,1.2202,1.5737
170,2019-02-18,8,18-44,633.4286,1.1936,1.0398,1.3783
170,2019-02-18,8,45-64,254.5714,1.0142,0.8938,1.1545
170,2019-02-18,8,65+,131.7143,0.6053,0.5294,0.6930
171,2019-02-19,8,0-5,547.5714,0.9226,0.7931,1.0712
171,2019-02-19,8,6-11,479.2857,1.3023,1.1295,1.5021
171,2019-02-19,8,12-17,109.1429,1.3501,1.1856,1.5348
171,2019-02-19,8,18-44,640.7143,1.1731,1.0188,1.3564
171,2019-02-19,8,45-64,257.8571,0.9956,0.8746,1.1346
171,2019-02-19,8,65+,128.1429,0.5917,0.5179,0.6793
172,2019-02-20,8,0-5,567.5714,0.8986,0.7716,1.0508
172,2019-02-20,8,6-11,497.5714,1.2622,1.0971,1.4617
172,2019-02-20,8,12-17,108.4286,1.3121,1.1527,1.4935
172,2019-02-20,8,18-44,652.1429,1.1496,0.9967,1.3305
172,2019-02-20,8,45-64,263.8571,0.9725,0.8530,1.1099
172,2019-02-20,8,65+,132.2857,0.5757,0.5027,0.6599
173,2019-02-21,8,0-5,579.5714,0.8750,0.7518,1.0226
173,2019-02-21,8,6-11,505.5714,1.2213,1.0627,1.4057
173,2019-02-21,8,12-17,106.5714,1.2731,1.1209,1.4458
173,2019-02-21,8,18-44,657.5714,1.1259,0.9757,1.3012
173,2019-02-21,8,45-64,264.5714,0.9492,0.8330,1.0815
173,2019-02-21,8,65+,134.2857,0.5594,0.4894,0.6401
174,2019-02-22,8,0-5,599.1429,0.8460,0.7275,0.9860
174,2019-02-22,8,6-11,516.2857,1.1750,1.0242,1.3552
174,2019-02-22,8,12-17,106.8571,1.2312,1.0837,1.4004
174,2019-02-22,8,18-44,685.0000,1.0974,0.9496,1.2681
174,2019-02-22,8,45-64,266.8571,0.9219,0.8085,1.0521
174,2019-02-22,8,65+,132.2857,0.5412,0.4740,0.6201
175,2019-02-23,8,0-5,621.0000,0.8123,0.6985,0.9524
175,2019-02-23,8,6-11,525.1429,1.1217,0.9749,1.2974
175,2019-02-23,8,12-17,108.4286,1.1870,1.0419,1.3523
175,2019-02-23,8,18-44,694.5714,1.0689,0.9219,1.2408
175,2019-02-23,8,45-64,271.5714,0.8956,0.7841,1.0232
175,2019-02-23,8,65+,133.1429,0.5243,0.4575,0.6010
176,2019-02-24,9,0-5,629.8571,0.7815,0.6712,0.9142
176,2019-02-24,9,6-11,536.0000,1.0759,0.9327,1.2388
176,2019-02-24,9,12-17,111.7143,1.1504,1.0102,1.3095
176,2019-02-24,9,18-44,713.2857,1.0448,0.9029,1.2110
176,2019-02-24,9,45-64,267.5714,0.8742,0.7660,0.9983
176,2019-02-24,9,65+,127.0000,0.5115,0.4462,0.5855
177,2019-02-25,9,0-5,641.0000,0.7548,0.6491,0.8800
177,2019-02-25,9,6-11,531.2857,1.0389,0.9058,1.1967
177,2019-02-25,9,12-17,110.7143,1.1308,0.9956,1.2877
177,2019-02-25,9,18-44,732.2857,1.0298,0.8906,1.2001
177,2019-02-25,9,45-64,269.2857,0.8609,0.7550,0.9867
177,2019-02-25,9,65+,128.0000,0.5024,0.4393,0.5755
178,2019-02-26,9,0-5,613.2857,0.7381,0.6353,0.8624
178,2019-02-26,9,6-11,489.5714,1.0185,0.8861,1.1737
178,2019-02-26,9,12-17,100.1429,1.1262,0.9890,1.2826
178,2019-02-26,9,18-44,699.0000,1.0275,0.8861,1.1924
178,2019-02-26,9,45-64,239.8571,0.8589,0.7517,0.9806
178,2019-02-26,9,65+,120.1429,0.5005,0.4375,0.5738
179,2019-02-27,9,0-5,604.2857,0.7280,0.6270,0.8506
179,2019-02-27,9,6-11,475.0000,1.0112,0.8789,1.1627
179,2019-02-27,9,12-17,102.8571,1.1376,0.9995,1.2958
179,2019-02-27,9,18-44,732.0000,1.0285,0.8877,1.1984
179,2019-02-27,9,45-64,246.0000,0.8610,0.7529,0.9861
179,2019-02-27,9,65+,120.8571,0.5019,0.4371,0.5771
180,2019-02-28,9,0-5,595.2857,0.7287,0.6311,0.8514
180,2019-02-28,9,6-11,463.4286,1.0236,0.8920,1.1760
180,2019-02-28,9,12-17,103.8571,1.1752,1.0326,1.3363
180,2019-02-28,9,18-44,741.8571,1.0462,0.9000,1.2130
180,2019-02-28,9,45-64,246.2857,0.8753,0.7652,1.0000
180,2019-02-28,9,65+,121.0000,0.5088,0.4431,0.5852
181,2019-03-01,9,0-5,550.0000,0.7443,0.6397,0.8664
181,2019-03-01,9,6-11,426.0000,1.0620,0.9246,1.2175
181,2019-03-01,9,12-17,103.8571,1.2381,1.0884,1.4072
181,2019-03-01,9,18-44,744.8571,1.0692,0.9223,1.2441
181,2019-03-01,9,45-64,245.1429,0.8954,0.7832,1.0258
181,2019-03-01,9,65+,119.2857,0.5198,0.4546,0.5982
182,2019-03-02,9,0-5,509.0000,0.7726,0.6658,0.8977
182,2019-03-02,9,6-11,402.0000,1.1251,0.9797,1.2963
182,2019-03-02,9,12-17,112.7143,1.3267,1.1668,1.5087
182,2019-03-02,9,18-44,744.7143,1.1012,0.9543,1.2739
182,2019-03-02,9,45-64,243.0000,0.9221,0.8098,1.0499
182,2019-03-02,9,65+,119.4286,0.5345,0.4661,0.6123
183,2019-03-03,10,0-5,483.4286,0.8158,0.7024,0.9553
183,2019-03-03,10,6-11,378.7143,1.2186,1.0601,1.4075
183,2019-03-03,10,12-17,120.8571,1.4483,1.2718,1.6497
183,2019-03-03,10,18-44,744.0000,1.1455,0.9957,1.3255
183,2019-03-03,10,45-64,244.4286,0.9556,0.8415,1.0887
183,2019-03-03,10,65+,119.1429,0.5499,0.4820,0.6327
184,2019-03-04,10,0-5,459.2857,0.8688,0.7513,1.0109
184,2019-03-04,10,6-11,371.4286,1.3313,1.1639,1.5278
184,2019-03-04,10,12-17,139.1429,1.5914,1.4000,1.8068
184,2019-03-04,10,18-44,736.4286,1.1932,1.0377,1.3814
184,2019-03-04,10,45-64,242.1429,0.9907,0.8729,1.1288
184,2019-03-04,10,65+,118.2857,0.5662,0.4952,0.6489
185,2019-03-05,10,0-5,491.1429,0.9292,0.8049,1.0801
185,2019-03-05,10,6-11,417.2857,1.4613,1.2752,1.6795
185,2019-03-05,10,12-17,176.1429,1.7541,1.5378,1.9917
185,2019-03-05,10,18-44,776.7143,1.2477,1.0861,1.4332
185,2019-03-05,10,45-64,263.5714,1.0284,0.9081,1.1663
185,2019-03-05,10,65+,124.7143,0.5815,0.5102,0.6639
186,2019-03-06,10,0-5,498.1429,0.9851,0.8474,1.1455
186,2019-03-06,10,6-11,446.4286,1.5868,1.3812,1.8218
186,2019-03-06,10,12-17,210.5714,1.9141,1.6768,2.1754
186,2019-03-06,10,18-44,751.8571,1.2949,1.1279,1.4908
186,2019-03-06,10,45-64,248.2857,1.0601,0.9356,1.2015
186,2019-03-06,10,65+,118.8571,0.5915,0.5205,0.6741
187,2019-03-07,10,0-5,514.4286,1.0304,0.8917,1.1970
187,2019-03-07,10,6-11,473.4286,1.6986,1.4834,1.9453
187,2019-03-07,10,12-17,236.4286,2.0561,1.8051,2.3393
187,2019-03-07,10,18-44,753.4286,1.3324,1.1628,1.5330
187,2019-03-07,10,45-64,245.0000,1.0838,0.9579,1.2276
187,2019-03-07,10,65+,116.1429,0.5979,0.5286,0.6783
188,2019-03-08,10,0-5,573.0000,1.0567,0.9153,1.2261
188,2019-03-08,10,6-11,602.1429,1.7761,1.5468,2.0378
188,2019-03-08,10,12-17,313.1429,2.1631,1.8951,2.4632
188,2019-03-08,10,18-44,767.1429,1.3555,1.1833,1.5514
188,2019-03-08,10,45-64,241.0000,1.0954,0.9691,1.2363
188,2019-03-08,10,65+,116.2857,0.5971,0.5285,0.6760
189,2019-03-09,10,0-5,641.2857,1.0594,0.9147,1.2230
189,2019-03-09,10,6-11,719.5714,1.7966,1.5649,2.0599
189,2019-03-09,10,12-17,399.0000,2.2055,1.9307,2.5183
189,2019-03-09,10,18-44,813.1429,1.3565,1.1867,1.5524
189,2019-03-09,10,45-64,238.8571,1.0906,0.9661,1.2304
189,2019-03-09,10,65+,115.0000,0.5886,0.5216,0.6639
190,2019-03-10,11,0-5,694.1429,1.0410,0.9004,1.2079
190,2019-03-10,11,6-11,831.1429,1.7859,1.5525,2.0438
190,2019-03-10,11,12-17,488.8571,2.2063,1.9315,2.5215
190,2019-03-10,11,18-44,853.2857,1.3373,1.1730,1.5324
190,2019-03-10,11,45-64,233.8571,1.0713,0.9504,1.2096
190,2019-03-10,11,65+,115.1429,0.5737,0.5086,0.6476
191,2019-03-11,11,0-5,753.8571,1.0119,0.8769,1.1750
191,2019-03-11,11,6-11,951.7143,1.7508,1.5255,2.0167
191,2019-03-11,11,12-17,591.8571,2.1837,1.9105,2.4932
191,2019-03-11,11,18-44,917.8571,1.3102,1.1477,1.4979
191,2019-03-11,11,45-64,229.5714,1.0463,0.9286,1.1801
191,2019-03-11,11,65+,114.2857,0.5559,0.4938,0.6269
192,2019-03-12,11,0-5,808.2857,0.9837,0.8512,1.1401
192,2019-03-12,11,6-11,1085.5714,1.7173,1.4954,1.9779
192,2019-03-12,11,12-17,710.1429,2.1545,1.8840,2.4656
192,2019-03-12,11,18-44,990.4286,1.2817,1.1242,1.4652
192,2019-03-12,11,45-64,236.5714,1.0215,0.9074,1.1518
192,2019-03-12,11,65+,119.4286,0.5390,0.4794,0.6060
193,2019-03-13,11,0-5,855.0000,0.9566,0.8324,1.1029
193,2019-03-13,11,6-11,1207.4286,1.6873,1.4748,1.9328
193,2019-03-13,11,12-17,814.1429,2.1312,1.8707,2.4332
193,2019-03-13,11,18-44,1061.7143,1.2554,1.0990,1.4352
193,2019-03-13,11,45-64,245.4286,0.9987,0.8858,1.1254
193,2019-03-13,11,65+,122.7143,0.5219,0.4646,0.5865
194,2019-03-14,11,0-5,909.4286,0.9332,0.8104,1.0770
194,2019-03-14,11,6-11,1323.8571,1.6571,1.4439,1.8982
194,2019-03-14,11,12-17,883.5714,2.1086,1.8430,2.4136
194,2019-03-14,11,18-44,1108.7143,1.2335,1.0756,1.4109
194,2019-03-14,11,45-64,252.4286,0.9797,0.8672,1.1049
194,2019-03-14,11,65+,125.7143,0.5070,0.4520,0.5682
195,2019-03-15,11,0-5,1046.1429,0.9022,0.7806,1.0458
195,2019-03-15,11,6-11,1665.2857,1.6083,1.4014,1.8508
195,2019-03-15,11,12-17,1171.8571,2.0569,1.7952,2.3549
195,2019-03-15,11,18-44,1275.1429,1.1983,1.0504,1.3742
195,2019-03-15,11,45-64,275.8571,0.9508,0.8442,1.0741
195,2019-03-15,11,65+,135.2857,0.4891,0.4357,0.5499
196,2019-03-16,11,0-5,1142.1429,0.8688,0.7519,1.0122
196,2019-03-16,11,6-11,1917.5714,1.5522,1.3513,1.7908
196,2019-03-16,11,12-17,1392.0000,1.9909,1.7349,2.2786
196,2019-03-16,11,18-44,1406.5714,1.1614,1.0122,1.3337
196,2019-03-16,11,45-64,296.0000,0.9194,0.8131,1.0399
196,2019-03-16,11,65+,143.8571,0.4701,0.4191,0.5282
197,2019-03-17,12,0-5,1231.8571,0.8344,0.7212,0.9666
197,2019-03-17,12,6-11,2125.4286,1.4920,1.2964,1.7178
197,2019-03-17,12,12-17,1581.1429,1.9141,1.6678,2.1933
197,2019-03-17,12,18-44,1560.7143,1.1173,0.9756,1.2822
197,2019-03-17,12,45-64,323.0000,0.8837,0.7822,0.9994
197,2019-03-17,12,65+,149.4286,0.4509,0.4011,0.5058
198,2019-03-18,12,0-5,1313.7143,0.8026,0.6951,0.9303
198,2019-03-18,12,6-11,2326.7143,1.4389,1.2518,1.6697
198,2019-03-18,12,12-17,1780.4286,1.8481,1.6113,2.1252
198,2019-03-18,12,18-44,1736.8571,1.0791,0.9431,1.2402
198,2019-03-18,12,45-64,352.2857,0.8514,0.7542,0.9640
198,2019-03-18,12,65+,160.2857,0.4323,0.3847,0.4856
199,2019-03-19,12,0-5,1413.2857,0.7766,0.6722,0.8970
199,2019-03-19,12,6-11,2565.0000,1.3911,1.2101,1.6036
199,2019-03-19,12,12-17,1962.5714,1.7860,1.5511,2.0482
199,2019-03-19,12,18-44,1890.5714,1.0429,0.9119,1.1994
199,2019-03-19,12,45-64,376.7143,0.8220,0.7279,0.9307
199,2019-03-19,12,65+,167.8571,0.4166,0.3708,0.4676
200,2019-03-20,12,0-5,1518.7143,0.7572,0.6577,0.8765
200,2019-03-20,12,6-11,2794.8571,1.3579,1.1831,1.5673
200,2019-03-20,12,12-17,2130.7143,1.7416,1.5181,1.9996
200,2019-03-20,12,18-44,2029.7143,1.0200,0.8908,1.1719
200,2019-03-20,12,45-64,393.8571,0.8021,0.7102,0.9080
200,2019-03-20,12,65+,173.7143,0.4051,0.3609,0.4544
201,2019-03-21,12,0-5,1563.2857,0.7440,0.6447,0.8600
201,2019-03-21,12,6-11,2909.7143,1.3394,1.1620,1.5476
201,2019-03-21,12,12-17,2195.0000,1.7189,1.4975,1.9731
201,2019-03-21,12,18-44,2094.5714,1.0074,0.8775,1.1572
201,2019-03-21,12,45-64,395.2857,0.7914,0.6993,0.8951
201,2019-03-21,12,65+,174.8571,0.3972,0.3539,0.4451
202,2019-03-22,12,0-5,1682.7143,0.7346,0.6366,0.8475
202,2019-03-22,12,6-11,3207.4286,1.3251,1.1506,1.5299
202,2019-03-22,12,12-17,2407.4286,1.7005,1.4760,1.9570
202,2019-03-22,12,18-44,2305.5714,0.9964,0.8688,1.1459
202,2019-03-22,12,45-64,424.4286,0.7822,0.6910,0.8862
202,2019-03-22,12,65+,188.5714,0.3910,0.3481,0.4388
203,2019-03-23,12,0-5,1771.1429,0.7251,0.6282,0.8389
203,2019-03-23,12,6-11,3473.2857,1.3088,1.1334,1.5100
203,2019-03-23,12,12-17,2622.8571,1.6792,1.4579,1.9351
203,2019-03-23,12,18-44,2477.4286,0.9867,0.8603,1.1383
203,2019-03-23,12,45-64,449.7143,0.7736,0.6836,0.8784
203,2019-03-23,12,65+,201.7143,0.3847,0.3425,0.4325
204,2019-03-24,13,0-5,1881.4286,0.7155,0.6186,0.8292
204,2019-03-24,13,6-11,3752.4286,1.2874,1.1204,1.4876
204,2019-03-24,13,12-17,2819.5714,1.6535,1.4395,1.8997
204,2019-03-24,13,18-44,2649.1429,0.9737,0.8441,1.1227
204,2019-03-24,13,45-64,475.7143,0.7625,0.6710,0.8652
204,2019-03-24,13,65+,210.7143,0.3771,0.3354,0.4236
205,2019-03-25,13,0-5,1976.5714,0.7037,0.6097,0.8140
205,2019-03-25,13,6-11,3985.4286,1.2651,1.0995,1.4607
205,2019-03-25,13,12-17,3014.8571,1.6227,1.4088,1.8713
205,2019-03-25,13,18-44,2855.0000,0.9567,0.8317,1.1023
205,2019-03-25,13,45-64,507.0000,0.7483,0.6598,0.8497
205,2019-03-25,13,65+,213.7143,0.3689,0.3284,0.4141
206,2019-03-26,13,0-5,2073.8571,0.6931,0.5991,0.8010
206,2019-03-26,13,6-11,4206.7143,1.2419,1.0789,1.4314
206,2019-03-26,13,12-17,3200.0000,1.5890,1.3837,1.8257
206,2019-03-26,13,18-44,3053.8571,0.9388,0.8179,1.0798
206,2019-03-26,13,45-64,536.8571,0.7340,0.6482,0.8315
206,2019-03-26,13,65+,220.1429,0.3608,0.3217,0.4044
207,2019-03-27,13,0-5,2147.5714,0.6853,0.5902,0.7951
207,2019-03-27,13,6-11,4368.4286,1.2282,1.0618,1.4170
207,2019-03-27,13,12-17,3311.7143,1.5697,1.3614,1.8078
207,2019-03-27,13,18-44,3196.0000,0.9232,0.8048,1.0695
207,2019-03-27,13,45-64,558.5714,0.7216,0.6374,0.8224
207,2019-03-27,13,65+,223.7143,0.3540,0.3152,0.3981
208,2019-03-28,13,0-5,2211.4286,0.6798,0.5857,0.7880
208,2019-03-28,13,6-11,4473.7143,1.2163,1.0525,1.4022
208,2019-03-28,13,12-17,3374.5714,1.5515,1.3468,1.7853
208,2019-03-28,13,18-44,3239.4286,0.9153,0.7963,1.0570
208,2019-03-28,13,45-64,567.7143,0.7140,0.6297,0.8119
208,2019-03-28,13,65+,224.2857,0.3497,0.3112,0.3928
209,2019-03-29,13,0-5,2336.2857,0.6778,0.5857,0.7855
209,2019-03-29,13,6-11,4748.1429,1.2107,1.0493,1.3973
209,2019-03-29,13,12-17,3569.7143,1.5440,1.3369,1.7815
209,2019-03-29,13,18-44,3405.7143,0.9107,0.7926,1.0529
209,2019-03-29,13,45-64,586.0000,0.7102,0.6264,0.8080
209,2019-03-29,13,65+,229.2857,0.3479,0.3098,0.3903
210,2019-03-30,13,0-5,2429.7143,0.6796,0.5875,0.7874
210,2019-03-30,13,6-11,4931.4286,1.2088,1.0490,1.4023
210,2019-03-30,13,12-17,3681.1429,1.5407,1.3376,1.7769
210,2019-03-30,13,18-44,3503.2857,0.9127,0.7944,1.0507
210,2019-03-30,13,45-64,593.8571,0.7111,0.6274,0.8067
210,2019-03-30,13,65+,227.0000,0.3484,0.3105,0.3910
211,2019-03-31,14,0-5,2509.0000,0.6861,0.5927,0.7954
211,2019-03-31,14,6-11,5033.1429,1.2180,1.0578,1.4044
211,2019-03-31,14,12-17,3741.7143,1.5539,1.3499,1.7855
211,2019-03-31,14,18-44,3624.1429,0.9252,0.8032,1.0664
211,2019-03-31,14,45-64,609.4286,0.7195,0.6339,0.8174
211,2019-03-31,14,65+,231.7143,0.3519,0.3133,0.3954
212,2019-04-01,14,0-5,2599.5714,0.6954,0.6001,0.8063
212,2019-04-01,14,6-11,5164.0000,1.2323,1.0670,1.4252
212,2019-04-01,14,12-17,3826.1429,1.5692,1.3612,1.8086
212,2019-04-01,14,18-44,3725.7143,0.9368,0.8126,1.0841
212,2019-04-01,14,45-64,626.8571,0.7283,0.6412,0.8289
212,2019-04-01,14,65+,240.7143,0.3563,0.3170,0.4001
213,2019-04-02,14,0-5,2708.2857,0.7041,0.6101,0.8171
213,2019-04-02,14,6-11,5329.7143,1.2474,1.0817,1.4416
213,2019-04-02,14,12-17,3982.1429,1.5835,1.3793,1.8224
213,2019-04-02,14,18-44,3889.8571,0.9515,0.8284,1.1011
213,2019-04-02,14,45-64,642.7143,0.7390,0.6520,0.8414
213,2019-04-02,14,65+,250.0000,0.3608,0.3215,0.4051
214,2019-04-03,14,0-5,2817.2857,0.7093,0.6123,0.8231
214,2019-04-03,14,6-11,5525.1429,1.2550,1.0870,1.4569
214,2019-04-03,14,12-17,4107.5714,1.5938,1.3830,1.8327
214,2019-04-03,14,18-44,4036.4286,0.9627,0.8343,1.1145
214,2019-04-03,14,45-64,666.1429,0.7466,0.6564,0.8506
214,2019-04-03,14,65+,265.5714,0.3636,0.3237,0.4083
215,2019-04-04,14,0-5,2932.4286,0.7102,0.6116,0.8242
215,2019-04-04,14,6-11,5748.0000,1.2571,1.0894,1.4510
215,2019-04-04,14,12-17,4212.1429,1.5919,1.3826,1.8354
215,2019-04-04,14,18-44,4186.8571,0.9644,0.8358,1.1187
215,2019-04-04,14,45-64,685.0000,0.7473,0.6566,0.8523
215,2019-04-04,14,65+,272.2857,0.3628,0.3228,0.4078
216,2019-04-05,14,0-5,3129.7143,0.7036,0.6073,0.8173
216,2019-04-05,14,6-11,6258.0000,1.2455,1.0784,1.4443
216,2019-04-05,14,12-17,4528.4286,1.5729,1.3634,1.8144
216,2019-04-05,14,18-44,4588.2857,0.9596,0.8278,1.1116
216,2019-04-05,14,45-64,736.8571,0.7422,0.6501,0.8455
216,2019-04-05,14,65+,288.0000,0.3594,0.3194,0.4035
217,2019-04-06,14,0-5,3260.0000,0.6929,0.5964,0.8037
217,2019-04-06,14,6-11,6517.5714,1.2237,1.0580,1.4175
217,2019-04-06,14,12-17,4643.7143,1.5406,1.3409,1.7688
217,2019-04-06,14,18-44,4828.8571,0.9450,0.8212,1.0942
217,2019-04-06,14,45-64,759.7143,0.7300,0.6432,0.8320
217,2019-04-06,14,65+,292.1429,0.3527,0.3142,0.3958
218,2019-04-07,15,0-5,3338.4286,0.6772,0.5849,0.7860
218,2019-04-07,15,6-11,6710.5714,1.1960,1.0320,1.3842
218,2019-04-07,15,12-17,4716.1429,1.4977,1.3009,1.7190
218,2019-04-07,15,18-44,5067.4286,0.9217,0.7992,1.0732
218,2019-04-07,15,45-64,778.2857,0.7121,0.6263,0.8149
218,2019-04-07,15,65+,297.0000,0.3444,0.3066,0.3875
219,2019-04-08,15,0-5,3407.1429,0.6620,0.5705,0.7670
219,2019-04-08,15,6-11,6850.1429,1.1698,1.0111,1.3502
219,2019-04-08,15,12-17,4740.8571,1.4557,1.2632,1.6714
219,2019-04-08,15,18-44,5262.7143,0.8975,0.7786,1.0416
219,2019-04-08,15,45-64,793.0000,0.6937,0.6109,0.7924
219,2019-04-08,15,65+,306.8571,0.3360,0.2996,0.3772
220,2019-04-09,15,0-5,3472.8571,0.6491,0.5596,0.7544
220,2019-04-09,15,6-11,7038.4286,1.1480,0.9898,1.3278
220,2019-04-09,15,12-17,4693.7143,1.4213,1.2365,1.6344
220,2019-04-09,15,18-44,5432.2857,0.8789,0.7593,1.0164
220,2019-04-09,15,45-64,808.5714,0.6796,0.5963,0.7740
220,2019-04-09,15,65+,314.2857,0.3298,0.2930,0.3707
221,2019-04-10,15,0-5,3552.4286,0.6400,0.5540,0.7399
221,2019-04-10,15,6-11,7206.0000,1.1296,0.9761,1.3022
221,2019-04-10,15,12-17,4698.0000,1.3936,1.2110,1.5985
221,2019-04-10,15,18-44,5531.7143,0.8623,0.7490,0.9968
221,2019-04-10,15,45-64,824.2857,0.6677,0.5874,0.7595
221,2019-04-10,15,65+,312.0000,0.3251,0.2891,0.3649
222,2019-04-11,15,0-5,3575.2857,0.6348,0.5457,0.7347
222,2019-04-11,15,6-11,7237.7143,1.1167,0.9636,1.2938
222,2019-04-11,15,12-17,4662.5714,1.3694,1.1890,1.5718
222,2019-04-11,15,18-44,5517.4286,0.8515,0.7361,0.9912
222,2019-04-11,15,45-64,823.1429,0.6604,0.5794,0.7555
222,2019-04-11,15,65+,311.2857,0.3223,0.2863,0.3632
223,2019-04-12,15,0-5,3617.8571,0.6303,0.5440,0.7307
223,2019-04-12,15,6-11,7327.0000,1.1083,0.9589,1.2875
223,2019-04-12,15,12-17,4530.5714,1.3556,1.1785,1.5572
223,2019-04-12,15,18-44,5521.8571,0.8437,0.7302,0.9792
223,2019-04-12,15,45-64,847.7143,0.6557,0.5759,0.7484
223,2019-04-12,15,65+,317.8571,0.3214,0.2855,0.3611
224,2019-04-13,15,0-5,3679.7143,0.6272,0.5410,0.7282
224,2019-04-13,15,6-11,7409.7143,1.1026,0.9515,1.2834
224,2019-04-13,15,12-17,4473.1429,1.3428,1.1663,1.5422
224,2019-04-13,15,18-44,5572.2857,0.8375,0.7272,0.9714
224,2019-04-13,15,45-64,868.4286,0.6519,0.5738,0.7431
224,2019-04-13,15,65+,328.5714,0.3206,0.2850,0.3606
225,2019-04-14,16,0-5,3731.2857,0.6201,0.5350,0.7207
225,2019-04-14,16,6-11,7523.2857,1.0856,0.9399,1.2569
225,2019-04-14,16,12-17,4419.8571,1.3184,1.1466,1.5141
225,2019-04-14,16,18-44,5592.2857,0.8278,0.7170,0.9649
225,2019-04-14,16,45-64,882.7143,0.6449,0.5670,0.7382
225,2019-04-14,16,65+,344.0000,0.3180,0.2828,0.3580
226,2019-04-15,16,0-5,3754.8571,0.6109,0.5275,0.7096
226,2019-04-15,16,6-11,7556.1429,1.0648,0.9203,1.2403
226,2019-04-15,16,12-17,4326.0000,1.2867,1.1193,1.4846
226,2019-04-15,16,18-44,5562.2857,0.8123,0.7035,0.9446
226,2019-04-15,16,45-64,894.1429,0.6341,0.5571,0.7250
226,2019-04-15,16,65+,347.1429,0.3139,0.2788,0.3537
227,2019-04-16,16,0-5,3756.5714,0.5983,0.5154,0.6950
227,2019-04-16,16,6-11,7494.0000,1.0377,0.8947,1.2125
227,2019-04-16,16,12-17,4215.8571,1.2468,1.0808,1.4370
227,2019-04-16,16,18-44,5473.4286,0.7917,0.6843,0.9207
227,2019-04-16,16,45-64,899.7143,0.6187,0.5435,0.7072
227,2019-04-16,16,65+,344.1429,0.3076,0.2732,0.3462
228,2019-04-17,16,0-5,3725.5714,0.5808,0.5005,0.6741
228,2019-04-17,16,6-11,7394.0000,1.0026,0.8634,1.1685
228,2019-04-17,16,12-17,4093.4286,1.1958,1.0368,1.3759
228,2019-04-17,16,18-44,5392.2857,0.7635,0.6618,0.8832
228,2019-04-17,16,45-64,900.7143,0.5980,0.5256,0.6810
228,2019-04-17,16,65+,346.7143,0.2985,0.2652,0.3357
229,2019-04-18,16,0-5,3717.0000,0.5603,0.4822,0.6522
229,2019-04-18,16,6-11,7352.5714,0.9613,0.8299,1.1121
229,2019-04-18,16,12-17,4040.0000,1.1383,0.9881,1.3066
229,2019-04-18,16,18-44,5380.0000,0.7317,0.6325,0.8446
229,2019-04-18,16,45-64,899.7143,0.5734,0.5035,0.6517
229,2019-04-18,16,65+,346.5714,0.2875,0.2554,0.3228
230,2019-04-19,16,0-5,3652.5714,0.5356,0.4609,0.6233
230,2019-04-19,16,6-11,7120.5714,0.9136,0.7882,1.0609
230,2019-04-19,16,12-17,3780.5714,1.0744,0.9350,1.2351
230,2019-04-19,16,18-44,5248.8571,0.6941,0.6014,0.8040
230,2019-04-19,16,45-64,886.1429,0.5449,0.4793,0.6211
230,2019-04-19,16,65+,343.5714,0.2744,0.2436,0.3089
231,2019-04-20,16,0-5,3556.0000,0.5103,0.4364,0.5942
231,2019-04-20,16,6-11,6839.7143,0.8639,0.7431,1.0060
231,2019-04-20,16,12-17,3531.8571,1.0085,0.8756,1.1582
231,2019-04-20,16,18-44,5021.2857,0.6554,0.5669,0.7613
231,2019-04-20,16,45-64,865.1429,0.5154,0.4523,0.5884
231,2019-04-20,16,65+,340.1429,0.2609,0.2312,0.2942
232,2019-04-21,17,0-5,3447.8571,0.4855,0.4173,0.5647
232,2019-04-21,17,6-11,6488.2857,0.8159,0.7016,0.9512
232,2019-04-21,17,12-17,3281.7143,0.9452,0.8207,1.0876
232,2019-04-21,17,18-44,4704.7143,0.6189,0.5360,0.7167
232,2019-04-21,17,45-64,837.1429,0.4878,0.4287,0.5559
232,2019-04-21,17,65+,325.4286,0.2486,0.2203,0.2806
233,2019-04-22,17,0-5,3293.5714,0.4623,0.3962,0.5414
233,2019-04-22,17,6-11,6114.1429,0.7715,0.6621,0.8989
233,2019-04-22,17,12-17,2996.2857,0.8880,0.7707,1.0238
233,2019-04-22,17,18-44,4317.1429,0.5869,0.5044,0.6812
233,2019-04-22,17,45-64,792.1429,0.4637,0.4054,0.5289
233,2019-04-22,17,65+,303.8571,0.2381,0.2104,0.2696
234,2019-04-23,17,0-5,3084.4286,0.4442,0.3814,0.5210
234,2019-04-23,17,6-11,5616.8571,0.7367,0.6309,0.8619
234,2019-04-23,17,12-17,2678.5714,0.8438,0.7309,0.9739
234,2019-04-23,17,18-44,3913.5714,0.5614,0.4839,0.6539
234,2019-04-23,17,45-64,724.5714,0.4452,0.3900,0.5090
234,2019-04-23,17,65+,285.2857,0.2305,0.2037,0.2613
235,2019-04-24,17,0-5,2881.8571,0.4331,0.3711,0.5080
235,2019-04-24,17,6-11,5126.1429,0.7125,0.6098,0.8337
235,2019-04-24,17,12-17,2398.1429,0.8123,0.7036,0.9369
235,2019-04-24,17,18-44,3565.4286,0.5467,0.4718,0.6370
235,2019-04-24,17,45-64,667.0000,0.4348,0.3809,0.4975
235,2019-04-24,17,65+,268.0000,0.2267,0.2002,0.2564
236,2019-04-25,17,0-5,2696.0000,0.4309,0.3681,0.5043
236,2019-04-25,17,6-11,4755.1429,0.7051,0.6010,0.8199
236,2019-04-25,17,12-17,2233.4286,0.7996,0.6919,0.9192
236,2019-04-25,17,18-44,3362.8571,0.5433,0.4691,0.6307
236,2019-04-25,17,45-64,641.8571,0.4335,0.3797,0.4948
236,2019-04-25,17,65+,260.2857,0.2274,0.2010,0.2572
237,2019-04-26,17,0-5,2342.1429,0.4356,0.3729,0.5105
237,2019-04-26,17,6-11,3885.0000,0.7085,0.6064,0.8281
237,2019-04-26,17,12-17,1758.1429,0.8019,0.6935,0.9236
237,2019-04-26,17,18-44,2779.8571,0.5499,0.4746,0.6382
237,2019-04-26,17,45-64,557.4286,0.4401,0.3854,0.5028
237,2019-04-26,17,65+,229.8571,0.2323,0.2051,0.2626
238,2019-04-27,17,0-5,2102.4286,0.4474,0.3819,0.5257
238,2019-04-27,17,6-11,3370.7143,0.7255,0.6207,0.8506
238,2019-04-27,17,12-17,1457.2857,0.8211,0.7116,0.9458
238,2019-04-27,17,18-44,2431.7143,0.5678,0.4892,0.6596
238,2019-04-27,17,45-64,508.8571,0.4556,0.3986,0.5208
238,2019-04-27,17,65+,206.8571,0.2413,0.2126,0.2734
239,2019-04-28,18,0-5,1884.2857,0.4643,0.3963,0.5442
239,2019-04-28,18,6-11,2974.5714,0.7498,0.6417,0.8757
239,2019-04-28,18,12-17,1246.7143,0.8495,0.7368,0.9768
239,2019-04-28,18,18-44,2128.8571,0.5924,0.5109,0.6907
239,2019-04-28,18,45-64,456.5714,0.4770,0.4178,0.5461
239,2019-04-28,18,65+,184.7143,0.2536,0.2237,0.2873
240,2019-04-29,18,0-5,1760.0000,0.4824,0.4123,0.5654
240,2019-04-29,18,6-11,2718.0000,0.7751,0.6654,0.9049
240,2019-04-29,18,12-17,1111.5714,0.8802,0.7638,1.0129
240,2019-04-29,18,18-44,1967.2857,0.6189,0.5344,0.7202
240,2019-04-29,18,45-64,429.4286,0.4995,0.4382,0.5713
240,2019-04-29,18,65+,182.1429,0.2666,0.2353,0.3028
241,2019-04-30,18,0-5,1634.0000,0.4985,0.4270,0.5862
241,2019-04-30,18,6-11,2518.8571,0.7974,0.6830,0.9314
241,2019-04-30,18,12-17,1020.4286,0.9083,0.7878,1.0470
241,2019-04-30,18,18-44,1832.4286,0.6435,0.5553,0.7528
241,2019-04-30,18,45-64,416.8571,0.5202,0.4558,0.5969
241,2019-04-30,18,65+,177.1429,0.2782,0.2449,0.3171
242,2019-05-01,18,0-5,1518.4286,0.5135,0.4383,0.5994
242,2019-05-01,18,6-11,2369.7143,0.8172,0.6988,0.9525
242,2019-05-01,18,12-17,944.1429,0.9328,0.8093,1.0735
242,2019-05-01,18,18-44,1735.1429,0.6660,0.5744,0.7765
242,2019-05-01,18,45-64,402.1429,0.5386,0.4713,0.6169
242,2019-05-01,18,65+,168.4286,0.2886,0.2539,0.3282
243,2019-05-02,18,0-5,1438.0000,0.5267,0.4486,0.6171
243,2019-05-02,18,6-11,2247.0000,0.8345,0.7150,0.9743
243,2019-05-02,18,12-17,901.5714,0.9539,0.8269,1.0979
243,2019-05-02,18,18-44,1676.7143,0.6854,0.5879,0.7984
243,2019-05-02,18,45-64,396.5714,0.5545,0.4834,0.6352
243,2019-05-02,18,65+,166.8571,0.2979,0.2616,0.3397
244,2019-05-03,18,0-5,1245.2857,0.5376,0.4597,0.6289
244,2019-05-03,18,6-11,1831.2857,0.8489,0.7315,0.9885
244,2019-05-03,18,12-17,720.4286,0.9742,0.8472,1.1195
244,2019-05-03,18,18-44,1414.8571,0.7017,0.6058,0.8172
244,2019-05-03,18,45-64,333.2857,0.5683,0.4978,0.6498
244,2019-05-03,18,65+,136.8571,0.3067,0.2699,0.3490
245,2019-05-04,18,0-5,1152.0000,0.5507,0.4698,0.6462
245,2019-05-04,18,6-11,1681.7143,0.8689,0.7493,1.0143
245,2019-05-04,18,12-17,664.8571,1.0001,0.8692,1.1490
245,2019-05-04,18,18-44,1339.8571,0.7243,0.6234,0.8442
245,2019-05-04,18,45-64,324.2857,0.5860,0.5128,0.6713
245,2019-05-04,18,65+,136.8571,0.3171,0.2787,0.3609
246,2019-05-05,19,0-5,1083.8571,0.5644,0.4823,0.6600
246,2019-05-05,19,6-11,1565.5714,0.8911,0.7679,1.0347
246,2019-05-05,19,12-17,622.1429,1.0261,0.8934,1.1776
246,2019-05-05,19,18-44,1262.2857,0.7440,0.6392,0.8670
246,2019-05-05,19,45-64,304.8571,0.6025,0.5260,0.6895
246,2019-05-05,19,65+,132.1429,0.3276,0.2879,0.3733
247,2019-05-06,19,0-5,987.8571,0.5789,0.4963,0.6749
247,2019-05-06,19,6-11,1423.7143,0.9149,0.7878,1.0600
247,2019-05-06,19,12-17,563.7143,1.0560,0.9185,1.2103
247,2019-05-06,19,18-44,1148.4286,0.7651,0.6586,0.8894
247,2019-05-06,19,45-64,277.4286,0.6200,0.5425,0.7081
247,2019-05-06,19,65+,120.4286,0.3393,0.2973,0.3869
248,2019-05-07,19,0-5,903.8571,0.5913,0.5078,0.6920
248,2019-05-07,19,6-11,1262.7143,0.9340,0.8082,1.0845
248,2019-05-07,19,12-17,498.7143,1.0803,0.9425,1.2363
248,2019-05-07,19,18-44,1056.7143,0.7809,0.6720,0.9051
248,2019-05-07,19,45-64,261.7143,0.6334,0.5545,0.7228
248,2019-05-07,19,65+,113.1429,0.3496,0.3070,0.3983
249,2019-05-08,19,0-5,839.5714,0.6018,0.5161,0.7031
249,2019-05-08,19,6-11,1138.4286,0.9522,0.8236,1.1089
249,2019-05-08,19,12-17,456.5714,1.1028,0.9609,1.2656
249,2019-05-08,19,18-44,1003.4286,0.7911,0.6815,0.9219
249,2019-05-08,19,45-64,244.2857,0.6429,0.5630,0.7360
249,2019-05-08,19,65+,107.4286,0.3583,0.3141,0.4101
250,2019-05-09,19,0-5,806.7143,0.6048,0.5200,0.7080
250,2019-05-09,19,6-11,1094.2857,0.9597,0.8289,1.1201
250,2019-05-09,19,12-17,441.7143,1.1104,0.9690,1.2752
250,2019-05-09,19,18-44,984.8571,0.7921,0.6844,0.9200
250,2019-05-09,19,45-64,237.8571,0.6449,0.5659,0.7362
250,2019-05-09,19,65+,106.2857,0.3627,0.3180,0.4139
251,2019-05-10,19,0-5,786.7143,0.6008,0.5146,0.7019
251,2019-05-10,19,6-11,1110.4286,0.9560,0.8251,1.1090
251,2019-05-10,19,12-17,464.2857,1.1029,0.9632,1.2627
251,2019-05-10,19,18-44,999.0000,0.7795,0.6748,0.9054
251,2019-05-10,19,45-64,247.0000,0.6364,0.5593,0.7261
251,2019-05-10,19,65+,115.7143,0.3612,0.3164,0.4136
252,2019-05-11,19,0-5,723.7143,0.5924,0.5061,0.6919
252,2019-05-11,19,6-11,987.5714,0.9414,0.8112,1.0954
252,2019-05-11,19,12-17,414.8571,1.0825,0.9449,1.2426
252,2019-05-11,19,18-44,909.4286,0.7602,0.6608,0.8782
252,2019-05-11,19,45-64,218.8571,0.6217,0.5476,0.7075
252,2019-05-11,19,65+,108.1429,0.3559,0.3122,0.4073
253,2019-05-12,20,0-5,685.1429,0.5783,0.4951,0.6749
253,2019-05-12,20,6-11,910.5714,0.9190,0.7907,1.0696
253,2019-05-12,20,12-17,381.4286,1.0562,0.9213,1.2106
253,2019-05-12,20,18-44,836.8571,0.7377,0.6401,0.8557
253,2019-05-12,20,45-64,208.7143,0.6045,0.5317,0.6891
253,2019-05-12,20,65+,105.0000,0.3485,0.3049,0.3999
254,2019-05-13,20,0-5,644.4286,0.5600,0.4805,0.6546
254,2019-05-13,20,6-11,856.2857,0.8919,0.7693,1.0360
254,2019-05-13,20,12-17,366.8571,1.0257,0.8952,1.1758
254,2019-05-13,20,18-44,769.4286,0.7135,0.6195,0.8254
254,2019-05-13,20,45-64,193.2857,0.5856,0.5159,0.6662
254,2019-05-13,20,65+,100.5714,0.3395,0.2966,0.3888
255,2019-05-14,20,0-5,622.5714,0.5407,0.4616,0.6322
255,2019-05-14,20,6-11,835.4286,0.8604,0.7402,0.9974
255,2019-05-14,20,12-17,352.1429,0.9926,0.8633,1.1359
255,2019-05-14,20,18-44,708.0000,0.6874,0.5964,0.8008
255,2019-05-14,20,45-64,176.0000,0.5667,0.4987,0.6479
255,2019-05-14,20,65+,95.7143,0.3301,0.2886,0.3788
256,2019-05-15,20,0-5,579.2857,0.5200,0.4457,0.6074
256,2019-05-15,20,6-11,787.4286,0.8249,0.7114,0.9601
256,2019-05-15,20,12-17,335.0000,0.9545,0.8313,1.0954
256,2019-05-15,20,18-44,646.1429,0.6628,0.5773,0.7661
256,2019-05-15,20,45-64,168.7143,0.5476,0.4824,0.6231
256,2019-05-15,20,65+,92.5714,0.3196,0.2792,0.3675
257,2019-05-16,20,0-5,549.1429,0.5031,0.4310,0.5888
257,2019-05-16,20,6-11,748.0000,0.7947,0.6866,0.9244
257,2019-05-16,20,12-17,326.7143,0.9238,0.8054,1.0601
257,2019-05-16,20,18-44,608.2857,0.6453,0.5603,0.7464
257,2019-05-16,20,45-64,163.1429,0.5341,0.4695,0.6082
257,2019-05-16,20,65+,90.0000,0.3129,0.2722,0.3584
258,2019-05-17,20,0-5,485.1429,0.4926,0.4215,0.5744
258,2019-05-17,20,6-11,641.8571,0.7771,0.6710,0.9026
258,2019-05-17,20,12-17,280.7143,0.9067,0.7875,1.0428
258,2019-05-17,20,18-44,533.2857,0.6352,0.5499,0.7366
258,2019-05-17,20,45-64,143.8571,0.5268,0.4627,0.6008
258,2019-05-17,20,65+,82.1429,0.3097,0.2696,0.3563
259,2019-05-18,20,0-5,436.1429,0.4860,0.4159,0.5698
259,2019-05-18,20,6-11,557.4286,0.7696,0.6627,0.8922
259,2019-05-18,20,12-17,251.8571,0.9014,0.7850,1.0347
259,2019-05-18,20,18-44,480.8571,0.6322,0.5469,0.7301
259,2019-05-18,20,45-64,133.0000,0.5258,0.4614,0.5979
259,2019-05-18,20,65+,73.1429,0.3102,0.2697,0.3581
260,2019-05-19,21,0-5,389.1429,0.4876,0.4161,0.5717
260,2019-05-19,21,6-11,493.7143,0.7718,0.6642,0.9000
260,2019-05-19,21,12-17,232.8571,0.9086,0.7900,1.0452
260,2019-05-19,21,18-44,431.8571,0.6376,0.5516,0.7400
260,2019-05-19,21,45-64,123.5714,0.5314,0.4659,0.6069
260,2019-05-19,21,65+,67.7143,0.3157,0.2740,0.3643
261,2019-05-20,21,0-5,355.1429,0.4902,0.4203,0.5728
261,2019-05-20,21,6-11,448.4286,0.7795,0.6714,0.9033
261,2019-05-20,21,12-17,206.0000,0.9232,0.8035,1.0601
261,2019-05-20,21,18-44,385.0000,0.6459,0.5590,0.7480
261,2019-05-20,21,45-64,114.1429,0.5399,0.4737,0.6155
261,2019-05-20,21,65+,62.7143,0.3235,0.2805,0.3742
262,2019-05-21,21,0-5,319.2857,0.4950,0.4241,0.5797
262,2019-05-21,21,6-11,396.7143,0.7892,0.6785,0.9151
262,2019-05-21,21,12-17,189.4286,0.9404,0.8158,1.0807
262,2019-05-21,21,18-44,343.7143,0.6564,0.5676,0.7627
262,2019-05-21,21,45-64,105.8571,0.5509,0.4829,0.6298
262,2019-05-21,21,65+,57.4286,0.3342,0.2882,0.3874
263,2019-05-22,21,0-5,295.8571,0.5006,0.4272,0.5846
263,2019-05-22,21,6-11,374.0000,0.8001,0.6884,0.9298
263,2019-05-22,21,12-17,180.0000,0.9599,0.8324,1.1037
263,2019-05-22,21,18-44,323.1429,0.6711,0.5794,0.7784
263,2019-05-22,21,45-64,96.1429,0.5648,0.4947,0.6451
263,2019-05-22,21,65+,54.5714,0.3455,0.2987,0.4014
264,2019-05-23,21,0-5,275.8571,0.5055,0.4336,0.5897
264,2019-05-23,21,6-11,353.5714,0.8121,0.6996,0.9431
264,2019-05-23,21,12-17,173.7143,0.9768,0.8464,1.1251
264,2019-05-23,21,18-44,313.7143,0.6809,0.5899,0.7928
264,2019-05-23,21,45-64,93.7143,0.5769,0.5051,0.6604
264,2019-05-23,21,65+,53.7143,0.3570,0.3081,0.4182
265,2019-05-24,21,0-5,236.5714,0.5110,0.4399,0.5975
265,2019-05-24,21,6-11,302.1429,0.8224,0.7102,0.9525
265,2019-05-24,21,12-17,160.4286,0.9892,0.8596,1.1358
265,2019-05-24,21,18-44,272.8571,0.6920,0.5968,0.8017
265,2019-05-24,21,45-64,81.4286,0.5891,0.5153,0.6725
265,2019-05-24,21,65+,48.4286,0.3692,0.3176,0.4329
266,2019-05-25,21,0-5,208.1429,0.5161,0.4443,0.6047
266,2019-05-25,21,6-11,272.7143,0.8288,0.7170,0.9641
266,2019-05-25,21,12-17,146.4286,0.9954,0.8662,1.1453
266,2019-05-25,21,18-44,250.5714,0.7002,0.6066,0.8145
266,2019-05-25,21,45-64,76.0000,0.6002,0.5256,0.6865
266,2019-05-25,21,65+,46.2857,0.3805,0.3277,0.4457
267,2019-05-26,22,0-5,190.2857,0.5211,0.4465,0.6074
267,2019-05-26,22,6-11,251.7143,0.8334,0.7201,0.9644
267,2019-05-26,22,12-17,134.8571,0.9973,0.8668,1.1465
267,2019-05-26,22,18-44,228.4286,0.7063,0.6122,0.8204
267,2019-05-26,22,45-64,70.7143,0.6087,0.5339,0.6958
267,2019-05-26,22,65+,47.1429,0.3901,0.3359,0.4570
268,2019-05-27,22,0-5,171.1429,0.5244,0.4500,0.6144
268,2019-05-27,22,6-11,232.5714,0.8353,0.7203,0.9707
268,2019-05-27,22,12-17,122.4286,0.9978,0.8682,1.1489
268,2019-05-27,22,18-44,209.5714,0.7134,0.6190,0.8263
268,2019-05-27,22,45-64,67.2857,0.6173,0.5416,0.7053
268,2019-05-27,22,65+,45.1429,0.3985,0.3421,0.4668
269,2019-05-28,22,0-5,152.2857,0.5247,0.4502,0.6135
269,2019-05-28,22,6-11,214.5714,0.8347,0.7209,0.9674
269,2019-05-28,22,12-17,111.5714,0.9954,0.8645,1.1436
269,2019-05-28,22,18-44,188.8571,0.7165,0.6202,0.8293
269,2019-05-28,22,45-64,63.2857,0.6224,0.5447,0.7118
269,2019-05-28,22,65+,42.1429,0.4042,0.3462,0.4750
270,2019-05-29,22,0-5,142.0000,0.5194,0.4452,0.6060
270,2019-05-29,22,6-11,194.7143,0.8262,0.7121,0.9609
270,2019-05-29,22,12-17,103.2857,0.9846,0.8537,1.1348
270,2019-05-29,22,18-44,176.5714,0.7130,0.6153,0.8257
270,2019-05-29,22,45-64,61.4286,0.6204,0.5420,0.7105
270,2019-05-29,22,65+,40.8571,0.4049,0.3454,0.4771
271,2019-05-30,22,0-5,135.7143,0.5114,0.4401,0.5983
271,2019-05-30,22,6-11,185.2857,0.8134,0.7011,0.9435
271,2019-05-30,22,12-17,96.8571,0.9679,0.8412,1.1147
271,2019-05-30,22,18-44,167.8571,0.7061,0.6110,0.8138
271,2019-05-30,22,45-64,61.1429,0.6159,0.5390,0.7021
271,2019-05-30,22,65+,39.7143,0.4043,0.3456,0.4752
272,2019-05-31,22,0-5,120.0000,0.5055,0.4326,0.5903
272,2019-05-31,22,6-11,167.2857,0.8016,0.6888,0.9328
272,2019-05-31,22,12-17,87.2857,0.9534,0.8265,1.0972
272,2019-05-31,22,18-44,154.5714,0.6971,0.6041,0.8093
272,2019-05-31,22,45-64,59.2857,0.6094,0.5331,0.6980
272,2019-05-31,22,65+,37.7143,0.4030,0.3422,0.4749
273,2019-06-01,22,0-5,110.4286,0.4995,0.4279,0.5837
273,2019-06-01,22,6-11,152.4286,0.7916,0.6820,0.9214
273,2019-06-01,22,12-17,77.7143,0.9425,0.8175,1.0848
273,2019-06-01,22,18-44,143.8571,0.6935,0.5992,0.8030
273,2019-06-01,22,45-64,56.8571,0.6068,0.5298,0.6940
273,2019-06-01,22,65+,36.8571,0.4022,0.3424,0.4728
274,2019-06-02,23,0-5,99.4286,0.4997,0.4271,0.5829
274,2019-06-02,23,6-11,136.1429,0.7891,0.6775,0.9178
274,2019-06-02,23,12-17,69.5714,0.9397,0.8145,1.0820
274,2019-06-02,23,18-44,131.1429,0.6976,0.6022,0.8097
274,2019-06-02,23,45-64,52.0000,0.6107,0.5331,0.6996
274,2019-06-02,23,65+,33.0000,0.4064,0.3454,0.4812
275,2019-06-03,23,0-5,86.1429,0.5027,0.4315,0.5872
275,2019-06-03,23,6-11,119.2857,0.7898,0.6803,0.9162
275,2019-06-03,23,12-17,59.8571,0.9442,0.8196,1.0870
275,2019-06-03,23,18-44,112.8571,0.7103,0.6131,0.8276
275,2019-06-03,23,45-64,42.8571,0.6227,0.5433,0.7158
275,2019-06-03,23,65+,27.7143,0.4152,0.3525,0.4925
276,2019-06-04,23,0-5,80.2857,0.5109,0.4372,0.5955
276,2019-06-04,23,6-11,111.4286,0.7939,0.6826,0.9215
276,2019-06-04,23,12-17,56.1429,0.9529,0.8250,1.0977
276,2019-06-04,23,18-44,103.0000,0.7301,0.6273,0.8553
276,2019-06-04,23,45-64,39.0000,0.6413,0.5578,0.7382
276,2019-06-04,23,65+,27.7143,0.4276,0.3619,0.5064
277,2019-06-05,23,0-5,71.4286,0.5211,0.4478,0.6112
277,2019-06-05,23,6-11,104.1429,0.8010,0.6908,0.9310
277,2019-06-05,23,12-17,50.4286,0.9678,0.8387,1.1150
277,2019-06-05,23,18-44,94.2857,0.7569,0.6516,0.8855
277,2019-06-05,23,45-64,35.8571,0.6671,0.5802,0.7695
277,2019-06-05,23,65+,26.4286,0.4417,0.3738,0.5253
278,2019-06-06,23,0-5,65.4286,0.5361,0.4601,0.6275
278,2019-06-06,23,6-11,99.5714,0.8128,0.7025,0.9427
278,2019-06-06,23,12-17,49.1429,0.9870,0.8559,1.1352
278,2019-06-06,23,18-44,91.2857,0.7869,0.6798,0.9199
278,2019-06-06,23,45-64,35.0000,0.6972,0.6061,0.8037
278,2019-06-06,23,65+,26.5714,0.4585,0.3877,0.5453
279,2019-06-07,23,0-5,59.7143,0.5538,0.4757,0.6481
279,2019-06-07,23,6-11,81.2857,0.8318,0.7191,0.9642
279,2019-06-07,23,12-17,38.0000,1.0159,0.8807,1.1699
279,2019-06-07,23,18-44,85.1429,0.8230,0.7068,0.9565
279,2019-06-07,23,45-64,32.7143,0.7311,0.6344,0.8417
279,2019-06-07,23,65+,25.1429,0.4772,0.4038,0.5666
280,2019-06-08,23,0-5,53.1429,0.5722,0.4913,0.6668
280,2019-06-08,23,6-11,70.5714,0.8537,0.7388,0.9847
280,2019-06-08,23,12-17,34.7143,1.0454,0.9079,1.2022
280,2019-06-08,23,18-44,82.1429,0.8541,0.7351,0.9930
280,2019-06-08,23,45-64,32.0000,0.7634,0.6627,0.8819
280,2019-06-08,23,65+,23.4286,0.4960,0.4196,0.5885
281,2019-06-09,24,0-5,48.7143,0.5897,0.5035,0.6891
281,2019-06-09,24,6-11,62.0000,0.8731,0.7567,1.0117
281,2019-06-09,24,12-17,32.0000,1.0712,0.9297,1.2341
281,2019-06-09,24,18-44,78.5714,0.8797,0.7557,1.0218
281,2019-06-09,24,45-64,31.2857,0.7908,0.6856,0.9116
281,2019-06-09,24,65+,22.7143,0.5116,0.4323,0.6093
282,2019-06-10,24,0-5,49.5714,0.6031,0.5160,0.7040
282,2019-06-10,24,6-11,62.5714,0.8907,0.7677,1.0279
282,2019-06-10,24,12-17,33.7143,1.0903,0.9455,1.2552
282,2019-06-10,24,18-44,79.7143,0.8952,0.7707,1.0405
282,2019-06-10,24,45-64,37.5714,0.8093,0.7019,0.9355
282,2019-06-10,24,65+,23.0000,0.5260,0.4437,0.6270
283,2019-06-11,24,0-5,44.2857,0.6127,0.5245,0.7148
283,2019-06-11,24,6-11,54.1429,0.9029,0.7796,1.0408
283,2019-06-11,24,12-17,27.2857,1.1034,0.9592,1.2667
283,2019-06-11,24,18-44,75.5714,0.9022,0.7794,1.0473
283,2019-06-11,24,45-64,35.8571,0.8210,0.7122,0.9465
283,2019-06-11,24,65+,18.8571,0.5397,0.4552,0.6412
284,2019-06-12,24,0-5,44.5714,0.6195,0.5299,0.7264
284,2019-06-12,24,6-11,51.2857,0.9127,0.7891,1.0528
284,2019-06-12,24,12-17,26.4286,1.1136,0.9661,1.2795
284,2019-06-12,24,18-44,72.1429,0.9036,0.7795,1.0486
284,2019-06-12,24,45-64,35.2857,0.8265,0.7172,0.9519
284,2019-06-12,24,65+,18.8571,0.5521,0.4657,0.6577
285,2019-06-13,24,0-5,43.2857,0.6252,0.5345,0.7322
285,2019-06-13,24,6-11,48.8571,0.9231,0.7967,1.0655
285,2019-06-13,24,12-17,25.8571,1.1251,0.9766,1.2924
285,2019-06-13,24,18-44,70.5714,0.9075,0.7840,1.0511
285,2019-06-13,24,45-64,35.2857,0.8331,0.7238,0.9585
285,2019-06-13,24,65+,18.8571,0.5661,0.4770,0.6699
286,2019-06-14,24,0-5,41.0000,0.6319,0.5402,0.7383
286,2019-06-14,24,6-11,41.8571,0.9355,0.8082,1.0858
286,2019-06-14,24,12-17,26.2857,1.1383,0.9892,1.3103
286,2019-06-14,24,18-44,60.1429,0.9130,0.7893,1.0602
286,2019-06-14,24,45-64,33.5714,0.8412,0.7308,0.9675
286,2019-06-14,24,65+,16.8571,0.5818,0.4894,0.6925
287,2019-06-15,24,0-5,39.4286,0.6421,0.5506,0.7533
287,2019-06-15,24,6-11,38.2857,0.9564,0.8274,1.1077
287,2019-06-15,24,12-17,24.7143,1.1588,1.0071,1.3352
287,2019-06-15,24,18-44,54.1429,0.9247,0.8003,1.0717
287,2019-06-15,24,45-64,33.0000,0.8528,0.7412,0.9818
287,2019-06-15,24,65+,17.7143,0.5972,0.5016,0.7179
288,2019-06-16,25,0-5,36.7143,0.6550,0.5622,0.7691
288,2019-06-16,25,6-11,36.5714,0.9816,0.8482,1.1403
288,2019-06-16,25,12-17,22.2857,1.1866,1.0303,1.3658
288,2019-06-16,25,18-44,50.8571,0.9418,0.8152,1.0927
288,2019-06-16,25,45-64,32.0000,0.8683,0.7549,1.0009
288,2019-06-16,25,65+,17.7143,0.6147,0.5168,0.7356
289,2019-06-17,25,0-5,33.8571,0.6720,0.5770,0.7848
289,2019-06-17,25,6-11,34.8571,1.0113,0.8734,1.1734
289,2019-06-17,25,12-17,20.1429,1.2180,1.0589,1.3975
289,2019-06-17,25,18-44,51.1429,0.9639,0.8337,1.1147
289,2019-06-17,25,45-64,28.1429,0.8879,0.7725,1.0208
289,2019-06-17,25,65+,18.4286,0.6310,0.5318,0.7593
290,2019-06-18,25,0-5,31.7143,0.6870,0.5882,0.8032
290,2019-06-18,25,6-11,34.0000,1.0391,0.8983,1.2090
290,2019-06-18,25,12-17,20.8571,1.2453,1.0811,1.4353
290,2019-06-18,25,18-44,48.0000,0.9805,0.8486,1.1378
290,2019-06-18,25,45-64,28.2857,0.9037,0.7856,1.0429
290,2019-06-18,25,65+,19.5714,0.6446,0.5426,0.7784
291,2019-06-19,25,0-5,28.5714,0.7020,0.5998,0.8224
291,2019-06-19,25,6-11,33.4286,1.0699,0.9247,1.2368
291,2019-06-19,25,12-17,20.2857,1.2746,1.1064,1.4673
291,2019-06-19,25,18-44,47.2857,0.9984,0.8613,1.1555
291,2019-06-19,25,45-64,28.1429,0.9199,0.7976,1.0587
291,2019-06-19,25,65+,20.2857,0.6555,0.5497,0.7866
292,2019-06-20,25,0-5,29.8571,0.7116,0.6087,0.8327
292,2019-06-20,25,6-11,34.1429,1.0924,0.9440,1.2693
292,2019-06-20,25,12-17,20.2857,1.2946,1.1240,1.4909
292,2019-06-20,25,18-44,46.4286,1.0088,0.8706,1.1710
292,2019-06-20,25,45-64,27.8571,0.9297,0.8076,1.0699
292,2019-06-20,25,65+,19.5714,0.6621,0.5564,0.7894
293,2019-06-21,25,0-5,31.1429,0.7108,0.6101,0.8294
293,2019-06-21,25,6-11,34.1429,1.1033,0.9534,1.2868
293,2019-06-21,25,12-17,19.0000,1.3078,1.1348,1.5062
293,2019-06-21,25,18-44,45.5714,1.0117,0.8741,1.1710
293,2019-06-21,25,45-64,26.2857,0.9342,0.8128,1.0745
293,2019-06-21,25,65+,20.0000,0.6626,0.5580,0.7919
294,2019-06-22,25,0-5,31.0000,0.7040,0.6053,0.8239
294,2019-06-22,25,6-11,34.5714,1.1066,0.9544,1.2837
294,2019-06-22,25,12-17,17.8571,1.3117,1.1358,1.5142
294,2019-06-22,25,18-44,45.8571,1.0085,0.8709,1.1711
294,2019-06-22,25,45-64,25.7143,0.9321,0.8107,1.0737
294,2019-06-22,25,65+,18.8571,0.6589,0.5548,0.7850
295,2019-06-23,26,0-5,28.7143,0.6922,0.5962,0.8065
295,2019-06-23,26,6-11,35.7143,1.1008,0.9490,1.2782
295,2019-06-23,26,12-17,17.5714,1.3092,1.1356,1.5077
295,2019-06-23,26,18-44,44.5714,1.0016,0.8672,1.1592
295,2019-06-23,26,45-64,25.4286,0.9263,0.8061,1.0655
295,2019-06-23,26,65+,18.0000,0.6504,0.5460,0.7741
296,2019-06-24,26,0-5,28.2857,0.6743,0.5796,0.7858
296,2019-06-24,26,6-11,35.5714,1.0859,0.9308,1.2687
296,2019-06-24,26,12-17,17.7143,1.2974,1.1214,1.4979
296,2019-06-24,26,18-44,41.4286,0.9861,0.8523,1.1415
296,2019-06-24,26,45-64,26.2857,0.9126,0.7921,1.0516
296,2019-06-24,26,65+,18.7143,0.6372,0.5358,0.7624
297,2019-06-25,26,0-5,28.0000,0.6533,0.5602,0.7594
297,2019-06-25,26,6-11,36.5714,1.0634,0.9150,1.2423
297,2019-06-25,26,12-17,16.8571,1.2807,1.1106,1.4817
297,2019-06-25,26,18-44,41.1429,0.9668,0.8351,1.1257
297,2019-06-25,26,45-64,26.1429,0.8945,0.7760,1.0347
297,2019-06-25,26,65+,19.0000,0.6204,0.5193,0.7435
298,2019-06-26,26,0-5,28.5714,0.6300,0.5425,0.7363
298,2019-06-26,26,6-11,37.1429,1.0393,0.8930,1.2104
298,2019-06-26,26,12-17,16.5714,1.2608,1.0906,1.4534
298,2019-06-26,26,18-44,39.8571,0.9464,0.8168,1.1007
298,2019-06-26,26,45-64,26.0000,0.8758,0.7604,1.0103
298,2019-06-26,26,65+,18.1429,0.6039,0.5059,0.7247
299,2019-06-27,26,0-5,26.8571,0.6114,0.5264,0.7122
299,2019-06-27,26,6-11,36.4286,1.0184,0.8751,1.1894
299,2019-06-27,26,12-17,16.5714,1.2424,1.0753,1.4349
299,2019-06-27,26,18-44,39.7143,0.9292,0.8007,1.0798
299,2019-06-27,26,45-64,25.4286,0.8599,0.7444,0.9936
299,2019-06-27,26,65+,18.1429,0.5874,0.4930,0.7036
300,2019-06-28,26,0-5,22.2857,0.5994,0.5167,0.6975
300,2019-06-28,26,6-11,37.2857,1.0048,0.8614,1.1761
300,2019-06-28,26,12-17,16.4286,1.2322,1.0641,1.4236
300,2019-06-28,26,18-44,41.1429,0.9203,0.7920,1.0727
300,2019-06-28,26,45-64,24.7143,0.8516,0.7364,0.9851
300,2019-06-28,26,65+,16.7143,0.5772,0.4824,0.6932
301,2019-06-29,26,0-5,20.0000,0.5941,0.5114,0.6905
301,2019-06-29,26,6-11,34.8571,0.9989,0.8565,1.1683
301,2019-06-29,26,12-17,17.2857,1.2267,1.0610,1.4180
301,2019-06-29,26,18-44,37.0000,0.9174,0.7896,1.0662
301,2019-06-29,26,45-64,22.8571,0.8481,0.7337,0.9805
301,2019-06-29,26,65+,16.0000,0.5705,0.4787,0.6843
302,2019-06-30,27,0-5,18.2857,0.5946,0.5112,0.6919
302,2019-06-30,27,6-11,32.5714,1.0012,0.8584,1.1766
302,2019-06-30,27,12-17,17.0000,1.2300,1.0637,1.4223
302,2019-06-30,27,18-44,35.4286,0.9234,0.7961,1.0735
302,2019-06-30,27,45-64,21.4286,0.8553,0.7402,0.9876
302,2019-06-30,27,65+,15.7143,0.5693,0.4811,0.6841
303,2019-07-01,27,0-5,17.7143,0.6000,0.5169,0.6989
303,2019-07-01,27,6-11,33.2857,1.0113,0.8655,1.1851
303,2019-07-01,27,12-17,15.7143,1.2419,1.0727,1.4366
303,2019-07-01,27,18-44,36.2857,0.9370,0.8063,1.0913
303,2019-07-01,27,45-64,21.0000,0.8691,0.7506,1.0063
303,2019-07-01,27,65+,14.4286,0.5771,0.4853,0.6917
304,2019-07-02,27,0-5,17.1429,0.6076,0.5235,0.7089
304,2019-07-02,27,6-11,32.5714,1.0228,0.8772,1.1975
304,2019-07-02,27,12-17,15.5714,1.2535,1.0825,1.4498
304,2019-07-02,27,18-44,34.7143,0.9519,0.8209,1.1117
304,2019-07-02,27,45-64,20.4286,0.8856,0.7649,1.0280
304,2019-07-02,27,65+,13.0000,0.5878,0.4942,0.7060
305,2019-07-03,27,0-5,16.1429,0.6170,0.5312,0.7191
305,2019-07-03,27,6-11,31.2857,1.0402,0.8877,1.2200
305,2019-07-03,27,12-17,15.7143,1.2723,1.0980,1.4688
305,2019-07-03,27,18-44,33.7143,0.9715,0.8365,1.1328
305,2019-07-03,27,45-64,20.4286,0.9053,0.7832,1.0480
305,2019-07-03,27,65+,12.5714,0.6031,0.5068,0.7260
306,2019-07-04,27,0-5,16.5714,0.6254,0.5384,0.7284
306,2019-07-04,27,6-11,31.4286,1.0551,0.9023,1.2392
306,2019-07-04,27,12-17,15.5714,1.2899,1.1131,1.4913
306,2019-07-04,27,18-44,33.7143,0.9885,0.8517,1.1565
306,2019-07-04,27,45-64,21.0000,0.9217,0.7976,1.0711
306,2019-07-04,27,65+,12.4286,0.6177,0.5182,0.7409
307,2019-07-05,27,0-5,16.5714,0.6305,0.5428,0.7314
307,2019-07-05,27,6-11,31.7143,1.0658,0.9122,1.2559
307,2019-07-05,27,12-17,14.4286,1.3050,1.1266,1.5128
307,2019-07-05,27,18-44,32.4286,1.0017,0.8620,1.1671
307,2019-07-05,27,45-64,22.8571,0.9338,0.8068,1.0812
307,2019-07-05,27,65+,12.2857,0.6313,0.5288,0.7575
308,2019-07-06,27,0-5,16.2857,0.6317,0.5439,0.7331
308,2019-07-06,27,6-11,32.2857,1.0712,0.9155,1.2532
308,2019-07-06,27,12-17,12.7143,1.3161,1.1359,1.5208
308,2019-07-06,27,18-44,33.8571,1.0090,0.8678,1.1770
308,2019-07-06,27,45-64,22.8571,0.9414,0.8136,1.0908
308,2019-07-06,27,65+,12.2857,0.6431,0.5374,0.7765
309,2019-07-07,28,0-5,15.8571,0.6297,0.5435,0.7310
309,2019-07-07,28,6-11,33.0000,1.0699,0.9179,1.2515
309,2019-07-07,28,12-17,13.0000,1.3193,1.1392,1.5277
309,2019-07-07,28,18-44,33.8571,1.0105,0.8664,1.1785
309,2019-07-07,28,45-64,22.4286,0.9436,0.8136,1.0926
309,2019-07-07,28,65+,11.5714,0.6515,0.5436,0.7858
310,2019-07-08,28,0-5,14.7143,0.6267,0.5427,0.7259
310,2019-07-08,28,6-11,30.0000,1.0661,0.9155,1.2487
310,2019-07-08,28,12-17,13.5714,1.3216,1.1426,1.5262
310,2019-07-08,28,18-44,32.1429,1.0083,0.8671,1.1761
310,2019-07-08,28,45-64,21.0000,0.9408,0.8131,1.0888
310,2019-07-08,28,65+,13.2857,0.6571,0.5485,0.7923
311,2019-07-09,28,0-5,14.1429,0.6217,0.5364,0.7214
311,2019-07-09,28,6-11,30.0000,1.0552,0.9060,1.2387
311,2019-07-09,28,12-17,13.2857,1.3128,1.1358,1.5226
311,2019-07-09,28,18-44,33.4286,1.0010,0.8592,1.1686
311,2019-07-09,28,45-64,21.5714,0.9349,0.8056,1.0814
311,2019-07-09,28,65+,13.1429,0.6571,0.5480,0.7904
312,2019-07-10,28,0-5,13.4286,0.6151,0.5299,0.7128
312,2019-07-10,28,6-11,30.8571,1.0440,0.8926,1.2244
312,2019-07-10,28,12-17,13.5714,1.3031,1.1239,1.5118
312,2019-07-10,28,18-44,33.5714,0.9903,0.8496,1.1577
312,2019-07-10,28,45-64,20.2857,0.9243,0.7964,1.0699
312,2019-07-10,28,65+,13.1429,0.6511,0.5441,0.7886
313,2019-07-11,28,0-5,13.5714,0.6061,0.5215,0.7039
313,2019-07-11,28,6-11,31.2857,1.0289,0.8800,1.2088
313,2019-07-11,28,12-17,13.0000,1.2885,1.1104,1.4929
313,2019-07-11,28,18-44,32.7143,0.9755,0.8361,1.1381
313,2019-07-11,28,45-64,20.2857,0.9105,0.7852,1.0557
313,2019-07-11,28,65+,13.2857,0.6439,0.5360,0.7730
314,2019-07-12,28,0-5,13.1429,0.5967,0.5133,0.6937
314,2019-07-12,28,6-11,29.1429,1.0139,0.8646,1.1913
314,2019-07-12,28,12-17,14.1429,1.2717,1.0955,1.4753
314,2019-07-12,28,18-44,31.7143,0.9598,0.8231,1.1211
314,2019-07-12,28,45-64,18.5714,0.8965,0.7740,1.0399
314,2019-07-12,28,65+,15.0000,0.6331,0.5282,0.7633
315,2019-07-13,28,0-5,12.7143,0.5872,0.5061,0.6846
315,2019-07-13,28,6-11,27.8571,0.9987,0.8572,1.1729
315,2019-07-13,28,12-17,14.2857,1.2551,1.0843,1.4589
315,2019-07-13,28,18-44,30.8571,0.9407,0.8117,1.0995
315,2019-07-13,28,45-64,18.8571,0.8807,0.7609,1.0229
315,2019-07-13,28,65+,15.0000,0.6218,0.5169,0.7549
316,2019-07-14,29,0-5,12.5714,0.5815,0.5005,0.6745
316,2019-07-14,29,6-11,26.0000,0.9905,0.8485,1.1598
316,2019-07-14,29,12-17,14.0000,1.2434,1.0726,1.4398
316,2019-07-14,29,18-44,31.1429,0.9286,0.7979,1.0810
316,2019-07-14,29,45-64,19.4286,0.8693,0.7504,1.0084
316,2019-07-14,29,65+,14.2857,0.6113,0.5092,0.7374
317,2019-07-15,29,0-5,12.4286,0.5742,0.4933,0.6690
317,2019-07-15,29,6-11,27.1429,0.9789,0.8376,1.1522
317,2019-07-15,29,12-17,14.0000,1.2300,1.0616,1.4255
317,2019-07-15,29,18-44,31.0000,0.9139,0.7862,1.0619
317,2019-07-15,29,45-64,19.4286,0.8579,0.7413,0.9945
317,2019-07-15,29,65+,12.5714,0.6042,0.5010,0.7322
318,2019-07-16,29,0-5,12.2857,0.5702,0.4899,0.6665
318,2019-07-16,29,6-11,26.7143,0.9749,0.8317,1.1444
318,2019-07-16,29,12-17,13.2857,1.2206,1.0509,1.4180
318,2019-07-16,29,18-44,28.5714,0.9022,0.7763,1.0499
318,2019-07-16,29,45-64,17.5714,0.8505,0.7336,0.9876
318,2019-07-16,29,65+,12.1429,0.6022,0.4999,0.7309
319,2019-07-17,29,0-5,11.5714,0.5705,0.4891,0.6677
319,2019-07-17,29,6-11,25.4286,0.9792,0.8354,1.1476
319,2019-07-17,29,12-17,12.4286,1.2205,1.0519,1.4172
319,2019-07-17,29,18-44,28.1429,0.8959,0.7719,1.0424
319,2019-07-17,29,45-64,17.8571,0.8488,0.7323,0.9846
319,2019-07-17,29,65+,11.8571,0.6068,0.5046,0.7354
320,2019-07-18,29,0-5,10.8571,0.5727,0.4924,0.6699
320,2019-07-18,29,6-11,24.1429,0.9874,0.8405,1.1612
320,2019-07-18,29,12-17,12.5714,1.2262,1.0554,1.4286
320,2019-07-18,29,18-44,28.7143,0.8962,0.7716,1.0455
320,2019-07-18,29,45-64,17.2857,0.8526,0.7352,0.9914
320,2019-07-18,29,65+,11.8571,0.6133,0.5093,0.7441
321,2019-07-19,29,0-5,10.5714,0.5794,0.4974,0.6769
321,2019-07-19,29,6-11,22.5714,1.0019,0.8538,1.1750
321,2019-07-19,29,12-17,12.4286,1.2368,1.0627,1.4385
321,2019-07-19,29,18-44,26.5714,0.9028,0.7767,1.0514
321,2019-07-19,29,45-64,16.2857,0.8621,0.7436,1.0007
321,2019-07-19,29,65+,10.0000,0.6262,0.5166,0.7592
322,2019-07-20,29,0-5,10.8571,0.5895,0.5054,0.6869
322,2019-07-20,29,6-11,22.8571,1.0230,0.8714,1.2031
322,2019-07-20,29,12-17,12.7143,1.2545,1.0777,1.4545
322,2019-07-20,29,18-44,24.2857,0.9177,0.7866,1.0648
322,2019-07-20,29,45-64,16.0000,0.8771,0.7563,1.0162
322,2019-07-20,29,65+,11.1429,0.6394,0.5296,0.7748
323,2019-07-21,30,0-5,10.8571,0.6004,0.5158,0.7003
323,2019-07-21,30,6-11,22.2857,1.0462,0.8895,1.2283
323,2019-07-21,30,12-17,12.4286,1.2729,1.0922,1.4792
323,2019-07-21,30,18-44,22.0000,0.9343,0.8020,1.0901
323,2019-07-21,30,45-64,15.5714,0.8929,0.7690,1.0350
323,2019-07-21,30,65+,11.4286,0.6520,0.5393,0.7935
324,2019-07-22,30,0-5,10.4286,0.6140,0.5270,0.7170
324,2019-07-22,30,6-11,21.8571,1.0723,0.9120,1.2634
324,2019-07-22,30,12-17,12.1429,1.2948,1.1131,1.5033
324,2019-07-22,30,18-44,20.2857,0.9578,0.8221,1.1154
324,2019-07-22,30,45-64,15.8571,0.9117,0.7856,1.0576
324,2019-07-22,30,65+,11.2857,0.6644,0.5499,0.8093
325,2019-07-23,30,0-5,9.8571,0.6256,0.5379,0.7277
325,2019-07-23,30,6-11,22.2857,1.0917,0.9284,1.2871
325,2019-07-23,30,12-17,12.0000,1.3109,1.1270,1.5196
325,2019-07-23,30,18-44,20.1429,0.9802,0.8414,1.1403
325,2019-07-23,30,45-64,15.4286,0.9275,0.7990,1.0765
325,2019-07-23,30,65+,12.0000,0.6705,0.5567,0.8171
326,2019-07-24,30,0-5,10.2857,0.6342,0.5439,0.7425
326,2019-07-24,30,6-11,23.4286,1.1041,0.9366,1.3059
326,2019-07-24,30,12-17,12.2857,1.3201,1.1332,1.5322
326,2019-07-24,30,18-44,20.0000,0.9970,0.8526,1.1668
326,2019-07-24,30,45-64,15.5714,0.9366,0.8055,1.0921
326,2019-07-24,30,65+,11.8571,0.6717,0.5576,0.8147
327,2019-07-25,30,0-5,9.8571,0.6395,0.5492,0.7473
327,2019-07-25,30,6-11,24.5714,1.1046,0.9369,1.3056
327,2019-07-25,30,12-17,12.4286,1.3184,1.1344,1.5310
327,2019-07-25,30,18-44,21.0000,1.0098,0.8635,1.1807
327,2019-07-25,30,45-64,15.7143,0.9406,0.8084,1.0957
327,2019-07-25,30,65+,11.7143,0.6668,0.5548,0.8076
328,2019-07-26,30,0-5,8.4286,0.6426,0.5519,0.7493
328,2019-07-26,30,6-11,25.1429,1.1019,0.9352,1.3018
328,2019-07-26,30,12-17,10.2857,1.3163,1.1334,1.5294
328,2019-07-26,30,18-44,22.0000,1.0169,0.8722,1.1953
328,2019-07-26,30,45-64,16.1429,0.9410,0.8102,1.0971
328,2019-07-26,30,65+,11.5714,0.6606,0.5481,0.7984
329,2019-07-27,30,0-5,8.7143,0.6438,0.5510,0.7519
329,2019-07-27,30,6-11,25.8571,1.0924,0.9312,1.2919
329,2019-07-27,30,12-17,9.4286,1.3092,1.1280,1.5226
329,2019-07-27,30,18-44,22.8571,1.0213,0.8718,1.2021
329,2019-07-27,30,45-64,15.4286,0.9394,0.8071,1.0948
329,2019-07-27,30,65+,10.5714,0.6513,0.5407,0.7893
330,2019-07-28,31,0-5,8.5714,0.6416,0.5492,0.7497
330,2019-07-28,31,6-11,25.8571,1.0796,0.9207,1.2723
330,2019-07-28,31,12-17,8.8571,1.2989,1.1184,1.5059
330,2019-07-28,31,18-44,23.8571,1.0206,0.8711,1.1991
330,2019-07-28,31,45-64,14.4286,0.9342,0.8030,1.0870
330,2019-07-28,31,65+,11.0000,0.6415,0.5343,0.7783
331,2019-07-29,31,0-5,9.1429,0.6387,0.5478,0.7459
331,2019-07-29,31,6-11,25.1429,1.0686,0.9114,1.2611
331,2019-07-29,31,12-17,7.5714,1.2922,1.1144,1.5032
331,2019-07-29,31,18-44,24.7143,1.0175,0.8716,1.1917
331,2019-07-29,31,45-64,13.0000,0.9288,0.7998,1.0776
331,2019-07-29,31,65+,10.1429,0.6334,0.5247,0.7674
332,2019-07-30,31,0-5,9.5714,0.6344,0.5442,0.7410
332,2019-07-30,31,6-11,24.2857,1.0596,0.9034,1.2475
332,2019-07-30,31,12-17,7.8571,1.2897,1.1102,1.4997
332,2019-07-30,31,18-44,25.2857,1.0136,0.8668,1.1915
332,2019-07-30,31,45-64,13.0000,0.9253,0.7948,1.0767
332,2019-07-30,31,65+,9.7143,0.6264,0.5197,0.7559
333,2019-07-31,31,0-5,9.8571,0.6317,0.5418,0.7382
333,2019-07-31,31,6-11,22.1429,1.0544,0.8954,1.2403
333,2019-07-31,31,12-17,6.7143,1.2938,1.1127,1.5018
333,2019-07-31,31,18-44,25.8571,1.0168,0.8683,1.1941
333,2019-07-31,31,45-64,12.4286,0.9273,0.7958,1.0805
333,2019-07-31,31,65+,9.8571,0.6219,0.5179,0.7522
334,2019-08-01,31,0-5,10.1429,0.6300,0.5402,0.7356
334,2019-08-01,31,6-11,20.8571,1.0527,0.8958,1.2382
334,2019-08-01,31,12-17,6.7143,1.3018,1.1175,1.5110
334,2019-08-01,31,18-44,24.4286,1.0191,0.8679,1.1943
334,2019-08-01,31,45-64,13.0000,0.9302,0.7986,1.0816
334,2019-08-01,31,65+,10.0000,0.6192,0.5160,0.7505
335,2019-08-02,31,0-5,10.4286,0.6288,0.5389,0.7337
335,2019-08-02,31,6-11,21.4286,1.0509,0.8960,1.2369
335,2019-08-02,31,12-17,8.4286,1.3090,1.1247,1.5189
335,2019-08-02,31,18-44,23.7143,1.0257,0.8736,1.2010
335,2019-08-02,31,45-64,12.1429,0.9387,0.8059,1.0921
335,2019-08-02,31,65+,9.2857,0.6211,0.5176,0.7520
336,2019-08-03,31,0-5,10.0000,0.6251,0.5345,0.7319
336,2019-08-03,31,6-11,19.7143,1.0476,0.8922,1.2397
336,2019-08-03,31,12-17,8.5714,1.3125,1.1261,1.5284
336,2019-08-03,31,18-44,24.1429,1.0257,0.8742,1.2053
336,2019-08-03,31,45-64,12.5714,0.9416,0.8072,1.0983
336,2019-08-03,31,65+,8.2857,0.6223,0.5188,0.7498
337,2019-08-04,32,0-5,10.1429,0.6203,0.5310,0.7254
337,2019-08-04,32,6-11,20.0000,1.0399,0.8839,1.2284
337,2019-08-04,32,12-17,9.2857,1.3081,1.1216,1.5236
337,2019-08-04,32,18-44,23.8571,1.0248,0.8733,1.2048
337,2019-08-04,32,45-64,12.5714,0.9432,0.8108,1.0995
337,2019-08-04,32,65+,8.1429,0.6252,0.5206,0.7599
338,2019-08-05,32,0-5,10.4286,0.6126,0.5262,0.7160
338,2019-08-05,32,6-11,20.0000,1.0278,0.8783,1.2101
338,2019-08-05,32,12-17,10.1429,1.2978,1.1144,1.5096
338,2019-08-05,32,18-44,23.4286,1.0199,0.8695,1.1976
338,2019-08-05,32,45-64,13.5714,0.9411,0.8095,1.0978
338,2019-08-05,32,65+,8.4286,0.6269,0.5205,0.7625
339,2019-08-06,32,0-5,9.7143,0.6046,0.5190,0.7084
339,2019-08-06,32,6-11,19.8571,1.0143,0.8649,1.1944
339,2019-08-06,32,12-17,9.4286,1.2835,1.1024,1.4936
339,2019-08-06,32,18-44,24.5714,1.0123,0.8635,1.1924
339,2019-08-06,32,45-64,13.8571,0.9393,0.8054,1.0976
339,2019-08-06,32,65+,8.2857,0.6284,0.5207,0.7652
340,2019-08-07,32,0-5,8.7143,0.5971,0.5128,0.6999
340,2019-08-07,32,6-11,19.0000,1.0026,0.8555,1.1819
340,2019-08-07,32,12-17,9.8571,1.2679,1.0891,1.4807
340,2019-08-07,32,18-44,24.0000,1.0006,0.8545,1.1815
340,2019-08-07,32,45-64,14.1429,0.9345,0.8020,1.0929
340,2019-08-07,32,65+,8.2857,0.6278,0.5212,0.7635
341,2019-08-08,32,0-5,9.0000,0.5904,0.5065,0.6896
341,2019-08-08,32,6-11,19.1429,0.9904,0.8448,1.1683
341,2019-08-08,32,12-17,9.5714,1.2526,1.0750,1.4607
341,2019-08-08,32,18-44,23.5714,0.9902,0.8432,1.1616
341,2019-08-08,32,45-64,13.5714,0.9284,0.7960,1.0843
341,2019-08-08,32,65+,8.0000,0.6277,0.5202,0.7577
342,2019-08-09,32,0-5,8.8571,0.5858,0.5018,0.6837
342,2019-08-09,32,6-11,17.8571,0.9860,0.8408,1.1650
342,2019-08-09,32,12-17,8.2857,1.2462,1.0690,1.4510
342,2019-08-09,32,18-44,24.1429,0.9785,0.8356,1.1470
342,2019-08-09,32,45-64,13.0000,0.9227,0.7910,1.0748
342,2019-08-09,32,65+,8.7143,0.6253,0.5192,0.7561
343,2019-08-10,32,0-5,8.4286,0.5848,0.5006,0.6833
343,2019-08-10,32,6-11,17.7143,0.9884,0.8397,1.1647
343,2019-08-10,32,12-17,8.4286,1.2456,1.0662,1.4501
343,2019-08-10,32,18-44,23.4286,0.9705,0.8303,1.1366
343,2019-08-10,32,45-64,14.0000,0.9204,0.7876,1.0771
343,2019-08-10,32,65+,8.7143,0.6254,0.5174,0.7635
344,2019-08-11,33,0-5,8.1429,0.5888,0.5051,0.6883
344,2019-08-11,33,6-11,17.2857,1.0004,0.8497,1.1778
344,2019-08-11,33,12-17,8.2857,1.2527,1.0755,1.4575
344,2019-08-11,33,18-44,23.8571,0.9697,0.8309,1.1345
344,2019-08-11,33,45-64,15.5714,0.9226,0.7903,1.0781
344,2019-08-11,33,65+,9.0000,0.6288,0.5198,0.7621
345,2019-08-12,33,0-5,6.4286,0.5980,0.5136,0.6999
345,2019-08-12,33,6-11,15.1429,1.0190,0.8649,1.1969
345,2019-08-12,33,12-17,6.8571,1.2691,1.0902,1.4761
345,2019-08-12,33,18-44,20.7143,0.9762,0.8375,1.1411
345,2019-08-12,33,45-64,13.7143,0.9323,0.8014,1.0888
345,2019-08-12,33,65+,7.8571,0.6357,0.5256,0.7726
346,2019-08-13,33,0-5,7.2857,0.6114,0.5239,0.7165
346,2019-08-13,33,6-11,15.1429,1.0434,0.8858,1.2274
346,2019-08-13,33,12-17,8.1429,1.2952,1.1107,1.5067
346,2019-08-13,33,18-44,19.5714,0.9920,0.8463,1.1597
346,2019-08-13,33,45-64,14.0000,0.9503,0.8134,1.1113
346,2019-08-13,33,65+,7.7143,0.6476,0.5387,0.7871
347,2019-08-14,33,0-5,8.1429,0.6281,0.5384,0.7361
347,2019-08-14,33,6-11,16.1429,1.0699,0.9096,1.2635
347,2019-08-14,33,12-17,8.1429,1.3242,1.1369,1.5400
347,2019-08-14,33,18-44,19.2857,1.0124,0.8653,1.1825
347,2019-08-14,33,45-64,13.5714,0.9735,0.8326,1.1377
347,2019-08-14,33,65+,7.5714,0.6641,0.5515,0.8112
348,2019-08-15,33,0-5,7.0000,0.6477,0.5557,0.7584
348,2019-08-15,33,6-11,16.2857,1.0979,0.9353,1.2961
348,2019-08-15,33,12-17,8.2857,1.3532,1.1627,1.5752
348,2019-08-15,33,18-44,19.2857,1.0386,0.8912,1.2139
348,2019-08-15,33,45-64,13.8571,1.0030,0.8607,1.1716
348,2019-08-15,33,65+,8.1429,0.6877,0.5702,0.8339
349,2019-08-16,33,0-5,7.1429,0.6690,0.5726,0.7820
349,2019-08-16,33,6-11,16.7143,1.1271,0.9629,1.3303
349,2019-08-16,33,12-17,8.5714,1.3840,1.1897,1.6097
349,2019-08-16,33,18-44,17.5714,1.0683,0.9157,1.2476
349,2019-08-16,33,45-64,14.8571,1.0359,0.8875,1.2082
349,2019-08-16,33,65+,7.2857,0.7109,0.5881,0.8637
350,2019-08-17,33,0-5,7.1429,0.6868,0.5876,0.8061
350,2019-08-17,33,6-11,15.7143,1.1518,0.9797,1.3580
350,2019-08-17,33,12-17,7.8571,1.4125,1.2136,1.6415
350,2019-08-17,33,18-44,18.1429,1.0990,0.9410,1.2838
350,2019-08-17,33,45-64,13.5714,1.0682,0.9136,1.2494
350,2019-08-17,33,65+,7.0000,0.7325,0.6074,0.8877
351,2019-08-18,34,0-5,7.8571,0.7021,0.6004,0.8230
351,2019-08-18,34,6-11,16.0000,1.1695,0.9957,1.3737
351,2019-08-18,34,12-17,7.8571,1.4360,1.2334,1.6671
351,2019-08-18,34,18-44,17.2857,1.1266,0.9652,1.3132
351,2019-08-18,34,45-64,13.2857,1.0966,0.9373,1.2821
351,2019-08-18,34,65+,7.4286,0.7505,0.6219,0.9130
352,2019-08-19,34,0-5,9.1429,0.7127,0.6105,0.8346
352,2019-08-19,34,6-11,18.1429,1.1782,1.0065,1.3878
352,2019-08-19,34,12-17,9.4286,1.4541,1.2511,1.6905
352,2019-08-19,34,18-44,19.1429,1.1485,0.9841,1.3394
352,2019-08-19,34,45-64,15.7143,1.1157,0.9539,1.3057
352,2019-08-19,34,65+,9.1429,0.7612,0.6304,0.9189
353,2019-08-20,34,0-5,8.5714,0.7199,0.6171,0.8416
353,2019-08-20,34,6-11,17.7143,1.1830,1.0130,1.3880
353,2019-08-20,34,12-17,7.5714,1.4678,1.2649,1.7060
353,2019-08-20,34,18-44,17.5714,1.1639,0.9980,1.3602
353,2019-08-20,34,45-64,17.0000,1.1256,0.9648,1.3151
353,2019-08-20,34,65+,9.7143,0.7613,0.6328,0.9192
354,2019-08-21,34,0-5,8.4286,0.7264,0.6217,0.8497
354,2019-08-21,34,6-11,18.5714,1.1860,1.0161,1.3882
354,2019-08-21,34,12-17,7.7143,1.4824,1.2775,1.7199
354,2019-08-21,34,18-44,17.2857,1.1778,1.0098,1.3776
354,2019-08-21,34,45-64,18.0000,1.1300,0.9676,1.3189
354,2019-08-21,34,65+,10.2857,0.7565,0.6274,0.9207
355,2019-08-22,34,0-5,8.4286,0.7299,0.6232,0.8549
355,2019-08-22,34,6-11,18.7143,1.1870,1.0148,1.3840
355,2019-08-22,34,12-17,7.7143,1.4937,1.2855,1.7314
355,2019-08-22,34,18-44,17.7143,1.1846,1.0149,1.3812
355,2019-08-22,34,45-64,17.8571,1.1262,0.9646,1.3151
355,2019-08-22,34,65+,9.8571,0.7468,0.6213,0.9032
356,2019-08-23,34,0-5,10.1429,0.7308,0.6254,0.8547
356,2019-08-23,34,6-11,16.4286,1.1890,1.0181,1.3941
356,2019-08-23,34,12-17,8.4286,1.5055,1.2966,1.7467
356,2019-08-23,34,18-44,20.8571,1.1851,1.0178,1.3835
356,2019-08-23,34,45-64,17.8571,1.1171,0.9605,1.3009
356,2019-08-23,34,65+,9.7143,0.7348,0.6120,0.8863
357,2019-08-24,34,0-5,10.4286,0.7333,0.6276,0.8575
357,2019-08-24,34,6-11,16.5714,1.1924,1.0221,1.3945
357,2019-08-24,34,12-17,9.1429,1.5147,1.3064,1.7541
357,2019-08-24,34,18-44,20.5714,1.1827,1.0147,1.3796
357,2019-08-24,34,45-64,18.8571,1.1065,0.9524,1.2894
357,2019-08-24,34,65+,10.5714,0.7221,0.6025,0.8714
358,2019-08-25,35,0-5,10.2857,0.7355,0.6287,0.8611
358,2019-08-25,35,6-11,17.4286,1.1990,1.0259,1.4052
358,2019-08-25,35,12-17,9.4286,1.5246,1.3142,1.7682
358,2019-08-25,35,18-44,22.7143,1.1776,1.0104,1.3743
358,2019-08-25,35,45-64,18.2857,1.0971,0.9414,1.2766
358,2019-08-25,35,65+,9.2857,0.7144,0.5949,0.8637
359,2019-08-26,35,0-5,10.1429,0.7382,0.6278,0.8725
359,2019-08-26,35,6-11,17.8571,1.2046,1.0266,1.4200
359,2019-08-26,35,12-17,10.2857,1.5310,1.3120,1.7874
359,2019-08-26,35,18-44,24.7143,1.1714,1.0011,1.3730
359,2019-08-26,35,45-64,17.5714,1.0879,0.9305,1.2724
359,2019-08-26,35,65+,9.1429,0.7102,0.5878,0.8645
360,2019-08-27,35,0-5,10.0000,0.7433,0.6247,0.8874
360,2019-08-27,35,6-11,18.0000,1.2145,1.0231,1.4448
360,2019-08-27,35,12-17,10.8571,1.5389,1.3046,1.8163
360,2019-08-27,35,18-44,25.1429,1.1685,0.9883,1.3837
360,2019-08-27,35,45-64,16.7143,1.0833,0.9181,1.2792
360,2019-08-27,35,65+,8.4286,0.7097,0.5796,0.8769
361,2019-08-28,35,0-5,11.0000,0.7492,0.6167,0.9149
361,2019-08-28,35,6-11,17.7143,1.2259,1.0124,1.4882
361,2019-08-28,35,12-17,12.4286,1.5512,1.2861,1.8644
361,2019-08-28,35,18-44,26.4286,1.1692,0.9693,1.4127
361,2019-08-28,35,45-64,16.7143,1.0840,0.8999,1.3048
361,2019-08-28,35,65+,8.7143,0.7135,0.5680,0.9052
362,2019-08-29,35,0-5,12.8571,0.7550,0.6044,0.9476
362,2019-08-29,35,6-11,18.2857,1.2381,0.9907,1.5529
362,2019-08-29,35,12-17,12.4286,1.5626,1.2577,1.9378
362,2019-08-29,35,18-44,26.2857,1.1731,0.9449,1.4598
362,2019-08-29,35,45-64,17.0000,1.0876,0.8789,1.3454
362,2019-08-29,35,65+,8.7143,0.7169,0.5539,0.9377
363,2019-08-30,35,0-5,13.1429,0.7609,0.5875,0.9910
363,2019-08-30,35,6-11,20.7143,1.2482,0.9637,1.6307
363,2019-08-30,35,12-17,13.1429,1.5755,1.2241,2.0278
363,2019-08-30,35,18-44,26.1429,1.1791,0.9167,1.5262
363,2019-08-30,35,45-64,19.0000,1.0934,0.8542,1.4035
363,2019-08-30,35,65+,10.5714,0.7202,0.5387,0.9847
364,2019-08-31,35,0-5,14.0000,0.7677,0.5720,1.0381
364,2019-08-31,35,6-11,22.5714,1.2573,0.9387,1.7169
364,2019-08-31,35,12-17,13.5714,1.5882,1.1913,2.1286
364,2019-08-31,35,18-44,27.8571,1.1886,0.8904,1.6049
364,2019-08-31,35,45-64,18.0000,1.1021,0.8309,1.4732
364,2019-08-31,35,65+,10.5714,0.7247,0.5219,1.0421
