day,date,wk,age_group,obs,dR_med,dR_lo,dR_hi,Rj_med,Rj_lo,Rj_hi,Rj_renewal
1,2017-09-03,36,0-5,11.7143,10.7319,7.9029,14.0668,1.3041,1.0202,1.6335,NA
1,2017-09-03,36,6-11,17.7143,17.4919,13.8297,21.5869,1.5075,1.2222,1.8416,NA
1,2017-09-03,36,12-17,16.7143,15.1629,11.5288,18.6790,1.4571,1.1738,1.7847,NA
1,2017-09-03,36,18-44,41.2857,38.5091,32.4616,45.2009,0.9084,0.7290,1.1156,NA
1,2017-09-03,36,45-64,27.2857,25.7333,20.8107,31.2008,0.9422,0.7575,1.1627,NA
1,2017-09-03,36,65+,18.2857,18.1774,14.2145,22.7450,1.0107,0.8017,1.2661,NA
2,2017-09-04,36,0-5,12.8571,10.7532,8.5981,13.2407,1.2809,1.0385,1.5714,7.1184
2,2017-09-04,36,6-11,17.2857,17.1600,14.4068,20.3591,1.5209,1.2593,1.8271,8.3374
2,2017-09-04,36,12-17,16.7143,14.7118,12.0835,17.5643,1.4749,1.2166,1.7790,8.0089
2,2017-09-04,36,18-44,42.5714,39.7962,34.6736,45.2976,0.8853,0.7362,1.0565,4.5198
2,2017-09-04,36,45-64,28.4286,26.9733,23.0310,31.2945,0.9213,0.7636,1.1005,4.6073
2,2017-09-04,36,65+,18.5714,18.3110,15.3021,21.6660,0.9923,0.8092,1.2059,5.1187
3,2017-09-05,36,0-5,12.5714,10.8090,8.7590,13.2082,1.2605,1.0414,1.5155,3.1203
3,2017-09-05,36,6-11,16.8571,16.7430,14.0477,19.8909,1.5390,1.2970,1.8120,3.7005
3,2017-09-05,36,12-17,14.5714,14.4674,11.9418,17.2827,1.4908,1.2488,1.7565,3.3926
3,2017-09-05,36,18-44,40.5714,40.9661,35.0253,47.2623,0.8656,0.7365,1.0148,1.9961
3,2017-09-05,36,45-64,28.4286,28.3893,23.9040,33.5686,0.9013,0.7642,1.0592,2.0567
3,2017-09-05,36,65+,19.2857,18.4338,15.4694,21.7154,0.9718,0.8112,1.1596,2.3408
4,2017-09-06,36,0-5,12.0000,10.8559,8.7663,13.3720,1.2488,1.0394,1.4975,2.0715
4,2017-09-06,36,6-11,15.8571,16.6568,13.5645,19.9370,1.5602,1.3260,1.8379,2.4744
4,2017-09-06,36,12-17,15.4286,14.5611,11.9595,17.4409,1.5032,1.2725,1.7796,2.4255
4,2017-09-06,36,18-44,40.1429,41.4973,34.5440,48.9778,0.8545,0.7317,0.9983,1.3691
4,2017-09-06,36,45-64,29.5714,29.5020,24.2943,35.3886,0.8892,0.7597,1.0415,1.4338
4,2017-09-06,36,65+,19.8571,18.5268,15.3345,22.3805,0.9583,0.8095,1.1389,1.6305
5,2017-09-07,36,0-5,11.8571,11.0235,8.7082,13.7068,1.2366,1.0370,1.4696,1.6545
5,2017-09-07,36,6-11,16.4286,16.7718,13.5641,20.3649,1.5775,1.3417,1.8444,2.0250
5,2017-09-07,36,12-17,15.5714,14.7720,11.9287,18.0966,1.5083,1.2855,1.7758,1.9612
5,2017-09-07,36,18-44,39.5714,41.4218,34.0529,49.4407,0.8455,0.7252,0.9829,1.0920
5,2017-09-07,36,45-64,29.4286,30.4269,24.8233,36.8826,0.8808,0.7532,1.0264,1.1365
5,2017-09-07,36,65+,18.7143,18.6024,15.2176,22.8209,0.9500,0.8014,1.1260,1.2667
6,2017-09-08,36,0-5,11.5714,11.1406,8.6961,13.9455,1.2332,1.0313,1.4690,1.4761
6,2017-09-08,36,6-11,17.2857,17.1272,13.8101,21.1545,1.5828,1.3488,1.8618,1.8623
6,2017-09-08,36,12-17,16.0000,15.1074,12.0839,18.7305,1.5114,1.2845,1.7790,1.7802
6,2017-09-08,36,18-44,41.8571,41.3632,34.1119,49.3958,0.8382,0.7199,0.9776,0.9929
6,2017-09-08,36,45-64,30.2857,31.1829,25.4408,37.9717,0.8746,0.7485,1.0220,1.0257
6,2017-09-08,36,65+,18.1429,18.6795,15.0728,23.0801,0.9444,0.7960,1.1203,1.1180
7,2017-09-09,36,0-5,10.7143,11.2629,8.7948,14.1998,1.2423,1.0377,1.4857,1.2924
7,2017-09-09,36,6-11,18.0000,17.5919,14.1901,21.8125,1.5891,1.3496,1.8715,1.7142
7,2017-09-09,36,12-17,16.2857,15.5338,12.3552,19.3984,1.5099,1.2793,1.7809,1.6319
7,2017-09-09,36,18-44,39.8571,41.3878,34.2636,49.4041,0.8377,0.7193,0.9781,0.8879
7,2017-09-09,36,45-64,30.1429,31.9558,26.2223,38.7672,0.8726,0.7485,1.0197,0.9232
7,2017-09-09,36,65+,17.5714,18.7606,15.1852,23.2702,0.9403,0.7973,1.1108,1.0033
8,2017-09-10,37,0-5,10.7143,11.4408,8.9160,14.4233,1.2561,1.0543,1.4949,1.2377
8,2017-09-10,37,6-11,19.1429,18.1483,14.6905,22.5111,1.5784,1.3426,1.8638,1.6746
8,2017-09-10,37,12-17,15.7143,15.9820,12.6674,19.7455,1.5022,1.2711,1.7709,1.5392
8,2017-09-10,37,18-44,38.8571,41.5125,34.4468,49.6329,0.8362,0.7198,0.9718,0.8552
8,2017-09-10,37,45-64,31.8571,32.7841,26.9176,39.5246,0.8687,0.7450,1.0145,0.9016
8,2017-09-10,37,65+,19.0000,18.7841,15.1953,23.1649,0.9327,0.7921,1.1044,1.0021
9,2017-09-11,37,0-5,10.0000,11.6716,9.0625,14.7238,1.2733,1.0630,1.5152,1.1731
9,2017-09-11,37,6-11,19.8571,18.7050,15.0942,23.0018,1.5579,1.3247,1.8400,1.6439
9,2017-09-11,37,12-17,16.4286,16.3415,13.0120,20.3586,1.4779,1.2516,1.7522,1.5427
9,2017-09-11,37,18-44,38.8571,41.8848,34.8476,49.9809,0.8296,0.7141,0.9642,0.8400
9,2017-09-11,37,45-64,34.2857,33.4712,27.6046,40.5221,0.8578,0.7347,0.9991,0.8962
9,2017-09-11,37,65+,18.5714,18.8529,15.1844,23.1827,0.9214,0.7793,1.0895,0.9775
10,2017-09-12,37,0-5,10.7143,12.0374,9.3637,15.0586,1.2807,1.0680,1.5258,1.2380
10,2017-09-12,37,6-11,20.5714,19.0581,15.3846,23.3734,1.5268,1.2999,1.7931,1.6753
10,2017-09-12,37,12-17,17.7143,16.6523,13.2818,20.7142,1.4475,1.2251,1.7080,1.5994
10,2017-09-12,37,18-44,42.7143,42.4468,35.3669,50.5398,0.8177,0.7047,0.9496,0.8720
10,2017-09-12,37,45-64,35.5714,34.1204,28.2764,41.2588,0.8423,0.7215,0.9802,0.9202
10,2017-09-12,37,65+,19.1429,18.8935,15.1725,23.1470,0.9078,0.7677,1.0685,0.9938
11,2017-09-13,37,0-5,11.4286,12.4762,9.7234,15.6524,1.2790,1.0685,1.5294,1.2517
11,2017-09-13,37,6-11,20.7143,19.2818,15.6984,23.6767,1.4864,1.2650,1.7489,1.6304
11,2017-09-13,37,12-17,17.7143,16.8733,13.5161,20.8502,1.4110,1.1951,1.6618,1.5496
11,2017-09-13,37,18-44,43.0000,43.0968,35.9475,51.3808,0.8021,0.6906,0.9328,0.8532
11,2017-09-13,37,45-64,35.5714,34.4622,28.7927,41.2668,0.8235,0.7054,0.9618,0.8952
11,2017-09-13,37,65+,19.2857,18.8991,15.2577,23.0504,0.8905,0.7537,1.0509,0.9692
12,2017-09-14,37,0-5,12.5714,12.9910,10.1488,16.3653,1.2729,1.0634,1.5266,1.2890
12,2017-09-14,37,6-11,20.4286,19.3160,15.8763,23.6641,1.4501,1.2293,1.7076,1.5868
12,2017-09-14,37,12-17,17.7143,16.9997,13.7465,20.9927,1.3718,1.1616,1.6242,1.5108
12,2017-09-14,37,18-44,43.8571,43.8328,36.4716,51.9204,0.7856,0.6777,0.9150,0.8437
12,2017-09-14,37,45-64,35.5714,34.5989,29.0553,41.3151,0.8056,0.6908,0.9410,0.8785
12,2017-09-14,37,65+,19.5714,18.9660,15.3160,23.1900,0.8754,0.7417,1.0383,0.9542
13,2017-09-15,37,0-5,15.0000,13.6029,10.8410,17.1829,1.2539,1.0461,1.5146,1.3882
13,2017-09-15,37,6-11,19.8571,19.2708,15.8210,23.5668,1.4111,1.2014,1.6603,1.5485
13,2017-09-15,37,12-17,16.2857,17.0264,13.7006,20.9752,1.3372,1.1343,1.5834,1.4162
13,2017-09-15,37,18-44,45.5714,44.3265,37.1298,52.4965,0.7668,0.6601,0.8963,0.8389
13,2017-09-15,37,45-64,34.1429,34.7272,29.0150,41.5062,0.7871,0.6739,0.9225,0.8542
13,2017-09-15,37,65+,20.0000,19.0680,15.4630,23.3152,0.8622,0.7273,1.0232,0.9387
14,2017-09-16,37,0-5,15.4286,14.2630,11.4313,17.9324,1.2280,1.0231,1.4685,1.3701
14,2017-09-16,37,6-11,18.5714,19.0972,15.7023,23.4173,1.3762,1.1732,1.6197,1.4927
14,2017-09-16,37,12-17,16.4286,16.9698,13.6673,20.8563,1.3086,1.1095,1.5491,1.4210
14,2017-09-16,37,18-44,46.5714,44.6403,37.6541,52.9073,0.7505,0.6448,0.8738,0.8373
14,2017-09-16,37,45-64,35.7143,34.6300,28.9814,41.3271,0.7740,0.6621,0.9042,0.8594
14,2017-09-16,37,65+,20.0000,19.2500,15.7082,23.3082,0.8551,0.7212,1.0148,0.9365
15,2017-09-17,38,0-5,15.0000,14.7915,11.8998,18.5515,1.1981,1.0009,1.4351,1.3024
15,2017-09-17,38,6-11,18.8571,18.8718,15.4602,22.9695,1.3525,1.1532,1.5937,1.4796
15,2017-09-17,38,12-17,18.1429,16.7616,13.6330,20.7404,1.2834,1.0878,1.5148,1.4620
15,2017-09-17,38,18-44,46.5714,44.5220,37.8042,52.7910,0.7383,0.6357,0.8584,0.8134
15,2017-09-17,38,45-64,34.4286,34.5607,29.0437,41.4712,0.7672,0.6579,0.8938,0.8319
15,2017-09-17,38,65+,18.8571,19.4386,15.8409,23.9572,0.8616,0.7242,1.0148,0.8909
16,2017-09-18,38,0-5,17.4286,15.2074,12.2824,19.0082,1.1687,0.9808,1.4059,1.3684
16,2017-09-18,38,6-11,18.5714,18.5279,15.1417,22.5329,1.3391,1.1361,1.5759,1.4590
16,2017-09-18,38,12-17,17.0000,16.5263,13.4288,20.4398,1.2655,1.0746,1.4959,1.3961
16,2017-09-18,38,18-44,45.4286,44.1609,37.1926,52.6582,0.7315,0.6303,0.8508,0.8043
16,2017-09-18,38,45-64,34.2857,34.4723,28.9104,41.3183,0.7670,0.6581,0.8968,0.8184
16,2017-09-18,38,65+,19.4286,19.7217,16.0623,24.2099,0.8726,0.7354,1.0339,0.8910
17,2017-09-19,38,0-5,16.8571,15.4203,12.4192,19.2549,1.1466,0.9550,1.3761,1.2771
17,2017-09-19,38,6-11,17.7143,18.1725,14.8678,22.2164,1.3362,1.1353,1.5684,1.3842
17,2017-09-19,38,12-17,16.8571,16.1691,13.1360,20.0064,1.2537,1.0645,1.4886,1.3487
17,2017-09-19,38,18-44,42.7143,43.7364,36.6515,52.0126,0.7304,0.6292,0.8527,0.7588
17,2017-09-19,38,45-64,32.8571,34.4002,28.8914,41.2648,0.7741,0.6621,0.9082,0.7772
17,2017-09-19,38,65+,18.7143,20.1970,16.4719,24.7573,0.8973,0.7544,1.0588,0.8489
18,2017-09-20,38,0-5,16.8571,15.4699,12.4257,19.1455,1.1293,0.9427,1.3590,1.2490
18,2017-09-20,38,6-11,17.4286,17.8669,14.6441,21.9083,1.3380,1.1371,1.5739,1.3656
18,2017-09-20,38,12-17,15.1429,15.7567,12.7707,19.4261,1.2484,1.0593,1.4814,1.2797
18,2017-09-20,38,18-44,41.8571,43.0251,36.1054,51.2231,0.7340,0.6323,0.8535,0.7465
18,2017-09-20,38,45-64,33.1429,34.4140,28.8505,41.3286,0.7855,0.6728,0.9184,0.7667
18,2017-09-20,38,65+,18.0000,20.9203,17.0692,25.3874,0.9285,0.7808,1.1028,0.8334
19,2017-09-21,38,0-5,15.4286,15.2851,12.2082,18.9408,1.1218,0.9375,1.3468,1.1778
19,2017-09-21,38,6-11,16.7143,17.5367,14.2891,21.5343,1.3448,1.1447,1.5745,1.3423
19,2017-09-21,38,12-17,15.2857,15.2612,12.2943,18.9004,1.2431,1.0558,1.4692,1.2957
19,2017-09-21,38,18-44,41.2857,42.3407,35.4731,50.3539,0.7394,0.6394,0.8588,0.7389
19,2017-09-21,38,45-64,33.0000,34.4298,28.7872,41.0988,0.7978,0.6850,0.9294,0.7683
19,2017-09-21,38,65+,18.0000,21.8301,17.5597,26.5148,0.9617,0.8087,1.1377,0.8370
20,2017-09-22,38,0-5,13.8571,14.9654,11.9919,18.5487,1.1171,0.9322,1.3366,1.1092
20,2017-09-22,38,6-11,17.2857,17.2219,14.0387,21.2263,1.3496,1.1477,1.5851,1.3642
20,2017-09-22,38,12-17,14.2857,14.5910,11.7324,18.1960,1.2295,1.0444,1.4538,1.2791
20,2017-09-22,38,18-44,38.8571,41.5058,34.7778,49.8002,0.7434,0.6391,0.8622,0.7349
20,2017-09-22,38,45-64,34.1429,34.3257,28.5311,41.0292,0.8041,0.6862,0.9359,0.7841
20,2017-09-22,38,65+,19.5714,22.8664,18.5290,27.8303,0.9743,0.8197,1.1572,0.8801
21,2017-09-23,38,0-5,13.7143,14.5462,11.5643,18.0860,1.1099,0.9294,1.3316,1.1312
21,2017-09-23,38,6-11,15.8571,16.9166,13.6970,20.8533,1.3470,1.1500,1.5937,1.3473
21,2017-09-23,38,12-17,13.7143,13.8420,11.0324,17.2177,1.2133,1.0291,1.4265,1.2829
21,2017-09-23,38,18-44,39.1429,40.6260,34.0841,49.1081,0.7403,0.6371,0.8583,0.7547
21,2017-09-23,38,45-64,32.7143,33.9906,28.5439,40.5632,0.7995,0.6849,0.9332,0.8176
21,2017-09-23,38,65+,25.0000,23.6991,19.4603,28.7717,0.9644,0.8147,1.1577,0.9968
22,2017-09-24,39,0-5,14.2857,14.0629,11.0763,17.6711,1.1050,0.9209,1.3253,1.1707
22,2017-09-24,39,6-11,16.0000,16.5336,13.4390,20.3794,1.3426,1.1451,1.5811,1.3678
22,2017-09-24,39,12-17,12.5714,13.0485,10.4107,16.3045,1.1912,1.0139,1.4133,1.2448
22,2017-09-24,39,18-44,38.5714,39.7353,33.5134,47.5241,0.7340,0.6303,0.8535,0.7561
22,2017-09-24,39,45-64,31.4286,33.4679,28.0192,39.6214,0.7896,0.6778,0.9230,0.8128
22,2017-09-24,39,65+,26.2857,24.2824,20.1631,29.1570,0.9504,0.8028,1.1311,1.0096
23,2017-09-25,39,0-5,12.7143,13.5790,10.7590,17.1229,1.0927,0.9080,1.3123,1.1174
23,2017-09-25,39,6-11,15.5714,16.2257,13.1491,20.0638,1.3246,1.1178,1.5640,1.3610
23,2017-09-25,39,12-17,11.7143,12.3164,9.8060,15.4150,1.1546,0.9745,1.3681,1.2322
23,2017-09-25,39,18-44,38.1429,38.8266,32.4853,46.0817,0.7171,0.6120,0.8361,0.7551
23,2017-09-25,39,45-64,31.8571,32.9910,27.5791,38.8799,0.7640,0.6478,0.8895,0.8205
23,2017-09-25,39,65+,27.4286,24.5122,20.2690,30.2431,0.9078,0.7543,1.0769,1.0245
24,2017-09-26,39,0-5,12.2857,13.0894,10.4043,16.4824,1.0743,0.8962,1.2939,1.1400
24,2017-09-26,39,6-11,15.8571,15.9049,12.8461,19.5580,1.2940,1.0924,1.5312,1.4175
24,2017-09-26,39,12-17,11.2857,11.5246,9.1055,14.5007,1.1113,0.9368,1.3204,1.2767
24,2017-09-26,39,18-44,39.4286,37.8737,31.4645,44.7458,0.6894,0.5918,0.8058,0.7911
24,2017-09-26,39,45-64,34.8571,32.5515,27.2595,38.1814,0.7246,0.6183,0.8509,0.8643
24,2017-09-26,39,65+,28.0000,24.3513,20.1649,30.1236,0.8409,0.7019,0.9984,1.0556
25,2017-09-27,39,0-5,12.0000,12.6857,10.0176,15.8960,1.0440,0.8745,1.2583,1.1410
25,2017-09-27,39,6-11,16.1429,15.5726,12.5503,19.1439,1.2457,1.0525,1.4770,1.4388
25,2017-09-27,39,12-17,12.0000,10.7762,8.6062,13.7110,1.0587,0.8893,1.2603,1.3248
25,2017-09-27,39,18-44,39.1429,36.7876,30.3568,44.0313,0.6530,0.5627,0.7625,0.7915
25,2017-09-27,39,45-64,34.5714,31.4147,25.8330,37.1316,0.6776,0.5822,0.8021,0.8613
25,2017-09-27,39,65+,28.0000,23.5869,19.4869,28.8916,0.7767,0.6500,0.9362,1.0411
26,2017-09-28,39,0-5,13.5714,12.3250,9.7755,15.4128,1.0231,0.8468,1.2360,1.2317
26,2017-09-28,39,6-11,17.0000,15.2236,12.3550,18.6244,1.2066,1.0163,1.4405,1.4912
26,2017-09-28,39,12-17,11.4286,10.0249,7.9858,12.8136,1.0072,0.8454,1.1986,1.3192
26,2017-09-28,39,18-44,39.1429,35.3963,29.5198,42.3387,0.6200,0.5317,0.7229,0.8074
26,2017-09-28,39,45-64,35.4286,30.1088,24.9111,35.6026,0.6335,0.5397,0.7477,0.8687
26,2017-09-28,39,65+,28.1429,22.4352,18.2348,27.3189,0.7207,0.5876,0.8759,1.0412
27,2017-09-29,39,0-5,14.0000,12.0391,9.5315,14.9992,1.0117,0.8348,1.2227,1.2577
27,2017-09-29,39,6-11,16.7143,14.8111,12.0462,18.2893,1.1829,0.9919,1.4086,1.4818
27,2017-09-29,39,12-17,12.2857,9.4080,7.3947,12.1310,0.9771,0.8184,1.1678,1.3556
27,2017-09-29,39,18-44,40.4286,33.9031,28.3101,40.7104,0.6020,0.5134,0.7062,0.8059
27,2017-09-29,39,45-64,33.8571,28.2803,23.3582,34.0109,0.6110,0.5181,0.7219,0.8529
27,2017-09-29,39,65+,27.2857,20.8804,17.0826,25.7814,0.6942,0.5774,0.8614,1.0073
28,2017-09-30,39,0-5,12.5714,11.8047,9.3643,14.8297,1.0162,0.8379,1.2276,1.0996
28,2017-09-30,39,6-11,15.8571,14.4010,11.6110,17.8726,1.1738,0.9898,1.3953,1.3236
28,2017-09-30,39,12-17,10.1429,8.8872,6.8959,11.3806,0.9682,0.8086,1.1550,1.1494
28,2017-09-30,39,18-44,34.7143,32.5497,27.5278,39.2375,0.5946,0.5098,0.6936,0.6918
28,2017-09-30,39,45-64,30.2857,26.7297,22.2907,32.1516,0.6000,0.5111,0.7066,0.7223
28,2017-09-30,39,65+,20.4286,19.4065,16.1099,24.9029,0.6834,0.5756,0.8118,0.8117
29,2017-10-01,40,0-5,11.0000,11.6650,9.2270,14.6927,1.0418,0.8615,1.2479,0.9873
29,2017-10-01,40,6-11,13.8571,14.0614,11.2136,17.5432,1.1943,1.0065,1.4185,1.1835
29,2017-10-01,40,12-17,8.4286,8.4040,6.4596,10.7240,0.9841,0.8286,1.1691,1.0160
29,2017-10-01,40,18-44,31.7143,31.4477,26.2767,37.8390,0.6054,0.5207,0.7013,0.6254
29,2017-10-01,40,45-64,27.0000,25.3237,20.4515,30.1372,0.6108,0.5243,0.7121,0.6486
29,2017-10-01,40,65+,16.5714,18.1302,14.8384,22.8972,0.7039,0.5955,0.8230,0.7100
30,2017-10-02,40,0-5,10.1429,11.5999,9.2189,14.5833,1.0961,0.9057,1.3242,0.9172
30,2017-10-02,40,6-11,12.2857,13.7438,11.0668,17.2544,1.2500,1.0546,1.4833,1.0725
30,2017-10-02,40,12-17,7.4286,8.0139,6.1331,10.2027,1.0358,0.8704,1.2323,0.9080
30,2017-10-02,40,18-44,28.0000,30.4176,25.3253,36.6274,0.6407,0.5505,0.7430,0.5558
30,2017-10-02,40,45-64,20.8571,23.7883,19.5273,28.9248,0.6498,0.5557,0.7598,0.5597
30,2017-10-02,40,65+,13.1429,17.2111,14.1686,21.5764,0.7528,0.6328,0.8895,0.6064
31,2017-10-03,40,0-5,10.4286,11.5946,9.2466,14.5203,1.1791,0.9788,1.4202,0.9354
31,2017-10-03,40,6-11,12.1429,13.4959,10.8597,16.9229,1.3326,1.1300,1.5837,1.0649
31,2017-10-03,40,12-17,6.4286,7.6670,5.7929,9.7918,1.1202,0.9425,1.3346,0.8385
31,2017-10-03,40,18-44,24.8571,29.7206,24.6339,35.3126,0.6985,0.5995,0.8180,0.5230
31,2017-10-03,40,45-64,16.4286,22.6107,18.6294,27.5163,0.7157,0.6076,0.8416,0.5069
31,2017-10-03,40,65+,10.5714,16.5371,13.5108,20.7493,0.8370,0.6899,0.9870,0.5443
32,2017-10-04,40,0-5,11.0000,11.6652,9.2551,14.7714,1.2805,1.0671,1.5313,1.0247
32,2017-10-04,40,6-11,12.4286,13.2977,10.6785,16.7486,1.4475,1.2275,1.7201,1.1538
32,2017-10-04,40,12-17,6.0000,7.4052,5.5857,9.5272,1.2381,1.0460,1.4777,0.8859
32,2017-10-04,40,18-44,23.8571,29.1143,23.7410,34.7389,0.7815,0.6692,0.9193,0.5644
32,2017-10-04,40,45-64,16.0000,21.6793,17.5966,26.6221,0.8101,0.6890,0.9721,0.5528
32,2017-10-04,40,65+,11.7143,16.2529,13.1117,20.6594,0.9529,0.8009,1.1389,0.6228
33,2017-10-05,40,0-5,10.2857,11.7629,9.3102,14.8708,1.3923,1.1640,1.6727,1.0619
33,2017-10-05,40,6-11,12.1429,13.1191,10.4406,16.5618,1.5773,1.3485,1.8675,1.2304
33,2017-10-05,40,12-17,6.1429,7.1699,5.4210,9.2162,1.3824,1.1706,1.6405,0.9851
33,2017-10-05,40,18-44,25.2857,28.6180,23.3421,34.3192,0.8801,0.7564,1.0266,0.6177
33,2017-10-05,40,45-64,15.7143,21.2223,17.3753,25.6461,0.9275,0.7892,1.0850,0.6079
33,2017-10-05,40,65+,11.4286,16.2799,12.8267,20.0958,1.1018,0.9136,1.3100,0.6795
34,2017-10-06,40,0-5,9.8571,11.8851,9.4442,15.0121,1.5100,1.2645,1.8042,0.9931
34,2017-10-06,40,6-11,9.8571,13.0198,10.4932,16.3355,1.7247,1.4668,2.0287,1.0582
34,2017-10-06,40,12-17,4.0000,7.0167,5.3215,9.0212,1.5485,1.3122,1.8252,0.7874
34,2017-10-06,40,18-44,20.5714,28.6920,23.5962,33.9980,0.9956,0.8530,1.1579,0.5400
34,2017-10-06,40,45-64,13.0000,21.1351,17.3475,26.2754,1.0632,0.9046,1.2442,0.5243
34,2017-10-06,40,65+,8.5714,16.8233,13.0154,19.9697,1.2669,1.0576,1.5819,0.5778
35,2017-10-07,40,0-5,11.1429,12.0840,9.5561,15.1954,1.5947,1.3364,1.9080,1.2779
35,2017-10-07,40,6-11,13.0000,12.9312,10.3416,16.3461,1.8275,1.5587,2.1455,1.5021
35,2017-10-07,40,12-17,5.4286,6.9491,5.2809,9.1041,1.6809,1.4228,1.9820,1.1825
35,2017-10-07,40,18-44,25.8571,29.2300,24.0616,35.2198,1.0819,0.9271,1.2610,0.7792
35,2017-10-07,40,45-64,18.5714,21.7908,17.7943,26.8417,1.1660,0.9946,1.3622,0.8064
35,2017-10-07,40,65+,14.8571,17.5923,13.6213,20.6153,1.3837,1.1736,1.6356,0.9659
36,2017-10-08,41,0-5,13.7143,12.2098,9.6708,15.3460,1.6336,1.3720,1.9558,1.5983
36,2017-10-08,41,6-11,14.0000,12.8948,10.2839,16.3662,1.8880,1.6122,2.2195,1.7840
36,2017-10-08,41,12-17,6.7143,6.9708,5.2550,9.2350,1.7658,1.4968,2.0833,1.5214
36,2017-10-08,41,18-44,31.8571,30.2366,24.9307,36.5095,1.1328,0.9718,1.3299,0.9860
36,2017-10-08,41,45-64,23.1429,22.8070,18.4265,28.5637,1.2243,1.0475,1.4486,1.0357
36,2017-10-08,41,65+,19.1429,18.5166,14.7453,22.3139,1.4588,1.2202,1.7359,1.2549
37,2017-10-09,41,0-5,14.2857,12.3472,9.7501,15.4420,1.6175,1.3600,1.9334,1.6798
37,2017-10-09,41,6-11,14.7143,12.8490,10.3234,16.3803,1.8860,1.6135,2.2095,1.9197
37,2017-10-09,41,12-17,8.2857,7.0532,5.2409,9.4384,1.7783,1.5091,2.0870,1.7798
37,2017-10-09,41,18-44,36.1429,31.6740,26.0149,38.2053,1.1360,0.9741,1.3227,1.1006
37,2017-10-09,41,45-64,28.0000,24.0801,19.3465,29.5874,1.2288,1.0482,1.4399,1.1881
37,2017-10-09,41,65+,24.0000,19.8922,15.8591,24.3811,1.4493,1.2160,1.7159,1.4599
38,2017-10-10,41,0-5,14.7143,12.4911,9.9097,15.8136,1.5686,1.3154,1.8700,1.6489
38,2017-10-10,41,6-11,14.5714,12.9305,10.3023,16.4502,1.8490,1.5821,2.1609,1.8721
38,2017-10-10,41,12-17,8.5714,7.2577,5.3621,9.6541,1.7424,1.4824,2.0443,1.7630
38,2017-10-10,41,18-44,38.8571,33.5994,27.5896,40.4402,1.1050,0.9475,1.2862,1.1000
38,2017-10-10,41,45-64,31.2857,25.7480,20.9182,31.6486,1.1890,1.0159,1.3880,1.1982
38,2017-10-10,41,65+,27.1429,21.2205,17.0931,26.6115,1.3807,1.1710,1.6331,1.4768
39,2017-10-11,41,0-5,14.2857,12.6999,10.0496,16.0973,1.4954,1.2608,1.7728,1.5365
39,2017-10-11,41,6-11,13.8571,13.1934,10.4683,16.6696,1.7816,1.5211,2.0899,1.7404
39,2017-10-11,41,12-17,8.8571,7.6159,5.6569,9.9961,1.6687,1.4233,1.9595,1.6681
39,2017-10-11,41,18-44,41.4286,36.2553,29.8342,43.8226,1.0446,0.8994,1.2160,1.0377
39,2017-10-11,41,45-64,32.5714,28.0020,22.8150,34.0859,1.1143,0.9542,1.2953,1.1197
39,2017-10-11,41,65+,26.7143,22.7976,18.5566,28.4264,1.2767,1.0741,1.5073,1.3391
40,2017-10-12,41,0-5,14.1429,12.9656,10.2643,16.4011,1.4150,1.1964,1.6798,1.4351
40,2017-10-12,41,6-11,13.2857,13.5437,10.7728,17.0204,1.7075,1.4589,1.9984,1.6133
40,2017-10-12,41,12-17,8.8571,8.1395,6.0994,10.5552,1.5751,1.3474,1.8512,1.5439
40,2017-10-12,41,18-44,41.4286,39.4849,32.7645,47.4422,0.9761,0.8435,1.1355,0.9623
40,2017-10-12,41,45-64,32.5714,30.5438,25.1149,37.0210,1.0298,0.8851,1.2009,1.0357
40,2017-10-12,41,65+,27.5714,24.3253,19.6369,29.7360,1.1626,0.9808,1.3746,1.2439
41,2017-10-13,41,0-5,14.5714,13.2096,10.4772,16.7165,1.3389,1.1274,1.5963,1.4975
41,2017-10-13,41,6-11,15.5714,14.1610,11.2713,17.7089,1.6328,1.3980,1.9154,1.7912
41,2017-10-13,41,12-17,10.7143,8.7492,6.6767,11.2489,1.4794,1.2608,1.7373,1.7296
41,2017-10-13,41,18-44,47.1429,42.9665,35.7227,51.6503,0.9080,0.7826,1.0576,1.0492
41,2017-10-13,41,45-64,39.5714,33.1092,27.2317,40.1820,0.9459,0.8095,1.1027,1.1393
41,2017-10-13,41,65+,31.2857,25.3853,20.5702,30.9563,1.0543,0.8901,1.2459,1.3443
42,2017-10-14,41,0-5,15.1429,13.5013,10.7627,17.0130,1.2826,1.0794,1.5299,1.4380
42,2017-10-14,41,6-11,14.1429,14.9637,11.8425,18.5778,1.5882,1.3494,1.8667,1.6170
42,2017-10-14,41,12-17,10.8571,9.3928,7.2372,12.0072,1.3981,1.1908,1.6430,1.5809
42,2017-10-14,41,18-44,48.2857,46.0814,38.4830,54.9919,0.8535,0.7361,0.9925,0.9597
42,2017-10-14,41,45-64,37.0000,35.2096,29.1259,42.5492,0.8784,0.7528,1.0240,1.0136
42,2017-10-14,41,65+,28.0000,25.9970,21.3147,31.5547,0.9709,0.8209,1.1457,1.1592
43,2017-10-15,42,0-5,13.0000,13.8162,11.0172,17.2913,1.2452,1.0483,1.4779,1.3015
43,2017-10-15,42,6-11,15.7143,15.9015,12.7150,19.6435,1.5530,1.3219,1.8280,1.6256
43,2017-10-15,42,12-17,11.1429,10.0924,7.8238,12.8722,1.3447,1.1469,1.5810,1.5232
43,2017-10-15,42,18-44,49.7143,48.8779,41.0476,58.0826,0.8143,0.7030,0.9447,0.9183
43,2017-10-15,42,45-64,37.4286,36.8412,30.5852,44.6388,0.8315,0.7156,0.9661,0.9652
43,2017-10-15,42,65+,26.4286,26.3681,21.5931,32.0793,0.9154,0.7764,1.0801,1.0781
44,2017-10-16,42,0-5,12.7143,14.2616,11.3190,17.6976,1.2337,1.0354,1.4643,1.2530
44,2017-10-16,42,6-11,16.5714,17.0009,13.6319,20.9818,1.5429,1.3136,1.8168,1.5970
44,2017-10-16,42,12-17,10.4286,10.7550,8.3356,13.5417,1.3189,1.1218,1.5537,1.4096
44,2017-10-16,42,18-44,49.7143,50.9884,43.0681,60.5955,0.7927,0.6838,0.9197,0.8753
44,2017-10-16,42,45-64,37.0000,37.9198,31.6529,46.1175,0.8052,0.6917,0.9355,0.9088
44,2017-10-16,42,65+,24.1429,26.3638,21.6141,32.1015,0.8840,0.7488,1.0426,0.9948
45,2017-10-17,42,0-5,13.2857,14.6793,11.6894,18.2241,1.2422,1.0392,1.4751,1.2768
45,2017-10-17,42,6-11,17.2857,18.1457,14.6177,22.4116,1.5534,1.3189,1.8343,1.6041
45,2017-10-17,42,12-17,10.8571,11.3448,8.8585,14.3366,1.3148,1.1201,1.5500,1.4027
45,2017-10-17,42,18-44,51.2857,52.3101,44.1605,62.0085,0.7842,0.6762,0.9129,0.8707
45,2017-10-17,42,45-64,36.4286,38.6497,32.2603,46.3554,0.7930,0.6812,0.9232,0.8925
45,2017-10-17,42,65+,23.4286,26.0713,21.4569,31.6982,0.8701,0.7372,1.0289,0.9693
46,2017-10-18,42,0-5,14.0000,15.2147,12.1805,18.6924,1.2674,1.0610,1.5089,1.2988
46,2017-10-18,42,6-11,18.8571,19.3623,15.6823,23.9195,1.5805,1.3430,1.8592,1.6364
46,2017-10-18,42,12-17,10.7143,11.9023,9.3731,14.9588,1.3304,1.1333,1.5714,1.3723
46,2017-10-18,42,18-44,51.2857,52.9151,44.7133,62.7488,0.7871,0.6789,0.9137,0.8638
46,2017-10-18,42,45-64,36.2857,38.7423,32.3281,46.4035,0.7928,0.6814,0.9241,0.8795
46,2017-10-18,42,65+,23.1429,25.6877,21.1716,31.2177,0.8674,0.7351,1.0278,0.9574
47,2017-10-19,42,0-5,14.5714,15.7907,12.6374,19.4531,1.2993,1.0878,1.5506,1.3108
47,2017-10-19,42,6-11,20.5714,20.6340,16.8936,25.4022,1.6179,1.3755,1.9089,1.6715
47,2017-10-19,42,12-17,11.2857,12.4192,9.7805,15.5114,1.3627,1.1591,1.6080,1.3929
47,2017-10-19,42,18-44,50.8571,52.8608,44.5067,62.7014,0.7983,0.6894,0.9260,0.8632
47,2017-10-19,42,45-64,37.0000,38.4592,32.0966,46.2674,0.8023,0.6892,0.9347,0.8810
47,2017-10-19,42,65+,23.2857,25.2544,20.6982,30.5963,0.8750,0.7409,1.0329,0.9622
48,2017-10-20,42,0-5,15.8571,16.4980,13.2452,20.2756,1.3381,1.1203,1.5987,1.3365
48,2017-10-20,42,6-11,21.4286,22.0365,18.1017,27.0197,1.6574,1.4120,1.9618,1.6513
48,2017-10-20,42,12-17,11.7143,12.9699,10.3009,16.2265,1.4035,1.1939,1.6501,1.3722
48,2017-10-20,42,18-44,50.1429,52.5183,44.0548,62.4010,0.8149,0.7018,0.9455,0.8432
48,2017-10-20,42,45-64,34.4286,38.0461,31.7033,45.7805,0.8167,0.7003,0.9507,0.8530
48,2017-10-20,42,65+,24.2857,24.6897,20.2632,29.9450,0.8847,0.7491,1.0437,0.9568
49,2017-10-21,42,0-5,16.8571,17.2719,13.8595,21.2249,1.3730,1.1518,1.6432,1.3608
49,2017-10-21,42,6-11,22.8571,23.5762,19.3128,28.7125,1.7111,1.4505,2.0121,1.6724
49,2017-10-21,42,12-17,12.8571,13.5543,10.7916,16.9681,1.4514,1.2365,1.7093,1.4194
49,2017-10-21,42,18-44,50.7143,52.3360,43.8282,62.0297,0.8329,0.7196,0.9676,0.8474
49,2017-10-21,42,45-64,34.7143,37.7023,31.4671,45.1214,0.8346,0.7168,0.9735,0.8549
49,2017-10-21,42,65+,23.8571,24.1231,19.7755,29.3329,0.8978,0.7609,1.0612,0.9507
50,2017-10-22,43,0-5,18.4286,18.1830,14.5137,22.3313,1.4075,1.1775,1.6804,1.3833
50,2017-10-22,43,6-11,23.5714,25.1835,20.6256,30.6489,1.7502,1.4833,2.0715,1.6479
50,2017-10-22,43,12-17,12.7143,14.2587,11.3220,17.7420,1.4936,1.2703,1.7576,1.3952
50,2017-10-22,43,18-44,49.2857,52.2057,43.6278,62.0267,0.8468,0.7310,0.9841,0.8404
50,2017-10-22,43,45-64,36.7143,37.4630,31.3717,44.7525,0.8478,0.7280,0.9874,0.8545
50,2017-10-22,43,65+,23.4286,23.5834,19.3287,28.6757,0.9066,0.7673,1.0706,0.9451
51,2017-10-23,43,0-5,19.8571,19.1536,15.4766,23.6690,1.4398,1.2110,1.7179,1.4427
51,2017-10-23,43,6-11,27.5714,27.0738,22.3437,32.8315,1.7853,1.5153,2.1045,1.7853
51,2017-10-23,43,12-17,15.1429,15.0169,11.9089,18.7356,1.5309,1.3025,1.8140,1.5240
51,2017-10-23,43,18-44,52.5714,52.3530,43.6315,62.2049,0.8584,0.7442,0.9964,0.8787
51,2017-10-23,43,45-64,37.2857,37.5315,31.4294,44.7919,0.8577,0.7386,0.9996,0.8860
51,2017-10-23,43,65+,24.1429,23.0412,18.8078,28.1500,0.9115,0.7741,1.0769,0.9743
52,2017-10-24,43,0-5,20.2857,20.2927,16.5469,25.1217,1.4710,1.2348,1.7535,1.4230
52,2017-10-24,43,6-11,29.7143,29.0559,24.0928,35.1336,1.8104,1.5474,2.1379,1.7989
52,2017-10-24,43,12-17,16.5714,15.9797,12.7368,19.7930,1.5567,1.3196,1.8362,1.5600
52,2017-10-24,43,18-44,54.4286,52.8700,43.8907,62.7618,0.8660,0.7492,1.0035,0.8787
52,2017-10-24,43,45-64,38.5714,37.7230,31.4982,45.2908,0.8621,0.7419,1.0040,0.8849
52,2017-10-24,43,65+,22.8571,22.5576,18.4094,27.5167,0.9115,0.7751,1.0741,0.9498
53,2017-10-25,43,0-5,21.1429,21.7177,17.7686,26.6194,1.4905,1.2482,1.7684,1.4011
53,2017-10-25,43,6-11,31.8571,31.3841,25.8792,37.8547,1.8273,1.5573,2.1422,1.7845
53,2017-10-25,43,12-17,18.1429,17.0407,13.6439,21.1490,1.5679,1.3329,1.8514,1.5710
53,2017-10-25,43,18-44,54.5714,53.6630,44.4420,63.7887,0.8672,0.7517,0.9996,0.8622
53,2017-10-25,43,45-64,39.1429,38.2603,31.9688,45.8654,0.8610,0.7414,0.9991,0.8689
53,2017-10-25,43,65+,22.2857,22.1541,18.0806,27.0924,0.9074,0.7724,1.0666,0.9252
54,2017-10-26,43,0-5,22.5714,23.4399,19.0181,28.6197,1.5016,1.2633,1.7891,1.4001
54,2017-10-26,43,6-11,32.4286,33.9227,28.0405,40.7608,1.8274,1.5602,2.1566,1.7236
54,2017-10-26,43,12-17,18.4286,18.2393,14.6287,22.5163,1.5702,1.3357,1.8531,1.5138
54,2017-10-26,43,18-44,55.4286,54.9730,45.7577,65.5679,0.8632,0.7478,0.9966,0.8429
54,2017-10-26,43,45-64,38.7143,38.9692,32.4162,46.6770,0.8531,0.7358,0.9921,0.8469
54,2017-10-26,43,65+,22.7143,21.9757,17.9259,26.7414,0.8980,0.7647,1.0577,0.9119
55,2017-10-27,43,0-5,26.1429,25.2614,20.6407,30.8147,1.5007,1.2582,1.7858,1.4805
55,2017-10-27,43,6-11,37.4286,36.7276,30.3553,44.3951,1.8248,1.5516,2.1514,1.8060
55,2017-10-27,43,12-17,19.2857,19.5712,15.7347,24.1391,1.5653,1.3315,1.8495,1.5081
55,2017-10-27,43,18-44,56.4286,56.7650,47.2215,67.7234,0.8540,0.7426,0.9863,0.8498
55,2017-10-27,43,45-64,39.5714,39.8459,33.2404,47.6498,0.8422,0.7260,0.9778,0.8418
55,2017-10-27,43,65+,22.1429,21.9714,17.8703,26.8546,0.8855,0.7522,1.0450,0.8980
56,2017-10-28,43,0-5,27.5714,27.4278,22.4207,33.2762,1.4854,1.2498,1.7674,1.4837
56,2017-10-28,43,6-11,40.7143,39.8232,33.1637,48.0168,1.8082,1.5433,2.1237,1.8347
56,2017-10-28,43,12-17,21.0000,21.0369,16.9961,25.9372,1.5491,1.3154,1.8310,1.5536
56,2017-10-28,43,18-44,59.1429,58.6408,48.7999,70.1091,0.8408,0.7316,0.9678,0.8639
56,2017-10-28,43,45-64,42.7143,40.8161,34.0662,48.6771,0.8267,0.7136,0.9594,0.8610
56,2017-10-28,43,65+,22.0000,22.0723,17.8688,27.0526,0.8704,0.7427,1.0259,0.9050
57,2017-10-29,44,0-5,29.8571,29.5053,24.2966,35.8022,1.4649,1.2316,1.7524,1.5030
57,2017-10-29,44,6-11,44.2857,43.0482,35.7620,51.8927,1.7789,1.5143,2.0886,1.8545
57,2017-10-29,44,12-17,23.2857,22.5797,18.3076,27.7907,1.5284,1.2988,1.8018,1.5904
57,2017-10-29,44,18-44,62.5714,60.8168,51.0585,72.2369,0.8240,0.7164,0.9513,0.8694
57,2017-10-29,44,45-64,43.0000,41.7021,34.6547,49.8826,0.8100,0.6976,0.9390,0.8627
57,2017-10-29,44,65+,23.1429,22.2467,18.1110,27.2196,0.8560,0.7288,1.0070,0.9141
58,2017-10-30,44,0-5,32.7143,31.7700,26.2478,38.2316,1.4368,1.2070,1.7141,1.5074
58,2017-10-30,44,6-11,45.5714,46.2749,38.4816,55.5142,1.7463,1.4824,2.0484,1.7934
58,2017-10-30,44,12-17,24.8571,24.1347,19.8029,29.6659,1.4954,1.2716,1.7603,1.5714
58,2017-10-30,44,18-44,64.7143,63.0399,53.2488,74.6601,0.8051,0.7013,0.9271,0.8511
58,2017-10-30,44,45-64,43.5714,42.5799,35.3323,50.9555,0.7914,0.6829,0.9171,0.8385
58,2017-10-30,44,65+,22.0000,22.5853,18.5278,27.7206,0.8413,0.7145,0.9924,0.8732
59,2017-10-31,44,0-5,35.0000,33.9003,27.9348,40.9208,1.4084,1.1795,1.6724,1.4953
59,2017-10-31,44,6-11,50.0000,49.4121,41.6668,58.8588,1.7066,1.4484,2.0146,1.8037
59,2017-10-31,44,12-17,26.4286,25.7318,21.1789,31.4020,1.4667,1.2409,1.7288,1.5578
59,2017-10-31,44,18-44,66.0000,65.6041,55.7202,77.9216,0.7884,0.6861,0.9074,0.8387
59,2017-10-31,44,45-64,44.1429,43.5857,36.1941,52.2353,0.7750,0.6695,0.8974,0.8257
59,2017-10-31,44,65+,23.0000,23.2182,18.9991,28.3182,0.8274,0.7042,0.9727,0.8697
60,2017-11-01,44,0-5,37.0000,36.0164,29.8683,43.3135,1.3810,1.1632,1.6481,1.4789
60,2017-11-01,44,6-11,53.8571,52.6389,44.1030,62.2383,1.6692,1.4162,1.9655,1.8012
60,2017-11-01,44,12-17,28.7143,27.1585,22.2173,33.1396,1.4312,1.2172,1.6863,1.5606
60,2017-11-01,44,18-44,68.7143,68.1375,58.1032,81.0461,0.7736,0.6749,0.8897,0.8277
60,2017-11-01,44,45-64,43.7143,44.6693,37.3238,53.0815,0.7604,0.6583,0.8794,0.8115
60,2017-11-01,44,65+,24.0000,23.8833,19.6024,29.2636,0.8148,0.6940,0.9594,0.8627
61,2017-11-02,44,0-5,39.1429,38.0075,31.8523,45.6421,1.3664,1.1494,1.6295,1.4461
61,2017-11-02,44,6-11,54.5714,55.5272,46.6633,65.4980,1.6344,1.3953,1.9240,1.7174
61,2017-11-02,44,12-17,28.2857,28.4421,23.4019,34.7045,1.4051,1.1917,1.6620,1.4719
61,2017-11-02,44,18-44,69.4286,70.9876,60.4156,84.5724,0.7645,0.6672,0.8796,0.7963
61,2017-11-02,44,45-64,44.2857,45.8060,38.1373,54.5815,0.7521,0.6518,0.8688,0.7785
61,2017-11-02,44,65+,23.1429,24.7267,20.3584,30.4718,0.8071,0.6893,0.9489,0.8214
62,2017-11-03,44,0-5,39.5714,39.9084,33.4968,47.9928,1.3569,1.1369,1.6159,1.4258
62,2017-11-03,44,6-11,60.4286,58.0404,48.7555,68.8559,1.6052,1.3700,1.8919,1.7793
62,2017-11-03,44,12-17,31.0000,29.5541,24.2468,36.0708,1.3845,1.1788,1.6340,1.5289
62,2017-11-03,44,18-44,74.2857,73.8217,62.8860,87.6821,0.7563,0.6588,0.8703,0.8165
62,2017-11-03,44,45-64,47.0000,47.0323,39.3243,55.8884,0.7447,0.6443,0.8635,0.8067
62,2017-11-03,44,65+,25.8571,25.5358,21.0158,31.3822,0.8010,0.6810,0.9404,0.8650
63,2017-11-04,44,0-5,41.5714,41.8607,34.9232,49.9780,1.3512,1.1276,1.6127,1.4131
63,2017-11-04,44,6-11,62.5714,60.2296,50.5410,71.4005,1.5839,1.3545,1.8556,1.7429
63,2017-11-04,44,12-17,32.0000,30.5552,25.3068,37.1088,1.3700,1.1607,1.6149,1.5004
63,2017-11-04,44,18-44,76.2857,76.6466,65.1824,91.2603,0.7504,0.6518,0.8660,0.8041
63,2017-11-04,44,45-64,47.7143,48.3900,40.4662,57.7192,0.7402,0.6386,0.8575,0.7957
63,2017-11-04,44,65+,27.4286,26.3258,21.6147,32.2906,0.7933,0.6763,0.9354,0.8647
64,2017-11-05,45,0-5,44.1429,43.8754,36.8278,52.2373,1.3542,1.1344,1.6068,1.4123
64,2017-11-05,45,6-11,62.8571,62.0840,52.3379,73.6923,1.5758,1.3436,1.8507,1.6846
64,2017-11-05,45,12-17,32.7143,31.3792,26.0551,38.2832,1.3658,1.1568,1.6080,1.4666
64,2017-11-05,45,18-44,79.1429,79.5223,67.8289,94.5249,0.7489,0.6524,0.8617,0.7918
64,2017-11-05,45,45-64,48.8571,49.7502,41.6480,59.6675,0.7388,0.6403,0.8566,0.7809
64,2017-11-05,45,65+,27.4286,27.0916,22.2849,32.9478,0.7884,0.6745,0.9234,0.8427
65,2017-11-06,45,0-5,45.4286,46.0735,38.1953,54.7878,1.3566,1.1399,1.6110,1.3970
65,2017-11-06,45,6-11,63.1429,63.7303,53.9151,75.7219,1.5782,1.3509,1.8623,1.6454
65,2017-11-06,45,12-17,32.1429,32.2483,26.7799,39.2279,1.3726,1.1676,1.6153,1.4236
65,2017-11-06,45,18-44,83.0000,82.2257,70.0794,97.5334,0.7486,0.6528,0.8581,0.7889
65,2017-11-06,45,45-64,51.4286,51.5002,42.9527,61.8931,0.7400,0.6403,0.8568,0.7807
65,2017-11-06,45,65+,28.2857,27.7428,22.8513,33.8126,0.7848,0.6698,0.9167,0.8420
66,2017-11-07,45,0-5,49.1429,48.2716,40.2473,56.8694,1.3705,1.1538,1.6364,1.4181
66,2017-11-07,45,6-11,64.8571,65.4856,55.3047,77.3330,1.5970,1.3597,1.8884,1.6318
66,2017-11-07,45,12-17,32.7143,33.1008,27.5942,40.3698,1.3953,1.1882,1.6452,1.4045
66,2017-11-07,45,18-44,84.5714,84.6226,72.0970,100.0533,0.7519,0.6560,0.8616,0.7830
66,2017-11-07,45,45-64,52.2857,53.4907,44.7175,63.8874,0.7436,0.6426,0.8600,0.7730
66,2017-11-07,45,65+,29.7143,28.2535,23.2963,34.3516,0.7818,0.6690,0.9186,0.8416
67,2017-11-08,45,0-5,50.1429,50.8153,42.3722,60.0665,1.3890,1.1677,1.6554,1.3902
67,2017-11-08,45,6-11,65.1429,67.7008,57.2668,79.7583,1.6261,1.3856,1.9155,1.5993
67,2017-11-08,45,12-17,32.4286,34.1871,28.5225,41.6658,1.4280,1.2166,1.6762,1.3770
67,2017-11-08,45,18-44,86.5714,86.7306,73.5340,102.4637,0.7582,0.6604,0.8719,0.7742
67,2017-11-08,45,45-64,54.8571,55.6494,46.6409,66.2996,0.7501,0.6474,0.8696,0.7676
67,2017-11-08,45,65+,29.7143,28.6792,23.6752,34.6213,0.7831,0.6693,0.9165,0.8287
68,2017-11-09,45,0-5,50.2857,53.4667,45.0442,63.1661,1.4173,1.1869,1.6923,1.3527
68,2017-11-09,45,6-11,67.5714,70.4031,59.7523,83.2414,1.6655,1.4201,1.9641,1.5980
68,2017-11-09,45,12-17,34.0000,35.6526,29.7297,43.2887,1.4731,1.2525,1.7298,1.3892
68,2017-11-09,45,18-44,87.7143,88.5745,74.5765,104.3611,0.7706,0.6701,0.8808,0.7645
68,2017-11-09,45,45-64,56.1429,57.9186,48.7891,69.0106,0.7626,0.6591,0.8813,0.7601
68,2017-11-09,45,65+,29.8571,28.9583,23.9538,34.9524,0.7908,0.6776,0.9204,0.8157
69,2017-11-10,45,0-5,55.8571,56.5014,47.4410,66.9128,1.4396,1.2132,1.7118,1.4110
69,2017-11-10,45,6-11,70.7143,73.7574,63.1502,86.7973,1.7143,1.4685,2.0223,1.6210
69,2017-11-10,45,12-17,34.8571,37.5564,31.3483,45.1357,1.5233,1.2983,1.7954,1.3957
69,2017-11-10,45,18-44,90.2857,90.2477,76.2276,106.0356,0.7830,0.6830,0.8989,0.7716
69,2017-11-10,45,45-64,59.0000,60.2691,50.8170,72.0478,0.7756,0.6701,0.8989,0.7594
69,2017-11-10,45,65+,28.0000,29.2638,24.2162,35.3646,0.8016,0.6867,0.9346,0.7918
70,2017-11-11,45,0-5,60.0000,59.7877,50.3128,71.1452,1.4628,1.2283,1.7303,1.4376
70,2017-11-11,45,6-11,75.4286,78.1666,66.8039,91.7631,1.7638,1.5079,2.0801,1.6599
70,2017-11-11,45,12-17,37.7143,40.0617,33.3367,48.0554,1.5678,1.3360,1.8468,1.4515
70,2017-11-11,45,18-44,91.5714,91.8971,77.7639,108.1612,0.7945,0.6932,0.9087,0.7835
70,2017-11-11,45,45-64,64.4286,62.6399,53.0902,75.1728,0.7864,0.6796,0.9079,0.7755
70,2017-11-11,45,65+,27.2857,29.6694,24.4768,35.6012,0.8136,0.6963,0.9480,0.7914
71,2017-11-12,46,0-5,64.1429,63.6231,53.5787,75.0823,1.4843,1.2471,1.7598,1.4560
71,2017-11-12,46,6-11,83.2857,83.6247,71.2075,98.5556,1.8123,1.5439,2.1337,1.7248
71,2017-11-12,46,12-17,43.7143,43.0679,36.0530,51.4501,1.6091,1.3728,1.9008,1.5437
71,2017-11-12,46,18-44,93.4286,94.0070,79.3570,110.9478,0.8058,0.7056,0.9237,0.7914
71,2017-11-12,46,45-64,65.7143,65.1550,55.2213,77.9561,0.7963,0.6906,0.9196,0.7833
71,2017-11-12,46,65+,29.1429,30.2452,24.9860,36.1143,0.8257,0.7079,0.9623,0.8058
72,2017-11-13,46,0-5,69.1429,67.7653,56.9809,79.9437,1.5024,1.2671,1.7905,1.4717
72,2017-11-13,46,6-11,92.8571,90.2157,76.5931,106.2818,1.8555,1.5761,2.1876,1.7816
72,2017-11-13,46,12-17,49.2857,46.7016,39.1394,55.7580,1.6384,1.3947,1.9263,1.6008
72,2017-11-13,46,18-44,94.8571,96.8045,81.8195,114.1517,0.8171,0.7165,0.9374,0.7932
72,2017-11-13,46,45-64,68.2857,67.6702,57.4079,80.6023,0.8051,0.6969,0.9318,0.7843
72,2017-11-13,46,65+,29.8571,31.1582,25.6164,37.4558,0.8365,0.7171,0.9789,0.8042
73,2017-11-14,46,0-5,72.1429,72.2794,60.9015,85.1068,1.5207,1.2847,1.8007,1.4682
73,2017-11-14,46,6-11,100.2857,98.3672,83.7752,115.5348,1.8950,1.6173,2.2403,1.8049
73,2017-11-14,46,12-17,52.7143,50.8443,42.9020,60.9371,1.6639,1.4206,1.9588,1.6107
73,2017-11-14,46,18-44,102.0000,101.1664,85.4218,119.4723,0.8273,0.7237,0.9498,0.8035
73,2017-11-14,46,45-64,72.5714,70.3371,59.7865,83.5980,0.8117,0.7039,0.9369,0.7961
73,2017-11-14,46,65+,31.5714,32.4400,26.8189,38.8879,0.8473,0.7271,0.9877,0.8175
74,2017-11-15,46,0-5,76.5714,77.3141,65.2220,90.8800,1.5474,1.3081,1.8415,1.4607
74,2017-11-15,46,6-11,108.4286,108.0218,92.0254,127.6412,1.9457,1.6624,2.2906,1.8039
74,2017-11-15,46,12-17,56.5714,55.8817,46.8645,66.6872,1.6988,1.4481,1.9949,1.6016
74,2017-11-15,46,18-44,104.8571,107.2619,90.4486,126.7553,0.8398,0.7366,0.9596,0.7962
74,2017-11-15,46,45-64,76.0000,73.4891,62.1001,87.2625,0.8181,0.7116,0.9404,0.7914
74,2017-11-15,46,65+,33.8571,34.2331,28.3187,41.0251,0.8549,0.7353,0.9940,0.8213
75,2017-11-16,46,0-5,79.5714,83.2206,70.5814,98.1741,1.5726,1.3305,1.8651,1.4282
75,2017-11-16,46,6-11,115.0000,119.7422,101.4661,142.1875,1.9875,1.6981,2.3277,1.7680
75,2017-11-16,46,12-17,57.8571,61.7867,52.1873,73.5935,1.7367,1.4810,2.0369,1.5379
75,2017-11-16,46,18-44,107.7143,115.6081,97.2449,136.6957,0.8530,0.7489,0.9724,0.7750
75,2017-11-16,46,45-64,77.5714,77.2422,65.1918,91.8160,0.8273,0.7207,0.9508,0.7694
75,2017-11-16,46,65+,35.5714,36.4048,30.2623,43.6531,0.8624,0.7419,1.0001,0.8066
76,2017-11-17,46,0-5,90.5714,89.9161,76.3104,105.9866,1.5840,1.3418,1.8715,1.5427
76,2017-11-17,46,6-11,135.5714,134.0453,113.4579,157.8723,2.0113,1.7150,2.3754,1.9279
76,2017-11-17,46,12-17,69.4286,68.8901,58.1597,81.8452,1.7681,1.4976,2.0749,1.6828
76,2017-11-17,46,18-44,124.8571,125.7121,105.3874,149.0530,0.8598,0.7554,0.9798,0.8309
76,2017-11-17,46,45-64,82.0000,81.4836,68.8148,96.7346,0.8309,0.7242,0.9512,0.8132
76,2017-11-17,46,65+,39.7143,39.0634,32.5260,46.8959,0.8615,0.7421,1.0020,0.8522
77,2017-11-18,46,0-5,98.1429,97.4830,82.4478,115.6420,1.5852,1.3452,1.8882,1.5663
77,2017-11-18,46,6-11,151.8571,149.9526,127.2658,177.4603,2.0265,1.7158,2.3873,1.9701
77,2017-11-18,46,12-17,78.7143,77.1606,65.1720,91.5459,1.7924,1.5269,2.1077,1.7219
77,2017-11-18,46,18-44,139.2857,137.7361,116.1763,163.0984,0.8630,0.7589,0.9815,0.8399
77,2017-11-18,46,45-64,82.8571,86.0757,72.8117,102.1364,0.8319,0.7264,0.9513,0.8114
77,2017-11-18,46,65+,42.8571,42.0088,34.9082,50.1038,0.8566,0.7382,0.9932,0.8526
78,2017-11-19,47,0-5,105.5714,105.8812,89.7489,124.8835,1.5822,1.3358,1.8821,1.5856
78,2017-11-19,47,6-11,172.0000,168.1968,142.3943,197.4058,2.0279,1.7365,2.3926,2.0258
78,2017-11-19,47,12-17,87.1429,87.0285,73.7254,103.1856,1.8223,1.5528,2.1463,1.7534
78,2017-11-19,47,18-44,158.4286,151.8324,128.8537,178.8237,0.8600,0.7570,0.9805,0.8654
78,2017-11-19,47,45-64,92.1429,92.0850,78.2607,109.1565,0.8293,0.7236,0.9516,0.8367
78,2017-11-19,47,65+,47.1429,44.8696,37.6897,53.5882,0.8479,0.7323,0.9806,0.8772
79,2017-11-20,47,0-5,118.1429,115.3062,98.1329,136.3973,1.5809,1.3353,1.8734,1.6055
79,2017-11-20,47,6-11,189.5714,189.1523,160.7803,222.8674,2.0433,1.7402,2.3970,2.0109
79,2017-11-20,47,12-17,98.4286,99.2165,83.3749,117.1395,1.8473,1.5689,2.1813,1.7666
79,2017-11-20,47,18-44,170.8571,167.3243,142.4400,195.9100,0.8576,0.7554,0.9770,0.8609
79,2017-11-20,47,45-64,99.8571,99.6313,84.6591,117.7927,0.8255,0.7230,0.9474,0.8300
79,2017-11-20,47,65+,49.7143,48.2427,40.6351,57.1492,0.8374,0.7263,0.9711,0.8638
80,2017-11-21,47,0-5,128.1429,125.6760,108.1338,148.3387,1.5762,1.3331,1.8687,1.6004
80,2017-11-21,47,6-11,213.2857,213.5114,181.9353,250.8229,2.0502,1.7475,2.4030,2.0278
80,2017-11-21,47,12-17,114.7143,113.8463,95.9439,134.0223,1.8761,1.6019,2.2045,1.8163
80,2017-11-21,47,18-44,188.4286,184.3514,157.3255,217.1530,0.8542,0.7508,0.9739,0.8635
80,2017-11-21,47,45-64,108.2857,108.7169,92.5743,128.8173,0.8222,0.7178,0.9417,0.8323
80,2017-11-21,47,65+,53.8571,51.8217,43.3569,61.5511,0.8261,0.7149,0.9563,0.8626
81,2017-11-22,47,0-5,139.5714,137.9893,118.4504,162.1263,1.5770,1.3387,1.8600,1.5999
81,2017-11-22,47,6-11,240.1429,241.5337,206.5320,283.0538,2.0611,1.7669,2.4166,2.0445
81,2017-11-22,47,12-17,131.0000,131.7856,110.7597,155.3131,1.9114,1.6269,2.2516,1.8418
81,2017-11-22,47,18-44,209.8571,203.7979,173.8310,239.2451,0.8520,0.7520,0.9673,0.8687
81,2017-11-22,47,45-64,120.7143,119.8592,102.0128,142.5143,0.8195,0.7167,0.9387,0.8366
81,2017-11-22,47,65+,56.7143,55.6807,46.7044,66.2709,0.8159,0.7075,0.9439,0.8549
82,2017-11-23,47,0-5,149.2857,152.4689,130.2005,178.8310,1.5845,1.3499,1.8732,1.5488
82,2017-11-23,47,6-11,258.8571,274.2353,234.6904,322.6939,2.0819,1.7785,2.4444,1.9669
82,2017-11-23,47,12-17,141.8571,153.7332,129.2880,181.7216,1.9518,1.6575,2.2873,1.7666
82,2017-11-23,47,18-44,222.1429,224.6039,192.9056,263.6250,0.8523,0.7531,0.9636,0.8329
82,2017-11-23,47,45-64,127.8571,133.1805,113.3309,157.7687,0.8183,0.7181,0.9340,0.7990
82,2017-11-23,47,65+,57.7143,59.7454,50.1840,71.2169,0.8114,0.7039,0.9341,0.8095
83,2017-11-24,47,0-5,169.0000,168.8266,144.1199,198.2198,1.6022,1.3565,1.8883,1.6039
83,2017-11-24,47,6-11,312.2857,312.3151,269.2447,365.7711,2.0917,1.7833,2.4690,2.1016
83,2017-11-24,47,12-17,179.8571,180.4370,152.4287,213.1942,1.9767,1.6821,2.3321,1.9446
83,2017-11-24,47,18-44,245.0000,247.8511,213.2515,289.6486,0.8532,0.7534,0.9664,0.8716
83,2017-11-24,47,45-64,151.8571,148.0085,125.5594,175.0267,0.8178,0.7165,0.9323,0.8440
83,2017-11-24,47,65+,64.2857,64.5396,54.4406,76.7224,0.8086,0.7011,0.9311,0.8457
84,2017-11-25,47,0-5,188.5714,188.0958,160.7163,221.5035,1.6162,1.3614,1.9038,1.6234
84,2017-11-25,47,6-11,367.5714,357.1700,305.5293,419.1674,2.0982,1.7887,2.4634,2.1646
84,2017-11-25,47,12-17,216.0000,212.7126,181.1960,250.0911,1.9925,1.6929,2.3546,2.0054
84,2017-11-25,47,18-44,273.5714,272.8277,233.8809,318.7390,0.8511,0.7523,0.9689,0.8785
84,2017-11-25,47,45-64,165.8571,164.2491,140.1119,194.3041,0.8143,0.7149,0.9303,0.8452
84,2017-11-25,47,65+,70.0000,69.8782,58.8687,82.9027,0.8064,0.7016,0.9248,0.8423
85,2017-11-26,48,0-5,211.4286,210.8489,180.7399,249.0375,1.6280,1.3881,1.9360,1.6192
85,2017-11-26,48,6-11,416.2857,409.0388,350.4745,478.3963,2.1099,1.8049,2.4657,2.1402
85,2017-11-26,48,12-17,256.0000,251.7798,215.2425,297.3965,1.9974,1.6987,2.3712,2.0182
85,2017-11-26,48,18-44,298.4286,302.2673,257.4444,354.9036,0.8534,0.7538,0.9674,0.8651
85,2017-11-26,48,45-64,185.7143,182.5351,156.0972,214.9698,0.8132,0.7131,0.9286,0.8303
85,2017-11-26,48,65+,71.7143,76.4510,64.3737,91.0322,0.8068,0.7020,0.9291,0.8111
86,2017-11-27,48,0-5,235.5714,237.8586,202.9269,281.4920,1.6480,1.3948,1.9548,1.6162
86,2017-11-27,48,6-11,467.1429,468.9530,401.2273,549.4745,2.1202,1.8176,2.4969,2.1124
86,2017-11-27,48,12-17,301.5714,296.9666,254.1965,349.0622,2.0039,1.7061,2.3531,2.0186
86,2017-11-27,48,18-44,338.0000,337.7906,286.3748,399.4946,0.8548,0.7562,0.9691,0.8580
86,2017-11-27,48,45-64,202.8571,203.5201,174.5785,238.9592,0.8121,0.7134,0.9266,0.8190
86,2017-11-27,48,65+,77.8571,84.8272,71.2997,100.6487,0.8093,0.7032,0.9332,0.7964
87,2017-11-28,48,0-5,270.0000,270.6517,232.1251,319.3384,1.6697,1.4181,1.9835,1.6498
87,2017-11-28,48,6-11,534.7143,538.0644,458.1881,627.5881,2.1421,1.8305,2.5206,2.1318
87,2017-11-28,48,12-17,354.4286,349.9217,300.7949,408.9928,2.0051,1.7082,2.3551,2.0368
87,2017-11-28,48,18-44,381.7143,380.7266,323.9724,449.5732,0.8592,0.7599,0.9732,0.8711
87,2017-11-28,48,45-64,230.8571,228.0674,195.2479,269.4067,0.8128,0.7140,0.9276,0.8366
87,2017-11-28,48,65+,98.4286,95.2908,80.1098,112.7021,0.8124,0.7064,0.9360,0.8402
88,2017-11-29,48,0-5,310.5714,310.6094,266.0203,365.0614,1.6954,1.4383,2.0082,1.6747
88,2017-11-29,48,6-11,615.8571,620.7146,530.3358,724.2381,2.1721,1.8523,2.5533,2.1491
88,2017-11-29,48,12-17,418.2857,412.5501,355.4658,479.6100,2.0068,1.7124,2.3685,2.0516
88,2017-11-29,48,18-44,430.8571,433.0444,369.2664,510.5193,0.8651,0.7660,0.9816,0.8752
88,2017-11-29,48,45-64,263.0000,257.2329,220.5966,303.4525,0.8146,0.7167,0.9303,0.8390
88,2017-11-29,48,65+,111.1429,107.9665,91.0909,128.1080,0.8171,0.7103,0.9387,0.8424
89,2017-11-30,48,0-5,336.1429,357.7405,305.8676,417.6788,1.7215,1.4568,2.0288,1.5899
89,2017-11-30,48,6-11,664.2857,719.4740,614.5365,842.4045,2.2050,1.8893,2.5807,2.0206
89,2017-11-30,48,12-17,448.7143,485.6575,413.6583,562.2294,2.0129,1.7052,2.3615,1.8899
89,2017-11-30,48,18-44,462.4286,494.3977,422.9647,582.2937,0.8725,0.7712,0.9885,0.8174
89,2017-11-30,48,45-64,273.5714,291.1220,247.7914,345.3636,0.8178,0.7179,0.9318,0.7757
89,2017-11-30,48,65+,115.4286,123.1600,104.1878,145.9312,0.8189,0.7121,0.9400,0.7768
90,2017-12-01,48,0-5,412.0000,413.4452,356.1818,484.9590,1.7287,1.4584,2.0444,1.7399
90,2017-12-01,48,6-11,845.0000,839.8125,715.9257,982.2121,2.2074,1.8791,2.5935,2.2498
90,2017-12-01,48,12-17,569.5714,566.3925,485.9192,658.3302,1.9904,1.6905,2.3387,2.0782
90,2017-12-01,48,18-44,568.1429,568.7750,488.0445,668.0682,0.8709,0.7691,0.9871,0.8920
90,2017-12-01,48,45-64,324.1429,330.1516,281.3584,392.8061,0.8128,0.7138,0.9240,0.8408
90,2017-12-01,48,65+,142.0000,140.6306,119.4189,166.0839,0.8119,0.7061,0.9330,0.8448
91,2017-12-02,48,0-5,488.0000,478.4061,410.8885,562.8350,1.7081,1.4470,2.0255,1.7846
91,2017-12-02,48,6-11,999.5714,978.1941,838.2237,1145.1110,2.1849,1.8725,2.5801,2.2920
91,2017-12-02,48,12-17,669.1429,658.2755,566.4216,765.7602,1.9530,1.6636,2.3030,2.0949
91,2017-12-02,48,18-44,655.7143,652.6699,558.6813,766.8148,0.8594,0.7623,0.9725,0.9032
91,2017-12-02,48,45-64,374.7143,373.7231,319.0062,441.8871,0.8007,0.7062,0.9085,0.8481
91,2017-12-02,48,65+,163.0000,159.9366,135.1472,188.2004,0.7991,0.6960,0.9151,0.8517
92,2017-12-03,49,0-5,570.0000,553.3597,473.0312,646.5886,1.6734,1.4188,1.9845,1.8004
92,2017-12-03,49,6-11,1173.2857,1140.4836,979.0823,1332.1857,2.1552,1.8397,2.5274,2.3035
92,2017-12-03,49,12-17,774.5714,758.4661,651.1845,876.5988,1.9039,1.6206,2.2371,2.0799
92,2017-12-03,49,18-44,775.1429,751.7410,642.0472,879.7511,0.8403,0.7432,0.9487,0.9093
92,2017-12-03,49,45-64,431.8571,425.1004,362.1441,495.4049,0.7808,0.6865,0.8878,0.8509
92,2017-12-03,49,65+,190.2857,181.0899,152.7013,212.2106,0.7757,0.6768,0.8922,0.8572
93,2017-12-04,49,0-5,650.4286,636.5939,544.4944,743.1247,1.6297,1.3786,1.9335,1.7690
93,2017-12-04,49,6-11,1342.0000,1324.2408,1139.5295,1541.6518,2.1070,1.7944,2.4968,2.2569
93,2017-12-04,49,12-17,887.7143,868.0507,744.0759,1006.9830,1.8500,1.5766,2.1802,2.0430
93,2017-12-04,49,18-44,898.7143,863.9806,739.8735,1010.1326,0.8161,0.7219,0.9251,0.8983
93,2017-12-04,49,45-64,501.1429,485.9852,416.5082,565.6962,0.7570,0.6653,0.8627,0.8426
93,2017-12-04,49,65+,218.0000,204.2712,173.7053,240.2670,0.7484,0.6522,0.8593,0.8482
94,2017-12-05,49,0-5,745.4286,730.8946,625.1173,849.0668,1.6008,1.3596,1.8866,1.7381
94,2017-12-05,49,6-11,1538.4286,1532.7311,1328.0014,1781.6280,2.0613,1.7579,2.4415,2.2105
94,2017-12-05,49,12-17,1012.7143,988.4972,846.6534,1145.8396,1.8056,1.5340,2.1173,1.9960
94,2017-12-05,49,18-44,1025.4286,987.6712,846.2870,1160.4183,0.7945,0.7052,0.9008,0.8766
94,2017-12-05,49,45-64,567.7143,554.8323,477.1688,648.5074,0.7359,0.6491,0.8367,0.8172
94,2017-12-05,49,65+,231.0000,229.8555,195.1743,271.7166,0.7248,0.6354,0.8301,0.8078
95,2017-12-06,49,0-5,842.2857,834.4496,717.9291,974.6966,1.5717,1.3293,1.8528,1.6906
95,2017-12-06,49,6-11,1758.1429,1763.3282,1528.0286,2059.7510,2.0418,1.7287,2.4153,2.1603
95,2017-12-06,49,12-17,1125.5714,1115.6115,964.2814,1303.4107,1.7822,1.5188,2.1033,1.9225
95,2017-12-06,49,18-44,1135.5714,1123.9112,966.3612,1321.3494,0.7820,0.6923,0.8851,0.8484
95,2017-12-06,49,45-64,636.1429,633.4536,543.7459,745.1615,0.7253,0.6381,0.8264,0.7905
95,2017-12-06,49,65+,259.4286,257.7639,219.2079,303.9314,0.7120,0.6217,0.8153,0.7843
96,2017-12-07,49,0-5,921.8571,948.8994,823.6116,1108.9599,1.5518,1.3187,1.8386,1.5961
96,2017-12-07,49,6-11,1912.8571,2028.6613,1753.3055,2363.9731,2.0295,1.7247,2.3955,2.0262
96,2017-12-07,49,12-17,1183.0000,1258.2580,1086.6526,1475.2362,1.7737,1.5097,2.0964,1.7719
96,2017-12-07,49,18-44,1206.0000,1275.1138,1091.9094,1495.2949,0.7759,0.6872,0.8770,0.7896
96,2017-12-07,49,45-64,673.1429,723.0072,622.6577,845.1348,0.7205,0.6337,0.8202,0.7317
96,2017-12-07,49,65+,272.1429,288.3841,247.1236,340.0292,0.7040,0.6159,0.8050,0.7251
97,2017-12-08,49,0-5,1076.7143,1076.2860,923.8147,1247.9331,1.5485,1.3147,1.8298,1.6589
97,2017-12-08,49,6-11,2365.0000,2326.2803,1999.9326,2700.9777,2.0241,1.7193,2.3833,2.1772
97,2017-12-08,49,12-17,1420.7143,1414.2011,1228.1512,1648.5458,1.7816,1.5163,2.1108,1.8937
97,2017-12-08,49,18-44,1405.7143,1435.8239,1231.5942,1676.2810,0.7771,0.6885,0.8778,0.8333
97,2017-12-08,49,45-64,818.1429,822.2232,705.9298,960.4924,0.7231,0.6348,0.8239,0.7774
97,2017-12-08,49,65+,322.4286,321.1937,276.1029,377.3407,0.7043,0.6151,0.8066,0.7693
98,2017-12-09,49,0-5,1211.8571,1213.9164,1043.8650,1410.5604,1.5528,1.3129,1.8240,1.6395
98,2017-12-09,49,6-11,2696.2857,2650.3145,2275.0631,3088.5606,2.0143,1.7197,2.3727,2.1543
98,2017-12-09,49,12-17,1614.2857,1596.2255,1383.5203,1855.3267,1.7972,1.5268,2.1225,1.8882
98,2017-12-09,49,18-44,1586.8571,1612.0353,1384.9257,1881.1572,0.7807,0.6928,0.8833,0.8233
98,2017-12-09,49,45-64,914.4286,929.1246,790.4017,1089.7668,0.7282,0.6414,0.8297,0.7665
98,2017-12-09,49,65+,349.8571,356.0176,306.1045,417.6751,0.7063,0.6196,0.8071,0.7513
99,2017-12-10,50,0-5,1353.8571,1369.2472,1170.0946,1594.6886,1.5559,1.3222,1.8453,1.6131
99,2017-12-10,50,6-11,3029.8571,3014.4062,2578.3630,3510.4934,2.0094,1.7123,2.3698,2.1106
99,2017-12-10,50,12-17,1801.7143,1802.3095,1551.8026,2098.2967,1.8058,1.5397,2.1231,1.8597
99,2017-12-10,50,18-44,1795.1429,1811.5933,1560.6713,2119.1212,0.7844,0.6925,0.8887,0.8132
99,2017-12-10,50,45-64,1036.1429,1051.9114,895.6424,1234.4067,0.7332,0.6443,0.8367,0.7590
99,2017-12-10,50,65+,392.7143,395.2306,339.5205,462.3262,0.7097,0.6205,0.8099,0.7438
100,2017-12-11,50,0-5,1517.1429,1545.3031,1329.4509,1789.7878,1.5698,1.3249,1.8602,1.5998
100,2017-12-11,50,6-11,3393.4286,3408.8001,2921.2890,3951.7643,2.0179,1.7290,2.3996,2.0796
100,2017-12-11,50,12-17,2031.4286,2035.4105,1758.8707,2388.8221,1.8313,1.5550,2.1568,1.8547
100,2017-12-11,50,18-44,2047.0000,2050.0410,1764.4743,2386.5262,0.7933,0.7015,0.8983,0.8113
100,2017-12-11,50,45-64,1193.4286,1191.3729,1014.0268,1399.5458,0.7440,0.6539,0.8482,0.7600
100,2017-12-11,50,65+,436.7143,440.0821,377.9453,514.2041,0.7179,0.6306,0.8199,0.7406
101,2017-12-12,50,0-5,1727.1429,1747.2745,1499.8402,2021.3965,1.5902,1.3488,1.8712,1.6109
101,2017-12-12,50,6-11,3842.2857,3857.3154,3311.9014,4511.5731,2.0486,1.7382,2.4147,2.0795
101,2017-12-12,50,12-17,2313.5714,2312.3628,1985.3751,2725.1365,1.8593,1.5793,2.1798,1.8694
101,2017-12-12,50,18-44,2336.0000,2328.2572,1994.4781,2727.3269,0.8052,0.7148,0.9127,0.8178
101,2017-12-12,50,45-64,1377.2857,1358.9211,1155.9988,1605.5222,0.7570,0.6666,0.8629,0.7683
101,2017-12-12,50,65+,499.7143,491.9946,423.3654,572.0359,0.7303,0.6394,0.8378,0.7489
102,2017-12-13,50,0-5,1947.2857,1980.4092,1700.2433,2303.9860,1.6154,1.3640,1.9093,1.5995
102,2017-12-13,50,6-11,4293.8571,4379.6350,3774.0792,5113.2945,2.0809,1.7680,2.4602,2.0499
102,2017-12-13,50,12-17,2580.0000,2635.6773,2261.7031,3098.3818,1.9042,1.6182,2.2365,1.8433
102,2017-12-13,50,18-44,2611.4286,2640.6483,2262.9239,3086.1210,0.8243,0.7303,0.9330,0.8079
102,2017-12-13,50,45-64,1553.2857,1559.3480,1323.5962,1834.6877,0.7774,0.6841,0.8861,0.7586
102,2017-12-13,50,65+,549.4286,553.9692,477.2057,646.6591,0.7492,0.6553,0.8560,0.7360
103,2017-12-14,50,0-5,2130.7143,2255.5478,1945.5293,2613.4430,1.6442,1.3981,1.9596,1.5335
103,2017-12-14,50,6-11,4603.1429,4983.1501,4307.6592,5839.9975,2.1154,1.8067,2.4916,1.9399
103,2017-12-14,50,12-17,2716.7143,3026.3241,2589.3997,3552.5152,1.9534,1.6627,2.2938,1.7233
103,2017-12-14,50,18-44,2780.4286,3023.1502,2582.4105,3524.5946,0.8466,0.7497,0.9579,0.7618
103,2017-12-14,50,45-64,1637.5714,1800.9071,1531.2466,2110.2165,0.8028,0.7041,0.9146,0.7105
103,2017-12-14,50,65+,574.7143,629.5736,541.2991,738.6276,0.7737,0.6769,0.8871,0.6876
104,2017-12-15,50,0-5,2611.4286,2571.0613,2213.1955,2993.7426,1.6554,1.4002,1.9554,1.6921
104,2017-12-15,50,6-11,5682.1429,5685.5549,4883.5025,6680.9047,2.1161,1.8071,2.4759,2.1570
104,2017-12-15,50,12-17,3441.7143,3490.0452,2999.9266,4099.3642,1.9640,1.6765,2.3083,1.9562
104,2017-12-15,50,18-44,3460.5714,3468.8311,2987.4778,4044.4192,0.8586,0.7610,0.9703,0.8530
104,2017-12-15,50,45-64,2090.4286,2089.4344,1787.9795,2437.8502,0.8192,0.7204,0.9343,0.8015
104,2017-12-15,50,65+,709.0000,720.4614,618.0816,849.2510,0.7932,0.6948,0.9081,0.7714
105,2017-12-16,50,0-5,2981.0000,2931.2997,2504.1541,3415.5405,1.6482,1.3975,1.9406,1.7023
105,2017-12-16,50,6-11,6563.0000,6471.0937,5563.6359,7602.1569,2.0933,1.7844,2.4524,2.1913
105,2017-12-16,50,12-17,4095.4286,4020.3603,3486.5458,4684.5363,1.9466,1.6645,2.2824,2.0237
105,2017-12-16,50,18-44,4001.8571,3971.9436,3427.5971,4628.6272,0.8585,0.7612,0.9681,0.8673
105,2017-12-16,50,45-64,2429.8571,2427.9033,2083.4060,2827.7015,0.8236,0.7235,0.9360,0.8184
105,2017-12-16,50,65+,827.5714,828.0972,710.6099,969.8882,0.8005,0.7010,0.9129,0.7876
106,2017-12-17,51,0-5,3384.5714,3338.5792,2859.8501,3893.2704,1.6122,1.3609,1.8984,1.6954
106,2017-12-17,51,6-11,7428.1429,7320.4225,6318.8132,8580.4073,2.0229,1.7283,2.3775,2.1794
106,2017-12-17,51,12-17,4760.7143,4597.5237,3999.7556,5304.6544,1.8814,1.6155,2.2059,2.0396
106,2017-12-17,51,18-44,4671.8571,4556.7840,3942.4949,5290.7514,0.8411,0.7462,0.9507,0.8752
106,2017-12-17,51,45-64,2893.1429,2826.1719,2445.1852,3283.6749,0.8101,0.7124,0.9231,0.8318
106,2017-12-17,51,65+,967.1429,956.2511,820.5044,1119.4509,0.7928,0.6940,0.9088,0.8002
107,2017-12-18,51,0-5,3819.1429,3778.6832,3248.2593,4453.3855,1.5591,1.3201,1.8370,1.6786
107,2017-12-18,51,6-11,8313.8571,8204.9126,7104.4604,9569.9095,1.9449,1.6636,2.2792,2.1466
107,2017-12-18,51,12-17,5398.1429,5208.9023,4500.0041,6018.6963,1.7886,1.5172,2.0950,2.0113
107,2017-12-18,51,18-44,5441.7143,5227.7487,4511.8085,6076.9104,0.8143,0.7211,0.9210,0.8756
107,2017-12-18,51,45-64,3410.1429,3302.7596,2844.0605,3856.1777,0.7850,0.6906,0.8961,0.8369
107,2017-12-18,51,65+,1147.5714,1113.4284,961.3929,1306.4402,0.7733,0.6773,0.8848,0.8102
108,2017-12-19,51,0-5,4323.0000,4261.9185,3644.7615,4990.2109,1.5111,1.2795,1.7846,1.6699
108,2017-12-19,51,6-11,9218.5714,9105.2350,7899.6860,10602.6194,1.8639,1.5971,2.1898,2.1126
108,2017-12-19,51,12-17,6056.1429,5791.8880,5027.6720,6687.7941,1.6891,1.4513,1.9784,1.9814
108,2017-12-19,51,18-44,6312.8571,5968.2858,5147.3456,6923.2194,0.7834,0.6929,0.8867,0.8793
108,2017-12-19,51,45-64,4070.1429,3841.4567,3317.2358,4467.8575,0.7565,0.6630,0.8647,0.8473
108,2017-12-19,51,65+,1378.2857,1299.8703,1124.6201,1519.9926,0.7498,0.6556,0.8593,0.8274
109,2017-12-20,51,0-5,4857.0000,4772.3639,4098.2040,5593.7273,1.4661,1.2376,1.7420,1.6466
109,2017-12-20,51,6-11,10231.5714,9960.6781,8614.7005,11573.7994,1.7900,1.5341,2.0951,2.0750
109,2017-12-20,51,12-17,6659.1429,6336.2849,5489.1398,7280.5296,1.6061,1.3754,1.8826,1.9253
109,2017-12-20,51,18-44,7121.4286,6769.2866,5835.1209,7875.3022,0.7577,0.6710,0.8562,0.8693
109,2017-12-20,51,45-64,4737.1429,4422.1207,3838.2829,5167.4508,0.7324,0.6434,0.8364,0.8417
109,2017-12-20,51,65+,1608.7143,1505.0672,1298.3330,1758.5436,0.7289,0.6380,0.8359,0.8270
110,2017-12-21,51,0-5,5242.8571,5301.4626,4573.5846,6196.2773,1.4320,1.2154,1.6951,1.5536
110,2017-12-21,51,6-11,10781.0000,10779.0064,9321.0150,12637.4709,1.7370,1.4839,2.0227,1.9378
110,2017-12-21,51,12-17,6918.2857,6801.7731,5918.2501,7775.8597,1.5466,1.3167,1.8149,1.7731
110,2017-12-21,51,18-44,7544.4286,7567.3079,6538.0092,8818.4753,0.7433,0.6573,0.8430,0.8103
110,2017-12-21,51,45-64,5040.7143,5045.5961,4357.6941,5913.9163,0.7216,0.6314,0.8260,0.7817
110,2017-12-21,51,65+,1720.4286,1730.1724,1493.1520,2018.0623,0.7210,0.6295,0.8284,0.7691
111,2017-12-22,51,0-5,5445.7143,5852.7926,5035.2392,6825.4281,1.4077,1.1933,1.6634,1.4175
111,2017-12-22,51,6-11,10464.8571,11540.0722,9989.9700,13486.1970,1.6860,1.4402,1.9715,1.7076
111,2017-12-22,51,12-17,6430.7143,7216.6917,6260.4042,8301.4423,1.5030,1.2869,1.7484,1.5196
111,2017-12-22,51,18-44,7475.2857,8413.6545,7302.3109,9782.3454,0.7387,0.6523,0.8391,0.7202
111,2017-12-22,51,45-64,5035.2857,5726.5476,4924.0691,6711.8713,0.7219,0.6307,0.8279,0.6915
111,2017-12-22,51,65+,1739.4286,1971.7315,1698.8602,2312.8851,0.7256,0.6326,0.8326,0.6849
112,2017-12-23,51,0-5,6456.7143,6389.6559,5526.3462,7451.8732,1.3765,1.1639,1.6315,1.5629
112,2017-12-23,51,6-11,12382.4286,12207.5712,10528.7733,14217.0255,1.6278,1.3880,1.9177,1.9019
112,2017-12-23,51,12-17,7505.5714,7543.6398,6526.9474,8643.9371,1.4561,1.2476,1.7058,1.6966
112,2017-12-23,51,18-44,9100.8571,9263.5870,8031.3700,10796.6660,0.7344,0.6465,0.8346,0.8146
112,2017-12-23,51,45-64,6416.4286,6416.1059,5496.8960,7523.1740,0.7239,0.6311,0.8294,0.7940
112,2017-12-23,51,65+,2249.2857,2228.2999,1926.2102,2613.3264,0.7323,0.6370,0.8421,0.7955
113,2017-12-24,52,0-5,6963.4286,6860.7165,5963.1370,7988.9718,1.3326,1.1351,1.5843,1.5347
113,2017-12-24,52,6-11,13013.5714,12672.7273,10998.0251,14755.4967,1.5619,1.3327,1.8399,1.8586
113,2017-12-24,52,12-17,7847.7143,7742.9971,6707.1037,8890.2285,1.4107,1.2054,1.6442,1.6622
113,2017-12-24,52,18-44,9980.8571,10086.7549,8715.7599,11731.7707,0.7267,0.6401,0.8300,0.8045
113,2017-12-24,52,45-64,6970.0000,7072.4999,6045.6979,8274.7491,0.7237,0.6295,0.8328,0.7845
113,2017-12-24,52,65+,2434.5714,2472.0915,2140.9291,2901.6004,0.7354,0.6383,0.8487,0.7838
114,2017-12-25,52,0-5,7403.2857,7266.2738,6304.6788,8454.7076,1.2918,1.0967,1.5180,1.4965
114,2017-12-25,52,6-11,13212.5714,12974.1927,11262.7557,14984.6126,1.4962,1.2849,1.7507,1.7846
114,2017-12-25,52,12-17,7912.2857,7829.0658,6780.8349,9004.5142,1.3591,1.1715,1.5789,1.6017
114,2017-12-25,52,18-44,10982.0000,10889.8145,9414.8156,12663.3864,0.7188,0.6337,0.8180,0.7952
114,2017-12-25,52,45-64,7693.4286,7734.4863,6635.9799,9040.6151,0.7225,0.6306,0.8317,0.7807
114,2017-12-25,52,65+,2719.7143,2718.9426,2349.6453,3177.7652,0.7381,0.6410,0.8521,0.7846
115,2017-12-26,52,0-5,7727.1429,7591.5438,6560.6745,8828.1141,1.2573,1.0656,1.4803,1.4524
115,2017-12-26,52,6-11,13142.7143,13018.7929,11313.4491,14988.8146,1.4393,1.2399,1.6826,1.7073
115,2017-12-26,52,12-17,7704.7143,7796.9928,6763.5698,8982.3095,1.3149,1.1300,1.5283,1.5282
115,2017-12-26,52,18-44,11989.2857,11730.4854,10112.0767,13634.9151,0.7138,0.6279,0.8149,0.7867
115,2017-12-26,52,45-64,8521.5714,8402.0472,7247.5448,9735.7355,0.7252,0.6316,0.8346,0.7799
115,2017-12-26,52,65+,3042.1429,2983.1949,2579.8845,3497.2933,0.7445,0.6463,0.8573,0.7901
116,2017-12-27,52,0-5,7964.1429,7825.8267,6758.6548,9071.6802,1.2238,1.0405,1.4458,1.4069
116,2017-12-27,52,6-11,12898.0000,12873.5389,11163.7940,14874.2150,1.3919,1.1985,1.6286,1.6345
116,2017-12-27,52,12-17,7563.2857,7659.7632,6672.8766,8866.4468,1.2688,1.0941,1.4710,1.4742
116,2017-12-27,52,18-44,12841.1429,12545.7392,10825.5559,14575.6291,0.7099,0.6229,0.8124,0.7749
116,2017-12-27,52,45-64,9236.2857,9094.9380,7896.5580,10565.6275,0.7274,0.6327,0.8399,0.7741
116,2017-12-27,52,65+,3306.2857,3252.9996,2803.2790,3797.0691,0.7529,0.6513,0.8684,0.7866
117,2017-12-28,52,0-5,8096.1429,7972.7827,6912.6231,9235.0648,1.2037,1.0207,1.4126,1.3536
117,2017-12-28,52,6-11,12830.4286,12534.6798,10938.9380,14498.4881,1.3570,1.1714,1.5720,1.5788
117,2017-12-28,52,12-17,7544.2857,7415.6784,6463.2971,8556.1654,1.2316,1.0608,1.4271,1.4312
117,2017-12-28,52,18-44,13260.0000,13314.1792,11541.6569,15482.6350,0.7121,0.6243,0.8132,0.7521
117,2017-12-28,52,45-64,9600.7143,9790.8423,8550.0200,11380.2085,0.7367,0.6393,0.8486,0.7530
117,2017-12-28,52,65+,3442.1429,3535.3322,3035.5089,4106.1410,0.7682,0.6662,0.8828,0.7637
118,2017-12-29,52,0-5,8028.5714,8044.2567,7010.6208,9306.6760,1.1985,1.0228,1.4092,1.2962
118,2017-12-29,52,6-11,12409.7143,12043.7552,10549.6100,14007.4381,1.3314,1.1502,1.5402,1.5150
118,2017-12-29,52,12-17,7364.7143,7066.1931,6168.7644,8150.3073,1.2026,1.0423,1.3901,1.3852
118,2017-12-29,52,18-44,13620.2857,14014.5877,12153.8933,16321.3780,0.7197,0.6309,0.8213,0.7327
118,2017-12-29,52,45-64,9969.1429,10493.2818,9141.7729,12188.9279,0.7507,0.6514,0.8654,0.7383
118,2017-12-29,52,65+,3630.0000,3840.1944,3288.8408,4441.1962,0.7876,0.6838,0.9102,0.7518
119,2017-12-30,52,0-5,7932.7143,8074.3535,7016.6620,9315.4995,1.1992,1.0235,1.4077,1.2768
119,2017-12-30,52,6-11,11311.0000,11478.3415,10043.6010,13294.5180,1.3155,1.1378,1.5284,1.4555
119,2017-12-30,52,12-17,6658.7143,6633.8498,5788.7697,7604.4497,1.1807,1.0230,1.3641,1.3408
119,2017-12-30,52,18-44,14644.8571,14667.3806,12710.8649,17017.0744,0.7292,0.6372,0.8368,0.7505
119,2017-12-30,52,45-64,11245.1429,11222.3541,9779.4819,13007.4810,0.7657,0.6632,0.8845,0.7724
119,2017-12-30,52,65+,4163.7143,4141.5047,3570.4433,4795.8997,0.8095,0.7002,0.9344,0.7995
120,2017-12-31,1,0-5,7879.1429,8052.3040,7014.7928,9308.0202,1.2126,1.0318,1.4240,1.2563
120,2017-12-31,1,6-11,10564.4286,10860.3819,9485.4589,12560.4652,1.3098,1.1332,1.5180,1.4115
120,2017-12-31,1,12-17,6039.0000,6175.8262,5363.1637,7062.8066,1.1601,1.0098,1.3382,1.2884
120,2017-12-31,1,18-44,15097.0000,15243.7527,13179.1234,17686.2863,0.7396,0.6478,0.8503,0.7484
120,2017-12-31,1,45-64,11848.4286,11914.9328,10291.8941,13819.5047,0.7796,0.6759,0.9018,0.7759
120,2017-12-31,1,65+,4468.1429,4435.0368,3837.4505,5141.5006,0.8277,0.7157,0.9573,0.8095
121,2018-01-01,1,0-5,7881.7143,8032.2819,6971.2251,9286.5227,1.2287,1.0493,1.4425,1.2508
121,2018-01-01,1,6-11,9983.7143,10205.4748,8878.8222,11798.2646,1.3053,1.1298,1.5103,1.3909
121,2018-01-01,1,12-17,5515.8571,5668.0353,4946.0425,6513.1475,1.1450,0.9943,1.3164,1.2564
121,2018-01-01,1,18-44,15474.4286,15665.8548,13519.5665,18194.6277,0.7515,0.6547,0.8631,0.7516
121,2018-01-01,1,45-64,12432.7143,12516.8388,10860.4951,14459.8764,0.7927,0.6814,0.9195,0.7829
121,2018-01-01,1,65+,4729.2857,4731.3832,4108.5894,5503.6088,0.8430,0.7254,0.9782,0.8198
122,2018-01-02,1,0-5,7836.7143,7999.3625,6958.0611,9292.3800,1.2470,1.0571,1.4678,1.2447
122,2018-01-02,1,6-11,9410.2857,9558.2178,8304.2548,11049.5985,1.3023,1.1290,1.5064,1.3749
122,2018-01-02,1,12-17,5053.7143,5154.8941,4497.3175,5877.1883,1.1284,0.9819,1.2996,1.2347
122,2018-01-02,1,18-44,15704.4286,16045.3307,13834.7108,18616.9508,0.7608,0.6624,0.8742,0.7552
122,2018-01-02,1,45-64,12964.0000,13068.7124,11344.0023,15171.2928,0.8032,0.6930,0.9316,0.7912
122,2018-01-02,1,65+,5019.8571,5010.7161,4340.5703,5816.9088,0.8562,0.7401,0.9908,0.8331
123,2018-01-03,1,0-5,7761.0000,8004.8057,6979.1387,9246.6189,1.2562,1.0673,1.4721,1.2358
123,2018-01-03,1,6-11,8728.7143,8914.0166,7761.3937,10305.3061,1.2952,1.1199,1.4914,1.3484
123,2018-01-03,1,12-17,4512.5714,4646.2568,4080.4986,5303.7298,1.1042,0.9598,1.2703,1.1995
123,2018-01-03,1,18-44,15838.1429,16275.4585,14051.3899,18898.9851,0.7618,0.6623,0.8768,0.7537
123,2018-01-03,1,45-64,13288.2857,13536.1587,11732.3472,15699.2693,0.8037,0.6919,0.9347,0.7920
123,2018-01-03,1,65+,5211.5714,5255.8310,4550.8772,6088.7671,0.8591,0.7412,0.9969,0.8363
124,2018-01-04,1,0-5,7759.2857,8008.8517,7004.1453,9248.7636,1.2584,1.0734,1.4786,1.2325
124,2018-01-04,1,6-11,8232.7143,8302.3421,7235.5901,9612.1356,1.2803,1.1061,1.4800,1.3318
124,2018-01-04,1,12-17,4205.7143,4161.2300,3643.3611,4751.2159,1.0753,0.9348,1.2315,1.1806
124,2018-01-04,1,18-44,15794.7143,16378.7996,14237.1212,18985.5749,0.7569,0.6583,0.8689,0.7471
124,2018-01-04,1,45-64,13249.5714,13814.8058,11978.1825,16057.4518,0.7977,0.6875,0.9234,0.7823
124,2018-01-04,1,65+,5193.2857,5474.3325,4754.7421,6300.9051,0.8544,0.7365,0.9879,0.8220
125,2018-01-05,1,0-5,8480.2857,8033.6819,6988.3342,9263.0959,1.2488,1.0610,1.4637,1.3749
125,2018-01-05,1,6-11,8461.1429,7719.4195,6746.3466,8932.4968,1.2625,1.0907,1.4564,1.4770
125,2018-01-05,1,12-17,4251.7143,3700.8990,3235.6153,4228.4741,1.0399,0.9064,1.1965,1.3165
125,2018-01-05,1,18-44,17881.7143,16366.4445,14252.9411,18941.5169,0.7442,0.6484,0.8558,0.8507
125,2018-01-05,1,45-64,15516.2857,13986.1699,12165.1432,16191.7705,0.7825,0.6751,0.9106,0.9004
125,2018-01-05,1,65+,6205.2857,5627.0104,4886.4324,6471.2341,0.8369,0.7228,0.9707,0.9535
126,2018-01-06,1,0-5,8128.7143,8037.2903,6997.1187,9298.7730,1.2396,1.0563,1.4615,1.2747
126,2018-01-06,1,6-11,7077.1429,7211.4672,6281.4813,8315.3427,1.2509,1.0836,1.4489,1.3080
126,2018-01-06,1,12-17,3216.8571,3270.4415,2862.3304,3753.2747,1.0079,0.8762,1.1609,1.1259
126,2018-01-06,1,18-44,16575.5714,16193.8589,14032.5511,18658.5348,0.7288,0.6353,0.8406,0.7678
126,2018-01-06,1,45-64,14188.5714,14038.2522,12212.5590,16163.9442,0.7632,0.6565,0.8889,0.8063
126,2018-01-06,1,65+,5763.4286,5713.8967,4969.8463,6582.6574,0.8166,0.7029,0.9478,0.8554
127,2018-01-07,2,0-5,8097.4286,8046.0930,7014.1441,9347.5207,1.2349,1.0463,1.4516,1.2614
127,2018-01-07,2,6-11,6542.0000,6773.0599,5912.2165,7826.3530,1.2443,1.0739,1.4377,1.2798
127,2018-01-07,2,12-17,2780.0000,2905.3047,2547.2965,3351.7935,0.9820,0.8538,1.1297,1.0859
127,2018-01-07,2,18-44,16334.1429,15983.0965,13835.3310,18349.0036,0.7157,0.6233,0.8223,0.7592
127,2018-01-07,2,45-64,14264.4286,13998.8493,12148.9296,16086.1352,0.7460,0.6408,0.8656,0.7993
127,2018-01-07,2,65+,5857.7143,5760.6933,5011.2075,6632.2403,0.7975,0.6852,0.9241,0.8508
128,2018-01-08,2,0-5,8016.5714,8095.6507,7050.9135,9340.8565,1.2278,1.0413,1.4457,1.2425
128,2018-01-08,2,6-11,6162.4286,6403.4383,5553.8878,7387.5319,1.2470,1.0778,1.4389,1.2594
128,2018-01-08,2,12-17,2453.0000,2580.4438,2257.7132,2990.4515,0.9625,0.8384,1.1063,1.0515
128,2018-01-08,2,18-44,15739.5714,15673.5736,13624.1425,18033.3303,0.7053,0.6140,0.8097,0.7443
128,2018-01-08,2,45-64,13986.5714,13819.7425,11989.7230,15895.6659,0.7329,0.6308,0.8514,0.7839
128,2018-01-08,2,65+,5811.5714,5758.6997,4999.0219,6615.9154,0.7823,0.6726,0.9095,0.8361
129,2018-01-09,2,0-5,8026.7143,8125.0992,7045.2081,9388.3701,1.2232,1.0345,1.4396,1.2348
129,2018-01-09,2,6-11,5897.8571,6104.1942,5311.1510,7083.7477,1.2546,1.0830,1.4521,1.2486
129,2018-01-09,2,12-17,2209.0000,2303.4523,2012.0602,2670.0456,0.9525,0.8281,1.0963,1.0223
129,2018-01-09,2,18-44,15074.0000,15255.4762,13270.7492,17589.2712,0.6977,0.6073,0.8019,0.7284
129,2018-01-09,2,45-64,13402.5714,13539.4041,11752.6072,15620.3739,0.7241,0.6224,0.8445,0.7632
129,2018-01-09,2,65+,5625.7143,5705.9926,4932.0070,6548.0991,0.7717,0.6640,0.8997,0.8132
130,2018-01-10,2,0-5,8060.2857,8122.2167,7082.9296,9395.9783,1.2231,1.0335,1.4402,1.2361
130,2018-01-10,2,6-11,5756.5714,5888.4211,5105.4397,6823.7314,1.2622,1.0901,1.4640,1.2550
130,2018-01-10,2,12-17,2015.8571,2069.1573,1812.4000,2399.0613,0.9429,0.8200,1.0855,1.0072
130,2018-01-10,2,18-44,14426.2857,14710.1769,12776.6511,16990.7642,0.6934,0.6020,0.7969,0.7203
130,2018-01-10,2,45-64,12945.7143,13210.7302,11451.4285,15220.5299,0.7178,0.6166,0.8378,0.7525
130,2018-01-10,2,65+,5487.4286,5602.7038,4823.6224,6435.9541,0.7652,0.6583,0.8889,0.8023
131,2018-01-11,2,0-5,8035.7143,8102.5384,7048.6148,9362.2090,1.2164,1.0271,1.4369,1.2442
131,2018-01-11,2,6-11,5694.0000,5703.7546,4954.9176,6594.1606,1.2679,1.0879,1.4737,1.2809
131,2018-01-11,2,12-17,1923.5714,1870.5786,1632.0116,2160.1544,0.9352,0.8113,1.0768,1.0211
131,2018-01-11,2,18-44,14081.4286,14157.5423,12256.4601,16303.6355,0.6889,0.5974,0.7946,0.7262
131,2018-01-11,2,45-64,12732.5714,12769.9783,11096.7163,14742.0484,0.7137,0.6101,0.8337,0.7588
131,2018-01-11,2,65+,5426.7143,5446.1711,4702.5936,6272.2024,0.7618,0.6533,0.8876,0.8085
132,2018-01-12,2,0-5,8085.1429,8074.7110,7050.5174,9356.3360,1.2052,1.0156,1.4289,1.2379
132,2018-01-12,2,6-11,5536.8571,5574.8870,4823.3550,6477.1800,1.2644,1.0928,1.4696,1.2671
132,2018-01-12,2,12-17,1677.7143,1699.8340,1480.8940,1961.9241,0.9259,0.8068,1.0617,0.9766
132,2018-01-12,2,18-44,13196.2857,13547.6525,11772.3605,15595.6592,0.6830,0.5955,0.7840,0.7059
132,2018-01-12,2,45-64,11976.4286,12319.1876,10726.8812,14265.1500,0.7080,0.6092,0.8241,0.7332
132,2018-01-12,2,65+,5142.1429,5273.1532,4575.3668,6073.1031,0.7557,0.6491,0.8788,0.7821
133,2018-01-13,2,0-5,8043.0000,8012.2619,6971.7921,9264.6812,1.1853,1.0036,1.4146,1.2391
133,2018-01-13,2,6-11,5437.7143,5450.7076,4735.4211,6295.4264,1.2562,1.0863,1.4611,1.2763
133,2018-01-13,2,12-17,1540.4286,1547.7479,1355.0151,1784.2913,0.9139,0.7953,1.0495,0.9706
133,2018-01-13,2,18-44,12724.7143,12938.1983,11228.7007,14844.5390,0.6751,0.5866,0.7768,0.7049
133,2018-01-13,2,45-64,11632.8571,11846.0789,10329.9732,13707.0193,0.7014,0.6013,0.8159,0.7323
133,2018-01-13,2,65+,4991.7143,5081.0864,4428.7896,5848.5983,0.7479,0.6403,0.8703,0.7808
134,2018-01-14,3,0-5,7941.4286,7894.0922,6868.1384,9081.9230,1.1606,0.9801,1.3716,1.2351
134,2018-01-14,3,6-11,5334.4286,5317.3081,4618.3800,6126.9705,1.2352,1.0639,1.4408,1.2819
134,2018-01-14,3,12-17,1408.5714,1416.8517,1240.2718,1633.3832,0.8951,0.7777,1.0266,0.9627
134,2018-01-14,3,18-44,12266.5714,12334.4392,10715.0090,14163.8443,0.6609,0.5756,0.7611,0.7031
134,2018-01-14,3,45-64,11275.2857,11356.7180,9938.5621,13091.8394,0.6877,0.5896,0.7993,0.7308
134,2018-01-14,3,65+,4826.0000,4879.6127,4241.6723,5594.2180,0.7346,0.6300,0.8511,0.7788
135,2018-01-15,3,0-5,7798.0000,7725.0561,6770.3035,8877.6544,1.1288,0.9484,1.3372,1.2266
135,2018-01-15,3,6-11,5243.5714,5172.7077,4526.1160,5973.1049,1.2058,1.0373,1.4005,1.2846
135,2018-01-15,3,12-17,1298.2857,1298.9401,1135.0168,1489.4204,0.8682,0.7549,0.9981,0.9535
135,2018-01-15,3,18-44,11788.4286,11728.2415,10237.2521,13484.7011,0.6419,0.5586,0.7395,0.6988
135,2018-01-15,3,45-64,10851.2857,10866.9630,9496.4891,12480.0105,0.6678,0.5726,0.7797,0.7265
135,2018-01-15,3,65+,4657.0000,4664.2479,4044.8248,5347.0653,0.7147,0.6117,0.8322,0.7746
136,2018-01-16,3,0-5,7587.8571,7473.8778,6529.1339,8595.5271,1.0940,0.9196,1.2993,1.2105
136,2018-01-16,3,6-11,5122.2857,5014.2763,4383.9618,5793.2178,1.1644,1.0051,1.3587,1.2792
136,2018-01-16,3,12-17,1205.7143,1191.3732,1037.1627,1370.1051,0.8349,0.7262,0.9600,0.9443
136,2018-01-16,3,18-44,11237.7143,11108.5677,9716.2503,12773.5540,0.6192,0.5377,0.7119,0.6918
136,2018-01-16,3,45-64,10454.2857,10338.6396,9022.7336,11818.6897,0.6432,0.5504,0.7524,0.7209
136,2018-01-16,3,65+,4479.2857,4443.5126,3863.2413,5068.3583,0.6889,0.5898,0.8023,0.7690
137,2018-01-17,3,0-5,7323.2857,7202.5001,6305.5179,8324.1447,1.0565,0.8889,1.2572,1.1890
137,2018-01-17,3,6-11,4950.4286,4829.6673,4233.7461,5578.8399,1.1234,0.9672,1.3089,1.2631
137,2018-01-17,3,12-17,1112.8571,1089.7816,950.3497,1251.0556,0.8007,0.6943,0.9230,0.9277
137,2018-01-17,3,18-44,10670.2857,10493.1046,9145.0482,12065.1313,0.5942,0.5161,0.6836,0.6804
137,2018-01-17,3,45-64,9952.4286,9738.6473,8516.5283,11164.1516,0.6163,0.5264,0.7230,0.7098
137,2018-01-17,3,65+,4269.8571,4200.8815,3662.1718,4796.5741,0.6588,0.5651,0.7683,0.7574
138,2018-01-18,3,0-5,7093.7143,6887.4211,6034.4606,7982.3663,1.0277,0.8658,1.2233,1.1880
138,2018-01-18,3,6-11,4826.0000,4618.0803,4046.5671,5332.2987,1.0882,0.9362,1.2694,1.2724
138,2018-01-18,3,12-17,1075.8571,994.7773,869.3109,1143.3195,0.7718,0.6699,0.8892,0.9434
138,2018-01-18,3,18-44,10429.8571,9852.5126,8535.3106,11314.6938,0.5731,0.4972,0.6579,0.6881
138,2018-01-18,3,45-64,9757.5714,9153.0235,8002.3041,10497.0629,0.5928,0.5078,0.6950,0.7208
138,2018-01-18,3,65+,4194.0000,3942.3366,3442.2185,4494.0649,0.6340,0.5435,0.7412,0.7697
139,2018-01-19,3,0-5,6556.7143,6564.9663,5707.5462,7582.5874,1.0090,0.8509,1.2014,1.1198
139,2018-01-19,3,6-11,4452.0000,4379.1473,3832.6873,5048.2100,1.0628,0.9141,1.2446,1.1985
139,2018-01-19,3,12-17,933.0000,908.8047,794.0423,1040.3356,0.7502,0.6500,0.8645,0.8759
139,2018-01-19,3,18-44,9427.0000,9196.1275,7976.0570,10531.6768,0.5565,0.4842,0.6413,0.6440
139,2018-01-19,3,45-64,8781.2857,8508.2375,7454.0231,9818.9067,0.5751,0.4906,0.6733,0.6728
139,2018-01-19,3,65+,3762.8571,3688.4263,3216.6159,4213.0448,0.6150,0.5254,0.7168,0.7177
140,2018-01-20,3,0-5,6179.5714,6232.9538,5414.1494,7174.3257,1.0033,0.8456,1.1950,1.0841
140,2018-01-20,3,6-11,4155.5714,4141.4426,3635.8941,4768.6988,1.0567,0.9077,1.2334,1.1547
140,2018-01-20,3,12-17,826.5714,834.1851,727.8074,958.3706,0.7400,0.6430,0.8541,0.8339
140,2018-01-20,3,18-44,8614.2857,8569.1967,7381.4080,9844.6998,0.5491,0.4777,0.6324,0.6174
140,2018-01-20,3,45-64,8017.7143,7884.5507,6896.9907,9146.8223,0.5655,0.4844,0.6635,0.6440
140,2018-01-20,3,65+,3464.1429,3420.9260,2985.1987,3924.3527,0.6042,0.5175,0.7068,0.6885
141,2018-01-21,4,0-5,5843.7143,5915.8904,5126.3749,6786.0254,1.0083,0.8468,1.2003,1.0580
141,2018-01-21,4,6-11,3895.8571,3907.4674,3430.4756,4491.7255,1.0611,0.9092,1.2465,1.1211
141,2018-01-21,4,12-17,743.7143,766.9239,664.5707,882.8874,0.7418,0.6443,0.8539,0.7992
141,2018-01-21,4,18-44,7816.4286,7930.9900,6864.0838,9138.4079,0.5483,0.4768,0.6324,0.5932
141,2018-01-21,4,45-64,7217.7143,7295.0720,6352.5246,8445.7545,0.5639,0.4821,0.6599,0.6158
141,2018-01-21,4,65+,3143.2857,3168.6717,2768.9611,3647.3337,0.6034,0.5168,0.7031,0.6591
142,2018-01-22,4,0-5,5508.4286,5609.9651,4867.9280,6433.7852,1.0259,0.8632,1.2236,1.0403
142,2018-01-22,4,6-11,3643.2857,3691.6174,3225.6183,4225.6258,1.0793,0.9249,1.2622,1.0988
142,2018-01-22,4,12-17,676.8571,705.6422,608.7667,814.0335,0.7548,0.6552,0.8700,0.7792
142,2018-01-22,4,18-44,7133.2857,7349.4679,6371.5867,8460.2549,0.5562,0.4838,0.6384,0.5781
142,2018-01-22,4,45-64,6572.0000,6720.0112,5851.2145,7773.2534,0.5706,0.4892,0.6683,0.5990
142,2018-01-22,4,65+,2865.8571,2933.0052,2552.2792,3384.4936,0.6114,0.5241,0.7136,0.6410
143,2018-01-23,4,0-5,5182.5714,5317.3789,4626.5017,6109.1412,1.0529,0.8837,1.2645,1.0257
143,2018-01-23,4,6-11,3405.0000,3481.7630,3054.7046,4022.7123,1.1095,0.9532,1.2989,1.0805
143,2018-01-23,4,12-17,616.7143,652.7615,563.2286,756.7543,0.7821,0.6779,0.8971,0.7613
143,2018-01-23,4,18-44,6497.2857,6810.2595,5921.5631,7859.4289,0.5703,0.4965,0.6539,0.5644
143,2018-01-23,4,45-64,5933.7143,6201.5460,5400.2250,7169.7634,0.5853,0.5004,0.6815,0.5829
143,2018-01-23,4,65+,2593.8571,2710.5736,2372.3499,3128.7547,0.6251,0.5355,0.7297,0.6236
144,2018-01-24,4,0-5,4944.1429,5058.8288,4411.5663,5822.6339,1.0853,0.9110,1.2923,1.0338
144,2018-01-24,4,6-11,3214.2857,3300.4188,2883.9956,3805.0252,1.1502,0.9863,1.3403,1.0856
144,2018-01-24,4,12-17,577.2857,609.0348,524.7723,701.4670,0.8111,0.7047,0.9312,0.7661
144,2018-01-24,4,18-44,6079.4286,6319.5590,5506.4583,7284.0549,0.5874,0.5112,0.6748,0.5666
144,2018-01-24,4,45-64,5489.5714,5732.3708,5013.1956,6619.7049,0.6022,0.5170,0.7020,0.5842
144,2018-01-24,4,65+,2406.1429,2509.0810,2190.6475,2906.4480,0.6431,0.5511,0.7475,0.6248
145,2018-01-25,4,0-5,4823.5714,4835.9650,4226.5391,5577.8085,1.1167,0.9373,1.3321,1.0735
145,2018-01-25,4,6-11,3119.7143,3149.2884,2747.4449,3638.3763,1.1942,1.0266,1.3877,1.1294
145,2018-01-25,4,12-17,565.8571,574.8967,491.3318,665.0593,0.8483,0.7374,0.9773,0.8074
145,2018-01-25,4,18-44,5898.4286,5886.4606,5102.6559,6766.2132,0.6079,0.5296,0.6995,0.5929
145,2018-01-25,4,45-64,5357.8571,5303.3826,4611.9396,6101.6954,0.6238,0.5361,0.7318,0.6144
145,2018-01-25,4,65+,2359.2857,2322.4308,2030.5115,2699.1900,0.6667,0.5721,0.7792,0.6587
146,2018-01-26,4,0-5,4568.7143,4642.0205,4047.3219,5346.4579,1.1494,0.9635,1.3640,1.0574
146,2018-01-26,4,6-11,2932.5714,3025.2095,2642.3899,3487.8885,1.2387,1.0633,1.4440,1.1070
146,2018-01-26,4,12-17,528.4286,545.9698,467.2317,629.5381,0.8875,0.7721,1.0212,0.7820
146,2018-01-26,4,18-44,5346.7143,5515.1912,4795.0479,6350.9366,0.6275,0.5478,0.7206,0.5709
146,2018-01-26,4,45-64,4682.2857,4939.2075,4268.7503,5668.2344,0.6446,0.5545,0.7546,0.5843
146,2018-01-26,4,65+,2046.4286,2165.1363,1883.0991,2512.3551,0.6894,0.5921,0.8024,0.6220
147,2018-01-27,4,0-5,4392.8571,4482.3536,3905.0111,5140.8479,1.1733,0.9898,1.3956,1.0760
147,2018-01-27,4,6-11,2867.7143,2934.8664,2550.9687,3384.9912,1.2795,1.1037,1.4981,1.1402
147,2018-01-27,4,12-17,512.8571,525.8295,451.8462,610.2752,0.9282,0.8071,1.0657,0.8071
147,2018-01-27,4,18-44,5096.0000,5191.9804,4547.5399,5980.6030,0.6468,0.5648,0.7403,0.5848
147,2018-01-27,4,45-64,4481.2857,4619.8103,4019.8028,5293.1437,0.6666,0.5725,0.7726,0.6003
147,2018-01-27,4,65+,1958.1429,2035.6690,1766.7734,2357.7532,0.7122,0.6117,0.8271,0.6397
148,2018-01-28,5,0-5,4286.2857,4325.8569,3780.0958,4962.6669,1.1938,1.0023,1.4099,1.1050
148,2018-01-28,5,6-11,2823.5714,2864.7006,2479.0378,3298.3461,1.3180,1.1288,1.5394,1.1791
148,2018-01-28,5,12-17,507.5714,512.9256,444.0811,597.3107,0.9636,0.8379,1.1110,0.8390
148,2018-01-28,5,18-44,4893.2857,4937.5849,4295.5502,5698.5980,0.6603,0.5764,0.7591,0.6022
148,2018-01-28,5,45-64,4314.7143,4354.7529,3793.8163,5005.3283,0.6810,0.5858,0.7971,0.6197
148,2018-01-28,5,65+,1898.2857,1927.7296,1671.9915,2219.5098,0.7290,0.6259,0.8501,0.6621
149,2018-01-29,5,0-5,4195.0000,4198.6525,3658.4499,4831.7721,1.2049,1.0176,1.4330,1.1320
149,2018-01-29,5,6-11,2797.2857,2819.1174,2439.5329,3232.1742,1.3438,1.1469,1.5778,1.2168
149,2018-01-29,5,12-17,509.5714,508.2248,440.7103,594.7684,0.9941,0.8634,1.1417,0.8714
149,2018-01-29,5,18-44,4710.1429,4722.9907,4108.3356,5440.7423,0.6686,0.5836,0.7670,0.6181
149,2018-01-29,5,45-64,4160.7143,4139.3911,3610.4827,4782.5544,0.6900,0.5916,0.8023,0.6371
149,2018-01-29,5,65+,1846.2857,1835.0827,1594.1538,2105.4642,0.7371,0.6326,0.8577,0.6826
150,2018-01-30,5,0-5,4117.2857,4089.6061,3545.0641,4712.7383,1.2083,1.0203,1.4356,1.1591
150,2018-01-30,5,6-11,2813.5714,2790.2646,2436.0144,3222.4604,1.3630,1.1692,1.6012,1.2607
150,2018-01-30,5,12-17,515.8571,509.5629,443.0543,595.0150,1.0157,0.8818,1.1677,0.9047
150,2018-01-30,5,18-44,4589.5714,4539.3881,3929.4970,5204.2829,0.6698,0.5852,0.7683,0.6345
150,2018-01-30,5,45-64,4030.5714,3951.9293,3455.9156,4579.5013,0.6901,0.5949,0.8049,0.6539
150,2018-01-30,5,65+,1788.4286,1758.4155,1526.1802,2017.1914,0.7374,0.6330,0.8608,0.6999
151,2018-01-31,5,0-5,4020.7143,3983.3920,3463.7657,4584.0155,1.2041,1.0199,1.4231,1.1730
151,2018-01-31,5,6-11,2796.0000,2779.7985,2415.8540,3227.1151,1.3700,1.1739,1.6049,1.2849
151,2018-01-31,5,12-17,527.5714,518.5556,451.3512,606.8582,1.0273,0.8927,1.1824,0.9314
151,2018-01-31,5,18-44,4448.1429,4373.8742,3769.5880,5038.9249,0.6645,0.5817,0.7589,0.6432
151,2018-01-31,5,45-64,3884.1429,3792.7471,3320.4375,4392.1705,0.6832,0.5887,0.7949,0.6631
151,2018-01-31,5,65+,1733.5714,1690.7476,1466.4737,1944.8219,0.7287,0.6263,0.8487,0.7101
152,2018-02-01,5,0-5,3944.2857,3885.1859,3381.7728,4492.0333,1.1982,1.0124,1.4186,1.1923
152,2018-02-01,5,6-11,2804.0000,2779.7502,2404.1465,3233.7791,1.3765,1.1801,1.6173,1.3170
152,2018-02-01,5,12-17,529.4286,533.5463,462.4691,624.8754,1.0398,0.9013,1.1951,0.9582
152,2018-02-01,5,18-44,4380.1429,4216.4362,3645.5668,4892.9137,0.6582,0.5771,0.7529,0.6583
152,2018-02-01,5,45-64,3831.0000,3655.1808,3197.5253,4213.6299,0.6750,0.5829,0.7837,0.6805
152,2018-02-01,5,65+,1713.0000,1631.3213,1418.3382,1879.0274,0.7190,0.6186,0.8354,0.7296
153,2018-02-02,5,0-5,3807.7143,3788.1145,3279.8785,4391.6559,1.1860,0.9988,1.4064,1.1786
153,2018-02-02,5,6-11,2817.0000,2800.8331,2431.1336,3230.2334,1.3733,1.1707,1.6071,1.3219
153,2018-02-02,5,12-17,554.0000,554.7925,477.4998,647.1957,1.0449,0.9073,1.2030,0.9685
153,2018-02-02,5,18-44,4155.5714,4084.2317,3536.9077,4721.5740,0.6489,0.5683,0.7419,0.6476
153,2018-02-02,5,45-64,3597.1429,3523.4515,3076.3215,4057.2388,0.6641,0.5733,0.7716,0.6665
153,2018-02-02,5,65+,1603.2857,1576.2960,1372.7706,1816.8135,0.7057,0.6067,0.8215,0.7116
154,2018-02-03,5,0-5,3711.5714,3699.9661,3212.3979,4278.9471,1.1764,0.9945,1.3988,1.1774
154,2018-02-03,5,6-11,2857.4286,2827.2284,2447.3491,3256.4607,1.3719,1.1751,1.6121,1.3396
154,2018-02-03,5,12-17,583.7143,578.5151,496.6934,669.1830,1.0502,0.9117,1.2107,0.9911
154,2018-02-03,5,18-44,3984.8571,3958.6814,3437.7221,4580.7202,0.6429,0.5629,0.7343,0.6459
154,2018-02-03,5,45-64,3453.0000,3397.6294,2962.4075,3917.4347,0.6574,0.5664,0.7619,0.6639
154,2018-02-03,5,65+,1533.7143,1522.7372,1320.5347,1757.4231,0.6969,0.5976,0.8086,0.7070
155,2018-02-04,6,0-5,3612.7143,3627.7848,3153.8388,4182.2661,1.1718,0.9827,1.3944,1.1718
155,2018-02-04,6,6-11,2823.8571,2850.8010,2475.3442,3281.2058,1.3701,1.1714,1.6071,1.3323
155,2018-02-04,6,12-17,604.1429,604.0849,520.3676,696.7395,1.0483,0.9071,1.2140,1.0003
155,2018-02-04,6,18-44,3827.5714,3841.0322,3338.6760,4454.3414,0.6355,0.5566,0.7285,0.6392
155,2018-02-04,6,45-64,3272.8571,3286.8018,2870.2454,3783.7195,0.6475,0.5590,0.7526,0.6555
155,2018-02-04,6,65+,1467.0000,1470.2469,1272.1096,1698.0013,0.6876,0.5931,0.7982,0.6981
156,2018-02-05,6,0-5,3520.5714,3542.5658,3070.5095,4090.1315,1.1660,0.9798,1.3872,1.1676
156,2018-02-05,6,6-11,2833.1429,2877.2899,2502.9561,3304.9826,1.3643,1.1706,1.5994,1.3350
156,2018-02-05,6,12-17,615.2857,627.8450,539.3008,728.0965,1.0481,0.9078,1.2087,1.0026
156,2018-02-05,6,18-44,3672.4286,3730.1429,3249.8576,4322.6410,0.6309,0.5524,0.7193,0.6326
156,2018-02-05,6,45-64,3095.1429,3166.0627,2765.5647,3667.6014,0.6418,0.5534,0.7463,0.6463
156,2018-02-05,6,65+,1403.0000,1426.4393,1231.1691,1648.5208,0.6819,0.5868,0.7933,0.6890
157,2018-02-06,6,0-5,3426.4286,3459.0980,2999.9911,3985.5628,1.1556,0.9742,1.3870,1.1627
157,2018-02-06,6,6-11,2810.1429,2901.9580,2533.9942,3341.3273,1.3561,1.1613,1.5969,1.3312
157,2018-02-06,6,12-17,639.7143,648.3009,557.8437,748.8006,1.0436,0.9063,1.2073,1.0169
157,2018-02-06,6,18-44,3524.8571,3620.2418,3147.8983,4193.6557,0.6262,0.5485,0.7152,0.6282
157,2018-02-06,6,45-64,2963.7143,3052.9687,2662.9529,3547.3354,0.6374,0.5500,0.7387,0.6416
157,2018-02-06,6,65+,1339.5714,1378.4811,1190.9039,1592.9609,0.6770,0.5824,0.7860,0.6826
158,2018-02-07,6,0-5,3324.1429,3374.1409,2924.5766,3888.5233,1.1476,0.9642,1.3616,1.1642
158,2018-02-07,6,6-11,2868.1429,2909.4338,2532.9117,3344.1835,1.3371,1.1440,1.5612,1.3574
158,2018-02-07,6,12-17,663.4286,664.7264,570.9661,767.1192,1.0293,0.8913,1.1867,1.0406
158,2018-02-07,6,18-44,3447.0000,3514.0688,3048.3799,4063.7669,0.6184,0.5423,0.7051,0.6333
158,2018-02-07,6,45-64,2881.1429,2946.5847,2563.7842,3408.2015,0.6293,0.5442,0.7284,0.6470
158,2018-02-07,6,65+,1304.7143,1328.6288,1153.1199,1535.7608,0.6686,0.5770,0.7750,0.6882
159,2018-02-08,6,0-5,3257.4286,3279.5212,2855.6123,3783.1426,1.1297,0.9550,1.3460,1.1741
159,2018-02-08,6,6-11,2855.5714,2896.9544,2518.6263,3349.2466,1.3033,1.1161,1.5237,1.3665
159,2018-02-08,6,12-17,672.7143,673.3851,580.1811,774.7200,1.0018,0.8676,1.1613,1.0566
159,2018-02-08,6,18-44,3406.1429,3406.1710,2942.9305,3925.7728,0.6070,0.5330,0.6934,0.6413
159,2018-02-08,6,45-64,2841.0000,2839.5301,2469.8699,3283.0620,0.6181,0.5345,0.7157,0.6568
159,2018-02-08,6,65+,1288.5714,1280.8856,1115.3214,1481.5752,0.6585,0.5668,0.7658,0.6996
160,2018-02-09,6,0-5,3135.7143,3183.1200,2776.2395,3666.1225,1.1114,0.9321,1.3211,1.1577
160,2018-02-09,6,6-11,2847.5714,2871.5907,2494.0358,3301.5362,1.2589,1.0699,1.4746,1.3584
160,2018-02-09,6,12-17,683.2857,669.1993,577.9237,770.3659,0.9657,0.8363,1.1192,1.0540
160,2018-02-09,6,18-44,3271.7143,3296.6493,2848.5456,3804.3582,0.5940,0.5189,0.6774,0.6315
160,2018-02-09,6,45-64,2710.7143,2735.4921,2378.7184,3136.5445,0.6048,0.5216,0.6990,0.6456
160,2018-02-09,6,65+,1225.5714,1232.0103,1077.0542,1428.6262,0.6465,0.5571,0.7498,0.6864
161,2018-02-10,6,0-5,3078.4286,3091.8254,2696.8824,3537.5110,1.0850,0.9094,1.2892,1.1647
161,2018-02-10,6,6-11,2801.2857,2806.7372,2444.5519,3219.3406,1.1966,1.0282,1.4073,1.3533
161,2018-02-10,6,12-17,678.8571,654.8678,571.8409,757.5170,0.9229,0.8006,1.0675,1.0549
161,2018-02-10,6,18-44,3216.7143,3173.5922,2763.3661,3679.6081,0.5751,0.5038,0.6602,0.6345
161,2018-02-10,6,45-64,2661.0000,2622.7417,2297.8738,3020.2763,0.5855,0.5053,0.6834,0.6496
161,2018-02-10,6,65+,1210.1429,1185.4007,1036.4900,1374.5554,0.6274,0.5392,0.7320,0.6929
162,2018-02-11,7,0-5,3092.0000,2977.7108,2609.3787,3402.8593,1.0582,0.8874,1.2553,1.1999
162,2018-02-11,7,6-11,2863.2857,2698.8391,2351.5266,3092.1653,1.1419,0.9772,1.3362,1.3943
162,2018-02-11,7,12-17,689.2857,631.3646,554.2422,731.2441,0.8839,0.7648,1.0198,1.0842
162,2018-02-11,7,18-44,3235.0000,3053.4675,2667.2434,3532.9073,0.5597,0.4904,0.6419,0.6547
162,2018-02-11,7,45-64,2700.0000,2513.5659,2186.2459,2885.5249,0.5718,0.4921,0.6651,0.6719
162,2018-02-11,7,65+,1224.8571,1136.1925,997.8395,1313.0818,0.6136,0.5273,0.7157,0.7180
163,2018-02-12,7,0-5,2948.4286,2859.8979,2499.8413,3269.4501,1.0350,0.8703,1.2313,1.1530
163,2018-02-12,7,6-11,2684.2857,2553.3865,2218.0090,2928.5411,1.0927,0.9358,1.2737,1.3144
163,2018-02-12,7,12-17,638.8571,600.4796,524.0459,690.7396,0.8548,0.7413,0.9871,1.0141
163,2018-02-12,7,18-44,3015.2857,2932.8027,2553.2346,3388.1185,0.5505,0.4811,0.6290,0.6184
163,2018-02-12,7,45-64,2493.7143,2408.3129,2090.4676,2767.9552,0.5632,0.4858,0.6548,0.6310
163,2018-02-12,7,65+,1110.5714,1090.0816,953.0586,1254.9393,0.6057,0.5208,0.7081,0.6710
164,2018-02-13,7,0-5,2718.7143,2736.7030,2398.5748,3132.4964,1.0172,0.8555,1.2202,1.0778
164,2018-02-13,7,6-11,2434.7143,2384.1507,2073.0322,2736.6833,1.0560,0.9015,1.2315,1.2091
164,2018-02-13,7,12-17,559.4286,564.7545,493.7030,648.9313,0.8386,0.7262,0.9655,0.9172
164,2018-02-13,7,18-44,2723.2857,2826.9243,2446.0124,3276.3770,0.5480,0.4787,0.6283,0.5695
164,2018-02-13,7,45-64,2221.4286,2302.7126,1998.4665,2661.8088,0.5648,0.4861,0.6563,0.5785
164,2018-02-13,7,65+,1000.8571,1044.1787,909.7780,1205.1441,0.6091,0.5237,0.7096,0.6175
165,2018-02-14,7,0-5,2615.5714,2601.4069,2275.5528,2982.8490,1.0182,0.8563,1.2113,1.0663
165,2018-02-14,7,6-11,2225.0000,2196.9317,1920.6253,2515.8526,1.0340,0.8830,1.2083,1.1602
165,2018-02-14,7,12-17,503.2857,525.6093,456.0054,605.3248,0.8321,0.7215,0.9619,0.8783
165,2018-02-14,7,18-44,2594.7143,2728.5524,2354.8635,3153.8799,0.5524,0.4823,0.6341,0.5575
165,2018-02-14,7,45-64,2085.7143,2216.0478,1917.7156,2562.1897,0.5713,0.4932,0.6655,0.5656
165,2018-02-14,7,65+,948.7143,1006.6136,874.7524,1162.9220,0.6188,0.5313,0.7220,0.6061
166,2018-02-15,7,0-5,2559.5714,2465.9493,2159.3078,2836.1797,1.0269,0.8641,1.2244,1.0975
166,2018-02-15,7,6-11,2142.8571,2000.5424,1747.0967,2278.9960,1.0262,0.8801,1.1926,1.1897
166,2018-02-15,7,12-17,493.2857,484.9085,420.1618,560.9204,0.8352,0.7239,0.9627,0.9167
166,2018-02-15,7,18-44,2606.4286,2641.0749,2283.0457,3036.4521,0.5619,0.4898,0.6459,0.5834
166,2018-02-15,7,45-64,2115.1429,2128.1196,1840.4203,2458.5707,0.5831,0.5014,0.6769,0.5969
166,2018-02-15,7,65+,959.5714,969.0340,841.3869,1120.7353,0.6327,0.5427,0.7383,0.6411
167,2018-02-16,7,0-5,2341.5714,2335.4904,2041.6772,2677.4814,1.0379,0.8708,1.2339,1.0604
167,2018-02-16,7,6-11,1830.5714,1802.2342,1574.9650,2058.4167,1.0323,0.8866,1.1996,1.1194
167,2018-02-16,7,12-17,443.0000,444.2864,383.5409,512.6756,0.8441,0.7326,0.9723,0.8912
167,2018-02-16,7,18-44,2518.0000,2555.8461,2221.2351,2952.1861,0.5737,0.5004,0.6571,0.5752
167,2018-02-16,7,45-64,2016.8571,2043.3151,1771.0009,2338.4211,0.5970,0.5151,0.6936,0.5941
167,2018-02-16,7,65+,933.5714,933.2022,807.1307,1088.9453,0.6500,0.5596,0.7562,0.6426
168,2018-02-17,7,0-5,2158.8571,2210.6540,1937.1181,2525.9776,1.0634,0.8947,1.2714,1.0355
168,2018-02-17,7,6-11,1567.5714,1619.5388,1408.8444,1858.6687,1.0507,0.9056,1.2239,1.0655
168,2018-02-17,7,12-17,391.0000,405.6897,352.4749,468.9557,0.8621,0.7491,0.9956,0.8645
168,2018-02-17,7,18-44,2423.2857,2470.2707,2139.7451,2853.0171,0.5918,0.5151,0.6803,0.5691
168,2018-02-17,7,45-64,1922.4286,1965.8213,1707.8145,2241.5316,0.6170,0.5313,0.7186,0.5909
168,2018-02-17,7,65+,891.7143,902.9236,784.3303,1050.4579,0.6714,0.5756,0.7813,0.6402
169,2018-02-18,8,0-5,1930.0000,2089.7761,1828.9802,2397.0782,1.0874,0.9173,1.2976,0.9784
169,2018-02-18,8,6-11,1282.4286,1455.8404,1269.9549,1677.0975,1.0732,0.9232,1.2478,0.9762
169,2018-02-18,8,12-17,323.0000,372.2426,322.2981,429.3433,0.8784,0.7619,1.0114,0.7947
169,2018-02-18,8,18-44,2201.7143,2394.1025,2077.7852,2754.8020,0.6057,0.5279,0.6963,0.5366
169,2018-02-18,8,45-64,1719.5714,1891.9438,1645.7254,2157.1169,0.6316,0.5443,0.7337,0.5568
169,2018-02-18,8,65+,803.5714,872.3943,759.6906,1018.4081,0.6865,0.5881,0.7982,0.6043
170,2018-02-19,8,0-5,1868.2857,1985.3597,1735.5291,2288.9893,1.1095,0.9296,1.3165,1.0284
170,2018-02-19,8,6-11,1199.8571,1310.6359,1147.6930,1520.4011,1.0881,0.9381,1.2674,1.0282
170,2018-02-19,8,12-17,312.2857,340.9156,296.5980,394.8683,0.8817,0.7633,1.0163,0.8481
170,2018-02-19,8,18-44,2227.8571,2309.1501,2011.8035,2649.3501,0.6136,0.5337,0.7055,0.5753
170,2018-02-19,8,45-64,1750.8571,1821.2918,1585.3518,2085.6553,0.6387,0.5479,0.7443,0.6004
170,2018-02-19,8,65+,815.2857,841.9316,732.3528,979.3272,0.6933,0.5949,0.8063,0.6513
171,2018-02-20,8,0-5,1877.1429,1892.5059,1652.0321,2182.7346,1.1112,0.9344,1.3279,1.1134
171,2018-02-20,8,6-11,1188.5714,1189.0040,1038.2985,1377.4508,1.0878,0.9380,1.2640,1.1248
171,2018-02-20,8,12-17,319.2857,311.4308,270.2582,359.3594,0.8705,0.7558,1.0054,0.9334
171,2018-02-20,8,18-44,2289.4286,2208.6893,1918.5556,2542.6485,0.6095,0.5307,0.7014,0.6298
171,2018-02-20,8,45-64,1815.4286,1742.5352,1518.0329,1998.6535,0.6326,0.5452,0.7372,0.6588
171,2018-02-20,8,65+,843.0000,807.3538,705.2027,933.5906,0.6862,0.5905,0.7981,0.7135
172,2018-02-21,8,0-5,1806.8571,1800.0475,1567.3851,2089.4104,1.1010,0.9266,1.3147,1.1335
172,2018-02-21,8,6-11,1102.1429,1082.8663,942.1902,1256.9235,1.0776,0.9275,1.2556,1.1425
172,2018-02-21,8,12-17,306.7143,283.1137,247.0244,326.5160,0.8489,0.7353,0.9784,0.9526
172,2018-02-21,8,18-44,2224.1429,2089.2676,1818.2175,2409.2125,0.5976,0.5203,0.6883,0.6422
172,2018-02-21,8,45-64,1770.4286,1658.5179,1448.4235,1902.5423,0.6190,0.5318,0.7204,0.6714
172,2018-02-21,8,65+,819.8571,770.5241,672.6781,888.9330,0.6711,0.5759,0.7810,0.7255
173,2018-02-22,8,0-5,1732.0000,1717.6427,1497.5165,1990.1954,1.0789,0.9034,1.2879,1.1338
173,2018-02-22,8,6-11,1017.5714,992.0592,864.8048,1146.5267,1.0603,0.9119,1.2360,1.1367
173,2018-02-22,8,12-17,285.0000,257.7222,224.8032,298.6662,0.8220,0.7125,0.9467,0.9389
173,2018-02-22,8,18-44,2116.7143,1961.2812,1704.7840,2257.1780,0.5819,0.5063,0.6689,0.6372
173,2018-02-22,8,45-64,1677.0000,1571.8032,1374.1838,1806.6322,0.6010,0.5161,0.7000,0.6637
173,2018-02-22,8,65+,787.0000,731.1089,638.1869,844.3038,0.6522,0.5591,0.7628,0.7184
174,2018-02-23,8,0-5,1626.8571,1636.4679,1423.6278,1887.0749,1.0497,0.8847,1.2591,1.0884
174,2018-02-23,8,6-11,896.2857,910.7775,796.3610,1052.5833,1.0414,0.8934,1.2144,1.0672
174,2018-02-23,8,12-17,240.7143,234.9562,204.5487,273.6372,0.8009,0.6955,0.9233,0.8587
174,2018-02-23,8,18-44,1873.5714,1838.6715,1598.1825,2122.4099,0.5659,0.4924,0.6519,0.5945
174,2018-02-23,8,45-64,1501.2857,1486.0918,1291.0420,1709.7079,0.5848,0.5012,0.6833,0.6152
174,2018-02-23,8,65+,701.2857,691.7288,606.1227,797.7187,0.6359,0.5439,0.7435,0.6655
175,2018-02-24,8,0-5,1577.0000,1555.7107,1351.2885,1785.6705,1.0163,0.8540,1.2105,1.0924
175,2018-02-24,8,6-11,845.7143,839.1044,738.7880,968.8646,1.0280,0.8775,1.2012,1.0686
175,2018-02-24,8,12-17,219.2857,214.1379,186.0779,250.1893,0.7878,0.6829,0.9091,0.8425
175,2018-02-24,8,18-44,1731.4286,1715.6612,1492.8422,1981.8502,0.5540,0.4819,0.6356,0.5876
175,2018-02-24,8,45-64,1415.0000,1400.3144,1217.8448,1615.1342,0.5737,0.4914,0.6681,0.6066
175,2018-02-24,8,65+,660.5714,653.7467,570.1012,753.7043,0.6245,0.5340,0.7290,0.6569
176,2018-02-25,9,0-5,1521.5714,1460.6696,1278.8271,1672.2968,0.9898,0.8311,1.1792,1.0951
176,2018-02-25,9,6-11,800.0000,776.0914,679.6124,899.1331,1.0126,0.8723,1.1798,1.0726
176,2018-02-25,9,12-17,198.1429,196.0656,171.0505,229.3313,0.7846,0.6780,0.9041,0.8279
176,2018-02-25,9,18-44,1600.4286,1598.6947,1382.8078,1844.1775,0.5463,0.4758,0.6279,0.5822
176,2018-02-25,9,45-64,1328.0000,1314.1896,1149.2331,1519.3295,0.5670,0.4877,0.6614,0.5998
176,2018-02-25,9,65+,619.4286,616.9087,535.3131,713.3470,0.6199,0.5308,0.7227,0.6501
177,2018-02-26,9,0-5,1402.0000,1360.5017,1193.1810,1559.8444,0.9632,0.8048,1.1575,1.0452
177,2018-02-26,9,6-11,729.7143,717.5671,626.2111,827.5377,1.0053,0.8649,1.1662,1.0283
177,2018-02-26,9,12-17,174.7143,180.6658,157.1208,209.8258,0.7892,0.6816,0.9119,0.7793
177,2018-02-26,9,18-44,1397.5714,1485.5332,1284.7667,1716.4101,0.5418,0.4705,0.6248,0.5473
177,2018-02-26,9,45-64,1171.2857,1231.7948,1073.3191,1425.6168,0.5650,0.4850,0.6600,0.5618
177,2018-02-26,9,65+,547.4286,580.5618,504.4754,673.1466,0.6193,0.5280,0.7256,0.6091
178,2018-02-27,9,0-5,1328.0000,1257.4385,1101.1557,1443.1256,0.9472,0.7945,1.1322,1.0579
178,2018-02-27,9,6-11,688.8571,662.5206,578.7895,767.5809,1.0021,0.8605,1.1661,1.0531
178,2018-02-27,9,12-17,159.8571,167.5365,145.2615,194.0245,0.8030,0.6935,0.9282,0.7946
178,2018-02-27,9,18-44,1358.0000,1382.8879,1200.2832,1599.0112,0.5402,0.4686,0.6231,0.5632
178,2018-02-27,9,45-64,1128.5714,1148.3296,999.8573,1324.3611,0.5655,0.4844,0.6613,0.5801
178,2018-02-27,9,65+,531.7143,547.7910,474.4537,633.2574,0.6220,0.5316,0.7284,0.6303
179,2018-02-28,9,0-5,1207.8571,1151.3565,1006.2784,1319.5948,0.9419,0.7977,1.1214,1.0330
179,2018-02-28,9,6-11,625.8571,610.0928,532.3109,709.9758,1.0156,0.8699,1.1816,1.0406
179,2018-02-28,9,12-17,149.0000,157.1579,135.1924,182.5582,0.8264,0.7147,0.9574,0.7968
179,2018-02-28,9,18-44,1277.8571,1288.4343,1119.4697,1485.4199,0.5424,0.4733,0.6243,0.5607
179,2018-02-28,9,45-64,1048.0000,1067.7731,928.1431,1231.1307,0.5684,0.4904,0.6658,0.5801
179,2018-02-28,9,65+,503.2857,516.0053,445.4128,595.0350,0.6265,0.5355,0.7334,0.6326
180,2018-03-01,9,0-5,1110.1429,1052.1945,919.2988,1212.5919,0.9515,0.8037,1.1263,1.0331
180,2018-03-01,9,6-11,590.1429,564.0262,494.5806,657.7520,1.0345,0.8841,1.2071,1.0667
180,2018-03-01,9,12-17,148.1429,148.9941,127.5277,173.3865,0.8593,0.7421,0.9957,0.8388
180,2018-03-01,9,18-44,1234.2857,1201.3115,1042.9814,1376.3484,0.5489,0.4781,0.6312,0.5790
180,2018-03-01,9,45-64,1022.2857,989.1068,857.8797,1140.5393,0.5758,0.4945,0.6727,0.6052
180,2018-03-01,9,65+,498.0000,484.0818,419.1127,556.8612,0.6349,0.5421,0.7414,0.6627
181,2018-03-02,9,0-5,943.4286,957.1367,843.6022,1115.0332,0.9740,0.8195,1.1538,0.9545
181,2018-03-02,9,6-11,516.7143,525.4085,458.1295,612.0871,1.0724,0.9170,1.2496,1.0056
181,2018-03-02,9,12-17,137.1429,143.3259,123.4313,167.6169,0.9059,0.7808,1.0450,0.8056
181,2018-03-02,9,18-44,1100.8571,1117.9030,970.9775,1285.3660,0.5609,0.4875,0.6438,0.5455
181,2018-03-02,9,45-64,897.2857,915.9239,797.8612,1057.7259,0.5865,0.5036,0.6837,0.5709
181,2018-03-02,9,65+,440.5714,455.6044,395.0006,524.3141,0.6467,0.5521,0.7554,0.6239
182,2018-03-03,9,0-5,836.2857,877.9842,772.7303,1019.3775,1.0135,0.8508,1.2041,0.9300
182,2018-03-03,9,6-11,474.0000,495.3187,429.3359,576.7136,1.1235,0.9644,1.3161,0.9984
182,2018-03-03,9,12-17,130.5714,141.1871,120.6570,164.9825,0.9568,0.8261,1.1149,0.8088
182,2018-03-03,9,18-44,1013.7143,1042.7003,907.2828,1207.8809,0.5743,0.5018,0.6588,0.5405
182,2018-03-03,9,45-64,825.2857,850.6556,738.2207,981.3026,0.5971,0.5139,0.6938,0.5682
182,2018-03-03,9,65+,418.5714,430.0380,371.8320,493.7320,0.6555,0.5603,0.7668,0.6254
183,2018-03-04,10,0-5,751.2857,813.7860,709.9460,941.0879,1.0620,0.8950,1.2656,0.9206
183,2018-03-04,10,6-11,436.1429,472.4640,408.2800,548.3224,1.1931,1.0216,1.3990,0.9992
183,2018-03-04,10,12-17,130.7143,142.0586,121.1890,165.9158,1.0135,0.8735,1.1781,0.8307
183,2018-03-04,10,18-44,932.5714,970.2219,843.6821,1122.6648,0.5914,0.5169,0.6778,0.5401
183,2018-03-04,10,45-64,761.2857,789.4156,683.6782,912.7329,0.6087,0.5255,0.7065,0.5691
183,2018-03-04,10,65+,392.5714,405.5688,349.5107,468.0695,0.6652,0.5709,0.7782,0.6272
184,2018-03-05,10,0-5,734.7143,764.1804,662.4649,884.6504,1.1210,0.9385,1.3300,0.9969
184,2018-03-05,10,6-11,438.1429,456.3832,393.5501,533.5222,1.2662,1.0839,1.4866,1.0934
184,2018-03-05,10,12-17,143.1429,145.4132,123.9039,170.6261,1.0705,0.9200,1.2463,0.9328
184,2018-03-05,10,18-44,933.2857,900.9501,780.5519,1041.5263,0.6075,0.5308,0.6962,0.5901
184,2018-03-05,10,45-64,764.8571,730.6601,630.6491,846.0435,0.6178,0.5343,0.7157,0.6235
184,2018-03-05,10,65+,406.4286,380.8531,328.1881,440.9932,0.6711,0.5773,0.7820,0.6908
185,2018-03-06,10,0-5,686.1429,726.8472,627.0422,843.6009,1.1795,0.9931,1.4046,0.9857
185,2018-03-06,10,6-11,422.1429,450.7631,386.4820,527.1702,1.3424,1.1507,1.5574,1.0871
185,2018-03-06,10,12-17,152.2857,150.4364,128.3926,175.8108,1.1200,0.9634,1.3082,0.9428
185,2018-03-06,10,18-44,816.0000,837.9382,722.4137,967.1353,0.6236,0.5470,0.7129,0.5633
185,2018-03-06,10,45-64,657.5714,675.8069,584.8218,778.6006,0.6254,0.5426,0.7237,0.5867
185,2018-03-06,10,65+,351.2857,355.9338,306.6813,413.3013,0.6762,0.5807,0.7887,0.6435
186,2018-03-07,10,0-5,666.7143,703.5436,609.6931,817.2616,1.2343,1.0338,1.4775,1.0218
186,2018-03-07,10,6-11,434.7143,454.1069,388.6841,529.7583,1.4101,1.2076,1.6505,1.1480
186,2018-03-07,10,12-17,159.2857,156.8457,133.9812,184.5234,1.1596,0.9930,1.3537,0.9832
186,2018-03-07,10,18-44,757.4286,781.1724,678.8634,900.7341,0.6382,0.5591,0.7296,0.5718
186,2018-03-07,10,45-64,608.5714,625.2636,541.5512,720.0175,0.6324,0.5477,0.7304,0.5900
186,2018-03-07,10,65+,329.1429,333.1417,288.0187,385.2920,0.6814,0.5846,0.7937,0.6457
187,2018-03-08,10,0-5,668.0000,692.8782,598.9543,802.6546,1.2634,1.0581,1.5033,1.0813
187,2018-03-08,10,6-11,439.5714,463.7801,399.8609,540.0413,1.4519,1.2403,1.7144,1.2053
187,2018-03-08,10,12-17,161.2857,164.2211,140.2402,194.0973,1.1738,1.0068,1.3680,1.0192
187,2018-03-08,10,18-44,725.0000,732.4714,633.3492,848.4803,0.6431,0.5645,0.7336,0.5917
187,2018-03-08,10,45-64,584.7143,578.2984,501.5342,671.8207,0.6312,0.5472,0.7290,0.6066
187,2018-03-08,10,65+,313.0000,312.5652,269.7261,360.8490,0.6788,0.5823,0.7901,0.6614
188,2018-03-09,10,0-5,693.4286,688.3893,596.7148,796.9921,1.2706,1.0665,1.5182,1.1591
188,2018-03-09,10,6-11,490.4286,480.2891,413.8747,556.7628,1.4627,1.2434,1.7265,1.3208
188,2018-03-09,10,12-17,175.4286,171.3749,145.9814,201.9498,1.1721,1.0032,1.3687,1.0783
188,2018-03-09,10,18-44,692.8571,692.1369,597.4692,800.0830,0.6395,0.5620,0.7306,0.6090
188,2018-03-09,10,45-64,536.0000,536.4191,465.7727,620.9848,0.6236,0.5421,0.7191,0.6107
188,2018-03-09,10,65+,291.5714,292.5893,252.7216,337.1920,0.6691,0.5754,0.7790,0.6618
189,2018-03-10,10,0-5,702.2857,687.1188,594.8731,797.0430,1.2482,1.0476,1.4954,1.2028
189,2018-03-10,10,6-11,519.0000,498.0141,430.4150,573.9914,1.4374,1.2224,1.6863,1.3827
189,2018-03-10,10,12-17,187.0000,177.3066,151.9895,207.8131,1.1541,0.9879,1.3488,1.1239
189,2018-03-10,10,18-44,664.7143,658.2354,570.0727,761.9782,0.6262,0.5495,0.7167,0.6197
189,2018-03-10,10,45-64,508.7143,498.9055,433.9138,578.7088,0.6092,0.5292,0.7037,0.6156
189,2018-03-10,10,65+,270.4286,274.7517,237.9583,316.0763,0.6526,0.5611,0.7610,0.6604
190,2018-03-11,11,0-5,709.1429,685.3163,594.6389,792.1826,1.2077,1.0171,1.4593,1.2315
190,2018-03-11,11,6-11,534.8571,512.8683,445.7256,594.2601,1.3822,1.1822,1.6299,1.4066
190,2018-03-11,11,12-17,192.7143,182.4266,156.9547,212.2883,1.1165,0.9567,1.3093,1.1370
190,2018-03-11,11,18-44,650.7143,631.6661,546.9372,732.0826,0.6042,0.5313,0.6884,0.6229
190,2018-03-11,11,45-64,471.5714,465.9880,406.1941,542.5813,0.5875,0.5110,0.6757,0.6125
190,2018-03-11,11,65+,258.7143,258.1173,222.9553,296.8956,0.6299,0.5416,0.7313,0.6590
191,2018-03-12,11,0-5,712.5714,677.6961,588.2652,784.3607,1.1585,0.9652,1.3899,1.2455
191,2018-03-12,11,6-11,551.7143,524.3134,453.7569,608.4128,1.3131,1.1221,1.5452,1.4210
191,2018-03-12,11,12-17,196.4286,185.6234,159.8288,216.3619,1.0726,0.9147,1.2565,1.1432
191,2018-03-12,11,18-44,634.4286,610.2371,528.9263,709.9192,0.5775,0.5079,0.6573,0.6241
191,2018-03-12,11,45-64,450.2857,437.9641,381.1818,508.8636,0.5614,0.4888,0.6464,0.6115
191,2018-03-12,11,65+,247.8571,243.0014,210.3625,279.1808,0.6021,0.5174,0.7008,0.6587
192,2018-03-13,11,0-5,691.4286,667.5125,579.5152,771.1501,1.1071,0.9291,1.3191,1.2171
192,2018-03-13,11,6-11,554.8571,528.3874,458.0670,613.4664,1.2542,1.0654,1.4735,1.3966
192,2018-03-13,11,12-17,195.0000,187.0395,161.4693,217.4717,1.0297,0.8809,1.2131,1.1201
192,2018-03-13,11,18-44,611.1429,592.9803,514.4860,690.8354,0.5516,0.4857,0.6271,0.6097
192,2018-03-13,11,45-64,421.7143,414.8436,359.8747,479.0595,0.5366,0.4670,0.6169,0.5962
192,2018-03-13,11,65+,233.5714,229.0698,198.8993,263.4278,0.5750,0.4942,0.6703,0.6431
193,2018-03-14,11,0-5,674.8571,649.6509,567.2696,753.4747,1.0635,0.8862,1.2717,1.1957
193,2018-03-14,11,6-11,545.7143,525.3488,453.1917,609.8781,1.1966,1.0163,1.4069,1.3591
193,2018-03-14,11,12-17,188.8571,186.9288,160.9279,217.9046,0.9953,0.8522,1.1686,1.0882
193,2018-03-14,11,18-44,592.2857,577.1146,499.5159,667.5795,0.5272,0.4632,0.6000,0.5973
193,2018-03-14,11,45-64,400.7143,392.9895,341.2790,454.4822,0.5127,0.4457,0.5901,0.5836
193,2018-03-14,11,65+,220.0000,216.6018,187.1932,249.3576,0.5493,0.4701,0.6402,0.6294
194,2018-03-15,11,0-5,650.8571,629.8840,551.6048,725.9193,1.0262,0.8558,1.2299,1.1767
194,2018-03-15,11,6-11,535.2857,515.2787,446.1035,599.1295,1.1600,0.9802,1.3630,1.3375
194,2018-03-15,11,12-17,187.2857,185.7096,159.2315,217.1311,0.9714,0.8284,1.1404,1.0873
194,2018-03-15,11,18-44,582.8571,557.8686,483.7328,642.9227,0.5086,0.4469,0.5800,0.5964
194,2018-03-15,11,45-64,392.5714,372.2039,322.4094,431.7258,0.4949,0.4300,0.5697,0.5873
194,2018-03-15,11,65+,217.7143,204.1884,174.9879,236.0008,0.5285,0.4540,0.6171,0.6378
195,2018-03-16,11,0-5,599.7143,605.9516,529.1666,698.9384,1.0066,0.8401,1.2075,1.1031
195,2018-03-16,11,6-11,500.2857,501.4964,434.8367,580.2303,1.1354,0.9661,1.3524,1.2531
195,2018-03-16,11,12-17,185.2857,182.9018,157.5503,213.4987,0.9619,0.8202,1.1258,1.0494
195,2018-03-16,11,18-44,540.8571,537.5496,466.2148,621.2256,0.4985,0.4380,0.5677,0.5592
195,2018-03-16,11,45-64,350.1429,352.6307,304.9818,408.7142,0.4847,0.4214,0.5581,0.5487
195,2018-03-16,11,65+,194.1429,191.9509,164.1837,222.4568,0.5169,0.4431,0.6039,0.5922
196,2018-03-17,11,0-5,569.7143,578.7968,502.7633,666.1334,1.0053,0.8449,1.2041,1.0724
196,2018-03-17,11,6-11,473.1429,485.0528,420.7295,559.8328,1.1381,0.9649,1.3483,1.2052
196,2018-03-17,11,12-17,175.1429,180.2461,155.2735,209.4075,0.9683,0.8288,1.1359,1.0098
196,2018-03-17,11,18-44,505.2857,514.2174,446.4431,593.9887,0.4986,0.4374,0.5682,0.5401
196,2018-03-17,11,45-64,327.5714,333.4471,289.3362,387.0369,0.4843,0.4206,0.5576,0.5299
196,2018-03-17,11,65+,179.1429,180.2394,154.7725,209.5206,0.5153,0.4428,0.6003,0.5715
197,2018-03-18,12,0-5,533.2857,550.7376,479.2433,636.5619,1.0154,0.8471,1.2244,1.0386
197,2018-03-18,12,6-11,451.2857,468.5411,406.6339,540.0648,1.1544,0.9812,1.3709,1.1726
197,2018-03-18,12,12-17,169.7143,176.7733,152.7106,206.0623,0.9849,0.8421,1.1634,0.9903
197,2018-03-18,12,18-44,467.7143,491.2586,422.1819,566.6646,0.5050,0.4434,0.5761,0.5221
197,2018-03-18,12,45-64,305.5714,314.9394,273.7502,366.3104,0.4908,0.4271,0.5649,0.5113
197,2018-03-18,12,65+,157.7143,168.9846,145.2681,197.0349,0.5220,0.4492,0.6090,0.5432
198,2018-03-19,12,0-5,509.4286,525.6222,456.9976,607.0896,1.0357,0.8636,1.2440,1.0324
198,2018-03-19,12,6-11,436.0000,451.1555,393.2619,522.2262,1.1821,1.0020,1.3993,1.1659
198,2018-03-19,12,12-17,165.5714,173.4110,149.9446,202.3334,1.0153,0.8630,1.1978,0.9856
198,2018-03-19,12,18-44,439.4286,468.4562,402.7822,539.6088,0.5165,0.4531,0.5905,0.5152
198,2018-03-19,12,45-64,282.5714,297.7781,258.7871,345.4225,0.5009,0.4354,0.5792,0.5029
198,2018-03-19,12,65+,148.0000,158.6127,136.1646,185.3340,0.5323,0.4569,0.6240,0.5358
199,2018-03-20,12,0-5,490.0000,501.0469,435.7805,580.3262,1.0617,0.8844,1.2675,1.0429
199,2018-03-20,12,6-11,422.2857,436.5491,379.4647,502.6806,1.2117,1.0274,1.4330,1.1760
199,2018-03-20,12,12-17,161.8571,170.2341,147.1422,199.1350,1.0406,0.8826,1.2361,0.9958
199,2018-03-20,12,18-44,426.0000,445.4517,385.3107,517.4351,0.5288,0.4648,0.6028,0.5206
199,2018-03-20,12,45-64,268.0000,280.9848,244.0030,326.1236,0.5121,0.4451,0.5888,0.5077
199,2018-03-20,12,65+,142.1429,149.0423,128.1448,173.7461,0.5440,0.4681,0.6358,0.5425
200,2018-03-21,12,0-5,468.0000,480.4130,415.7554,556.8292,1.0875,0.9074,1.2993,1.0478
200,2018-03-21,12,6-11,408.8571,424.1829,366.5461,490.1394,1.2418,1.0545,1.4658,1.1860
200,2018-03-21,12,12-17,164.7143,167.6575,144.3006,195.6371,1.0654,0.9056,1.2546,1.0274
200,2018-03-21,12,18-44,412.8571,425.4272,367.4270,496.4130,0.5421,0.4757,0.6175,0.5254
200,2018-03-21,12,45-64,254.0000,265.1094,231.2054,308.6700,0.5242,0.4553,0.6023,0.5116
200,2018-03-21,12,65+,133.1429,140.3089,120.6847,163.7509,0.5580,0.4785,0.6500,0.5430
201,2018-03-22,12,0-5,454.2857,461.1284,398.4389,532.7275,1.1089,0.9252,1.3328,1.0696
201,2018-03-22,12,6-11,406.0000,412.5886,357.5945,478.6086,1.2677,1.0779,1.4996,1.2204
201,2018-03-22,12,12-17,163.1429,164.9569,141.8911,193.2426,1.0819,0.9174,1.2781,1.0529
201,2018-03-22,12,18-44,404.7143,407.5604,354.4114,473.3362,0.5523,0.4845,0.6313,0.5398
201,2018-03-22,12,45-64,250.4286,250.5509,216.4284,290.5755,0.5330,0.4640,0.6145,0.5268
201,2018-03-22,12,65+,130.0000,132.6582,114.2171,154.6966,0.5680,0.4874,0.6631,0.5596
202,2018-03-23,12,0-5,440.8571,445.2696,384.7669,515.8453,1.1191,0.9370,1.3471,1.0803
202,2018-03-23,12,6-11,400.1429,403.0678,350.8895,469.7374,1.2793,1.0938,1.5116,1.2352
202,2018-03-23,12,12-17,161.1429,162.3778,139.5876,189.3361,1.0834,0.9216,1.2724,1.0597
202,2018-03-23,12,18-44,390.4286,392.2051,340.3208,453.4865,0.5567,0.4887,0.6358,0.5416
202,2018-03-23,12,45-64,237.1429,237.7395,205.2733,274.8960,0.5360,0.4670,0.6160,0.5262
202,2018-03-23,12,65+,123.7143,126.0958,108.1558,147.3222,0.5727,0.4920,0.6667,0.5587
203,2018-03-24,12,0-5,430.5714,430.6756,372.3950,500.6751,1.1210,0.9350,1.3550,1.0978
203,2018-03-24,12,6-11,391.8571,396.2532,342.6805,460.2921,1.2834,1.0889,1.5175,1.2503
203,2018-03-24,12,12-17,162.7143,159.4901,136.9777,185.1393,1.0685,0.9079,1.2649,1.0848
203,2018-03-24,12,18-44,382.8571,378.7563,327.2782,439.8427,0.5564,0.4876,0.6355,0.5503
203,2018-03-24,12,45-64,228.8571,226.1744,195.3642,262.6242,0.5342,0.4652,0.6143,0.5350
203,2018-03-24,12,65+,123.7143,120.5281,103.4156,140.7737,0.5709,0.4911,0.6667,0.5730
204,2018-03-25,13,0-5,419.2857,418.1578,360.5033,485.9489,1.1091,0.9284,1.3353,1.1093
204,2018-03-25,13,6-11,391.2857,389.4157,334.7593,450.1668,1.2615,1.0732,1.4874,1.2730
204,2018-03-25,13,12-17,159.0000,156.0611,133.7850,180.3106,1.0429,0.8821,1.2287,1.0863
204,2018-03-25,13,18-44,374.8571,366.8716,317.2691,425.1525,0.5476,0.4809,0.6247,0.5560
204,2018-03-25,13,45-64,222.0000,216.4157,186.4556,250.6121,0.5251,0.4563,0.6029,0.5396
204,2018-03-25,13,65+,121.4286,115.4289,98.8103,134.5810,0.5616,0.4829,0.6532,0.5803
205,2018-03-26,13,0-5,405.8571,405.1586,350.5096,469.0707,1.0950,0.9096,1.3187,1.1085
205,2018-03-26,13,6-11,388.2857,380.5395,329.6545,439.4478,1.2353,1.0501,1.4580,1.2801
205,2018-03-26,13,12-17,155.0000,151.5629,129.5210,175.0087,1.0086,0.8594,1.1888,1.0774
205,2018-03-26,13,18-44,365.0000,355.5228,307.9425,411.9640,0.5373,0.4707,0.6134,0.5532
205,2018-03-26,13,45-64,212.2857,207.0571,178.6763,240.1039,0.5139,0.4471,0.5900,0.5332
205,2018-03-26,13,65+,112.7143,111.0610,94.6233,129.6755,0.5494,0.4712,0.6403,0.5677
206,2018-03-27,13,0-5,393.5714,392.0544,339.0093,454.9519,1.0729,0.8905,1.2825,1.1027
206,2018-03-27,13,6-11,377.0000,370.9227,322.1268,427.4377,1.2016,1.0253,1.4284,1.2649
206,2018-03-27,13,12-17,150.1429,145.7222,124.5222,168.8665,0.9754,0.8298,1.1486,1.0616
206,2018-03-27,13,18-44,350.1429,345.5905,298.7199,401.1019,0.5233,0.4599,0.5973,0.5459
206,2018-03-27,13,45-64,202.5714,198.5750,170.9277,229.9496,0.5003,0.4356,0.5758,0.5247
206,2018-03-27,13,65+,106.8571,106.8003,91.2749,124.5612,0.5353,0.4601,0.6239,0.5577
207,2018-03-28,13,0-5,386.2857,379.0602,327.6832,438.4232,1.0436,0.8680,1.2512,1.1088
207,2018-03-28,13,6-11,367.4286,359.7741,311.9662,413.8383,1.1636,0.9853,1.3820,1.2573
207,2018-03-28,13,12-17,141.7143,139.2924,119.0121,161.7713,0.9397,0.7994,1.1088,1.0367
207,2018-03-28,13,18-44,338.7143,334.1136,288.5910,388.9198,0.5079,0.4453,0.5785,0.5429
207,2018-03-28,13,45-64,194.1429,190.9335,164.8222,222.4541,0.4851,0.4221,0.5571,0.5203
207,2018-03-28,13,65+,104.1429,102.5623,88.0100,119.7487,0.5197,0.4449,0.6060,0.5566
208,2018-03-29,13,0-5,375.0000,365.0143,316.2262,420.1743,1.0090,0.8390,1.2199,1.1096
208,2018-03-29,13,6-11,359.1429,345.9635,300.3976,398.8645,1.1280,0.9558,1.3335,1.2580
208,2018-03-29,13,12-17,138.1429,131.7285,113.0081,153.6385,0.9067,0.7706,1.0723,1.0394
208,2018-03-29,13,18-44,330.5714,322.2818,279.2223,375.0768,0.4921,0.4311,0.5627,0.5447
208,2018-03-29,13,45-64,189.1429,183.6461,158.5266,213.3643,0.4708,0.4092,0.5425,0.5230
208,2018-03-29,13,65+,102.0000,98.0936,84.3129,114.7337,0.5039,0.4330,0.5873,0.5609
209,2018-03-30,13,0-5,352.7143,348.6065,300.3526,401.1236,0.9807,0.8156,1.1737,1.0765
209,2018-03-30,13,6-11,336.1429,330.6660,287.8498,381.3339,1.0999,0.9280,1.2916,1.2116
209,2018-03-30,13,12-17,126.4286,124.0755,106.2893,144.1719,0.8810,0.7453,1.0404,0.9914
209,2018-03-30,13,18-44,316.8571,309.5933,266.7630,359.9704,0.4786,0.4199,0.5469,0.5283
209,2018-03-30,13,45-64,176.0000,175.6294,151.4257,204.1493,0.4588,0.3988,0.5297,0.5057
209,2018-03-30,13,65+,95.8571,93.7293,80.3207,109.0891,0.4909,0.4216,0.5718,0.5432
210,2018-03-31,13,0-5,334.1429,331.5784,285.0881,380.4111,0.9552,0.7968,1.1456,1.0566
210,2018-03-31,13,6-11,320.8571,314.1537,273.2531,362.4206,1.0745,0.9121,1.2689,1.1907
210,2018-03-31,13,12-17,117.4286,116.1373,99.6865,134.7002,0.8669,0.7368,1.0217,0.9644
210,2018-03-31,13,18-44,303.2857,295.8863,254.0325,341.8776,0.4693,0.4122,0.5372,0.5191
210,2018-03-31,13,45-64,166.7143,167.9116,145.1122,195.1204,0.4518,0.3922,0.5218,0.4959
210,2018-03-31,13,65+,89.7143,89.0018,76.2441,104.2630,0.4825,0.4137,0.5625,0.5310
211,2018-04-01,14,0-5,317.7143,312.3410,271.4503,357.9882,0.9427,0.7801,1.1315,1.0370
211,2018-04-01,14,6-11,298.8571,297.7748,258.7403,342.8022,1.0676,0.8986,1.2562,1.1536
211,2018-04-01,14,12-17,108.2857,108.3488,92.3919,125.9508,0.8644,0.7328,1.0226,0.9351
211,2018-04-01,14,18-44,282.4286,281.0549,240.9473,324.2910,0.4679,0.4099,0.5341,0.5060
211,2018-04-01,14,45-64,157.8571,160.4802,139.2695,185.6826,0.4518,0.3919,0.5215,0.4842
211,2018-04-01,14,65+,84.1429,84.1620,72.2280,98.8780,0.4816,0.4139,0.5629,0.5190
212,2018-04-02,14,0-5,297.8571,292.6081,254.9415,336.9202,0.9304,0.7775,1.1171,1.0111
212,2018-04-02,14,6-11,275.8571,280.3431,242.9934,323.5315,1.0663,0.9022,1.2682,1.1160
212,2018-04-02,14,12-17,100.0000,100.7579,86.1892,117.2943,0.8732,0.7413,1.0335,0.9110
212,2018-04-02,14,18-44,260.8571,265.7131,229.5440,306.8184,0.4705,0.4123,0.5385,0.4927
212,2018-04-02,14,45-64,148.5714,153.1667,132.1370,177.1600,0.4568,0.3962,0.5269,0.4734
212,2018-04-02,14,65+,79.2857,79.5107,68.2758,93.5297,0.4856,0.4179,0.5666,0.5092
213,2018-04-03,14,0-5,276.4286,273.6801,236.0700,316.5226,0.9367,0.7837,1.1185,0.9869
213,2018-04-03,14,6-11,258.4286,263.1640,228.4938,303.2670,1.0809,0.9165,1.2932,1.0962
213,2018-04-03,14,12-17,89.5714,94.0933,80.0759,109.6741,0.8953,0.7553,1.0644,0.8805
213,2018-04-03,14,18-44,242.7143,251.3730,217.8765,291.7379,0.4794,0.4198,0.5499,0.4830
213,2018-04-03,14,45-64,140.5714,146.0167,125.5438,169.9776,0.4673,0.4050,0.5414,0.4649
213,2018-04-03,14,65+,73.0000,75.0316,64.4548,88.0332,0.4956,0.4250,0.5780,0.4983
214,2018-04-04,14,0-5,254.4286,254.7020,219.4779,295.3346,0.9534,0.7968,1.1340,0.9683
214,2018-04-04,14,6-11,241.1429,247.7916,214.0516,285.7279,1.1125,0.9416,1.3185,1.0873
214,2018-04-04,14,12-17,84.2857,88.2501,74.8245,103.2284,0.9232,0.7827,1.0919,0.8852
214,2018-04-04,14,18-44,229.2857,237.8465,206.0681,277.0087,0.4942,0.4319,0.5667,0.4823
214,2018-04-04,14,45-64,135.1429,139.6071,119.1769,162.2603,0.4827,0.4176,0.5587,0.4676
214,2018-04-04,14,65+,69.0000,70.5909,60.7209,83.0084,0.5100,0.4377,0.5969,0.5003
215,2018-04-05,14,0-5,240.5714,237.3684,203.8717,274.7395,0.9798,0.8178,1.1762,0.9789
215,2018-04-05,14,6-11,235.7143,234.1106,201.6928,270.8278,1.1508,0.9754,1.3571,1.1210
215,2018-04-05,14,12-17,82.5714,82.8942,69.9904,97.3368,0.9578,0.8118,1.1310,0.9176
215,2018-04-05,14,18-44,220.0000,226.5183,195.1748,262.3087,0.5126,0.4482,0.5877,0.4929
215,2018-04-05,14,45-64,129.5714,132.9129,113.5102,154.6865,0.5009,0.4344,0.5786,0.4792
215,2018-04-05,14,65+,67.5714,66.5941,57.0102,78.2019,0.5296,0.4539,0.6192,0.5147
216,2018-04-06,14,0-5,214.2857,221.1711,191.1629,255.6502,1.0156,0.8515,1.2169,0.9422
216,2018-04-06,14,6-11,216.8571,221.7065,191.0191,256.6499,1.2009,1.0190,1.4209,1.0969
216,2018-04-06,14,12-17,75.5714,78.5018,66.8276,92.3766,0.9990,0.8499,1.1753,0.9039
216,2018-04-06,14,18-44,207.2857,215.8835,186.2276,250.2848,0.5356,0.4677,0.6164,0.4860
216,2018-04-06,14,45-64,125.0000,126.9551,108.8044,148.0594,0.5235,0.4526,0.6072,0.4747
216,2018-04-06,14,65+,59.1429,63.0310,53.8887,74.1789,0.5534,0.4734,0.6469,0.4986
217,2018-04-07,14,0-5,199.7143,207.8257,179.2990,239.9706,1.0633,0.8876,1.2731,0.9461
217,2018-04-07,14,6-11,204.7143,211.8521,182.7698,246.2778,1.2595,1.0686,1.4872,1.1047
217,2018-04-07,14,12-17,72.4286,74.9108,64.1165,88.4074,1.0372,0.8837,1.2261,0.9192
217,2018-04-07,14,18-44,198.8571,207.5122,179.3000,241.5942,0.5615,0.4901,0.6437,0.4920
217,2018-04-07,14,45-64,118.7143,121.4223,104.3804,142.4627,0.5469,0.4734,0.6312,0.4813
217,2018-04-07,14,65+,57.1429,60.1689,51.2901,71.2299,0.5788,0.4951,0.6767,0.5071
218,2018-04-08,15,0-5,189.2857,196.5191,170.1135,225.9226,1.1129,0.9303,1.3361,0.9699
218,2018-04-08,15,6-11,198.2857,205.2221,176.7444,238.5226,1.3205,1.1201,1.5562,1.1398
218,2018-04-08,15,12-17,70.7143,72.0875,61.6836,84.8518,1.0748,0.9131,1.2670,0.9529
218,2018-04-08,15,18-44,195.1429,200.9792,173.5544,234.8387,0.5855,0.5101,0.6708,0.5090
218,2018-04-08,15,45-64,115.4286,117.0109,99.8887,136.4474,0.5679,0.4916,0.6562,0.4984
218,2018-04-08,15,65+,56.0000,58.0863,49.0617,68.6329,0.6028,0.5155,0.7066,0.5257
219,2018-04-09,15,0-5,183.4286,187.8381,163.2244,217.8769,1.1631,0.9759,1.3950,1.0096
219,2018-04-09,15,6-11,198.1429,199.9078,172.9570,233.3964,1.3804,1.1733,1.6330,1.1973
219,2018-04-09,15,12-17,68.4286,69.9385,59.5889,82.0756,1.1076,0.9408,1.3009,0.9830
219,2018-04-09,15,18-44,193.0000,196.2033,169.3182,228.9747,0.6083,0.5319,0.6977,0.5305
219,2018-04-09,15,45-64,113.0000,112.8568,96.5303,131.8736,0.5876,0.5093,0.6799,0.5183
219,2018-04-09,15,65+,55.7143,56.3707,47.7141,66.6129,0.6259,0.5368,0.7322,0.5487
220,2018-04-10,15,0-5,180.0000,182.1823,157.8751,211.8075,1.2084,1.0166,1.4396,1.0547
220,2018-04-10,15,6-11,197.2857,198.0251,171.3920,231.3248,1.4349,1.2209,1.6973,1.2498
220,2018-04-10,15,12-17,67.5714,68.1319,57.8271,80.0433,1.1256,0.9622,1.3236,1.0208
220,2018-04-10,15,18-44,193.4286,192.7882,166.2049,225.3430,0.6275,0.5481,0.7199,0.5536
220,2018-04-10,15,45-64,111.4286,109.1882,93.5277,128.0479,0.6035,0.5235,0.6986,0.5391
220,2018-04-10,15,65+,55.2857,55.1862,46.5442,65.5222,0.6460,0.5542,0.7542,0.5706
221,2018-04-11,15,0-5,176.1429,178.4499,154.4170,208.0005,1.2379,1.0406,1.4781,1.0894
221,2018-04-11,15,6-11,198.7143,198.2159,171.5433,230.4723,1.4775,1.2455,1.7466,1.3000
221,2018-04-11,15,12-17,68.8571,66.6228,56.5843,77.9611,1.1354,0.9727,1.3351,1.0644
221,2018-04-11,15,18-44,194.1429,189.9839,163.0669,221.2100,0.6374,0.5575,0.7295,0.5712
221,2018-04-11,15,45-64,107.4286,106.4809,90.7984,124.2527,0.6115,0.5306,0.7040,0.5525
221,2018-04-11,15,65+,54.7143,54.4559,45.8514,64.6123,0.6567,0.5623,0.7669,0.5845
222,2018-04-12,15,0-5,178.0000,177.1309,151.8712,205.3949,1.2572,1.0591,1.5046,1.1417
222,2018-04-12,15,6-11,196.1429,200.8640,173.1157,232.5842,1.5033,1.2736,1.7739,1.3322
222,2018-04-12,15,12-17,68.4286,65.2048,55.2929,76.8043,1.1388,0.9746,1.3404,1.0939
222,2018-04-12,15,18-44,197.7143,188.2783,161.4701,219.2409,0.6429,0.5626,0.7347,0.5927
222,2018-04-12,15,45-64,107.5714,104.5400,89.2417,122.0561,0.6151,0.5338,0.7087,0.5709
222,2018-04-12,15,65+,54.1429,54.1799,45.7106,64.1348,0.6617,0.5666,0.7732,0.6010
223,2018-04-13,15,0-5,179.7143,176.5675,151.0110,204.2221,1.2667,1.0672,1.5072,1.1724
223,2018-04-13,15,6-11,205.8571,204.9771,176.5258,237.9433,1.5201,1.2929,1.7885,1.3855
223,2018-04-13,15,12-17,65.7143,64.1054,54.0297,75.8581,1.1355,0.9685,1.3285,1.0811
223,2018-04-13,15,18-44,191.2857,187.4823,159.9166,219.9285,0.6439,0.5638,0.7358,0.5961
223,2018-04-13,15,45-64,102.2857,103.1823,87.8038,120.7041,0.6154,0.5331,0.7087,0.5696
223,2018-04-13,15,65+,56.2857,54.2832,45.6363,64.3718,0.6621,0.5666,0.7752,0.6133
224,2018-04-14,15,0-5,179.0000,177.0526,151.0014,205.9897,1.2671,1.0646,1.5143,1.1846
224,2018-04-14,15,6-11,209.1429,210.4553,181.6863,245.0833,1.5325,1.3024,1.8144,1.4066
224,2018-04-14,15,12-17,65.1429,62.9774,53.3153,74.5592,1.1324,0.9654,1.3312,1.0909
224,2018-04-14,15,18-44,187.0000,186.4733,159.6598,218.1255,0.6407,0.5614,0.7323,0.6004
224,2018-04-14,15,45-64,102.7143,102.7554,87.4494,120.7901,0.6111,0.5310,0.7035,0.5749
224,2018-04-14,15,65+,56.0000,54.5750,45.8404,64.7061,0.6569,0.5627,0.7678,0.6193
225,2018-04-15,16,0-5,181.5714,178.5676,153.3697,208.1075,1.2617,1.0617,1.5081,1.2084
225,2018-04-15,16,6-11,216.5714,217.3407,186.8484,252.0796,1.5342,1.3008,1.8172,1.4379
225,2018-04-15,16,12-17,61.2857,62.4102,52.7024,73.9455,1.1237,0.9571,1.3238,1.0691
225,2018-04-15,16,18-44,185.4286,186.4133,159.6389,216.3781,0.6340,0.5563,0.7251,0.6051
225,2018-04-15,16,45-64,101.8571,102.8854,87.4593,120.8576,0.6029,0.5242,0.6966,0.5768
225,2018-04-15,16,65+,56.2857,54.9735,46.0527,65.2640,0.6461,0.5551,0.7528,0.6250
226,2018-04-16,16,0-5,183.2857,180.3244,154.8015,210.9111,1.2583,1.0516,1.4973,1.2350
226,2018-04-16,16,6-11,228.1429,225.2174,194.0683,262.3404,1.5283,1.2983,1.8145,1.4928
226,2018-04-16,16,12-17,60.5714,61.8536,52.3335,73.1163,1.1183,0.9542,1.3140,1.0912
226,2018-04-16,16,18-44,190.2857,186.4309,159.9346,216.1261,0.6264,0.5497,0.7146,0.6239
226,2018-04-16,16,45-64,105.7143,103.3289,87.9345,121.3700,0.5945,0.5159,0.6854,0.5955
226,2018-04-16,16,65+,56.7143,55.0587,46.4459,65.8400,0.6329,0.5435,0.7398,0.6417
227,2018-04-17,16,0-5,183.0000,182.5871,156.5794,213.3117,1.2484,1.0468,1.4893,1.2324
227,2018-04-17,16,6-11,235.5714,233.1689,201.0906,272.7156,1.5232,1.2871,1.7988,1.5040
227,2018-04-17,16,12-17,62.4286,61.6806,51.8350,72.8331,1.1109,0.9513,1.3078,1.1107
227,2018-04-17,16,18-44,190.2857,186.7962,160.5262,217.3560,0.6157,0.5407,0.7029,0.6219
227,2018-04-17,16,45-64,103.1429,103.7582,88.5136,121.9815,0.5818,0.5058,0.6712,0.5912
227,2018-04-17,16,65+,56.0000,55.0775,46.5318,65.8863,0.6164,0.5290,0.7169,0.6349
228,2018-04-18,16,0-5,187.0000,185.0344,158.9962,216.2574,1.2379,1.0354,1.4859,1.2473
228,2018-04-18,16,6-11,245.1429,241.5496,208.7246,283.2376,1.5145,1.2809,1.7948,1.5223
228,2018-04-18,16,12-17,61.8571,61.8224,52.0777,73.3851,1.1063,0.9429,1.2962,1.1160
228,2018-04-18,16,18-44,188.8571,187.2676,160.2669,218.3036,0.6031,0.5301,0.6887,0.6273
228,2018-04-18,16,45-64,106.8571,104.3072,88.8178,122.7832,0.5670,0.4937,0.6543,0.5997
228,2018-04-18,16,65+,57.5714,54.8676,46.6249,65.5112,0.5976,0.5150,0.6958,0.6470
229,2018-04-19,16,0-5,186.1429,188.5148,161.7006,219.7361,1.2293,1.0307,1.4743,1.2372
229,2018-04-19,16,6-11,252.5714,250.5646,214.4850,291.8515,1.5085,1.2744,1.7882,1.5236
229,2018-04-19,16,12-17,62.8571,62.4760,52.3577,73.8873,1.1045,0.9401,1.2962,1.1252
229,2018-04-19,16,18-44,190.1429,186.9208,159.8881,217.9144,0.5930,0.5209,0.6751,0.6259
229,2018-04-19,16,45-64,107.5714,104.7295,89.5509,122.6754,0.5553,0.4821,0.6386,0.5992
229,2018-04-19,16,65+,57.5714,54.3124,46.0193,64.6203,0.5815,0.5006,0.6781,0.6447
230,2018-04-20,16,0-5,191.1429,191.5351,164.3361,222.5276,1.2203,1.0208,1.4587,1.2409
230,2018-04-20,16,6-11,259.8571,260.8261,223.6483,302.0949,1.5044,1.2710,1.7906,1.5110
230,2018-04-20,16,12-17,62.2857,63.5986,53.1081,75.0220,1.1050,0.9411,1.3054,1.1044
230,2018-04-20,16,18-44,187.4286,186.3168,159.2514,217.7654,0.5832,0.5119,0.6644,0.6135
230,2018-04-20,16,45-64,106.2857,104.5242,89.3127,123.1778,0.5445,0.4723,0.6277,0.5812
230,2018-04-20,16,65+,52.7143,53.5296,45.3076,63.4661,0.5666,0.4869,0.6616,0.6118
231,2018-04-21,16,0-5,195.2857,194.6398,168.5386,227.4670,1.2168,1.0162,1.4576,1.2467
231,2018-04-21,16,6-11,268.8571,271.4416,232.0909,315.1756,1.5175,1.2804,1.8055,1.5115
231,2018-04-21,16,12-17,61.4286,65.1293,54.5652,76.6478,1.1137,0.9410,1.3097,1.0855
231,2018-04-21,16,18-44,189.1429,185.6239,158.3508,215.8911,0.5783,0.5080,0.6597,0.6076
231,2018-04-21,16,45-64,103.4286,104.0603,88.4978,122.7341,0.5378,0.4672,0.6202,0.5697
231,2018-04-21,16,65+,51.1429,52.5717,44.7442,62.7388,0.5563,0.4774,0.6494,0.5969
232,2018-04-22,17,0-5,196.7143,198.3981,171.8068,231.9761,1.2107,1.0068,1.4531,1.2271
232,2018-04-22,17,6-11,272.8571,283.4041,242.8065,330.5014,1.5390,1.2959,1.8399,1.4859
232,2018-04-22,17,12-17,65.7143,66.9645,56.1891,78.8781,1.1151,0.9463,1.3150,1.1098
232,2018-04-22,17,18-44,182.2857,184.4034,156.9021,215.1783,0.5743,0.5053,0.6547,0.5942
232,2018-04-22,17,45-64,102.5714,103.7944,88.5703,121.9815,0.5317,0.4629,0.6124,0.5591
232,2018-04-22,17,65+,49.7143,51.6550,43.7534,61.4698,0.5477,0.4717,0.6364,0.5826
233,2018-04-23,17,0-5,199.7143,201.5709,174.5042,234.9868,1.2047,1.0037,1.4392,1.2190
233,2018-04-23,17,6-11,282.5714,297.2580,255.4421,345.8486,1.5594,1.3008,1.8513,1.4833
233,2018-04-23,17,12-17,68.0000,69.1245,57.7602,81.1728,1.1074,0.9426,1.2993,1.1112
233,2018-04-23,17,18-44,178.0000,183.4357,155.5454,213.9294,0.5715,0.5030,0.6516,0.5827
233,2018-04-23,17,45-64,98.7143,102.9517,87.3731,120.4564,0.5274,0.4599,0.6077,0.5452
233,2018-04-23,17,65+,48.8571,50.5665,42.4809,60.3295,0.5409,0.4662,0.6296,0.5691
234,2018-04-24,17,0-5,203.8571,204.8083,177.3103,238.8762,1.1952,0.9986,1.4408,1.2254
234,2018-04-24,17,6-11,305.4286,312.8889,270.4254,366.8207,1.5660,1.3181,1.8600,1.5322
234,2018-04-24,17,12-17,70.5714,70.9497,59.5917,83.6336,1.0913,0.9249,1.2838,1.1294
234,2018-04-24,17,18-44,176.0000,182.2279,155.1613,212.5944,0.5677,0.4996,0.6472,0.5854
234,2018-04-24,17,45-64,100.5714,102.1102,87.3968,120.1821,0.5215,0.4547,0.6022,0.5474
234,2018-04-24,17,65+,48.0000,49.4375,41.4416,59.0529,0.5339,0.4604,0.6196,0.5680
235,2018-04-25,17,0-5,205.8571,208.2462,178.6855,242.3604,1.1860,0.9911,1.4256,1.2189
235,2018-04-25,17,6-11,322.5714,331.3382,284.8860,388.0202,1.5540,1.3067,1.8523,1.5472
235,2018-04-25,17,12-17,71.7143,72.2231,61.2838,84.9601,1.0643,0.9033,1.2582,1.1211
235,2018-04-25,17,18-44,176.8571,181.3495,154.7750,212.5638,0.5612,0.4940,0.6397,0.5804
235,2018-04-25,17,45-64,98.4286,101.3518,86.9906,119.5587,0.5145,0.4480,0.5933,0.5396
235,2018-04-25,17,65+,47.5714,48.2772,40.5241,57.6156,0.5251,0.4530,0.6097,0.5604
236,2018-04-26,17,0-5,210.0000,210.6064,180.9906,244.7616,1.1636,0.9740,1.3933,1.2196
236,2018-04-26,17,6-11,338.7143,349.3549,301.1327,407.7558,1.5245,1.2801,1.8073,1.5542
236,2018-04-26,17,12-17,74.4286,72.7640,61.9294,85.9160,1.0273,0.8723,1.2097,1.1291
236,2018-04-26,17,18-44,177.8571,181.8941,155.4991,213.8033,0.5491,0.4830,0.6235,0.5788
236,2018-04-26,17,45-64,99.5714,100.8062,86.3995,118.7964,0.5019,0.4364,0.5764,0.5374
236,2018-04-26,17,65+,46.5714,47.2801,39.4489,56.3303,0.5108,0.4415,0.5925,0.5539
237,2018-04-27,17,0-5,214.5714,211.4690,182.3211,247.6221,1.1322,0.9432,1.3601,1.2377
237,2018-04-27,17,6-11,373.1429,365.1708,316.3798,426.1863,1.4692,1.2311,1.7428,1.6252
237,2018-04-27,17,12-17,77.7143,72.7894,61.8570,85.0665,0.9758,0.8305,1.1567,1.1576
237,2018-04-27,17,18-44,186.8571,182.6287,156.8450,214.9029,0.5305,0.4666,0.6029,0.5960
237,2018-04-27,17,45-64,103.7143,100.5146,85.7868,118.3776,0.4831,0.4200,0.5581,0.5545
237,2018-04-27,17,65+,49.5714,46.1835,38.5883,55.1618,0.4923,0.4230,0.5724,0.5759
238,2018-04-28,17,0-5,213.5714,212.2646,182.9184,248.9724,1.0958,0.9077,1.3117,1.1965
238,2018-04-28,17,6-11,388.7143,379.0132,329.1021,439.0650,1.3925,1.1653,1.6658,1.5848
238,2018-04-28,17,12-17,76.7143,71.8873,60.9630,83.8464,0.9228,0.7844,1.0835,1.1052
238,2018-04-28,17,18-44,181.5714,183.2811,156.7536,214.8636,0.5094,0.4469,0.5784,0.5691
238,2018-04-28,17,45-64,101.1429,99.8609,85.5452,117.1367,0.4631,0.4026,0.5318,0.5253
238,2018-04-28,17,65+,45.7143,45.1272,37.8457,53.6292,0.4722,0.4064,0.5477,0.5380
239,2018-04-29,18,0-5,215.7143,212.4499,183.0247,247.2056,1.0544,0.8805,1.2729,1.1933
239,2018-04-29,18,6-11,403.1429,386.6480,337.2497,448.4975,1.3073,1.1015,1.5722,1.5688
239,2018-04-29,18,12-17,72.7143,70.1399,59.5243,82.1811,0.8706,0.7379,1.0239,1.0592
239,2018-04-29,18,18-44,191.5714,184.8393,158.4429,215.5256,0.4851,0.4264,0.5547,0.5693
239,2018-04-29,18,45-64,103.7143,99.1039,84.4995,116.3332,0.4406,0.3831,0.5096,0.5244
239,2018-04-29,18,65+,46.4286,44.2606,37.1689,52.8647,0.4514,0.3886,0.5260,0.5381
240,2018-04-30,18,0-5,215.5714,211.1453,182.2722,245.9898,1.0196,0.8453,1.2268,1.1671
240,2018-04-30,18,6-11,405.0000,387.2045,338.5849,450.7437,1.2378,1.0404,1.4771,1.5089
240,2018-04-30,18,12-17,70.1429,67.8947,57.8252,79.5271,0.8265,0.6999,0.9805,1.0131
240,2018-04-30,18,18-44,193.2857,185.4415,158.2284,215.2458,0.4634,0.4064,0.5297,0.5519
240,2018-04-30,18,45-64,102.2857,98.1454,84.0209,114.9023,0.4211,0.3660,0.4871,0.5058
240,2018-04-30,18,65+,44.2857,43.6065,36.2862,51.6249,0.4341,0.3738,0.5063,0.5147
241,2018-05-01,18,0-5,218.1429,209.1020,179.8725,243.9594,0.9923,0.8214,1.1951,1.1578
241,2018-05-01,18,6-11,402.5714,382.2277,333.7081,443.5916,1.1819,0.9866,1.4160,1.4580
241,2018-05-01,18,12-17,68.0000,65.1517,55.7886,76.5211,0.7994,0.6794,0.9467,0.9817
241,2018-05-01,18,18-44,195.7143,184.3011,158.0097,214.6801,0.4479,0.3928,0.5101,0.5416
241,2018-05-01,18,45-64,101.0000,96.4528,82.7138,113.3105,0.4075,0.3537,0.4700,0.4956
241,2018-05-01,18,65+,44.8571,42.9886,35.7550,50.9711,0.4230,0.3627,0.4944,0.5076
242,2018-05-02,18,0-5,203.1429,206.3815,177.4071,242.4827,0.9791,0.8125,1.1794,1.0658
242,2018-05-02,18,6-11,377.0000,372.1895,324.2273,430.2547,1.1424,0.9560,1.3580,1.3344
242,2018-05-02,18,12-17,62.0000,62.5879,53.3847,73.4381,0.7874,0.6687,0.9344,0.9012
242,2018-05-02,18,18-44,183.5714,182.6726,156.6328,213.1371,0.4389,0.3853,0.5008,0.4996
242,2018-05-02,18,45-64,95.7143,94.3430,81.3969,110.6508,0.4005,0.3480,0.4618,0.4583
242,2018-05-02,18,65+,41.1429,42.4607,35.4730,50.5536,0.4186,0.3593,0.4900,0.4672
243,2018-05-03,18,0-5,201.5714,202.8784,175.4226,237.0779,0.9834,0.8210,1.1773,1.0587
243,2018-05-03,18,6-11,365.8571,357.7700,310.3674,416.2477,1.1251,0.9389,1.3552,1.2997
243,2018-05-03,18,12-17,58.2857,60.0390,50.9211,70.4101,0.7945,0.6757,0.9467,0.8760
243,2018-05-03,18,18-44,182.4286,179.7380,154.4103,209.9006,0.4399,0.3869,0.5012,0.4946
243,2018-05-03,18,45-64,94.5714,92.4802,79.4954,108.2833,0.4033,0.3507,0.4653,0.4552
243,2018-05-03,18,65+,42.1429,42.1649,35.3314,50.0785,0.4245,0.3636,0.4948,0.4695
244,2018-05-04,18,0-5,187.2857,199.5575,172.7861,233.2020,1.0011,0.8247,1.2069,0.9698
244,2018-05-04,18,6-11,320.0000,340.9213,296.4255,395.6855,1.1260,0.9425,1.3513,1.1442
244,2018-05-04,18,12-17,51.1429,57.7896,48.9968,68.4789,0.8222,0.6951,0.9721,0.7718
244,2018-05-04,18,18-44,158.2857,175.8591,150.8034,206.1176,0.4491,0.3940,0.5124,0.4340
244,2018-05-04,18,45-64,77.8571,89.9484,76.9523,105.9013,0.4145,0.3602,0.4783,0.3921
244,2018-05-04,18,65+,35.4286,41.7869,34.9777,49.8816,0.4384,0.3760,0.5127,0.4028
245,2018-05-05,18,0-5,193.5714,196.6390,170.5369,228.9754,1.0256,0.8523,1.2386,1.0277
245,2018-05-05,18,6-11,317.7143,324.0945,280.5923,374.7952,1.1446,0.9592,1.3687,1.1902
245,2018-05-05,18,12-17,51.7143,55.9500,47.5555,66.7834,0.8606,0.7291,1.0245,0.8227
245,2018-05-05,18,18-44,161.7143,171.3940,146.8257,200.5299,0.4650,0.4079,0.5311,0.4628
245,2018-05-05,18,45-64,82.4286,87.5469,74.7819,103.4805,0.4324,0.3755,0.5000,0.4244
245,2018-05-05,18,65+,39.2857,41.5634,34.7955,49.7637,0.4583,0.3939,0.5368,0.4443
246,2018-05-06,19,0-5,193.8571,193.7134,167.3315,225.5057,1.0514,0.8712,1.2675,1.0413
246,2018-05-06,19,6-11,304.0000,307.1405,267.1464,356.4576,1.1711,0.9837,1.3906,1.1843
246,2018-05-06,19,12-17,52.1429,54.6195,45.9728,65.2872,0.9084,0.7683,1.0747,0.8436
246,2018-05-06,19,18-44,154.0000,166.7415,142.7156,194.9155,0.4840,0.4235,0.5527,0.4625
246,2018-05-06,19,45-64,79.0000,85.1000,72.6217,100.8462,0.4540,0.3928,0.5238,0.4239
246,2018-05-06,19,65+,38.1429,41.1637,34.5854,49.6583,0.4824,0.4126,0.5633,0.4440
247,2018-05-07,19,0-5,187.7143,191.3872,164.5710,221.2812,1.0782,0.8981,1.2956,1.0377
247,2018-05-07,19,6-11,282.5714,290.8868,253.2746,337.0231,1.2016,1.0156,1.4247,1.1674
247,2018-05-07,19,12-17,50.2857,53.9094,45.1387,63.9287,0.9585,0.8088,1.1287,0.8538
247,2018-05-07,19,18-44,153.5714,162.2332,138.8531,190.0064,0.5028,0.4405,0.5742,0.4694
247,2018-05-07,19,45-64,78.8571,82.8581,70.5645,98.1551,0.4745,0.4117,0.5475,0.4355
247,2018-05-07,19,65+,39.2857,40.8643,34.4443,48.9433,0.5031,0.4303,0.5888,0.4609
248,2018-05-08,19,0-5,178.5714,188.8085,163.3163,219.7972,1.0990,0.9112,1.3250,1.0163
248,2018-05-08,19,6-11,259.8571,276.3516,241.1435,320.2441,1.2312,1.0409,1.4615,1.1386
248,2018-05-08,19,12-17,48.4286,53.5680,45.0648,63.8659,0.9969,0.8456,1.1870,0.8550
248,2018-05-08,19,18-44,148.7143,158.5943,135.4200,185.5620,0.5191,0.4549,0.5944,0.4677
248,2018-05-08,19,45-64,77.4286,81.2275,69.3978,95.9513,0.4923,0.4258,0.5685,0.4390
248,2018-05-08,19,65+,39.5714,40.6677,34.0061,48.3536,0.5200,0.4438,0.6084,0.4689
249,2018-05-09,19,0-5,188.4286,185.7303,161.0752,216.8489,1.1054,0.9201,1.3321,1.1021
249,2018-05-09,19,6-11,263.1429,263.6653,229.3422,305.4798,1.2524,1.0549,1.4897,1.2244
249,2018-05-09,19,12-17,53.0000,53.5164,45.1495,64.0989,1.0199,0.8656,1.2124,0.9494
249,2018-05-09,19,18-44,156.8571,155.5530,132.3852,182.4682,0.5264,0.4627,0.6020,0.5077
249,2018-05-09,19,45-64,79.7143,80.0742,67.8843,93.9871,0.5005,0.4346,0.5782,0.4764
249,2018-05-09,19,65+,42.0000,40.3553,33.7422,47.8088,0.5276,0.4506,0.6178,0.5094
250,2018-05-10,19,0-5,184.7143,183.0290,157.7899,212.8263,1.1020,0.9161,1.3314,1.1012
250,2018-05-10,19,6-11,251.7143,253.1957,220.2030,293.0800,1.2621,1.0573,1.5019,1.2269
250,2018-05-10,19,12-17,54.7143,53.6844,45.2847,64.2401,1.0275,0.8677,1.2201,0.9791
250,2018-05-10,19,18-44,154.1429,152.4733,131.1178,178.7251,0.5270,0.4610,0.6032,0.5101
250,2018-05-10,19,45-64,77.7143,78.8452,66.4763,92.4669,0.5014,0.4337,0.5793,0.4789
250,2018-05-10,19,65+,40.8571,39.8084,33.3879,47.4314,0.5260,0.4496,0.6157,0.5088
251,2018-05-11,19,0-5,191.8571,179.7167,154.8672,209.5725,1.0866,0.9003,1.3056,1.1712
251,2018-05-11,19,6-11,252.1429,244.5061,211.5324,282.8113,1.2540,1.0547,1.4883,1.3010
251,2018-05-11,19,12-17,58.4286,53.8669,45.4460,63.9334,1.0142,0.8544,1.2073,1.0667
251,2018-05-11,19,18-44,164.7143,149.3947,128.1410,175.6899,0.5186,0.4548,0.5921,0.5544
251,2018-05-11,19,45-64,87.1429,77.9066,65.9585,91.2620,0.4923,0.4273,0.5690,0.5267
251,2018-05-11,19,65+,42.5714,39.1302,32.7019,46.6397,0.5159,0.4408,0.6021,0.5525
252,2018-05-12,19,0-5,177.7143,176.4661,152.0356,206.2220,1.0708,0.8890,1.2948,1.1015
252,2018-05-12,19,6-11,232.8571,236.3182,204.1709,273.4345,1.2462,1.0473,1.4857,1.2427
252,2018-05-12,19,12-17,57.1429,53.9030,45.3096,63.8888,0.9920,0.8412,1.1798,1.0334
252,2018-05-12,19,18-44,156.2857,145.6501,124.7532,171.5280,0.5073,0.4450,0.5779,0.5315
252,2018-05-12,19,45-64,83.1429,76.6572,65.0865,90.2493,0.4799,0.4160,0.5542,0.5092
252,2018-05-12,19,65+,43.0000,38.3115,32.0330,45.6743,0.5007,0.4287,0.5861,0.5423
253,2018-05-13,20,0-5,167.2857,172.7132,149.1929,201.9448,1.0554,0.8727,1.2789,1.0552
253,2018-05-13,20,6-11,224.7143,229.5510,198.0206,265.4020,1.2359,1.0372,1.4806,1.2220
253,2018-05-13,20,12-17,56.0000,53.8202,45.3242,63.8481,0.9661,0.8171,1.1487,1.0046
253,2018-05-13,20,18-44,148.0000,142.0545,121.5420,166.6513,0.4962,0.4346,0.5654,0.5121
253,2018-05-13,20,45-64,79.0000,75.6660,64.4997,89.1796,0.4669,0.4040,0.5394,0.4892
253,2018-05-13,20,65+,40.2857,37.5194,31.1198,44.6607,0.4870,0.4156,0.5696,0.5176
254,2018-05-14,20,0-5,166.2857,169.0051,145.9177,198.2024,1.0492,0.8685,1.2736,1.0580
254,2018-05-14,20,6-11,226.1429,223.5283,193.2335,259.0652,1.2239,1.0330,1.4728,1.2421
254,2018-05-14,20,12-17,55.7143,53.1609,44.6558,62.9867,0.9414,0.7993,1.1166,0.9947
254,2018-05-14,20,18-44,138.1429,137.9074,117.9594,161.3679,0.4883,0.4285,0.5577,0.5030
254,2018-05-14,20,45-64,75.8571,74.4798,63.4982,88.1956,0.4577,0.3970,0.5307,0.4761
254,2018-05-14,20,65+,37.4286,36.5203,30.1977,43.5272,0.4770,0.4071,0.5596,0.4990
255,2018-05-15,20,0-5,164.8571,165.1145,142.3208,193.1831,1.0438,0.8672,1.2582,1.0608
255,2018-05-15,20,6-11,216.7143,218.1608,188.5463,252.3594,1.2119,1.0180,1.4387,1.2238
255,2018-05-15,20,12-17,54.4286,52.3773,43.7053,61.7789,0.9205,0.7820,1.0936,0.9746
255,2018-05-15,20,18-44,131.8571,133.4283,113.8064,154.9988,0.4822,0.4240,0.5502,0.4927
255,2018-05-15,20,45-64,72.0000,73.2477,62.3858,86.5784,0.4513,0.3914,0.5213,0.4611
255,2018-05-15,20,65+,33.5714,35.4118,29.4893,42.1229,0.4704,0.4019,0.5498,0.4749
256,2018-05-16,20,0-5,160.8571,161.0826,138.8823,189.4307,1.0421,0.8635,1.2676,1.0561
256,2018-05-16,20,6-11,211.1429,212.0437,183.3887,245.1923,1.1985,1.0119,1.4257,1.2214
256,2018-05-16,20,12-17,51.1429,51.0700,42.8383,59.9873,0.9064,0.7665,1.0806,0.9466
256,2018-05-16,20,18-44,125.2857,128.9478,110.0928,149.9259,0.4793,0.4206,0.5475,0.4884
256,2018-05-16,20,45-64,70.7143,71.5878,60.8474,84.3880,0.4478,0.3872,0.5184,0.4580
256,2018-05-16,20,65+,32.8571,34.2714,28.5567,40.8285,0.4669,0.3996,0.5467,0.4748
257,2018-05-17,20,0-5,160.4286,157.3403,135.4484,184.5487,1.0428,0.8649,1.2650,1.0821
257,2018-05-17,20,6-11,212.0000,205.7324,177.1697,236.9510,1.1877,1.0007,1.4192,1.2593
257,2018-05-17,20,12-17,49.1429,49.4335,41.5863,58.1176,0.9032,0.7631,1.0656,0.9504
257,2018-05-17,20,18-44,125.5714,124.3029,106.9059,145.1159,0.4790,0.4207,0.5476,0.5017
257,2018-05-17,20,45-64,71.2857,69.6112,58.9821,82.0658,0.4489,0.3883,0.5192,0.4701
257,2018-05-17,20,65+,32.2857,33.0574,27.5442,39.6167,0.4699,0.4027,0.5497,0.4863
258,2018-05-18,20,0-5,153.2857,153.6891,131.8766,178.3312,1.0418,0.8625,1.2591,1.0616
258,2018-05-18,20,6-11,204.7143,198.7477,171.5989,228.5364,1.1810,0.9979,1.4117,1.2490
258,2018-05-18,20,12-17,47.8571,47.5996,40.1522,56.2665,0.9074,0.7684,1.0799,0.9497
258,2018-05-18,20,18-44,119.7143,120.1664,103.1644,140.0851,0.4829,0.4240,0.5523,0.4996
258,2018-05-18,20,45-64,69.4286,67.6303,57.1606,79.7079,0.4548,0.3939,0.5269,0.4750
258,2018-05-18,20,65+,35.4286,32.0748,26.6496,38.2947,0.4773,0.4077,0.5593,0.5095
259,2018-05-19,20,0-5,142.2857,150.0321,128.5869,173.6042,1.0453,0.8666,1.2710,0.9904
259,2018-05-19,20,6-11,185.0000,191.0839,164.3390,220.4005,1.1846,0.9906,1.4061,1.1437
259,2018-05-19,20,12-17,42.1429,45.8800,38.7568,54.3786,0.9154,0.7735,1.0863,0.8511
259,2018-05-19,20,18-44,106.2857,116.8487,100.3922,136.2371,0.4893,0.4281,0.5590,0.4493
259,2018-05-19,20,45-64,59.1429,65.8994,55.6211,78.1763,0.4634,0.3998,0.5357,0.4165
259,2018-05-19,20,65+,26.8571,31.2488,25.9835,37.2256,0.4880,0.4166,0.5732,0.4295
260,2018-05-20,21,0-5,143.1429,145.9897,125.5118,169.6174,1.0444,0.8698,1.2695,1.0374
260,2018-05-20,21,6-11,181.4286,183.1964,157.8603,212.0146,1.1866,0.9982,1.4057,1.1843
260,2018-05-20,21,12-17,43.4286,44.2587,37.2582,52.3039,0.9293,0.7858,1.1103,0.9110
260,2018-05-20,21,18-44,110.1429,113.9021,98.3160,133.3726,0.4972,0.4356,0.5693,0.4768
260,2018-05-20,21,45-64,61.0000,64.5516,54.3209,76.0146,0.4749,0.4108,0.5505,0.4451
260,2018-05-20,21,65+,27.4286,30.5933,25.3839,36.5631,0.5039,0.4292,0.5941,0.4579
261,2018-05-21,21,0-5,142.5714,141.7815,121.6327,164.6237,1.0348,0.8635,1.2509,1.0706
261,2018-05-21,21,6-11,172.2857,175.3326,151.8746,204.2257,1.1896,0.9989,1.4094,1.1949
261,2018-05-21,21,12-17,42.8571,42.5549,35.8207,50.4947,0.9391,0.7942,1.1141,0.9406
261,2018-05-21,21,18-44,111.8571,111.2667,95.8011,130.4158,0.5031,0.4398,0.5758,0.4957
261,2018-05-21,21,45-64,61.0000,63.2957,53.3462,74.6946,0.4853,0.4177,0.5638,0.4665
261,2018-05-21,21,65+,29.2857,30.0790,24.8879,36.1172,0.5175,0.4404,0.6102,0.4888
262,2018-05-22,21,0-5,138.4286,136.7680,117.4820,158.3122,1.0290,0.8535,1.2348,1.0760
262,2018-05-22,21,6-11,170.1429,167.7007,144.8634,194.0693,1.1847,1.0001,1.4157,1.2223
262,2018-05-22,21,12-17,41.0000,41.0210,34.4537,48.8933,0.9499,0.8009,1.1311,0.9480
262,2018-05-22,21,18-44,109.8571,108.6453,93.5230,127.3389,0.5070,0.4432,0.5818,0.5059
262,2018-05-22,21,45-64,61.8571,62.1068,52.4066,73.3099,0.4933,0.4254,0.5733,0.4798
262,2018-05-22,21,65+,29.4286,29.7325,24.6085,35.8213,0.5282,0.4495,0.6222,0.5049
263,2018-05-23,21,0-5,136.0000,131.2376,112.8757,152.4464,1.0104,0.8396,1.2199,1.0880
263,2018-05-23,21,6-11,161.1429,160.2889,137.4647,185.1912,1.1806,0.9986,1.4160,1.2178
263,2018-05-23,21,12-17,38.7143,39.5053,33.2170,47.1159,0.9583,0.8128,1.1339,0.9429
263,2018-05-23,21,18-44,109.8571,106.1497,91.2577,124.0350,0.5087,0.4454,0.5817,0.5140
263,2018-05-23,21,45-64,61.2857,61.1238,51.6556,71.9246,0.4983,0.4311,0.5785,0.4897
263,2018-05-23,21,65+,30.4286,29.5123,24.4564,35.6321,0.5350,0.4559,0.6292,0.5223
264,2018-05-24,21,0-5,132.2857,125.3630,107.9486,146.2801,0.9931,0.8283,1.1945,1.0826
264,2018-05-24,21,6-11,154.8571,152.7012,130.2589,177.5573,1.1812,0.9998,1.4043,1.2144
264,2018-05-24,21,12-17,38.2857,38.0992,31.9608,46.1216,0.9615,0.8117,1.1376,0.9543
264,2018-05-24,21,18-44,105.2857,103.6166,88.6887,121.2187,0.5088,0.4448,0.5823,0.5135
264,2018-05-24,21,45-64,60.4286,60.2169,50.9463,70.9287,0.5008,0.4325,0.5801,0.4925
264,2018-05-24,21,65+,30.5714,29.3568,24.2660,35.2500,0.5382,0.4576,0.6341,0.5288
265,2018-05-25,21,0-5,119.0000,119.0091,102.2193,139.6908,0.9789,0.8181,1.1760,1.0090
265,2018-05-25,21,6-11,137.4286,145.5452,124.6623,169.8337,1.1812,0.9944,1.3977,1.1342
265,2018-05-25,21,12-17,35.7143,36.9113,30.8594,44.4317,0.9602,0.8092,1.1348,0.9170
265,2018-05-25,21,18-44,98.5714,101.1835,86.1027,119.0940,0.5072,0.4442,0.5814,0.4886
265,2018-05-25,21,45-64,57.7143,59.4646,50.3165,70.3968,0.5002,0.4329,0.5810,0.4724
265,2018-05-25,21,65+,27.8571,29.1513,24.2925,35.0172,0.5384,0.4597,0.6334,0.5015
266,2018-05-26,21,0-5,118.4286,112.0506,96.8781,132.0836,0.9656,0.8013,1.1674,1.0643
266,2018-05-26,21,6-11,141.5714,138.9146,118.3458,162.4993,1.1728,0.9893,1.4041,1.2337
266,2018-05-26,21,12-17,38.4286,35.8277,29.8693,42.8467,0.9526,0.8020,1.1290,1.0233
266,2018-05-26,21,18-44,102.8571,98.7473,84.0701,116.8015,0.5042,0.4401,0.5786,0.5364
266,2018-05-26,21,45-64,63.5714,58.5418,49.4692,69.2105,0.4965,0.4282,0.5780,0.5294
266,2018-05-26,21,65+,31.7143,28.9015,23.9805,34.7471,0.5337,0.4536,0.6279,0.5705
267,2018-05-27,22,0-5,107.0000,105.3418,90.8725,124.0896,0.9665,0.8014,1.1551,1.0074
267,2018-05-27,22,6-11,131.7143,132.2757,113.4855,154.5110,1.1699,0.9832,1.3951,1.1916
267,2018-05-27,22,12-17,35.5714,34.6416,28.8184,41.3723,0.9425,0.7954,1.1196,0.9809
267,2018-05-27,22,18-44,96.1429,96.0209,81.9420,113.7528,0.5033,0.4403,0.5773,0.5166
267,2018-05-27,22,45-64,61.0000,57.1980,48.3689,67.4910,0.4937,0.4267,0.5751,0.5122
267,2018-05-27,22,65+,29.8571,28.4638,23.5035,34.2688,0.5291,0.4494,0.6256,0.5505
268,2018-05-28,22,0-5,95.0000,99.2021,85.0031,116.3561,0.9753,0.8152,1.1696,0.9474
268,2018-05-28,22,6-11,123.5714,126.0409,108.1938,147.1284,1.1669,0.9801,1.3829,1.1555
268,2018-05-28,22,12-17,32.5714,33.4116,27.5890,39.8994,0.9375,0.7912,1.1128,0.9337
268,2018-05-28,22,18-44,88.8571,93.3712,79.6052,110.4438,0.5057,0.4412,0.5811,0.4950
268,2018-05-28,22,45-64,57.4286,55.7713,47.0240,65.9029,0.4938,0.4259,0.5755,0.4930
268,2018-05-28,22,65+,28.5714,27.9120,22.9989,33.5408,0.5274,0.4482,0.6225,0.5330
269,2018-05-29,22,0-5,89.4286,93.4604,79.8898,109.5395,0.9881,0.8232,1.1968,0.9496
269,2018-05-29,22,6-11,115.8571,119.8031,103.1263,139.9867,1.1610,0.9765,1.3832,1.1478
269,2018-05-29,22,12-17,31.8571,32.0944,26.6490,38.5951,0.9320,0.7871,1.1021,0.9356
269,2018-05-29,22,18-44,88.2857,90.7718,77.9308,107.2098,0.5081,0.4424,0.5845,0.4949
269,2018-05-29,22,45-64,52.7143,54.1077,45.6537,64.0298,0.4947,0.4258,0.5759,0.4878
269,2018-05-29,22,65+,27.8571,27.2057,22.3567,32.6903,0.5267,0.4470,0.6228,0.5294
270,2018-05-30,22,0-5,83.1429,88.2339,75.5007,103.4673,1.0013,0.8330,1.2068,0.9492
270,2018-05-30,22,6-11,113.0000,113.7028,97.5461,132.9673,1.1497,0.9682,1.3592,1.1688
270,2018-05-30,22,12-17,30.8571,30.7843,25.6055,36.8770,0.9283,0.7862,1.1017,0.9388
270,2018-05-30,22,18-44,87.1429,88.2888,75.8818,104.3054,0.5108,0.4456,0.5877,0.4968
270,2018-05-30,22,45-64,49.2857,52.1319,43.9494,61.6843,0.4970,0.4284,0.5783,0.4835
270,2018-05-30,22,65+,25.4286,26.3196,21.5925,31.6730,0.5280,0.4492,0.6255,0.5160
271,2018-05-31,22,0-5,79.0000,83.8018,71.7661,99.0419,1.0069,0.8420,1.2119,0.9718
271,2018-05-31,22,6-11,111.7143,107.3871,91.6955,125.6983,1.1309,0.9536,1.3425,1.2127
271,2018-05-31,22,12-17,29.7143,29.3066,24.4626,35.2774,0.9230,0.7821,1.0932,0.9581
271,2018-05-31,22,18-44,86.7143,85.4031,73.2724,99.9408,0.5118,0.4459,0.5878,0.5150
271,2018-05-31,22,45-64,49.1429,50.2307,42.3288,59.7533,0.4997,0.4298,0.5826,0.5023
271,2018-05-31,22,65+,25.7143,25.3871,20.6879,30.5576,0.5311,0.4518,0.6293,0.5390
272,2018-06-01,22,0-5,79.2857,79.8908,67.9443,93.9703,1.0056,0.8328,1.2148,1.0142
272,2018-06-01,22,6-11,105.7143,100.7042,86.2042,117.7748,1.1076,0.9368,1.3182,1.2127
272,2018-06-01,22,12-17,29.4286,27.8415,23.1783,33.6732,0.9182,0.7741,1.0909,0.9750
272,2018-06-01,22,18-44,84.4286,82.2437,70.4076,95.8598,0.5102,0.4444,0.5859,0.5222
272,2018-06-01,22,45-64,47.5714,48.5193,40.7751,57.6713,0.5011,0.4312,0.5845,0.5050
272,2018-06-01,22,65+,23.8571,24.3255,19.8568,29.5957,0.5352,0.4548,0.6325,0.5339
273,2018-06-02,22,0-5,78.8571,76.1609,65.0519,89.5566,0.9924,0.8254,1.2029,1.0509
273,2018-06-02,22,6-11,95.1429,93.5568,79.9827,109.3050,1.0930,0.9187,1.2987,1.1827
273,2018-06-02,22,12-17,27.0000,26.4682,21.8503,32.0967,0.9211,0.7750,1.0879,0.9606
273,2018-06-02,22,18-44,83.7143,78.6837,67.3370,91.7952,0.5094,0.4431,0.5860,0.5339
273,2018-06-02,22,45-64,47.8571,46.9954,39.4752,56.0056,0.5055,0.4335,0.5891,0.5189
273,2018-06-02,22,65+,24.1429,23.3521,19.1082,28.3389,0.5428,0.4598,0.6421,0.5534
274,2018-06-03,23,0-5,73.0000,72.7016,62.0884,85.2495,0.9823,0.8120,1.1816,0.9954
274,2018-06-03,23,6-11,85.2857,86.5794,73.9717,102.0634,1.0763,0.9069,1.2839,1.1003
274,2018-06-03,23,12-17,23.7143,25.0758,20.8036,30.7059,0.9232,0.7810,1.0981,0.8727
274,2018-06-03,23,18-44,73.8571,75.1171,64.2044,87.8120,0.5087,0.4422,0.5876,0.4890
274,2018-06-03,23,45-64,40.7143,45.6266,38.5685,54.2937,0.5103,0.4369,0.5971,0.4675
274,2018-06-03,23,65+,20.7143,22.5658,18.5622,27.4601,0.5540,0.4668,0.6579,0.4965
275,2018-06-04,23,0-5,73.4286,69.2078,59.2859,80.6920,0.9648,0.8040,1.1702,1.0513
275,2018-06-04,23,6-11,81.7143,79.8242,68.2517,94.0758,1.0636,0.8969,1.2618,1.1443
275,2018-06-04,23,12-17,23.5714,23.7888,19.6672,29.0749,0.9306,0.7829,1.0998,0.9334
275,2018-06-04,23,18-44,74.4286,71.3727,60.8337,83.3123,0.5094,0.4429,0.5864,0.5242
275,2018-06-04,23,45-64,45.0000,44.4722,37.4346,52.8256,0.5167,0.4416,0.6032,0.5085
275,2018-06-04,23,65+,19.8571,21.9906,18.1525,26.6239,0.5669,0.4760,0.6709,0.5272
276,2018-06-05,23,0-5,70.4286,65.4383,55.8851,76.2808,0.9458,0.7880,1.1419,1.0410
276,2018-06-05,23,6-11,76.7143,73.3042,62.4967,86.0773,1.0580,0.8959,1.2538,1.1357
276,2018-06-05,23,12-17,22.0000,22.6321,18.6500,27.6970,0.9373,0.7905,1.1155,0.9283
276,2018-06-05,23,18-44,67.1429,67.6901,57.6296,79.1131,0.5092,0.4435,0.5857,0.5205
276,2018-06-05,23,45-64,45.1429,43.2421,36.5468,51.2455,0.5216,0.4474,0.6088,0.5135
276,2018-06-05,23,65+,19.7143,21.5479,17.6919,26.3238,0.5788,0.4873,0.6861,0.5384
277,2018-06-06,23,0-5,65.0000,61.3498,52.3531,71.5375,0.9404,0.7861,1.1247,1.0126
277,2018-06-06,23,6-11,68.8571,67.2502,57.1476,78.8526,1.0638,0.8987,1.2604,1.1089
277,2018-06-06,23,12-17,21.7143,21.5347,17.7843,26.2370,0.9510,0.8002,1.1283,0.9532
277,2018-06-06,23,18-44,63.0000,64.0013,54.3437,75.3137,0.5132,0.4469,0.5910,0.5219
277,2018-06-06,23,45-64,44.5714,42.1245,35.3942,50.0185,0.5296,0.4533,0.6182,0.5267
277,2018-06-06,23,65+,21.0000,21.2275,17.3671,25.8906,0.5933,0.4988,0.7059,0.5670
278,2018-06-07,23,0-5,61.8571,57.2214,48.8389,67.1063,0.9407,0.7877,1.1338,1.0118
278,2018-06-07,23,6-11,62.4286,61.7437,52.5894,72.3296,1.0800,0.9138,1.2780,1.0942
278,2018-06-07,23,12-17,21.1429,20.5807,16.8953,24.9065,0.9726,0.8167,1.1527,0.9651
278,2018-06-07,23,18-44,60.8571,60.5724,51.6128,71.5584,0.5218,0.4543,0.6023,0.5236
278,2018-06-07,23,45-64,42.4286,40.8722,34.1200,48.6855,0.5420,0.4645,0.6346,0.5289
278,2018-06-07,23,65+,20.4286,21.1327,17.2364,25.7251,0.6124,0.5150,0.7280,0.5706
279,2018-06-08,23,0-5,52.5714,53.2473,45.3208,62.7309,0.9602,0.7969,1.1567,0.9347
279,2018-06-08,23,6-11,54.4286,56.8595,48.4090,66.6526,1.1055,0.9369,1.3110,1.0399
279,2018-06-08,23,12-17,18.5714,19.7603,16.1225,23.8568,0.9999,0.8396,1.1875,0.9104
279,2018-06-08,23,18-44,57.0000,57.4455,48.9377,67.9922,0.5351,0.4645,0.6161,0.5036
279,2018-06-08,23,45-64,38.1429,39.5584,33.0731,47.2628,0.5573,0.4770,0.6538,0.5141
279,2018-06-08,23,65+,21.2857,21.0293,17.2923,25.5597,0.6309,0.5306,0.7548,0.5765
280,2018-06-09,23,0-5,46.2857,49.6108,42.4390,58.4880,0.9948,0.8269,1.1981,0.9002
280,2018-06-09,23,6-11,50.8571,52.6758,44.7986,61.8666,1.1450,0.9688,1.3603,1.0465
280,2018-06-09,23,12-17,18.0000,19.0602,15.3753,22.9467,1.0365,0.8718,1.2268,0.9274
280,2018-06-09,23,18-44,52.8571,54.5671,46.5452,64.6484,0.5537,0.4810,0.6374,0.5035
280,2018-06-09,23,45-64,37.0000,38.3083,32.0995,45.8004,0.5766,0.4941,0.6736,0.5212
280,2018-06-09,23,65+,21.1429,20.9795,17.1881,25.5061,0.6510,0.5487,0.7779,0.5894
281,2018-06-10,24,0-5,44.2857,46.7377,39.5578,54.6545,1.0372,0.8640,1.2499,0.9343
281,2018-06-10,24,6-11,49.2857,49.1930,41.6298,58.0399,1.1906,1.0109,1.4154,1.1007
281,2018-06-10,24,12-17,18.2857,18.4022,14.8647,22.3049,1.0767,0.9050,1.2808,0.9907
281,2018-06-10,24,18-44,50.7143,51.7560,44.0855,61.6833,0.5764,0.5010,0.6670,0.5293
281,2018-06-10,24,45-64,37.7143,37.1387,31.4018,44.4701,0.5997,0.5139,0.7031,0.5531
281,2018-06-10,24,65+,21.5714,20.7544,16.9446,25.1826,0.6733,0.5670,0.7997,0.6270
282,2018-06-11,24,0-5,41.4286,44.1979,37.3360,52.0365,1.0914,0.9079,1.3197,0.9328
282,2018-06-11,24,6-11,45.7143,46.4691,39.2264,54.6493,1.2500,1.0600,1.4884,1.0930
282,2018-06-11,24,12-17,17.4286,17.8339,14.4554,21.8208,1.1200,0.9443,1.3381,0.9766
282,2018-06-11,24,18-44,46.2857,49.3538,41.9195,59.0452,0.6051,0.5255,0.6986,0.5186
282,2018-06-11,24,45-64,33.7143,36.2412,30.6204,43.4516,0.6272,0.5376,0.7379,0.5392
282,2018-06-11,24,65+,21.4286,20.4952,16.8087,24.9548,0.6979,0.5868,0.8316,0.6247
283,2018-06-12,24,0-5,38.4286,42.3212,35.4653,50.0620,1.1531,0.9580,1.3912,0.9396
283,2018-06-12,24,6-11,41.2857,44.2304,37.2839,52.2032,1.3142,1.1135,1.5615,1.0866
283,2018-06-12,24,12-17,16.8571,17.3765,14.1678,21.2233,1.1660,0.9843,1.3847,0.9922
283,2018-06-12,24,18-44,44.4286,47.2685,39.9879,56.4564,0.6337,0.5512,0.7303,0.5265
283,2018-06-12,24,45-64,32.5714,35.6644,29.9523,42.6125,0.6563,0.5620,0.7685,0.5498
283,2018-06-12,24,65+,21.2857,20.1035,16.5152,24.4917,0.7229,0.6095,0.8594,0.6402
284,2018-06-13,24,0-5,39.7143,40.9953,34.2645,48.7707,1.2176,1.0094,1.4522,1.0238
284,2018-06-13,24,6-11,41.4286,42.5583,35.8306,50.4387,1.3740,1.1712,1.6318,1.1620
284,2018-06-13,24,12-17,16.5714,17.0559,13.8381,20.9603,1.2042,1.0188,1.4341,1.0359
284,2018-06-13,24,18-44,44.0000,45.7371,38.2817,54.4847,0.6613,0.5749,0.7627,0.5573
284,2018-06-13,24,45-64,33.4286,35.2037,29.6147,42.4555,0.6821,0.5824,0.7990,0.5749
284,2018-06-13,24,65+,19.4286,19.6685,16.1031,23.9574,0.7457,0.6275,0.8834,0.6464
285,2018-06-14,24,0-5,39.4286,40.3041,33.6099,48.0832,1.2675,1.0512,1.5217,1.0858
285,2018-06-14,24,6-11,40.7143,41.5415,34.8780,49.5423,1.4290,1.2133,1.6823,1.2298
285,2018-06-14,24,12-17,16.8571,16.8305,13.7116,20.6573,1.2332,1.0437,1.4689,1.1031
285,2018-06-14,24,18-44,44.8571,44.3141,37.2114,52.6880,0.6845,0.5941,0.7871,0.5952
285,2018-06-14,24,45-64,34.2857,35.0480,29.3088,42.2169,0.7026,0.6000,0.8231,0.6152
285,2018-06-14,24,65+,20.0000,19.1877,15.5437,23.4056,0.7630,0.6436,0.9051,0.6914
286,2018-06-15,24,0-5,40.0000,40.1095,33.5356,47.8534,1.3019,1.0829,1.5693,1.1322
286,2018-06-15,24,6-11,39.2857,40.9800,34.6621,49.2816,1.4682,1.2489,1.7352,1.2543
286,2018-06-15,24,12-17,16.1429,16.5722,13.4762,20.4284,1.2511,1.0536,1.4878,1.1181
286,2018-06-15,24,18-44,42.8571,43.4404,36.3311,51.7600,0.6974,0.6051,0.8029,0.6131
286,2018-06-15,24,45-64,36.1429,34.9154,29.0925,42.1451,0.7123,0.6079,0.8348,0.6384
286,2018-06-15,24,65+,19.4286,18.6762,15.1114,22.9796,0.7711,0.6520,0.9170,0.7093
287,2018-06-16,24,0-5,40.8571,40.3047,33.7849,48.3792,1.3144,1.0942,1.5803,1.1811
287,2018-06-16,24,6-11,40.4286,40.8813,34.6839,49.0118,1.4862,1.2587,1.7467,1.3176
287,2018-06-16,24,12-17,16.7143,16.4326,13.3712,20.3442,1.2486,1.0525,1.4797,1.1641
287,2018-06-16,24,18-44,42.8571,42.9202,35.7961,50.8238,0.6983,0.6077,0.8035,0.6285
287,2018-06-16,24,45-64,36.2857,34.8816,28.8558,42.1717,0.7101,0.6087,0.8323,0.6444
287,2018-06-16,24,65+,16.8571,18.2792,14.8350,22.4381,0.7734,0.6527,0.9182,0.6845
288,2018-06-17,25,0-5,42.1429,40.6939,34.1418,48.7468,1.3155,1.0925,1.5813,1.2612
288,2018-06-17,25,6-11,42.8571,41.0325,34.6508,49.1161,1.4766,1.2481,1.7493,1.4391
288,2018-06-17,25,12-17,17.7143,16.3371,13.2003,20.1247,1.2306,1.0372,1.4665,1.2668
288,2018-06-17,25,18-44,45.7143,42.6202,35.5238,50.5960,0.6897,0.5997,0.7934,0.6869
288,2018-06-17,25,45-64,39.1429,34.8457,28.7818,41.8962,0.6971,0.5968,0.8160,0.7110
288,2018-06-17,25,65+,19.2857,17.9625,14.5142,22.1826,0.7647,0.6456,0.9056,0.7705
289,2018-06-18,25,0-5,40.1429,41.2368,34.3578,49.4204,1.2962,1.0813,1.5562,1.2104
289,2018-06-18,25,6-11,41.4286,41.4624,34.8100,49.4371,1.4526,1.2299,1.7243,1.3951
289,2018-06-18,25,12-17,17.2857,16.2601,13.1034,20.0807,1.2055,1.0181,1.4320,1.2244
289,2018-06-18,25,18-44,44.2857,42.5724,35.4543,50.2878,0.6731,0.5864,0.7743,0.6601
289,2018-06-18,25,45-64,37.2857,34.6581,28.6974,41.8359,0.6782,0.5811,0.7899,0.6797
289,2018-06-18,25,65+,17.8571,17.8318,14.3853,22.0228,0.7498,0.6322,0.8909,0.7293
290,2018-06-19,25,0-5,43.8571,41.7414,34.8151,50.1353,1.2660,1.0500,1.5267,1.2962
290,2018-06-19,25,6-11,43.5714,41.7968,35.0215,49.9909,1.4198,1.2069,1.6804,1.4562
290,2018-06-19,25,12-17,17.4286,16.1965,13.0132,20.0197,1.1807,0.9930,1.4027,1.2323
290,2018-06-19,25,18-44,45.5714,42.5770,35.6256,50.4089,0.6548,0.5695,0.7527,0.6759
290,2018-06-19,25,45-64,36.2857,34.2707,28.5723,41.1684,0.6577,0.5619,0.7652,0.6821
290,2018-06-19,25,65+,17.8571,17.8947,14.4482,22.0213,0.7330,0.6173,0.8698,0.7328
291,2018-06-20,25,0-5,44.0000,42.2270,35.3328,50.7428,1.2310,1.0223,1.4872,1.2820
291,2018-06-20,25,6-11,43.8571,42.0551,35.0868,50.2007,1.3761,1.1636,1.6317,1.4445
291,2018-06-20,25,12-17,16.2857,16.1383,12.9219,19.9441,1.1538,0.9728,1.3767,1.1789
291,2018-06-20,25,18-44,43.8571,42.7289,35.9263,50.7966,0.6335,0.5517,0.7281,0.6637
291,2018-06-20,25,45-64,35.4286,33.6113,28.2396,40.3806,0.6342,0.5436,0.7411,0.6731
291,2018-06-20,25,65+,19.2857,18.0960,14.5688,22.1008,0.7125,0.5994,0.8461,0.7484
292,2018-06-21,25,0-5,42.4286,42.4861,35.5597,50.7387,1.1881,0.9875,1.4348,1.2336
292,2018-06-21,25,6-11,44.0000,41.8887,34.9527,50.2542,1.3374,1.1288,1.5923,1.4257
292,2018-06-21,25,12-17,16.1429,16.1084,12.9210,19.8962,1.1324,0.9525,1.3519,1.1673
292,2018-06-21,25,18-44,42.5714,42.8328,36.0188,51.0698,0.6137,0.5337,0.7073,0.6494
292,2018-06-21,25,45-64,35.2857,32.8197,27.3974,39.3049,0.6139,0.5271,0.7188,0.6627
292,2018-06-21,25,65+,18.8571,18.3196,14.7891,22.3433,0.6952,0.5840,0.8280,0.7348
293,2018-06-22,25,0-5,42.5714,42.4332,35.3970,50.6203,1.1446,0.9472,1.3843,1.2192
293,2018-06-22,25,6-11,42.5714,41.6333,34.6086,49.8759,1.2986,1.0968,1.5388,1.3761
293,2018-06-22,25,12-17,15.4286,16.1873,12.9944,20.0180,1.1139,0.9376,1.3269,1.1198
293,2018-06-22,25,18-44,42.0000,42.8307,36.0714,51.4749,0.5973,0.5183,0.6869,0.6274
293,2018-06-22,25,45-64,32.8571,31.9672,26.6364,38.4058,0.5981,0.5118,0.6985,0.6319
293,2018-06-22,25,65+,17.7143,18.5296,15.0518,22.5037,0.6806,0.5706,0.8135,0.6970
294,2018-06-23,25,0-5,42.0000,41.9570,34.9865,50.0042,1.1001,0.9094,1.3229,1.2107
294,2018-06-23,25,6-11,41.4286,41.0386,34.3435,48.8503,1.2706,1.0670,1.5051,1.3577
294,2018-06-23,25,12-17,15.8571,16.1371,13.0753,20.0477,1.0983,0.9216,1.3135,1.1305
294,2018-06-23,25,18-44,42.7143,42.9168,36.0264,51.3757,0.5820,0.5056,0.6707,0.6232
294,2018-06-23,25,45-64,29.8571,31.0064,25.8535,37.5562,0.5845,0.5006,0.6814,0.6244
294,2018-06-23,25,65+,19.1429,18.6420,15.2191,22.7445,0.6676,0.5603,0.7957,0.7123
295,2018-06-24,26,0-5,44.0000,40.8582,34.2109,48.6600,1.0589,0.8758,1.2827,1.2464
295,2018-06-24,26,6-11,40.1429,40.3049,33.7912,47.7051,1.2437,1.0502,1.4800,1.3410
295,2018-06-24,26,12-17,16.1429,16.1280,13.0844,19.9545,1.0832,0.9094,1.2979,1.1418
295,2018-06-24,26,18-44,42.4286,42.8000,35.8551,50.7699,0.5713,0.4965,0.6607,0.6224
295,2018-06-24,26,45-64,28.7143,29.9270,24.8657,36.3314,0.5753,0.4938,0.6727,0.6176
295,2018-06-24,26,65+,18.4286,18.6767,15.2697,22.7497,0.6582,0.5521,0.7890,0.6993
296,2018-06-25,26,0-5,42.2857,39.3490,32.8955,46.6454,1.0262,0.8489,1.2378,1.2078
296,2018-06-25,26,6-11,40.2857,39.2127,32.8084,46.4604,1.2318,1.0318,1.4574,1.3430
296,2018-06-25,26,12-17,15.8571,16.0800,13.0477,19.8059,1.0711,0.8970,1.2735,1.1354
296,2018-06-25,26,18-44,40.7143,42.3651,35.4238,50.2892,0.5641,0.4888,0.6506,0.6154
296,2018-06-25,26,45-64,28.2857,28.8035,23.9072,35.0458,0.5698,0.4881,0.6637,0.6177
296,2018-06-25,26,65+,19.1429,18.5963,15.0432,22.7690,0.6542,0.5473,0.7820,0.7129
297,2018-06-26,26,0-5,36.5714,37.4419,31.3260,44.3096,0.9990,0.8264,1.2127,1.1029
297,2018-06-26,26,6-11,38.5714,38.0456,31.8228,45.4244,1.2226,1.0248,1.4531,1.3056
297,2018-06-26,26,12-17,15.5714,15.8907,12.9414,19.5955,1.0592,0.8853,1.2631,1.1217
297,2018-06-26,26,18-44,40.7143,41.7695,35.0031,49.4722,0.5590,0.4834,0.6455,0.5991
297,2018-06-26,26,45-64,27.0000,27.7220,22.9317,33.8645,0.5663,0.4841,0.6601,0.6073
297,2018-06-26,26,65+,18.8571,18.4139,14.9125,22.5971,0.6515,0.5449,0.7786,0.7029
298,2018-06-27,26,0-5,34.0000,35.1711,29.3309,41.7322,0.9799,0.8129,1.1809,1.0717
298,2018-06-27,26,6-11,37.8571,36.8675,30.9516,44.2881,1.2289,1.0371,1.4613,1.3027
298,2018-06-27,26,12-17,16.1429,15.6147,12.6272,19.2388,1.0462,0.8789,1.2526,1.1483
298,2018-06-27,26,18-44,40.5714,40.9135,34.1585,48.5022,0.5576,0.4839,0.6441,0.5956
298,2018-06-27,26,45-64,26.2857,26.7690,22.1448,32.3162,0.5659,0.4864,0.6585,0.6021
298,2018-06-27,26,65+,17.4286,18.1422,14.6319,22.2576,0.6515,0.5480,0.7740,0.6807
299,2018-06-28,26,0-5,35.1429,32.9228,27.2547,39.1653,0.9686,0.8042,1.1651,1.1203
299,2018-06-28,26,6-11,35.4286,35.8055,30.0800,42.7793,1.2398,1.0432,1.4846,1.2831
299,2018-06-28,26,12-17,16.2857,15.2110,12.2225,18.7336,1.0342,0.8669,1.2394,1.1658
299,2018-06-28,26,18-44,39.8571,39.9837,33.4857,47.4902,0.5586,0.4830,0.6469,0.6061
299,2018-06-28,26,45-64,26.1429,25.8112,21.3941,31.1820,0.5675,0.4862,0.6638,0.6147
299,2018-06-28,26,65+,18.1429,17.7764,14.3137,21.8369,0.6542,0.5494,0.7832,0.7054
300,2018-06-29,26,0-5,31.1429,30.5853,25.3340,36.5404,0.9634,0.8006,1.1557,1.0554
300,2018-06-29,26,6-11,33.5714,34.9725,29.4173,41.8268,1.2691,1.0679,1.5013,1.2512
300,2018-06-29,26,12-17,17.1429,14.6773,11.7834,18.0079,1.0292,0.8602,1.2268,1.1874
300,2018-06-29,26,18-44,38.7143,38.8398,32.4200,46.3064,0.5630,0.4872,0.6506,0.5897
300,2018-06-29,26,45-64,24.4286,24.9627,20.5822,30.1994,0.5727,0.4895,0.6706,0.5989
300,2018-06-29,26,65+,17.1429,17.3237,14.0275,21.3400,0.6605,0.5526,0.7899,0.6818
301,2018-06-30,26,0-5,28.7143,28.3410,23.3751,33.8886,0.9705,0.8036,1.1624,1.0233
301,2018-06-30,26,6-11,32.1429,34.2835,28.6831,41.0438,1.3075,1.0943,1.5513,1.2264
301,2018-06-30,26,12-17,14.5714,14.0716,11.2849,17.4077,1.0306,0.8640,1.2346,1.0811
301,2018-06-30,26,18-44,36.7143,37.6690,31.4490,45.2442,0.5723,0.4944,0.6619,0.5749
301,2018-06-30,26,45-64,23.7143,24.2755,19.9908,29.2701,0.5826,0.4977,0.6820,0.5856
301,2018-06-30,26,65+,17.0000,16.9090,13.7360,20.8342,0.6708,0.5595,0.8044,0.6788
302,2018-07-01,27,0-5,25.1429,26.3045,21.6856,31.4355,0.9829,0.8178,1.1811,0.9818
302,2018-07-01,27,6-11,32.2857,33.8925,28.1907,40.7523,1.3487,1.1349,1.6122,1.2536
302,2018-07-01,27,12-17,13.5714,13.3770,10.7596,16.6717,1.0414,0.8747,1.2370,1.0625
302,2018-07-01,27,18-44,35.7143,36.5095,30.3274,43.8741,0.5847,0.5064,0.6771,0.5766
302,2018-07-01,27,45-64,23.7143,23.6412,19.4459,28.6816,0.5956,0.5096,0.6974,0.5920
302,2018-07-01,27,65+,16.7143,16.4684,13.3791,20.2542,0.6837,0.5724,0.8216,0.6871
303,2018-07-02,27,0-5,23.0000,24.4166,20.0290,29.1093,1.0047,0.8396,1.2065,0.9689
303,2018-07-02,27,6-11,32.5714,33.9161,28.0783,40.7248,1.4054,1.1707,1.6805,1.2747
303,2018-07-02,27,12-17,11.8571,12.7264,10.0905,15.8977,1.0598,0.8938,1.2644,0.9933
303,2018-07-02,27,18-44,35.1429,35.3103,29.5783,42.4419,0.6016,0.5196,0.6963,0.5655
303,2018-07-02,27,45-64,20.7143,23.1698,19.1009,28.0813,0.6133,0.5237,0.7196,0.5685
303,2018-07-02,27,65+,16.1429,15.9947,13.0053,19.7153,0.7026,0.5857,0.8410,0.6693
304,2018-07-03,27,0-5,22.5714,22.7699,18.6168,27.2016,1.0314,0.8572,1.2394,0.9917
304,2018-07-03,27,6-11,33.5714,34.2155,28.3474,40.8106,1.4527,1.2160,1.7279,1.3187
304,2018-07-03,27,12-17,11.5714,12.1183,9.5316,15.2264,1.0881,0.9170,1.2971,1.0169
304,2018-07-03,27,18-44,32.4286,34.1053,28.6246,40.9489,0.6187,0.5339,0.7167,0.5722
304,2018-07-03,27,45-64,21.8571,22.8658,18.7673,27.7949,0.6325,0.5396,0.7416,0.5780
304,2018-07-03,27,65+,14.5714,15.6069,12.6048,19.3407,0.7234,0.6035,0.8655,0.6593
305,2018-07-04,27,0-5,20.5714,21.3521,17.4459,25.7441,1.0552,0.8804,1.2705,0.9910
305,2018-07-04,27,6-11,33.0000,34.7712,28.8575,41.4462,1.4917,1.2553,1.7898,1.3380
305,2018-07-04,27,12-17,11.0000,11.5510,9.0709,14.5057,1.1214,0.9426,1.3373,1.0347
305,2018-07-04,27,18-44,32.7143,33.0465,27.4580,39.3594,0.6342,0.5479,0.7331,0.5893
305,2018-07-04,27,45-64,21.8571,22.6645,18.5276,27.4387,0.6503,0.5552,0.7623,0.5997
305,2018-07-04,27,65+,14.8571,15.2290,12.2906,18.9301,0.7415,0.6187,0.8872,0.6887
306,2018-07-05,27,0-5,19.8571,20.2340,16.5535,24.5221,1.0862,0.9032,1.3082,1.0197
306,2018-07-05,27,6-11,35.1429,35.5181,29.5885,42.6019,1.5342,1.2855,1.8288,1.4132
306,2018-07-05,27,12-17,10.2857,11.1674,8.6756,14.0616,1.1550,0.9718,1.3733,1.0398
306,2018-07-05,27,18-44,32.5714,31.9694,26.5059,38.2761,0.6500,0.5615,0.7509,0.6054
306,2018-07-05,27,45-64,21.7143,22.4856,18.5168,27.3813,0.6689,0.5688,0.7843,0.6108
306,2018-07-05,27,65+,14.1429,14.8802,11.9442,18.4653,0.7617,0.6353,0.9083,0.6929
307,2018-07-06,27,0-5,17.1429,19.3702,15.8989,23.6952,1.1132,0.9267,1.3401,0.9762
307,2018-07-06,27,6-11,37.4286,36.6403,30.5977,43.6854,1.5554,1.3061,1.8632,1.4689
307,2018-07-06,27,12-17,9.5714,10.8383,8.4954,13.6922,1.1879,0.9987,1.4112,1.0410
307,2018-07-06,27,18-44,31.5714,31.0948,25.7073,37.3166,0.6612,0.5724,0.7636,0.6104
307,2018-07-06,27,45-64,22.2857,22.5102,18.4869,27.3789,0.6822,0.5819,0.8024,0.6225
307,2018-07-06,27,65+,13.7143,14.6148,11.6892,18.2403,0.7741,0.6489,0.9277,0.7011
308,2018-07-07,27,0-5,17.5714,18.8147,15.4098,23.2042,1.1375,0.9454,1.3649,1.0210
308,2018-07-07,27,6-11,38.7143,37.7313,31.5277,45.1723,1.5697,1.3160,1.8877,1.4994
308,2018-07-07,27,12-17,10.2857,10.6980,8.3795,13.5059,1.2159,1.0229,1.4586,1.1033
308,2018-07-07,27,18-44,30.7143,30.2681,25.1532,36.3697,0.6695,0.5810,0.7726,0.6206
308,2018-07-07,27,45-64,22.4286,22.5853,18.7042,27.5146,0.6929,0.5919,0.8114,0.6300
308,2018-07-07,27,65+,12.7143,14.4476,11.4628,18.0135,0.7854,0.6586,0.9394,0.6925
309,2018-07-08,28,0-5,17.7143,18.5083,15.1680,22.7645,1.1562,0.9562,1.3981,1.0640
309,2018-07-08,28,6-11,41.2857,38.9645,32.5033,46.4025,1.5792,1.3306,1.8891,1.5601
309,2018-07-08,28,12-17,10.2857,10.7212,8.3679,13.4939,1.2388,1.0403,1.4827,1.1329
309,2018-07-08,28,18-44,30.2857,29.5447,24.7483,35.5831,0.6733,0.5853,0.7772,0.6402
309,2018-07-08,28,45-64,22.2857,22.8094,18.7994,27.8243,0.6957,0.5958,0.8169,0.6544
309,2018-07-08,28,65+,14.5714,14.3694,11.3472,17.7551,0.7866,0.6590,0.9406,0.7518
310,2018-07-09,28,0-5,18.8571,18.4151,15.0851,22.6435,1.1651,0.9629,1.4123,1.1317
310,2018-07-09,28,6-11,40.8571,40.1818,33.3139,47.9182,1.5782,1.3221,1.8763,1.5557
310,2018-07-09,28,12-17,11.8571,10.8140,8.5042,13.7019,1.2515,1.0489,1.5005,1.2564
310,2018-07-09,28,18-44,30.4286,29.1025,24.1942,35.0785,0.6704,0.5802,0.7749,0.6715
310,2018-07-09,28,45-64,24.8571,23.0499,18.9525,28.1687,0.6904,0.5883,0.8122,0.6973
310,2018-07-09,28,65+,14.5714,14.3244,11.4027,17.7430,0.7793,0.6510,0.9329,0.7828
311,2018-07-10,28,0-5,19.1429,18.5751,15.1173,22.7512,1.1640,0.9629,1.4057,1.1512
311,2018-07-10,28,6-11,41.4286,41.4535,34.2014,49.6391,1.5579,1.3175,1.8637,1.5480
311,2018-07-10,28,12-17,11.5714,11.0623,8.6583,13.9982,1.2560,1.0540,1.5017,1.2347
311,2018-07-10,28,18-44,30.4286,28.9228,23.9681,34.9811,0.6616,0.5733,0.7645,0.6736
311,2018-07-10,28,45-64,24.7143,23.2431,19.2200,28.5057,0.6780,0.5783,0.7957,0.7012
311,2018-07-10,28,65+,15.8571,14.3383,11.4330,17.8282,0.7640,0.6388,0.9164,0.8099
312,2018-07-11,28,0-5,20.4286,18.7990,15.3274,23.1580,1.1580,0.9568,1.3978,1.1774
312,2018-07-11,28,6-11,43.0000,42.6965,35.4979,50.8148,1.5482,1.3022,1.8482,1.5434
312,2018-07-11,28,12-17,11.4286,11.4449,8.9514,14.4748,1.2603,1.0559,1.5104,1.2083
312,2018-07-11,28,18-44,28.4286,28.9463,23.8331,35.0079,0.6515,0.5647,0.7511,0.6606
312,2018-07-11,28,45-64,25.5714,23.4339,19.3902,28.6977,0.6629,0.5648,0.7757,0.6867
312,2018-07-11,28,65+,15.0000,14.3799,11.5536,17.8995,0.7451,0.6232,0.8888,0.7802
313,2018-07-12,28,0-5,19.8571,19.1244,15.4689,23.5548,1.1456,0.9544,1.3914,1.1479
313,2018-07-12,28,6-11,43.0000,43.8059,36.4598,51.9608,1.5389,1.2883,1.8339,1.5171
313,2018-07-12,28,12-17,11.4286,11.9778,9.3649,15.1872,1.2639,1.0589,1.5062,1.1961
313,2018-07-12,28,18-44,28.5714,29.2235,24.0749,35.3858,0.6406,0.5559,0.7383,0.6539
313,2018-07-12,28,45-64,25.5714,23.5120,19.3410,28.8173,0.6466,0.5513,0.7544,0.6834
313,2018-07-12,28,65+,15.5714,14.4242,11.6104,17.9303,0.7252,0.6060,0.8652,0.7849
314,2018-07-13,28,0-5,20.7143,19.4740,15.7129,23.9748,1.1373,0.9441,1.3717,1.1816
314,2018-07-13,28,6-11,44.4286,44.8065,37.9661,53.1524,1.5207,1.2744,1.8240,1.5385
314,2018-07-13,28,12-17,11.7143,12.6215,9.9397,15.9547,1.2623,1.0602,1.5159,1.1986
314,2018-07-13,28,18-44,30.4286,29.5977,24.2929,35.7244,0.6294,0.5476,0.7245,0.6584
314,2018-07-13,28,45-64,24.4286,23.3084,18.9684,28.7301,0.6302,0.5413,0.7340,0.6739
314,2018-07-13,28,65+,15.2857,14.4176,11.5829,17.9808,0.7048,0.5910,0.8414,0.7683
315,2018-07-14,28,0-5,19.7143,19.7459,15.9818,24.2703,1.1316,0.9403,1.3636,1.1370
315,2018-07-14,28,6-11,46.2857,45.9209,38.8063,54.0503,1.4991,1.2637,1.7908,1.5523
315,2018-07-14,28,12-17,12.7143,13.3451,10.5622,16.7965,1.2578,1.0581,1.5110,1.2354
315,2018-07-14,28,18-44,30.5714,30.1094,24.7395,36.2377,0.6195,0.5393,0.7154,0.6519
315,2018-07-14,28,45-64,23.8571,22.9597,18.6162,28.0735,0.6165,0.5302,0.7166,0.6692
315,2018-07-14,28,65+,15.7143,14.4134,11.5398,17.9699,0.6887,0.5796,0.8226,0.7684
316,2018-07-15,29,0-5,19.4286,20.1002,16.1780,24.5615,1.1289,0.9331,1.3650,1.0950
316,2018-07-15,29,6-11,45.4286,46.8080,39.5832,55.2776,1.4706,1.2355,1.7570,1.4859
316,2018-07-15,29,12-17,14.5714,14.1522,11.2802,17.6302,1.2450,1.0409,1.4939,1.2787
316,2018-07-15,29,18-44,29.4286,30.6838,25.1633,37.0945,0.6118,0.5325,0.7050,0.6199
316,2018-07-15,29,45-64,22.7143,22.5054,18.3636,27.4359,0.6053,0.5211,0.7054,0.6297
316,2018-07-15,29,65+,13.2857,14.3744,11.5391,17.8320,0.6779,0.5698,0.8103,0.6894
317,2018-07-16,29,0-5,20.0000,20.4546,16.5307,25.0217,1.1245,0.9302,1.3562,1.1250
317,2018-07-16,29,6-11,47.7143,47.4593,40.1632,56.2343,1.4385,1.2119,1.7192,1.5254
317,2018-07-16,29,12-17,14.8571,14.8587,11.9030,18.4650,1.2260,1.0184,1.4736,1.2726
317,2018-07-16,29,18-44,31.0000,31.2252,25.5620,37.6398,0.6054,0.5251,0.6994,0.6289
317,2018-07-16,29,45-64,22.1429,22.0170,18.0045,26.6681,0.5985,0.5125,0.6983,0.6294
317,2018-07-16,29,65+,13.1429,14.3024,11.4579,17.8206,0.6722,0.5619,0.8037,0.6875
318,2018-07-17,29,0-5,21.1429,20.8322,16.9665,25.3520,1.1157,0.9243,1.3418,1.1541
318,2018-07-17,29,6-11,47.5714,47.7139,40.2967,56.5618,1.4020,1.1886,1.6753,1.4989
318,2018-07-17,29,12-17,15.5714,15.5105,12.3911,19.4188,1.2012,1.0022,1.4405,1.2563
318,2018-07-17,29,18-44,31.7143,31.6932,26.0381,38.2606,0.5985,0.5207,0.6910,0.6171
318,2018-07-17,29,45-64,19.8571,21.5333,17.6012,26.1398,0.5919,0.5083,0.6898,0.6029
318,2018-07-17,29,65+,12.7143,14.2146,11.4056,17.7281,0.6677,0.5608,0.8006,0.6609
319,2018-07-18,29,0-5,20.8571,21.1368,17.1987,25.8175,1.1068,0.9156,1.3366,1.1446
319,2018-07-18,29,6-11,49.2857,47.6012,40.1164,56.0510,1.3668,1.1512,1.6264,1.5229
319,2018-07-18,29,12-17,16.1429,15.9259,12.7428,20.0796,1.1596,0.9704,1.3922,1.2659
319,2018-07-18,29,18-44,32.4286,32.0511,26.5580,38.5660,0.5917,0.5148,0.6838,0.6245
319,2018-07-18,29,45-64,19.7143,21.1511,17.2474,25.6318,0.5862,0.5028,0.6841,0.6149
319,2018-07-18,29,65+,14.0000,14.1880,11.3803,17.6171,0.6637,0.5572,0.7963,0.6958
320,2018-07-19,29,0-5,20.8571,21.3628,17.4640,26.2175,1.0965,0.9082,1.3281,1.1287
320,2018-07-19,29,6-11,48.7143,46.9949,39.6257,55.3626,1.3363,1.1274,1.5878,1.4862
320,2018-07-19,29,12-17,16.5714,16.1046,12.9540,20.2438,1.1218,0.9374,1.3409,1.2513
320,2018-07-19,29,18-44,32.5714,32.3976,26.8504,39.0221,0.5862,0.5086,0.6756,0.6141
320,2018-07-19,29,45-64,19.4286,20.9104,16.9262,25.4420,0.5814,0.4996,0.6781,0.6031
320,2018-07-19,29,65+,13.4286,14.1429,11.3559,17.5922,0.6608,0.5560,0.7915,0.6766
321,2018-07-20,29,0-5,21.8571,21.6544,17.5677,26.3878,1.0843,0.8980,1.3146,1.1477
321,2018-07-20,29,6-11,47.4286,46.0286,38.9048,54.3018,1.3037,1.0952,1.5521,1.4530
321,2018-07-20,29,12-17,17.7143,16.0595,12.9076,20.0671,1.0768,0.9022,1.2914,1.2786
321,2018-07-20,29,18-44,32.0000,32.7150,27.1266,39.3898,0.5789,0.5025,0.6693,0.6153
321,2018-07-20,29,45-64,19.7143,20.8131,16.8928,25.4624,0.5758,0.4945,0.6735,0.6110
321,2018-07-20,29,65+,14.4286,14.0800,11.3111,17.6359,0.6550,0.5495,0.7835,0.7008
322,2018-07-21,29,0-5,21.7143,21.7533,17.6440,26.4529,1.0716,0.8894,1.3039,1.1368
322,2018-07-21,29,6-11,44.4286,44.6410,37.8392,52.8378,1.2727,1.0743,1.5189,1.3993
322,2018-07-21,29,12-17,17.8571,15.6895,12.6929,19.6194,1.0376,0.8713,1.2383,1.2713
322,2018-07-21,29,18-44,32.8571,32.7609,27.3346,39.4562,0.5719,0.4962,0.6600,0.6190
322,2018-07-21,29,45-64,20.8571,20.8427,16.9526,25.4917,0.5706,0.4882,0.6676,0.6218
322,2018-07-21,29,65+,14.5714,14.0123,11.3018,17.5059,0.6472,0.5426,0.7743,0.7102
323,2018-07-22,30,0-5,22.2857,21.8680,17.7277,26.4374,1.0607,0.8793,1.2808,1.1571
323,2018-07-22,30,6-11,43.2857,43.0305,36.5008,51.2617,1.2507,1.0476,1.4930,1.3863
323,2018-07-22,30,12-17,15.5714,15.1046,12.1060,18.7835,1.0015,0.8417,1.1964,1.1645
323,2018-07-22,30,18-44,34.4286,32.7895,27.3777,39.2107,0.5660,0.4895,0.6535,0.6207
323,2018-07-22,30,45-64,20.7143,20.9237,17.0986,25.5712,0.5651,0.4825,0.6609,0.6166
323,2018-07-22,30,65+,14.7143,13.9212,11.1446,17.2756,0.6381,0.5349,0.7618,0.7103
324,2018-07-23,30,0-5,22.2857,21.7722,17.7039,26.3908,1.0483,0.8650,1.2598,1.1353
324,2018-07-23,30,6-11,40.4286,41.2920,34.7383,49.0431,1.2293,1.0332,1.4633,1.3258
324,2018-07-23,30,12-17,14.2857,14.2801,11.4340,17.7230,0.9719,0.8171,1.1651,1.0937
324,2018-07-23,30,18-44,33.2857,32.5925,27.3003,38.8989,0.5592,0.4838,0.6453,0.6007
324,2018-07-23,30,45-64,20.0000,21.0752,17.2784,25.6880,0.5600,0.4782,0.6552,0.5969
324,2018-07-23,30,65+,14.8571,13.7097,10.9974,17.0264,0.6278,0.5255,0.7538,0.6989
325,2018-07-24,30,0-5,20.8571,21.6066,17.5121,26.2997,1.0371,0.8556,1.2520,1.0863
325,2018-07-24,30,6-11,40.5714,39.4728,33.2709,47.0045,1.2103,1.0145,1.4434,1.3413
325,2018-07-24,30,12-17,13.5714,13.3708,10.7494,16.6038,0.9498,0.7960,1.1325,1.0905
325,2018-07-24,30,18-44,32.1429,32.2311,26.8879,38.4330,0.5541,0.4782,0.6419,0.6017
325,2018-07-24,30,45-64,21.8571,21.2270,17.4033,25.7826,0.5571,0.4742,0.6538,0.6101
325,2018-07-24,30,65+,14.5714,13.3657,10.8033,16.5678,0.6213,0.5176,0.7449,0.7046
326,2018-07-25,30,0-5,20.0000,21.3417,17.3910,25.9273,1.0224,0.8442,1.2455,1.0629
326,2018-07-25,30,6-11,37.2857,37.5885,31.5408,44.7125,1.1868,0.9996,1.4155,1.2936
326,2018-07-25,30,12-17,13.2857,12.4120,10.0086,15.4171,0.9328,0.7850,1.1119,1.0834
326,2018-07-25,30,18-44,32.8571,31.5785,26.2375,37.6727,0.5496,0.4748,0.6382,0.5934
326,2018-07-25,30,45-64,21.0000,21.2988,17.3650,25.8426,0.5551,0.4729,0.6533,0.5961
326,2018-07-25,30,65+,13.2857,12.9750,10.3620,16.1100,0.6174,0.5150,0.7383,0.6703
327,2018-07-26,30,0-5,20.5714,20.9372,17.1902,25.5063,1.0070,0.8331,1.2237,1.0883
327,2018-07-26,30,6-11,36.0000,35.6370,29.9578,42.5207,1.1737,0.9777,1.4115,1.2914
327,2018-07-26,30,12-17,12.5714,11.4575,9.2270,14.3669,0.9262,0.7779,1.1111,1.0683
327,2018-07-26,30,18-44,32.0000,30.6721,25.4370,36.7282,0.5491,0.4728,0.6369,0.5934
327,2018-07-26,30,45-64,20.7143,21.2974,17.4133,25.8766,0.5585,0.4741,0.6588,0.5937
327,2018-07-26,30,65+,13.0000,12.5373,9.9988,15.4879,0.6186,0.5177,0.7451,0.6673
328,2018-07-27,30,0-5,21.0000,20.4096,16.7462,24.6418,0.9934,0.8212,1.2099,1.0886
328,2018-07-27,30,6-11,33.4286,33.6406,28.2161,40.1670,1.1629,0.9737,1.3867,1.2370
328,2018-07-27,30,12-17,9.8571,10.5721,8.4381,13.3513,0.9343,0.7826,1.1180,0.9532
328,2018-07-27,30,18-44,29.2857,29.6298,24.6163,35.6774,0.5512,0.4753,0.6407,0.5712
328,2018-07-27,30,45-64,21.0000,21.2534,17.3218,25.8348,0.5657,0.4788,0.6659,0.5704
328,2018-07-27,30,65+,11.4286,12.0977,9.5927,15.0226,0.6278,0.5235,0.7535,0.6284
329,2018-07-28,30,0-5,20.5714,19.7328,16.2482,23.9891,0.9815,0.8100,1.1920,1.0674
329,2018-07-28,30,6-11,32.4286,31.5874,26.4329,37.6461,1.1576,0.9670,1.3804,1.2229
329,2018-07-28,30,12-17,8.2857,9.7824,7.7433,12.4574,0.9507,0.7948,1.1387,0.8930
329,2018-07-28,30,18-44,26.8571,28.4674,23.8031,34.4279,0.5568,0.4784,0.6488,0.5532
329,2018-07-28,30,45-64,20.5714,21.1338,17.2240,25.7842,0.5765,0.4877,0.6795,0.5518
329,2018-07-28,30,65+,10.1429,11.7087,9.2437,14.6363,0.6408,0.5342,0.7715,0.5981
330,2018-07-29,31,0-5,19.4286,18.8663,15.4727,22.9756,0.9749,0.8047,1.1765,1.0463
330,2018-07-29,31,6-11,30.4286,29.4784,24.5656,35.3729,1.1569,0.9687,1.3748,1.2204
330,2018-07-29,31,12-17,8.1429,9.0768,7.1462,11.4827,0.9769,0.8140,1.1663,0.9345
330,2018-07-29,31,18-44,25.8571,27.4778,22.9408,33.1251,0.5669,0.4871,0.6605,0.5653
330,2018-07-29,31,45-64,21.1429,20.8934,16.9227,25.5203,0.5908,0.5003,0.6980,0.5789
330,2018-07-29,31,65+,10.8571,11.3297,8.9491,14.1538,0.6578,0.5475,0.7889,0.6405
331,2018-07-30,31,0-5,17.8571,17.9167,14.5568,21.8175,0.9647,0.7982,1.1656,1.0245
331,2018-07-30,31,6-11,29.1429,27.5070,22.8435,32.9977,1.1632,0.9748,1.3903,1.2390
331,2018-07-30,31,12-17,8.2857,8.5101,6.6566,10.8055,1.0084,0.8423,1.2080,0.9894
331,2018-07-30,31,18-44,26.5714,26.6033,21.9549,32.1132,0.5778,0.4954,0.6743,0.5797
331,2018-07-30,31,45-64,21.0000,20.4731,16.5921,25.1137,0.6066,0.5133,0.7171,0.5948
331,2018-07-30,31,65+,10.0000,11.0265,8.7455,13.8133,0.6762,0.5620,0.8134,0.6404
332,2018-07-31,31,0-5,16.7143,16.8757,13.7202,20.5392,0.9563,0.7908,1.1582,0.9973
332,2018-07-31,31,6-11,25.7143,25.5490,21.3429,30.8373,1.1723,0.9847,1.3896,1.1776
332,2018-07-31,31,12-17,7.4286,8.0757,6.2263,10.2969,1.0452,0.8749,1.2524,0.9531
332,2018-07-31,31,18-44,25.7143,25.9498,21.2913,31.4933,0.5899,0.5061,0.6864,0.5655
332,2018-07-31,31,45-64,19.4286,20.0571,16.1856,24.5727,0.6225,0.5267,0.7344,0.5791
332,2018-07-31,31,65+,9.5714,10.7632,8.5393,13.5698,0.6944,0.5762,0.8374,0.6272
333,2018-08-01,31,0-5,16.5714,15.7256,12.8285,19.2135,0.9556,0.7920,1.1535,1.0080
333,2018-08-01,31,6-11,23.4286,23.6853,19.7395,28.7606,1.1836,0.9951,1.4121,1.1529
333,2018-08-01,31,12-17,7.0000,7.7639,5.9322,10.0046,1.0841,0.9085,1.3126,0.9545
333,2018-08-01,31,18-44,23.4286,25.2423,20.6858,30.7368,0.6043,0.5170,0.7055,0.5642
333,2018-08-01,31,45-64,19.0000,19.5821,15.8381,23.9577,0.6394,0.5410,0.7557,0.5872
333,2018-08-01,31,65+,10.2857,10.5787,8.3287,13.4160,0.7122,0.5906,0.8580,0.6591
334,2018-08-02,31,0-5,15.7143,14.5959,11.8011,17.9238,0.9579,0.7909,1.1654,1.0271
334,2018-08-02,31,6-11,23.1429,21.9604,18.1800,26.5695,1.2055,1.0136,1.4343,1.2160
334,2018-08-02,31,12-17,7.0000,7.5460,5.7334,9.7527,1.1284,0.9436,1.3624,1.0169
334,2018-08-02,31,18-44,23.7143,24.6338,20.0469,29.8747,0.6192,0.5291,0.7283,0.5961
334,2018-08-02,31,45-64,19.5714,19.0552,15.5583,23.3669,0.6557,0.5549,0.7781,0.6260
334,2018-08-02,31,65+,10.5714,10.4083,8.1324,13.1852,0.7296,0.6069,0.8781,0.7028
335,2018-08-03,31,0-5,12.8571,13.4481,10.8692,16.6406,0.9651,0.7972,1.1679,0.9422
335,2018-08-03,31,6-11,19.1429,20.3640,16.7939,24.6476,1.2234,1.0292,1.4611,1.1359
335,2018-08-03,31,12-17,6.7143,7.4167,5.6269,9.7372,1.1732,0.9772,1.4159,1.0213
335,2018-08-03,31,18-44,23.7143,24.2307,19.7320,29.4304,0.6344,0.5421,0.7463,0.5885
335,2018-08-03,31,45-64,19.0000,18.5169,15.0741,22.5792,0.6723,0.5688,0.7965,0.6262
335,2018-08-03,31,65+,10.0000,10.2118,8.0025,12.9208,0.7440,0.6184,0.8957,0.6943
336,2018-08-04,31,0-5,12.1429,12.3654,9.8997,15.5126,0.9820,0.8117,1.1904,0.9639
336,2018-08-04,31,6-11,18.8571,18.9798,15.5551,22.9780,1.2540,1.0545,1.4916,1.1897
336,2018-08-04,31,12-17,6.8571,7.4102,5.6373,9.7265,1.2165,1.0124,1.4615,1.0647
336,2018-08-04,31,18-44,24.0000,23.8553,19.5053,29.0281,0.6508,0.5562,0.7657,0.6058
336,2018-08-04,31,45-64,17.8571,17.9875,14.5916,21.9095,0.6867,0.5823,0.8135,0.6370
336,2018-08-04,31,65+,10.0000,10.0542,7.8411,12.6514,0.7563,0.6294,0.9118,0.7087
337,2018-08-05,32,0-5,11.1429,11.3786,9.0685,14.3671,0.9973,0.8249,1.2066,0.9656
337,2018-08-05,32,6-11,17.8571,17.7249,14.5246,21.7351,1.2786,1.0753,1.5188,1.2126
337,2018-08-05,32,12-17,6.8571,7.4642,5.6617,9.6938,1.2500,1.0415,1.4952,1.0905
337,2018-08-05,32,18-44,23.5714,23.5868,19.2841,28.8948,0.6635,0.5672,0.7804,0.6160
337,2018-08-05,32,45-64,16.7143,17.4435,14.2102,21.3825,0.6970,0.5918,0.8232,0.6489
337,2018-08-05,32,65+,10.8571,9.8631,7.6746,12.5094,0.7649,0.6372,0.9218,0.7469
338,2018-08-06,32,0-5,10.2857,10.5107,8.3266,13.3024,1.0196,0.8421,1.2380,0.9403
338,2018-08-06,32,6-11,16.4286,16.6495,13.5231,20.6193,1.3060,1.0982,1.5554,1.1904
338,2018-08-06,32,12-17,7.5714,7.5606,5.7285,9.7671,1.2777,1.0656,1.5354,1.1584
338,2018-08-06,32,18-44,20.8571,23.2676,18.9970,28.5396,0.6774,0.5772,0.7978,0.6065
338,2018-08-06,32,45-64,16.7143,16.9227,13.7998,20.8641,0.7068,0.5976,0.8352,0.6517
338,2018-08-06,32,65+,10.7143,9.6987,7.5391,12.2641,0.7710,0.6419,0.9295,0.7508
339,2018-08-07,32,0-5,9.7143,9.7709,7.7170,12.3316,1.0395,0.8566,1.2581,0.9896
339,2018-08-07,32,6-11,15.4286,15.7421,12.7013,19.4161,1.3302,1.1206,1.5861,1.2399
339,2018-08-07,32,12-17,7.7143,7.6509,5.7859,9.9214,1.2997,1.0821,1.5546,1.2203
339,2018-08-07,32,18-44,23.0000,22.9864,18.8052,28.1699,0.6874,0.5865,0.8074,0.6495
339,2018-08-07,32,45-64,17.1429,16.4486,13.3936,20.1899,0.7130,0.6051,0.8422,0.6863
339,2018-08-07,32,65+,9.7143,9.4981,7.4345,12.0263,0.7776,0.6487,0.9341,0.7534
340,2018-08-08,32,0-5,8.8571,9.1220,7.2067,11.6105,1.0637,0.8762,1.2896,1.0022
340,2018-08-08,32,6-11,15.2857,14.9573,11.9876,18.4909,1.3570,1.1420,1.6184,1.2998
340,2018-08-08,32,12-17,8.0000,7.7804,5.9265,10.0460,1.3071,1.0898,1.5736,1.2737
340,2018-08-08,32,18-44,23.5714,22.7694,18.5477,27.8305,0.6958,0.5946,0.8148,0.6758
340,2018-08-08,32,45-64,17.2857,15.9516,12.9327,19.5928,0.7176,0.6087,0.8440,0.7113
340,2018-08-08,32,65+,9.4286,9.2951,7.2373,11.8608,0.7813,0.6534,0.9421,0.7689
341,2018-08-09,32,0-5,8.4286,8.6008,6.7294,10.9837,1.0874,0.8961,1.3184,1.0146
341,2018-08-09,32,6-11,15.2857,14.3761,11.4433,17.7598,1.3805,1.1611,1.6397,1.3386
341,2018-08-09,32,12-17,8.1429,7.9148,6.0353,10.1394,1.3050,1.0891,1.5663,1.2836
341,2018-08-09,32,18-44,23.1429,22.4876,18.3672,27.4171,0.7018,0.5975,0.8234,0.6799
341,2018-08-09,32,45-64,16.5714,15.4730,12.6075,19.0335,0.7197,0.6085,0.8496,0.7098
341,2018-08-09,32,65+,9.2857,9.0910,7.0897,11.6454,0.7876,0.6550,0.9474,0.7693
342,2018-08-10,32,0-5,7.7143,8.2534,6.4064,10.5434,1.1097,0.9138,1.3500,1.0076
342,2018-08-10,32,6-11,14.4286,13.9142,11.0510,17.2741,1.4043,1.1768,1.6761,1.3402
342,2018-08-10,32,12-17,9.0000,8.0135,6.1465,10.2857,1.3003,1.0824,1.5615,1.3454
342,2018-08-10,32,18-44,23.0000,22.1997,18.1861,26.8926,0.7054,0.6018,0.8337,0.6859
342,2018-08-10,32,45-64,15.4286,15.0567,12.2432,18.6536,0.7232,0.6121,0.8552,0.7182
342,2018-08-10,32,65+,10.2857,8.9482,6.9622,11.3674,0.7975,0.6629,0.9582,0.8080
343,2018-08-11,32,0-5,7.0000,7.9962,6.1389,10.2402,1.1311,0.9336,1.3781,1.0074
343,2018-08-11,32,6-11,13.7143,13.5818,10.8404,16.9535,1.4324,1.2092,1.7100,1.3529
343,2018-08-11,32,12-17,9.1429,8.0603,6.2234,10.4165,1.2949,1.0854,1.5573,1.3690
343,2018-08-11,32,18-44,23.5714,21.8804,17.8387,26.7298,0.7143,0.6097,0.8401,0.7058
343,2018-08-11,32,45-64,16.0000,14.7186,11.8769,18.3122,0.7324,0.6217,0.8636,0.7413
343,2018-08-11,32,65+,10.1429,8.8542,6.8688,11.1779,0.8150,0.6768,0.9774,0.8240
344,2018-08-12,33,0-5,7.0000,7.8457,6.0056,10.0852,1.1542,0.9530,1.4029,0.9643
344,2018-08-12,33,6-11,12.1429,13.3645,10.6430,16.6420,1.4586,1.2358,1.7534,1.2140
344,2018-08-12,33,12-17,8.1429,8.0574,6.2549,10.3932,1.2951,1.0813,1.5475,1.1931
344,2018-08-12,33,18-44,20.5714,21.5771,17.4220,26.4461,0.7234,0.6198,0.8495,0.6207
344,2018-08-12,33,45-64,14.0000,14.5182,11.7044,18.0299,0.7444,0.6321,0.8791,0.6299
344,2018-08-12,33,65+,6.7143,8.8356,6.8235,11.1869,0.8374,0.6983,1.0065,0.6448
345,2018-08-13,33,0-5,7.8571,7.7826,5.9234,9.9595,1.1753,0.9747,1.4233,1.1134
345,2018-08-13,33,6-11,13.0000,13.3184,10.6206,16.4941,1.4954,1.2592,1.7880,1.3556
345,2018-08-13,33,12-17,8.4286,8.0028,6.2015,10.3571,1.2946,1.0856,1.5481,1.2572
345,2018-08-13,33,18-44,22.8571,21.1621,17.1996,26.0436,0.7372,0.6313,0.8620,0.6815
345,2018-08-13,33,45-64,13.1429,14.4707,11.6164,18.0766,0.7634,0.6480,0.9001,0.6691
345,2018-08-13,33,65+,7.1429,8.9654,6.8816,11.3637,0.8705,0.7223,1.0492,0.6943
346,2018-08-14,33,0-5,8.0000,7.7628,5.8834,9.9617,1.1982,0.9865,1.4556,1.1168
346,2018-08-14,33,6-11,13.1429,13.3984,10.7363,16.5409,1.5262,1.2802,1.8230,1.3712
346,2018-08-14,33,12-17,9.0000,7.8944,6.1326,10.2456,1.2943,1.0838,1.5473,1.2979
346,2018-08-14,33,18-44,20.0000,20.7827,16.8871,25.5013,0.7524,0.6429,0.8817,0.6709
346,2018-08-14,33,45-64,12.8571,14.5616,11.6040,17.9652,0.7850,0.6655,0.9286,0.6753
346,2018-08-14,33,65+,8.2857,9.1680,7.0177,11.5880,0.9050,0.7519,1.0911,0.7468
347,2018-08-15,33,0-5,8.0000,7.7974,5.9076,10.0927,1.2160,1.0055,1.4769,1.1393
347,2018-08-15,33,6-11,13.0000,13.5324,10.8274,16.7621,1.5586,1.3136,1.8582,1.3947
347,2018-08-15,33,12-17,8.1429,7.6963,5.9307,10.0414,1.2963,1.0878,1.5505,1.2563
347,2018-08-15,33,18-44,19.7143,20.3776,16.5523,24.9067,0.7686,0.6583,0.8995,0.6886
347,2018-08-15,33,45-64,13.4286,14.7807,11.7850,18.2745,0.8079,0.6864,0.9568,0.7018
347,2018-08-15,33,65+,8.8571,9.4278,7.2583,11.8874,0.9370,0.7792,1.1318,0.7961
348,2018-08-16,33,0-5,8.0000,7.8660,5.9112,10.1923,1.2292,1.0162,1.4867,1.1489
348,2018-08-16,33,6-11,12.8571,13.7275,11.0538,17.0719,1.5750,1.3243,1.8712,1.4058
348,2018-08-16,33,12-17,8.0000,7.4490,5.7079,9.7227,1.2956,1.0870,1.5437,1.2624
348,2018-08-16,33,18-44,19.2857,20.0735,16.1527,24.3950,0.7801,0.6675,0.9113,0.6964
348,2018-08-16,33,45-64,13.7143,15.1394,12.0878,18.8644,0.8264,0.6993,0.9756,0.7143
348,2018-08-16,33,65+,8.8571,9.7460,7.5913,12.3145,0.9612,0.8011,1.1587,0.8104
349,2018-08-17,33,0-5,8.1429,7.9220,5.9499,10.2080,1.2356,1.0198,1.5012,1.2004
349,2018-08-17,33,6-11,15.4286,13.9786,11.2625,17.4514,1.5784,1.3344,1.8838,1.5974
349,2018-08-17,33,12-17,6.8571,7.1709,5.4741,9.3445,1.2907,1.0882,1.5352,1.2492
349,2018-08-17,33,18-44,19.2857,19.8364,15.9624,24.0436,0.7865,0.6738,0.9185,0.7487
349,2018-08-17,33,45-64,15.8571,15.6269,12.4508,19.4833,0.8368,0.7083,0.9884,0.7814
349,2018-08-17,33,65+,9.8571,10.1083,7.8734,12.7508,0.9752,0.8097,1.1747,0.9010
350,2018-08-18,33,0-5,9.1429,8.0049,6.0257,10.2290,1.2329,1.0195,1.4897,1.2681
350,2018-08-18,33,6-11,14.1429,14.2691,11.4527,17.9058,1.5674,1.3208,1.8719,1.5225
350,2018-08-18,33,12-17,7.0000,6.8820,5.2151,8.9701,1.2770,1.0713,1.5189,1.2758
350,2018-08-18,33,18-44,18.8571,19.6806,15.8223,23.9135,0.7823,0.6711,0.9132,0.7553
350,2018-08-18,33,45-64,16.2857,16.1490,13.0036,20.1714,0.8337,0.7067,0.9829,0.7955
350,2018-08-18,33,65+,10.5714,10.5008,8.1613,13.2692,0.9715,0.8067,1.1657,0.9314
351,2018-08-19,34,0-5,10.0000,8.1014,6.1628,10.3649,1.2247,1.0161,1.4835,1.3991
351,2018-08-19,34,6-11,16.0000,14.5017,11.6411,18.1359,1.5476,1.2997,1.8475,1.7112
351,2018-08-19,34,12-17,7.4286,6.6054,4.9972,8.6043,1.2561,1.0561,1.4948,1.4141
351,2018-08-19,34,18-44,21.7143,19.5506,15.7283,23.8545,0.7722,0.6609,0.9014,0.8514
351,2018-08-19,34,45-64,18.1429,16.6412,13.4122,20.5856,0.8211,0.6935,0.9665,0.8997
351,2018-08-19,34,65+,12.8571,10.8371,8.4413,13.6017,0.9509,0.7901,1.1419,1.0748
352,2018-08-20,34,0-5,8.4286,8.1944,6.2402,10.5710,1.2232,1.0129,1.4760,1.2126
352,2018-08-20,34,6-11,15.7143,14.6846,11.8249,18.2672,1.5215,1.2759,1.8149,1.6076
352,2018-08-20,34,12-17,6.1429,6.3517,4.7826,8.3388,1.2328,1.0382,1.4757,1.2861
352,2018-08-20,34,18-44,20.2857,19.5953,15.7267,24.0948,0.7586,0.6506,0.8844,0.7987
352,2018-08-20,34,45-64,19.4286,17.1087,13.8051,21.1582,0.8005,0.6780,0.9450,0.8697
352,2018-08-20,34,65+,13.0000,11.0707,8.6341,13.9687,0.9218,0.7658,1.1071,1.0392
353,2018-08-21,34,0-5,8.1429,8.3372,6.3706,10.7383,1.2192,1.0078,1.4854,1.1704
353,2018-08-21,34,6-11,16.2857,14.7991,11.8863,18.5100,1.4960,1.2576,1.7886,1.5985
353,2018-08-21,34,12-17,5.5714,6.1421,4.6241,8.0730,1.2072,1.0122,1.4388,1.2440
353,2018-08-21,34,18-44,20.0000,19.7920,15.9694,24.3041,0.7430,0.6372,0.8674,0.7865
353,2018-08-21,34,45-64,20.5714,17.5224,14.1255,21.5254,0.7779,0.6584,0.9171,0.8639
353,2018-08-21,34,65+,13.2857,11.2569,8.7523,14.2597,0.8903,0.7414,1.0651,1.0255
354,2018-08-22,34,0-5,8.0000,8.5594,6.5597,10.9844,1.2286,1.0124,1.4954,1.1529
354,2018-08-22,34,6-11,15.8571,14.9514,11.9425,18.6000,1.4778,1.2418,1.7693,1.5438
354,2018-08-22,34,12-17,5.8571,5.9554,4.4525,7.8570,1.1852,0.9950,1.4158,1.2428
354,2018-08-22,34,18-44,21.1429,20.1072,16.4250,24.5577,0.7313,0.6278,0.8528,0.7636
354,2018-08-22,34,45-64,19.2857,17.7914,14.3254,21.8151,0.7583,0.6432,0.8942,0.8186
354,2018-08-22,34,65+,12.2857,11.3745,8.8795,14.3385,0.8615,0.7197,1.0312,0.9441
355,2018-08-23,34,0-5,8.1429,8.8398,6.7624,11.3474,1.2407,1.0224,1.5058,1.1584
355,2018-08-23,34,6-11,15.4286,15.0192,12.0153,18.7852,1.4742,1.2354,1.7575,1.5047
355,2018-08-23,34,12-17,5.8571,5.8258,4.3540,7.7049,1.1743,0.9840,1.4071,1.2416
355,2018-08-23,34,18-44,21.2857,20.5036,16.8648,25.0128,0.7259,0.6224,0.8471,0.7554
355,2018-08-23,34,45-64,19.2857,17.9702,14.4583,22.0096,0.7451,0.6324,0.8812,0.8067
355,2018-08-23,34,65+,12.1429,11.4078,8.9666,14.4030,0.8418,0.7021,1.0115,0.9224
356,2018-08-24,34,0-5,9.0000,9.1968,7.1147,11.7872,1.2610,1.0400,1.5257,1.1887
356,2018-08-24,34,6-11,14.5714,15.1062,12.0499,18.8459,1.4844,1.2434,1.7711,1.4226
356,2018-08-24,34,12-17,5.8571,5.7231,4.2820,7.6205,1.1722,0.9815,1.4019,1.1922
356,2018-08-24,34,18-44,20.2857,20.8930,17.2206,25.5954,0.7263,0.6224,0.8476,0.7144
356,2018-08-24,34,45-64,17.2857,17.9822,14.5282,22.1540,0.7397,0.6273,0.8743,0.7463
356,2018-08-24,34,65+,11.4286,11.3944,8.9616,14.4114,0.8299,0.6924,0.9969,0.8540
357,2018-08-25,34,0-5,9.2857,9.6086,7.4146,12.2804,1.2820,1.0592,1.5585,1.2138
357,2018-08-25,34,6-11,15.1429,15.2349,12.1450,19.0364,1.5111,1.2645,1.7959,1.4573
357,2018-08-25,34,12-17,5.0000,5.6609,4.2390,7.5359,1.1794,0.9837,1.4112,1.1249
357,2018-08-25,34,18-44,20.5714,21.2761,17.3995,26.1063,0.7329,0.6277,0.8578,0.7174
357,2018-08-25,34,45-64,17.0000,17.8661,14.4919,22.1350,0.7408,0.6268,0.8747,0.7410
357,2018-08-25,34,65+,11.2857,11.2971,8.9018,14.2671,0.8258,0.6863,0.9907,0.8498
358,2018-08-26,35,0-5,9.4286,10.0595,7.7973,12.8046,1.3075,1.0768,1.5889,1.2119
358,2018-08-26,35,6-11,14.1429,15.4335,12.3056,19.2994,1.5428,1.2941,1.8472,1.4137
358,2018-08-26,35,12-17,5.2857,5.6134,4.1836,7.4656,1.1922,0.9889,1.4353,1.1688
358,2018-08-26,35,18-44,20.2857,21.6434,17.7400,26.5782,0.7425,0.6355,0.8704,0.7188
358,2018-08-26,35,45-64,17.4286,17.7016,14.3803,21.9389,0.7456,0.6302,0.8819,0.7490
358,2018-08-26,35,65+,10.8571,11.1526,8.7974,14.0759,0.8255,0.6849,0.9957,0.8456
359,2018-08-27,35,0-5,10.5714,10.5349,8.1756,13.3609,1.3275,1.0804,1.6269,1.2933
359,2018-08-27,35,6-11,13.2857,15.7332,12.4595,19.6364,1.5804,1.3132,1.9091,1.4001
359,2018-08-27,35,12-17,5.5714,5.5882,4.1144,7.4207,1.2109,0.9954,1.4759,1.2158
359,2018-08-27,35,18-44,20.7143,22.0021,17.9799,26.9173,0.7559,0.6424,0.8895,0.7355
359,2018-08-27,35,45-64,17.4286,17.4739,14.2084,21.6786,0.7551,0.6347,0.8980,0.7596
359,2018-08-27,35,65+,10.4286,10.9606,8.6274,13.8322,0.8317,0.6846,1.0101,0.8442
360,2018-08-28,35,0-5,11.8571,10.9430,8.5243,13.9416,1.3381,1.0685,1.6685,1.3941
360,2018-08-28,35,6-11,14.5714,16.1159,12.7944,20.0698,1.6136,1.3191,1.9720,1.5044
360,2018-08-28,35,12-17,5.1429,5.5365,4.0553,7.4788,1.2293,0.9933,1.5208,1.1831
360,2018-08-28,35,18-44,22.2857,22.2997,18.1299,27.3626,0.7665,0.6428,0.9137,0.7561
360,2018-08-28,35,45-64,16.0000,17.2145,13.8812,21.4485,0.7632,0.6313,0.9227,0.7514
360,2018-08-28,35,65+,10.0000,10.7086,8.3803,13.5846,0.8381,0.6773,1.0350,0.8310
361,2018-08-29,35,0-5,12.1429,11.3107,8.7296,14.5940,1.3478,1.0472,1.7270,1.3913
361,2018-08-29,35,6-11,17.0000,16.5759,13.1321,20.7653,1.6377,1.3050,2.0543,1.6441
361,2018-08-29,35,12-17,5.4286,5.5186,3.9477,7.5673,1.2476,0.9830,1.5854,1.2429
361,2018-08-29,35,18-44,22.0000,22.6448,18.2615,27.8793,0.7772,0.6389,0.9448,0.7744
361,2018-08-29,35,45-64,16.7143,16.9553,13.5356,21.2685,0.7727,0.6251,0.9530,0.7755
361,2018-08-29,35,65+,10.1429,10.4647,8.0692,13.4481,0.8456,0.6659,1.0733,0.8576
362,2018-08-30,35,0-5,12.5714,11.6598,8.7850,15.4397,1.3548,1.0169,1.7938,1.3901
362,2018-08-30,35,6-11,18.7143,17.1419,13.3609,21.9562,1.6553,1.2723,2.1543,1.7131
362,2018-08-30,35,12-17,5.4286,5.5209,3.8037,7.7978,1.2640,0.9635,1.6655,1.2489
362,2018-08-30,35,18-44,22.4286,23.0382,18.3547,28.7699,0.7859,0.6272,0.9850,0.7799
362,2018-08-30,35,45-64,16.5714,16.7129,13.1095,21.3982,0.7807,0.6117,0.9939,0.7785
362,2018-08-30,35,65+,10.2857,10.2537,7.6872,13.5411,0.8523,0.6501,1.1169,0.8663
363,2018-08-31,35,0-5,12.4286,11.9999,8.6335,16.5899,1.3605,0.9792,1.8958,1.3924
363,2018-08-31,35,6-11,19.1429,17.7818,13.2837,23.8642,1.6651,1.2287,2.2694,1.7448
363,2018-08-31,35,12-17,6.2857,5.5374,3.6377,8.2244,1.2753,0.9389,1.7500,1.3714
363,2018-08-31,35,18-44,25.7143,23.5794,18.1894,30.4401,0.7923,0.6107,1.0335,0.8248
363,2018-08-31,35,45-64,17.2857,16.5326,12.5088,21.9239,0.7868,0.5954,1.0428,0.8264
363,2018-08-31,35,65+,10.7143,10.0863,7.2536,13.9222,0.8570,0.6304,1.1747,0.9091
364,2018-09-01,35,0-5,12.2857,12.3524,8.2907,18.3542,1.3675,0.9434,2.0158,1.3414
364,2018-09-01,35,6-11,19.4286,18.4302,12.8251,26.6784,1.6738,1.1851,2.4084,1.6986
364,2018-09-01,35,12-17,7.0000,5.5740,3.4417,8.9244,1.2857,0.9131,1.8424,1.4067
364,2018-09-01,35,18-44,26.1429,24.3231,17.8003,33.2453,0.7982,0.5925,1.0882,0.8077
364,2018-09-01,35,45-64,17.2857,16.4875,11.8431,23.1973,0.7923,0.5763,1.0997,0.8118
364,2018-09-01,35,65+,10.4286,9.9894,6.7771,14.6842,0.8623,0.6104,1.2398,0.8835
