day,date,wk,age_group,obs,dR_med,dR_lo,dR_hi,Rj_med,Rj_lo,Rj_hi,Rj_renewal
1,2012-09-02,36,0-5,28.8571,27.2975,22.3592,32.8506,1.4890,1.1866,1.8545,NA
1,2012-09-02,36,6-11,21.7143,20.0650,16.1133,24.7208,1.6793,1.3695,2.0343,NA
1,2012-09-02,36,12-17,12.2857,12.4755,9.0664,16.3168,1.4974,1.1972,1.8470,NA
1,2012-09-02,36,18-44,32.1429,31.7526,25.9771,37.5788,0.9028,0.7339,1.1080,NA
1,2012-09-02,36,45-64,23.0000,23.2182,18.7485,28.2391,0.9153,0.7349,1.1349,NA
1,2012-09-02,36,65+,15.4286,14.2244,10.9020,18.0684,0.9640,0.7644,1.2053,NA
2,2012-09-03,36,0-5,30.4286,27.3397,23.3255,31.5738,1.5127,1.2391,1.8351,7.6361
2,2012-09-03,36,6-11,22.5714,20.4084,17.6102,23.7653,1.7314,1.4437,2.0888,8.2914
2,2012-09-03,36,12-17,13.5714,12.4257,9.7723,15.5634,1.5343,1.2557,1.8504,7.7063
2,2012-09-03,36,18-44,33.7143,33.9373,29.1909,39.1668,0.8933,0.7503,1.0621,4.1314
2,2012-09-03,36,45-64,25.1429,24.3990,20.8527,28.5453,0.9015,0.7479,1.0812,4.2364
2,2012-09-03,36,65+,16.0000,14.3033,11.8451,17.0317,0.9491,0.7773,1.1540,4.7835
3,2012-09-04,36,0-5,30.4286,27.7040,23.6509,32.2344,1.5385,1.2827,1.8317,3.4301
3,2012-09-04,36,6-11,23.4286,21.3541,18.1522,24.9584,1.7763,1.5055,2.1084,3.7906
3,2012-09-04,36,12-17,13.7143,12.6644,10.4175,16.0584,1.5671,1.3045,1.8667,3.4498
3,2012-09-04,36,18-44,34.2857,36.2030,30.6498,42.9920,0.8896,0.7637,1.0373,1.8506
3,2012-09-04,36,45-64,25.7143,25.7835,21.7242,30.5125,0.8933,0.7588,1.0553,1.8730
3,2012-09-04,36,65+,13.7143,14.5170,12.0525,17.3588,0.9430,0.7903,1.1279,2.0119
4,2012-09-05,36,0-5,27.7143,28.4680,24.0338,33.8483,1.5478,1.3018,1.8481,2.1831
4,2012-09-05,36,6-11,23.7143,22.6774,18.9064,26.8820,1.8011,1.5336,2.1091,2.5413
4,2012-09-05,36,12-17,13.2857,13.3449,10.9021,16.5565,1.5968,1.3382,1.8993,2.2678
4,2012-09-05,36,18-44,34.5714,37.8983,31.3736,45.5806,0.8869,0.7663,1.0311,1.2295
4,2012-09-05,36,45-64,25.4286,27.0241,22.4115,32.7441,0.8907,0.7612,1.0430,1.2528
4,2012-09-05,36,65+,13.8571,14.7988,12.0684,18.0078,0.9407,0.7950,1.1174,1.3601
5,2012-09-06,36,0-5,28.7143,29.5813,24.5118,35.6201,1.5395,1.2951,1.8226,1.8179
5,2012-09-06,36,6-11,25.5714,24.3040,19.9255,29.4938,1.7899,1.5289,2.1007,2.1285
5,2012-09-06,36,12-17,13.7143,14.1412,11.4234,17.4396,1.6107,1.3624,1.9251,1.8493
5,2012-09-06,36,18-44,35.4286,39.2644,32.1857,47.5947,0.8824,0.7621,1.0195,1.0044
5,2012-09-06,36,45-64,24.8571,28.1266,22.9624,34.5535,0.8886,0.7596,1.0363,1.0113
5,2012-09-06,36,65+,14.1429,15.1271,12.1048,18.7634,0.9396,0.7938,1.1140,1.1058
6,2012-09-07,36,0-5,31.0000,30.8184,25.4409,37.0908,1.5119,1.2758,1.7937,1.7512
6,2012-09-07,36,6-11,27.8571,25.9886,21.1384,32.0839,1.7547,1.4944,2.0620,2.0332
6,2012-09-07,36,12-17,15.1429,15.0678,11.9580,18.6382,1.6036,1.3577,1.9005,1.7926
6,2012-09-07,36,18-44,40.7143,40.7252,33.3878,49.1496,0.8690,0.7548,1.0052,0.9816
6,2012-09-07,36,45-64,28.1429,29.1572,23.7020,35.9097,0.8781,0.7547,1.0254,0.9901
6,2012-09-07,36,65+,15.4286,15.5023,12.2612,19.4400,0.9317,0.7908,1.1045,1.0732
7,2012-09-08,36,0-5,35.2857,31.9402,26.2327,37.9811,1.4629,1.2261,1.7400,1.7782
7,2012-09-08,36,6-11,29.1429,27.5323,22.6017,33.6861,1.6932,1.4390,1.9992,1.9606
7,2012-09-08,36,12-17,18.0000,16.0833,12.8245,20.1105,1.5661,1.3273,1.8487,1.8437
7,2012-09-08,36,18-44,45.8571,42.4768,35.0823,51.0122,0.8447,0.7344,0.9771,0.9812
7,2012-09-08,36,45-64,31.5714,30.3495,24.6174,36.9383,0.8574,0.7368,1.0009,0.9873
7,2012-09-08,36,65+,16.1429,16.0043,12.5857,20.1519,0.9155,0.7751,1.0829,1.0475
8,2012-09-09,37,0-5,35.0000,32.8946,27.0002,39.2492,1.3992,1.1685,1.6852,1.6258
8,2012-09-09,37,6-11,30.5714,28.8834,23.7466,35.4472,1.6266,1.3830,1.9077,1.8484
8,2012-09-09,37,12-17,20.1429,17.0836,13.6361,21.5597,1.5106,1.2754,1.7918,1.7968
8,2012-09-09,37,18-44,46.7143,44.4927,37.2668,53.1516,0.8148,0.7076,0.9422,0.9209
8,2012-09-09,37,45-64,33.8571,31.7249,25.7656,38.2933,0.8292,0.7129,0.9676,0.9381
8,2012-09-09,37,65+,16.7143,16.5645,13.1372,20.7871,0.8906,0.7555,1.0585,0.9914
9,2012-09-10,37,0-5,33.5714,33.5086,27.8877,40.0589,1.3456,1.1207,1.6120,1.4767
9,2012-09-10,37,6-11,32.0000,30.1014,24.9352,36.8196,1.5574,1.3304,1.8396,1.7438
9,2012-09-10,37,12-17,19.2857,18.0929,14.3931,22.5663,1.4528,1.2274,1.7143,1.6072
9,2012-09-10,37,18-44,47.2857,46.7180,39.3949,55.7523,0.7896,0.6858,0.9126,0.8526
9,2012-09-10,37,45-64,34.5714,33.2550,27.1168,40.0186,0.8051,0.6931,0.9390,0.8704
9,2012-09-10,37,65+,17.1429,17.3202,13.8384,21.5978,0.8692,0.7369,1.0299,0.9280
10,2012-09-11,37,0-5,34.4286,33.8195,28.2672,40.5547,1.2998,1.0884,1.5549,1.4430
10,2012-09-11,37,6-11,31.7143,30.9564,25.7041,37.3991,1.4991,1.2750,1.7636,1.6638
10,2012-09-11,37,12-17,19.5714,18.9797,15.1375,23.4406,1.3925,1.1777,1.6476,1.5445
10,2012-09-11,37,18-44,48.8571,49.3303,41.6636,58.9865,0.7686,0.6638,0.8891,0.8365
10,2012-09-11,37,45-64,36.4286,34.7880,28.6290,41.7935,0.7833,0.6716,0.9131,0.8653
10,2012-09-11,37,65+,20.2857,18.1995,14.6219,22.5352,0.8478,0.7185,1.0040,0.9605
11,2012-09-12,37,0-5,37.4286,33.8603,28.2569,40.6597,1.2566,1.0531,1.5024,1.4879
11,2012-09-12,37,6-11,33.4286,31.4617,26.1516,38.0107,1.4479,1.2353,1.7007,1.6708
11,2012-09-12,37,12-17,20.2857,19.5773,15.6627,24.0413,1.3416,1.1424,1.5825,1.5179
11,2012-09-12,37,18-44,52.4286,52.2387,43.8516,62.2760,0.7521,0.6501,0.8716,0.8370
11,2012-09-12,37,45-64,36.8571,36.4311,29.9558,43.5361,0.7672,0.6596,0.8936,0.8529
11,2012-09-12,37,65+,21.4286,19.1374,15.3501,23.6494,0.8325,0.7060,0.9821,0.9497
12,2012-09-13,37,0-5,37.0000,33.7068,28.0338,40.5024,1.2313,1.0332,1.4670,1.4269
12,2012-09-13,37,6-11,33.5714,31.6573,26.1995,38.2812,1.4156,1.2079,1.6582,1.6142
12,2012-09-13,37,12-17,21.8571,20.0027,16.0805,24.3892,1.3057,1.1067,1.5435,1.5145
12,2012-09-13,37,18-44,53.8571,54.9659,46.1580,65.0636,0.7437,0.6443,0.8609,0.8114
12,2012-09-13,37,45-64,37.5714,37.8743,31.3789,45.3528,0.7593,0.6530,0.8846,0.8259
12,2012-09-13,37,65+,21.1429,20.0012,16.1585,24.7032,0.8245,0.7002,0.9712,0.9053
13,2012-09-14,37,0-5,33.1429,33.2827,27.6669,40.0077,1.2240,1.0301,1.4578,1.2896
13,2012-09-14,37,6-11,30.7143,31.5743,26.1941,37.9863,1.4009,1.1977,1.6409,1.4754
13,2012-09-14,37,12-17,20.8571,20.1194,16.2543,24.6154,1.2849,1.0947,1.5127,1.4127
13,2012-09-14,37,18-44,54.7143,57.6944,48.5163,68.2258,0.7444,0.6461,0.8610,0.7657
13,2012-09-14,37,45-64,38.2857,39.1941,32.7335,47.0019,0.7611,0.6543,0.8857,0.7846
13,2012-09-14,37,65+,19.8571,20.7981,16.9469,25.8440,0.8261,0.7031,0.9731,0.8425
14,2012-09-15,37,0-5,30.1429,32.7928,27.0892,39.4177,1.2313,1.0356,1.4661,1.2164
14,2012-09-15,37,6-11,28.8571,31.2640,25.9202,37.5931,1.4038,1.1992,1.6480,1.4095
14,2012-09-15,37,12-17,19.8571,20.0518,16.2405,24.4800,1.2816,1.0901,1.5115,1.3465
14,2012-09-15,37,18-44,57.0000,60.3902,50.8043,71.6658,0.7538,0.6520,0.8788,0.7484
14,2012-09-15,37,45-64,38.2857,40.4992,33.6937,48.5393,0.7714,0.6624,0.9022,0.7674
14,2012-09-15,37,65+,19.8571,21.5422,17.7100,26.4384,0.8382,0.7089,0.9918,0.8224
15,2012-09-16,38,0-5,31.1429,32.2766,26.5725,38.6806,1.2441,1.0480,1.4807,1.2820
15,2012-09-16,38,6-11,29.5714,30.7775,25.7215,37.2472,1.4121,1.2086,1.6527,1.4683
15,2012-09-16,38,12-17,18.5714,19.8105,16.0616,24.2947,1.2871,1.0981,1.5193,1.3347
15,2012-09-16,38,18-44,61.8571,62.6643,52.7671,74.3255,0.7663,0.6634,0.8899,0.7873
15,2012-09-16,38,45-64,41.0000,41.8513,34.8307,50.2429,0.7857,0.6750,0.9189,0.8031
15,2012-09-16,38,65+,20.8571,22.2374,18.3135,27.1455,0.8514,0.7230,1.0088,0.8593
16,2012-09-17,38,0-5,32.2857,31.7248,26.0730,38.0839,1.2680,1.0639,1.5123,1.3289
16,2012-09-17,38,6-11,28.7143,30.3072,25.2746,36.5524,1.4305,1.2214,1.6758,1.4710
16,2012-09-17,38,12-17,18.1429,19.4747,15.8317,23.9716,1.3032,1.1115,1.5326,1.3289
16,2012-09-17,38,18-44,64.5714,64.2413,54.5515,76.3287,0.7821,0.6755,0.9092,0.8025
16,2012-09-17,38,45-64,41.2857,43.0040,35.9312,51.7440,0.8031,0.6890,0.9355,0.8148
16,2012-09-17,38,65+,22.5714,22.8376,18.6393,27.7363,0.8698,0.7382,1.0290,0.8865
17,2012-09-18,38,0-5,30.2857,31.3015,25.8581,37.6723,1.2983,1.0889,1.5403,1.2880
17,2012-09-18,38,6-11,28.7143,29.9003,24.8785,35.9196,1.4488,1.2425,1.6936,1.4708
17,2012-09-18,38,12-17,18.0000,19.1293,15.5236,23.6331,1.3253,1.1306,1.5528,1.3258
17,2012-09-18,38,18-44,65.7143,65.4454,55.8733,77.5811,0.8002,0.6898,0.9286,0.7980
17,2012-09-18,38,45-64,41.8571,44.2560,36.9504,53.2273,0.8233,0.7045,0.9593,0.8118
17,2012-09-18,38,65+,22.8571,23.3605,19.1670,28.5272,0.8883,0.7513,1.0458,0.8812
18,2012-09-19,38,0-5,29.7143,31.0663,25.7720,37.7149,1.3291,1.1177,1.5781,1.2765
18,2012-09-19,38,6-11,28.5714,29.4191,24.6045,35.3653,1.4664,1.2558,1.7197,1.4697
18,2012-09-19,38,12-17,18.2857,18.7487,15.3586,23.2167,1.3406,1.1429,1.5764,1.3458
18,2012-09-19,38,18-44,65.5714,66.5761,56.6562,79.0558,0.8163,0.7039,0.9470,0.7987
18,2012-09-19,38,45-64,44.2857,45.5239,37.9007,54.3763,0.8397,0.7207,0.9823,0.8178
18,2012-09-19,38,65+,22.4286,23.7923,19.6865,29.0102,0.9039,0.7661,1.0667,0.8738
19,2012-09-20,38,0-5,28.8571,31.0859,25.8690,37.5293,1.3641,1.1479,1.6216,1.2527
19,2012-09-20,38,6-11,28.5714,29.0149,24.0086,34.6866,1.4858,1.2669,1.7355,1.4563
19,2012-09-20,38,12-17,17.0000,18.4654,15.1475,22.7957,1.3524,1.1522,1.5881,1.2939
19,2012-09-20,38,18-44,64.7143,67.5833,57.2146,80.3796,0.8314,0.7160,0.9643,0.7839
19,2012-09-20,38,45-64,44.5714,46.8826,39.1429,55.9405,0.8527,0.7320,0.9978,0.8026
19,2012-09-20,38,65+,22.2857,24.2671,19.9542,29.5520,0.9123,0.7783,1.0707,0.8573
20,2012-09-21,38,0-5,31.0000,31.4397,26.1338,37.8488,1.3923,1.1677,1.6576,1.3432
20,2012-09-21,38,6-11,28.7143,28.6672,23.7094,34.4593,1.4882,1.2746,1.7462,1.5139
20,2012-09-21,38,12-17,17.8571,18.2037,14.8015,22.5659,1.3454,1.1514,1.5774,1.3725
20,2012-09-21,38,18-44,68.1429,68.5482,58.0126,81.8105,0.8361,0.7227,0.9704,0.8332
20,2012-09-21,38,45-64,47.7143,48.1392,40.4268,57.5502,0.8534,0.7359,0.9961,0.8598
20,2012-09-21,38,65+,26.1429,24.5618,20.1045,29.7909,0.9072,0.7750,1.0654,0.9442
21,2012-09-22,38,0-5,32.7143,32.0226,26.6720,38.5129,1.4029,1.1766,1.6775,1.3899
21,2012-09-22,38,6-11,29.0000,28.2404,23.2970,34.0186,1.4848,1.2715,1.7430,1.5376
21,2012-09-22,38,12-17,18.5714,17.9437,14.5235,22.1799,1.3260,1.1270,1.5546,1.4164
21,2012-09-22,38,18-44,69.2857,69.2720,58.4309,82.2082,0.8322,0.7155,0.9670,0.8518
21,2012-09-22,38,45-64,51.0000,49.1706,41.5184,59.1736,0.8445,0.7221,0.9877,0.8816
21,2012-09-22,38,65+,26.7143,24.8543,20.2823,29.9431,0.8922,0.7582,1.0488,0.9589
22,2012-09-23,39,0-5,33.0000,32.8709,27.3656,39.4496,1.4032,1.1787,1.6650,1.3697
22,2012-09-23,39,6-11,26.8571,28.0245,23.0364,33.8088,1.4757,1.2613,1.7238,1.4655
22,2012-09-23,39,12-17,17.8571,17.6408,14.3054,21.7335,1.2974,1.1073,1.5235,1.3711
22,2012-09-23,39,18-44,68.8571,69.9500,58.9734,82.6683,0.8178,0.7059,0.9497,0.8329
22,2012-09-23,39,45-64,52.0000,50.2066,42.2939,60.0097,0.8245,0.7078,0.9644,0.8646
22,2012-09-23,39,65+,26.8571,24.8832,20.4225,30.0429,0.8681,0.7388,1.0219,0.9389
23,2012-09-24,39,0-5,33.0000,33.7961,28.1835,40.6951,1.3855,1.1728,1.6634,1.3823
23,2012-09-24,39,6-11,27.2857,27.8383,22.9144,33.7850,1.4540,1.2453,1.7057,1.5010
23,2012-09-24,39,12-17,18.1429,17.2615,14.0375,21.2499,1.2568,1.0725,1.4786,1.3986
23,2012-09-24,39,18-44,73.4286,70.6676,59.4289,83.8096,0.7976,0.6902,0.9252,0.8545
23,2012-09-24,39,45-64,54.4286,50.6456,42.7134,60.6151,0.7994,0.6861,0.9348,0.8833
23,2012-09-24,39,65+,26.8571,24.7411,20.4068,29.9355,0.8371,0.7162,0.9858,0.9432
24,2012-09-25,39,0-5,36.4286,34.8450,29.0364,41.9720,1.3725,1.1509,1.6414,1.4829
24,2012-09-25,39,6-11,29.0000,27.7540,22.8597,33.7226,1.4315,1.2242,1.6745,1.5918
24,2012-09-25,39,12-17,20.0000,16.9467,13.7297,20.6375,1.2189,1.0378,1.4381,1.4918
24,2012-09-25,39,18-44,79.4286,71.1903,60.2848,84.3326,0.7770,0.6710,0.9032,0.9013
24,2012-09-25,39,45-64,57.7143,50.7534,42.8099,60.5338,0.7766,0.6643,0.9082,0.9230
24,2012-09-25,39,65+,27.7143,24.5277,20.4665,29.6218,0.8144,0.6923,0.9590,0.9725
25,2012-09-26,39,0-5,33.7143,35.9503,29.7992,42.9745,1.3581,1.1348,1.6135,1.3460
25,2012-09-26,39,6-11,26.7143,27.7256,22.8420,33.5103,1.4108,1.2064,1.6603,1.4523
25,2012-09-26,39,12-17,17.7143,16.5544,13.2763,20.1371,1.1876,1.0127,1.4012,1.3339
25,2012-09-26,39,18-44,75.2857,71.4236,60.8921,84.2475,0.7608,0.6555,0.8831,0.8236
25,2012-09-26,39,45-64,54.7143,50.7451,42.6022,60.2491,0.7597,0.6486,0.8869,0.8433
25,2012-09-26,39,65+,26.0000,24.2335,20.0688,29.6467,0.8030,0.6811,0.9459,0.8881
26,2012-09-27,39,0-5,35.1429,37.0286,30.7562,44.2623,1.3388,1.1210,1.5972,1.3601
26,2012-09-27,39,6-11,28.5714,27.8906,23.1272,33.4684,1.4071,1.1988,1.6493,1.4869
26,2012-09-27,39,12-17,17.2857,16.1455,12.9132,19.7546,1.1808,1.0064,1.3848,1.3065
26,2012-09-27,39,18-44,75.2857,71.5317,60.6902,84.4828,0.7566,0.6532,0.8782,0.8167
26,2012-09-27,39,45-64,54.2857,50.7734,42.6021,60.3296,0.7589,0.6495,0.8864,0.8294
26,2012-09-27,39,65+,26.0000,24.0868,19.9622,29.7302,0.8086,0.6872,0.9573,0.8748
27,2012-09-28,39,0-5,40.1429,38.0445,31.7391,45.4427,1.3209,1.1080,1.5777,1.3651
27,2012-09-28,39,6-11,26.1429,28.0488,23.3308,33.7648,1.4119,1.2052,1.6501,1.3237
27,2012-09-28,39,12-17,14.2857,15.7370,12.5806,19.5491,1.1943,1.0221,1.4015,1.0884
27,2012-09-28,39,18-44,66.2857,71.6859,60.4172,84.4527,0.7662,0.6608,0.8894,0.7106
27,2012-09-28,39,45-64,44.0000,50.8217,42.3046,60.3247,0.7776,0.6669,0.9106,0.6861
27,2012-09-28,39,65+,19.2857,24.2975,20.0667,29.7866,0.8404,0.7146,0.9893,0.6990
28,2012-09-29,39,0-5,42.0000,38.6996,32.4622,45.9541,1.3104,1.1014,1.5571,1.4306
28,2012-09-29,39,6-11,28.8571,28.2200,23.4530,33.8911,1.4307,1.2257,1.6724,1.4482
28,2012-09-29,39,12-17,13.8571,15.4366,12.4024,19.1891,1.2326,1.0515,1.4448,1.1514
28,2012-09-29,39,18-44,70.5714,71.4776,60.1696,84.1633,0.7900,0.6817,0.9187,0.7686
28,2012-09-29,39,45-64,48.1429,51.1720,42.6444,60.7350,0.8162,0.6993,0.9552,0.7509
28,2012-09-29,39,65+,21.0000,24.7558,20.6010,30.4185,0.8942,0.7620,1.0512,0.7714
29,2012-09-30,40,0-5,39.4286,38.7567,32.6919,45.9769,1.3082,1.0968,1.5574,1.3047
29,2012-09-30,40,6-11,28.1429,28.2145,23.5707,33.9416,1.4551,1.2467,1.6994,1.3607
29,2012-09-30,40,12-17,12.8571,15.0863,12.0692,18.7309,1.2837,1.0962,1.4995,1.0645
29,2012-09-30,40,18-44,64.2857,71.7992,60.4368,84.4653,0.8259,0.7115,0.9594,0.6981
29,2012-09-30,40,45-64,41.2857,51.7567,43.5949,61.7896,0.8695,0.7453,1.0173,0.6746
29,2012-09-30,40,65+,18.2857,25.5977,21.2373,31.7229,0.9677,0.8245,1.1418,0.6908
30,2012-10-01,40,0-5,40.2857,38.3732,32.2516,45.4087,1.3086,1.1022,1.5515,1.3696
30,2012-10-01,40,6-11,28.2857,28.0900,23.5621,33.7650,1.4779,1.2704,1.7265,1.4515
30,2012-10-01,40,12-17,14.2857,14.7673,11.7883,18.3657,1.3391,1.1438,1.5627,1.2301
30,2012-10-01,40,18-44,68.8571,72.3030,60.9430,85.2503,0.8636,0.7455,1.0041,0.7843
30,2012-10-01,40,45-64,48.0000,53.0588,44.5674,63.5432,0.9263,0.7931,1.0798,0.7936
30,2012-10-01,40,65+,24.8571,27.1199,22.3928,32.9351,1.0437,0.8872,1.2354,0.8612
31,2012-10-02,40,0-5,37.2857,37.4347,31.4943,44.2506,1.3046,1.1038,1.5427,1.3080
31,2012-10-02,40,6-11,27.4286,27.7772,23.2988,33.6123,1.4942,1.2837,1.7437,1.4366
31,2012-10-02,40,12-17,13.2857,14.4775,11.6092,17.9334,1.3819,1.1826,1.6214,1.2350
31,2012-10-02,40,18-44,68.1429,73.4199,62.1165,86.3406,0.8952,0.7741,1.0401,0.7949
31,2012-10-02,40,45-64,51.7143,54.9396,46.4501,65.5615,0.9740,0.8348,1.1392,0.8279
31,2012-10-02,40,65+,26.7143,28.9774,23.9877,35.1103,1.1077,0.9374,1.3099,0.9113
32,2012-10-03,40,0-5,37.7143,36.1449,30.3133,42.6733,1.2968,1.0984,1.5395,1.3807
32,2012-10-03,40,6-11,29.7143,27.2316,22.7401,32.8276,1.4951,1.2853,1.7426,1.5767
32,2012-10-03,40,12-17,14.7143,14.1901,11.3388,17.6295,1.4026,1.1995,1.6386,1.3894
32,2012-10-03,40,18-44,74.1429,74.8620,63.1765,88.5332,0.9141,0.7885,1.0628,0.8818
32,2012-10-03,40,45-64,58.8571,57.6100,48.4175,68.2322,1.0012,0.8587,1.1699,0.9392
32,2012-10-03,40,65+,33.2857,31.2479,25.9883,38.0325,1.1432,0.9684,1.3437,1.0649
33,2012-10-04,40,0-5,37.5714,34.6003,28.8984,41.1072,1.2835,1.0832,1.5204,1.3650
33,2012-10-04,40,6-11,26.7143,26.5291,22.0837,32.0081,1.4783,1.2715,1.7221,1.4862
33,2012-10-04,40,12-17,14.1429,13.9798,11.1911,17.3708,1.3961,1.1977,1.6231,1.3491
33,2012-10-04,40,18-44,75.1429,76.8929,65.0140,90.9251,0.9147,0.7872,1.0634,0.8659
33,2012-10-04,40,45-64,59.7143,60.6290,50.8914,71.5425,1.0042,0.8602,1.1693,0.9220
33,2012-10-04,40,65+,33.5714,33.8034,27.8395,40.6837,1.1447,0.9725,1.3504,1.0388
34,2012-10-05,40,0-5,32.4286,32.9442,27.4620,39.5670,1.2642,1.0699,1.4953,1.3570
34,2012-10-05,40,6-11,27.7143,25.8011,21.3772,31.0379,1.4520,1.2487,1.6878,1.6150
34,2012-10-05,40,12-17,16.2857,13.8156,10.9422,17.1747,1.3701,1.1726,1.5970,1.5496
34,2012-10-05,40,18-44,86.8571,79.0774,67.0302,93.4168,0.9007,0.7761,1.0440,0.9733
34,2012-10-05,40,45-64,72.5714,63.6811,53.8078,75.2457,0.9866,0.8435,1.1484,1.0692
34,2012-10-05,40,65+,42.4286,36.2935,30.2440,43.7709,1.1215,0.9492,1.3170,1.2213
35,2012-10-06,40,0-5,29.4286,31.4402,26.0807,37.8307,1.2404,1.0484,1.4678,1.2535
35,2012-10-06,40,6-11,24.1429,24.9876,20.6548,30.0732,1.4110,1.2133,1.6419,1.4569
35,2012-10-06,40,12-17,14.5714,13.6493,10.9054,16.9884,1.3261,1.1391,1.5488,1.3966
35,2012-10-06,40,18-44,84.1429,81.4017,69.2396,95.6998,0.8715,0.7513,1.0144,0.9005
35,2012-10-06,40,45-64,70.5714,66.6464,56.7948,78.8430,0.9480,0.8133,1.1077,0.9898
35,2012-10-06,40,65+,43.2857,38.6260,32.1934,46.2780,1.0712,0.9107,1.2625,1.1413
36,2012-10-07,41,0-5,30.1429,30.2469,24.9162,36.5696,1.2270,1.0378,1.4548,1.3277
36,2012-10-07,41,6-11,25.5714,24.2379,19.8989,29.1618,1.3807,1.1890,1.6109,1.5511
36,2012-10-07,41,12-17,15.7143,13.6653,10.8471,16.9072,1.2904,1.1078,1.5017,1.4782
36,2012-10-07,41,18-44,92.1429,83.5881,70.4400,98.2269,0.8465,0.7299,0.9807,0.9560
36,2012-10-07,41,45-64,78.1429,69.2863,59.2036,81.4472,0.9147,0.7844,1.0629,1.0467
36,2012-10-07,41,65+,47.7143,40.6977,33.9614,48.5163,1.0239,0.8693,1.2020,1.1971
37,2012-10-08,41,0-5,28.2857,29.3483,24.0908,35.5140,1.2242,1.0381,1.4507,1.2295
37,2012-10-08,41,6-11,23.4286,23.5795,19.4405,28.5945,1.3657,1.1716,1.5966,1.4053
37,2012-10-08,41,12-17,13.4286,13.7186,10.8351,17.0646,1.2651,1.0846,1.4751,1.2879
37,2012-10-08,41,18-44,86.1429,85.2870,71.8478,100.0248,0.8277,0.7161,0.9615,0.8593
37,2012-10-08,41,45-64,73.4286,71.6872,60.8556,84.3674,0.8872,0.7611,1.0323,0.9296
37,2012-10-08,41,65+,43.2857,42.2237,35.3637,50.2631,0.9850,0.8358,1.1601,1.0469
38,2012-10-09,41,0-5,27.0000,28.8532,23.6888,35.0072,1.2273,1.0353,1.4515,1.1952
38,2012-10-09,41,6-11,21.8571,23.1829,19.0576,28.1699,1.3646,1.1711,1.5898,1.3481
38,2012-10-09,41,12-17,12.5714,13.9138,11.0344,17.2475,1.2540,1.0738,1.4662,1.2314
38,2012-10-09,41,18-44,84.1429,86.3770,73.0372,101.6289,0.8173,0.7052,0.9477,0.8323
38,2012-10-09,41,45-64,73.5714,73.7737,62.3892,86.7700,0.8703,0.7444,1.0153,0.9021
38,2012-10-09,41,65+,44.0000,43.2395,36.1849,51.5282,0.9575,0.8139,1.1248,1.0200
39,2012-10-10,41,0-5,27.8571,28.6303,23.5487,34.6122,1.2373,1.0399,1.4687,1.2318
39,2012-10-10,41,6-11,20.8571,22.9354,18.8381,27.8789,1.3741,1.1795,1.6087,1.3369
39,2012-10-10,41,12-17,12.8571,14.1030,11.1323,17.6999,1.2582,1.0758,1.4666,1.2261
39,2012-10-10,41,18-44,86.4286,87.3077,74.1743,101.6260,0.8147,0.7016,0.9470,0.8269
39,2012-10-10,41,45-64,70.4286,75.0399,63.3806,88.5053,0.8621,0.7394,1.0087,0.8775
39,2012-10-10,41,65+,41.8571,43.5222,36.6226,51.8840,0.9421,0.8021,1.1045,0.9755
40,2012-10-11,41,0-5,27.2857,28.5246,23.7040,34.3838,1.2444,1.0472,1.4734,1.2331
40,2012-10-11,41,6-11,21.7143,22.7740,18.7131,27.8809,1.3899,1.1939,1.6184,1.3720
40,2012-10-11,41,12-17,13.4286,14.3137,11.3613,17.9479,1.2688,1.0897,1.4794,1.2519
40,2012-10-11,41,18-44,85.4286,87.3899,74.3388,102.1929,0.8160,0.7027,0.9457,0.8281
40,2012-10-11,41,45-64,70.5714,75.8240,63.9025,89.3730,0.8608,0.7373,1.0046,0.8773
40,2012-10-11,41,65+,41.5714,43.5197,36.5197,51.8223,0.9329,0.7934,1.0956,0.9705
41,2012-10-12,41,0-5,28.8571,28.4260,23.6844,34.5678,1.2452,1.0492,1.4779,1.2836
41,2012-10-12,41,6-11,22.4286,22.7800,18.8351,27.8318,1.4010,1.2011,1.6368,1.4115
41,2012-10-12,41,12-17,12.8571,14.5285,11.5712,18.2824,1.2747,1.0942,1.4810,1.2510
41,2012-10-12,41,18-44,84.5714,87.0407,73.7430,102.2712,0.8130,0.7008,0.9450,0.8418
41,2012-10-12,41,45-64,72.8571,76.0041,64.4306,90.3137,0.8559,0.7334,1.0005,0.8914
41,2012-10-12,41,65+,41.8571,42.9781,35.9655,51.1954,0.9236,0.7860,1.0855,0.9846
42,2012-10-13,41,0-5,28.0000,28.4018,23.5076,34.4491,1.2476,1.0457,1.4831,1.2737
42,2012-10-13,41,6-11,23.0000,22.8795,18.9026,27.9682,1.4131,1.2099,1.6627,1.4399
42,2012-10-13,41,12-17,14.0000,14.7665,11.7284,18.3245,1.2806,1.0962,1.4986,1.3115
42,2012-10-13,41,18-44,84.1429,86.2923,73.2152,101.1448,0.8130,0.7009,0.9484,0.8527
42,2012-10-13,41,45-64,76.4286,75.7919,64.3361,89.9827,0.8537,0.7321,0.9990,0.9094
42,2012-10-13,41,65+,40.4286,42.1019,35.3770,50.1963,0.9170,0.7808,1.0775,0.9850
43,2012-10-14,42,0-5,28.7143,28.3122,23.5283,34.4626,1.2376,1.0424,1.4719,1.2901
43,2012-10-14,42,6-11,23.0000,23.0998,19.0709,28.0428,1.4182,1.2135,1.6527,1.4418
43,2012-10-14,42,12-17,14.8571,14.9700,11.9570,18.4853,1.2737,1.0897,1.4863,1.3347
43,2012-10-14,42,18-44,83.5714,85.3253,72.2370,99.9244,0.8087,0.6981,0.9393,0.8521
43,2012-10-14,42,45-64,75.7143,75.1074,63.7315,88.9008,0.8460,0.7269,0.9879,0.9073
43,2012-10-14,42,65+,41.0000,41.0631,34.3438,49.1747,0.9077,0.7693,1.0638,0.9878
44,2012-10-15,42,0-5,28.8571,28.1328,23.2953,34.0312,1.2225,1.0338,1.4538,1.2816
44,2012-10-15,42,6-11,23.2857,23.4198,19.2693,28.2932,1.4181,1.2115,1.6579,1.4367
44,2012-10-15,42,12-17,16.0000,15.1091,12.1541,18.7014,1.2611,1.0775,1.4732,1.3554
44,2012-10-15,42,18-44,81.4286,84.3986,71.4258,99.0498,0.8017,0.6893,0.9304,0.8410
44,2012-10-15,42,45-64,75.0000,74.0241,62.9194,87.2806,0.8379,0.7165,0.9796,0.8966
44,2012-10-15,42,65+,40.7143,39.8056,33.2721,47.7308,0.8959,0.7619,1.0536,0.9767
45,2012-10-16,42,0-5,30.1429,27.8488,23.1991,33.5651,1.2052,1.0127,1.4352,1.3232
45,2012-10-16,42,6-11,23.8571,23.7085,19.4220,28.5459,1.4067,1.2002,1.6468,1.4615
45,2012-10-16,42,12-17,16.5714,15.2107,12.2402,18.8414,1.2413,1.0625,1.4559,1.3624
45,2012-10-16,42,18-44,85.0000,83.4177,70.5426,98.0219,0.7899,0.6808,0.9187,0.8488
45,2012-10-16,42,45-64,73.0000,72.6883,61.5740,85.5202,0.8256,0.7060,0.9634,0.8878
45,2012-10-16,42,65+,38.0000,38.6585,32.3255,46.2032,0.8833,0.7522,1.0364,0.9470
46,2012-10-17,42,0-5,30.4286,27.4010,22.8951,33.1707,1.1890,0.9984,1.4201,1.3216
46,2012-10-17,42,6-11,25.1429,23.9467,19.5363,28.9601,1.3933,1.1913,1.6304,1.4841
46,2012-10-17,42,12-17,16.4286,15.2174,12.1125,18.8213,1.2210,1.0458,1.4264,1.3468
46,2012-10-17,42,18-44,84.2857,82.3803,70.1560,96.9463,0.7778,0.6699,0.9056,0.8462
46,2012-10-17,42,45-64,73.7143,71.2601,60.1863,83.3667,0.8112,0.6948,0.9493,0.8843
46,2012-10-17,42,65+,36.8571,37.5052,31.2736,44.7157,0.8701,0.7401,1.0232,0.9376
47,2012-10-18,42,0-5,28.5714,26.9873,22.4208,32.6530,1.1777,0.9875,1.4095,1.2765
47,2012-10-18,42,6-11,24.1429,24.2341,19.7933,29.2827,1.3768,1.1791,1.6200,1.4481
47,2012-10-18,42,12-17,16.0000,15.1062,12.0721,18.6626,1.2027,1.0286,1.4118,1.3229
47,2012-10-18,42,18-44,85.7143,81.1244,69.1983,95.5172,0.7653,0.6589,0.8913,0.8415
47,2012-10-18,42,45-64,73.2857,69.4740,58.7597,81.4371,0.7989,0.6838,0.9349,0.8837
47,2012-10-18,42,65+,37.4286,36.4565,30.4632,43.3739,0.8573,0.7292,1.0093,0.9442
48,2012-10-19,42,0-5,25.4286,26.6700,21.9049,32.3820,1.1742,0.9869,1.3957,1.1723
48,2012-10-19,42,6-11,25.0000,24.3756,20.0164,29.5576,1.3624,1.1619,1.5986,1.4146
48,2012-10-19,42,12-17,16.4286,14.9795,11.9525,18.5630,1.1892,1.0175,1.3906,1.2840
48,2012-10-19,42,18-44,80.8571,79.8137,67.9349,94.0056,0.7566,0.6524,0.8766,0.7922
48,2012-10-19,42,45-64,68.0000,67.9614,57.6756,80.0082,0.7907,0.6781,0.9228,0.8313
48,2012-10-19,42,65+,35.0000,35.5095,29.6326,42.2071,0.8467,0.7199,0.9945,0.8873
49,2012-10-20,42,0-5,25.4286,26.3434,21.4889,32.0412,1.1797,0.9909,1.4034,1.1653
49,2012-10-20,42,6-11,25.5714,24.5883,20.1883,29.8039,1.3528,1.1596,1.5841,1.4034
49,2012-10-20,42,12-17,15.0000,14.8336,11.8350,18.4270,1.1864,1.0133,1.3940,1.2123
49,2012-10-20,42,18-44,77.5714,78.4054,66.9324,92.1728,0.7525,0.6502,0.8743,0.7704
49,2012-10-20,42,45-64,64.1429,66.7185,56.6926,78.2848,0.7883,0.6751,0.9249,0.8041
49,2012-10-20,42,65+,34.8571,34.6308,28.8914,41.3244,0.8436,0.7165,0.9919,0.8727
50,2012-10-21,43,0-5,25.4286,26.1205,21.5422,31.7956,1.1966,1.0064,1.4258,1.1800
50,2012-10-21,43,6-11,24.8571,24.6694,20.1534,30.1050,1.3506,1.1525,1.5807,1.3889
50,2012-10-21,43,12-17,14.4286,14.6217,11.7293,18.2540,1.1932,1.0161,1.3972,1.2042
50,2012-10-21,43,18-44,76.8571,76.5161,65.2369,90.2275,0.7535,0.6494,0.8763,0.7748
50,2012-10-21,43,45-64,64.0000,65.6343,55.7030,76.8160,0.7911,0.6744,0.9287,0.8094
50,2012-10-21,43,65+,34.0000,33.6788,28.1866,40.2185,0.8442,0.7167,0.9961,0.8757
51,2012-10-22,43,0-5,24.5714,26.1503,21.4946,32.0586,1.2266,1.0279,1.4637,1.1814
51,2012-10-22,43,6-11,25.0000,24.5603,20.1592,30.2013,1.3568,1.1606,1.5909,1.4037
51,2012-10-22,43,12-17,14.4286,14.4317,11.5820,18.1273,1.2071,1.0305,1.4199,1.2234
51,2012-10-22,43,18-44,76.8571,74.3544,63.1322,87.3213,0.7605,0.6545,0.8838,0.7845
51,2012-10-22,43,45-64,63.8571,64.7818,54.8830,75.8420,0.7995,0.6818,0.9375,0.8201
51,2012-10-22,43,65+,33.0000,32.7413,27.3876,39.1692,0.8509,0.7217,1.0020,0.8806
52,2012-10-23,43,0-5,25.8571,26.5110,21.7567,32.4819,1.2571,1.0580,1.4915,1.1916
52,2012-10-23,43,6-11,25.1429,24.5297,20.1822,29.8142,1.3677,1.1702,1.6050,1.3796
52,2012-10-23,43,12-17,14.0000,14.2813,11.4171,17.9994,1.2342,1.0519,1.4519,1.1928
52,2012-10-23,43,18-44,69.5714,72.0914,61.4676,84.9510,0.7731,0.6669,0.9003,0.7592
52,2012-10-23,43,45-64,61.8571,64.0787,54.2710,75.5341,0.8146,0.6957,0.9571,0.7971
52,2012-10-23,43,65+,32.4286,31.7225,26.3215,38.1696,0.8639,0.7335,1.0158,0.8665
53,2012-10-24,43,0-5,23.8571,27.0189,22.1273,33.0203,1.2894,1.0848,1.5312,1.1307
53,2012-10-24,43,6-11,23.4286,24.2864,20.0347,29.4042,1.3897,1.1887,1.6255,1.3144
53,2012-10-24,43,12-17,12.8571,14.2145,11.2987,17.7655,1.2704,1.0848,1.4896,1.1542
53,2012-10-24,43,18-44,64.8571,69.8416,59.3142,82.4480,0.7900,0.6843,0.9148,0.7372
53,2012-10-24,43,45-64,62.2857,63.7866,54.0813,75.1690,0.8331,0.7144,0.9728,0.7860
53,2012-10-24,43,65+,30.4286,30.9412,25.5910,37.2130,0.8814,0.7493,1.0368,0.8475
54,2012-10-25,43,0-5,27.2857,27.6319,22.9271,33.4722,1.3131,1.1034,1.5737,1.2422
54,2012-10-25,43,6-11,23.8571,24.0374,19.8676,29.1871,1.4101,1.2056,1.6470,1.3610
54,2012-10-25,43,12-17,12.7143,14.1994,11.3302,17.8203,1.3063,1.1158,1.5298,1.1803
54,2012-10-25,43,18-44,64.4286,68.2503,57.8246,80.4491,0.8047,0.6943,0.9341,0.7636
54,2012-10-25,43,45-64,62.2857,63.5716,53.9250,75.0715,0.8502,0.7268,0.9931,0.8060
54,2012-10-25,43,65+,30.0000,30.1735,24.9491,36.4043,0.9011,0.7674,1.0557,0.8663
55,2012-10-26,43,0-5,29.0000,28.2233,23.3937,34.1178,1.3353,1.1208,1.5911,1.3090
55,2012-10-26,43,6-11,22.5714,23.8237,19.7156,28.9419,1.4316,1.2264,1.6678,1.3672
55,2012-10-26,43,12-17,12.7143,14.3064,11.4119,17.9682,1.3346,1.1401,1.5657,1.2207
55,2012-10-26,43,18-44,66.1429,66.7992,56.5368,79.3242,0.8174,0.7059,0.9460,0.7928
55,2012-10-26,43,45-64,64.1429,63.2622,53.7813,74.6626,0.8649,0.7384,1.0091,0.8343
55,2012-10-26,43,65+,28.2857,29.5512,24.3786,35.7148,0.9202,0.7834,1.0780,0.8766
56,2012-10-27,43,0-5,30.0000,29.0022,23.9616,34.7193,1.3421,1.1317,1.5930,1.3474
56,2012-10-27,43,6-11,23.1429,23.6009,19.5163,28.6503,1.4460,1.2392,1.6902,1.4186
56,2012-10-27,43,12-17,14.4286,14.4697,11.6094,18.1342,1.3544,1.1553,1.5859,1.3129
56,2012-10-27,43,18-44,67.7143,65.6448,55.6930,77.9779,0.8235,0.7119,0.9537,0.8176
56,2012-10-27,43,45-64,64.0000,62.9197,53.5548,74.0747,0.8746,0.7465,1.0229,0.8572
56,2012-10-27,43,65+,27.8571,29.1381,24.1336,35.2290,0.9392,0.7973,1.1045,0.8926
57,2012-10-28,44,0-5,29.5714,29.6436,24.5119,35.4337,1.3456,1.1287,1.6026,1.3143
57,2012-10-28,44,6-11,23.2857,23.4768,19.3538,28.5755,1.4539,1.2478,1.6993,1.4170
57,2012-10-28,44,12-17,15.4286,14.6977,11.8414,18.4839,1.3720,1.1712,1.6063,1.3420
57,2012-10-28,44,18-44,65.5714,64.7859,55.1860,77.5567,0.8283,0.7181,0.9598,0.8070
57,2012-10-28,44,45-64,62.7143,62.5700,53.1346,73.5777,0.8826,0.7577,1.0312,0.8508
57,2012-10-28,44,65+,27.8571,29.1128,24.0283,35.2068,0.9574,0.8143,1.1261,0.8914
58,2012-10-29,44,0-5,30.7143,30.1550,25.0026,36.1675,1.3418,1.1315,1.5963,1.3310
58,2012-10-29,44,6-11,24.7143,23.4468,19.3124,28.4810,1.4608,1.2519,1.7074,1.4600
58,2012-10-29,44,12-17,15.8571,15.0122,12.1108,18.7313,1.3760,1.1763,1.6194,1.3595
58,2012-10-29,44,18-44,64.1429,64.2546,54.8969,76.2240,0.8298,0.7200,0.9628,0.8122
58,2012-10-29,44,45-64,63.4286,62.3676,53.0264,73.8213,0.8876,0.7618,1.0394,0.8585
58,2012-10-29,44,65+,28.0000,29.3909,24.2148,35.5360,0.9733,0.8296,1.1469,0.9026
59,2012-10-30,44,0-5,31.1429,30.7428,25.5044,36.8197,1.3299,1.1179,1.5914,1.3342
59,2012-10-30,44,6-11,23.8571,23.5750,19.3923,28.4632,1.4648,1.2557,1.7047,1.4412
59,2012-10-30,44,12-17,15.8571,15.3412,12.3684,19.0298,1.3767,1.1759,1.6098,1.3554
59,2012-10-30,44,18-44,64.8571,63.8918,54.1974,75.9576,0.8291,0.7181,0.9579,0.8170
59,2012-10-30,44,45-64,63.2857,62.3668,52.5832,73.5769,0.8894,0.7623,1.0394,0.8669
59,2012-10-30,44,65+,29.4286,30.0149,24.8003,36.3165,0.9861,0.8379,1.1584,0.9259
60,2012-10-31,44,0-5,33.4286,31.1162,25.8445,37.2160,1.3178,1.1134,1.5642,1.3958
60,2012-10-31,44,6-11,24.1429,23.7279,19.4467,28.5665,1.4618,1.2537,1.7024,1.4751
60,2012-10-31,44,12-17,17.0000,15.6884,12.6465,19.4394,1.3666,1.1645,1.6023,1.4039
60,2012-10-31,44,18-44,67.4286,63.7804,53.9894,75.7668,0.8230,0.7121,0.9495,0.8418
60,2012-10-31,44,45-64,63.1429,62.2770,52.8259,73.7911,0.8852,0.7580,1.0310,0.8895
60,2012-10-31,44,65+,31.7143,30.9694,25.6992,37.2305,0.9876,0.8382,1.1591,0.9656
61,2012-11-01,44,0-5,30.8571,31.4628,26.1499,37.6940,1.3067,1.0982,1.5586,1.2944
61,2012-11-01,44,6-11,23.2857,23.9836,19.6276,28.8373,1.4658,1.2570,1.7135,1.4120
61,2012-11-01,44,12-17,16.7143,15.9678,12.8424,19.7368,1.3549,1.1578,1.5883,1.3548
61,2012-11-01,44,18-44,64.7143,63.9289,54.0577,75.9848,0.8178,0.7075,0.9470,0.8064
61,2012-11-01,44,45-64,61.8571,62.4848,53.1159,74.0391,0.8788,0.7521,1.0266,0.8618
61,2012-11-01,44,65+,32.0000,32.0641,26.8056,38.6745,0.9839,0.8360,1.1593,0.9458
62,2012-11-02,44,0-5,32.2857,31.6457,26.3749,37.8303,1.2926,1.0851,1.5400,1.3339
62,2012-11-02,44,6-11,24.8571,24.2971,19.9468,29.4091,1.4650,1.2564,1.7160,1.4754
62,2012-11-02,44,12-17,17.4286,16.2070,12.9817,20.0774,1.3424,1.1429,1.5728,1.3986
62,2012-11-02,44,18-44,65.0000,64.0782,54.0520,75.8904,0.8093,0.7010,0.9355,0.8319
62,2012-11-02,44,45-64,64.7143,62.6974,53.4093,74.5966,0.8679,0.7426,1.0106,0.8964
62,2012-11-02,44,65+,35.2857,33.1993,27.6963,39.9285,0.9718,0.8238,1.1451,1.0025
63,2012-11-03,44,0-5,32.7143,31.8231,26.3262,37.8938,1.2858,1.0796,1.5307,1.3184
63,2012-11-03,44,6-11,23.7143,24.6973,20.3418,29.8577,1.4702,1.2597,1.7217,1.4218
63,2012-11-03,44,12-17,17.1429,16.4515,13.0642,20.2511,1.3334,1.1436,1.5636,1.3573
63,2012-11-03,44,18-44,63.2857,64.2921,54.3032,76.1949,0.8044,0.6986,0.9275,0.8116
63,2012-11-03,44,45-64,63.4286,62.9565,53.5741,74.6833,0.8574,0.7376,0.9989,0.8767
63,2012-11-03,44,65+,36.5714,34.1340,28.3715,40.9291,0.9557,0.8107,1.1282,0.9954
64,2012-11-04,45,0-5,32.4286,31.8591,26.4021,37.9120,1.2816,1.0738,1.5229,1.3028
64,2012-11-04,45,6-11,25.0000,25.2431,20.7791,30.5275,1.4741,1.2597,1.7302,1.4457
64,2012-11-04,45,12-17,16.4286,16.6409,13.3389,20.3181,1.3314,1.1400,1.5613,1.3271
64,2012-11-04,45,18-44,62.8571,64.7834,55.0181,77.0197,0.8010,0.6938,0.9247,0.8073
64,2012-11-04,45,45-64,64.5714,63.2463,53.8124,74.8298,0.8474,0.7289,0.9894,0.8717
64,2012-11-04,45,65+,36.1429,34.7936,29.0258,41.6980,0.9392,0.7979,1.1082,0.9820
65,2012-11-05,45,0-5,31.4286,31.7977,26.3920,38.0924,1.2817,1.0759,1.5278,1.2730
65,2012-11-05,45,6-11,24.1429,25.8505,21.3606,31.1829,1.4767,1.2639,1.7165,1.4113
65,2012-11-05,45,12-17,16.0000,16.9175,13.5831,20.7141,1.3331,1.1363,1.5612,1.3000
65,2012-11-05,45,18-44,63.5714,65.6216,55.8554,77.5708,0.7972,0.6906,0.9225,0.7967
65,2012-11-05,45,45-64,63.7143,63.1581,53.5927,75.0122,0.8393,0.7218,0.9784,0.8588
65,2012-11-05,45,65+,35.8571,35.1079,29.3710,42.1214,0.9248,0.7862,1.0903,0.9642
66,2012-11-06,45,0-5,30.4286,31.7100,26.3613,38.1553,1.2828,1.0796,1.5312,1.2591
66,2012-11-06,45,6-11,24.5714,26.4739,21.8780,31.9934,1.4757,1.2630,1.7266,1.4231
66,2012-11-06,45,12-17,16.0000,17.1788,13.9134,21.1383,1.3375,1.1417,1.5644,1.2941
66,2012-11-06,45,18-44,65.8571,66.5727,56.5329,78.7933,0.7960,0.6902,0.9223,0.7948
66,2012-11-06,45,45-64,61.5714,63.0303,53.4951,74.6725,0.8347,0.7172,0.9714,0.8471
66,2012-11-06,45,65+,35.0000,35.2077,29.4741,42.3179,0.9162,0.7788,1.0814,0.9432
67,2012-11-07,45,0-5,30.5714,31.6843,26.3749,38.2866,1.2856,1.0816,1.5243,1.2749
67,2012-11-07,45,6-11,26.0000,27.0385,22.3627,32.5772,1.4593,1.2491,1.7068,1.4716
67,2012-11-07,45,12-17,17.5714,17.5142,14.1605,21.5323,1.3404,1.1433,1.5735,1.3583
67,2012-11-07,45,18-44,66.5714,67.4082,57.1594,79.8463,0.7935,0.6871,0.9168,0.8074
67,2012-11-07,45,45-64,61.8571,62.4278,52.7907,73.7965,0.8281,0.7112,0.9628,0.8588
67,2012-11-07,45,65+,35.2857,35.2228,29.2503,42.1050,0.9075,0.7733,1.0680,0.9520
68,2012-11-08,45,0-5,33.0000,31.7286,26.3517,38.3019,1.2776,1.0722,1.5203,1.3527
68,2012-11-08,45,6-11,30.2857,27.4549,22.6576,33.0920,1.4328,1.2232,1.6833,1.5982
68,2012-11-08,45,12-17,17.7143,17.8398,14.3949,21.8800,1.3375,1.1413,1.5677,1.3808
68,2012-11-08,45,18-44,68.5714,68.3045,57.9890,80.3129,0.7879,0.6809,0.9114,0.8345
68,2012-11-08,45,45-64,63.0000,61.5755,52.4424,72.6251,0.8218,0.7043,0.9577,0.8751
68,2012-11-08,45,65+,34.8571,34.9544,29.0311,41.9780,0.9025,0.7642,1.0637,0.9597
69,2012-11-09,45,0-5,31.8571,31.7032,26.5470,38.2465,1.2643,1.0603,1.5174,1.3115
69,2012-11-09,45,6-11,29.8571,27.6359,22.9010,32.9929,1.4016,1.1977,1.6392,1.5469
69,2012-11-09,45,12-17,17.1429,18.2276,14.7015,22.3230,1.3383,1.1411,1.5706,1.3334
69,2012-11-09,45,18-44,69.1429,69.2191,58.5685,80.9056,0.7811,0.6754,0.9065,0.8150
69,2012-11-09,45,45-64,60.7143,60.7448,51.8659,71.9069,0.8172,0.7003,0.9559,0.8531
69,2012-11-09,45,65+,35.1429,34.6854,28.6905,41.5282,0.8983,0.7617,1.0603,0.9446
70,2012-11-10,45,0-5,31.0000,31.7369,26.3499,38.1082,1.2597,1.0546,1.5056,1.2823
70,2012-11-10,45,6-11,29.8571,27.4448,22.5559,32.7091,1.3728,1.1796,1.6093,1.5189
70,2012-11-10,45,12-17,19.1429,18.6398,15.0264,22.8655,1.3430,1.1455,1.5679,1.3803
70,2012-11-10,45,18-44,70.1429,69.8697,59.2296,82.0563,0.7792,0.6727,0.9025,0.8053
70,2012-11-10,45,45-64,59.4286,60.1001,51.0857,71.0988,0.8172,0.7019,0.9533,0.8402
70,2012-11-10,45,65+,33.4286,34.5106,28.5040,41.4576,0.9024,0.7663,1.0644,0.9151
71,2012-11-11,46,0-5,31.2857,31.8072,26.5425,38.1572,1.2545,1.0543,1.4907,1.2801
71,2012-11-11,46,6-11,29.1429,26.9595,22.1517,32.3583,1.3491,1.1589,1.5831,1.4780
71,2012-11-11,46,12-17,19.1429,19.0833,15.4431,23.3043,1.3445,1.1489,1.5800,1.3606
71,2012-11-11,46,18-44,70.5714,70.3696,59.7574,82.5590,0.7781,0.6730,0.9028,0.7966
71,2012-11-11,46,45-64,59.0000,59.4867,50.3358,70.2089,0.8195,0.7057,0.9574,0.8288
71,2012-11-11,46,65+,32.1429,34.3937,28.5836,41.4014,0.9097,0.7717,1.0719,0.8950
72,2012-11-12,46,0-5,32.5714,31.8397,26.4211,38.0983,1.2471,1.0458,1.4808,1.3103
72,2012-11-12,46,6-11,27.4286,26.3859,21.7327,31.4430,1.3353,1.1441,1.5615,1.4361
72,2012-11-12,46,12-17,19.4286,19.4903,15.8920,24.0189,1.3489,1.1512,1.5849,1.3538
72,2012-11-12,46,18-44,72.2857,70.7792,59.9279,83.1456,0.7783,0.6736,0.9010,0.7986
72,2012-11-12,46,45-64,57.0000,59.1927,49.8023,70.2574,0.8232,0.7096,0.9552,0.8275
72,2012-11-12,46,65+,33.7143,34.5163,28.8005,41.3471,0.9155,0.7779,1.0750,0.9103
73,2012-11-13,46,0-5,33.2857,31.6637,26.3538,37.9398,1.2404,1.0470,1.4778,1.3205
73,2012-11-13,46,6-11,27.1429,25.5205,20.9566,30.6622,1.3358,1.1449,1.5596,1.4347
73,2012-11-13,46,12-17,21.2857,19.9471,16.1811,24.5054,1.3542,1.1556,1.5899,1.4131
73,2012-11-13,46,18-44,71.5714,70.9761,59.9189,83.4705,0.7830,0.6766,0.9079,0.8063
73,2012-11-13,46,45-64,58.8571,58.9252,49.7801,69.9219,0.8310,0.7129,0.9674,0.8431
73,2012-11-13,46,65+,34.2857,34.7243,29.0774,41.6870,0.9231,0.7824,1.0930,0.9275
74,2012-11-14,46,0-5,32.2857,31.5212,26.1930,37.7695,1.2381,1.0424,1.4681,1.2744
74,2012-11-14,46,6-11,25.4286,24.7518,20.2167,29.8555,1.3496,1.1564,1.5773,1.3739
74,2012-11-14,46,12-17,19.8571,20.2963,16.4782,24.7615,1.3598,1.1631,1.5962,1.3457
74,2012-11-14,46,18-44,68.8571,71.2444,60.1311,83.8406,0.7883,0.6817,0.9151,0.7866
74,2012-11-14,46,45-64,59.5714,59.1248,49.9640,70.1384,0.8384,0.7215,0.9793,0.8338
74,2012-11-14,46,65+,35.4286,34.9626,29.2110,41.9945,0.9300,0.7885,1.0930,0.9334
75,2012-11-15,46,0-5,29.8571,31.2003,25.9524,37.5284,1.2422,1.0479,1.4780,1.2138
75,2012-11-15,46,6-11,21.4286,24.0890,19.7343,29.0778,1.3710,1.1767,1.6023,1.2789
75,2012-11-15,46,12-17,20.5714,20.5451,16.7652,25.0275,1.3704,1.1713,1.6059,1.3487
75,2012-11-15,46,18-44,69.2857,71.2694,60.8792,84.1416,0.7966,0.6911,0.9231,0.7724
75,2012-11-15,46,45-64,58.5714,59.6546,50.3723,70.7876,0.8494,0.7299,0.9903,0.8255
75,2012-11-15,46,65+,35.5714,35.1651,29.3401,42.2065,0.9336,0.7921,1.1009,0.9262
76,2012-11-16,46,0-5,30.5714,30.8313,25.6696,37.0849,1.2555,1.0534,1.4944,1.2410
76,2012-11-16,46,6-11,19.8571,23.6295,19.3339,28.7269,1.4066,1.2003,1.6448,1.2675
76,2012-11-16,46,12-17,21.5714,20.7058,16.8874,25.2996,1.3765,1.1753,1.6086,1.3785
76,2012-11-16,46,18-44,69.8571,71.3605,60.5867,84.7602,0.8081,0.6980,0.9371,0.7802
76,2012-11-16,46,45-64,58.7143,60.5879,50.9385,71.6311,0.8605,0.7364,1.0031,0.8312
76,2012-11-16,46,65+,35.1429,35.2753,29.2893,42.2312,0.9351,0.7939,1.1024,0.9252
77,2012-11-17,46,0-5,29.5714,30.5235,25.2690,36.4869,1.2628,1.0633,1.4937,1.2466
77,2012-11-17,46,6-11,21.2857,23.4843,19.1492,28.6313,1.4382,1.2325,1.6865,1.3393
77,2012-11-17,46,12-17,20.4286,20.7949,16.9577,25.2443,1.3815,1.1843,1.6144,1.3622
77,2012-11-17,46,18-44,71.0000,71.5817,60.7315,85.1243,0.8160,0.7056,0.9454,0.7996
77,2012-11-17,46,45-64,60.1429,61.6588,52.0194,73.2153,0.8690,0.7444,1.0173,0.8532
77,2012-11-17,46,65+,37.0000,35.0705,29.1236,42.0408,0.9368,0.7945,1.1034,0.9608
78,2012-11-18,47,0-5,30.4286,30.2120,24.9716,36.2482,1.2656,1.0649,1.5003,1.2926
78,2012-11-18,47,6-11,22.1429,23.5908,19.1858,28.8642,1.4657,1.2575,1.7174,1.4004
78,2012-11-18,47,12-17,21.0000,20.7711,17.0652,25.1901,1.3807,1.1831,1.6157,1.3926
78,2012-11-18,47,18-44,73.0000,71.5575,60.5735,84.5836,0.8211,0.7101,0.9507,0.8212
78,2012-11-18,47,45-64,60.4286,62.9705,52.9975,74.2151,0.8749,0.7488,1.0198,0.8698
78,2012-11-18,47,65+,38.0000,34.6684,28.8216,41.8402,0.9372,0.7955,1.1017,0.9806
79,2012-11-19,47,0-5,30.8571,29.8443,24.6556,36.0730,1.2707,1.0704,1.5122,1.2992
79,2012-11-19,47,6-11,23.7143,23.9429,19.4309,29.2690,1.4861,1.2731,1.7469,1.4456
79,2012-11-19,47,12-17,21.5714,20.6361,16.9696,25.0825,1.3762,1.1778,1.6093,1.4199
79,2012-11-19,47,18-44,71.0000,71.3659,60.3293,84.3516,0.8224,0.7125,0.9525,0.8247
79,2012-11-19,47,45-64,65.4286,64.4238,54.2381,75.5802,0.8756,0.7496,1.0207,0.8757
79,2012-11-19,47,65+,33.8571,34.1845,28.3541,41.4038,0.9344,0.7938,1.1003,0.9432
80,2012-11-20,47,0-5,28.8571,29.5535,24.4547,36.0037,1.2716,1.0734,1.5131,1.2602
80,2012-11-20,47,6-11,24.1429,24.5290,20.0468,29.8611,1.4997,1.2815,1.7544,1.4566
80,2012-11-20,47,12-17,20.0000,20.4757,16.7695,24.9476,1.3678,1.1701,1.6035,1.3850
80,2012-11-20,47,18-44,71.5714,71.1628,60.4751,84.1713,0.8211,0.7114,0.9518,0.8292
80,2012-11-20,47,45-64,69.1429,65.9014,55.7561,77.2162,0.8718,0.7489,1.0200,0.8889
80,2012-11-20,47,65+,33.7143,33.6762,27.7042,40.6607,0.9313,0.7927,1.0968,0.9518
81,2012-11-21,47,0-5,28.5714,29.4087,24.2029,35.5126,1.2722,1.0679,1.5061,1.2478
81,2012-11-21,47,6-11,24.5714,25.2973,20.7511,30.8408,1.4969,1.2778,1.7507,1.4471
81,2012-11-21,47,12-17,19.8571,20.2983,16.5495,24.7316,1.3579,1.1616,1.5887,1.3582
81,2012-11-21,47,18-44,71.5714,70.9890,60.1684,84.1630,0.8167,0.7077,0.9448,0.8118
81,2012-11-21,47,45-64,67.5714,67.0449,56.7020,78.8244,0.8652,0.7433,1.0136,0.8603
81,2012-11-21,47,65+,30.5714,33.2940,27.5919,40.3029,0.9288,0.7920,1.0915,0.9004
82,2012-11-22,47,0-5,30.2857,29.3119,24.3013,35.3040,1.2699,1.0663,1.5022,1.3002
82,2012-11-22,47,6-11,27.7143,26.0817,21.4948,31.7019,1.4806,1.2700,1.7400,1.5340
82,2012-11-22,47,12-17,19.5714,20.1367,16.4987,24.5925,1.3448,1.1494,1.5697,1.3657
82,2012-11-22,47,18-44,71.4286,70.9805,60.6085,83.9700,0.8098,0.7007,0.9375,0.8280
82,2012-11-22,47,45-64,69.2857,67.7632,57.4740,79.8659,0.8570,0.7342,1.0012,0.8741
82,2012-11-22,47,65+,31.1429,33.1468,27.4745,39.8030,0.9274,0.7910,1.0887,0.9189
83,2012-11-23,47,0-5,28.5714,29.2974,24.2472,35.1158,1.2684,1.0670,1.5079,1.2537
83,2012-11-23,47,6-11,28.8571,26.6864,22.1219,32.4865,1.4591,1.2516,1.7084,1.5366
83,2012-11-23,47,12-17,19.8571,20.0291,16.3739,24.4183,1.3270,1.1380,1.5470,1.3752
83,2012-11-23,47,18-44,69.8571,71.0140,60.8524,84.5629,0.8007,0.6949,0.9270,0.8212
83,2012-11-23,47,45-64,70.4286,68.0385,57.6829,80.5577,0.8458,0.7273,0.9840,0.8776
83,2012-11-23,47,65+,32.4286,33.2101,27.7536,40.0408,0.9234,0.7857,1.0858,0.9348
84,2012-11-24,47,0-5,29.5714,29.3639,24.2633,35.3843,1.2679,1.0670,1.5067,1.2824
84,2012-11-24,47,6-11,29.0000,27.1644,22.4919,32.9654,1.4358,1.2316,1.6804,1.5274
84,2012-11-24,47,12-17,20.7143,19.9441,16.2346,24.3585,1.3121,1.1240,1.5326,1.3944
84,2012-11-24,47,18-44,71.7143,71.1552,60.7428,84.5436,0.7928,0.6878,0.9168,0.8245
84,2012-11-24,47,45-64,69.0000,67.7072,57.3923,80.0347,0.8356,0.7176,0.9740,0.8744
84,2012-11-24,47,65+,32.7143,33.4919,28.0473,40.1863,0.9199,0.7824,1.0843,0.9337
85,2012-11-25,48,0-5,29.1429,29.5165,24.4282,35.5394,1.2659,1.0639,1.5002,1.2699
85,2012-11-25,48,6-11,28.0000,27.4880,22.7344,32.9289,1.4140,1.2144,1.6547,1.4845
85,2012-11-25,48,12-17,20.4286,19.8512,16.2089,24.2008,1.2966,1.1105,1.5176,1.3821
85,2012-11-25,48,18-44,72.2857,71.3241,60.8482,85.0348,0.7842,0.6808,0.9083,0.8223
85,2012-11-25,48,45-64,69.5714,67.0359,56.6566,78.6891,0.8264,0.7102,0.9623,0.8775
85,2012-11-25,48,65+,34.1429,33.8940,28.4303,40.6081,0.9159,0.7770,1.0781,0.9485
86,2012-11-26,48,0-5,27.7143,29.8460,24.6581,35.9611,1.2638,1.0644,1.5070,1.2361
86,2012-11-26,48,6-11,27.7143,27.5057,22.7316,33.1975,1.3943,1.1993,1.6315,1.4572
86,2012-11-26,48,12-17,19.0000,19.6844,16.1612,23.8942,1.2865,1.0998,1.5067,1.3236
86,2012-11-26,48,18-44,73.4286,71.6086,61.2242,85.0204,0.7767,0.6739,0.8977,0.8099
86,2012-11-26,48,45-64,67.0000,66.2375,55.8721,77.3698,0.8172,0.7021,0.9523,0.8623
86,2012-11-26,48,65+,35.7143,34.5108,28.8141,41.3896,0.9079,0.7704,1.0693,0.9504
87,2012-11-27,48,0-5,27.7143,30.2042,24.9313,36.4200,1.2614,1.0600,1.5055,1.2237
87,2012-11-27,48,6-11,27.4286,27.3332,22.7063,32.8719,1.3811,1.1803,1.6153,1.4271
87,2012-11-27,48,12-17,20.1429,19.6249,15.9651,23.7410,1.2839,1.0958,1.5047,1.3289
87,2012-11-27,48,18-44,72.1429,71.7190,61.2333,84.5223,0.7734,0.6698,0.8920,0.7882
87,2012-11-27,48,45-64,63.1429,65.2151,55.0900,76.6008,0.8138,0.6998,0.9482,0.8323
87,2012-11-27,48,65+,34.8571,35.1097,29.2666,42.1680,0.9041,0.7686,1.0612,0.9168
88,2012-11-28,48,0-5,31.0000,30.5790,25.3732,36.6774,1.2541,1.0486,1.4980,1.3098
88,2012-11-28,48,6-11,28.8571,27.1612,22.5396,32.8337,1.3711,1.1773,1.6021,1.4715
88,2012-11-28,48,12-17,19.4286,19.5039,15.8605,23.7268,1.2852,1.0963,1.5083,1.3126
88,2012-11-28,48,18-44,72.2857,71.6012,61.0944,84.8111,0.7696,0.6671,0.8897,0.8007
88,2012-11-28,48,45-64,61.8571,64.4045,54.4645,76.2117,0.8120,0.6974,0.9477,0.8363
88,2012-11-28,48,65+,36.7143,35.4779,29.4532,42.3312,0.9000,0.7637,1.0644,0.9378
89,2012-11-29,48,0-5,31.7143,30.9070,25.6405,37.1513,1.2350,1.0372,1.4647,1.3094
89,2012-11-29,48,6-11,25.5714,26.9896,22.2568,32.5558,1.3617,1.1642,1.5880,1.3853
89,2012-11-29,48,12-17,20.1429,19.4522,15.8959,23.6882,1.2841,1.0954,1.5082,1.3239
89,2012-11-29,48,18-44,71.7143,71.3744,60.9151,83.9650,0.7644,0.6621,0.8814,0.7907
89,2012-11-29,48,45-64,61.0000,63.7318,53.7682,75.5166,0.8105,0.6957,0.9462,0.8283
89,2012-11-29,48,65+,36.4286,35.6244,29.6370,42.4428,0.8975,0.7615,1.0535,0.9269
90,2012-11-30,48,0-5,32.4286,31.1450,25.8810,37.2943,1.2171,1.0224,1.4425,1.3156
90,2012-11-30,48,6-11,25.7143,26.6006,21.9095,32.1765,1.3624,1.1666,1.6004,1.3911
90,2012-11-30,48,12-17,19.4286,19.3546,15.8627,23.6938,1.2945,1.1051,1.5235,1.3092
90,2012-11-30,48,18-44,71.1429,70.6423,59.9548,83.1216,0.7632,0.6606,0.8840,0.7916
90,2012-11-30,48,45-64,62.0000,63.2651,53.5825,75.3630,0.8128,0.6965,0.9511,0.8298
90,2012-11-30,48,65+,35.5714,35.6411,29.6431,42.3124,0.8960,0.7621,1.0597,0.9204
91,2012-12-01,48,0-5,32.0000,31.0478,25.7313,37.0913,1.1950,1.0053,1.4220,1.2867
91,2012-12-01,48,6-11,25.2857,26.3055,21.6227,31.9650,1.3695,1.1735,1.6006,1.3765
91,2012-12-01,48,12-17,18.4286,19.3069,15.7446,23.6844,1.3057,1.1142,1.5329,1.2868
91,2012-12-01,48,18-44,68.7143,69.7446,59.2409,82.1089,0.7642,0.6623,0.8890,0.7856
91,2012-12-01,48,45-64,63.8571,63.3651,53.3436,74.8480,0.8176,0.7000,0.9604,0.8341
91,2012-12-01,48,65+,36.0000,35.5252,29.4528,42.2990,0.9006,0.7624,1.0638,0.9291
92,2012-12-02,49,0-5,31.5714,30.5406,25.3487,36.8614,1.1790,0.9918,1.3975,1.2586
92,2012-12-02,49,6-11,24.7143,26.0707,21.4811,31.7035,1.3759,1.1753,1.6059,1.3557
92,2012-12-02,49,12-17,18.8571,19.2271,15.6990,23.6062,1.3127,1.1202,1.5364,1.2953
92,2012-12-02,49,18-44,66.8571,68.8619,58.2190,81.2338,0.7671,0.6634,0.8883,0.7724
92,2012-12-02,49,45-64,63.7143,63.3114,53.3588,74.9371,0.8219,0.7037,0.9628,0.8211
92,2012-12-02,49,65+,33.5714,35.2823,29.2031,42.1280,0.9043,0.7664,1.0635,0.8970
93,2012-12-03,49,0-5,31.0000,29.8886,24.8374,36.0255,1.1602,0.9794,1.3775,1.2514
93,2012-12-03,49,6-11,26.1429,25.9106,21.3004,31.3891,1.3856,1.1854,1.6192,1.4035
93,2012-12-03,49,12-17,19.8571,19.2541,15.7737,23.7103,1.3185,1.1269,1.5452,1.3299
93,2012-12-03,49,18-44,67.1429,68.0232,57.9279,80.8972,0.7702,0.6648,0.8932,0.7760
93,2012-12-03,49,45-64,61.5714,63.2945,53.4922,74.6707,0.8287,0.7083,0.9715,0.8213
93,2012-12-03,49,65+,34.1429,34.9789,29.1021,41.6433,0.9099,0.7708,1.0759,0.9036
94,2012-12-04,49,0-5,30.4286,28.8905,24.0065,34.9323,1.1406,0.9608,1.3576,1.2456
94,2012-12-04,49,6-11,26.7143,25.7662,21.1377,31.2496,1.3838,1.1806,1.6231,1.4273
94,2012-12-04,49,12-17,19.2857,19.1995,15.7311,23.7383,1.3208,1.1268,1.5469,1.3289
94,2012-12-04,49,18-44,66.7143,67.4813,57.3327,80.1459,0.7720,0.6664,0.8946,0.7849
94,2012-12-04,49,45-64,63.1429,63.2897,53.3580,74.7119,0.8332,0.7117,0.9744,0.8368
94,2012-12-04,49,65+,35.0000,34.6794,28.8563,41.5304,0.9157,0.7751,1.0817,0.9261
95,2012-12-05,49,0-5,28.5714,27.7672,23.0761,33.4099,1.1304,0.9494,1.3443,1.2156
95,2012-12-05,49,6-11,25.0000,25.6991,20.9955,30.9257,1.3870,1.1917,1.6279,1.3985
95,2012-12-05,49,12-17,20.5714,19.1526,15.5933,23.5845,1.3228,1.1309,1.5524,1.3878
95,2012-12-05,49,18-44,67.5714,67.1782,57.1557,79.3808,0.7741,0.6710,0.8985,0.7968
95,2012-12-05,49,45-64,66.0000,63.2806,53.1228,75.0370,0.8373,0.7177,0.9765,0.8616
95,2012-12-05,49,65+,35.2857,34.4539,28.7023,41.4732,0.9223,0.7812,1.0884,0.9463
96,2012-12-06,49,0-5,26.5714,26.5101,21.9613,31.8255,1.1256,0.9485,1.3396,1.1729
96,2012-12-06,49,6-11,26.0000,25.5670,20.9479,30.6872,1.3970,1.1945,1.6415,1.4107
96,2012-12-06,49,12-17,19.5714,19.0986,15.4826,23.4544,1.3332,1.1356,1.5602,1.3456
96,2012-12-06,49,18-44,66.2857,67.0692,57.1486,79.2399,0.7819,0.6764,0.9086,0.7841
96,2012-12-06,49,45-64,65.2857,63.3224,53.4393,75.2977,0.8465,0.7250,0.9905,0.8488
96,2012-12-06,49,65+,35.0000,34.3907,28.6018,41.5170,0.9335,0.7919,1.1042,0.9351
97,2012-12-07,49,0-5,24.2857,25.2180,20.8193,30.2072,1.1313,0.9554,1.3476,1.1302
97,2012-12-07,49,6-11,25.8571,25.4896,20.9437,30.7261,1.4072,1.2031,1.6534,1.3924
97,2012-12-07,49,12-17,18.5714,19.0569,15.3515,23.4280,1.3409,1.1466,1.5694,1.2884
97,2012-12-07,49,18-44,67.1429,67.2518,57.1183,79.1534,0.7925,0.6843,0.9201,0.7633
97,2012-12-07,49,45-64,60.8571,63.3606,53.8797,75.2396,0.8581,0.7360,0.9963,0.8147
97,2012-12-07,49,65+,33.1429,34.4567,28.6030,41.4770,0.9497,0.8048,1.1127,0.8925
98,2012-12-08,49,0-5,23.1429,24.0832,19.7201,28.8864,1.1435,0.9612,1.3611,1.1124
98,2012-12-08,49,6-11,25.0000,25.3807,20.7758,30.7446,1.4170,1.2145,1.6525,1.3651
98,2012-12-08,49,12-17,18.0000,18.9715,15.3607,23.3066,1.3526,1.1532,1.5823,1.2733
98,2012-12-08,49,18-44,65.2857,67.6589,57.5019,79.6032,0.8020,0.6906,0.9307,0.7560
98,2012-12-08,49,45-64,61.5714,63.6250,53.8571,75.2705,0.8680,0.7438,1.0124,0.8109
98,2012-12-08,49,65+,31.7143,34.7361,28.8516,41.8481,0.9620,0.8182,1.1330,0.8792
99,2012-12-09,50,0-5,23.4286,23.0077,18.7526,27.7820,1.1541,0.9748,1.3667,1.1620
99,2012-12-09,50,6-11,25.8571,25.2286,20.7716,30.5041,1.4204,1.2183,1.6619,1.4228
99,2012-12-09,50,12-17,18.1429,18.9047,15.3658,23.1887,1.3586,1.1625,1.5873,1.3098
99,2012-12-09,50,18-44,66.4286,67.9960,57.6638,80.3264,0.8056,0.6959,0.9345,0.7854
99,2012-12-09,50,45-64,61.5714,63.8859,54.2524,75.1629,0.8717,0.7473,1.0152,0.8444
99,2012-12-09,50,65+,35.7143,35.0882,29.0347,42.1943,0.9687,0.8249,1.1385,0.9464
100,2012-12-10,50,0-5,21.8571,22.1074,18.2067,26.8435,1.1669,0.9813,1.3924,1.1631
100,2012-12-10,50,6-11,25.1429,25.0230,20.6289,30.2866,1.4252,1.2190,1.6672,1.4390
100,2012-12-10,50,12-17,18.5714,18.8644,15.4041,23.1012,1.3632,1.1602,1.5930,1.3713
100,2012-12-10,50,18-44,68.5714,68.1552,58.1019,80.6167,0.8083,0.6970,0.9379,0.8177
100,2012-12-10,50,45-64,66.5714,63.9026,54.3178,75.4597,0.8720,0.7471,1.0169,0.8901
100,2012-12-10,50,65+,36.1429,35.4511,29.4432,42.6858,0.9722,0.8262,1.1457,0.9843
101,2012-12-11,50,0-5,21.8571,21.4390,17.5680,26.1642,1.1849,0.9962,1.4093,1.1944
101,2012-12-11,50,6-11,24.7143,24.8272,20.4108,29.9381,1.4294,1.2197,1.6662,1.4496
101,2012-12-11,50,12-17,19.0000,18.8274,15.3994,23.0823,1.3586,1.1576,1.5906,1.3945
101,2012-12-11,50,18-44,71.4286,68.3771,58.0103,80.8080,0.8085,0.6965,0.9357,0.8324
101,2012-12-11,50,45-64,66.2857,63.7493,53.9828,75.6524,0.8686,0.7441,1.0116,0.8979
101,2012-12-11,50,65+,36.0000,35.9000,30.0081,43.0556,0.9695,0.8230,1.1457,0.9854
102,2012-12-12,50,0-5,19.4286,21.0111,17.1522,25.7749,1.2028,1.0115,1.4330,1.1239
102,2012-12-12,50,6-11,24.0000,24.6408,20.2560,29.8112,1.4315,1.2254,1.6804,1.4051
102,2012-12-12,50,12-17,18.5714,18.8436,15.3805,22.9591,1.3546,1.1537,1.5796,1.3511
102,2012-12-12,50,18-44,69.4286,68.6101,58.1883,80.6036,0.8066,0.6961,0.9352,0.8025
102,2012-12-12,50,45-64,63.7143,63.5500,53.9191,75.3752,0.8624,0.7380,1.0028,0.8683
102,2012-12-12,50,65+,36.2857,36.2795,30.4675,43.4458,0.9640,0.8180,1.1373,0.9638
103,2012-12-13,50,0-5,19.7143,20.8874,17.0135,25.6579,1.2271,1.0349,1.4622,1.1535
103,2012-12-13,50,6-11,24.2857,24.5651,20.0392,29.6859,1.4351,1.2283,1.6809,1.4285
103,2012-12-13,50,12-17,19.2857,18.8475,15.3642,23.0825,1.3490,1.1516,1.5781,1.3790
103,2012-12-13,50,18-44,70.1429,68.5223,58.3326,80.6502,0.8064,0.6968,0.9358,0.8124
103,2012-12-13,50,45-64,64.0000,63.2311,53.8452,74.8457,0.8559,0.7353,0.9998,0.8748
103,2012-12-13,50,65+,36.2857,36.6164,30.8743,43.6770,0.9545,0.8105,1.1266,0.9663
104,2012-12-14,50,0-5,21.0000,21.1016,17.0729,25.7990,1.2524,1.0527,1.4862,1.2158
104,2012-12-14,50,6-11,24.7143,24.5016,20.0482,29.4821,1.4356,1.2333,1.6855,1.4718
104,2012-12-14,50,12-17,20.7143,18.9548,15.4289,23.1613,1.3457,1.1501,1.5732,1.4499
104,2012-12-14,50,18-44,70.1429,68.4255,58.3715,80.9040,0.8082,0.6974,0.9342,0.8421
104,2012-12-14,50,45-64,67.2857,62.8139,53.1808,74.1828,0.8533,0.7322,0.9952,0.9145
104,2012-12-14,50,65+,39.8571,36.8420,31.0575,44.1534,0.9485,0.8027,1.1203,1.0276
105,2012-12-15,50,0-5,21.1429,21.4289,17.3397,26.2382,1.2826,1.0793,1.5322,1.2113
105,2012-12-15,50,6-11,25.2857,24.4168,20.0568,29.5299,1.4490,1.2421,1.6979,1.4648
105,2012-12-15,50,12-17,20.4286,19.0593,15.5196,23.2324,1.3534,1.1570,1.5830,1.4001
105,2012-12-15,50,18-44,68.8571,68.4858,58.3273,80.9178,0.8168,0.7063,0.9469,0.8182
105,2012-12-15,50,45-64,63.2857,62.4329,52.6515,73.6257,0.8588,0.7372,0.9982,0.8789
105,2012-12-15,50,65+,40.0000,36.8721,30.9779,44.1511,0.9483,0.8070,1.1188,0.9984
106,2012-12-16,51,0-5,19.8571,22.0746,17.8621,26.9528,1.3137,1.1092,1.5648,1.1327
106,2012-12-16,51,6-11,23.7143,24.3959,20.1210,29.6349,1.4623,1.2552,1.7082,1.3618
106,2012-12-16,51,12-17,18.8571,19.1402,15.5629,23.3675,1.3726,1.1727,1.6092,1.2878
106,2012-12-16,51,18-44,64.4286,68.9043,58.2877,81.6904,0.8296,0.7179,0.9578,0.7577
106,2012-12-16,51,45-64,59.2857,62.2724,52.6637,73.4662,0.8681,0.7479,1.0108,0.8085
106,2012-12-16,51,65+,35.2857,36.9213,30.7880,43.9905,0.9527,0.8119,1.1203,0.9006
107,2012-12-17,51,0-5,23.4286,22.9232,18.4711,27.9301,1.3423,1.1329,1.5940,1.2608
107,2012-12-17,51,6-11,23.5714,24.4825,20.1329,29.7794,1.4845,1.2775,1.7398,1.3919
107,2012-12-17,51,12-17,17.5714,19.2734,15.6299,23.5311,1.4056,1.2022,1.6484,1.2626
107,2012-12-17,51,18-44,66.8571,69.6806,58.9881,82.7567,0.8487,0.7337,0.9814,0.7831
107,2012-12-17,51,45-64,57.8571,62.3851,52.8171,73.4108,0.8864,0.7625,1.0290,0.8191
107,2012-12-17,51,65+,36.1429,36.7939,30.5901,44.0373,0.9655,0.8229,1.1307,0.9199
108,2012-12-18,51,0-5,24.1429,23.7367,19.2296,29.0495,1.3586,1.1429,1.6082,1.3033
108,2012-12-18,51,6-11,24.2857,24.5316,20.1048,29.6383,1.5014,1.2866,1.7489,1.4509
108,2012-12-18,51,12-17,18.8571,19.5309,15.7721,23.7477,1.4408,1.2312,1.6924,1.3452
108,2012-12-18,51,18-44,69.2857,70.9313,59.6211,83.7938,0.8636,0.7446,1.0003,0.8178
108,2012-12-18,51,45-64,60.4286,62.6914,52.9211,73.2526,0.9018,0.7744,1.0490,0.8564
108,2012-12-18,51,65+,35.8571,36.6393,30.3257,44.0712,0.9742,0.8287,1.1480,0.9465
109,2012-12-19,51,0-5,24.8571,24.5597,20.0078,29.9867,1.3650,1.1472,1.6211,1.3443
109,2012-12-19,51,6-11,25.7143,24.5223,20.1549,29.8213,1.5106,1.2944,1.7697,1.5276
109,2012-12-19,51,12-17,19.7143,19.8196,15.9490,24.2689,1.4787,1.2633,1.7366,1.4129
109,2012-12-19,51,18-44,73.2857,72.3028,60.8273,85.4747,0.8749,0.7556,1.0169,0.8555
109,2012-12-19,51,45-64,62.8571,63.0688,53.3513,74.3973,0.9158,0.7857,1.0685,0.8936
109,2012-12-19,51,65+,35.8571,36.3526,30.1772,43.6793,0.9855,0.8367,1.1603,0.9748
110,2012-12-20,51,0-5,26.2857,25.3133,20.8260,30.5595,1.3586,1.1457,1.6190,1.3703
110,2012-12-20,51,6-11,25.7143,24.4754,20.0138,29.9473,1.5267,1.3063,1.7855,1.5312
110,2012-12-20,51,12-17,20.1429,20.3363,16.4558,24.9370,1.5266,1.3039,1.7898,1.4356
110,2012-12-20,51,18-44,74.1429,73.8739,62.0362,86.8735,0.8857,0.7643,1.0282,0.8665
110,2012-12-20,51,45-64,65.0000,63.8352,54.1389,75.4591,0.9296,0.7971,1.0842,0.9084
110,2012-12-20,51,65+,36.2857,36.0878,30.1950,43.2927,0.9950,0.8461,1.1670,0.9895
111,2012-12-21,51,0-5,27.7143,25.8882,21.3928,31.2662,1.3452,1.1325,1.6001,1.4082
111,2012-12-21,51,6-11,24.2857,24.5817,20.0796,30.1632,1.5361,1.3168,1.7913,1.5153
111,2012-12-21,51,12-17,20.8571,21.1475,17.0954,26.0566,1.5716,1.3406,1.8390,1.4721
111,2012-12-21,51,18-44,79.1429,75.7071,63.7839,89.2317,0.8912,0.7693,1.0326,0.8914
111,2012-12-21,51,45-64,67.4286,64.7399,54.6849,76.7070,0.9382,0.8047,1.0940,0.9340
111,2012-12-21,51,65+,37.0000,35.9736,29.9932,43.4838,0.9981,0.8516,1.1700,1.0114
112,2012-12-22,51,0-5,27.5714,26.3250,21.7429,31.8878,1.3308,1.1253,1.5779,1.3185
112,2012-12-22,51,6-11,23.4286,24.7000,20.2332,30.3089,1.5450,1.3260,1.7984,1.4056
112,2012-12-22,51,12-17,18.8571,22.3251,18.0429,27.3862,1.6211,1.3806,1.9067,1.3178
112,2012-12-22,51,18-44,73.8571,77.8411,66.1282,92.2004,0.8950,0.7717,1.0394,0.8095
112,2012-12-22,51,45-64,61.0000,66.2375,56.0521,78.0601,0.9454,0.8109,1.1025,0.8364
112,2012-12-22,51,65+,32.4286,35.9131,30.0043,43.2155,1.0018,0.8549,1.1747,0.8957
113,2012-12-23,52,0-5,29.2857,26.6043,21.9311,32.2238,1.3176,1.1150,1.5604,1.4185
113,2012-12-23,52,6-11,25.1429,24.9996,20.5815,30.4405,1.5470,1.3270,1.8001,1.5484
113,2012-12-23,52,12-17,20.8571,23.9384,19.4812,29.4374,1.6632,1.4199,1.9425,1.4851
113,2012-12-23,52,18-44,82.5714,79.9439,68.1391,94.3606,0.8952,0.7741,1.0405,0.9098
113,2012-12-23,52,45-64,72.0000,67.7230,57.4252,80.1166,0.9471,0.8158,1.1027,0.9582
113,2012-12-23,52,65+,37.5714,36.0914,30.2761,43.4920,0.9970,0.8527,1.1685,1.0326
114,2012-12-24,52,0-5,27.4286,26.7321,21.9400,32.6216,1.3118,1.1094,1.5512,1.3560
114,2012-12-24,52,6-11,26.7143,25.3738,20.8607,30.8242,1.5491,1.3328,1.8111,1.5915
114,2012-12-24,52,12-17,27.2857,25.8444,21.2011,31.6947,1.6885,1.4374,1.9762,1.6726
114,2012-12-24,52,18-44,84.0000,82.2458,69.7388,97.0312,0.8955,0.7748,1.0428,0.9174
114,2012-12-24,52,45-64,74.0000,69.3436,58.7230,82.1991,0.9472,0.8131,1.1007,0.9770
114,2012-12-24,52,65+,38.4286,36.3320,30.3706,43.5034,0.9925,0.8445,1.1621,1.0441
115,2012-12-25,52,0-5,27.7143,26.8744,21.9071,32.5536,1.3188,1.1161,1.5561,1.3384
115,2012-12-25,52,6-11,27.1429,25.8994,21.1366,31.2431,1.5514,1.3346,1.8054,1.5753
115,2012-12-25,52,12-17,30.1429,28.0826,23.1653,34.7113,1.6958,1.4491,1.9813,1.6879
115,2012-12-25,52,18-44,85.5714,84.5712,71.7877,99.9939,0.8975,0.7753,1.0425,0.9011
115,2012-12-25,52,45-64,72.4286,71.0812,59.8226,84.3380,0.9477,0.8137,1.1036,0.9544
115,2012-12-25,52,65+,39.1429,36.6768,30.6211,43.8538,0.9887,0.8409,1.1603,1.0242
116,2012-12-26,52,0-5,27.2857,27.0729,22.1072,32.8372,1.3485,1.1407,1.5953,1.3083
116,2012-12-26,52,6-11,27.0000,26.4901,21.7056,31.8865,1.5729,1.3500,1.8334,1.5451
116,2012-12-26,52,12-17,32.7143,30.6314,25.3742,37.3746,1.7073,1.4572,2.0024,1.6932
116,2012-12-26,52,18-44,86.8571,87.3065,73.7256,103.5134,0.9133,0.7883,1.0631,0.8905
116,2012-12-26,52,45-64,74.7143,73.2964,61.5922,87.4411,0.9600,0.8253,1.1189,0.9468
116,2012-12-26,52,65+,39.2857,37.0201,30.7620,44.0629,0.9932,0.8479,1.1653,1.0107
117,2012-12-27,52,0-5,25.0000,27.5089,22.6826,33.4481,1.3858,1.1735,1.6356,1.2512
117,2012-12-27,52,6-11,25.8571,27.1502,22.2377,32.7141,1.5999,1.3765,1.8569,1.4948
117,2012-12-27,52,12-17,32.7143,33.2262,27.7332,40.3439,1.7187,1.4734,2.0097,1.6239
117,2012-12-27,52,18-44,91.5714,90.8015,76.9297,107.7307,0.9361,0.8088,1.0833,0.8771
117,2012-12-27,52,45-64,74.4286,76.1001,64.3876,90.8315,0.9820,0.8432,1.1417,0.9290
117,2012-12-27,52,65+,39.4286,37.5089,31.0119,44.8037,1.0086,0.8623,1.1815,0.9911
118,2012-12-28,52,0-5,26.0000,28.3279,23.3788,34.3545,1.4429,1.2248,1.7025,1.2642
118,2012-12-28,52,6-11,27.5714,27.9020,22.8893,33.7490,1.6434,1.4186,1.9068,1.5164
118,2012-12-28,52,12-17,37.1429,35.8001,29.9424,42.9879,1.7409,1.4931,2.0259,1.6661
118,2012-12-28,52,18-44,92.4286,95.3680,80.5751,112.6639,0.9687,0.8354,1.1219,0.8669
118,2012-12-28,52,45-64,75.0000,80.0114,67.4909,95.1095,1.0151,0.8721,1.1800,0.9067
118,2012-12-28,52,65+,35.1429,38.0921,31.5547,45.7271,1.0390,0.8886,1.2150,0.9310
119,2012-12-29,52,0-5,26.5714,29.4513,24.3612,35.7615,1.5172,1.2836,1.7880,1.2722
119,2012-12-29,52,6-11,26.2857,28.8708,23.6701,34.9812,1.6990,1.4685,1.9731,1.4753
119,2012-12-29,52,12-17,37.2857,38.1390,31.9795,45.6918,1.7570,1.5093,2.0372,1.6258
119,2012-12-29,52,18-44,93.4286,100.9932,85.6383,119.2073,1.0131,0.8750,1.1726,0.8670
119,2012-12-29,52,45-64,79.0000,84.8445,71.6509,101.3401,1.0593,0.9098,1.2273,0.9134
119,2012-12-29,52,65+,36.2857,38.9001,32.2198,46.7163,1.0807,0.9257,1.2577,0.9443
120,2012-12-30,1,0-5,29.0000,30.9906,25.8232,37.7222,1.5833,1.3514,1.8619,1.3704
120,2012-12-30,1,6-11,28.7143,29.8844,24.5057,36.0771,1.7528,1.5147,2.0361,1.5837
120,2012-12-30,1,12-17,41.8571,40.0362,33.6353,48.0975,1.7637,1.5157,2.0505,1.7374
120,2012-12-30,1,18-44,101.8571,107.4013,91.5613,126.5304,1.0544,0.9131,1.2208,0.9271
120,2012-12-30,1,45-64,86.8571,90.6972,77.0988,108.3760,1.0990,0.9465,1.2763,0.9733
120,2012-12-30,1,65+,37.2857,40.1214,33.2422,48.1514,1.1237,0.9635,1.3080,0.9920
121,2012-12-31,1,0-5,32.5714,32.9480,27.5362,40.0323,1.6351,1.3913,1.9190,1.4871
121,2012-12-31,1,6-11,30.7143,31.1572,25.8061,37.4921,1.7939,1.5545,2.0743,1.6759
121,2012-12-31,1,12-17,42.5714,41.6638,34.7525,49.5138,1.7643,1.5172,2.0449,1.7652
121,2012-12-31,1,18-44,113.1429,115.3707,97.9321,135.6496,1.0871,0.9405,1.2581,0.9911
121,2012-12-31,1,45-64,96.8571,97.6190,83.1460,115.5254,1.1280,0.9724,1.3105,1.0370
121,2012-12-31,1,65+,40.2857,41.6572,34.5559,50.1270,1.1548,0.9918,1.3458,1.0576
122,2013-01-01,1,0-5,37.2857,35.3227,29.5631,42.7199,1.6682,1.4211,1.9585,1.6194
122,2013-01-01,1,6-11,33.1429,32.5847,27.0951,39.2938,1.8169,1.5718,2.1053,1.7802
122,2013-01-01,1,12-17,43.7143,42.4786,35.6501,50.7563,1.7539,1.5184,2.0341,1.8169
122,2013-01-01,1,18-44,129.4286,125.1021,105.8859,147.0566,1.1072,0.9576,1.2782,1.0692
122,2013-01-01,1,45-64,110.8571,104.9490,89.3833,123.9683,1.1449,0.9872,1.3299,1.1153
122,2013-01-01,1,65+,44.0000,43.6633,36.4281,52.5436,1.1727,1.0089,1.3658,1.1323
123,2013-01-02,1,0-5,41.4286,38.0553,32.0551,45.8528,1.6827,1.4272,1.9769,1.6703
123,2013-01-02,1,6-11,36.4286,34.1644,28.3342,41.1127,1.8212,1.5760,2.0981,1.8274
123,2013-01-02,1,12-17,42.7143,43.1235,36.0745,51.6766,1.7327,1.4972,2.0031,1.7655
123,2013-01-02,1,18-44,143.1429,136.6759,116.3276,160.5461,1.1147,0.9622,1.2916,1.0859
123,2013-01-02,1,45-64,117.2857,113.2666,96.3181,133.1813,1.1488,0.9890,1.3297,1.1203
123,2013-01-02,1,65+,47.0000,46.4754,38.5510,55.5994,1.1777,1.0137,1.3668,1.1405
124,2013-01-03,1,0-5,43.5714,41.3741,34.6256,49.2854,1.6826,1.4271,1.9752,1.5831
124,2013-01-03,1,6-11,36.8571,36.0123,29.9179,43.4046,1.8069,1.5669,2.0876,1.7174
124,2013-01-03,1,12-17,43.5714,43.6159,36.5868,52.7065,1.6965,1.4683,1.9648,1.6771
124,2013-01-03,1,18-44,141.8571,150.2247,128.4965,176.2162,1.1098,0.9601,1.2891,1.0160
124,2013-01-03,1,45-64,118.2857,122.1546,104.4635,143.3984,1.1391,0.9826,1.3205,1.0503
124,2013-01-03,1,65+,47.7143,49.9845,41.7033,59.4015,1.1668,1.0057,1.3529,1.0737
125,2013-01-04,1,0-5,45.5714,44.8765,37.4645,53.4429,1.6704,1.4170,1.9632,1.6460
125,2013-01-04,1,6-11,39.2857,38.0164,31.6672,45.9180,1.7835,1.5424,2.0648,1.8160
125,2013-01-04,1,12-17,42.7143,44.1110,36.8073,52.7840,1.6547,1.4332,1.9141,1.7270
125,2013-01-04,1,18-44,171.2857,165.6060,141.3161,194.8053,1.0928,0.9453,1.2678,1.1049
125,2013-01-04,1,45-64,135.0000,131.3913,112.2022,154.7228,1.1153,0.9609,1.2928,1.1453
125,2013-01-04,1,65+,57.4286,53.7539,45.3455,64.1594,1.1381,0.9809,1.3212,1.1873
126,2013-01-05,1,0-5,50.8571,48.9525,40.7115,58.3268,1.6615,1.4100,1.9540,1.7401
126,2013-01-05,1,6-11,43.2857,40.1824,33.7493,48.4894,1.7642,1.5255,2.0404,1.9288
126,2013-01-05,1,12-17,50.0000,44.1960,36.9770,53.0909,1.6110,1.3926,1.8676,1.8982
126,2013-01-05,1,18-44,199.0000,181.9819,155.2921,214.1633,1.0722,0.9244,1.2454,1.1902
126,2013-01-05,1,45-64,157.2857,140.7371,120.0425,165.5687,1.0878,0.9347,1.2667,1.2399
126,2013-01-05,1,65+,66.2857,57.5642,48.5693,68.3405,1.1083,0.9535,1.2850,1.2804
127,2013-01-06,2,0-5,54.5714,53.6432,44.8545,64.1304,1.6696,1.4228,1.9666,1.6822
127,2013-01-06,2,6-11,44.0000,42.7999,35.4022,51.4225,1.7625,1.5242,2.0386,1.8239
127,2013-01-06,2,12-17,46.5714,44.5995,37.2234,53.7485,1.5836,1.3695,1.8284,1.7362
127,2013-01-06,2,18-44,209.8571,198.4639,170.0891,232.7210,1.0585,0.9144,1.2266,1.1251
127,2013-01-06,2,45-64,159.2857,149.6965,128.1939,176.6088,1.0683,0.9178,1.2373,1.1575
127,2013-01-06,2,65+,65.8571,61.4487,51.9150,72.9361,1.0820,0.9322,1.2538,1.1844
128,2013-01-07,2,0-5,56.8571,59.5101,49.4718,70.7402,1.7097,1.4590,2.0028,1.5967
128,2013-01-07,2,6-11,43.7143,46.0922,37.9784,54.9715,1.7902,1.5502,2.0562,1.7032
128,2013-01-07,2,12-17,44.0000,45.2471,37.7468,54.2709,1.5834,1.3719,1.8302,1.5928
128,2013-01-07,2,18-44,216.5714,215.8822,184.3875,252.1160,1.0608,0.9174,1.2234,1.0514
128,2013-01-07,2,45-64,157.1429,159.8065,135.8364,188.1546,1.0627,0.9191,1.2291,1.0706
128,2013-01-07,2,65+,65.1429,65.3990,55.1109,78.1696,1.0748,0.9282,1.2413,1.0905
129,2013-01-08,2,0-5,62.1429,66.7310,55.4441,79.7202,1.7891,1.5317,2.0896,1.5882
129,2013-01-08,2,6-11,46.8571,50.1879,41.7669,59.7832,1.8556,1.6070,2.1393,1.6865
129,2013-01-08,2,12-17,43.2857,46.4145,38.7510,55.7301,1.6244,1.4057,1.8784,1.5381
129,2013-01-08,2,18-44,224.1429,234.1391,198.9640,274.6272,1.0890,0.9427,1.2606,1.0255
129,2013-01-08,2,45-64,161.2857,170.7270,144.9178,200.1827,1.0847,0.9344,1.2578,1.0391
129,2013-01-08,2,65+,67.4286,69.5054,58.5509,83.0331,1.0921,0.9397,1.2637,1.0602
130,2013-01-09,2,0-5,70.5714,76.0843,63.8175,90.6047,1.8911,1.6120,2.2050,1.6558
130,2013-01-09,2,6-11,50.8571,55.5852,46.6877,66.0215,1.9439,1.6861,2.2451,1.7380
130,2013-01-09,2,12-17,45.7143,48.1107,40.2915,57.1646,1.6840,1.4626,1.9419,1.5864
130,2013-01-09,2,18-44,241.7143,253.7287,216.5882,297.2888,1.1310,0.9806,1.3084,1.0555
130,2013-01-09,2,45-64,175.2857,182.6487,155.3694,214.4654,1.1207,0.9711,1.2969,1.0684
130,2013-01-09,2,65+,71.5714,74.1119,62.5365,87.8056,1.1246,0.9720,1.2976,1.0848
131,2013-01-10,2,0-5,81.0000,87.9756,74.2090,103.9347,1.9953,1.6996,2.3403,1.7018
131,2013-01-10,2,6-11,56.7143,61.9264,51.8242,74.0382,2.0371,1.7702,2.3498,1.7667
131,2013-01-10,2,12-17,45.2857,50.6069,42.2139,60.1920,1.7578,1.5269,2.0286,1.5496
131,2013-01-10,2,18-44,253.4286,274.6849,234.3275,319.6489,1.1769,1.0215,1.3613,1.0469
131,2013-01-10,2,45-64,178.2857,195.5739,165.7877,229.5482,1.1607,1.0020,1.3460,1.0460
131,2013-01-10,2,65+,72.4286,78.5868,66.1869,93.0040,1.1604,1.0022,1.3424,1.0574
132,2013-01-11,2,0-5,103.1429,102.3953,86.7946,121.3001,2.0795,1.7704,2.4355,1.9234
132,2013-01-11,2,6-11,69.0000,69.7099,58.4438,83.1388,2.1213,1.8394,2.4502,1.9647
132,2013-01-11,2,12-17,50.2857,53.9442,45.1675,64.0760,1.8174,1.5788,2.0940,1.6816
132,2013-01-11,2,18-44,291.2857,299.5277,256.4396,348.1798,1.2144,1.0527,1.4019,1.1440
132,2013-01-11,2,45-64,202.8571,209.4851,178.6232,246.4096,1.1916,1.0319,1.3767,1.1311
132,2013-01-11,2,65+,78.1429,83.5950,70.8183,98.6396,1.1905,1.0322,1.3747,1.1280
133,2013-01-12,2,0-5,120.1429,120.4027,102.2423,142.1520,2.1371,1.8188,2.5007,1.9933
133,2013-01-12,2,6-11,78.5714,79.1775,66.5625,94.3882,2.1762,1.8869,2.5125,2.0392
133,2013-01-12,2,12-17,55.1429,58.0152,48.5993,68.7352,1.8553,1.6094,2.1328,1.7494
133,2013-01-12,2,18-44,325.2857,326.9435,279.4814,381.3885,1.2348,1.0705,1.4282,1.1846
133,2013-01-12,2,45-64,223.2857,225.0166,193.0010,264.9690,1.2085,1.0438,1.3976,1.1721
133,2013-01-12,2,65+,87.4286,89.0749,75.3722,105.5900,1.2079,1.0467,1.3924,1.1739
134,2013-01-13,3,0-5,139.7143,142.0820,120.7380,166.9352,2.1521,1.8381,2.5248,2.0356
134,2013-01-13,3,6-11,89.4286,90.7281,76.6710,107.6198,2.1972,1.9084,2.5235,2.0863
134,2013-01-13,3,12-17,63.7143,63.0876,52.9017,74.9799,1.8505,1.6076,2.1344,1.8237
134,2013-01-13,3,18-44,365.2857,359.2892,308.1528,421.3432,1.2331,1.0715,1.4221,1.2087
134,2013-01-13,3,45-64,242.8571,242.6941,206.7799,284.5610,1.2036,1.0404,1.3890,1.1932
134,2013-01-13,3,65+,96.0000,95.8020,81.5146,113.4469,1.2039,1.0413,1.3879,1.1935
135,2013-01-14,3,0-5,172.1429,167.4180,142.0388,197.1075,2.1189,1.8094,2.4781,2.1339
135,2013-01-14,3,6-11,106.0000,104.4375,88.8026,123.1083,2.1668,1.8815,2.4974,2.1631
135,2013-01-14,3,12-17,71.1429,68.7260,58.1110,82.2216,1.8057,1.5687,2.0755,1.8682
135,2013-01-14,3,18-44,409.4286,397.4303,340.2465,460.6513,1.1989,1.0454,1.3831,1.2383
135,2013-01-14,3,45-64,271.7143,261.9676,224.0568,306.8259,1.1646,1.0113,1.3477,1.2178
135,2013-01-14,3,65+,106.1429,103.7518,88.3515,122.1733,1.1678,1.0124,1.3463,1.2167
136,2013-01-15,3,0-5,204.2857,197.3008,166.0450,230.6774,2.0498,1.7508,2.4020,2.1750
136,2013-01-15,3,6-11,125.1429,120.6035,103.1512,141.9521,2.1010,1.8225,2.4213,2.2187
136,2013-01-15,3,12-17,80.7143,75.1035,63.7045,89.2155,1.7306,1.5059,1.9890,1.9041
136,2013-01-15,3,18-44,465.1429,439.0875,376.8789,508.3392,1.1469,0.9988,1.3229,1.2566
136,2013-01-15,3,45-64,299.5714,282.3806,242.5861,329.5300,1.1094,0.9614,1.2804,1.2326
136,2013-01-15,3,65+,121.0000,112.3799,95.6597,132.3841,1.1125,0.9627,1.2842,1.2392
137,2013-01-16,3,0-5,235.4286,229.9770,195.1207,269.0894,1.9669,1.6783,2.3049,2.1329
137,2013-01-16,3,6-11,145.2857,139.0273,119.2150,163.6392,2.0127,1.7482,2.3246,2.1970
137,2013-01-16,3,12-17,88.4286,82.2025,69.4860,97.5699,1.6381,1.4238,1.8812,1.8633
137,2013-01-16,3,18-44,509.1429,482.7797,416.8406,564.3119,1.0845,0.9467,1.2533,1.2251
137,2013-01-16,3,45-64,324.2857,303.9954,259.8947,356.0719,1.0449,0.9074,1.2072,1.1988
137,2013-01-16,3,65+,129.7143,122.1700,103.4705,143.9375,1.0500,0.9129,1.2070,1.2024
138,2013-01-17,3,0-5,258.5714,264.7590,225.7726,309.8780,1.8646,1.5933,2.1867,1.9825
138,2013-01-17,3,6-11,156.1429,159.5275,135.8042,189.9763,1.9158,1.6629,2.2148,2.0305
138,2013-01-17,3,12-17,92.2857,89.5125,75.3520,105.9279,1.5424,1.3400,1.7772,1.7191
138,2013-01-17,3,18-44,519.8571,529.1248,457.7474,619.6102,1.0223,0.8921,1.1777,1.1214
138,2013-01-17,3,45-64,327.8571,326.4219,281.1264,383.8998,0.9829,0.8528,1.1367,1.0949
138,2013-01-17,3,65+,133.0000,132.2707,112.1713,154.9744,0.9894,0.8573,1.1423,1.1019
139,2013-01-18,3,0-5,306.5714,301.4262,258.8570,352.1812,1.7650,1.4915,2.0731,2.0285
139,2013-01-18,3,6-11,184.8571,180.5545,154.5291,214.1092,1.8117,1.5716,2.0958,2.0772
139,2013-01-18,3,12-17,99.2857,96.4049,82.1108,114.1641,1.4563,1.2621,1.6791,1.7020
139,2013-01-18,3,18-44,575.7143,575.2101,496.0666,674.5780,0.9635,0.8365,1.1085,1.1235
139,2013-01-18,3,45-64,350.5714,349.3761,300.6531,406.8637,0.9246,0.8005,1.0681,1.0866
139,2013-01-18,3,65+,144.2857,142.2844,121.4275,166.8741,0.9303,0.8069,1.0715,1.0948
140,2013-01-19,3,0-5,347.1429,336.2650,290.0558,391.7575,1.6603,1.4052,1.9598,2.0051
140,2013-01-19,3,6-11,208.2857,201.3890,172.3520,237.2649,1.7056,1.4707,1.9764,2.0536
140,2013-01-19,3,12-17,103.5714,102.5352,87.7749,120.9647,1.3669,1.1871,1.5784,1.6503
140,2013-01-19,3,18-44,627.2857,617.8819,530.2384,724.5267,0.9011,0.7840,1.0406,1.1018
140,2013-01-19,3,45-64,369.4286,369.6512,318.2963,429.4347,0.8641,0.7475,0.9977,1.0592
140,2013-01-19,3,65+,151.2857,151.3214,129.1060,177.3757,0.8714,0.7546,1.0077,1.0640
141,2013-01-20,4,0-5,382.5714,367.9103,317.3123,425.5925,1.5636,1.3186,1.8441,1.9498
141,2013-01-20,4,6-11,226.4286,219.6152,188.8470,257.7149,1.6057,1.3854,1.8539,1.9966
141,2013-01-20,4,12-17,112.2857,107.9299,92.0681,126.5026,1.2957,1.1242,1.4875,1.6308
141,2013-01-20,4,18-44,674.7143,655.2079,563.4280,764.8942,0.8468,0.7366,0.9761,1.0770
141,2013-01-20,4,45-64,393.5714,384.4571,330.9271,448.5446,0.8124,0.7036,0.9372,1.0392
141,2013-01-20,4,65+,162.2857,159.2949,135.6323,184.5680,0.8204,0.7100,0.9472,1.0462
142,2013-01-21,4,0-5,405.0000,394.2807,340.2551,458.3638,1.4897,1.2582,1.7621,1.8484
142,2013-01-21,4,6-11,244.5714,235.3285,202.9404,277.0294,1.5279,1.3195,1.7690,1.9194
142,2013-01-21,4,12-17,116.8571,112.1080,96.1900,131.4043,1.2392,1.0721,1.4240,1.5647
142,2013-01-21,4,18-44,709.0000,682.2801,589.0291,798.2058,0.8035,0.6994,0.9260,1.0293
142,2013-01-21,4,45-64,404.7143,396.2307,341.2215,460.6001,0.7722,0.6688,0.8918,0.9940
142,2013-01-21,4,65+,169.8571,164.7912,140.1878,192.1320,0.7828,0.6764,0.9020,1.0042
143,2013-01-22,4,0-5,422.4286,417.8707,359.1011,485.9936,1.4336,1.2144,1.6921,1.7273
143,2013-01-22,4,6-11,256.1429,248.5090,214.1147,291.7600,1.4689,1.2706,1.7020,1.7988
143,2013-01-22,4,12-17,116.2857,116.1478,98.7290,136.1210,1.2050,1.0432,1.3954,1.4533
143,2013-01-22,4,18-44,707.4286,705.3650,606.7390,819.3830,0.7730,0.6710,0.8935,0.9554
143,2013-01-22,4,45-64,405.4286,404.5217,346.9498,469.9885,0.7438,0.6426,0.8625,0.9226
143,2013-01-22,4,65+,168.7143,169.2627,143.7016,197.6906,0.7560,0.6531,0.8755,0.9320
144,2013-01-23,4,0-5,439.4286,436.3490,377.4599,509.7871,1.4007,1.1832,1.6478,1.6357
144,2013-01-23,4,6-11,257.8571,259.0574,221.1439,301.9403,1.4387,1.2416,1.6628,1.6775
144,2013-01-23,4,12-17,115.0000,119.5626,101.7843,139.7365,1.1942,1.0336,1.3817,1.3584
144,2013-01-23,4,18-44,703.7143,721.0866,622.0465,835.0907,0.7556,0.6583,0.8719,0.8936
144,2013-01-23,4,45-64,398.7143,409.9393,352.3354,476.3443,0.7290,0.6318,0.8436,0.8615
144,2013-01-23,4,65+,167.8571,173.1308,148.0647,202.1189,0.7439,0.6429,0.8585,0.8727
145,2013-01-24,4,0-5,441.1429,452.5906,389.9062,528.4460,1.3867,1.1761,1.6464,1.5541
145,2013-01-24,4,6-11,260.4286,267.0748,230.0063,310.0472,1.4299,1.2308,1.6645,1.6063
145,2013-01-24,4,12-17,116.1429,122.7182,104.0075,143.6641,1.2016,1.0397,1.3902,1.3181
145,2013-01-24,4,18-44,712.2857,730.7145,628.8797,845.8282,0.7493,0.6517,0.8666,0.8609
145,2013-01-24,4,45-64,405.0000,413.3831,355.5259,480.9850,0.7245,0.6267,0.8390,0.8341
145,2013-01-24,4,65+,167.1429,176.4974,150.7017,205.7506,0.7429,0.6405,0.8595,0.8421
146,2013-01-25,4,0-5,456.4286,464.3838,400.7880,543.2453,1.3947,1.1780,1.6470,1.5191
146,2013-01-25,4,6-11,264.0000,274.0677,236.6875,317.5134,1.4428,1.2436,1.6819,1.5603
146,2013-01-25,4,12-17,120.4286,126.2910,107.0520,148.3779,1.2290,1.0648,1.4218,1.3029
146,2013-01-25,4,18-44,709.0000,735.6388,633.8885,845.2614,0.7537,0.6558,0.8678,0.8379
146,2013-01-25,4,45-64,408.5714,412.7088,354.6612,483.2934,0.7294,0.6320,0.8409,0.8151
146,2013-01-25,4,65+,170.8571,178.4543,153.3651,207.8876,0.7481,0.6460,0.8654,0.8270
147,2013-01-26,4,0-5,464.4286,475.9892,411.3354,554.9950,1.4096,1.1936,1.6770,1.4836
147,2013-01-26,4,6-11,271.1429,280.5862,241.1244,326.8457,1.4673,1.2655,1.7052,1.5351
147,2013-01-26,4,12-17,127.7143,130.7157,110.8661,153.6353,1.2695,1.0985,1.4696,1.2998
147,2013-01-26,4,18-44,708.5714,736.9965,634.7102,854.5184,0.7627,0.6645,0.8780,0.8163
147,2013-01-26,4,45-64,398.4286,411.5251,352.6789,481.3481,0.7381,0.6408,0.8526,0.7925
147,2013-01-26,4,65+,173.0000,180.2662,155.4608,209.3936,0.7593,0.6561,0.8782,0.8078
148,2013-01-27,5,0-5,471.2857,487.4864,422.5118,570.5656,1.4315,1.2108,1.7062,1.4555
148,2013-01-27,5,6-11,278.2857,286.6167,247.8167,334.7912,1.4974,1.2910,1.7408,1.5159
148,2013-01-27,5,12-17,128.5714,136.0477,115.9276,159.2560,1.3177,1.1330,1.5279,1.2735
148,2013-01-27,5,18-44,705.2857,734.9149,633.9646,848.8632,0.7720,0.6725,0.8928,0.7985
148,2013-01-27,5,45-64,392.0000,410.0044,350.4571,474.3492,0.7472,0.6483,0.8640,0.7744
148,2013-01-27,5,65+,175.7143,182.0305,156.4271,210.6118,0.7693,0.6648,0.8908,0.7948
149,2013-01-28,5,0-5,485.4286,500.8724,433.2097,585.3680,1.4446,1.2235,1.7169,1.4542
149,2013-01-28,5,6-11,282.8571,294.3469,253.8173,342.3175,1.5246,1.3148,1.7682,1.5081
149,2013-01-28,5,12-17,136.4286,143.3192,122.0781,166.9957,1.3669,1.1792,1.5956,1.2930
149,2013-01-28,5,18-44,708.5714,732.3204,636.4836,848.2345,0.7810,0.6811,0.8985,0.7957
149,2013-01-28,5,45-64,395.1429,406.6246,350.4006,473.6700,0.7567,0.6570,0.8714,0.7735
149,2013-01-28,5,65+,179.5714,183.6968,158.2571,212.6515,0.7771,0.6723,0.8984,0.7959
150,2013-01-29,5,0-5,514.4286,513.6032,443.9336,600.9882,1.4486,1.2146,1.7214,1.4998
150,2013-01-29,5,6-11,297.5714,303.3721,260.8794,353.5661,1.5420,1.3267,1.7949,1.5517
150,2013-01-29,5,12-17,151.0000,152.0747,129.7638,177.7557,1.4082,1.2097,1.6391,1.3546
150,2013-01-29,5,18-44,739.4286,730.7690,634.4202,849.3561,0.7806,0.6801,0.8995,0.8160
150,2013-01-29,5,45-64,399.7143,403.1132,347.2927,468.0657,0.7559,0.6571,0.8700,0.7900
150,2013-01-29,5,65+,186.8571,184.8186,159.1143,214.6162,0.7730,0.6704,0.8910,0.8136
151,2013-01-30,5,0-5,527.7143,528.3249,453.8102,615.7129,1.4390,1.2073,1.7064,1.4947
151,2013-01-30,5,6-11,316.5714,313.5833,270.5680,366.2848,1.5489,1.3326,1.7960,1.5779
151,2013-01-30,5,12-17,167.2857,163.6429,138.8366,191.0619,1.4404,1.2359,1.6847,1.4016
151,2013-01-30,5,18-44,744.5714,729.4475,634.7374,845.8157,0.7727,0.6753,0.8877,0.8169
151,2013-01-30,5,45-64,408.1429,400.1595,344.7655,467.2195,0.7488,0.6519,0.8615,0.7931
151,2013-01-30,5,65+,190.0000,185.0154,159.8624,215.6049,0.7618,0.6600,0.8803,0.8149
152,2013-01-31,5,0-5,540.2857,540.5207,465.1235,625.2924,1.4161,1.2003,1.6752,1.4801
152,2013-01-31,5,6-11,325.0000,325.1111,281.2574,378.9320,1.5424,1.3337,1.7924,1.5624
152,2013-01-31,5,12-17,174.0000,177.7080,150.9845,208.3761,1.4622,1.2610,1.7115,1.3886
152,2013-01-31,5,18-44,749.7143,727.7850,630.1667,846.0417,0.7594,0.6651,0.8679,0.8060
152,2013-01-31,5,45-64,409.4286,398.7994,343.5005,463.0855,0.7341,0.6401,0.8416,0.7820
152,2013-01-31,5,65+,192.0000,184.7551,159.7041,216.3225,0.7425,0.6431,0.8592,0.8046
153,2013-02-01,5,0-5,558.0000,552.8477,477.8716,640.8772,1.3914,1.1750,1.6499,1.4716
153,2013-02-01,5,6-11,345.8571,338.9184,292.7750,394.9686,1.5356,1.3176,1.7835,1.5734
153,2013-02-01,5,12-17,194.2857,194.2871,165.7862,230.0622,1.4842,1.2698,1.7266,1.4213
153,2013-02-01,5,18-44,746.1429,724.9076,626.4222,843.5274,0.7439,0.6513,0.8507,0.7948
153,2013-02-01,5,45-64,406.2857,398.0523,344.5010,459.9789,0.7190,0.6275,0.8263,0.7691
153,2013-02-01,5,65+,191.2857,183.9945,159.0121,215.3533,0.7241,0.6269,0.8344,0.7885
154,2013-02-02,5,0-5,569.7143,563.4304,488.7691,654.2584,1.3581,1.1453,1.6118,1.4469
154,2013-02-02,5,6-11,354.4286,354.6923,305.3292,414.1774,1.5192,1.3061,1.7720,1.5458
154,2013-02-02,5,12-17,210.7143,214.5817,182.7719,253.1209,1.4901,1.2736,1.7475,1.4273
154,2013-02-02,5,18-44,735.1429,720.8328,627.4515,837.8512,0.7251,0.6347,0.8286,0.7763
154,2013-02-02,5,45-64,406.4286,396.9761,342.7153,458.3820,0.7000,0.6122,0.8027,0.7519
154,2013-02-02,5,65+,188.0000,182.8980,157.0176,213.8943,0.7016,0.6095,0.8089,0.7671
155,2013-02-03,6,0-5,582.8571,572.1345,499.3438,665.7777,1.3335,1.1227,1.5908,1.4308
155,2013-02-03,6,6-11,364.8571,371.1630,319.1514,433.9815,1.5017,1.2903,1.7458,1.5291
155,2013-02-03,6,12-17,231.2857,236.7176,202.5324,278.2735,1.4914,1.2713,1.7531,1.4456
155,2013-02-03,6,18-44,729.0000,717.7212,622.5854,829.2168,0.7098,0.6209,0.8109,0.7632
155,2013-02-03,6,45-64,406.4286,396.5824,342.9806,459.1214,0.6840,0.5962,0.7840,0.7394
155,2013-02-03,6,65+,185.0000,181.5368,155.5546,212.9131,0.6819,0.5894,0.7881,0.7502
156,2013-02-04,6,0-5,594.1429,578.8486,503.3266,671.8418,1.3129,1.1096,1.5601,1.4139
156,2013-02-04,6,6-11,388.4286,388.3356,332.8747,449.2556,1.4852,1.2764,1.7287,1.5403
156,2013-02-04,6,12-17,262.1429,261.2747,224.7372,305.0169,1.4820,1.2607,1.7403,1.4882
156,2013-02-04,6,18-44,717.2857,713.5852,617.3278,823.8086,0.6984,0.6115,0.7996,0.7507
156,2013-02-04,6,45-64,400.8571,395.0971,343.6813,458.0704,0.6724,0.5853,0.7712,0.7262
156,2013-02-04,6,65+,182.5714,179.8777,153.6108,208.6060,0.6689,0.5793,0.7752,0.7339
157,2013-02-05,6,0-5,605.0000,583.2354,507.0637,676.6341,1.3134,1.1071,1.5537,1.4110
157,2013-02-05,6,6-11,429.5714,403.8432,348.3641,468.2695,1.4793,1.2668,1.7293,1.5979
157,2013-02-05,6,12-17,307.8571,286.5511,247.1586,334.4998,1.4678,1.2466,1.7357,1.5794
157,2013-02-05,6,18-44,720.0000,710.7434,613.9653,824.0916,0.6963,0.6090,0.7987,0.7560
157,2013-02-05,6,45-64,411.8571,393.7117,341.2938,457.0886,0.6685,0.5824,0.7677,0.7326
157,2013-02-05,6,65+,178.8571,177.5411,151.7456,206.9665,0.6661,0.5766,0.7704,0.7300
158,2013-02-06,6,0-5,587.4286,587.9167,508.9309,683.1483,1.3284,1.1195,1.5751,1.3377
158,2013-02-06,6,6-11,424.5714,419.2045,362.2087,489.4825,1.4824,1.2688,1.7262,1.5103
158,2013-02-06,6,12-17,321.8571,309.9205,267.4237,363.2724,1.4529,1.2390,1.7050,1.5066
158,2013-02-06,6,18-44,700.0000,713.5771,614.4573,831.5172,0.7025,0.6150,0.8052,0.7119
158,2013-02-06,6,45-64,383.8571,393.5670,338.8508,457.5386,0.6744,0.5874,0.7734,0.6853
158,2013-02-06,6,65+,169.5714,176.4038,151.1181,206.8988,0.6739,0.5832,0.7774,0.6821
159,2013-02-07,6,0-5,581.4286,594.8519,513.1843,693.9011,1.3669,1.1485,1.6183,1.3186
159,2013-02-07,6,6-11,427.5714,433.4894,374.3228,505.1398,1.5089,1.3005,1.7626,1.4842
159,2013-02-07,6,12-17,333.5714,331.0999,285.6806,389.9099,1.4481,1.2398,1.7009,1.4754
159,2013-02-07,6,18-44,712.0000,724.4599,624.2127,842.4683,0.7221,0.6305,0.8249,0.7078
159,2013-02-07,6,45-64,388.1429,397.4514,342.3207,462.2972,0.6923,0.6025,0.7951,0.6843
159,2013-02-07,6,65+,177.2857,176.6552,151.8561,206.9542,0.6942,0.6020,0.8009,0.6903
160,2013-02-08,6,0-5,555.4286,604.2193,522.0196,703.9473,1.4174,1.1968,1.6706,1.2273
160,2013-02-08,6,6-11,412.7143,447.7613,388.5064,525.5374,1.5508,1.3345,1.8007,1.3691
160,2013-02-08,6,12-17,328.4286,350.1657,301.6695,406.5024,1.4559,1.2476,1.7111,1.3470
160,2013-02-08,6,18-44,650.4286,742.7820,640.2026,866.7454,0.7483,0.6553,0.8600,0.6398
160,2013-02-08,6,45-64,340.8571,405.1524,346.4345,472.9970,0.7190,0.6263,0.8277,0.6096
160,2013-02-08,6,65+,155.2857,178.7823,152.3328,209.1442,0.7242,0.6282,0.8346,0.6103
161,2013-02-09,6,0-5,608.1429,618.5552,533.5682,719.4973,1.4651,1.2396,1.7388,1.3743
161,2013-02-09,6,6-11,474.5714,465.2071,401.0412,541.2370,1.5874,1.3664,1.8505,1.5594
161,2013-02-09,6,12-17,375.7143,365.2936,313.4632,422.8939,1.4626,1.2577,1.7128,1.5174
161,2013-02-09,6,18-44,743.1429,767.5638,660.7454,896.5643,0.7764,0.6789,0.8916,0.7334
161,2013-02-09,6,45-64,407.4286,418.4986,355.0832,488.5569,0.7471,0.6518,0.8577,0.7059
161,2013-02-09,6,65+,175.8571,182.5959,156.2859,213.7990,0.7568,0.6561,0.8706,0.7057
162,2013-02-10,7,0-5,640.5714,637.9520,547.6581,742.0649,1.5059,1.2749,1.7831,1.4270
162,2013-02-10,7,6-11,492.4286,481.4680,414.6519,559.6694,1.6215,1.3940,1.8870,1.5868
162,2013-02-10,7,12-17,388.7143,375.8237,322.7305,435.3783,1.4671,1.2596,1.7196,1.5228
162,2013-02-10,7,18-44,780.4286,795.4216,684.5963,931.9124,0.7998,0.7010,0.9163,0.7551
162,2013-02-10,7,45-64,430.0000,435.5439,371.8070,509.8499,0.7714,0.6730,0.8846,0.7262
162,2013-02-10,7,65+,183.1429,187.5732,160.8131,220.0927,0.7855,0.6824,0.9044,0.7278
163,2013-02-11,7,0-5,665.4286,663.8822,570.1067,768.1430,1.5357,1.3019,1.8130,1.4619
163,2013-02-11,7,6-11,498.7143,499.7634,430.4661,577.8021,1.6423,1.4138,1.9105,1.5883
163,2013-02-11,7,12-17,381.4286,382.7649,331.5844,443.3031,1.4664,1.2600,1.7159,1.4850
163,2013-02-11,7,18-44,845.8571,833.5808,720.7341,965.6305,0.8159,0.7131,0.9368,0.7760
163,2013-02-11,7,45-64,458.7143,455.5793,391.0737,533.8987,0.7894,0.6867,0.9081,0.7460
163,2013-02-11,7,65+,194.2857,194.7648,167.1013,227.8958,0.8074,0.6991,0.9337,0.7516
164,2013-02-12,7,0-5,675.8571,693.4823,597.4321,798.8739,1.5505,1.3089,1.8381,1.4473
164,2013-02-12,7,6-11,488.1429,519.9994,449.2172,603.7950,1.6513,1.4234,1.9247,1.5372
164,2013-02-12,7,12-17,360.0000,388.4695,335.7601,451.3764,1.4556,1.2539,1.6997,1.4080
164,2013-02-12,7,18-44,878.1429,875.1823,757.4538,1029.6377,0.8217,0.7197,0.9417,0.7708
164,2013-02-12,7,45-64,480.4286,483.7031,414.8766,558.6882,0.7960,0.6936,0.9134,0.7449
164,2013-02-12,7,65+,209.1429,205.2593,175.8985,239.1985,0.8168,0.7102,0.9410,0.7622
165,2013-02-13,7,0-5,728.1429,728.6115,627.5388,837.0913,1.5435,1.2997,1.8273,1.5173
165,2013-02-13,7,6-11,534.5714,542.2276,467.7832,631.1124,1.6449,1.4105,1.9126,1.6264
165,2013-02-13,7,12-17,383.4286,392.3652,338.3323,453.5062,1.4310,1.2306,1.6613,1.4763
165,2013-02-13,7,18-44,950.1429,921.5990,796.0696,1084.5793,0.8132,0.7130,0.9301,0.8121
165,2013-02-13,7,45-64,532.4286,513.8644,443.3454,595.0230,0.7885,0.6874,0.9040,0.7872
165,2013-02-13,7,65+,227.5714,217.4278,185.7916,254.2701,0.8123,0.7052,0.9347,0.8045
166,2013-02-14,7,0-5,756.7143,766.1244,662.4563,884.9478,1.5233,1.2922,1.8008,1.5013
166,2013-02-14,7,6-11,555.4286,564.6805,488.9853,656.3173,1.6119,1.3894,1.8769,1.6075
166,2013-02-14,7,12-17,385.4286,395.1079,339.9468,454.6933,1.3828,1.1946,1.6017,1.4389
166,2013-02-14,7,18-44,962.8571,963.3059,831.0772,1128.5314,0.7955,0.6978,0.9089,0.7922
166,2013-02-14,7,45-64,536.4286,543.8942,468.6994,632.8166,0.7697,0.6723,0.8843,0.7629
166,2013-02-14,7,65+,227.0000,230.4709,197.2577,268.3717,0.7953,0.6924,0.9162,0.7757
167,2013-02-15,7,0-5,849.7143,804.7106,698.2438,937.6599,1.4906,1.2571,1.7679,1.6296
167,2013-02-15,7,6-11,627.7143,588.8936,512.2233,679.7353,1.5598,1.3440,1.8212,1.7561
167,2013-02-15,7,12-17,422.7143,394.9833,339.7263,454.8275,1.3145,1.1323,1.5304,1.5682
167,2013-02-15,7,18-44,1091.4286,997.2736,860.0915,1159.4929,0.7655,0.6702,0.8776,0.8718
167,2013-02-15,7,45-64,635.7143,571.9480,492.5361,664.2758,0.7393,0.6432,0.8517,0.8486
167,2013-02-15,7,65+,269.4286,243.6879,209.2104,283.0633,0.7677,0.6639,0.8870,0.8697
168,2013-02-16,7,0-5,854.0000,844.5822,727.4714,991.7165,1.4576,1.2219,1.7281,1.5220
168,2013-02-16,7,6-11,612.7143,611.8666,531.4028,707.3414,1.5073,1.2950,1.7547,1.6124
168,2013-02-16,7,12-17,392.2857,392.1570,338.8009,449.3213,1.2494,1.0749,1.4547,1.4113
168,2013-02-16,7,18-44,1052.4286,1026.8543,891.0077,1190.8575,0.7377,0.6448,0.8444,0.7965
168,2013-02-16,7,45-64,607.8571,595.9532,513.3940,692.2258,0.7113,0.6184,0.8180,0.7704
168,2013-02-16,7,65+,262.5714,255.5238,220.2456,296.5534,0.7406,0.6405,0.8563,0.7924
169,2013-02-17,8,0-5,877.5714,887.2726,764.5580,1040.8540,1.4271,1.2074,1.6942,1.4851
169,2013-02-17,8,6-11,627.2857,632.5143,547.7763,728.9620,1.4564,1.2514,1.6964,1.5728
169,2013-02-17,8,12-17,381.7143,383.9020,332.9227,439.6228,1.1873,1.0268,1.3798,1.3563
169,2013-02-17,8,18-44,1070.7143,1054.4199,912.8816,1224.5994,0.7154,0.6260,0.8177,0.7752
169,2013-02-17,8,45-64,618.4286,617.4753,535.0364,718.4072,0.6896,0.5982,0.7917,0.7496
169,2013-02-17,8,65+,272.2857,267.3171,230.9620,311.3861,0.7202,0.6237,0.8309,0.7751
170,2013-02-18,8,0-5,909.8571,929.0754,807.4857,1085.6397,1.3998,1.1735,1.6670,1.4601
170,2013-02-18,8,6-11,641.8571,646.8499,560.4435,746.0923,1.4000,1.2006,1.6341,1.5396
170,2013-02-18,8,12-17,376.1429,372.9046,321.9417,431.8923,1.1358,0.9829,1.3183,1.3202
170,2013-02-18,8,18-44,1064.4286,1077.2056,929.7396,1252.2583,0.6940,0.6079,0.7969,0.7550
170,2013-02-18,8,45-64,630.2857,637.2806,552.0261,741.9632,0.6710,0.5824,0.7722,0.7312
170,2013-02-18,8,65+,277.7143,278.5537,239.5281,324.0775,0.7042,0.6093,0.8125,0.7578
171,2013-02-19,8,0-5,954.4286,969.1498,837.1493,1124.6333,1.3804,1.1581,1.6579,1.4573
171,2013-02-19,8,6-11,658.8571,653.1539,568.1728,756.7911,1.3525,1.1616,1.5815,1.5230
171,2013-02-19,8,12-17,369.4286,358.1594,308.4962,415.5519,1.0897,0.9350,1.2581,1.2933
171,2013-02-19,8,18-44,1066.7143,1091.9286,938.4465,1269.4241,0.6794,0.5949,0.7761,0.7434
171,2013-02-19,8,45-64,639.1429,653.7211,562.4852,762.4735,0.6567,0.5709,0.7568,0.7191
171,2013-02-19,8,65+,282.8571,288.0713,247.4119,335.0993,0.6927,0.5987,0.7982,0.7466
172,2013-02-20,8,0-5,989.2857,1007.8942,872.9770,1167.6411,1.3607,1.1478,1.6237,1.4401
172,2013-02-20,8,6-11,652.4286,652.8685,565.6647,758.8940,1.2998,1.1187,1.5106,1.4749
172,2013-02-20,8,12-17,338.4286,338.8257,294.7713,393.6687,1.0450,0.8972,1.2111,1.2265
172,2013-02-20,8,18-44,1057.0000,1097.3885,947.5953,1275.0028,0.6678,0.5828,0.7631,0.7262
172,2013-02-20,8,45-64,653.1429,663.3732,574.0814,768.3008,0.6478,0.5612,0.7456,0.7043
172,2013-02-20,8,65+,285.0000,295.1665,253.3162,343.3964,0.6865,0.5919,0.7938,0.7333
173,2013-02-21,8,0-5,1022.4286,1040.8891,898.1213,1208.9481,1.3383,1.1253,1.5799,1.4296
173,2013-02-21,8,6-11,645.5714,643.4396,556.1961,740.6577,1.2538,1.0837,1.4508,1.4426
173,2013-02-21,8,12-17,328.0000,317.2755,276.2027,365.0978,1.0105,0.8722,1.1724,1.2057
173,2013-02-21,8,18-44,1061.0000,1097.8791,950.5803,1270.7555,0.6578,0.5760,0.7537,0.7167
173,2013-02-21,8,45-64,657.8571,671.5585,580.8122,776.6552,0.6409,0.5546,0.7421,0.6957
173,2013-02-21,8,65+,287.0000,300.6383,258.1613,347.7804,0.6820,0.5883,0.7936,0.7243
174,2013-02-22,8,0-5,1070.7143,1065.3940,919.2791,1230.4077,1.2965,1.0933,1.5399,1.4402
174,2013-02-22,8,6-11,628.4286,623.9628,540.6201,718.9482,1.2031,1.0378,1.3960,1.4124
174,2013-02-22,8,12-17,297.7143,294.1434,256.2855,342.2386,0.9794,0.8414,1.1366,1.1593
174,2013-02-22,8,18-44,1079.7143,1095.5643,950.1567,1270.0189,0.6441,0.5624,0.7368,0.7146
174,2013-02-22,8,45-64,663.8571,673.4531,584.8769,775.7251,0.6304,0.5448,0.7300,0.6937
174,2013-02-22,8,65+,298.7143,304.2312,263.0424,351.4623,0.6758,0.5824,0.7858,0.7298
175,2013-02-23,8,0-5,1085.8571,1074.8787,930.8725,1245.9424,1.2524,1.0581,1.4823,1.4212
175,2013-02-23,8,6-11,602.2857,595.4783,514.9960,684.3401,1.1534,0.9976,1.3503,1.3750
175,2013-02-23,8,12-17,266.0000,270.8242,236.0270,312.0634,0.9493,0.8161,1.0962,1.1142
175,2013-02-23,8,18-44,1096.4286,1089.5781,942.7423,1265.6537,0.6290,0.5494,0.7227,0.7100
175,2013-02-23,8,45-64,672.4286,669.7785,579.2006,775.5567,0.6200,0.5363,0.7193,0.6928
175,2013-02-23,8,65+,310.2857,306.3480,264.5398,354.9932,0.6683,0.5746,0.7789,0.7359
176,2013-02-24,9,0-5,1103.0000,1076.5351,937.0048,1243.3062,1.2083,1.0069,1.4382,1.4056
176,2013-02-24,9,6-11,586.2857,562.3838,485.2220,644.6172,1.1060,0.9527,1.2858,1.3543
176,2013-02-24,9,12-17,254.1429,247.3526,215.7492,281.2919,0.9241,0.8001,1.0720,1.1061
176,2013-02-24,9,18-44,1099.8571,1078.8413,937.3403,1246.6984,0.6126,0.5345,0.7044,0.7052
176,2013-02-24,9,45-64,677.2857,662.9172,572.6951,770.6626,0.6079,0.5262,0.7046,0.6903
176,2013-02-24,9,65+,311.7143,308.0795,265.6401,357.1677,0.6598,0.5680,0.7684,0.7323
177,2013-02-25,9,0-5,1116.7143,1060.6823,930.0371,1228.4511,1.1600,0.9710,1.3827,1.3924
177,2013-02-25,9,6-11,561.5714,522.4807,452.9844,600.1408,1.0664,0.9213,1.2364,1.3294
177,2013-02-25,9,12-17,239.5714,226.3585,196.1684,257.7095,0.9071,0.7871,1.0463,1.0952
177,2013-02-25,9,18-44,1102.7143,1062.0595,922.3136,1226.1413,0.5983,0.5217,0.6854,0.7024
177,2013-02-25,9,45-64,684.4286,650.9486,564.8617,755.2666,0.5981,0.5177,0.6917,0.6910
177,2013-02-25,9,65+,317.7143,308.6430,264.7161,358.2745,0.6528,0.5608,0.7600,0.7352
178,2013-02-26,9,0-5,1048.0000,1032.4344,900.9379,1193.9591,1.1202,0.9402,1.3351,1.2767
178,2013-02-26,9,6-11,489.5714,482.9256,421.6523,555.5228,1.0399,0.9021,1.2122,1.1951
178,2013-02-26,9,12-17,202.8571,206.8652,179.0758,238.1419,0.9060,0.7854,1.0503,0.9822
178,2013-02-26,9,18-44,1014.7143,1040.1718,905.1584,1202.5795,0.5886,0.5134,0.6761,0.6400
178,2013-02-26,9,45-64,622.2857,637.3446,550.3189,736.3578,0.5929,0.5124,0.6869,0.6290
178,2013-02-26,9,65+,293.1429,308.0834,265.2522,356.9621,0.6498,0.5584,0.7565,0.6708
179,2013-02-27,9,0-5,1028.1429,993.9280,867.1761,1146.5704,1.0937,0.9162,1.3087,1.2664
179,2013-02-27,9,6-11,450.4286,444.9450,386.2497,514.3636,1.0347,0.8938,1.1992,1.1753
179,2013-02-27,9,12-17,187.8571,191.1644,165.8506,220.3055,0.9214,0.8000,1.0725,0.9792
179,2013-02-27,9,18-44,1023.5714,1014.2723,879.0855,1168.5131,0.5854,0.5086,0.6734,0.6457
179,2013-02-27,9,45-64,616.1429,620.9759,540.1891,715.0432,0.5931,0.5115,0.6896,0.6393
179,2013-02-27,9,65+,310.0000,307.0960,264.8988,354.0356,0.6514,0.5583,0.7618,0.6931
180,2013-02-28,9,0-5,992.5714,948.2770,827.3316,1097.1920,1.0916,0.9140,1.3019,1.2479
180,2013-02-28,9,6-11,428.1429,409.6527,355.5838,473.4325,1.0516,0.9080,1.2185,1.1745
180,2013-02-28,9,12-17,182.0000,178.3841,155.0971,206.6371,0.9629,0.8299,1.1173,0.9944
180,2013-02-28,9,18-44,1010.7143,982.3223,852.1742,1133.2997,0.5909,0.5135,0.6824,0.6481
180,2013-02-28,9,45-64,609.7143,602.6634,521.9824,700.6100,0.6009,0.5176,0.7006,0.6451
180,2013-02-28,9,65+,308.5714,304.5806,262.6762,351.6952,0.6577,0.5606,0.7699,0.6990
181,2013-03-01,9,0-5,896.7143,901.1596,782.8147,1041.1758,1.1111,0.9352,1.3206,1.1587
181,2013-03-01,9,6-11,361.2857,378.4433,328.4622,437.5189,1.0935,0.9431,1.2603,1.0797
181,2013-03-01,9,12-17,154.0000,169.6011,147.8522,199.8123,1.0262,0.8802,1.1922,0.9259
181,2013-03-01,9,18-44,934.4286,949.0382,824.7694,1091.8256,0.6061,0.5265,0.6974,0.6140
181,2013-03-01,9,45-64,580.5714,584.4719,506.0887,680.9655,0.6160,0.5316,0.7140,0.6193
181,2013-03-01,9,65+,301.0000,300.2430,258.4886,348.5209,0.6692,0.5733,0.7796,0.6789
182,2013-03-02,9,0-5,828.0000,856.3769,744.8617,989.6162,1.1464,0.9623,1.3615,1.1115
182,2013-03-02,9,6-11,326.1429,354.4699,306.4799,408.1804,1.1480,0.9908,1.3322,1.0439
182,2013-03-02,9,12-17,151.5714,165.9253,143.7390,197.1109,1.1126,0.9533,1.2920,0.9275
182,2013-03-02,9,18-44,871.7143,913.9785,794.8898,1055.2959,0.6258,0.5450,0.7163,0.5956
182,2013-03-02,9,45-64,545.7143,566.8279,491.7769,661.9229,0.6357,0.5496,0.7330,0.6032
182,2013-03-02,9,65+,285.7143,294.7993,253.6554,341.6577,0.6844,0.5890,0.7959,0.6600
183,2013-03-03,10,0-5,761.1429,816.8089,709.3158,946.7282,1.1881,1.0017,1.4144,1.0806
183,2013-03-03,10,6-11,300.4286,338.0874,292.7993,388.9841,1.2289,1.0603,1.4246,1.0318
183,2013-03-03,10,12-17,143.8571,169.2535,145.8826,199.0267,1.2247,1.0493,1.4198,0.9261
183,2013-03-03,10,18-44,820.0000,878.4550,762.3483,1019.8349,0.6506,0.5689,0.7442,0.5875
183,2013-03-03,10,45-64,515.1429,549.0089,475.8852,641.6722,0.6586,0.5702,0.7591,0.5977
183,2013-03-03,10,65+,280.0000,287.8122,248.0998,333.4302,0.7016,0.6035,0.8139,0.6590
184,2013-03-04,10,0-5,706.2857,785.7534,683.9255,909.5785,1.2358,1.0436,1.4709,1.0652
184,2013-03-04,10,6-11,281.0000,328.7078,284.2070,380.2899,1.3086,1.1286,1.5208,1.0338
184,2013-03-04,10,12-17,151.5714,176.3115,150.5376,205.7306,1.3273,1.1379,1.5451,0.9688
184,2013-03-04,10,18-44,771.1429,843.7337,730.9145,975.6161,0.6719,0.5883,0.7677,0.5838
184,2013-03-04,10,45-64,482.5714,530.6430,460.2110,616.5878,0.6765,0.5878,0.7766,0.5938
184,2013-03-04,10,65+,262.8571,278.8757,241.3377,322.3937,0.7133,0.6144,0.8273,0.6494
185,2013-03-05,10,0-5,737.7143,761.6235,664.5210,878.7899,1.2665,1.0618,1.5160,1.1944
185,2013-03-05,10,6-11,313.0000,326.2130,280.4297,376.2820,1.3726,1.1792,1.5960,1.2074
185,2013-03-05,10,12-17,192.5714,189.9746,162.5559,222.2189,1.4058,1.2013,1.6530,1.1929
185,2013-03-05,10,18-44,818.7143,805.4770,698.0951,930.9499,0.6828,0.5985,0.7844,0.6663
185,2013-03-05,10,45-64,524.4286,511.1008,443.3772,588.8724,0.6844,0.5939,0.7900,0.6800
185,2013-03-05,10,65+,277.5714,268.6095,231.8639,310.9252,0.7148,0.6150,0.8328,0.7323
186,2013-03-06,10,0-5,726.1429,743.1206,648.6941,853.8121,1.2856,1.0754,1.5307,1.2159
186,2013-03-06,10,6-11,329.2857,329.4768,283.4201,381.1573,1.4050,1.2096,1.6409,1.2682
186,2013-03-06,10,12-17,221.0000,207.5397,176.5238,241.1984,1.4494,1.2328,1.7086,1.2853
186,2013-03-06,10,18-44,775.2857,767.4831,667.4448,887.2606,0.6815,0.5971,0.7799,0.6699
186,2013-03-06,10,45-64,499.7143,490.4378,425.1523,566.3462,0.6783,0.5887,0.7835,0.6783
186,2013-03-06,10,65+,258.0000,256.6050,221.6731,296.5405,0.7052,0.6065,0.8203,0.7180
187,2013-03-07,10,0-5,729.5714,730.4225,635.8545,839.7760,1.2783,1.0720,1.5348,1.2565
187,2013-03-07,10,6-11,340.8571,337.3339,289.7645,392.8509,1.4045,1.2061,1.6391,1.3206
187,2013-03-07,10,12-17,234.4286,228.0389,194.8269,266.1040,1.4515,1.2379,1.7143,1.3243
187,2013-03-07,10,18-44,765.5714,728.3503,633.1241,844.0498,0.6673,0.5857,0.7622,0.6843
187,2013-03-07,10,45-64,493.0000,468.8687,406.3079,542.2645,0.6600,0.5740,0.7608,0.6889
187,2013-03-07,10,65+,254.0000,244.2225,211.6966,282.5691,0.6853,0.5893,0.7961,0.7273
188,2013-03-08,10,0-5,731.8571,721.6416,624.9774,829.3321,1.2537,1.0487,1.5118,1.2709
188,2013-03-08,10,6-11,368.5714,347.9907,299.1236,406.2254,1.3811,1.1839,1.6028,1.3729
188,2013-03-08,10,12-17,269.5714,250.8212,215.1657,291.2903,1.4222,1.2142,1.6713,1.3909
188,2013-03-08,10,18-44,728.0000,693.0882,602.7393,807.4370,0.6436,0.5657,0.7331,0.6777
188,2013-03-08,10,45-64,463.0000,448.5178,388.3989,518.3657,0.6324,0.5515,0.7262,0.6746
188,2013-03-08,10,65+,238.2857,233.1397,202.5187,270.7888,0.6574,0.5659,0.7642,0.7046
189,2013-03-09,10,0-5,740.0000,714.8614,616.8322,823.9143,1.2182,1.0231,1.4477,1.2849
189,2013-03-09,10,6-11,381.5714,358.5786,308.6122,419.6356,1.3334,1.1471,1.5585,1.3870
189,2013-03-09,10,12-17,295.1429,273.1430,235.2466,317.9392,1.3735,1.1652,1.6171,1.4185
189,2013-03-09,10,18-44,696.0000,662.4390,575.8278,768.5387,0.6156,0.5414,0.7004,0.6726
189,2013-03-09,10,45-64,450.8571,429.0296,372.0751,496.6573,0.6019,0.5246,0.6892,0.6676
189,2013-03-09,10,65+,231.0000,223.1126,192.0163,259.5567,0.6272,0.5397,0.7275,0.6962
190,2013-03-10,11,0-5,731.1429,706.5891,609.6415,815.0295,1.1808,0.9883,1.4162,1.2667
190,2013-03-10,11,6-11,380.0000,367.9747,316.7090,427.0302,1.2858,1.0984,1.4998,1.3531
190,2013-03-10,11,12-17,305.0000,294.5518,254.3105,342.8878,1.3168,1.1203,1.5536,1.3821
190,2013-03-10,11,18-44,661.7143,635.8249,553.6438,737.9662,0.5889,0.5181,0.6695,0.6525
190,2013-03-10,11,45-64,431.5714,409.9756,355.2057,474.4936,0.5727,0.5003,0.6547,0.6459
190,2013-03-10,11,65+,220.2857,214.0398,184.8858,248.8810,0.5983,0.5159,0.6968,0.6744
191,2013-03-11,11,0-5,714.7143,695.9925,600.6315,798.9891,1.1455,0.9585,1.3679,1.2401
191,2013-03-11,11,6-11,389.1429,375.1489,323.4909,432.4154,1.2378,1.0630,1.4476,1.3394
191,2013-03-11,11,12-17,317.4286,313.0005,269.5389,364.5469,1.2699,1.0797,1.5069,1.3546
191,2013-03-11,11,18-44,628.5714,613.9864,532.0336,710.2475,0.5649,0.4978,0.6412,0.6317
191,2013-03-11,11,45-64,404.7143,392.1945,337.5418,453.9542,0.5475,0.4777,0.6248,0.6219
191,2013-03-11,11,65+,209.5714,205.4979,177.1622,239.5146,0.5734,0.4934,0.6649,0.6508
192,2013-03-12,11,0-5,687.5714,680.6968,587.4683,781.0531,1.1153,0.9328,1.3410,1.1942
192,2013-03-12,11,6-11,386.2857,378.9900,326.2534,436.8802,1.2021,1.0312,1.4142,1.2943
192,2013-03-12,11,12-17,325.4286,327.4075,283.3118,380.3724,1.2358,1.0411,1.4647,1.3096
192,2013-03-12,11,18-44,583.5714,592.4850,512.3811,684.9103,0.5477,0.4821,0.6231,0.5994
192,2013-03-12,11,45-64,366.8571,374.7596,322.8073,434.1230,0.5290,0.4621,0.6059,0.5866
192,2013-03-12,11,65+,197.1429,197.5460,169.2829,230.0845,0.5538,0.4769,0.6450,0.6174
193,2013-03-13,11,0-5,651.0000,664.0267,571.6487,761.9077,1.0935,0.9151,1.3070,1.1493
193,2013-03-13,11,6-11,368.2857,379.0853,327.4454,438.2367,1.1745,1.0058,1.3796,1.2363
193,2013-03-13,11,12-17,328.4286,338.2648,293.4895,391.7959,1.2039,1.0189,1.4272,1.2710
193,2013-03-13,11,18-44,554.8571,572.2684,495.8883,666.9700,0.5340,0.4698,0.6091,0.5761
193,2013-03-13,11,45-64,340.7143,358.0062,307.0152,414.7675,0.5141,0.4494,0.5902,0.5628
193,2013-03-13,11,65+,183.8571,189.8070,162.7171,221.9491,0.5380,0.4638,0.6261,0.5920
194,2013-03-14,11,0-5,634.4286,644.4914,557.0662,740.9607,1.0819,0.9049,1.3020,1.1441
194,2013-03-14,11,6-11,365.8571,375.5780,325.6904,433.5816,1.1584,0.9879,1.3565,1.2310
194,2013-03-14,11,12-17,331.5714,345.7885,300.9545,397.8192,1.1819,0.9985,1.3998,1.2617
194,2013-03-14,11,18-44,530.0000,551.9720,480.3862,643.1902,0.5271,0.4636,0.5997,0.5728
194,2013-03-14,11,45-64,334.5714,340.7029,292.7256,395.1736,0.5063,0.4417,0.5798,0.5620
194,2013-03-14,11,65+,179.7143,181.5527,155.7950,212.2968,0.5290,0.4549,0.6157,0.5945
195,2013-03-15,11,0-5,612.1429,622.9608,538.4457,713.6259,1.0728,0.8920,1.2855,1.1381
195,2013-03-15,11,6-11,362.5714,370.2076,319.7450,426.6848,1.1428,0.9762,1.3386,1.2314
195,2013-03-15,11,12-17,346.8571,348.6602,303.5042,400.9231,1.1577,0.9711,1.3697,1.2820
195,2013-03-15,11,18-44,519.1429,531.6473,461.8749,617.4106,0.5219,0.4573,0.5949,0.5707
195,2013-03-15,11,45-64,317.5714,322.1350,279.4465,375.4180,0.4999,0.4356,0.5738,0.5575
195,2013-03-15,11,65+,168.5714,172.6125,148.2866,200.1700,0.5220,0.4490,0.6089,0.5847
196,2013-03-16,11,0-5,593.0000,598.7141,517.7545,688.9311,1.0585,0.8820,1.2813,1.1361
196,2013-03-16,11,6-11,360.8571,361.9515,312.4896,416.0302,1.1239,0.9600,1.3199,1.2339
196,2013-03-16,11,12-17,352.1429,347.8379,301.4740,398.7182,1.1279,0.9513,1.3379,1.2766
196,2013-03-16,11,18-44,507.4286,511.8408,443.7201,592.0169,0.5165,0.4529,0.5898,0.5671
196,2013-03-16,11,45-64,297.2857,305.1562,263.0619,353.2252,0.4944,0.4304,0.5695,0.5504
196,2013-03-16,11,65+,162.7143,163.1892,140.2076,188.8187,0.5168,0.4437,0.6024,0.5794
197,2013-03-17,12,0-5,580.4286,574.3770,497.4371,661.5046,1.0484,0.8752,1.2616,1.1399
197,2013-03-17,12,6-11,359.2857,351.0793,301.9203,403.3439,1.1109,0.9490,1.3032,1.2352
197,2013-03-17,12,12-17,356.5714,341.8756,296.3098,393.3677,1.1023,0.9315,1.3082,1.2701
197,2013-03-17,12,18-44,492.4286,493.1775,426.6020,570.9497,0.5138,0.4499,0.5863,0.5626
197,2013-03-17,12,45-64,282.4286,289.4982,249.9318,336.2196,0.4923,0.4283,0.5664,0.5418
197,2013-03-17,12,65+,151.1429,154.0718,131.8801,178.9017,0.5145,0.4426,0.5987,0.5656
198,2013-03-18,12,0-5,554.8571,547.7306,473.9837,631.0751,1.0421,0.8718,1.2524,1.1200
198,2013-03-18,12,6-11,342.1429,337.2265,291.2216,389.4625,1.0997,0.9421,1.2903,1.1997
198,2013-03-18,12,12-17,344.0000,332.2249,287.5165,383.2660,1.0793,0.9098,1.2805,1.2267
198,2013-03-18,12,18-44,470.8571,474.5735,410.8551,548.5640,0.5129,0.4483,0.5857,0.5518
198,2013-03-18,12,45-64,273.8571,274.7781,237.2262,320.9025,0.4915,0.4268,0.5648,0.5329
198,2013-03-18,12,65+,145.4286,145.1345,124.8007,168.9783,0.5139,0.4411,0.5977,0.5593
199,2013-03-19,12,0-5,521.4286,522.2859,453.6722,600.3639,1.0453,0.8696,1.2556,1.0900
199,2013-03-19,12,6-11,324.5714,323.3345,278.5224,376.2065,1.0927,0.9344,1.2888,1.1639
199,2013-03-19,12,12-17,323.4286,319.7027,276.8608,368.6447,1.0662,0.9016,1.2659,1.1715
199,2013-03-19,12,18-44,451.8571,457.6619,395.4994,527.0936,0.5140,0.4500,0.5864,0.5388
199,2013-03-19,12,45-64,263.7143,262.5183,226.7206,305.9206,0.4921,0.4289,0.5650,0.5203
199,2013-03-19,12,65+,135.2857,137.2000,118.0216,159.5344,0.5152,0.4433,0.6008,0.5444
200,2013-03-20,12,0-5,497.1429,496.8772,430.6422,573.5227,1.0442,0.8736,1.2504,1.0765
200,2013-03-20,12,6-11,310.0000,309.7051,267.0759,359.7982,1.0946,0.9361,1.2888,1.1420
200,2013-03-20,12,12-17,304.5714,305.9803,265.1949,353.6877,1.0692,0.9033,1.2637,1.1301
200,2013-03-20,12,18-44,432.7143,441.8782,382.3926,509.9381,0.5171,0.4531,0.5914,0.5295
200,2013-03-20,12,45-64,249.8571,252.1257,217.2156,293.8870,0.4961,0.4316,0.5700,0.5099
200,2013-03-20,12,65+,128.4286,130.0927,112.1684,151.6922,0.5196,0.4459,0.6059,0.5353
201,2013-03-21,12,0-5,481.2857,471.7292,409.9522,544.4840,1.0486,0.8711,1.2551,1.0930
201,2013-03-21,12,6-11,299.5714,295.8658,255.1473,342.8054,1.1007,0.9410,1.3018,1.1535
201,2013-03-21,12,12-17,293.8571,291.8175,252.2610,338.5954,1.0755,0.9088,1.2763,1.1347
201,2013-03-21,12,18-44,433.1429,427.4189,369.4041,495.0157,0.5223,0.4564,0.5987,0.5419
201,2013-03-21,12,45-64,248.1429,242.4860,207.0203,282.5286,0.5018,0.4363,0.5780,0.5228
201,2013-03-21,12,65+,126.8571,123.6762,106.1689,144.5509,0.5272,0.4526,0.6130,0.5502
202,2013-03-22,12,0-5,442.8571,447.7850,388.8423,518.4603,1.0580,0.8822,1.2650,1.0514
202,2013-03-22,12,6-11,278.1429,282.4901,243.7141,327.0499,1.1150,0.9541,1.3033,1.1099
202,2013-03-22,12,12-17,268.0000,278.2228,240.9093,322.1187,1.0888,0.9194,1.2965,1.0764
202,2013-03-22,12,18-44,409.0000,413.1673,357.3595,479.4543,0.5297,0.4638,0.6079,0.5218
202,2013-03-22,12,45-64,227.4286,232.6962,199.4940,271.0172,0.5104,0.4447,0.5870,0.5011
202,2013-03-22,12,65+,116.4286,118.2694,101.1728,138.3103,0.5380,0.4615,0.6245,0.5268
203,2013-03-23,12,0-5,422.8571,426.3107,368.9795,493.8072,1.0690,0.8958,1.2799,1.0512
203,2013-03-23,12,6-11,262.0000,269.4493,233.5342,313.3104,1.1324,0.9723,1.3300,1.0990
203,2013-03-23,12,12-17,253.5714,265.3083,230.1675,307.3826,1.1107,0.9390,1.3142,1.0685
203,2013-03-23,12,18-44,393.7143,400.3309,345.7809,464.2543,0.5408,0.4723,0.6192,0.5217
203,2013-03-23,12,45-64,221.2857,223.9715,192.5431,261.2281,0.5220,0.4538,0.6000,0.5013
203,2013-03-23,12,65+,108.5714,113.7150,97.4028,132.7456,0.5499,0.4728,0.6435,0.5227
204,2013-03-24,13,0-5,398.1429,406.5875,351.8723,469.2594,1.0867,0.9066,1.2991,1.0483
204,2013-03-24,13,6-11,253.1429,258.1309,223.2371,300.2170,1.1587,0.9910,1.3602,1.1108
204,2013-03-24,13,12-17,243.0000,254.4822,220.7869,295.4543,1.1353,0.9605,1.3463,1.0777
204,2013-03-24,13,18-44,380.8571,387.0074,334.3856,451.6097,0.5535,0.4835,0.6356,0.5271
204,2013-03-24,13,45-64,215.2857,215.9189,186.3796,251.9977,0.5360,0.4650,0.6180,0.5086
204,2013-03-24,13,65+,106.1429,109.7508,93.7468,128.3777,0.5646,0.4845,0.6597,0.5322
205,2013-03-25,13,0-5,380.8571,387.9323,335.5321,448.5149,1.1011,0.9217,1.3174,1.0585
205,2013-03-25,13,6-11,243.7143,247.5853,215.1740,286.9468,1.1834,1.0116,1.3883,1.1240
205,2013-03-25,13,12-17,238.7143,244.7076,211.5839,283.9141,1.1592,0.9763,1.3707,1.1017
205,2013-03-25,13,18-44,370.8571,374.8499,323.9119,438.7992,0.5660,0.4953,0.6490,0.5341
205,2013-03-25,13,45-64,205.4286,209.0729,181.1559,243.2162,0.5500,0.4781,0.6321,0.5150
205,2013-03-25,13,65+,103.8571,106.1526,90.7181,124.2064,0.5799,0.4989,0.6748,0.5407
206,2013-03-26,13,0-5,369.1429,370.4328,319.7285,428.6240,1.1141,0.9307,1.3360,1.0777
206,2013-03-26,13,6-11,235.7143,239.1853,207.9742,276.6061,1.2059,1.0272,1.4140,1.1408
206,2013-03-26,13,12-17,233.1429,235.7605,204.1609,274.2784,1.1687,0.9882,1.3889,1.1241
206,2013-03-26,13,18-44,360.5714,363.9963,313.4220,423.0305,0.5769,0.5033,0.6604,0.5439
206,2013-03-26,13,45-64,201.4286,203.2641,175.0970,235.5071,0.5618,0.4880,0.6469,0.5252
206,2013-03-26,13,65+,101.2857,103.1933,88.2529,120.6302,0.5937,0.5112,0.6942,0.5512
207,2013-03-27,13,0-5,357.7143,354.9734,306.0916,410.4451,1.1222,0.9363,1.3495,1.0974
207,2013-03-27,13,6-11,231.7143,231.5879,201.1866,268.7975,1.2177,1.0410,1.4243,1.1690
207,2013-03-27,13,12-17,230.7143,226.9820,196.4444,264.9181,1.1773,0.9983,1.3911,1.1554
207,2013-03-27,13,18-44,352.5714,353.3199,304.2754,411.1518,0.5833,0.5107,0.6683,0.5569
207,2013-03-27,13,45-64,198.2857,198.3138,171.0070,230.5421,0.5693,0.4958,0.6567,0.5397
207,2013-03-27,13,65+,102.7143,100.5477,86.3146,118.1284,0.6009,0.5166,0.7035,0.5715
208,2013-03-28,13,0-5,342.4286,340.8905,293.6115,395.0734,1.1346,0.9463,1.3599,1.1059
208,2013-03-28,13,6-11,225.4286,224.6817,195.6913,261.2606,1.2241,1.0480,1.4375,1.1862
208,2013-03-28,13,12-17,226.5714,219.2492,189.5902,255.0904,1.1741,0.9993,1.3941,1.1765
208,2013-03-28,13,18-44,348.5714,343.2233,296.2476,398.8353,0.5894,0.5157,0.6758,0.5674
208,2013-03-28,13,45-64,196.0000,194.3133,167.0618,227.7127,0.5754,0.5000,0.6635,0.5514
208,2013-03-28,13,65+,101.7143,98.2209,84.0544,115.5369,0.6071,0.5207,0.7081,0.5843
209,2013-03-29,13,0-5,326.4286,328.0362,283.3085,380.4912,1.1466,0.9623,1.3622,1.0991
209,2013-03-29,13,6-11,216.5714,218.5795,189.7021,253.9186,1.2272,1.0518,1.4379,1.1796
209,2013-03-29,13,12-17,216.8571,211.6115,182.3606,245.4839,1.1716,0.9955,1.3820,1.1660
209,2013-03-29,13,18-44,335.7143,334.9329,288.4932,386.5030,0.5940,0.5193,0.6795,0.5652
209,2013-03-29,13,45-64,192.1429,191.6988,164.9478,223.9306,0.5794,0.5030,0.6685,0.5497
209,2013-03-29,13,65+,96.8571,96.1728,82.0353,113.1735,0.6104,0.5242,0.7077,0.5794
210,2013-03-30,13,0-5,308.1429,317.3333,274.7049,368.9244,1.1517,0.9643,1.3752,1.0903
210,2013-03-30,13,6-11,212.0000,212.7458,185.3227,247.0318,1.2264,1.0494,1.4366,1.1884
210,2013-03-30,13,12-17,205.1429,203.3692,176.8314,236.1015,1.1606,0.9824,1.3701,1.1545
210,2013-03-30,13,18-44,325.5714,327.6104,282.5154,379.9412,0.5947,0.5208,0.6779,0.5679
210,2013-03-30,13,45-64,191.1429,189.5924,163.8555,221.9924,0.5802,0.5047,0.6669,0.5553
210,2013-03-30,13,65+,96.1429,94.0572,80.0209,110.7255,0.6115,0.5265,0.7125,0.5882
211,2013-03-31,14,0-5,302.1429,307.2954,264.9874,354.9273,1.1529,0.9634,1.3807,1.1089
211,2013-03-31,14,6-11,206.8571,207.4041,179.8359,241.8495,1.2143,1.0407,1.4249,1.1982
211,2013-03-31,14,12-17,196.5714,195.4491,169.5421,226.7799,1.1458,0.9720,1.3486,1.1534
211,2013-03-31,14,18-44,316.7143,321.0780,278.1585,370.8916,0.5931,0.5197,0.6779,0.5735
211,2013-03-31,14,45-64,189.7143,187.7969,161.7980,218.9635,0.5782,0.5034,0.6650,0.5603
211,2013-03-31,14,65+,92.8571,92.4938,78.5397,108.3570,0.6108,0.5258,0.7104,0.5909
212,2013-04-01,14,0-5,299.5714,298.1784,257.0922,343.0763,1.1509,0.9614,1.3847,1.1364
212,2013-04-01,14,6-11,203.2857,201.2993,174.6896,234.0380,1.2002,1.0256,1.4043,1.2148
212,2013-04-01,14,12-17,188.0000,187.2170,161.5732,218.2194,1.1307,0.9593,1.3353,1.1546
212,2013-04-01,14,18-44,311.0000,314.1999,271.3172,361.3910,0.5890,0.5138,0.6752,0.5821
212,2013-04-01,14,45-64,188.2857,185.3231,159.2089,215.7014,0.5740,0.4978,0.6619,0.5673
212,2013-04-01,14,65+,90.1429,90.9274,77.3023,106.5738,0.6080,0.5228,0.7091,0.5959
213,2013-04-02,14,0-5,290.5714,290.2212,250.9775,335.0895,1.1416,0.9568,1.3605,1.1469
213,2013-04-02,14,6-11,196.2857,194.5464,168.3570,226.2187,1.1771,1.0061,1.3787,1.2193
213,2013-04-02,14,12-17,180.4286,178.7339,154.5461,208.7729,1.1105,0.9444,1.3123,1.1567
213,2013-04-02,14,18-44,310.7143,306.7098,265.7167,353.2668,0.5801,0.5089,0.6655,0.5894
213,2013-04-02,14,45-64,183.0000,182.0910,156.2114,212.2543,0.5654,0.4923,0.6523,0.5734
213,2013-04-02,14,65+,89.8571,89.3912,75.9363,104.8383,0.6018,0.5170,0.7012,0.6047
214,2013-04-03,14,0-5,281.0000,282.2045,243.3676,325.4450,1.1309,0.9416,1.3608,1.1483
214,2013-04-03,14,6-11,191.4286,187.1429,161.4592,218.4790,1.1498,0.9808,1.3472,1.2232
214,2013-04-03,14,12-17,168.0000,169.7310,146.4608,197.6399,1.0911,0.9280,1.2906,1.1393
214,2013-04-03,14,18-44,305.1429,298.8400,258.1299,345.1353,0.5713,0.4986,0.6559,0.5924
214,2013-04-03,14,45-64,181.1429,177.9932,153.6291,207.6848,0.5574,0.4833,0.6423,0.5768
214,2013-04-03,14,65+,87.8571,87.6377,74.3133,102.9770,0.5954,0.5117,0.6936,0.6081
215,2013-04-04,14,0-5,275.7143,273.9336,236.6060,317.6308,1.1169,0.9331,1.3400,1.1577
215,2013-04-04,14,6-11,185.8571,178.9076,154.9255,209.4652,1.1261,0.9636,1.3224,1.2258
215,2013-04-04,14,12-17,165.0000,161.1768,138.5159,188.2610,1.0780,0.9172,1.2759,1.1552
215,2013-04-04,14,18-44,298.4286,289.8193,250.0861,336.0693,0.5627,0.4914,0.6448,0.5957
215,2013-04-04,14,45-64,177.1429,173.1190,149.8477,201.7748,0.5494,0.4765,0.6332,0.5798
215,2013-04-04,14,65+,85.7143,86.0198,73.5217,101.0302,0.5903,0.5056,0.6867,0.6098
216,2013-04-05,14,0-5,265.5714,265.8954,230.4367,308.2225,1.1061,0.9239,1.3239,1.1441
216,2013-04-05,14,6-11,174.2857,170.4060,147.1559,198.3671,1.1077,0.9453,1.3001,1.1956
216,2013-04-05,14,12-17,155.5714,152.4832,131.3714,177.6414,1.0656,0.9045,1.2556,1.1358
216,2013-04-05,14,18-44,286.0000,279.7191,242.0731,325.3512,0.5557,0.4855,0.6386,0.5880
216,2013-04-05,14,45-64,171.0000,167.5323,144.8345,195.5254,0.5433,0.4715,0.6273,0.5746
216,2013-04-05,14,65+,85.4286,84.3270,72.3374,99.1428,0.5856,0.5013,0.6846,0.6104
217,2013-04-06,14,0-5,261.7143,257.4860,223.6777,299.9768,1.0987,0.9197,1.3146,1.1487
217,2013-04-06,14,6-11,163.2857,161.6070,138.8413,187.3947,1.0943,0.9353,1.2835,1.1699
217,2013-04-06,14,12-17,142.8571,144.4943,124.7650,167.6127,1.0591,0.8981,1.2513,1.1019
217,2013-04-06,14,18-44,274.7143,269.6821,233.2317,315.7832,0.5516,0.4817,0.6332,0.5817
217,2013-04-06,14,45-64,164.4286,162.1233,138.6035,188.4899,0.5402,0.4696,0.6243,0.5675
217,2013-04-06,14,65+,83.2857,82.2668,70.5144,96.9524,0.5841,0.5000,0.6830,0.6060
218,2013-04-07,15,0-5,253.1429,249.1016,216.5382,290.3197,1.0969,0.9147,1.3069,1.1365
218,2013-04-07,15,6-11,154.2857,152.6656,130.6558,177.2235,1.0876,0.9325,1.2682,1.1500
218,2013-04-07,15,12-17,138.1429,136.9741,118.7653,158.9835,1.0619,0.9000,1.2550,1.0992
218,2013-04-07,15,18-44,260.0000,259.0282,223.9125,302.1672,0.5513,0.4821,0.6332,0.5721
218,2013-04-07,15,45-64,155.1429,156.0528,133.5631,182.5376,0.5417,0.4703,0.6253,0.5581
218,2013-04-07,15,65+,80.7143,80.6937,68.6926,94.5384,0.5871,0.5033,0.6854,0.5982
219,2013-04-08,15,0-5,238.0000,240.9981,209.2668,279.6517,1.0966,0.9193,1.3106,1.1045
219,2013-04-08,15,6-11,144.5714,143.5117,123.1656,166.8533,1.0904,0.9364,1.2731,1.1242
219,2013-04-08,15,12-17,129.5714,129.6934,112.9914,151.4918,1.0729,0.9131,1.2694,1.0780
219,2013-04-08,15,18-44,245.1429,248.4452,214.8576,289.3432,0.5564,0.4861,0.6377,0.5590
219,2013-04-08,15,45-64,145.7143,150.1537,128.2251,175.3367,0.5484,0.4766,0.6332,0.5464
219,2013-04-08,15,65+,77.8571,78.8831,66.8618,91.9281,0.5969,0.5125,0.6973,0.5890
220,2013-04-09,15,0-5,229.8571,232.5124,202.3400,269.6467,1.0956,0.9176,1.3102,1.0959
220,2013-04-09,15,6-11,131.8571,135.2199,116.0628,158.1568,1.1035,0.9490,1.2879,1.0900
220,2013-04-09,15,12-17,118.7143,123.1742,106.8186,143.8189,1.0917,0.9291,1.2830,1.0481
220,2013-04-09,15,18-44,230.7143,239.0501,205.8105,278.4895,0.5639,0.4935,0.6465,0.5493
220,2013-04-09,15,45-64,138.7143,144.9743,123.7361,168.5312,0.5588,0.4851,0.6440,0.5373
220,2013-04-09,15,65+,73.7143,77.1096,65.3427,90.0114,0.6102,0.5209,0.7152,0.5793
221,2013-04-10,15,0-5,221.5714,223.8894,193.9431,259.0436,1.1028,0.9244,1.3276,1.0966
221,2013-04-10,15,6-11,120.8571,127.3372,109.4104,149.4368,1.1245,0.9654,1.3163,1.0752
221,2013-04-10,15,12-17,113.8571,117.6903,101.7184,137.7325,1.1122,0.9416,1.3117,1.0596
221,2013-04-10,15,18-44,220.2857,229.0873,198.1408,266.8163,0.5741,0.5031,0.6602,0.5515
221,2013-04-10,15,45-64,135.2857,139.7619,119.6815,162.2017,0.5710,0.4962,0.6583,0.5426
221,2013-04-10,15,65+,71.4286,75.4257,63.7460,88.3113,0.6263,0.5338,0.7323,0.5850
222,2013-04-11,15,0-5,218.0000,215.0323,185.4747,248.6335,1.1076,0.9338,1.3195,1.1302
222,2013-04-11,15,6-11,120.4286,120.7058,103.6833,141.9555,1.1438,0.9812,1.3337,1.1273
222,2013-04-11,15,12-17,111.4286,112.6076,96.8351,131.4687,1.1308,0.9587,1.3293,1.1015
222,2013-04-11,15,18-44,218.1429,220.6751,190.3709,256.5995,0.5836,0.5097,0.6673,0.5742
222,2013-04-11,15,45-64,134.7143,134.5783,115.4421,156.2657,0.5828,0.5039,0.6704,0.5668
222,2013-04-11,15,65+,72.5714,73.7905,62.1670,86.4663,0.6402,0.5456,0.7504,0.6146
223,2013-04-12,15,0-5,209.4286,205.4427,176.6985,238.0757,1.1118,0.9326,1.3269,1.1268
223,2013-04-12,15,6-11,111.7143,115.0468,98.2617,134.7840,1.1636,0.9983,1.3631,1.1144
223,2013-04-12,15,12-17,103.2857,107.8083,92.3120,126.1588,1.1399,0.9699,1.3445,1.0853
223,2013-04-12,15,18-44,209.5714,212.4596,183.0612,245.5166,0.5894,0.5153,0.6735,0.5725
223,2013-04-12,15,45-64,128.7143,129.9272,112.1998,151.6896,0.5900,0.5115,0.6787,0.5656
223,2013-04-12,15,65+,70.5714,72.0869,60.5988,84.9466,0.6494,0.5553,0.7581,0.6161
224,2013-04-13,15,0-5,194.8571,196.4354,168.5451,226.0075,1.1174,0.9325,1.3390,1.1117
224,2013-04-13,15,6-11,108.1429,109.9652,94.0074,128.5440,1.1803,1.0087,1.3806,1.1363
224,2013-04-13,15,12-17,103.4286,103.4690,87.9960,121.1287,1.1416,0.9685,1.3504,1.1277
224,2013-04-13,15,18-44,206.5714,204.3591,176.0715,235.4227,0.5926,0.5170,0.6804,0.5825
224,2013-04-13,15,45-64,125.5714,125.4923,107.7642,146.0605,0.5932,0.5140,0.6870,0.5788
224,2013-04-13,15,65+,70.0000,70.5952,59.5236,82.9115,0.6538,0.5579,0.7648,0.6307
225,2013-04-14,16,0-5,185.8571,187.7727,161.1621,216.3042,1.1137,0.9351,1.3388,1.1053
225,2013-04-14,16,6-11,102.7143,106.0392,90.3933,123.5238,1.1899,1.0178,1.3935,1.1344
225,2013-04-14,16,12-17,98.7143,99.0380,84.1541,116.3141,1.1305,0.9598,1.3294,1.1267
225,2013-04-14,16,18-44,196.4286,196.4290,169.3300,227.9020,0.5926,0.5180,0.6803,0.5818
225,2013-04-14,16,45-64,121.1429,121.6305,104.2269,141.6117,0.5931,0.5139,0.6853,0.5812
225,2013-04-14,16,65+,70.4286,69.0358,58.5901,80.6651,0.6537,0.5579,0.7668,0.6416
226,2013-04-15,16,0-5,178.5714,180.1310,154.9880,207.2086,1.1145,0.9381,1.3374,1.1104
226,2013-04-15,16,6-11,101.4286,102.8372,87.8342,119.8830,1.1922,1.0178,1.3981,1.1582
226,2013-04-15,16,12-17,95.4286,94.7800,81.1289,110.6443,1.1087,0.9441,1.3123,1.1380
226,2013-04-15,16,18-44,188.7143,188.5697,162.5713,218.7723,0.5898,0.5161,0.6776,0.5870
226,2013-04-15,16,45-64,119.0000,117.8228,101.0818,138.2090,0.5889,0.5114,0.6804,0.5875
226,2013-04-15,16,65+,68.7143,67.3850,57.5440,79.0555,0.6480,0.5529,0.7586,0.6479
227,2013-04-16,16,0-5,168.8571,172.3219,148.1773,199.3455,1.1124,0.9328,1.3318,1.1065
227,2013-04-16,16,6-11,101.1429,99.8211,85.1697,116.8681,1.1825,1.0113,1.3853,1.1868
227,2013-04-16,16,12-17,93.0000,90.0841,77.0061,105.2464,1.0798,0.9197,1.2871,1.1548
227,2013-04-16,16,18-44,181.8571,181.4272,155.9751,210.7881,0.5835,0.5100,0.6689,0.5935
227,2013-04-16,16,45-64,117.2857,114.1372,97.8288,134.2060,0.5814,0.5042,0.6703,0.5969
227,2013-04-16,16,65+,68.5714,65.4659,55.5455,76.4673,0.6369,0.5431,0.7474,0.6613
228,2013-04-17,16,0-5,162.1429,164.9862,141.9808,191.7308,1.1114,0.9367,1.3295,1.1136
228,2013-04-17,16,6-11,99.8571,96.8614,82.4673,113.2808,1.1694,0.9986,1.3728,1.2043
228,2013-04-17,16,12-17,87.7143,85.0622,72.6444,99.4515,1.0524,0.8861,1.2415,1.1434
228,2013-04-17,16,18-44,177.7143,173.8787,149.8633,201.9507,0.5767,0.5027,0.6633,0.5968
228,2013-04-17,16,45-64,113.0000,110.6329,95.1321,129.9716,0.5724,0.4946,0.6651,0.5976
228,2013-04-17,16,65+,66.7143,63.2194,53.3384,74.0957,0.6240,0.5336,0.7339,0.6622
229,2013-04-18,16,0-5,160.1429,158.5527,136.6691,184.0674,1.1097,0.9257,1.3274,1.1388
229,2013-04-18,16,6-11,96.1429,94.0886,80.2983,110.3935,1.1543,0.9844,1.3508,1.2082
229,2013-04-18,16,12-17,83.8571,79.6574,68.0022,93.5700,1.0230,0.8705,1.2018,1.1469
229,2013-04-18,16,18-44,172.8571,166.4737,143.3272,193.0770,0.5711,0.4973,0.6556,0.6050
229,2013-04-18,16,45-64,112.7143,107.3675,92.2777,125.9304,0.5663,0.4890,0.6563,0.6065
229,2013-04-18,16,65+,65.2857,60.6613,51.1439,71.3330,0.6155,0.5257,0.7220,0.6704
230,2013-04-19,16,0-5,148.7143,152.2816,131.7755,177.1195,1.1054,0.9263,1.3230,1.0957
230,2013-04-19,16,6-11,92.0000,90.8361,77.8939,106.9249,1.1372,0.9708,1.3349,1.1720
230,2013-04-19,16,12-17,76.5714,73.8959,63.2034,86.5378,0.9982,0.8529,1.1760,1.0897
230,2013-04-19,16,18-44,160.1429,159.0725,137.1419,185.8371,0.5665,0.4937,0.6489,0.5778
230,2013-04-19,16,45-64,103.4286,104.3655,89.5204,122.5984,0.5628,0.4858,0.6529,0.5752
230,2013-04-19,16,65+,59.0000,57.9517,48.7443,68.5600,0.6104,0.5221,0.7164,0.6309
231,2013-04-20,16,0-5,146.4286,146.7483,126.6265,170.5399,1.1050,0.9243,1.3272,1.0997
231,2013-04-20,16,6-11,88.1429,87.7336,75.0263,102.9868,1.1274,0.9615,1.3262,1.1497
231,2013-04-20,16,12-17,68.5714,68.2244,58.3734,80.0627,0.9854,0.8408,1.1581,1.0391
231,2013-04-20,16,18-44,147.7143,152.3726,130.8426,176.8473,0.5665,0.4932,0.6487,0.5628
231,2013-04-20,16,45-64,98.0000,101.5335,86.6929,119.2036,0.5646,0.4870,0.6544,0.5568
231,2013-04-20,16,65+,53.8571,55.3106,46.9021,65.7310,0.6145,0.5230,0.7208,0.6068
232,2013-04-21,17,0-5,141.8571,141.6940,122.3054,163.7252,1.1064,0.9193,1.3287,1.1086
232,2013-04-21,17,6-11,83.8571,84.0703,71.5464,98.4577,1.1194,0.9574,1.3139,1.1453
232,2013-04-21,17,12-17,63.1429,62.6123,53.5394,73.7218,0.9795,0.8339,1.1488,1.0304
232,2013-04-21,17,18-44,143.0000,146.1192,125.2172,169.7306,0.5693,0.4976,0.6541,0.5665
232,2013-04-21,17,45-64,96.4286,98.7335,84.2440,115.8657,0.5713,0.4935,0.6620,0.5602
232,2013-04-21,17,65+,49.5714,52.8585,44.9594,62.5512,0.6240,0.5314,0.7346,0.6016
233,2013-04-22,17,0-5,136.1429,136.9110,118.2143,157.9044,1.1037,0.9238,1.3218,1.1107
233,2013-04-22,17,6-11,79.5714,80.1518,67.8407,93.6070,1.1145,0.9526,1.3124,1.1431
233,2013-04-22,17,12-17,57.5714,57.2364,48.9051,67.6238,0.9828,0.8368,1.1532,1.0243
233,2013-04-22,17,18-44,137.1429,139.5875,119.1056,162.4453,0.5749,0.5007,0.6587,0.5727
233,2013-04-22,17,45-64,95.4286,96.0941,82.2503,112.8431,0.5812,0.4996,0.6735,0.5717
233,2013-04-22,17,65+,49.2857,50.6479,43.0676,59.9674,0.6391,0.5413,0.7506,0.6194
234,2013-04-23,17,0-5,130.2857,131.6912,113.5158,152.1894,1.1034,0.9215,1.3133,1.1032
234,2013-04-23,17,6-11,74.7143,76.1039,64.9305,88.6877,1.1107,0.9523,1.3075,1.1248
234,2013-04-23,17,12-17,49.4286,52.2811,44.6762,61.9661,0.9885,0.8438,1.1592,0.9782
234,2013-04-23,17,18-44,129.5714,133.2599,113.6868,155.5014,0.5808,0.5053,0.6660,0.5669
234,2013-04-23,17,45-64,90.7143,93.5264,80.2334,109.7607,0.5907,0.5087,0.6854,0.5671
234,2013-04-23,17,65+,48.1429,48.8654,41.3721,57.9094,0.6533,0.5550,0.7664,0.6223
235,2013-04-24,17,0-5,129.2857,126.3058,109.0248,146.4557,1.0916,0.9141,1.3112,1.1292
235,2013-04-24,17,6-11,71.8571,71.7316,61.1855,83.8783,1.1044,0.9451,1.2962,1.1358
235,2013-04-24,17,12-17,45.8571,47.8828,40.6657,56.5806,1.0016,0.8505,1.1760,0.9855
235,2013-04-24,17,18-44,124.1429,127.2948,109.7416,149.6071,0.5851,0.5093,0.6726,0.5744
235,2013-04-24,17,45-64,88.5714,90.6778,78.1180,106.5110,0.6009,0.5175,0.6984,0.5746
235,2013-04-24,17,65+,45.8571,47.4623,40.1328,56.2298,0.6690,0.5684,0.7860,0.6276
236,2013-04-25,17,0-5,122.7143,120.4833,103.4759,140.1484,1.0776,0.9044,1.2963,1.1301
236,2013-04-25,17,6-11,70.0000,67.4421,57.5887,79.2353,1.0990,0.9385,1.2891,1.1628
236,2013-04-25,17,12-17,45.0000,44.0000,37.4994,52.2566,1.0146,0.8616,1.1907,1.0316
236,2013-04-25,17,18-44,122.0000,121.9656,105.2495,143.0172,0.5886,0.5111,0.6768,0.5901
236,2013-04-25,17,45-64,88.2857,87.9889,75.5491,103.3240,0.6103,0.5248,0.7090,0.5952
236,2013-04-25,17,65+,44.8571,46.4090,39.0283,54.8822,0.6836,0.5811,0.8067,0.6469
237,2013-04-26,17,0-5,116.8571,114.4755,98.4168,132.8033,1.0683,0.8938,1.2761,1.1253
237,2013-04-26,17,6-11,64.0000,63.0524,53.7754,74.1788,1.0972,0.9381,1.2854,1.1420
237,2013-04-26,17,12-17,40.7143,40.5234,34.4598,48.3443,1.0302,0.8793,1.2093,1.0248
237,2013-04-26,17,18-44,119.0000,116.7911,100.7796,136.6755,0.5925,0.5154,0.6797,0.5950
237,2013-04-26,17,45-64,87.2857,85.3225,72.9803,99.5960,0.6189,0.5322,0.7182,0.6041
237,2013-04-26,17,65+,43.1429,45.4796,38.1757,53.8337,0.6981,0.5908,0.8226,0.6538
238,2013-04-27,17,0-5,109.5714,108.1524,93.5374,125.3721,1.0575,0.8814,1.2614,1.1159
238,2013-04-27,17,6-11,59.8571,58.9569,50.3092,69.5328,1.1008,0.9397,1.2853,1.1412
238,2013-04-27,17,12-17,37.8571,37.7669,31.9780,44.9611,1.0484,0.8902,1.2364,1.0332
238,2013-04-27,17,18-44,116.1429,111.8556,96.4610,129.7484,0.5950,0.5173,0.6830,0.6042
238,2013-04-27,17,45-64,84.8571,83.0007,71.1829,96.6751,0.6261,0.5387,0.7270,0.6207
238,2013-04-27,17,65+,46.2857,44.7721,37.7541,53.1009,0.7085,0.5971,0.8360,0.6915
239,2013-04-28,18,0-5,102.8571,101.9562,88.1336,117.9884,1.0488,0.8755,1.2567,1.0945
239,2013-04-28,18,6-11,56.1429,55.1399,46.8773,65.3393,1.1044,0.9456,1.2964,1.1260
239,2013-04-28,18,12-17,34.4286,35.5098,30.0654,42.3243,1.0699,0.9107,1.2634,1.0174
239,2013-04-28,18,18-44,107.5714,106.9550,92.1824,124.8026,0.5985,0.5212,0.6886,0.5980
239,2013-04-28,18,45-64,82.4286,80.4972,68.8564,93.8158,0.6330,0.5461,0.7355,0.6218
239,2013-04-28,18,65+,47.2857,44.2702,37.2279,52.5468,0.7176,0.6119,0.8451,0.7068
240,2013-04-29,18,0-5,97.0000,95.5402,82.2434,110.4671,1.0449,0.8770,1.2551,1.0829
240,2013-04-29,18,6-11,52.1429,51.8306,43.7924,61.3402,1.1191,0.9572,1.3116,1.1100
240,2013-04-29,18,12-17,32.1429,33.6956,28.4321,40.4056,1.0966,0.9338,1.2935,1.0113
240,2013-04-29,18,18-44,102.2857,102.3304,87.4815,119.8836,0.6037,0.5255,0.6959,0.5924
240,2013-04-29,18,45-64,78.7143,78.2834,66.7898,91.2054,0.6420,0.5513,0.7458,0.6158
240,2013-04-29,18,65+,44.8571,43.9174,36.8993,52.3875,0.7298,0.6183,0.8622,0.6962
241,2013-04-30,18,0-5,90.0000,89.4984,76.8088,103.7911,1.0525,0.8836,1.2654,1.0584
241,2013-04-30,18,6-11,47.1429,48.7553,41.1779,57.6649,1.1436,0.9773,1.3370,1.0780
241,2013-04-30,18,12-17,31.2857,32.3844,27.0933,38.8918,1.1315,0.9610,1.3358,1.0203
241,2013-04-30,18,18-44,95.8571,97.9536,83.5787,114.8601,0.6139,0.5344,0.7065,0.5818
241,2013-04-30,18,45-64,74.7143,76.0925,64.9601,88.9586,0.6548,0.5618,0.7614,0.6059
241,2013-04-30,18,65+,41.5714,43.5141,36.2921,51.8745,0.7439,0.6282,0.8802,0.6772
242,2013-05-01,18,0-5,83.2857,83.6778,71.6359,97.5690,1.0695,0.8967,1.2869,1.0465
242,2013-05-01,18,6-11,45.5714,46.1834,38.9263,54.5920,1.1737,0.9999,1.3755,1.0940
242,2013-05-01,18,12-17,29.8571,31.4577,26.3101,37.7467,1.1637,0.9864,1.3675,1.0312
242,2013-05-01,18,18-44,90.7143,93.5715,79.7010,109.4068,0.6255,0.5444,0.7201,0.5836
242,2013-05-01,18,45-64,71.4286,74.2341,63.3376,86.9141,0.6671,0.5735,0.7774,0.6105
242,2013-05-01,18,65+,41.4286,42.9778,36.1239,51.2815,0.7566,0.6423,0.8977,0.6893
243,2013-05-02,18,0-5,80.8571,78.5089,67.1352,91.3369,1.0902,0.9119,1.3056,1.0845
243,2013-05-02,18,6-11,42.4286,44.1288,37.1858,52.4216,1.2035,1.0277,1.4063,1.1152
243,2013-05-02,18,12-17,28.5714,30.7092,25.6603,37.1541,1.1895,1.0071,1.4072,1.0633
243,2013-05-02,18,18-44,90.4286,89.3082,76.2794,104.4984,0.6367,0.5537,0.7331,0.6088
243,2013-05-02,18,45-64,71.4286,72.3165,61.5109,84.9704,0.6778,0.5839,0.7901,0.6394
243,2013-05-02,18,65+,42.2857,42.3510,35.4288,50.5391,0.7656,0.6467,0.9087,0.7260
244,2013-05-03,18,0-5,69.1429,74.0995,63.0413,86.9229,1.1212,0.9346,1.3357,1.0187
244,2013-05-03,18,6-11,39.2857,42.4388,35.7525,50.6059,1.2360,1.0582,1.4425,1.1035
244,2013-05-03,18,12-17,29.7143,30.2619,25.2111,36.5566,1.2081,1.0251,1.4227,1.1195
244,2013-05-03,18,18-44,83.1429,85.5310,72.9792,99.7551,0.6489,0.5653,0.7461,0.6071
244,2013-05-03,18,45-64,71.1429,70.5205,59.8911,82.9213,0.6875,0.5927,0.8028,0.6549
244,2013-05-03,18,65+,43.5714,41.5854,34.7647,49.5677,0.7714,0.6560,0.9123,0.7540
245,2013-05-04,18,0-5,66.1429,70.1993,59.6841,82.2992,1.1522,0.9650,1.3729,1.0364
245,2013-05-04,18,6-11,39.1429,41.2562,34.6486,49.2257,1.2665,1.0845,1.4869,1.1413
245,2013-05-04,18,12-17,30.2857,29.8745,24.7403,36.0902,1.2151,1.0283,1.4312,1.1623
245,2013-05-04,18,18-44,78.8571,82.0726,70.0505,95.6704,0.6600,0.5746,0.7598,0.6160
245,2013-05-04,18,45-64,69.8571,68.7162,58.4860,80.6735,0.6950,0.5974,0.8087,0.6640
245,2013-05-04,18,65+,41.8571,40.6698,33.9290,48.3378,0.7755,0.6584,0.9130,0.7573
246,2013-05-05,19,0-5,65.1429,67.1985,56.9748,79.1516,1.1824,0.9844,1.4081,1.0848
246,2013-05-05,19,6-11,39.5714,40.3693,33.8077,48.0305,1.2848,1.0978,1.5079,1.1965
246,2013-05-05,19,12-17,30.8571,29.4266,24.3821,35.2855,1.2093,1.0265,1.4298,1.1991
246,2013-05-05,19,18-44,79.0000,78.9544,67.6095,92.2326,0.6655,0.5796,0.7647,0.6324
246,2013-05-05,19,45-64,66.1429,67.0281,56.8647,78.8444,0.6955,0.5973,0.8098,0.6703
246,2013-05-05,19,65+,40.2857,39.4983,33.1591,47.3106,0.7725,0.6534,0.9153,0.7582
247,2013-05-06,19,0-5,63.8571,64.8071,55.0006,76.7597,1.2092,1.0100,1.4491,1.1177
247,2013-05-06,19,6-11,40.1429,39.6236,33.2750,47.2238,1.2894,1.1042,1.5199,1.2408
247,2013-05-06,19,12-17,31.1429,28.8445,23.8435,34.4661,1.1951,1.0152,1.4109,1.2282
247,2013-05-06,19,18-44,76.5714,76.0825,64.9745,89.4387,0.6683,0.5806,0.7687,0.6444
247,2013-05-06,19,45-64,65.7143,65.3504,55.2060,76.5358,0.6920,0.5945,0.8070,0.6794
247,2013-05-06,19,65+,38.0000,38.1693,32.2238,45.2881,0.7653,0.6491,0.9054,0.7563
248,2013-05-07,19,0-5,63.0000,63.1540,53.6947,75.0154,1.2296,1.0202,1.4743,1.1423
248,2013-05-07,19,6-11,40.7143,38.9623,32.5856,46.3490,1.2833,1.0976,1.5154,1.2688
248,2013-05-07,19,12-17,29.4286,27.9705,23.1796,33.6499,1.1770,0.9956,1.3851,1.2031
248,2013-05-07,19,18-44,72.8571,73.6872,63.1287,87.3643,0.6673,0.5788,0.7701,0.6467
248,2013-05-07,19,45-64,64.1429,63.4927,53.8992,74.6992,0.6870,0.5891,0.8017,0.6800
248,2013-05-07,19,65+,37.7143,36.7105,30.9250,43.8416,0.7572,0.6413,0.8955,0.7639
249,2013-05-08,19,0-5,60.7143,62.2537,52.5536,73.3018,1.2405,1.0308,1.4871,1.1497
249,2013-05-08,19,6-11,38.5714,38.1956,31.9309,45.5610,1.2691,1.0848,1.4956,1.2541
249,2013-05-08,19,12-17,27.8571,27.0926,22.4604,32.7962,1.1550,0.9803,1.3705,1.1871
249,2013-05-08,19,18-44,72.0000,71.8664,61.3331,84.8241,0.6626,0.5744,0.7660,0.6518
249,2013-05-08,19,45-64,63.8571,61.9568,52.5421,72.8686,0.6780,0.5807,0.7933,0.6861
249,2013-05-08,19,65+,36.4286,35.4526,29.7264,42.2688,0.7478,0.6326,0.8849,0.7665
250,2013-05-09,19,0-5,59.4286,61.5608,51.9864,72.1211,1.2363,1.0321,1.4944,1.1713
250,2013-05-09,19,6-11,40.2857,37.4141,31.2356,44.4803,1.2462,1.0592,1.4625,1.3057
250,2013-05-09,19,12-17,27.0000,26.1501,21.6132,31.6252,1.1280,0.9546,1.3310,1.1918
250,2013-05-09,19,18-44,71.5714,70.3915,59.7464,82.7427,0.6536,0.5685,0.7532,0.6632
250,2013-05-09,19,45-64,62.8571,60.0407,51.0144,71.0632,0.6657,0.5723,0.7783,0.6937
250,2013-05-09,19,65+,35.2857,34.1442,28.5875,40.8686,0.7369,0.6259,0.8719,0.7708
251,2013-05-10,19,0-5,61.4286,61.1139,51.6086,71.7795,1.2211,1.0199,1.4710,1.2113
251,2013-05-10,19,6-11,38.4286,36.3948,30.3573,43.0939,1.2223,1.0419,1.4385,1.2779
251,2013-05-10,19,12-17,25.5714,25.1301,20.7820,30.4795,1.1048,0.9393,1.3061,1.1552
251,2013-05-10,19,18-44,70.2857,68.9880,58.5838,81.0593,0.6433,0.5592,0.7417,0.6532
251,2013-05-10,19,45-64,58.4286,58.0799,49.3285,68.8479,0.6553,0.5624,0.7662,0.6694
251,2013-05-10,19,65+,31.7143,32.9038,27.4017,39.4093,0.7272,0.6175,0.8621,0.7317
252,2013-05-11,19,0-5,63.7143,60.4254,51.1947,71.4540,1.1984,1.0016,1.4414,1.2640
252,2013-05-11,19,6-11,35.2857,35.3237,29.5219,41.8758,1.1990,1.0181,1.4116,1.2505
252,2013-05-11,19,12-17,24.1429,24.1029,19.8592,29.1229,1.0850,0.9184,1.2828,1.1469
252,2013-05-11,19,18-44,71.2857,67.7395,57.3865,79.3784,0.6324,0.5509,0.7297,0.6652
252,2013-05-11,19,45-64,57.5714,56.0584,47.6865,66.3922,0.6457,0.5557,0.7535,0.6777
252,2013-05-11,19,65+,30.7143,31.8409,26.4110,38.3470,0.7188,0.6100,0.8519,0.7375
253,2013-05-12,20,0-5,62.1429,59.7505,50.4366,70.9426,1.1705,0.9763,1.4154,1.2553
253,2013-05-12,20,6-11,36.2857,34.1212,28.5215,40.3750,1.1814,1.0069,1.3859,1.2848
253,2013-05-12,20,12-17,24.4286,23.0055,18.9745,27.9085,1.0752,0.9097,1.2662,1.1798
253,2013-05-12,20,18-44,69.4286,66.2824,56.3525,77.9426,0.6252,0.5433,0.7202,0.6706
253,2013-05-12,20,45-64,57.2857,54.0610,45.7594,63.9814,0.6412,0.5500,0.7471,0.6866
253,2013-05-12,20,65+,29.8571,30.8996,25.5184,37.1641,0.7148,0.6048,0.8434,0.7443
254,2013-05-13,20,0-5,62.7143,58.6692,49.2673,69.5684,1.1510,0.9588,1.3869,1.2583
254,2013-05-13,20,6-11,32.8571,32.8004,27.4368,39.1197,1.1708,0.9988,1.3742,1.2249
254,2013-05-13,20,12-17,21.5714,21.9157,18.0377,26.6708,1.0733,0.9109,1.2616,1.1065
254,2013-05-13,20,18-44,67.2857,64.8066,54.8820,76.4226,0.6224,0.5406,0.7177,0.6546
254,2013-05-13,20,45-64,52.2857,52.2117,44.0805,62.1891,0.6416,0.5501,0.7484,0.6675
254,2013-05-13,20,65+,31.2857,29.9222,24.7679,36.1226,0.7139,0.6054,0.8446,0.7515
255,2013-05-14,20,0-5,57.1429,57.0617,48.2904,67.8965,1.1386,0.9471,1.3664,1.1638
255,2013-05-14,20,6-11,30.5714,31.6121,26.2927,37.6765,1.1693,1.0001,1.3739,1.1563
255,2013-05-14,20,12-17,19.5714,20.9321,17.1154,25.4826,1.0836,0.9212,1.2781,1.0370
255,2013-05-14,20,18-44,62.1429,63.2311,53.3300,75.0008,0.6270,0.5438,0.7234,0.6105
255,2013-05-14,20,45-64,47.1429,50.6494,43.0139,60.4353,0.6499,0.5562,0.7600,0.6202
255,2013-05-14,20,65+,27.5714,29.1707,24.0721,34.9201,0.7195,0.6086,0.8517,0.6913
256,2013-05-15,20,0-5,57.1429,55.1396,46.8859,65.5470,1.1358,0.9457,1.3561,1.1882
256,2013-05-15,20,6-11,30.1429,30.3840,25.1982,36.1973,1.1800,1.0045,1.3907,1.1854
256,2013-05-15,20,12-17,19.0000,19.9917,16.3590,24.3834,1.1067,0.9380,1.3101,1.0648
256,2013-05-15,20,18-44,60.7143,61.8440,52.4226,73.5827,0.6377,0.5518,0.7367,0.6270
256,2013-05-15,20,45-64,47.1429,49.5282,41.6891,59.2795,0.6648,0.5680,0.7774,0.6422
256,2013-05-15,20,65+,28.4286,28.3221,23.4432,33.8915,0.7300,0.6146,0.8613,0.7252
257,2013-05-16,20,0-5,55.5714,53.0227,45.2087,63.4054,1.1445,0.9577,1.3788,1.1916
257,2013-05-16,20,6-11,28.8571,29.2122,24.1249,34.9550,1.2040,1.0275,1.4104,1.1972
257,2013-05-16,20,12-17,20.1429,19.1553,15.6980,23.4569,1.1372,0.9659,1.3431,1.1360
257,2013-05-16,20,18-44,59.2857,60.7183,51.3133,71.8523,0.6543,0.5682,0.7566,0.6407
257,2013-05-16,20,45-64,46.8571,48.6683,40.8032,57.9921,0.6836,0.5858,0.7993,0.6633
257,2013-05-16,20,65+,28.7143,27.3752,22.6684,32.7753,0.7414,0.6272,0.8758,0.7515
258,2013-05-17,20,0-5,51.8571,51.0759,43.4535,60.6734,1.1659,0.9762,1.3986,1.1504
258,2013-05-17,20,6-11,28.4286,28.0815,23.1824,33.7096,1.2338,1.0544,1.4408,1.1965
258,2013-05-17,20,12-17,19.0000,18.4010,15.0320,22.6576,1.1733,0.9943,1.3879,1.1205
258,2013-05-17,20,18-44,55.5714,59.7436,50.4019,70.6036,0.6752,0.5867,0.7804,0.6299
258,2013-05-17,20,45-64,45.7143,48.0328,40.0941,56.8891,0.7061,0.6064,0.8246,0.6569
258,2013-05-17,20,65+,27.4286,26.3577,21.7543,31.7323,0.7574,0.6430,0.8941,0.7429
259,2013-05-18,20,0-5,47.0000,49.1090,41.5949,57.9440,1.2005,1.0083,1.4318,1.1058
259,2013-05-18,20,6-11,27.1429,27.0957,22.4551,32.6849,1.2722,1.0890,1.4940,1.1850
259,2013-05-18,20,12-17,17.2857,17.8978,14.4959,22.1442,1.2211,1.0364,1.4432,1.0918
259,2013-05-18,20,18-44,54.4286,59.1416,49.5368,69.6860,0.7011,0.6078,0.8073,0.6253
259,2013-05-18,20,45-64,45.0000,47.7773,39.7023,56.7066,0.7329,0.6274,0.8553,0.6543
259,2013-05-18,20,65+,25.4286,25.3964,20.9255,30.6885,0.7764,0.6604,0.9181,0.7291
260,2013-05-19,21,0-5,45.1429,47.3700,39.7352,55.9445,1.2391,1.0397,1.4859,1.1170
260,2013-05-19,21,6-11,25.0000,26.3184,21.6882,31.8398,1.3131,1.1245,1.5411,1.1710
260,2013-05-19,21,12-17,15.2857,17.5258,14.1630,21.5678,1.2649,1.0735,1.4898,1.0675
260,2013-05-19,21,18-44,54.5714,58.7896,49.3633,69.0012,0.7229,0.6268,0.8366,0.6365
260,2013-05-19,21,45-64,45.7143,47.7203,40.0089,56.9278,0.7546,0.6461,0.8811,0.6663
260,2013-05-19,21,65+,23.4286,24.4471,20.1343,29.7460,0.7945,0.6750,0.9385,0.7263
261,2013-05-20,21,0-5,41.5714,45.8806,38.3518,54.3713,1.2707,1.0682,1.5158,1.1143
261,2013-05-20,21,6-11,23.2857,25.6499,21.0387,30.9970,1.3430,1.1468,1.5754,1.1793
261,2013-05-20,21,12-17,15.1429,17.2324,13.9890,21.2365,1.2961,1.0997,1.5286,1.1103
261,2013-05-20,21,18-44,56.1429,58.5585,49.6136,68.3343,0.7361,0.6363,0.8524,0.6580
261,2013-05-20,21,45-64,46.1429,47.6048,40.0920,56.6052,0.7659,0.6545,0.8944,0.6908
261,2013-05-20,21,65+,22.2857,23.5201,19.4461,28.7398,0.8033,0.6818,0.9475,0.7395
262,2013-05-21,21,0-5,44.8571,44.7609,37.5277,52.9401,1.2990,1.0848,1.5524,1.2681
262,2013-05-21,21,6-11,24.1429,25.0986,20.6764,30.4812,1.3626,1.1617,1.5967,1.3203
262,2013-05-21,21,12-17,17.2857,17.1453,13.8821,21.1534,1.3098,1.1088,1.5416,1.2950
262,2013-05-21,21,18-44,62.4286,58.0486,49.2688,68.3754,0.7393,0.6390,0.8562,0.7526
262,2013-05-21,21,45-64,51.5714,47.3796,40.1543,56.1061,0.7670,0.6543,0.8975,0.7911
262,2013-05-21,21,65+,23.7143,22.6818,18.6375,27.6907,0.8049,0.6812,0.9536,0.8354
263,2013-05-22,21,0-5,43.4286,44.1674,36.9488,52.2472,1.3158,1.0983,1.5792,1.2624
263,2013-05-22,21,6-11,25.5714,24.7180,20.4107,30.1564,1.3638,1.1643,1.6001,1.3648
263,2013-05-22,21,12-17,18.1429,17.1158,13.8427,21.2186,1.3074,1.1049,1.5479,1.3230
263,2013-05-22,21,18-44,60.5714,57.1273,48.1605,67.1838,0.7331,0.6361,0.8478,0.7452
263,2013-05-22,21,45-64,49.7143,46.9129,39.7722,55.5947,0.7587,0.6495,0.8875,0.7765
263,2013-05-22,21,65+,22.1429,21.9878,17.8848,26.6848,0.8007,0.6797,0.9445,0.8098
264,2013-05-23,21,0-5,43.1429,44.0614,36.7465,52.0202,1.3313,1.1080,1.5903,1.2707
264,2013-05-23,21,6-11,24.4286,24.5122,20.2301,29.9729,1.3564,1.1526,1.5881,1.3428
264,2013-05-23,21,12-17,17.5714,17.2273,13.8906,21.2950,1.2956,1.0888,1.5265,1.3005
264,2013-05-23,21,18-44,59.8571,56.0497,47.2677,65.9191,0.7233,0.6256,0.8350,0.7421
264,2013-05-23,21,45-64,49.7143,46.3408,39.1718,55.1293,0.7464,0.6382,0.8735,0.7728
264,2013-05-23,21,65+,21.7143,21.4002,17.3664,26.0411,0.7930,0.6721,0.9372,0.8056
265,2013-05-24,21,0-5,44.5714,44.3377,37.0574,52.5282,1.3346,1.1019,1.6053,1.2943
265,2013-05-24,21,6-11,26.0000,24.4667,20.1478,29.7192,1.3400,1.1403,1.5746,1.3725
265,2013-05-24,21,12-17,17.4286,17.3496,13.9665,21.4096,1.2693,1.0770,1.5079,1.2727
265,2013-05-24,21,18-44,57.0000,54.5578,45.9327,64.3669,0.7097,0.6140,0.8183,0.7267
265,2013-05-24,21,45-64,47.2857,45.8598,38.4652,54.3154,0.7310,0.6250,0.8563,0.7478
265,2013-05-24,21,65+,21.1429,21.0514,17.0856,25.7584,0.7832,0.6632,0.9266,0.7844
266,2013-05-25,21,0-5,44.5714,45.0900,37.6142,53.6261,1.3330,1.1114,1.6071,1.2963
266,2013-05-25,21,6-11,25.5714,24.3792,20.0332,29.5534,1.3226,1.1293,1.5628,1.3628
266,2013-05-25,21,12-17,19.2857,17.4370,14.0382,21.5885,1.2391,1.0494,1.4683,1.3282
266,2013-05-25,21,18-44,56.0000,53.0612,44.4135,62.6756,0.6965,0.6051,0.8035,0.7230
266,2013-05-25,21,45-64,46.0000,45.1964,37.9484,53.4060,0.7162,0.6134,0.8378,0.7436
266,2013-05-25,21,65+,20.8571,20.8435,17.0225,25.5528,0.7735,0.6539,0.9135,0.7792
267,2013-05-26,22,0-5,45.7143,45.9017,38.3999,54.5399,1.3328,1.1059,1.6131,1.2974
267,2013-05-26,22,6-11,23.5714,24.3798,20.1085,29.5961,1.3061,1.1119,1.5382,1.2910
267,2013-05-26,22,12-17,19.1429,17.4378,14.0242,21.5129,1.2069,1.0233,1.4317,1.2879
267,2013-05-26,22,18-44,53.1429,51.5725,43.2339,60.9125,0.6867,0.5957,0.7921,0.6982
267,2013-05-26,22,45-64,43.2857,44.4785,37.4903,52.8148,0.7061,0.6028,0.8258,0.7159
267,2013-05-26,22,65+,20.7143,20.7864,17.0490,25.5822,0.7666,0.6483,0.9057,0.7609
268,2013-05-27,22,0-5,46.0000,46.9709,39.5355,55.8021,1.3288,1.1062,1.5962,1.2775
268,2013-05-27,22,6-11,24.8571,24.3622,20.0238,29.5097,1.2913,1.1009,1.5245,1.3016
268,2013-05-27,22,12-17,19.2857,17.3424,14.0003,21.1705,1.1773,0.9941,1.3976,1.2685
268,2013-05-27,22,18-44,47.7143,50.0310,41.8779,59.3420,0.6785,0.5895,0.7823,0.6749
268,2013-05-27,22,45-64,42.0000,43.8088,36.8892,51.8829,0.6980,0.5983,0.8168,0.6958
268,2013-05-27,22,65+,20.5714,20.7860,17.1091,25.6081,0.7638,0.6461,0.9032,0.7500
269,2013-05-28,22,0-5,47.4286,47.9912,40.2625,56.9592,1.3181,1.0922,1.5889,1.2939
269,2013-05-28,22,6-11,24.7143,24.2182,19.8619,29.2513,1.2766,1.0915,1.5152,1.2935
269,2013-05-28,22,12-17,17.5714,17.0134,13.8104,20.8270,1.1543,0.9742,1.3698,1.2053
269,2013-05-28,22,18-44,45.4286,48.7182,41.0189,57.6850,0.6717,0.5824,0.7739,0.6683
269,2013-05-28,22,45-64,41.7143,43.3050,36.3200,51.4510,0.6919,0.5920,0.8115,0.6895
269,2013-05-28,22,65+,20.2857,20.7675,17.0292,25.3836,0.7618,0.6452,0.9026,0.7490
270,2013-05-29,22,0-5,49.0000,48.8765,41.3846,58.0705,1.2991,1.0794,1.5556,1.3274
270,2013-05-29,22,6-11,23.1429,24.1045,19.6859,29.0634,1.2660,1.0782,1.4863,1.2722
270,2013-05-29,22,12-17,16.1429,16.5983,13.3917,20.3409,1.1321,0.9564,1.3393,1.1812
270,2013-05-29,22,18-44,46.0000,47.6152,40.0973,56.1816,0.6620,0.5757,0.7623,0.6831
270,2013-05-29,22,45-64,43.0000,42.7352,35.9252,50.7535,0.6831,0.5847,0.8011,0.7084
270,2013-05-29,22,65+,20.2857,20.7917,17.0180,25.2882,0.7586,0.6400,0.9008,0.7688
271,2013-05-30,22,0-5,52.0000,49.3848,41.8559,58.9499,1.2716,1.0560,1.5289,1.3848
271,2013-05-30,22,6-11,24.7143,23.8541,19.5664,29.1005,1.2496,1.0659,1.4689,1.3400
271,2013-05-30,22,12-17,16.7143,16.0296,12.9526,19.7166,1.1123,0.9429,1.3209,1.2255
271,2013-05-30,22,18-44,46.4286,46.3522,39.1048,54.9067,0.6525,0.5663,0.7531,0.7018
271,2013-05-30,22,45-64,42.4286,41.9679,35.2708,49.9426,0.6759,0.5769,0.7933,0.7217
271,2013-05-30,22,65+,20.2857,20.7347,16.9467,25.4054,0.7562,0.6373,0.9042,0.7821
272,2013-05-31,22,0-5,52.0000,49.7035,41.9505,59.4816,1.2347,1.0286,1.4900,1.3800
272,2013-05-31,22,6-11,23.4286,23.6433,19.4716,28.7650,1.2377,1.0510,1.4616,1.3215
272,2013-05-31,22,12-17,16.1429,15.3878,12.4114,18.9544,1.0987,0.9306,1.2991,1.2247
272,2013-05-31,22,18-44,48.1429,45.3084,38.0141,53.7461,0.6420,0.5568,0.7409,0.7116
272,2013-05-31,22,45-64,41.8571,40.9920,34.2138,48.7989,0.6677,0.5698,0.7819,0.7353
272,2013-05-31,22,65+,21.7143,20.7480,16.8612,25.4014,0.7526,0.6325,0.8987,0.8129
273,2013-06-01,22,0-5,51.1429,49.5207,41.8095,58.9300,1.2040,1.0029,1.4566,1.3230
273,2013-06-01,22,6-11,22.7143,23.3440,19.3161,28.3791,1.2285,1.0421,1.4544,1.2679
273,2013-06-01,22,12-17,13.7143,14.7904,11.9136,18.2496,1.0913,0.9220,1.2939,1.1181
273,2013-06-01,22,18-44,45.0000,44.2600,36.8913,52.6405,0.6334,0.5505,0.7309,0.6765
273,2013-06-01,22,45-64,40.1429,39.8668,33.4075,47.7136,0.6604,0.5646,0.7742,0.7002
273,2013-06-01,22,65+,21.0000,20.7903,16.8758,25.3544,0.7474,0.6301,0.8917,0.7808
274,2013-06-02,23,0-5,50.4286,48.9133,41.1734,57.8986,1.1795,0.9755,1.4224,1.3070
274,2013-06-02,23,6-11,23.7143,23.1573,19.1018,28.0284,1.2233,1.0400,1.4474,1.3091
274,2013-06-02,23,12-17,14.4286,14.2076,11.3588,17.5760,1.0903,0.9207,1.2995,1.1744
274,2013-06-02,23,18-44,44.2857,43.3241,36.0141,51.9081,0.6271,0.5440,0.7228,0.6861
274,2013-06-02,23,45-64,40.7143,38.8686,32.5667,46.7367,0.6552,0.5602,0.7679,0.7181
274,2013-06-02,23,65+,21.8571,20.7339,16.8333,25.4564,0.7456,0.6272,0.8879,0.8062
275,2013-06-03,23,0-5,48.2857,47.8507,40.2832,56.6428,1.1602,0.9694,1.3972,1.2273
275,2013-06-03,23,6-11,22.7143,22.9354,18.8333,27.8350,1.2194,1.0325,1.4438,1.2286
275,2013-06-03,23,12-17,12.4286,13.7314,11.0085,16.9470,1.0942,0.9245,1.2977,1.0575
275,2013-06-03,23,18-44,40.0000,42.5094,35.2380,50.6773,0.6222,0.5398,0.7184,0.6289
275,2013-06-03,23,45-64,36.7143,37.8025,31.8309,45.3742,0.6513,0.5555,0.7650,0.6515
275,2013-06-03,23,65+,19.1429,20.7300,16.9275,25.4132,0.7437,0.6244,0.8865,0.7242
276,2013-06-04,23,0-5,48.2857,46.4568,39.1516,55.0101,1.1494,0.9476,1.3948,1.2573
276,2013-06-04,23,6-11,22.7143,22.6901,18.4907,27.3980,1.2190,1.0328,1.4513,1.2690
276,2013-06-04,23,12-17,12.7143,13.3507,10.5906,16.5475,1.1012,0.9291,1.3113,1.1165
276,2013-06-04,23,18-44,41.7143,41.5948,34.7982,49.5765,0.6208,0.5382,0.7167,0.6588
276,2013-06-04,23,45-64,36.8571,36.7264,30.8200,43.8676,0.6513,0.5550,0.7647,0.6875
276,2013-06-04,23,65+,21.1429,20.6016,16.8205,25.4077,0.7456,0.6258,0.8908,0.7816
277,2013-06-05,23,0-5,46.1429,44.8397,37.7401,53.2931,1.1389,0.9508,1.3777,1.2256
277,2013-06-05,23,6-11,21.8571,22.3450,18.3257,27.0197,1.2256,1.0382,1.4478,1.2478
277,2013-06-05,23,12-17,13.1429,12.9883,10.3091,16.1532,1.1107,0.9351,1.3242,1.1420
277,2013-06-05,23,18-44,41.1429,40.5493,33.8112,48.3268,0.6205,0.5377,0.7184,0.6503
277,2013-06-05,23,45-64,34.8571,35.5058,29.6208,42.6823,0.6516,0.5561,0.7662,0.6780
277,2013-06-05,23,65+,20.5714,20.4826,16.6234,25.1228,0.7463,0.6254,0.8906,0.7693
278,2013-06-06,23,0-5,42.0000,43.2352,36.2936,51.5742,1.1459,0.9514,1.3758,1.1664
278,2013-06-06,23,6-11,21.5714,22.0654,18.0683,26.7405,1.2354,1.0493,1.4557,1.2416
278,2013-06-06,23,12-17,12.1429,12.6845,10.0549,15.8210,1.1203,0.9439,1.3336,1.1175
278,2013-06-06,23,18-44,40.0000,39.5396,33.1847,47.2602,0.6226,0.5405,0.7185,0.6445
278,2013-06-06,23,45-64,34.5714,34.3998,28.5044,41.3246,0.6527,0.5581,0.7651,0.6803
278,2013-06-06,23,65+,20.8571,20.2926,16.5215,24.8744,0.7472,0.6278,0.8902,0.7800
279,2013-06-07,23,0-5,40.4286,41.8106,34.9494,49.7453,1.1518,0.9581,1.3853,1.1392
279,2013-06-07,23,6-11,21.2857,21.8886,17.8728,26.6514,1.2466,1.0571,1.4710,1.2206
279,2013-06-07,23,12-17,12.2857,12.4081,9.8435,15.5914,1.1317,0.9514,1.3508,1.1129
279,2013-06-07,23,18-44,36.8571,38.4750,32.1180,46.1057,0.6264,0.5433,0.7218,0.6202
279,2013-06-07,23,45-64,32.2857,33.3359,27.6905,40.0093,0.6561,0.5598,0.7688,0.6518
279,2013-06-07,23,65+,19.2857,19.9970,16.2674,24.6371,0.7511,0.6305,0.8964,0.7410
280,2013-06-08,23,0-5,40.8571,40.3020,33.7474,47.7786,1.1652,0.9713,1.4021,1.1876
280,2013-06-08,23,6-11,21.4286,21.6396,17.7015,26.4695,1.2606,1.0669,1.4965,1.2596
280,2013-06-08,23,12-17,12.2857,12.2183,9.7144,15.3085,1.1395,0.9592,1.3684,1.1477
280,2013-06-08,23,18-44,37.2857,37.4168,31.2997,44.8056,0.6314,0.5493,0.7283,0.6421
280,2013-06-08,23,45-64,32.5714,32.2622,26.8202,38.8291,0.6595,0.5646,0.7729,0.6722
280,2013-06-08,23,65+,18.8571,19.6719,16.0503,24.2766,0.7527,0.6319,0.8982,0.7560
281,2013-06-09,24,0-5,38.7143,38.9312,32.7532,46.2738,1.1856,0.9874,1.4310,1.1528
281,2013-06-09,24,6-11,20.8571,21.4702,17.6100,26.2480,1.2737,1.0784,1.5097,1.2260
281,2013-06-09,24,12-17,11.2857,12.0555,9.5759,15.0898,1.1471,0.9645,1.3652,1.0837
281,2013-06-09,24,18-44,35.0000,36.4010,30.4546,43.6797,0.6389,0.5542,0.7369,0.6139
281,2013-06-09,24,45-64,29.5714,31.2690,25.9253,37.6766,0.6647,0.5677,0.7791,0.6365
281,2013-06-09,24,65+,17.5714,19.2441,15.7159,23.7101,0.7538,0.6332,0.9016,0.7181
282,2013-06-10,24,0-5,38.1429,37.8988,31.6756,44.8034,1.2138,1.0125,1.4582,1.2107
282,2013-06-10,24,6-11,22.0000,21.2466,17.3167,25.9389,1.2856,1.0862,1.5291,1.3332
282,2013-06-10,24,12-17,12.8571,11.8642,9.3622,14.8980,1.1527,0.9657,1.3728,1.2307
282,2013-06-10,24,18-44,37.5714,35.4366,29.6557,42.4926,0.6456,0.5593,0.7452,0.6731
282,2013-06-10,24,45-64,31.2857,30.3307,25.1372,36.7253,0.6682,0.5703,0.7851,0.7065
282,2013-06-10,24,65+,19.7143,18.7568,15.3057,22.9957,0.7521,0.6326,0.8973,0.8077
283,2013-06-11,24,0-5,36.4286,37.1286,30.8970,43.8764,1.2452,1.0319,1.4954,1.1704
283,2013-06-11,24,6-11,21.7143,21.1125,17.1778,25.5367,1.2967,1.0998,1.5376,1.2985
283,2013-06-11,24,12-17,13.2857,11.6414,9.1799,14.7140,1.1553,0.9694,1.3795,1.2241
283,2013-06-11,24,18-44,34.0000,34.6555,28.8571,41.5608,0.6526,0.5661,0.7546,0.6419
283,2013-06-11,24,45-64,29.0000,29.4568,24.5239,35.4862,0.6706,0.5728,0.7864,0.6740
283,2013-06-11,24,65+,18.8571,18.1759,14.7874,22.3066,0.7472,0.6263,0.8940,0.7749
284,2013-06-12,24,0-5,35.5714,36.6374,30.5856,43.5302,1.2774,1.0600,1.5441,1.1708
284,2013-06-12,24,6-11,22.0000,20.8877,16.9349,25.4365,1.3092,1.1098,1.5487,1.3048
284,2013-06-12,24,12-17,12.4286,11.4277,8.9959,14.5063,1.1560,0.9703,1.3889,1.1798
284,2013-06-12,24,18-44,32.7143,34.0091,28.2050,40.6816,0.6609,0.5730,0.7651,0.6366
284,2013-06-12,24,45-64,28.2857,28.7097,23.8532,34.7166,0.6747,0.5743,0.7933,0.6675
284,2013-06-12,24,65+,18.7143,17.5584,14.2503,21.6696,0.7424,0.6241,0.8873,0.7742
285,2013-06-13,24,0-5,34.4286,36.5587,30.5913,43.4751,1.3090,1.0852,1.5880,1.1706
285,2013-06-13,24,6-11,20.8571,20.6704,16.8090,25.2300,1.3267,1.1213,1.5804,1.2781
285,2013-06-13,24,12-17,12.0000,11.2386,8.8287,14.2667,1.1629,0.9773,1.3870,1.1723
285,2013-06-13,24,18-44,32.2857,33.6728,27.8769,40.2538,0.6713,0.5788,0.7789,0.6416
285,2013-06-13,24,45-64,28.7143,28.0773,23.4015,33.9539,0.6795,0.5767,0.8001,0.6784
285,2013-06-13,24,65+,18.7143,16.9062,13.7814,20.8649,0.7394,0.6201,0.8798,0.7875
286,2013-06-14,24,0-5,35.0000,36.7063,30.7769,43.6267,1.3388,1.1116,1.6119,1.2107
286,2013-06-14,24,6-11,19.4286,20.4972,16.6348,25.0606,1.3494,1.1404,1.5972,1.2470
286,2013-06-14,24,12-17,11.1429,11.0581,8.6281,14.0278,1.1714,0.9839,1.3900,1.1340
286,2013-06-14,24,18-44,33.4286,33.5294,27.7791,40.2005,0.6813,0.5871,0.7879,0.6440
286,2013-06-14,24,45-64,27.7143,27.7122,23.1502,33.6175,0.6845,0.5822,0.8019,0.6679
286,2013-06-14,24,65+,16.8571,16.2046,13.2043,20.1278,0.7376,0.6187,0.8788,0.7543
287,2013-06-15,24,0-5,36.7143,37.0409,31.0841,44.1120,1.3624,1.1205,1.6456,1.2598
287,2013-06-15,24,6-11,20.1429,20.4630,16.5444,24.9878,1.3716,1.1619,1.6308,1.2785
287,2013-06-15,24,12-17,11.4286,10.8675,8.5269,13.6567,1.1807,0.9963,1.4088,1.1494
287,2013-06-15,24,18-44,32.1429,33.5640,27.9005,40.2234,0.6888,0.5963,0.7979,0.6408
287,2013-06-15,24,45-64,26.5714,27.3745,22.7309,33.2412,0.6894,0.5877,0.8086,0.6521
287,2013-06-15,24,65+,14.8571,15.4859,12.4961,19.2428,0.7395,0.6210,0.8789,0.7152
288,2013-06-16,25,0-5,37.5714,37.5368,31.5255,44.9934,1.3636,1.1348,1.6569,1.3040
288,2013-06-16,25,6-11,20.4286,20.4794,16.5714,25.1200,1.3922,1.1748,1.6558,1.3201
288,2013-06-16,25,12-17,11.1429,10.7069,8.3680,13.4100,1.1905,1.0064,1.4146,1.1689
288,2013-06-16,25,18-44,32.8571,33.7438,28.0449,40.4840,0.6939,0.6010,0.8050,0.6635
288,2013-06-16,25,45-64,27.1429,26.9825,22.3340,32.7403,0.6939,0.5911,0.8153,0.6750
288,2013-06-16,25,65+,14.7143,14.7874,11.8549,18.4469,0.7435,0.6263,0.8834,0.7371
289,2013-06-17,25,0-5,40.5714,38.1860,31.8426,45.4928,1.3632,1.1254,1.6441,1.4034
289,2013-06-17,25,6-11,20.7143,20.5863,16.6603,25.3597,1.4032,1.1880,1.6578,1.3761
289,2013-06-17,25,12-17,10.5714,10.5505,8.2309,13.2292,1.2020,1.0143,1.4397,1.1835
289,2013-06-17,25,18-44,35.8571,33.9845,28.1773,40.8628,0.6953,0.6013,0.8043,0.7029
289,2013-06-17,25,45-64,28.1429,26.6246,22.0042,32.4137,0.6967,0.5916,0.8172,0.7047
289,2013-06-17,25,65+,13.7143,14.1814,11.3852,17.7149,0.7476,0.6270,0.8885,0.7481
290,2013-06-18,25,0-5,40.0000,38.7156,32.1148,46.0364,1.3458,1.1188,1.6259,1.3620
290,2013-06-18,25,6-11,19.8571,20.8049,16.8485,25.6855,1.4110,1.2003,1.6819,1.3231
290,2013-06-18,25,12-17,9.7143,10.4594,8.1873,13.1209,1.2215,1.0270,1.4600,1.1166
290,2013-06-18,25,18-44,35.8571,34.1866,28.4671,41.3487,0.6943,0.6018,0.8027,0.6748
290,2013-06-18,25,45-64,26.0000,26.4010,21.7243,32.0612,0.6993,0.5962,0.8194,0.6651
290,2013-06-18,25,65+,11.8571,13.8121,11.0331,17.2935,0.7549,0.6357,0.8972,0.6906
291,2013-06-19,25,0-5,38.0000,39.0913,32.5520,46.4633,1.3324,1.1037,1.6109,1.3090
291,2013-06-19,25,6-11,20.4286,21.1806,17.2049,25.9559,1.4204,1.2002,1.6889,1.3425
291,2013-06-19,25,12-17,9.4286,10.4665,8.2413,13.2133,1.2393,1.0404,1.4804,1.1175
291,2013-06-19,25,18-44,36.0000,34.4293,28.6597,41.6659,0.6915,0.5980,0.8019,0.6735
291,2013-06-19,25,45-64,25.5714,26.2282,21.5045,31.9584,0.7010,0.5972,0.8247,0.6698
291,2013-06-19,25,65+,12.2857,13.6046,10.8048,17.0037,0.7636,0.6425,0.9086,0.7076
292,2013-06-20,25,0-5,41.2857,39.4125,32.9577,47.0457,1.3179,1.0909,1.5921,1.3822
292,2013-06-20,25,6-11,22.5714,21.6787,17.6086,26.4705,1.4243,1.2059,1.6933,1.4266
292,2013-06-20,25,12-17,9.4286,10.5666,8.3048,13.4375,1.2605,1.0569,1.4990,1.1364
292,2013-06-20,25,18-44,35.8571,34.3965,28.7421,41.6361,0.6889,0.5966,0.7957,0.6870
292,2013-06-20,25,45-64,25.0000,26.2162,21.4174,31.7827,0.7029,0.6006,0.8269,0.6742
292,2013-06-20,25,65+,12.1429,13.5485,10.7497,16.9316,0.7729,0.6495,0.9220,0.7144
293,2013-06-21,25,0-5,41.0000,39.6399,33.2271,47.4248,1.2966,1.0789,1.5558,1.3593
293,2013-06-21,25,6-11,22.7143,22.1778,18.0024,27.1283,1.4186,1.2068,1.6843,1.4249
293,2013-06-21,25,12-17,10.4286,10.7993,8.4128,13.6319,1.2713,1.0660,1.5247,1.2158
293,2013-06-21,25,18-44,34.7143,34.2395,28.3638,41.2232,0.6833,0.5947,0.7857,0.6925
293,2013-06-21,25,45-64,26.1429,26.2495,21.3925,31.6175,0.7029,0.6012,0.8234,0.6955
293,2013-06-21,25,65+,12.7143,13.6288,10.7818,17.0208,0.7781,0.6524,0.9297,0.7436
294,2013-06-22,25,0-5,38.8571,39.6685,33.1028,47.6246,1.2814,1.0655,1.5427,1.2981
294,2013-06-22,25,6-11,22.7143,22.7086,18.3912,27.8161,1.4086,1.1997,1.6688,1.4058
294,2013-06-22,25,12-17,10.5714,11.0612,8.6869,14.0153,1.2687,1.0627,1.5198,1.2253
294,2013-06-22,25,18-44,33.8571,33.9458,28.1142,40.8473,0.6767,0.5882,0.7778,0.6861
294,2013-06-22,25,45-64,25.8571,26.2818,21.3415,31.5846,0.6996,0.5972,0.8173,0.7043
294,2013-06-22,25,65+,14.7143,13.8351,11.0111,17.1980,0.7801,0.6540,0.9284,0.7906
295,2013-06-23,26,0-5,39.4286,39.6721,33.1607,47.5653,1.2692,1.0519,1.5380,1.3146
295,2013-06-23,26,6-11,23.8571,23.3023,18.9272,28.5530,1.3988,1.1819,1.6616,1.4391
295,2013-06-23,26,12-17,10.8571,11.3602,8.9123,14.3513,1.2552,1.0531,1.5036,1.2467
295,2013-06-23,26,18-44,34.5714,33.5156,27.9041,40.1957,0.6669,0.5796,0.7683,0.6940
295,2013-06-23,26,45-64,26.2857,26.3605,21.5544,31.8615,0.6909,0.5908,0.8103,0.7081
295,2013-06-23,26,65+,14.0000,14.1239,11.2459,17.5248,0.7761,0.6511,0.9263,0.7780
296,2013-06-24,26,0-5,38.0000,39.6045,33.1183,47.3864,1.2622,1.0450,1.5215,1.2526
296,2013-06-24,26,6-11,23.0000,23.7965,19.4309,29.0079,1.3877,1.1660,1.6430,1.3745
296,2013-06-24,26,12-17,12.5714,11.6487,9.1445,14.7235,1.2291,1.0286,1.4711,1.3166
296,2013-06-24,26,18-44,30.8571,33.0326,27.4823,39.7381,0.6572,0.5712,0.7573,0.6698
296,2013-06-24,26,45-64,26.1429,26.4489,21.6332,32.0824,0.6805,0.5808,0.7992,0.7033
296,2013-06-24,26,65+,15.5714,14.3671,11.5254,17.8596,0.7677,0.6409,0.9145,0.8011
297,2013-06-25,26,0-5,37.4286,39.4941,33.0263,47.1717,1.2484,1.0363,1.5115,1.2593
297,2013-06-25,26,6-11,24.4286,24.3219,19.9064,29.3654,1.3704,1.1564,1.6305,1.4269
297,2013-06-25,26,12-17,13.0000,11.8369,9.3820,14.9111,1.1944,0.9989,1.4339,1.3462
297,2013-06-25,26,18-44,31.5714,32.5085,26.9136,39.2168,0.6449,0.5610,0.7421,0.6880
297,2013-06-25,26,45-64,27.7143,26.4766,21.7186,32.0097,0.6658,0.5679,0.7808,0.7256
297,2013-06-25,26,65+,15.7143,14.6625,11.6854,18.1300,0.7545,0.6312,0.9007,0.8172
298,2013-06-26,26,0-5,38.8571,39.3264,33.0349,46.9640,1.2307,1.0175,1.4943,1.2910
298,2013-06-26,26,6-11,23.8571,24.7609,20.3539,29.8342,1.3475,1.1377,1.6047,1.3975
298,2013-06-26,26,12-17,13.4286,11.9194,9.4295,15.0303,1.1493,0.9624,1.3815,1.3416
298,2013-06-26,26,18-44,31.5714,31.8787,26.3668,38.3914,0.6293,0.5477,0.7232,0.6853
298,2013-06-26,26,45-64,28.1429,26.3851,21.7911,32.0645,0.6483,0.5525,0.7592,0.7171
298,2013-06-26,26,65+,14.7143,14.8385,11.9061,18.3660,0.7395,0.6203,0.8838,0.7880
299,2013-06-27,26,0-5,39.5714,39.0284,32.8548,46.8437,1.2016,0.9953,1.4609,1.3090
299,2013-06-27,26,6-11,24.5714,25.0371,20.5766,30.2481,1.3217,1.1176,1.5748,1.4108
299,2013-06-27,26,12-17,13.4286,11.8630,9.3787,14.8561,1.1057,0.9245,1.3264,1.3172
299,2013-06-27,26,18-44,31.7143,31.1711,25.8348,37.3976,0.6146,0.5333,0.7072,0.6849
299,2013-06-27,26,45-64,28.1429,26.1560,21.5782,31.6623,0.6324,0.5394,0.7423,0.7121
299,2013-06-27,26,65+,14.7143,14.9283,11.9440,18.5458,0.7285,0.6111,0.8767,0.7825
300,2013-06-28,26,0-5,39.4286,38.6888,32.5080,46.3373,1.1714,0.9636,1.4216,1.2985
300,2013-06-28,26,6-11,26.5714,25.2542,20.8138,30.3857,1.2955,1.0843,1.5399,1.4472
300,2013-06-28,26,12-17,13.0000,11.6532,9.1799,14.5808,1.0669,0.8888,1.2794,1.2592
300,2013-06-28,26,18-44,31.1429,30.4452,25.2874,36.5215,0.6003,0.5206,0.6909,0.6709
300,2013-06-28,26,45-64,26.4286,25.7692,21.2483,31.2476,0.6198,0.5272,0.7282,0.6906
300,2013-06-28,26,65+,15.5714,15.0586,12.0607,18.7641,0.7208,0.6028,0.8684,0.7821
301,2013-06-29,26,0-5,39.2857,38.1945,32.0094,45.4170,1.1393,0.9411,1.3847,1.2715
301,2013-06-29,26,6-11,26.5714,25.2607,20.9351,30.4364,1.2669,1.0645,1.5075,1.4021
301,2013-06-29,26,12-17,12.4286,11.2842,8.8626,14.2596,1.0335,0.8675,1.2403,1.1911
301,2013-06-29,26,18-44,30.1429,29.7897,24.7844,36.0067,0.5892,0.5119,0.6799,0.6414
301,2013-06-29,26,45-64,25.2857,25.4062,20.8675,30.7398,0.6119,0.5212,0.7178,0.6513
301,2013-06-29,26,65+,13.8571,15.1957,12.1737,18.8848,0.7184,0.5992,0.8624,0.7207
302,2013-06-30,27,0-5,37.4286,37.2863,31.2380,44.2111,1.1092,0.9095,1.3483,1.2146
302,2013-06-30,27,6-11,25.4286,25.1969,20.9327,30.2807,1.2465,1.0474,1.4832,1.3322
302,2013-06-30,27,12-17,11.2857,10.8704,8.4552,13.7529,1.0122,0.8508,1.2130,1.1142
302,2013-06-30,27,18-44,29.0000,29.1529,24.3397,35.0737,0.5807,0.5037,0.6696,0.6176
302,2013-06-30,27,45-64,24.2857,24.9734,20.6039,30.3512,0.6062,0.5169,0.7149,0.6325
302,2013-06-30,27,65+,14.4286,15.3226,12.3646,19.0292,0.7165,0.5961,0.8640,0.7199
303,2013-07-01,27,0-5,36.7143,36.1370,30.2176,42.9872,1.0812,0.8905,1.3165,1.2121
303,2013-07-01,27,6-11,25.5714,24.9889,20.7519,29.9596,1.2267,1.0321,1.4646,1.3344
303,2013-07-01,27,12-17,9.7143,10.3691,8.0151,13.1541,0.9993,0.8372,1.1974,1.0499
303,2013-07-01,27,18-44,29.5714,28.5276,23.5984,34.3365,0.5758,0.4982,0.6648,0.6206
303,2013-07-01,27,45-64,24.0000,24.5796,20.0706,29.9206,0.6047,0.5136,0.7126,0.6352
303,2013-07-01,27,65+,14.8571,15.4314,12.4264,19.2297,0.7159,0.5967,0.8645,0.7344
304,2013-07-02,27,0-5,36.5714,34.6680,29.0376,41.4621,1.0590,0.8707,1.2876,1.1973
304,2013-07-02,27,6-11,24.2857,24.6615,20.3088,29.6828,1.2203,1.0277,1.4504,1.2793
304,2013-07-02,27,12-17,8.8571,9.8873,7.5685,12.4829,0.9911,0.8307,1.1879,1.0120
304,2013-07-02,27,18-44,26.7143,27.8661,22.9233,33.5682,0.5746,0.4974,0.6649,0.6052
304,2013-07-02,27,45-64,23.8571,24.1548,19.7337,29.4154,0.6073,0.5157,0.7155,0.6312
304,2013-07-02,27,65+,15.8571,15.5161,12.4852,19.2127,0.7190,0.5951,0.8617,0.7546
305,2013-07-03,27,0-5,35.7143,33.0528,27.6485,39.6859,1.0443,0.8599,1.2738,1.1895
305,2013-07-03,27,6-11,25.4286,24.2046,19.8147,29.1179,1.2191,1.0285,1.4498,1.3184
305,2013-07-03,27,12-17,9.5714,9.3577,7.1349,11.9248,0.9937,0.8336,1.1921,1.0637
305,2013-07-03,27,18-44,26.0000,27.2034,22.3228,32.8752,0.5761,0.4984,0.6676,0.6036
305,2013-07-03,27,45-64,22.2857,23.8273,19.5391,29.1211,0.6119,0.5195,0.7207,0.6269
305,2013-07-03,27,65+,16.1429,15.4763,12.4181,19.2277,0.7221,0.5998,0.8673,0.7576
306,2013-07-04,27,0-5,32.7143,31.3272,26.1758,37.6248,1.0412,0.8593,1.2714,1.1358
306,2013-07-04,27,6-11,24.1429,23.6820,19.4933,28.5555,1.2271,1.0362,1.4737,1.2842
306,2013-07-04,27,12-17,9.4286,8.8321,6.7796,11.3865,1.0043,0.8433,1.2021,1.0794
306,2013-07-04,27,18-44,25.8571,26.5746,21.7706,32.2150,0.5812,0.5029,0.6738,0.6015
306,2013-07-04,27,45-64,22.4286,23.4836,19.1910,28.5522,0.6177,0.5260,0.7290,0.6332
306,2013-07-04,27,65+,16.0000,15.3589,12.2917,19.0824,0.7251,0.6052,0.8715,0.7605
307,2013-07-05,27,0-5,28.4286,29.5710,24.6987,36.0482,1.0527,0.8681,1.2738,1.0508
307,2013-07-05,27,6-11,21.7143,23.1895,19.1368,27.9581,1.2463,1.0506,1.4888,1.2040
307,2013-07-05,27,12-17,7.5714,8.3784,6.4829,10.7806,1.0188,0.8553,1.2186,0.9882
307,2013-07-05,27,18-44,25.2857,26.0884,21.1177,31.7091,0.5891,0.5100,0.6815,0.5856
307,2013-07-05,27,45-64,22.8571,23.1960,19.0291,28.0668,0.6244,0.5313,0.7360,0.6273
307,2013-07-05,27,65+,15.4286,15.1462,12.1201,18.7215,0.7289,0.6077,0.8737,0.7494
308,2013-07-06,27,0-5,26.7143,27.9428,23.2092,33.9774,1.0725,0.8855,1.2979,1.0468
308,2013-07-06,27,6-11,21.8571,22.7299,18.8401,27.4243,1.2653,1.0640,1.5158,1.2331
308,2013-07-06,27,12-17,6.5714,7.9910,6.1837,10.4081,1.0417,0.8678,1.2428,0.9672
308,2013-07-06,27,18-44,24.4286,25.5971,20.7950,31.1526,0.5988,0.5176,0.6940,0.5963
308,2013-07-06,27,45-64,23.5714,22.8040,18.7435,27.7046,0.6318,0.5359,0.7437,0.6461
308,2013-07-06,27,65+,15.8571,14.8621,11.9021,18.4071,0.7312,0.6080,0.8813,0.7778
309,2013-07-07,28,0-5,25.4286,26.4819,21.9427,32.1488,1.1003,0.9113,1.3377,1.0639
309,2013-07-07,28,6-11,21.0000,22.2911,18.3576,26.8600,1.2923,1.0889,1.5428,1.2458
309,2013-07-07,28,12-17,6.5714,7.7114,5.9798,9.9990,1.0655,0.8891,1.2790,1.0085
309,2013-07-07,28,18-44,25.0000,25.1247,20.3377,30.5009,0.6095,0.5275,0.7052,0.6140
309,2013-07-07,28,45-64,24.0000,22.3753,18.4149,27.2884,0.6390,0.5418,0.7543,0.6638
309,2013-07-07,28,65+,15.0000,14.4640,11.5732,17.9180,0.7364,0.6120,0.8860,0.7773
310,2013-07-08,28,0-5,24.5714,25.2933,20.9395,30.9226,1.1301,0.9334,1.3783,1.0711
310,2013-07-08,28,6-11,21.5714,21.8835,18.0278,26.4325,1.3193,1.1094,1.5732,1.2746
310,2013-07-08,28,12-17,6.7143,7.5003,5.7201,9.7148,1.0925,0.9128,1.3055,1.0210
310,2013-07-08,28,18-44,24.1429,24.5986,20.1073,29.8439,0.6200,0.5345,0.7189,0.6022
310,2013-07-08,28,45-64,22.2857,21.8377,17.9328,26.8357,0.6467,0.5473,0.7611,0.6358
310,2013-07-08,28,65+,12.8571,14.0546,11.2407,17.4950,0.7420,0.6167,0.8925,0.7176
311,2013-07-09,28,0-5,22.7143,24.3565,20.1419,29.7313,1.1666,0.9641,1.4189,1.0580
311,2013-07-09,28,6-11,21.2857,21.6019,17.7423,26.0899,1.3503,1.1388,1.6056,1.2839
311,2013-07-09,28,12-17,6.7143,7.3440,5.5624,9.5064,1.1189,0.9315,1.3383,1.0334
311,2013-07-09,28,18-44,24.0000,24.0090,19.7288,29.0200,0.6311,0.5459,0.7304,0.5999
311,2013-07-09,28,45-64,20.7143,21.2384,17.4693,26.0827,0.6547,0.5555,0.7696,0.6284
311,2013-07-09,28,65+,12.5714,13.6206,10.9181,16.9935,0.7480,0.6240,0.8997,0.7125
312,2013-07-10,28,0-5,21.5714,23.7090,19.4115,29.0202,1.2014,0.9967,1.4572,1.0613
312,2013-07-10,28,6-11,19.7143,21.4408,17.5911,25.9961,1.3717,1.1546,1.6433,1.2523
312,2013-07-10,28,12-17,6.1429,7.2920,5.5386,9.4294,1.1480,0.9561,1.3821,1.0144
312,2013-07-10,28,18-44,23.4286,23.5083,19.3425,28.7570,0.6421,0.5548,0.7449,0.6043
312,2013-07-10,28,45-64,20.2857,20.5696,16.8616,25.2934,0.6620,0.5634,0.7810,0.6391
312,2013-07-10,28,65+,13.2857,13.2281,10.5964,16.4866,0.7551,0.6291,0.9049,0.7450
313,2013-07-11,28,0-5,22.2857,23.3164,19.1478,28.5948,1.2358,1.0196,1.5047,1.1416
313,2013-07-11,28,6-11,22.1429,21.2538,17.3671,25.8767,1.3876,1.1716,1.6552,1.3880
313,2013-07-11,28,12-17,6.7143,7.3108,5.5469,9.4832,1.1725,0.9810,1.4124,1.1019
313,2013-07-11,28,18-44,23.5714,23.0716,18.8712,28.1243,0.6515,0.5630,0.7563,0.6392
313,2013-07-11,28,45-64,20.2857,20.0179,16.3688,24.4425,0.6700,0.5677,0.7918,0.6685
313,2013-07-11,28,65+,13.2857,12.8393,10.2357,15.9971,0.7613,0.6331,0.9146,0.7744
314,2013-07-12,28,0-5,22.5714,23.1848,19.2515,28.3007,1.2616,1.0419,1.5432,1.1778
314,2013-07-12,28,6-11,22.4286,21.1957,17.3377,25.6441,1.3926,1.1757,1.6623,1.4140
314,2013-07-12,28,12-17,8.0000,7.3396,5.5590,9.5120,1.1930,0.9909,1.4350,1.2089
314,2013-07-12,28,18-44,23.1429,22.5966,18.4890,27.4671,0.6579,0.5675,0.7631,0.6455
314,2013-07-12,28,45-64,19.7143,19.4241,15.8945,23.6819,0.6759,0.5712,0.7964,0.6678
314,2013-07-12,28,65+,12.0000,12.4734,9.9018,15.6254,0.7658,0.6378,0.9265,0.7479
315,2013-07-13,28,0-5,23.1429,23.2325,19.2021,28.4372,1.2770,1.0530,1.5534,1.2263
315,2013-07-13,28,6-11,21.8571,21.0456,17.2210,25.5696,1.3988,1.1801,1.6762,1.4103
315,2013-07-13,28,12-17,8.4286,7.4365,5.6185,9.6315,1.2046,1.0022,1.4511,1.2406
315,2013-07-13,28,18-44,24.1429,22.1433,18.1481,26.9105,0.6621,0.5720,0.7688,0.6576
315,2013-07-13,28,45-64,19.0000,18.9563,15.4506,23.0976,0.6794,0.5758,0.8020,0.6712
315,2013-07-13,28,65+,11.5714,12.1450,9.5923,15.1005,0.7689,0.6385,0.9272,0.7446
316,2013-07-14,29,0-5,23.5714,23.4879,19.3295,28.4403,1.2877,1.0614,1.5772,1.2256
316,2013-07-14,29,6-11,21.4286,20.8990,17.1612,25.5557,1.4031,1.1797,1.6727,1.3701
316,2013-07-14,29,12-17,8.0000,7.5493,5.7061,9.7953,1.2120,1.0103,1.4577,1.1756
316,2013-07-14,29,18-44,21.7143,21.9111,17.9415,26.6426,0.6645,0.5744,0.7706,0.6360
316,2013-07-14,29,45-64,18.1429,18.6514,15.0967,22.6707,0.6814,0.5787,0.8062,0.6561
316,2013-07-14,29,65+,12.7143,11.8904,9.4192,14.7910,0.7703,0.6406,0.9278,0.7678
317,2013-07-15,29,0-5,24.0000,23.7418,19.5651,28.9147,1.2842,1.0610,1.5618,1.2471
317,2013-07-15,29,6-11,21.1429,20.7655,17.0842,25.5133,1.4003,1.1761,1.6664,1.3684
317,2013-07-15,29,12-17,8.0000,7.6657,5.8296,10.0637,1.2162,1.0151,1.4577,1.1768
317,2013-07-15,29,18-44,21.7143,21.7024,17.7206,26.5917,0.6648,0.5760,0.7700,0.6428
317,2013-07-15,29,45-64,18.4286,18.4557,14.9831,22.4183,0.6820,0.5803,0.8068,0.6636
317,2013-07-15,29,65+,12.4286,11.6460,9.2874,14.5438,0.7691,0.6406,0.9266,0.7709
318,2013-07-16,29,0-5,25.8571,24.0105,19.8819,29.2641,1.2760,1.0579,1.5439,1.3191
318,2013-07-16,29,6-11,21.2857,20.6538,16.9561,25.3219,1.3945,1.1704,1.6700,1.3938
318,2013-07-16,29,12-17,7.8571,7.8145,5.9723,10.2804,1.2165,1.0163,1.4536,1.1739
318,2013-07-16,29,18-44,22.2857,21.6688,17.6950,26.5649,0.6642,0.5750,0.7674,0.6592
318,2013-07-16,29,45-64,18.5714,18.3421,14.8203,22.5746,0.6826,0.5798,0.8043,0.6731
318,2013-07-16,29,65+,12.1429,11.5014,9.1140,14.3479,0.7683,0.6401,0.9219,0.7749
319,2013-07-17,29,0-5,25.5714,24.1723,20.0400,29.5534,1.2701,1.0515,1.5302,1.2884
319,2013-07-17,29,6-11,21.1429,20.5362,16.9384,25.3039,1.3947,1.1769,1.6584,1.3770
319,2013-07-17,29,12-17,7.8571,7.9413,6.0866,10.3742,1.2163,1.0171,1.4621,1.1640
319,2013-07-17,29,18-44,21.8571,21.6994,17.7023,26.6169,0.6658,0.5750,0.7686,0.6466
319,2013-07-17,29,45-64,18.5714,18.3514,14.7882,22.5010,0.6844,0.5800,0.8061,0.6585
319,2013-07-17,29,65+,10.8571,11.3467,8.9480,14.2179,0.7710,0.6427,0.9285,0.7350
320,2013-07-18,29,0-5,23.8571,24.3659,20.2319,29.9051,1.2713,1.0469,1.5343,1.2150
320,2013-07-18,29,6-11,20.2857,20.5420,16.9245,25.2146,1.3981,1.1774,1.6630,1.3395
320,2013-07-18,29,12-17,8.2857,8.0617,6.2152,10.4523,1.2220,1.0185,1.4645,1.1912
320,2013-07-18,29,18-44,21.4286,21.9149,17.9605,26.9320,0.6693,0.5785,0.7738,0.6360
320,2013-07-18,29,45-64,18.4286,18.4059,14.9035,22.5580,0.6881,0.5851,0.8090,0.6584
320,2013-07-18,29,65+,11.0000,11.2812,8.8647,14.2265,0.7766,0.6480,0.9271,0.7404
321,2013-07-19,29,0-5,24.8571,24.5110,20.2640,29.9938,1.2731,1.0481,1.5432,1.2539
321,2013-07-19,29,6-11,20.2857,20.5113,16.8344,25.0880,1.4030,1.1835,1.6747,1.3539
321,2013-07-19,29,12-17,7.7143,8.1590,6.2827,10.5483,1.2241,1.0172,1.4648,1.1556
321,2013-07-19,29,18-44,21.7143,22.3348,18.2554,27.3882,0.6743,0.5828,0.7772,0.6448
321,2013-07-19,29,45-64,18.5714,18.4839,15.0129,22.7483,0.6937,0.5899,0.8118,0.6636
321,2013-07-19,29,65+,10.8571,11.2265,8.8760,14.2422,0.7814,0.6524,0.9372,0.7461
322,2013-07-20,29,0-5,24.4286,24.6253,20.3511,29.8461,1.2793,1.0512,1.5459,1.2402
322,2013-07-20,29,6-11,19.5714,20.5073,16.7197,25.2294,1.4015,1.1805,1.6716,1.3352
322,2013-07-20,29,12-17,7.7143,8.2686,6.3262,10.6897,1.2147,1.0144,1.4591,1.1511
322,2013-07-20,29,18-44,21.8571,22.7436,18.6189,27.8149,0.6772,0.5851,0.7851,0.6416
322,2013-07-20,29,45-64,17.7143,18.5959,15.0728,22.7711,0.6958,0.5909,0.8202,0.6610
322,2013-07-20,29,65+,11.4286,11.2515,8.9304,14.2677,0.7856,0.6546,0.9494,0.7615
323,2013-07-21,30,0-5,24.7143,24.7334,20.3538,29.9354,1.2811,1.0507,1.5385,1.2682
323,2013-07-21,30,6-11,21.2857,20.4679,16.6108,25.0472,1.3973,1.1736,1.6530,1.4270
323,2013-07-21,30,12-17,8.8571,8.3335,6.3637,10.6838,1.2045,1.0092,1.4442,1.2529
323,2013-07-21,30,18-44,22.8571,23.1736,19.0038,28.2416,0.6800,0.5874,0.7883,0.6610
323,2013-07-21,30,45-64,17.7143,18.7177,15.1704,22.8262,0.6987,0.5924,0.8232,0.6706
323,2013-07-21,30,65+,10.2857,11.3022,8.9499,14.4261,0.7911,0.6589,0.9537,0.7394
324,2013-07-22,30,0-5,25.2857,24.8566,20.3954,29.9540,1.2767,1.0563,1.5313,1.3068
324,2013-07-22,30,6-11,21.4286,20.3447,16.5823,24.9209,1.3888,1.1670,1.6513,1.4621
324,2013-07-22,30,12-17,8.5714,8.3210,6.3518,10.6652,1.1910,0.9974,1.4330,1.2657
324,2013-07-22,30,18-44,23.5714,23.6437,19.4310,28.5991,0.6808,0.5878,0.7885,0.6948
324,2013-07-22,30,45-64,19.4286,18.7830,15.2239,22.8166,0.7000,0.5939,0.8247,0.7190
324,2013-07-22,30,65+,11.7143,11.3937,8.9585,14.4846,0.7945,0.6610,0.9527,0.8149
325,2013-07-23,30,0-5,24.7143,24.8879,20.3690,30.2284,1.2795,1.0574,1.5517,1.2814
325,2013-07-23,30,6-11,21.8571,20.1898,16.3919,24.6807,1.3792,1.1649,1.6365,1.4669
325,2013-07-23,30,12-17,9.2857,8.2593,6.2789,10.5966,1.1735,0.9835,1.4043,1.2962
325,2013-07-23,30,18-44,23.8571,24.0996,19.7967,29.0914,0.6792,0.5873,0.7866,0.6874
325,2013-07-23,30,45-64,18.7143,18.8796,15.3728,23.0004,0.6966,0.5917,0.8210,0.7080
325,2013-07-23,30,65+,11.7143,11.4744,8.9636,14.4566,0.7904,0.6597,0.9482,0.8034
326,2013-07-24,30,0-5,25.2857,24.9129,20.3379,30.1965,1.2794,1.0623,1.5524,1.3113
326,2013-07-24,30,6-11,22.4286,19.9553,16.3140,24.4973,1.3735,1.1635,1.6378,1.4922
326,2013-07-24,30,12-17,8.8571,8.1249,6.2139,10.5156,1.1584,0.9714,1.3845,1.2651
326,2013-07-24,30,18-44,25.2857,24.5501,20.2818,29.7631,0.6775,0.5872,0.7857,0.7016
326,2013-07-24,30,45-64,19.2857,19.0018,15.4953,23.2377,0.6937,0.5906,0.8150,0.7174
326,2013-07-24,30,65+,11.7143,11.5701,9.1161,14.5038,0.7868,0.6565,0.9403,0.8085
327,2013-07-25,30,0-5,25.8571,25.0023,20.3487,30.4317,1.2875,1.0688,1.5596,1.3171
327,2013-07-25,30,6-11,19.4286,19.7744,16.1022,24.3064,1.3798,1.1672,1.6414,1.3698
327,2013-07-25,30,12-17,8.0000,7.9790,6.1132,10.3605,1.1435,0.9604,1.3723,1.1882
327,2013-07-25,30,18-44,26.1429,24.9685,20.6995,30.3001,0.6751,0.5851,0.7811,0.6931
327,2013-07-25,30,45-64,19.7143,19.1692,15.6794,23.4140,0.6883,0.5869,0.8089,0.7097
327,2013-07-25,30,65+,11.5714,11.6759,9.1728,14.6245,0.7797,0.6540,0.9380,0.7967
328,2013-07-26,30,0-5,24.5714,25.2297,20.6487,30.5224,1.2980,1.0730,1.5650,1.2442
328,2013-07-26,30,6-11,18.2857,19.6610,15.9977,24.2753,1.3930,1.1765,1.6491,1.3023
328,2013-07-26,30,12-17,7.8571,7.8260,6.0004,10.1438,1.1382,0.9561,1.3614,1.1564
328,2013-07-26,30,18-44,24.5714,25.3565,21.1015,30.8004,0.6746,0.5834,0.7806,0.6639
328,2013-07-26,30,45-64,19.5714,19.3566,15.7207,23.6684,0.6854,0.5829,0.8046,0.6893
328,2013-07-26,30,65+,11.7143,11.7668,9.2311,14.7201,0.7764,0.6495,0.9318,0.7833
329,2013-07-27,30,0-5,22.8571,25.5026,20.8916,30.8508,1.3079,1.0828,1.5835,1.2094
329,2013-07-27,30,6-11,18.4286,19.6229,15.9629,24.2456,1.4054,1.1848,1.6734,1.3366
329,2013-07-27,30,12-17,7.7143,7.6916,5.8980,9.9528,1.1369,0.9524,1.3570,1.1761
329,2013-07-27,30,18-44,25.5714,25.6531,21.2995,31.0657,0.6740,0.5837,0.7795,0.6804
329,2013-07-27,30,45-64,20.4286,19.4981,15.8408,23.7962,0.6822,0.5811,0.8036,0.7144
329,2013-07-27,30,65+,12.2857,11.8452,9.3231,14.7627,0.7751,0.6458,0.9303,0.8148
330,2013-07-28,31,0-5,24.2857,25.7413,21.2508,31.2504,1.3162,1.0852,1.5910,1.2672
330,2013-07-28,31,6-11,18.5714,19.7708,16.0395,24.2148,1.4176,1.1913,1.6746,1.3640
330,2013-07-28,31,12-17,7.4286,7.5862,5.7916,9.8341,1.1364,0.9515,1.3586,1.1671
330,2013-07-28,31,18-44,25.2857,25.7521,21.2728,31.0891,0.6727,0.5826,0.7779,0.6890
330,2013-07-28,31,45-64,20.5714,19.4818,16.0146,23.7975,0.6805,0.5806,0.7998,0.7190
330,2013-07-28,31,65+,12.5714,11.8866,9.3480,14.8698,0.7746,0.6448,0.9250,0.8251
331,2013-07-29,31,0-5,25.5714,26.0891,21.4706,31.6917,1.3062,1.0780,1.5735,1.3159
331,2013-07-29,31,6-11,19.0000,19.9103,16.2416,24.4054,1.4227,1.1992,1.6917,1.3885
331,2013-07-29,31,12-17,7.1429,7.4651,5.6933,9.7672,1.1426,0.9561,1.3646,1.1304
331,2013-07-29,31,18-44,26.0000,25.6076,21.1106,31.0522,0.6713,0.5800,0.7764,0.6811
331,2013-07-29,31,45-64,18.7143,19.4626,15.8233,23.6614,0.6819,0.5797,0.8001,0.6868
331,2013-07-29,31,65+,11.7143,11.8917,9.3371,14.8967,0.7778,0.6479,0.9300,0.7785
332,2013-07-30,31,0-5,26.7143,26.4905,21.8421,31.9727,1.2973,1.0688,1.5681,1.3594
332,2013-07-30,31,6-11,20.1429,20.1190,16.3696,24.6630,1.4164,1.1895,1.6870,1.4479
332,2013-07-30,31,12-17,6.8571,7.3922,5.5929,9.5999,1.1507,0.9644,1.3737,1.1246
332,2013-07-30,31,18-44,26.5714,25.3423,20.7620,30.4965,0.6690,0.5787,0.7745,0.6917
332,2013-07-30,31,45-64,18.5714,19.3892,15.8000,23.6892,0.6844,0.5833,0.8058,0.6883
332,2013-07-30,31,65+,11.4286,11.9401,9.4272,14.9890,0.7833,0.6564,0.9393,0.7734
333,2013-07-31,31,0-5,27.1429,26.8303,22.1778,32.2196,1.2768,1.0564,1.5484,1.3446
333,2013-07-31,31,6-11,20.4286,20.3291,16.5032,24.8911,1.4065,1.1852,1.6815,1.4379
333,2013-07-31,31,12-17,6.7143,7.3271,5.5703,9.5575,1.1652,0.9738,1.3971,1.1103
333,2013-07-31,31,18-44,25.4286,24.9490,20.4206,30.1653,0.6667,0.5767,0.7719,0.6767
333,2013-07-31,31,45-64,18.4286,19.3868,15.7347,23.7215,0.6899,0.5855,0.8138,0.6739
333,2013-07-31,31,65+,11.0000,11.9739,9.5855,15.1595,0.7948,0.6640,0.9573,0.7536
334,2013-08-01,31,0-5,27.7143,26.9771,22.2533,32.5556,1.2478,1.0321,1.5092,1.3536
334,2013-08-01,31,6-11,22.4286,20.4834,16.7134,25.0694,1.3847,1.1688,1.6498,1.5119
334,2013-08-01,31,12-17,7.1429,7.3296,5.5519,9.5205,1.1806,0.9878,1.4202,1.1591
334,2013-08-01,31,18-44,25.4286,24.4360,20.0923,29.6105,0.6642,0.5756,0.7669,0.6854
334,2013-08-01,31,45-64,18.4286,19.4539,15.7948,23.7713,0.6958,0.5916,0.8173,0.6814
334,2013-08-01,31,65+,11.0000,12.0765,9.6624,15.3088,0.8045,0.6713,0.9667,0.7601
335,2013-08-02,31,0-5,28.5714,26.9475,22.1916,32.6011,1.2193,1.0109,1.4622,1.3598
335,2013-08-02,31,6-11,22.4286,20.5483,16.8043,25.3905,1.3611,1.1493,1.6157,1.4958
335,2013-08-02,31,12-17,7.1429,7.3539,5.5870,9.5216,1.1965,1.0000,1.4341,1.1695
335,2013-08-02,31,18-44,24.8571,23.9487,19.6202,29.1257,0.6604,0.5711,0.7638,0.6899
335,2013-08-02,31,45-64,18.8571,19.6536,15.9036,23.9739,0.7012,0.5943,0.8264,0.6984
335,2013-08-02,31,65+,12.4286,12.2481,9.7409,15.4980,0.8142,0.6784,0.9755,0.8091
336,2013-08-03,31,0-5,29.2857,26.7596,22.0557,32.2358,1.1912,0.9833,1.4443,1.3458
336,2013-08-03,31,6-11,22.0000,20.4941,16.8165,25.2020,1.3364,1.1324,1.5979,1.4460
336,2013-08-03,31,12-17,7.0000,7.4649,5.6467,9.6134,1.2074,1.0064,1.4510,1.1498
336,2013-08-03,31,18-44,23.7143,23.5367,19.2303,28.5990,0.6569,0.5681,0.7584,0.6768
336,2013-08-03,31,45-64,19.1429,19.9113,16.1343,24.3887,0.7043,0.5970,0.8296,0.6933
336,2013-08-03,31,65+,12.8571,12.4722,9.8827,15.7259,0.8183,0.6827,0.9887,0.8144
337,2013-08-04,32,0-5,27.5714,26.3763,21.9359,31.6254,1.1683,0.9686,1.4182,1.2710
337,2013-08-04,32,6-11,21.0000,20.3284,16.6684,24.7892,1.3177,1.1105,1.5616,1.3901
337,2013-08-04,32,12-17,7.5714,7.5919,5.7479,9.8680,1.2140,1.0151,1.4535,1.1914
337,2013-08-04,32,18-44,23.5714,23.2262,19.0127,28.2281,0.6532,0.5654,0.7542,0.6674
337,2013-08-04,32,45-64,19.4286,20.2597,16.5013,24.8194,0.7039,0.5981,0.8289,0.6968
337,2013-08-04,32,65+,13.2857,12.7181,10.1492,15.9418,0.8189,0.6826,0.9849,0.8218
338,2013-08-05,32,0-5,25.4286,25.8029,21.5310,31.1565,1.1642,0.9671,1.4047,1.1912
338,2013-08-05,32,6-11,20.8571,20.0055,16.3613,24.5464,1.3097,1.1063,1.5570,1.3752
338,2013-08-05,32,12-17,8.4286,7.7625,5.8949,10.0809,1.2207,1.0228,1.4649,1.2800
338,2013-08-05,32,18-44,21.8571,22.9296,18.8296,27.8846,0.6505,0.5640,0.7502,0.6696
338,2013-08-05,32,45-64,22.5714,20.6937,16.8295,25.3053,0.7001,0.5954,0.8236,0.7268
338,2013-08-05,32,65+,12.7143,12.9891,10.4018,16.2825,0.8130,0.6766,0.9760,0.8252
339,2013-08-06,32,0-5,25.1429,25.1278,21.0711,30.5397,1.1758,0.9713,1.4191,1.1831
339,2013-08-06,32,6-11,20.1429,19.7070,16.0522,24.1183,1.3109,1.1058,1.5547,1.3448
339,2013-08-06,32,12-17,8.2857,7.9430,6.0919,10.2980,1.2276,1.0291,1.4703,1.2517
339,2013-08-06,32,18-44,21.1429,22.8238,18.9012,27.6580,0.6510,0.5646,0.7514,0.6628
339,2013-08-06,32,45-64,22.7143,20.9843,17.1579,25.9260,0.6961,0.5927,0.8194,0.7248
339,2013-08-06,32,65+,13.4286,13.1997,10.6108,16.4603,0.8062,0.6742,0.9672,0.8385
340,2013-08-07,32,0-5,23.5714,24.6127,20.5609,29.8207,1.1966,0.9896,1.4415,1.1473
340,2013-08-07,32,6-11,18.1429,19.3139,15.6077,23.7849,1.3148,1.1087,1.5686,1.2773
340,2013-08-07,32,12-17,8.1429,8.1805,6.3009,10.5331,1.2320,1.0285,1.4818,1.2225
340,2013-08-07,32,18-44,21.2857,22.7908,18.7987,27.7091,0.6533,0.5656,0.7541,0.6550
340,2013-08-07,32,45-64,22.2857,21.1905,17.2552,26.2556,0.6922,0.5890,0.8153,0.7227
340,2013-08-07,32,65+,14.5714,13.3662,10.6645,16.6955,0.7975,0.6647,0.9541,0.8605
341,2013-08-08,32,0-5,23.8571,24.2744,20.1483,29.3843,1.2206,1.0047,1.4865,1.1723
341,2013-08-08,32,6-11,17.0000,19.0097,15.2604,23.2941,1.3223,1.1185,1.5732,1.2538
341,2013-08-08,32,12-17,8.4286,8.3950,6.5116,10.8694,1.2318,1.0237,1.4846,1.2327
341,2013-08-08,32,18-44,21.0000,22.8470,18.7855,27.6864,0.6546,0.5665,0.7559,0.6548
341,2013-08-08,32,45-64,22.1429,21.1771,17.3722,26.0008,0.6867,0.5840,0.8070,0.7204
341,2013-08-08,32,65+,14.7143,13.4156,10.7147,16.8546,0.7846,0.6546,0.9400,0.8580
342,2013-08-09,32,0-5,22.8571,24.1006,19.9793,29.1079,1.2533,1.0330,1.5168,1.1974
342,2013-08-09,32,6-11,18.5714,18.6485,15.1451,22.8719,1.3303,1.1217,1.5804,1.3722
342,2013-08-09,32,12-17,9.8571,8.6382,6.6854,11.0582,1.2286,1.0249,1.4776,1.3543
342,2013-08-09,32,18-44,23.5714,22.8549,18.8052,27.7745,0.6554,0.5672,0.7588,0.6888
342,2013-08-09,32,45-64,21.8571,20.9939,17.1346,25.6976,0.6812,0.5785,0.8023,0.7415
342,2013-08-09,32,65+,14.2857,13.3484,10.6327,16.7210,0.7745,0.6479,0.9282,0.8569
343,2013-08-10,32,0-5,22.5714,24.1373,19.7536,29.3391,1.2940,1.0713,1.5764,1.1904
343,2013-08-10,32,6-11,19.0000,18.3462,14.9428,22.6050,1.3430,1.1307,1.6036,1.3815
343,2013-08-10,32,12-17,10.1429,8.8032,6.7935,11.2953,1.2284,1.0250,1.4723,1.3347
343,2013-08-10,32,18-44,22.5714,22.8492,18.7352,27.6540,0.6608,0.5715,0.7647,0.6700
343,2013-08-10,32,45-64,21.2857,20.7062,16.7778,25.3336,0.6800,0.5782,0.8025,0.7125
343,2013-08-10,32,65+,13.0000,13.1512,10.5056,16.4387,0.7707,0.6426,0.9236,0.8040
344,2013-08-11,33,0-5,23.5714,24.4513,19.9460,29.8272,1.3440,1.1061,1.6236,1.2594
344,2013-08-11,33,6-11,18.7143,18.0670,14.7366,22.1515,1.3618,1.1408,1.6148,1.3966
344,2013-08-11,33,12-17,9.2857,8.9541,6.9357,11.4488,1.2344,1.0315,1.4811,1.2638
344,2013-08-11,33,18-44,24.4286,22.7769,18.6269,27.6366,0.6666,0.5756,0.7708,0.6870
344,2013-08-11,33,45-64,20.8571,20.3575,16.5086,24.8296,0.6803,0.5777,0.8007,0.7163
344,2013-08-11,33,65+,13.2857,12.9185,10.3104,16.0421,0.7682,0.6408,0.9204,0.8157
345,2013-08-12,33,0-5,23.2857,25.0700,20.5484,30.6248,1.3936,1.1535,1.6915,1.1987
345,2013-08-12,33,6-11,16.4286,17.9245,14.6567,22.0683,1.3784,1.1630,1.6364,1.2355
345,2013-08-12,33,12-17,8.7143,9.0805,7.0309,11.6697,1.2409,1.0346,1.4869,1.1147
345,2013-08-12,33,18-44,21.8571,22.7266,18.4404,27.6356,0.6735,0.5834,0.7754,0.6028
345,2013-08-12,33,45-64,16.0000,20.1197,16.3640,24.5151,0.6833,0.5825,0.8024,0.6093
345,2013-08-12,33,65+,12.2857,12.6929,10.0924,15.6915,0.7702,0.6409,0.9227,0.7161
346,2013-08-13,33,0-5,24.1429,26.1312,21.4469,31.6920,1.4310,1.1797,1.7435,1.2677
346,2013-08-13,33,6-11,17.2857,17.8650,14.5219,21.9171,1.3973,1.1771,1.6539,1.3300
346,2013-08-13,33,12-17,8.4286,9.2437,7.1395,11.7438,1.2511,1.0458,1.5095,1.1723
346,2013-08-13,33,18-44,22.5714,22.6533,18.3797,27.5059,0.6797,0.5906,0.7852,0.6590
346,2013-08-13,33,45-64,19.7143,19.9136,16.2390,24.1392,0.6871,0.5842,0.8116,0.6824
346,2013-08-13,33,65+,12.2857,12.4415,9.9062,15.5072,0.7736,0.6428,0.9322,0.7775
347,2013-08-14,33,0-5,28.4286,27.5256,22.6473,33.3127,1.4633,1.1999,1.7747,1.4323
347,2013-08-14,33,6-11,19.1429,17.8721,14.4481,21.9273,1.4132,1.1891,1.6802,1.4532
347,2013-08-14,33,12-17,9.2857,9.3787,7.2122,11.8940,1.2632,1.0544,1.5235,1.2608
347,2013-08-14,33,18-44,23.0000,22.3552,18.2928,27.4159,0.6846,0.5937,0.7916,0.6974
347,2013-08-14,33,45-64,19.8571,19.6687,16.0908,24.0996,0.6904,0.5877,0.8132,0.7062
347,2013-08-14,33,65+,12.0000,12.2094,9.7223,15.2663,0.7784,0.6481,0.9339,0.7927
348,2013-08-15,33,0-5,27.7143,29.1372,24.0999,35.1236,1.4652,1.2041,1.7820,1.3889
348,2013-08-15,33,6-11,18.4286,17.9850,14.5086,22.0533,1.4240,1.1997,1.6962,1.4243
348,2013-08-15,33,12-17,9.2857,9.4905,7.2973,12.0200,1.2659,1.0496,1.5227,1.2672
348,2013-08-15,33,18-44,24.0000,22.1073,18.1516,27.1830,0.6857,0.5940,0.7919,0.6995
348,2013-08-15,33,45-64,20.1429,19.4694,15.8954,23.8555,0.6925,0.5879,0.8157,0.7135
348,2013-08-15,33,65+,11.8571,12.0050,9.4582,15.0107,0.7807,0.6512,0.9427,0.7957
349,2013-08-16,33,0-5,30.4286,30.8734,25.6832,37.1914,1.4569,1.2043,1.7805,1.4032
349,2013-08-16,33,6-11,17.1429,18.1535,14.6249,22.2876,1.4366,1.2170,1.7049,1.3266
349,2013-08-16,33,12-17,9.5714,9.6161,7.3529,12.2242,1.2727,1.0581,1.5200,1.2372
349,2013-08-16,33,18-44,21.4286,21.9212,18.1077,26.9278,0.6873,0.5968,0.7939,0.6583
349,2013-08-16,33,45-64,19.2857,19.4308,15.8096,24.0437,0.6957,0.5912,0.8204,0.6667
349,2013-08-16,33,65+,10.5714,11.8434,9.3818,14.8275,0.7858,0.6559,0.9431,0.7318
350,2013-08-17,33,0-5,35.0000,32.5968,27.0550,39.1875,1.4410,1.1790,1.7465,1.5270
350,2013-08-17,33,6-11,18.7143,18.4627,14.9425,22.7449,1.4488,1.2182,1.7092,1.4207
350,2013-08-17,33,12-17,9.7143,9.7383,7.5397,12.4997,1.2748,1.0683,1.5272,1.2602
350,2013-08-17,33,18-44,22.1429,21.8888,18.0418,26.9038,0.6883,0.5976,0.7942,0.6883
350,2013-08-17,33,45-64,19.1429,19.4036,15.6965,23.9030,0.6993,0.5954,0.8240,0.6889
350,2013-08-17,33,65+,11.7143,11.7924,9.3397,14.7582,0.7901,0.6572,0.9501,0.7801
351,2013-08-18,34,0-5,35.5714,34.1259,28.5534,40.9030,1.4094,1.1618,1.7177,1.4622
351,2013-08-18,34,6-11,19.4286,18.8881,15.3793,23.3356,1.4509,1.2247,1.7199,1.4154
351,2013-08-18,34,12-17,10.1429,9.8546,7.6452,12.6272,1.2787,1.0649,1.5327,1.2699
351,2013-08-18,34,18-44,20.4286,22.0666,18.1513,27.1245,0.6881,0.5974,0.7938,0.6664
351,2013-08-18,34,45-64,19.4286,19.4932,15.8172,24.0249,0.7025,0.5972,0.8257,0.6763
351,2013-08-18,34,65+,11.4286,11.7790,9.3233,14.8451,0.7936,0.6622,0.9522,0.7643
352,2013-08-19,34,0-5,38.1429,35.3343,29.4874,42.3455,1.3738,1.1362,1.6680,1.5268
352,2013-08-19,34,6-11,21.1429,19.4212,15.7997,23.8986,1.4490,1.2233,1.7262,1.5276
352,2013-08-19,34,12-17,10.4286,10.0050,7.7875,12.6808,1.2740,1.0629,1.5293,1.3414
352,2013-08-19,34,18-44,23.5714,22.5310,18.4708,27.5237,0.6863,0.5952,0.7916,0.7261
352,2013-08-19,34,45-64,21.5714,19.7669,16.0405,24.3455,0.7044,0.5990,0.8287,0.7441
352,2013-08-19,34,65+,12.8571,11.8535,9.3343,14.9574,0.7954,0.6631,0.9538,0.8480
353,2013-08-20,34,0-5,36.7143,36.2532,30.3492,43.4045,1.3420,1.1112,1.6250,1.4133
353,2013-08-20,34,6-11,20.1429,20.0382,16.2676,24.5835,1.4546,1.2226,1.7302,1.4303
353,2013-08-20,34,12-17,10.8571,10.1190,7.8435,12.7983,1.2722,1.0672,1.5236,1.3078
353,2013-08-20,34,18-44,24.2857,23.2291,19.0308,28.4792,0.6864,0.5967,0.7888,0.6843
353,2013-08-20,34,45-64,19.5714,20.1074,16.3294,24.7105,0.7081,0.6036,0.8298,0.6966
353,2013-08-20,34,65+,12.5714,12.0005,9.4687,15.1577,0.7986,0.6688,0.9598,0.7976
354,2013-08-21,34,0-5,36.0000,36.7651,30.7736,44.0055,1.3117,1.0874,1.5917,1.3450
354,2013-08-21,34,6-11,19.2857,20.6850,16.7997,25.3069,1.4571,1.2267,1.7309,1.3624
354,2013-08-21,34,12-17,11.0000,10.2307,7.9227,12.9847,1.2719,1.0645,1.5217,1.2882
354,2013-08-21,34,18-44,24.4286,24.2347,19.8372,29.5173,0.6874,0.5977,0.7930,0.6649
354,2013-08-21,34,45-64,20.0000,20.5690,16.7935,25.3718,0.7136,0.6088,0.8390,0.6820
354,2013-08-21,34,65+,12.0000,12.2486,9.5942,15.3910,0.8061,0.6753,0.9661,0.7677
355,2013-08-22,34,0-5,38.1429,36.8930,30.8157,44.3492,1.2911,1.0689,1.5646,1.3716
355,2013-08-22,34,6-11,22.2857,21.4217,17.3994,26.1858,1.4649,1.2341,1.7356,1.4528
355,2013-08-22,34,12-17,10.5714,10.3456,8.0700,13.1114,1.2802,1.0713,1.5302,1.2402
355,2013-08-22,34,18-44,23.7143,25.2956,20.7445,30.9108,0.6931,0.6028,0.7982,0.6596
355,2013-08-22,34,45-64,19.7143,21.3383,17.2874,26.1316,0.7229,0.6174,0.8503,0.6674
355,2013-08-22,34,65+,12.0000,12.5574,9.8946,15.7915,0.8158,0.6847,0.9773,0.7568
356,2013-08-23,34,0-5,39.1429,36.7871,30.7032,44.0701,1.2740,1.0601,1.5375,1.4024
356,2013-08-23,34,6-11,23.2857,22.1643,17.9721,27.0808,1.4696,1.2442,1.7411,1.5032
356,2013-08-23,34,12-17,10.2857,10.4931,8.1964,13.3232,1.2937,1.0849,1.5453,1.2574
356,2013-08-23,34,18-44,26.0000,26.3407,21.6943,32.0931,0.6986,0.6070,0.8037,0.6963
356,2013-08-23,34,45-64,21.8571,22.1507,17.9953,27.0563,0.7325,0.6260,0.8603,0.7124
356,2013-08-23,34,65+,12.8571,12.9494,10.1995,16.1439,0.8270,0.6930,0.9871,0.8078
357,2013-08-24,34,0-5,35.5714,36.4012,30.2887,43.5538,1.2666,1.0539,1.5212,1.2909
357,2013-08-24,34,6-11,22.7143,22.9219,18.5644,27.9599,1.4798,1.2501,1.7533,1.4416
357,2013-08-24,34,12-17,10.0000,10.6446,8.2970,13.5344,1.3131,1.1015,1.5700,1.2348
357,2013-08-24,34,18-44,26.5714,27.5113,22.6401,33.4296,0.7059,0.6128,0.8140,0.6821
357,2013-08-24,34,45-64,23.0000,23.0101,18.8417,28.1129,0.7420,0.6342,0.8711,0.7114
357,2013-08-24,34,65+,12.7143,13.3345,10.5862,16.6901,0.8371,0.7039,0.9983,0.7982
358,2013-08-25,35,0-5,33.8571,35.8387,29.6761,42.9305,1.2630,1.0481,1.5253,1.2682
358,2013-08-25,35,6-11,23.7143,23.6876,19.2749,28.6710,1.4877,1.2563,1.7652,1.4790
358,2013-08-25,35,12-17,10.4286,10.8540,8.4713,13.7974,1.3356,1.1157,1.5952,1.2872
358,2013-08-25,35,18-44,28.7143,28.6888,23.5685,34.8063,0.7127,0.6186,0.8222,0.7053
358,2013-08-25,35,45-64,24.7143,23.9094,19.5726,29.1529,0.7515,0.6405,0.8819,0.7423
358,2013-08-25,35,65+,13.1429,13.7973,10.9923,17.2264,0.8480,0.7107,1.0134,0.8242
359,2013-08-26,35,0-5,34.1429,35.1943,29.1522,42.1407,1.2676,1.0452,1.5392,1.2992
359,2013-08-26,35,6-11,24.0000,24.4156,19.8765,29.5397,1.4991,1.2623,1.7928,1.5004
359,2013-08-26,35,12-17,11.2857,11.1710,8.7046,14.1773,1.3562,1.1287,1.6345,1.3605
359,2013-08-26,35,18-44,30.4286,29.8155,24.5739,36.1032,0.7213,0.6240,0.8357,0.7345
359,2013-08-26,35,45-64,26.4286,24.7808,20.3539,30.2123,0.7609,0.6477,0.8986,0.7809
359,2013-08-26,35,65+,14.7143,14.2838,11.3913,17.8177,0.8590,0.7153,1.0328,0.8792
360,2013-08-27,35,0-5,35.2857,34.5325,28.7223,41.4917,1.2746,1.0356,1.5696,1.3232
360,2013-08-27,35,6-11,24.2857,25.0750,20.5012,30.3513,1.5132,1.2546,1.8259,1.4801
360,2013-08-27,35,12-17,11.2857,11.5545,8.9851,14.6389,1.3785,1.1316,1.6799,1.3180
360,2013-08-27,35,18-44,31.1429,30.8441,25.4468,37.4042,0.7298,0.6255,0.8509,0.7188
360,2013-08-27,35,45-64,25.2857,25.7002,21.0645,31.3127,0.7702,0.6489,0.9160,0.7490
360,2013-08-27,35,65+,14.5714,14.8294,11.8047,18.4690,0.8679,0.7156,1.0546,0.8431
361,2013-08-28,35,0-5,34.0000,33.9806,28.1473,41.0548,1.2844,1.0170,1.6185,1.3007
361,2013-08-28,35,6-11,27.1429,25.7691,20.9877,31.5089,1.5272,1.2391,1.8826,1.5572
361,2013-08-28,35,12-17,12.2857,12.0193,9.2968,15.3606,1.3998,1.1216,1.7505,1.3675
361,2013-08-28,35,18-44,31.5714,31.8346,26.2056,38.7404,0.7392,0.6215,0.8784,0.7251
361,2013-08-28,35,45-64,26.0000,26.5650,21.7744,32.6339,0.7812,0.6437,0.9471,0.7577
361,2013-08-28,35,65+,15.4286,15.3756,12.1826,19.2655,0.8786,0.7065,1.0928,0.8577
362,2013-08-29,35,0-5,31.4286,33.5343,27.2733,41.3090,1.2965,0.9870,1.6973,1.2285
362,2013-08-29,35,6-11,24.7143,26.4902,21.2787,33.0022,1.5417,1.2126,1.9735,1.4385
362,2013-08-29,35,12-17,12.2857,12.5386,9.5294,16.3827,1.4200,1.0987,1.8379,1.3299
362,2013-08-29,35,18-44,32.0000,32.8196,26.6368,40.4141,0.7484,0.6121,0.9139,0.7033
362,2013-08-29,35,45-64,26.4286,27.5005,22.1867,34.2568,0.7906,0.6330,0.9893,0.7432
362,2013-08-29,35,65+,15.7143,15.9264,12.4148,20.4551,0.8874,0.6913,1.1415,0.8430
363,2013-08-30,35,0-5,33.0000,33.1983,25.9968,42.6076,1.3041,0.9521,1.8027,1.3007
363,2013-08-30,35,6-11,27.4286,27.3187,21.0897,35.3779,1.5556,1.1698,2.0945,1.5421
363,2013-08-30,35,12-17,13.1429,13.1431,9.5638,17.9193,1.4337,1.0695,1.9464,1.3957
363,2013-08-30,35,18-44,33.5714,33.7295,26.5614,42.7773,0.7565,0.5973,0.9606,0.7416
363,2013-08-30,35,45-64,28.8571,28.5177,22.2883,36.6780,0.7988,0.6138,1.0447,0.7836
363,2013-08-30,35,65+,16.7143,16.4875,12.3862,21.9850,0.8951,0.6698,1.2046,0.8848
364,2013-08-31,35,0-5,34.5714,33.0006,24.2567,45.5161,1.3105,0.9165,1.9174,1.3834
364,2013-08-31,35,6-11,29.7143,28.1140,20.3493,39.1314,1.5650,1.1298,2.2263,1.6460
364,2013-08-31,35,12-17,15.7143,13.7484,9.3783,20.1662,1.4446,1.0336,2.0618,1.5567
364,2013-08-31,35,18-44,37.2857,34.5159,25.9101,46.0618,0.7627,0.5803,1.0091,0.7978
364,2013-08-31,35,45-64,32.0000,29.5603,21.9000,40.2351,0.8053,0.5947,1.1004,0.8419
364,2013-08-31,35,65+,17.5714,17.0425,12.0942,24.1141,0.9015,0.6458,1.2776,0.9307
