day,date,wk,age_group,obs,dR_med,dR_lo,dR_hi,Rj_med,Rj_lo,Rj_hi,Rj_renewal
1,2016-08-28,36,0-5,10.4286,10.8470,7.9636,14.1476,1.3334,1.0483,1.6746,NA
1,2016-08-28,36,6-11,13.5714,14.3396,11.2867,18.2113,1.5867,1.2854,1.9380,NA
1,2016-08-28,36,12-17,5.7143,6.1185,3.9291,8.6790,1.4250,1.1483,1.7576,NA
1,2016-08-28,36,18-44,28.7143,27.0797,22.1284,32.5283,1.0082,0.8130,1.2353,NA
1,2016-08-28,36,45-64,24.8571,23.7361,19.2331,28.8897,1.1198,0.8972,1.3798,NA
1,2016-08-28,36,65+,14.2857,13.4069,10.0167,17.1241,1.2506,0.9952,1.5557,NA
2,2016-08-29,36,0-5,10.5714,10.6528,8.4723,13.2447,1.3123,1.0596,1.6117,7.2274
2,2016-08-29,36,6-11,14.4286,14.0338,11.5487,16.8578,1.5888,1.3128,1.9049,8.9346
2,2016-08-29,36,12-17,5.5714,5.8555,4.3052,7.6984,1.4062,1.1603,1.7021,7.4673
2,2016-08-29,36,18-44,30.0000,28.4110,24.3842,32.7364,0.9757,0.8153,1.1652,4.8386
2,2016-08-29,36,45-64,28.7143,25.5062,21.7930,29.7684,1.0845,0.8964,1.3002,5.1925
2,2016-08-29,36,65+,14.8571,14.1940,11.5569,17.0313,1.2238,0.9988,1.4873,5.6791
3,2016-08-30,36,0-5,11.0000,10.3816,8.4126,12.7332,1.2845,1.0570,1.5662,3.3882
3,2016-08-30,36,6-11,14.0000,13.6361,11.3564,16.3900,1.5727,1.3177,1.8699,4.0581
3,2016-08-30,36,12-17,5.2857,5.6269,4.2485,7.1591,1.3758,1.1453,1.6485,3.4477
3,2016-08-30,36,18-44,30.5714,29.6762,25.1393,34.9510,0.9346,0.7932,1.1036,2.2920
3,2016-08-30,36,45-64,32.0000,27.5697,23.1522,32.4773,1.0319,0.8690,1.2250,2.5200
3,2016-08-30,36,65+,17.8571,15.3330,12.5561,18.3968,1.1712,0.9753,1.4080,2.8600
4,2016-08-31,36,0-5,10.7143,10.1665,8.2805,12.6314,1.2547,1.0415,1.5152,2.2522
4,2016-08-31,36,6-11,15.4286,13.3705,11.0781,16.2846,1.5462,1.3076,1.8322,2.8519
4,2016-08-31,36,12-17,5.4286,5.4803,4.0930,7.0416,1.3447,1.1285,1.5969,2.3295
4,2016-08-31,36,18-44,31.1429,30.5280,25.3566,36.7838,0.8917,0.7643,1.0481,1.5376
4,2016-08-31,36,45-64,31.7143,29.3485,24.1929,34.9931,0.9746,0.8304,1.1478,1.6793
4,2016-08-31,36,65+,19.0000,16.5187,13.4938,20.1113,1.1119,0.9318,1.3221,1.9276
5,2016-09-01,36,0-5,10.8571,10.0081,8.0463,12.6523,1.2310,1.0272,1.4756,1.7856
5,2016-09-01,36,6-11,15.2857,13.2590,10.8330,16.4582,1.5152,1.2833,1.7896,2.2265
5,2016-09-01,36,12-17,5.5714,5.4708,4.0602,7.1958,1.3147,1.1057,1.5639,1.8449
5,2016-09-01,36,18-44,31.1429,31.0598,25.5008,37.6253,0.8570,0.7329,1.0001,1.2042
5,2016-09-01,36,45-64,31.7143,30.5306,24.9950,36.8490,0.9253,0.7881,1.0868,1.3111
5,2016-09-01,36,65+,19.1429,17.7044,14.2514,21.7708,1.0536,0.8878,1.2477,1.4996
6,2016-09-02,36,0-5,11.0000,9.9786,7.8350,12.7027,1.2122,1.0101,1.4485,1.5417
6,2016-09-02,36,6-11,14.2857,13.2157,10.6228,16.5741,1.4876,1.2622,1.7479,1.8518
6,2016-09-02,36,12-17,5.2857,5.5705,4.1639,7.3796,1.2906,1.0900,1.5331,1.5688
6,2016-09-02,36,18-44,30.4286,31.5709,25.9419,38.4707,0.8275,0.7113,0.9661,1.0344
6,2016-09-02,36,45-64,33.1429,31.0970,25.5442,37.3532,0.8822,0.7549,1.0355,1.1376
6,2016-09-02,36,65+,19.2857,18.6501,14.9671,23.1392,1.0025,0.8466,1.1865,1.2957
7,2016-09-03,36,0-5,10.0000,9.9801,7.7657,12.7882,1.1970,0.9992,1.4279,1.3550
7,2016-09-03,36,6-11,14.2857,13.2159,10.5256,16.6440,1.4575,1.2370,1.7191,1.7030
7,2016-09-03,36,12-17,6.4286,5.7639,4.2881,7.7747,1.2716,1.0775,1.5042,1.5377
7,2016-09-03,36,18-44,31.4286,32.3296,26.8435,39.2926,0.8035,0.6891,0.9353,0.9456
7,2016-09-03,36,45-64,32.4286,31.1139,25.5303,37.4769,0.8474,0.7216,0.9931,1.0370
7,2016-09-03,36,65+,19.1429,19.3241,15.5587,23.8865,0.9574,0.8067,1.1411,1.1684
8,2016-09-04,37,0-5,10.0000,9.9853,7.7505,12.8937,1.1835,0.9871,1.4192,1.2747
8,2016-09-04,37,6-11,13.4286,13.2421,10.5244,16.6923,1.4271,1.2083,1.6756,1.5593
8,2016-09-04,37,12-17,6.4286,6.0243,4.4829,8.1531,1.2555,1.0647,1.4877,1.4297
8,2016-09-04,37,18-44,30.7143,33.3244,27.8126,40.4282,0.7824,0.6697,0.9104,0.8808
8,2016-09-04,37,45-64,31.8571,30.7333,25.5314,37.3363,0.8174,0.6972,0.9557,0.9708
8,2016-09-04,37,65+,20.4286,19.7376,15.9412,24.4714,0.9170,0.7749,1.0967,1.1207
9,2016-09-05,37,0-5,9.7143,10.0412,7.7292,12.8382,1.1675,0.9687,1.4105,1.2430
9,2016-09-05,37,6-11,12.5714,13.2475,10.5389,16.6186,1.3914,1.1741,1.6461,1.4840
9,2016-09-05,37,12-17,6.2857,6.3136,4.7269,8.5060,1.2417,1.0466,1.4745,1.3370
9,2016-09-05,37,18-44,33.4286,34.0957,28.3110,41.1553,0.7594,0.6484,0.8929,0.8491
9,2016-09-05,37,45-64,28.4286,29.9868,24.9196,36.9792,0.7896,0.6699,0.9253,0.9118
9,2016-09-05,37,65+,21.1429,19.7317,15.8369,24.5916,0.8848,0.7365,1.0455,1.0715
10,2016-09-06,37,0-5,9.4286,10.0853,7.7534,12.8997,1.1607,0.9609,1.4075,1.1983
10,2016-09-06,37,6-11,14.5714,13.1453,10.4410,16.4858,1.3592,1.1472,1.6047,1.5398
10,2016-09-06,37,12-17,6.4286,6.5960,4.9964,8.9085,1.2266,1.0372,1.4613,1.2805
10,2016-09-06,37,18-44,33.0000,34.2524,28.4809,41.1549,0.7429,0.6324,0.8792,0.8061
10,2016-09-06,37,45-64,25.7143,29.0054,24.1271,35.2798,0.7675,0.6512,0.9038,0.8420
10,2016-09-06,37,65+,19.2857,19.4101,15.6648,24.3081,0.8518,0.7109,1.0195,0.9725
11,2016-09-07,37,0-5,10.1429,10.1535,7.8714,13.0038,1.1504,0.9535,1.3836,1.2512
11,2016-09-07,37,6-11,12.8571,12.9715,10.3995,16.2095,1.3265,1.1241,1.5665,1.4742
11,2016-09-07,37,12-17,7.7143,6.8778,5.2067,9.1680,1.2123,1.0215,1.4411,1.3862
11,2016-09-07,37,18-44,34.7143,34.1305,28.2719,41.2539,0.7267,0.6231,0.8521,0.8257
11,2016-09-07,37,45-64,26.5714,28.0754,23.3116,33.6881,0.7501,0.6388,0.8797,0.8603
11,2016-09-07,37,65+,18.4286,18.9288,15.3380,23.4692,0.8304,0.6951,0.9910,0.9625
12,2016-09-08,37,0-5,10.0000,10.2182,7.9628,13.0346,1.1397,0.9445,1.3769,1.2364
12,2016-09-08,37,6-11,13.1429,12.7024,10.1973,15.8064,1.3003,1.1010,1.5480,1.4821
12,2016-09-08,37,12-17,7.8571,7.0742,5.3734,9.3514,1.1937,1.0020,1.4201,1.3747
12,2016-09-08,37,18-44,34.7143,33.8419,28.2888,41.0445,0.7093,0.6108,0.8392,0.8200
12,2016-09-08,37,45-64,26.2857,27.0326,22.3502,32.4685,0.7318,0.6243,0.8648,0.8533
12,2016-09-08,37,65+,18.2857,18.2044,14.6918,22.5794,0.8091,0.6775,0.9719,0.9555
13,2016-09-09,37,0-5,11.0000,10.2860,8.0840,13.0544,1.1291,0.9292,1.3610,1.3255
13,2016-09-09,37,6-11,13.4286,12.3788,9.8558,15.5000,1.2824,1.0775,1.5268,1.5448
13,2016-09-09,37,12-17,9.0000,7.2219,5.4919,9.4947,1.1764,0.9898,1.4013,1.4735
13,2016-09-09,37,18-44,36.8571,33.1197,27.3672,40.1360,0.7005,0.5951,0.8196,0.8623
13,2016-09-09,37,45-64,26.5714,25.9302,21.4200,31.0339,0.7217,0.6125,0.8498,0.8931
13,2016-09-09,37,65+,19.7143,17.4255,13.9216,21.5587,0.7996,0.6676,0.9562,1.0117
14,2016-09-10,37,0-5,11.7143,10.3648,8.0928,13.1290,1.1171,0.9225,1.3537,1.3901
14,2016-09-10,37,6-11,13.8571,12.0810,9.5070,15.0890,1.2708,1.0652,1.5155,1.6068
14,2016-09-10,37,12-17,9.0000,7.3334,5.5859,9.5556,1.1730,0.9823,1.4018,1.4996
14,2016-09-10,37,18-44,39.2857,32.0778,26.8279,38.8623,0.6934,0.5883,0.8151,0.9092
14,2016-09-10,37,45-64,29.7143,25.0359,20.7431,30.1497,0.7172,0.6038,0.8455,0.9458
14,2016-09-10,37,65+,20.0000,16.6498,13.1581,20.6953,0.7948,0.6623,0.9549,1.0548
15,2016-09-11,38,0-5,10.5714,10.4069,8.1502,13.1868,1.1198,0.9266,1.3562,1.1963
15,2016-09-11,38,6-11,12.7143,11.8046,9.2289,14.7007,1.2850,1.0802,1.5166,1.3997
15,2016-09-11,38,12-17,8.0000,7.4077,5.6841,9.5510,1.1927,0.9995,1.4159,1.2739
15,2016-09-11,38,18-44,34.0000,31.0259,25.9529,37.5341,0.7014,0.6015,0.8228,0.7713
15,2016-09-11,38,45-64,26.0000,24.4023,20.1285,29.1333,0.7294,0.6231,0.8563,0.7960
15,2016-09-11,38,65+,16.0000,15.9839,12.4718,20.1956,0.8105,0.6824,0.9707,0.8673
16,2016-09-12,38,0-5,9.5714,10.4459,8.1047,13.2137,1.1522,0.9559,1.3872,1.0289
16,2016-09-12,38,6-11,11.5714,11.5602,9.0760,14.4492,1.3341,1.1303,1.5742,1.2159
16,2016-09-12,38,12-17,7.2857,7.4953,5.7983,9.6540,1.2514,1.0534,1.4844,1.1025
16,2016-09-12,38,18-44,27.1429,30.2709,25.1008,36.3034,0.7381,0.6334,0.8611,0.6467
16,2016-09-12,38,45-64,22.2857,23.9138,19.6351,28.9058,0.7736,0.6562,0.9060,0.6695
16,2016-09-12,38,65+,13.1429,15.5110,12.0939,19.6990,0.8577,0.7224,1.0251,0.7272
17,2016-09-13,38,0-5,9.5714,10.4689,8.1785,13.2233,1.2109,1.0087,1.4513,0.9927
17,2016-09-13,38,6-11,9.0000,11.3792,8.8702,14.2874,1.4240,1.2077,1.6764,1.0487
17,2016-09-13,38,12-17,6.5714,7.6094,5.8585,9.8369,1.3431,1.1363,1.5844,0.9992
17,2016-09-13,38,18-44,24.1429,29.8371,24.8652,36.2427,0.8024,0.6868,0.9438,0.5879
17,2016-09-13,38,45-64,19.0000,23.8857,19.7707,29.3029,0.8456,0.7194,0.9944,0.6019
17,2016-09-13,38,65+,11.1429,15.2730,12.1221,19.0872,0.9379,0.7918,1.1200,0.6509
18,2016-09-14,38,0-5,9.8571,10.4459,8.1128,13.1620,1.2917,1.0811,1.5482,1.0673
18,2016-09-14,38,6-11,9.1429,11.2821,8.7758,14.1317,1.5469,1.3122,1.8198,1.1337
18,2016-09-14,38,12-17,6.2857,7.7300,5.9053,10.0751,1.4642,1.2405,1.7200,1.0524
18,2016-09-14,38,18-44,24.2857,30.1958,24.9441,36.3558,0.8894,0.7630,1.0404,0.6374
18,2016-09-14,38,45-64,19.8571,24.2688,19.7665,29.4137,0.9449,0.8037,1.1048,0.6583
18,2016-09-14,38,65+,11.5714,15.2415,12.1601,19.3244,1.0491,0.8837,1.2523,0.7192
19,2016-09-15,38,0-5,9.4286,10.3100,8.0023,13.0298,1.3825,1.1582,1.6533,1.0909
19,2016-09-15,38,6-11,9.1429,11.1736,8.7157,14.0907,1.6785,1.4319,1.9810,1.2007
19,2016-09-15,38,12-17,6.1429,7.8348,6.0176,10.1986,1.6141,1.3702,1.8992,1.1020
19,2016-09-15,38,18-44,24.2857,30.9248,25.4004,37.3630,0.9930,0.8494,1.1653,0.6709
19,2016-09-15,38,45-64,19.7143,24.7581,20.3981,30.1560,1.0622,0.9063,1.2480,0.6959
19,2016-09-15,38,65+,11.4286,15.4000,12.2826,19.5055,1.1714,0.9903,1.3897,0.7615
20,2016-09-16,38,0-5,9.1429,10.0994,7.8635,12.8758,1.4690,1.2374,1.7455,1.1454
20,2016-09-16,38,6-11,9.1429,11.2098,8.7719,14.0548,1.8116,1.5476,2.1186,1.2965
20,2016-09-16,38,12-17,5.2857,7.9741,6.0562,10.3677,1.7619,1.4999,2.0579,1.1352
20,2016-09-16,38,18-44,25.1429,32.2953,26.6832,39.0552,1.0970,0.9439,1.2745,0.7391
20,2016-09-16,38,45-64,21.4286,25.7911,21.2128,31.8273,1.1829,1.0118,1.3809,0.7848
20,2016-09-16,38,65+,13.4286,15.8922,12.6712,19.9529,1.2963,1.0998,1.5355,0.8942
21,2016-09-17,38,0-5,8.5714,9.8565,7.6876,12.5789,1.5191,1.2825,1.7991,1.2021
21,2016-09-17,38,6-11,9.5714,11.2445,8.9060,14.3306,1.8938,1.6173,2.2064,1.4356
21,2016-09-17,38,12-17,6.2857,8.1492,6.1714,10.5974,1.8456,1.5730,2.1588,1.3075
21,2016-09-17,38,18-44,28.5714,34.0836,27.9875,40.6933,1.1649,1.0002,1.3544,0.8164
21,2016-09-17,38,45-64,21.2857,27.3326,22.2531,33.3593,1.2610,1.0788,1.4673,0.8575
21,2016-09-17,38,65+,14.1429,16.5198,13.3490,20.8322,1.3793,1.1623,1.6242,0.9711
22,2016-09-18,39,0-5,9.5714,9.5562,7.4599,12.2441,1.5112,1.2748,1.7965,1.4947
22,2016-09-18,39,6-11,11.0000,11.3290,8.9629,14.4413,1.9007,1.6268,2.2236,1.8176
22,2016-09-18,39,12-17,8.5714,8.3392,6.3296,10.8548,1.8585,1.5868,2.1792,1.7970
22,2016-09-18,39,18-44,37.8571,36.2008,29.8641,43.6880,1.1785,1.0125,1.3759,1.0888
22,2016-09-18,39,45-64,30.1429,29.2319,24.0968,35.3869,1.2801,1.0920,1.4993,1.1664
22,2016-09-18,39,65+,17.8571,17.2623,13.9857,21.5928,1.3953,1.1794,1.6395,1.2869
23,2016-09-19,39,0-5,10.8571,9.2353,7.1291,11.8818,1.4444,1.2086,1.7221,1.6910
23,2016-09-19,39,6-11,12.8571,11.3837,8.9484,14.3450,1.8235,1.5558,2.1401,2.0770
23,2016-09-19,39,12-17,10.4286,8.4950,6.4786,11.2543,1.7769,1.5122,2.0869,2.0745
23,2016-09-19,39,18-44,45.0000,38.2483,31.9058,46.3694,1.1263,0.9598,1.3184,1.2484
23,2016-09-19,39,45-64,37.4286,31.2774,25.9225,37.7791,1.2236,1.0391,1.4350,1.3466
23,2016-09-19,39,65+,21.7143,18.1399,14.6780,22.1894,1.3323,1.1230,1.5785,1.4834
24,2016-09-20,39,0-5,10.7143,8.9676,6.9032,11.4595,1.3332,1.1175,1.5956,1.6659
24,2016-09-20,39,6-11,13.7143,11.4507,8.9696,14.5500,1.6890,1.4375,1.9814,2.0949
24,2016-09-20,39,12-17,11.5714,8.6512,6.6250,11.4977,1.6278,1.3893,1.9146,2.0983
24,2016-09-20,39,18-44,50.7143,40.3012,33.7546,48.4554,1.0272,0.8807,1.2061,1.2699
24,2016-09-20,39,45-64,42.7143,33.3611,27.6267,39.5770,1.1152,0.9559,1.3087,1.3788
24,2016-09-20,39,65+,25.4286,18.9733,15.4605,23.0243,1.2180,1.0360,1.4375,1.5332
25,2016-09-21,39,0-5,9.8571,8.7548,6.7122,11.2138,1.2177,1.0252,1.4527,1.4707
25,2016-09-21,39,6-11,14.1429,11.6330,9.0427,14.7260,1.5370,1.3083,1.7992,1.9097
25,2016-09-21,39,12-17,11.4286,8.8427,6.8057,11.6251,1.4703,1.2537,1.7291,1.8524
25,2016-09-21,39,18-44,51.0000,42.2140,35.3638,50.2290,0.9222,0.7931,1.0773,1.1308
25,2016-09-21,39,45-64,42.8571,35.6478,29.7072,42.4756,1.0001,0.8539,1.1693,1.2211
25,2016-09-21,39,65+,25.1429,19.8052,16.1992,24.2571,1.0987,0.9267,1.2885,1.3488
26,2016-09-22,39,0-5,10.0000,8.6873,6.6875,11.1176,1.1186,0.9400,1.3344,1.3796
26,2016-09-22,39,6-11,14.2857,11.8160,9.2201,14.9007,1.3997,1.1934,1.6447,1.7685
26,2016-09-22,39,12-17,11.2857,9.0666,7.0491,11.7141,1.3216,1.1251,1.5537,1.6799
26,2016-09-22,39,18-44,51.2857,43.8222,36.7802,52.2149,0.8267,0.7094,0.9669,1.0391
26,2016-09-22,39,45-64,43.1429,37.8017,31.4672,45.1910,0.8928,0.7609,1.0498,1.1166
26,2016-09-22,39,65+,25.7143,20.8167,17.1432,25.2177,0.9821,0.8293,1.1633,1.2378
27,2016-09-23,39,0-5,9.2857,8.7460,6.7580,11.2260,1.0410,0.8734,1.2448,1.2485
27,2016-09-23,39,6-11,14.2857,11.9781,9.4444,15.1216,1.2918,1.0989,1.5186,1.6353
27,2016-09-23,39,12-17,11.8571,9.2600,7.3228,11.9648,1.2053,1.0263,1.4177,1.5854
27,2016-09-23,39,18-44,49.7143,45.0833,37.7962,53.9304,0.7521,0.6462,0.8795,0.9505
27,2016-09-23,39,45-64,43.8571,39.6428,33.3286,47.5150,0.8091,0.6915,0.9495,1.0225
27,2016-09-23,39,65+,23.4286,21.7600,17.9227,26.3963,0.8952,0.7547,1.0628,1.1006
28,2016-09-24,39,0-5,8.5714,8.8740,6.8892,11.3855,0.9978,0.8351,1.1907,1.1138
28,2016-09-24,39,6-11,12.7143,12.1360,9.6291,15.3169,1.2254,1.0402,1.4414,1.4288
28,2016-09-24,39,12-17,10.4286,9.3804,7.3857,12.0581,1.1294,0.9593,1.3261,1.3822
28,2016-09-24,39,18-44,45.0000,45.5282,38.3818,54.5992,0.7069,0.6070,0.8269,0.8464
28,2016-09-24,39,45-64,42.2857,40.9185,34.5525,49.2873,0.7584,0.6476,0.8895,0.9228
28,2016-09-24,39,65+,23.4286,22.5019,18.4213,27.1247,0.8443,0.7125,0.9957,1.0152
29,2016-09-25,40,0-5,8.1429,9.0208,7.0078,11.6298,0.9798,0.8169,1.1723,1.0345
29,2016-09-25,40,6-11,12.2857,12.2081,9.7552,15.2940,1.1928,1.0140,1.4085,1.3225
29,2016-09-25,40,12-17,8.7143,9.4068,7.4856,12.0505,1.0811,0.9194,1.2665,1.1985
29,2016-09-25,40,18-44,41.4286,45.5131,38.2986,54.0591,0.6831,0.5863,0.7978,0.7648
29,2016-09-25,40,45-64,37.8571,41.4469,34.9507,49.7459,0.7306,0.6260,0.8569,0.8257
29,2016-09-25,40,65+,22.1429,22.9297,18.5643,27.7554,0.8164,0.6941,0.9680,0.9212
30,2016-09-26,40,0-5,8.0000,9.1336,7.2003,11.7664,0.9859,0.8215,1.1749,1.0343
30,2016-09-26,40,6-11,11.1429,12.1871,9.7330,15.2243,1.1945,1.0124,1.4129,1.2754
30,2016-09-26,40,12-17,8.8571,9.2904,7.3565,11.8847,1.0610,0.9032,1.2500,1.2097
30,2016-09-26,40,18-44,41.2857,44.9863,37.8005,53.5353,0.6794,0.5827,0.7935,0.7604
30,2016-09-26,40,45-64,37.7143,41.1565,34.8723,49.1539,0.7251,0.6182,0.8533,0.8179
30,2016-09-26,40,65+,20.2857,23.0694,18.8881,27.9867,0.8198,0.6887,0.9767,0.8883
31,2016-09-27,40,0-5,8.2857,9.1859,7.2287,11.8723,1.0093,0.8404,1.2066,1.0728
31,2016-09-27,40,6-11,11.1429,12.0836,9.6252,15.0267,1.2192,1.0366,1.4442,1.3035
31,2016-09-27,40,12-17,8.7143,9.0124,7.0748,11.5430,1.0703,0.9105,1.2659,1.2253
31,2016-09-27,40,18-44,40.7143,43.9298,36.8937,52.3280,0.6918,0.5928,0.8081,0.7733
31,2016-09-27,40,45-64,37.1429,40.2922,33.9970,48.1312,0.7383,0.6297,0.8665,0.8301
31,2016-09-27,40,65+,20.7143,23.0702,19.0567,28.0912,0.8437,0.7105,1.0024,0.9103
32,2016-09-28,40,0-5,9.0000,9.1703,7.1142,11.7574,1.0461,0.8699,1.2610,1.1449
32,2016-09-28,40,6-11,11.2857,11.9052,9.4583,14.9590,1.2669,1.0749,1.5033,1.3494
32,2016-09-28,40,12-17,7.4286,8.6560,6.7519,11.0616,1.0986,0.9303,1.2938,1.1911
32,2016-09-28,40,18-44,40.8571,42.4806,35.8867,50.9054,0.7148,0.6099,0.8374,0.7980
32,2016-09-28,40,45-64,37.4286,38.8914,32.8480,46.3848,0.7635,0.6487,0.8951,0.8521
32,2016-09-28,40,65+,21.1429,22.9428,19.0185,27.9222,0.8833,0.7425,1.0509,0.9423
33,2016-09-29,40,0-5,9.2857,9.1209,7.1020,11.5767,1.0948,0.9150,1.3153,1.1807
33,2016-09-29,40,6-11,11.1429,11.7889,9.3647,14.7350,1.3349,1.1355,1.5762,1.3747
33,2016-09-29,40,12-17,7.5714,8.2552,6.4223,10.6020,1.1434,0.9698,1.3483,1.2319
33,2016-09-29,40,18-44,41.0000,40.9874,34.6951,49.1178,0.7494,0.6434,0.8750,0.8163
33,2016-09-29,40,45-64,37.5714,37.4691,31.2864,44.5241,0.8034,0.6846,0.9416,0.8697
33,2016-09-29,40,65+,20.7143,22.8964,18.8050,27.8158,0.9431,0.7957,1.1254,0.9533
34,2016-09-30,40,0-5,8.2857,9.0833,7.0634,11.5231,1.1652,0.9727,1.3974,1.0115
34,2016-09-30,40,6-11,8.4286,11.7449,9.2630,14.7886,1.4285,1.2111,1.6857,1.1039
34,2016-09-30,40,12-17,5.7143,7.9003,6.1188,10.1447,1.2137,1.0297,1.4280,0.9813
34,2016-09-30,40,18-44,34.1429,39.6024,33.2246,47.3052,0.8025,0.6873,0.9374,0.6684
34,2016-09-30,40,45-64,28.8571,36.0095,30.0215,42.9293,0.8625,0.7348,1.0144,0.6992
34,2016-09-30,40,65+,16.2857,23.0773,18.8818,27.9805,1.0245,0.8600,1.2192,0.7638
35,2016-10-01,40,0-5,8.1429,9.0803,7.0701,11.6168,1.2354,1.0302,1.4800,1.0975
35,2016-10-01,40,6-11,10.8571,11.7780,9.1659,14.8328,1.5246,1.2966,1.8015,1.3550
35,2016-10-01,40,12-17,6.1429,7.5881,5.8433,9.8089,1.2910,1.0965,1.5182,1.1339
35,2016-10-01,40,18-44,36.4286,38.5520,32.2348,46.1448,0.8575,0.7352,0.9978,0.7696
35,2016-10-01,40,45-64,31.0000,34.8663,28.8319,41.6958,0.9252,0.7891,1.0830,0.8208
35,2016-10-01,40,65+,21.8571,23.5892,19.2744,28.3875,1.1090,0.9323,1.3244,0.9595
36,2016-10-02,41,0-5,8.7143,9.0899,7.0285,11.6875,1.3033,1.0879,1.5625,1.1830
36,2016-10-02,41,6-11,11.8571,11.9320,9.3590,15.0544,1.6185,1.3704,1.9041,1.4875
36,2016-10-02,41,12-17,7.1429,7.3296,5.6109,9.5106,1.3694,1.1671,1.6075,1.2934
36,2016-10-02,41,18-44,36.4286,37.6202,31.5292,45.0901,0.9120,0.7810,1.0594,0.8353
36,2016-10-02,41,45-64,33.8571,34.0636,28.2065,40.8279,0.9860,0.8421,1.1495,0.9049
36,2016-10-02,41,65+,23.8571,24.3374,19.9611,29.4750,1.1888,0.9976,1.4133,1.0631
37,2016-10-03,41,0-5,8.7143,9.1487,7.0780,11.7878,1.3664,1.1484,1.6352,1.1972
37,2016-10-03,41,6-11,12.1429,12.1682,9.4914,15.4844,1.7034,1.4461,2.0113,1.5104
37,2016-10-03,41,12-17,5.8571,7.1365,5.4248,9.3385,1.4420,1.2274,1.6901,1.2221
37,2016-10-03,41,18-44,36.2857,37.1306,30.9625,44.6692,0.9605,0.8266,1.1243,0.8428
37,2016-10-03,41,45-64,32.8571,33.6095,27.6943,40.3474,1.0404,0.8906,1.2217,0.9153
37,2016-10-03,41,65+,26.7143,25.2613,20.7095,30.9003,1.2596,1.0604,1.4959,1.1212
38,2016-10-04,41,0-5,9.1429,9.3066,7.1946,11.9362,1.4178,1.1937,1.6820,1.2402
38,2016-10-04,41,6-11,11.5714,12.5820,9.9526,15.9051,1.7734,1.5069,2.0850,1.4970
38,2016-10-04,41,12-17,6.4286,7.0439,5.3462,9.1928,1.5058,1.2846,1.7662,1.2869
38,2016-10-04,41,18-44,37.7143,37.2833,31.2562,44.7752,1.0041,0.8637,1.1708,0.8632
38,2016-10-04,41,45-64,33.2857,33.6874,27.7253,40.4627,1.0897,0.9320,1.2738,0.9332
38,2016-10-04,41,65+,27.0000,26.5573,21.8081,32.6330,1.3191,1.1054,1.5572,1.1269
39,2016-10-05,41,0-5,9.1429,9.5110,7.3750,12.2077,1.4494,1.2202,1.7186,1.2304
39,2016-10-05,41,6-11,13.0000,13.0883,10.3192,16.4026,1.8063,1.5380,2.1294,1.5613
39,2016-10-05,41,12-17,7.2857,7.0332,5.2906,9.1719,1.5440,1.3168,1.8071,1.3484
39,2016-10-05,41,18-44,37.0000,37.9773,31.8280,45.7816,1.0290,0.8856,1.2010,0.8593
39,2016-10-05,41,45-64,33.1429,34.2590,28.2905,41.2612,1.1181,0.9569,1.3077,0.9266
39,2016-10-05,41,65+,27.0000,28.1147,23.1968,34.3962,1.3461,1.1369,1.5946,1.1090
40,2016-10-06,41,0-5,9.5714,9.8298,7.6185,12.4671,1.4576,1.2282,1.7266,1.2409
40,2016-10-06,41,6-11,13.2857,13.6958,10.8175,17.0896,1.8149,1.5497,2.1270,1.5525
40,2016-10-06,41,12-17,7.2857,7.1506,5.3737,9.2714,1.5567,1.3330,1.8226,1.3373
40,2016-10-06,41,18-44,36.5714,39.2191,32.7320,47.2840,1.0357,0.8936,1.2009,0.8516
40,2016-10-06,41,45-64,33.4286,35.5074,29.2342,43.1650,1.1250,0.9641,1.3123,0.9170
40,2016-10-06,41,65+,27.0000,29.9201,24.6045,36.4564,1.3469,1.1377,1.5949,1.0922
41,2016-10-07,41,0-5,11.5714,10.1462,7.8961,12.8907,1.4305,1.2058,1.7029,1.5142
41,2016-10-07,41,6-11,17.0000,14.3353,11.3104,18.0178,1.7769,1.5164,2.0747,1.9380
41,2016-10-07,41,12-17,9.4286,7.2801,5.5193,9.4706,1.5285,1.3067,1.7872,1.6862
41,2016-10-07,41,18-44,45.1429,40.7779,34.1514,49.0064,1.0133,0.8732,1.1767,1.0626
41,2016-10-07,41,45-64,41.5714,37.0059,30.6115,45.1490,1.1004,0.9398,1.2808,1.1603
41,2016-10-07,41,65+,38.2857,31.7544,26.0765,38.4121,1.3093,1.1040,1.5561,1.4373
42,2016-10-08,41,0-5,12.4286,10.5439,8.2174,13.3632,1.3895,1.1712,1.6577,1.4794
42,2016-10-08,41,6-11,16.4286,14.9923,11.8038,18.8105,1.7102,1.4618,2.0088,1.7949
42,2016-10-08,41,12-17,9.1429,7.4347,5.6556,9.6842,1.4754,1.2639,1.7286,1.5710
42,2016-10-08,41,18-44,45.5714,42.5153,35.6070,50.8139,0.9742,0.8416,1.1354,1.0055
42,2016-10-08,41,45-64,42.2857,38.6538,32.2054,47.1876,1.0545,0.9061,1.2334,1.0888
42,2016-10-08,41,65+,36.4286,33.2865,27.3374,40.3488,1.2498,1.0553,1.4754,1.3161
43,2016-10-09,42,0-5,12.1429,10.9896,8.6161,13.9827,1.3395,1.1282,1.5892,1.4055
43,2016-10-09,42,6-11,16.8571,15.6051,12.3909,19.4877,1.6324,1.3984,1.9163,1.7315
43,2016-10-09,42,12-17,8.4286,7.6859,5.8871,10.0472,1.4134,1.2079,1.6538,1.4586
43,2016-10-09,42,18-44,48.2857,44.5223,37.4272,53.0857,0.9263,0.8007,1.0764,0.9707
43,2016-10-09,42,45-64,42.8571,40.8443,33.9676,49.3682,1.0022,0.8600,1.1692,1.0436
43,2016-10-09,42,65+,36.5714,34.8190,28.6185,42.1378,1.1799,0.9969,1.4036,1.2503
44,2016-10-10,42,0-5,11.8571,11.4776,9.0778,14.6411,1.2853,1.0822,1.5305,1.3314
44,2016-10-10,42,6-11,17.0000,16.1778,12.9188,20.1370,1.5539,1.3268,1.8245,1.6649
44,2016-10-10,42,12-17,8.5714,7.9709,6.1361,10.4203,1.3453,1.1517,1.5721,1.4233
44,2016-10-10,42,18-44,48.8571,46.4907,39.2674,55.0407,0.8765,0.7590,1.0223,0.9404
44,2016-10-10,42,45-64,44.8571,43.0097,36.1779,52.0325,0.9450,0.8110,1.1027,1.0197
44,2016-10-10,42,65+,37.5714,35.9178,29.7023,43.0981,1.1070,0.9358,1.3057,1.2190
45,2016-10-11,42,0-5,12.4286,12.0633,9.6471,15.3500,1.2351,1.0368,1.4704,1.3126
45,2016-10-11,42,6-11,18.1429,16.6760,13.3746,20.7822,1.4766,1.2595,1.7388,1.6561
45,2016-10-11,42,12-17,9.1429,8.3278,6.4491,10.7833,1.2781,1.0924,1.4928,1.4208
45,2016-10-11,42,18-44,48.5714,48.3605,40.6852,57.4458,0.8279,0.7141,0.9633,0.9189
45,2016-10-11,42,45-64,46.5714,44.8569,37.5716,54.4058,0.8885,0.7629,1.0348,0.9987
45,2016-10-11,42,65+,38.0000,36.7568,30.5062,43.9198,1.0339,0.8747,1.2191,1.1875
46,2016-10-12,42,0-5,12.8571,12.7192,10.0729,16.0575,1.1976,1.0026,1.4315,1.3161
46,2016-10-12,42,6-11,18.0000,17.1440,13.7236,21.3087,1.4155,1.2071,1.6684,1.6291
46,2016-10-12,42,12-17,9.7143,8.6350,6.6590,11.1547,1.2176,1.0384,1.4317,1.4441
46,2016-10-12,42,18-44,50.8571,49.7126,41.8686,58.7002,0.7856,0.6779,0.9126,0.9255
46,2016-10-12,42,45-64,49.2857,46.4917,38.9935,55.6093,0.8375,0.7156,0.9781,1.0094
46,2016-10-12,42,65+,39.4286,37.0748,30.8378,44.2942,0.9686,0.8173,1.1461,1.1942
47,2016-10-13,42,0-5,12.8571,13.2869,10.6345,16.6479,1.1685,0.9784,1.3930,1.2818
47,2016-10-13,42,6-11,17.5714,17.4727,14.0459,21.7192,1.3685,1.1668,1.6098,1.5676
47,2016-10-13,42,12-17,9.8571,8.9111,6.9033,11.5170,1.1754,1.0013,1.3807,1.4038
47,2016-10-13,42,18-44,52.1429,50.4445,42.4239,59.9627,0.7524,0.6494,0.8745,0.9002
47,2016-10-13,42,45-64,48.7143,47.3330,39.6560,56.2783,0.7975,0.6835,0.9330,0.9779
47,2016-10-13,42,65+,39.8571,36.8553,30.4963,44.0927,0.9194,0.7751,1.0943,1.1592
48,2016-10-14,42,0-5,13.0000,13.8779,11.1029,17.3325,1.1526,0.9659,1.3801,1.2440
48,2016-10-14,42,6-11,17.1429,17.7232,14.2238,21.7982,1.3443,1.1468,1.5787,1.4919
48,2016-10-14,42,12-17,8.4286,9.1223,7.1435,11.7715,1.1509,0.9787,1.3522,1.2723
48,2016-10-14,42,18-44,52.4286,50.8070,42.6931,60.5036,0.7314,0.6314,0.8531,0.8569
48,2016-10-14,42,45-64,48.5714,47.6416,39.8013,56.4954,0.7718,0.6613,0.9047,0.9173
48,2016-10-14,42,65+,34.7143,36.1643,29.9721,43.3497,0.8888,0.7495,1.0540,1.0463
49,2016-10-15,42,0-5,13.0000,14.4034,11.6437,17.9393,1.1430,0.9611,1.3645,1.1899
49,2016-10-15,42,6-11,16.7143,17.8997,14.3128,22.0026,1.3361,1.1331,1.5718,1.4165
49,2016-10-15,42,12-17,8.4286,9.3109,7.2195,11.9561,1.1457,0.9745,1.3523,1.2119
49,2016-10-15,42,18-44,49.7143,50.5619,42.7382,60.1941,0.7218,0.6232,0.8427,0.8035
49,2016-10-15,42,45-64,45.5714,47.3174,39.6458,56.2169,0.7607,0.6511,0.8930,0.8557
49,2016-10-15,42,65+,32.5714,35.3141,29.2855,42.3025,0.8731,0.7332,1.0337,0.9749
50,2016-10-16,43,0-5,15.0000,14.8589,11.9747,18.4344,1.1424,0.9572,1.3596,1.2520
50,2016-10-16,43,6-11,16.4286,18.0034,14.5352,22.1407,1.3431,1.1418,1.5884,1.3963
50,2016-10-16,43,12-17,8.7143,9.4457,7.3203,12.1598,1.1585,0.9884,1.3645,1.2103
50,2016-10-16,43,18-44,47.5714,50.0126,42.1617,59.6983,0.7258,0.6259,0.8429,0.7933
50,2016-10-16,43,45-64,44.2857,46.6102,39.2452,55.3385,0.7651,0.6571,0.8941,0.8415
50,2016-10-16,43,65+,32.8571,34.2416,28.4326,40.8193,0.8719,0.7383,1.0322,0.9722
51,2016-10-17,43,0-5,15.7143,15.1389,12.2009,18.7312,1.1493,0.9636,1.3786,1.2638
51,2016-10-17,43,6-11,16.8571,18.0577,14.6280,22.0993,1.3624,1.1635,1.6055,1.4127
51,2016-10-17,43,12-17,10.1429,9.5886,7.4223,12.2561,1.1814,1.0051,1.3869,1.2782
51,2016-10-17,43,18-44,46.5714,49.0623,41.5182,58.7457,0.7375,0.6357,0.8578,0.7884
51,2016-10-17,43,45-64,42.8571,45.5265,38.3093,54.4929,0.7776,0.6655,0.9129,0.8316
51,2016-10-17,43,65+,31.1429,33.0588,27.3094,39.4975,0.8803,0.7425,1.0452,0.9495
52,2016-10-18,43,0-5,16.4286,15.3348,12.3225,18.8376,1.1651,0.9748,1.3926,1.2708
52,2016-10-18,43,6-11,17.2857,18.0978,14.6839,22.1414,1.3946,1.1837,1.6412,1.4209
52,2016-10-18,43,12-17,8.8571,9.6333,7.5216,12.2979,1.2225,1.0418,1.4319,1.2090
52,2016-10-18,43,18-44,44.7143,48.1756,40.7263,57.4905,0.7599,0.6531,0.8834,0.7830
52,2016-10-18,43,45-64,43.0000,44.6133,37.4457,53.1760,0.8034,0.6866,0.9415,0.8303
52,2016-10-18,43,65+,31.5714,31.7765,26.3562,38.0208,0.9025,0.7614,1.0661,0.9639
53,2016-10-19,43,0-5,16.0000,15.3119,12.3310,18.8730,1.1831,0.9895,1.4067,1.2343
53,2016-10-19,43,6-11,18.0000,18.1049,14.7073,22.1749,1.4212,1.2094,1.6725,1.4353
53,2016-10-19,43,12-17,9.1429,9.6763,7.5976,12.4075,1.2675,1.0772,1.4901,1.2072
53,2016-10-19,43,18-44,44.5714,47.4977,40.0387,56.4715,0.7852,0.6749,0.9119,0.7678
53,2016-10-19,43,45-64,40.1429,43.8021,36.5745,52.0740,0.8330,0.7113,0.9759,0.8051
53,2016-10-19,43,65+,29.2857,30.5599,25.4743,36.7901,0.9279,0.7841,1.1007,0.9241
54,2016-10-20,43,0-5,15.0000,15.2192,12.2804,18.8470,1.2041,1.0109,1.4398,1.1896
54,2016-10-20,43,6-11,18.7143,18.0908,14.6198,22.0741,1.4482,1.2317,1.6915,1.4603
54,2016-10-20,43,12-17,9.1429,9.7734,7.7257,12.4985,1.3170,1.1185,1.5473,1.2209
54,2016-10-20,43,18-44,44.2857,47.1730,39.7130,56.1800,0.8122,0.6989,0.9425,0.7708
54,2016-10-20,43,45-64,40.2857,43.1391,36.2386,51.5131,0.8641,0.7377,1.0094,0.8146
54,2016-10-20,43,65+,28.8571,29.4231,24.4571,35.5296,0.9553,0.8066,1.1285,0.9339
55,2016-10-21,43,0-5,15.2857,15.0477,12.1073,18.8255,1.2254,1.0313,1.4574,1.2177
55,2016-10-21,43,6-11,19.1429,18.0043,14.5440,21.9407,1.4685,1.2531,1.7169,1.4968
55,2016-10-21,43,12-17,9.4286,9.8638,7.7956,12.5693,1.3642,1.1656,1.6104,1.2724
55,2016-10-21,43,18-44,45.0000,47.2196,39.5244,56.0358,0.8375,0.7212,0.9723,0.7992
55,2016-10-21,43,45-64,42.2857,42.9403,36.1135,51.6210,0.8947,0.7651,1.0460,0.8516
55,2016-10-21,43,65+,29.1429,28.4519,23.5014,34.3648,0.9868,0.8342,1.1632,0.9721
56,2016-10-22,43,0-5,15.0000,14.8745,11.9311,18.5892,1.2450,1.0451,1.4815,1.2350
56,2016-10-22,43,6-11,18.4286,17.8130,14.3154,21.7616,1.4819,1.2652,1.7353,1.4994
56,2016-10-22,43,12-17,10.1429,10.0287,7.8842,12.7373,1.4039,1.1949,1.6469,1.3507
56,2016-10-22,43,18-44,48.2857,47.4656,39.7547,56.0967,0.8562,0.7352,0.9952,0.8344
56,2016-10-22,43,45-64,45.2857,43.0558,35.9123,51.5500,0.9179,0.7832,1.0742,0.8900
56,2016-10-22,43,65+,26.7143,27.6286,22.8114,33.4936,1.0099,0.8548,1.1920,0.9726
57,2016-10-23,44,0-5,14.5714,14.7272,11.8077,18.4223,1.2619,1.0598,1.5074,1.2218
57,2016-10-23,44,6-11,17.5714,17.5361,14.2321,21.5807,1.4891,1.2729,1.7451,1.4697
57,2016-10-23,44,12-17,11.2857,10.2062,8.0763,13.0707,1.4408,1.2229,1.6846,1.4027
57,2016-10-23,44,18-44,49.5714,47.9301,40.1456,56.8520,0.8718,0.7499,1.0139,0.8365
57,2016-10-23,44,45-64,44.7143,43.4889,36.2676,51.8315,0.9373,0.7994,1.0948,0.8916
57,2016-10-23,44,65+,26.1429,27.0949,22.2463,32.7509,1.0321,0.8734,1.2213,0.9681
58,2016-10-24,44,0-5,14.0000,14.6334,11.7188,18.2616,1.2795,1.0750,1.5207,1.2080
58,2016-10-24,44,6-11,18.2857,17.2432,14.0479,21.3999,1.5008,1.2807,1.7568,1.4957
58,2016-10-24,44,12-17,10.5714,10.5463,8.3801,13.4629,1.4670,1.2512,1.7216,1.3597
58,2016-10-24,44,18-44,50.5714,48.7360,41.0807,58.0229,0.8847,0.7627,1.0284,0.8401
58,2016-10-24,44,45-64,45.4286,44.0152,36.7378,52.6535,0.9530,0.8160,1.1124,0.8940
58,2016-10-24,44,65+,25.5714,26.9316,22.1294,32.6627,1.0552,0.8929,1.2475,0.9675
59,2016-10-25,44,0-5,13.5714,14.6301,11.6736,18.3619,1.2978,1.0924,1.5402,1.1936
59,2016-10-25,44,6-11,18.0000,17.0013,13.7900,21.2225,1.5145,1.2960,1.7746,1.4826
59,2016-10-25,44,12-17,11.4286,10.9972,8.6302,13.9652,1.4977,1.2745,1.7580,1.3858
59,2016-10-25,44,18-44,51.2857,49.6774,41.8512,59.2788,0.8989,0.7727,1.0460,0.8362
59,2016-10-25,44,45-64,44.7143,44.7845,37.4820,53.4461,0.9690,0.8284,1.1343,0.8876
59,2016-10-25,44,65+,25.0000,27.0201,22.3887,33.0194,1.0782,0.9103,1.2717,0.9569
60,2016-10-26,44,0-5,13.8571,14.7034,11.7367,18.3617,1.3131,1.1080,1.5611,1.2122
60,2016-10-26,44,6-11,16.5714,16.8071,13.5391,20.9567,1.5304,1.3106,1.7820,1.4470
60,2016-10-26,44,12-17,12.7143,11.5236,9.1094,14.5694,1.5235,1.2985,1.7886,1.4520
60,2016-10-26,44,18-44,51.1429,50.8349,42.8123,60.6293,0.9096,0.7834,1.0566,0.8505
60,2016-10-26,44,45-64,46.0000,45.8858,38.2856,54.3822,0.9812,0.8408,1.1441,0.9182
60,2016-10-26,44,65+,28.2857,27.5687,22.7221,33.6452,1.0914,0.9247,1.2874,1.0239
61,2016-10-27,44,0-5,15.0000,14.8850,11.9068,18.6061,1.3241,1.1184,1.5736,1.2654
61,2016-10-27,44,6-11,15.8571,16.6870,13.5025,20.8752,1.5506,1.3267,1.8092,1.4367
61,2016-10-27,44,12-17,13.1429,12.1331,9.5212,15.4306,1.5555,1.3258,1.8241,1.4604
61,2016-10-27,44,18-44,51.7143,52.1232,43.8439,62.1597,0.9203,0.7944,1.0700,0.8606
61,2016-10-27,44,45-64,46.8571,47.0913,39.3189,55.9044,0.9924,0.8502,1.1560,0.9279
61,2016-10-27,44,65+,29.1429,28.2811,23.4027,34.4022,1.0976,0.9335,1.2921,1.0409
62,2016-10-28,44,0-5,14.7143,15.1226,12.0579,18.9328,1.3385,1.1268,1.5812,1.2592
62,2016-10-28,44,6-11,15.2857,16.6825,13.5274,20.9187,1.5681,1.3461,1.8333,1.4302
62,2016-10-28,44,12-17,13.5714,12.8319,10.0868,16.2044,1.5912,1.3588,1.8627,1.4679
62,2016-10-28,44,18-44,53.2857,53.6386,45.0440,63.6426,0.9308,0.8025,1.0817,0.8666
62,2016-10-28,44,45-64,47.8571,48.5494,40.4604,57.6844,0.9996,0.8578,1.1666,0.9337
62,2016-10-28,44,65+,29.1429,29.1409,24.0447,35.2320,1.0994,0.9354,1.2902,1.0402
63,2016-10-29,44,0-5,16.1429,15.4313,12.3708,19.2085,1.3416,1.1296,1.5949,1.3221
63,2016-10-29,44,6-11,15.5714,16.7870,13.6357,20.9770,1.5864,1.3615,1.8543,1.4645
63,2016-10-29,44,12-17,13.2857,13.6727,10.8196,17.2253,1.6370,1.3994,1.9153,1.4511
63,2016-10-29,44,18-44,53.8571,55.3095,46.4944,65.6325,0.9382,0.8093,1.0923,0.8842
63,2016-10-29,44,45-64,49.2857,50.0527,42.0133,59.6445,1.0038,0.8619,1.1655,0.9539
63,2016-10-29,44,65+,32.1429,29.9900,24.8458,36.0243,1.0914,0.9296,1.2855,1.0898
64,2016-10-30,45,0-5,15.8571,15.6850,12.5620,19.4490,1.3388,1.1286,1.5901,1.3290
64,2016-10-30,45,6-11,17.5714,17.0300,13.8200,21.3203,1.5986,1.3692,1.8682,1.5700
64,2016-10-30,45,12-17,13.2857,14.7641,11.6682,18.6527,1.6922,1.4434,1.9851,1.4719
64,2016-10-30,45,18-44,56.8571,57.3435,48.4017,67.8808,0.9424,0.8132,1.0954,0.9141
64,2016-10-30,45,45-64,52.4286,51.6635,43.5305,61.4520,1.0021,0.8630,1.1665,0.9847
64,2016-10-30,45,65+,33.0000,30.6080,25.2575,36.7025,1.0764,0.9177,1.2651,1.1140
65,2016-10-31,45,0-5,16.7143,15.8762,12.8566,19.6836,1.3337,1.1249,1.5763,1.3527
65,2016-10-31,45,6-11,17.5714,17.3384,14.0474,21.5331,1.6027,1.3789,1.8684,1.5731
65,2016-10-31,45,12-17,15.4286,16.1724,12.8384,20.2747,1.7545,1.4898,2.0459,1.5549
65,2016-10-31,45,18-44,58.8571,59.7904,50.2208,70.9815,0.9406,0.8100,1.0923,0.9221
65,2016-10-31,45,45-64,54.2857,53.2991,45.0157,63.2729,0.9934,0.8534,1.1548,0.9885
65,2016-10-31,45,65+,32.0000,30.9569,25.7151,37.2350,1.0553,0.9017,1.2415,1.0902
66,2016-11-01,45,0-5,16.8571,16.0706,12.9779,19.9575,1.3254,1.1148,1.5716,1.3776
66,2016-11-01,45,6-11,18.7143,17.6919,14.2977,22.0367,1.6142,1.3803,1.8912,1.6419
66,2016-11-01,45,12-17,18.4286,18.1001,14.5463,22.5485,1.8147,1.5452,2.1174,1.6784
66,2016-11-01,45,18-44,65.0000,62.6207,52.3673,74.3401,0.9379,0.8059,1.0906,0.9548
66,2016-11-01,45,45-64,55.5714,54.4251,46.0840,64.6899,0.9839,0.8463,1.1411,1.0111
66,2016-11-01,45,65+,31.8571,31.2279,26.0047,37.7556,1.0381,0.8847,1.2193,1.0902
67,2016-11-02,45,0-5,16.8571,16.2816,13.1695,20.2068,1.3180,1.1111,1.5610,1.3497
67,2016-11-02,45,6-11,18.1429,18.1714,14.7582,22.4246,1.6251,1.3932,1.8984,1.5935
67,2016-11-02,45,12-17,20.2857,20.6537,16.7803,25.5939,1.8747,1.5971,2.2043,1.7022
67,2016-11-02,45,18-44,66.8571,65.5464,54.8724,77.8465,0.9317,0.8038,1.0816,0.9461
67,2016-11-02,45,45-64,58.4286,55.2617,46.6209,65.8002,0.9689,0.8345,1.1264,1.0057
67,2016-11-02,45,65+,30.8571,31.5170,26.0771,37.8594,1.0141,0.8664,1.1895,1.0636
68,2016-11-03,45,0-5,17.0000,16.4531,13.3168,20.5152,1.3138,1.1103,1.5531,1.3285
68,2016-11-03,45,6-11,19.4286,18.8892,15.2710,23.1987,1.6483,1.4130,1.9141,1.6034
68,2016-11-03,45,12-17,22.0000,24.0522,19.4409,29.5227,1.9217,1.6427,2.2478,1.6899
68,2016-11-03,45,18-44,68.4286,68.8742,57.7975,81.9461,0.9237,0.7959,1.0715,0.9284
68,2016-11-03,45,45-64,58.0000,55.7884,46.9247,66.2937,0.9514,0.8218,1.1021,0.9800
68,2016-11-03,45,65+,30.7143,31.6800,26.2600,38.2253,0.9917,0.8456,1.1690,1.0348
69,2016-11-04,45,0-5,16.8571,16.7692,13.4875,20.8490,1.3186,1.1149,1.5621,1.3361
69,2016-11-04,45,6-11,19.8571,19.8383,15.9555,24.4637,1.6670,1.4410,1.9532,1.6361
69,2016-11-04,45,12-17,29.2857,28.2848,22.8859,34.1064,1.9638,1.6695,2.3015,1.8963
69,2016-11-04,45,18-44,74.4286,72.3405,60.9368,86.3255,0.9150,0.7938,1.0651,0.9553
69,2016-11-04,45,45-64,57.8571,55.8449,46.9367,66.4649,0.9343,0.8093,1.0824,1.0055
69,2016-11-04,45,65+,33.1429,31.8954,26.3900,38.4612,0.9730,0.8297,1.1423,1.0664
70,2016-11-05,45,0-5,16.1429,17.1774,13.8558,21.4191,1.3269,1.1216,1.5732,1.2755
70,2016-11-05,45,6-11,21.5714,21.0853,16.9414,25.7208,1.7040,1.4628,1.9914,1.6400
70,2016-11-05,45,12-17,36.1429,33.4164,27.4186,40.0422,1.9978,1.6904,2.3471,1.9765
70,2016-11-05,45,18-44,75.0000,75.8608,63.8728,90.3872,0.9115,0.7868,1.0558,0.9244
70,2016-11-05,45,45-64,56.2857,55.5319,46.7557,66.3573,0.9209,0.7959,1.0625,0.9670
70,2016-11-05,45,65+,31.4286,32.1065,26.6289,38.8036,0.9573,0.8170,1.1231,1.0071
71,2016-11-06,46,0-5,17.4286,17.7091,14.2866,22.0357,1.3439,1.1389,1.5956,1.3033
71,2016-11-06,46,6-11,21.4286,22.7287,18.3779,27.8965,1.7520,1.5020,2.0423,1.5990
71,2016-11-06,46,12-17,40.5714,39.4928,32.6756,46.9732,2.0289,1.7109,2.3959,1.9433
71,2016-11-06,46,18-44,78.7143,79.6729,67.1464,94.7458,0.9083,0.7843,1.0528,0.9099
71,2016-11-06,46,45-64,54.4286,55.1083,46.3602,66.1952,0.9078,0.7858,1.0460,0.9363
71,2016-11-06,46,65+,30.8571,32.3424,26.7860,39.3719,0.9431,0.8034,1.1022,0.9709
72,2016-11-07,46,0-5,17.7143,18.4449,14.8005,22.7681,1.3644,1.1505,1.6115,1.3090
72,2016-11-07,46,6-11,23.2857,24.9519,20.3458,30.4484,1.8093,1.5520,2.1137,1.6344
72,2016-11-07,46,12-17,45.8571,46.4373,38.9183,55.2157,2.0558,1.7401,2.4630,1.9462
72,2016-11-07,46,18-44,82.8571,83.5513,70.4177,98.6128,0.9068,0.7836,1.0495,0.9139
72,2016-11-07,46,45-64,54.7143,54.7628,45.8520,65.7862,0.8972,0.7785,1.0345,0.9350
72,2016-11-07,46,65+,32.2857,32.7369,27.1535,39.7225,0.9302,0.7933,1.0861,0.9788
73,2016-11-08,46,0-5,18.5714,19.4188,15.6388,23.9291,1.3929,1.1750,1.6506,1.3238
73,2016-11-08,46,6-11,26.5714,27.9796,22.9993,34.0198,1.8756,1.6091,2.1888,1.6982
73,2016-11-08,46,12-17,53.8571,54.8556,46.1116,65.3783,2.0893,1.7744,2.4813,1.9892
73,2016-11-08,46,18-44,85.8571,87.3667,74.2771,102.8638,0.9073,0.7827,1.0479,0.9137
73,2016-11-08,46,45-64,53.7143,54.6733,45.9626,65.1590,0.8877,0.7698,1.0222,0.9276
73,2016-11-08,46,65+,34.2857,33.2462,27.6211,40.1814,0.9140,0.7816,1.0689,0.9856
74,2016-11-09,46,0-5,20.1429,20.7029,16.7518,25.4773,1.4201,1.2022,1.6837,1.3712
74,2016-11-09,46,6-11,31.1429,31.9093,26.1718,38.6454,1.9361,1.6473,2.2666,1.7945
74,2016-11-09,46,12-17,63.1429,64.7035,54.6987,77.0907,2.1140,1.7950,2.4999,2.0422
74,2016-11-09,46,18-44,92.0000,91.2890,77.2848,107.0970,0.9011,0.7839,1.0452,0.9294
74,2016-11-09,46,45-64,53.8571,54.6649,46.1546,65.2598,0.8737,0.7609,1.0050,0.9301
74,2016-11-09,46,65+,35.2857,33.5814,27.9075,40.6462,0.8964,0.7665,1.0458,0.9864
75,2016-11-10,46,0-5,20.5714,22.3438,18.1325,27.4642,1.4476,1.2234,1.7194,1.3459
75,2016-11-10,46,6-11,35.0000,37.0449,30.5687,44.5913,1.9957,1.7043,2.3424,1.8076
75,2016-11-10,46,12-17,70.8571,76.2337,64.1175,90.5942,2.1171,1.7921,2.5166,2.0136
75,2016-11-10,46,18-44,95.5714,95.4008,80.7621,112.0906,0.8954,0.7766,1.0347,0.9121
75,2016-11-10,46,45-64,54.5714,55.2023,46.3186,65.8328,0.8585,0.7470,0.9875,0.9073
75,2016-11-10,46,65+,35.2857,33.9166,28.2177,40.8837,0.8756,0.7506,1.0255,0.9581
76,2016-11-11,46,0-5,24.1429,24.5009,19.9922,30.0566,1.4682,1.2378,1.7390,1.4224
76,2016-11-11,46,6-11,45.5714,43.5502,36.1214,52.6465,2.0367,1.7371,2.3938,1.9836
76,2016-11-11,46,12-17,93.8571,89.5769,75.5889,106.1092,2.0961,1.7745,2.4845,2.2118
76,2016-11-11,46,18-44,100.0000,99.6770,84.5698,117.6528,0.8832,0.7687,1.0224,0.9222
76,2016-11-11,46,45-64,53.0000,56.0523,46.9506,67.1207,0.8388,0.7304,0.9646,0.8965
76,2016-11-11,46,65+,34.2857,34.2692,28.5767,40.9857,0.8515,0.7296,0.9961,0.9241
77,2016-11-12,46,0-5,27.5714,27.1722,22.2622,33.4484,1.4794,1.2471,1.7491,1.4751
77,2016-11-12,46,6-11,53.7143,51.8363,43.0240,62.2977,2.0677,1.7612,2.4229,2.0390
77,2016-11-12,46,12-17,112.4286,104.5540,88.4007,123.3024,2.0515,1.7358,2.4284,2.2569
77,2016-11-12,46,18-44,108.0000,104.2313,88.1163,122.8692,0.8662,0.7564,0.9988,0.9322
77,2016-11-12,46,45-64,56.1429,57.3620,47.9390,68.6412,0.8137,0.7111,0.9331,0.8990
77,2016-11-12,46,65+,35.2857,34.6975,28.9179,41.5070,0.8228,0.7074,0.9578,0.9211
78,2016-11-13,47,0-5,30.2857,30.4977,24.9500,37.3996,1.4798,1.2502,1.7554,1.4531
78,2016-11-13,47,6-11,60.4286,62.3464,51.9650,74.5408,2.0865,1.7725,2.4644,1.9787
78,2016-11-13,47,12-17,120.0000,120.8434,102.8542,142.3434,2.0001,1.6900,2.3822,2.0943
78,2016-11-13,47,18-44,112.4286,109.9292,92.8173,129.7022,0.8457,0.7385,0.9702,0.8983
78,2016-11-13,47,45-64,60.2857,59.6448,49.9522,71.1247,0.7861,0.6868,0.8988,0.8649
78,2016-11-13,47,65+,36.1429,35.1316,29.1169,42.2928,0.7917,0.6829,0.9224,0.8924
79,2016-11-14,47,0-5,35.0000,34.6730,28.4589,42.2882,1.4736,1.2406,1.7479,1.4758
79,2016-11-14,47,6-11,72.7143,75.4422,63.5785,90.2934,2.1037,1.7940,2.4838,2.0108
79,2016-11-14,47,12-17,133.5714,138.1583,118.4764,163.7178,1.9502,1.6443,2.3108,2.0295
79,2016-11-14,47,18-44,117.1429,116.8485,99.1164,137.9532,0.8247,0.7231,0.9473,0.8794
79,2016-11-14,47,45-64,63.8571,62.5498,52.6927,74.4838,0.7602,0.6658,0.8697,0.8391
79,2016-11-14,47,65+,36.7143,35.7361,29.7181,43.2337,0.7639,0.6581,0.8887,0.8645
80,2016-11-15,47,0-5,42.1429,39.4470,32.5133,47.9743,1.4515,1.2294,1.7167,1.5611
80,2016-11-15,47,6-11,92.8571,91.7031,77.6510,108.7279,2.1037,1.7973,2.4706,2.1568
80,2016-11-15,47,12-17,164.2857,156.5986,133.3883,185.0847,1.8890,1.5899,2.2374,2.1450
80,2016-11-15,47,18-44,128.8571,124.3550,105.8400,147.2190,0.7987,0.6995,0.9153,0.9009
80,2016-11-15,47,45-64,69.0000,66.1959,55.3065,78.7858,0.7292,0.6389,0.8331,0.8453
80,2016-11-15,47,65+,35.8571,36.6302,30.5803,44.2296,0.7324,0.6329,0.8523,0.8444
81,2016-11-16,47,0-5,46.7143,44.8895,37.0810,54.1753,1.4288,1.2062,1.6892,1.5263
81,2016-11-16,47,6-11,112.5714,111.0939,94.1261,131.4833,2.0905,1.7666,2.4653,2.1673
81,2016-11-16,47,12-17,187.1429,175.8770,149.8789,209.0831,1.8336,1.5349,2.1840,2.1001
81,2016-11-16,47,18-44,136.4286,133.0638,113.5142,157.0089,0.7738,0.6789,0.8861,0.8711
81,2016-11-16,47,45-64,70.2857,69.6311,58.4425,82.7618,0.7019,0.6142,0.8024,0.8113
81,2016-11-16,47,65+,38.0000,37.6294,31.5695,45.4746,0.7050,0.6080,0.8204,0.8178
82,2016-11-17,47,0-5,51.8571,50.9539,42.4222,61.0283,1.4066,1.1873,1.6709,1.4689
82,2016-11-17,47,6-11,132.1429,134.3787,113.8610,158.8905,2.0598,1.7529,2.4408,2.0983
82,2016-11-17,47,12-17,194.2857,195.9611,167.5208,233.3969,1.7967,1.5138,2.1374,1.9176
82,2016-11-17,47,18-44,140.1429,142.5864,121.9140,169.0672,0.7528,0.6612,0.8615,0.8159
82,2016-11-17,47,45-64,72.0000,73.5544,61.9660,87.3675,0.6790,0.5956,0.7743,0.7529
82,2016-11-17,47,65+,38.5714,39.0872,32.7641,47.1947,0.6801,0.5869,0.7864,0.7645
83,2016-11-18,47,0-5,59.4286,57.8154,48.6731,69.2341,1.3975,1.1787,1.6633,1.5011
83,2016-11-18,47,6-11,175.0000,161.5187,138.1636,189.1792,2.0419,1.7294,2.4154,2.2711
83,2016-11-18,47,12-17,222.5714,217.6440,185.9806,255.0951,1.7789,1.5016,2.1082,1.9554
83,2016-11-18,47,18-44,154.7143,153.9474,131.9989,182.2604,0.7370,0.6472,0.8405,0.8326
83,2016-11-18,47,45-64,79.5714,77.8818,65.7768,92.4855,0.6603,0.5793,0.7519,0.7618
83,2016-11-18,47,65+,41.1429,40.8051,34.0948,49.1424,0.6563,0.5676,0.7624,0.7699
84,2016-11-19,47,0-5,66.2857,65.7824,55.5627,79.0360,1.3987,1.1809,1.6551,1.4619
84,2016-11-19,47,6-11,199.0000,191.8212,165.1222,225.9560,2.0220,1.7110,2.3927,2.1628
84,2016-11-19,47,12-17,235.0000,241.2111,206.2225,282.1659,1.7843,1.5088,2.1273,1.8475
84,2016-11-19,47,18-44,166.5714,167.1587,142.9954,197.2191,0.7251,0.6369,0.8263,0.7975
84,2016-11-19,47,45-64,82.8571,82.6277,69.8896,97.9251,0.6463,0.5674,0.7351,0.7274
84,2016-11-19,47,65+,43.8571,42.7431,35.7341,51.0835,0.6374,0.5528,0.7367,0.7419
85,2016-11-20,48,0-5,74.8571,75.2245,63.9821,90.2920,1.4080,1.1867,1.6694,1.4392
85,2016-11-20,48,6-11,227.4286,226.2812,194.7645,266.6964,2.0321,1.7215,2.3991,2.0888
85,2016-11-20,48,12-17,259.1429,268.5718,230.6663,315.9905,1.8155,1.5186,2.1738,1.8139
85,2016-11-20,48,18-44,179.1429,181.7926,156.2608,213.8341,0.7207,0.6333,0.8190,0.7710
85,2016-11-20,48,45-64,86.2857,87.7487,74.2619,104.0166,0.6390,0.5618,0.7271,0.6998
85,2016-11-20,48,65+,45.4286,44.8176,37.2422,53.7548,0.6232,0.5416,0.7191,0.7101
86,2016-11-21,48,0-5,85.4286,86.4204,72.8937,103.3628,1.4366,1.2085,1.7034,1.4452
86,2016-11-21,48,6-11,264.1429,266.7315,230.1569,313.5965,2.0649,1.7553,2.4506,2.0768
86,2016-11-21,48,12-17,297.8571,301.9760,260.8783,354.9876,1.8598,1.5630,2.2161,1.8494
86,2016-11-21,48,18-44,198.7143,199.6097,168.9804,234.7124,0.7243,0.6405,0.8254,0.7637
86,2016-11-21,48,45-64,89.0000,93.4896,78.7855,109.8959,0.6385,0.5639,0.7268,0.6867
86,2016-11-21,48,65+,47.1429,47.0205,39.4025,56.5854,0.6152,0.5354,0.7091,0.6884
87,2016-11-22,48,0-5,98.7143,100.0068,84.4349,118.7192,1.4818,1.2414,1.7610,1.4566
87,2016-11-22,48,6-11,312.5714,314.4407,271.8207,369.3351,2.1197,1.7943,2.5053,2.0964
87,2016-11-22,48,12-17,346.1429,343.4315,295.5699,404.5605,1.9372,1.6272,2.3117,1.8992
87,2016-11-22,48,18-44,214.4286,219.0816,185.7659,256.7431,0.7393,0.6511,0.8407,0.7594
87,2016-11-22,48,45-64,97.2857,99.7154,84.0209,117.3929,0.6475,0.5701,0.7360,0.6827
87,2016-11-22,48,65+,50.5714,49.2927,41.4459,59.1874,0.6140,0.5351,0.7057,0.6809
88,2016-11-23,48,0-5,111.2857,116.6835,98.6931,138.7564,1.5312,1.2916,1.8259,1.4420
88,2016-11-23,48,6-11,366.2857,373.0268,321.6613,436.6315,2.1949,1.8660,2.6064,2.0946
88,2016-11-23,48,12-17,394.4286,398.1568,340.2720,465.2543,2.0327,1.6948,2.4002,1.9049
88,2016-11-23,48,18-44,235.8571,242.5862,206.2011,284.0525,0.7585,0.6690,0.8635,0.7477
88,2016-11-23,48,45-64,105.7143,107.1368,90.6596,126.4782,0.6610,0.5820,0.7517,0.6679
88,2016-11-23,48,65+,50.8571,51.7523,43.2147,62.6198,0.6175,0.5374,0.7125,0.6516
89,2016-11-24,48,0-5,126.8571,137.4591,115.7139,162.5322,1.5875,1.3448,1.8787,1.4201
89,2016-11-24,48,6-11,412.0000,448.1800,384.5842,520.7669,2.2748,1.9285,2.6874,2.0201
89,2016-11-24,48,12-17,429.8571,469.1170,401.9225,548.4995,2.1285,1.7820,2.5239,1.8291
89,2016-11-24,48,18-44,252.8571,272.0064,231.4873,321.0066,0.7818,0.6903,0.8858,0.7179
89,2016-11-24,48,45-64,112.1429,117.0549,98.5246,138.3311,0.6774,0.5980,0.7666,0.6365
89,2016-11-24,48,65+,52.1429,54.7765,45.5096,65.8903,0.6238,0.5460,0.7151,0.6164
90,2016-11-25,48,0-5,167.2857,162.8494,137.4751,193.0540,1.6362,1.3795,1.9361,1.6105
90,2016-11-25,48,6-11,555.0000,543.8051,464.5347,631.9015,2.3365,1.9807,2.7585,2.3065
90,2016-11-25,48,12-17,561.5714,563.0971,482.2264,658.3006,2.2097,1.8525,2.6536,2.0783
90,2016-11-25,48,18-44,300.8571,309.2002,264.6301,365.8994,0.8019,0.7083,0.9081,0.7869
90,2016-11-25,48,45-64,129.7143,129.0330,108.7753,153.1081,0.6916,0.6108,0.7832,0.6860
90,2016-11-25,48,65+,57.5714,58.3360,48.6507,69.8617,0.6279,0.5501,0.7182,0.6493
91,2016-11-26,48,0-5,201.2857,194.2595,164.0865,230.1727,1.6504,1.3982,1.9578,1.6442
91,2016-11-26,48,6-11,676.5714,659.9624,565.8225,773.1845,2.3808,2.0164,2.8026,2.3489
91,2016-11-26,48,12-17,688.5714,682.8591,585.7367,799.7554,2.2772,1.9147,2.6996,2.1544
91,2016-11-26,48,18-44,356.2857,357.3453,303.9614,421.7319,0.8118,0.7171,0.9223,0.7940
91,2016-11-26,48,45-64,140.5714,144.6425,122.5746,171.2666,0.6987,0.6177,0.7911,0.6820
91,2016-11-26,48,65+,59.0000,62.7852,52.2644,75.0633,0.6273,0.5512,0.7144,0.6268
92,2016-11-27,49,0-5,237.4286,231.8521,197.8195,275.3691,1.6554,1.4000,1.9549,1.6334
92,2016-11-27,49,6-11,783.1429,809.1653,693.6607,949.9194,2.4067,2.0340,2.8278,2.2820
92,2016-11-27,49,12-17,813.7143,843.8746,715.9287,994.9482,2.3157,1.9524,2.7639,2.1434
92,2016-11-27,49,18-44,427.4286,421.0170,356.9181,494.4544,0.8149,0.7219,0.9226,0.7913
92,2016-11-27,49,45-64,164.5714,165.0877,139.4891,196.1278,0.6990,0.6191,0.7894,0.6817
92,2016-11-27,49,65+,67.4286,68.8832,57.6526,82.1911,0.6198,0.5465,0.7026,0.6251
93,2016-11-28,49,0-5,285.0000,278.8164,239.2678,329.1514,1.6411,1.3910,1.9474,1.6634
93,2016-11-28,49,6-11,972.5714,994.8550,850.6789,1166.9380,2.4100,2.0388,2.8335,2.3643
93,2016-11-28,49,12-17,1049.0000,1048.8624,894.7839,1233.0543,2.3153,1.9319,2.7582,2.2890
93,2016-11-28,49,18-44,524.1429,504.6698,432.0906,595.3641,0.8067,0.7122,0.9143,0.8205
93,2016-11-28,49,45-64,197.1429,191.7493,163.3308,225.8030,0.6891,0.6091,0.7799,0.7122
93,2016-11-28,49,65+,85.2857,76.6773,64.7818,91.2327,0.6048,0.5318,0.6865,0.6586
94,2016-11-29,49,0-5,341.4286,336.9097,287.9136,394.5283,1.6249,1.3761,1.9183,1.6800
94,2016-11-29,49,6-11,1251.7143,1232.0785,1050.2566,1448.0041,2.3908,2.0292,2.8115,2.4825
94,2016-11-29,49,12-17,1370.4286,1308.4645,1115.6217,1543.6235,2.2622,1.8972,2.7104,2.4274
94,2016-11-29,49,18-44,641.5714,608.4956,519.0203,720.1253,0.7915,0.6994,0.8960,0.8422
94,2016-11-29,49,45-64,243.1429,226.4065,192.3857,267.9091,0.6713,0.5937,0.7589,0.7297
94,2016-11-29,49,65+,93.0000,86.6039,73.3278,102.8428,0.5834,0.5159,0.6600,0.6541
95,2016-11-30,49,0-5,416.0000,408.0668,346.4953,476.5439,1.6121,1.3614,1.9035,1.6708
95,2016-11-30,49,6-11,1550.4286,1524.1959,1306.1359,1788.1706,2.3583,2.0114,2.8037,2.4665
95,2016-11-30,49,12-17,1676.1429,1620.8280,1380.3877,1895.3216,2.2094,1.8357,2.6291,2.3707
95,2016-11-30,49,18-44,755.7143,738.0724,627.6862,868.4243,0.7771,0.6893,0.8781,0.8193
95,2016-11-30,49,45-64,279.4286,270.5614,230.2938,321.8087,0.6553,0.5806,0.7397,0.7002
95,2016-11-30,49,65+,100.1429,98.8174,83.1504,117.1730,0.5648,0.5005,0.6391,0.6162
96,2016-12-01,49,0-5,475.8571,496.7543,423.4059,581.5469,1.5987,1.3564,1.8925,1.5570
96,2016-12-01,49,6-11,1772.0000,1880.9928,1622.4799,2211.8264,2.3296,1.9702,2.7648,2.2663
96,2016-12-01,49,12-17,1850.5714,1986.9708,1702.3817,2318.1261,2.1508,1.7911,2.5558,2.1135
96,2016-12-01,49,18-44,843.8571,901.4067,766.3855,1059.4764,0.7639,0.6761,0.8630,0.7467
96,2016-12-01,49,45-64,303.8571,327.2714,278.1519,386.9733,0.6405,0.5675,0.7223,0.6313
96,2016-12-01,49,65+,109.4286,113.7613,96.2531,134.0711,0.5494,0.4869,0.6203,0.5571
97,2016-12-02,49,0-5,613.0000,605.3559,514.9268,711.2339,1.5763,1.3319,1.8582,1.6966
97,2016-12-02,49,6-11,2451.0000,2316.2416,2000.8276,2712.5484,2.2702,1.9268,2.7035,2.5581
97,2016-12-02,49,12-17,2524.0000,2418.1116,2077.1804,2811.1399,2.0734,1.7326,2.4916,2.3758
97,2016-12-02,49,18-44,1110.5714,1099.3608,941.9054,1290.4759,0.7465,0.6611,0.8458,0.8246
97,2016-12-02,49,45-64,398.7143,398.4884,340.3158,469.0824,0.6242,0.5530,0.7059,0.6960
97,2016-12-02,49,65+,134.2857,131.9511,112.6677,156.5106,0.5342,0.4737,0.6032,0.6043
98,2016-12-03,49,0-5,746.4286,734.9286,630.3631,865.7489,1.5534,1.3152,1.8315,1.6785
98,2016-12-03,49,6-11,2933.8571,2825.0273,2443.0381,3303.0237,2.2013,1.8678,2.6218,2.4666
98,2016-12-03,49,12-17,2968.0000,2895.4193,2488.9737,3360.7639,1.9991,1.6645,2.3988,2.2716
98,2016-12-03,49,18-44,1350.2857,1335.8004,1144.6871,1566.5592,0.7277,0.6449,0.8240,0.8039
98,2016-12-03,49,45-64,478.7143,482.9508,410.0461,567.5501,0.6076,0.5380,0.6870,0.6743
98,2016-12-03,49,65+,150.8571,153.1579,129.7815,180.5637,0.5210,0.4618,0.5886,0.5798
99,2016-12-04,50,0-5,895.1429,896.9379,770.9608,1049.0980,1.5391,1.2982,1.8164,1.6382
99,2016-12-04,50,6-11,3347.4286,3415.0251,2940.6403,3988.2650,2.1416,1.8152,2.5239,2.3084
99,2016-12-04,50,12-17,3382.8571,3424.7422,2957.2493,3961.2345,1.9269,1.6168,2.3181,2.1340
99,2016-12-04,50,18-44,1650.0000,1613.2980,1381.2465,1885.3631,0.7107,0.6303,0.8042,0.7783
99,2016-12-04,50,45-64,585.7143,585.1677,498.5785,683.2639,0.5928,0.5248,0.6698,0.6528
99,2016-12-04,50,65+,171.8571,179.3267,151.6060,212.2655,0.5102,0.4523,0.5763,0.5583
100,2016-12-05,50,0-5,1074.8571,1093.1087,942.5416,1277.3342,1.5261,1.2905,1.8160,1.6109
100,2016-12-05,50,6-11,3960.0000,4078.8972,3532.0838,4776.4512,2.0907,1.7806,2.4907,2.2515
100,2016-12-05,50,12-17,3939.4286,3998.3415,3439.3555,4636.1946,1.8651,1.5550,2.2213,2.0732
100,2016-12-05,50,18-44,1937.4286,1939.5484,1650.8375,2264.0788,0.6972,0.6182,0.7879,0.7607
100,2016-12-05,50,45-64,707.8571,705.0717,598.4377,828.0524,0.5808,0.5143,0.6561,0.6389
100,2016-12-05,50,65+,200.2857,212.6612,179.3354,251.4488,0.5043,0.4472,0.5697,0.5459
101,2016-12-06,50,0-5,1348.0000,1329.6054,1145.3090,1553.2176,1.5167,1.2760,1.7993,1.6595
101,2016-12-06,50,6-11,4844.8571,4816.9324,4190.3024,5654.4912,2.0644,1.7444,2.4409,2.2937
101,2016-12-06,50,12-17,4683.2857,4612.4070,3984.7443,5360.7781,1.8007,1.5164,2.1378,2.0828
101,2016-12-06,50,18-44,2333.7143,2299.3064,1958.7718,2705.0677,0.6867,0.6067,0.7775,0.7725
101,2016-12-06,50,45-64,850.8571,843.3309,719.9664,988.5280,0.5716,0.5056,0.6458,0.6470
101,2016-12-06,50,65+,254.0000,252.4768,214.2070,297.2346,0.5007,0.4430,0.5657,0.5596
102,2016-12-07,50,0-5,1614.2857,1604.2170,1376.1395,1878.2514,1.5090,1.2686,1.7979,1.6291
102,2016-12-07,50,6-11,5726.4286,5662.5117,4922.8567,6658.7710,2.0237,1.7168,2.4131,2.2474
102,2016-12-07,50,12-17,5339.0000,5256.8500,4517.6323,6091.9482,1.7490,1.4586,2.0988,2.0107
102,2016-12-07,50,18-44,2690.7143,2694.4363,2306.8376,3158.3338,0.6806,0.6023,0.7715,0.7518
102,2016-12-07,50,45-64,994.0000,994.8246,853.2515,1164.5556,0.5676,0.5020,0.6424,0.6289
102,2016-12-07,50,65+,301.4286,300.3264,254.9560,355.6575,0.5017,0.4442,0.5666,0.5473
103,2016-12-08,50,0-5,1824.4286,1928.7373,1648.9728,2260.4453,1.5199,1.2746,1.8019,1.5088
103,2016-12-08,50,6-11,6292.5714,6602.5887,5723.0434,7776.9695,2.0055,1.6923,2.3776,2.0578
103,2016-12-08,50,12-17,5643.0000,5893.0136,5086.6541,6811.3526,1.7186,1.4371,2.0497,1.8137
103,2016-12-08,50,18-44,2890.7143,3141.0288,2706.2739,3663.7515,0.6836,0.6024,0.7755,0.6840
103,2016-12-08,50,45-64,1059.5714,1173.4845,1004.3478,1377.1818,0.5719,0.5045,0.6480,0.5683
103,2016-12-08,50,65+,319.0000,358.1230,303.2960,422.9364,0.5100,0.4509,0.5765,0.4935
104,2016-12-09,50,0-5,2350.7143,2304.0245,1981.4987,2703.1480,1.5136,1.2701,1.7899,1.6373
104,2016-12-09,50,6-11,7878.7143,7652.3511,6618.0178,8995.0007,1.9665,1.6651,2.3161,2.2056
104,2016-12-09,50,12-17,6597.8571,6559.1474,5682.1257,7640.7818,1.6824,1.4204,2.0073,1.8858
104,2016-12-09,50,18-44,3578.5714,3665.2245,3149.8643,4288.4027,0.6823,0.6033,0.7732,0.7350
104,2016-12-09,50,45-64,1349.5714,1383.1310,1186.6493,1611.1587,0.5740,0.5075,0.6506,0.6120
104,2016-12-09,50,65+,428.2857,428.7598,363.7902,503.9960,0.5164,0.4565,0.5843,0.5427
105,2016-12-10,50,0-5,2794.4286,2734.0235,2340.2413,3195.2414,1.5030,1.2683,1.7758,1.6303
105,2016-12-10,50,6-11,8942.4286,8777.2396,7604.2489,10293.6109,1.9274,1.6316,2.2870,2.1492
105,2016-12-10,50,12-17,7285.2857,7228.0712,6247.4628,8466.6728,1.6545,1.3888,1.9703,1.8431
105,2016-12-10,50,18-44,4247.5714,4260.2424,3651.2121,4973.5009,0.6797,0.6020,0.7690,0.7340
105,2016-12-10,50,45-64,1614.1429,1616.5286,1388.3358,1888.2065,0.5752,0.5088,0.6499,0.6148
105,2016-12-10,50,65+,517.0000,508.2629,435.3146,596.2560,0.5208,0.4600,0.5897,0.5494
106,2016-12-11,51,0-5,3237.1429,3225.6009,2775.2494,3752.8688,1.4874,1.2549,1.7677,1.5919
106,2016-12-11,51,6-11,9884.1429,9951.9377,8620.1238,11577.6164,1.8844,1.6008,2.2271,2.0599
106,2016-12-11,51,12-17,7889.7143,7916.3941,6864.9273,9220.7877,1.6202,1.3619,1.9316,1.7810
106,2016-12-11,51,18-44,4982.2857,4933.0498,4202.9624,5752.5432,0.6752,0.5972,0.7665,0.7241
106,2016-12-11,51,45-64,1923.1429,1882.3796,1617.0906,2212.8051,0.5744,0.5076,0.6507,0.6121
106,2016-12-11,51,65+,614.7143,600.3655,515.7452,703.5596,0.5240,0.4629,0.5944,0.5506
107,2016-12-12,51,0-5,3750.4286,3758.3061,3249.1714,4387.4069,1.4669,1.2311,1.7388,1.5698
107,2016-12-12,51,6-11,11098.7143,11170.7376,9636.4442,13034.9182,1.8412,1.5537,2.1740,2.0194
107,2016-12-12,51,12-17,8640.8571,8636.9690,7491.2791,10081.7306,1.5919,1.3376,1.9011,1.7488
107,2016-12-12,51,18-44,5786.1429,5686.8371,4844.7159,6637.7115,0.6692,0.5907,0.7599,0.7188
107,2016-12-12,51,45-64,2215.0000,2188.1743,1883.4583,2548.0862,0.5729,0.5055,0.6496,0.6095
107,2016-12-12,51,65+,716.1429,709.2102,605.0519,829.7302,0.5257,0.4640,0.5971,0.5498
108,2016-12-13,51,0-5,4344.8571,4340.0915,3743.7160,5071.5393,1.4415,1.2153,1.7240,1.5565
108,2016-12-13,51,6-11,12391.1429,12398.7467,10742.8241,14391.5461,1.8024,1.5158,2.1379,1.9856
108,2016-12-13,51,12-17,9381.0000,9351.0674,8101.4762,10843.2800,1.5700,1.3193,1.8798,1.7165
108,2016-12-13,51,18-44,6608.8571,6499.7574,5552.6366,7565.3979,0.6660,0.5869,0.7580,0.7140
108,2016-12-13,51,45-64,2550.5714,2518.7895,2161.7787,2944.0120,0.5739,0.5055,0.6519,0.6077
108,2016-12-13,51,65+,839.4286,831.6389,711.4667,968.9491,0.5302,0.4668,0.6023,0.5517
109,2016-12-14,51,0-5,4942.8571,4980.0504,4309.8874,5763.4290,1.4226,1.1985,1.6971,1.5225
109,2016-12-14,51,6-11,13451.7143,13664.5225,11756.9636,15800.8248,1.7642,1.4970,2.0991,1.9153
109,2016-12-14,51,12-17,9911.7143,10089.6933,8724.5634,11731.2085,1.5497,1.3047,1.8355,1.6521
109,2016-12-14,51,18-44,7339.5714,7393.2374,6345.4765,8587.9762,0.6630,0.5846,0.7528,0.6968
109,2016-12-14,51,45-64,2874.8571,2888.6299,2480.3118,3355.4565,0.5755,0.5071,0.6521,0.5954
109,2016-12-14,51,65+,964.2857,970.0434,830.5663,1134.2780,0.5356,0.4709,0.6095,0.5449
110,2016-12-15,51,0-5,5391.2857,5639.3583,4869.1332,6542.4301,1.3979,1.1841,1.6616,1.4417
110,2016-12-15,51,6-11,14194.2857,14893.7339,12789.1386,17185.3868,1.7243,1.4579,2.0388,1.8056
110,2016-12-15,51,12-17,10243.1429,10799.3958,9374.7131,12572.1918,1.5215,1.2865,1.8142,1.5582
110,2016-12-15,51,18-44,7776.4286,8340.7262,7192.1152,9710.7931,0.6590,0.5817,0.7497,0.6572
110,2016-12-15,51,45-64,3031.7143,3284.1779,2836.8160,3831.2448,0.5771,0.5088,0.6556,0.5612
110,2016-12-15,51,65+,1023.7143,1124.6941,966.0305,1316.0492,0.5423,0.4768,0.6192,0.5132
111,2016-12-16,51,0-5,6361.0000,6308.8609,5427.7952,7288.3032,1.3585,1.1492,1.6134,1.5163
111,2016-12-16,51,6-11,16046.0000,16006.3441,13838.1437,18580.8270,1.6654,1.4104,1.9665,1.8773
111,2016-12-16,51,12-17,11279.4286,11477.9253,9978.9041,13345.8829,1.4828,1.2475,1.7660,1.6173
111,2016-12-16,51,18-44,9201.5714,9303.2914,8018.0308,10855.3148,0.6485,0.5716,0.7399,0.6984
111,2016-12-16,51,45-64,3695.2857,3709.1790,3184.6914,4334.4210,0.5727,0.5048,0.6523,0.6026
111,2016-12-16,51,65+,1279.0000,1295.6312,1110.7357,1527.5869,0.5426,0.4783,0.6191,0.5590
112,2016-12-17,51,0-5,7022.0000,6949.5266,5981.5547,8073.9615,1.3092,1.1018,1.5526,1.4920
112,2016-12-17,51,6-11,17101.7143,17008.9986,14683.2639,19811.3474,1.5896,1.3443,1.8745,1.8369
112,2016-12-17,51,12-17,11903.4286,12078.9313,10520.6788,14093.7155,1.4209,1.1918,1.6931,1.5940
112,2016-12-17,51,18-44,10334.4286,10268.0719,8861.3189,11994.0085,0.6292,0.5565,0.7196,0.6965
112,2016-12-17,51,45-64,4151.5714,4144.6780,3552.1555,4838.7036,0.5590,0.4936,0.6373,0.6052
112,2016-12-17,51,65+,1463.0000,1476.5890,1263.6843,1736.8712,0.5339,0.4705,0.6083,0.5648
113,2016-12-18,52,0-5,7638.2857,7527.4056,6518.3621,8754.7477,1.2430,1.0553,1.4732,1.4644
113,2016-12-18,52,6-11,17986.1429,17813.8803,15408.8215,20734.3754,1.4951,1.2678,1.7686,1.7958
113,2016-12-18,52,12-17,12716.5714,12610.6427,10975.4521,14632.5619,1.3436,1.1271,1.5891,1.5924
113,2016-12-18,52,18-44,11665.8571,11205.8814,9668.8642,13062.7285,0.6012,0.5301,0.6828,0.6995
113,2016-12-18,52,45-64,4719.4286,4549.6874,3944.3873,5270.2762,0.5369,0.4720,0.6095,0.6151
113,2016-12-18,52,65+,1712.8571,1659.5939,1426.1257,1928.3499,0.5158,0.4527,0.5879,0.5794
114,2016-12-19,52,0-5,8179.7143,8036.5513,6972.1000,9332.7904,1.1747,0.9921,1.4021,1.4197
114,2016-12-19,52,6-11,18530.0000,18318.7151,15916.9386,21272.8376,1.3951,1.1823,1.6468,1.7290
114,2016-12-19,52,12-17,13214.8571,12962.5552,11249.7138,14946.8101,1.2585,1.0559,1.5024,1.5525
114,2016-12-19,52,18-44,12693.4286,12051.7548,10428.1584,14011.7423,0.5682,0.4993,0.6481,0.6877
114,2016-12-19,52,45-64,5230.4286,4945.0351,4304.4125,5737.5609,0.5089,0.4467,0.5807,0.6106
114,2016-12-19,52,65+,1948.4286,1833.4319,1579.8372,2143.5888,0.4922,0.4312,0.5617,0.5807
115,2016-12-20,52,0-5,8560.4286,8452.4886,7312.3512,9806.3461,1.1088,0.9329,1.3246,1.3521
115,2016-12-20,52,6-11,18556.7143,18453.7649,16054.4805,21458.4056,1.2970,1.0953,1.5309,1.6296
115,2016-12-20,52,12-17,13227.4286,13094.7786,11395.6632,15033.5682,1.1606,0.9801,1.3829,1.4669
115,2016-12-20,52,18-44,13213.4286,12695.2814,11000.1383,14740.3146,0.5323,0.4684,0.6083,0.6564
115,2016-12-20,52,45-64,5520.2857,5276.1348,4582.7680,6116.2926,0.4771,0.4189,0.5450,0.5853
115,2016-12-20,52,65+,2089.4286,1987.5884,1714.5952,2315.7770,0.4647,0.4061,0.5315,0.5599
116,2016-12-21,52,0-5,8796.2857,8753.9206,7559.1122,10206.5413,1.0412,0.8791,1.2433,1.2846
116,2016-12-21,52,6-11,18430.1429,18303.6709,15912.0352,21201.5352,1.2050,1.0192,1.4318,1.5414
116,2016-12-21,52,12-17,13015.8571,12918.3067,11211.3368,14898.8737,1.0634,0.9016,1.2692,1.3823
116,2016-12-21,52,18-44,13443.8571,13142.6841,11357.0647,15163.0953,0.4986,0.4387,0.5701,0.6248
116,2016-12-21,52,45-64,5717.0000,5521.2293,4791.7098,6423.5886,0.4482,0.3940,0.5109,0.5590
116,2016-12-21,52,65+,2190.8571,2119.5233,1841.2118,2455.2218,0.4390,0.3837,0.5025,0.5376
117,2016-12-22,52,0-5,8857.2857,8889.9155,7683.1128,10428.1056,0.9834,0.8282,1.1719,1.2176
117,2016-12-22,52,6-11,18070.5714,17792.3769,15511.4446,20509.0520,1.1272,0.9577,1.3362,1.4603
117,2016-12-22,52,12-17,12780.0000,12524.0114,10915.8302,14352.7616,0.9879,0.8275,1.1713,1.3130
117,2016-12-22,52,18-44,13447.5714,13347.3161,11564.9741,15331.4455,0.4720,0.4143,0.5382,0.5937
117,2016-12-22,52,45-64,5764.5714,5668.8985,4927.2535,6588.3509,0.4254,0.3731,0.4845,0.5321
117,2016-12-22,52,65+,2206.0000,2216.6459,1929.2142,2562.8033,0.4198,0.3658,0.4817,0.5113
118,2016-12-23,52,0-5,8881.4286,8892.6102,7727.8539,10353.0542,0.9320,0.7792,1.1112,1.1662
118,2016-12-23,52,6-11,16911.7143,17027.1504,14790.4955,19574.0007,1.0586,0.8928,1.2494,1.3625
118,2016-12-23,52,12-17,11937.1429,11873.3606,10287.3707,13544.1997,0.9191,0.7773,1.0820,1.2240
118,2016-12-23,52,18-44,13388.2857,13246.4676,11550.0926,15249.3587,0.4492,0.3936,0.5145,0.5678
118,2016-12-23,52,45-64,5827.1429,5719.0663,4968.2628,6649.8819,0.4071,0.3565,0.4663,0.5114
118,2016-12-23,52,65+,2283.5714,2271.1446,1973.4443,2615.8365,0.4058,0.3537,0.4664,0.4969
119,2016-12-24,52,0-5,8766.5714,8769.1020,7623.8276,10054.4542,0.8908,0.7453,1.0696,1.1155
119,2016-12-24,52,6-11,15897.5714,16014.7140,13907.2131,18475.0920,0.9952,0.8452,1.1818,1.2873
119,2016-12-24,52,12-17,11182.7143,11033.0848,9540.9859,12651.3798,0.8600,0.7320,1.0173,1.1548
119,2016-12-24,52,18-44,12976.0000,12984.5238,11288.8419,14912.3305,0.4344,0.3802,0.4974,0.5416
119,2016-12-24,52,45-64,5701.0000,5683.3911,4953.3254,6586.8691,0.3970,0.3467,0.4545,0.4889
119,2016-12-24,52,65+,2279.5714,2291.3778,1985.7829,2650.3394,0.3994,0.3470,0.4616,0.4780
120,2016-12-25,53,0-5,8495.5714,8475.3596,7420.7188,9722.6659,0.8644,0.7255,1.0313,1.0601
120,2016-12-25,53,6-11,14788.8571,14791.9343,12931.7476,17007.0703,0.9470,0.8067,1.1237,1.2139
120,2016-12-25,53,12-17,10060.4286,10064.4353,8732.2010,11482.9840,0.8135,0.6857,0.9672,1.0690
120,2016-12-25,53,18-44,12180.8571,12533.7126,10891.1937,14416.7799,0.4267,0.3733,0.4908,0.5107
120,2016-12-25,53,45-64,5403.1429,5593.7182,4852.1313,6450.0998,0.3943,0.3432,0.4534,0.4609
120,2016-12-25,53,65+,2216.5714,2284.1706,1983.3343,2634.0703,0.4016,0.3484,0.4643,0.4545
121,2016-12-26,53,0-5,8066.7143,8068.1002,7092.6925,9271.9390,0.8447,0.7063,1.0007,1.0057
121,2016-12-26,53,6-11,13307.1429,13473.1412,11791.2714,15399.1145,0.9077,0.7750,1.0715,1.1345
121,2016-12-26,53,12-17,8712.4286,8998.1379,7829.7112,10284.7096,0.7768,0.6572,0.9250,0.9812
121,2016-12-26,53,18-44,11361.4286,11988.4348,10420.8348,13861.0597,0.4248,0.3696,0.4878,0.4831
121,2016-12-26,53,45-64,5117.1429,5443.6712,4714.5138,6276.6347,0.3973,0.3445,0.4569,0.4372
121,2016-12-26,53,65+,2127.1429,2260.2204,1956.7104,2615.7880,0.4097,0.3541,0.4761,0.4347
122,2016-12-27,53,0-5,7592.4286,7602.5369,6705.0534,8697.3744,0.8275,0.6953,0.9901,0.9692
122,2016-12-27,53,6-11,11922.0000,12045.5466,10583.4200,13766.9303,0.8786,0.7471,1.0313,1.0815
122,2016-12-27,53,12-17,7518.8571,7899.6545,6939.4414,9014.5500,0.7469,0.6305,0.8668,0.9234
122,2016-12-27,53,18-44,10787.2857,11402.0334,9928.6155,13128.5567,0.4273,0.3717,0.4914,0.4703
122,2016-12-27,53,45-64,4949.5714,5276.6051,4549.2925,6103.0044,0.4054,0.3515,0.4671,0.4289
122,2016-12-27,53,65+,2095.7143,2218.5661,1922.8092,2563.2373,0.4246,0.3661,0.4926,0.4314
123,2016-12-28,53,0-5,7123.4286,7070.4779,6245.7303,8085.0610,0.8161,0.6870,0.9789,0.9494
123,2016-12-28,53,6-11,10694.7143,10603.0393,9335.0157,12119.7958,0.8462,0.7189,1.0005,1.0527
123,2016-12-28,53,12-17,6725.2857,6826.6295,5997.2311,7731.8986,0.7157,0.6104,0.8343,0.9067
123,2016-12-28,53,18-44,10395.2857,10802.1049,9410.4324,12412.5922,0.4304,0.3746,0.5001,0.4693
123,2016-12-28,53,45-64,4824.5714,5086.6999,4380.5474,5879.2752,0.4155,0.3601,0.4806,0.4320
123,2016-12-28,53,65+,2065.1429,2170.9834,1882.1228,2514.2791,0.4424,0.3806,0.5131,0.4371
124,2016-12-29,53,0-5,6774.7143,6520.9875,5746.2783,7463.8408,0.8138,0.6830,0.9703,0.9556
124,2016-12-29,53,6-11,9964.2857,9197.1470,8096.3907,10550.2801,0.8223,0.7031,0.9687,1.0681
124,2016-12-29,53,12-17,6319.4286,5780.9374,5090.0727,6498.3780,0.6871,0.5893,0.8061,0.9337
124,2016-12-29,53,18-44,10198.0000,10136.9732,8847.3829,11652.1363,0.4357,0.3786,0.5029,0.4834
124,2016-12-29,53,45-64,4785.1429,4884.0044,4222.2012,5637.2650,0.4259,0.3688,0.4917,0.4492
124,2016-12-29,53,65+,2083.8571,2116.7937,1836.0054,2459.8912,0.4596,0.3948,0.5344,0.4568
125,2016-12-30,53,0-5,5885.8571,5965.8580,5229.4681,6841.3266,0.8144,0.6826,0.9723,0.8880
125,2016-12-30,53,6-11,7784.8571,7898.1305,6924.2888,9033.7068,0.8059,0.6897,0.9417,0.9562
125,2016-12-30,53,12-17,4855.0000,4809.2298,4271.6552,5426.2813,0.6655,0.5734,0.7756,0.8377
125,2016-12-30,53,18-44,9407.8571,9468.3193,8253.5999,10868.5459,0.4406,0.3825,0.5107,0.4621
125,2016-12-30,53,45-64,4588.7143,4678.0837,4061.3512,5430.5000,0.4350,0.3770,0.5051,0.4378
125,2016-12-30,53,65+,2047.4286,2070.5967,1793.9385,2398.2370,0.4754,0.4085,0.5543,0.4544
126,2016-12-31,53,0-5,5277.5714,5440.9439,4753.4527,6211.6268,0.8219,0.6872,0.9812,0.8615
126,2016-12-31,53,6-11,6551.4286,6690.0782,5900.9377,7659.9391,0.7919,0.6769,0.9256,0.9166
126,2016-12-31,53,12-17,3965.7143,3948.5750,3513.5626,4442.4892,0.6469,0.5570,0.7550,0.7996
126,2016-12-31,53,18-44,8738.0000,8824.6508,7674.9972,10125.0316,0.4457,0.3849,0.5155,0.4586
126,2016-12-31,53,45-64,4444.5714,4478.4519,3884.3794,5164.6556,0.4435,0.3821,0.5142,0.4409
126,2016-12-31,53,65+,2015.0000,2017.1980,1748.7805,2336.2503,0.4884,0.4188,0.5698,0.4637
127,2017-01-01,1,0-5,4800.5714,4944.4414,4339.4313,5638.8364,0.8285,0.6948,0.9931,0.8522
127,2017-01-01,1,6-11,5669.5714,5624.2832,4945.0927,6414.9980,0.7816,0.6676,0.9121,0.9027
127,2017-01-01,1,12-17,3291.5714,3192.9157,2849.4411,3612.5246,0.6309,0.5436,0.7324,0.7801
127,2017-01-01,1,18-44,8020.1429,8140.9350,7074.9473,9343.7246,0.4489,0.3888,0.5199,0.4600
127,2017-01-01,1,45-64,4274.2857,4266.4332,3707.2481,4926.5183,0.4490,0.3869,0.5216,0.4472
127,2017-01-01,1,65+,1962.7143,1955.4690,1699.6112,2260.1183,0.4974,0.4263,0.5805,0.4749
128,2017-01-02,1,0-5,4407.7143,4504.1187,3927.9340,5143.4861,0.8369,0.7026,1.0015,0.8541
128,2017-01-02,1,6-11,4855.0000,4696.1041,4133.7221,5371.2173,0.7744,0.6640,0.9006,0.8919
128,2017-01-02,1,12-17,2687.5714,2553.2348,2272.6709,2896.1047,0.6131,0.5299,0.7089,0.7614
128,2017-01-02,1,18-44,7380.4286,7456.7591,6439.6536,8567.6632,0.4500,0.3896,0.5202,0.4639
128,2017-01-02,1,45-64,4062.1429,4031.1077,3507.2785,4646.2130,0.4504,0.3879,0.5221,0.4541
128,2017-01-02,1,65+,1890.7143,1881.0005,1635.0163,2159.5115,0.5016,0.4295,0.5848,0.4859
129,2017-01-03,1,0-5,3995.1429,4095.0886,3558.6807,4695.3994,0.8430,0.7056,1.0074,0.8489
129,2017-01-03,1,6-11,3957.7143,3904.1763,3432.7389,4478.1644,0.7667,0.6568,0.8978,0.8610
129,2017-01-03,1,12-17,2088.0000,2022.1855,1806.9522,2284.1275,0.5987,0.5168,0.6954,0.7285
129,2017-01-03,1,18-44,6725.5714,6757.4669,5855.8406,7722.3642,0.4470,0.3866,0.5195,0.4639
129,2017-01-03,1,45-64,3820.5714,3768.1417,3275.8374,4330.5878,0.4468,0.3843,0.5221,0.4583
129,2017-01-03,1,65+,1823.5714,1789.2443,1561.3711,2056.0092,0.4987,0.4267,0.5823,0.4961
130,2017-01-04,1,0-5,3654.5714,3734.4484,3253.0561,4299.8131,0.8512,0.7115,1.0166,0.8530
130,2017-01-04,1,6-11,3225.7143,3244.5962,2845.4486,3719.4077,0.7636,0.6556,0.8950,0.8384
130,2017-01-04,1,12-17,1597.7143,1590.0430,1428.5473,1805.2588,0.5849,0.5046,0.6783,0.6992
130,2017-01-04,1,18-44,6154.5714,6068.7877,5266.9013,6916.9358,0.4430,0.3827,0.5152,0.4665
130,2017-01-04,1,45-64,3550.1429,3477.0991,3028.0918,4007.2247,0.4416,0.3791,0.5145,0.4629
130,2017-01-04,1,65+,1736.7143,1684.1719,1469.7130,1939.6749,0.4936,0.4198,0.5776,0.5053
131,2017-01-05,1,0-5,3489.0000,3410.6628,2984.1756,3921.0905,0.8579,0.7151,1.0281,0.8976
131,2017-01-05,1,6-11,2860.5714,2702.5642,2357.1837,3085.7841,0.7653,0.6570,0.8978,0.8748
131,2017-01-05,1,12-17,1409.7143,1247.9660,1112.6541,1417.3371,0.5762,0.4969,0.6677,0.7349
131,2017-01-05,1,18-44,5847.0000,5405.9736,4711.6764,6161.2591,0.4397,0.3795,0.5111,0.4928
131,2017-01-05,1,45-64,3427.4286,3171.5749,2770.5545,3640.4115,0.4368,0.3730,0.5092,0.4904
131,2017-01-05,1,65+,1684.4286,1564.3972,1370.9028,1795.9470,0.4874,0.4158,0.5702,0.5344
132,2017-01-06,1,0-5,3143.8571,3124.8857,2719.1740,3613.6653,0.8689,0.7264,1.0467,0.8605
132,2017-01-06,1,6-11,2143.2857,2259.5850,1974.8040,2573.0397,0.7780,0.6667,0.9086,0.7880
132,2017-01-06,1,12-17,941.2857,981.5650,870.3215,1113.6472,0.5746,0.4964,0.6672,0.6405
132,2017-01-06,1,18-44,4849.5714,4776.2930,4188.2116,5501.3385,0.4391,0.3802,0.5101,0.4571
132,2017-01-06,1,45-64,2919.4286,2862.2081,2505.4012,3288.8677,0.4335,0.3720,0.5086,0.4546
132,2017-01-06,1,65+,1476.4286,1442.9075,1256.9401,1649.0445,0.4827,0.4120,0.5661,0.5008
133,2017-01-07,1,0-5,2900.1429,2875.9755,2507.7139,3321.0694,0.8850,0.7403,1.0656,0.8597
133,2017-01-07,1,6-11,1790.1429,1910.6697,1672.4343,2171.5028,0.8016,0.6852,0.9348,0.7720
133,2017-01-07,1,12-17,721.8571,774.8347,681.8285,882.4539,0.5825,0.5031,0.6741,0.6144
133,2017-01-07,1,18-44,4212.0000,4203.8817,3677.7504,4851.7644,0.4434,0.3841,0.5115,0.4495
133,2017-01-07,1,45-64,2596.8571,2571.1994,2250.4936,2957.0294,0.4360,0.3743,0.5074,0.4469
133,2017-01-07,1,65+,1334.1429,1316.0406,1148.4642,1498.7929,0.4844,0.4125,0.5674,0.4944
134,2017-01-08,2,0-5,2636.5714,2651.0778,2306.5015,3065.6582,0.9067,0.7574,1.0879,0.8514
134,2017-01-08,2,6-11,1534.1429,1632.7052,1433.9547,1857.5376,0.8365,0.7130,0.9736,0.7640
134,2017-01-08,2,12-17,565.4286,616.3675,538.6681,705.1334,0.5999,0.5178,0.6921,0.5935
134,2017-01-08,2,18-44,3616.0000,3693.4027,3236.3512,4260.0136,0.4531,0.3925,0.5226,0.4398
134,2017-01-08,2,45-64,2262.8571,2296.8510,2010.5726,2640.0496,0.4443,0.3814,0.5169,0.4364
134,2017-01-08,2,65+,1179.0000,1189.8733,1036.7314,1357.5756,0.4914,0.4190,0.5749,0.4833
135,2017-01-09,2,0-5,2417.8571,2453.6033,2131.6669,2843.1000,0.9350,0.7767,1.1218,0.8541
135,2017-01-09,2,6-11,1342.1429,1417.2375,1238.6717,1613.6027,0.8786,0.7493,1.0307,0.7702
135,2017-01-09,2,12-17,457.1429,496.4512,432.7788,571.2193,0.6238,0.5377,0.7216,0.5864
135,2017-01-09,2,18-44,3131.8571,3242.5704,2850.5911,3724.8836,0.4672,0.4036,0.5398,0.4369
135,2017-01-09,2,45-64,1984.7143,2042.8722,1786.4668,2340.6513,0.4571,0.3924,0.5332,0.4329
135,2017-01-09,2,65+,1054.1429,1070.7660,936.3594,1225.7508,0.5038,0.4308,0.5903,0.4807
136,2017-01-10,2,0-5,2247.8571,2273.3834,1979.4074,2632.7479,0.9624,0.8038,1.1552,0.8674
136,2017-01-10,2,6-11,1205.4286,1246.8906,1089.2206,1425.5440,0.9222,0.7870,1.0821,0.7881
136,2017-01-10,2,12-17,373.2857,406.1625,354.7254,469.8331,0.6503,0.5598,0.7553,0.5838
136,2017-01-10,2,18-44,2735.4286,2858.7089,2517.5384,3276.2274,0.4832,0.4172,0.5596,0.4374
136,2017-01-10,2,45-64,1740.8571,1811.0314,1585.2694,2074.8082,0.4725,0.4047,0.5528,0.4307
136,2017-01-10,2,65+,917.5714,962.9393,840.2480,1102.2370,0.5204,0.4449,0.6106,0.4754
137,2017-01-11,2,0-5,2095.1429,2116.1226,1840.4095,2436.7587,0.9851,0.8226,1.1829,0.8885
137,2017-01-11,2,6-11,1090.1429,1115.5259,980.7095,1279.2162,0.9655,0.8236,1.1345,0.8158
137,2017-01-11,2,12-17,315.8571,337.7815,294.7577,390.6491,0.6800,0.5868,0.7865,0.5960
137,2017-01-11,2,18-44,2441.1429,2534.9068,2223.1293,2897.9321,0.4989,0.4322,0.5773,0.4464
137,2017-01-11,2,45-64,1557.8571,1609.2737,1410.4190,1839.8214,0.4893,0.4196,0.5714,0.4390
137,2017-01-11,2,65+,828.8571,863.8634,753.4334,988.7425,0.5398,0.4612,0.6334,0.4843
138,2017-01-12,2,0-5,1985.4286,1970.2816,1714.4441,2255.2356,1.0092,0.8372,1.2080,0.9358
138,2017-01-12,2,6-11,1024.4286,1011.9616,886.3499,1161.9472,1.0062,0.8591,1.1793,0.8796
138,2017-01-12,2,12-17,295.0000,286.3917,248.7205,331.5911,0.7108,0.6153,0.8215,0.6501
138,2017-01-12,2,18-44,2309.0000,2256.9865,1975.0241,2592.7567,0.5155,0.4464,0.5953,0.4783
138,2017-01-12,2,45-64,1478.8571,1435.5642,1253.4769,1647.8585,0.5076,0.4356,0.5921,0.4728
138,2017-01-12,2,65+,792.8571,776.9442,677.8420,892.4414,0.5618,0.4786,0.6575,0.5213
139,2017-01-13,2,0-5,1811.8571,1838.9724,1600.2217,2099.0579,1.0310,0.8576,1.2408,0.9221
139,2017-01-13,2,6-11,913.8571,929.1544,809.8479,1073.5464,1.0436,0.8942,1.2176,0.8712
139,2017-01-13,2,12-17,246.7143,246.7355,214.4171,285.0780,0.7407,0.6399,0.8563,0.6306
139,2017-01-13,2,18-44,1992.5714,2023.2754,1772.1094,2325.5342,0.5326,0.4615,0.6137,0.4631
139,2017-01-13,2,45-64,1241.8571,1289.3738,1122.6102,1482.1980,0.5266,0.4518,0.6129,0.4533
139,2017-01-13,2,65+,674.7143,704.5808,613.5499,806.4016,0.5830,0.4963,0.6827,0.4983
140,2017-01-14,2,0-5,1696.4286,1717.4998,1501.2254,1962.7101,1.0447,0.8776,1.2463,0.9417
140,2017-01-14,2,6-11,860.1429,862.7747,752.3209,1002.3542,1.0765,0.9190,1.2587,0.9072
140,2017-01-14,2,12-17,213.4286,216.7673,188.5026,250.5392,0.7688,0.6640,0.8875,0.6442
140,2017-01-14,2,18-44,1805.5714,1830.1444,1603.1928,2112.8958,0.5473,0.4736,0.6294,0.4740
140,2017-01-14,2,45-64,1133.5714,1165.6870,1011.5458,1342.3011,0.5439,0.4663,0.6322,0.4646
140,2017-01-14,2,65+,625.0000,644.0877,560.1136,742.3650,0.6045,0.5149,0.7052,0.5128
141,2017-01-15,3,0-5,1615.0000,1605.7198,1407.4230,1847.9854,1.0607,0.8891,1.2695,0.9739
141,2017-01-15,3,6-11,812.4286,808.6267,702.7461,942.6415,1.1002,0.9386,1.2840,0.9480
141,2017-01-15,3,12-17,193.8571,193.6199,168.6424,223.3969,0.7930,0.6851,0.9158,0.6713
141,2017-01-15,3,18-44,1665.4286,1671.0616,1460.1497,1935.4028,0.5592,0.4856,0.6455,0.4905
141,2017-01-15,3,45-64,1048.7143,1064.2607,923.8021,1232.4978,0.5585,0.4792,0.6496,0.4814
141,2017-01-15,3,65+,583.2857,594.3909,515.8964,682.9691,0.6209,0.5299,0.7256,0.5321
142,2017-01-16,3,0-5,1524.2857,1507.1060,1319.3473,1730.3120,1.0682,0.8978,1.2697,0.9981
142,2017-01-16,3,6-11,779.8571,761.8322,659.1001,884.1154,1.1113,0.9501,1.3028,0.9915
142,2017-01-16,3,12-17,173.5714,175.3275,151.9023,202.4737,0.8070,0.7005,0.9317,0.6940
142,2017-01-16,3,18-44,1541.4286,1541.5176,1340.3864,1785.9222,0.5657,0.4936,0.6521,0.5068
142,2017-01-16,3,45-64,982.8571,979.8797,852.9820,1136.4492,0.5675,0.4895,0.6600,0.4995
142,2017-01-16,3,65+,553.0000,551.9580,479.3896,637.2871,0.6323,0.5421,0.7392,0.5547
143,2017-01-17,3,0-5,1420.2857,1414.4520,1238.5167,1625.6158,1.0713,0.8957,1.2877,1.0081
143,2017-01-17,3,6-11,731.5714,722.0916,625.5818,836.9090,1.1178,0.9536,1.3062,1.0147
143,2017-01-17,3,12-17,160.4286,160.9971,139.6379,186.9003,0.8175,0.7079,0.9429,0.7166
143,2017-01-17,3,18-44,1434.2857,1427.3805,1239.2013,1654.3174,0.5703,0.4960,0.6563,0.5179
143,2017-01-17,3,45-64,917.2857,910.6815,792.3763,1051.6373,0.5735,0.4930,0.6666,0.5128
143,2017-01-17,3,65+,518.1429,515.8209,448.8458,594.8890,0.6395,0.5465,0.7471,0.5698
144,2017-01-18,3,0-5,1338.5714,1331.2380,1159.2234,1532.9391,1.0691,0.9003,1.2749,1.0260
144,2017-01-18,3,6-11,685.5714,683.2030,594.6870,792.1344,1.1120,0.9516,1.2985,1.0377
144,2017-01-18,3,12-17,152.5714,149.2804,128.8759,173.1982,0.8160,0.7072,0.9404,0.7477
144,2017-01-18,3,18-44,1352.2857,1331.3049,1152.1805,1536.4971,0.5680,0.4949,0.6520,0.5329
144,2017-01-18,3,45-64,870.7143,850.7626,741.5489,983.7341,0.5724,0.4927,0.6644,0.5306
144,2017-01-18,3,65+,492.1429,483.5605,421.8420,562.2343,0.6395,0.5462,0.7498,0.5896
145,2017-01-19,3,0-5,1267.2857,1253.2393,1087.4595,1441.7706,1.0648,0.8955,1.2786,1.0526
145,2017-01-19,3,6-11,660.1429,647.2783,561.8176,753.4544,1.1044,0.9456,1.2879,1.0801
145,2017-01-19,3,12-17,146.5714,139.2291,119.9674,162.0712,0.8121,0.7044,0.9387,0.7878
145,2017-01-19,3,18-44,1304.4286,1242.4135,1077.3614,1430.6995,0.5638,0.4898,0.6482,0.5564
145,2017-01-19,3,45-64,847.0000,799.0862,697.2409,925.7947,0.5688,0.4892,0.6607,0.5576
145,2017-01-19,3,65+,479.2857,456.6371,398.2911,528.3749,0.6377,0.5449,0.7491,0.6202
146,2017-01-20,3,0-5,1151.5714,1178.5293,1019.9023,1364.0852,1.0625,0.8925,1.2590,1.0220
146,2017-01-20,3,6-11,610.1429,612.5039,530.7368,709.4719,1.0911,0.9367,1.2769,1.0592
146,2017-01-20,3,12-17,134.7143,130.5137,111.6408,151.9497,0.8058,0.6985,0.9298,0.7739
146,2017-01-20,3,18-44,1179.4286,1162.8899,1011.6586,1340.4222,0.5584,0.4858,0.6429,0.5414
146,2017-01-20,3,45-64,762.7143,753.6184,655.6939,871.3202,0.5634,0.4850,0.6566,0.5426
146,2017-01-20,3,65+,437.4286,431.6933,375.5923,500.1814,0.6325,0.5405,0.7414,0.6047
147,2017-01-21,3,0-5,1082.5714,1111.2338,959.3492,1284.5598,1.0557,0.8844,1.2658,1.0265
147,2017-01-21,3,6-11,576.0000,578.0780,500.7965,669.5062,1.0783,0.9271,1.2640,1.0662
147,2017-01-21,3,12-17,125.7143,122.5062,106.2019,143.5864,0.8018,0.6951,0.9238,0.7806
147,2017-01-21,3,18-44,1093.7143,1086.5118,948.1113,1250.5764,0.5553,0.4838,0.6378,0.5443
147,2017-01-21,3,45-64,719.0000,710.5147,618.3355,821.1196,0.5614,0.4842,0.6513,0.5475
147,2017-01-21,3,65+,415.7143,409.3110,357.6112,472.6932,0.6302,0.5394,0.7380,0.6123
148,2017-01-22,4,0-5,1050.0000,1047.6316,906.9519,1203.7346,1.0553,0.8815,1.2566,1.0515
148,2017-01-22,4,6-11,544.5714,545.0462,472.8213,629.2299,1.0683,0.9148,1.2457,1.0754
148,2017-01-22,4,12-17,118.1429,115.5048,99.4692,135.2639,0.8018,0.6944,0.9258,0.7869
148,2017-01-22,4,18-44,1016.5714,1017.0775,886.5168,1175.8591,0.5549,0.4835,0.6369,0.5486
148,2017-01-22,4,45-64,673.4286,670.6415,585.7534,777.3695,0.5616,0.4841,0.6504,0.5509
148,2017-01-22,4,65+,393.5714,388.0961,336.8288,448.5835,0.6298,0.5393,0.7376,0.6180
149,2017-01-23,4,0-5,1019.1429,986.0321,853.6949,1134.5658,1.0527,0.8780,1.2503,1.0851
149,2017-01-23,4,6-11,531.1429,509.6746,444.1164,587.0195,1.0613,0.9102,1.2413,1.1126
149,2017-01-23,4,12-17,116.0000,109.1624,93.4261,128.0126,0.8109,0.7047,0.9362,0.8188
149,2017-01-23,4,18-44,971.5714,954.4034,822.5315,1107.8130,0.5579,0.4874,0.6428,0.5657
149,2017-01-23,4,45-64,652.5714,634.7837,553.7827,736.1816,0.5668,0.4890,0.6597,0.5690
149,2017-01-23,4,65+,379.0000,368.1067,318.0209,424.6828,0.6354,0.5423,0.7445,0.6373
150,2017-01-24,4,0-5,939.4286,927.4769,804.4309,1071.3334,1.0557,0.8801,1.2627,1.0534
150,2017-01-24,4,6-11,485.4286,476.0596,414.0027,547.9895,1.0630,0.9158,1.2400,1.0738
150,2017-01-24,4,12-17,102.4286,103.3137,88.3491,120.7349,0.8319,0.7222,0.9585,0.7807
150,2017-01-24,4,18-44,879.8571,898.1910,776.3139,1042.4738,0.5675,0.4954,0.6537,0.5445
150,2017-01-24,4,45-64,586.1429,602.5026,521.7436,695.7977,0.5794,0.4996,0.6729,0.5458
150,2017-01-24,4,65+,342.5714,348.6485,301.9204,402.9157,0.6476,0.5521,0.7582,0.6119
151,2017-01-25,4,0-5,853.8571,870.8454,757.1010,1001.9035,1.0584,0.8884,1.2688,1.0200
151,2017-01-25,4,6-11,440.4286,442.2920,383.6323,511.8428,1.0729,0.9199,1.2472,1.0409
151,2017-01-25,4,12-17,91.8571,98.5677,84.5107,115.2841,0.8592,0.7427,0.9951,0.7585
151,2017-01-25,4,18-44,806.0000,848.1437,733.8568,985.0433,0.5790,0.5029,0.6663,0.5311
151,2017-01-25,4,45-64,539.4286,574.7070,497.7267,661.0709,0.5936,0.5102,0.6908,0.5344
151,2017-01-25,4,65+,316.4286,331.3286,285.9070,385.1298,0.6627,0.5659,0.7776,0.6004
152,2017-01-26,4,0-5,836.2857,817.5844,710.0244,943.5187,1.0632,0.8917,1.2685,1.0755
152,2017-01-26,4,6-11,421.5714,410.4229,357.7480,473.2755,1.0851,0.9341,1.2653,1.0909
152,2017-01-26,4,12-17,92.4286,94.5497,80.9258,110.4544,0.8957,0.7747,1.0355,0.8198
152,2017-01-26,4,18-44,805.8571,806.2198,698.6648,937.2170,0.5924,0.5151,0.6806,0.5696
152,2017-01-26,4,45-64,551.1429,547.6272,475.9427,631.2770,0.6105,0.5253,0.7117,0.5792
152,2017-01-26,4,65+,323.4286,315.4242,270.9307,369.0215,0.6808,0.5799,0.7982,0.6528
153,2017-01-27,4,0-5,757.0000,765.9672,665.7411,882.2330,1.0753,0.9027,1.2789,1.0350
153,2017-01-27,4,6-11,368.2857,380.8173,331.6176,437.6920,1.1047,0.9503,1.2814,1.0341
153,2017-01-27,4,12-17,83.4286,92.0659,78.1177,107.7202,0.9361,0.8101,1.0837,0.7888
153,2017-01-27,4,18-44,739.7143,770.8484,670.6898,894.6045,0.6076,0.5285,0.6991,0.5479
153,2017-01-27,4,45-64,501.4286,525.2681,455.9145,604.1825,0.6280,0.5423,0.7285,0.5552
153,2017-01-27,4,65+,278.4286,301.9687,259.2128,353.3961,0.6993,0.5982,0.8167,0.6149
154,2017-01-28,4,0-5,721.1429,714.0317,623.1412,824.7796,1.0858,0.9155,1.2892,1.0732
154,2017-01-28,4,6-11,355.2857,353.0969,307.6961,406.9236,1.1297,0.9751,1.3151,1.0896
154,2017-01-28,4,12-17,88.1429,90.5035,76.6867,106.1468,0.9800,0.8468,1.1353,0.8649
154,2017-01-28,4,18-44,740.1429,742.1608,641.6111,860.5895,0.6231,0.5421,0.7168,0.5860
154,2017-01-28,4,45-64,512.2857,504.2087,436.9590,584.3608,0.6454,0.5571,0.7464,0.6013
154,2017-01-28,4,65+,287.2857,289.6871,249.5008,338.9775,0.7171,0.6142,0.8366,0.6689
155,2017-01-29,5,0-5,662.7143,665.8673,582.1637,766.5903,1.0978,0.9238,1.3051,1.0654
155,2017-01-29,5,6-11,334.5714,329.2879,286.8752,379.4270,1.1530,0.9951,1.3403,1.1007
155,2017-01-29,5,12-17,88.0000,89.9638,76.2349,105.5433,1.0195,0.8792,1.1815,0.8888
155,2017-01-29,5,18-44,707.4286,715.0244,616.7318,830.5179,0.6352,0.5522,0.7289,0.5922
155,2017-01-29,5,45-64,487.2857,485.4925,421.4332,562.3560,0.6576,0.5671,0.7610,0.6103
155,2017-01-29,5,65+,282.2857,278.9556,240.4765,324.4573,0.7284,0.6228,0.8482,0.6839
156,2017-01-30,5,0-5,591.7143,621.8848,540.4582,714.2396,1.1066,0.9326,1.3150,1.0233
156,2017-01-30,5,6-11,291.8571,308.5903,267.3089,355.9644,1.1738,1.0137,1.3666,1.0485
156,2017-01-30,5,12-17,84.2857,90.7830,77.6097,106.5948,1.0524,0.9097,1.2193,0.8696
156,2017-01-30,5,18-44,658.8571,690.8298,595.3576,798.5268,0.6432,0.5601,0.7407,0.5725
156,2017-01-30,5,45-64,441.0000,467.2030,407.2835,541.5045,0.6652,0.5741,0.7711,0.5888
156,2017-01-30,5,65+,258.7143,269.4130,232.4283,312.6761,0.7348,0.6294,0.8573,0.6586
157,2017-01-31,5,0-5,567.7143,581.4240,504.5074,670.7082,1.1089,0.9333,1.3162,1.0724
157,2017-01-31,5,6-11,278.1429,291.2086,252.4102,337.8939,1.1898,1.0234,1.3824,1.1035
157,2017-01-31,5,12-17,93.2857,92.5606,79.1449,108.1455,1.0664,0.9214,1.2386,0.9658
157,2017-01-31,5,18-44,666.1429,667.9593,578.6411,772.3877,0.6417,0.5580,0.7383,0.6146
157,2017-01-31,5,45-64,455.1429,449.7350,390.8134,521.2512,0.6620,0.5720,0.7658,0.6379
157,2017-01-31,5,65+,263.8571,260.3646,224.6700,300.8755,0.7306,0.6267,0.8548,0.7107
158,2017-02-01,5,0-5,562.2857,543.5177,472.9179,627.2963,1.1027,0.9281,1.3115,1.1408
158,2017-02-01,5,6-11,280.4286,276.7758,240.0538,319.7105,1.1972,1.0276,1.3946,1.1835
158,2017-02-01,5,12-17,99.1429,94.3908,80.8014,111.2300,1.0642,0.9186,1.2373,1.0398
158,2017-02-01,5,18-44,675.2857,641.0877,555.9017,737.7176,0.6334,0.5510,0.7283,0.6541
158,2017-02-01,5,45-64,458.0000,432.3653,374.4314,499.3428,0.6509,0.5610,0.7532,0.6759
158,2017-02-01,5,65+,261.7143,250.5438,217.5420,288.8482,0.7181,0.6140,0.8385,0.7472
159,2017-02-02,5,0-5,519.8571,509.5861,443.6118,586.7264,1.0910,0.9194,1.3050,1.1218
159,2017-02-02,5,6-11,266.4286,265.3996,230.3260,305.1493,1.2013,1.0347,1.4013,1.1765
159,2017-02-02,5,12-17,99.7143,96.1100,82.4138,113.1397,1.0493,0.9040,1.2166,1.0356
159,2017-02-02,5,18-44,641.7143,611.0368,532.4083,706.6209,0.6202,0.5412,0.7117,0.6427
159,2017-02-02,5,45-64,425.2857,413.7016,356.8296,476.7421,0.6341,0.5477,0.7336,0.6598
159,2017-02-02,5,65+,244.2857,240.0384,207.4199,277.8141,0.7004,0.5981,0.8186,0.7260
160,2017-02-03,5,0-5,489.8571,479.6113,415.2029,550.4840,1.0822,0.9126,1.2894,1.1316
160,2017-02-03,5,6-11,267.4286,256.4323,221.9019,296.3434,1.2025,1.0382,1.4094,1.2226
160,2017-02-03,5,12-17,106.7143,97.5028,83.5568,114.2375,1.0291,0.8865,1.1982,1.0898
160,2017-02-03,5,18-44,623.4286,580.4146,505.1878,671.8070,0.6072,0.5304,0.6982,0.6592
160,2017-02-03,5,45-64,422.7143,393.3051,340.7002,454.7196,0.6170,0.5339,0.7167,0.6809
160,2017-02-03,5,65+,249.2857,229.2797,198.0165,267.1638,0.6823,0.5849,0.7969,0.7553
161,2017-02-04,5,0-5,448.4286,451.7326,391.7643,519.7056,1.0840,0.9089,1.2940,1.0753
161,2017-02-04,5,6-11,248.0000,250.3104,215.6606,289.3565,1.2139,1.0349,1.4224,1.1583
161,2017-02-04,5,12-17,102.1429,98.3941,84.6350,114.8708,1.0128,0.8735,1.1754,1.0243
161,2017-02-04,5,18-44,556.0000,548.4997,475.1764,634.9659,0.6001,0.5237,0.6880,0.6129
161,2017-02-04,5,45-64,374.2857,374.4576,324.8337,432.6451,0.6062,0.5243,0.7015,0.6271
161,2017-02-04,5,65+,218.4286,218.8236,188.3506,254.9626,0.6723,0.5741,0.7847,0.6906
162,2017-02-05,6,0-5,422.1429,427.0128,372.4291,494.1752,1.0913,0.9184,1.3000,1.0644
162,2017-02-05,6,6-11,239.7143,246.4621,212.4519,286.9048,1.2343,1.0567,1.4445,1.1530
162,2017-02-05,6,12-17,101.0000,98.4032,84.3281,115.1656,1.0063,0.8662,1.1726,1.0175
162,2017-02-05,6,18-44,511.8571,518.9551,449.7214,599.7322,0.5982,0.5229,0.6869,0.6029
162,2017-02-05,6,45-64,357.7143,355.7230,308.4674,411.0850,0.6018,0.5217,0.6954,0.6181
162,2017-02-05,6,65+,205.8571,209.0786,181.2299,243.9152,0.6688,0.5728,0.7808,0.6802
163,2017-02-06,6,0-5,397.1429,405.8230,351.7287,470.7155,1.1068,0.9335,1.3212,1.0585
163,2017-02-06,6,6-11,236.5714,244.2843,211.5626,284.7999,1.2585,1.0735,1.4706,1.1624
163,2017-02-06,6,12-17,98.0000,97.7152,83.5688,114.1976,1.0037,0.8652,1.1652,1.0040
163,2017-02-06,6,18-44,474.7143,490.5510,423.2304,566.7389,0.6015,0.5256,0.6890,0.5945
163,2017-02-06,6,45-64,332.1429,335.8248,291.6285,389.7935,0.6016,0.5211,0.6959,0.6075
163,2017-02-06,6,65+,196.4286,199.2903,172.4904,232.8890,0.6699,0.5749,0.7846,0.6734
164,2017-02-07,6,0-5,386.5714,387.9457,335.4719,451.6194,1.1294,0.9436,1.3420,1.0820
164,2017-02-07,6,6-11,243.8571,243.6963,210.8387,282.7277,1.2790,1.0938,1.4948,1.2051
164,2017-02-07,6,12-17,93.1429,96.0007,81.9159,112.1425,1.0104,0.8680,1.1772,0.9880
164,2017-02-07,6,18-44,449.0000,463.1295,402.2185,535.6232,0.6073,0.5314,0.6953,0.5939
164,2017-02-07,6,45-64,305.1429,317.2141,277.2884,370.6618,0.6063,0.5250,0.7020,0.5986
164,2017-02-07,6,65+,183.5714,190.1571,164.2415,221.8615,0.6760,0.5791,0.7914,0.6639
165,2017-02-08,6,0-5,370.1429,371.9217,322.1941,433.9224,1.1479,0.9610,1.3705,1.0935
165,2017-02-08,6,6-11,244.4286,243.3829,209.9961,281.1241,1.3035,1.1089,1.5218,1.2314
165,2017-02-08,6,12-17,92.0000,93.9047,80.0406,109.6943,1.0218,0.8784,1.1886,0.9997
165,2017-02-08,6,18-44,425.5714,438.2989,380.1612,506.9906,0.6159,0.5384,0.7072,0.5976
165,2017-02-08,6,45-64,289.4286,300.3503,260.6988,349.7212,0.6146,0.5315,0.7109,0.6010
165,2017-02-08,6,65+,174.8571,181.9403,156.1885,212.2123,0.6876,0.5881,0.8036,0.6669
166,2017-02-09,6,0-5,356.7143,358.1982,310.6850,414.9707,1.1640,0.9798,1.3974,1.1143
166,2017-02-09,6,6-11,244.7143,243.7661,210.3777,281.4030,1.3195,1.1271,1.5504,1.2634
166,2017-02-09,6,12-17,90.2857,91.5180,78.0722,107.3284,1.0369,0.8910,1.2057,1.0207
166,2017-02-09,6,18-44,412.1429,416.3120,360.2738,482.8805,0.6248,0.5463,0.7173,0.6118
166,2017-02-09,6,45-64,283.0000,284.0214,246.0987,331.0653,0.6248,0.5401,0.7248,0.6173
166,2017-02-09,6,65+,172.5714,174.0570,149.3820,202.6744,0.7013,0.6007,0.8198,0.6885
167,2017-02-10,6,0-5,342.0000,347.2699,301.8790,400.5767,1.1838,0.9932,1.4216,1.1165
167,2017-02-10,6,6-11,246.0000,243.0714,209.9148,280.7254,1.3318,1.1393,1.5698,1.2777
167,2017-02-10,6,12-17,87.7143,88.9270,75.8439,103.9807,1.0513,0.9022,1.2292,1.0162
167,2017-02-10,6,18-44,391.0000,398.1961,343.0448,459.1578,0.6343,0.5532,0.7278,0.6084
167,2017-02-10,6,45-64,263.4286,270.2991,233.3825,315.0919,0.6356,0.5500,0.7365,0.6109
167,2017-02-10,6,65+,165.0000,167.0231,144.1838,194.5757,0.7161,0.6102,0.8406,0.6847
168,2017-02-11,6,0-5,333.4286,337.9195,293.8479,389.0375,1.1986,1.0039,1.4276,1.1331
168,2017-02-11,6,6-11,240.8571,242.8436,208.6825,280.5555,1.3358,1.1506,1.5670,1.2806
168,2017-02-11,6,12-17,84.8571,86.5420,73.7051,101.2737,1.0645,0.9178,1.2385,1.0195
168,2017-02-11,6,18-44,377.5714,381.7164,329.2482,440.6799,0.6422,0.5607,0.7357,0.6138
168,2017-02-11,6,45-64,253.8571,259.1856,222.1469,302.3203,0.6463,0.5603,0.7471,0.6167
168,2017-02-11,6,65+,161.1429,161.0992,139.0012,188.5371,0.7293,0.6240,0.8542,0.6943
169,2017-02-12,7,0-5,325.4286,330.1219,285.8908,380.3477,1.2000,1.0087,1.4347,1.1485
169,2017-02-12,7,6-11,242.5714,242.0675,207.9113,280.8743,1.3371,1.1488,1.5674,1.3008
169,2017-02-12,7,12-17,82.1429,84.3291,72.2004,98.9005,1.0689,0.9210,1.2399,1.0218
169,2017-02-12,7,18-44,366.5714,367.4828,317.3700,426.1520,0.6456,0.5651,0.7382,0.6181
169,2017-02-12,7,45-64,243.8571,250.2260,214.0174,292.5372,0.6533,0.5663,0.7536,0.6180
169,2017-02-12,7,65+,152.2857,156.4022,134.5926,182.0262,0.7398,0.6332,0.8638,0.6917
170,2017-02-13,7,0-5,327.0000,323.2540,278.4187,372.6297,1.1970,1.0033,1.4271,1.1845
170,2017-02-13,7,6-11,238.8571,239.6249,206.6658,280.0647,1.3311,1.1438,1.5536,1.3130
170,2017-02-13,7,12-17,81.2857,82.2466,70.4370,95.9147,1.0693,0.9197,1.2431,1.0437
170,2017-02-13,7,18-44,358.1429,355.9588,307.6261,412.2496,0.6461,0.5656,0.7384,0.6314
170,2017-02-13,7,45-64,242.8571,243.0111,209.1187,284.9495,0.6570,0.5678,0.7568,0.6329
170,2017-02-13,7,65+,149.2857,152.7237,130.5693,177.2501,0.7460,0.6380,0.8761,0.7075
171,2017-02-14,7,0-5,318.1429,315.4856,271.5949,364.6356,1.1844,0.9995,1.4100,1.1907
171,2017-02-14,7,6-11,235.0000,237.1728,204.1931,275.6271,1.3134,1.1254,1.5350,1.3201
171,2017-02-14,7,12-17,81.1429,80.0949,68.4114,94.0662,1.0603,0.9135,1.2319,1.0683
171,2017-02-14,7,18-44,348.4286,344.5038,297.6236,399.2552,0.6419,0.5613,0.7343,0.6414
171,2017-02-14,7,45-64,243.0000,237.2737,204.9644,277.3372,0.6548,0.5662,0.7556,0.6494
171,2017-02-14,7,65+,151.8571,149.5087,128.3041,173.9605,0.7452,0.6363,0.8713,0.7329
172,2017-02-15,7,0-5,311.2857,308.5036,264.4599,356.5035,1.1732,0.9915,1.3897,1.1932
172,2017-02-15,7,6-11,235.8571,233.1114,202.5711,270.5196,1.2901,1.1034,1.5108,1.3316
172,2017-02-15,7,12-17,79.5714,78.0739,66.5683,91.3619,1.0440,0.8979,1.2128,1.0698
172,2017-02-15,7,18-44,337.1429,334.2168,288.1514,387.1367,0.6346,0.5567,0.7278,0.6416
172,2017-02-15,7,45-64,235.5714,232.8151,200.9889,270.4020,0.6488,0.5618,0.7514,0.6499
172,2017-02-15,7,65+,150.0000,146.7645,126.1218,170.8038,0.7395,0.6315,0.8676,0.7376
173,2017-02-16,7,0-5,303.8571,300.3926,258.1566,346.3839,1.1542,0.9729,1.3757,1.1971
173,2017-02-16,7,6-11,231.2857,228.3702,198.7567,264.4374,1.2630,1.0812,1.4789,1.3325
173,2017-02-16,7,12-17,79.4286,75.6561,64.2608,88.8317,1.0194,0.8780,1.1832,1.0854
173,2017-02-16,7,18-44,333.1429,324.8314,279.6969,376.2299,0.6251,0.5466,0.7150,0.6475
173,2017-02-16,7,45-64,233.2857,228.7697,196.4961,264.0518,0.6390,0.5524,0.7406,0.6576
173,2017-02-16,7,65+,147.8571,144.1840,123.9438,168.0238,0.7289,0.6208,0.8565,0.7454
174,2017-02-17,7,0-5,292.2857,292.3039,251.8058,338.0591,1.1336,0.9527,1.3528,1.1789
174,2017-02-17,7,6-11,223.7143,221.8693,192.2502,256.7815,1.2253,1.0547,1.4362,1.3101
174,2017-02-17,7,12-17,76.1429,72.9922,61.9858,85.5836,0.9944,0.8541,1.1535,1.0686
174,2017-02-17,7,18-44,320.2857,316.0707,271.9942,367.0737,0.6121,0.5349,0.7018,0.6399
174,2017-02-17,7,45-64,228.5714,224.3953,193.8143,259.1672,0.6266,0.5410,0.7243,0.6526
174,2017-02-17,7,65+,144.4286,141.4711,121.3530,165.5528,0.7153,0.6111,0.8396,0.7413
175,2017-02-18,7,0-5,280.4286,283.5617,245.8596,328.1870,1.1151,0.9337,1.3337,1.1604
175,2017-02-18,7,6-11,216.5714,214.2634,185.4701,248.1606,1.1859,1.0223,1.3922,1.2899
175,2017-02-18,7,12-17,71.4286,70.2774,59.4183,82.7134,0.9710,0.8363,1.1265,1.0424
175,2017-02-18,7,18-44,307.1429,307.3089,265.1740,356.7774,0.6014,0.5253,0.6893,0.6314
175,2017-02-18,7,45-64,223.4286,219.4881,189.4502,254.7114,0.6165,0.5326,0.7146,0.6462
175,2017-02-18,7,65+,140.8571,138.8401,119.0393,161.9940,0.7049,0.6025,0.8263,0.7361
176,2017-02-19,8,0-5,275.1429,273.4650,237.6738,315.7695,1.1017,0.9231,1.3205,1.1608
176,2017-02-19,8,6-11,206.7143,204.9189,177.3689,235.9709,1.1569,0.9957,1.3625,1.2664
176,2017-02-19,8,12-17,68.0000,67.1855,56.9999,79.1123,0.9525,0.8190,1.1052,1.0233
176,2017-02-19,8,18-44,296.0000,297.5056,257.1808,347.5295,0.5950,0.5195,0.6844,0.6243
176,2017-02-19,8,45-64,214.4286,214.1987,184.2617,249.6370,0.6110,0.5270,0.7089,0.6376
176,2017-02-19,8,65+,136.7143,135.4981,116.6245,157.4887,0.6990,0.5966,0.8210,0.7281
177,2017-02-20,8,0-5,263.5714,262.5772,228.3743,303.3808,1.0914,0.9136,1.3011,1.1465
177,2017-02-20,8,6-11,197.4286,193.7242,167.9273,223.5990,1.1320,0.9698,1.3162,1.2469
177,2017-02-20,8,12-17,63.4286,63.8897,53.9606,74.1587,0.9392,0.8076,1.0969,1.0012
177,2017-02-20,8,18-44,285.5714,289.1429,248.4494,335.3197,0.5910,0.5146,0.6773,0.6177
177,2017-02-20,8,45-64,207.4286,208.1406,179.1986,242.8084,0.6078,0.5234,0.7046,0.6315
177,2017-02-20,8,65+,132.1429,132.0133,113.2745,153.1383,0.6959,0.5927,0.8179,0.7217
178,2017-02-21,8,0-5,250.4286,251.8859,219.2582,291.7772,1.0858,0.9101,1.2984,1.1247
178,2017-02-21,8,6-11,185.1429,181.4463,157.1599,209.4919,1.1091,0.9556,1.2960,1.2157
178,2017-02-21,8,12-17,60.4286,60.6303,50.8734,71.0424,0.9318,0.7987,1.0868,0.9851
178,2017-02-21,8,18-44,273.1429,279.8379,240.2419,324.3437,0.5896,0.5146,0.6768,0.6065
178,2017-02-21,8,45-64,197.0000,202.2046,174.4350,235.5778,0.6086,0.5240,0.7047,0.6200
178,2017-02-21,8,65+,126.1429,128.1841,110.1229,149.3929,0.6978,0.5936,0.8219,0.7084
179,2017-02-22,8,0-5,243.7143,241.8103,209.6644,278.5630,1.0783,0.9051,1.2883,1.1337
179,2017-02-22,8,6-11,173.4286,169.0807,145.8714,195.2758,1.0923,0.9377,1.2678,1.2038
179,2017-02-22,8,12-17,57.2857,57.1822,48.0669,67.5498,0.9287,0.7953,1.0836,0.9841
179,2017-02-22,8,18-44,268.0000,269.7674,232.1915,312.6599,0.5891,0.5150,0.6761,0.6108
179,2017-02-22,8,45-64,192.5714,196.0653,168.5806,227.6249,0.6097,0.5266,0.7073,0.6245
179,2017-02-22,8,65+,121.7143,124.5627,106.9139,145.0388,0.7006,0.5978,0.8237,0.7109
180,2017-02-23,8,0-5,238.8571,230.3721,199.8009,265.9043,1.0773,0.9000,1.2844,1.1531
180,2017-02-23,8,6-11,164.4286,155.8038,134.6332,181.3486,1.0823,0.9326,1.2554,1.2101
180,2017-02-23,8,12-17,54.8571,53.6967,45.0645,63.7707,0.9288,0.7958,1.0755,0.9974
180,2017-02-23,8,18-44,264.0000,260.3677,224.2500,302.7227,0.5920,0.5179,0.6819,0.6235
180,2017-02-23,8,45-64,192.1429,189.6814,162.0096,220.0748,0.6149,0.5315,0.7143,0.6398
180,2017-02-23,8,65+,120.1429,120.4373,103.3720,140.5122,0.7060,0.6006,0.8313,0.7277
181,2017-02-24,8,0-5,218.8571,219.3269,189.0693,253.8935,1.0827,0.9112,1.2922,1.1045
181,2017-02-24,8,6-11,141.4286,143.4547,124.0112,167.1420,1.0864,0.9383,1.2708,1.1352
181,2017-02-24,8,12-17,51.2857,50.3193,42.0797,60.1765,0.9376,0.8095,1.0892,0.9715
181,2017-02-24,8,18-44,251.0000,250.9597,215.9573,291.6116,0.6017,0.5248,0.6917,0.6057
181,2017-02-24,8,45-64,181.1429,182.8465,157.0835,214.0682,0.6257,0.5404,0.7263,0.6259
181,2017-02-24,8,65+,116.1429,116.5592,100.4368,136.2331,0.7173,0.6110,0.8431,0.7168
182,2017-02-25,8,0-5,208.7143,208.6400,179.0624,242.6920,1.0986,0.9308,1.3019,1.1081
182,2017-02-25,8,6-11,133.0000,131.5768,113.2161,153.2192,1.1066,0.9539,1.2892,1.1439
182,2017-02-25,8,12-17,49.2857,47.1370,39.5157,56.4297,0.9599,0.8281,1.1178,0.9883
182,2017-02-25,8,18-44,244.2857,242.4777,209.5318,281.8292,0.6166,0.5371,0.7073,0.6168
182,2017-02-25,8,45-64,180.8571,177.0189,151.9609,205.6985,0.6421,0.5527,0.7460,0.6425
182,2017-02-25,8,65+,116.0000,113.0209,96.8131,131.8774,0.7356,0.6248,0.8653,0.7382
183,2017-02-26,9,0-5,193.4286,198.5238,170.3925,229.9188,1.1205,0.9455,1.3405,1.0590
183,2017-02-26,9,6-11,120.1429,121.1577,104.2584,141.1106,1.1374,0.9832,1.3224,1.0838
183,2017-02-26,9,12-17,43.0000,44.6022,37.3093,53.0866,0.9979,0.8574,1.1580,0.9116
183,2017-02-26,9,18-44,219.4286,234.7865,202.7185,273.0219,0.6372,0.5556,0.7359,0.5769
183,2017-02-26,9,45-64,159.7143,172.0325,147.2714,200.2455,0.6637,0.5726,0.7723,0.5951
183,2017-02-26,9,65+,103.5714,109.5944,93.9317,127.2329,0.7585,0.6470,0.8908,0.6834
184,2017-02-27,9,0-5,187.5714,189.1834,162.6520,219.2867,1.1518,0.9663,1.3694,1.0994
184,2017-02-27,9,6-11,113.8571,112.3069,96.3593,130.3887,1.1811,1.0168,1.3804,1.1252
184,2017-02-27,9,12-17,41.1429,42.3656,35.6553,50.3010,1.0449,0.9020,1.2096,0.9481
184,2017-02-27,9,18-44,224.0000,229.1802,197.9879,266.5988,0.6615,0.5770,0.7619,0.6090
184,2017-02-27,9,45-64,160.5714,166.9461,143.6697,195.4547,0.6897,0.5955,0.7986,0.6301
184,2017-02-27,9,65+,105.8571,106.9127,91.1280,124.9245,0.7857,0.6697,0.9209,0.7263
185,2017-02-28,9,0-5,179.8571,180.6329,155.8191,209.5901,1.1834,0.9987,1.4129,1.1163
185,2017-02-28,9,6-11,102.4286,104.8499,89.9204,121.9892,1.2377,1.0719,1.4415,1.1212
185,2017-02-28,9,12-17,38.8571,40.7901,34.3900,48.5974,1.1017,0.9439,1.2745,0.9632
185,2017-02-28,9,18-44,221.2857,223.4377,193.1520,259.9678,0.6880,0.5989,0.7917,0.6232
185,2017-02-28,9,45-64,159.1429,162.8598,139.8791,190.0321,0.7173,0.6200,0.8314,0.6459
185,2017-02-28,9,65+,101.4286,104.4067,88.8073,121.8146,0.8152,0.6964,0.9575,0.7372
186,2017-03-01,9,0-5,172.4286,172.5458,149.0020,200.8104,1.2175,1.0253,1.4469,1.1347
186,2017-03-01,9,6-11,94.5714,99.1688,85.1945,115.5858,1.3071,1.1233,1.5174,1.1350
186,2017-03-01,9,12-17,38.8571,39.9854,33.5605,47.6333,1.1666,1.0031,1.3586,1.0013
186,2017-03-01,9,18-44,219.4286,218.8405,189.7299,253.8628,0.7133,0.6211,0.8177,0.6405
186,2017-03-01,9,45-64,156.5714,159.4096,137.0775,185.7200,0.7425,0.6412,0.8589,0.6650
186,2017-03-01,9,65+,100.0000,101.9940,87.0305,119.4327,0.8396,0.7183,0.9870,0.7573
187,2017-03-02,9,0-5,166.8571,165.8373,143.5464,192.7091,1.2552,1.0583,1.4876,1.1571
187,2017-03-02,9,6-11,91.7143,95.5523,81.9525,111.6834,1.3815,1.1861,1.6158,1.1711
187,2017-03-02,9,12-17,38.7143,39.7714,33.1442,47.4887,1.2410,1.0656,1.4374,1.0356
187,2017-03-02,9,18-44,216.0000,215.7787,186.9083,251.1601,0.7368,0.6427,0.8444,0.6574
187,2017-03-02,9,45-64,154.4286,156.3520,135.0368,182.1990,0.7646,0.6613,0.8835,0.6827
187,2017-03-02,9,65+,98.8571,100.2219,85.4979,117.4763,0.8625,0.7351,1.0105,0.7765
188,2017-03-03,9,0-5,158.8571,160.6740,138.5144,186.3021,1.2943,1.0972,1.5423,1.1675
188,2017-03-03,9,6-11,90.4286,93.7314,80.0965,110.5213,1.4650,1.2600,1.7132,1.2117
188,2017-03-03,9,12-17,35.1429,40.4880,33.6643,48.7084,1.3287,1.1411,1.5455,1.0337
188,2017-03-03,9,18-44,212.5714,212.2236,183.0019,247.1843,0.7583,0.6616,0.8710,0.6750
188,2017-03-03,9,45-64,156.1429,153.6619,132.5273,178.8882,0.7829,0.6783,0.9034,0.7052
188,2017-03-03,9,65+,100.7143,98.8283,84.3910,116.3904,0.8779,0.7507,1.0272,0.8084
189,2017-03-04,9,0-5,154.2857,157.0170,134.2089,182.8705,1.3313,1.1225,1.5798,1.1739
189,2017-03-04,9,6-11,87.7143,94.8132,80.7380,112.3941,1.5579,1.3400,1.8121,1.2248
189,2017-03-04,9,12-17,38.4286,42.5876,35.3739,51.2054,1.4087,1.2095,1.6565,1.0853
189,2017-03-04,9,18-44,204.7143,209.8962,181.0547,244.3673,0.7754,0.6763,0.8895,0.6751
189,2017-03-04,9,45-64,151.4286,151.7734,130.7568,175.7772,0.7939,0.6876,0.9173,0.7019
189,2017-03-04,9,65+,93.2857,97.6283,83.8470,114.8026,0.8841,0.7570,1.0353,0.7891
190,2017-03-05,10,0-5,155.5714,154.6184,132.9658,180.2659,1.3628,1.1486,1.6148,1.2625
190,2017-03-05,10,6-11,96.4286,98.4814,84.0514,116.6974,1.6432,1.4117,1.9127,1.3817
190,2017-03-05,10,12-17,47.1429,45.9409,38.7525,55.3427,1.4879,1.2719,1.7473,1.2723
190,2017-03-05,10,18-44,219.5714,207.9821,179.3470,242.7526,0.7872,0.6881,0.9043,0.7480
190,2017-03-05,10,45-64,162.2857,149.6061,128.2123,173.8584,0.7980,0.6915,0.9205,0.7809
190,2017-03-05,10,65+,100.8571,96.9963,83.0371,113.6115,0.8820,0.7541,1.0330,0.8748
191,2017-03-06,10,0-5,152.1429,153.8486,132.0479,179.3593,1.3979,1.1784,1.6518,1.2502
191,2017-03-06,10,6-11,101.7143,104.5177,88.9530,123.7290,1.7234,1.4809,2.0154,1.4114
191,2017-03-06,10,12-17,53.2857,51.0424,42.7497,61.5351,1.5609,1.3323,1.8271,1.3139
191,2017-03-06,10,18-44,207.7143,206.6852,178.2503,241.3837,0.7969,0.6981,0.9122,0.7276
191,2017-03-06,10,45-64,150.1429,147.0235,125.8403,171.2227,0.7993,0.6949,0.9237,0.7508
191,2017-03-06,10,65+,95.0000,96.1548,81.8939,112.4505,0.8761,0.7490,1.0302,0.8355
192,2017-03-07,10,0-5,151.1429,154.2375,132.7534,180.8903,1.4303,1.2033,1.6859,1.2782
192,2017-03-07,10,6-11,116.7143,113.8566,96.9417,133.9690,1.7853,1.5386,2.0947,1.5321
192,2017-03-07,10,12-17,60.4286,57.5994,47.8538,68.8456,1.6233,1.3834,1.8969,1.3894
192,2017-03-07,10,18-44,208.8571,207.0411,178.1966,241.6655,0.8022,0.7047,0.9173,0.7449
192,2017-03-07,10,45-64,145.2857,144.4196,123.6262,167.8108,0.7968,0.6933,0.9144,0.7619
192,2017-03-07,10,65+,98.5714,94.9565,80.7551,111.5275,0.8635,0.7436,1.0087,0.8566
193,2017-03-08,10,0-5,152.8571,157.1109,134.3981,183.1056,1.4602,1.2360,1.7180,1.3013
193,2017-03-08,10,6-11,126.8571,125.9240,107.2513,148.0044,1.8434,1.5750,2.1536,1.5854
193,2017-03-08,10,12-17,66.5714,65.8494,55.4222,78.2628,1.6862,1.4299,1.9755,1.4240
193,2017-03-08,10,18-44,208.2857,208.5304,178.5875,242.4975,0.8069,0.7090,0.9224,0.7482
193,2017-03-08,10,45-64,141.5714,142.6540,121.9495,165.8831,0.7941,0.6917,0.9138,0.7587
193,2017-03-08,10,65+,97.7143,93.8587,80.1007,110.7286,0.8523,0.7314,0.9927,0.8518
194,2017-03-09,10,0-5,155.8571,161.8135,137.7851,188.3788,1.4783,1.2507,1.7483,1.3268
194,2017-03-09,10,6-11,137.1429,140.8928,119.7546,165.2334,1.8734,1.6073,2.1925,1.6247
194,2017-03-09,10,12-17,71.8571,76.1398,64.1709,90.5897,1.7395,1.4776,2.0424,1.4441
194,2017-03-09,10,18-44,210.1429,210.6378,181.4464,245.6887,0.8069,0.7091,0.9198,0.7549
194,2017-03-09,10,45-64,142.5714,141.5248,121.1804,165.5083,0.7890,0.6880,0.9042,0.7614
194,2017-03-09,10,65+,96.4286,93.0689,79.4472,109.0647,0.8395,0.7214,0.9783,0.8496
195,2017-03-10,10,0-5,169.5714,168.3885,142.9968,195.8253,1.4946,1.2659,1.7734,1.4044
195,2017-03-10,10,6-11,162.5714,158.0451,135.1858,186.0595,1.8941,1.6118,2.2267,1.7565
195,2017-03-10,10,12-17,92.1429,88.9182,75.1411,104.9580,1.7808,1.5126,2.1065,1.6074
195,2017-03-10,10,18-44,214.2857,215.1944,184.5054,252.9394,0.8042,0.7067,0.9154,0.7736
195,2017-03-10,10,45-64,140.4286,141.4944,121.2549,166.1705,0.7811,0.6836,0.8945,0.7642
195,2017-03-10,10,65+,88.4286,91.9419,78.6170,107.6448,0.8249,0.7108,0.9630,0.8212
196,2017-03-11,10,0-5,178.1429,176.4701,149.9930,205.5051,1.4917,1.2626,1.7895,1.4403
196,2017-03-11,10,6-11,185.4286,177.5069,152.5549,209.3476,1.8880,1.6137,2.2123,1.8280
196,2017-03-11,10,12-17,106.7143,104.4421,88.2052,123.3298,1.8079,1.5303,2.1385,1.6660
196,2017-03-11,10,18-44,222.8571,220.7326,189.8041,260.5770,0.7954,0.7020,0.9034,0.7836
196,2017-03-11,10,45-64,138.0000,142.2227,121.7149,166.9295,0.7696,0.6739,0.8799,0.7658
196,2017-03-11,10,65+,89.7143,91.0366,77.4216,106.8291,0.8076,0.6974,0.9410,0.8236
197,2017-03-12,11,0-5,190.4286,186.2812,158.2503,217.0851,1.4860,1.2593,1.7632,1.4742
197,2017-03-12,11,6-11,207.0000,199.2005,171.4260,234.2910,1.8827,1.6042,2.2077,1.8580
197,2017-03-12,11,12-17,122.0000,122.4327,104.0594,145.5307,1.8254,1.5478,2.1646,1.7027
197,2017-03-12,11,18-44,231.2857,228.4162,196.3700,268.7314,0.7850,0.6932,0.8925,0.7913
197,2017-03-12,11,45-64,143.1429,144.1788,122.8992,168.7712,0.7567,0.6632,0.8654,0.7712
197,2017-03-12,11,65+,90.2857,90.5287,77.0327,106.3227,0.7915,0.6808,0.9192,0.8254
198,2017-03-13,11,0-5,200.4286,196.9817,168.0964,230.1443,1.4721,1.2402,1.7492,1.4808
198,2017-03-13,11,6-11,227.1429,223.4186,191.2499,261.1801,1.8747,1.5913,2.2009,1.8587
198,2017-03-13,11,12-17,143.7143,143.7025,122.5146,170.4682,1.8332,1.5516,2.1743,1.7603
198,2017-03-13,11,18-44,242.0000,238.7922,205.0707,277.8302,0.7709,0.6799,0.8756,0.7935
198,2017-03-13,11,45-64,148.8571,147.1818,125.2464,172.6016,0.7401,0.6495,0.8443,0.7742
198,2017-03-13,11,65+,91.4286,90.7357,77.5279,106.5628,0.7712,0.6633,0.8966,0.8236
199,2017-03-14,11,0-5,213.0000,208.8730,179.8396,244.2344,1.4604,1.2301,1.7240,1.4922
199,2017-03-14,11,6-11,249.8571,250.0142,214.1531,292.4158,1.8683,1.5949,2.2042,1.8636
199,2017-03-14,11,12-17,173.2857,169.0702,144.0430,200.5103,1.8332,1.5416,2.1643,1.8364
199,2017-03-14,11,18-44,257.4286,250.5043,215.9579,290.3663,0.7556,0.6669,0.8553,0.7963
199,2017-03-14,11,45-64,154.4286,151.3904,128.4863,176.6642,0.7212,0.6337,0.8213,0.7741
199,2017-03-14,11,65+,90.5714,91.4925,78.0052,107.6655,0.7492,0.6483,0.8713,0.8103
200,2017-03-15,11,0-5,222.2857,222.1733,190.9360,259.5603,1.4390,1.2144,1.7057,1.4704
200,2017-03-15,11,6-11,272.2857,280.3994,239.6936,327.9540,1.8623,1.5899,2.1979,1.8407
200,2017-03-15,11,12-17,199.0000,197.9316,169.5403,233.9464,1.8181,1.5424,2.1499,1.8359
200,2017-03-15,11,18-44,267.2857,263.2254,227.1664,307.2331,0.7393,0.6541,0.8385,0.7832
200,2017-03-15,11,45-64,160.8571,155.6612,133.0974,182.6016,0.7013,0.6169,0.8004,0.7619
200,2017-03-15,11,65+,92.4286,93.0982,79.1527,109.6435,0.7269,0.6290,0.8442,0.7968
201,2017-03-16,11,0-5,229.4286,235.9944,203.4118,275.6716,1.4283,1.2049,1.6976,1.4226
201,2017-03-16,11,6-11,289.7143,314.5869,269.9737,370.8594,1.8567,1.5812,2.1924,1.7711
201,2017-03-16,11,12-17,212.7143,230.8957,195.9890,272.1659,1.8011,1.5201,2.1387,1.7295
201,2017-03-16,11,18-44,270.5714,277.3711,238.1568,325.2651,0.7256,0.6421,0.8213,0.7453
201,2017-03-16,11,45-64,159.8571,161.4265,137.7482,189.3052,0.6836,0.6012,0.7777,0.7207
201,2017-03-16,11,65+,93.0000,95.0019,80.8989,111.5221,0.7064,0.6105,0.8162,0.7593
202,2017-03-17,11,0-5,249.4286,251.4285,217.2034,292.0619,1.4187,1.1962,1.6847,1.4703
202,2017-03-17,11,6-11,355.2857,352.9365,303.9462,412.9731,1.8459,1.5701,2.1722,1.9285
202,2017-03-17,11,12-17,274.5714,266.4406,227.9255,312.4865,1.7654,1.4922,2.0986,1.9095
202,2017-03-17,11,18-44,290.1429,292.8125,252.1654,342.9552,0.7127,0.6302,0.8064,0.7708
202,2017-03-17,11,45-64,164.4286,166.9091,143.0539,195.5355,0.6665,0.5862,0.7577,0.7399
202,2017-03-17,11,65+,100.5714,96.9676,82.6703,114.1234,0.6853,0.5929,0.7958,0.7795
203,2017-03-18,11,0-5,267.4286,267.7290,230.1312,311.3536,1.3958,1.1792,1.6674,1.4750
203,2017-03-18,11,6-11,408.1429,394.6852,339.8844,462.0960,1.8081,1.5374,2.1431,1.9598
203,2017-03-18,11,12-17,314.4286,303.9669,261.6469,356.7979,1.7044,1.4352,2.0339,1.8997
203,2017-03-18,11,18-44,307.1429,309.6594,265.3657,362.9199,0.6942,0.6137,0.7864,0.7631
203,2017-03-18,11,45-64,171.5714,172.6432,148.4075,201.9047,0.6458,0.5675,0.7342,0.7252
203,2017-03-18,11,65+,101.1429,99.3915,84.8643,116.6612,0.6627,0.5748,0.7667,0.7564
204,2017-03-19,12,0-5,284.4286,285.2161,245.0475,332.4390,1.3769,1.1573,1.6505,1.4587
204,2017-03-19,12,6-11,455.7143,439.2560,379.0306,512.9141,1.7617,1.4957,2.0725,1.9350
204,2017-03-19,12,12-17,356.5714,341.9807,294.1504,399.1616,1.6434,1.3964,1.9532,1.8628
204,2017-03-19,12,18-44,326.1429,327.5737,280.2054,383.1076,0.6771,0.5977,0.7666,0.7447
204,2017-03-19,12,45-64,177.0000,180.0301,153.4939,211.4319,0.6266,0.5511,0.7114,0.7016
204,2017-03-19,12,65+,102.2857,101.9353,86.8083,120.3762,0.6391,0.5547,0.7385,0.7271
205,2017-03-20,12,0-5,305.7143,303.2580,260.5184,354.4463,1.3495,1.1335,1.6084,1.4579
205,2017-03-20,12,6-11,501.1429,484.3069,418.0949,561.3765,1.7134,1.4596,2.0320,1.9010
205,2017-03-20,12,12-17,390.0000,379.0042,324.9346,442.2181,1.5982,1.3485,1.9048,1.7988
205,2017-03-20,12,18-44,355.7143,348.2148,299.0510,406.9772,0.6591,0.5829,0.7483,0.7354
205,2017-03-20,12,45-64,188.2857,188.9988,161.1846,221.0013,0.6083,0.5350,0.6913,0.6886
205,2017-03-20,12,65+,106.4286,104.5578,89.3421,123.4450,0.6177,0.5354,0.7131,0.7131
206,2017-03-21,12,0-5,330.4286,323.0821,277.8127,376.4735,1.3282,1.1137,1.5802,1.4475
206,2017-03-21,12,6-11,535.5714,528.7754,457.0552,618.3234,1.6804,1.4338,1.9907,1.8320
206,2017-03-21,12,12-17,425.1429,416.7969,358.8522,485.3220,1.5671,1.3158,1.8747,1.7399
206,2017-03-21,12,18-44,374.8571,371.8095,319.5457,436.9441,0.6441,0.5691,0.7299,0.7170
206,2017-03-21,12,45-64,201.1429,199.3564,169.9207,234.2704,0.5925,0.5212,0.6739,0.6712
206,2017-03-21,12,65+,111.8571,107.4389,92.1915,126.4548,0.5968,0.5189,0.6879,0.6976
207,2017-03-22,12,0-5,348.1429,342.5766,295.9758,398.6091,1.3068,1.0990,1.5565,1.4123
207,2017-03-22,12,6-11,568.8571,573.2083,496.1180,672.5608,1.6570,1.4076,1.9707,1.7644
207,2017-03-22,12,12-17,449.0000,454.3176,389.6711,524.9100,1.5434,1.2956,1.8270,1.6565
207,2017-03-22,12,18-44,396.8571,396.6157,339.8917,466.7124,0.6315,0.5599,0.7148,0.6921
207,2017-03-22,12,45-64,209.8571,211.5138,180.3711,248.8156,0.5795,0.5110,0.6574,0.6436
207,2017-03-22,12,65+,111.1429,110.4296,94.1376,129.0916,0.5802,0.5042,0.6675,0.6625
208,2017-03-23,12,0-5,358.4286,363.5533,312.8752,421.6227,1.2918,1.0848,1.5416,1.3551
208,2017-03-23,12,6-11,592.2857,619.5409,537.2515,725.2671,1.6509,1.3962,1.9420,1.6837
208,2017-03-23,12,12-17,461.2857,491.6508,419.7023,569.1125,1.5414,1.2967,1.8264,1.5615
208,2017-03-23,12,18-44,409.5714,423.4131,362.6999,493.0306,0.6251,0.5528,0.7066,0.6613
208,2017-03-23,12,45-64,217.1429,223.6966,190.8979,261.7003,0.5730,0.5047,0.6505,0.6141
208,2017-03-23,12,65+,112.1429,113.3064,96.6055,133.2989,0.5703,0.4965,0.6539,0.6316
209,2017-03-24,12,0-5,378.0000,384.5657,331.1497,445.7904,1.2835,1.0802,1.5287,1.3525
209,2017-03-24,12,6-11,658.4286,668.3684,580.8164,782.8189,1.6354,1.3865,1.9407,1.7181
209,2017-03-24,12,12-17,504.0000,531.3970,455.9725,615.5680,1.5343,1.2884,1.8324,1.5771
209,2017-03-24,12,18-44,439.5714,449.2584,384.4436,523.2882,0.6181,0.5470,0.6994,0.6633
209,2017-03-24,12,45-64,232.4286,236.1159,203.0676,274.6577,0.5660,0.4986,0.6435,0.6125
209,2017-03-24,12,65+,110.1429,115.9438,98.7807,135.7747,0.5611,0.4885,0.6452,0.6161
210,2017-03-25,12,0-5,403.8571,404.7221,348.4230,470.6932,1.2696,1.0690,1.5099,1.3615
210,2017-03-25,12,6-11,715.1429,718.8422,624.7199,842.6219,1.6196,1.3680,1.9074,1.7317
210,2017-03-25,12,12-17,570.0000,574.4896,493.8140,665.2842,1.5209,1.2783,1.8118,1.6307
210,2017-03-25,12,18-44,469.1429,471.1130,405.0518,547.9427,0.6099,0.5398,0.6903,0.6673
210,2017-03-25,12,45-64,244.4286,248.1277,212.7250,288.4284,0.5588,0.4922,0.6353,0.6161
210,2017-03-25,12,65+,116.8571,118.5771,100.7010,138.4222,0.5531,0.4817,0.6365,0.6187
211,2017-03-26,13,0-5,425.5714,425.0866,366.5489,495.6064,1.2517,1.0509,1.4920,1.3511
211,2017-03-26,13,6-11,775.0000,769.5946,666.8191,900.1309,1.5928,1.3447,1.8962,1.7295
211,2017-03-26,13,12-17,619.8571,617.5091,530.8566,714.9070,1.4970,1.2563,1.7844,1.6295
211,2017-03-26,13,18-44,495.1429,490.8446,422.0326,570.5027,0.5993,0.5304,0.6791,0.6622
211,2017-03-26,13,45-64,258.8571,258.8022,221.0929,301.8624,0.5494,0.4829,0.6250,0.6112
211,2017-03-26,13,65+,122.2857,120.9095,103.2212,141.2761,0.5436,0.4721,0.6251,0.6131
212,2017-03-27,13,0-5,449.7143,445.4846,386.2422,520.9609,1.2308,1.0395,1.4719,1.3357
212,2017-03-27,13,6-11,830.2857,819.8139,709.1885,957.8704,1.5644,1.3148,1.8566,1.7065
212,2017-03-27,13,12-17,674.1429,659.7895,567.8301,761.2470,1.4694,1.2283,1.7512,1.6178
212,2017-03-27,13,18-44,515.0000,511.0932,440.3075,590.8899,0.5874,0.5207,0.6656,0.6491
212,2017-03-27,13,45-64,271.2857,270.1981,231.3623,316.6586,0.5389,0.4750,0.6144,0.5973
212,2017-03-27,13,65+,123.1429,123.4962,105.7633,144.9620,0.5342,0.4650,0.6164,0.5932
213,2017-03-28,13,0-5,469.0000,466.7722,403.4903,543.6265,1.2124,1.0116,1.4521,1.3088
213,2017-03-28,13,6-11,875.5714,869.8973,751.0499,1010.4310,1.5291,1.2899,1.8217,1.6659
213,2017-03-28,13,12-17,709.4286,702.5764,603.3265,814.1081,1.4371,1.2024,1.7210,1.5706
213,2017-03-28,13,18-44,535.5714,530.0148,456.8522,614.5306,0.5756,0.5103,0.6528,0.6329
213,2017-03-28,13,45-64,285.2857,283.3073,241.9688,331.7028,0.5288,0.4659,0.6015,0.5817
213,2017-03-28,13,65+,125.1429,127.2617,109.2092,149.3485,0.5261,0.4573,0.6047,0.5753
214,2017-03-29,13,0-5,488.7143,486.7277,420.6026,567.8225,1.1996,1.0023,1.4392,1.2821
214,2017-03-29,13,6-11,915.7143,914.2822,791.5613,1059.2209,1.5014,1.2763,1.7895,1.6219
214,2017-03-29,13,12-17,743.2857,741.5982,638.3626,860.7152,1.4054,1.1807,1.6976,1.5256
214,2017-03-29,13,18-44,548.4286,548.8301,472.7538,636.7966,0.5666,0.5007,0.6406,0.6155
214,2017-03-29,13,45-64,296.8571,296.1328,252.6144,346.5193,0.5206,0.4579,0.5925,0.5660
214,2017-03-29,13,65+,130.2857,131.3210,112.8952,155.2280,0.5196,0.4520,0.5992,0.5623
215,2017-03-30,13,0-5,494.1429,508.2085,437.6382,587.9434,1.1858,0.9902,1.4220,1.2322
215,2017-03-30,13,6-11,941.0000,956.6409,828.7913,1105.4126,1.4761,1.2498,1.7442,1.5631
215,2017-03-30,13,12-17,764.2857,777.5978,670.3171,907.9573,1.3773,1.1501,1.6486,1.4672
215,2017-03-30,13,18-44,557.5714,566.9574,486.7127,659.4682,0.5572,0.4937,0.6309,0.5923
215,2017-03-30,13,45-64,302.7143,310.3394,266.2036,360.8575,0.5121,0.4516,0.5826,0.5450
215,2017-03-30,13,65+,132.8571,136.5559,116.9649,159.8878,0.5133,0.4467,0.5911,0.5426
216,2017-03-31,13,0-5,528.8571,529.8241,455.9672,615.3127,1.1724,0.9858,1.4115,1.2556
216,2017-03-31,13,6-11,1006.4286,995.9312,862.1014,1155.8227,1.4465,1.2134,1.7161,1.5839
216,2017-03-31,13,12-17,825.7143,809.1169,700.6415,944.3838,1.3423,1.1235,1.6089,1.4946
216,2017-03-31,13,18-44,583.4286,583.6584,501.5110,683.0253,0.5469,0.4841,0.6188,0.6002
216,2017-03-31,13,45-64,326.2857,323.5406,277.4710,375.6882,0.5022,0.4424,0.5722,0.5539
216,2017-03-31,13,65+,141.7143,142.0016,120.7651,166.6342,0.5055,0.4392,0.5830,0.5523
217,2017-04-01,13,0-5,548.2857,550.0187,474.4099,640.6462,1.1644,0.9782,1.3999,1.2385
217,2017-04-01,13,6-11,1031.5714,1030.0586,888.2072,1197.1187,1.4203,1.1967,1.6930,1.5438
217,2017-04-01,13,12-17,842.8571,838.7065,723.9627,969.2923,1.3065,1.0976,1.5729,1.4490
217,2017-04-01,13,18-44,596.2857,599.3586,512.1625,699.8332,0.5392,0.4775,0.6087,0.5880
217,2017-04-01,13,45-64,338.1429,335.1875,289.2927,391.7192,0.4945,0.4355,0.5613,0.5435
217,2017-04-01,13,65+,149.4286,147.3079,125.2191,172.3280,0.4999,0.4337,0.5761,0.5469
218,2017-04-02,14,0-5,568.0000,570.0535,489.6541,666.2404,1.1550,0.9626,1.3908,1.2209
218,2017-04-02,14,6-11,1050.7143,1060.0611,912.9970,1230.6502,1.3975,1.1790,1.6652,1.5015
218,2017-04-02,14,12-17,850.8571,857.8803,744.9022,994.3346,1.2835,1.0786,1.5393,1.3977
218,2017-04-02,14,18-44,606.8571,614.6001,528.0016,713.7914,0.5325,0.4715,0.6035,0.5733
218,2017-04-02,14,45-64,345.4286,345.9437,297.3670,403.7750,0.4884,0.4307,0.5571,0.5284
218,2017-04-02,14,65+,151.2857,152.3588,130.1284,178.3385,0.4953,0.4303,0.5714,0.5316
219,2017-04-03,14,0-5,581.4286,588.9135,509.7063,687.8497,1.1443,0.9570,1.3767,1.1972
219,2017-04-03,14,6-11,1060.5714,1082.3762,937.7849,1256.2743,1.3765,1.1652,1.6428,1.4593
219,2017-04-03,14,12-17,854.2857,874.1697,759.2889,1011.9141,1.2647,1.0583,1.5154,1.3525
219,2017-04-03,14,18-44,615.4286,627.8024,541.5542,727.2754,0.5260,0.4656,0.5948,0.5590
219,2017-04-03,14,45-64,349.0000,355.2796,307.4367,413.7973,0.4824,0.4246,0.5496,0.5147
219,2017-04-03,14,65+,154.7143,156.9231,133.8582,183.4087,0.4891,0.4258,0.5636,0.5198
220,2017-04-04,14,0-5,599.7143,606.5478,526.1812,710.2443,1.1304,0.9432,1.3639,1.1926
220,2017-04-04,14,6-11,1090.7143,1103.5517,956.2580,1275.7030,1.3563,1.1435,1.6109,1.4534
220,2017-04-04,14,12-17,867.7143,885.4919,764.4640,1024.4191,1.2430,1.0391,1.4823,1.3376
220,2017-04-04,14,18-44,632.5714,638.5332,552.2684,737.9682,0.5194,0.4593,0.5872,0.5566
220,2017-04-04,14,45-64,357.5714,363.3771,314.7908,424.3080,0.4765,0.4190,0.5435,0.5127
220,2017-04-04,14,65+,161.8571,161.4509,137.2026,189.0226,0.4834,0.4206,0.5581,0.5210
221,2017-04-05,14,0-5,619.0000,622.4748,539.7249,726.4560,1.1113,0.9306,1.3326,1.1905
221,2017-04-05,14,6-11,1120.7143,1115.2803,967.5655,1286.2394,1.3237,1.1135,1.5830,1.4513
221,2017-04-05,14,12-17,891.0000,890.0119,767.3272,1028.9524,1.2071,1.0150,1.4437,1.3393
221,2017-04-05,14,18-44,646.0000,648.2562,560.1179,751.7009,0.5086,0.4502,0.5755,0.5560
221,2017-04-05,14,45-64,370.8571,368.8006,318.8210,432.7895,0.4673,0.4111,0.5321,0.5131
221,2017-04-05,14,65+,165.8571,164.1396,141.1711,193.2942,0.4745,0.4135,0.5488,0.5206
222,2017-04-06,14,0-5,635.0000,634.5501,547.0023,742.3935,1.0865,0.9064,1.3045,1.1791
222,2017-04-06,14,6-11,1128.2857,1123.4438,976.9128,1294.5789,1.2981,1.0932,1.5446,1.4247
222,2017-04-06,14,12-17,896.5714,887.6325,763.8469,1027.4873,1.1739,0.9869,1.4152,1.3169
222,2017-04-06,14,18-44,651.8571,652.6468,563.9094,754.7409,0.4989,0.4419,0.5650,0.5474
222,2017-04-06,14,45-64,375.8571,372.8607,321.3403,435.0724,0.4592,0.4038,0.5242,0.5048
222,2017-04-06,14,65+,166.7143,166.2003,142.9825,194.8478,0.4672,0.4058,0.5395,0.5113
223,2017-04-07,14,0-5,661.2857,642.7088,557.2591,751.3399,1.0637,0.8842,1.2845,1.1856
223,2017-04-07,14,6-11,1135.0000,1123.7692,978.6490,1294.1726,1.2702,1.0675,1.5067,1.4065
223,2017-04-07,14,12-17,888.4286,879.8537,760.7911,1021.4291,1.1481,0.9601,1.3783,1.2875
223,2017-04-07,14,18-44,665.1429,653.5397,566.2330,754.0857,0.4885,0.4322,0.5531,0.5436
223,2017-04-07,14,45-64,378.0000,376.3504,325.5001,439.6923,0.4509,0.3952,0.5145,0.4995
223,2017-04-07,14,65+,171.7143,167.8287,144.6638,195.5905,0.4590,0.3975,0.5295,0.5090
224,2017-04-08,14,0-5,661.1429,648.2242,564.4839,758.7799,1.0384,0.8606,1.2541,1.1517
224,2017-04-08,14,6-11,1127.7143,1118.3935,967.0959,1285.6651,1.2382,1.0481,1.4686,1.3692
224,2017-04-08,14,12-17,876.1429,864.4045,752.4440,999.1905,1.1198,0.9328,1.3371,1.2518
224,2017-04-08,14,18-44,658.7143,652.5264,562.6684,753.9391,0.4786,0.4225,0.5421,0.5281
224,2017-04-08,14,45-64,375.1429,378.8230,325.4078,442.0563,0.4432,0.3886,0.5063,0.4850
224,2017-04-08,14,65+,168.2857,168.5646,145.0953,196.5403,0.4522,0.3925,0.5220,0.4925
225,2017-04-09,15,0-5,661.8571,648.8850,560.2142,756.4924,1.0208,0.8505,1.2328,1.1275
225,2017-04-09,15,6-11,1114.8571,1103.7941,958.5177,1273.2641,1.2160,1.0272,1.4413,1.3384
225,2017-04-09,15,12-17,851.0000,844.2404,738.4841,975.0047,1.0895,0.9105,1.3086,1.2161
225,2017-04-09,15,18-44,652.7143,646.0701,558.1554,750.5620,0.4710,0.4167,0.5332,0.5180
225,2017-04-09,15,45-64,378.2857,380.7899,326.6520,441.9196,0.4381,0.3841,0.5004,0.4775
225,2017-04-09,15,65+,170.1429,168.3678,144.4452,196.4263,0.4481,0.3892,0.5178,0.4873
226,2017-04-10,15,0-5,651.7143,646.0534,560.2612,754.2780,1.0072,0.8404,1.2097,1.0943
226,2017-04-10,15,6-11,1093.7143,1085.0175,941.0708,1254.5581,1.1986,1.0101,1.4334,1.3051
226,2017-04-10,15,12-17,826.1429,819.5527,715.7934,944.7590,1.0740,0.8975,1.2752,1.1874
226,2017-04-10,15,18-44,636.1429,638.2760,551.4541,740.3171,0.4664,0.4127,0.5274,0.5065
226,2017-04-10,15,45-64,384.8571,381.4894,327.2830,444.4147,0.4357,0.3818,0.4976,0.4702
226,2017-04-10,15,65+,167.4286,167.6520,143.7295,195.6591,0.4468,0.3873,0.5162,0.4790
227,2017-04-11,15,0-5,635.1429,640.7754,554.9663,743.0552,0.9997,0.8336,1.1961,1.0579
227,2017-04-11,15,6-11,1054.1429,1063.6006,920.3448,1231.7928,1.1881,0.9991,1.4150,1.2596
227,2017-04-11,15,12-17,783.8571,789.6989,690.1851,905.4127,1.0631,0.8922,1.2678,1.1415
227,2017-04-11,15,18-44,615.7143,627.9015,540.8730,725.8133,0.4646,0.4104,0.5251,0.4900
227,2017-04-11,15,45-64,376.4286,381.2244,329.1061,443.1714,0.4355,0.3811,0.4972,0.4554
227,2017-04-11,15,65+,161.1429,166.8990,143.0175,194.6582,0.4481,0.3871,0.5191,0.4630
228,2017-04-12,15,0-5,621.2857,633.4135,546.5864,729.3544,0.9912,0.8224,1.1935,1.0378
228,2017-04-12,15,6-11,1014.7143,1037.7123,898.8104,1199.4198,1.1799,0.9945,1.3995,1.2301
228,2017-04-12,15,12-17,748.7143,759.8824,662.8094,870.2721,1.0542,0.8837,1.2542,1.1161
228,2017-04-12,15,18-44,602.2857,615.6304,530.5101,711.3044,0.4635,0.4094,0.5246,0.4826
228,2017-04-12,15,45-64,371.2857,380.3060,326.0547,442.4471,0.4363,0.3820,0.4992,0.4505
228,2017-04-12,15,65+,161.2857,165.6427,142.4969,193.5985,0.4504,0.3903,0.5226,0.4609
229,2017-04-13,15,0-5,622.7143,621.5419,537.4806,714.4830,0.9887,0.8152,1.1918,1.0480
229,2017-04-13,15,6-11,1002.7143,1009.7046,871.9103,1164.8223,1.1769,0.9905,1.3998,1.2377
229,2017-04-13,15,12-17,730.4286,727.1810,635.7460,838.4821,1.0514,0.8830,1.2546,1.1196
229,2017-04-13,15,18-44,598.7143,601.5663,519.1058,691.4900,0.4642,0.4105,0.5265,0.4866
229,2017-04-13,15,45-64,368.1429,377.6742,325.8793,439.3662,0.4389,0.3847,0.5039,0.4543
229,2017-04-13,15,65+,162.2857,163.9312,141.2323,191.7966,0.4552,0.3937,0.5294,0.4665
230,2017-04-14,15,0-5,595.7143,610.1177,526.7752,697.6756,0.9865,0.8190,1.1857,1.0177
230,2017-04-14,15,6-11,970.7143,980.9023,846.6870,1129.5437,1.1747,0.9917,1.4101,1.2177
230,2017-04-14,15,12-17,679.5714,696.1812,603.5859,801.9158,1.0496,0.8830,1.2537,1.0873
230,2017-04-14,15,18-44,571.2857,583.9533,504.9969,674.4999,0.4649,0.4106,0.5263,0.4792
230,2017-04-14,15,45-64,373.4286,372.5134,322.1641,433.2348,0.4409,0.3859,0.5052,0.4524
230,2017-04-14,15,65+,160.5714,161.9412,139.4082,189.1579,0.4588,0.3964,0.5328,0.4666
231,2017-04-15,15,0-5,587.0000,594.9423,514.4782,683.3849,0.9858,0.8209,1.1880,1.0197
231,2017-04-15,15,6-11,952.8571,951.3244,821.5480,1099.6157,1.1745,0.9920,1.3990,1.2206
231,2017-04-15,15,12-17,638.8571,664.0985,574.1465,765.6508,1.0498,0.8824,1.2532,1.0704
231,2017-04-15,15,18-44,562.7143,564.8237,488.8821,653.6015,0.4652,0.4107,0.5261,0.4803
231,2017-04-15,15,45-64,368.4286,366.2886,317.0037,425.7889,0.4422,0.3865,0.5066,0.4534
231,2017-04-15,15,65+,159.1429,160.1950,137.8866,186.7796,0.4618,0.3991,0.5358,0.4691
232,2017-04-16,16,0-5,580.0000,579.0016,502.2614,670.1109,0.9832,0.8238,1.1919,1.0218
232,2017-04-16,16,6-11,925.4286,918.5922,798.6114,1064.1885,1.1718,0.9850,1.4025,1.2158
232,2017-04-16,16,12-17,627.2857,633.3069,550.6272,729.9969,1.0419,0.8767,1.2519,1.0836
232,2017-04-16,16,18-44,545.2857,545.6959,473.1991,634.0600,0.4648,0.4110,0.5268,0.4800
232,2017-04-16,16,45-64,360.0000,359.2329,309.1410,417.2466,0.4425,0.3866,0.5054,0.4539
232,2017-04-16,16,65+,156.4286,158.2730,135.6086,183.7490,0.4639,0.3990,0.5392,0.4693
233,2017-04-17,16,0-5,566.2857,562.9894,487.5737,654.5241,0.9856,0.8155,1.1847,1.0180
233,2017-04-17,16,6-11,893.1429,887.3114,775.3592,1028.7864,1.1672,0.9807,1.3866,1.2073
233,2017-04-17,16,12-17,600.1429,603.5240,525.7430,694.3361,1.0369,0.8739,1.2343,1.0795
233,2017-04-17,16,18-44,534.0000,527.7895,458.3830,614.5664,0.4640,0.4098,0.5265,0.4796
233,2017-04-17,16,45-64,350.2857,350.2242,301.1785,406.9606,0.4418,0.3872,0.5050,0.4546
233,2017-04-17,16,65+,156.8571,155.3945,133.2867,181.2480,0.4641,0.4008,0.5382,0.4733
234,2017-04-18,16,0-5,554.1429,548.3416,475.9695,639.5398,0.9864,0.8205,1.1921,1.0144
234,2017-04-18,16,6-11,862.1429,860.2674,750.0459,996.5056,1.1674,0.9948,1.3930,1.1994
234,2017-04-18,16,12-17,580.1429,575.0640,500.0087,659.5628,1.0340,0.8698,1.2349,1.0832
234,2017-04-18,16,18-44,513.8571,509.6529,442.6269,592.9298,0.4640,0.4106,0.5261,0.4789
234,2017-04-18,16,45-64,346.7143,340.9366,292.3547,395.5372,0.4423,0.3874,0.5065,0.4565
234,2017-04-18,16,65+,155.1429,152.4514,130.8610,177.3963,0.4659,0.4015,0.5420,0.4763
235,2017-04-19,16,0-5,539.5714,534.1467,462.4435,619.7215,0.9840,0.8202,1.1848,1.0066
235,2017-04-19,16,6-11,828.5714,831.2853,724.5408,955.8837,1.1658,0.9824,1.3910,1.1850
235,2017-04-19,16,12-17,546.5714,547.3367,475.1751,627.8887,1.0285,0.8637,1.2241,1.0617
235,2017-04-19,16,18-44,496.1429,491.9231,425.0588,572.2382,0.4635,0.4099,0.5256,0.4725
235,2017-04-19,16,45-64,328.8571,330.7551,285.1572,384.4817,0.4423,0.3870,0.5063,0.4486
235,2017-04-19,16,65+,149.8571,149.2963,128.7602,174.8604,0.4684,0.4037,0.5442,0.4689
236,2017-04-20,16,0-5,517.5714,520.6393,449.8198,600.8785,0.9858,0.8245,1.1952,0.9943
236,2017-04-20,16,6-11,808.7143,804.0098,698.4995,923.3227,1.1779,0.9895,1.4140,1.1897
236,2017-04-20,16,12-17,529.5714,520.6030,450.2845,597.0483,1.0232,0.8605,1.2199,1.0703
236,2017-04-20,16,18-44,478.8571,475.1706,411.4483,551.7159,0.4644,0.4105,0.5277,0.4731
236,2017-04-20,16,45-64,325.1429,320.0646,275.3631,371.5123,0.4424,0.3870,0.5092,0.4522
236,2017-04-20,16,65+,147.7143,146.7066,125.6515,171.3711,0.4700,0.4051,0.5490,0.4732
237,2017-04-21,16,0-5,499.4286,506.4458,439.4001,584.0841,0.9949,0.8298,1.2001,0.9801
237,2017-04-21,16,6-11,757.7143,779.6685,675.1371,897.7008,1.1928,1.0023,1.4196,1.1544
237,2017-04-21,16,12-17,487.8571,494.4446,426.1770,569.6828,1.0195,0.8584,1.2132,1.0308
237,2017-04-21,16,18-44,455.5714,457.3894,397.5886,532.9334,0.4672,0.4126,0.5281,0.4613
237,2017-04-21,16,45-64,302.4286,309.4482,266.5261,358.8384,0.4447,0.3879,0.5093,0.4394
237,2017-04-21,16,65+,143.1429,144.0100,123.7411,168.6686,0.4737,0.4071,0.5515,0.4637
238,2017-04-22,16,0-5,487.7143,493.3094,427.4205,568.9801,1.0019,0.8333,1.2044,0.9840
238,2017-04-22,16,6-11,730.1429,754.9597,656.0563,873.3557,1.2026,1.0129,1.4321,1.1550
238,2017-04-22,16,12-17,465.5714,468.1868,404.8625,541.2020,1.0124,0.8575,1.2056,1.0322
238,2017-04-22,16,18-44,436.4286,443.0741,383.8616,512.3137,0.4697,0.4149,0.5317,0.4630
238,2017-04-22,16,45-64,296.4286,299.5163,258.2806,348.5801,0.4464,0.3905,0.5122,0.4428
238,2017-04-22,16,65+,141.7143,141.2695,121.1431,165.1280,0.4772,0.4102,0.5554,0.4698
239,2017-04-23,17,0-5,471.2857,481.4381,415.1096,556.1493,1.0095,0.8373,1.2201,0.9837
239,2017-04-23,17,6-11,714.4286,735.9529,641.4888,856.1817,1.2110,1.0193,1.4328,1.1665
239,2017-04-23,17,12-17,430.2857,441.6513,384.0763,514.1860,1.0113,0.8522,1.1954,1.0141
239,2017-04-23,17,18-44,423.2857,427.6487,370.2055,496.0294,0.4713,0.4169,0.5339,0.4637
239,2017-04-23,17,45-64,286.5714,290.0627,248.9664,337.5036,0.4479,0.3921,0.5129,0.4426
239,2017-04-23,17,65+,136.5714,138.6933,118.7439,161.2632,0.4799,0.4125,0.5590,0.4697
240,2017-04-24,17,0-5,462.1429,470.3869,405.5882,541.7917,1.0118,0.8396,1.2198,0.9902
240,2017-04-24,17,6-11,698.5714,719.1444,623.2704,835.5059,1.2015,1.0091,1.4319,1.1750
240,2017-04-24,17,12-17,402.5714,416.6200,361.7237,485.0559,1.0004,0.8400,1.1957,1.0038
240,2017-04-24,17,18-44,402.7143,411.8941,356.9936,477.5608,0.4712,0.4161,0.5338,0.4628
240,2017-04-24,17,45-64,275.5714,280.2762,242.0232,325.2596,0.4484,0.3919,0.5135,0.4407
240,2017-04-24,17,65+,130.8571,135.5973,115.4892,157.7832,0.4831,0.4143,0.5617,0.4674
241,2017-04-25,17,0-5,456.2857,459.7500,396.0005,527.6698,1.0106,0.8392,1.2148,1.0091
241,2017-04-25,17,6-11,697.7143,701.0914,607.2361,810.5613,1.1877,0.9963,1.4091,1.2080
241,2017-04-25,17,12-17,383.2857,392.1392,342.7140,454.7429,0.9814,0.8289,1.1715,1.0147
241,2017-04-25,17,18-44,394.7143,397.2831,343.5605,460.0020,0.4692,0.4135,0.5319,0.4721
241,2017-04-25,17,45-64,268.2857,270.4253,233.0969,313.4074,0.4469,0.3897,0.5123,0.4494
241,2017-04-25,17,65+,131.8571,131.8258,112.5573,154.3996,0.4852,0.4157,0.5624,0.4809
242,2017-04-26,17,0-5,444.4286,448.0888,387.1984,518.2242,0.9992,0.8305,1.2015,1.0144
242,2017-04-26,17,6-11,697.2857,680.1559,587.6710,781.0007,1.1624,0.9719,1.3913,1.2356
242,2017-04-26,17,12-17,373.7143,368.0148,319.3283,425.7901,0.9604,0.8102,1.1426,1.0392
242,2017-04-26,17,18-44,384.4286,382.7645,330.1312,443.2872,0.4636,0.4082,0.5270,0.4792
242,2017-04-26,17,45-64,264.4286,259.4453,224.1747,299.9462,0.4429,0.3862,0.5097,0.4578
242,2017-04-26,17,65+,129.8571,128.6608,110.2089,151.0065,0.4837,0.4142,0.5635,0.4895
243,2017-04-27,17,0-5,445.2857,436.5429,377.0386,505.6949,0.9831,0.8135,1.1868,1.0404
243,2017-04-27,17,6-11,679.5714,655.7917,569.9217,754.3482,1.1224,0.9421,1.3350,1.2451
243,2017-04-27,17,12-17,366.8571,343.1721,297.8293,395.1616,0.9312,0.7881,1.1113,1.0656
243,2017-04-27,17,18-44,386.1429,368.4385,317.2567,426.9575,0.4554,0.4018,0.5172,0.4898
243,2017-04-27,17,45-64,259.7143,249.5296,215.8300,288.7069,0.4369,0.3818,0.5019,0.4675
243,2017-04-27,17,65+,128.2857,125.7715,107.9112,147.1944,0.4811,0.4130,0.5614,0.4987
244,2017-04-28,17,0-5,423.2857,424.0712,367.0561,490.0667,0.9636,0.7993,1.1612,1.0039
244,2017-04-28,17,6-11,624.8571,625.2171,544.1388,721.5020,1.0859,0.9158,1.2948,1.1769
244,2017-04-28,17,12-17,326.1429,318.0128,277.4973,366.9296,0.9048,0.7683,1.0756,0.9988
244,2017-04-28,17,18-44,360.0000,354.7933,306.5850,410.6309,0.4483,0.3959,0.5069,0.4681
244,2017-04-28,17,45-64,240.8571,239.8503,207.9471,277.8036,0.4321,0.3776,0.4956,0.4470
244,2017-04-28,17,65+,123.4286,123.1797,105.6999,143.3498,0.4796,0.4113,0.5601,0.4824
245,2017-04-29,17,0-5,417.5714,409.8429,356.5764,477.2151,0.9452,0.7830,1.1341,1.0138
245,2017-04-29,17,6-11,611.7143,591.2812,514.5546,680.6399,1.0468,0.8846,1.2521,1.1852
245,2017-04-29,17,12-17,301.8571,293.3245,255.6975,339.4612,0.8818,0.7445,1.0401,0.9852
245,2017-04-29,17,18-44,349.8571,342.1106,294.5125,395.3426,0.4421,0.3902,0.5007,0.4711
245,2017-04-29,17,45-64,235.0000,230.8898,200.6822,267.3315,0.4289,0.3740,0.4931,0.4501
245,2017-04-29,17,65+,122.8571,120.9334,104.1061,141.1061,0.4803,0.4094,0.5628,0.4897
246,2017-04-30,18,0-5,388.7143,393.0611,344.0644,460.2510,0.9235,0.7675,1.1145,0.9609
246,2017-04-30,18,6-11,545.4286,553.3238,483.9395,637.0432,1.0145,0.8617,1.2060,1.0998
246,2017-04-30,18,12-17,266.5714,268.4073,232.8433,309.9645,0.8654,0.7322,1.0201,0.9211
246,2017-04-30,18,18-44,315.1429,329.4487,283.4471,379.5396,0.4387,0.3870,0.4967,0.4423
246,2017-04-30,18,45-64,215.0000,222.3933,192.7338,258.1006,0.4295,0.3745,0.4935,0.4234
246,2017-04-30,18,65+,111.8571,119.1511,102.2712,138.5316,0.4835,0.4129,0.5668,0.4606
247,2017-05-01,18,0-5,386.7143,376.2271,328.4843,437.1274,0.9066,0.7568,1.1033,1.0008
247,2017-05-01,18,6-11,526.8571,511.5919,448.4596,590.7908,0.9839,0.8323,1.1704,1.1347
247,2017-05-01,18,12-17,250.7143,245.1439,211.5543,282.9394,0.8504,0.7201,1.0045,0.9508
247,2017-05-01,18,18-44,324.7143,317.2799,272.5958,365.6092,0.4359,0.3833,0.4961,0.4699
247,2017-05-01,18,45-64,221.4286,214.2236,185.6508,248.0495,0.4294,0.3734,0.4938,0.4559
247,2017-05-01,18,65+,123.1429,117.0466,99.8685,136.5469,0.4850,0.4145,0.5686,0.5082
248,2017-05-02,18,0-5,348.1429,357.7182,311.6566,414.2049,0.8938,0.7428,1.0791,0.9292
248,2017-05-02,18,6-11,464.0000,469.5014,409.8389,535.3870,0.9621,0.8129,1.1458,1.0480
248,2017-05-02,18,12-17,216.8571,222.5931,191.5247,256.2179,0.8438,0.7139,1.0019,0.8762
248,2017-05-02,18,18-44,289.8571,305.0200,262.5939,352.4201,0.4371,0.3830,0.5000,0.4329
248,2017-05-02,18,45-64,191.5714,205.7920,177.3002,239.6146,0.4343,0.3767,0.5018,0.4171
248,2017-05-02,18,65+,106.4286,114.0605,97.6917,133.1854,0.4908,0.4196,0.5770,0.4615
249,2017-05-03,18,0-5,344.0000,336.6229,292.6203,388.9419,0.8812,0.7318,1.0586,0.9605
249,2017-05-03,18,6-11,432.2857,425.9764,371.8120,485.6133,0.9428,0.7990,1.1256,1.0580
249,2017-05-03,18,12-17,199.4286,201.2642,173.5741,231.9378,0.8436,0.7135,0.9993,0.8895
249,2017-05-03,18,18-44,284.5714,292.7660,252.1173,340.0764,0.4403,0.3862,0.5033,0.4492
249,2017-05-03,18,45-64,191.4286,197.6290,170.2142,229.6061,0.4413,0.3819,0.5095,0.4370
249,2017-05-03,18,65+,110.7143,111.1637,95.3202,128.9573,0.4980,0.4235,0.5882,0.4917
250,2017-05-04,18,0-5,331.4286,314.2996,273.5763,365.1226,0.8713,0.7251,1.0467,0.9778
250,2017-05-04,18,6-11,417.8571,382.6145,333.4302,437.6365,0.9329,0.7939,1.1022,1.0943
250,2017-05-04,18,12-17,193.5714,181.9257,156.5043,209.0649,0.8448,0.7170,1.0066,0.9325
250,2017-05-04,18,18-44,279.2857,279.9096,241.5113,327.0499,0.4449,0.3897,0.5083,0.4657
250,2017-05-04,18,45-64,189.1429,188.8830,161.8261,219.3140,0.4479,0.3888,0.5181,0.4561
250,2017-05-04,18,65+,110.2857,107.5233,92.1018,125.6784,0.5049,0.4296,0.5930,0.5134
251,2017-05-05,18,0-5,300.4286,291.4785,253.2322,337.6528,0.8686,0.7270,1.0472,0.9447
251,2017-05-05,18,6-11,363.0000,341.1110,297.9473,392.0070,0.9317,0.7952,1.1099,1.0467
251,2017-05-05,18,12-17,170.4286,163.8874,141.1548,187.9493,0.8568,0.7294,1.0120,0.9098
251,2017-05-05,18,18-44,272.1429,268.4338,231.6478,312.5245,0.4515,0.3952,0.5160,0.4644
251,2017-05-05,18,45-64,184.8571,180.7672,155.0916,209.6654,0.4564,0.3956,0.5266,0.4611
251,2017-05-05,18,65+,107.4286,103.4545,88.3856,120.9059,0.5113,0.4363,0.6018,0.5206
252,2017-05-06,18,0-5,259.0000,269.4558,234.3718,311.1954,0.8765,0.7338,1.0502,0.8638
252,2017-05-06,18,6-11,278.2857,303.5261,263.9027,349.5048,0.9454,0.8053,1.1183,0.9097
252,2017-05-06,18,12-17,134.2857,147.7856,127.6057,170.2164,0.8798,0.7477,1.0375,0.8077
252,2017-05-06,18,18-44,245.8571,257.4964,222.6204,299.9806,0.4619,0.4044,0.5273,0.4290
252,2017-05-06,18,45-64,166.7143,173.1918,148.8397,200.9885,0.4685,0.4055,0.5409,0.4294
252,2017-05-06,18,65+,95.0000,99.2633,84.9092,116.0335,0.5218,0.4459,0.6127,0.4842
253,2017-05-07,19,0-5,248.0000,248.3283,215.4934,285.6864,0.8905,0.7426,1.0700,0.9046
253,2017-05-07,19,6-11,262.2857,270.4715,234.7106,312.6513,0.9679,0.8229,1.1454,0.9636
253,2017-05-07,19,12-17,131.4286,134.2179,115.4338,155.5879,0.9082,0.7721,1.0796,0.8760
253,2017-05-07,19,18-44,248.7143,246.7731,213.7786,286.6244,0.4741,0.4140,0.5428,0.4637
253,2017-05-07,19,45-64,170.4286,165.5601,142.2248,192.9324,0.4810,0.4163,0.5576,0.4700
253,2017-05-07,19,65+,100.4286,94.3265,81.1043,110.3866,0.5325,0.4536,0.6244,0.5353
254,2017-05-08,19,0-5,216.2857,228.4027,197.9322,262.7273,0.9017,0.7524,1.0857,0.8520
254,2017-05-08,19,6-11,223.5714,241.5144,208.8180,279.1648,0.9944,0.8439,1.1731,0.9106
254,2017-05-08,19,12-17,116.0000,122.5572,105.7141,142.5803,0.9419,0.7989,1.1121,0.8368
254,2017-05-08,19,18-44,222.7143,235.2574,203.8478,273.6513,0.4860,0.4246,0.5553,0.4370
254,2017-05-08,19,45-64,146.7143,157.9664,136.0951,184.9352,0.4945,0.4278,0.5716,0.4389
254,2017-05-08,19,65+,84.8571,89.5122,76.7507,104.8741,0.5434,0.4625,0.6404,0.4915
255,2017-05-09,19,0-5,218.0000,210.3316,182.6977,243.5553,0.9172,0.7676,1.0968,0.9408
255,2017-05-09,19,6-11,222.5714,216.3753,187.9349,251.9476,1.0223,0.8737,1.2138,1.0158
255,2017-05-09,19,12-17,118.2857,112.9907,97.7745,132.1036,0.9768,0.8279,1.1592,0.9412
255,2017-05-09,19,18-44,230.1429,222.8080,192.2907,257.8579,0.4977,0.4339,0.5705,0.4890
255,2017-05-09,19,45-64,152.8571,150.1660,129.2733,175.8595,0.5071,0.4373,0.5892,0.4928
255,2017-05-09,19,65+,88.5714,84.5524,72.4488,99.1613,0.5548,0.4716,0.6540,0.5510
256,2017-05-10,19,0-5,190.0000,193.5676,167.5931,224.9231,0.9390,0.7859,1.1248,0.8975
256,2017-05-10,19,6-11,195.8571,195.8252,170.3711,227.8932,1.0646,0.9050,1.2530,0.9891
256,2017-05-10,19,12-17,106.5714,105.2039,90.7446,123.4528,1.0146,0.8602,1.1976,0.9239
256,2017-05-10,19,18-44,211.7143,209.4416,180.8574,241.8876,0.5113,0.4472,0.5873,0.4770
256,2017-05-10,19,45-64,142.4286,142.6830,122.5377,166.7941,0.5204,0.4499,0.6047,0.4814
256,2017-05-10,19,65+,77.0000,79.6001,68.0124,93.3974,0.5682,0.4834,0.6665,0.5272
257,2017-05-11,19,0-5,176.0000,179.0150,155.4814,208.3756,0.9607,0.8027,1.1490,0.9039
257,2017-05-11,19,6-11,179.4286,179.5282,155.7173,208.5190,1.1047,0.9420,1.3061,1.0023
257,2017-05-11,19,12-17,98.5714,99.2710,85.1519,116.9098,1.0536,0.8958,1.2498,0.9354
257,2017-05-11,19,18-44,199.0000,197.0406,169.8247,227.2507,0.5245,0.4586,0.6021,0.4854
257,2017-05-11,19,45-64,137.5714,135.6771,116.5058,159.1577,0.5331,0.4615,0.6186,0.4926
257,2017-05-11,19,65+,74.7143,74.8118,63.9082,88.1245,0.5803,0.4948,0.6810,0.5418
258,2017-05-12,19,0-5,163.1429,166.1529,144.0471,194.0421,0.9812,0.8160,1.1786,0.8905
258,2017-05-12,19,6-11,153.5714,166.8022,144.3860,193.2061,1.1502,0.9735,1.3566,0.9551
258,2017-05-12,19,12-17,88.5714,94.7744,81.1241,110.6437,1.1038,0.9363,1.3111,0.9041
258,2017-05-12,19,18-44,176.5714,184.9445,159.5767,214.9174,0.5383,0.4717,0.6173,0.4679
258,2017-05-12,19,45-64,124.2857,129.1039,110.8252,151.0785,0.5460,0.4736,0.6302,0.4737
258,2017-05-12,19,65+,66.7143,70.5472,60.3586,82.8526,0.5921,0.5054,0.6928,0.5191
259,2017-05-13,19,0-5,156.2857,155.0533,134.3053,181.8205,0.9991,0.8368,1.1992,0.9371
259,2017-05-13,19,6-11,153.5714,156.6652,134.9291,182.1033,1.1954,1.0138,1.4150,1.0400
259,2017-05-13,19,12-17,89.2857,91.5181,78.1503,107.2705,1.1511,0.9709,1.3616,0.9830
259,2017-05-13,19,18-44,173.8571,173.9479,150.6492,203.1597,0.5493,0.4814,0.6296,0.5019
259,2017-05-13,19,45-64,125.1429,122.6764,105.4302,143.6457,0.5555,0.4810,0.6424,0.5103
259,2017-05-13,19,65+,66.5714,66.7924,56.7380,78.5720,0.6008,0.5137,0.7053,0.5580
260,2017-05-14,20,0-5,143.2857,145.3547,124.9902,170.3803,1.0170,0.8507,1.2139,0.9404
260,2017-05-14,20,6-11,146.4286,149.2883,128.5407,173.7217,1.2386,1.0496,1.4722,1.0740
260,2017-05-14,20,12-17,86.0000,89.4632,76.2503,105.3487,1.1914,1.0034,1.4149,1.0122
260,2017-05-14,20,18-44,166.5714,164.4908,141.9734,192.5280,0.5582,0.4887,0.6408,0.5124
260,2017-05-14,20,45-64,119.4286,116.2897,100.0761,135.9965,0.5618,0.4869,0.6517,0.5208
260,2017-05-14,20,65+,62.5714,63.2509,53.6069,74.4227,0.6067,0.5179,0.7139,0.5656
261,2017-05-15,20,0-5,136.2857,136.5470,117.5903,159.0695,1.0290,0.8573,1.2324,0.9544
261,2017-05-15,20,6-11,141.7143,144.1858,124.2107,167.8895,1.2723,1.0770,1.4992,1.1054
261,2017-05-15,20,12-17,88.1429,88.4821,75.2479,104.5535,1.2225,1.0302,1.4501,1.0624
261,2017-05-15,20,18-44,154.0000,155.6732,134.4676,182.7107,0.5623,0.4920,0.6438,0.5162
261,2017-05-15,20,45-64,111.1429,110.0927,94.7220,128.9708,0.5633,0.4878,0.6513,0.5234
261,2017-05-15,20,65+,59.4286,60.1042,50.9979,70.5179,0.6068,0.5177,0.7126,0.5681
262,2017-05-16,20,0-5,125.2857,129.1876,111.0951,150.4974,1.0370,0.8678,1.2475,0.9520
262,2017-05-16,20,6-11,136.1429,140.7109,120.8246,163.3866,1.2906,1.0972,1.5202,1.1323
262,2017-05-16,20,12-17,90.7143,88.5608,75.0341,104.6342,1.2395,1.0393,1.4660,1.1196
262,2017-05-16,20,18-44,146.1429,147.4013,127.5913,172.7225,0.5621,0.4934,0.6422,0.5252
262,2017-05-16,20,45-64,106.7143,104.0784,89.3395,121.9722,0.5604,0.4864,0.6471,0.5355
262,2017-05-16,20,65+,58.0000,57.1293,48.3742,67.0603,0.6029,0.5132,0.7079,0.5822
263,2017-05-17,20,0-5,120.5714,122.3285,105.2765,142.9238,1.0356,0.8663,1.2550,0.9776
263,2017-05-17,20,6-11,137.8571,138.4717,118.7790,161.9120,1.3015,1.1059,1.5364,1.1866
263,2017-05-17,20,12-17,89.4286,89.2254,75.2905,104.7779,1.2429,1.0417,1.4798,1.1351
263,2017-05-17,20,18-44,140.5714,139.9280,121.3095,164.2168,0.5564,0.4885,0.6339,0.5327
263,2017-05-17,20,45-64,98.2857,98.5066,84.0634,115.6126,0.5531,0.4797,0.6353,0.5368
263,2017-05-17,20,65+,56.2857,54.3268,45.9528,64.2939,0.5936,0.5072,0.6982,0.5877
264,2017-05-18,20,0-5,122.2857,116.6781,100.3094,136.2711,1.0296,0.8625,1.2368,1.0436
264,2017-05-18,20,6-11,139.5714,137.0014,117.3943,159.6234,1.2945,1.0959,1.5305,1.2527
264,2017-05-18,20,12-17,89.5714,90.1900,76.6223,106.0577,1.2347,1.0442,1.4761,1.1741
264,2017-05-18,20,18-44,140.0000,133.0399,115.0258,156.3103,0.5466,0.4808,0.6230,0.5580
264,2017-05-18,20,45-64,96.7143,93.3542,79.3506,109.4941,0.5417,0.4711,0.6251,0.5582
264,2017-05-18,20,65+,55.8571,51.7931,43.6871,61.4166,0.5835,0.4979,0.6857,0.6118
265,2017-05-19,20,0-5,112.1429,111.3939,95.9157,130.6546,1.0191,0.8506,1.2278,1.0131
265,2017-05-19,20,6-11,137.2857,136.0026,116.2454,158.9601,1.2799,1.0826,1.5215,1.2546
265,2017-05-19,20,12-17,93.0000,90.9201,77.7642,106.3981,1.2202,1.0268,1.4540,1.2032
265,2017-05-19,20,18-44,131.8571,126.3371,109.1334,147.9841,0.5353,0.4706,0.6100,0.5476
265,2017-05-19,20,45-64,90.5714,88.4693,74.6792,104.1075,0.5306,0.4617,0.6109,0.5457
265,2017-05-19,20,65+,49.8571,49.2569,41.4722,58.6511,0.5747,0.4895,0.6766,0.5858
266,2017-05-20,20,0-5,108.0000,107.0532,91.7214,125.7643,1.0086,0.8383,1.2169,1.0171
266,2017-05-20,20,6-11,137.7143,134.9602,115.9667,156.7519,1.2634,1.0652,1.4971,1.2727
266,2017-05-20,20,12-17,94.8571,91.7409,78.4536,107.6860,1.1993,1.0090,1.4319,1.2185
266,2017-05-20,20,18-44,125.7143,120.0621,103.4330,140.1514,0.5236,0.4603,0.5969,0.5440
266,2017-05-20,20,45-64,84.5714,84.1530,71.0298,99.1001,0.5192,0.4514,0.5983,0.5380
266,2017-05-20,20,65+,46.7143,47.2067,39.7057,56.0814,0.5658,0.4818,0.6654,0.5746
267,2017-05-21,21,0-5,103.7143,102.8856,88.2565,121.1550,0.9947,0.8325,1.1944,1.0143
267,2017-05-21,21,6-11,135.7143,133.5990,114.6556,155.8849,1.2434,1.0539,1.4766,1.2715
267,2017-05-21,21,12-17,96.8571,92.2581,78.9621,108.2947,1.1798,0.9852,1.4043,1.2305
267,2017-05-21,21,18-44,118.1429,113.7785,97.9882,132.7462,0.5134,0.4518,0.5838,0.5386
267,2017-05-21,21,45-64,79.8571,80.4298,68.7593,94.9421,0.5102,0.4436,0.5889,0.5331
267,2017-05-21,21,65+,45.8571,45.3551,38.2830,53.8880,0.5621,0.4775,0.6635,0.5751
268,2017-05-22,21,0-5,98.8571,99.2002,84.8999,116.7204,0.9879,0.8213,1.1938,1.0047
268,2017-05-22,21,6-11,134.4286,132.2681,113.0308,153.6504,1.2293,1.0408,1.4628,1.2690
268,2017-05-22,21,12-17,95.1429,92.0292,79.4091,107.7402,1.1578,0.9722,1.3823,1.2140
268,2017-05-22,21,18-44,110.5714,107.7575,92.3067,125.7305,0.5072,0.4456,0.5769,0.5324
268,2017-05-22,21,45-64,78.2857,77.2708,65.9740,90.8973,0.5055,0.4390,0.5832,0.5287
268,2017-05-22,21,65+,43.5714,43.9760,36.8762,52.2970,0.5630,0.4779,0.6648,0.5702
269,2017-05-23,21,0-5,95.4286,95.5379,81.8295,112.2686,0.9839,0.8198,1.1873,0.9952
269,2017-05-23,21,6-11,132.2857,130.3699,111.1778,151.9022,1.2161,1.0259,1.4563,1.2515
269,2017-05-23,21,12-17,91.4286,91.4234,78.3033,107.1343,1.1502,0.9611,1.3722,1.1725
269,2017-05-23,21,18-44,101.2857,102.2996,87.6677,119.4155,0.5056,0.4445,0.5751,0.5168
269,2017-05-23,21,45-64,74.4286,74.4338,63.7964,88.2488,0.5063,0.4397,0.5828,0.5116
269,2017-05-23,21,65+,40.1429,42.9717,35.7809,51.0505,0.5686,0.4823,0.6724,0.5503
270,2017-05-24,21,0-5,92.4286,92.1576,79.0082,107.8134,0.9861,0.8249,1.1933,0.9929
270,2017-05-24,21,6-11,124.5714,127.8617,109.4591,149.5210,1.2079,1.0233,1.4318,1.2137
270,2017-05-24,21,12-17,89.1429,90.4602,77.2052,106.0287,1.1464,0.9606,1.3757,1.1567
270,2017-05-24,21,18-44,94.4286,97.3002,83.0048,114.1095,0.5080,0.4466,0.5790,0.5104
270,2017-05-24,21,45-64,72.4286,72.1854,61.6684,84.9328,0.5111,0.4426,0.5902,0.5097
270,2017-05-24,21,65+,40.0000,42.1106,35.2709,49.8904,0.5791,0.4913,0.6843,0.5564
271,2017-05-25,21,0-5,86.1429,88.8573,75.8235,104.1146,0.9896,0.8224,1.1883,0.9723
271,2017-05-25,21,6-11,121.0000,124.7128,107.5793,146.3934,1.2000,1.0161,1.4283,1.2071
271,2017-05-25,21,12-17,88.2857,89.1923,76.0161,104.8919,1.1521,0.9690,1.3787,1.1614
271,2017-05-25,21,18-44,89.7143,92.9880,79.4629,108.8211,0.5133,0.4519,0.5836,0.5080
271,2017-05-25,21,45-64,70.4286,70.1391,60.1989,82.2956,0.5189,0.4504,0.5982,0.5116
271,2017-05-25,21,65+,39.5714,41.6034,34.8982,49.4833,0.5905,0.5012,0.6971,0.5636
272,2017-05-26,21,0-5,85.0000,85.7889,72.9655,100.8042,0.9908,0.8295,1.1867,0.9866
272,2017-05-26,21,6-11,118.2857,120.8063,104.1972,141.4930,1.1941,1.0111,1.4138,1.2051
272,2017-05-26,21,12-17,82.1429,87.5264,74.9187,102.9929,1.1572,0.9738,1.3833,1.1196
272,2017-05-26,21,18-44,83.5714,89.3346,76.6221,105.8121,0.5229,0.4613,0.5933,0.5041
272,2017-05-26,21,45-64,67.1429,68.3145,58.3888,80.5327,0.5318,0.4643,0.6116,0.5079
272,2017-05-26,21,65+,40.2857,41.1532,34.5705,49.1716,0.6037,0.5147,0.7120,0.5741
273,2017-05-27,21,0-5,83.1429,82.3437,70.3957,96.7816,0.9915,0.8218,1.1880,1.0044
273,2017-05-27,21,6-11,113.2857,116.5481,100.4547,136.3508,1.1857,1.0011,1.4133,1.2073
273,2017-05-27,21,12-17,83.5714,85.5366,73.0748,100.5845,1.1589,0.9734,1.4019,1.1618
273,2017-05-27,21,18-44,81.2857,86.7583,74.3813,102.2015,0.5318,0.4661,0.6082,0.5161
273,2017-05-27,21,45-64,67.5714,66.9187,56.5635,78.6265,0.5436,0.4707,0.6307,0.5253
273,2017-05-27,21,65+,41.0000,40.6730,34.2385,48.4571,0.6124,0.5214,0.7239,0.5977
274,2017-05-28,22,0-5,79.7143,78.8898,67.3896,92.1937,0.9825,0.8217,1.1848,1.0154
274,2017-05-28,22,6-11,111.7143,111.6998,96.3985,130.8635,1.1769,0.9961,1.3858,1.2344
274,2017-05-28,22,12-17,82.7143,83.3186,71.1386,97.9153,1.1600,0.9778,1.3857,1.1835
274,2017-05-28,22,18-44,82.8571,84.8808,72.6151,100.1707,0.5428,0.4761,0.6217,0.5302
274,2017-05-28,22,45-64,65.8571,66.1117,56.0831,76.8582,0.5594,0.4863,0.6546,0.5400
274,2017-05-28,22,65+,42.1429,40.1091,33.7276,47.7075,0.6238,0.5316,0.7371,0.6211
275,2017-05-29,22,0-5,75.5714,75.1012,64.0721,87.9873,0.9813,0.8198,1.1760,1.0022
275,2017-05-29,22,6-11,106.5714,106.0067,91.3554,123.9990,1.1579,0.9865,1.3709,1.2177
275,2017-05-29,22,12-17,81.4286,80.4261,68.2761,94.9564,1.1646,0.9820,1.3812,1.1816
275,2017-05-29,22,18-44,81.1429,83.8667,71.2735,98.6797,0.5591,0.4887,0.6436,0.5254
275,2017-05-29,22,45-64,63.0000,65.5456,55.5685,77.4906,0.5841,0.5052,0.6919,0.5333
275,2017-05-29,22,65+,39.8571,39.3071,33.0773,46.5827,0.6400,0.5430,0.7587,0.6077
276,2017-05-30,22,0-5,73.5714,71.0357,60.6370,83.6288,0.9798,0.8162,1.1750,1.0150
276,2017-05-30,22,6-11,102.5714,99.7524,85.5378,115.2456,1.1391,0.9686,1.3447,1.2175
276,2017-05-30,22,12-17,78.0000,77.1673,65.5445,90.9372,1.1687,0.9878,1.3825,1.1648
276,2017-05-30,22,18-44,82.0000,83.3276,70.8792,97.7966,0.5764,0.5026,0.6623,0.5290
276,2017-05-30,22,45-64,59.8571,66.9151,56.3125,80.0919,0.6130,0.5280,0.7131,0.5323
276,2017-05-30,22,65+,39.1429,38.3575,32.2125,45.5602,0.6563,0.5573,0.7706,0.6081
277,2017-05-31,22,0-5,68.8571,66.9557,56.8598,78.7378,0.9784,0.8235,1.1684,1.0143
277,2017-05-31,22,6-11,100.1429,92.8304,79.8775,107.3958,1.1217,0.9562,1.3157,1.2427
277,2017-05-31,22,12-17,76.1429,73.4843,62.2255,86.5332,1.1705,0.9941,1.3828,1.1877
277,2017-05-31,22,18-44,85.2857,83.4663,70.9739,98.0892,0.5961,0.5179,0.6869,0.5490
277,2017-05-31,22,45-64,62.5714,69.6647,58.5955,84.1087,0.6455,0.5516,0.7586,0.5562
277,2017-05-31,22,65+,38.5714,37.1448,31.3750,44.1825,0.6760,0.5743,0.7950,0.6274
278,2017-06-01,22,0-5,66.0000,63.0922,53.1691,74.1691,0.9779,0.8229,1.1653,1.0212
278,2017-06-01,22,6-11,95.7143,85.1387,73.1127,98.9145,1.1080,0.9507,1.2990,1.2469
278,2017-06-01,22,12-17,76.4286,69.1330,58.3874,81.4670,1.1708,0.9932,1.3810,1.2201
278,2017-06-01,22,18-44,86.0000,83.8498,71.3655,98.6556,0.6129,0.5324,0.7038,0.5622
278,2017-06-01,22,45-64,63.2857,74.7585,62.5118,89.7296,0.6767,0.5747,0.7865,0.5734
278,2017-06-01,22,65+,39.2857,35.7985,30.1457,42.7917,0.6929,0.5884,0.8110,0.6486
279,2017-06-02,22,0-5,57.7143,59.1873,49.7943,69.6976,0.9782,0.8234,1.1713,0.9641
279,2017-06-02,22,6-11,83.1429,77.5479,66.1637,90.3258,1.1008,0.9467,1.2881,1.1691
279,2017-06-02,22,12-17,71.7143,64.6198,54.5608,76.2025,1.1649,0.9968,1.3744,1.1817
279,2017-06-02,22,18-44,88.0000,83.8498,71.0370,98.9962,0.6218,0.5429,0.7135,0.5514
279,2017-06-02,22,45-64,61.1429,80.7217,68.2117,95.6637,0.6916,0.5954,0.8077,0.5630
279,2017-06-02,22,65+,36.4286,34.4279,28.7632,41.0327,0.7010,0.5995,0.8224,0.6263
280,2017-06-03,22,0-5,52.4286,55.7253,46.6687,65.8269,0.9794,0.8218,1.1671,0.9617
280,2017-06-03,22,6-11,69.0000,70.3657,59.8103,82.1347,1.0973,0.9429,1.2823,1.1360
280,2017-06-03,22,12-17,58.8571,59.8158,50.7223,70.3750,1.1556,0.9869,1.3616,1.2091
280,2017-06-03,22,18-44,84.8571,83.3877,70.9524,98.3956,0.6202,0.5393,0.7100,0.6236
280,2017-06-03,22,45-64,105.0000,87.1347,73.6753,102.1248,0.6905,0.5888,0.7985,0.6979
280,2017-06-03,22,65+,31.1429,32.9047,27.4730,39.5072,0.6978,0.5934,0.8164,0.7008
281,2017-06-04,23,0-5,51.0000,52.4993,44.1289,62.1633,0.9774,0.8231,1.1698,0.9740
281,2017-06-04,23,6-11,60.2857,63.9639,54.3118,74.5553,1.0976,0.9395,1.2817,1.0975
281,2017-06-04,23,12-17,53.0000,55.2121,46.8662,65.2521,1.1327,0.9629,1.3332,1.1732
281,2017-06-04,23,18-44,81.7143,82.2574,70.3671,96.5703,0.6069,0.5277,0.6984,0.6208
281,2017-06-04,23,45-64,105.2857,92.6768,78.8993,107.2579,0.6663,0.5693,0.7803,0.6956
281,2017-06-04,23,65+,30.0000,31.6052,26.2471,37.8412,0.6777,0.5768,0.7986,0.6960
282,2017-06-05,23,0-5,48.2857,49.6708,41.9952,58.7559,0.9739,0.8163,1.1714,0.9850
282,2017-06-05,23,6-11,54.2857,58.3709,49.3879,68.6886,1.1030,0.9420,1.2885,1.0928
282,2017-06-05,23,12-17,47.7143,51.0146,43.2937,60.5436,1.1052,0.9408,1.3096,1.1511
282,2017-06-05,23,18-44,82.1429,80.3754,68.3332,94.5893,0.5863,0.5106,0.6741,0.6263
282,2017-06-05,23,45-64,103.7143,94.7352,81.7005,109.5941,0.6301,0.5413,0.7332,0.6976
282,2017-06-05,23,65+,29.5714,30.4763,25.2754,36.6522,0.6498,0.5534,0.7623,0.6985
283,2017-06-06,23,0-5,45.1429,47.0463,39.6409,55.8723,0.9708,0.8065,1.1657,0.9825
283,2017-06-06,23,6-11,48.0000,53.7377,45.5395,63.7739,1.1207,0.9487,1.3228,1.0803
283,2017-06-06,23,12-17,44.4286,47.5035,40.2456,56.4306,1.0846,0.9183,1.2827,1.1563
283,2017-06-06,23,18-44,79.4286,77.8256,66.1150,91.5370,0.5667,0.4921,0.6538,0.6313
283,2017-06-06,23,45-64,104.2857,92.6315,80.6707,107.2278,0.5924,0.5093,0.6948,0.7078
283,2017-06-06,23,65+,29.7143,29.5534,24.4632,35.4582,0.6211,0.5273,0.7332,0.7111
284,2017-06-07,23,0-5,45.0000,44.5202,37.5253,52.8166,0.9676,0.8078,1.1646,1.0054
284,2017-06-07,23,6-11,45.8571,50.2695,42.4961,59.7734,1.1436,0.9645,1.3531,1.0935
284,2017-06-07,23,12-17,42.8571,44.6803,37.7309,52.8437,1.0711,0.9074,1.2713,1.1550
284,2017-06-07,23,18-44,74.1429,74.9138,64.0210,88.0629,0.5518,0.4786,0.6373,0.6214
284,2017-06-07,23,45-64,97.7143,86.7552,76.3121,100.0391,0.5642,0.4845,0.6611,0.6888
284,2017-06-07,23,65+,28.7143,28.7993,23.7754,34.6926,0.5992,0.5071,0.7104,0.6948
285,2017-06-08,23,0-5,44.2857,42.2036,35.6274,50.2711,0.9618,0.8005,1.1507,1.0379
285,2017-06-08,23,6-11,45.7143,47.7998,40.2158,57.0536,1.1658,0.9830,1.3851,1.1469
285,2017-06-08,23,12-17,40.1429,42.3008,35.6563,50.4321,1.0701,0.8998,1.2748,1.1631
285,2017-06-08,23,18-44,73.1429,71.7947,61.2014,84.6131,0.5421,0.4695,0.6237,0.6326
285,2017-06-08,23,45-64,95.2857,78.8122,69.4697,91.8725,0.5434,0.4687,0.6316,0.6929
285,2017-06-08,23,65+,26.8571,28.0657,23.2032,33.7157,0.5838,0.4946,0.6890,0.6900
286,2017-06-09,23,0-5,42.1429,39.9856,33.6569,47.6666,0.9596,0.7952,1.1534,1.0239
286,2017-06-09,23,6-11,42.7143,46.0805,38.5552,55.1646,1.1851,1.0047,1.4053,1.1396
286,2017-06-09,23,12-17,37.8571,40.3111,34.0483,48.0280,1.0759,0.9039,1.2803,1.1614
286,2017-06-09,23,18-44,66.5714,68.6707,58.5766,81.1634,0.5372,0.4655,0.6193,0.6248
286,2017-06-09,23,45-64,93.4286,70.3537,61.0971,81.9714,0.5323,0.4581,0.6180,0.6909
286,2017-06-09,23,65+,26.5714,27.3392,22.5992,32.7369,0.5765,0.4893,0.6835,0.6929
287,2017-06-10,23,0-5,38.7143,37.8104,31.6559,45.0252,0.9595,0.7967,1.1513,0.9657
287,2017-06-10,23,6-11,45.7143,44.9677,37.7813,53.6781,1.2025,1.0140,1.4388,1.1451
287,2017-06-10,23,12-17,40.1429,38.8650,32.7648,46.6576,1.0819,0.9072,1.2819,1.0614
287,2017-06-10,23,18-44,63.5714,65.7983,55.9541,77.4396,0.5380,0.4662,0.6208,0.5249
287,2017-06-10,23,45-64,44.1429,61.9117,53.3191,72.5100,0.5304,0.4567,0.6174,0.5206
287,2017-06-10,23,65+,29.5714,26.4612,22.0152,32.0194,0.5783,0.4902,0.6888,0.5937
288,2017-06-11,24,0-5,34.5714,35.6596,29.9256,42.6685,0.9570,0.7959,1.1492,0.9406
288,2017-06-11,24,6-11,45.2857,44.1011,36.9513,52.5975,1.2136,1.0228,1.4413,1.1754
288,2017-06-11,24,12-17,38.0000,37.5306,31.6704,45.0944,1.0903,0.9171,1.2999,1.0652
288,2017-06-11,24,18-44,63.2857,63.0062,53.4829,74.2767,0.5423,0.4707,0.6265,0.5275
288,2017-06-11,24,45-64,41.1429,54.1120,46.6229,63.8173,0.5366,0.4620,0.6233,0.5161
288,2017-06-11,24,65+,24.8571,25.6503,21.2822,31.1010,0.5891,0.4965,0.6975,0.5639
289,2017-06-12,24,0-5,32.8571,33.6730,28.0833,40.3932,0.9569,0.7984,1.1497,0.9486
289,2017-06-12,24,6-11,44.5714,43.1941,36.2357,51.2890,1.2085,1.0185,1.4316,1.1999
289,2017-06-12,24,12-17,36.4286,36.1843,30.2888,43.3147,1.0989,0.9259,1.3102,1.0861
289,2017-06-12,24,18-44,59.4286,60.1108,50.9286,71.0090,0.5483,0.4754,0.6327,0.5378
289,2017-06-12,24,45-64,41.0000,47.8262,40.9265,56.8660,0.5463,0.4693,0.6355,0.5312
289,2017-06-12,24,65+,23.2857,24.7255,20.5489,29.9461,0.6035,0.5071,0.7174,0.5754
290,2017-06-13,24,0-5,31.1429,31.6747,26.3550,38.0761,0.9560,0.7931,1.1472,0.9533
290,2017-06-13,24,6-11,44.4286,42.2339,35.3591,50.1446,1.1997,1.0138,1.4222,1.2227
290,2017-06-13,24,12-17,34.8571,34.6997,29.0095,41.4444,1.1025,0.9270,1.3142,1.0925
290,2017-06-13,24,18-44,55.8571,57.1498,48.4041,67.4783,0.5519,0.4784,0.6371,0.5406
290,2017-06-13,24,45-64,38.2857,43.0181,36.3926,50.9540,0.5548,0.4769,0.6470,0.5334
290,2017-06-13,24,65+,21.7143,23.6087,19.5308,28.6969,0.6195,0.5195,0.7399,0.5769
291,2017-06-14,24,0-5,29.1429,29.7710,24.7786,35.7781,0.9580,0.7901,1.1553,0.9558
291,2017-06-14,24,6-11,41.7143,40.8787,34.4405,48.5777,1.1910,1.0007,1.4138,1.2120
291,2017-06-14,24,12-17,33.1429,33.2213,27.7485,39.3854,1.1064,0.9267,1.3212,1.1086
291,2017-06-14,24,18-44,53.5714,54.0619,45.8344,63.8115,0.5566,0.4808,0.6449,0.5532
291,2017-06-14,24,45-64,38.4286,39.3376,32.9063,46.6024,0.5655,0.4839,0.6599,0.5549
291,2017-06-14,24,65+,21.4286,22.6152,18.5493,27.4978,0.6386,0.5342,0.7623,0.6038
292,2017-06-15,24,0-5,28.5714,28.0330,23.3408,33.7232,0.9562,0.7914,1.1575,0.9894
292,2017-06-15,24,6-11,41.1429,39.3183,33.0932,46.7671,1.1767,0.9955,1.4008,1.2443
292,2017-06-15,24,12-17,33.0000,31.6321,26.5121,37.4630,1.1022,0.9263,1.3131,1.1560
292,2017-06-15,24,18-44,51.8571,51.1950,43.3001,60.6063,0.5604,0.4842,0.6508,0.5741
292,2017-06-15,24,45-64,38.1429,36.4734,30.4354,43.5565,0.5757,0.4934,0.6731,0.5807
292,2017-06-15,24,65+,21.5714,21.7843,17.7083,26.3221,0.6580,0.5506,0.7866,0.6370
293,2017-06-16,24,0-5,26.1429,26.4430,21.8782,31.9800,0.9558,0.7919,1.1497,0.9645
293,2017-06-16,24,6-11,40.0000,37.5998,31.4951,44.6204,1.1625,0.9838,1.3765,1.2298
293,2017-06-16,24,12-17,29.5714,30.0351,25.1835,35.7901,1.1005,0.9261,1.3125,1.0892
293,2017-06-16,24,18-44,50.1429,48.3550,40.6382,57.1672,0.5642,0.4885,0.6528,0.5554
293,2017-06-16,24,45-64,32.2857,34.3731,28.5265,41.3508,0.5865,0.5020,0.6867,0.5500
293,2017-06-16,24,65+,19.5714,21.0424,17.1666,25.6237,0.6763,0.5670,0.8079,0.6047
294,2017-06-17,24,0-5,25.2857,25.0473,20.4932,30.2042,0.9580,0.7929,1.1529,0.9834
294,2017-06-17,24,6-11,37.0000,35.6051,29.9147,42.4252,1.1527,0.9754,1.3763,1.2156
294,2017-06-17,24,12-17,30.0000,28.3831,23.7579,33.9655,1.0950,0.9218,1.3045,1.1424
294,2017-06-17,24,18-44,48.8571,45.6566,38.5289,54.0413,0.5680,0.4910,0.6578,0.5704
294,2017-06-17,24,45-64,32.2857,32.9361,27.1338,39.7674,0.5960,0.5090,0.6971,0.5712
294,2017-06-17,24,65+,19.2857,20.6000,16.7148,25.2034,0.6948,0.5794,0.8297,0.6273
295,2017-06-18,25,0-5,25.0000,23.6508,19.3033,28.6673,0.9600,0.7968,1.1581,0.9836
295,2017-06-18,25,6-11,33.0000,33.6619,28.2035,39.9305,1.1527,0.9772,1.3703,1.1518
295,2017-06-18,25,12-17,27.4286,26.7335,22.3438,32.1618,1.0881,0.9208,1.3016,1.1067
295,2017-06-18,25,18-44,42.4286,43.3058,36.3793,51.2592,0.5724,0.4958,0.6623,0.5578
295,2017-06-18,25,45-64,31.8571,31.9037,26.3609,38.5534,0.6036,0.5167,0.7072,0.5733
295,2017-06-18,25,65+,20.7143,20.2945,16.5460,24.7591,0.7074,0.5907,0.8481,0.6597
296,2017-06-19,25,0-5,22.7143,22.3821,18.3408,27.2038,0.9641,0.8009,1.1617,0.9607
296,2017-06-19,25,6-11,30.8571,31.7049,26.4988,37.7293,1.1517,0.9763,1.3679,1.1442
296,2017-06-19,25,12-17,24.5714,25.0041,21.0007,30.3557,1.0836,0.9156,1.2931,1.0830
296,2017-06-19,25,18-44,40.1429,41.1155,34.5773,48.7515,0.5750,0.4980,0.6670,0.5630
296,2017-06-19,25,45-64,31.8571,31.2124,25.8032,37.8306,0.6083,0.5207,0.7163,0.5901
296,2017-06-19,25,65+,21.7143,20.0181,16.4116,24.3657,0.7135,0.5963,0.8582,0.6970
297,2017-06-20,25,0-5,20.7143,21.2355,17.2921,25.7563,0.9740,0.8040,1.1754,0.9406
297,2017-06-20,25,6-11,28.0000,29.7281,24.9082,35.6271,1.1575,0.9811,1.3761,1.1232
297,2017-06-20,25,12-17,23.7143,23.3676,19.4842,28.3992,1.0824,0.9058,1.2935,1.1005
297,2017-06-20,25,18-44,38.2857,38.9274,32.6938,46.4673,0.5792,0.5010,0.6705,0.5649
297,2017-06-20,25,45-64,31.2857,30.4729,25.0689,37.0228,0.6128,0.5235,0.7165,0.5978
297,2017-06-20,25,65+,21.0000,19.7249,16.2884,24.1971,0.7175,0.6009,0.8641,0.7027
298,2017-06-21,25,0-5,19.4286,20.1453,16.4269,24.4130,0.9847,0.8163,1.1879,0.9427
298,2017-06-21,25,6-11,27.8571,27.9331,23.3738,33.5712,1.1676,0.9943,1.3910,1.1605
298,2017-06-21,25,12-17,21.8571,21.7632,18.0084,26.5361,1.0797,0.9081,1.2825,1.0967
298,2017-06-21,25,18-44,36.1429,36.9844,31.0757,44.1682,0.5832,0.5042,0.6757,0.5718
298,2017-06-21,25,45-64,30.8571,29.7937,24.6195,36.1798,0.6153,0.5243,0.7207,0.6072
298,2017-06-21,25,65+,20.5714,19.4101,15.9708,23.9473,0.7231,0.6026,0.8683,0.7140
299,2017-06-22,25,0-5,18.0000,19.1759,15.6672,23.4070,0.9995,0.8274,1.2133,0.9510
299,2017-06-22,25,6-11,26.5714,26.4379,21.9864,31.7475,1.1822,1.0015,1.4078,1.1864
299,2017-06-22,25,12-17,21.0000,20.2716,16.7054,24.7663,1.0827,0.9089,1.2911,1.1271
299,2017-06-22,25,18-44,36.0000,35.2741,29.5693,42.0641,0.5891,0.5099,0.6848,0.5902
299,2017-06-22,25,45-64,30.7143,28.9391,24.0318,35.1696,0.6194,0.5286,0.7273,0.6283
299,2017-06-22,25,65+,20.2857,19.0526,15.6214,23.5326,0.7287,0.6094,0.8766,0.7341
300,2017-06-23,25,0-5,17.7143,18.2707,14.9674,22.3282,1.0206,0.8414,1.2321,0.9745
300,2017-06-23,25,6-11,25.0000,25.0347,20.6621,30.0811,1.2095,1.0153,1.4337,1.1859
300,2017-06-23,25,12-17,20.1429,18.9306,15.3942,23.1333,1.0930,0.9172,1.3036,1.1368
300,2017-06-23,25,18-44,34.2857,33.7124,28.0771,40.2442,0.5988,0.5181,0.6948,0.5933
300,2017-06-23,25,45-64,29.8571,28.0369,23.2507,33.9552,0.6272,0.5360,0.7336,0.6293
300,2017-06-23,25,65+,19.1429,18.6888,15.2723,23.0703,0.7404,0.6189,0.8881,0.7269
301,2017-06-24,25,0-5,17.4286,17.5666,14.2951,21.6152,1.0393,0.8603,1.2632,0.9868
301,2017-06-24,25,6-11,23.8571,23.8162,19.6373,28.6912,1.2455,1.0527,1.4749,1.1730
301,2017-06-24,25,12-17,16.1429,17.6936,14.3578,21.6659,1.1133,0.9340,1.3247,1.0306
301,2017-06-24,25,18-44,32.0000,32.4262,27.0636,38.7346,0.6127,0.5272,0.7093,0.5784
301,2017-06-24,25,45-64,27.7143,27.0753,22.3754,32.8034,0.6392,0.5447,0.7467,0.6062
301,2017-06-24,25,65+,18.0000,18.3527,14.8959,22.6943,0.7588,0.6289,0.9071,0.7047
302,2017-06-25,26,0-5,16.8571,16.8842,13.6926,20.7741,1.0600,0.8792,1.2788,0.9916
302,2017-06-25,26,6-11,21.7143,22.8776,18.8557,27.6924,1.2878,1.0903,1.5296,1.1466
302,2017-06-25,26,12-17,15.0000,16.6198,13.5007,20.4665,1.1396,0.9572,1.3618,1.0294
302,2017-06-25,26,18-44,30.1429,31.2602,26.1248,37.5970,0.6300,0.5435,0.7302,0.5767
302,2017-06-25,26,45-64,27.2857,26.0886,21.5809,31.4390,0.6576,0.5608,0.7671,0.6057
302,2017-06-25,26,65+,16.4286,18.0630,14.7221,22.2841,0.7831,0.6504,0.9395,0.6906
303,2017-06-26,26,0-5,17.2857,16.2879,13.2386,20.1216,1.0759,0.8918,1.2952,1.0342
303,2017-06-26,26,6-11,20.7143,22.1281,18.2309,26.7716,1.3337,1.1319,1.5940,1.1523
303,2017-06-26,26,12-17,13.8571,15.7182,12.7206,19.4342,1.1690,0.9821,1.3945,1.0078
303,2017-06-26,26,18-44,28.8571,30.3834,25.1783,36.6197,0.6489,0.5600,0.7520,0.5714
303,2017-06-26,26,45-64,23.1429,25.0962,20.5921,30.4111,0.6779,0.5790,0.7911,0.5881
303,2017-06-26,26,65+,16.7143,17.8939,14.4794,21.9297,0.8085,0.6757,0.9727,0.6945
304,2017-06-27,26,0-5,15.7143,15.7356,12.7598,19.5428,1.0923,0.9125,1.3175,1.0208
304,2017-06-27,26,6-11,21.1429,21.6519,17.7504,26.1214,1.3887,1.1645,1.6440,1.2240
304,2017-06-27,26,12-17,14.7143,14.9342,12.1013,18.5284,1.1972,1.0067,1.4218,1.1048
304,2017-06-27,26,18-44,28.4286,29.6621,24.5731,35.5841,0.6696,0.5775,0.7766,0.5950
304,2017-06-27,26,45-64,22.5714,24.1509,19.8781,29.4695,0.7018,0.5996,0.8223,0.6200
304,2017-06-27,26,65+,17.4286,17.7874,14.2960,21.8655,0.8367,0.6999,1.0106,0.7415
305,2017-06-28,26,0-5,15.5714,15.1452,12.2523,18.8961,1.1070,0.9177,1.3359,1.0619
305,2017-06-28,26,6-11,20.4286,21.3364,17.4698,25.9903,1.4393,1.2113,1.7040,1.2597
305,2017-06-28,26,12-17,14.8571,14.2565,11.4758,17.5738,1.2238,1.0305,1.4573,1.1602
305,2017-06-28,26,18-44,29.4286,29.0600,24.0488,34.9187,0.6893,0.5937,0.7991,0.6175
305,2017-06-28,26,45-64,21.1429,23.4847,19.2615,28.5146,0.7243,0.6190,0.8470,0.6348
305,2017-06-28,26,65+,16.8571,17.6505,14.3569,21.6431,0.8615,0.7203,1.0330,0.7521
306,2017-06-29,26,0-5,15.8571,14.5729,11.7797,18.2139,1.1124,0.9247,1.3451,1.1117
306,2017-06-29,26,6-11,20.1429,21.3043,17.4153,26.1273,1.4758,1.2438,1.7441,1.3006
306,2017-06-29,26,12-17,14.7143,13.6169,10.9249,16.8056,1.2444,1.0458,1.4828,1.2016
306,2017-06-29,26,18-44,29.4286,28.6077,23.4879,34.4705,0.7032,0.6054,0.8155,0.6408
306,2017-06-29,26,45-64,20.8571,22.9283,18.6953,28.0283,0.7424,0.6333,0.8682,0.6574
306,2017-06-29,26,65+,17.0000,17.5217,14.3076,21.5111,0.8812,0.7353,1.0518,0.7811
307,2017-06-30,26,0-5,14.2857,13.9837,11.2213,17.5778,1.1119,0.9252,1.3385,1.0726
307,2017-06-30,26,6-11,19.0000,21.4745,17.5212,26.4249,1.4862,1.2549,1.7748,1.2909
307,2017-06-30,26,12-17,13.4286,13.0179,10.4162,16.2043,1.2562,1.0625,1.5031,1.1864
307,2017-06-30,26,18-44,29.0000,28.1803,23.1587,34.1960,0.7090,0.6128,0.8222,0.6500
307,2017-06-30,26,45-64,21.5714,22.6515,18.6052,27.7620,0.7526,0.6432,0.8813,0.6801
307,2017-06-30,26,65+,17.5714,17.4286,14.2590,21.3809,0.8890,0.7412,1.0656,0.8175
308,2017-07-01,26,0-5,13.1429,13.4451,10.7575,16.8396,1.1089,0.9199,1.3367,1.0717
308,2017-07-01,26,6-11,22.0000,21.6992,17.7225,26.6646,1.4847,1.2624,1.7601,1.4438
308,2017-07-01,26,12-17,12.7143,12.5271,9.9501,15.7041,1.2633,1.0688,1.5109,1.2230
308,2017-07-01,26,18-44,28.8571,27.7236,22.8460,33.6005,0.7097,0.6124,0.8253,0.6865
308,2017-07-01,26,45-64,23.4286,22.5560,18.5970,27.8383,0.7554,0.6455,0.8893,0.7283
308,2017-07-01,26,65+,18.5714,17.3360,14.0899,21.3268,0.8828,0.7381,1.0612,0.8798
309,2017-07-02,27,0-5,12.4286,12.9510,10.3174,16.1785,1.0961,0.9094,1.3197,1.0663
309,2017-07-02,27,6-11,23.0000,21.9279,17.9015,26.8251,1.4614,1.2344,1.7380,1.4902
309,2017-07-02,27,12-17,12.2857,12.1054,9.6055,15.1611,1.2672,1.0665,1.5089,1.2282
309,2017-07-02,27,18-44,28.4286,27.2858,22.6935,32.9832,0.7020,0.6064,0.8141,0.6926
309,2017-07-02,27,45-64,23.0000,22.8405,18.8645,27.9897,0.7498,0.6403,0.8828,0.7363
309,2017-07-02,27,65+,19.4286,17.1411,13.8998,21.0096,0.8689,0.7281,1.0414,0.9041
310,2017-07-03,27,0-5,12.4286,12.5145,9.8846,15.5680,1.0784,0.8943,1.3060,1.0955
310,2017-07-03,27,6-11,24.5714,22.0954,17.9383,26.9175,1.4262,1.1996,1.7046,1.5507
310,2017-07-03,27,12-17,11.7143,11.7282,9.3103,14.7671,1.2674,1.0654,1.5154,1.2428
310,2017-07-03,27,18-44,28.5714,26.8252,22.2634,32.5292,0.6894,0.5957,0.8029,0.7102
310,2017-07-03,27,45-64,25.0000,23.1089,19.0594,28.1787,0.7379,0.6284,0.8694,0.7523
310,2017-07-03,27,65+,17.7143,16.8994,13.6613,20.7354,0.8506,0.7089,1.0197,0.8815
311,2017-07-04,27,0-5,13.2857,12.1665,9.5633,15.1699,1.0573,0.8777,1.2764,1.1420
311,2017-07-04,27,6-11,24.4286,22.0588,18.0547,26.9012,1.3838,1.1617,1.6504,1.5220
311,2017-07-04,27,12-17,10.4286,11.5040,9.1034,14.4808,1.2614,1.0577,1.5000,1.1887
311,2017-07-04,27,18-44,28.0000,26.3975,21.8595,32.0835,0.6756,0.5818,0.7865,0.7059
311,2017-07-04,27,45-64,25.2857,23.4536,19.3464,28.4009,0.7233,0.6150,0.8510,0.7429
311,2017-07-04,27,65+,17.0000,16.5875,13.4115,20.4980,0.8295,0.6926,0.9960,0.8616
312,2017-07-05,27,0-5,12.5714,11.8216,9.2927,14.7542,1.0370,0.8615,1.2558,1.0995
312,2017-07-05,27,6-11,23.5714,21.7833,17.8301,26.4851,1.3434,1.1339,1.6015,1.4639
312,2017-07-05,27,12-17,10.8571,11.4190,9.0015,14.4278,1.2502,1.0509,1.4987,1.2232
312,2017-07-05,27,18-44,26.4286,26.0051,21.5561,31.7704,0.6611,0.5704,0.7675,0.6940
312,2017-07-05,27,45-64,25.8571,23.6494,19.4962,28.7615,0.7070,0.6032,0.8300,0.7456
312,2017-07-05,27,65+,17.4286,16.2666,13.1287,20.1787,0.8079,0.6771,0.9715,0.8716
313,2017-07-06,27,0-5,11.8571,11.5334,9.0572,14.4179,1.0223,0.8478,1.2336,1.0685
313,2017-07-06,27,6-11,23.2857,21.3557,17.3885,26.0648,1.3169,1.1107,1.5686,1.4411
313,2017-07-06,27,12-17,11.2857,11.3969,8.9765,14.3846,1.2374,1.0383,1.4897,1.2572
313,2017-07-06,27,18-44,26.0000,25.8244,21.3466,31.3838,0.6508,0.5617,0.7551,0.6879
313,2017-07-06,27,45-64,25.8571,23.6528,19.5051,28.9727,0.6946,0.5918,0.8137,0.7432
313,2017-07-06,27,65+,17.0000,15.9168,12.9401,19.8910,0.7924,0.6645,0.9485,0.8611
314,2017-07-07,27,0-5,11.8571,11.2383,8.8400,14.1424,1.0101,0.8354,1.2257,1.0569
314,2017-07-07,27,6-11,22.2857,20.8422,16.7736,25.4186,1.3068,1.1018,1.5592,1.3841
314,2017-07-07,27,12-17,11.7143,11.4156,9.0093,14.3569,1.2263,1.0257,1.4649,1.2643
314,2017-07-07,27,18-44,24.5714,25.5918,21.2329,31.0435,0.6443,0.5556,0.7498,0.6644
314,2017-07-07,27,45-64,25.0000,23.5497,19.4684,28.6910,0.6871,0.5848,0.8066,0.7156
314,2017-07-07,27,65+,15.5714,15.6536,12.7614,19.6030,0.7862,0.6543,0.9422,0.8137
315,2017-07-08,27,0-5,11.8571,10.9460,8.6150,13.7886,1.0091,0.8347,1.2240,1.0614
315,2017-07-08,27,6-11,19.2857,20.2607,16.4982,24.8566,1.3179,1.1091,1.5726,1.2837
315,2017-07-08,27,12-17,11.8571,11.4316,9.0303,14.4708,1.2191,1.0238,1.4584,1.2510
315,2017-07-08,27,18-44,24.8571,25.5400,21.2400,30.7617,0.6469,0.5576,0.7546,0.6489
315,2017-07-08,27,45-64,22.8571,23.2481,19.1650,28.3611,0.6881,0.5877,0.8111,0.6916
315,2017-07-08,27,65+,15.1429,15.4260,12.5452,19.1233,0.7878,0.6580,0.9459,0.7905
316,2017-07-09,28,0-5,11.1429,10.6833,8.4206,13.3864,1.0214,0.8474,1.2295,1.0379
316,2017-07-09,28,6-11,18.5714,19.7060,16.0953,24.1853,1.3387,1.1280,1.5937,1.2716
316,2017-07-09,28,12-17,11.7143,11.3820,8.9784,14.4682,1.2141,1.0222,1.4503,1.2356
316,2017-07-09,28,18-44,24.8571,25.4605,21.0736,30.7852,0.6568,0.5660,0.7654,0.6397
316,2017-07-09,28,45-64,21.4286,22.9695,18.7415,27.9115,0.6981,0.5952,0.8223,0.6751
316,2017-07-09,28,65+,14.1429,15.1957,12.2561,18.9075,0.8010,0.6696,0.9669,0.7646
317,2017-07-10,28,0-5,10.1429,10.4127,8.1346,13.1071,1.0442,0.8675,1.2561,1.0106
317,2017-07-10,28,6-11,17.4286,19.2718,15.8104,23.7476,1.3738,1.1582,1.6375,1.2656
317,2017-07-10,28,12-17,12.2857,11.2202,8.8949,14.2495,1.2180,1.0207,1.4512,1.2780
317,2017-07-10,28,18-44,25.0000,25.4135,21.1160,30.7133,0.6729,0.5792,0.7817,0.6460
317,2017-07-10,28,45-64,20.5714,22.5689,18.4415,27.4915,0.7134,0.6078,0.8395,0.6858
317,2017-07-10,28,65+,14.5714,14.9901,12.0997,18.8156,0.8198,0.6868,0.9838,0.7885
318,2017-07-11,28,0-5,8.8571,10.1083,7.8996,12.8198,1.0733,0.8875,1.2976,0.9638
318,2017-07-11,28,6-11,18.0000,18.9422,15.5258,23.1951,1.4176,1.1864,1.6794,1.3092
318,2017-07-11,28,12-17,11.8571,11.0291,8.7578,13.9415,1.2239,1.0331,1.4617,1.2686
318,2017-07-11,28,18-44,24.4286,25.3573,20.8777,30.5325,0.6926,0.5973,0.8074,0.6465
318,2017-07-11,28,45-64,21.1429,22.3643,18.2191,27.0870,0.7342,0.6244,0.8643,0.6878
318,2017-07-11,28,65+,12.8571,14.8324,11.8771,18.5634,0.8488,0.7057,1.0137,0.7626
319,2017-07-12,28,0-5,8.5714,9.8501,7.7128,12.5179,1.1126,0.9227,1.3482,0.9761
319,2017-07-12,28,6-11,17.7143,18.7453,15.2922,23.0173,1.4578,1.2275,1.7410,1.3283
319,2017-07-12,28,12-17,11.2857,10.7147,8.4237,13.5034,1.2389,1.0416,1.4705,1.2495
319,2017-07-12,28,18-44,24.0000,25.2804,20.8722,30.3415,0.7173,0.6166,0.8374,0.6538
319,2017-07-12,28,45-64,21.0000,22.1633,17.9551,26.9231,0.7576,0.6440,0.8934,0.6957
319,2017-07-12,28,65+,12.7143,14.7200,11.7556,18.4027,0.8779,0.7342,1.0471,0.7753
320,2017-07-13,28,0-5,9.0000,9.6719,7.5207,12.3436,1.1470,0.9511,1.3935,1.0430
320,2017-07-13,28,6-11,17.8571,18.7021,15.2065,23.0857,1.4934,1.2612,1.7743,1.3805
320,2017-07-13,28,12-17,11.0000,10.3194,8.1351,13.0167,1.2493,1.0567,1.4855,1.2652
320,2017-07-13,28,18-44,24.1429,25.2559,20.6859,30.4404,0.7405,0.6354,0.8662,0.6808
320,2017-07-13,28,45-64,21.2857,21.9578,17.8526,26.9109,0.7792,0.6620,0.9184,0.7226
320,2017-07-13,28,65+,13.1429,14.7277,11.7174,18.2306,0.9032,0.7543,1.0870,0.8144
321,2017-07-14,28,0-5,9.0000,9.5400,7.3881,12.2517,1.1799,0.9777,1.4305,1.0788
321,2017-07-14,28,6-11,18.5714,18.6872,15.2115,23.0296,1.5217,1.2812,1.8141,1.4428
321,2017-07-14,28,12-17,10.4286,9.9266,7.7883,12.5222,1.2630,1.0687,1.4937,1.2547
321,2017-07-14,28,18-44,24.2857,25.3745,20.8037,30.6409,0.7590,0.6510,0.8844,0.6988
321,2017-07-14,28,45-64,20.5714,21.7391,17.7430,26.9682,0.7951,0.6761,0.9369,0.7403
321,2017-07-14,28,65+,14.5714,14.7580,11.7363,18.0786,0.9190,0.7665,1.1026,0.8685
322,2017-07-15,28,0-5,9.2857,9.4758,7.3375,12.1527,1.2031,0.9958,1.4516,1.1437
322,2017-07-15,28,6-11,18.8571,18.6955,15.2544,23.1910,1.5382,1.2977,1.8317,1.5071
322,2017-07-15,28,12-17,10.0000,9.5147,7.3821,12.1351,1.2741,1.0760,1.5104,1.2981
322,2017-07-15,28,18-44,25.5714,25.7280,21.0310,31.2119,0.7728,0.6635,0.9016,0.7482
322,2017-07-15,28,45-64,23.1429,21.6537,17.7074,26.6895,0.8057,0.6866,0.9459,0.7992
322,2017-07-15,28,65+,14.8571,14.8094,11.7865,18.1800,0.9255,0.7735,1.1079,0.9217
323,2017-07-16,29,0-5,9.8571,9.4417,7.2666,12.0881,1.2171,1.0066,1.4794,1.2032
323,2017-07-16,29,6-11,19.7143,18.7437,15.2545,23.2723,1.5521,1.3062,1.8462,1.5608
323,2017-07-16,29,12-17,8.8571,9.1598,7.0494,11.6828,1.2878,1.0864,1.5269,1.2586
323,2017-07-16,29,18-44,26.5714,26.1136,21.4331,31.7231,0.7813,0.6681,0.9151,0.7686
323,2017-07-16,29,45-64,23.5714,21.5480,17.6775,26.5458,0.8095,0.6890,0.9555,0.8129
323,2017-07-16,29,65+,15.1429,14.8201,11.7947,18.2282,0.9231,0.7703,1.1050,0.9382
324,2017-07-17,29,0-5,9.5714,9.4640,7.3073,12.1556,1.2241,1.0160,1.4763,1.1581
324,2017-07-17,29,6-11,20.2857,18.7919,15.3395,23.2275,1.5538,1.3103,1.8469,1.5454
324,2017-07-17,29,12-17,8.1429,8.8933,6.8572,11.3720,1.3005,1.0975,1.5374,1.1998
324,2017-07-17,29,18-44,25.0000,26.7398,21.9661,32.3009,0.7836,0.6716,0.9175,0.7401
324,2017-07-17,29,45-64,22.2857,21.4919,17.5734,26.4950,0.8092,0.6875,0.9523,0.7886
324,2017-07-17,29,65+,16.7143,14.7946,11.8663,18.2049,0.9112,0.7625,1.0886,0.9538
325,2017-07-18,29,0-5,10.2857,9.5236,7.3571,12.3404,1.2146,1.0076,1.4586,1.2325
325,2017-07-18,29,6-11,19.1429,18.8908,15.3106,23.2551,1.5518,1.3079,1.8479,1.5286
325,2017-07-18,29,12-17,8.4286,8.7043,6.7195,11.1984,1.3102,1.1063,1.5555,1.2429
325,2017-07-18,29,18-44,28.4286,27.5340,22.6335,33.4219,0.7806,0.6671,0.9051,0.7677
325,2017-07-18,29,45-64,21.2857,21.5355,17.6321,26.6613,0.8042,0.6834,0.9401,0.7978
325,2017-07-18,29,65+,16.7143,14.7071,11.7731,18.0625,0.8936,0.7491,1.0674,0.9507
326,2017-07-19,29,0-5,10.0000,9.6004,7.4147,12.4191,1.2009,1.0009,1.4487,1.2252
326,2017-07-19,29,6-11,19.1429,18.9963,15.5166,23.3599,1.5471,1.3075,1.8345,1.5406
326,2017-07-19,29,12-17,8.2857,8.6537,6.6957,11.0926,1.3228,1.1177,1.5672,1.2639
326,2017-07-19,29,18-44,30.4286,28.3790,23.3328,34.3708,0.7722,0.6626,0.9002,0.7827
326,2017-07-19,29,45-64,21.8571,21.6867,17.6959,26.7263,0.7947,0.6771,0.9329,0.8082
326,2017-07-19,29,65+,16.0000,14.5733,11.5776,17.9779,0.8793,0.7358,1.0478,0.9347
327,2017-07-20,29,0-5,10.1429,9.7135,7.4948,12.5062,1.1840,0.9874,1.4170,1.2199
327,2017-07-20,29,6-11,19.4286,19.1456,15.5868,23.5395,1.5392,1.3028,1.8269,1.5417
327,2017-07-20,29,12-17,8.2857,8.7013,6.7148,11.1534,1.3371,1.1263,1.5924,1.2642
327,2017-07-20,29,18-44,30.5714,29.0149,23.8040,35.0993,0.7619,0.6552,0.8878,0.7751
327,2017-07-20,29,45-64,21.4286,21.8483,17.8698,26.6326,0.7863,0.6713,0.9216,0.7963
327,2017-07-20,29,65+,15.8571,14.3729,11.3892,17.9158,0.8657,0.7273,1.0335,0.9182
328,2017-07-21,29,0-5,9.7143,9.8121,7.5364,12.5522,1.1625,0.9657,1.4010,1.1789
328,2017-07-21,29,6-11,18.8571,19.3530,15.7845,23.9264,1.5354,1.2944,1.8156,1.5082
328,2017-07-21,29,12-17,8.1429,8.8384,6.8445,11.2878,1.3438,1.1341,1.6033,1.2736
328,2017-07-21,29,18-44,30.5714,29.4281,24.1490,35.5483,0.7498,0.6435,0.8753,0.7719
328,2017-07-21,29,45-64,23.4286,22.0345,18.0361,26.8453,0.7765,0.6619,0.9125,0.8010
328,2017-07-21,29,65+,14.1429,14.1084,11.2645,17.7056,0.8559,0.7141,1.0250,0.8814
329,2017-07-22,29,0-5,9.8571,9.8847,7.6464,12.6574,1.1394,0.9444,1.3753,1.1741
329,2017-07-22,29,6-11,18.7143,19.6186,16.0198,24.2113,1.5262,1.2872,1.8040,1.4876
329,2017-07-22,29,12-17,8.1429,9.0650,7.0358,11.6648,1.3522,1.1329,1.6105,1.2529
329,2017-07-22,29,18-44,30.7143,29.4836,24.3653,35.6270,0.7382,0.6335,0.8589,0.7533
329,2017-07-22,29,45-64,22.0000,22.2390,18.2081,27.0575,0.7682,0.6535,0.9011,0.7695
329,2017-07-22,29,65+,13.1429,13.9492,11.1169,17.5305,0.8530,0.7145,1.0216,0.8363
330,2017-07-23,30,0-5,9.7143,9.9322,7.7005,12.6461,1.1178,0.9271,1.3479,1.1702
330,2017-07-23,30,6-11,19.8571,19.9785,16.2704,24.3709,1.5143,1.2766,1.7943,1.5471
330,2017-07-23,30,12-17,9.7143,9.3941,7.2654,11.9703,1.3449,1.1337,1.6061,1.3767
330,2017-07-23,30,18-44,30.7143,29.2945,24.2128,35.5409,0.7266,0.6250,0.8453,0.7658
330,2017-07-23,30,45-64,22.4286,22.3881,18.3679,27.2988,0.7602,0.6485,0.8907,0.7858
330,2017-07-23,30,65+,12.8571,13.8883,11.1263,17.5575,0.8577,0.7188,1.0301,0.8425
331,2017-07-24,30,0-5,10.8571,9.9133,7.7191,12.5813,1.1017,0.9140,1.3316,1.2248
331,2017-07-24,30,6-11,19.2857,20.3093,16.5880,24.6762,1.5034,1.2642,1.7932,1.5184
331,2017-07-24,30,12-17,9.8571,9.6812,7.5721,12.3817,1.3319,1.1204,1.5900,1.3806
331,2017-07-24,30,18-44,30.0000,28.8721,23.8077,34.7326,0.7186,0.6175,0.8378,0.7666
331,2017-07-24,30,45-64,23.7143,22.4394,18.2664,27.3014,0.7560,0.6446,0.8879,0.7868
331,2017-07-24,30,65+,11.5714,13.9393,11.1253,17.4647,0.8712,0.7251,1.0421,0.8187
332,2017-07-25,30,0-5,9.8571,9.8899,7.6636,12.6383,1.0888,0.9035,1.3151,1.1298
332,2017-07-25,30,6-11,19.8571,20.6200,16.9134,25.0319,1.4876,1.2551,1.7737,1.5051
332,2017-07-25,30,12-17,10.8571,9.9879,7.8586,12.6951,1.3171,1.1065,1.5632,1.4133
332,2017-07-25,30,18-44,27.4286,28.3693,23.3892,34.1914,0.7137,0.6146,0.8310,0.7381
332,2017-07-25,30,45-64,23.4286,22.3564,18.3136,27.3652,0.7546,0.6445,0.8836,0.7763
332,2017-07-25,30,65+,12.5714,14.2063,11.3212,17.7428,0.8878,0.7402,1.0686,0.8372
333,2017-07-26,30,0-5,9.8571,9.8351,7.5726,12.5721,1.0784,0.8958,1.3050,1.1203
333,2017-07-26,30,6-11,21.1429,20.8654,17.0428,25.3735,1.4679,1.2371,1.7520,1.5371
333,2017-07-26,30,12-17,11.2857,10.2486,8.0638,12.9923,1.3008,1.0909,1.5470,1.4029
333,2017-07-26,30,18-44,26.5714,27.9042,22.9136,33.7663,0.7110,0.6123,0.8260,0.7250
333,2017-07-26,30,45-64,22.2857,22.1199,18.0173,27.1287,0.7553,0.6449,0.8813,0.7591
333,2017-07-26,30,65+,12.8571,14.6925,11.7073,18.4102,0.9074,0.7558,1.0889,0.8346
334,2017-07-27,30,0-5,9.5714,9.7083,7.4400,12.4098,1.0738,0.8930,1.2938,1.1098
334,2017-07-27,30,6-11,21.7143,20.9212,17.1015,25.6101,1.4458,1.2201,1.7251,1.5513
334,2017-07-27,30,12-17,11.2857,10.4332,8.2027,13.1970,1.2860,1.0829,1.5337,1.3901
334,2017-07-27,30,18-44,26.5714,27.4957,22.6536,33.4014,0.7116,0.6129,0.8287,0.7300
334,2017-07-27,30,45-64,22.7143,21.8624,17.8084,26.7651,0.7594,0.6478,0.8902,0.7697
334,2017-07-27,30,65+,13.4286,15.3386,12.2038,19.1872,0.9272,0.7705,1.1137,0.8583
335,2017-07-28,30,0-5,9.1429,9.5539,7.3571,12.1905,1.0747,0.8988,1.2920,1.0833
335,2017-07-28,30,6-11,21.7143,20.8312,17.1986,25.5346,1.4197,1.1999,1.6903,1.5287
335,2017-07-28,30,12-17,11.2857,10.5369,8.2351,13.2322,1.2700,1.0639,1.5091,1.3511
335,2017-07-28,30,18-44,26.1429,27.2916,22.4819,33.1644,0.7129,0.6149,0.8286,0.7173
335,2017-07-28,30,45-64,20.5714,21.6029,17.5930,26.4262,0.7627,0.6517,0.8937,0.7614
335,2017-07-28,30,65+,16.2857,16.0868,12.8320,20.1423,0.9426,0.7804,1.1340,0.9188
336,2017-07-29,30,0-5,9.7143,9.4401,7.2906,11.9952,1.0798,0.8961,1.2964,1.1316
336,2017-07-29,30,6-11,22.2857,20.5362,16.9916,25.3156,1.3922,1.1753,1.6498,1.5545
336,2017-07-29,30,12-17,11.7143,10.5294,8.1887,13.2251,1.2550,1.0559,1.4901,1.3760
336,2017-07-29,30,18-44,26.1429,27.2973,22.4851,33.0167,0.7142,0.6158,0.8304,0.7342
336,2017-07-29,30,45-64,20.7143,21.3263,17.3740,26.0909,0.7654,0.6546,0.8946,0.7835
336,2017-07-29,30,65+,18.2857,16.9176,13.5795,21.1549,0.9471,0.7858,1.1343,0.9759
337,2017-07-30,31,0-5,9.4286,9.3292,7.1838,11.8186,1.0917,0.9086,1.3107,1.0988
337,2017-07-30,31,6-11,20.8571,20.0436,16.4295,24.4891,1.3671,1.1531,1.6162,1.4664
337,2017-07-30,31,12-17,10.7143,10.4174,8.1693,13.1656,1.2483,1.0517,1.4811,1.2869
337,2017-07-30,31,18-44,25.5714,27.4448,22.5689,33.1108,0.7193,0.6191,0.8379,0.7115
337,2017-07-30,31,45-64,20.5714,21.1615,17.2505,25.9739,0.7719,0.6582,0.9018,0.7629
337,2017-07-30,31,65+,18.5714,17.6907,14.2141,21.9416,0.9487,0.7935,1.1369,0.9575
338,2017-07-31,31,0-5,8.4286,9.2160,7.1922,11.6280,1.1000,0.9151,1.3272,1.0593
338,2017-07-31,31,6-11,19.7143,19.3369,15.8223,23.6922,1.3464,1.1368,1.5957,1.4345
338,2017-07-31,31,12-17,10.8571,10.2147,8.0444,13.1064,1.2452,1.0502,1.4797,1.2948
338,2017-07-31,31,18-44,27.5714,27.6969,22.7735,33.5421,0.7227,0.6228,0.8436,0.7163
338,2017-07-31,31,45-64,19.8571,21.2256,17.4242,26.0150,0.7754,0.6613,0.9116,0.7640
338,2017-07-31,31,65+,19.0000,18.3923,14.7339,22.5462,0.9419,0.7857,1.1339,0.9552
339,2017-08-01,31,0-5,9.4286,9.1530,7.1292,11.5887,1.1103,0.9248,1.3337,1.1523
339,2017-08-01,31,6-11,18.8571,18.5207,15.0541,22.6921,1.3331,1.1298,1.5745,1.4395
339,2017-08-01,31,12-17,9.5714,10.0224,7.8685,12.8504,1.2488,1.0529,1.4876,1.2388
339,2017-08-01,31,18-44,29.2857,27.9788,23.1891,33.8812,0.7268,0.6254,0.8452,0.7428
339,2017-08-01,31,45-64,19.8571,21.5120,17.5817,26.3321,0.7792,0.6650,0.9125,0.7830
339,2017-08-01,31,65+,20.5714,18.8125,15.1439,22.9932,0.9313,0.7771,1.1128,0.9959
340,2017-08-02,31,0-5,9.4286,9.1503,7.1434,11.6156,1.1153,0.9297,1.3405,1.1449
340,2017-08-02,31,6-11,17.2857,17.5631,14.2765,21.6243,1.3162,1.1134,1.5540,1.3872
340,2017-08-02,31,12-17,8.4286,9.8201,7.6870,12.5866,1.2537,1.0558,1.4917,1.1974
340,2017-08-02,31,18-44,28.2857,28.2358,23.4715,34.2683,0.7269,0.6271,0.8488,0.7440
340,2017-08-02,31,45-64,22.2857,22.0629,17.8132,26.8616,0.7789,0.6668,0.9180,0.8002
340,2017-08-02,31,65+,20.8571,19.0347,15.4095,23.1035,0.9187,0.7693,1.1022,1.0065
341,2017-08-03,31,0-5,9.2857,9.1512,7.1165,11.6211,1.1148,0.9230,1.3400,1.1296
341,2017-08-03,31,6-11,16.7143,16.5612,13.4340,20.4497,1.2998,1.1010,1.5363,1.3731
341,2017-08-03,31,12-17,8.1429,9.5951,7.4952,12.3192,1.2569,1.0586,1.4974,1.1883
341,2017-08-03,31,18-44,27.8571,28.3565,23.5626,34.4959,0.7260,0.6241,0.8459,0.7347
341,2017-08-03,31,45-64,22.4286,22.6373,18.2819,27.6185,0.7786,0.6660,0.9148,0.7888
341,2017-08-03,31,65+,20.2857,18.9186,15.3323,23.1515,0.9069,0.7566,1.0876,0.9772
342,2017-08-04,31,0-5,9.4286,9.1513,7.1039,11.7116,1.1103,0.9210,1.3411,1.1582
342,2017-08-04,31,6-11,15.2857,15.5591,12.5685,19.1950,1.2883,1.0933,1.5174,1.3649
342,2017-08-04,31,12-17,9.1429,9.4147,7.4146,12.1211,1.2593,1.0611,1.4993,1.2888
342,2017-08-04,31,18-44,29.2857,28.3768,23.4876,34.1441,0.7256,0.6227,0.8451,0.7576
342,2017-08-04,31,45-64,23.4286,23.2451,18.8893,28.2726,0.7802,0.6644,0.9146,0.8097
342,2017-08-04,31,65+,19.2857,18.6605,15.0487,22.8765,0.8992,0.7532,1.0763,0.9634
343,2017-08-05,31,0-5,9.0000,9.1525,7.0444,11.6459,1.0982,0.9127,1.3275,1.1178
343,2017-08-05,31,6-11,14.2857,14.6700,11.8133,18.2024,1.2817,1.0835,1.5085,1.3277
343,2017-08-05,31,12-17,9.0000,9.2769,7.2702,11.8985,1.2560,1.0570,1.4996,1.2807
343,2017-08-05,31,18-44,28.4286,28.1831,23.3900,33.8327,0.7215,0.6186,0.8411,0.7405
343,2017-08-05,31,45-64,24.0000,23.6462,19.3041,28.8255,0.7776,0.6609,0.9138,0.7927
343,2017-08-05,31,65+,17.4286,18.2666,14.6407,22.4578,0.8903,0.7462,1.0631,0.9114
344,2017-08-06,32,0-5,9.8571,9.1011,6.9938,11.6749,1.0876,0.8984,1.3072,1.2005
344,2017-08-06,32,6-11,13.5714,13.8281,11.0673,17.2971,1.2767,1.0789,1.5053,1.3585
344,2017-08-06,32,12-17,9.2857,9.1512,7.1101,11.7470,1.2475,1.0495,1.4853,1.3308
344,2017-08-06,32,18-44,29.7143,27.7951,22.9551,33.2766,0.7168,0.6142,0.8376,0.7728
344,2017-08-06,32,45-64,24.4286,23.9776,19.5886,28.9585,0.7738,0.6583,0.9094,0.8213
344,2017-08-06,32,65+,18.0000,17.7815,14.1978,21.8660,0.8864,0.7422,1.0592,0.9454
345,2017-08-07,32,0-5,9.5714,8.9988,6.8913,11.5025,1.0705,0.8858,1.2875,1.1678
345,2017-08-07,32,6-11,13.4286,13.0886,10.4516,16.3388,1.2716,1.0786,1.5032,1.3612
345,2017-08-07,32,12-17,9.4286,8.9793,6.9247,11.6328,1.2316,1.0352,1.4707,1.3411
345,2017-08-07,32,18-44,28.2857,27.2849,22.4697,32.6294,0.7117,0.6105,0.8316,0.7623
345,2017-08-07,32,45-64,25.2857,24.1630,19.7270,29.1648,0.7692,0.6527,0.9050,0.8174
345,2017-08-07,32,65+,17.1429,17.3218,13.8068,21.2737,0.8831,0.7365,1.0591,0.9278
346,2017-08-08,32,0-5,8.8571,8.8268,6.8005,11.2485,1.0557,0.8750,1.2719,1.0997
346,2017-08-08,32,6-11,12.5714,12.4151,9.8819,15.5663,1.2685,1.0722,1.5101,1.3168
346,2017-08-08,32,12-17,9.5714,8.7808,6.8149,11.3673,1.2121,1.0216,1.4497,1.3404
346,2017-08-08,32,18-44,26.4286,26.6696,22.0116,32.1029,0.7055,0.6048,0.8248,0.7397
346,2017-08-08,32,45-64,26.1429,24.1120,19.8351,29.1978,0.7626,0.6486,0.8993,0.8058
346,2017-08-08,32,65+,16.0000,16.8434,13.5173,20.7971,0.8800,0.7321,1.0523,0.8992
347,2017-08-09,32,0-5,9.0000,8.6093,6.6265,10.9642,1.0424,0.8601,1.2673,1.1185
347,2017-08-09,32,6-11,12.0000,11.8660,9.3799,14.7848,1.2707,1.0752,1.5151,1.3176
347,2017-08-09,32,12-17,10.5714,8.5351,6.6152,11.0699,1.1970,1.0100,1.4306,1.3904
347,2017-08-09,32,18-44,26.5714,26.0949,21.4906,31.5923,0.7022,0.6028,0.8246,0.7387
347,2017-08-09,32,45-64,24.4286,23.9465,19.6418,28.9606,0.7592,0.6468,0.8969,0.7962
347,2017-08-09,32,65+,16.1429,16.4655,13.2412,20.2952,0.8779,0.7304,1.0538,0.8977
348,2017-08-10,32,0-5,9.0000,8.3282,6.4449,10.5909,1.0373,0.8581,1.2509,1.1357
348,2017-08-10,32,6-11,11.4286,11.3574,8.9836,14.2670,1.2864,1.0822,1.5284,1.3208
348,2017-08-10,32,12-17,10.4286,8.2946,6.3766,10.7147,1.1936,1.0017,1.4238,1.3798
348,2017-08-10,32,18-44,26.8571,25.4817,20.9191,30.8201,0.7055,0.6028,0.8286,0.7469
348,2017-08-10,32,45-64,24.2857,23.6293,19.4939,28.6499,0.7623,0.6457,0.8993,0.8026
348,2017-08-10,32,65+,16.1429,16.1730,13.0665,19.9559,0.8814,0.7323,1.0596,0.9080
349,2017-08-11,32,0-5,8.8571,8.0194,6.1937,10.2372,1.0397,0.8606,1.2623,1.1377
349,2017-08-11,32,6-11,11.8571,11.0158,8.7270,13.8008,1.3075,1.1022,1.5592,1.3588
349,2017-08-11,32,12-17,8.2857,8.0066,6.2056,10.3317,1.2005,1.0048,1.4284,1.2476
349,2017-08-11,32,18-44,26.2857,25.0256,20.5483,30.3807,0.7139,0.6093,0.8353,0.7487
349,2017-08-11,32,45-64,24.8571,23.3072,19.0817,28.3322,0.7695,0.6516,0.9058,0.8066
349,2017-08-11,32,65+,16.5714,15.9050,12.8360,19.6314,0.8870,0.7407,1.0648,0.9301
350,2017-08-12,32,0-5,8.0000,7.7009,5.9304,9.9265,1.0603,0.8769,1.2844,1.0085
350,2017-08-12,32,6-11,10.0000,10.7114,8.4340,13.4868,1.3475,1.1384,1.5963,1.1731
350,2017-08-12,32,12-17,6.8571,7.7107,5.9718,9.9577,1.2228,1.0295,1.4468,1.0560
350,2017-08-12,32,18-44,22.2857,24.6984,20.3145,30.0938,0.7319,0.6262,0.8611,0.6428
350,2017-08-12,32,45-64,20.5714,23.0457,18.9602,27.9551,0.7851,0.6668,0.9270,0.6869
350,2017-08-12,32,65+,14.2857,15.7211,12.6211,19.4788,0.9009,0.7522,1.0826,0.7993
351,2017-08-13,33,0-5,7.0000,7.4363,5.6664,9.5804,1.0869,0.9006,1.3088,0.9828
351,2017-08-13,33,6-11,9.5714,10.5286,8.2563,13.3391,1.4034,1.1851,1.6693,1.2079
351,2017-08-13,33,12-17,6.8571,7.4796,5.7298,9.6650,1.2619,1.0603,1.4960,1.1327
351,2017-08-13,33,18-44,22.2857,24.5831,20.3515,29.9192,0.7562,0.6445,0.8881,0.6801
351,2017-08-13,33,45-64,22.7143,22.8131,18.7044,27.7860,0.8063,0.6834,0.9520,0.7485
351,2017-08-13,33,65+,15.0000,15.4701,12.4495,19.1425,0.9175,0.7659,1.0980,0.8700
352,2017-08-14,33,0-5,7.0000,7.1576,5.4762,9.3188,1.1213,0.9336,1.3525,1.0364
352,2017-08-14,33,6-11,8.8571,10.4517,8.1589,13.2156,1.4620,1.2332,1.7376,1.2301
352,2017-08-14,33,12-17,6.1429,7.2578,5.5441,9.4323,1.3095,1.0987,1.5553,1.1339
352,2017-08-14,33,18-44,23.4286,24.6628,20.3112,30.0174,0.7836,0.6687,0.9185,0.7118
352,2017-08-14,33,45-64,22.2857,22.4422,18.4588,27.3713,0.8305,0.7036,0.9805,0.7758
352,2017-08-14,33,65+,15.1429,15.2501,12.2875,18.8034,0.9345,0.7788,1.1183,0.9034
353,2017-08-15,33,0-5,6.2857,6.9065,5.2788,9.0299,1.1594,0.9650,1.4000,1.0377
353,2017-08-15,33,6-11,9.5714,10.4665,8.2845,13.2926,1.5247,1.2879,1.8081,1.3295
353,2017-08-15,33,12-17,6.1429,7.1297,5.4582,9.2853,1.3640,1.1495,1.6244,1.1757
353,2017-08-15,33,18-44,24.2857,24.8650,20.5037,30.2282,0.8113,0.6917,0.9528,0.7353
353,2017-08-15,33,45-64,20.8571,22.0505,18.1322,27.1537,0.8570,0.7262,1.0092,0.7917
353,2017-08-15,33,65+,15.5714,14.9542,12.0512,18.4811,0.9519,0.7947,1.1392,0.9321
354,2017-08-16,33,0-5,6.0000,6.7109,5.0842,8.8324,1.1987,0.9945,1.4450,1.0663
354,2017-08-16,33,6-11,9.7143,10.5491,8.3871,13.5168,1.5797,1.3343,1.8768,1.3888
354,2017-08-16,33,12-17,5.7143,7.0666,5.3945,9.2728,1.4184,1.1997,1.6879,1.1846
354,2017-08-16,33,18-44,25.4286,25.0566,20.6447,30.6008,0.8364,0.7147,0.9819,0.7601
354,2017-08-16,33,45-64,20.2857,21.8308,17.7717,27.0629,0.8808,0.7496,1.0370,0.8064
354,2017-08-16,33,65+,15.1429,14.6455,11.8157,18.1822,0.9693,0.8132,1.1569,0.9383
355,2017-08-17,33,0-5,5.5714,6.5626,4.9742,8.6471,1.2322,1.0242,1.4855,1.0607
355,2017-08-17,33,6-11,10.1429,10.7730,8.5381,13.7816,1.6255,1.3735,1.9274,1.4445
355,2017-08-17,33,12-17,6.1429,7.1194,5.3734,9.3648,1.4701,1.2403,1.7410,1.2561
355,2017-08-17,33,18-44,25.1429,25.2946,20.7348,30.9153,0.8566,0.7318,1.0058,0.7738
355,2017-08-17,33,45-64,20.2857,21.7335,17.7463,26.8730,0.9019,0.7646,1.0646,0.8238
355,2017-08-17,33,65+,15.1429,14.3455,11.4567,17.8240,0.9841,0.8258,1.1758,0.9547
356,2017-08-18,33,0-5,5.7143,6.5053,4.9019,8.6128,1.2632,1.0412,1.5218,1.1084
356,2017-08-18,33,6-11,10.5714,11.0871,8.7296,14.0938,1.6529,1.3933,1.9599,1.5041
356,2017-08-18,33,12-17,6.2857,7.2409,5.4634,9.5840,1.5079,1.2697,1.7890,1.3155
356,2017-08-18,33,18-44,25.7143,25.5105,20.9133,31.0217,0.8689,0.7418,1.0156,0.8019
356,2017-08-18,33,45-64,21.7143,21.7904,17.6937,26.8679,0.9134,0.7750,1.0736,0.8478
356,2017-08-18,33,65+,13.2857,13.9543,11.1684,17.3516,0.9911,0.8299,1.1853,0.9298
357,2017-08-19,33,0-5,6.4286,6.5547,4.9571,8.6693,1.2837,1.0576,1.5546,1.2677
357,2017-08-19,33,6-11,12.5714,11.4555,8.9989,14.3607,1.6633,1.4055,1.9725,1.7521
357,2017-08-19,33,12-17,8.7143,7.4400,5.6357,9.8324,1.5249,1.2858,1.8139,1.6395
357,2017-08-19,33,18-44,28.7143,25.6074,21.1071,31.2305,0.8709,0.7447,1.0219,0.9175
357,2017-08-19,33,45-64,24.1429,21.9113,17.8387,26.9063,0.9149,0.7784,1.0780,0.9713
357,2017-08-19,33,65+,15.1429,13.6314,10.8758,17.0019,0.9933,0.8328,1.1816,1.0650
358,2017-08-20,34,0-5,6.4286,6.7063,5.0125,8.8780,1.2978,1.0736,1.5699,1.2256
358,2017-08-20,34,6-11,12.7143,11.8661,9.2861,14.9136,1.6654,1.4047,1.9716,1.6786
358,2017-08-20,34,12-17,8.8571,7.7258,5.9044,10.1171,1.5323,1.2902,1.8315,1.5641
358,2017-08-20,34,18-44,28.0000,25.6743,21.2538,31.2094,0.8720,0.7445,1.0228,0.8655
358,2017-08-20,34,45-64,22.8571,22.1434,18.0066,27.1234,0.9148,0.7768,1.0786,0.9043
358,2017-08-20,34,65+,13.4286,13.4003,10.6647,16.7503,0.9950,0.8343,1.1838,0.9703
359,2017-08-21,34,0-5,6.7143,6.9440,5.1711,9.0686,1.3070,1.0838,1.5717,1.2105
359,2017-08-21,34,6-11,13.1429,12.3027,9.6342,15.4382,1.6627,1.4085,1.9726,1.6355
359,2017-08-21,34,12-17,8.5714,8.0731,6.1799,10.5017,1.5389,1.2979,1.8328,1.4790
359,2017-08-21,34,18-44,26.7143,25.9686,21.4844,31.4988,0.8708,0.7477,1.0215,0.8348
359,2017-08-21,34,45-64,23.0000,22.4640,18.2627,27.6339,0.9128,0.7792,1.0754,0.8777
359,2017-08-21,34,65+,13.7143,13.3071,10.5333,16.7178,0.9971,0.8384,1.1879,0.9593
360,2017-08-22,34,0-5,7.5714,7.2535,5.4135,9.4720,1.3084,1.0891,1.5793,1.2507
360,2017-08-22,34,6-11,12.7143,12.7668,10.0697,16.0004,1.6629,1.4092,1.9711,1.5651
360,2017-08-22,34,12-17,9.0000,8.4934,6.5055,10.9979,1.5436,1.3016,1.8326,1.4662
360,2017-08-22,34,18-44,26.2857,26.4219,21.8872,32.1748,0.8709,0.7468,1.0202,0.8191
360,2017-08-22,34,45-64,23.1429,22.8958,18.6539,28.0666,0.9120,0.7760,1.0697,0.8581
360,2017-08-22,34,65+,13.0000,13.3772,10.6024,16.7620,1.0014,0.8398,1.1943,0.9270
361,2017-08-23,34,0-5,8.5714,7.5965,5.7168,9.8300,1.3099,1.0893,1.5666,1.3113
361,2017-08-23,34,6-11,13.4286,13.2906,10.4819,16.5978,1.6686,1.4145,1.9730,1.5916
361,2017-08-23,34,12-17,9.1429,8.9704,6.8324,11.5490,1.5482,1.3098,1.8337,1.4690
361,2017-08-23,34,18-44,25.7143,27.1339,22.3705,33.0074,0.8729,0.7481,1.0195,0.8298
361,2017-08-23,34,45-64,24.5714,23.4112,19.0691,28.6560,0.9099,0.7765,1.0675,0.8753
361,2017-08-23,34,65+,13.4286,13.5972,10.8414,17.0434,1.0039,0.8434,1.1978,0.9527
362,2017-08-24,34,0-5,9.1429,7.9131,5.9961,10.2711,1.3072,1.0869,1.5689,1.3242
362,2017-08-24,34,6-11,13.5714,13.8028,10.9125,17.2146,1.6774,1.4207,1.9830,1.5732
362,2017-08-24,34,12-17,9.1429,9.4814,7.2577,12.1483,1.5589,1.3151,1.8493,1.4383
362,2017-08-24,34,18-44,26.0000,28.1067,23.1401,34.2999,0.8765,0.7522,1.0248,0.8218
362,2017-08-24,34,45-64,24.2857,23.8577,19.3828,29.0790,0.9105,0.7791,1.0668,0.8618
362,2017-08-24,34,65+,13.2857,13.9923,11.1343,17.5428,1.0103,0.8499,1.2050,0.9391
363,2017-08-25,34,0-5,8.4286,8.2182,6.2804,10.5994,1.3058,1.0858,1.5693,1.2793
363,2017-08-25,34,6-11,15.0000,14.3313,11.3490,17.9125,1.6837,1.4286,1.9904,1.6680
363,2017-08-25,34,12-17,10.8571,10.0088,7.6685,12.7438,1.5658,1.3210,1.8532,1.5667
363,2017-08-25,34,18-44,28.5714,29.3446,24.2557,35.7833,0.8790,0.7536,1.0277,0.8496
363,2017-08-25,34,45-64,23.8571,24.1290,19.6657,29.4569,0.9101,0.7775,1.0652,0.8885
363,2017-08-25,34,65+,14.1429,14.4825,11.5535,18.0999,1.0163,0.8528,1.2115,0.9737
364,2017-08-26,34,0-5,9.0000,8.4835,6.4806,10.9155,1.3026,1.0860,1.5628,1.3123
364,2017-08-26,34,6-11,14.1429,14.8944,11.8443,18.6108,1.6875,1.4276,1.9946,1.6139
364,2017-08-26,34,12-17,10.0000,10.5570,8.1498,13.3774,1.5734,1.3299,1.8644,1.5039
364,2017-08-26,34,18-44,30.0000,30.7978,25.3076,37.4926,0.8801,0.7555,1.0266,0.8687
364,2017-08-26,34,45-64,25.7143,24.3276,19.9389,29.8238,0.9076,0.7770,1.0618,0.9183
364,2017-08-26,34,65+,15.4286,15.0453,11.9828,18.7760,1.0160,0.8554,1.2102,1.0245
365,2017-08-27,35,0-5,9.1429,8.7047,6.6660,11.1936,1.2962,1.0785,1.5608,1.3096
365,2017-08-27,35,6-11,14.8571,15.4266,12.3218,19.2677,1.6886,1.4282,2.0014,1.6304
365,2017-08-27,35,12-17,9.8571,11.1723,8.7121,14.1239,1.5787,1.3298,1.8782,1.4553
365,2017-08-27,35,18-44,31.7143,32.4483,26.7182,39.3694,0.8787,0.7526,1.0285,0.8620
365,2017-08-27,35,45-64,24.1429,24.4940,20.0462,29.9325,0.9036,0.7734,1.0566,0.8977
365,2017-08-27,35,65+,16.4286,15.6780,12.4842,19.5211,1.0154,0.8530,1.2095,1.0243
366,2017-08-28,35,0-5,8.8571,8.8989,6.8061,11.4635,1.2885,1.0629,1.5628,1.3046
366,2017-08-28,35,6-11,16.1429,16.0415,12.8664,19.9397,1.6806,1.4120,1.9998,1.7096
366,2017-08-28,35,12-17,11.7143,11.8440,9.2772,14.9145,1.5791,1.3210,1.8875,1.5811
366,2017-08-28,35,18-44,34.8571,34.1793,28.2215,41.2234,0.8726,0.7450,1.0258,0.8900
366,2017-08-28,35,45-64,24.2857,24.6584,20.2183,30.1582,0.8964,0.7633,1.0525,0.9185
366,2017-08-28,35,65+,16.7143,16.3633,13.1143,20.3892,1.0091,0.8427,1.2097,1.0309
367,2017-08-29,35,0-5,9.4286,9.1035,6.9859,11.7369,1.2815,1.0416,1.5751,1.3468
367,2017-08-29,35,6-11,17.1429,16.6569,13.3472,20.7100,1.6654,1.3803,2.0079,1.7601
367,2017-08-29,35,12-17,13.2857,12.5145,9.8485,15.7820,1.5721,1.2988,1.9058,1.6748
367,2017-08-29,35,18-44,37.1429,35.7953,29.6774,43.1786,0.8655,0.7310,1.0269,0.9190
367,2017-08-29,35,45-64,25.7143,24.8300,20.3041,30.3251,0.8873,0.7476,1.0540,0.9490
367,2017-08-29,35,65+,17.7143,17.0336,13.6199,21.1598,1.0007,0.8251,1.2157,1.0613
368,2017-08-30,35,0-5,9.2857,9.3328,7.0891,12.1685,1.2759,1.0117,1.6027,1.3259
368,2017-08-30,35,6-11,18.7143,17.2629,13.7327,21.6335,1.6533,1.3386,2.0302,1.7936
368,2017-08-30,35,12-17,14.0000,13.2388,10.3468,16.7574,1.5666,1.2610,1.9387,1.6551
368,2017-08-30,35,18-44,39.8571,37.3134,30.8330,45.1151,0.8585,0.7116,1.0379,0.9122
368,2017-08-30,35,45-64,24.8571,25.1186,20.4395,30.8772,0.8798,0.7270,1.0623,0.9269
368,2017-08-30,35,65+,17.8571,17.6646,14.0649,22.0475,0.9928,0.8004,1.2328,1.0325
369,2017-08-31,35,0-5,9.2857,9.6197,7.1103,12.8158,1.2741,0.9764,1.6639,1.2797
369,2017-08-31,35,6-11,18.7143,17.8394,13.9540,22.8481,1.6464,1.2916,2.0973,1.7155
369,2017-08-31,35,12-17,13.8571,14.0178,10.7577,18.0936,1.5660,1.2189,2.0104,1.5704
369,2017-08-31,35,18-44,40.0000,38.6826,31.5890,47.5420,0.8559,0.6886,1.0657,0.8801
369,2017-08-31,35,45-64,25.0000,25.5485,20.4718,31.9056,0.8767,0.7036,1.0913,0.8991
369,2017-08-31,35,65+,18.8571,18.3015,14.3401,23.3092,0.9887,0.7680,1.2715,1.0207
370,2017-09-01,35,0-5,10.2857,9.9493,7.0465,13.8712,1.2793,0.9418,1.7478,1.2742
370,2017-09-01,35,6-11,17.4286,18.4685,13.8486,24.6570,1.6484,1.2461,2.1960,1.5850
370,2017-09-01,35,12-17,15.2857,14.8357,10.9054,19.9957,1.5707,1.1760,2.1130,1.5705
370,2017-09-01,35,18-44,38.0000,40.1224,31.7392,50.9170,0.8577,0.6658,1.1133,0.8406
370,2017-09-01,35,45-64,25.5714,26.1867,20.3201,33.8437,0.8786,0.6803,1.1369,0.8683
370,2017-09-01,35,65+,19.1429,18.9726,14.3514,24.9977,0.9895,0.7394,1.3322,0.9908
371,2017-09-02,35,0-5,10.5714,10.3184,6.8585,15.4173,1.2878,0.9070,1.8479,1.3004
371,2017-09-02,35,6-11,18.8571,19.1097,13.4218,27.4050,1.6585,1.2030,2.3190,1.6488
371,2017-09-02,35,12-17,16.2857,15.6521,10.7742,22.7437,1.5788,1.1351,2.2254,1.6008
371,2017-09-02,35,18-44,41.2857,41.5528,31.1580,55.8543,0.8629,0.6455,1.1763,0.8624
371,2017-09-02,35,45-64,26.4286,26.9577,19.8840,36.8626,0.8849,0.6584,1.1958,0.8786
371,2017-09-02,35,65+,18.5714,19.6019,14.0349,27.5138,0.9956,0.7139,1.4066,0.9757
