day,date,wk,age_group,obs,dR_med,dR_lo,dR_hi,Rj_med,Rj_lo,Rj_hi,Rj_renewal
1,2014-08-31,36,0-5,16.5714,17.3225,13.6305,21.5046,1.3326,1.0466,1.6765,NA
1,2014-08-31,36,6-11,18.0000,17.6396,13.7305,21.5236,1.5549,1.2565,1.9017,NA
1,2014-08-31,36,12-17,10.4286,9.2418,6.8422,12.2931,1.4055,1.1224,1.7445,NA
1,2014-08-31,36,18-44,32.1429,29.8872,24.5028,35.3879,0.8944,0.7181,1.1012,NA
1,2014-08-31,36,45-64,32.5714,29.7858,24.4513,35.8686,0.9544,0.7616,1.1883,NA
1,2014-08-31,36,65+,22.7143,20.8170,16.8294,25.4614,1.0858,0.8564,1.3716,NA
2,2014-09-01,36,0-5,16.4286,17.0713,14.2115,20.3729,1.3324,1.0806,1.6510,6.9564
2,2014-09-01,36,6-11,18.7143,17.4383,14.3807,20.5903,1.5703,1.3079,1.8911,8.3559
2,2014-09-01,36,12-17,11.1429,9.2006,7.2563,11.4081,1.3956,1.1397,1.6939,7.6393
2,2014-09-01,36,18-44,31.8571,31.4460,27.0185,36.2247,0.8631,0.7244,1.0311,4.3502
2,2014-09-01,36,45-64,32.4286,30.3457,26.2283,35.0865,0.9159,0.7603,1.1050,4.7479
2,2014-09-01,36,65+,25.8571,21.1029,17.9678,24.5476,1.0462,0.8571,1.2839,5.7689
3,2014-09-02,36,0-5,15.7143,16.9189,14.2258,20.3251,1.3368,1.1024,1.6230,3.1698
3,2014-09-02,36,6-11,18.2857,17.4678,14.6127,20.5343,1.5711,1.3214,1.8710,3.8322
3,2014-09-02,36,12-17,11.7143,9.2208,7.4026,11.2490,1.3667,1.1398,1.6399,3.6349
3,2014-09-02,36,18-44,33.5714,32.9657,27.6941,38.8895,0.8300,0.7083,0.9750,2.0595
3,2014-09-02,36,45-64,34.8571,30.7680,26.1828,36.1252,0.8688,0.7338,1.0307,2.2721
3,2014-09-02,36,65+,27.4286,21.4284,18.2421,25.3370,0.9891,0.8276,1.1905,2.7443
4,2014-09-03,36,0-5,15.4286,17.0334,14.0788,20.8090,1.3402,1.1222,1.6077,2.1965
4,2014-09-03,36,6-11,19.0000,17.8380,14.6223,21.0579,1.5580,1.3178,1.8477,2.7019
4,2014-09-03,36,12-17,11.5714,9.3535,7.4502,11.6709,1.3414,1.1290,1.5903,2.4905
4,2014-09-03,36,18-44,36.5714,33.6918,27.8610,40.5280,0.8011,0.6897,0.9314,1.4544
4,2014-09-03,36,45-64,37.2857,30.9462,25.7064,36.8270,0.8274,0.7058,0.9687,1.5950
4,2014-09-03,36,65+,27.7143,21.6680,18.1256,26.1403,0.9365,0.7874,1.1194,1.8876
5,2014-09-04,36,0-5,17.4286,17.4011,14.1984,21.5106,1.3446,1.1255,1.6071,1.8897
5,2014-09-04,36,6-11,20.7143,18.4112,14.8544,22.1154,1.5405,1.3099,1.8170,2.2608
5,2014-09-04,36,12-17,11.8571,9.6421,7.5043,12.3271,1.3234,1.1147,1.5646,2.0021
5,2014-09-04,36,18-44,37.4286,34.1056,27.8273,41.4781,0.7785,0.6724,0.9027,1.1821
5,2014-09-04,36,45-64,37.7143,30.9172,25.3446,37.4732,0.7942,0.6797,0.9262,1.2749
5,2014-09-04,36,65+,28.0000,21.7561,17.9113,26.5530,0.8923,0.7559,1.0565,1.5018
6,2014-09-05,36,0-5,19.7143,18.1314,14.5890,22.3407,1.3574,1.1313,1.6285,1.6335
6,2014-09-05,36,6-11,20.1429,19.0546,15.2167,23.2890,1.5379,1.3091,1.8133,1.7816
6,2014-09-05,36,12-17,10.2857,10.0494,7.7663,12.9289,1.3316,1.1276,1.5687,1.4636
6,2014-09-05,36,18-44,32.4286,34.6469,28.1910,42.1299,0.7750,0.6709,0.8968,0.8852
6,2014-09-05,36,45-64,30.5714,30.8056,25.0162,37.4231,0.7851,0.6733,0.9153,0.9107
6,2014-09-05,36,65+,22.1429,21.6649,17.7442,26.4242,0.8760,0.7418,1.0396,1.0513
7,2014-09-06,36,0-5,18.2857,19.0258,15.2532,23.3872,1.3724,1.1438,1.6365,1.3638
7,2014-09-06,36,6-11,20.2857,19.7328,15.8287,24.4119,1.5407,1.3116,1.8159,1.5530
7,2014-09-06,36,12-17,8.1429,10.6110,8.1977,13.5530,1.3640,1.1550,1.6045,1.1470
7,2014-09-06,36,18-44,30.0000,35.7173,29.1602,43.2067,0.7855,0.6790,0.9098,0.7323
7,2014-09-06,36,45-64,25.5714,30.9554,25.3595,37.7597,0.7976,0.6836,0.9290,0.7381
7,2014-09-06,36,65+,19.4286,21.5208,17.5929,26.4028,0.8873,0.7460,1.0508,0.8584
8,2014-09-07,37,0-5,19.2857,19.8157,15.9625,24.3282,1.3843,1.1595,1.6545,1.3644
8,2014-09-07,37,6-11,21.2857,20.3990,16.3898,25.0868,1.5459,1.3149,1.8273,1.5585
8,2014-09-07,37,12-17,9.7143,11.2168,8.7427,14.2264,1.4122,1.1980,1.6696,1.2322
8,2014-09-07,37,18-44,32.2857,37.1251,30.3753,44.5250,0.8069,0.6979,0.9347,0.7360
8,2014-09-07,37,45-64,24.7143,31.1864,25.5529,37.7941,0.8268,0.7092,0.9626,0.7317
8,2014-09-07,37,65+,18.1429,21.3600,17.4158,26.2317,0.9166,0.7759,1.0854,0.8269
9,2014-09-08,37,0-5,21.1429,20.6431,16.5887,25.2253,1.3857,1.1640,1.6640,1.4609
9,2014-09-08,37,6-11,22.4286,20.8255,16.9421,25.4019,1.5545,1.3252,1.8171,1.6453
9,2014-09-08,37,12-17,11.2857,11.7887,9.1628,14.8534,1.4608,1.2426,1.7289,1.3916
9,2014-09-08,37,18-44,37.2857,38.5835,31.7135,45.8886,0.8330,0.7216,0.9604,0.8078
9,2014-09-08,37,45-64,27.1429,31.5094,25.8152,38.2161,0.8650,0.7417,1.0087,0.8042
9,2014-09-08,37,65+,18.2857,21.2524,17.3951,26.0626,0.9624,0.8131,1.1373,0.8841
10,2014-09-09,37,0-5,22.8571,21.2646,17.3065,25.7792,1.3768,1.1516,1.6405,1.5031
10,2014-09-09,37,6-11,21.8571,21.0429,17.1032,25.6836,1.5588,1.3310,1.8250,1.6200
10,2014-09-09,37,12-17,12.0000,12.3661,9.6910,15.5738,1.5102,1.2789,1.7853,1.4408
10,2014-09-09,37,18-44,40.1429,39.8354,33.0537,47.6537,0.8582,0.7419,0.9938,0.8324
10,2014-09-09,37,45-64,28.2857,32.1168,26.5045,38.8526,0.9073,0.7770,1.0553,0.8308
10,2014-09-09,37,65+,18.2857,21.3207,17.2760,26.2227,1.0150,0.8546,1.2006,0.9058
11,2014-09-10,37,0-5,22.7143,21.5989,17.6376,26.2331,1.3524,1.1332,1.6181,1.4340
11,2014-09-10,37,6-11,20.2857,21.0453,17.1168,25.6973,1.5591,1.3356,1.8241,1.5283
11,2014-09-10,37,12-17,13.0000,12.9082,10.1294,16.2773,1.5313,1.3004,1.8036,1.4740
11,2014-09-10,37,18-44,39.8571,41.2618,34.5368,49.6446,0.8752,0.7566,1.0158,0.8212
11,2014-09-10,37,45-64,30.0000,33.2793,27.5154,39.8617,0.9396,0.8026,1.0981,0.8423
11,2014-09-10,37,65+,19.2857,21.5242,17.6178,26.5807,1.0589,0.8943,1.2494,0.9316
12,2014-09-11,37,0-5,23.4286,21.7234,17.7439,26.3707,1.3156,1.1064,1.5684,1.4008
12,2014-09-11,37,6-11,19.5714,20.9524,17.0779,25.4429,1.5432,1.3190,1.8046,1.4676
12,2014-09-11,37,12-17,13.1429,13.3937,10.5999,16.8152,1.5292,1.3013,1.7932,1.4307
12,2014-09-11,37,18-44,39.2857,42.7718,35.8849,51.4324,0.8794,0.7585,1.0181,0.7965
12,2014-09-11,37,45-64,30.1429,34.7893,28.8781,41.5914,0.9559,0.8180,1.1159,0.8201
12,2014-09-11,37,65+,19.0000,22.1832,18.1048,27.3510,1.0873,0.9179,1.2926,0.9094
13,2014-09-12,37,0-5,21.5714,21.4842,17.7089,26.0651,1.2562,1.0567,1.4982,1.4141
13,2014-09-12,37,6-11,21.1429,20.8440,17.0719,25.1082,1.4964,1.2804,1.7555,1.6461
13,2014-09-12,37,12-17,14.7143,13.7914,10.9564,17.3324,1.4879,1.2633,1.7524,1.6523
13,2014-09-12,37,18-44,46.5714,44.2983,37.1743,53.0839,0.8588,0.7413,0.9955,0.9307
13,2014-09-12,37,45-64,40.5714,36.7469,30.4663,43.8671,0.9418,0.8061,1.1029,1.0065
13,2014-09-12,37,65+,24.0000,23.0594,18.9362,28.5499,1.0819,0.9092,1.2863,1.1269
14,2014-09-13,37,0-5,23.5714,20.8691,17.2101,25.4821,1.1945,1.0048,1.4224,1.5017
14,2014-09-13,37,6-11,21.7143,20.5363,16.8308,24.7890,1.4374,1.2291,1.6852,1.7154
14,2014-09-13,37,12-17,17.7143,14.0572,11.1478,17.6604,1.4204,1.2061,1.6767,1.8076
14,2014-09-13,37,18-44,51.1429,45.3330,38.1087,54.1471,0.8203,0.7087,0.9515,0.9876
14,2014-09-13,37,45-64,44.8571,38.6678,32.1423,46.1607,0.9030,0.7726,1.0566,1.0730
14,2014-09-13,37,65+,27.7143,24.1347,19.7385,29.6958,1.0484,0.8811,1.2478,1.2151
15,2014-09-14,38,0-5,21.4286,20.1480,16.6130,24.8216,1.1351,0.9570,1.3516,1.3936
15,2014-09-14,38,6-11,21.7143,20.1139,16.4497,24.4007,1.3739,1.1795,1.6178,1.6571
15,2014-09-14,38,12-17,16.1429,14.2125,11.3163,17.6744,1.3489,1.1489,1.5782,1.6381
15,2014-09-14,38,18-44,53.4286,46.0153,38.6582,54.7351,0.7787,0.6748,0.9027,0.9489
15,2014-09-14,38,45-64,46.1429,40.2177,33.4501,48.0678,0.8579,0.7340,1.0017,1.0326
15,2014-09-14,38,65+,29.8571,25.3549,20.6876,31.0855,1.0027,0.8464,1.1917,1.1894
16,2014-09-15,38,0-5,19.1429,19.3730,15.9156,23.8179,1.0913,0.9165,1.2973,1.2411
16,2014-09-15,38,6-11,19.8571,19.7973,16.1433,24.1846,1.3265,1.1374,1.5581,1.4891
16,2014-09-15,38,12-17,14.5714,14.3013,11.3672,17.7989,1.2813,1.0926,1.5015,1.4535
16,2014-09-15,38,18-44,50.2857,46.5230,38.9452,55.3238,0.7444,0.6456,0.8625,0.8612
16,2014-09-15,38,45-64,46.5714,41.6109,34.7421,49.9025,0.8181,0.7026,0.9559,0.9479
16,2014-09-15,38,65+,29.8571,26.6816,21.8186,32.5950,0.9632,0.8132,1.1435,1.0985
17,2014-09-16,38,0-5,17.5714,18.6048,15.2116,22.8700,1.0606,0.8896,1.2639,1.1311
17,2014-09-16,38,6-11,18.8571,19.5042,15.8528,23.8378,1.2888,1.1004,1.5156,1.3714
17,2014-09-16,38,12-17,14.1429,14.2848,11.4278,17.7505,1.2311,1.0496,1.4485,1.3384
17,2014-09-16,38,18-44,46.1429,46.8090,39.5235,55.7050,0.7190,0.6227,0.8330,0.7800
17,2014-09-16,38,45-64,44.4286,42.7565,35.7361,51.2067,0.7884,0.6765,0.9216,0.8584
17,2014-09-16,38,65+,28.2857,27.9065,22.9440,33.9039,0.9318,0.7861,1.1059,0.9910
18,2014-09-17,38,0-5,16.8571,17.8797,14.5625,22.0006,1.0397,0.8728,1.2375,1.1021
18,2014-09-17,38,6-11,19.4286,19.2077,15.6260,23.5050,1.2628,1.0759,1.4864,1.3637
18,2014-09-17,38,12-17,13.4286,14.1843,11.3615,17.6700,1.1959,1.0180,1.4052,1.2660
18,2014-09-17,38,18-44,44.7143,46.7842,39.5452,55.8559,0.7019,0.6075,0.8144,0.7462
18,2014-09-17,38,45-64,41.7143,43.5525,36.3552,51.7416,0.7685,0.6604,0.8984,0.8111
18,2014-09-17,38,65+,27.8571,29.0240,24.0368,35.0173,0.9119,0.7686,1.0779,0.9417
19,2014-09-18,38,0-5,15.8571,17.1115,13.8613,21.1513,1.0319,0.8673,1.2384,1.0889
19,2014-09-18,38,6-11,18.7143,18.7839,15.2534,23.0269,1.2532,1.0693,1.4790,1.3493
19,2014-09-18,38,12-17,13.2857,13.9715,11.1217,17.2961,1.1730,0.9957,1.3813,1.2642
19,2014-09-18,38,18-44,44.7143,46.3178,38.9684,55.2855,0.6955,0.5998,0.8078,0.7445
19,2014-09-18,38,45-64,41.5714,43.6278,36.6907,51.9629,0.7600,0.6502,0.8891,0.8091
19,2014-09-18,38,65+,27.8571,29.7773,24.7159,35.8465,0.8991,0.7586,1.0729,0.9370
20,2014-09-19,38,0-5,16.7143,16.4199,13.2260,20.3067,1.0345,0.8637,1.2438,1.1382
20,2014-09-19,38,6-11,18.7143,18.3214,14.8467,22.4324,1.2564,1.0697,1.4770,1.3649
20,2014-09-19,38,12-17,13.5714,13.6008,10.8143,16.8257,1.1594,0.9835,1.3659,1.2763
20,2014-09-19,38,18-44,43.5714,45.5796,38.5792,54.2256,0.6959,0.5988,0.8112,0.7468
20,2014-09-19,38,45-64,39.5714,43.2079,36.3072,51.3990,0.7586,0.6477,0.8874,0.8073
20,2014-09-19,38,65+,29.8571,30.1803,25.1094,36.1278,0.8941,0.7544,1.0653,0.9615
21,2014-09-20,38,0-5,14.8571,15.6990,12.6897,19.4695,1.0429,0.8711,1.2512,1.0905
21,2014-09-20,38,6-11,17.4286,17.7953,14.5313,21.9073,1.2702,1.0830,1.4961,1.3311
21,2014-09-20,38,12-17,12.5714,13.1392,10.4605,16.2725,1.1541,0.9816,1.3631,1.2563
21,2014-09-20,38,18-44,42.8571,44.6562,37.5231,53.1911,0.7034,0.6057,0.8171,0.7486
21,2014-09-20,38,45-64,41.2857,42.6822,35.7233,50.9550,0.7642,0.6535,0.8948,0.8231
21,2014-09-20,38,65+,30.5714,30.2068,25.1068,36.1662,0.8981,0.7565,1.0676,0.9827
22,2014-09-21,39,0-5,14.5714,15.0583,12.1378,18.6966,1.0595,0.8866,1.2592,1.0747
22,2014-09-21,39,6-11,16.0000,17.3384,14.1208,21.4098,1.2909,1.0970,1.5239,1.2753
22,2014-09-21,39,12-17,12.2857,12.5923,10.0281,15.7120,1.1550,0.9828,1.3583,1.2504
22,2014-09-21,39,18-44,39.5714,43.8033,36.6488,52.0804,0.7165,0.6166,0.8285,0.7340
22,2014-09-21,39,45-64,43.2857,41.9064,35.0580,50.0650,0.7757,0.6638,0.9063,0.8175
22,2014-09-21,39,65+,28.5714,29.9016,24.8538,35.9368,0.9074,0.7648,1.0737,0.9527
23,2014-09-22,39,0-5,14.1429,14.4257,11.6092,18.0240,1.0765,0.8989,1.2896,1.0902
23,2014-09-22,39,6-11,16.4286,16.9396,13.7855,20.8373,1.3167,1.1197,1.5477,1.3140
23,2014-09-22,39,12-17,12.0000,11.9533,9.5431,14.9710,1.1638,0.9866,1.3701,1.2387
23,2014-09-22,39,18-44,40.5714,42.9736,35.9026,50.8021,0.7318,0.6287,0.8489,0.7349
23,2014-09-22,39,45-64,40.1429,41.1622,34.6073,48.9770,0.7911,0.6727,0.9262,0.8021
23,2014-09-22,39,65+,28.0000,29.4173,24.4485,35.6690,0.9202,0.7739,1.0895,0.9349
24,2014-09-23,39,0-5,13.5714,13.8319,11.1806,17.4416,1.0973,0.9165,1.3137,1.0950
24,2014-09-23,39,6-11,16.2857,16.5631,13.4003,20.3372,1.3410,1.1387,1.5779,1.3335
24,2014-09-23,39,12-17,11.5714,11.3572,8.9970,14.2554,1.1720,0.9940,1.3797,1.2349
24,2014-09-23,39,18-44,40.4286,42.3240,35.0443,49.8975,0.7459,0.6425,0.8690,0.7415
24,2014-09-23,39,45-64,38.8571,40.5117,33.8569,48.0715,0.8057,0.6863,0.9429,0.8083
24,2014-09-23,39,65+,29.2857,28.9204,24.1089,34.8498,0.9298,0.7827,1.1036,0.9599
25,2014-09-24,39,0-5,14.4286,13.3250,10.7171,16.7286,1.1167,0.9346,1.3358,1.1679
25,2014-09-24,39,6-11,16.1429,16.2319,13.1728,19.8734,1.3614,1.1597,1.6074,1.3682
25,2014-09-24,39,12-17,11.1429,10.7295,8.4424,13.5037,1.1839,1.0041,1.3946,1.2432
25,2014-09-24,39,18-44,41.8571,41.7000,34.6067,49.3519,0.7610,0.6536,0.8871,0.7648
25,2014-09-24,39,45-64,38.5714,39.8755,33.1778,47.1730,0.8213,0.6996,0.9647,0.8214
25,2014-09-24,39,65+,28.5714,28.2178,23.5724,33.9501,0.9441,0.7933,1.1219,0.9633
26,2014-09-25,39,0-5,12.7143,12.8810,10.2845,16.2268,1.1387,0.9524,1.3638,1.1160
26,2014-09-25,39,6-11,16.1429,15.8839,12.8554,19.5543,1.3765,1.1713,1.6218,1.3824
26,2014-09-25,39,12-17,10.5714,10.1095,7.8709,12.8625,1.1978,1.0174,1.4139,1.2415
26,2014-09-25,39,18-44,41.7143,41.2734,34.2622,48.9817,0.7761,0.6671,0.9032,0.7694
26,2014-09-25,39,45-64,39.0000,39.3917,32.8213,46.6467,0.8392,0.7150,0.9857,0.8352
26,2014-09-25,39,65+,29.2857,27.6026,22.9574,33.2695,0.9609,0.8070,1.1373,0.9860
27,2014-09-26,39,0-5,12.1429,12.5424,9.9851,15.7648,1.1575,0.9672,1.3880,1.1049
27,2014-09-26,39,6-11,16.2857,15.5997,12.6870,19.2971,1.3889,1.1862,1.6386,1.3902
27,2014-09-26,39,12-17,9.4286,9.5569,7.4132,12.3237,1.2133,1.0320,1.4308,1.1974
27,2014-09-26,39,18-44,41.7143,40.9003,33.8692,48.3132,0.7888,0.6799,0.9193,0.7647
27,2014-09-26,39,45-64,39.0000,39.1974,32.5630,46.7330,0.8554,0.7310,1.0046,0.8231
27,2014-09-26,39,65+,26.5714,27.0497,22.3567,32.6561,0.9784,0.8228,1.1563,0.9439
28,2014-09-27,39,0-5,11.7143,12.3309,9.7730,15.5150,1.1798,0.9840,1.4188,1.0966
28,2014-09-27,39,6-11,16.7143,15.3774,12.5448,19.0057,1.4068,1.1958,1.6575,1.4068
28,2014-09-27,39,12-17,8.7143,9.0410,7.0104,11.7030,1.2367,1.0516,1.4538,1.1753
28,2014-09-27,39,18-44,40.7143,40.4330,33.8352,48.0656,0.8038,0.6896,0.9396,0.7602
28,2014-09-27,39,45-64,38.8571,39.1934,32.8107,46.7391,0.8749,0.7432,1.0276,0.8170
28,2014-09-27,39,65+,25.2857,26.6179,21.9182,32.1914,1.0017,0.8403,1.1897,0.9274
29,2014-09-28,40,0-5,11.7143,12.1432,9.7215,15.2273,1.2044,1.0044,1.4454,1.1311
29,2014-09-28,40,6-11,15.7143,15.1146,12.2934,18.7762,1.4252,1.2144,1.6776,1.3976
29,2014-09-28,40,12-17,8.2857,8.6616,6.7172,11.2301,1.2611,1.0723,1.4818,1.1852
29,2014-09-28,40,18-44,42.1429,40.1414,33.6146,48.0284,0.8183,0.7045,0.9552,0.7813
29,2014-09-28,40,45-64,38.2857,39.4422,33.0288,47.0521,0.8926,0.7611,1.0466,0.8393
29,2014-09-28,40,65+,26.8571,26.2735,21.6975,31.7984,1.0217,0.8601,1.2182,0.9709
30,2014-09-29,40,0-5,12.1429,12.1044,9.6837,15.2936,1.2297,1.0299,1.4680,1.1691
30,2014-09-29,40,6-11,15.4286,14.8793,12.0185,18.6386,1.4455,1.2324,1.6985,1.4147
30,2014-09-29,40,12-17,8.4286,8.3721,6.4387,10.8051,1.2908,1.0984,1.5171,1.2552
30,2014-09-29,40,18-44,41.0000,39.9417,33.3483,48.0531,0.8348,0.7185,0.9730,0.8115
30,2014-09-29,40,45-64,43.4286,39.9011,33.2639,47.7717,0.9142,0.7802,1.0719,0.8893
30,2014-09-29,40,65+,26.0000,26.2562,21.5569,31.7671,1.0492,0.8852,1.2505,1.0007
31,2014-09-30,40,0-5,11.8571,12.1994,9.6705,15.4943,1.2568,1.0527,1.4998,1.1176
31,2014-09-30,40,6-11,14.2857,14.7086,11.8905,18.4734,1.4764,1.2590,1.7353,1.3168
31,2014-09-30,40,12-17,7.4286,8.1878,6.2702,10.6166,1.3282,1.1312,1.5553,1.1505
31,2014-09-30,40,18-44,37.8571,39.7761,33.4080,47.9703,0.8558,0.7366,0.9952,0.7521
31,2014-09-30,40,45-64,40.1429,40.4948,33.8448,48.5486,0.9398,0.8021,1.1005,0.8166
31,2014-09-30,40,65+,22.5714,26.3959,21.4319,32.0862,1.0812,0.9159,1.2792,0.9031
32,2014-10-01,40,0-5,11.7143,12.3561,9.8738,15.6131,1.2801,1.0735,1.5310,1.1423
32,2014-10-01,40,6-11,13.8571,14.6606,11.8754,18.3643,1.5155,1.2934,1.7764,1.3429
32,2014-10-01,40,12-17,7.7143,8.1096,6.2132,10.4280,1.3678,1.1669,1.6064,1.2049
32,2014-10-01,40,18-44,38.5714,39.8545,33.3514,47.8347,0.8794,0.7568,1.0213,0.7795
32,2014-10-01,40,45-64,39.8571,41.3450,34.6325,49.4170,0.9684,0.8262,1.1342,0.8535
32,2014-10-01,40,65+,25.8571,26.7914,21.7770,32.5498,1.1154,0.9420,1.3202,0.9827
33,2014-10-02,40,0-5,12.5714,12.5185,9.9750,15.7182,1.3014,1.0901,1.5524,1.2106
33,2014-10-02,40,6-11,14.5714,14.6596,11.8934,18.2760,1.5473,1.3201,1.8227,1.4125
33,2014-10-02,40,12-17,8.2857,8.1080,6.2137,10.4810,1.4013,1.1946,1.6521,1.2644
33,2014-10-02,40,18-44,39.4286,40.1103,33.4762,48.1125,0.8993,0.7740,1.0480,0.8025
33,2014-10-02,40,45-64,39.2857,42.3247,35.5545,50.5922,0.9930,0.8465,1.1650,0.8666
33,2014-10-02,40,65+,25.2857,27.4460,22.3836,33.4234,1.1425,0.9635,1.3520,0.9872
34,2014-10-03,40,0-5,12.1429,12.6839,10.0486,15.9149,1.3117,1.1010,1.5567,1.2258
34,2014-10-03,40,6-11,14.2857,14.7536,11.7764,18.3880,1.5723,1.3428,1.8517,1.4581
34,2014-10-03,40,12-17,8.4286,8.1872,6.2880,10.5556,1.4223,1.2097,1.6744,1.3482
34,2014-10-03,40,18-44,40.5714,40.5362,33.9218,48.7681,0.9092,0.7834,1.0584,0.8554
34,2014-10-03,40,45-64,44.0000,43.3215,36.3951,52.0220,1.0038,0.8554,1.1775,0.9483
34,2014-10-03,40,65+,28.5714,28.1654,23.1818,33.9979,1.1545,0.9737,1.3674,1.0974
35,2014-10-04,40,0-5,13.0000,12.8417,10.1615,15.9934,1.3108,1.1026,1.5608,1.2954
35,2014-10-04,40,6-11,14.1429,14.9263,11.9222,18.4453,1.5988,1.3631,1.8708,1.5017
35,2014-10-04,40,12-17,8.8571,8.2957,6.3530,10.6920,1.4353,1.2225,1.6847,1.4228
35,2014-10-04,40,18-44,42.2857,41.0564,34.2990,49.5460,0.9147,0.7895,1.0631,0.9016
35,2014-10-04,40,45-64,47.7143,44.4308,37.2950,53.3368,1.0086,0.8604,1.1819,1.0070
35,2014-10-04,40,65+,31.0000,28.9905,23.9923,35.1465,1.1527,0.9751,1.3695,1.1698
36,2014-10-05,41,0-5,13.8571,13.0083,10.3145,16.2191,1.3005,1.0949,1.5529,1.3354
36,2014-10-05,41,6-11,15.2857,15.2610,12.1207,18.8945,1.6024,1.3693,1.8838,1.5600
36,2014-10-05,41,12-17,9.1429,8.4671,6.4660,11.0182,1.4433,1.2301,1.6930,1.4348
36,2014-10-05,41,18-44,43.2857,41.9725,34.9385,50.4681,0.9136,0.7879,1.0629,0.9103
36,2014-10-05,41,45-64,48.5714,45.8587,38.4215,54.9923,1.0058,0.8601,1.1763,1.0083
36,2014-10-05,41,65+,31.8571,29.7589,24.6027,35.8764,1.1401,0.9654,1.3426,1.1695
37,2014-10-06,41,0-5,13.5714,13.1954,10.4865,16.3681,1.2895,1.0823,1.5354,1.2277
37,2014-10-06,41,6-11,15.2857,15.7273,12.4616,19.4336,1.6012,1.3665,1.8791,1.4417
37,2014-10-06,41,12-17,8.4286,8.7355,6.6711,11.2794,1.4411,1.2310,1.6875,1.2491
37,2014-10-06,41,18-44,39.4286,43.0590,35.8960,51.5890,0.9094,0.7837,1.0571,0.7950
37,2014-10-06,41,45-64,40.2857,47.3119,39.6214,56.5989,0.9987,0.8533,1.1691,0.8582
37,2014-10-06,41,65+,28.8571,30.4235,25.0459,36.4447,1.1228,0.9472,1.3278,1.0051
38,2014-10-07,41,0-5,14.7143,13.3295,10.5791,16.6426,1.2679,1.0679,1.5131,1.4032
38,2014-10-07,41,6-11,17.2857,16.1896,12.8948,19.9958,1.5853,1.3552,1.8592,1.6922
38,2014-10-07,41,12-17,10.1429,9.0271,6.8816,11.5819,1.4284,1.2186,1.6750,1.5291
38,2014-10-07,41,18-44,48.7143,44.3400,37.0168,53.3347,0.8969,0.7718,1.0410,0.9682
38,2014-10-07,41,45-64,51.7143,48.9404,41.0174,58.5267,0.9831,0.8383,1.1504,1.0639
38,2014-10-07,41,65+,35.4286,31.0345,25.5315,37.2602,1.0959,0.9276,1.2943,1.2361
39,2014-10-08,41,0-5,14.0000,13.4079,10.6611,16.6840,1.2477,1.0510,1.4856,1.3176
39,2014-10-08,41,6-11,17.5714,16.6784,13.2834,20.5822,1.5590,1.3293,1.8294,1.6390
39,2014-10-08,41,12-17,10.4286,9.3102,7.1362,11.9791,1.4075,1.2034,1.6536,1.5063
39,2014-10-08,41,18-44,47.7143,45.7287,38.1492,54.7415,0.8809,0.7588,1.0243,0.9333
39,2014-10-08,41,45-64,54.8571,50.3096,42.4656,59.9921,0.9627,0.8222,1.1318,1.0332
39,2014-10-08,41,65+,32.2857,31.1940,25.7363,37.6109,1.0675,0.9065,1.2610,1.1557
40,2014-10-09,41,0-5,13.7143,13.4990,10.7570,16.8248,1.2328,1.0346,1.4589,1.2599
40,2014-10-09,41,6-11,17.2857,17.1363,13.7600,21.1137,1.5315,1.3064,1.7933,1.5629
40,2014-10-09,41,12-17,10.0000,9.6291,7.4477,12.3439,1.3905,1.1890,1.6309,1.4236
40,2014-10-09,41,18-44,47.2857,47.1292,39.2576,56.3113,0.8668,0.7474,1.0054,0.8942
40,2014-10-09,41,45-64,54.8571,51.8066,43.6300,61.7470,0.9458,0.8068,1.1071,0.9922
40,2014-10-09,41,65+,32.5714,31.3399,25.9275,37.5601,1.0449,0.8846,1.2321,1.1166
41,2014-10-10,41,0-5,13.2857,13.6247,10.8339,16.9914,1.2221,1.0274,1.4545,1.2176
41,2014-10-10,41,6-11,18.4286,17.6168,14.1516,21.5717,1.5040,1.2843,1.7584,1.5598
41,2014-10-10,41,12-17,10.0000,9.9532,7.7590,12.8433,1.3817,1.1818,1.6210,1.3709
41,2014-10-10,41,18-44,48.0000,48.5292,40.4928,57.8716,0.8570,0.7409,0.9916,0.8636
41,2014-10-10,41,45-64,52.8571,53.3072,44.9927,63.7808,0.9344,0.8015,1.0923,0.9467
41,2014-10-10,41,65+,31.5714,31.5029,26.1151,37.7533,1.0295,0.8753,1.2128,1.0608
42,2014-10-11,41,0-5,13.4286,13.8314,10.8956,17.1899,1.2204,1.0246,1.4458,1.1984
42,2014-10-11,41,6-11,18.7143,17.9429,14.5454,22.0036,1.4808,1.2676,1.7365,1.5219
42,2014-10-11,41,12-17,9.8571,10.3638,8.0650,13.2627,1.3795,1.1774,1.6123,1.3153
42,2014-10-11,41,18-44,47.8571,50.0826,42.0877,59.7466,0.8522,0.7355,0.9867,0.8318
42,2014-10-11,41,45-64,50.8571,54.5767,46.1856,64.8079,0.9305,0.7952,1.0875,0.9004
42,2014-10-11,41,65+,29.4286,31.6611,26.3422,38.1083,1.0229,0.8712,1.2043,0.9962
43,2014-10-12,42,0-5,12.8571,13.9935,11.1010,17.3373,1.2162,1.0228,1.4415,1.1798
43,2014-10-12,42,6-11,19.2857,18.1336,14.6716,22.2849,1.4581,1.2445,1.7053,1.5337
43,2014-10-12,42,12-17,10.1429,10.7674,8.3984,13.6681,1.3729,1.1748,1.6121,1.3347
43,2014-10-12,42,18-44,49.1429,51.4608,43.3197,61.3987,0.8463,0.7296,0.9804,0.8384
43,2014-10-12,42,45-64,52.1429,55.8506,46.9730,66.3924,0.9258,0.7922,1.0805,0.9096
43,2014-10-12,42,65+,29.0000,31.7841,26.5180,38.4591,1.0209,0.8695,1.2013,0.9970
44,2014-10-13,42,0-5,13.7143,14.2273,11.3065,17.6991,1.2086,1.0158,1.4411,1.2982
44,2014-10-13,42,6-11,19.5714,18.1996,14.8728,22.4223,1.4350,1.2268,1.6829,1.6401
44,2014-10-13,42,12-17,11.4286,11.1838,8.6678,14.0936,1.3663,1.1644,1.6079,1.5083
44,2014-10-13,42,18-44,56.2857,52.4996,44.0964,61.9337,0.8372,0.7222,0.9747,0.9481
44,2014-10-13,42,45-64,60.4286,56.8820,47.8317,67.0243,0.9175,0.7835,1.0774,1.0438
44,2014-10-13,42,65+,34.5714,31.8953,26.6393,38.5098,1.0146,0.8612,1.1982,1.1605
45,2014-10-14,42,0-5,14.0000,14.4446,11.5073,18.0325,1.2021,1.0133,1.4324,1.2381
45,2014-10-14,42,6-11,18.4286,18.1411,14.7125,22.3256,1.4134,1.2091,1.6554,1.5084
45,2014-10-14,42,12-17,11.8571,11.4661,9.0274,14.4720,1.3551,1.1594,1.5869,1.4365
45,2014-10-14,42,18-44,52.5714,53.0381,44.7342,62.7595,0.8284,0.7153,0.9604,0.8751
45,2014-10-14,42,45-64,58.2857,57.4362,48.1544,67.7034,0.9085,0.7783,1.0615,0.9598
45,2014-10-14,42,65+,30.4286,31.9981,26.7061,38.5854,1.0100,0.8583,1.1905,1.0415
46,2014-10-15,42,0-5,15.0000,14.7294,11.7350,18.3305,1.1971,1.0063,1.4274,1.2651
46,2014-10-15,42,6-11,18.1429,17.9787,14.6135,22.0361,1.3970,1.1946,1.6366,1.4847
46,2014-10-15,42,12-17,12.2857,11.7710,9.3351,14.9100,1.3442,1.1510,1.5744,1.4212
46,2014-10-15,42,18-44,53.4286,53.3649,44.9872,63.0612,0.8196,0.7087,0.9517,0.8663
46,2014-10-15,42,45-64,57.1429,57.9691,48.7415,68.7037,0.9018,0.7741,1.0533,0.9431
46,2014-10-15,42,65+,31.2857,32.1771,26.7490,39.0093,1.0089,0.8566,1.1916,1.0344
47,2014-10-16,42,0-5,15.0000,15.0008,12.0126,18.6085,1.1901,1.0023,1.4181,1.2408
47,2014-10-16,42,6-11,17.4286,17.8651,14.3730,21.8222,1.3849,1.1857,1.6210,1.4395
47,2014-10-16,42,12-17,12.1429,12.0534,9.5798,15.1626,1.3322,1.1354,1.5592,1.3832
47,2014-10-16,42,18-44,53.2857,53.3860,44.9522,62.9808,0.8116,0.6991,0.9412,0.8490
47,2014-10-16,42,45-64,57.1429,58.2143,49.1170,69.4744,0.8947,0.7618,1.0482,0.9250
47,2014-10-16,42,65+,30.8571,32.5527,27.1809,39.8048,1.0046,0.8504,1.1918,1.0136
48,2014-10-17,42,0-5,15.7143,15.2868,12.1339,18.8192,1.1879,0.9978,1.4141,1.2720
48,2014-10-17,42,6-11,16.8571,17.6171,14.1283,21.6900,1.3745,1.1746,1.6070,1.4429
48,2014-10-17,42,12-17,13.0000,12.2905,9.7153,15.4794,1.3180,1.1256,1.5503,1.4301
48,2014-10-17,42,18-44,54.7143,53.1325,44.9633,62.6648,0.8021,0.6933,0.9296,0.8692
48,2014-10-17,42,45-64,59.1429,58.4107,49.4804,69.7390,0.8846,0.7569,1.0334,0.9525
48,2014-10-17,42,65+,33.0000,32.9708,27.3711,40.0424,0.9980,0.8466,1.1783,1.0556
49,2014-10-18,42,0-5,15.1429,15.5567,12.2735,19.1548,1.1834,0.9939,1.4114,1.2345
49,2014-10-18,42,6-11,17.2857,17.4468,13.9833,21.5797,1.3691,1.1674,1.6056,1.4532
49,2014-10-18,42,12-17,13.2857,12.4460,9.8447,15.6338,1.3062,1.1112,1.5343,1.4270
49,2014-10-18,42,18-44,54.4286,52.5714,44.2012,62.3109,0.7951,0.6844,0.9207,0.8630
49,2014-10-18,42,45-64,59.5714,58.3520,49.6024,69.6937,0.8745,0.7464,1.0270,0.9517
49,2014-10-18,42,65+,34.5714,33.2687,27.6378,40.4105,0.9902,0.8387,1.1713,1.0690
50,2014-10-19,43,0-5,15.5714,15.7613,12.5173,19.3891,1.1831,0.9938,1.4056,1.2164
50,2014-10-19,43,6-11,16.5714,17.2643,13.8648,21.2468,1.3636,1.1644,1.6073,1.4032
50,2014-10-19,43,12-17,13.2857,12.5624,9.9102,15.7597,1.2957,1.1036,1.5232,1.3959
50,2014-10-19,43,18-44,51.8571,51.8147,43.5307,61.4172,0.7892,0.6803,0.9150,0.8393
50,2014-10-19,43,45-64,60.7143,58.4253,49.4138,69.3450,0.8673,0.7388,1.0169,0.9320
50,2014-10-19,43,65+,33.8571,33.5636,27.9303,40.6198,0.9800,0.8296,1.1636,1.0420
51,2014-10-20,43,0-5,16.7143,15.9971,12.7874,19.6105,1.1892,0.9995,1.4189,1.2313
51,2014-10-20,43,6-11,16.7143,17.2139,13.8469,21.0450,1.3726,1.1699,1.6079,1.3864
51,2014-10-20,43,12-17,12.7143,12.6006,9.9238,15.8431,1.2949,1.1056,1.5222,1.3361
51,2014-10-20,43,18-44,49.4286,51.0460,43.2425,60.8871,0.7898,0.6811,0.9170,0.8157
51,2014-10-20,43,45-64,59.5714,58.1576,49.1188,69.3046,0.8647,0.7385,1.0161,0.9023
51,2014-10-20,43,65+,33.5714,33.8045,28.0466,40.6773,0.9753,0.8253,1.1548,1.0147
52,2014-10-21,43,0-5,16.1429,16.2273,12.9888,19.8006,1.2007,1.0099,1.4312,1.2002
52,2014-10-21,43,6-11,16.7143,17.1490,13.7787,21.1622,1.3785,1.1801,1.6201,1.3793
52,2014-10-21,43,12-17,12.1429,12.7004,9.9692,15.9837,1.2996,1.1054,1.5219,1.2871
52,2014-10-21,43,18-44,49.7143,50.6425,42.6391,60.0965,0.7930,0.6852,0.9204,0.8002
52,2014-10-21,43,45-64,55.8571,57.8119,48.5553,69.3019,0.8660,0.7392,1.0173,0.8803
52,2014-10-21,43,65+,35.4286,33.8432,28.0424,40.6883,0.9731,0.8240,1.1521,1.0169
53,2014-10-22,43,0-5,15.1429,16.4588,13.2185,20.1327,1.2141,1.0193,1.4482,1.1708
53,2014-10-22,43,6-11,17.4286,17.0895,13.7454,21.0415,1.3941,1.1920,1.6325,1.4164
53,2014-10-22,43,12-17,12.1429,12.7316,10.1109,15.9584,1.3128,1.1210,1.5437,1.3041
53,2014-10-22,43,18-44,50.7143,50.4562,42.4722,59.8885,0.8032,0.6940,0.9304,0.8091
53,2014-10-22,43,45-64,57.0000,57.4595,48.2066,68.1535,0.8754,0.7480,1.0250,0.8909
53,2014-10-22,43,65+,34.5714,33.8031,28.0866,40.5256,0.9798,0.8282,1.1590,1.0134
54,2014-10-23,43,0-5,16.1429,16.6470,13.4619,20.4508,1.2327,1.0302,1.4777,1.2178
54,2014-10-23,43,6-11,19.7143,17.1144,13.7587,21.0518,1.4108,1.2059,1.6534,1.5095
54,2014-10-23,43,12-17,12.7143,12.7760,10.1694,15.9124,1.3375,1.1369,1.5700,1.3415
54,2014-10-23,43,18-44,50.4286,50.4338,42.3776,59.6724,0.8193,0.7051,0.9511,0.8234
54,2014-10-23,43,45-64,57.1429,57.3032,47.9379,67.9043,0.8927,0.7609,1.0456,0.9000
54,2014-10-23,43,65+,34.7143,33.6312,27.8289,40.4787,0.9920,0.8390,1.1748,1.0211
55,2014-10-24,43,0-5,17.0000,16.8493,13.6628,20.6908,1.2518,1.0498,1.4843,1.2168
55,2014-10-24,43,6-11,17.2857,17.1056,13.8208,21.1844,1.4357,1.2289,1.6770,1.3875
55,2014-10-24,43,12-17,13.0000,12.8521,10.1724,15.9743,1.3632,1.1597,1.5977,1.3235
55,2014-10-24,43,18-44,48.2857,50.8109,42.5546,60.3545,0.8372,0.7219,0.9673,0.7950
55,2014-10-24,43,45-64,56.2857,57.2489,48.0984,67.9274,0.9131,0.7796,1.0674,0.8701
55,2014-10-24,43,65+,32.2857,33.4043,27.5217,40.2346,1.0110,0.8581,1.1917,0.9715
56,2014-10-25,43,0-5,17.8571,17.0494,13.9000,21.0965,1.2629,1.0662,1.5045,1.2541
56,2014-10-25,43,6-11,16.2857,17.1532,13.9055,21.1240,1.4620,1.2528,1.7119,1.3622
56,2014-10-25,43,12-17,12.4286,12.9070,10.2344,16.1536,1.3862,1.1805,1.6261,1.2983
56,2014-10-25,43,18-44,50.2857,51.4229,43.3112,60.8125,0.8548,0.7386,0.9929,0.8015
56,2014-10-25,43,45-64,55.0000,57.6955,48.1882,68.4861,0.9349,0.7982,1.0963,0.8673
56,2014-10-25,43,65+,31.5714,33.2085,27.4493,40.2291,1.0339,0.8764,1.2176,0.9637
57,2014-10-26,44,0-5,18.1429,17.2536,14.0059,21.1411,1.2755,1.0720,1.5172,1.2711
57,2014-10-26,44,6-11,16.7143,17.2354,13.9361,21.1102,1.4957,1.2777,1.7446,1.4001
57,2014-10-26,44,12-17,13.4286,12.9847,10.3140,16.3244,1.4136,1.2079,1.6534,1.3531
57,2014-10-26,44,18-44,51.5714,52.3402,43.7197,61.4578,0.8746,0.7547,1.0155,0.8172
57,2014-10-26,44,45-64,54.2857,58.3265,49.0758,69.5126,0.9593,0.8173,1.1235,0.8816
57,2014-10-26,44,65+,32.2857,33.1946,27.5426,40.0466,1.0588,0.8965,1.2493,0.9841
58,2014-10-27,44,0-5,17.2857,17.4409,14.0900,21.2928,1.2811,1.0757,1.5260,1.2459
58,2014-10-27,44,6-11,16.2857,17.3659,14.0846,21.1331,1.5207,1.3018,1.7866,1.4076
58,2014-10-27,44,12-17,14.2857,13.0455,10.3572,16.4808,1.4369,1.2254,1.6792,1.4154
58,2014-10-27,44,18-44,53.2857,53.2595,44.6983,62.8338,0.8895,0.7665,1.0330,0.8365
58,2014-10-27,44,45-64,57.2857,59.3588,49.8895,70.3288,0.9767,0.8322,1.1439,0.9101
58,2014-10-27,44,65+,31.0000,33.2449,27.6294,40.1883,1.0786,0.9151,1.2701,0.9918
59,2014-10-28,44,0-5,17.1429,17.4338,14.0308,21.5096,1.2825,1.0817,1.5249,1.2542
59,2014-10-28,44,6-11,16.7143,17.5901,14.2805,21.5290,1.5330,1.3134,1.7959,1.4486
59,2014-10-28,44,12-17,13.2857,13.1287,10.3896,16.5288,1.4465,1.2362,1.6959,1.4090
59,2014-10-28,44,18-44,54.5714,54.1500,45.7329,64.0757,0.8947,0.7724,1.0395,0.8652
59,2014-10-28,44,45-64,62.4286,60.6680,50.9106,71.6810,0.9810,0.8391,1.1513,0.9522
59,2014-10-28,44,65+,31.5714,33.4822,27.7669,40.6602,1.0851,0.9188,1.2825,1.0326
60,2014-10-29,44,0-5,19.7143,17.4187,14.0659,21.6112,1.2806,1.0760,1.5239,1.3615
60,2014-10-29,44,6-11,18.5714,17.8810,14.4906,22.0831,1.5331,1.3131,1.8007,1.5482
60,2014-10-29,44,12-17,13.5714,13.2397,10.6040,16.6736,1.4490,1.2344,1.6982,1.4458
60,2014-10-29,44,18-44,55.5714,55.3138,46.8047,65.8455,0.8952,0.7715,1.0403,0.9019
60,2014-10-29,44,45-64,65.0000,61.8250,51.8781,73.5957,0.9781,0.8361,1.1429,0.9908
60,2014-10-29,44,65+,35.1429,33.8854,28.0830,41.1957,1.0819,0.9191,1.2758,1.1007
61,2014-10-30,44,0-5,18.2857,17.4020,14.0745,21.5370,1.2728,1.0733,1.5160,1.2808
61,2014-10-30,44,6-11,17.4286,18.1943,14.7105,22.4663,1.5240,1.3037,1.7796,1.4747
61,2014-10-30,44,12-17,13.2857,13.4429,10.7003,16.9361,1.4408,1.2294,1.6900,1.4090
61,2014-10-30,44,18-44,55.8571,56.5951,47.8453,66.9664,0.8865,0.7628,1.0306,0.8782
61,2014-10-30,44,45-64,65.5714,62.6716,52.9970,74.3298,0.9639,0.8261,1.1311,0.9729
61,2014-10-30,44,65+,35.2857,34.4387,28.5224,41.5161,1.0687,0.9099,1.2627,1.0818
62,2014-10-31,44,0-5,16.7143,17.4810,14.0498,21.5451,1.2677,1.0641,1.5064,1.2330
62,2014-10-31,44,6-11,18.5714,18.5280,14.9576,22.8322,1.5043,1.2914,1.7600,1.5120
62,2014-10-31,44,12-17,13.2857,13.7283,10.9719,17.2582,1.4346,1.2257,1.6845,1.4050
62,2014-10-31,44,18-44,59.1429,58.3897,48.9247,68.7671,0.8771,0.7564,1.0174,0.8809
62,2014-10-31,44,45-64,65.2857,63.2453,53.6111,75.2254,0.9492,0.8106,1.1072,0.9713
62,2014-10-31,44,65+,36.2857,35.0198,29.1712,42.4324,1.0523,0.8939,1.2384,1.0827
63,2014-11-01,44,0-5,16.4286,17.5489,14.1629,21.7336,1.2600,1.0557,1.4988,1.2285
63,2014-11-01,44,6-11,20.1429,18.8139,15.2105,23.1192,1.4783,1.2696,1.7321,1.5632
63,2014-11-01,44,12-17,14.2857,14.1461,11.1997,17.6998,1.4229,1.2182,1.6660,1.4491
63,2014-11-01,44,18-44,60.2857,60.0983,50.5342,71.1757,0.8634,0.7443,1.0031,0.8902
63,2014-11-01,44,45-64,67.0000,63.6853,54.2812,75.7030,0.9298,0.7967,1.0872,0.9835
63,2014-11-01,44,65+,38.0000,35.7414,29.6756,43.1047,1.0294,0.8739,1.2118,1.1008
64,2014-11-02,45,0-5,17.4286,17.7375,14.2511,21.8797,1.2576,1.0585,1.4970,1.2730
64,2014-11-02,45,6-11,20.2857,18.9933,15.4297,23.2641,1.4556,1.2466,1.6996,1.5604
64,2014-11-02,45,12-17,13.7143,14.5720,11.5519,18.2619,1.4132,1.2066,1.6478,1.4145
64,2014-11-02,45,18-44,63.7143,61.7565,52.1116,73.2980,0.8549,0.7357,0.9944,0.8962
64,2014-11-02,45,45-64,66.8571,63.8280,54.0718,75.7721,0.9170,0.7836,1.0713,0.9767
64,2014-11-02,45,65+,38.2857,36.2282,30.2075,43.4638,1.0112,0.8589,1.1873,1.0897
65,2014-11-03,45,0-5,18.0000,17.9712,14.5047,22.1540,1.2606,1.0607,1.4932,1.2746
65,2014-11-03,45,6-11,20.2857,19.1405,15.5661,23.5202,1.4381,1.2346,1.6758,1.5251
65,2014-11-03,45,12-17,14.5714,15.1109,12.0774,18.8695,1.4053,1.2013,1.6441,1.4005
65,2014-11-03,45,18-44,64.7143,63.4732,53.5846,75.0528,0.8510,0.7330,0.9853,0.8721
65,2014-11-03,45,45-64,62.5714,63.8734,53.9108,75.5931,0.9102,0.7792,1.0623,0.9371
65,2014-11-03,45,65+,38.5714,36.6983,30.6530,43.6817,0.9991,0.8463,1.1751,1.0535
66,2014-11-04,45,0-5,18.8571,18.2793,14.7712,22.5302,1.2684,1.0681,1.4996,1.2886
66,2014-11-04,45,6-11,20.4286,19.1679,15.6345,23.4719,1.4260,1.2248,1.6643,1.5112
66,2014-11-04,45,12-17,16.1429,15.6394,12.5588,19.3545,1.3976,1.1959,1.6334,1.4382
66,2014-11-04,45,18-44,65.2857,65.1639,55.2248,77.1802,0.8507,0.7333,0.9881,0.8655
66,2014-11-04,45,45-64,61.8571,63.9901,54.0081,76.0373,0.9090,0.7790,1.0613,0.9254
66,2014-11-04,45,65+,38.2857,37.0352,30.6422,44.0347,0.9967,0.8477,1.1706,1.0344
67,2014-11-05,45,0-5,17.1429,18.6943,15.2026,22.8861,1.2752,1.0787,1.5204,1.2136
67,2014-11-05,45,6-11,18.7143,19.1128,15.6223,23.5009,1.4241,1.2253,1.6556,1.4304
67,2014-11-05,45,12-17,16.7143,16.1038,12.9188,19.8522,1.3926,1.1932,1.6227,1.4304
67,2014-11-05,45,18-44,67.0000,66.7929,56.6477,78.8309,0.8560,0.7412,0.9934,0.8459
67,2014-11-05,45,45-64,61.7143,64.3952,54.4916,76.6124,0.9155,0.7861,1.0682,0.9049
67,2014-11-05,45,65+,35.2857,37.1929,30.7562,44.3575,1.0029,0.8521,1.1771,0.9845
68,2014-11-06,45,0-5,18.8571,19.1479,15.6232,23.4956,1.2858,1.0813,1.5270,1.2617
68,2014-11-06,45,6-11,18.5714,19.0211,15.5786,23.3831,1.4239,1.2234,1.6623,1.4233
68,2014-11-06,45,12-17,17.1429,16.3877,13.1756,20.1371,1.3818,1.1877,1.6099,1.4234
68,2014-11-06,45,18-44,67.0000,68.3327,57.9655,80.1336,0.8643,0.7471,1.0071,0.8445
68,2014-11-06,45,45-64,61.0000,65.1863,55.0702,77.4206,0.9265,0.7943,1.0813,0.8975
68,2014-11-06,45,65+,35.2857,37.4008,31.0261,44.7828,1.0163,0.8626,1.1934,0.9794
69,2014-11-07,45,0-5,22.0000,19.6007,15.9011,24.1907,1.2933,1.0897,1.5349,1.3599
69,2014-11-07,45,6-11,18.5714,18.8603,15.4360,23.1108,1.4330,1.2300,1.6656,1.4439
69,2014-11-07,45,12-17,18.0000,16.5044,13.3270,20.2819,1.3746,1.1808,1.5994,1.4604
69,2014-11-07,45,18-44,66.4286,69.6906,59.2177,81.7738,0.8766,0.7560,1.0142,0.8671
69,2014-11-07,45,45-64,64.1429,66.2298,55.6837,77.7629,0.9400,0.8070,1.0933,0.9251
69,2014-11-07,45,65+,37.0000,37.5362,31.2824,45.2357,1.0329,0.8803,1.2133,1.0183
70,2014-11-08,45,0-5,21.0000,20.0223,16.2478,24.7129,1.3010,1.0981,1.5413,1.3232
70,2014-11-08,45,6-11,18.5714,18.6957,15.2251,22.9424,1.4421,1.2405,1.6748,1.4522
70,2014-11-08,45,12-17,17.5714,16.4187,13.3095,20.0753,1.3671,1.1742,1.5959,1.4461
70,2014-11-08,45,18-44,69.4286,71.1063,60.5772,83.5489,0.8875,0.7651,1.0294,0.8755
70,2014-11-08,45,45-64,66.2857,67.4041,56.7905,79.1199,0.9525,0.8190,1.1125,0.9356
70,2014-11-08,45,65+,36.0000,37.8906,31.5066,45.4573,1.0504,0.8965,1.2334,1.0153
71,2014-11-09,46,0-5,20.2857,20.3737,16.4746,25.0285,1.3063,1.1022,1.5508,1.2955
71,2014-11-09,46,6-11,17.8571,18.5147,15.0923,22.6662,1.4506,1.2464,1.6881,1.4394
71,2014-11-09,46,12-17,17.4286,16.1708,13.0706,19.7696,1.3618,1.1695,1.5886,1.4436
71,2014-11-09,46,18-44,71.7143,72.7693,62.0794,85.4453,0.8939,0.7705,1.0391,0.8846
71,2014-11-09,46,45-64,68.2857,68.7216,57.9331,81.1918,0.9613,0.8249,1.1230,0.9533
71,2014-11-09,46,65+,38.0000,38.4091,31.9923,46.0320,1.0631,0.9029,1.2482,1.0456
72,2014-11-10,46,0-5,19.8571,20.5852,16.6457,25.3992,1.3079,1.1019,1.5499,1.2879
72,2014-11-10,46,6-11,17.8571,18.4650,14.9406,22.6010,1.4571,1.2523,1.6946,1.4518
72,2014-11-10,46,12-17,16.0000,15.8169,12.8034,19.3434,1.3604,1.1683,1.5835,1.4052
72,2014-11-10,46,18-44,75.0000,74.4081,63.1132,87.8267,0.8970,0.7740,1.0423,0.8973
72,2014-11-10,46,45-64,71.0000,70.0920,59.0538,83.1392,0.9675,0.8299,1.1302,0.9675
72,2014-11-10,46,65+,38.5714,38.9794,32.4681,46.8003,1.0715,0.9133,1.2551,1.0586
73,2014-11-11,46,0-5,20.0000,20.8619,17.0020,25.7164,1.3053,1.1041,1.5460,1.3012
73,2014-11-11,46,6-11,17.5714,18.4031,14.8952,22.5026,1.4613,1.2574,1.7034,1.4581
73,2014-11-11,46,12-17,14.7143,15.4307,12.5568,19.0017,1.3568,1.1669,1.5788,1.3754
73,2014-11-11,46,18-44,78.5714,75.9101,64.3894,89.6321,0.8960,0.7763,1.0395,0.9115
73,2014-11-11,46,45-64,73.2857,71.6536,60.6222,85.0061,0.9685,0.8300,1.1315,0.9815
73,2014-11-11,46,65+,39.8571,39.8146,33.2966,47.8424,1.0743,0.9132,1.2624,1.0762
74,2014-11-12,46,0-5,20.5714,21.2099,17.2044,25.8668,1.2928,1.0921,1.5314,1.2947
74,2014-11-12,46,6-11,17.1429,18.4568,14.8847,22.6004,1.4558,1.2524,1.6963,1.4311
74,2014-11-12,46,12-17,15.4286,15.0797,12.2607,18.5832,1.3509,1.1583,1.5721,1.3867
74,2014-11-12,46,18-44,77.0000,77.1953,65.3814,91.0118,0.8894,0.7676,1.0324,0.8983
74,2014-11-12,46,45-64,73.7143,73.3280,62.5062,87.1210,0.9640,0.8261,1.1256,0.9738
74,2014-11-12,46,65+,42.2857,40.7728,34.0943,48.5274,1.0714,0.9116,1.2602,1.0858
75,2014-11-13,46,0-5,22.4286,21.4720,17.5150,26.1636,1.2713,1.0722,1.5023,1.3397
75,2014-11-13,46,6-11,18.2857,18.5665,14.8956,22.8810,1.4393,1.2346,1.6799,1.4649
75,2014-11-13,46,12-17,15.0000,14.8334,12.1265,18.3049,1.3456,1.1513,1.5681,1.3671
75,2014-11-13,46,18-44,77.5714,78.0801,66.3712,91.9329,0.8755,0.7538,1.0181,0.8973
75,2014-11-13,46,45-64,74.0000,75.1225,63.7839,89.2172,0.9525,0.8149,1.1136,0.9633
75,2014-11-13,46,65+,42.2857,41.7376,34.8438,49.6528,1.0614,0.9030,1.2484,1.0708
76,2014-11-14,46,0-5,22.2857,21.7211,17.6884,26.5193,1.2436,1.0502,1.4758,1.3511
76,2014-11-14,46,6-11,19.5714,18.7253,15.1487,23.0410,1.4223,1.2231,1.6595,1.5257
76,2014-11-14,46,12-17,13.4286,14.6955,11.8819,18.2043,1.3428,1.1518,1.5659,1.3451
76,2014-11-14,46,18-44,82.4286,78.4185,66.7083,92.0433,0.8625,0.7451,1.0000,0.9230
76,2014-11-14,46,45-64,77.1429,76.5913,64.5637,91.0940,0.9426,0.8089,1.0994,0.9887
76,2014-11-14,46,65+,44.2857,42.7520,35.6169,50.9343,1.0535,0.9005,1.2373,1.1006
77,2014-11-15,46,0-5,23.1429,21.8712,17.8683,26.6853,1.2182,1.0294,1.4472,1.3410
77,2014-11-15,46,6-11,19.2857,18.9343,15.3483,23.2803,1.4068,1.2034,1.6413,1.4874
77,2014-11-15,46,12-17,13.2857,14.6766,11.7447,18.2653,1.3422,1.1501,1.5661,1.3288
77,2014-11-15,46,18-44,81.1429,78.2506,66.9603,91.8395,0.8484,0.7318,0.9846,0.9053
77,2014-11-15,46,45-64,78.7143,77.8684,65.6039,92.1408,0.9302,0.7958,1.0887,0.9726
77,2014-11-15,46,65+,43.7143,43.7131,36.4135,51.9485,1.0413,0.8838,1.2220,1.0755
78,2014-11-16,47,0-5,22.1429,21.9376,17.9319,26.7209,1.1903,1.0027,1.4082,1.2717
78,2014-11-16,47,6-11,19.4286,19.1207,15.5848,23.5526,1.3858,1.1874,1.6182,1.4502
78,2014-11-16,47,12-17,13.5714,14.8631,11.8968,18.4056,1.3402,1.1458,1.5658,1.3224
78,2014-11-16,47,18-44,78.0000,77.8551,66.2197,91.0825,0.8341,0.7185,0.9666,0.8769
78,2014-11-16,47,45-64,80.0000,79.0489,66.8368,93.5433,0.9185,0.7846,1.0758,0.9530
78,2014-11-16,47,65+,43.5714,44.5152,37.3203,52.8488,1.0293,0.8758,1.2086,1.0528
79,2014-11-17,47,0-5,22.4286,21.8776,17.9027,26.5259,1.1653,0.9846,1.3820,1.2652
79,2014-11-17,47,6-11,19.0000,19.2584,15.7151,23.6510,1.3622,1.1690,1.5841,1.4303
79,2014-11-17,47,12-17,15.0000,15.1156,12.0741,18.6756,1.3353,1.1427,1.5579,1.3728
79,2014-11-17,47,18-44,77.1429,76.8891,65.4837,90.5761,0.8205,0.7096,0.9508,0.8758
79,2014-11-17,47,45-64,81.2857,79.9548,67.9573,94.5239,0.9067,0.7755,1.0593,0.9609
79,2014-11-17,47,65+,46.4286,45.2990,38.1613,53.7438,1.0156,0.8649,1.1971,1.0760
80,2014-11-18,47,0-5,22.8571,21.7015,17.7852,26.3554,1.1467,0.9694,1.3578,1.2546
80,2014-11-18,47,6-11,20.5714,19.3501,15.8057,23.7438,1.3374,1.1515,1.5640,1.4544
80,2014-11-18,47,12-17,17.1429,15.4734,12.3043,19.1322,1.3233,1.1340,1.5443,1.4206
80,2014-11-18,47,18-44,74.5714,76.1128,64.6704,89.9089,0.8092,0.6997,0.9387,0.8588
80,2014-11-18,47,45-64,79.7143,80.8090,68.2462,94.8329,0.8940,0.7667,1.0450,0.9401
80,2014-11-18,47,65+,46.1429,45.8772,38.4452,54.5109,1.0021,0.8509,1.1792,1.0510
81,2014-11-19,47,0-5,22.7143,21.4225,17.5800,25.9902,1.1348,0.9552,1.3464,1.2421
81,2014-11-19,47,6-11,20.8571,19.2940,15.7355,23.6055,1.3146,1.1298,1.5343,1.4421
81,2014-11-19,47,12-17,15.5714,15.7746,12.6153,19.4797,1.3122,1.1219,1.5321,1.3457
81,2014-11-19,47,18-44,75.1429,75.3198,63.7649,88.9175,0.7987,0.6907,0.9282,0.8463
81,2014-11-19,47,45-64,79.2857,80.9171,68.7327,94.8758,0.8838,0.7578,1.0326,0.9204
81,2014-11-19,47,65+,44.5714,46.2569,38.9220,54.7858,0.9913,0.8402,1.1678,1.0206
82,2014-11-20,47,0-5,20.2857,21.0645,17.2681,25.7933,1.1355,0.9608,1.3450,1.1683
82,2014-11-20,47,6-11,19.5714,19.1466,15.5420,23.4649,1.3019,1.1192,1.5204,1.3853
82,2014-11-20,47,12-17,15.7143,16.0708,12.9058,19.8359,1.3035,1.1126,1.5254,1.3363
82,2014-11-20,47,18-44,75.1429,74.1865,63.1936,87.7704,0.7945,0.6849,0.9230,0.8321
82,2014-11-20,47,45-64,79.2857,80.8232,68.9355,95.0066,0.8767,0.7486,1.0260,0.9133
82,2014-11-20,47,65+,44.7143,46.5369,39.0689,54.8934,0.9810,0.8318,1.1560,1.0137
83,2014-11-21,47,0-5,19.2857,20.7671,16.9623,25.6981,1.1417,0.9648,1.3555,1.1262
83,2014-11-21,47,6-11,17.7143,18.8402,15.3212,23.1949,1.2992,1.1130,1.5203,1.3163
83,2014-11-21,47,12-17,17.0000,16.3133,13.1231,20.0165,1.2902,1.1015,1.5090,1.3671
83,2014-11-21,47,18-44,71.2857,73.5096,62.6366,86.5747,0.7930,0.6831,0.9210,0.8180
83,2014-11-21,47,45-64,80.5714,80.5413,68.3112,94.7664,0.8699,0.7433,1.0172,0.9158
83,2014-11-21,47,65+,47.0000,46.5282,39.0756,55.0616,0.9677,0.8216,1.1404,1.0326
84,2014-11-22,47,0-5,19.4286,20.5254,16.6233,25.0529,1.1522,0.9694,1.3665,1.1463
84,2014-11-22,47,6-11,17.2857,18.5427,15.0724,22.8772,1.2954,1.1126,1.5099,1.3201
84,2014-11-22,47,12-17,17.2857,16.4343,13.2727,20.2223,1.2804,1.0950,1.4973,1.3796
84,2014-11-22,47,18-44,71.2857,72.9250,62.4194,86.1102,0.7908,0.6828,0.9182,0.8277
84,2014-11-22,47,45-64,81.4286,79.8336,67.7585,94.0218,0.8619,0.7377,1.0078,0.9287
84,2014-11-22,47,65+,49.0000,46.0374,38.9446,54.5602,0.9547,0.8100,1.1229,1.0567
85,2014-11-23,48,0-5,21.4286,20.3461,16.4881,24.8724,1.1628,0.9750,1.3796,1.2202
85,2014-11-23,48,6-11,17.7143,18.2191,14.8752,22.5831,1.2955,1.1072,1.5121,1.3516
85,2014-11-23,48,12-17,17.8571,16.4553,13.3123,20.2551,1.2716,1.0858,1.4860,1.3851
85,2014-11-23,48,18-44,72.7143,72.5221,61.7439,85.9850,0.7894,0.6779,0.9175,0.8349
85,2014-11-23,48,45-64,79.1429,78.9437,66.8003,92.6328,0.8548,0.7296,0.9999,0.9185
85,2014-11-23,48,65+,47.4286,45.3904,38.1645,53.9024,0.9439,0.8005,1.1114,1.0334
86,2014-11-24,48,0-5,21.0000,20.1817,16.3827,24.7066,1.1743,0.9844,1.3966,1.2094
86,2014-11-24,48,6-11,18.8571,17.8926,14.5919,21.9437,1.2970,1.1110,1.5069,1.3807
86,2014-11-24,48,12-17,16.5714,16.3616,13.2092,20.1631,1.2674,1.0838,1.4791,1.3307
86,2014-11-24,48,18-44,72.2857,72.2705,61.4276,85.6965,0.7912,0.6803,0.9191,0.8265
86,2014-11-24,48,45-64,78.4286,77.4534,65.8193,90.8423,0.8518,0.7267,0.9955,0.9026
86,2014-11-24,48,65+,45.4286,44.5268,37.2956,53.0510,0.9371,0.7945,1.1035,1.0058
87,2014-11-25,48,0-5,20.2857,20.1590,16.3373,24.6183,1.1902,1.0016,1.4173,1.1866
87,2014-11-25,48,6-11,18.1429,17.5528,14.2830,21.6424,1.3023,1.1166,1.5205,1.3521
87,2014-11-25,48,12-17,15.4286,16.2479,13.0628,20.1082,1.2668,1.0822,1.4828,1.2875
87,2014-11-25,48,18-44,72.4286,72.1914,61.3894,85.1983,0.7942,0.6849,0.9231,0.8174
87,2014-11-25,48,45-64,78.2857,75.8524,64.2626,89.2456,0.8499,0.7275,0.9903,0.8907
87,2014-11-25,48,65+,42.8571,43.5849,36.4066,52.0732,0.9343,0.7927,1.0998,0.9779
88,2014-11-26,48,0-5,19.2857,20.1835,16.3814,24.5818,1.2068,1.0110,1.4346,1.1484
88,2014-11-26,48,6-11,17.2857,17.2207,13.9938,21.2326,1.3115,1.1203,1.5336,1.3116
88,2014-11-26,48,12-17,15.4286,16.1111,12.9900,20.0300,1.2715,1.0841,1.4867,1.2684
88,2014-11-26,48,18-44,70.8571,72.1653,61.2718,85.2112,0.7992,0.6886,0.9300,0.7971
88,2014-11-26,48,45-64,74.4286,74.3239,62.8044,87.9066,0.8514,0.7294,0.9949,0.8688
88,2014-11-26,48,65+,42.8571,42.6205,35.8100,50.7959,0.9379,0.7960,1.1033,0.9645
89,2014-11-27,48,0-5,21.4286,20.2685,16.5781,24.6632,1.2247,1.0289,1.4536,1.2220
89,2014-11-27,48,6-11,16.7143,16.9182,13.7516,20.9075,1.3305,1.1400,1.5555,1.3158
89,2014-11-27,48,12-17,15.2857,15.9950,12.8366,19.7772,1.2839,1.0979,1.5037,1.2791
89,2014-11-27,48,18-44,70.8571,72.4148,61.4356,85.3146,0.8119,0.6979,0.9455,0.8115
89,2014-11-27,48,45-64,74.4286,72.4797,61.5212,85.6656,0.8628,0.7387,1.0064,0.8796
89,2014-11-27,48,65+,42.7143,41.8145,35.0265,49.9752,0.9531,0.8082,1.1201,0.9763
90,2014-11-28,48,0-5,20.7143,20.3650,16.6618,24.8481,1.2409,1.0444,1.4800,1.2059
90,2014-11-28,48,6-11,16.4286,16.6972,13.5441,20.6669,1.3515,1.1604,1.5799,1.3090
90,2014-11-28,48,12-17,15.4286,15.8940,12.8193,19.6998,1.2979,1.1107,1.5152,1.2736
90,2014-11-28,48,18-44,72.7143,72.4955,61.3827,85.6556,0.8246,0.7099,0.9607,0.8014
90,2014-11-28,48,45-64,70.2857,70.7893,60.0678,83.6300,0.8776,0.7511,1.0255,0.8522
90,2014-11-28,48,65+,37.0000,41.1419,34.6180,49.2222,0.9755,0.8276,1.1513,0.9122
91,2014-11-29,48,0-5,20.8571,20.5421,16.7780,25.0796,1.2587,1.0560,1.4914,1.2169
91,2014-11-29,48,6-11,16.5714,16.5346,13.2866,20.3771,1.3725,1.1813,1.6088,1.3289
91,2014-11-29,48,12-17,16.5714,15.7351,12.7564,19.4013,1.3089,1.1233,1.5294,1.3143
91,2014-11-29,48,18-44,72.7143,72.7937,61.5727,86.1419,0.8372,0.7224,0.9746,0.8055
91,2014-11-29,48,45-64,66.8571,69.3983,58.6843,81.9266,0.8928,0.7654,1.0413,0.8525
91,2014-11-29,48,65+,37.5714,40.7065,34.1929,48.6489,0.9998,0.8487,1.1847,0.9232
92,2014-11-30,49,0-5,19.8571,20.6744,16.8392,25.4462,1.2765,1.0740,1.5125,1.1900
92,2014-11-30,49,6-11,15.8571,16.4480,13.2153,20.2319,1.4002,1.2050,1.6365,1.3126
92,2014-11-30,49,12-17,15.8571,15.5629,12.6089,19.3116,1.3210,1.1337,1.5415,1.2969
92,2014-11-30,49,18-44,71.7143,73.0151,61.7825,86.5540,0.8529,0.7364,0.9896,0.8049
92,2014-11-30,49,45-64,65.7143,68.3095,57.6404,80.7364,0.9123,0.7825,1.0628,0.8601
92,2014-11-30,49,65+,39.5714,40.7058,34.2095,48.8474,1.0295,0.8728,1.2125,0.9545
93,2014-12-01,49,0-5,21.0000,20.8498,17.1166,25.5772,1.2922,1.0855,1.5319,1.2310
93,2014-12-01,49,6-11,15.8571,16.4562,13.0872,20.4165,1.4250,1.2238,1.6652,1.3290
93,2014-12-01,49,12-17,15.5714,15.3355,12.4213,19.0105,1.3310,1.1403,1.5543,1.3007
93,2014-12-01,49,18-44,71.0000,73.0333,61.8980,86.3119,0.8643,0.7432,1.0040,0.8151
93,2014-12-01,49,45-64,66.0000,67.5662,57.2402,79.7093,0.9285,0.7938,1.0838,0.8696
93,2014-12-01,49,65+,38.8571,41.1802,34.3610,49.0386,1.0516,0.8968,1.2353,0.9621
94,2014-12-02,49,0-5,21.0000,21.1154,17.2028,25.7695,1.2987,1.0918,1.5423,1.2541
94,2014-12-02,49,6-11,15.7143,16.5560,13.2025,20.6181,1.4478,1.2405,1.6868,1.3581
94,2014-12-02,49,12-17,16.1429,15.0774,12.2546,18.5984,1.3415,1.1513,1.5683,1.3441
94,2014-12-02,49,18-44,72.8571,72.9873,61.9146,86.0344,0.8715,0.7530,1.0136,0.8390
94,2014-12-02,49,45-64,65.2857,67.3462,57.3012,79.5210,0.9395,0.8079,1.1011,0.8975
94,2014-12-02,49,65+,42.1429,41.5482,34.7745,49.5614,1.0664,0.9098,1.2553,1.0158
95,2014-12-03,49,0-5,21.5714,21.3944,17.3235,25.9617,1.3024,1.0939,1.5480,1.2872
95,2014-12-03,49,6-11,15.7143,16.7599,13.4538,21.0239,1.4587,1.2510,1.7021,1.3847
95,2014-12-03,49,12-17,15.4286,14.8401,12.1004,18.2791,1.3442,1.1528,1.5695,1.3479
95,2014-12-03,49,18-44,74.4286,72.7496,61.5375,85.5899,0.8711,0.7513,1.0123,0.8622
95,2014-12-03,49,45-64,67.7143,67.7399,57.3545,79.8781,0.9431,0.8086,1.0989,0.9243
95,2014-12-03,49,65+,43.0000,42.2710,35.4652,50.3228,1.0706,0.9118,1.2667,1.0451
96,2014-12-04,49,0-5,21.1429,21.6877,17.4927,26.3072,1.2950,1.0934,1.5318,1.2749
96,2014-12-04,49,6-11,16.7143,17.0666,13.7396,21.3836,1.4614,1.2527,1.7024,1.4213
96,2014-12-04,49,12-17,15.4286,14.6284,11.8845,18.1206,1.3429,1.1509,1.5696,1.3548
96,2014-12-04,49,18-44,74.5714,72.2643,61.1585,84.8980,0.8630,0.7468,1.0004,0.8653
96,2014-12-04,49,45-64,68.1429,68.4127,57.9253,80.2222,0.9367,0.8029,1.0935,0.9283
96,2014-12-04,49,65+,43.2857,42.9262,35.9042,51.0687,1.0645,0.9052,1.2562,1.0487
97,2014-12-05,49,0-5,22.1429,22.0797,17.7831,26.8677,1.2896,1.0844,1.5283,1.3094
97,2014-12-05,49,6-11,18.5714,17.5789,14.1792,21.7742,1.4595,1.2501,1.7037,1.4925
97,2014-12-05,49,12-17,14.7143,14.4947,11.6630,17.9853,1.3450,1.1519,1.5699,1.3519
97,2014-12-05,49,18-44,74.4286,71.6271,60.5009,84.2714,0.8547,0.7364,0.9932,0.8827
97,2014-12-05,49,45-64,70.5714,69.3882,58.5549,81.1782,0.9287,0.7931,1.0879,0.9507
97,2014-12-05,49,65+,46.2857,43.4852,36.3953,51.7478,1.0513,0.8928,1.2380,1.0902
98,2014-12-06,49,0-5,22.8571,22.5644,18.3199,27.1669,1.2796,1.0755,1.5233,1.3128
98,2014-12-06,49,6-11,18.7143,18.1446,14.7535,22.3615,1.4511,1.2397,1.6970,1.4726
98,2014-12-06,49,12-17,13.1429,14.4472,11.5817,18.1088,1.3515,1.1501,1.5818,1.2893
98,2014-12-06,49,18-44,74.1429,70.8639,60.3018,83.7225,0.8410,0.7241,0.9750,0.8709
98,2014-12-06,49,45-64,70.8571,70.5317,59.2581,83.1364,0.9142,0.7805,1.0693,0.9348
98,2014-12-06,49,65+,45.5714,43.9151,36.9843,51.9391,1.0308,0.8721,1.2127,1.0674
99,2014-12-07,50,0-5,23.2857,23.0118,18.7706,27.8504,1.2722,1.0722,1.5144,1.3061
99,2014-12-07,50,6-11,20.1429,18.8011,15.2143,22.9087,1.4427,1.2338,1.6871,1.5000
99,2014-12-07,50,12-17,14.0000,14.5845,11.7261,18.3321,1.3652,1.1648,1.5966,1.3317
99,2014-12-07,50,18-44,72.1429,69.6684,59.3597,82.7577,0.8287,0.7185,0.9596,0.8710
99,2014-12-07,50,45-64,74.4286,71.4914,60.2414,84.0024,0.9004,0.7717,1.0552,0.9430
99,2014-12-07,50,65+,45.1429,44.1793,37.1654,52.4506,1.0079,0.8560,1.1894,1.0642
100,2014-12-08,50,0-5,23.1429,23.5034,19.1730,28.6134,1.2661,1.0681,1.5066,1.2772
100,2014-12-08,50,6-11,20.1429,19.4171,15.6719,23.8370,1.4418,1.2361,1.6846,1.4708
100,2014-12-08,50,12-17,14.5714,15.0547,12.0775,18.7858,1.3881,1.1854,1.6242,1.3465
100,2014-12-08,50,18-44,70.1429,68.8549,58.4005,81.6032,0.8203,0.7103,0.9482,0.8592
100,2014-12-08,50,45-64,75.4286,72.3112,61.1961,85.3935,0.8899,0.7620,1.0361,0.9402
100,2014-12-08,50,65+,46.8571,44.1862,37.1342,52.3311,0.9878,0.8383,1.1641,1.0716
101,2014-12-09,50,0-5,25.1429,24.0656,19.6364,29.3217,1.2612,1.0627,1.4961,1.2960
101,2014-12-09,50,6-11,20.2857,20.0851,16.2952,24.6342,1.4549,1.2487,1.7077,1.4313
101,2014-12-09,50,12-17,13.8571,15.7428,12.5666,19.7009,1.4245,1.2207,1.6705,1.2874
101,2014-12-09,50,18-44,67.1429,68.2543,57.6265,80.9024,0.8189,0.7116,0.9454,0.8299
101,2014-12-09,50,45-64,73.4286,73.1793,62.0396,86.5844,0.8870,0.7623,1.0315,0.9011
101,2014-12-09,50,65+,44.8571,43.8942,36.9027,52.3135,0.9751,0.8323,1.1485,1.0226
102,2014-12-10,50,0-5,26.4286,24.6086,20.1403,29.9574,1.2677,1.0664,1.5033,1.3088
102,2014-12-10,50,6-11,21.2857,20.8585,16.9578,25.5982,1.4813,1.2719,1.7341,1.4452
102,2014-12-10,50,12-17,16.4286,16.7439,13.4847,20.8764,1.4729,1.2577,1.7317,1.3672
102,2014-12-10,50,18-44,65.5714,67.7776,57.2081,80.6510,0.8216,0.7109,0.9519,0.8237
102,2014-12-10,50,45-64,73.0000,73.6787,62.7424,86.6795,0.8860,0.7590,1.0359,0.8908
102,2014-12-10,50,65+,42.4286,43.3613,36.3425,51.6468,0.9664,0.8209,1.1392,0.9908
103,2014-12-11,50,0-5,24.5714,25.1246,20.6436,30.6111,1.2808,1.0767,1.5174,1.2455
103,2014-12-11,50,6-11,20.8571,21.7387,17.8067,26.6624,1.5226,1.3018,1.7748,1.4152
103,2014-12-11,50,12-17,16.5714,18.0462,14.5335,22.4429,1.5254,1.3039,1.7904,1.3635
103,2014-12-11,50,18-44,66.1429,67.6529,57.4490,80.2573,0.8311,0.7219,0.9577,0.8157
103,2014-12-11,50,45-64,72.8571,73.7332,62.8543,86.6851,0.8926,0.7662,1.0402,0.8880
103,2014-12-11,50,65+,42.1429,42.6934,35.8520,51.1406,0.9678,0.8231,1.1384,0.9866
104,2014-12-12,50,0-5,24.8571,25.5954,21.0621,30.9620,1.2975,1.0871,1.5417,1.2560
104,2014-12-12,50,6-11,21.8571,22.8468,18.6689,28.0529,1.5719,1.3480,1.8418,1.4527
104,2014-12-12,50,12-17,19.7143,19.6541,15.9855,24.2483,1.5855,1.3514,1.8684,1.4708
104,2014-12-12,50,18-44,66.8571,67.9740,57.6727,80.5677,0.8442,0.7321,0.9749,0.8293
104,2014-12-12,50,45-64,73.0000,73.7303,63.1652,86.7453,0.9032,0.7765,1.0558,0.9034
104,2014-12-12,50,65+,42.4286,42.0244,35.2736,50.2890,0.9740,0.8288,1.1474,0.9994
105,2014-12-13,50,0-5,26.0000,26.1185,21.3777,31.6599,1.3202,1.1126,1.5712,1.2793
105,2014-12-13,50,6-11,23.8571,24.1612,19.6564,29.6896,1.6274,1.4010,1.9005,1.5040
105,2014-12-13,50,12-17,23.0000,21.5628,17.5350,26.7674,1.6460,1.3991,1.9329,1.5582
105,2014-12-13,50,18-44,65.8571,68.5597,57.7615,81.3490,0.8592,0.7482,0.9941,0.8342
105,2014-12-13,50,45-64,73.5714,73.7475,62.7965,87.1916,0.9167,0.7906,1.0681,0.9062
105,2014-12-13,50,65+,40.8571,41.4122,34.7188,49.6158,0.9843,0.8372,1.1573,0.9877
106,2014-12-14,51,0-5,26.1429,26.6682,21.7119,32.2002,1.3472,1.1359,1.5919,1.2744
106,2014-12-14,51,6-11,24.4286,25.8394,20.8902,31.6846,1.6925,1.4547,1.9733,1.4932
106,2014-12-14,51,12-17,22.8571,23.8631,19.3480,29.2676,1.6969,1.4472,1.9923,1.4999
106,2014-12-14,51,18-44,67.4286,69.5001,58.8790,82.6867,0.8764,0.7624,1.0114,0.8222
106,2014-12-14,51,45-64,71.4286,73.7068,62.5731,86.8565,0.9296,0.8012,1.0840,0.8815
106,2014-12-14,51,65+,38.1429,40.8989,34.0538,48.7080,0.9959,0.8486,1.1642,0.9484
107,2014-12-15,51,0-5,27.0000,27.2687,22.2520,32.8740,1.3718,1.1585,1.6211,1.3048
107,2014-12-15,51,6-11,26.5714,28.0239,22.6818,34.0869,1.7585,1.5060,2.0483,1.5538
107,2014-12-15,51,12-17,27.0000,26.5324,21.5267,32.2602,1.7569,1.4945,2.0600,1.5949
107,2014-12-15,51,18-44,70.2857,70.9685,59.9109,84.2231,0.8926,0.7770,1.0241,0.8376
107,2014-12-15,51,45-64,69.5714,73.9739,62.5424,87.2182,0.9434,0.8136,1.0935,0.8886
107,2014-12-15,51,65+,38.1429,40.4990,33.8371,48.4331,1.0050,0.8571,1.1755,0.9533
108,2014-12-16,51,0-5,26.7143,27.9932,22.7268,33.6395,1.3837,1.1684,1.6353,1.3150
108,2014-12-16,51,6-11,30.2857,30.7661,25.1636,37.1166,1.8128,1.5497,2.1141,1.6607
108,2014-12-16,51,12-17,29.8571,29.6106,24.1568,35.8884,1.8026,1.5381,2.1130,1.6802
108,2014-12-16,51,18-44,72.8571,72.7512,61.4245,86.1767,0.8989,0.7813,1.0308,0.8777
108,2014-12-16,51,45-64,76.0000,74.3431,63.1473,88.3868,0.9462,0.8162,1.0966,0.9438
108,2014-12-16,51,65+,40.8571,40.2804,33.7382,48.4091,1.0065,0.8563,1.1775,1.0187
109,2014-12-17,51,0-5,29.0000,28.7615,23.4003,34.8545,1.3984,1.1805,1.6547,1.3817
109,2014-12-17,51,6-11,35.1429,33.9266,27.7612,41.1039,1.8521,1.5862,2.1663,1.7670
109,2014-12-17,51,12-17,32.8571,33.2251,27.0730,40.0150,1.8379,1.5695,2.1652,1.7203
109,2014-12-17,51,18-44,77.1429,74.7928,63.4024,88.0078,0.8976,0.7827,1.0314,0.9033
109,2014-12-17,51,45-64,77.1429,75.0906,63.5754,88.7708,0.9393,0.8135,1.0898,0.9599
109,2014-12-17,51,65+,42.2857,40.2218,33.7444,48.4437,0.9953,0.8500,1.1689,1.0396
110,2014-12-18,51,0-5,29.5714,29.8675,24.5104,36.3752,1.4032,1.1851,1.6686,1.3542
110,2014-12-18,51,6-11,35.4286,37.8380,31.1649,45.6696,1.8790,1.6161,2.1941,1.6892
110,2014-12-18,51,12-17,33.7143,37.3199,30.6080,45.2050,1.8620,1.5867,2.1845,1.6537
110,2014-12-18,51,18-44,78.0000,77.0001,65.2601,90.4178,0.8906,0.7800,1.0220,0.8773
110,2014-12-18,51,45-64,77.2857,75.9795,64.3471,89.6980,0.9269,0.8052,1.0751,0.9324
110,2014-12-18,51,65+,42.2857,40.4342,33.6972,48.5937,0.9816,0.8394,1.1560,1.0132
111,2014-12-19,51,0-5,31.7143,31.1535,25.5291,37.8460,1.4044,1.1859,1.6669,1.3780
111,2014-12-19,51,6-11,43.7143,42.4501,35.3811,51.2278,1.8931,1.6241,2.2132,1.8163
111,2014-12-19,51,12-17,42.5714,42.1948,35.1559,50.6987,1.8631,1.5823,2.2100,1.7946
111,2014-12-19,51,18-44,78.7143,79.4170,67.0006,93.4937,0.8793,0.7685,1.0091,0.8778
111,2014-12-19,51,45-64,77.5714,77.1394,65.6504,90.8132,0.9103,0.7897,1.0526,0.9201
111,2014-12-19,51,65+,39.2857,40.7743,33.9242,48.9535,0.9641,0.8240,1.1322,0.9692
112,2014-12-20,51,0-5,33.0000,32.7713,27.0005,39.8229,1.4052,1.1898,1.6611,1.4049
112,2014-12-20,51,6-11,49.2857,47.8554,40.1416,57.3476,1.8908,1.6173,2.2143,1.8848
112,2014-12-20,51,12-17,49.5714,47.7363,40.1056,57.4748,1.8491,1.5694,2.1869,1.8856
112,2014-12-20,51,18-44,85.5714,82.1192,69.5861,96.7159,0.8645,0.7571,0.9913,0.9077
112,2014-12-20,51,45-64,80.5714,78.3906,66.4783,92.5036,0.8899,0.7712,1.0278,0.9527
112,2014-12-20,51,65+,43.8571,41.2833,34.3040,49.3352,0.9447,0.8082,1.1074,1.0216
113,2014-12-21,52,0-5,36.1429,34.9428,28.7895,42.1681,1.4163,1.1934,1.6847,1.4522
113,2014-12-21,52,6-11,56.2857,54.1729,45.4978,64.5342,1.8855,1.6119,2.2117,1.9445
113,2014-12-21,52,12-17,57.5714,53.8635,45.1579,64.8104,1.8295,1.5634,2.1510,1.9564
113,2014-12-21,52,18-44,91.2857,85.1831,72.2106,100.2723,0.8529,0.7462,0.9742,0.9306
113,2014-12-21,52,45-64,86.7143,79.6164,68.0955,94.3141,0.8724,0.7561,1.0059,0.9769
113,2014-12-21,52,65+,46.1429,41.9803,34.7051,50.3065,0.9277,0.7946,1.0867,1.0453
114,2014-12-22,52,0-5,36.4286,37.4547,30.8246,45.5173,1.4282,1.2078,1.7034,1.3285
114,2014-12-22,52,6-11,58.1429,61.0499,51.3253,72.6002,1.8679,1.5913,2.1889,1.7545
114,2014-12-22,52,12-17,54.5714,60.6197,50.5826,72.4118,1.8056,1.5360,2.1194,1.6711
114,2014-12-22,52,18-44,84.8571,88.8664,75.2723,105.1409,0.8435,0.7384,0.9648,0.8124
114,2014-12-22,52,45-64,78.4286,81.4582,69.1980,96.3295,0.8585,0.7455,0.9899,0.8370
114,2014-12-22,52,65+,39.4286,43.0801,35.6399,51.6883,0.9185,0.7873,1.0753,0.8828
115,2014-12-23,52,0-5,39.8571,40.5311,33.4428,49.4423,1.4527,1.2216,1.7182,1.3977
115,2014-12-23,52,6-11,71.4286,68.3764,57.9489,80.8955,1.8477,1.5789,2.1708,1.9253
115,2014-12-23,52,12-17,69.8571,67.8643,56.8399,80.4532,1.7695,1.5112,2.0659,1.8744
115,2014-12-23,52,18-44,93.5714,93.4247,78.8357,110.5261,0.8368,0.7341,0.9564,0.8604
115,2014-12-23,52,45-64,82.7143,83.8592,71.3792,98.7013,0.8463,0.7346,0.9739,0.8810
115,2014-12-23,52,65+,42.1429,44.4846,36.8939,53.3705,0.9112,0.7800,1.0648,0.9242
116,2014-12-24,52,0-5,41.2857,44.4470,37.1436,53.6534,1.4799,1.2500,1.7439,1.3669
116,2014-12-24,52,6-11,77.0000,76.0056,63.9937,89.3050,1.8318,1.5649,2.1334,1.8822
116,2014-12-24,52,12-17,78.1429,74.7920,63.1963,88.2908,1.7322,1.4740,2.0433,1.8783
116,2014-12-24,52,18-44,95.1429,98.8903,83.3339,116.6625,0.8381,0.7361,0.9554,0.8466
116,2014-12-24,52,45-64,86.4286,86.3760,73.2933,101.8095,0.8420,0.7338,0.9659,0.8763
116,2014-12-24,52,65+,45.1429,46.1858,38.5624,55.1911,0.9112,0.7811,1.0592,0.9332
117,2014-12-25,52,0-5,47.0000,48.9286,41.2806,58.8365,1.5017,1.2668,1.7809,1.4209
117,2014-12-25,52,6-11,82.7143,83.5511,70.5787,97.7405,1.7990,1.5377,2.0933,1.8509
117,2014-12-25,52,12-17,82.5714,81.5163,68.9393,95.8665,1.6957,1.4503,1.9853,1.8131
117,2014-12-25,52,18-44,101.4286,105.7048,89.4231,124.3151,0.8376,0.7346,0.9562,0.8422
117,2014-12-25,52,45-64,88.2857,89.3810,75.5286,105.1123,0.8366,0.7277,0.9601,0.8624
117,2014-12-25,52,65+,47.0000,48.3539,40.4593,57.7942,0.9061,0.7784,1.0580,0.9257
118,2014-12-26,52,0-5,55.7143,54.3235,45.7396,64.9091,1.5202,1.2853,1.7893,1.5285
118,2014-12-26,52,6-11,90.5714,90.5604,76.5557,106.1098,1.7680,1.5206,2.0631,1.8757
118,2014-12-26,52,12-17,86.5714,87.4665,74.3208,103.0296,1.6535,1.4186,1.9344,1.7775
118,2014-12-26,52,18-44,112.4286,113.7633,96.1925,133.9838,0.8388,0.7366,0.9620,0.8664
118,2014-12-26,52,45-64,92.4286,92.7716,78.9787,109.0174,0.8333,0.7272,0.9592,0.8777
118,2014-12-26,52,65+,52.7143,50.6624,42.7877,60.5563,0.9012,0.7730,1.0499,0.9626
119,2014-12-27,52,0-5,61.8571,60.3451,50.8864,71.8028,1.5326,1.2965,1.8165,1.5450
119,2014-12-27,52,6-11,98.1429,97.0920,81.9142,113.4420,1.7393,1.4975,2.0245,1.8649
119,2014-12-27,52,12-17,94.0000,92.8175,79.2935,109.0450,1.6171,1.3817,1.8790,1.7699
119,2014-12-27,52,18-44,121.1429,123.3557,104.2783,146.2640,0.8442,0.7382,0.9648,0.8638
119,2014-12-27,52,45-64,96.2857,96.7843,82.0632,113.8666,0.8354,0.7264,0.9599,0.8696
119,2014-12-27,52,65+,54.4286,53.1817,44.8773,63.3120,0.8995,0.7706,1.0448,0.9493
120,2014-12-28,1,0-5,69.2857,66.7788,56.4075,79.0799,1.5411,1.3085,1.8164,1.5738
120,2014-12-28,1,6-11,106.2857,102.5922,86.8709,120.6965,1.7110,1.4764,1.9908,1.8639
120,2014-12-28,1,12-17,98.1429,97.0382,82.9210,114.0169,1.5787,1.3535,1.8473,1.7305
120,2014-12-28,1,18-44,135.7143,135.1293,115.0100,160.5669,0.8480,0.7443,0.9724,0.8665
120,2014-12-28,1,45-64,99.1429,101.9337,86.2866,119.8392,0.8365,0.7292,0.9637,0.8584
120,2014-12-28,1,65+,54.7143,55.7009,47.0234,66.3434,0.8948,0.7704,1.0433,0.9243
121,2014-12-29,1,0-5,73.4286,73.7614,62.1799,86.9444,1.5416,1.3018,1.8203,1.5362
121,2014-12-29,1,6-11,110.0000,107.6466,91.5920,125.4764,1.6873,1.4522,1.9706,1.8124
121,2014-12-29,1,12-17,103.1429,100.2143,85.7645,117.9825,1.5446,1.3274,1.8034,1.7092
121,2014-12-29,1,18-44,146.2857,148.9537,127.1357,176.1717,0.8515,0.7447,0.9775,0.8619
121,2014-12-29,1,45-64,105.2857,108.0396,90.8798,126.8106,0.8378,0.7295,0.9642,0.8627
121,2014-12-29,1,65+,61.7143,58.3178,49.2236,69.2433,0.8897,0.7658,1.0341,0.9488
122,2014-12-30,1,0-5,83.7143,81.1966,68.7329,95.8142,1.5517,1.3174,1.8396,1.5857
122,2014-12-30,1,6-11,112.0000,111.9225,95.5448,129.6821,1.6756,1.4413,1.9583,1.7771
122,2014-12-30,1,12-17,104.8571,102.2412,87.4933,120.5251,1.5151,1.3004,1.7602,1.6785
122,2014-12-30,1,18-44,163.8571,164.7957,140.2830,193.5608,0.8575,0.7490,0.9844,0.8765
122,2014-12-30,1,45-64,116.1429,114.3511,97.5188,135.0260,0.8409,0.7306,0.9697,0.8723
122,2014-12-30,1,65+,62.1429,60.7762,51.3829,72.5566,0.8876,0.7650,1.0294,0.9388
123,2014-12-31,1,0-5,92.2857,89.1643,75.4176,104.7424,1.5698,1.3255,1.8543,1.6115
123,2014-12-31,1,6-11,119.4286,115.7138,98.8078,134.6353,1.6703,1.4417,1.9461,1.7933
123,2014-12-31,1,12-17,104.0000,103.4210,88.1342,121.1928,1.4950,1.2855,1.7371,1.6286
123,2014-12-31,1,18-44,187.0000,181.3845,155.2586,213.4489,0.8667,0.7560,0.9957,0.8880
123,2014-12-31,1,45-64,121.0000,122.0147,104.8254,145.3905,0.8481,0.7369,0.9778,0.8693
123,2014-12-31,1,65+,62.7143,63.3822,53.4204,75.1017,0.8897,0.7672,1.0348,0.9210
124,2015-01-01,1,0-5,96.5714,97.7572,83.1824,115.0669,1.5964,1.3524,1.8872,1.5496
124,2015-01-01,1,6-11,122.7143,119.0746,102.1057,139.0398,1.6786,1.4484,1.9436,1.7388
124,2015-01-01,1,12-17,105.4286,103.6912,88.3383,120.5278,1.4721,1.2662,1.7093,1.5847
124,2015-01-01,1,18-44,196.0000,199.2663,170.8782,234.4663,0.8751,0.7639,1.0044,0.8636
124,2015-01-01,1,45-64,126.8571,130.7641,111.9033,155.0923,0.8534,0.7416,0.9824,0.8476
124,2015-01-01,1,65+,63.4286,66.0223,56.0052,78.4277,0.8925,0.7699,1.0352,0.8918
125,2015-01-02,1,0-5,104.7143,107.5179,91.3832,126.3104,1.6355,1.3899,1.9387,1.5725
125,2015-01-02,1,6-11,121.8571,122.6950,104.7370,144.2483,1.7026,1.4713,1.9713,1.7182
125,2015-01-02,1,12-17,104.5714,102.8129,87.9190,119.9957,1.4584,1.2576,1.6914,1.5805
125,2015-01-02,1,18-44,220.2857,218.7288,186.9720,257.4501,0.8860,0.7750,1.0167,0.8914
125,2015-01-02,1,45-64,141.5714,139.8249,119.5714,164.3511,0.8592,0.7467,0.9876,0.8816
125,2015-01-02,1,65+,70.1429,68.9615,58.7742,81.4778,0.8973,0.7761,1.0404,0.9317
126,2015-01-03,1,0-5,113.7143,119.0274,100.9000,140.3254,1.6869,1.4284,1.9862,1.5724
126,2015-01-03,1,6-11,122.2857,127.3980,108.8116,149.8200,1.7420,1.4994,2.0205,1.6786
126,2015-01-03,1,12-17,99.8571,101.6958,87.5524,119.0048,1.4541,1.2530,1.6932,1.5169
126,2015-01-03,1,18-44,236.4286,237.9218,203.9143,278.5720,0.8971,0.7858,1.0292,0.8835
126,2015-01-03,1,45-64,149.4286,148.8545,127.3869,174.4019,0.8629,0.7538,0.9933,0.8682
126,2015-01-03,1,65+,69.4286,72.1445,61.5513,85.2915,0.9036,0.7814,1.0455,0.9036
127,2015-01-04,2,0-5,126.1429,132.6528,113.0034,157.0299,1.7328,1.4636,2.0516,1.6062
127,2015-01-04,2,6-11,126.4286,133.4658,113.8157,156.2481,1.7850,1.5388,2.0891,1.6859
127,2015-01-04,2,12-17,98.5714,100.4685,86.3096,117.7498,1.4527,1.2537,1.6805,1.4956
127,2015-01-04,2,18-44,255.7143,257.2456,221.4845,301.2439,0.9044,0.7905,1.0391,0.8899
127,2015-01-04,2,45-64,154.4286,158.0966,134.2440,184.4612,0.8639,0.7524,0.9955,0.8675
127,2015-01-04,2,65+,73.5714,75.7774,64.6312,89.6021,0.9058,0.7795,1.0524,0.9056
128,2015-01-05,2,0-5,150.0000,149.3927,127.3828,176.5202,1.7722,1.5034,2.0856,1.7453
128,2015-01-05,2,6-11,140.1429,141.9861,121.1418,167.2268,1.8359,1.5821,2.1423,1.8064
128,2015-01-05,2,12-17,104.5714,99.4290,85.8502,117.6285,1.4505,1.2523,1.6847,1.5868
128,2015-01-05,2,18-44,288.7143,274.0427,236.0873,321.8428,0.9060,0.7909,1.0428,0.9544
128,2015-01-05,2,45-64,175.4286,165.9767,141.5444,193.4524,0.8596,0.7468,0.9903,0.9282
128,2015-01-05,2,65+,80.8571,79.6114,67.6339,94.1375,0.9014,0.7775,1.0453,0.9629
129,2015-01-06,2,0-5,169.1429,169.3949,143.8071,199.4695,1.8101,1.5305,2.1441,1.7469
129,2015-01-06,2,6-11,150.4286,153.3314,131.0707,180.0777,1.8923,1.6337,2.2141,1.7938
129,2015-01-06,2,12-17,96.1429,99.2324,84.7300,117.1572,1.4571,1.2592,1.6879,1.4792
129,2015-01-06,2,18-44,298.0000,291.0446,251.5774,339.5845,0.9088,0.7971,1.0432,0.9248
129,2015-01-06,2,45-64,175.2857,172.8346,147.4236,201.3658,0.8556,0.7457,0.9827,0.8889
129,2015-01-06,2,65+,85.0000,83.3749,70.8879,98.7673,0.8966,0.7768,1.0403,0.9336
130,2015-01-07,2,0-5,192.1429,193.6650,164.4807,227.2181,1.8462,1.5693,2.1796,1.7549
130,2015-01-07,2,6-11,160.5714,168.7930,143.7923,198.6249,1.9626,1.6888,2.2918,1.7823
130,2015-01-07,2,12-17,93.7143,99.4499,84.9764,117.6163,1.4722,1.2732,1.7067,1.4367
130,2015-01-07,2,18-44,306.5714,307.8559,265.9765,359.6402,0.9155,0.8030,1.0488,0.9076
130,2015-01-07,2,45-64,182.2857,180.1448,154.0096,211.0538,0.8547,0.7456,0.9823,0.8708
130,2015-01-07,2,65+,90.0000,87.6495,74.4783,103.9855,0.8948,0.7746,1.0391,0.9214
131,2015-01-08,2,0-5,213.2857,221.2293,188.2581,260.7394,1.8793,1.5875,2.2144,1.7360
131,2015-01-08,2,6-11,176.1429,189.2303,161.9210,223.1141,2.0223,1.7377,2.3575,1.7875
131,2015-01-08,2,12-17,95.8571,101.1795,85.8377,119.1883,1.4942,1.2844,1.7389,1.4208
131,2015-01-08,2,18-44,315.2857,326.9855,281.2727,383.0861,0.9227,0.8081,1.0593,0.8847
131,2015-01-08,2,45-64,183.2857,187.6587,160.8111,219.7858,0.8564,0.7455,0.9855,0.8425
131,2015-01-08,2,65+,91.2857,92.1292,78.0907,109.5261,0.8937,0.7738,1.0346,0.8885
132,2015-01-09,2,0-5,260.1429,254.0626,216.7091,298.0696,1.8909,1.5984,2.2408,1.8695
132,2015-01-09,2,6-11,220.1429,215.5504,184.0905,252.8932,2.0623,1.7670,2.3949,1.9720
132,2015-01-09,2,12-17,102.4286,104.1589,88.5290,122.5426,1.5075,1.2982,1.7516,1.4772
132,2015-01-09,2,18-44,344.0000,347.8631,299.8350,407.1134,0.9229,0.8093,1.0583,0.9186
132,2015-01-09,2,45-64,191.0000,195.3059,167.5779,228.1898,0.8533,0.7424,0.9808,0.8547
132,2015-01-09,2,65+,91.5714,96.8378,82.2415,114.3428,0.8890,0.7692,1.0301,0.8844
133,2015-01-10,2,0-5,296.4286,291.2770,249.2875,338.8412,1.8825,1.5941,2.2220,1.8906
133,2015-01-10,2,6-11,256.5714,246.6779,211.4150,290.3482,2.0698,1.7745,2.4094,2.0428
133,2015-01-10,2,12-17,107.1429,107.9891,91.9922,126.6316,1.5087,1.3009,1.7514,1.4971
133,2015-01-10,2,18-44,372.0000,370.7946,319.0116,433.6111,0.9156,0.8037,1.0466,0.9279
133,2015-01-10,2,45-64,199.4286,203.2493,174.4853,237.5359,0.8453,0.7376,0.9726,0.8610
133,2015-01-10,2,65+,100.4286,101.6787,86.7759,119.8518,0.8791,0.7616,1.0159,0.8998
134,2015-01-11,3,0-5,334.4286,333.2959,285.0975,388.3679,1.8585,1.5709,2.2008,1.8872
134,2015-01-11,3,6-11,290.7143,284.4767,243.3366,331.2969,2.0528,1.7582,2.3972,2.0595
134,2015-01-11,3,12-17,114.1429,113.3988,96.7776,133.2822,1.4962,1.2941,1.7395,1.5222
134,2015-01-11,3,18-44,404.5714,398.5131,342.8584,468.4078,0.8995,0.7906,1.0304,0.9332
134,2015-01-11,3,45-64,215.2857,212.1849,182.8723,248.3737,0.8297,0.7244,0.9528,0.8705
134,2015-01-11,3,65+,109.7143,107.0588,91.1923,125.9489,0.8596,0.7473,0.9924,0.9137
135,2015-01-12,3,0-5,385.0000,378.4858,326.1281,441.6589,1.8242,1.5436,2.1679,1.9077
135,2015-01-12,3,6-11,332.8571,325.8849,279.2192,378.4921,2.0251,1.7345,2.3740,2.0792
135,2015-01-12,3,12-17,120.2857,120.0209,102.5412,140.6940,1.4739,1.2672,1.7050,1.5243
135,2015-01-12,3,18-44,444.7143,430.4013,368.5752,508.4064,0.8786,0.7723,1.0016,0.9357
135,2015-01-12,3,45-64,229.8571,224.1886,192.1936,262.3028,0.8087,0.7050,0.9280,0.8691
135,2015-01-12,3,65+,116.0000,112.6241,95.9088,132.8402,0.8348,0.7242,0.9633,0.9081
136,2015-01-13,3,0-5,439.5714,429.5515,370.6214,500.8617,1.7922,1.5158,2.1229,1.9036
136,2015-01-13,3,6-11,383.1429,372.6230,318.8308,434.0641,1.9897,1.7098,2.3267,2.0868
136,2015-01-13,3,12-17,128.8571,127.5171,108.7246,149.4499,1.4407,1.2407,1.6720,1.5210
136,2015-01-13,3,18-44,478.4286,465.1738,399.9618,551.6141,0.8551,0.7521,0.9747,0.9251
136,2015-01-13,3,45-64,244.1429,237.9163,203.1173,277.8617,0.7849,0.6839,0.8998,0.8575
136,2015-01-13,3,65+,124.2857,118.9113,101.3362,140.3447,0.8071,0.6996,0.9308,0.8975
137,2015-01-14,3,0-5,488.0000,484.5143,418.1302,565.3178,1.7676,1.4919,2.0984,1.8559
137,2015-01-14,3,6-11,426.4286,424.6136,364.8969,496.8671,1.9558,1.6727,2.2847,2.0402
137,2015-01-14,3,12-17,141.1429,136.2965,115.5595,159.4946,1.4091,1.2131,1.6341,1.5176
137,2015-01-14,3,18-44,512.2857,503.4524,435.3046,594.4868,0.8347,0.7312,0.9525,0.9005
137,2015-01-14,3,45-64,258.1429,254.0231,216.6669,298.1969,0.7639,0.6666,0.8765,0.8343
137,2015-01-14,3,65+,127.7143,125.5819,107.1447,148.1081,0.7815,0.6791,0.8998,0.8649
138,2015-01-15,3,0-5,521.5714,545.7519,470.6107,638.7588,1.7528,1.4779,2.0800,1.7560
138,2015-01-15,3,6-11,461.0000,480.9002,415.8256,561.1410,1.9350,1.6552,2.2660,1.9428
138,2015-01-15,3,12-17,145.1429,146.2368,124.2051,171.1086,1.3810,1.1892,1.6054,1.4447
138,2015-01-15,3,18-44,530.8571,547.8718,472.7550,643.1653,0.8196,0.7213,0.9342,0.8522
138,2015-01-15,3,45-64,265.8571,272.6740,231.8331,318.7217,0.7473,0.6527,0.8567,0.7908
138,2015-01-15,3,65+,132.0000,132.4088,113.2403,156.0852,0.7623,0.6622,0.8771,0.8218
139,2015-01-16,3,0-5,613.4286,612.5925,529.7193,722.9290,1.7411,1.4563,2.0735,1.8330
139,2015-01-16,3,6-11,553.0000,543.9604,469.5399,631.7768,1.9071,1.6260,2.2471,2.0425
139,2015-01-16,3,12-17,154.2857,156.5675,132.3124,183.0959,1.3525,1.1651,1.5683,1.4554
139,2015-01-16,3,18-44,583.5714,593.4767,511.3605,695.3258,0.8064,0.7092,0.9187,0.8721
139,2015-01-16,3,45-64,290.7143,292.2352,249.7646,341.3378,0.7330,0.6406,0.8402,0.8029
139,2015-01-16,3,65+,142.8571,139.3551,119.6046,164.7649,0.7447,0.6490,0.8593,0.8338
140,2015-01-17,3,0-5,690.7143,687.4424,590.5250,807.1656,1.7197,1.4500,2.0498,1.8309
140,2015-01-17,3,6-11,618.5714,609.5811,524.0048,712.9795,1.8882,1.6192,2.2174,2.0244
140,2015-01-17,3,12-17,166.2857,166.3906,140.8483,195.6504,1.3187,1.1361,1.5348,1.4456
140,2015-01-17,3,18-44,636.5714,642.0651,551.5609,749.4507,0.7925,0.6954,0.9052,0.8612
140,2015-01-17,3,45-64,307.0000,312.6139,268.3613,364.3195,0.7191,0.6267,0.8263,0.7870
140,2015-01-17,3,65+,145.4286,146.6719,124.9455,172.0500,0.7303,0.6345,0.8420,0.8069
141,2015-01-18,4,0-5,763.8571,770.4263,655.6568,898.9178,1.7064,1.4344,2.0312,1.7994
141,2015-01-18,4,6-11,677.0000,682.5393,586.2292,798.3152,1.8727,1.6036,2.1966,1.9757
141,2015-01-18,4,12-17,179.4286,175.9482,148.8996,205.3470,1.2878,1.1146,1.4980,1.4351
141,2015-01-18,4,18-44,687.1429,693.3983,592.6934,808.1928,0.7814,0.6861,0.8881,0.8460
141,2015-01-18,4,45-64,331.2857,334.6202,287.9152,388.4597,0.7076,0.6181,0.8106,0.7751
141,2015-01-18,4,65+,152.5714,154.1295,131.7302,181.0474,0.7214,0.6263,0.8298,0.7907
142,2015-01-19,4,0-5,833.2857,856.7728,731.2283,1001.1171,1.6890,1.4192,2.0161,1.7537
142,2015-01-19,4,6-11,742.0000,760.2937,656.8382,892.5492,1.8513,1.5802,2.1662,1.9297
142,2015-01-19,4,12-17,187.8571,185.3717,157.9986,215.7439,1.2560,1.0885,1.4605,1.3974
142,2015-01-19,4,18-44,735.7143,748.0778,642.3879,871.8277,0.7688,0.6758,0.8752,0.8245
142,2015-01-19,4,45-64,355.0000,357.6416,307.5187,415.8461,0.6959,0.6071,0.7979,0.7554
142,2015-01-19,4,65+,155.8571,162.7864,139.0967,192.5678,0.7124,0.6191,0.8208,0.7637
143,2015-01-20,4,0-5,946.8571,948.4828,811.1301,1111.0942,1.6590,1.3921,1.9813,1.7816
143,2015-01-20,4,6-11,830.8571,841.2450,726.6168,987.9774,1.8304,1.5607,2.1400,1.9408
143,2015-01-20,4,12-17,196.5714,193.7480,165.3531,227.9717,1.2263,1.0584,1.4203,1.3781
143,2015-01-20,4,18-44,808.7143,803.2309,686.4224,939.5367,0.7545,0.6632,0.8582,0.8270
143,2015-01-20,4,45-64,381.7143,381.2274,326.3390,445.4290,0.6833,0.5967,0.7846,0.7539
143,2015-01-20,4,65+,168.5714,172.8517,147.3488,204.4883,0.7053,0.6123,0.8148,0.7642
144,2015-01-21,4,0-5,1052.8571,1046.8744,903.0257,1221.6357,1.6232,1.3599,1.9450,1.7713
144,2015-01-21,4,6-11,937.8571,932.9256,802.9760,1082.4940,1.8033,1.5406,2.1072,1.9464
144,2015-01-21,4,12-17,202.0000,201.4992,173.1235,236.4462,1.2035,1.0396,1.3927,1.3402
144,2015-01-21,4,18-44,864.8571,861.3913,734.8249,1007.0228,0.7377,0.6495,0.8405,0.8164
144,2015-01-21,4,45-64,409.1429,405.1865,346.9451,474.7129,0.6689,0.5846,0.7669,0.7434
144,2015-01-21,4,65+,183.8571,185.0148,158.2492,218.8013,0.6973,0.6065,0.8009,0.7599
145,2015-01-22,4,0-5,1132.4286,1143.9331,990.1925,1334.1029,1.5803,1.3282,1.8843,1.7037
145,2015-01-22,4,6-11,1013.1429,1028.3034,883.4784,1187.6607,1.7657,1.5127,2.0771,1.8760
145,2015-01-22,4,12-17,206.2857,210.1141,180.5506,244.4526,1.1830,1.0206,1.3802,1.2777
145,2015-01-22,4,18-44,900.7143,919.4180,785.2680,1073.4730,0.7195,0.6342,0.8196,0.7795
145,2015-01-22,4,45-64,422.1429,429.8490,369.0240,503.6908,0.6546,0.5709,0.7516,0.7079
145,2015-01-22,4,65+,190.1429,198.8429,169.8590,235.3961,0.6872,0.5960,0.7936,0.7243
146,2015-01-23,4,0-5,1276.2857,1244.3006,1074.4422,1435.8711,1.5259,1.2861,1.8051,1.7393
146,2015-01-23,4,6-11,1155.5714,1124.8832,970.3752,1302.2844,1.7264,1.4692,2.0373,1.9266
146,2015-01-23,4,12-17,218.1429,219.9164,187.8719,257.1270,1.1691,1.0083,1.3569,1.2884
146,2015-01-23,4,18-44,995.1429,978.1343,834.8585,1136.7516,0.6984,0.6153,0.7930,0.7954
146,2015-01-23,4,45-64,462.5714,454.9972,388.4561,529.4417,0.6378,0.5577,0.7302,0.7239
146,2015-01-23,4,65+,220.1429,215.2441,183.5509,251.5907,0.6740,0.5849,0.7769,0.7525
147,2015-01-24,4,0-5,1367.0000,1335.1633,1155.9989,1540.3667,1.4786,1.2396,1.7594,1.6859
147,2015-01-24,4,6-11,1258.7143,1221.5305,1060.0433,1410.6106,1.6895,1.4346,2.0069,1.8848
147,2015-01-24,4,12-17,232.7143,231.2313,197.5326,269.3335,1.1637,1.0030,1.3491,1.2724
147,2015-01-24,4,18-44,1048.7143,1034.6042,890.3948,1198.2215,0.6784,0.5989,0.7715,0.7749
147,2015-01-24,4,45-64,491.0000,478.5816,410.2636,557.7103,0.6213,0.5447,0.7126,0.7090
147,2015-01-24,4,65+,240.4286,232.4915,199.7434,272.0013,0.6590,0.5717,0.7613,0.7429
148,2015-01-25,5,0-5,1447.8571,1421.3163,1227.5249,1639.9023,1.4355,1.2112,1.7100,1.6281
148,2015-01-25,5,6-11,1347.7143,1322.7752,1146.6431,1524.9932,1.6648,1.4090,1.9600,1.8249
148,2015-01-25,5,12-17,238.8571,245.4613,209.6981,287.4990,1.1675,1.0043,1.3633,1.2260
148,2015-01-25,5,18-44,1111.4286,1087.2830,933.7206,1257.7525,0.6610,0.5836,0.7499,0.7492
148,2015-01-25,5,45-64,508.4286,502.6062,431.9674,584.9305,0.6076,0.5315,0.6957,0.6849
148,2015-01-25,5,65+,256.2857,250.0245,215.1897,292.5764,0.6456,0.5576,0.7469,0.7213
149,2015-01-26,5,0-5,1508.2857,1500.6483,1299.7499,1732.3770,1.4064,1.1757,1.6849,1.5630
149,2015-01-26,5,6-11,1425.0000,1426.3760,1241.9517,1654.6744,1.6581,1.4040,1.9541,1.7640
149,2015-01-26,5,12-17,263.1429,264.6116,225.7161,308.4798,1.1885,1.0250,1.3938,1.2263
149,2015-01-26,5,18-44,1158.2857,1137.2646,985.9396,1322.8582,0.6529,0.5772,0.7400,0.7251
149,2015-01-26,5,45-64,529.2857,526.3517,454.0295,615.0024,0.6028,0.5283,0.6893,0.6662
149,2015-01-26,5,65+,272.0000,268.4242,231.4769,315.6681,0.6408,0.5554,0.7415,0.7027
150,2015-01-27,5,0-5,1556.2857,1575.1256,1360.7948,1817.3320,1.3951,1.1699,1.6647,1.4985
150,2015-01-27,5,6-11,1522.5714,1537.1577,1328.5790,1794.4785,1.6637,1.4157,1.9661,1.7203
150,2015-01-27,5,12-17,284.1429,287.9155,247.0080,337.7076,1.2317,1.0515,1.4334,1.2118
150,2015-01-27,5,18-44,1173.7143,1184.6767,1021.1371,1379.5686,0.6510,0.5755,0.7373,0.6975
150,2015-01-27,5,45-64,545.1429,551.7264,474.1546,646.0240,0.6038,0.5294,0.6876,0.6433
150,2015-01-27,5,65+,286.1429,287.4952,247.2335,337.2843,0.6413,0.5571,0.7383,0.6815
151,2015-01-28,5,0-5,1622.1429,1647.4118,1421.8006,1911.7200,1.3953,1.1680,1.6635,1.4620
151,2015-01-28,5,6-11,1618.7143,1661.5096,1434.8703,1944.7176,1.6988,1.4386,2.0138,1.6875
151,2015-01-28,5,12-17,307.8571,319.1315,275.1236,375.0064,1.2935,1.1043,1.5165,1.2037
151,2015-01-28,5,18-44,1195.0000,1232.7636,1057.0838,1433.9603,0.6564,0.5817,0.7425,0.6772
151,2015-01-28,5,45-64,557.5714,579.5845,498.3766,677.7683,0.6114,0.5370,0.6980,0.6243
151,2015-01-28,5,65+,297.2857,306.8441,264.2226,360.6927,0.6492,0.5635,0.7518,0.6622
152,2015-01-29,5,0-5,1664.8571,1720.0196,1493.1069,2005.3614,1.4063,1.1821,1.6729,1.4212
152,2015-01-29,5,6-11,1704.5714,1800.9712,1554.4088,2107.0884,1.7394,1.4827,2.0607,1.6532
152,2015-01-29,5,12-17,326.7143,359.4799,308.2722,421.3617,1.3714,1.1745,1.6154,1.1873
152,2015-01-29,5,18-44,1215.2857,1277.2836,1103.3436,1482.1610,0.6682,0.5919,0.7553,0.6595
152,2015-01-29,5,45-64,573.1429,608.5260,522.0987,710.6965,0.6246,0.5480,0.7114,0.6100
152,2015-01-29,5,65+,313.7143,326.9559,281.6354,383.4737,0.6613,0.5739,0.7622,0.6515
153,2015-01-30,5,0-5,1764.4286,1794.1670,1550.3051,2095.4646,1.4190,1.1961,1.6920,1.4441
153,2015-01-30,5,6-11,1954.1429,1967.2197,1692.9295,2301.3362,1.7855,1.5196,2.1182,1.7497
153,2015-01-30,5,12-17,398.2857,411.9895,352.8513,484.6429,1.4586,1.2420,1.7148,1.2995
153,2015-01-30,5,18-44,1275.0000,1323.0609,1145.8532,1534.9846,0.6815,0.6028,0.7698,0.6804
153,2015-01-30,5,45-64,624.4286,640.1773,550.5398,745.8373,0.6395,0.5604,0.7270,0.6342
153,2015-01-30,5,65+,344.8571,347.3724,298.4955,404.9913,0.6741,0.5840,0.7772,0.6772
154,2015-01-31,5,0-5,1856.7143,1874.9251,1621.6171,2185.8422,1.4394,1.2039,1.7158,1.4492
154,2015-01-31,5,6-11,2149.2857,2160.3926,1856.3853,2514.8416,1.8365,1.5614,2.1691,1.7794
154,2015-01-31,5,12-17,475.1429,477.9771,408.7140,563.5610,1.5310,1.3051,1.8161,1.3762
154,2015-01-31,5,18-44,1347.0000,1375.9302,1190.6080,1600.3374,0.6930,0.6138,0.7818,0.6861
154,2015-01-31,5,45-64,659.5714,673.4533,575.2850,782.5380,0.6498,0.5718,0.7394,0.6397
154,2015-01-31,5,65+,360.7143,368.4683,318.7498,430.7096,0.6833,0.5920,0.7891,0.6764
155,2015-02-01,6,0-5,1951.4286,1964.5471,1697.3512,2292.9642,1.4455,1.2111,1.7274,1.4509
155,2015-02-01,6,6-11,2324.2857,2386.9479,2045.8444,2759.2230,1.8730,1.5827,2.2245,1.7827
155,2015-02-01,6,12-17,555.8571,562.4979,481.6003,662.7796,1.5960,1.3604,1.8832,1.4306
155,2015-02-01,6,18-44,1438.1429,1439.9485,1240.7338,1679.2903,0.6995,0.6207,0.7903,0.6916
155,2015-02-01,6,45-64,711.7143,707.6632,606.5314,828.1331,0.6554,0.5781,0.7454,0.6479
155,2015-02-01,6,65+,386.2857,391.6489,336.8686,456.7229,0.6871,0.5972,0.7895,0.6823
156,2015-02-02,6,0-5,2083.0000,2067.6207,1785.0986,2407.7280,1.4403,1.2124,1.7098,1.4704
156,2015-02-02,6,6-11,2624.8571,2648.6658,2289.1775,3061.4595,1.8848,1.5973,2.2257,1.8382
156,2015-02-02,6,12-17,669.5714,668.1961,570.2225,785.4931,1.6261,1.3871,1.9256,1.5076
156,2015-02-02,6,18-44,1538.0000,1522.7088,1306.8388,1770.7120,0.6975,0.6205,0.7861,0.7032
156,2015-02-02,6,45-64,764.1429,747.8300,646.3507,880.7870,0.6535,0.5759,0.7411,0.6594
156,2015-02-02,6,65+,424.4286,417.8078,359.2201,488.5972,0.6825,0.5939,0.7866,0.6954
157,2015-02-03,6,0-5,2201.7143,2173.7461,1883.9233,2545.4644,1.4303,1.2039,1.7083,1.4771
157,2015-02-03,6,6-11,3001.0000,2950.4922,2557.1426,3413.5254,1.8762,1.5951,2.2311,1.9018
157,2015-02-03,6,12-17,830.7143,795.5745,678.3552,930.5102,1.6316,1.3847,1.9297,1.6075
157,2015-02-03,6,18-44,1660.8571,1612.8595,1390.3938,1886.1179,0.6906,0.6133,0.7794,0.7153
157,2015-02-03,6,45-64,827.5714,795.5805,689.0533,934.3956,0.6445,0.5683,0.7329,0.6723
157,2015-02-03,6,65+,465.7143,447.3254,385.2743,522.7485,0.6722,0.5855,0.7735,0.7070
158,2015-02-04,6,0-5,2314.0000,2295.7602,1984.9988,2663.8384,1.4225,1.1913,1.6886,1.4644
158,2015-02-04,6,6-11,3366.1429,3287.1527,2841.9932,3808.8277,1.8581,1.5770,2.1844,1.9169
158,2015-02-04,6,12-17,1002.8571,942.0143,808.8623,1107.7899,1.6191,1.3713,1.9136,1.6561
158,2015-02-04,6,18-44,1779.4286,1725.2912,1495.3669,2016.5392,0.6789,0.6039,0.7654,0.7132
158,2015-02-04,6,45-64,887.0000,850.0410,733.4551,993.8644,0.6314,0.5568,0.7167,0.6706
158,2015-02-04,6,65+,505.7143,479.5414,415.1709,558.7565,0.6569,0.5713,0.7563,0.7044
159,2015-02-05,6,0-5,2392.5714,2431.8997,2099.1060,2827.7802,1.4097,1.1814,1.6860,1.4087
159,2015-02-05,6,6-11,3558.4286,3644.0891,3146.0495,4224.5365,1.8358,1.5451,2.1684,1.8171
159,2015-02-05,6,12-17,1078.2857,1111.5714,953.2342,1293.6440,1.5969,1.3635,1.8727,1.5436
159,2015-02-05,6,18-44,1830.5714,1851.7378,1604.4907,2168.9757,0.6675,0.5932,0.7531,0.6727
159,2015-02-05,6,45-64,902.5714,913.2296,785.2874,1062.2616,0.6185,0.5455,0.7019,0.6270
159,2015-02-05,6,65+,512.2857,516.3719,446.6623,599.2633,0.6426,0.5596,0.7399,0.6577
160,2015-02-06,6,0-5,2591.2857,2584.8663,2238.7317,3006.1314,1.4008,1.1747,1.6708,1.4373
160,2015-02-06,6,6-11,4113.4286,4035.4234,3488.8641,4677.1996,1.8002,1.5401,2.1081,1.8868
160,2015-02-06,6,12-17,1319.5714,1296.8361,1121.3104,1505.7740,1.5756,1.3335,1.9108,1.6251
160,2015-02-06,6,18-44,1984.8571,1992.4952,1732.6553,2338.8554,0.6586,0.5843,0.7414,0.6845
160,2015-02-06,6,45-64,977.1429,984.6006,845.7709,1149.0136,0.6093,0.5367,0.6916,0.6352
160,2015-02-06,6,65+,549.1429,556.0924,481.0811,648.7429,0.6338,0.5513,0.7279,0.6603
161,2015-02-07,6,0-5,2756.4286,2753.5448,2398.8107,3199.0615,1.3926,1.1680,1.6693,1.4326
161,2015-02-07,6,6-11,4511.0000,4438.7651,3865.4410,5147.2786,1.7481,1.4919,2.0675,1.8693
161,2015-02-07,6,12-17,1495.4286,1490.5495,1293.2126,1720.8847,1.5334,1.3063,1.8179,1.6104
161,2015-02-07,6,18-44,2135.4286,2148.9370,1857.7882,2519.7062,0.6469,0.5747,0.7281,0.6792
161,2015-02-07,6,45-64,1057.8571,1065.9766,915.6487,1245.1921,0.5977,0.5275,0.6765,0.6300
161,2015-02-07,6,65+,595.2857,599.3332,517.2306,697.5820,0.6229,0.5439,0.7179,0.6569
162,2015-02-08,7,0-5,2920.5714,2942.3870,2564.5069,3428.4843,1.3740,1.1514,1.6466,1.4212
162,2015-02-08,7,6-11,4824.7143,4832.1313,4176.3210,5593.9603,1.6978,1.4467,2.0374,1.8229
162,2015-02-08,7,12-17,1662.4286,1699.6991,1458.4650,1963.2212,1.4875,1.2702,1.7215,1.5790
162,2015-02-08,7,18-44,2323.5714,2318.9477,1998.9382,2723.7984,0.6355,0.5647,0.7159,0.6723
162,2015-02-08,7,45-64,1150.0000,1153.4627,990.6851,1347.7475,0.5877,0.5184,0.6651,0.6246
162,2015-02-08,7,65+,648.7143,646.6953,561.8383,754.7573,0.6172,0.5355,0.7104,0.6540
163,2015-02-09,7,0-5,3088.2857,3141.6716,2721.9599,3650.0029,1.3612,1.1369,1.6181,1.4028
163,2015-02-09,7,6-11,5106.4286,5208.0659,4526.8243,6061.2700,1.6528,1.4020,1.9657,1.7691
163,2015-02-09,7,12-17,1836.5714,1894.3024,1633.6449,2182.8747,1.4303,1.2213,1.6778,1.5461
163,2015-02-09,7,18-44,2484.4286,2506.7116,2155.1021,2928.8902,0.6253,0.5558,0.7036,0.6600
163,2015-02-09,7,45-64,1237.1429,1249.0074,1076.3435,1454.9744,0.5788,0.5104,0.6554,0.6136
163,2015-02-09,7,65+,695.7143,700.0165,607.5606,818.5208,0.6136,0.5332,0.7067,0.6438
164,2015-02-10,7,0-5,3301.8571,3356.0925,2892.1830,3878.8565,1.3338,1.1156,1.5913,1.3992
164,2015-02-10,7,6-11,5391.4286,5553.6639,4811.0954,6431.6664,1.5847,1.3520,1.8570,1.7296
164,2015-02-10,7,12-17,2022.5714,2075.6529,1796.5661,2382.2691,1.3554,1.1614,1.6180,1.5233
164,2015-02-10,7,18-44,2658.1429,2705.8582,2315.1532,3139.9451,0.6115,0.5427,0.6884,0.6521
164,2015-02-10,7,45-64,1326.1429,1352.3409,1162.9263,1572.6374,0.5683,0.5007,0.6437,0.6058
164,2015-02-10,7,65+,748.7143,762.1373,656.8843,886.7783,0.6086,0.5291,0.7015,0.6372
165,2015-02-11,7,0-5,3497.7143,3563.5480,3064.9230,4141.6482,1.2998,1.0901,1.5529,1.3897
165,2015-02-11,7,6-11,5670.7143,5832.0703,5081.1861,6821.8940,1.5086,1.2809,1.7890,1.6977
165,2015-02-11,7,12-17,2183.1429,2234.9940,1934.3745,2537.3121,1.2585,1.0816,1.4773,1.4938
165,2015-02-11,7,18-44,2846.7143,2898.5000,2483.5706,3347.4216,0.5956,0.5277,0.6718,0.6465
165,2015-02-11,7,45-64,1435.4286,1459.8285,1255.9035,1701.1720,0.5550,0.4893,0.6308,0.6017
165,2015-02-11,7,65+,811.0000,825.2361,712.6250,961.7608,0.6017,0.5226,0.6956,0.6357
166,2015-02-12,7,0-5,3654.0000,3753.0396,3247.0633,4359.4465,1.2499,1.0492,1.4951,1.3576
166,2015-02-12,7,6-11,5828.4286,6024.4122,5262.0321,6973.8327,1.4028,1.1834,1.6583,1.6346
166,2015-02-12,7,12-17,2258.8571,2321.5254,2006.1615,2633.4363,1.1559,0.9767,1.3895,1.4198
166,2015-02-12,7,18-44,2964.1429,3086.5855,2649.3193,3558.2028,0.5731,0.5076,0.6483,0.6251
166,2015-02-12,7,45-64,1492.0000,1566.9112,1353.0293,1817.4045,0.5383,0.4728,0.6138,0.5798
166,2015-02-12,7,65+,843.5714,892.6907,772.9672,1035.1288,0.5923,0.5129,0.6874,0.6140
167,2015-02-13,7,0-5,4002.1429,3914.3368,3384.2850,4536.0690,1.1864,0.9932,1.4253,1.4086
167,2015-02-13,7,6-11,6142.4286,6063.7028,5347.7709,7068.8452,1.2814,1.0837,1.5185,1.6572
167,2015-02-13,7,12-17,2423.5714,2333.8557,2030.1191,2676.5507,1.0460,0.8865,1.2291,1.4401
167,2015-02-13,7,18-44,3327.0000,3255.7314,2796.1791,3738.3174,0.5461,0.4828,0.6183,0.6528
167,2015-02-13,7,45-64,1715.2857,1670.1677,1444.8271,1936.7215,0.5183,0.4541,0.5908,0.6111
167,2015-02-13,7,65+,979.7143,960.7280,832.5419,1118.4417,0.5792,0.4989,0.6742,0.6556
168,2015-02-14,7,0-5,4315.1429,4019.9558,3492.3279,4643.0383,1.1186,0.9342,1.3335,1.4298
168,2015-02-14,7,6-11,6371.1429,5963.6523,5249.6739,6879.4092,1.1630,0.9717,1.3789,1.6498
168,2015-02-14,7,12-17,2501.1429,2269.1662,1976.2998,2571.9571,0.9332,0.7951,1.0959,1.4157
168,2015-02-14,7,18-44,3646.8571,3383.5714,2917.2785,3890.6665,0.5175,0.4562,0.5862,0.6634
168,2015-02-14,7,45-64,1898.5714,1765.0380,1522.8619,2047.0245,0.4965,0.4340,0.5672,0.6235
168,2015-02-14,7,65+,1096.4286,1027.2496,886.1936,1196.0093,0.5629,0.4854,0.6565,0.6756
169,2015-02-15,8,0-5,4273.7143,4068.9789,3537.0914,4672.9161,1.0583,0.8777,1.2660,1.3252
169,2015-02-15,8,6-11,6105.7143,5693.6966,4965.2617,6502.2639,1.0537,0.8891,1.2370,1.5113
169,2015-02-15,8,12-17,2361.8571,2125.7589,1872.4364,2415.3161,0.8470,0.7308,0.9937,1.2769
169,2015-02-15,8,18-44,3607.8571,3480.6489,3007.0429,4006.2662,0.4937,0.4355,0.5591,0.6136
169,2015-02-15,8,45-64,1898.7143,1852.3173,1596.6445,2155.5822,0.4796,0.4190,0.5493,0.5779
169,2015-02-15,8,65+,1115.4286,1090.0265,936.4677,1261.6143,0.5508,0.4726,0.6399,0.6317
170,2015-02-16,8,0-5,4054.0000,4048.1492,3519.5724,4652.1778,1.0083,0.8445,1.2108,1.2006
170,2015-02-16,8,6-11,5541.8571,5282.1013,4620.6829,6011.2247,0.9675,0.8302,1.1358,1.3484
170,2015-02-16,8,12-17,2092.0000,1951.1688,1708.3717,2212.6506,0.7779,0.6726,0.9045,1.1231
170,2015-02-16,8,18-44,3465.2857,3554.1283,3080.0378,4091.7951,0.4774,0.4207,0.5430,0.5603
170,2015-02-16,8,45-64,1875.2857,1937.1506,1672.8433,2256.4994,0.4704,0.4103,0.5389,0.5329
170,2015-02-16,8,65+,1135.4286,1147.4203,992.9397,1327.5869,0.5431,0.4660,0.6321,0.5931
171,2015-02-17,8,0-5,3907.8571,3977.1491,3466.3825,4571.2848,0.9761,0.8114,1.1699,1.1328
171,2015-02-17,8,6-11,4982.4286,4766.1545,4161.2718,5451.2010,0.9107,0.7806,1.0683,1.2365
171,2015-02-17,8,12-17,1794.2857,1734.5104,1519.7850,1992.7442,0.7362,0.6358,0.8578,1.0079
171,2015-02-17,8,18-44,3397.1429,3603.8453,3128.1871,4163.7516,0.4701,0.4134,0.5357,0.5316
171,2015-02-17,8,45-64,1888.1429,2013.5491,1736.9259,2339.5674,0.4674,0.4074,0.5384,0.5101
171,2015-02-17,8,65+,1151.1429,1192.6888,1036.0291,1377.8086,0.5407,0.4630,0.6315,0.5748
172,2015-02-18,8,0-5,3914.8571,3855.9588,3357.3395,4440.2078,0.9570,0.8025,1.1516,1.1405
172,2015-02-18,8,6-11,4516.0000,4221.8329,3675.6495,4804.1021,0.8745,0.7547,1.0190,1.1970
172,2015-02-18,8,12-17,1553.4286,1513.0638,1335.7310,1736.8916,0.7103,0.6145,0.8240,0.9655
172,2015-02-18,8,18-44,3528.7143,3599.2687,3127.0591,4139.7110,0.4699,0.4132,0.5351,0.5444
172,2015-02-18,8,45-64,2053.4286,2061.8142,1786.7936,2391.4698,0.4717,0.4110,0.5424,0.5311
172,2015-02-18,8,65+,1242.5714,1225.5309,1064.8091,1419.1318,0.5441,0.4686,0.6347,0.6061
173,2015-02-19,8,0-5,3820.7143,3688.2207,3216.5647,4243.0946,0.9512,0.7945,1.1378,1.1291
173,2015-02-19,8,6-11,4138.4286,3681.0697,3208.0925,4191.9270,0.8609,0.7390,1.0058,1.1707
173,2015-02-19,8,12-17,1427.4286,1297.4001,1137.8485,1487.4062,0.7044,0.6066,0.8130,0.9542
173,2015-02-19,8,18-44,3558.1429,3559.8704,3098.7016,4092.5448,0.4758,0.4161,0.5426,0.5471
173,2015-02-19,8,45-64,2088.5714,2086.9355,1804.6496,2411.5694,0.4812,0.4173,0.5560,0.5371
173,2015-02-19,8,65+,1249.2857,1232.6352,1073.5744,1430.0875,0.5523,0.4744,0.6466,0.6109
174,2015-02-20,8,0-5,3428.2857,3502.9478,3057.9491,4024.0798,0.9543,0.7993,1.1385,1.0402
174,2015-02-20,8,6-11,3070.2857,3169.8999,2765.3283,3611.0705,0.8649,0.7443,1.0077,1.0043
174,2015-02-20,8,12-17,1035.0000,1100.4542,959.0504,1254.6866,0.7128,0.6158,0.8250,0.8253
174,2015-02-20,8,18-44,3405.0000,3477.9280,3016.2730,3989.3985,0.4860,0.4254,0.5578,0.5154
174,2015-02-20,8,45-64,2051.2857,2085.5414,1808.0512,2412.1211,0.4951,0.4297,0.5744,0.5152
174,2015-02-20,8,65+,1221.8571,1222.0611,1060.3331,1416.2182,0.5654,0.4854,0.6619,0.5924
175,2015-02-21,8,0-5,3013.7143,3317.5876,2884.6213,3798.1336,0.9675,0.8098,1.1594,0.9542
175,2015-02-21,8,6-11,2251.7143,2716.9598,2382.2376,3094.4127,0.8841,0.7609,1.0293,0.8725
175,2015-02-21,8,12-17,749.5714,935.1141,817.5537,1065.8042,0.7375,0.6380,0.8522,0.7249
175,2015-02-21,8,18-44,3108.1429,3371.7979,2923.8910,3854.6691,0.5022,0.4395,0.5749,0.4812
175,2015-02-21,8,45-64,1934.0000,2068.2705,1801.4955,2387.8164,0.5144,0.4459,0.5959,0.4880
175,2015-02-21,8,65+,1147.8571,1198.5324,1046.1471,1374.8250,0.5835,0.5003,0.6833,0.5647
176,2015-02-22,9,0-5,2910.1429,3118.0734,2718.0875,3565.9210,0.9857,0.8287,1.1882,0.9863
176,2015-02-22,9,6-11,2030.0000,2323.0307,2048.5742,2652.9446,0.9212,0.7871,1.0761,0.9049
176,2015-02-22,9,12-17,674.2857,793.6684,689.7851,900.8695,0.7713,0.6675,0.8933,0.7569
176,2015-02-22,9,18-44,3083.5714,3232.4402,2812.0685,3710.9462,0.5189,0.4531,0.5976,0.5074
176,2015-02-22,9,45-64,1970.0000,2028.5799,1768.8436,2345.9361,0.5344,0.4614,0.6210,0.5177
176,2015-02-22,9,65+,1144.7143,1160.7460,1016.2313,1332.6519,0.6024,0.5163,0.7076,0.5950
177,2015-02-23,9,0-5,2946.1429,2918.7851,2546.1923,3359.4013,0.9994,0.8361,1.1933,1.0643
177,2015-02-23,9,6-11,1971.8571,1996.4092,1761.8690,2282.2974,0.9532,0.8196,1.1144,0.9892
177,2015-02-23,9,12-17,663.7143,679.8514,592.9904,779.9724,0.8065,0.6952,0.9379,0.8302
177,2015-02-23,9,18-44,3112.0000,3050.8096,2649.0451,3496.6164,0.5340,0.4659,0.6149,0.5492
177,2015-02-23,9,45-64,2010.4286,1964.7288,1711.2030,2271.0097,0.5538,0.4771,0.6438,0.5582
177,2015-02-23,9,65+,1123.4286,1112.0996,969.4015,1282.5934,0.6236,0.5327,0.7306,0.6303
178,2015-02-24,9,0-5,2833.5714,2728.7397,2382.0111,3130.7016,1.0084,0.8459,1.2025,1.0864
178,2015-02-24,9,6-11,1786.7143,1740.9606,1533.2842,2000.4180,0.9929,0.8527,1.1570,1.0173
178,2015-02-24,9,12-17,615.5714,592.0482,519.0639,682.5408,0.8469,0.7356,0.9813,0.8626
178,2015-02-24,9,18-44,3008.2857,2843.0729,2482.8899,3273.5110,0.5503,0.4801,0.6321,0.5669
178,2015-02-24,9,45-64,1991.7143,1891.2273,1649.4831,2171.9722,0.5742,0.4947,0.6672,0.5782
178,2015-02-24,9,65+,1096.8571,1060.6563,924.8286,1218.1548,0.6459,0.5509,0.7590,0.6487
179,2015-02-25,9,0-5,2564.5714,2542.5875,2225.8561,2918.8218,1.0231,0.8566,1.2227,1.0296
179,2015-02-25,9,6-11,1493.8571,1541.8356,1344.5208,1778.0879,1.0445,0.8996,1.2168,0.9575
179,2015-02-25,9,12-17,520.2857,521.9554,454.0853,609.8216,0.8958,0.7781,1.0388,0.8123
179,2015-02-25,9,18-44,2692.0000,2648.9493,2305.1727,3041.7850,0.5681,0.4961,0.6520,0.5355
179,2015-02-25,9,45-64,1793.5714,1816.8400,1583.8746,2096.4444,0.5952,0.5134,0.6924,0.5446
179,2015-02-25,9,65+,971.7143,1009.9216,879.6119,1159.5148,0.6699,0.5736,0.7859,0.6061
180,2015-02-26,9,0-5,2433.0000,2368.6705,2078.8875,2721.8203,1.0474,0.8791,1.2495,1.0399
180,2015-02-26,9,6-11,1398.7143,1393.8322,1200.8299,1611.5561,1.1094,0.9540,1.2852,0.9907
180,2015-02-26,9,12-17,486.8571,475.2421,410.2677,552.2221,0.9668,0.8346,1.1273,0.8391
180,2015-02-26,9,18-44,2554.4286,2467.7588,2144.1526,2844.6455,0.5915,0.5160,0.6789,0.5482
180,2015-02-26,9,45-64,1753.4286,1748.5887,1516.7323,2013.5623,0.6229,0.5378,0.7260,0.5606
180,2015-02-26,9,65+,958.7143,969.3778,839.7355,1122.7655,0.7027,0.6029,0.8234,0.6258
181,2015-02-27,9,0-5,2197.4286,2207.6167,1940.3266,2540.6243,1.0810,0.9063,1.2924,0.9989
181,2015-02-27,9,6-11,1246.2857,1283.1155,1113.9498,1489.4792,1.1836,1.0212,1.3785,0.9712
181,2015-02-27,9,12-17,415.5714,444.0167,383.6936,518.2773,1.0488,0.9044,1.2252,0.8122
181,2015-02-27,9,18-44,2266.1429,2312.9586,2008.6161,2664.8945,0.6174,0.5402,0.7058,0.5340
181,2015-02-27,9,45-64,1664.2857,1693.4089,1462.3342,1956.0961,0.6527,0.5635,0.7577,0.5528
181,2015-02-27,9,65+,919.0000,938.0592,813.4244,1093.9757,0.7362,0.6292,0.8603,0.6232
182,2015-02-28,9,0-5,2043.1429,2074.5047,1811.7714,2378.8930,1.1200,0.9451,1.3340,1.0006
182,2015-02-28,9,6-11,1176.8571,1213.5261,1051.8678,1410.3031,1.2706,1.0939,1.4830,1.0023
182,2015-02-28,9,12-17,394.1429,431.5895,370.6179,505.4445,1.1522,0.9969,1.3402,0.8398
182,2015-02-28,9,18-44,2119.5714,2176.8623,1893.7466,2513.5966,0.6468,0.5661,0.7372,0.5441
182,2015-02-28,9,45-64,1615.5714,1647.0756,1419.2834,1907.7128,0.6843,0.5922,0.7905,0.5670
182,2015-02-28,9,65+,893.7143,916.1353,798.9431,1065.0103,0.7700,0.6592,0.8985,0.6399
183,2015-03-01,10,0-5,1932.0000,1957.8498,1705.7337,2260.6508,1.1678,0.9921,1.3807,1.0136
183,2015-03-01,10,6-11,1127.2857,1173.6463,1023.7663,1363.8899,1.3659,1.1711,1.5914,1.0392
183,2015-03-01,10,12-17,394.7143,435.3753,372.0955,514.0020,1.2768,1.1007,1.4795,0.8844
183,2015-03-01,10,18-44,1962.7143,2055.3630,1789.4577,2376.2167,0.6791,0.5955,0.7734,0.5552
183,2015-03-01,10,45-64,1562.2857,1605.4377,1378.3229,1859.3673,0.7173,0.6216,0.8293,0.5821
183,2015-03-01,10,65+,877.4286,903.4641,782.0851,1046.5079,0.8035,0.6890,0.9386,0.6593
184,2015-03-02,10,0-5,1835.5714,1864.8390,1622.7581,2168.3269,1.2192,1.0333,1.4422,1.0442
184,2015-03-02,10,6-11,1135.2857,1167.7721,1011.4477,1355.4009,1.4632,1.2593,1.7106,1.1171
184,2015-03-02,10,12-17,431.4286,457.8963,390.0522,537.6698,1.3979,1.2038,1.6461,0.9797
184,2015-03-02,10,18-44,1896.8571,1964.4694,1705.5411,2269.0677,0.7092,0.6216,0.8092,0.5839
184,2015-03-02,10,45-64,1546.7143,1567.8330,1346.9268,1810.5358,0.7462,0.6466,0.8593,0.6155
184,2015-03-02,10,65+,884.0000,892.6164,770.9825,1035.6409,0.8309,0.7107,0.9682,0.6971
185,2015-03-03,10,0-5,1761.0000,1797.4573,1561.4323,2087.5480,1.2741,1.0704,1.5163,1.0842
185,2015-03-03,10,6-11,1156.5714,1182.9053,1017.2689,1374.8495,1.5616,1.3341,1.8244,1.2051
185,2015-03-03,10,12-17,499.2857,499.1977,427.3869,588.7567,1.5080,1.2995,1.7743,1.1096
185,2015-03-03,10,18-44,1881.8571,1887.3664,1637.3477,2193.0721,0.7346,0.6449,0.8364,0.6193
185,2015-03-03,10,45-64,1544.1429,1530.4709,1316.9589,1763.7500,0.7665,0.6662,0.8840,0.6546
185,2015-03-03,10,65+,890.8571,883.2472,762.5552,1028.8731,0.8469,0.7276,0.9892,0.7367
186,2015-03-04,10,0-5,1696.1429,1750.4033,1523.6833,2035.1707,1.3167,1.1108,1.5607,1.1171
186,2015-03-04,10,6-11,1203.8571,1227.2957,1060.6031,1426.3562,1.6393,1.4011,1.9123,1.2913
186,2015-03-04,10,12-17,578.0000,556.8904,479.8519,656.4408,1.5917,1.3687,1.8703,1.2326
186,2015-03-04,10,18-44,1852.0000,1837.9556,1588.8455,2138.6832,0.7513,0.6614,0.8535,0.6469
186,2015-03-04,10,45-64,1526.8571,1499.8000,1295.7221,1734.1626,0.7778,0.6767,0.8961,0.6842
186,2015-03-04,10,65+,900.1429,875.8060,755.8598,1018.1394,0.8538,0.7334,0.9976,0.7677
187,2015-03-05,10,0-5,1682.0000,1725.9900,1507.4752,1997.9945,1.3477,1.1361,1.6086,1.1602
187,2015-03-05,10,6-11,1257.7143,1297.1203,1122.4938,1511.1101,1.6836,1.4418,1.9731,1.3631
187,2015-03-05,10,12-17,634.4286,631.2671,548.1952,739.2001,1.6446,1.4025,1.9197,1.3059
187,2015-03-05,10,18-44,1832.2857,1807.2553,1564.8520,2092.9371,0.7569,0.6669,0.8589,0.6674
187,2015-03-05,10,45-64,1513.7143,1472.8701,1274.3798,1707.6511,0.7775,0.6782,0.8920,0.7019
187,2015-03-05,10,65+,886.4286,871.0037,753.1457,1009.9814,0.8488,0.7292,0.9830,0.7815
188,2015-03-06,10,0-5,1718.7143,1724.2742,1496.8930,1988.6411,1.3679,1.1547,1.6185,1.2261
188,2015-03-06,10,6-11,1452.4286,1393.5697,1203.2836,1622.7151,1.7102,1.4661,2.0004,1.5141
188,2015-03-06,10,12-17,779.2857,722.0698,625.3954,849.6867,1.6554,1.4215,1.9494,1.4610
188,2015-03-06,10,18-44,1832.5714,1793.5294,1555.4906,2066.7840,0.7551,0.6669,0.8550,0.6990
188,2015-03-06,10,45-64,1495.2857,1454.2841,1266.6585,1687.5089,0.7704,0.6731,0.8823,0.7274
188,2015-03-06,10,65+,895.2857,867.8866,750.2282,1007.9316,0.8363,0.7220,0.9701,0.8043
189,2015-03-07,10,0-5,1759.2857,1738.9363,1507.5179,2011.1929,1.3759,1.1637,1.6259,1.2685
189,2015-03-07,10,6-11,1589.8571,1509.8442,1304.7661,1756.6689,1.7213,1.4717,2.0140,1.5854
189,2015-03-07,10,12-17,877.7143,823.5083,717.0020,972.3726,1.6525,1.4139,1.9371,1.5150
189,2015-03-07,10,18-44,1822.8571,1792.3313,1551.2792,2066.2111,0.7484,0.6623,0.8464,0.7085
189,2015-03-07,10,45-64,1472.4286,1449.8578,1257.6768,1680.2598,0.7589,0.6640,0.8678,0.7293
189,2015-03-07,10,65+,879.2857,864.8443,742.8043,1002.0713,0.8208,0.7090,0.9521,0.8011
190,2015-03-08,11,0-5,1792.8571,1774.1897,1528.9895,2048.3345,1.3814,1.1598,1.6310,1.2973
190,2015-03-08,11,6-11,1700.2857,1640.0354,1414.3312,1895.1792,1.7169,1.4658,2.0096,1.6193
190,2015-03-08,11,12-17,975.8571,937.7619,812.3152,1105.8845,1.6409,1.4065,1.9380,1.5488
190,2015-03-08,11,18-44,1847.2857,1813.7859,1563.7122,2089.5249,0.7403,0.6560,0.8378,0.7172
190,2015-03-08,11,45-64,1487.2857,1454.7279,1258.3713,1687.5046,0.7458,0.6538,0.8569,0.7354
190,2015-03-08,11,65+,884.1429,863.9073,746.7788,997.9791,0.8050,0.6950,0.9347,0.8062
191,2015-03-09,11,0-5,1833.2857,1815.9995,1574.2049,2104.7706,1.3691,1.1515,1.6231,1.3143
191,2015-03-09,11,6-11,1805.2857,1779.5743,1535.4829,2064.1580,1.7125,1.4582,2.0059,1.6287
191,2015-03-09,11,12-17,1077.5714,1058.7811,913.2325,1242.2824,1.6301,1.3888,1.9146,1.5625
191,2015-03-09,11,18-44,1875.2857,1851.2584,1592.4011,2125.3035,0.7310,0.6463,0.8285,0.7172
191,2015-03-09,11,45-64,1493.5714,1473.9725,1279.8772,1722.7983,0.7340,0.6408,0.8415,0.7312
191,2015-03-09,11,65+,873.5714,867.1761,748.3653,1006.2429,0.7909,0.6804,0.9185,0.7972
192,2015-03-10,11,0-5,1893.4286,1870.8783,1625.1356,2166.5822,1.3641,1.1511,1.6209,1.3353
192,2015-03-10,11,6-11,1940.7143,1937.1524,1676.8405,2245.2588,1.7110,1.4546,2.0010,1.6487
192,2015-03-10,11,12-17,1188.2857,1184.4317,1028.0269,1390.2539,1.6236,1.3838,1.9044,1.5776
192,2015-03-10,11,18-44,1920.5714,1908.6388,1650.5607,2198.0141,0.7245,0.6425,0.8190,0.7203
192,2015-03-10,11,45-64,1517.0000,1508.9284,1305.0346,1755.5814,0.7251,0.6354,0.8278,0.7309
192,2015-03-10,11,65+,876.0000,873.9654,759.0489,1013.6292,0.7788,0.6733,0.9015,0.7944
193,2015-03-11,11,0-5,1945.4286,1938.4998,1673.5996,2231.5107,1.3575,1.1429,1.6166,1.3425
193,2015-03-11,11,6-11,2084.0000,2099.4372,1814.1858,2445.8741,1.7030,1.4560,1.9988,1.6596
193,2015-03-11,11,12-17,1307.7143,1316.8097,1144.9501,1545.2508,1.6251,1.3871,1.9049,1.5867
193,2015-03-11,11,18-44,1966.0000,1977.5687,1708.3609,2283.2256,0.7186,0.6372,0.8120,0.7183
193,2015-03-11,11,45-64,1540.7143,1550.4606,1340.1793,1808.5874,0.7170,0.6289,0.8184,0.7256
193,2015-03-11,11,65+,870.1429,885.0144,768.4138,1025.5321,0.7670,0.6617,0.8865,0.7842
194,2015-03-12,11,0-5,1962.2857,2002.2766,1731.2650,2310.4946,1.3454,1.1387,1.6002,1.3207
194,2015-03-12,11,6-11,2164.8571,2273.7645,1973.3780,2658.6924,1.7048,1.4574,1.9902,1.6227
194,2015-03-12,11,12-17,1358.0000,1467.1273,1263.6207,1703.6679,1.6218,1.3819,1.9142,1.5310
194,2015-03-12,11,18-44,1989.0000,2062.5161,1778.6045,2379.4991,0.7128,0.6325,0.8059,0.7019
194,2015-03-12,11,45-64,1543.2857,1598.7485,1380.4685,1860.0633,0.7092,0.6236,0.8098,0.7077
194,2015-03-12,11,65+,879.5714,897.9382,778.0545,1041.7813,0.7544,0.6547,0.8722,0.7700
195,2015-03-13,11,0-5,2050.1429,2070.8123,1782.9875,2383.0123,1.3334,1.1291,1.5839,1.3510
195,2015-03-13,11,6-11,2428.1429,2458.8691,2133.0792,2878.8793,1.6946,1.4497,1.9918,1.6969
195,2015-03-13,11,12-17,1581.5714,1621.8429,1396.1750,1874.6309,1.6065,1.3739,1.8879,1.6213
195,2015-03-13,11,18-44,2088.4286,2148.7967,1850.9873,2495.1541,0.7062,0.6259,0.7993,0.7194
195,2015-03-13,11,45-64,1612.7143,1648.6418,1431.3694,1913.5741,0.7010,0.6156,0.7997,0.7229
195,2015-03-13,11,65+,889.7143,912.4625,789.1593,1055.1360,0.7434,0.6444,0.8580,0.7772
196,2015-03-14,11,0-5,2117.5714,2131.5403,1829.6149,2464.5759,1.3082,1.1073,1.5523,1.3632
196,2015-03-14,11,6-11,2658.2857,2653.3991,2290.2053,3097.8466,1.6598,1.4258,1.9542,1.7340
196,2015-03-14,11,12-17,1785.4286,1777.2872,1534.0251,2056.5545,1.5793,1.3456,1.8660,1.6705
196,2015-03-14,11,18-44,2206.7143,2238.2791,1938.9749,2609.5412,0.6928,0.6129,0.7816,0.7299
196,2015-03-14,11,45-64,1689.4286,1702.1764,1474.2208,1959.2008,0.6862,0.6013,0.7829,0.7330
196,2015-03-14,11,65+,919.5714,922.3513,800.0809,1069.6664,0.7240,0.6281,0.8392,0.7854
197,2015-03-15,12,0-5,2182.8571,2186.8477,1882.9266,2541.0541,1.2671,1.0732,1.5093,1.3636
197,2015-03-15,12,6-11,2881.8571,2845.8860,2457.8055,3293.9401,1.6101,1.3681,1.9029,1.7432
197,2015-03-15,12,12-17,1945.7143,1929.6642,1665.8888,2234.1871,1.5196,1.2899,1.7899,1.6649
197,2015-03-15,12,18-44,2340.7143,2332.3523,2007.5912,2707.2556,0.6698,0.5926,0.7569,0.7293
197,2015-03-15,12,45-64,1753.7143,1750.5223,1506.3767,2029.2514,0.6625,0.5795,0.7565,0.7284
197,2015-03-15,12,65+,925.5714,932.9976,806.3255,1079.4435,0.6974,0.6036,0.8071,0.7745
198,2015-03-16,12,0-5,2249.1429,2233.1271,1930.5271,2597.4419,1.2263,1.0344,1.4669,1.3587
198,2015-03-16,12,6-11,3073.0000,3021.0700,2618.4838,3498.4889,1.5397,1.3112,1.8164,1.7317
198,2015-03-16,12,12-17,2129.1429,2070.0335,1791.4093,2390.3350,1.4459,1.2263,1.7032,1.6620
198,2015-03-16,12,18-44,2478.4286,2422.8286,2099.7095,2806.8744,0.6419,0.5686,0.7266,0.7271
198,2015-03-16,12,45-64,1827.5714,1801.4536,1552.7001,2107.7628,0.6335,0.5560,0.7259,0.7255
198,2015-03-16,12,65+,963.4286,941.3206,813.6997,1078.2259,0.6667,0.5756,0.7709,0.7725
199,2015-03-17,12,0-5,2306.5714,2270.4839,1969.6627,2635.4819,1.1796,0.9875,1.4012,1.3417
199,2015-03-17,12,6-11,3274.0000,3172.3825,2741.5237,3657.9932,1.4616,1.2414,1.7162,1.7114
199,2015-03-17,12,12-17,2287.1429,2182.9875,1889.9776,2517.3187,1.3611,1.1576,1.6094,1.6358
199,2015-03-17,12,18-44,2581.7143,2504.3294,2154.4739,2886.7514,0.6112,0.5408,0.6921,0.7164
199,2015-03-17,12,45-64,1906.7143,1843.6598,1597.0771,2159.0617,0.6023,0.5271,0.6868,0.7135
199,2015-03-17,12,65+,972.5714,945.3443,820.4262,1088.3525,0.6310,0.5455,0.7306,0.7555
200,2015-03-18,12,0-5,2347.4286,2299.5345,1989.5602,2656.3346,1.1362,0.9550,1.3445,1.3112
200,2015-03-18,12,6-11,3380.7143,3272.5349,2829.4770,3775.7473,1.3864,1.1812,1.6347,1.6534
200,2015-03-18,12,12-17,2367.1429,2263.1753,1953.4637,2624.0990,1.2867,1.0901,1.5197,1.5694
200,2015-03-18,12,18-44,2651.2857,2567.0737,2217.9501,2971.6090,0.5822,0.5155,0.6591,0.6952
200,2015-03-18,12,45-64,1959.2857,1885.1073,1635.1995,2190.9190,0.5718,0.4998,0.6540,0.6911
200,2015-03-18,12,65+,978.2857,942.8968,816.9490,1089.4224,0.5974,0.5176,0.6921,0.7310
201,2015-03-19,12,0-5,2353.0000,2313.4507,2010.1278,2666.1646,1.1006,0.9201,1.3060,1.2654
201,2015-03-19,12,6-11,3402.7143,3337.3165,2888.1554,3861.4167,1.3260,1.1281,1.5646,1.5734
201,2015-03-19,12,12-17,2378.8571,2304.5860,1992.6229,2679.7236,1.2214,1.0343,1.4417,1.4825
201,2015-03-19,12,18-44,2671.7143,2613.0400,2249.8667,3017.2330,0.5579,0.4933,0.6325,0.6657
201,2015-03-19,12,45-64,1978.8571,1920.6190,1661.5991,2221.5208,0.5464,0.4778,0.6264,0.6608
201,2015-03-19,12,65+,968.8571,936.3911,808.1654,1085.0125,0.5704,0.4928,0.6603,0.6986
202,2015-03-20,12,0-5,2335.7143,2318.4539,2012.5708,2674.6368,1.0692,0.8927,1.2845,1.2185
202,2015-03-20,12,6-11,3415.4286,3355.8024,2914.4951,3858.1809,1.2834,1.0854,1.5204,1.5052
202,2015-03-20,12,12-17,2358.4286,2317.9441,2007.4707,2669.5597,1.1810,0.9936,1.3941,1.4017
202,2015-03-20,12,18-44,2664.8571,2634.7831,2277.9737,3074.1923,0.5399,0.4767,0.6120,0.6361
202,2015-03-20,12,45-64,1965.5714,1946.4014,1669.2914,2247.6995,0.5286,0.4624,0.6056,0.6286
202,2015-03-20,12,65+,929.2857,927.3920,795.7761,1078.5125,0.5512,0.4779,0.6375,0.6600
203,2015-03-21,12,0-5,2313.1429,2310.3764,2009.2123,2670.1942,1.0583,0.8849,1.2634,1.1759
203,2015-03-21,12,6-11,3349.7143,3339.2829,2896.0403,3846.3767,1.2583,1.0674,1.4938,1.4311
203,2015-03-21,12,12-17,2296.4286,2305.4238,2003.3855,2652.1699,1.1594,0.9833,1.3665,1.3244
203,2015-03-21,12,18-44,2608.2857,2633.6382,2287.1620,3077.4062,0.5319,0.4695,0.6051,0.6073
203,2015-03-21,12,45-64,1933.5714,1949.6352,1676.1432,2265.4625,0.5212,0.4548,0.5978,0.5992
203,2015-03-21,12,65+,900.5714,912.8101,787.4501,1059.6814,0.5426,0.4684,0.6302,0.6290
204,2015-03-22,13,0-5,2293.1429,2299.3997,1992.9352,2660.4114,1.0656,0.8924,1.2767,1.1450
204,2015-03-22,13,6-11,3261.0000,3307.0131,2876.9483,3816.7984,1.2598,1.0732,1.4848,1.3717
204,2015-03-22,13,12-17,2244.7143,2277.8586,1972.3176,2619.9266,1.1621,0.9859,1.3658,1.2722
204,2015-03-22,13,18-44,2534.1429,2611.7209,2263.9616,3060.9251,0.5354,0.4726,0.6093,0.5858
204,2015-03-22,13,45-64,1901.8571,1945.0064,1678.1731,2268.3466,0.5243,0.4578,0.6041,0.5783
204,2015-03-22,13,65+,881.4286,894.1603,774.1632,1037.6778,0.5452,0.4715,0.6307,0.6085
205,2015-03-23,13,0-5,2237.5714,2285.6359,1975.7406,2660.3763,1.0869,0.9117,1.2926,1.1129
205,2015-03-23,13,6-11,3190.1429,3257.8274,2830.5294,3758.7079,1.2767,1.0879,1.5178,1.3312
205,2015-03-23,13,12-17,2161.8571,2246.5798,1942.6818,2579.5728,1.1803,1.0011,1.3914,1.2245
205,2015-03-23,13,18-44,2475.7143,2585.5967,2249.9945,3016.0891,0.5470,0.4820,0.6218,0.5682
205,2015-03-23,13,45-64,1861.2857,1934.3343,1674.8677,2250.9907,0.5360,0.4682,0.6158,0.5599
205,2015-03-23,13,65+,834.5714,875.5927,756.7726,1013.8883,0.5568,0.4816,0.6443,0.5852
206,2015-03-24,13,0-5,2196.4286,2279.0380,1966.3554,2657.0283,1.1120,0.9327,1.3341,1.0945
206,2015-03-24,13,6-11,3066.1429,3209.5715,2782.3838,3718.8091,1.3087,1.1106,1.5361,1.2921
206,2015-03-24,13,12-17,2085.1429,2214.2391,1917.9008,2541.5782,1.2066,1.0291,1.4251,1.1916
206,2015-03-24,13,18-44,2430.1429,2558.0278,2221.0100,2994.1751,0.5629,0.4982,0.6391,0.5564
206,2015-03-24,13,45-64,1814.4286,1920.6211,1654.5394,2230.2626,0.5534,0.4836,0.6358,0.5476
206,2015-03-24,13,65+,800.2857,855.6551,739.7609,988.9955,0.5743,0.4970,0.6665,0.5705
207,2015-03-25,13,0-5,2168.1429,2268.0308,1965.2151,2629.7219,1.1392,0.9575,1.3524,1.0919
207,2015-03-25,13,6-11,3005.7143,3170.6591,2747.3401,3678.7974,1.3338,1.1384,1.5723,1.2860
207,2015-03-25,13,12-17,2057.2857,2180.1346,1886.3508,2507.3673,1.2335,1.0414,1.4579,1.1923
207,2015-03-25,13,18-44,2401.8571,2534.4525,2190.2054,2944.5854,0.5799,0.5107,0.6591,0.5562
207,2015-03-25,13,45-64,1795.7143,1898.8574,1649.6583,2202.0489,0.5714,0.4967,0.6585,0.5483
207,2015-03-25,13,65+,791.1429,839.2870,724.5319,970.6457,0.5936,0.5124,0.6912,0.5718
208,2015-03-26,13,0-5,2177.7143,2259.3238,1948.9889,2617.4098,1.1640,0.9722,1.3902,1.1093
208,2015-03-26,13,6-11,2986.2857,3132.9091,2726.6974,3633.4562,1.3548,1.1596,1.5814,1.3014
208,2015-03-26,13,12-17,2047.1429,2149.5486,1871.8060,2474.2734,1.2484,1.0646,1.4842,1.2083
208,2015-03-26,13,18-44,2402.8571,2513.5482,2178.9920,2911.2623,0.5941,0.5251,0.6757,0.5646
208,2015-03-26,13,45-64,1797.4286,1881.4587,1632.5616,2198.7384,0.5869,0.5123,0.6727,0.5568
208,2015-03-26,13,65+,789.4286,826.8858,714.2680,952.4523,0.6099,0.5277,0.7027,0.5808
209,2015-03-27,13,0-5,2216.8571,2256.9146,1952.7705,2618.6423,1.1643,0.9729,1.4040,1.1452
209,2015-03-27,13,6-11,3021.5714,3105.7430,2695.5452,3602.0449,1.3511,1.1542,1.5874,1.3433
209,2015-03-27,13,12-17,2085.7143,2119.1611,1843.4323,2449.6210,1.2420,1.0516,1.4716,1.2532
209,2015-03-27,13,18-44,2471.1429,2493.0288,2177.4936,2891.2301,0.5974,0.5259,0.6785,0.5858
209,2015-03-27,13,45-64,1850.1429,1875.7892,1624.0527,2170.8549,0.5904,0.5142,0.6778,0.5786
209,2015-03-27,13,65+,800.7143,814.0344,705.1198,942.8253,0.6127,0.5304,0.7077,0.6020
210,2015-03-28,13,0-5,2255.4286,2256.8158,1960.7102,2610.9707,1.1476,0.9618,1.3679,1.1698
210,2015-03-28,13,6-11,3037.8571,3069.7429,2675.1205,3545.9587,1.3245,1.1242,1.5553,1.3673
210,2015-03-28,13,12-17,2094.8571,2082.5124,1821.7045,2425.1314,1.2047,1.0217,1.4212,1.2742
210,2015-03-28,13,18-44,2503.1429,2480.6955,2161.7394,2891.7943,0.5882,0.5184,0.6682,0.5977
210,2015-03-28,13,45-64,1878.7143,1868.0283,1621.6590,2154.2331,0.5818,0.5069,0.6694,0.5904
210,2015-03-28,13,65+,808.2857,801.2632,695.4505,924.7940,0.6048,0.5226,0.7011,0.6140
211,2015-03-29,14,0-5,2275.1429,2242.5809,1956.2430,2609.3615,1.1116,0.9267,1.3324,1.1847
211,2015-03-29,14,6-11,3084.2857,3014.4366,2644.8502,3483.2547,1.2651,1.0842,1.4844,1.3940
211,2015-03-29,14,12-17,2097.0000,2028.0333,1769.5372,2363.0189,1.1435,0.9717,1.3447,1.2890
211,2015-03-29,14,18-44,2553.1429,2462.2903,2139.5464,2847.3747,0.5646,0.4969,0.6417,0.6085
211,2015-03-29,14,45-64,1911.5714,1855.1755,1608.0444,2133.0964,0.5575,0.4857,0.6424,0.6015
211,2015-03-29,14,65+,823.5714,790.1522,682.4705,909.6230,0.5791,0.5004,0.6746,0.6264
212,2015-03-30,14,0-5,2293.2857,2225.8794,1937.7866,2564.3067,1.0599,0.8865,1.2640,1.1862
212,2015-03-30,14,6-11,3057.5714,2942.2186,2582.7997,3377.1674,1.1993,1.0179,1.4119,1.3861
212,2015-03-30,14,12-17,2061.4286,1952.8387,1701.2660,2274.5895,1.0621,0.9039,1.2540,1.2770
212,2015-03-30,14,18-44,2554.8571,2428.4018,2116.7952,2805.5960,0.5334,0.4707,0.6045,0.6075
212,2015-03-30,14,45-64,1929.1429,1836.4832,1593.0704,2102.9697,0.5263,0.4586,0.6041,0.6004
212,2015-03-30,14,65+,813.5714,773.1629,673.5374,894.8214,0.5467,0.4729,0.6314,0.6231
213,2015-03-31,14,0-5,2259.5714,2191.9537,1909.9152,2528.1943,0.9977,0.8348,1.1913,1.1593
213,2015-03-31,14,6-11,2961.5714,2838.5459,2490.5888,3262.5722,1.1209,0.9553,1.3190,1.3453
213,2015-03-31,14,12-17,1949.0000,1857.4156,1614.9588,2159.6911,0.9826,0.8307,1.1555,1.2260
213,2015-03-31,14,18-44,2489.8571,2376.4475,2063.7047,2733.9452,0.4981,0.4387,0.5664,0.5920
213,2015-03-31,14,45-64,1905.8571,1803.7517,1561.0303,2061.6397,0.4913,0.4264,0.5640,0.5859
213,2015-03-31,14,65+,799.2857,751.9248,658.4661,869.0091,0.5092,0.4410,0.5894,0.6095
214,2015-04-01,14,0-5,2203.8571,2137.0565,1849.6896,2451.2399,0.9456,0.7870,1.1314,1.1249
214,2015-04-01,14,6-11,2827.8571,2710.8411,2373.5846,3116.3537,1.0459,0.8882,1.2376,1.2938
214,2015-04-01,14,12-17,1807.2857,1735.1772,1507.3576,1999.6477,0.9096,0.7709,1.0821,1.1640
214,2015-04-01,14,18-44,2399.1429,2303.9101,1992.1511,2643.6923,0.4657,0.4094,0.5315,0.5711
214,2015-04-01,14,45-64,1842.4286,1758.4860,1517.2003,2014.6607,0.4578,0.3986,0.5276,0.5648
214,2015-04-01,14,65+,768.7143,723.6510,635.5731,836.8357,0.4746,0.4105,0.5484,0.5881
215,2015-04-02,14,0-5,2137.5714,2055.4946,1779.4542,2363.6576,0.8939,0.7459,1.0829,1.0999
215,2015-04-02,14,6-11,2740.4286,2554.2806,2228.8908,2915.1653,0.9881,0.8397,1.1637,1.2712
215,2015-04-02,14,12-17,1736.8571,1589.5600,1388.1831,1834.8334,0.8516,0.7224,1.0069,1.1451
215,2015-04-02,14,18-44,2333.0000,2199.0581,1914.3056,2535.5353,0.4379,0.3854,0.4980,0.5612
215,2015-04-02,14,45-64,1795.8571,1691.9205,1467.0066,1942.5315,0.4302,0.3733,0.4949,0.5558
215,2015-04-02,14,65+,747.4286,692.5831,605.4465,799.3759,0.4458,0.3844,0.5185,0.5784
216,2015-04-03,14,0-5,1976.7143,1956.6210,1703.3658,2245.5600,0.8598,0.7141,1.0392,1.0196
216,2015-04-03,14,6-11,2400.4286,2375.6046,2079.1701,2713.9261,0.9473,0.8053,1.1166,1.1473
216,2015-04-03,14,12-17,1482.1429,1445.8459,1267.3623,1662.2151,0.8116,0.6893,0.9601,1.0245
216,2015-04-03,14,18-44,2100.0000,2077.0972,1814.9242,2398.5435,0.4180,0.3676,0.4764,0.5131
216,2015-04-03,14,45-64,1630.1429,1610.1132,1397.2672,1847.2850,0.4098,0.3561,0.4735,0.5073
216,2015-04-03,14,65+,660.1429,653.6116,570.6604,752.0583,0.4262,0.3671,0.4950,0.5259
217,2015-04-04,14,0-5,1834.7143,1848.2264,1608.5707,2123.9287,0.8392,0.7008,1.0123,0.9712
217,2015-04-04,14,6-11,2167.4286,2185.4120,1919.7795,2505.7859,0.9272,0.7841,1.0983,1.0832
217,2015-04-04,14,12-17,1297.4286,1302.0958,1139.9003,1502.5497,0.7942,0.6705,0.9425,0.9587
217,2015-04-04,14,18-44,1934.0000,1938.5619,1696.7748,2237.3692,0.4093,0.3598,0.4662,0.4883
217,2015-04-04,14,45-64,1515.2857,1513.2341,1315.6447,1736.2294,0.4020,0.3480,0.4642,0.4833
217,2015-04-04,14,65+,601.1429,612.5877,535.3786,704.6513,0.4181,0.3598,0.4856,0.4998
218,2015-04-05,15,0-5,1713.8571,1731.7110,1506.9230,1984.6633,0.8360,0.6972,1.0085,0.9354
218,2015-04-05,15,6-11,1933.4286,2003.4381,1756.1029,2302.2370,0.9224,0.7789,1.0923,1.0242
218,2015-04-05,15,12-17,1128.7143,1164.9293,1024.1828,1341.6202,0.7936,0.6699,0.9367,0.9001
218,2015-04-05,15,18-44,1740.8571,1793.9930,1570.5220,2074.6132,0.4091,0.3589,0.4668,0.4636
218,2015-04-05,15,45-64,1372.1429,1409.7711,1220.7623,1622.6789,0.4026,0.3485,0.4673,0.4575
218,2015-04-05,15,65+,530.8571,569.0947,495.4869,655.4833,0.4205,0.3620,0.4892,0.4706
219,2015-04-06,15,0-5,1587.1429,1615.6232,1404.5089,1854.9679,0.8412,0.7045,1.0113,0.9054
219,2015-04-06,15,6-11,1741.5714,1829.7281,1602.8578,2092.6247,0.9319,0.7890,1.1032,0.9853
219,2015-04-06,15,12-17,971.1429,1039.9333,913.5148,1202.6840,0.8089,0.6852,0.9573,0.8516
219,2015-04-06,15,18-44,1548.4286,1651.0624,1442.4566,1906.9821,0.4164,0.3662,0.4743,0.4447
219,2015-04-06,15,45-64,1232.7143,1300.5507,1133.3078,1496.2008,0.4123,0.3571,0.4763,0.4390
219,2015-04-06,15,65+,492.5714,526.5231,457.8636,610.7539,0.4322,0.3718,0.5036,0.4566
220,2015-04-07,15,0-5,1455.2857,1499.1657,1307.8256,1709.0442,0.8543,0.7141,1.0307,0.8832
220,2015-04-07,15,6-11,1581.2857,1669.4117,1455.1890,1912.8016,0.9495,0.8075,1.1264,0.9666
220,2015-04-07,15,12-17,865.8571,929.6524,816.7468,1073.5102,0.8365,0.7093,0.9911,0.8342
220,2015-04-07,15,18-44,1406.8571,1512.2398,1315.7250,1738.8558,0.4294,0.3766,0.4898,0.4346
220,2015-04-07,15,45-64,1107.2857,1195.8158,1040.9761,1381.1333,0.4278,0.3697,0.4949,0.4291
220,2015-04-07,15,65+,451.4286,486.6922,424.7317,567.1548,0.4498,0.3861,0.5239,0.4477
221,2015-04-08,15,0-5,1346.5714,1384.4737,1211.9423,1590.0315,0.8730,0.7262,1.0519,0.8796
221,2015-04-08,15,6-11,1472.2857,1517.9111,1324.1403,1741.4294,0.9722,0.8250,1.1500,0.9771
221,2015-04-08,15,12-17,791.8571,834.6700,729.7808,962.7521,0.8661,0.7323,1.0251,0.8449
221,2015-04-08,15,18-44,1300.1429,1384.7545,1205.3854,1594.8043,0.4450,0.3899,0.5088,0.4377
221,2015-04-08,15,45-64,1031.4286,1093.6559,960.6248,1264.9452,0.4461,0.3849,0.5165,0.4338
221,2015-04-08,15,65+,421.8571,449.7403,392.0738,520.8058,0.4698,0.4030,0.5472,0.4531
222,2015-04-09,15,0-5,1287.2857,1280.2235,1123.0318,1463.7328,0.8902,0.7410,1.0773,0.9085
222,2015-04-09,15,6-11,1401.2857,1380.3976,1206.7138,1588.9621,0.9932,0.8455,1.1760,1.0173
222,2015-04-09,15,12-17,759.4286,752.7724,659.4910,869.9813,0.8926,0.7596,1.0576,0.8932
222,2015-04-09,15,18-44,1243.4286,1267.9116,1105.0353,1455.3543,0.4601,0.4023,0.5263,0.4573
222,2015-04-09,15,45-64,997.5714,1002.4717,876.6437,1162.8732,0.4634,0.4003,0.5378,0.4560
222,2015-04-09,15,65+,410.2857,415.4023,362.8621,481.4983,0.4890,0.4195,0.5686,0.4770
223,2015-04-10,15,0-5,1160.8571,1181.3892,1040.2994,1355.2906,0.9081,0.7547,1.0935,0.8852
223,2015-04-10,15,6-11,1238.8571,1258.2399,1098.2417,1447.7569,1.0124,0.8659,1.1995,0.9877
223,2015-04-10,15,12-17,670.4286,681.3300,597.9479,785.3946,0.9188,0.7786,1.0787,0.8736
223,2015-04-10,15,18-44,1147.7143,1165.3275,1015.4178,1337.0560,0.4745,0.4160,0.5409,0.4498
223,2015-04-10,15,45-64,903.7143,923.2429,808.6707,1062.7678,0.4812,0.4150,0.5560,0.4493
223,2015-04-10,15,65+,375.1429,385.8308,336.1153,445.9027,0.5078,0.4362,0.5923,0.4703
224,2015-04-11,15,0-5,1082.8571,1093.7344,957.9674,1262.1737,0.9232,0.7720,1.1035,0.8926
224,2015-04-11,15,6-11,1136.8571,1150.7300,1005.3123,1320.4659,1.0235,0.8768,1.2106,0.9946
224,2015-04-11,15,12-17,615.5714,620.3766,543.0986,716.5115,0.9363,0.7984,1.1036,0.8866
224,2015-04-11,15,18-44,1073.1429,1077.2285,937.0962,1240.4745,0.4852,0.4244,0.5542,0.4573
224,2015-04-11,15,45-64,851.5714,856.2366,745.8811,983.3473,0.4936,0.4249,0.5721,0.4598
224,2015-04-11,15,65+,367.1429,359.8025,314.3733,414.2839,0.5218,0.4472,0.6079,0.4868
225,2015-04-12,16,0-5,1004.7143,1013.9523,883.0492,1176.5741,0.9366,0.7826,1.1198,0.8981
225,2015-04-12,16,6-11,1049.4286,1052.8207,918.0194,1208.0116,1.0325,0.8818,1.2177,1.0046
225,2015-04-12,16,12-17,564.1429,567.5082,494.9207,654.2568,0.9507,0.8121,1.1149,0.8970
225,2015-04-12,16,18-44,1011.0000,1000.5359,867.0078,1153.7309,0.4936,0.4338,0.5639,0.4641
225,2015-04-12,16,45-64,800.8571,798.7845,693.6315,920.4261,0.5035,0.4360,0.5831,0.4677
225,2015-04-12,16,65+,346.4286,337.5318,293.9412,388.8961,0.5325,0.4581,0.6182,0.4954
226,2015-04-13,16,0-5,934.4286,942.6857,821.3343,1095.4925,0.9400,0.7837,1.1218,0.9025
226,2015-04-13,16,6-11,962.7143,964.3262,844.7795,1104.4980,1.0338,0.8789,1.2130,1.0085
226,2015-04-13,16,12-17,523.2857,519.5040,454.4551,599.4869,0.9540,0.8124,1.1227,0.9094
226,2015-04-13,16,18-44,944.2857,933.2466,810.9757,1074.9547,0.4969,0.4356,0.5670,0.4685
226,2015-04-13,16,45-64,751.8571,748.7698,648.1562,866.5868,0.5084,0.4391,0.5897,0.4730
226,2015-04-13,16,65+,322.5714,317.1041,274.7263,365.6293,0.5390,0.4626,0.6282,0.4994
227,2015-04-14,16,0-5,876.8571,878.0623,767.0666,1015.9376,0.9407,0.7846,1.1393,0.9120
227,2015-04-14,16,6-11,891.7143,879.4522,774.5096,1009.4243,1.0246,0.8746,1.2078,1.0170
227,2015-04-14,16,12-17,477.7143,477.9187,418.2947,549.1782,0.9547,0.8132,1.1206,0.9133
227,2015-04-14,16,18-44,880.0000,871.5119,759.3143,1006.9881,0.4984,0.4371,0.5684,0.4732
227,2015-04-14,16,45-64,710.4286,705.1826,608.8877,817.1535,0.5110,0.4422,0.5908,0.4782
227,2015-04-14,16,65+,299.5714,299.9282,259.1660,344.7538,0.5415,0.4656,0.6301,0.5032
228,2015-04-15,16,0-5,826.5714,819.7510,718.4019,942.9492,0.9353,0.7814,1.1192,0.9262
228,2015-04-15,16,6-11,811.7143,803.9677,702.6814,925.4325,1.0172,0.8676,1.2015,1.0195
228,2015-04-15,16,12-17,441.5714,439.2690,384.3817,507.3869,0.9488,0.8037,1.1201,0.9246
228,2015-04-15,16,18-44,834.2857,814.6849,710.0554,941.9340,0.4954,0.4345,0.5652,0.4811
228,2015-04-15,16,45-64,672.8571,665.6885,576.5323,773.2784,0.5089,0.4406,0.5927,0.4871
228,2015-04-15,16,65+,283.8571,282.7175,244.5416,327.4748,0.5407,0.4643,0.6339,0.5124
229,2015-04-16,16,0-5,789.0000,763.2088,665.5541,878.8353,0.9340,0.7777,1.1138,0.9573
229,2015-04-16,16,6-11,773.5714,735.2666,638.2474,846.3339,1.0135,0.8670,1.1937,1.0613
229,2015-04-16,16,12-17,429.1429,404.8444,354.8682,465.4573,0.9375,0.7990,1.0988,0.9742
229,2015-04-16,16,18-44,812.5714,759.7616,662.2486,877.2124,0.4925,0.4321,0.5616,0.5035
229,2015-04-16,16,45-64,658.1429,627.9715,544.4326,724.4577,0.5066,0.4389,0.5875,0.5119
229,2015-04-16,16,65+,279.4286,267.3806,232.1581,308.5339,0.5400,0.4629,0.6298,0.5391
230,2015-04-17,16,0-5,708.0000,713.1069,617.1235,819.8647,0.9286,0.7778,1.1068,0.9141
230,2015-04-17,16,6-11,671.7143,671.4075,586.1202,776.3023,1.0116,0.8635,1.1865,1.0027
230,2015-04-17,16,12-17,379.5714,373.4094,323.9090,427.9379,0.9286,0.7953,1.0934,0.9287
230,2015-04-17,16,18-44,716.2857,708.7939,616.8809,814.4754,0.4915,0.4310,0.5603,0.4794
230,2015-04-17,16,45-64,589.8571,592.4357,516.4176,682.5771,0.5065,0.4386,0.5892,0.4890
230,2015-04-17,16,65+,254.5714,252.6062,219.3776,293.2785,0.5409,0.4639,0.6315,0.5177
231,2015-04-18,16,0-5,654.8571,662.7974,575.2275,762.6196,0.9256,0.7762,1.1092,0.9110
231,2015-04-18,16,6-11,601.4286,614.1562,536.5362,710.4741,1.0134,0.8691,1.1827,0.9890
231,2015-04-18,16,12-17,337.8571,342.0983,297.1144,394.3271,0.9248,0.7889,1.0826,0.9131
231,2015-04-18,16,18-44,670.7143,661.4457,574.3592,761.8607,0.4923,0.4315,0.5623,0.4799
231,2015-04-18,16,45-64,558.0000,559.9542,487.2954,645.6713,0.5097,0.4402,0.5908,0.4910
231,2015-04-18,16,65+,237.7143,239.3251,208.1774,280.2187,0.5456,0.4676,0.6361,0.5195
232,2015-04-19,17,0-5,610.2857,618.0920,534.4907,709.8074,0.9272,0.7773,1.1082,0.9101
232,2015-04-19,17,6-11,542.0000,562.4530,489.1758,650.6898,1.0156,0.8708,1.1866,0.9799
232,2015-04-19,17,12-17,307.8571,313.1119,271.8548,360.2455,0.9226,0.7880,1.0796,0.9117
232,2015-04-19,17,18-44,606.4286,616.1600,534.1423,712.9370,0.4958,0.4346,0.5666,0.4799
232,2015-04-19,17,45-64,532.5714,529.4958,463.3627,614.5489,0.5140,0.4441,0.5964,0.4954
232,2015-04-19,17,65+,226.5714,226.9089,197.8347,265.7866,0.5532,0.4729,0.6440,0.5271
233,2015-04-20,17,0-5,570.7143,575.7868,497.5709,664.1784,0.9313,0.7782,1.1188,0.9175
233,2015-04-20,17,6-11,505.4286,516.8340,447.9722,597.9649,1.0227,0.8742,1.1919,0.9936
233,2015-04-20,17,12-17,276.7143,286.3899,248.7712,329.7022,0.9220,0.7849,1.0819,0.9062
233,2015-04-20,17,18-44,560.8571,573.2507,496.7492,662.9646,0.5025,0.4392,0.5745,0.4832
233,2015-04-20,17,45-64,499.0000,501.1311,437.6232,581.0451,0.5223,0.4494,0.6069,0.4989
233,2015-04-20,17,65+,214.1429,215.5966,187.2290,252.6442,0.5637,0.4818,0.6584,0.5327
234,2015-04-21,17,0-5,525.2857,534.2534,466.2869,615.3267,0.9326,0.7800,1.1183,0.9131
234,2015-04-21,17,6-11,465.8571,473.6179,412.1791,547.4522,1.0213,0.8706,1.2034,0.9982
234,2015-04-21,17,12-17,257.4286,261.0224,226.7205,300.0332,0.9139,0.7812,1.0753,0.9129
234,2015-04-21,17,18-44,517.1429,535.6866,463.0592,619.5055,0.5073,0.4447,0.5801,0.4827
234,2015-04-21,17,45-64,459.0000,472.5845,411.3447,548.4928,0.5285,0.4565,0.6127,0.4986
234,2015-04-21,17,65+,201.8571,204.9580,176.3705,239.9810,0.5741,0.4912,0.6708,0.5345
235,2015-04-22,17,0-5,487.4286,495.2889,431.9641,571.8274,0.9277,0.7810,1.1107,0.9133
235,2015-04-22,17,6-11,424.2857,434.1418,379.4389,499.2710,1.0141,0.8687,1.1910,0.9948
235,2015-04-22,17,12-17,232.4286,236.2693,205.3648,272.1854,0.9051,0.7754,1.0579,0.9058
235,2015-04-22,17,18-44,477.5714,500.4951,435.2607,579.1898,0.5111,0.4471,0.5868,0.4820
235,2015-04-22,17,45-64,426.0000,444.6449,387.4274,511.5487,0.5346,0.4602,0.6233,0.4976
235,2015-04-22,17,65+,186.1429,195.1749,168.1439,227.1660,0.5847,0.4984,0.6874,0.5324
236,2015-04-23,17,0-5,464.8571,456.1829,399.3232,527.0194,0.9209,0.7712,1.1038,0.9465
236,2015-04-23,17,6-11,405.4286,396.3659,346.3000,455.8724,1.0037,0.8579,1.1784,1.0395
236,2015-04-23,17,12-17,221.1429,212.7273,184.7343,245.2391,0.8904,0.7623,1.0380,0.9469
236,2015-04-23,17,18-44,460.8571,468.6033,409.0018,544.2810,0.5139,0.4481,0.5890,0.5048
236,2015-04-23,17,45-64,416.7143,417.2036,362.3217,480.2760,0.5390,0.4624,0.6273,0.5236
236,2015-04-23,17,65+,183.5714,185.6075,160.1271,217.3110,0.5927,0.5053,0.6960,0.5618
237,2015-04-24,17,0-5,429.4286,420.0209,367.8996,482.7805,0.9084,0.7637,1.0877,0.9474
237,2015-04-24,17,6-11,366.4286,360.1348,314.5923,412.6745,0.9810,0.8410,1.1503,1.0345
237,2015-04-24,17,12-17,198.1429,190.7712,164.9303,219.2805,0.8684,0.7447,1.0138,0.9395
237,2015-04-24,17,18-44,438.2857,440.1575,381.9257,509.7587,0.5106,0.4469,0.5850,0.5096
237,2015-04-24,17,45-64,391.5714,391.7844,338.2889,450.7271,0.5370,0.4640,0.6249,0.5297
237,2015-04-24,17,65+,176.8571,177.3719,152.2010,207.2561,0.5953,0.5080,0.6970,0.5722
238,2015-04-25,17,0-5,394.0000,383.8396,336.8388,442.8638,0.8900,0.7459,1.0654,0.9439
238,2015-04-25,17,6-11,334.1429,325.0185,283.7526,372.2733,0.9562,0.8199,1.1213,1.0337
238,2015-04-25,17,12-17,176.2857,169.5176,146.9830,195.4829,0.8455,0.7238,0.9880,0.9320
238,2015-04-25,17,18-44,415.0000,413.9153,359.0749,479.1486,0.5048,0.4417,0.5796,0.5153
238,2015-04-25,17,45-64,374.1429,366.3295,318.0104,422.8965,0.5328,0.4594,0.6205,0.5387
238,2015-04-25,17,65+,171.2857,169.1012,146.4102,198.1702,0.5925,0.5051,0.6956,0.5855
239,2015-04-26,18,0-5,349.1429,349.7867,304.9581,403.2915,0.8714,0.7309,1.0411,0.9204
239,2015-04-26,18,6-11,294.8571,290.9899,254.0365,334.0798,0.9259,0.7916,1.0819,1.0121
239,2015-04-26,18,12-17,157.0000,149.2872,129.6409,172.6937,0.8205,0.7036,0.9578,0.9180
239,2015-04-26,18,18-44,398.4286,388.3623,339.3095,447.8572,0.4957,0.4325,0.5692,0.5142
239,2015-04-26,18,45-64,345.7143,342.1710,296.0733,393.5011,0.5240,0.4519,0.6079,0.5388
239,2015-04-26,18,65+,164.0000,161.0465,138.7438,188.3214,0.5849,0.4996,0.6840,0.5890
240,2015-04-27,18,0-5,319.4286,317.3839,275.9783,365.5106,0.8507,0.7120,1.0197,0.9163
240,2015-04-27,18,6-11,257.5714,259.1159,226.2705,298.4556,0.8956,0.7670,1.0456,0.9883
240,2015-04-27,18,12-17,134.5714,131.2417,113.4801,151.7167,0.8012,0.6855,0.9369,0.8896
240,2015-04-27,18,18-44,376.4286,363.8490,316.1322,420.9269,0.4855,0.4220,0.5570,0.5134
240,2015-04-27,18,45-64,320.5714,318.8037,277.2182,365.7592,0.5143,0.4412,0.5981,0.5383
240,2015-04-27,18,65+,158.0000,152.9174,131.8510,177.8554,0.5749,0.4893,0.6723,0.5944
241,2015-04-28,18,0-5,288.2857,286.4065,248.3776,330.6254,0.8361,0.6951,0.9997,0.8999
241,2015-04-28,18,6-11,224.8571,228.9752,199.6555,264.4082,0.8676,0.7406,1.0168,0.9597
241,2015-04-28,18,12-17,113.4286,114.7907,99.0544,133.1784,0.7844,0.6713,0.9201,0.8537
241,2015-04-28,18,18-44,344.7143,337.7934,292.7476,390.7668,0.4749,0.4125,0.5485,0.5051
241,2015-04-28,18,45-64,296.8571,295.4488,257.7414,339.2037,0.5033,0.4315,0.5889,0.5306
241,2015-04-28,18,65+,145.5714,144.3163,125.1623,168.8728,0.5631,0.4786,0.6615,0.5858
242,2015-04-29,18,0-5,262.7143,258.0366,223.6105,297.9560,0.8218,0.6860,0.9802,0.9031
242,2015-04-29,18,6-11,210.1429,200.3889,175.0236,231.1134,0.8441,0.7226,0.9884,0.9815
242,2015-04-29,18,12-17,100.0000,100.2055,86.7446,117.0152,0.7779,0.6639,0.9130,0.8548
242,2015-04-29,18,18-44,321.5714,311.6917,269.2166,358.9511,0.4672,0.4052,0.5384,0.5128
242,2015-04-29,18,45-64,280.4286,272.5240,236.6058,313.1073,0.4961,0.4246,0.5810,0.5403
242,2015-04-29,18,65+,140.7143,135.4348,116.8763,157.6742,0.5547,0.4707,0.6535,0.6006
243,2015-04-30,18,0-5,246.2857,231.7308,200.8038,267.3244,0.8123,0.6803,0.9738,0.9307
243,2015-04-30,18,6-11,197.2857,174.0406,152.8228,200.4829,0.8308,0.7081,0.9721,1.0179
243,2015-04-30,18,12-17,93.1429,87.8156,76.1178,102.3367,0.7771,0.6633,0.9140,0.8865
243,2015-04-30,18,18-44,308.2857,284.7977,247.3439,329.1956,0.4632,0.4024,0.5357,0.5317
243,2015-04-30,18,45-64,268.5714,250.4161,217.1094,287.5400,0.4928,0.4219,0.5779,0.5603
243,2015-04-30,18,65+,135.7143,125.9782,108.2294,147.0630,0.5507,0.4666,0.6482,0.6220
244,2015-05-01,18,0-5,206.1429,207.7414,179.4601,239.1344,0.8164,0.6851,0.9816,0.8546
244,2015-05-01,18,6-11,153.5714,151.0824,131.6638,173.8282,0.8311,0.7120,0.9730,0.9086
244,2015-05-01,18,12-17,73.5714,77.3373,66.9251,90.6616,0.7932,0.6748,0.9308,0.8035
244,2015-05-01,18,18-44,266.4286,258.9296,225.2945,299.5643,0.4675,0.4060,0.5389,0.4925
244,2015-05-01,18,45-64,233.0000,228.6902,197.9288,263.8513,0.4977,0.4260,0.5818,0.5227
244,2015-05-01,18,65+,122.2857,116.4829,100.4113,135.4569,0.5542,0.4699,0.6544,0.5870
245,2015-05-02,18,0-5,176.8571,185.9522,160.1354,214.3779,0.8350,0.6990,0.9996,0.7958
245,2015-05-02,18,6-11,120.4286,131.1354,113.9187,150.5688,0.8519,0.7291,0.9952,0.8146
245,2015-05-02,18,12-17,60.1429,68.8141,58.9081,80.5129,0.8250,0.7032,0.9670,0.7331
245,2015-05-02,18,18-44,224.4286,235.8595,204.8846,271.6001,0.4831,0.4191,0.5574,0.4500
245,2015-05-02,18,45-64,195.1429,208.8111,181.4236,243.1980,0.5148,0.4410,0.6011,0.4749
245,2015-05-02,18,65+,99.5714,107.9292,92.7073,124.9550,0.5734,0.4848,0.6745,0.5268
246,2015-05-03,19,0-5,167.5714,167.0012,143.7529,192.5654,0.8635,0.7206,1.0363,0.8302
246,2015-05-03,19,6-11,108.1429,113.6999,99.1680,130.3864,0.8822,0.7566,1.0343,0.8368
246,2015-05-03,19,12-17,57.2857,61.6989,52.9520,72.1884,0.8708,0.7425,1.0195,0.7735
246,2015-05-03,19,18-44,203.8571,215.4945,186.7772,249.3870,0.5067,0.4396,0.5864,0.4653
246,2015-05-03,19,45-64,184.8571,191.6652,165.8232,222.0482,0.5412,0.4638,0.6330,0.4931
246,2015-05-03,19,65+,93.4286,99.5879,85.3898,115.5557,0.6005,0.5091,0.7068,0.5457
247,2015-05-04,19,0-5,145.1429,150.2516,129.5289,173.1012,0.8969,0.7541,1.0702,0.8120
247,2015-05-04,19,6-11,96.2857,98.9695,85.9840,113.9222,0.9225,0.7928,1.0817,0.8415
247,2015-05-04,19,12-17,52.7143,55.9441,47.7678,65.4724,0.9231,0.7841,1.0834,0.7885
247,2015-05-04,19,18-44,180.0000,196.9851,171.2277,228.8503,0.5352,0.4641,0.6194,0.4640
247,2015-05-04,19,45-64,166.2857,175.7258,152.2709,204.3378,0.5734,0.4897,0.6709,0.4951
247,2015-05-04,19,65+,87.1429,91.8686,78.6821,107.1689,0.6343,0.5385,0.7469,0.5527
248,2015-05-05,19,0-5,132.0000,135.4918,117.1651,156.7397,0.9392,0.7887,1.1147,0.8308
248,2015-05-05,19,6-11,84.1429,86.6497,75.2069,100.8815,0.9730,0.8383,1.1394,0.8552
248,2015-05-05,19,12-17,49.5714,51.3108,43.4637,60.0458,0.9752,0.8330,1.1395,0.8209
248,2015-05-05,19,18-44,167.4286,181.4631,156.7614,211.0471,0.5680,0.4920,0.6576,0.4767
248,2015-05-05,19,45-64,151.4286,161.7487,140.1156,187.9339,0.6083,0.5206,0.7088,0.5082
248,2015-05-05,19,65+,81.2857,85.1780,72.9951,99.4609,0.6717,0.5695,0.7910,0.5678
249,2015-05-06,19,0-5,116.7143,122.5446,105.8912,142.0754,0.9779,0.8206,1.1756,0.8405
249,2015-05-06,19,6-11,70.2857,76.4332,66.0165,89.5265,1.0225,0.8787,1.1942,0.8558
249,2015-05-06,19,12-17,45.4286,47.2974,39.8499,55.6944,1.0219,0.8724,1.1917,0.8478
249,2015-05-06,19,18-44,160.1429,168.7253,145.3698,196.2545,0.5991,0.5187,0.6914,0.4932
249,2015-05-06,19,45-64,140.8571,150.0337,129.3951,174.8473,0.6410,0.5507,0.7468,0.5270
249,2015-05-06,19,65+,75.5714,79.2504,67.6794,93.1769,0.7098,0.6037,0.8372,0.5861
250,2015-05-07,19,0-5,111.8571,111.2079,95.9137,128.6964,1.0116,0.8473,1.2033,0.9015
250,2015-05-07,19,6-11,65.0000,67.9105,58.5249,79.8204,1.0653,0.9138,1.2399,0.9138
250,2015-05-07,19,12-17,44.2857,43.9093,36.8624,51.5620,1.0574,0.9035,1.2398,0.9181
250,2015-05-07,19,18-44,154.1429,157.6520,135.7857,184.8083,0.6236,0.5385,0.7216,0.5312
250,2015-05-07,19,45-64,139.1429,139.3379,119.9172,162.5300,0.6673,0.5717,0.7788,0.5694
250,2015-05-07,19,65+,73.0000,74.2156,63.2835,87.4041,0.7434,0.6294,0.8745,0.6297
251,2015-05-08,19,0-5,99.2857,101.5240,87.0695,117.8297,1.0338,0.8686,1.2362,0.8998
251,2015-05-08,19,6-11,58.5714,61.0555,52.2296,72.3775,1.0940,0.9390,1.2714,0.9279
251,2015-05-08,19,12-17,42.1429,40.9641,34.4143,48.4128,1.0778,0.9213,1.2630,0.9395
251,2015-05-08,19,18-44,144.1429,148.0326,127.2754,173.9854,0.6402,0.5530,0.7422,0.5357
251,2015-05-08,19,45-64,126.2857,129.9733,111.1148,151.0022,0.6841,0.5862,0.8022,0.5706
251,2015-05-08,19,65+,64.8571,70.2703,60.1603,82.9344,0.7652,0.6491,0.9047,0.6226
252,2015-05-09,19,0-5,97.7143,93.1693,79.7662,108.2145,1.0509,0.8851,1.2516,1.0117
252,2015-05-09,19,6-11,60.0000,55.2249,47.1538,65.7387,1.1122,0.9559,1.2966,1.0754
252,2015-05-09,19,12-17,44.7143,38.3187,32.2038,45.6092,1.0873,0.9303,1.2699,1.0911
252,2015-05-09,19,18-44,154.5714,140.0999,120.3301,163.8941,0.6483,0.5620,0.7503,0.6224
252,2015-05-09,19,45-64,134.1429,121.8639,105.0043,141.3717,0.6924,0.5939,0.8077,0.6670
252,2015-05-09,19,65+,72.2857,66.6840,56.9517,78.8997,0.7784,0.6607,0.9191,0.7369
253,2015-05-10,20,0-5,85.1429,85.9572,73.5094,100.6213,1.0632,0.8904,1.2606,0.9683
253,2015-05-10,20,6-11,50.2857,50.4681,43.0716,60.2922,1.1221,0.9630,1.3145,1.0157
253,2015-05-10,20,12-17,37.4286,35.9757,30.1239,42.8749,1.0914,0.9324,1.2786,1.0090
253,2015-05-10,20,18-44,141.0000,132.8064,113.1653,155.3089,0.6510,0.5637,0.7527,0.5961
253,2015-05-10,20,45-64,118.2857,114.8703,99.0113,133.0006,0.6948,0.5954,0.8116,0.6371
253,2015-05-10,20,65+,67.7143,63.8180,54.4413,75.3929,0.7852,0.6650,0.9254,0.7148
254,2015-05-11,20,0-5,82.2857,79.7926,68.2218,93.4412,1.0666,0.8905,1.2767,1.0025
254,2015-05-11,20,6-11,46.1429,46.6241,39.6308,55.6162,1.1233,0.9649,1.3095,1.0278
254,2015-05-11,20,12-17,34.2857,33.9097,28.3565,40.5168,1.0920,0.9325,1.2759,1.0042
254,2015-05-11,20,18-44,134.1429,125.9572,107.5966,148.2979,0.6490,0.5624,0.7487,0.6045
254,2015-05-11,20,45-64,112.0000,108.5679,93.6400,125.8653,0.6920,0.5939,0.8055,0.6414
254,2015-05-11,20,65+,63.4286,61.6842,52.6444,72.9672,0.7858,0.6677,0.9274,0.7160
255,2015-05-12,20,0-5,73.1429,74.4912,63.5117,87.7404,1.0673,0.8932,1.2686,0.9837
255,2015-05-12,20,6-11,43.2857,43.4200,36.4322,51.6715,1.1211,0.9605,1.3078,1.0400
255,2015-05-12,20,12-17,32.2857,32.1782,26.7855,38.6919,1.0910,0.9346,1.2839,1.0112
255,2015-05-12,20,18-44,125.0000,119.8849,101.8085,141.6769,0.6450,0.5598,0.7450,0.6059
255,2015-05-12,20,45-64,105.8571,103.1983,88.9187,119.8567,0.6864,0.5907,0.8016,0.6470
255,2015-05-12,20,65+,62.4286,59.7639,51.1183,70.9494,0.7810,0.6633,0.9226,0.7307
256,2015-05-13,20,0-5,70.0000,69.9405,59.3789,82.2532,1.0644,0.8916,1.2606,0.9942
256,2015-05-13,20,6-11,42.8571,40.6447,34.1009,48.3982,1.1129,0.9570,1.2995,1.0639
256,2015-05-13,20,12-17,30.0000,30.6929,25.4693,36.9920,1.0935,0.9368,1.2856,0.9997
256,2015-05-13,20,18-44,112.2857,113.8435,97.2605,134.1648,0.6404,0.5560,0.7387,0.5980
256,2015-05-13,20,45-64,98.2857,98.4110,84.1666,114.3295,0.6817,0.5865,0.7932,0.6357
256,2015-05-13,20,65+,58.0000,58.1011,49.3180,69.1447,0.7768,0.6571,0.9180,0.7182
257,2015-05-14,20,0-5,65.7143,65.8893,55.9827,77.5733,1.0646,0.8905,1.2682,1.0230
257,2015-05-14,20,6-11,42.1429,38.1690,32.0550,45.2322,1.1046,0.9476,1.2912,1.1178
257,2015-05-14,20,12-17,28.8571,29.3897,24.3855,35.3751,1.1003,0.9378,1.2894,1.0359
257,2015-05-14,20,18-44,110.1429,107.9696,92.0916,126.8925,0.6365,0.5514,0.7349,0.6225
257,2015-05-14,20,45-64,95.0000,93.6826,80.0698,109.0530,0.6763,0.5800,0.7862,0.6614
257,2015-05-14,20,65+,58.0000,56.4066,47.6998,67.2262,0.7706,0.6523,0.9098,0.7519
258,2015-05-15,20,0-5,62.7143,62.2918,52.9072,73.1711,1.0663,0.8934,1.2760,1.0320
258,2015-05-15,20,6-11,36.4286,35.8797,29.8939,42.6318,1.1039,0.9455,1.2925,1.0761
258,2015-05-15,20,12-17,26.0000,28.2826,23.5336,34.2589,1.1089,0.9465,1.3033,1.0142
258,2015-05-15,20,18-44,102.8571,102.4850,87.6087,120.3203,0.6368,0.5523,0.7350,0.6183
258,2015-05-15,20,45-64,90.0000,88.9961,76.1663,103.3766,0.6755,0.5802,0.7858,0.6576
258,2015-05-15,20,65+,54.5714,54.5639,46.0757,64.7531,0.7705,0.6502,0.9107,0.7470
259,2015-05-16,20,0-5,58.2857,58.8767,49.6886,69.5685,1.0701,0.8946,1.2748,1.0280
259,2015-05-16,20,6-11,33.7143,33.6100,27.9817,40.3461,1.1074,0.9483,1.2888,1.0729
259,2015-05-16,20,12-17,25.8571,27.4580,22.7780,33.0985,1.1142,0.9493,1.3087,1.0386
259,2015-05-16,20,18-44,96.2857,97.4638,83.1384,114.1669,0.6381,0.5547,0.7373,0.6180
259,2015-05-16,20,45-64,83.8571,84.4007,72.1694,98.3849,0.6770,0.5822,0.7866,0.6590
259,2015-05-16,20,65+,53.4286,52.7087,44.3697,62.5985,0.7722,0.6556,0.9096,0.7558
260,2015-05-17,21,0-5,55.5714,55.7457,46.9798,65.9362,1.0747,0.9013,1.2817,1.0378
260,2015-05-17,21,6-11,31.0000,31.5272,26.2586,38.1196,1.1169,0.9576,1.3020,1.0701
260,2015-05-17,21,12-17,27.0000,26.6712,22.0342,32.0930,1.1176,0.9494,1.3075,1.0859
260,2015-05-17,21,18-44,90.1429,92.6224,79.0514,108.2597,0.6433,0.5573,0.7436,0.6193
260,2015-05-17,21,45-64,78.0000,80.0557,68.2079,93.3535,0.6818,0.5862,0.7925,0.6605
260,2015-05-17,21,65+,51.5714,50.7867,42.6062,60.7682,0.7791,0.6575,0.9187,0.7599
261,2015-05-18,21,0-5,52.0000,52.7801,44.5736,62.3202,1.0792,0.9039,1.2902,1.0290
261,2015-05-18,21,6-11,27.7143,29.6679,24.4972,35.9080,1.1298,0.9673,1.3233,1.0454
261,2015-05-18,21,12-17,26.8571,25.8285,21.3525,31.1553,1.1156,0.9506,1.3162,1.1021
261,2015-05-18,21,18-44,83.8571,88.2666,74.9553,103.0685,0.6491,0.5609,0.7546,0.6122
261,2015-05-18,21,45-64,73.5714,75.8524,64.7533,88.5074,0.6863,0.5888,0.8021,0.6523
261,2015-05-18,21,65+,46.4286,48.9189,40.9099,58.4082,0.7847,0.6633,0.9334,0.7377
262,2015-05-19,21,0-5,50.5714,49.9836,42.3232,58.9424,1.0876,0.9091,1.3014,1.0760
262,2015-05-19,21,6-11,28.5714,27.9769,23.1892,33.8737,1.1488,0.9819,1.3493,1.1238
262,2015-05-19,21,12-17,27.0000,24.8748,20.5070,29.9678,1.1152,0.9496,1.3129,1.1557
262,2015-05-19,21,18-44,83.4286,84.2552,71.4450,98.4246,0.6580,0.5676,0.7620,0.6432
262,2015-05-19,21,45-64,71.5714,72.0555,61.6693,84.0152,0.6951,0.5950,0.8109,0.6823
262,2015-05-19,21,65+,46.4286,46.9623,39.4501,56.2833,0.7946,0.6692,0.9411,0.7743
263,2015-05-20,21,0-5,49.5714,47.3454,40.0575,55.5609,1.0941,0.9190,1.3091,1.1195
263,2015-05-20,21,6-11,25.1429,26.5708,22.0153,32.1683,1.1667,0.9973,1.3685,1.1214
263,2015-05-20,21,12-17,25.8571,23.8445,19.4367,28.7160,1.1146,0.9462,1.3072,1.1719
263,2015-05-20,21,18-44,83.8571,80.7461,68.7300,94.7699,0.6657,0.5763,0.7727,0.6678
263,2015-05-20,21,45-64,69.8571,68.6100,58.7396,80.0615,0.7030,0.6032,0.8232,0.7087
263,2015-05-20,21,65+,47.1429,45.0990,38.0872,53.8068,0.8047,0.6799,0.9555,0.8126
264,2015-05-21,21,0-5,46.8571,44.7878,37.8764,52.9836,1.1056,0.9285,1.3225,1.1290
264,2015-05-21,21,6-11,23.8571,25.3727,21.0922,30.6819,1.1863,1.0133,1.3984,1.1420
264,2015-05-21,21,12-17,25.5714,22.6952,18.5890,27.5132,1.1179,0.9521,1.3135,1.1998
264,2015-05-21,21,18-44,82.5714,77.6769,65.7779,91.6479,0.6752,0.5861,0.7830,0.6842
264,2015-05-21,21,45-64,68.7143,65.6327,55.8988,76.7267,0.7143,0.6127,0.8320,0.7284
264,2015-05-21,21,65+,46.8571,43.4852,36.5143,51.5606,0.8179,0.6913,0.9676,0.8373
265,2015-05-22,21,0-5,38.5714,42.4457,35.8146,50.7095,1.1199,0.9395,1.3331,0.9801
265,2015-05-22,21,6-11,23.1429,24.4267,20.2797,29.7218,1.2105,1.0344,1.4161,1.0608
265,2015-05-22,21,12-17,21.4286,21.5335,17.6703,26.1943,1.1388,0.9702,1.3397,1.0355
265,2015-05-22,21,18-44,68.8571,75.1799,63.7987,88.9503,0.6911,0.5984,0.8004,0.5939
265,2015-05-22,21,45-64,56.0000,63.1488,53.4027,74.0603,0.7338,0.6293,0.8538,0.6253
265,2015-05-22,21,65+,38.5714,42.0747,35.1009,49.9886,0.8409,0.7109,0.9929,0.7167
266,2015-05-23,21,0-5,39.1429,40.3542,33.9160,48.1600,1.1399,0.9561,1.3625,1.0648
266,2015-05-23,21,6-11,24.8571,23.6372,19.5625,28.6810,1.2377,1.0594,1.4564,1.1764
266,2015-05-23,21,12-17,20.0000,20.4446,16.7658,25.0164,1.1711,0.9979,1.3724,1.0817
266,2015-05-23,21,18-44,70.1429,72.9905,61.9760,86.4821,0.7101,0.6130,0.8245,0.6478
266,2015-05-23,21,45-64,59.4286,61.3561,51.6328,72.0554,0.7556,0.6483,0.8823,0.6834
266,2015-05-23,21,65+,39.5714,40.8650,33.9466,48.7477,0.8641,0.7327,1.0206,0.7826
267,2015-05-24,22,0-5,36.5714,38.4114,32.1493,46.0877,1.1533,0.9717,1.3766,1.0890
267,2015-05-24,22,6-11,24.2857,22.9157,18.9549,27.9352,1.2568,1.0779,1.4670,1.2204
267,2015-05-24,22,12-17,18.7143,19.4824,15.7903,23.8376,1.2017,1.0251,1.4098,1.1103
267,2015-05-24,22,18-44,71.2857,70.7672,60.0898,83.5154,0.7252,0.6283,0.8422,0.6798
267,2015-05-24,22,45-64,60.0000,60.0969,50.6801,70.6727,0.7753,0.6662,0.9080,0.7188
267,2015-05-24,22,65+,38.8571,39.6998,33.3076,47.5398,0.8879,0.7552,1.0484,0.8175
268,2015-05-25,22,0-5,35.2857,36.6254,30.4754,43.8887,1.1680,0.9814,1.3913,1.1152
268,2015-05-25,22,6-11,23.4286,22.2480,18.3147,27.1517,1.2743,1.0919,1.4946,1.2344
268,2015-05-25,22,12-17,16.7143,18.7155,15.0976,22.7982,1.2399,1.0570,1.4526,1.0940
268,2015-05-25,22,18-44,71.0000,68.7387,58.5938,81.5201,0.7409,0.6411,0.8590,0.6928
268,2015-05-25,22,45-64,57.8571,58.9888,49.6200,69.8265,0.7965,0.6847,0.9293,0.7279
268,2015-05-25,22,65+,37.5714,38.8414,32.5600,46.5884,0.9121,0.7728,1.0817,0.8269
269,2015-05-26,22,0-5,35.5714,34.9543,29.0207,41.9701,1.1731,0.9844,1.3970,1.1379
269,2015-05-26,22,6-11,20.2857,21.6236,17.6206,26.4245,1.2840,1.1009,1.5039,1.1695
269,2015-05-26,22,12-17,15.1429,18.1364,14.6069,22.0864,1.2713,1.0831,1.4961,1.0674
269,2015-05-26,22,18-44,66.4286,66.9315,57.1030,79.7142,0.7511,0.6508,0.8700,0.6847
269,2015-05-26,22,45-64,56.0000,58.2160,49.2087,69.2574,0.8116,0.6970,0.9482,0.7226
269,2015-05-26,22,65+,36.5714,38.3005,32.1909,46.1238,0.9315,0.7876,1.0977,0.8270
270,2015-05-27,22,0-5,31.1429,33.5012,27.9117,40.0163,1.1691,0.9841,1.3966,1.0869
270,2015-05-27,22,6-11,20.2857,21.0209,17.0670,25.8141,1.2891,1.1060,1.5083,1.1924
270,2015-05-27,22,12-17,16.0000,17.7602,14.3221,21.6910,1.3009,1.1085,1.5243,1.1318
270,2015-05-27,22,18-44,63.2857,65.3351,55.7352,77.8573,0.7570,0.6540,0.8788,0.6892
270,2015-05-27,22,45-64,56.0000,57.6101,48.8506,68.4529,0.8197,0.7020,0.9575,0.7385
270,2015-05-27,22,65+,35.7143,37.8374,31.8403,45.4454,0.9380,0.7923,1.1072,0.8410
271,2015-05-28,22,0-5,32.5714,32.0980,26.7337,38.6350,1.1592,0.9742,1.3772,1.1594
271,2015-05-28,22,6-11,21.0000,20.3970,16.6173,25.0260,1.2854,1.0983,1.5056,1.2588
271,2015-05-28,22,12-17,16.2857,17.5796,14.1348,21.6153,1.3136,1.1216,1.5391,1.1890
271,2015-05-28,22,18-44,61.8571,63.6635,54.2231,75.7081,0.7565,0.6527,0.8768,0.7168
271,2015-05-28,22,45-64,56.1429,56.9442,48.2292,67.7168,0.8192,0.7013,0.9549,0.7665
271,2015-05-28,22,65+,36.0000,37.4610,31.3504,45.1558,0.9350,0.7902,1.0986,0.8746
272,2015-05-29,22,0-5,34.2857,30.5610,25.5021,36.9259,1.1314,0.9521,1.3511,1.3074
272,2015-05-29,22,6-11,21.5714,19.6932,16.0419,24.1531,1.2673,1.0834,1.4889,1.4120
272,2015-05-29,22,12-17,18.7143,17.5312,14.1356,21.5327,1.3064,1.1083,1.5395,1.4059
272,2015-05-29,22,18-44,70.1429,61.9762,52.6605,73.9016,0.7451,0.6429,0.8672,0.8358
272,2015-05-29,22,45-64,65.0000,56.0953,47.3703,66.8633,0.8058,0.6890,0.9411,0.9059
272,2015-05-29,22,65+,42.1429,37.0203,30.8348,44.5188,0.9178,0.7779,1.0840,1.0393
273,2015-05-30,22,0-5,30.2857,29.0172,23.9923,35.0359,1.1100,0.9294,1.3224,1.1873
273,2015-05-30,22,6-11,19.5714,19.0100,15.4533,23.3508,1.2506,1.0682,1.4585,1.2963
273,2015-05-30,22,12-17,19.1429,17.5348,14.2064,21.5749,1.2834,1.0902,1.5098,1.3448
273,2015-05-30,22,18-44,64.7143,60.7160,51.3263,72.1304,0.7325,0.6324,0.8512,0.7633
273,2015-05-30,22,45-64,57.7143,55.0997,46.3738,65.1892,0.7881,0.6768,0.9185,0.8228
273,2015-05-30,22,65+,38.1429,36.4152,30.4383,43.3553,0.8935,0.7572,1.0563,0.9382
274,2015-05-31,23,0-5,28.8571,27.4533,22.7033,33.2262,1.0911,0.9162,1.2995,1.1303
274,2015-05-31,23,6-11,18.5714,18.4134,15.0548,22.5613,1.2393,1.0549,1.4553,1.2296
274,2015-05-31,23,12-17,19.4286,17.5316,14.2941,21.5673,1.2605,1.0733,1.4871,1.3057
274,2015-05-31,23,18-44,57.8571,59.9568,50.6296,71.2448,0.7214,0.6217,0.8401,0.7165
274,2015-05-31,23,45-64,54.7143,53.9616,45.3384,64.1267,0.7708,0.6612,0.9012,0.7769
274,2015-05-31,23,65+,36.4286,35.7776,30.0535,42.7174,0.8672,0.7315,1.0219,0.8900
275,2015-06-01,23,0-5,27.4286,25.9373,21.3654,31.3240,1.0779,0.9014,1.2845,1.1337
275,2015-06-01,23,6-11,18.1429,17.8672,14.5653,21.9587,1.2311,1.0477,1.4454,1.2431
275,2015-06-01,23,12-17,19.1429,17.5495,14.2532,21.5664,1.2412,1.0544,1.4661,1.3011
275,2015-06-01,23,18-44,58.8571,59.2967,50.1238,71.2173,0.7158,0.6138,0.8345,0.7258
275,2015-06-01,23,45-64,53.4286,52.8346,44.6497,62.9083,0.7578,0.6464,0.8851,0.7833
275,2015-06-01,23,65+,36.5714,34.9423,29.4362,41.6769,0.8402,0.7112,0.9914,0.9005
276,2015-06-02,23,0-5,24.4286,24.4212,20.0892,29.5096,1.0744,0.8998,1.2775,1.0882
276,2015-06-02,23,6-11,17.7143,17.3555,14.0804,21.3603,1.2328,1.0494,1.4505,1.2399
276,2015-06-02,23,12-17,19.1429,17.4081,14.1668,21.4542,1.2266,1.0439,1.4414,1.3009
276,2015-06-02,23,18-44,57.5714,59.1161,49.8620,70.7900,0.7153,0.6145,0.8307,0.7205
276,2015-06-02,23,45-64,52.8571,51.5488,43.4778,61.6013,0.7491,0.6406,0.8751,0.7803
276,2015-06-02,23,65+,34.8571,33.8349,28.3042,40.2401,0.8179,0.6919,0.9670,0.8873
277,2015-06-03,23,0-5,22.8571,22.9682,18.7555,27.7129,1.0740,0.8994,1.2822,1.0529
277,2015-06-03,23,6-11,15.8571,16.8960,13.6770,20.6451,1.2409,1.0570,1.4557,1.1640
277,2015-06-03,23,12-17,17.1429,17.1992,13.9807,21.0311,1.2174,1.0377,1.4304,1.1972
277,2015-06-03,23,18-44,54.4286,59.1848,49.6954,70.5485,0.7184,0.6183,0.8371,0.6825
277,2015-06-03,23,45-64,47.8571,50.1595,42.1217,59.5066,0.7457,0.6381,0.8676,0.7309
277,2015-06-03,23,65+,31.7143,32.3867,26.9188,38.3362,0.8018,0.6765,0.9445,0.8288
278,2015-06-04,23,0-5,20.1429,21.5797,17.5172,26.0813,1.0769,0.9050,1.2913,1.0336
278,2015-06-04,23,6-11,14.8571,16.4639,13.3180,20.1880,1.2496,1.0660,1.4704,1.1709
278,2015-06-04,23,12-17,16.7143,16.8610,13.7090,20.7533,1.2107,1.0269,1.4245,1.2150
278,2015-06-04,23,18-44,55.0000,59.4423,50.0207,70.4408,0.7205,0.6187,0.8430,0.6994
278,2015-06-04,23,45-64,47.7143,48.4978,40.9233,57.7132,0.7400,0.6322,0.8647,0.7539
278,2015-06-04,23,65+,32.0000,30.6683,25.3442,36.4220,0.7834,0.6613,0.9262,0.8583
279,2015-06-05,23,0-5,18.7143,20.1913,16.3972,24.5523,1.0818,0.9041,1.2966,1.0706
279,2015-06-05,23,6-11,15.1429,16.0343,12.8939,19.8350,1.2611,1.0706,1.4874,1.2428
279,2015-06-05,23,12-17,16.4286,16.4235,13.3180,20.1826,1.2066,1.0242,1.4161,1.2464
279,2015-06-05,23,18-44,59.4286,59.4637,50.1399,70.2462,0.7219,0.6165,0.8448,0.7344
279,2015-06-05,23,45-64,45.8571,46.6714,39.4129,55.4540,0.7350,0.6259,0.8590,0.7741
279,2015-06-05,23,65+,29.8571,28.6736,23.6167,34.2193,0.7685,0.6480,0.9066,0.8599
280,2015-06-06,23,0-5,18.5714,18.9101,15.4137,23.1194,1.0803,0.9067,1.2912,1.1239
280,2015-06-06,23,6-11,15.1429,15.6635,12.5601,19.4382,1.2629,1.0733,1.4903,1.2881
280,2015-06-06,23,12-17,14.7143,15.9507,12.8889,19.6408,1.1985,1.0198,1.4120,1.2228
280,2015-06-06,23,18-44,61.4286,59.3246,49.9023,69.6991,0.7182,0.6175,0.8409,0.7591
280,2015-06-06,23,45-64,45.4286,44.8827,37.8231,53.2173,0.7280,0.6231,0.8512,0.7872
280,2015-06-06,23,65+,27.4286,26.6038,21.9285,31.8371,0.7552,0.6382,0.8905,0.8544
281,2015-06-07,24,0-5,18.1429,17.7805,14.4403,21.8035,1.0758,0.9009,1.2815,1.1549
281,2015-06-07,24,6-11,15.5714,15.2886,12.3516,18.9628,1.2566,1.0678,1.4823,1.3300
281,2015-06-07,24,12-17,13.7143,15.4441,12.4208,18.9604,1.1882,1.0080,1.4039,1.2037
281,2015-06-07,24,18-44,62.8571,58.6892,49.4291,69.0854,0.7122,0.6105,0.8341,0.7675
281,2015-06-07,24,45-64,42.7143,42.8608,36.1037,50.9737,0.7199,0.6146,0.8429,0.7777
281,2015-06-07,24,65+,24.2857,24.5786,20.1534,29.4559,0.7436,0.6282,0.8806,0.8224
282,2015-06-08,24,0-5,16.7143,16.8121,13.7037,20.6769,1.0670,0.8944,1.2736,1.1140
282,2015-06-08,24,6-11,14.8571,14.9330,11.9948,18.4589,1.2445,1.0548,1.4726,1.3008
282,2015-06-08,24,12-17,15.8571,14.9181,12.0509,18.3444,1.1772,0.9962,1.3985,1.2888
282,2015-06-08,24,18-44,59.0000,57.6662,48.6939,67.6535,0.7038,0.6016,0.8253,0.7528
282,2015-06-08,24,45-64,41.5714,40.8967,34.3563,48.6127,0.7088,0.6058,0.8332,0.7711
282,2015-06-08,24,65+,22.7143,22.6894,18.4465,27.3166,0.7339,0.6205,0.8686,0.8078
283,2015-06-09,24,0-5,15.7143,15.9109,12.9181,19.7059,1.0593,0.8849,1.2710,1.0828
283,2015-06-09,24,6-11,14.8571,14.5797,11.6889,17.9957,1.2344,1.0457,1.4600,1.2796
283,2015-06-09,24,12-17,14.5714,14.4379,11.6539,17.8327,1.1690,0.9854,1.3918,1.2188
283,2015-06-09,24,18-44,55.8571,56.0612,47.4419,65.9413,0.6980,0.5966,0.8224,0.7211
283,2015-06-09,24,45-64,37.5714,38.9729,32.7540,46.2766,0.7040,0.5999,0.8275,0.7289
283,2015-06-09,24,65+,20.0000,20.9919,17.1574,25.4426,0.7307,0.6162,0.8621,0.7567
284,2015-06-10,24,0-5,15.5714,15.1223,12.2900,18.7184,1.0553,0.8811,1.2672,1.1231
284,2015-06-10,24,6-11,14.7143,14.2000,11.3620,17.6085,1.2259,1.0356,1.4533,1.3130
284,2015-06-10,24,12-17,14.1429,13.9580,11.2754,17.2345,1.1592,0.9809,1.3771,1.2407
284,2015-06-10,24,18-44,56.4286,54.1355,46.0380,64.1087,0.6944,0.5931,0.8188,0.7468
284,2015-06-10,24,45-64,37.5714,37.1070,31.0836,44.2222,0.7008,0.5967,0.8230,0.7541
284,2015-06-10,24,65+,19.5714,19.5657,15.8815,23.7942,0.7316,0.6156,0.8677,0.7824
285,2015-06-11,24,0-5,15.0000,14.4098,11.6462,17.8707,1.0537,0.8776,1.2664,1.1374
285,2015-06-11,24,6-11,14.8571,13.7905,11.0919,17.1489,1.2212,1.0323,1.4502,1.3428
285,2015-06-11,24,12-17,14.0000,13.4189,10.7362,16.6890,1.1551,0.9770,1.3647,1.2599
285,2015-06-11,24,18-44,56.2857,52.1512,44.4098,61.8787,0.6933,0.5917,0.8158,0.7591
285,2015-06-11,24,45-64,36.5714,35.2051,29.6371,41.8863,0.7010,0.5961,0.8230,0.7629
285,2015-06-11,24,65+,18.2857,18.3764,14.8280,22.5071,0.7369,0.6203,0.8752,0.7835
286,2015-06-12,24,0-5,14.1429,13.7764,11.0443,17.0773,1.0614,0.8839,1.2675,1.0559
286,2015-06-12,24,6-11,13.1429,13.3739,10.6997,16.5674,1.2228,1.0350,1.4474,1.2056
286,2015-06-12,24,12-17,13.1429,12.9009,10.2249,16.1269,1.1562,0.9794,1.3679,1.1628
286,2015-06-12,24,18-44,48.4286,50.2226,42.6809,59.2927,0.6992,0.5950,0.8200,0.6813
286,2015-06-12,24,45-64,32.0000,33.5208,28.2639,40.0523,0.7087,0.6031,0.8285,0.6819
286,2015-06-12,24,65+,14.8571,17.3590,13.9899,21.3294,0.7514,0.6318,0.8925,0.6890
287,2015-06-13,24,0-5,12.4286,13.1918,10.5923,16.4385,1.0702,0.8917,1.2865,1.0045
287,2015-06-13,24,6-11,13.1429,12.9032,10.2995,15.9880,1.2326,1.0417,1.4610,1.2072
287,2015-06-13,24,12-17,12.1429,12.3934,9.7847,15.5674,1.1644,0.9834,1.3780,1.1356
287,2015-06-13,24,18-44,45.0000,48.3818,40.7419,57.2632,0.7075,0.6003,0.8381,0.6699
287,2015-06-13,24,45-64,30.7143,31.9684,26.7465,38.1943,0.7201,0.6111,0.8506,0.6792
287,2015-06-13,24,65+,14.8571,16.6789,13.3900,20.5666,0.7727,0.6479,0.9228,0.7012
288,2015-06-14,25,0-5,11.5714,12.6641,10.1117,15.8973,1.0818,0.8991,1.3071,1.0021
288,2015-06-14,25,6-11,12.4286,12.4383,9.8657,15.4243,1.2425,1.0506,1.4713,1.2066
288,2015-06-14,25,12-17,11.8571,11.8978,9.3843,14.9494,1.1769,0.9921,1.4004,1.1553
288,2015-06-14,25,18-44,43.0000,46.6048,39.1005,54.9057,0.7178,0.6111,0.8472,0.6784
288,2015-06-14,25,45-64,29.5714,30.6456,25.5880,36.6426,0.7334,0.6234,0.8662,0.6951
288,2015-06-14,25,65+,15.4286,16.1674,12.9733,19.8823,0.7950,0.6662,0.9461,0.7362
289,2015-06-15,25,0-5,11.7143,12.1439,9.6557,15.2069,1.0912,0.9065,1.3128,1.0527
289,2015-06-15,25,6-11,11.8571,11.9225,9.4452,14.8346,1.2504,1.0559,1.4794,1.2195
289,2015-06-15,25,12-17,10.1429,11.3619,9.0091,14.2404,1.1854,0.9992,1.4062,1.1080
289,2015-06-15,25,18-44,42.7143,44.7895,37.4503,52.9450,0.7253,0.6161,0.8517,0.6921
289,2015-06-15,25,45-64,27.7143,29.3245,24.3111,35.2457,0.7448,0.6326,0.8760,0.6993
289,2015-06-15,25,65+,14.7143,15.7792,12.6815,19.4459,0.8168,0.6848,0.9688,0.7427
290,2015-06-16,25,0-5,11.5714,11.6442,9.2626,14.5719,1.0918,0.9066,1.3172,1.0954
290,2015-06-16,25,6-11,10.7143,11.4144,9.0423,14.2550,1.2537,1.0565,1.4886,1.2233
290,2015-06-16,25,12-17,10.1429,10.8401,8.5950,13.6575,1.1872,1.0008,1.4087,1.1613
290,2015-06-16,25,18-44,42.4286,42.9033,35.9549,50.6889,0.7258,0.6194,0.8535,0.7218
290,2015-06-16,25,45-64,27.4286,28.0485,23.2469,34.0141,0.7515,0.6402,0.8817,0.7348
290,2015-06-16,25,65+,15.4286,15.5386,12.3608,19.0811,0.8351,0.7010,0.9950,0.7934
291,2015-06-17,25,0-5,11.5714,11.1767,8.8619,13.9959,1.0895,0.9035,1.3152,1.1603
291,2015-06-17,25,6-11,11.2857,10.9525,8.6464,13.8490,1.2544,1.0578,1.4894,1.3243
291,2015-06-17,25,12-17,10.8571,10.3224,8.1154,12.9765,1.1811,0.9942,1.4063,1.2661
291,2015-06-17,25,18-44,43.5714,40.7523,34.4008,48.6015,0.7232,0.6154,0.8490,0.7702
291,2015-06-17,25,45-64,27.4286,26.9253,22.3089,32.7753,0.7541,0.6397,0.8876,0.7816
291,2015-06-17,25,65+,15.7143,15.3579,12.2443,18.9211,0.8480,0.7107,1.0182,0.8421
292,2015-06-18,25,0-5,11.4286,10.7854,8.5006,13.4895,1.0841,0.9003,1.3087,1.1881
292,2015-06-18,25,6-11,10.7143,10.5073,8.2218,13.4097,1.2530,1.0531,1.4926,1.3390
292,2015-06-18,25,12-17,10.7143,9.8054,7.7088,12.4142,1.1722,0.9872,1.3963,1.3032
292,2015-06-18,25,18-44,43.4286,38.6298,32.4702,46.3539,0.7167,0.6105,0.8441,0.7939
292,2015-06-18,25,45-64,28.0000,25.9652,21.5145,31.4848,0.7543,0.6391,0.8873,0.8106
292,2015-06-18,25,65+,15.8571,15.2296,12.1171,18.8733,0.8614,0.7188,1.0284,0.8734
293,2015-06-19,25,0-5,10.4286,10.4299,8.1904,13.1431,1.0843,0.9004,1.3055,1.1105
293,2015-06-19,25,6-11,10.8571,10.1690,7.8794,13.0212,1.2564,1.0609,1.4907,1.3083
293,2015-06-19,25,12-17,9.5714,9.2975,7.2944,11.7485,1.1659,0.9841,1.3882,1.2163
293,2015-06-19,25,18-44,38.7143,36.5124,30.5156,43.7491,0.7148,0.6106,0.8414,0.7473
293,2015-06-19,25,45-64,26.2857,25.1853,20.7194,30.4420,0.7568,0.6439,0.8960,0.7705
293,2015-06-19,25,65+,15.8571,15.2171,12.1784,19.0168,0.8736,0.7287,1.0461,0.8518
294,2015-06-20,25,0-5,10.1429,10.1087,7.9515,12.7254,1.0871,0.9049,1.3204,1.0743
294,2015-06-20,25,6-11,9.1429,9.8679,7.6132,12.6138,1.2683,1.0697,1.5081,1.1948
294,2015-06-20,25,12-17,9.2857,8.8226,6.9014,11.2363,1.1653,0.9805,1.3848,1.1748
294,2015-06-20,25,18-44,35.4286,34.3952,28.6605,41.0110,0.7158,0.6120,0.8390,0.7059
294,2015-06-20,25,45-64,24.2857,24.6903,20.3677,29.9045,0.7625,0.6472,0.8989,0.7282
294,2015-06-20,25,65+,14.5714,15.3091,12.2872,19.0472,0.8878,0.7398,1.0599,0.8011
295,2015-06-21,26,0-5,10.1429,9.8762,7.7416,12.5152,1.0953,0.9089,1.3291,1.0894
295,2015-06-21,26,6-11,8.7143,9.6932,7.4484,12.3873,1.2889,1.0860,1.5307,1.1931
295,2015-06-21,26,12-17,8.5714,8.3719,6.5345,10.6561,1.1680,0.9834,1.3918,1.1620
295,2015-06-21,26,18-44,33.0000,32.4386,26.9615,38.5536,0.7222,0.6161,0.8499,0.7100
295,2015-06-21,26,45-64,24.2857,24.2800,19.9515,29.5373,0.7728,0.6556,0.9137,0.7438
295,2015-06-21,26,65+,15.7143,15.5162,12.4925,19.1684,0.9036,0.7520,1.0826,0.8457
296,2015-06-22,26,0-5,10.1429,9.6127,7.5908,12.2321,1.1094,0.9208,1.3386,1.0923
296,2015-06-22,26,6-11,9.0000,9.5549,7.3924,12.2074,1.3110,1.1046,1.5541,1.2183
296,2015-06-22,26,12-17,8.1429,7.9686,6.1261,10.1931,1.1783,0.9933,1.3970,1.1580
296,2015-06-22,26,18-44,29.4286,30.6166,25.4158,36.6907,0.7320,0.6251,0.8580,0.7027
296,2015-06-22,26,45-64,24.2857,24.0027,19.6045,29.1805,0.7847,0.6678,0.9258,0.7462
296,2015-06-22,26,65+,15.8571,15.7095,12.5494,19.3495,0.9196,0.7696,1.1007,0.8607
297,2015-06-23,26,0-5,9.4286,9.3730,7.4290,12.0155,1.1271,0.9344,1.3610,1.0794
297,2015-06-23,26,6-11,9.8571,9.4632,7.3453,12.0468,1.3356,1.1273,1.5873,1.2957
297,2015-06-23,26,12-17,7.5714,7.5663,5.8034,9.7268,1.1952,1.0064,1.4213,1.1569
297,2015-06-23,26,18-44,28.0000,28.9674,23.9712,34.8992,0.7441,0.6361,0.8719,0.7106
297,2015-06-23,26,45-64,23.7143,23.6657,19.4528,29.0025,0.8000,0.6799,0.9440,0.7576
297,2015-06-23,26,65+,16.2857,15.8529,12.6722,19.5141,0.9386,0.7864,1.1236,0.8869
298,2015-06-24,26,0-5,9.2857,9.1968,7.2321,11.7510,1.1554,0.9560,1.3945,1.0622
298,2015-06-24,26,6-11,9.5714,9.3590,7.3012,11.9782,1.3659,1.1528,1.6211,1.2620
298,2015-06-24,26,12-17,6.2857,7.1962,5.5294,9.2735,1.2196,1.0278,1.4489,1.0717
298,2015-06-24,26,18-44,24.7143,27.6113,22.8032,33.4116,0.7624,0.6520,0.8964,0.6827
298,2015-06-24,26,45-64,22.5714,23.4946,19.2913,28.8436,0.8215,0.6977,0.9684,0.7337
298,2015-06-24,26,65+,16.2857,15.9549,12.7514,19.6354,0.9655,0.8053,1.1551,0.8788
299,2015-06-25,26,0-5,9.2857,9.0190,7.0695,11.6560,1.1806,0.9761,1.4290,1.0906
299,2015-06-25,26,6-11,9.4286,9.3126,7.2205,11.8734,1.3946,1.1786,1.6562,1.2818
299,2015-06-25,26,12-17,6.2857,6.8949,5.2379,8.9176,1.2466,1.0490,1.4747,1.1109
299,2015-06-25,26,18-44,23.8571,26.6408,21.8739,32.3517,0.7806,0.6664,0.9158,0.6965
299,2015-06-25,26,45-64,22.2857,23.3356,18.9406,28.5628,0.8401,0.7127,0.9889,0.7501
299,2015-06-25,26,65+,16.2857,16.0578,12.9262,19.8065,0.9847,0.8214,1.1788,0.8974
300,2015-06-26,26,0-5,9.2857,8.8766,6.9133,11.4412,1.2044,0.9950,1.4558,1.1584
300,2015-06-26,26,6-11,8.7143,9.2525,7.1402,11.8516,1.4265,1.2078,1.6958,1.3107
300,2015-06-26,26,12-17,6.2857,6.6258,5.0383,8.6632,1.2729,1.0709,1.5159,1.1912
300,2015-06-26,26,18-44,26.0000,25.9556,21.3196,31.7272,0.7980,0.6813,0.9336,0.7521
300,2015-06-26,26,45-64,23.2857,23.1827,18.9944,28.3790,0.8580,0.7265,1.0097,0.8068
300,2015-06-26,26,65+,16.1429,16.2077,12.9911,19.9373,1.0032,0.8388,1.1997,0.9402
301,2015-06-27,26,0-5,8.7143,8.7597,6.7626,11.1552,1.2209,1.0149,1.4737,1.1558
301,2015-06-27,26,6-11,8.8571,9.2163,7.1524,11.7880,1.4551,1.2273,1.7271,1.3616
301,2015-06-27,26,12-17,7.1429,6.3969,4.8716,8.4284,1.2971,1.0937,1.5409,1.3108
301,2015-06-27,26,18-44,26.0000,25.5052,20.9356,31.0858,0.8119,0.6960,0.9505,0.7796
301,2015-06-27,26,45-64,23.8571,22.9932,18.9676,28.1399,0.8729,0.7412,1.0265,0.8438
301,2015-06-27,26,65+,16.4286,16.2764,13.0430,20.2266,1.0195,0.8536,1.2203,0.9757
302,2015-06-28,27,0-5,9.0000,8.6478,6.6790,11.0176,1.2337,1.0237,1.4880,1.1799
302,2015-06-28,27,6-11,8.7143,9.1976,7.1778,11.7725,1.4762,1.2480,1.7516,1.3558
302,2015-06-28,27,12-17,6.8571,6.2617,4.7132,8.1890,1.3187,1.1080,1.5661,1.2922
302,2015-06-28,27,18-44,25.1429,25.1908,20.7466,30.6758,0.8211,0.7037,0.9607,0.7736
302,2015-06-28,27,45-64,23.5714,22.8882,18.7647,27.9115,0.8823,0.7492,1.0384,0.8327
302,2015-06-28,27,65+,15.5714,16.3649,13.2140,20.3571,1.0303,0.8605,1.2343,0.9506
303,2015-06-29,27,0-5,8.0000,8.5469,6.6097,10.9120,1.2452,1.0347,1.5017,1.1283
303,2015-06-29,27,6-11,9.1429,9.2746,7.2086,11.8700,1.4912,1.2640,1.7657,1.3872
303,2015-06-29,27,12-17,5.7143,6.1566,4.5946,8.0412,1.3424,1.1333,1.5934,1.2086
303,2015-06-29,27,18-44,24.8571,25.0321,20.4545,30.5019,0.8293,0.7119,0.9681,0.7692
303,2015-06-29,27,45-64,23.0000,22.8075,18.6172,27.8204,0.8901,0.7572,1.0460,0.8321
303,2015-06-29,27,65+,16.5714,16.4752,13.2843,20.4710,1.0345,0.8651,1.2388,0.9784
304,2015-06-30,27,0-5,8.4286,8.5065,6.5630,10.8902,1.2530,1.0399,1.5090,1.1801
304,2015-06-30,27,6-11,9.5714,9.3548,7.2714,11.8896,1.4981,1.2700,1.7764,1.4307
304,2015-06-30,27,12-17,5.4286,6.1150,4.5842,8.0395,1.3638,1.1493,1.6193,1.1961
304,2015-06-30,27,18-44,25.1429,25.0916,20.4554,30.3945,0.8353,0.7151,0.9727,0.7763
304,2015-06-30,27,45-64,22.2857,22.8707,18.6038,27.8358,0.8952,0.7622,1.0483,0.8245
304,2015-06-30,27,65+,15.7143,16.5474,13.3776,20.5103,1.0363,0.8691,1.2369,0.9551
305,2015-07-01,27,0-5,8.7143,8.4823,6.5276,10.8783,1.2541,1.0403,1.5057,1.2480
305,2015-07-01,27,6-11,10.0000,9.4686,7.3313,12.0334,1.4978,1.2650,1.7743,1.5138
305,2015-07-01,27,12-17,6.2857,6.1387,4.5763,8.0549,1.3782,1.1602,1.6416,1.3322
305,2015-07-01,27,18-44,26.4286,25.0891,20.5599,30.5251,0.8332,0.7130,0.9716,0.8278
305,2015-07-01,27,45-64,23.4286,22.9554,18.6466,27.7791,0.8941,0.7600,1.0490,0.8817
305,2015-07-01,27,65+,16.5714,16.6233,13.4819,20.6307,1.0309,0.8651,1.2272,1.0172
306,2015-07-02,27,0-5,9.1429,8.4855,6.5005,10.9322,1.2505,1.0410,1.5045,1.2856
306,2015-07-02,27,6-11,10.2857,9.5670,7.3915,12.1327,1.4958,1.2663,1.7753,1.5342
306,2015-07-02,27,12-17,6.2857,6.2261,4.6524,8.1772,1.3893,1.1673,1.6530,1.3455
306,2015-07-02,27,18-44,26.5714,25.2048,20.6771,30.5665,0.8300,0.7115,0.9706,0.8375
306,2015-07-02,27,45-64,23.7143,23.0734,18.8110,28.0026,0.8900,0.7562,1.0475,0.8894
306,2015-07-02,27,65+,16.5714,16.7082,13.4243,20.6403,1.0194,0.8526,1.2158,1.0223
307,2015-07-03,27,0-5,8.5714,8.5178,6.5402,11.0271,1.2431,1.0337,1.4955,1.2217
307,2015-07-03,27,6-11,10.1429,9.6733,7.4837,12.3221,1.4908,1.2601,1.7674,1.4921
307,2015-07-03,27,12-17,6.5714,6.3732,4.7542,8.3828,1.3964,1.1740,1.6564,1.3555
307,2015-07-03,27,18-44,25.4286,25.2997,20.7484,30.7036,0.8243,0.7082,0.9616,0.8179
307,2015-07-03,27,45-64,23.4286,23.2148,19.0740,28.1366,0.8816,0.7511,1.0351,0.8841
307,2015-07-03,27,65+,18.0000,16.7188,13.4276,20.5353,1.0032,0.8375,1.1988,1.0487
308,2015-07-04,27,0-5,8.5714,8.5695,6.5979,11.0010,1.2380,1.0283,1.4898,1.2200
308,2015-07-04,27,6-11,10.4286,9.7680,7.5716,12.5360,1.4821,1.2577,1.7613,1.4945
308,2015-07-04,27,12-17,6.1429,6.5548,4.9464,8.6161,1.3895,1.1726,1.6496,1.3053
308,2015-07-04,27,18-44,25.7143,25.4665,20.9103,30.8230,0.8158,0.7017,0.9515,0.8105
308,2015-07-04,27,45-64,23.0000,23.3974,19.2280,28.3988,0.8691,0.7420,1.0178,0.8693
308,2015-07-04,27,65+,17.8571,16.6664,13.4391,20.4595,0.9827,0.8232,1.1716,1.0306
309,2015-07-05,28,0-5,8.4286,8.6380,6.6605,11.0761,1.2363,1.0260,1.4890,1.2047
309,2015-07-05,28,6-11,10.5714,9.8881,7.7232,12.8084,1.4755,1.2511,1.7528,1.4910
309,2015-07-05,28,12-17,6.5714,6.7499,5.1314,8.8697,1.3775,1.1593,1.6401,1.3425
309,2015-07-05,28,18-44,25.4286,25.6946,21.2666,31.1801,0.8071,0.6920,0.9414,0.8079
309,2015-07-05,28,45-64,23.5714,23.5416,19.3301,28.5943,0.8542,0.7278,1.0039,0.8700
309,2015-07-05,28,65+,17.4286,16.5431,13.3814,20.3763,0.9617,0.8087,1.1487,1.0161
310,2015-07-06,28,0-5,9.1429,8.7335,6.7643,11.1337,1.2306,1.0201,1.4943,1.2646
310,2015-07-06,28,6-11,10.4286,10.0427,7.7889,12.9657,1.4710,1.2460,1.7464,1.4917
310,2015-07-06,28,12-17,7.2857,6.9732,5.2590,9.1505,1.3596,1.1438,1.6216,1.4083
310,2015-07-06,28,18-44,26.1429,25.8945,21.4389,31.5390,0.7967,0.6817,0.9322,0.8228
310,2015-07-06,28,45-64,24.0000,23.6518,19.3423,28.6424,0.8378,0.7126,0.9864,0.8786
310,2015-07-06,28,65+,16.7143,16.3517,13.0878,20.1068,0.9417,0.7898,1.1237,1.0017
311,2015-07-07,28,0-5,9.5714,8.8350,6.8842,11.2774,1.2288,1.0219,1.4831,1.3031
311,2015-07-07,28,6-11,9.8571,10.2087,7.9337,13.0951,1.4701,1.2407,1.7457,1.4707
311,2015-07-07,28,12-17,7.7143,7.1706,5.4115,9.4065,1.3381,1.1245,1.5872,1.4543
311,2015-07-07,28,18-44,27.2857,26.1911,21.6677,32.0195,0.7865,0.6737,0.9219,0.8431
311,2015-07-07,28,45-64,25.4286,23.6210,19.3210,28.4884,0.8228,0.6981,0.9674,0.8994
311,2015-07-07,28,65+,15.8571,16.1142,12.9764,19.7005,0.9251,0.7733,1.1050,0.9953
312,2015-07-08,28,0-5,8.8571,8.9199,7.0027,11.4177,1.2329,1.0236,1.4815,1.2260
312,2015-07-08,28,6-11,9.0000,10.3994,8.1550,13.2764,1.4765,1.2464,1.7508,1.3891
312,2015-07-08,28,12-17,7.7143,7.3464,5.5440,9.5985,1.3180,1.1062,1.5698,1.4138
312,2015-07-08,28,18-44,27.0000,26.4341,21.8906,32.0497,0.7793,0.6668,0.9096,0.8157
312,2015-07-08,28,45-64,25.0000,23.3562,19.2821,28.3856,0.8096,0.6878,0.9528,0.8765
312,2015-07-08,28,65+,15.7143,15.8743,12.6316,19.5874,0.9139,0.7639,1.0928,0.9749
313,2015-07-09,28,0-5,8.2857,9.0410,7.0814,11.6361,1.2411,1.0310,1.4909,1.1759
313,2015-07-09,28,6-11,9.1429,10.6295,8.3340,13.6099,1.4827,1.2481,1.7628,1.3871
313,2015-07-09,28,12-17,7.5714,7.4574,5.6256,9.7676,1.2946,1.0934,1.5467,1.3734
313,2015-07-09,28,18-44,26.7143,26.6288,22.0376,32.3428,0.7732,0.6624,0.9035,0.7988
313,2015-07-09,28,45-64,24.4286,23.0270,18.9382,28.2423,0.7985,0.6796,0.9414,0.8592
313,2015-07-09,28,65+,15.7143,15.6030,12.5202,19.3460,0.9049,0.7589,1.0856,0.9642
314,2015-07-10,28,0-5,8.4286,9.2236,7.1944,11.8368,1.2485,1.0365,1.5018,1.1860
314,2015-07-10,28,6-11,10.8571,10.9688,8.5836,13.8664,1.4820,1.2468,1.7571,1.4951
314,2015-07-10,28,12-17,8.4286,7.5254,5.7239,9.8084,1.2780,1.0745,1.5226,1.4122
314,2015-07-10,28,18-44,26.2857,26.8120,22.1868,32.5516,0.7688,0.6589,0.8981,0.7888
314,2015-07-10,28,45-64,23.0000,22.6413,18.5448,27.7689,0.7927,0.6746,0.9313,0.8301
314,2015-07-10,28,65+,14.2857,15.4106,12.4201,19.1015,0.9049,0.7583,1.0847,0.9118
315,2015-07-11,28,0-5,9.0000,9.4428,7.3490,12.0264,1.2589,1.0431,1.5135,1.2295
315,2015-07-11,28,6-11,12.0000,11.2681,8.8347,14.1070,1.4775,1.2486,1.7568,1.5604
315,2015-07-11,28,12-17,8.1429,7.5390,5.7753,9.7101,1.2636,1.0608,1.5056,1.3723
315,2015-07-11,28,18-44,25.8571,26.8346,22.0977,32.5370,0.7683,0.6575,0.8956,0.7891
315,2015-07-11,28,45-64,22.4286,22.2138,18.0891,27.0801,0.7913,0.6727,0.9309,0.8219
315,2015-07-11,28,65+,14.2857,15.3032,12.3169,19.0474,0.9083,0.7605,1.0893,0.9123
316,2015-07-12,29,0-5,9.7143,9.6895,7.4573,12.3267,1.2669,1.0533,1.5234,1.2923
316,2015-07-12,29,6-11,12.2857,11.5120,9.1015,14.3114,1.4751,1.2434,1.7481,1.5758
316,2015-07-12,29,12-17,8.2857,7.4862,5.7382,9.6486,1.2536,1.0552,1.4876,1.3725
316,2015-07-12,29,18-44,27.0000,26.8232,22.1080,32.4281,0.7695,0.6599,0.8965,0.8013
316,2015-07-12,29,45-64,21.2857,21.7771,17.6990,26.6451,0.7933,0.6756,0.9312,0.8213
316,2015-07-12,29,65+,14.4286,15.2100,12.3370,19.0863,0.9145,0.7661,1.1009,0.9194
317,2015-07-13,29,0-5,9.5714,9.9110,7.6195,12.5866,1.2680,1.0524,1.5272,1.2630
317,2015-07-13,29,6-11,11.8571,11.7444,9.3244,14.6026,1.4646,1.2392,1.7354,1.5097
317,2015-07-13,29,12-17,7.2857,7.3735,5.6659,9.4940,1.2470,1.0485,1.4814,1.2731
317,2015-07-13,29,18-44,26.8571,26.6861,22.1197,32.1823,0.7699,0.6593,0.8989,0.7842
317,2015-07-13,29,45-64,20.2857,21.3274,17.3706,26.1740,0.7982,0.6772,0.9395,0.8073
317,2015-07-13,29,65+,15.4286,15.2012,12.2973,19.0677,0.9231,0.7717,1.1062,0.9386
318,2015-07-14,29,0-5,9.8571,10.1774,7.8344,12.8215,1.2638,1.0465,1.5291,1.2607
318,2015-07-14,29,6-11,12.2857,11.8972,9.4818,14.7927,1.4522,1.2255,1.7208,1.5087
318,2015-07-14,29,12-17,7.2857,7.2497,5.4937,9.3911,1.2402,1.0416,1.4757,1.2674
318,2015-07-14,29,18-44,25.8571,26.5373,21.9581,32.0374,0.7695,0.6580,0.8971,0.7753
318,2015-07-14,29,45-64,19.8571,21.0856,17.0867,25.9077,0.8010,0.6805,0.9412,0.8033
318,2015-07-14,29,65+,16.1429,15.1613,12.2701,19.0801,0.9263,0.7741,1.1133,0.9556
319,2015-07-15,29,0-5,11.1429,10.4013,8.0839,13.0526,1.2589,1.0347,1.5310,1.3459
319,2015-07-15,29,6-11,13.1429,11.9729,9.5766,14.9264,1.4402,1.2158,1.7036,1.5583
319,2015-07-15,29,12-17,7.1429,7.0804,5.4052,9.1927,1.2356,1.0385,1.4742,1.2664
319,2015-07-15,29,18-44,26.4286,26.2930,21.8501,31.7787,0.7679,0.6589,0.9001,0.7882
319,2015-07-15,29,45-64,19.5714,20.9842,17.0755,25.8322,0.8047,0.6827,0.9476,0.8010
319,2015-07-15,29,65+,15.2857,15.1490,12.2244,19.0893,0.9304,0.7768,1.1153,0.9343
320,2015-07-16,29,0-5,11.4286,10.5954,8.3189,13.3366,1.2512,1.0368,1.5115,1.3443
320,2015-07-16,29,6-11,13.0000,11.9587,9.5251,15.0627,1.4262,1.2037,1.6816,1.5348
320,2015-07-16,29,12-17,7.2857,6.9018,5.2382,8.9948,1.2248,1.0329,1.4609,1.2869
320,2015-07-16,29,18-44,26.7143,26.1050,21.5274,31.5062,0.7635,0.6549,0.8907,0.7900
320,2015-07-16,29,45-64,19.7143,20.9099,17.0786,25.8402,0.8024,0.6808,0.9426,0.8046
320,2015-07-16,29,65+,15.0000,15.1320,12.1707,19.0098,0.9256,0.7720,1.1044,0.9300
321,2015-07-17,29,0-5,11.5714,10.7646,8.4713,13.5960,1.2397,1.0322,1.4997,1.3337
321,2015-07-17,29,6-11,12.8571,11.9190,9.4247,15.0233,1.4123,1.1932,1.6750,1.5193
321,2015-07-17,29,12-17,6.5714,6.7033,5.0680,8.7459,1.2176,1.0279,1.4460,1.2631
321,2015-07-17,29,18-44,26.4286,25.8361,21.2425,31.2621,0.7581,0.6512,0.8841,0.8032
321,2015-07-17,29,45-64,21.4286,21.0843,17.0473,26.0596,0.8001,0.6787,0.9401,0.8390
321,2015-07-17,29,65+,16.4286,15.0898,12.1081,18.7960,0.9207,0.7662,1.1021,0.9921
322,2015-07-18,29,0-5,12.1429,10.9292,8.6493,13.8655,1.2356,1.0277,1.4925,1.3507
322,2015-07-18,29,6-11,11.0000,11.9037,9.3453,14.9849,1.4045,1.1880,1.6651,1.4194
322,2015-07-18,29,12-17,6.5714,6.5340,4.9352,8.5796,1.2116,1.0208,1.4411,1.2842
322,2015-07-18,29,18-44,27.2857,25.5285,21.0443,30.7997,0.7521,0.6465,0.8762,0.8127
322,2015-07-18,29,45-64,22.8571,21.2766,17.2480,26.3291,0.7944,0.6756,0.9329,0.8559
322,2015-07-18,29,65+,15.8571,15.0059,11.9503,18.5633,0.9109,0.7601,1.0910,0.9869
323,2015-07-19,30,0-5,11.8571,11.1000,8.7444,14.1256,1.2331,1.0262,1.4897,1.2953
323,2015-07-19,30,6-11,11.4286,11.8177,9.3796,14.8604,1.4038,1.1848,1.6658,1.4161
323,2015-07-19,30,12-17,6.2857,6.3605,4.7987,8.3604,1.2068,1.0166,1.4338,1.2329
323,2015-07-19,30,18-44,26.4286,25.3347,20.9376,30.5011,0.7471,0.6411,0.8717,0.7810
323,2015-07-19,30,45-64,21.1429,21.4721,17.5314,26.3835,0.7897,0.6694,0.9293,0.8190
323,2015-07-19,30,65+,16.2857,14.8504,11.8047,18.4132,0.9009,0.7500,1.0805,0.9674
324,2015-07-20,30,0-5,11.4286,11.2648,8.8735,14.3918,1.2446,1.0324,1.5072,1.2434
324,2015-07-20,30,6-11,12.0000,11.8038,9.3231,14.7840,1.4082,1.1887,1.6676,1.4359
324,2015-07-20,30,12-17,6.4286,6.2309,4.7163,8.2125,1.2083,1.0144,1.4369,1.2537
324,2015-07-20,30,18-44,25.2857,25.0374,20.6065,30.0533,0.7447,0.6387,0.8707,0.7689
324,2015-07-20,30,45-64,22.2857,21.7558,17.7754,26.4854,0.7853,0.6654,0.9292,0.8129
324,2015-07-20,30,65+,14.8571,14.6749,11.7080,18.1721,0.8911,0.7444,1.0703,0.9277
325,2015-07-21,30,0-5,10.2857,11.4910,8.9968,14.5401,1.2674,1.0463,1.5347,1.1589
325,2015-07-21,30,6-11,11.2857,11.7910,9.3725,14.8420,1.4158,1.1975,1.6848,1.3764
325,2015-07-21,30,12-17,6.0000,6.1098,4.6178,8.0755,1.2087,1.0137,1.4343,1.2167
325,2015-07-21,30,18-44,24.7143,24.6914,20.3501,29.7195,0.7449,0.6387,0.8688,0.7479
325,2015-07-21,30,45-64,22.7143,21.9489,18.0249,26.6317,0.7821,0.6610,0.9198,0.7986
325,2015-07-21,30,65+,13.7143,14.4259,11.5647,17.9277,0.8852,0.7363,1.0613,0.8919
326,2015-07-22,30,0-5,9.8571,11.7448,9.1747,14.8223,1.2931,1.0698,1.5650,1.1275
326,2015-07-22,30,6-11,12.4286,11.8715,9.4293,14.9089,1.4311,1.2097,1.6972,1.4286
326,2015-07-22,30,12-17,5.7143,6.0232,4.5463,7.9097,1.2113,1.0188,1.4368,1.1914
326,2015-07-22,30,18-44,23.0000,24.3413,20.0605,29.2608,0.7479,0.6423,0.8695,0.7334
326,2015-07-22,30,45-64,22.2857,22.0308,18.0688,26.6890,0.7814,0.6615,0.9198,0.7876
326,2015-07-22,30,65+,14.0000,14.1947,11.3244,17.5612,0.8814,0.7350,1.0557,0.8966
327,2015-07-23,30,0-5,10.0000,12.0733,9.4314,15.2640,1.3161,1.0852,1.5937,1.1574
327,2015-07-23,30,6-11,12.2857,11.9971,9.5112,15.0081,1.4471,1.2187,1.7195,1.4347
327,2015-07-23,30,12-17,5.7143,5.9625,4.4779,7.8387,1.2133,1.0188,1.4478,1.2091
327,2015-07-23,30,18-44,23.1429,23.9721,19.7410,28.9939,0.7511,0.6436,0.8752,0.7441
327,2015-07-23,30,45-64,22.1429,21.9585,17.9494,26.6614,0.7807,0.6619,0.9197,0.7970
327,2015-07-23,30,65+,14.0000,13.9334,11.0551,17.2340,0.8804,0.7348,1.0581,0.9080
328,2015-07-24,30,0-5,12.1429,12.4656,9.8144,15.8040,1.3354,1.1028,1.6136,1.3048
328,2015-07-24,30,6-11,11.4286,12.0964,9.5929,15.1685,1.4596,1.2314,1.7324,1.4040
328,2015-07-24,30,12-17,6.0000,5.9199,4.4479,7.7688,1.2220,1.0256,1.4599,1.2302
328,2015-07-24,30,18-44,23.7143,23.5750,19.3516,28.7165,0.7545,0.6492,0.8790,0.7540
328,2015-07-24,30,45-64,20.8571,21.7464,17.6729,26.4768,0.7821,0.6643,0.9230,0.7829
328,2015-07-24,30,65+,12.8571,13.6265,10.7366,17.0055,0.8815,0.7342,1.0590,0.8732
329,2015-07-25,30,0-5,13.4286,12.9417,10.2539,16.1743,1.3431,1.1150,1.6188,1.3799
329,2015-07-25,30,6-11,12.5714,12.1988,9.6421,15.3552,1.4710,1.2366,1.7575,1.4809
329,2015-07-25,30,12-17,5.7143,5.8647,4.4115,7.6865,1.2318,1.0313,1.4690,1.2242
329,2015-07-25,30,18-44,22.8571,23.2281,19.1075,28.5468,0.7574,0.6502,0.8821,0.7673
329,2015-07-25,30,45-64,21.2857,21.4720,17.5032,26.1842,0.7826,0.6623,0.9234,0.7942
329,2015-07-25,30,65+,12.8571,13.3325,10.5338,16.8015,0.8786,0.7304,1.0573,0.8893
330,2015-07-26,31,0-5,14.2857,13.3695,10.6380,16.6610,1.3412,1.1063,1.6245,1.3986
330,2015-07-26,31,6-11,12.2857,12.3664,9.7977,15.5336,1.4861,1.2545,1.7696,1.4592
330,2015-07-26,31,12-17,5.1429,5.8387,4.3617,7.6842,1.2421,1.0404,1.4867,1.1975
330,2015-07-26,31,18-44,21.8571,22.9844,18.8763,28.0141,0.7592,0.6508,0.8859,0.7728
330,2015-07-26,31,45-64,23.0000,21.1469,17.2234,25.8364,0.7829,0.6618,0.9263,0.8139
330,2015-07-26,31,65+,12.7143,13.0625,10.4107,16.4327,0.8770,0.7302,1.0539,0.9074
331,2015-07-27,31,0-5,14.8571,13.7018,11.0161,17.1190,1.3234,1.0945,1.6053,1.4132
331,2015-07-27,31,6-11,11.7143,12.5821,9.9730,15.7344,1.4962,1.2598,1.7787,1.4431
331,2015-07-27,31,12-17,6.4286,5.8427,4.3365,7.7194,1.2534,1.0514,1.4985,1.3115
331,2015-07-27,31,18-44,23.2857,22.9369,18.5524,27.8650,0.7599,0.6524,0.8866,0.7802
331,2015-07-27,31,45-64,21.1429,20.7676,16.8824,25.3808,0.7841,0.6640,0.9277,0.8115
331,2015-07-27,31,65+,13.0000,12.8206,10.2080,16.0801,0.8748,0.7294,1.0547,0.9108
332,2015-07-28,31,0-5,16.4286,13.9927,11.2639,17.3806,1.2979,1.0795,1.5727,1.4711
332,2015-07-28,31,6-11,14.0000,12.8023,10.1383,16.0647,1.5014,1.2624,1.7848,1.5698
332,2015-07-28,31,12-17,6.2857,5.8750,4.3700,7.7637,1.2624,1.0604,1.5113,1.2803
332,2015-07-28,31,18-44,23.4286,22.9005,18.5592,27.8866,0.7595,0.6517,0.8861,0.7785
332,2015-07-28,31,45-64,19.4286,20.4125,16.7124,24.9587,0.7841,0.6640,0.9235,0.7864
332,2015-07-28,31,65+,12.7143,12.6178,9.9139,15.9071,0.8709,0.7265,1.0453,0.8885
333,2015-07-29,31,0-5,15.7143,14.0748,11.3244,17.5530,1.2724,1.0549,1.5413,1.3904
333,2015-07-29,31,6-11,12.8571,13.0467,10.3291,16.2789,1.4949,1.2601,1.7887,1.4863
333,2015-07-29,31,12-17,6.2857,5.9375,4.4252,7.8488,1.2728,1.0673,1.5187,1.2834
333,2015-07-29,31,18-44,24.1429,23.1293,18.7723,28.0324,0.7579,0.6494,0.8849,0.7747
333,2015-07-29,31,45-64,20.1429,20.1165,16.2858,24.5642,0.7839,0.6618,0.9244,0.7974
333,2015-07-29,31,65+,12.7143,12.4036,9.7104,15.5637,0.8689,0.7251,1.0419,0.8970
334,2015-07-30,31,0-5,15.1429,14.0543,11.2974,17.4579,1.2492,1.0359,1.5032,1.3249
334,2015-07-30,31,6-11,13.4286,13.2770,10.5836,16.6531,1.4879,1.2558,1.7686,1.4902
334,2015-07-30,31,12-17,6.1429,5.9878,4.4803,7.9611,1.2742,1.0704,1.5233,1.2588
334,2015-07-30,31,18-44,23.8571,23.4532,19.1123,28.5465,0.7551,0.6473,0.8799,0.7607
334,2015-07-30,31,45-64,20.0000,19.9387,16.0880,24.4081,0.7821,0.6631,0.9195,0.7884
334,2015-07-30,31,65+,12.7143,12.2230,9.5634,15.5151,0.8655,0.7251,1.0361,0.8920
335,2015-07-31,31,0-5,14.0000,13.9486,11.2115,17.2844,1.2347,1.0261,1.4902,1.2366
335,2015-07-31,31,6-11,13.7143,13.5536,10.7388,16.9541,1.4842,1.2539,1.7654,1.4746
335,2015-07-31,31,12-17,6.4286,6.0597,4.5452,8.0891,1.2792,1.0722,1.5240,1.2826
335,2015-07-31,31,18-44,22.7143,23.9225,19.5306,29.1151,0.7532,0.6468,0.8811,0.7459
335,2015-07-31,31,45-64,21.0000,19.8046,15.9998,24.3917,0.7799,0.6633,0.9209,0.7896
335,2015-07-31,31,65+,12.2857,12.0995,9.4333,15.2643,0.8654,0.7235,1.0396,0.8825
336,2015-08-01,31,0-5,12.5714,13.7884,10.9879,17.0974,1.2230,1.0115,1.4729,1.1640
336,2015-08-01,31,6-11,13.7143,13.7660,10.9546,17.2359,1.4753,1.2468,1.7611,1.4486
336,2015-08-01,31,12-17,6.4286,6.1534,4.6094,8.1603,1.2780,1.0740,1.5210,1.2516
336,2015-08-01,31,18-44,23.4286,24.3924,20.0177,29.7462,0.7500,0.6438,0.8761,0.7236
336,2015-08-01,31,45-64,19.2857,19.6805,15.8561,24.2514,0.7773,0.6609,0.9164,0.7564
336,2015-08-01,31,65+,11.5714,12.0168,9.3883,15.1498,0.8672,0.7223,1.0392,0.8396
337,2015-08-02,32,0-5,13.0000,13.5905,10.7697,16.8715,1.2140,1.0085,1.4601,1.2346
337,2015-08-02,32,6-11,14.4286,13.9336,11.1677,17.5755,1.4666,1.2326,1.7510,1.5198
337,2015-08-02,32,12-17,6.5714,6.2868,4.6837,8.2950,1.2770,1.0745,1.5246,1.2832
337,2015-08-02,32,18-44,25.7143,24.8722,20.4801,30.4063,0.7477,0.6422,0.8721,0.7577
337,2015-08-02,32,45-64,18.8571,19.6391,15.8475,24.1060,0.7748,0.6582,0.9140,0.7756
337,2015-08-02,32,65+,11.4286,11.9415,9.3546,15.0539,0.8696,0.7252,1.0451,0.8522
338,2015-08-03,32,0-5,13.4286,13.3178,10.4639,16.5564,1.2038,0.9963,1.4488,1.2689
338,2015-08-03,32,6-11,15.2857,14.0383,11.2456,17.7278,1.4503,1.2269,1.7316,1.5570
338,2015-08-03,32,12-17,5.5714,6.4134,4.8196,8.4169,1.2770,1.0737,1.5195,1.2168
338,2015-08-03,32,18-44,25.1429,25.2459,20.7383,30.7674,0.7425,0.6362,0.8672,0.7707
338,2015-08-03,32,45-64,20.5714,19.4683,15.9618,23.9296,0.7708,0.6562,0.9063,0.7966
338,2015-08-03,32,65+,11.4286,11.9489,9.3552,15.0892,0.8735,0.7304,1.0450,0.8749
339,2015-08-04,32,0-5,12.8571,13.0392,10.2851,16.1741,1.1949,0.9914,1.4401,1.2474
339,2015-08-04,32,6-11,14.2857,14.0491,11.2485,17.9125,1.4344,1.2122,1.7100,1.4990
339,2015-08-04,32,12-17,6.7143,6.5386,4.9463,8.4829,1.2682,1.0606,1.5127,1.3135
339,2015-08-04,32,18-44,25.8571,25.4609,21.0717,30.8753,0.7340,0.6305,0.8555,0.7721
339,2015-08-04,32,45-64,19.8571,19.2877,15.7481,23.7318,0.7632,0.6490,0.8937,0.8023
339,2015-08-04,32,65+,12.0000,12.0251,9.4391,15.1909,0.8747,0.7297,1.0454,0.8915
340,2015-08-05,32,0-5,12.8571,12.7763,10.1742,15.7528,1.1895,0.9826,1.4343,1.2478
340,2015-08-05,32,6-11,14.1429,14.0378,11.2380,17.7756,1.4213,1.2021,1.6843,1.4786
340,2015-08-05,32,12-17,6.8571,6.6674,5.0578,8.5565,1.2600,1.0518,1.5011,1.3138
340,2015-08-05,32,18-44,25.8571,25.4681,21.1132,30.9638,0.7259,0.6231,0.8499,0.7662
340,2015-08-05,32,45-64,19.7143,19.0186,15.4789,23.4249,0.7554,0.6417,0.8866,0.7942
340,2015-08-05,32,65+,11.7143,12.1784,9.6317,15.4637,0.8752,0.7291,1.0545,0.8776
341,2015-08-06,32,0-5,12.8571,12.5759,10.0017,15.6030,1.1830,0.9769,1.4320,1.2521
341,2015-08-06,32,6-11,13.8571,14.0417,11.2456,17.6521,1.4098,1.1907,1.6705,1.4613
341,2015-08-06,32,12-17,7.0000,6.7903,5.2078,8.7364,1.2528,1.0496,1.5039,1.3139
341,2015-08-06,32,18-44,26.0000,25.3774,21.0487,30.9212,0.7190,0.6166,0.8379,0.7645
341,2015-08-06,32,45-64,19.4286,18.7158,15.1843,23.0439,0.7480,0.6366,0.8787,0.7919
341,2015-08-06,32,65+,12.0000,12.4327,9.8587,15.6938,0.8763,0.7291,1.0552,0.8832
342,2015-08-07,32,0-5,13.0000,12.3880,9.8903,15.4349,1.1813,0.9799,1.4326,1.2673
342,2015-08-07,32,6-11,13.8571,14.0071,11.1327,17.5362,1.4005,1.1798,1.6651,1.4595
342,2015-08-07,32,12-17,6.5714,6.9262,5.2812,8.9179,1.2533,1.0525,1.5019,1.2518
342,2015-08-07,32,18-44,26.5714,25.2110,20.7635,30.5914,0.7145,0.6127,0.8321,0.7577
342,2015-08-07,32,45-64,17.8571,18.4306,14.9330,22.6646,0.7436,0.6314,0.8746,0.7738
342,2015-08-07,32,65+,12.7143,12.6848,10.1441,15.8721,0.8768,0.7276,1.0562,0.8894
343,2015-08-08,32,0-5,11.7143,12.2046,9.7768,15.3108,1.1858,0.9825,1.4304,1.1936
343,2015-08-08,32,6-11,14.4286,13.9597,11.1305,17.2989,1.3947,1.1768,1.6595,1.4774
343,2015-08-08,32,12-17,6.8571,7.0575,5.3966,9.0880,1.2554,1.0517,1.5009,1.2709
343,2015-08-08,32,18-44,25.5714,24.8474,20.2638,30.1903,0.7136,0.6123,0.8294,0.7476
343,2015-08-08,32,45-64,17.7143,18.1153,14.6341,22.3053,0.7427,0.6325,0.8713,0.7772
343,2015-08-08,32,65+,13.8571,12.9447,10.4117,16.2650,0.8780,0.7302,1.0591,0.9211
344,2015-08-09,33,0-5,11.0000,12.0922,9.6961,15.1466,1.1998,0.9986,1.4456,1.1411
344,2015-08-09,33,6-11,14.8571,13.8385,11.0397,17.1380,1.3999,1.1813,1.6732,1.4730
344,2015-08-09,33,12-17,7.1429,7.1509,5.4521,9.3001,1.2666,1.0574,1.5105,1.2817
344,2015-08-09,33,18-44,23.7143,24.5561,20.0328,29.8488,0.7193,0.6171,0.8370,0.7279
344,2015-08-09,33,45-64,18.0000,17.8406,14.4264,22.0428,0.7480,0.6381,0.8778,0.7674
344,2015-08-09,33,65+,13.8571,13.2032,10.5824,16.6290,0.8840,0.7372,1.0611,0.9112
345,2015-08-10,33,0-5,11.1429,12.0790,9.6410,15.1336,1.2206,1.0117,1.4737,1.1727
345,2015-08-10,33,6-11,14.4286,13.7293,10.8935,16.9627,1.4072,1.1915,1.6794,1.4636
345,2015-08-10,33,12-17,7.8571,7.2691,5.5742,9.4925,1.2819,1.0754,1.5326,1.3357
345,2015-08-10,33,18-44,24.4286,24.2311,19.8263,29.2505,0.7295,0.6264,0.8526,0.7370
345,2015-08-10,33,45-64,17.2857,17.6527,14.3330,21.8785,0.7591,0.6460,0.8924,0.7705
345,2015-08-10,33,65+,14.1429,13.4266,10.7551,16.9458,0.8950,0.7456,1.0793,0.9157
346,2015-08-11,33,0-5,12.1429,12.0465,9.5617,15.1146,1.2421,1.0316,1.5020,1.2204
346,2015-08-11,33,6-11,13.1429,13.6045,10.8181,16.9239,1.4253,1.2029,1.7009,1.3815
346,2015-08-11,33,12-17,7.0000,7.4156,5.6566,9.6395,1.3041,1.0938,1.5643,1.2432
346,2015-08-11,33,18-44,23.1429,24.1187,19.7798,29.0353,0.7429,0.6383,0.8686,0.7234
346,2015-08-11,33,45-64,17.7143,17.5756,14.2555,21.7215,0.7719,0.6572,0.9063,0.7577
346,2015-08-11,33,65+,14.0000,13.6406,10.8882,17.2004,0.9079,0.7594,1.0841,0.9032
347,2015-08-12,33,0-5,11.2857,12.1023,9.5938,15.2101,1.2671,1.0501,1.5247,1.1580
347,2015-08-12,33,6-11,12.4286,13.4494,10.6653,16.7089,1.4498,1.2239,1.7222,1.3204
347,2015-08-12,33,12-17,6.8571,7.5443,5.7363,9.7670,1.3361,1.1205,1.5955,1.1907
347,2015-08-12,33,18-44,22.4286,24.0384,19.6997,29.2961,0.7629,0.6553,0.8911,0.6871
347,2015-08-12,33,45-64,16.0000,17.6193,14.3968,21.5792,0.7919,0.6754,0.9294,0.7122
347,2015-08-12,33,65+,13.1429,13.8030,10.9389,17.3907,0.9252,0.7691,1.1099,0.8462
348,2015-08-13,33,0-5,12.7143,12.1246,9.6229,15.2799,1.2768,1.0620,1.5408,1.2614
348,2015-08-13,33,6-11,13.1429,13.2901,10.4984,16.5784,1.4681,1.2366,1.7436,1.3946
348,2015-08-13,33,12-17,6.8571,7.6956,5.8073,9.9856,1.3645,1.1452,1.6277,1.2157
348,2015-08-13,33,18-44,22.1429,24.1402,19.7688,29.6487,0.7808,0.6698,0.9141,0.7121
348,2015-08-13,33,45-64,16.4286,17.6738,14.3086,21.6375,0.8122,0.6923,0.9535,0.7319
348,2015-08-13,33,65+,13.1429,13.9123,11.0527,17.3994,0.9435,0.7877,1.1282,0.8652
349,2015-08-14,33,0-5,12.8571,12.1272,9.5727,15.2218,1.2846,1.0701,1.5556,1.3027
349,2015-08-14,33,6-11,13.7143,13.1325,10.3656,16.4075,1.4826,1.2490,1.7582,1.4739
349,2015-08-14,33,12-17,7.0000,7.8205,5.9150,10.1013,1.3888,1.1684,1.6573,1.2674
349,2015-08-14,33,18-44,23.4286,24.3786,19.9697,30.0141,0.7963,0.6834,0.9329,0.7489
349,2015-08-14,33,45-64,16.7143,17.8854,14.4648,21.8870,0.8300,0.7075,0.9770,0.7689
349,2015-08-14,33,65+,13.8571,13.9759,11.0167,17.4844,0.9585,0.8016,1.1560,0.9139
350,2015-08-15,33,0-5,13.4286,12.0969,9.4933,15.1890,1.2865,1.0725,1.5513,1.3606
350,2015-08-15,33,6-11,13.0000,12.9299,10.3332,16.2220,1.4898,1.2600,1.7607,1.4884
350,2015-08-15,33,12-17,7.5714,7.9489,6.0224,10.2899,1.3981,1.1775,1.6683,1.3675
350,2015-08-15,33,18-44,25.0000,24.7605,20.2798,30.3922,0.8063,0.6925,0.9390,0.7966
350,2015-08-15,33,45-64,18.4286,18.0326,14.6175,22.0795,0.8420,0.7175,0.9863,0.8278
350,2015-08-15,33,65+,14.5714,14.0572,11.1531,17.5938,0.9711,0.8103,1.1657,0.9744
351,2015-08-16,34,0-5,12.7143,11.9933,9.4708,15.1845,1.2833,1.0650,1.5406,1.3282
351,2015-08-16,34,6-11,12.2857,12.7788,10.1336,16.0664,1.4844,1.2604,1.7477,1.4757
351,2015-08-16,34,12-17,8.8571,8.0725,6.1432,10.3965,1.3982,1.1730,1.6650,1.4822
351,2015-08-16,34,18-44,27.1429,25.2860,20.7599,30.7893,0.8090,0.6955,0.9426,0.8129
351,2015-08-16,34,45-64,18.8571,18.3088,14.8895,22.3740,0.8472,0.7228,0.9931,0.8415
351,2015-08-16,34,65+,13.5714,14.1342,11.1993,17.6548,0.9762,0.8160,1.1697,0.9489
352,2015-08-17,34,0-5,11.7143,11.8671,9.4005,15.0980,1.2730,1.0577,1.5352,1.2481
352,2015-08-17,34,6-11,12.7143,12.6637,10.0117,15.8705,1.4722,1.2465,1.7449,1.4731
352,2015-08-17,34,12-17,8.8571,8.1568,6.2143,10.4363,1.3865,1.1669,1.6574,1.4380
352,2015-08-17,34,18-44,26.7143,25.8195,21.3024,31.4823,0.8053,0.6905,0.9399,0.7863
352,2015-08-17,34,45-64,18.7143,18.6693,15.1880,22.8957,0.8448,0.7200,0.9904,0.8144
352,2015-08-17,34,65+,13.0000,14.2359,11.2780,17.8148,0.9760,0.8157,1.1654,0.9110
353,2015-08-18,34,0-5,11.1429,11.7731,9.3180,14.9718,1.2650,1.0510,1.5200,1.2460
353,2015-08-18,34,6-11,13.2857,12.5278,9.8639,15.7245,1.4591,1.2339,1.7242,1.5342
353,2015-08-18,34,12-17,8.4286,8.2414,6.2769,10.5865,1.3677,1.1532,1.6329,1.4200
353,2015-08-18,34,18-44,28.0000,26.4227,21.8225,32.1093,0.7996,0.6842,0.9315,0.8172
353,2015-08-18,34,45-64,20.1429,19.0990,15.6291,23.4015,0.8400,0.7141,0.9840,0.8583
353,2015-08-18,34,65+,14.8571,14.4300,11.4480,18.0335,0.9732,0.8109,1.1653,0.9910
354,2015-08-19,34,0-5,13.2857,11.7214,9.2929,14.8298,1.2546,1.0396,1.5088,1.3946
354,2015-08-19,34,6-11,14.2857,12.3955,9.7611,15.5270,1.4374,1.2154,1.7069,1.6245
354,2015-08-19,34,12-17,8.7143,8.2870,6.3205,10.6789,1.3484,1.1344,1.6080,1.4580
354,2015-08-19,34,18-44,29.1429,26.8477,22.2194,32.7900,0.7894,0.6775,0.9211,0.8593
354,2015-08-19,34,45-64,21.5714,19.5455,15.9497,23.9791,0.8306,0.7085,0.9729,0.8943
354,2015-08-19,34,65+,15.7143,14.6705,11.6444,18.2569,0.9641,0.8044,1.1525,1.0338
355,2015-08-20,34,0-5,12.1429,11.6771,9.1962,14.7970,1.2525,1.0406,1.5124,1.2938
355,2015-08-20,34,6-11,13.7143,12.2447,9.7029,15.3759,1.4230,1.2045,1.6890,1.5424
355,2015-08-20,34,12-17,9.1429,8.3222,6.3558,10.7726,1.3312,1.1193,1.5823,1.4373
355,2015-08-20,34,18-44,28.7143,27.1367,22.5413,33.0726,0.7827,0.6730,0.9176,0.8203
355,2015-08-20,34,45-64,21.1429,20.0705,16.3217,24.6089,0.8226,0.7020,0.9676,0.8590
355,2015-08-20,34,65+,15.7143,14.9215,11.8042,18.5824,0.9548,0.7989,1.1483,0.9955
356,2015-08-21,34,0-5,10.7143,11.6965,9.2217,14.8383,1.2615,1.0497,1.5208,1.1671
356,2015-08-21,34,6-11,12.2857,12.1022,9.5761,15.3001,1.4254,1.2067,1.6858,1.4038
356,2015-08-21,34,12-17,9.2857,8.3519,6.4054,10.7951,1.3195,1.1113,1.5678,1.3879
356,2015-08-21,34,18-44,27.2857,27.5210,22.7886,33.4493,0.7837,0.6734,0.9139,0.7663
356,2015-08-21,34,45-64,21.1429,20.6039,16.6841,25.2590,0.8213,0.7001,0.9626,0.8126
356,2015-08-21,34,65+,14.7143,15.2084,12.1133,18.9528,0.9515,0.7978,1.1364,0.9276
357,2015-08-22,34,0-5,11.0000,11.8002,9.3402,14.8728,1.2764,1.0601,1.5351,1.1828
357,2015-08-22,34,6-11,11.5714,12.0273,9.5019,15.1299,1.4357,1.2170,1.6979,1.3608
357,2015-08-22,34,12-17,9.0000,8.3795,6.4114,10.7538,1.3136,1.1080,1.5635,1.3366
357,2015-08-22,34,18-44,27.2857,28.0480,23.1273,34.0272,0.7881,0.6778,0.9201,0.7539
357,2015-08-22,34,45-64,20.4286,21.1860,17.1947,25.9543,0.8244,0.7038,0.9675,0.7932
357,2015-08-22,34,65+,14.8571,15.5486,12.3805,19.3710,0.9506,0.7964,1.1363,0.9138
358,2015-08-23,35,0-5,11.4286,11.9459,9.4571,15.0021,1.2946,1.0701,1.5621,1.2160
358,2015-08-23,35,6-11,11.0000,11.9832,9.4374,15.1555,1.4603,1.2317,1.7322,1.3373
358,2015-08-23,35,12-17,7.4286,8.3703,6.4063,10.7705,1.3177,1.1056,1.5737,1.2163
358,2015-08-23,35,18-44,27.1429,28.4377,23.5397,34.4733,0.7976,0.6832,0.9324,0.7499
358,2015-08-23,35,45-64,20.1429,21.7110,17.6645,26.5198,0.8320,0.7078,0.9785,0.7853
358,2015-08-23,35,65+,15.5714,15.7934,12.6281,19.7000,0.9537,0.7971,1.1453,0.9279
359,2015-08-24,35,0-5,12.7143,12.1326,9.5939,15.2229,1.3185,1.0834,1.6021,1.3261
359,2015-08-24,35,6-11,10.4286,12.0006,9.4497,15.2166,1.4921,1.2495,1.7838,1.3691
359,2015-08-24,35,12-17,7.8571,8.3328,6.3909,10.7336,1.3278,1.1047,1.5970,1.2881
359,2015-08-24,35,18-44,28.4286,28.7894,23.8363,34.9722,0.8105,0.6913,0.9521,0.7924
359,2015-08-24,35,45-64,20.7143,22.1931,18.1085,27.1058,0.8436,0.7130,0.9963,0.8274
359,2015-08-24,35,65+,16.8571,15.9835,12.8237,19.8271,0.9618,0.7981,1.1589,0.9878
360,2015-08-25,35,0-5,11.8571,12.3384,9.7465,15.5904,1.3420,1.0827,1.6567,1.2688
360,2015-08-25,35,6-11,11.0000,12.0936,9.4935,15.2922,1.5250,1.2568,1.8461,1.4085
360,2015-08-25,35,12-17,8.5714,8.2679,6.2932,10.7578,1.3385,1.0965,1.6307,1.3583
360,2015-08-25,35,18-44,28.0000,29.1341,24.1453,35.4572,0.8234,0.6941,0.9756,0.7895
360,2015-08-25,35,45-64,22.1429,22.5824,18.4081,27.7074,0.8547,0.7134,1.0203,0.8268
360,2015-08-25,35,65+,14.5714,16.0517,12.9014,19.8978,0.9699,0.7939,1.1851,0.9283
361,2015-08-26,35,0-5,12.2857,12.5689,9.8214,16.0215,1.3598,1.0713,1.7255,1.3138
361,2015-08-26,35,6-11,12.0000,12.2835,9.5298,15.7026,1.5534,1.2463,1.9287,1.5037
361,2015-08-26,35,12-17,8.2857,8.1764,6.1369,10.7667,1.3485,1.0779,1.6841,1.3739
361,2015-08-26,35,18-44,28.5714,29.4552,24.2588,35.9886,0.8344,0.6885,1.0098,0.8211
361,2015-08-26,35,45-64,23.4286,23.0434,18.6355,28.4516,0.8643,0.7065,1.0536,0.8635
361,2015-08-26,35,65+,15.7143,16.0906,12.8097,20.1156,0.9768,0.7775,1.2251,0.9826
362,2015-08-27,35,0-5,12.2857,12.8350,9.7741,16.7230,1.3773,1.0420,1.8169,1.3217
362,2015-08-27,35,6-11,11.5714,12.5438,9.4865,16.3000,1.5738,1.2182,2.0231,1.4928
362,2015-08-27,35,12-17,7.8571,8.0750,5.9067,10.9535,1.3570,1.0521,1.7563,1.3549
362,2015-08-27,35,18-44,29.8571,29.8076,24.2164,36.9355,0.8424,0.6737,1.0539,0.8330
362,2015-08-27,35,45-64,24.1429,23.4236,18.7236,29.3299,0.8707,0.6883,1.0999,0.8755
362,2015-08-27,35,65+,15.8571,16.1204,12.5433,20.5941,0.9806,0.7574,1.2763,0.9918
363,2015-08-28,35,0-5,14.0000,13.1069,9.5571,17.9017,1.3883,1.0066,1.9206,1.4462
363,2015-08-28,35,6-11,13.8571,12.8595,9.3031,17.5155,1.5885,1.1834,2.1436,1.6640
363,2015-08-28,35,12-17,8.1429,8.0035,5.5884,11.4065,1.3665,1.0231,1.8434,1.4117
363,2015-08-28,35,18-44,31.5714,30.2531,23.7528,38.6465,0.8504,0.6568,1.1056,0.8798
363,2015-08-28,35,45-64,25.0000,23.7953,18.3592,30.9183,0.8786,0.6691,1.1542,0.9106
363,2015-08-28,35,65+,16.7143,16.1344,12.0705,21.4972,0.9871,0.7321,1.3444,1.0331
364,2015-08-29,35,0-5,15.1429,13.4258,9.1737,19.7302,1.3963,0.9695,2.0343,1.4726
364,2015-08-29,35,6-11,14.8571,13.1877,8.9132,19.4695,1.5995,1.1486,2.2704,1.6788
364,2015-08-29,35,12-17,8.0000,7.9428,5.1972,12.2390,1.3761,0.9920,1.9424,1.3770
364,2015-08-29,35,18-44,31.8571,30.7134,22.9134,41.5235,0.8563,0.6372,1.1654,0.8650
364,2015-08-29,35,45-64,24.8571,24.1508,17.7215,33.3051,0.8841,0.6485,1.2155,0.8812
364,2015-08-29,35,65+,15.5714,16.1707,11.4630,23.0319,0.9933,0.7075,1.4143,0.9787
