day,date,wk,age_group,cond,R_med,S_med,cases,Rj_med
1,2018-09-02,36,0-5,baseline,12.3398,1791730.6225,11.8571,1.5014
1,2018-09-02,36,0-5,corrected,469552.7604,1322186.8038,12.9302,1.5123
1,2018-09-02,36,6-11,baseline,18.6803,2707487.6585,20.0000,1.8268
1,2018-09-02,36,6-11,corrected,511529.2370,2195971.5390,21.8100,1.8351
1,2018-09-02,36,12-17,baseline,6.8753,2772063.7157,7.1429,1.7184
1,2018-09-02,36,12-17,corrected,238487.8593,2533578.5351,8.0043,1.7582
1,2018-09-02,36,18-44,baseline,24.0903,18023197.3838,26.7143,1.0022
1,2018-09-02,36,18-44,corrected,749495.5549,17273707.7780,31.8034,1.0187
1,2018-09-02,36,45-64,baseline,17.4352,16876885.4820,18.1429,1.0187
1,2018-09-02,36,45-64,corrected,555520.2760,16321376.4064,19.7503,1.0244
1,2018-09-02,36,65+,baseline,10.6542,9267238.6069,10.2857,1.0970
1,2018-09-02,36,65+,corrected,211452.4644,9055796.6195,10.2857,1.0809
2,2018-09-03,36,0-5,baseline,24.7725,1791717.1997,12.7143,1.4972
2,2018-09-03,36,0-5,corrected,469566.1772,1322172.3945,13.8649,1.5044
2,2018-09-03,36,6-11,baseline,37.4703,2707465.8884,22.2857,1.8841
2,2018-09-03,36,6-11,corrected,511549.4767,2195948.1273,24.3026,1.8839
2,2018-09-03,36,12-17,baseline,14.6537,2772052.2319,8.4286,1.8042
2,2018-09-03,36,12-17,corrected,238496.3901,2533565.3738,9.4451,1.8248
2,2018-09-03,36,18-44,baseline,50.4571,18023162.4405,26.7143,0.9842
2,2018-09-03,36,18-44,corrected,749526.7091,17273666.3783,31.8034,0.9964
2,2018-09-03,36,45-64,baseline,35.5093,16876863.8492,18.1429,1.0000
2,2018-09-03,36,45-64,corrected,555540.0977,16321353.5244,19.7503,0.9999
2,2018-09-03,36,65+,baseline,21.7187,9267224.7901,11.0000,1.0814
2,2018-09-03,36,65+,corrected,211463.5915,9055782.7710,11.0000,1.0563
3,2018-09-04,36,0-5,baseline,37.4836,1791703.4719,13.1429,1.4777
3,2018-09-04,36,0-5,corrected,469579.8935,1322157.2035,14.3323,1.4941
3,2018-09-04,36,6-11,baseline,56.9417,2707442.4004,21.8571,1.8966
3,2018-09-04,36,6-11,corrected,511570.5391,2195923.5489,23.8352,1.9131
3,2018-09-04,36,12-17,baseline,22.9084,2772038.7800,9.8571,1.8465
3,2018-09-04,36,12-17,corrected,238506.1139,2533549.6419,11.0459,1.8759
3,2018-09-04,36,18-44,baseline,78.9774,18023129.3426,28.2857,0.9582
3,2018-09-04,36,18-44,corrected,749560.4402,17273627.0501,33.6741,0.9731
3,2018-09-04,36,45-64,baseline,54.3437,16876842.2654,19.5714,0.9741
3,2018-09-04,36,45-64,corrected,555560.7833,16321330.9745,21.3055,0.9751
3,2018-09-04,36,65+,baseline,33.5470,9267210.4865,12.0000,1.0566
3,2018-09-04,36,65+,corrected,211475.4843,9055768.4052,12.0000,1.0322
4,2018-09-05,36,0-5,baseline,50.4513,1791689.1182,13.8571,1.4479
4,2018-09-05,36,0-5,corrected,469593.8780,1322141.6474,15.1112,1.4601
4,2018-09-05,36,6-11,baseline,77.3932,2707416.6942,21.5714,1.9034
4,2018-09-05,36,6-11,corrected,511592.6551,2195895.4721,23.5236,1.9135
4,2018-09-05,36,12-17,baseline,32.5066,2772022.9818,11.5714,1.8548
4,2018-09-05,36,12-17,corrected,238517.5690,2533531.3672,12.9669,1.8650
4,2018-09-05,36,18-44,baseline,108.8606,18023097.1471,31.1429,0.9271
4,2018-09-05,36,18-44,corrected,749596.1082,17273588.5402,37.0756,0.9402
4,2018-09-05,36,45-64,baseline,74.0924,16876821.0396,19.2857,0.9418
4,2018-09-05,36,45-64,corrected,555582.0498,16321307.3055,20.9944,0.9416
4,2018-09-05,36,65+,baseline,46.0234,9267195.4823,12.7143,1.0261
4,2018-09-05,36,65+,corrected,211488.0634,9055753.5496,12.7143,1.0000
5,2018-09-06,36,0-5,baseline,63.8204,1791674.0432,13.8571,1.4083
5,2018-09-06,36,0-5,corrected,469608.2537,1322125.3853,15.1112,1.4187
5,2018-09-06,36,6-11,baseline,99.0977,2707387.9446,20.5714,1.8826
5,2018-09-06,36,6-11,corrected,511615.9295,2195864.2949,22.4331,1.8985
5,2018-09-06,36,12-17,baseline,43.8500,2772004.8325,12.1429,1.8244
5,2018-09-06,36,12-17,corrected,238530.5338,2533510.8803,13.6073,1.8147
5,2018-09-06,36,18-44,baseline,139.7451,18023063.0415,31.5714,0.8916
5,2018-09-06,36,18-44,corrected,749632.7916,17273547.6642,37.5858,0.9036
5,2018-09-06,36,45-64,baseline,94.5747,16876798.2860,19.8571,0.9039
5,2018-09-06,36,45-64,corrected,555603.7692,16321282.2709,21.6165,0.9030
5,2018-09-06,36,65+,baseline,59.2476,9267179.8797,12.5714,0.9864
5,2018-09-06,36,65+,corrected,211501.3123,9055737.7442,12.5714,0.9627
6,2018-09-07,36,0-5,baseline,77.5299,1791658.7375,15.8571,1.3562
6,2018-09-07,36,0-5,corrected,469623.2052,1322108.7418,17.2922,1.3682
6,2018-09-07,36,6-11,baseline,122.4237,2707357.3239,24.5714,1.8395
6,2018-09-07,36,6-11,corrected,511640.9884,2195830.8333,26.7951,1.8573
6,2018-09-07,36,12-17,baseline,56.9061,2771984.9204,15.0000,1.7408
6,2018-09-07,36,12-17,corrected,238545.4448,2533488.4898,16.8090,1.7363
6,2018-09-07,36,18-44,baseline,171.7112,18023026.8800,31.7143,0.8526
6,2018-09-07,36,18-44,corrected,749671.3488,17273505.1761,37.7559,0.8641
6,2018-09-07,36,45-64,baseline,115.5843,16876774.4456,21.5714,0.8605
6,2018-09-07,36,45-64,corrected,555626.4596,16321255.8885,23.4827,0.8602
6,2018-09-07,36,65+,baseline,73.0561,9267163.9406,14.2857,0.9431
6,2018-09-07,36,65+,corrected,211515.2612,9055721.5821,14.2857,0.9180
7,2018-09-08,36,0-5,baseline,91.9202,1791642.5836,15.8571,1.3021
7,2018-09-08,36,0-5,corrected,469638.5300,1322091.5903,17.2922,1.3111
7,2018-09-08,36,6-11,baseline,147.6855,2707324.3091,27.2857,1.7799
7,2018-09-08,36,6-11,corrected,511668.4241,2195794.7932,29.7551,1.7951
7,2018-09-08,36,12-17,baseline,71.6515,2771964.2746,17.0000,1.6369
7,2018-09-08,36,12-17,corrected,238562.2627,2533465.2851,19.0502,1.6291
7,2018-09-08,36,18-44,baseline,204.5574,18022988.5406,32.2857,0.8106
7,2018-09-08,36,18-44,corrected,749710.5982,17273460.7870,38.4361,0.8206
7,2018-09-08,36,45-64,baseline,137.0819,16876749.9334,23.1429,0.8144
7,2018-09-08,36,45-64,corrected,555650.2969,16321228.5531,25.1933,0.8139
7,2018-09-08,36,65+,baseline,87.4263,9267147.3227,16.0000,0.8947
7,2018-09-08,36,65+,corrected,211529.7128,9055705.2819,16.0000,0.8700
8,2018-09-09,37,0-5,baseline,106.6392,1791626.6681,16.2857,1.2488
8,2018-09-09,37,0-5,corrected,469654.4991,1322074.3925,17.7596,1.2594
8,2018-09-09,37,6-11,baseline,175.0581,2707289.7209,30.0000,1.7141
8,2018-09-09,37,6-11,corrected,511698.3282,2195757.0600,32.7150,1.7256
8,2018-09-09,37,12-17,baseline,88.0817,2771943.4439,19.8571,1.5262
8,2018-09-09,37,12-17,corrected,238580.8713,2533442.1695,22.2519,1.5224
8,2018-09-09,37,18-44,baseline,239.1106,18022948.8154,34.5714,0.7679
8,2018-09-09,37,18-44,corrected,749750.9505,17273412.8632,41.1573,0.7791
8,2018-09-09,37,45-64,baseline,159.5680,16876724.1055,23.8571,0.7683
8,2018-09-09,37,45-64,corrected,555674.8161,16321200.4038,25.9709,0.7679
8,2018-09-09,37,65+,baseline,102.3554,9267130.9426,16.7143,0.8443
8,2018-09-09,37,65+,corrected,211544.9184,9055688.7713,16.7143,0.8200
9,2018-09-10,37,0-5,baseline,121.7179,1791610.2785,15.5714,1.2094
9,2018-09-10,37,0-5,corrected,469670.9205,1322056.1942,16.9806,1.2177
9,2018-09-10,37,6-11,baseline,204.8298,2707253.2210,29.8571,1.6475
9,2018-09-10,37,6-11,corrected,511730.6722,2195717.5893,32.5592,1.6594
9,2018-09-10,37,12-17,baseline,105.9568,2771922.5601,19.8571,1.4199
9,2018-09-10,37,12-17,corrected,238601.2831,2533419.2446,22.2519,1.4216
9,2018-09-10,37,18-44,baseline,274.6856,18022906.8052,38.1429,0.7298
9,2018-09-10,37,18-44,corrected,749793.3740,17273362.5339,45.4091,0.7415
9,2018-09-10,37,45-64,baseline,183.0958,16876697.0916,24.4286,0.7262
9,2018-09-10,37,45-64,corrected,555700.5555,16321171.2963,26.5929,0.7264
9,2018-09-10,37,65+,baseline,118.0248,9267114.2281,16.7143,0.7976
9,2018-09-10,37,65+,corrected,211560.2205,9055672.0196,16.7143,0.7749
10,2018-09-11,37,0-5,baseline,137.2777,1791593.1197,14.1429,1.1835
10,2018-09-11,37,0-5,corrected,469687.5053,1322037.6173,15.4228,1.1897
10,2018-09-11,37,6-11,baseline,236.0876,2707215.1662,31.1429,1.5940
10,2018-09-11,37,6-11,corrected,511764.6896,2195677.0850,33.9613,1.6053
10,2018-09-11,37,12-17,baseline,124.5368,2771902.6088,20.0000,1.3329
10,2018-09-11,37,12-17,corrected,238622.3371,2533396.7304,22.4120,1.3344
10,2018-09-11,37,18-44,baseline,312.6470,18022863.7850,38.8571,0.7022
10,2018-09-11,37,18-44,corrected,749837.2172,17273311.7085,46.2594,0.7113
10,2018-09-11,37,45-64,baseline,207.3881,16876670.3589,24.0000,0.6942
10,2018-09-11,37,45-64,corrected,555727.0734,16321141.6178,26.1264,0.6931
10,2018-09-11,37,65+,baseline,133.7199,9267097.9689,16.0000,0.7614
10,2018-09-11,37,65+,corrected,211576.0688,9055655.7113,16.0000,0.7386
11,2018-09-12,37,0-5,baseline,152.9655,1791575.3778,14.8571,1.1693
11,2018-09-12,37,0-5,corrected,469704.7803,1322018.4935,16.2017,1.1726
11,2018-09-12,37,6-11,baseline,269.1738,2707176.4027,32.7143,1.5501
11,2018-09-12,37,6-11,corrected,511801.0391,2195634.9854,35.6749,1.5551
11,2018-09-12,37,12-17,baseline,143.9583,2771883.8424,19.8571,1.2664
11,2018-09-12,37,12-17,corrected,238643.8674,2533375.7317,22.2519,1.2686
11,2018-09-12,37,18-44,baseline,351.6050,18022821.4372,37.4286,0.6819
11,2018-09-12,37,18-44,corrected,749883.8739,17273261.6981,44.5587,0.6904
11,2018-09-12,37,45-64,baseline,232.0079,16876642.2637,24.5714,0.6710
11,2018-09-12,37,45-64,corrected,555754.5776,16321111.9845,26.7485,0.6698
11,2018-09-12,37,65+,baseline,149.7076,9267082.3170,16.1429,0.7328
11,2018-09-12,37,65+,corrected,211592.3304,9055639.8884,16.1429,0.7122
12,2018-09-13,37,0-5,baseline,169.1132,1791557.6385,15.2857,1.1580
12,2018-09-13,37,0-5,corrected,469722.6644,1321998.7166,16.6691,1.1652
12,2018-09-13,37,6-11,baseline,303.9842,2707138.7620,33.2857,1.5099
12,2018-09-13,37,6-11,corrected,511839.0395,2195592.5973,36.2981,1.5201
12,2018-09-13,37,12-17,baseline,163.7742,2771865.5091,20.1429,1.2150
12,2018-09-13,37,12-17,corrected,238665.5193,2533355.4436,22.5721,1.2231
12,2018-09-13,37,18-44,baseline,391.5060,18022779.5968,37.2857,0.6670
12,2018-09-13,37,18-44,corrected,749931.4208,17273210.1407,44.3886,0.6777
12,2018-09-13,37,45-64,baseline,257.7173,16876615.1502,24.5714,0.6552
12,2018-09-13,37,45-64,corrected,555782.7174,16321082.2033,26.7485,0.6553
12,2018-09-13,37,65+,baseline,165.9107,9267066.1659,16.1429,0.7138
12,2018-09-13,37,65+,corrected,211608.7526,9055623.6404,16.1429,0.6935
13,2018-09-14,37,0-5,baseline,185.8812,1791539.2022,15.4286,1.1509
13,2018-09-14,37,0-5,corrected,469740.9566,1321978.2147,16.8249,1.1574
13,2018-09-14,37,6-11,baseline,340.5420,2707101.1565,36.0000,1.4718
13,2018-09-14,37,6-11,corrected,511877.5908,2195550.6702,39.2580,1.4849
13,2018-09-14,37,12-17,baseline,182.6771,2771848.1008,18.7143,1.1807
13,2018-09-14,37,12-17,corrected,238686.7328,2533336.5233,20.9712,1.1914
13,2018-09-14,37,18-44,baseline,432.9427,18022736.9382,38.1429,0.6581
13,2018-09-14,37,18-44,corrected,749980.1358,17273160.5218,45.4091,0.6672
13,2018-09-14,37,45-64,baseline,284.0933,16876587.8790,23.8571,0.6462
13,2018-09-14,37,45-64,corrected,555811.4444,16321051.5566,25.9709,0.6460
13,2018-09-14,37,65+,baseline,181.7307,9267050.0065,14.1429,0.7023
13,2018-09-14,37,65+,corrected,211625.3225,9055607.6609,14.1429,0.6821
14,2018-09-15,37,0-5,baseline,203.2572,1791520.3296,16.4286,1.1370
14,2018-09-15,37,0-5,corrected,469759.8526,1321958.0372,17.9154,1.1420
14,2018-09-15,37,6-11,baseline,377.1102,2707064.3647,35.8571,1.4369
14,2018-09-15,37,6-11,corrected,511917.7225,2195509.2938,39.1022,1.4488
14,2018-09-15,37,12-17,baseline,201.3647,2771831.7730,17.2857,1.1587
14,2018-09-15,37,12-17,corrected,238707.7685,2533317.9574,19.3704,1.1692
14,2018-09-15,37,18-44,baseline,473.7832,18022696.7128,41.2857,0.6476
14,2018-09-15,37,18-44,corrected,750029.6616,17273110.9258,49.1506,0.6592
14,2018-09-15,37,45-64,baseline,310.8296,16876561.2585,24.0000,0.6385
14,2018-09-15,37,45-64,corrected,555840.9792,16321021.3225,26.1264,0.6407
14,2018-09-15,37,65+,baseline,198.5527,9267035.3906,13.5714,0.6927
14,2018-09-15,37,65+,corrected,211641.6986,9055592.4971,13.5714,0.6732
15,2018-09-16,38,0-5,baseline,220.9057,1791501.6153,17.7143,1.1166
15,2018-09-16,38,0-5,corrected,469779.2666,1321937.5558,19.3174,1.1233
15,2018-09-16,38,6-11,baseline,413.6688,2707028.0378,36.4286,1.3936
15,2018-09-16,38,6-11,corrected,511957.6498,2195470.3110,39.7254,1.4086
15,2018-09-16,38,12-17,baseline,219.6221,2771815.9544,15.8571,1.1429
15,2018-09-16,38,12-17,corrected,238727.8841,2533300.2192,17.7695,1.1554
15,2018-09-16,38,18-44,baseline,514.8021,18022657.9110,41.7143,0.6382
15,2018-09-16,38,18-44,corrected,750079.6702,17273063.7179,49.6609,0.6481
15,2018-09-16,38,45-64,baseline,337.5114,16876535.0562,24.4286,0.6324
15,2018-09-16,38,45-64,corrected,555870.1859,16320993.3522,26.5929,0.6347
15,2018-09-16,38,65+,baseline,214.2740,9267021.2690,15.1429,0.6819
15,2018-09-16,38,65+,corrected,211657.0325,9055578.6630,15.1429,0.6671
16,2018-09-17,38,0-5,baseline,238.9603,1791482.8692,18.7143,1.0894
16,2018-09-17,38,0-5,corrected,469798.8008,1321918.3745,20.4079,1.0941
16,2018-09-17,38,6-11,baseline,450.5770,2706993.6090,36.1429,1.3469
16,2018-09-17,38,6-11,corrected,511998.3275,2195432.9432,39.4138,1.3599
16,2018-09-17,38,12-17,baseline,237.1968,2771801.0271,15.7143,1.1251
16,2018-09-17,38,12-17,corrected,238747.3820,2533283.2821,17.6094,1.1413
16,2018-09-17,38,18-44,baseline,555.3406,18022621.0301,40.2857,0.6261
16,2018-09-17,38,18-44,corrected,750128.3787,17273019.1958,47.9601,0.6361
16,2018-09-17,38,45-64,baseline,364.4599,16876508.8867,25.8571,0.6245
16,2018-09-17,38,45-64,corrected,555899.3166,16320965.2293,28.1481,0.6260
16,2018-09-17,38,65+,baseline,229.2569,9267007.5721,15.5714,0.6741
16,2018-09-17,38,65+,corrected,211672.6640,9055565.0971,15.5714,0.6571
17,2018-09-18,38,0-5,baseline,257.4744,1791465.6284,20.5714,1.0614
17,2018-09-18,38,0-5,corrected,469818.1597,1321899.6288,22.4331,1.0648
17,2018-09-18,38,6-11,baseline,486.7741,2706961.8731,39.0000,1.3009
17,2018-09-18,38,6-11,corrected,512037.5338,2195398.2316,42.5295,1.3140
17,2018-09-18,38,12-17,baseline,253.9883,2771786.4885,16.1429,1.1111
17,2018-09-18,38,12-17,corrected,238766.4121,2533266.5951,18.0897,1.1256
17,2018-09-18,38,18-44,baseline,594.9182,18022584.2342,40.5714,0.6142
17,2018-09-18,38,18-44,corrected,750175.4750,17272976.0796,48.3003,0.6235
17,2018-09-18,38,45-64,baseline,390.8015,16876483.3803,28.4286,0.6157
17,2018-09-18,38,45-64,corrected,555928.9683,16320937.3669,30.9473,0.6159
17,2018-09-18,38,65+,baseline,244.2569,9266994.2401,15.7143,0.6626
17,2018-09-18,38,65+,corrected,211687.5826,9055551.5193,15.7143,0.6456
18,2018-09-19,38,0-5,baseline,275.6036,1791448.5388,20.7143,1.0387
18,2018-09-19,38,0-5,corrected,469837.5165,1321881.0939,22.5889,1.0443
18,2018-09-19,38,6-11,baseline,521.8266,2706932.1644,38.8571,1.2661
18,2018-09-19,38,6-11,corrected,512076.3979,2195365.5616,42.3737,1.2702
18,2018-09-19,38,12-17,baseline,270.3958,2771772.0263,17.7143,1.1002
18,2018-09-19,38,12-17,corrected,238784.9960,2533250.1094,19.8506,1.1109
18,2018-09-19,38,18-44,baseline,633.5838,18022546.9448,43.1429,0.6070
18,2018-09-19,38,18-44,corrected,750222.3159,17272932.1444,51.3616,0.6133
18,2018-09-19,38,45-64,baseline,417.3389,16876458.4533,30.4286,0.6107
18,2018-09-19,38,45-64,corrected,555957.7502,16320910.6365,33.1245,0.6082
18,2018-09-19,38,65+,baseline,258.9355,9266981.8924,16.1429,0.6590
18,2018-09-19,38,65+,corrected,211702.2543,9055539.3286,16.1429,0.6376
19,2018-09-20,38,0-5,baseline,293.5683,1791431.8546,19.8571,1.0326
19,2018-09-20,38,0-5,corrected,469856.9967,1321862.7923,21.6542,1.0445
19,2018-09-20,38,6-11,baseline,556.1870,2706903.6072,40.1429,1.2548
19,2018-09-20,38,6-11,corrected,512113.4987,2195334.5348,43.7758,1.2586
19,2018-09-20,38,12-17,baseline,285.9460,2771757.9719,17.5714,1.0973
19,2018-09-20,38,12-17,corrected,238802.8730,2533233.4715,19.6905,1.1091
19,2018-09-20,38,18-44,baseline,672.2970,18022508.5411,43.4286,0.6097
19,2018-09-20,38,18-44,corrected,750268.5325,17272887.7663,51.7017,0.6162
19,2018-09-20,38,45-64,baseline,443.4460,16876433.3724,29.8571,0.6145
19,2018-09-20,38,45-64,corrected,555985.8145,16320884.2861,32.5025,0.6121
19,2018-09-20,38,65+,baseline,272.9795,9266968.4380,16.2857,0.6663
19,2018-09-20,38,65+,corrected,211716.3126,9055525.4434,16.2857,0.6471
20,2018-09-21,38,0-5,baseline,310.7493,1791414.7341,16.8571,1.0603
20,2018-09-21,38,0-5,corrected,469875.9003,1321843.8497,18.3827,1.0711
20,2018-09-21,38,6-11,baseline,588.2096,2706876.2182,31.0000,1.2747
20,2018-09-21,38,6-11,corrected,512148.4711,2195304.7745,33.8055,1.2804
20,2018-09-21,38,12-17,baseline,301.3108,2771744.5027,15.0000,1.1170
20,2018-09-21,38,12-17,corrected,238820.3717,2533217.8595,16.8090,1.1285
20,2018-09-21,38,18-44,baseline,710.4864,18022468.4689,37.0000,0.6307
20,2018-09-21,38,18-44,corrected,750313.0138,17272842.5500,44.0485,0.6373
20,2018-09-21,38,45-64,baseline,469.0005,16876407.6304,25.7143,0.6368
20,2018-09-21,38,45-64,corrected,556013.6319,16320856.5325,27.9926,0.6335
20,2018-09-21,38,65+,baseline,286.7164,9266953.4402,14.4286,0.6941
20,2018-09-21,38,65+,corrected,211729.7745,9055511.1818,14.4286,0.6724
21,2018-09-22,38,0-5,baseline,327.9249,1791397.8278,15.4286,1.1190
21,2018-09-22,38,0-5,corrected,469895.0888,1321824.7135,16.8249,1.1314
21,2018-09-22,38,6-11,baseline,619.3457,2706849.6373,27.2857,1.3314
21,2018-09-22,38,6-11,corrected,512182.4678,2195275.9195,29.7551,1.3374
21,2018-09-22,38,12-17,baseline,316.0625,2771731.0944,14.0000,1.1687
21,2018-09-22,38,12-17,corrected,238837.1941,2533202.5024,15.6884,1.1750
21,2018-09-22,38,18-44,baseline,749.2826,18022427.5259,31.1429,0.6728
21,2018-09-22,38,18-44,corrected,750358.7621,17272793.3941,37.0756,0.6807
21,2018-09-22,38,45-64,baseline,494.5644,16876381.7011,21.8571,0.6810
21,2018-09-22,38,45-64,corrected,556041.2654,16320827.8993,23.7937,0.6785
21,2018-09-22,38,65+,baseline,300.2295,9266939.1720,11.7143,0.7479
21,2018-09-22,38,65+,corrected,211743.2356,9055496.0293,11.7143,0.7258
22,2018-09-23,39,0-5,baseline,345.5531,1791380.4777,15.4286,1.1998
22,2018-09-23,39,0-5,corrected,469913.8321,1321805.7778,16.8249,1.2140
22,2018-09-23,39,6-11,baseline,648.9416,2706823.3451,27.0000,1.4137
22,2018-09-23,39,6-11,corrected,512214.9770,2195247.4705,29.4435,1.4195
22,2018-09-23,39,12-17,baseline,330.3164,2771718.3850,13.0000,1.2361
22,2018-09-23,39,12-17,corrected,238853.5018,2533188.0326,14.5678,1.2395
22,2018-09-23,39,18-44,baseline,788.9854,18022384.4138,32.1429,0.7298
22,2018-09-23,39,18-44,corrected,750404.8772,17272741.4589,38.2661,0.7376
22,2018-09-23,39,45-64,baseline,520.5304,16876355.2759,19.8571,0.7411
22,2018-09-23,39,45-64,corrected,556069.1206,16320799.6566,21.6165,0.7361
22,2018-09-23,39,65+,baseline,314.6033,9266923.4416,8.5714,0.8228
22,2018-09-23,39,65+,corrected,211757.1973,9055480.2644,8.5714,0.7947
23,2018-09-24,39,0-5,baseline,363.0984,1791363.0870,15.8571,1.2971
23,2018-09-24,39,0-5,corrected,469933.3462,1321786.1037,17.2922,1.3078
23,2018-09-24,39,6-11,baseline,677.9158,2706797.1940,29.1429,1.5113
23,2018-09-24,39,6-11,corrected,512246.8178,2195218.7508,31.7803,1.5112
23,2018-09-24,39,12-17,baseline,343.8769,2771706.2883,13.4286,1.3136
23,2018-09-24,39,12-17,corrected,238869.3941,2533173.7810,15.0481,1.3129
23,2018-09-24,39,18-44,baseline,828.9944,18022339.8696,36.2857,0.7971
23,2018-09-24,39,18-44,corrected,750451.7511,17272688.2826,43.1981,0.8026
23,2018-09-24,39,45-64,baseline,546.2189,16876328.1214,22.5714,0.8127
23,2018-09-24,39,45-64,corrected,556096.9297,16320770.0128,24.5713,0.8045
23,2018-09-24,39,65+,baseline,328.9049,9266905.9361,10.4286,0.9166
23,2018-09-24,39,65+,corrected,211771.5576,9055462.8803,10.4286,0.8823
24,2018-09-25,39,0-5,baseline,380.1528,1791343.5183,16.4286,1.3981
24,2018-09-25,39,0-5,corrected,469952.3619,1321764.9160,17.9154,1.4033
24,2018-09-25,39,6-11,baseline,706.2049,2706770.4488,25.7143,1.6034
24,2018-09-25,39,6-11,corrected,512277.7048,2195190.3707,28.0414,1.6134
24,2018-09-25,39,12-17,baseline,357.1367,2771694.0710,13.2857,1.3924
24,2018-09-25,39,12-17,corrected,238884.6884,2533160.0110,14.8880,1.3942
24,2018-09-25,39,18-44,baseline,870.4740,18022293.3682,40.4286,0.8623
24,2018-09-25,39,18-44,corrected,750501.0459,17272632.9116,48.1302,0.8720
24,2018-09-25,39,45-64,baseline,572.8019,16876298.9883,23.7143,0.8845
24,2018-09-25,39,45-64,corrected,556125.1103,16320739.3371,25.8154,0.8792
24,2018-09-25,39,65+,baseline,344.1262,9266886.1065,13.8571,1.0117
24,2018-09-25,39,65+,corrected,211786.8356,9055442.7386,13.8571,0.9792
25,2018-09-26,39,0-5,baseline,397.7854,1791323.4829,15.2857,1.4898
25,2018-09-26,39,0-5,corrected,469971.9209,1321742.6820,16.6691,1.4935
25,2018-09-26,39,6-11,baseline,733.3788,2706743.6228,24.5714,1.6991
25,2018-09-26,39,6-11,corrected,512308.6824,2195160.3550,26.7951,1.7054
25,2018-09-26,39,12-17,baseline,370.5240,2771681.7825,11.2857,1.4641
25,2018-09-26,39,12-17,corrected,238899.7693,2533146.2997,12.6468,1.4651
25,2018-09-26,39,18-44,baseline,913.7029,18022242.6651,38.8571,0.9245
25,2018-09-26,39,18-44,corrected,750552.2241,17272573.8662,46.2594,0.9323
25,2018-09-26,39,45-64,baseline,599.6860,16876268.8294,23.7143,0.9540
25,2018-09-26,39,45-64,corrected,556153.9213,16320705.1664,25.8154,0.9444
25,2018-09-26,39,65+,baseline,360.7461,9266863.9035,13.4286,1.1122
25,2018-09-26,39,65+,corrected,211803.2243,9055421.3504,13.4286,1.0704
26,2018-09-27,39,0-5,baseline,416.3182,1791302.2717,15.7143,1.5501
26,2018-09-27,39,0-5,corrected,469992.3339,1321719.5807,17.1364,1.5508
26,2018-09-27,39,6-11,baseline,760.2769,2706715.8951,22.2857,1.7599
26,2018-09-27,39,6-11,corrected,512337.7987,2195129.3428,24.3026,1.7722
26,2018-09-27,39,12-17,baseline,383.0618,2771669.5174,11.0000,1.5020
26,2018-09-27,39,12-17,corrected,238914.6496,2533132.2023,12.3266,1.5031
26,2018-09-27,39,18-44,baseline,958.4848,18022192.2840,39.5714,0.9590
26,2018-09-27,39,18-44,corrected,750605.7342,17272512.5928,47.1098,0.9679
26,2018-09-27,39,45-64,baseline,627.3152,16876237.5207,24.0000,0.9933
26,2018-09-27,39,45-64,corrected,556184.1586,16320670.6352,26.1264,0.9842
26,2018-09-27,39,65+,baseline,378.7078,9266838.5899,14.0000,1.1753
26,2018-09-27,39,65+,corrected,211821.6872,9055397.5314,14.0000,1.1298
27,2018-09-28,39,0-5,baseline,435.2896,1791279.5435,20.5714,1.5601
27,2018-09-28,39,0-5,corrected,470012.9830,1321694.8509,22.4331,1.5658
27,2018-09-28,39,6-11,baseline,787.2993,2706687.7826,28.4286,1.7703
27,2018-09-28,39,6-11,corrected,512367.3304,2195098.4337,31.0014,1.7790
27,2018-09-28,39,12-17,baseline,395.4651,2771657.7659,13.2857,1.4939
27,2018-09-28,39,12-17,corrected,238929.1229,2533118.3940,14.8880,1.4964
27,2018-09-28,39,18-44,baseline,1004.7133,18022141.9902,51.1429,0.9554
27,2018-09-28,39,18-44,corrected,750660.0143,17272453.0682,60.8856,0.9654
27,2018-09-28,39,45-64,baseline,656.0487,16876205.2980,31.7143,0.9894
27,2018-09-28,39,45-64,corrected,556215.0955,16320635.9771,34.5242,0.9834
27,2018-09-28,39,65+,baseline,398.0510,9266812.7642,20.4286,1.1820
27,2018-09-28,39,65+,corrected,211841.2478,9055371.8997,20.4286,1.1381
28,2018-09-29,39,0-5,baseline,455.1804,1791255.2533,21.8571,1.5340
28,2018-09-29,39,0-5,corrected,470034.5947,1321668.3397,23.8352,1.5437
28,2018-09-29,39,6-11,baseline,814.7005,2706658.6254,32.0000,1.7351
28,2018-09-29,39,6-11,corrected,512397.3676,2195066.1746,34.8960,1.7429
28,2018-09-29,39,12-17,baseline,407.9257,2771645.5562,14.5714,1.4446
28,2018-09-29,39,12-17,corrected,238943.5204,2533104.2465,16.3287,1.4492
28,2018-09-29,39,18-44,baseline,1051.7433,18022091.4243,58.5714,0.9193
28,2018-09-29,39,18-44,corrected,750717.0313,17272392.8993,69.7293,0.9311
28,2018-09-29,39,45-64,baseline,685.1590,16876172.6473,36.7143,0.9500
28,2018-09-29,39,45-64,corrected,556247.6472,16320599.4447,39.9672,0.9471
28,2018-09-29,39,65+,baseline,419.5049,9266785.1239,27.7143,1.1392
28,2018-09-29,39,65+,corrected,211861.6552,9055343.7893,27.7143,1.1041
29,2018-09-30,40,0-5,baseline,476.4985,1791228.5683,22.2857,1.4893
29,2018-09-30,40,0-5,corrected,470058.0165,1321638.6025,24.3026,1.5044
29,2018-09-30,40,6-11,baseline,842.4348,2706626.7614,29.8571,1.6778
29,2018-09-30,40,6-11,corrected,512427.7126,2195032.2215,32.5592,1.6879
29,2018-09-30,40,12-17,baseline,420.3472,2771632.4672,14.1429,1.3785
29,2018-09-30,40,12-17,corrected,238957.5898,2533089.7095,15.8485,1.3863
29,2018-09-30,40,18-44,baseline,1100.3700,18022038.6164,53.5714,0.8700
29,2018-09-30,40,18-44,corrected,750774.1998,17272328.7179,63.7768,0.8847
29,2018-09-30,40,45-64,baseline,715.7323,16876136.1849,34.7143,0.8938
29,2018-09-30,40,45-64,corrected,556280.7416,16320559.1977,37.7900,0.8954
29,2018-09-30,40,65+,baseline,442.5660,9266754.9259,27.5714,1.0686
29,2018-09-30,40,65+,corrected,211884.3380,9055313.9654,27.5714,1.0423
30,2018-10-01,40,0-5,baseline,499.3705,1791199.6951,23.2857,1.4420
30,2018-10-01,40,0-5,corrected,470082.9508,1321607.4095,25.3931,1.4546
30,2018-10-01,40,6-11,baseline,871.0895,2706594.0732,29.7143,1.6229
30,2018-10-01,40,6-11,corrected,512459.2379,2194996.8386,32.4034,1.6441
30,2018-10-01,40,12-17,baseline,432.8295,2771619.3563,14.0000,1.3120
30,2018-10-01,40,12-17,corrected,238971.6229,2533075.3938,15.6884,1.3194
30,2018-10-01,40,18-44,baseline,1150.3215,18021984.3062,53.7143,0.8218
30,2018-10-01,40,18-44,corrected,750833.4615,17272264.2159,63.9469,0.8375
30,2018-10-01,40,45-64,baseline,747.4502,16876098.3927,34.5714,0.8374
30,2018-10-01,40,45-64,corrected,556315.7306,16320517.9589,37.6345,0.8408
30,2018-10-01,40,65+,baseline,467.2390,9266724.5501,31.1429,0.9971
30,2018-10-01,40,65+,corrected,211908.9264,9055283.6773,31.1429,0.9738
31,2018-10-02,40,0-5,baseline,523.6320,1791169.6543,24.7143,1.3944
31,2018-10-02,40,0-5,corrected,470109.3413,1321573.4422,26.9509,1.4083
31,2018-10-02,40,6-11,baseline,900.8794,2706560.3191,29.8571,1.5914
31,2018-10-02,40,6-11,corrected,512492.0511,2194958.5844,32.5592,1.6060
31,2018-10-02,40,12-17,baseline,445.6564,2771605.8992,13.4286,1.2572
31,2018-10-02,40,12-17,corrected,238985.8932,2533060.7261,15.0481,1.2620
31,2018-10-02,40,18-44,baseline,1200.9100,18021930.8130,51.8571,0.7829
31,2018-10-02,40,18-44,corrected,750893.6939,17272201.0074,61.7359,0.7959
31,2018-10-02,40,45-64,baseline,780.8261,16876060.3861,35.4286,0.7909
31,2018-10-02,40,45-64,corrected,556353.0166,16320476.7387,38.5675,0.7934
31,2018-10-02,40,65+,baseline,494.0695,9266694.2909,28.4286,0.9383
31,2018-10-02,40,65+,corrected,211934.9537,9055253.1402,28.4286,0.9176
32,2018-10-03,40,0-5,baseline,549.1850,1791138.3917,27.1429,1.3592
32,2018-10-03,40,0-5,corrected,470137.3008,1321539.6176,29.5993,1.3659
32,2018-10-03,40,6-11,baseline,931.4136,2706524.5452,30.4286,1.5761
32,2018-10-03,40,6-11,corrected,512526.0202,2194918.7338,33.1824,1.5836
32,2018-10-03,40,12-17,baseline,458.4873,2771592.2158,13.1429,1.2188
32,2018-10-03,40,12-17,corrected,239000.0636,2533045.1486,14.7279,1.2232
32,2018-10-03,40,18-44,baseline,1253.1972,18021876.5757,52.4286,0.7548
32,2018-10-03,40,18-44,corrected,750954.8461,17272135.5575,62.4162,0.7645
32,2018-10-03,40,45-64,baseline,814.8960,16876023.0300,35.4286,0.7586
32,2018-10-03,40,45-64,corrected,556391.2240,16320434.7022,38.5675,0.7586
32,2018-10-03,40,65+,baseline,521.5970,9266663.5322,29.2857,0.8963
32,2018-10-03,40,65+,corrected,211962.3596,9055222.7812,29.2857,0.8755
33,2018-10-04,40,0-5,baseline,576.2907,1791106.1632,29.2857,1.3333
33,2018-10-04,40,0-5,corrected,470167.4954,1321504.0655,31.9361,1.3381
33,2018-10-04,40,6-11,baseline,963.9279,2706485.7783,32.1429,1.5745
33,2018-10-04,40,6-11,corrected,512562.1208,2194876.3149,35.0518,1.5768
33,2018-10-04,40,12-17,baseline,471.5550,2771578.7520,12.7143,1.1984
33,2018-10-04,40,12-17,corrected,239014.0351,2533030.1838,14.2476,1.2029
33,2018-10-04,40,18-44,baseline,1305.1723,18021822.4466,52.1429,0.7378
33,2018-10-04,40,18-44,corrected,751017.8191,17272071.8192,62.0761,0.7449
33,2018-10-04,40,45-64,baseline,851.0432,16875985.4469,35.7143,0.7386
33,2018-10-04,40,45-64,corrected,556430.8401,16320393.2572,38.8786,0.7368
33,2018-10-04,40,65+,baseline,550.0597,9266633.1332,29.2857,0.8680
33,2018-10-04,40,65+,corrected,211990.9524,9055192.5767,29.2857,0.8471
34,2018-10-05,40,0-5,baseline,604.8798,1791072.9819,29.2857,1.3230
34,2018-10-05,40,0-5,corrected,470199.1790,1321468.0097,31.9361,1.3255
34,2018-10-05,40,6-11,baseline,998.3017,2706443.9940,34.5714,1.5992
34,2018-10-05,40,6-11,corrected,512598.4973,2194830.5438,37.7001,1.5992
34,2018-10-05,40,12-17,baseline,484.8141,2771564.7825,12.8571,1.1973
34,2018-10-05,40,12-17,corrected,239028.5181,2533014.8235,14.4077,1.2040
34,2018-10-05,40,18-44,baseline,1358.2553,18021767.8637,52.1429,0.7336
34,2018-10-05,40,18-44,corrected,751081.5328,17272006.7091,62.0761,0.7409
34,2018-10-05,40,45-64,baseline,887.3430,16875947.9258,35.8571,0.7319
34,2018-10-05,40,45-64,corrected,556470.6638,16320352.7246,39.0341,0.7307
34,2018-10-05,40,65+,baseline,579.0046,9266602.9671,29.0000,0.8607
34,2018-10-05,40,65+,corrected,212020.3686,9055162.9271,29.0000,0.8391
35,2018-10-06,40,0-5,baseline,634.6886,1791039.3481,28.7143,1.3256
35,2018-10-06,40,0-5,corrected,470231.9225,1321431.0116,31.3129,1.3327
35,2018-10-06,40,6-11,baseline,1034.5054,2706398.7133,33.2857,1.6395
35,2018-10-06,40,6-11,corrected,512637.7970,2194781.5537,36.2981,1.6391
35,2018-10-06,40,12-17,baseline,498.0256,2771550.5931,12.1429,1.2176
35,2018-10-06,40,12-17,corrected,239043.4368,2532998.9988,13.6073,1.2226
35,2018-10-06,40,18-44,baseline,1411.8314,18021710.6299,44.7143,0.7397
35,2018-10-06,40,18-44,corrected,751145.4756,17271940.2215,53.2324,0.7481
35,2018-10-06,40,45-64,baseline,923.8324,16875911.4068,30.8571,0.7376
35,2018-10-06,40,45-64,corrected,556511.4321,16320311.4323,33.5911,0.7369
35,2018-10-06,40,65+,baseline,609.4474,9266572.2895,22.4286,0.8679
35,2018-10-06,40,65+,corrected,212049.8927,9055132.7897,22.4286,0.8461
36,2018-10-07,41,0-5,baseline,665.7977,1791004.9400,30.8571,1.3416
36,2018-10-07,41,0-5,corrected,470265.5800,1321393.4922,33.6497,1.3470
36,2018-10-07,41,6-11,baseline,1072.9398,2706349.6592,39.4286,1.6955
36,2018-10-07,41,6-11,corrected,512679.9532,2194728.3486,42.9969,1.6908
36,2018-10-07,41,12-17,baseline,511.5204,2771536.7349,13.7143,1.2485
36,2018-10-07,41,12-17,corrected,239059.0200,2532982.8351,15.3682,1.2509
36,2018-10-07,41,18-44,baseline,1466.2404,18021655.8783,53.7143,0.7527
36,2018-10-07,41,18-44,corrected,751210.5510,17271875.7723,63.9469,0.7590
36,2018-10-07,41,45-64,baseline,960.5942,16875875.4585,37.2857,0.7507
36,2018-10-07,41,45-64,corrected,556551.9033,16320272.4701,40.5892,0.7463
36,2018-10-07,41,65+,baseline,639.7215,9266542.9695,27.2857,0.8815
36,2018-10-07,41,65+,corrected,212079.4645,9055102.8749,27.2857,0.8547
37,2018-10-08,41,0-5,baseline,697.5567,1790969.4759,33.0000,1.3609
37,2018-10-08,41,0-5,corrected,470300.9309,1321354.1050,35.9865,1.3637
37,2018-10-08,41,6-11,baseline,1113.7864,2706294.3908,40.4286,1.7573
37,2018-10-08,41,6-11,corrected,512725.9814,2194669.6953,44.0874,1.7555
37,2018-10-08,41,12-17,baseline,525.2274,2771521.3729,12.1429,1.2854
37,2018-10-08,41,12-17,corrected,239074.6440,2532965.7299,13.6073,1.2895
37,2018-10-08,41,18-44,baseline,1520.0254,18021600.0890,51.7143,0.7669
37,2018-10-08,41,18-44,corrected,751275.4239,17271809.0698,61.5659,0.7743
37,2018-10-08,41,45-64,baseline,997.3187,16875838.2182,34.8571,0.7639
37,2018-10-08,41,45-64,corrected,556592.3151,16320232.4215,37.9455,0.7607
37,2018-10-08,41,65+,baseline,669.7608,9266512.1557,26.5714,0.8923
37,2018-10-08,41,65+,corrected,212109.7386,9055073.0350,26.5714,0.8671
38,2018-10-09,41,0-5,baseline,730.5999,1790932.5786,32.0000,1.3822
38,2018-10-09,41,0-5,corrected,470337.4940,1321313.8719,34.8960,1.3901
38,2018-10-09,41,6-11,baseline,1158.4474,2706232.7290,43.4286,1.8278
38,2018-10-09,41,6-11,corrected,512773.8122,2194603.3734,47.3589,1.8353
38,2018-10-09,41,12-17,baseline,539.4620,2771505.3973,13.8571,1.3312
38,2018-10-09,41,12-17,corrected,239091.2645,2532947.6076,15.5283,1.3397
38,2018-10-09,41,18-44,baseline,1575.6706,18021540.4361,53.2857,0.7829
38,2018-10-09,41,18-44,corrected,751340.4023,17271736.9868,63.4366,0.7919
38,2018-10-09,41,45-64,baseline,1033.9486,16875799.8498,33.7143,0.7794
38,2018-10-09,41,45-64,corrected,556632.3448,16320191.3755,36.7014,0.7759
38,2018-10-09,41,65+,baseline,699.6558,9266481.6973,30.0000,0.9002
38,2018-10-09,41,65+,corrected,212139.3205,9055043.0846,30.0000,0.8730
39,2018-10-10,41,0-5,baseline,765.0226,1790894.7893,32.4286,1.4058
39,2018-10-10,41,0-5,corrected,470374.7870,1321271.1142,35.3634,1.4185
39,2018-10-10,41,6-11,baseline,1207.2839,2706162.4047,48.1429,1.9013
39,2018-10-10,41,6-11,corrected,512826.9680,2194527.5789,52.4998,1.9076
39,2018-10-10,41,12-17,baseline,554.2998,2771487.5551,13.8571,1.3796
39,2018-10-10,41,12-17,corrected,239107.6113,2532928.1805,15.5283,1.3932
39,2018-10-10,41,18-44,baseline,1631.3115,18021479.9628,55.5714,0.7941
39,2018-10-10,41,18-44,corrected,751406.6485,17271663.3152,66.1578,0.8075
39,2018-10-10,41,45-64,baseline,1071.1067,16875761.1675,35.0000,0.7859
39,2018-10-10,41,45-64,corrected,556672.6054,16320148.4755,38.1010,0.7881
39,2018-10-10,41,65+,baseline,729.6898,9266452.0165,30.7143,0.8933
39,2018-10-10,41,65+,corrected,212169.3794,9055013.1429,30.7143,0.8710
40,2018-10-11,41,0-5,baseline,800.8552,1790853.0111,33.7143,1.4301
40,2018-10-11,41,0-5,corrected,470413.3311,1321226.8924,36.7654,1.4395
40,2018-10-11,41,6-11,baseline,1263.5043,2706079.4344,51.7143,1.9767
40,2018-10-11,41,6-11,corrected,512886.6251,2194440.6763,56.3944,1.9868
40,2018-10-11,41,12-17,baseline,569.6273,2771467.7201,14.7143,1.4294
40,2018-10-11,41,12-17,corrected,239124.7123,2532905.8567,16.4888,1.4465
40,2018-10-11,41,18-44,baseline,1688.3120,18021418.2421,56.5714,0.8026
40,2018-10-11,41,18-44,corrected,751474.5272,17271588.4665,67.3483,0.8169
40,2018-10-11,41,45-64,baseline,1109.4573,16875718.7111,36.0000,0.7886
40,2018-10-11,41,45-64,corrected,556713.5805,16320103.5613,39.1896,0.7925
40,2018-10-11,41,65+,baseline,759.0559,9266423.8919,30.4286,0.8790
40,2018-10-11,41,65+,corrected,212198.7293,9054984.8193,30.4286,0.8594
41,2018-10-12,41,0-5,baseline,837.8129,1790807.4056,37.0000,1.4456
41,2018-10-12,41,0-5,corrected,470453.6317,1321179.5355,40.3485,1.4603
41,2018-10-12,41,6-11,baseline,1325.3458,2705984.9855,59.2857,2.0332
41,2018-10-12,41,6-11,corrected,512953.3102,2194336.5353,64.6511,2.0515
41,2018-10-12,41,12-17,baseline,586.2530,2771445.0884,15.2857,1.4720
41,2018-10-12,41,12-17,corrected,239142.8846,2532880.2557,17.1292,1.4888
41,2018-10-12,41,18-44,baseline,1747.4128,18021353.4339,58.8571,0.8007
41,2018-10-12,41,18-44,corrected,751545.9296,17271510.6268,70.0694,0.8171
41,2018-10-12,41,45-64,baseline,1147.8743,16875676.0175,38.7143,0.7788
41,2018-10-12,41,45-64,corrected,556755.7047,16320056.9923,42.1444,0.7850
41,2018-10-12,41,65+,baseline,788.4026,9266397.2050,29.7143,0.8490
41,2018-10-12,41,65+,corrected,212228.2596,9054957.8534,29.7143,0.8337
42,2018-10-13,41,0-5,baseline,876.8970,1790759.6188,40.0000,1.4493
42,2018-10-13,41,0-5,corrected,470496.1260,1321126.7314,43.6200,1.4618
42,2018-10-13,41,6-11,baseline,1394.7057,2705873.5786,72.4286,2.0753
42,2018-10-13,41,6-11,corrected,513028.2992,2194214.2651,78.9834,2.0857
42,2018-10-13,41,12-17,baseline,604.0899,2771419.1592,18.1429,1.5082
42,2018-10-13,41,12-17,corrected,239162.8327,2532850.9222,20.3309,1.5203
42,2018-10-13,41,18-44,baseline,1808.3299,18021284.6639,65.2857,0.7912
42,2018-10-13,41,18-44,corrected,751617.2746,17271431.1510,77.7226,0.8072
42,2018-10-13,41,45-64,baseline,1187.5580,16875632.8656,44.1429,0.7615
42,2018-10-13,41,45-64,corrected,556798.7082,16320010.2948,48.0539,0.7672
42,2018-10-13,41,65+,baseline,818.0219,9266371.2746,33.5714,0.8131
42,2018-10-13,41,65+,corrected,212257.1635,9054932.1503,33.5714,0.7977
43,2018-10-14,42,0-5,baseline,918.5360,1790706.6387,42.1429,1.4487
43,2018-10-14,42,0-5,corrected,470541.4254,1321068.9803,45.9568,1.4666
43,2018-10-14,42,6-11,baseline,1476.5303,2705742.5107,78.1429,2.0952
43,2018-10-14,42,6-11,corrected,513116.9876,2194070.0960,85.2148,2.1239
43,2018-10-14,42,12-17,baseline,624.0950,2771387.9607,19.0000,1.5306
43,2018-10-14,42,12-17,corrected,239185.0575,2532815.6905,21.2914,1.5479
43,2018-10-14,42,18-44,baseline,1870.3650,18021212.5276,63.4286,0.7770
43,2018-10-14,42,18-44,corrected,751691.8332,17271344.2120,75.5117,0.7943
43,2018-10-14,42,45-64,baseline,1228.6621,16875587.2470,43.0000,0.7388
43,2018-10-14,42,45-64,corrected,556842.5042,16319961.3402,46.8098,0.7449
43,2018-10-14,42,65+,baseline,846.3305,9266346.4601,32.5714,0.7752
43,2018-10-14,42,65+,corrected,212285.3904,9054907.3219,32.5714,0.7612
44,2018-10-15,42,0-5,baseline,962.6884,1790647.9433,42.1429,1.4481
44,2018-10-15,42,0-5,corrected,470589.3724,1321004.9601,45.9568,1.4633
44,2018-10-15,42,6-11,baseline,1570.3366,2705587.3526,94.0000,2.1061
44,2018-10-15,42,6-11,corrected,513218.8025,2193900.1866,102.5070,2.1306
44,2018-10-15,42,12-17,baseline,647.5595,2771351.4538,23.0000,1.5410
44,2018-10-15,42,12-17,corrected,239210.7848,2532776.1318,25.7738,1.5588
44,2018-10-15,42,18-44,baseline,1935.6985,18021134.2159,65.5714,0.7609
44,2018-10-15,42,18-44,corrected,751770.6164,17271251.5996,78.0628,0.7758
44,2018-10-15,42,45-64,baseline,1270.6714,16875540.2156,44.8571,0.7145
44,2018-10-15,42,45-64,corrected,556887.7669,16319910.5140,48.8315,0.7194
44,2018-10-15,42,65+,baseline,873.1420,9266321.5568,27.8571,0.7398
44,2018-10-15,42,65+,corrected,212312.6984,9054883.3981,27.8571,0.7257
45,2018-10-16,42,0-5,baseline,1010.6123,1790583.6380,47.1429,1.4509
45,2018-10-16,42,0-5,corrected,470641.3893,1320934.2463,51.4093,1.4578
45,2018-10-16,42,6-11,baseline,1680.4873,2705408.7744,113.0000,2.0940
45,2018-10-16,42,6-11,corrected,513340.1094,2193704.5012,123.2265,2.1150
45,2018-10-16,42,12-17,baseline,673.7341,2771308.6488,27.8571,1.5458
45,2018-10-16,42,12-17,corrected,239240.1608,2532728.8110,31.2167,1.5555
45,2018-10-16,42,18-44,baseline,2004.1760,18021050.7877,68.5714,0.7468
45,2018-10-16,42,18-44,corrected,751850.6323,17271152.4707,81.6343,0.7585
45,2018-10-16,42,45-64,baseline,1313.6852,16875492.0414,46.0000,0.6937
45,2018-10-16,42,45-64,corrected,556934.4952,16319857.9007,50.0756,0.6961
45,2018-10-16,42,65+,baseline,899.6859,9266296.5594,24.5714,0.7090
45,2018-10-16,42,65+,corrected,212338.9808,9054858.8008,24.5714,0.6951
46,2018-10-17,42,0-5,baseline,1061.5025,1790511.9116,52.7143,1.4398
46,2018-10-17,42,0-5,corrected,470698.1594,1320855.6575,57.4849,1.4500
46,2018-10-17,42,6-11,baseline,1808.0237,2705206.6755,129.4286,2.0662
46,2018-10-17,42,6-11,corrected,513478.9376,2193484.2915,141.1419,2.0821
46,2018-10-17,42,12-17,baseline,704.5329,2771259.7640,31.4286,1.5332
46,2018-10-17,42,12-17,corrected,239274.0654,2532674.9476,35.2189,1.5380
46,2018-10-17,42,18-44,baseline,2076.8743,18020959.2367,71.2857,0.7289
46,2018-10-17,42,18-44,corrected,751936.8301,17271044.9916,84.8656,0.7398
46,2018-10-17,42,45-64,baseline,1358.2269,16875443.0411,44.4286,0.6717
46,2018-10-17,42,45-64,corrected,556982.8750,16319803.2265,48.3649,0.6735
46,2018-10-17,42,65+,baseline,926.2096,9266270.6496,23.4286,0.6827
46,2018-10-17,42,65+,corrected,212365.0120,9054833.4151,23.4286,0.6674
47,2018-10-18,42,0-5,baseline,1119.4185,1790431.4927,56.0000,1.4158
47,2018-10-18,42,0-5,corrected,470760.4862,1320768.1511,61.0680,1.4288
47,2018-10-18,42,6-11,baseline,1956.5636,2704977.1999,141.7143,2.0188
47,2018-10-18,42,6-11,corrected,513639.3359,2193230.3687,154.5394,2.0381
47,2018-10-18,42,12-17,baseline,739.6978,2771205.0466,34.4286,1.5101
47,2018-10-18,42,12-17,corrected,239313.0072,2532612.8519,38.5807,1.5177
47,2018-10-18,42,18-44,baseline,2154.6077,18020860.0914,74.4286,0.7092
47,2018-10-18,42,18-44,corrected,752027.8963,17270923.3903,88.6072,0.7220
47,2018-10-18,42,45-64,baseline,1404.6551,16875390.5767,45.7143,0.6498
47,2018-10-18,42,45-64,corrected,557032.5983,16319745.8977,49.7646,0.6535
47,2018-10-18,42,65+,baseline,951.6240,9266244.0622,24.8571,0.6560
47,2018-10-18,42,65+,corrected,212390.6158,9054807.0389,24.8571,0.6418
48,2018-10-19,42,0-5,baseline,1183.0422,1790345.9576,65.0000,1.3863
48,2018-10-19,42,0-5,corrected,470830.2139,1320673.9672,70.8825,1.3999
48,2018-10-19,42,6-11,baseline,2124.9510,2704727.2910,178.7143,1.9605
48,2018-10-19,42,6-11,corrected,513826.8855,2192954.3382,194.8879,1.9802
48,2018-10-19,42,12-17,baseline,780.3786,2771144.3251,43.0000,1.4676
48,2018-10-19,42,12-17,corrected,239357.9147,2532546.2354,48.1858,1.4812
48,2018-10-19,42,18-44,baseline,2236.3744,18020752.4625,81.0000,0.6903
48,2018-10-19,42,18-44,corrected,752127.4586,17270796.2754,96.4305,0.7031
48,2018-10-19,42,45-64,baseline,1452.3306,16875335.5899,45.1429,0.6308
48,2018-10-19,42,45-64,corrected,557084.7022,16319684.7870,49.1425,0.6351
48,2018-10-19,42,65+,baseline,978.0592,9266217.6817,26.1429,0.6324
48,2018-10-19,42,65+,corrected,212415.9261,9054781.0724,26.1429,0.6204
49,2018-10-20,42,0-5,baseline,1253.4523,1790252.4854,73.1429,1.3481
49,2018-10-20,42,0-5,corrected,470906.4611,1320570.6907,79.7623,1.3659
49,2018-10-20,42,6-11,baseline,2317.4614,2704451.4703,200.4286,1.9072
49,2018-10-20,42,6-11,corrected,514038.0210,2192646.7302,218.5674,1.9241
49,2018-10-20,42,12-17,baseline,826.1970,2771078.3339,47.5714,1.4311
49,2018-10-20,42,12-17,corrected,239410.4129,2532471.6526,53.3085,1.4377
49,2018-10-20,42,18-44,baseline,2325.7751,18020632.0716,90.2857,0.6711
49,2018-10-20,42,18-44,corrected,752234.0329,17270653.2624,107.4851,0.6835
49,2018-10-20,42,45-64,baseline,1501.5835,16875273.8030,48.5714,0.6136
49,2018-10-20,42,45-64,corrected,557139.5071,16319618.1537,52.8749,0.6167
49,2018-10-20,42,65+,baseline,1004.3607,9266190.7645,26.1429,0.6116
49,2018-10-20,42,65+,corrected,212441.8041,9054753.4878,26.1429,0.5997
50,2018-10-21,43,0-5,baseline,1329.0274,1790151.4369,77.0000,1.3143
50,2018-10-21,43,0-5,corrected,470989.4083,1320460.7222,83.9685,1.3206
50,2018-10-21,43,6-11,baseline,2533.4843,2704144.9331,217.2857,1.8617
50,2018-10-21,43,6-11,corrected,514273.7889,2192313.1114,236.9501,1.8657
50,2018-10-21,43,12-17,baseline,877.8531,2771006.2125,53.5714,1.3914
50,2018-10-21,43,12-17,corrected,239467.9529,2532391.7860,60.0321,1.3975
50,2018-10-21,43,18-44,baseline,2422.7348,18020502.1004,98.8571,0.6529
50,2018-10-21,43,18-44,corrected,752351.7427,17270498.8225,117.6894,0.6622
50,2018-10-21,43,45-64,baseline,1554.2358,16875206.1179,51.0000,0.5970
50,2018-10-21,43,45-64,corrected,557197.4091,16319544.1992,55.5186,0.5987
50,2018-10-21,43,65+,baseline,1030.8318,9266161.1923,25.2857,0.5928
50,2018-10-21,43,65+,corrected,212467.5310,9054723.4705,25.2857,0.5794
51,2018-10-22,43,0-5,baseline,1412.4827,1790042.5128,85.1429,1.2854
51,2018-10-22,43,0-5,corrected,471081.4439,1320342.0659,92.8483,1.2910
51,2018-10-22,43,6-11,baseline,2772.2461,2703806.3417,240.4286,1.8307
51,2018-10-22,43,6-11,corrected,514538.1661,2191947.1873,262.1874,1.8322
51,2018-10-22,43,12-17,baseline,935.7476,2770926.6015,59.2857,1.3703
51,2018-10-22,43,12-17,corrected,239531.9005,2532303.5775,66.4356,1.3731
51,2018-10-22,43,18-44,baseline,2529.0963,18020363.1203,109.5714,0.6381
51,2018-10-22,43,18-44,corrected,752477.2137,17270333.7391,130.4448,0.6476
51,2018-10-22,43,45-64,baseline,1610.8322,16875133.0255,55.4286,0.5844
51,2018-10-22,43,45-64,corrected,557259.4417,16319464.6067,60.3395,0.5857
51,2018-10-22,43,65+,baseline,1057.7641,9266131.5780,26.2857,0.5771
51,2018-10-22,43,65+,corrected,212494.5163,9054693.3001,26.2857,0.5634
52,2018-10-23,43,0-5,baseline,1501.9109,1789927.0001,90.7143,1.2643
52,2018-10-23,43,0-5,corrected,471179.6791,1320217.4977,98.9239,1.2673
52,2018-10-23,43,6-11,baseline,3039.9815,2703432.5342,266.1429,1.8066
52,2018-10-23,43,6-11,corrected,514827.1768,2191548.8431,290.2288,1.8097
52,2018-10-23,43,12-17,baseline,998.4400,2770838.6471,64.5714,1.3551
52,2018-10-23,43,12-17,corrected,239602.3287,2532207.2791,72.3587,1.3585
52,2018-10-23,43,18-44,baseline,2642.1389,18020216.2386,115.7143,0.6271
52,2018-10-23,43,18-44,corrected,752612.5290,17270154.8431,137.7579,0.6364
52,2018-10-23,43,45-64,baseline,1672.3580,16875054.3275,59.2857,0.5744
52,2018-10-23,43,45-64,corrected,557324.9579,16319379.6828,64.5384,0.5750
52,2018-10-23,43,65+,baseline,1085.7157,9266100.1937,29.2857,0.5634
52,2018-10-23,43,65+,corrected,212521.9794,9054662.3424,29.2857,0.5497
53,2018-10-24,43,0-5,baseline,1598.5076,1789801.7779,97.4286,1.2533
53,2018-10-24,43,0-5,corrected,471285.7437,1320081.0439,106.2459,1.2591
53,2018-10-24,43,6-11,baseline,3335.3737,2703021.6353,291.7143,1.8084
53,2018-10-24,43,6-11,corrected,515149.7446,2191102.7522,318.1144,1.8151
53,2018-10-24,43,12-17,baseline,1068.6373,2770741.3119,70.0000,1.3615
53,2018-10-24,43,12-17,corrected,239680.4532,2532100.0354,78.4420,1.3718
53,2018-10-24,43,18-44,baseline,2765.9565,18020059.0577,122.2857,0.6223
53,2018-10-24,43,18-44,corrected,752760.4323,17269968.5746,145.5811,0.6318
53,2018-10-24,43,45-64,baseline,1738.0780,16874969.8453,66.5714,0.5682
53,2018-10-24,43,45-64,corrected,557395.9308,16319289.1782,72.4697,0.5693
53,2018-10-24,43,65+,baseline,1113.5288,9266067.3903,30.1429,0.5522
53,2018-10-24,43,65+,corrected,212551.6319,9054629.8244,30.1429,0.5391
54,2018-10-25,43,0-5,baseline,1703.7759,1789666.1389,102.1429,1.2584
54,2018-10-25,43,0-5,corrected,471399.3935,1319932.4273,111.3868,1.2681
54,2018-10-25,43,6-11,baseline,3661.9466,2702572.1119,308.8571,1.8201
54,2018-10-25,43,6-11,corrected,515501.4129,2190610.4204,336.8087,1.8289
54,2018-10-25,43,12-17,baseline,1145.8977,2770632.4727,71.7143,1.3930
54,2018-10-25,43,12-17,corrected,239765.5512,2531976.5148,80.3630,1.4089
54,2018-10-25,43,18-44,baseline,2899.5063,18019888.6814,126.1429,0.6246
54,2018-10-25,43,18-44,corrected,752920.3736,17269762.9283,150.1731,0.6349
54,2018-10-25,43,45-64,baseline,1809.5137,16874879.1288,67.5714,0.5686
54,2018-10-25,43,45-64,corrected,557473.1437,16319192.7114,73.5583,0.5707
54,2018-10-25,43,65+,baseline,1143.5395,9266033.8405,28.8571,0.5475
54,2018-10-25,43,65+,corrected,212581.6826,9054596.1045,28.8571,0.5350
55,2018-10-26,43,0-5,baseline,1817.6695,1789520.4492,110.0000,1.2708
55,2018-10-26,43,0-5,corrected,471522.6194,1319772.6709,119.9550,1.2784
55,2018-10-26,43,6-11,baseline,4024.6400,2702072.5856,364.0000,1.8385
55,2018-10-26,43,6-11,corrected,515893.6924,2190071.5242,396.9420,1.8422
55,2018-10-26,43,12-17,baseline,1232.7781,2770506.6225,80.7143,1.4404
55,2018-10-26,43,12-17,corrected,239860.4776,2531834.5874,90.4484,1.4587
55,2018-10-26,43,18-44,baseline,3043.8781,18019706.7464,139.4286,0.6306
55,2018-10-26,43,18-44,corrected,753093.1518,17269545.2219,165.9897,0.6399
55,2018-10-26,43,45-64,baseline,1884.0035,16874786.5061,74.7143,0.5726
55,2018-10-26,43,45-64,corrected,557554.5483,16319090.4950,81.3340,0.5743
55,2018-10-26,43,65+,baseline,1174.1979,9266000.1728,29.0000,0.5464
55,2018-10-26,43,65+,corrected,212612.1114,9054561.8335,29.0000,0.5332
56,2018-10-27,43,0-5,baseline,1939.4352,1789358.4179,116.8571,1.2865
56,2018-10-27,43,0-5,corrected,471654.8744,1319598.8662,127.4327,1.2994
56,2018-10-27,43,6-11,baseline,4419.3789,2701513.6049,400.7143,1.8532
56,2018-10-27,43,6-11,corrected,516324.0024,2189462.3627,436.9789,1.8642
56,2018-10-27,43,12-17,baseline,1328.6293,2770359.6782,93.1429,1.5009
56,2018-10-27,43,12-17,corrected,239967.7090,2531671.4216,104.3759,1.5170
56,2018-10-27,43,18-44,baseline,3197.0533,18019499.8923,151.0000,0.6373
56,2018-10-27,43,18-44,corrected,753277.6311,17269301.0076,179.7655,0.6483
56,2018-10-27,43,45-64,baseline,1965.1297,16874686.8515,79.2857,0.5775
56,2018-10-27,43,45-64,corrected,557641.8491,16318982.1456,86.3104,0.5808
56,2018-10-27,43,65+,baseline,1205.6898,9265963.9264,29.7143,0.5459
56,2018-10-27,43,65+,corrected,212644.4279,9054524.9945,29.7143,0.5348
57,2018-10-28,44,0-5,baseline,2071.4709,1789179.7620,131.0000,1.3068
57,2018-10-28,44,0-5,corrected,471799.1297,1319406.5854,142.8555,1.3153
57,2018-10-28,44,6-11,baseline,4857.9917,2700890.8776,429.5714,1.8761
57,2018-10-28,44,6-11,corrected,516799.8330,2188789.1237,468.4476,1.8870
57,2018-10-28,44,12-17,baseline,1438.2197,2770183.4066,104.4286,1.5622
57,2018-10-28,44,12-17,corrected,240089.8346,2531472.0084,117.0227,1.5694
57,2018-10-28,44,18-44,baseline,3363.0102,18019275.5699,167.4286,0.6456
57,2018-10-28,44,18-44,corrected,753477.8223,17269030.6290,199.3237,0.6561
57,2018-10-28,44,45-64,baseline,2051.4217,16874579.5578,86.7143,0.5822
57,2018-10-28,44,45-64,corrected,557735.4646,16318865.9675,94.3972,0.5850
57,2018-10-28,44,65+,baseline,1238.4163,9265925.4775,31.4286,0.5453
57,2018-10-28,44,65+,corrected,212677.5490,9054486.0831,31.4286,0.5341
58,2018-10-29,44,0-5,baseline,2215.0664,1788982.1940,141.4286,1.3234
58,2018-10-29,44,0-5,corrected,471956.7312,1319193.0871,154.2279,1.3366
58,2018-10-29,44,6-11,baseline,5349.3153,2700200.8341,470.5714,1.8961
58,2018-10-29,44,6-11,corrected,517334.6134,2188033.3632,513.1581,1.9220
58,2018-10-29,44,12-17,baseline,1564.3460,2769975.3982,123.4286,1.6160
58,2018-10-29,44,12-17,corrected,240232.2797,2531237.1888,138.3141,1.6247
58,2018-10-29,44,18-44,baseline,3545.3714,18019025.0494,180.4286,0.6514
58,2018-10-29,44,18-44,corrected,753695.9252,17268736.6416,214.8002,0.6625
58,2018-10-29,44,45-64,baseline,2143.2230,16874464.2981,92.2857,0.5845
58,2018-10-29,44,45-64,corrected,557836.6425,16318743.2345,100.4622,0.5869
58,2018-10-29,44,65+,baseline,1272.5354,9265883.7180,35.7143,0.5428
58,2018-10-29,44,65+,corrected,212711.5880,9054445.1908,35.7143,0.5319
59,2018-10-30,44,0-5,baseline,2373.3757,1788768.9633,158.2857,1.3313
59,2018-10-30,44,0-5,corrected,472127.5336,1318954.5847,172.6106,1.3418
59,2018-10-30,44,6-11,baseline,5887.7882,2699415.0193,536.7143,1.9217
59,2018-10-30,44,6-11,corrected,517928.5598,2187180.2910,585.2869,1.9331
59,2018-10-30,44,12-17,baseline,1712.1392,2769726.2638,148.2857,1.6527
59,2018-10-30,44,12-17,corrected,240400.1756,2530958.1743,166.1690,1.6651
59,2018-10-30,44,18-44,baseline,3748.0659,18018745.4775,200.4286,0.6555
59,2018-10-30,44,18-44,corrected,753935.4647,17268405.6721,238.6102,0.6654
59,2018-10-30,44,45-64,baseline,2241.5685,16874342.4787,98.8571,0.5843
59,2018-10-30,44,45-64,corrected,557942.5467,16318612.2646,107.6159,0.5860
59,2018-10-30,44,65+,baseline,1308.7525,9265839.2792,36.2857,0.5380
59,2018-10-30,44,65+,corrected,212747.4594,9054400.6100,36.2857,0.5272
60,2018-10-31,44,0-5,baseline,2547.0534,1788533.5436,172.7143,1.3267
60,2018-10-31,44,0-5,corrected,472317.2784,1318692.9810,188.3449,1.3399
60,2018-10-31,44,6-11,baseline,6497.5650,2698540.2914,596.5714,1.9150
60,2018-10-31,44,6-11,corrected,518589.5877,2186226.6217,650.5611,1.9288
60,2018-10-31,44,12-17,baseline,1884.5701,2769430.2023,174.7143,1.6752
60,2018-10-31,44,12-17,corrected,240594.7681,2530629.6429,195.7848,1.6849
60,2018-10-31,44,18-44,baseline,3968.4518,18018427.0610,222.0000,0.6530
60,2018-10-31,44,18-44,corrected,754197.4665,17268030.5410,264.2910,0.6646
60,2018-10-31,44,45-64,baseline,2345.4177,16874213.8024,104.1429,0.5794
60,2018-10-31,44,45-64,corrected,558055.7406,16318470.0326,113.3699,0.5828
60,2018-10-31,44,65+,baseline,1346.9655,9265791.6017,38.5714,0.5295
60,2018-10-31,44,65+,corrected,212785.8096,9054352.9350,38.5714,0.5203
61,2018-11-01,44,0-5,baseline,2736.2504,1788270.2356,187.2857,1.3100
61,2018-11-01,44,0-5,corrected,472527.1077,1318409.6917,204.2351,1.3228
61,2018-11-01,44,6-11,baseline,7178.5728,2697587.8896,651.0000,1.8832
61,2018-11-01,44,6-11,corrected,519326.2386,2185177.4014,709.9155,1.9104
61,2018-11-01,44,12-17,baseline,2089.6939,2769086.7079,192.8571,1.6730
61,2018-11-01,44,12-17,corrected,240824.2044,2530242.1449,216.1157,1.6884
61,2018-11-01,44,18-44,baseline,4215.6627,18018075.8310,239.2857,0.6441
61,2018-11-01,44,18-44,corrected,754491.1752,17267604.2229,284.8696,0.6573
61,2018-11-01,44,45-64,baseline,2457.5576,16874068.3508,109.0000,0.5692
61,2018-11-01,44,45-64,corrected,558175.5690,16318315.7105,118.6574,0.5740
61,2018-11-01,44,65+,baseline,1387.8026,9265739.3470,40.0000,0.5169
61,2018-11-01,44,65+,corrected,212826.6232,9054301.7017,40.0000,0.5086
62,2018-11-02,44,0-5,baseline,2944.3169,1787994.5138,212.5714,1.2805
62,2018-11-02,44,0-5,corrected,472755.9991,1318103.7623,231.8091,1.2909
62,2018-11-02,44,6-11,baseline,7928.1803,2696558.9445,771.5714,1.8260
62,2018-11-02,44,6-11,corrected,520144.6378,2184051.3676,841.3986,1.8482
62,2018-11-02,44,12-17,baseline,2333.6342,2768691.2560,255.2857,1.6419
62,2018-11-02,44,12-17,corrected,241093.9766,2529804.0260,286.0732,1.6496
62,2018-11-02,44,18-44,baseline,4490.4662,18017687.2316,276.5714,0.6280
62,2018-11-02,44,18-44,corrected,754818.5261,17267137.8476,329.2583,0.6413
62,2018-11-02,44,45-64,baseline,2578.0007,16873919.0604,122.1429,0.5530
62,2018-11-02,44,45-64,corrected,558304.4582,16318149.2831,132.9647,0.5586
62,2018-11-02,44,65+,baseline,1432.9784,9265684.9183,44.7143,0.4994
62,2018-11-02,44,65+,corrected,212870.9833,9054247.8227,44.7143,0.4920
63,2018-11-03,44,0-5,baseline,3172.1611,1787694.7348,234.8571,1.2403
63,2018-11-03,44,0-5,corrected,473009.0235,1317779.5443,256.1117,1.2466
63,2018-11-03,44,6-11,baseline,8753.1756,2695476.6682,856.5714,1.7629
63,2018-11-03,44,6-11,corrected,521049.4798,2182860.0732,934.0911,1.7770
63,2018-11-03,44,12-17,baseline,2614.8722,2768248.9932,295.7143,1.5866
63,2018-11-03,44,12-17,corrected,241408.8984,2529312.6821,331.3774,1.5990
63,2018-11-03,44,18-44,baseline,4798.3169,18017253.3834,312.2857,0.6076
63,2018-11-03,44,18-44,corrected,755182.3052,17266618.1716,371.7761,0.6179
63,2018-11-03,44,45-64,baseline,2705.4763,16873749.5292,131.2857,0.5339
63,2018-11-03,44,45-64,corrected,558443.2652,16317967.4433,142.9176,0.5372
63,2018-11-03,44,65+,baseline,1480.9554,9265625.5908,47.8571,0.4807
63,2018-11-03,44,65+,corrected,212917.5375,9054189.4045,47.8571,0.4718
64,2018-11-04,45,0-5,baseline,3419.1892,1787375.5204,255.4286,1.1929
64,2018-11-04,45,0-5,corrected,473276.9419,1317433.0091,278.5449,1.2000
64,2018-11-04,45,6-11,baseline,9658.1949,2694316.4852,916.8571,1.6950
64,2018-11-04,45,6-11,corrected,522030.5192,2181595.5805,999.8327,1.6967
64,2018-11-04,45,12-17,baseline,2942.1204,2767764.1811,330.0000,1.5240
64,2018-11-04,45,12-17,corrected,241775.6998,2528767.3071,369.7980,1.5380
64,2018-11-04,45,18-44,baseline,5136.7879,18016773.2435,354.7143,0.5849
64,2018-11-04,45,18-44,corrected,755586.0446,17266049.1615,422.2874,0.5936
64,2018-11-04,45,45-64,baseline,2845.0016,16873567.6265,142.7143,0.5128
64,2018-11-04,45,45-64,corrected,558593.7108,16317766.3068,155.3588,0.5158
64,2018-11-04,45,65+,baseline,1531.0803,9265562.2218,51.2857,0.4592
64,2018-11-04,45,65+,corrected,212966.7768,9054125.8510,51.2857,0.4512
65,2018-11-05,45,0-5,baseline,3686.9524,1787039.9080,273.7143,1.1497
65,2018-11-05,45,0-5,corrected,473566.6819,1317066.9522,298.4854,1.1547
65,2018-11-05,45,6-11,baseline,10623.1585,2693122.7776,985.8571,1.6325
65,2018-11-05,45,6-11,corrected,523087.7517,2180310.6500,1075.0772,1.6342
65,2018-11-05,45,12-17,baseline,3311.1452,2767241.2473,373.5714,1.4599
65,2018-11-05,45,12-17,corrected,242187.8481,2528174.7282,418.6241,1.4731
65,2018-11-05,45,18-44,baseline,5513.1485,18016253.2474,389.8571,0.5633
65,2018-11-05,45,18-44,corrected,756036.7179,17265445.0013,464.1249,0.5713
65,2018-11-05,45,45-64,baseline,2995.6302,16873369.5328,150.7143,0.4928
65,2018-11-05,45,45-64,corrected,558758.1700,16317548.3205,164.0676,0.4949
65,2018-11-05,45,65+,baseline,1584.1933,9265495.8523,53.7143,0.4394
65,2018-11-05,45,65+,corrected,213019.1907,9054059.3954,53.7143,0.4313
66,2018-11-06,45,0-5,baseline,3974.6648,1786683.2174,289.7143,1.1178
66,2018-11-06,45,0-5,corrected,473878.9687,1316680.1878,315.9334,1.1198
66,2018-11-06,45,6-11,baseline,11665.6416,2691900.0541,1045.1429,1.5688
66,2018-11-06,45,6-11,corrected,524226.5270,2178970.6387,1139.7283,1.5812
66,2018-11-06,45,12-17,baseline,3722.6198,2766684.4728,419.4286,1.4071
66,2018-11-06,45,12-17,corrected,242649.2027,2527553.8332,470.0117,1.4217
66,2018-11-06,45,18-44,baseline,5923.9356,18015712.8862,422.5714,0.5464
66,2018-11-06,45,18-44,corrected,756528.9553,17264800.3202,503.0713,0.5541
66,2018-11-06,45,45-64,baseline,3156.9770,16873155.4801,164.7143,0.4779
66,2018-11-06,45,45-64,corrected,558936.3697,16317316.9606,179.3080,0.4794
66,2018-11-06,45,65+,baseline,1641.2577,9265428.0500,57.2857,0.4247
66,2018-11-06,45,65+,corrected,213075.9352,9053992.1082,57.2857,0.4159
67,2018-11-07,45,0-5,baseline,4279.3269,1786312.6472,301.7143,1.0942
67,2018-11-07,45,0-5,corrected,474211.0824,1316279.5073,329.0194,1.1029
67,2018-11-07,45,6-11,baseline,12753.1627,2690631.4357,1095.5714,1.5294
67,2018-11-07,45,6-11,corrected,525414.9788,2177599.3591,1194.7206,1.5382
67,2018-11-07,45,12-17,baseline,4174.0257,2766099.6587,455.0000,1.3692
67,2018-11-07,45,12-17,corrected,243153.4176,2526893.5525,509.8730,1.3793
67,2018-11-07,45,18-44,baseline,6377.0159,18015139.9262,448.5714,0.5351
67,2018-11-07,45,18-44,corrected,757058.6793,17264112.6884,534.0243,0.5452
67,2018-11-07,45,45-64,baseline,3333.1844,16872929.4894,175.4286,0.4678
67,2018-11-07,45,45-64,corrected,559129.8628,16317067.7401,190.9715,0.4712
67,2018-11-07,45,65+,baseline,1701.0566,9265358.1333,61.7143,0.4135
67,2018-11-07,45,65+,corrected,213135.7583,9053922.1611,61.7143,0.4062
68,2018-11-08,45,0-5,baseline,4606.1923,1785931.4581,310.1429,1.0843
68,2018-11-08,45,0-5,corrected,474563.0778,1315857.6667,338.2108,1.0929
68,2018-11-08,45,6-11,baseline,13884.5178,2689356.9406,1120.7143,1.5004
68,2018-11-08,45,6-11,corrected,526664.2945,2176184.6333,1222.1389,1.5174
68,2018-11-08,45,12-17,baseline,4664.5172,2765487.5016,479.2857,1.3420
68,2018-11-08,45,12-17,corrected,243708.1547,2526210.8945,537.0876,1.3495
68,2018-11-08,45,18-44,baseline,6862.1737,18014530.2742,459.2857,0.5315
68,2018-11-08,45,18-44,corrected,757638.9942,17263393.1302,546.7796,0.5416
68,2018-11-08,45,45-64,baseline,3523.4550,16872687.1869,177.8571,0.4643
68,2018-11-08,45,45-64,corrected,559336.5299,16316803.9461,193.6153,0.4681
68,2018-11-08,45,65+,baseline,1763.9299,9265287.0555,62.2857,0.4087
68,2018-11-08,45,65+,corrected,213199.3038,9053850.8547,62.2857,0.4019
69,2018-11-09,45,0-5,baseline,4946.9893,1785533.0027,339.2857,1.0886
69,2018-11-09,45,0-5,corrected,474932.9298,1315419.1942,369.9911,1.0983
69,2018-11-09,45,6-11,baseline,15070.6152,2688042.3844,1186.1429,1.4939
69,2018-11-09,45,6-11,corrected,527946.1233,2174736.0746,1293.4888,1.5070
69,2018-11-09,45,12-17,baseline,5189.4858,2764850.5067,531.1429,1.3328
69,2018-11-09,45,12-17,corrected,244295.8584,2525495.2029,595.1987,1.3405
69,2018-11-09,45,18-44,baseline,7386.0484,18013879.6398,505.2857,0.5353
69,2018-11-09,45,18-44,corrected,758259.5305,17262626.9799,601.5426,0.5457
69,2018-11-09,45,45-64,baseline,3727.5336,16872430.7811,198.2857,0.4681
69,2018-11-09,45,45-64,corrected,559559.0974,16316526.6389,215.8538,0.4713
69,2018-11-09,45,65+,baseline,1828.6142,9265215.7666,63.7143,0.4100
69,2018-11-09,45,65+,corrected,213264.1738,9053780.9118,63.7143,0.4028
70,2018-11-10,45,0-5,baseline,5304.8633,1785116.9053,356.8571,1.0985
70,2018-11-10,45,0-5,corrected,475322.3963,1314968.5047,389.1527,1.1063
70,2018-11-10,45,6-11,baseline,16298.8514,2686689.9409,1209.1429,1.4990
70,2018-11-10,45,6-11,corrected,529285.9024,2173275.3590,1318.5703,1.5040
70,2018-11-10,45,12-17,baseline,5748.2837,2764176.6473,561.4286,1.3314
70,2018-11-10,45,12-17,corrected,244919.4237,2524749.0068,629.1369,1.3307
70,2018-11-10,45,18-44,baseline,7942.3059,18013190.4065,541.0000,0.5434
70,2018-11-10,45,18-44,corrected,758915.3296,17261797.1298,644.0605,0.5545
70,2018-11-10,45,45-64,baseline,3946.7685,16872154.1614,212.0000,0.4756
70,2018-11-10,45,45-64,corrected,559799.3876,16316227.1468,230.7832,0.4798
70,2018-11-10,45,65+,baseline,1895.9324,9265141.6628,65.0000,0.4153
70,2018-11-10,45,65+,corrected,213332.5442,9053706.6227,65.0000,0.4095
71,2018-11-11,46,0-5,baseline,5679.2845,1784684.3844,365.7143,1.1124
71,2018-11-11,46,0-5,corrected,475731.4699,1314495.0400,398.8114,1.1265
71,2018-11-11,46,6-11,baseline,17573.0741,2685301.5713,1241.2857,1.5091
71,2018-11-11,46,6-11,corrected,530662.6568,2171776.7422,1353.6221,1.5203
71,2018-11-11,46,12-17,baseline,6336.4967,2763480.1320,577.7143,1.3416
71,2018-11-11,46,12-17,corrected,245579.5963,2523967.1637,647.3866,1.3482
71,2018-11-11,46,18-44,baseline,8537.9509,18012442.0940,576.0000,0.5557
71,2018-11-11,46,18-44,corrected,759626.0144,17260896.7164,685.7280,0.5687
71,2018-11-11,46,45-64,baseline,4181.2850,16871859.5107,229.8571,0.4867
71,2018-11-11,46,45-64,corrected,560054.6224,16315905.9794,250.2225,0.4928
71,2018-11-11,46,65+,baseline,1965.1004,9265064.9897,66.1429,0.4247
71,2018-11-11,46,65+,corrected,213401.8645,9053629.3934,66.1429,0.4200
72,2018-11-12,46,0-5,baseline,6070.0231,1784230.1622,382.0000,1.1341
72,2018-11-12,46,0-5,corrected,476159.2965,1314004.1037,416.5710,1.1434
72,2018-11-12,46,6-11,baseline,18854.6740,2683861.3386,1274.0000,1.5320
72,2018-11-12,46,6-11,corrected,532083.7615,2170196.6467,1389.2970,1.5376
72,2018-11-12,46,12-17,baseline,6961.0842,2762738.6121,609.7143,1.3616
72,2018-11-12,46,12-17,corrected,246279.7190,2523146.8884,683.2458,1.3743
72,2018-11-12,46,18-44,baseline,9177.6081,18011643.4362,622.1429,0.5729
72,2018-11-12,46,18-44,corrected,760381.9489,17259955.1616,740.6611,0.5834
72,2018-11-12,46,45-64,baseline,4433.2294,16871548.6654,248.1429,0.5029
72,2018-11-12,46,45-64,corrected,560325.7346,16315568.3542,270.1283,0.5061
72,2018-11-12,46,65+,baseline,2036.2119,9264983.2294,66.7143,0.4393
72,2018-11-12,46,65+,corrected,213472.7651,9053545.6602,66.7143,0.4315
73,2018-11-13,46,0-5,baseline,6478.7152,1783760.6589,404.2857,1.1563
73,2018-11-13,46,0-5,corrected,476601.8756,1313493.5539,440.8736,1.1691
73,2018-11-13,46,6-11,baseline,20183.3816,2682351.2837,1328.8571,1.5582
73,2018-11-13,46,6-11,corrected,533531.7301,2168582.2235,1449.1187,1.5679
73,2018-11-13,46,12-17,baseline,7619.2235,2761954.3913,656.7143,1.3940
73,2018-11-13,46,12-17,corrected,247009.0021,2522273.1292,735.9140,1.4063
73,2018-11-13,46,18-44,baseline,9859.7563,18010765.9449,683.8571,0.5910
73,2018-11-13,46,18-44,corrected,761194.9618,17258903.9533,814.1319,0.6032
73,2018-11-13,46,45-64,baseline,4703.0109,16871216.8369,268.0000,0.5201
73,2018-11-13,46,45-64,corrected,560618.3042,16315207.3200,291.7448,0.5248
73,2018-11-13,46,65+,baseline,2110.2107,9264892.4147,73.0000,0.4556
73,2018-11-13,46,65+,corrected,213547.8591,9053455.2113,73.0000,0.4492
74,2018-11-14,46,0-5,baseline,6902.7644,1783262.3866,427.1429,1.1817
74,2018-11-14,46,0-5,corrected,477063.2985,1312947.3994,465.7993,1.1949
74,2018-11-14,46,6-11,baseline,21558.6004,2680807.7293,1374.0000,1.5912
74,2018-11-14,46,6-11,corrected,535026.3862,2166886.2384,1498.3470,1.5999
74,2018-11-14,46,12-17,baseline,8313.3390,2761098.9371,689.1429,1.4396
74,2018-11-14,46,12-17,corrected,247780.6047,2521332.0456,772.2535,1.4505
74,2018-11-14,46,18-44,baseline,10591.8312,18009787.3865,734.0000,0.6130
74,2018-11-14,46,18-44,corrected,762071.3423,17257745.1681,873.8270,0.6264
74,2018-11-14,46,45-64,baseline,4986.4773,16870860.2235,286.5714,0.5418
74,2018-11-14,46,45-64,corrected,560929.4823,16314808.8371,311.9617,0.5473
74,2018-11-14,46,65+,baseline,2188.6870,9264793.9244,74.8571,0.4766
74,2018-11-14,46,65+,corrected,213625.8561,9053354.7465,74.8571,0.4702
75,2018-11-15,46,0-5,baseline,7346.8634,1782725.7720,438.4286,1.2116
75,2018-11-15,46,0-5,corrected,477549.1251,1312381.6895,478.1064,1.2216
75,2018-11-15,46,6-11,baseline,22994.1313,2679189.9952,1408.0000,1.6167
75,2018-11-15,46,6-11,corrected,536589.2559,2165123.4790,1535.4240,1.6291
75,2018-11-15,46,12-17,baseline,9039.1203,2760162.3431,699.7143,1.4978
75,2018-11-15,46,12-17,corrected,248598.9337,2520288.4697,784.0998,1.5053
75,2018-11-15,46,18-44,baseline,11387.3132,18008704.0989,764.2857,0.6382
75,2018-11-15,46,18-44,corrected,763022.7145,17256457.8351,909.8821,0.6505
75,2018-11-15,46,45-64,baseline,5292.4261,16870457.9169,293.4286,0.5671
75,2018-11-15,46,45-64,corrected,561261.9982,16314376.7831,319.4263,0.5713
75,2018-11-15,46,65+,baseline,2272.1531,9264679.9326,76.4286,0.5008
75,2018-11-15,46,65+,corrected,213709.9388,9053240.7433,76.4286,0.4924
76,2018-11-16,46,0-5,baseline,7810.7847,1782169.5066,459.0000,1.2432
76,2018-11-16,46,0-5,corrected,478056.0206,1311769.8119,500.5395,1.2529
76,2018-11-16,46,6-11,baseline,24467.0609,2677498.8340,1489.2857,1.6497
76,2018-11-16,46,6-11,corrected,538203.1425,2163279.2873,1624.0661,1.6734
76,2018-11-16,46,12-17,baseline,9828.0818,2759127.2936,771.7143,1.5580
76,2018-11-16,46,12-17,corrected,249468.4304,2519123.3864,864.7830,1.5725
76,2018-11-16,46,18-44,baseline,12253.0994,18007517.1817,857.2857,0.6637
76,2018-11-16,46,18-44,corrected,764049.4114,17255046.2432,1020.5986,0.6775
76,2018-11-16,46,45-64,baseline,5622.9406,16870018.9158,325.7143,0.5923
76,2018-11-16,46,45-64,corrected,561619.9116,16313910.8223,354.5726,0.5967
76,2018-11-16,46,65+,baseline,2362.9395,9264554.8097,87.8571,0.5241
76,2018-11-16,46,65+,corrected,213800.4029,9053116.3229,87.8571,0.5146
77,2018-11-17,46,0-5,baseline,8304.5304,1781578.9945,486.2857,1.2677
77,2018-11-17,46,0-5,corrected,478591.1619,1311130.0479,530.2946,1.2791
77,2018-11-17,46,6-11,baseline,25992.7894,2675700.5275,1552.8571,1.6894
77,2018-11-17,46,6-11,corrected,539864.5896,2161301.4995,1693.3907,1.7083
77,2018-11-17,46,12-17,baseline,10688.3642,2757972.0380,831.0000,1.6299
77,2018-11-17,46,12-17,corrected,250410.8726,2517833.4622,931.2186,1.6368
77,2018-11-17,46,18-44,baseline,13206.0687,18006197.5424,954.8571,0.6876
77,2018-11-17,46,18-44,corrected,765179.4203,17253500.0851,1136.7574,0.7004
77,2018-11-17,46,45-64,baseline,5982.3446,16869534.6083,355.2857,0.6162
77,2018-11-17,46,45-64,corrected,562010.5547,16313384.4807,386.7640,0.6194
77,2018-11-17,46,65+,baseline,2462.2736,9264413.8176,100.5714,0.5440
77,2018-11-17,46,65+,corrected,213901.3384,9052975.8462,100.5714,0.5333
78,2018-11-18,47,0-5,baseline,8824.0416,1780945.8919,521.7143,1.2860
78,2018-11-18,47,0-5,corrected,479151.1695,1310443.2638,568.9294,1.2995
78,2018-11-18,47,6-11,baseline,27600.5355,2673794.9426,1599.8571,1.7281
78,2018-11-18,47,6-11,corrected,541618.4695,2159209.4370,1744.6442,1.7467
78,2018-11-18,47,12-17,baseline,11613.7283,2756629.9534,916.5714,1.6913
78,2018-11-18,47,12-17,corrected,251446.7867,2516367.1332,1027.1099,1.6988
78,2018-11-18,47,18-44,baseline,14268.4562,18004727.9625,1062.8571,0.7083
78,2018-11-18,47,18-44,corrected,766430.7343,17251731.5990,1265.3314,0.7234
78,2018-11-18,47,45-64,baseline,6377.4102,16868992.9827,394.1429,0.6362
78,2018-11-18,47,45-64,corrected,562436.2626,16312796.4670,429.0639,0.6414
78,2018-11-18,47,65+,baseline,2575.2525,9264261.3080,114.5714,0.5580
78,2018-11-18,47,65+,corrected,214011.1569,9052824.4474,114.5714,0.5490
79,2018-11-19,47,0-5,baseline,9373.2121,1780288.9501,549.8571,1.3041
79,2018-11-19,47,0-5,corrected,479751.6357,1309704.2131,599.6192,1.3209
79,2018-11-19,47,6-11,baseline,29293.3805,2671773.8432,1667.5714,1.7705
79,2018-11-19,47,6-11,corrected,543457.3704,2156963.8829,1818.4866,1.7892
79,2018-11-19,47,12-17,baseline,12643.6863,2755111.0106,1021.8571,1.7585
79,2018-11-19,47,12-17,corrected,252593.0202,2514624.5706,1145.0931,1.7707
79,2018-11-19,47,18-44,baseline,15432.8425,18003091.2196,1184.1429,0.7301
79,2018-11-19,47,18-44,corrected,767813.1773,17249767.3433,1409.7221,0.7450
79,2018-11-19,47,45-64,baseline,6806.9927,16868383.7991,436.1429,0.6565
79,2018-11-19,47,45-64,corrected,562902.4276,16312133.7382,474.7851,0.6618
79,2018-11-19,47,65+,baseline,2696.0659,9264097.4044,132.8571,0.5704
79,2018-11-19,47,65+,corrected,214133.4505,9052662.8712,132.8571,0.5615
80,2018-11-20,47,0-5,baseline,9955.2548,1779572.9996,585.0000,1.3254
80,2018-11-20,47,0-5,corrected,480386.0525,1308929.3133,637.9425,1.3408
80,2018-11-20,47,6-11,baseline,31074.3953,2669554.7110,1746.2857,1.8179
80,2018-11-20,47,6-11,corrected,545422.4307,2154527.2666,1904.3246,1.8312
80,2018-11-20,47,12-17,baseline,13808.7187,2753345.3193,1166.4286,1.8141
80,2018-11-20,47,12-17,corrected,253896.9712,2512668.9606,1307.0999,1.8243
80,2018-11-20,47,18-44,baseline,16720.4068,18001252.1119,1302.5714,0.7504
80,2018-11-20,47,18-44,corrected,769347.9592,17247582.5419,1550.7113,0.7651
80,2018-11-20,47,45-64,baseline,7287.4114,16867695.2097,482.5714,0.6759
80,2018-11-20,47,45-64,corrected,563422.9865,16311381.3353,525.3273,0.6804
80,2018-11-20,47,65+,baseline,2829.4424,9263923.6477,139.7143,0.5814
80,2018-11-20,47,65+,corrected,214266.9828,9052486.4076,139.7143,0.5720
81,2018-11-21,47,0-5,baseline,10562.3497,1778804.0721,614.7143,1.3472
81,2018-11-21,47,0-5,corrected,481059.1348,1308088.4233,670.3459,1.3579
81,2018-11-21,47,6-11,baseline,32965.7889,2667087.4013,1844.5714,1.8669
81,2018-11-21,47,6-11,corrected,547495.8621,2151860.6368,2011.5051,1.8784
81,2018-11-21,47,12-17,baseline,15126.8331,2751332.8982,1283.0000,1.8667
81,2018-11-21,47,12-17,corrected,255376.4881,2510391.8273,1437.7298,1.8830
81,2018-11-21,47,18-44,baseline,18158.7068,17999160.0261,1410.7143,0.7727
81,2018-11-21,47,18-44,corrected,771056.1580,17245077.0766,1679.4554,0.7869
81,2018-11-21,47,45-64,baseline,7818.2215,16866900.4822,528.0000,0.6960
81,2018-11-21,47,45-64,corrected,564004.1683,16310517.8275,574.7808,0.6998
81,2018-11-21,47,65+,baseline,2974.6168,9263734.1781,145.4286,0.5929
81,2018-11-21,47,65+,corrected,214411.6945,9052296.7203,145.4286,0.5824
82,2018-11-22,47,0-5,baseline,11221.5758,1777985.3896,635.0000,1.3637
82,2018-11-22,47,0-5,corrected,481774.4467,1307188.6793,692.4675,1.3778
82,2018-11-22,47,6-11,baseline,35001.1554,2664378.9281,1939.2857,1.9081
82,2018-11-22,47,6-11,corrected,549724.1163,2148957.8140,2114.7911,1.9148
82,2018-11-22,47,12-17,baseline,16634.0204,2749012.8105,1391.8571,1.9067
82,2018-11-22,47,12-17,corrected,257066.2927,2507760.2061,1559.7151,1.9148
82,2018-11-22,47,18-44,baseline,19770.0300,17996768.1243,1489.1429,0.7916
82,2018-11-22,47,18-44,corrected,772981.3016,17242255.9200,1772.8246,0.8047
82,2018-11-22,47,45-64,baseline,8420.3248,16865998.4272,558.2857,0.7118
82,2018-11-22,47,45-64,corrected,564659.6940,16309545.5286,607.7498,0.7154
82,2018-11-22,47,65+,baseline,3130.8621,9263531.3665,149.5714,0.6006
82,2018-11-22,47,65+,corrected,214569.1737,9052093.7721,149.5714,0.5908
83,2018-11-23,47,0-5,baseline,11917.6624,1777109.0447,706.4286,1.3728
83,2018-11-23,47,0-5,corrected,482544.0135,1306231.6310,770.3604,1.3821
83,2018-11-23,47,6-11,baseline,37200.8977,2661449.2719,2243.1429,1.9248
83,2018-11-23,47,6-11,corrected,552122.3702,2145748.9417,2446.1473,1.9294
83,2018-11-23,47,12-17,baseline,18348.6198,2746361.6481,1783.5714,1.9164
83,2018-11-23,47,12-17,corrected,258986.5690,2504834.8357,1998.6701,1.9204
83,2018-11-23,47,18-44,baseline,21576.0656,17994127.9281,1828.2857,0.8015
83,2018-11-23,47,18-44,corrected,775132.2252,17239135.3461,2176.5741,0.8140
83,2018-11-23,47,45-64,baseline,9100.1646,16865013.8144,694.4286,0.7190
83,2018-11-23,47,45-64,corrected,565398.8065,16308466.0417,755.9549,0.7215
83,2018-11-23,47,65+,baseline,3298.4030,9263319.2958,172.8571,0.6030
83,2018-11-23,47,65+,corrected,214736.5837,9051878.6446,172.8571,0.5923
84,2018-11-24,47,0-5,baseline,12675.7340,1776155.7524,753.8571,1.3705
84,2018-11-24,47,0-5,corrected,483360.3976,1305192.1150,822.0812,1.3797
84,2018-11-24,47,6-11,baseline,39616.5720,2658262.6243,2453.8571,1.9221
84,2018-11-24,47,6-11,corrected,554757.6364,2142182.3776,2675.9312,1.9344
84,2018-11-24,47,12-17,baseline,20296.6994,2743427.4790,2055.4286,1.8945
84,2018-11-24,47,12-17,corrected,261184.8224,2501497.9331,2303.3133,1.9030
84,2018-11-24,47,18-44,baseline,23611.9892,17991123.4679,2108.1429,0.8001
84,2018-11-24,47,18-44,corrected,777552.9911,17235551.1708,2509.7441,0.8134
84,2018-11-24,47,45-64,baseline,9864.4812,16863875.2791,797.5714,0.7155
84,2018-11-24,47,45-64,corrected,566226.0347,16307245.6140,868.2363,0.7194
84,2018-11-24,47,65+,baseline,3480.1857,9263080.5802,184.7143,0.5979
84,2018-11-24,47,65+,corrected,214918.3429,9051642.1035,184.7143,0.5886
85,2018-11-25,48,0-5,baseline,13476.0622,1775104.4490,811.5714,1.3554
85,2018-11-25,48,0-5,corrected,484232.7390,1304049.8729,885.0186,1.3666
85,2018-11-25,48,6-11,baseline,42226.9794,2654715.6738,2630.4286,1.9017
85,2018-11-25,48,6-11,corrected,557631.7175,2138352.9580,2868.4824,1.9140
85,2018-11-25,48,12-17,baseline,22526.0781,2740106.7454,2269.2857,1.8624
85,2018-11-25,48,12-17,corrected,263692.3569,2497843.4541,2542.9616,1.8695
85,2018-11-25,48,18-44,baseline,25906.8092,17987694.2915,2384.0000,0.7913
85,2018-11-25,48,18-44,corrected,780278.6034,17231525.0952,2838.1520,0.8055
85,2018-11-25,48,45-64,baseline,10724.1564,16862581.4640,894.8571,0.7062
85,2018-11-25,48,45-64,corrected,567159.3149,16305834.3903,974.1415,0.7105
85,2018-11-25,48,65+,baseline,3676.5059,9262811.7972,202.1429,0.5887
85,2018-11-25,48,65+,corrected,215115.8159,9051374.2889,202.1429,0.5804
86,2018-11-26,48,0-5,baseline,14338.2580,1773961.6725,867.8571,1.3414
86,2018-11-26,48,0-5,corrected,485178.1001,1302817.1632,946.3982,1.3557
86,2018-11-26,48,6-11,baseline,45091.1578,2650915.6237,2845.4286,1.8851
86,2018-11-26,48,6-11,corrected,560737.0031,2134120.4927,3102.9399,1.9037
86,2018-11-26,48,12-17,baseline,25053.3293,2736435.2637,2539.8571,1.8286
86,2018-11-26,48,12-17,corrected,266493.9850,2493771.3635,2846.1639,1.8384
86,2018-11-26,48,18-44,baseline,28482.2184,17983877.0042,2655.2857,0.7812
86,2018-11-26,48,18-44,corrected,783356.2994,17226984.4453,3161.1176,0.7998
86,2018-11-26,48,45-64,baseline,11698.0764,16861133.9900,993.0000,0.6962
86,2018-11-26,48,45-64,corrected,568216.1015,16304243.5893,1080.9798,0.7037
86,2018-11-26,48,65+,baseline,3892.3845,9262512.4494,208.8571,0.5802
86,2018-11-26,48,65+,corrected,215331.2784,9051074.4307,208.8571,0.5740
87,2018-11-27,48,0-5,baseline,15279.6709,1772722.6617,940.5714,1.3302
87,2018-11-27,48,0-5,corrected,486206.8759,1301466.5493,1025.6931,1.3424
87,2018-11-27,48,6-11,baseline,48203.5154,2646740.2219,3108.2857,1.8712
87,2018-11-27,48,6-11,corrected,564157.6566,2129561.0490,3389.5856,1.8879
87,2018-11-27,48,12-17,baseline,27877.1387,2732440.7505,2807.1429,1.7999
87,2018-11-27,48,12-17,corrected,269671.9005,2489284.5936,3145.6843,1.8101
87,2018-11-27,48,18-44,baseline,31383.8898,17979677.6751,2913.5714,0.7764
87,2018-11-27,48,18-44,corrected,786805.3182,17222012.5272,3468.6068,0.7915
87,2018-11-27,48,45-64,baseline,12799.4928,16859517.6548,1096.5714,0.6912
87,2018-11-27,48,45-64,corrected,569418.1296,16302459.5090,1193.7277,0.6963
87,2018-11-27,48,65+,baseline,4130.4847,9262179.3382,234.1429,0.5758
87,2018-11-27,48,65+,corrected,215569.3244,9050741.5054,234.1429,0.5678
88,2018-11-28,48,0-5,baseline,16303.9474,1771371.5171,1010.5714,1.3183
88,2018-11-28,48,0-5,corrected,487308.4559,1300008.9722,1102.0281,1.3310
88,2018-11-28,48,6-11,baseline,51606.0594,2642184.9267,3392.7143,1.8584
88,2018-11-28,48,6-11,corrected,567898.2986,2124540.6161,3699.7549,1.8690
88,2018-11-28,48,12-17,baseline,31039.9907,2727982.0239,3123.7143,1.7835
88,2018-11-28,48,12-17,corrected,273212.1581,2484299.1779,3500.4342,1.7920
88,2018-11-28,48,18-44,baseline,34657.3854,17975052.7928,3203.5714,0.7716
88,2018-11-28,48,18-44,corrected,790633.4228,17216492.8514,3813.8518,0.7870
88,2018-11-28,48,45-64,baseline,14039.7438,16857714.7158,1220.7143,0.6881
88,2018-11-28,48,45-64,corrected,570776.3095,16300505.6486,1328.8696,0.6931
88,2018-11-28,48,65+,baseline,4390.3547,9261818.1514,266.4286,0.5727
88,2018-11-28,48,65+,corrected,215830.3945,9050379.9065,266.4286,0.5643
89,2018-11-29,48,0-5,baseline,17411.4653,1769926.7794,1077.7143,1.3067
89,2018-11-29,48,0-5,corrected,488511.7907,1298411.7076,1175.2474,1.3181
89,2018-11-29,48,6-11,baseline,55343.5230,2637276.3696,3609.4286,1.8329
89,2018-11-29,48,6-11,corrected,571993.2192,2119257.9202,3936.0819,1.8471
89,2018-11-29,48,12-17,baseline,34560.9379,2723191.1276,3303.7143,1.7664
89,2018-11-29,48,12-17,corrected,277123.1889,2478971.2290,3702.1422,1.7688
89,2018-11-29,48,18-44,baseline,38282.2687,17969943.5440,3395.2857,0.7684
89,2018-11-29,48,18-44,corrected,794920.3826,17210446.8121,4042.0876,0.7821
89,2018-11-29,48,45-64,baseline,15425.0043,16855689.9107,1281.7143,0.6868
89,2018-11-29,48,45-64,corrected,572297.2364,16298329.9879,1395.2742,0.6900
89,2018-11-29,48,65+,baseline,4681.3577,9261418.5104,273.4286,0.5715
89,2018-11-29,48,65+,corrected,216119.9422,9049985.8024,273.4286,0.5619
90,2018-11-30,48,0-5,baseline,18599.9514,1768380.6287,1201.2857,1.2934
90,2018-11-30,48,0-5,corrected,489811.0621,1296749.8601,1310.0021,1.3002
90,2018-11-30,48,6-11,baseline,59317.0371,2632054.6622,4120.7143,1.8066
90,2018-11-30,48,6-11,corrected,576374.4614,2113607.3181,4493.6389,1.8170
90,2018-11-30,48,12-17,baseline,38389.7283,2717989.0796,3896.0000,1.7362
90,2018-11-30,48,12-17,corrected,281399.5516,2473163.2381,4365.8576,1.7340
90,2018-11-30,48,18-44,baseline,42300.6810,17964437.9177,4026.1429,0.7607
90,2018-11-30,48,18-44,corrected,799721.1031,17203941.6324,4793.1231,0.7748
90,2018-11-30,48,45-64,baseline,16980.2368,16853518.7597,1548.7143,0.6813
90,2018-11-30,48,45-64,corrected,573986.3107,16295951.8464,1685.9304,0.6841
90,2018-11-30,48,65+,baseline,5003.5832,9261003.8057,313.0000,0.5666
90,2018-11-30,48,65+,corrected,216436.8705,9049566.7926,313.0000,0.5573
91,2018-12-01,48,0-5,baseline,19889.3229,1766733.3243,1311.0000,1.2706
91,2018-12-01,48,0-5,corrected,491230.0175,1294949.9602,1429.6455,1.2816
91,2018-12-01,48,6-11,baseline,63686.1222,2626568.4001,4439.5714,1.7727
91,2018-12-01,48,6-11,corrected,581131.2326,2107641.9173,4841.3526,1.7831
91,2018-12-01,48,12-17,baseline,42616.8009,2712566.1500,4250.5714,1.6895
91,2018-12-01,48,12-17,corrected,286117.6684,2467059.3113,4763.1903,1.6947
91,2018-12-01,48,18-44,baseline,46751.2155,17958536.4406,4514.7143,0.7485
91,2018-12-01,48,18-44,corrected,804955.9209,17196715.3343,5374.7674,0.7631
91,2018-12-01,48,45-64,baseline,18723.3535,16851116.4619,1751.8571,0.6703
91,2018-12-01,48,45-64,corrected,575870.6923,16293335.6707,1907.0717,0.6740
91,2018-12-01,48,65+,baseline,5346.6972,9260548.4699,350.2857,0.5579
91,2018-12-01,48,65+,corrected,216782.7340,9049111.6192,350.2857,0.5488
92,2018-12-02,49,0-5,baseline,21287.2590,1764970.1352,1408.8571,1.2481
92,2018-12-02,49,0-5,corrected,492747.7286,1293025.6848,1536.3587,1.2573
92,2018-12-02,49,6-11,baseline,68408.2080,2620733.5226,4707.8571,1.7357
92,2018-12-02,49,6-11,corrected,586184.9612,2101406.8444,5133.9182,1.7468
92,2018-12-02,49,12-17,baseline,47197.7542,2706780.2983,4560.0000,1.6453
92,2018-12-02,49,12-17,corrected,291196.3298,2460603.7221,5109.9360,1.6516
92,2018-12-02,49,18-44,baseline,51638.4175,17952167.1421,4985.7143,0.7356
92,2018-12-02,49,18-44,corrected,810781.5529,17189104.5408,5935.4929,0.7485
92,2018-12-02,49,45-64,baseline,20634.2818,16848490.3966,1966.4286,0.6592
92,2018-12-02,49,45-64,corrected,577942.2294,16290506.3482,2140.6541,0.6621
92,2018-12-02,49,65+,baseline,5722.8790,9260056.2953,383.1429,0.5486
92,2018-12-02,49,65+,corrected,217158.6370,9048618.3239,383.1429,0.5397
93,2018-12-03,49,0-5,baseline,22785.3894,1763069.2784,1515.4286,1.2287
93,2018-12-03,49,0-5,corrected,494368.3224,1290950.0470,1652.5749,1.2378
93,2018-12-03,49,6-11,baseline,73417.5144,2614591.6480,5019.0000,1.7047
93,2018-12-03,49,6-11,corrected,591610.6745,2094826.1745,5473.2195,1.7107
93,2018-12-03,49,12-17,baseline,52069.4834,2700716.7582,4971.8571,1.6105
93,2018-12-03,49,12-17,corrected,296669.2097,2453917.8363,5571.4631,1.6145
93,2018-12-03,49,18-44,baseline,56918.9276,17945309.1881,5418.4286,0.7234
93,2018-12-03,49,18-44,corrected,817032.5061,17181045.4697,6450.6392,0.7351
93,2018-12-03,49,45-64,baseline,22733.3249,16845687.6814,2167.8571,0.6479
93,2018-12-03,49,45-64,corrected,580230.7409,16287422.5768,2359.9293,0.6502
93,2018-12-03,49,65+,baseline,6130.8121,9259526.2329,421.4286,0.5393
93,2018-12-03,49,65+,corrected,217567.3289,9048083.0480,421.4286,0.5304
94,2018-12-04,49,0-5,baseline,24395.2497,1761066.7527,1603.2857,1.2170
94,2018-12-04,49,0-5,corrected,496122.7029,1288750.3428,1748.3831,1.2246
94,2018-12-04,49,6-11,baseline,78741.3575,2608126.8259,5334.7143,1.6836
94,2018-12-04,49,6-11,corrected,597345.2601,2087742.0080,5817.5059,1.6936
94,2018-12-04,49,12-17,baseline,57296.6378,2694369.1137,5329.0000,1.5793
94,2018-12-04,49,12-17,corrected,302514.9378,2446926.5824,5971.6774,1.5855
94,2018-12-04,49,18-44,baseline,62579.4792,17938032.2658,5794.2857,0.7145
94,2018-12-04,49,18-44,corrected,823878.4061,17172370.5081,6898.0971,0.7270
94,2018-12-04,49,45-64,baseline,25023.8512,16842612.0162,2337.2857,0.6410
94,2018-12-04,49,45-64,corrected,582746.5839,16284098.4691,2544.3692,0.6440
94,2018-12-04,49,65+,baseline,6567.7284,9258949.4759,443.7143,0.5356
94,2018-12-04,49,65+,corrected,218009.1706,9047509.0887,443.7143,0.5268
95,2018-12-05,49,0-5,baseline,26106.6068,1758912.8439,1712.8571,1.2151
95,2018-12-05,49,0-5,corrected,497998.0561,1286381.8160,1867.8707,1.2285
95,2018-12-05,49,6-11,baseline,84379.9115,2601283.0619,5616.4286,1.6802
95,2018-12-05,49,6-11,corrected,603401.6410,2080286.2659,6124.7154,1.6865
95,2018-12-05,49,12-17,baseline,62860.2407,2687871.4934,5573.5714,1.5614
95,2018-12-05,49,12-17,corrected,308695.7075,2439460.6286,6245.7441,1.5730
95,2018-12-05,49,18-44,baseline,68706.7733,17930297.8195,6109.7143,0.7148
95,2018-12-05,49,18-44,corrected,831187.3121,17163105.2020,7273.6149,0.7288
95,2018-12-05,49,45-64,baseline,27532.5882,16839312.6587,2478.5714,0.6429
95,2018-12-05,49,45-64,corrected,585466.2269,16280471.3321,2698.1729,0.6462
95,2018-12-05,49,65+,baseline,7045.1316,9258310.6777,468.0000,0.5397
95,2018-12-05,49,65+,corrected,218488.9056,9046883.4938,468.0000,0.5303
96,2018-12-06,49,0-5,baseline,27929.3280,1756570.1344,1780.2857,1.2369
96,2018-12-06,49,0-5,corrected,500015.8377,1283801.8336,1941.4016,1.2445
96,2018-12-06,49,6-11,baseline,90305.3708,2594030.7802,5761.8571,1.7011
96,2018-12-06,49,6-11,corrected,609844.2828,2072369.5483,6283.3052,1.7058
96,2018-12-06,49,12-17,baseline,68708.9384,2680926.6478,5689.8571,1.5763
96,2018-12-06,49,12-17,corrected,315190.5450,2431750.9284,6376.0539,1.5824
96,2018-12-06,49,18-44,baseline,75256.1865,17921955.9664,6264.4286,0.7281
96,2018-12-06,49,18-44,corrected,839058.7156,17153189.1833,7457.8022,0.7395
96,2018-12-06,49,45-64,baseline,30262.3026,16835700.9223,2543.8571,0.6562
96,2018-12-06,49,45-64,corrected,588436.5099,16276578.8180,2769.2429,0.6583
96,2018-12-06,49,65+,baseline,7566.4035,9257624.2229,482.2857,0.5524
96,2018-12-06,49,65+,corrected,219006.6491,9046196.4878,482.2857,0.5423
97,2018-12-07,49,0-5,baseline,29899.5672,1754092.3307,1967.4286,1.2666
97,2018-12-07,49,0-5,corrected,502161.2207,1281061.4046,2145.4809,1.2735
97,2018-12-07,49,6-11,baseline,96599.9667,2586330.0806,6254.1429,1.7273
97,2018-12-07,49,6-11,corrected,616726.3923,2063864.5464,6820.1428,1.7392
97,2018-12-07,49,12-17,baseline,74826.9175,2673569.0604,6069.7143,1.5985
97,2018-12-07,49,12-17,corrected,322022.7504,2423690.6004,6801.7218,1.6032
97,2018-12-07,49,18-44,baseline,82359.4438,17913010.1155,6844.8571,0.7490
97,2018-12-07,49,18-44,corrected,847467.6230,17142744.2113,8148.8024,0.7593
97,2018-12-07,49,45-64,baseline,33216.7717,16831832.3818,2848.0000,0.6767
97,2018-12-07,49,45-64,corrected,591680.6213,16272350.8237,3100.3328,0.6783
97,2018-12-07,49,65+,baseline,8135.1220,9256884.9516,551.1429,0.5712
97,2018-12-07,49,65+,corrected,219574.1321,9045443.5386,551.1429,0.5611
98,2018-12-08,49,0-5,baseline,32019.4318,1751384.3902,2103.5714,1.2974
98,2018-12-08,49,0-5,corrected,504475.4385,1278091.1066,2293.9446,1.3124
98,2018-12-08,49,6-11,baseline,103313.2469,2577935.1207,6624.1429,1.7592
98,2018-12-08,49,6-11,corrected,623975.9736,2054824.7618,7223.6278,1.7787
98,2018-12-08,49,12-17,baseline,81276.8349,2665965.1458,6312.0000,1.6339
98,2018-12-08,49,12-17,corrected,329226.9298,2415052.4259,7073.2272,1.6390
98,2018-12-08,49,18-44,baseline,89969.9569,17903156.0321,7341.8571,0.7711
98,2018-12-08,49,18-44,corrected,856487.4372,17130863.1671,8740.4809,0.7863
98,2018-12-08,49,45-64,baseline,36452.2853,16827444.7602,3080.8571,0.7007
98,2018-12-08,49,45-64,corrected,595179.9064,16267608.3363,3353.8211,0.7047
98,2018-12-08,49,65+,baseline,8747.2164,9256056.4524,591.0000,0.5939
98,2018-12-08,49,65+,corrected,220185.9543,9044625.1697,591.0000,0.5848
99,2018-12-09,50,0-5,baseline,34290.2479,1748392.6344,2231.0000,1.3386
99,2018-12-09,50,0-5,corrected,506965.4824,1274844.2193,2432.9055,1.3485
99,2018-12-09,50,6-11,baseline,110421.8033,2568989.4984,6948.4286,1.8036
99,2018-12-09,50,6-11,corrected,631765.5772,2045177.3718,7577.2614,1.8213
99,2018-12-09,50,12-17,baseline,88135.0000,2657599.3974,6597.7143,1.6700
99,2018-12-09,50,12-17,corrected,336756.0906,2405900.5916,7393.3986,1.6743
99,2018-12-09,50,18-44,baseline,98171.9910,17892434.4632,7976.8571,0.7968
99,2018-12-09,50,18-44,corrected,866233.3475,17118093.7118,9496.4484,0.8104
99,2018-12-09,50,45-64,baseline,39971.0938,16822629.4683,3428.2857,0.7256
99,2018-12-09,50,45-64,corrected,598970.4406,16262469.5373,3732.0318,0.7293
99,2018-12-09,50,65+,baseline,9420.2015,9255143.1939,651.7143,0.6170
99,2018-12-09,50,65+,corrected,220859.7755,9043705.8405,651.7143,0.6072
100,2018-12-10,50,0-5,baseline,36757.6680,1745145.5423,2411.1429,1.3758
100,2018-12-10,50,0-5,corrected,509662.0481,1271264.5403,2629.3513,1.3831
100,2018-12-10,50,6-11,baseline,118135.0191,2559289.7754,7445.7143,1.8431
100,2018-12-10,50,6-11,corrected,640139.6213,2034527.2426,8119.5514,1.8613
100,2018-12-10,50,12-17,baseline,95292.2707,2648756.0134,7008.7143,1.7069
100,2018-12-10,50,12-17,corrected,344717.0585,2396132.9334,7853.9652,1.7131
100,2018-12-10,50,18-44,baseline,106969.8549,17880810.2760,8748.7143,0.8197
100,2018-12-10,50,18-44,corrected,876712.9809,17104445.7811,10415.3444,0.8346
100,2018-12-10,50,45-64,baseline,43856.3465,16817384.6515,3829.0000,0.7504
100,2018-12-10,50,45-64,corrected,603171.6560,16256631.0054,4168.2494,0.7533
100,2018-12-10,50,65+,baseline,10154.9536,9254123.7841,722.7143,0.6406
100,2018-12-10,50,65+,corrected,221595.5407,9042685.9539,722.7143,0.6288
101,2018-12-11,50,0-5,baseline,39409.6228,1741538.1057,2663.1429,1.4076
101,2018-12-11,50,0-5,corrected,512597.7024,1267323.7719,2904.1573,1.4137
101,2018-12-11,50,6-11,baseline,126308.9227,2548739.3037,8084.7143,1.8762
101,2018-12-11,50,6-11,corrected,649152.9547,2022786.2981,8816.3809,1.8932
101,2018-12-11,50,12-17,baseline,102869.7521,2639243.5115,7576.4286,1.7266
101,2018-12-11,50,12-17,corrected,353203.5542,2385339.5943,8490.1459,1.7396
101,2018-12-11,50,18-44,baseline,116568.8560,17868065.3324,9670.4286,0.8405
101,2018-12-11,50,18-44,corrected,888078.6698,17089079.5929,11512.6452,0.8559
101,2018-12-11,50,45-64,baseline,48099.0667,16811484.8724,4304.1429,0.7715
101,2018-12-11,50,45-64,corrected,607789.8257,16250265.3043,4685.4899,0.7747
101,2018-12-11,50,65+,baseline,10969.3890,9252987.8592,832.1429,0.6610
101,2018-12-11,50,65+,corrected,222399.3380,9041539.8883,832.1429,0.6493
102,2018-12-12,50,0-5,baseline,42358.7749,1737504.3725,2903.4286,1.4330
102,2018-12-12,50,0-5,corrected,515783.7908,1262939.9251,3166.1889,1.4400
102,2018-12-12,50,6-11,baseline,135060.0276,2537578.8108,8677.7143,1.8954
102,2018-12-12,50,6-11,corrected,658753.7129,2010302.8420,9463.0474,1.9142
102,2018-12-12,50,12-17,baseline,110989.5582,2629047.5882,8028.0000,1.7488
102,2018-12-12,50,12-17,corrected,362170.2951,2373998.8693,8996.1768,1.7624
102,2018-12-12,50,18-44,baseline,126974.3950,17854111.3390,10431.1429,0.8576
102,2018-12-12,50,18-44,corrected,900589.8994,17072267.7446,12418.2756,0.8739
102,2018-12-12,50,45-64,baseline,52786.4551,16804745.3976,4745.2857,0.7894
102,2018-12-12,50,45-64,corrected,612898.4342,16242908.0767,5165.7180,0.7937
102,2018-12-12,50,65+,baseline,11865.1445,9251673.3026,907.0000,0.6787
102,2018-12-12,50,65+,corrected,223301.0480,9040227.5626,907.0000,0.6673
103,2018-12-13,50,0-5,baseline,45579.9385,1733060.7594,3115.0000,1.4403
103,2018-12-13,50,0-5,corrected,519303.7425,1258159.3754,3396.9075,1.4476
103,2018-12-13,50,6-11,baseline,144494.8877,2525280.7883,9169.0000,1.9030
103,2018-12-13,50,6-11,corrected,669127.7235,1996875.7128,9998.7945,1.9115
103,2018-12-13,50,12-17,baseline,119745.9485,2618027.7514,8299.4286,1.7519
103,2018-12-13,50,12-17,corrected,371983.8441,2361672.2370,9300.3397,1.7623
103,2018-12-13,50,18-44,baseline,138443.2458,17838274.3036,10916.1429,0.8674
103,2018-12-13,50,18-44,corrected,914149.7838,17053476.5552,12995.6681,0.8809
103,2018-12-13,50,45-64,baseline,57960.2465,16797166.6224,4953.2857,0.8012
103,2018-12-13,50,45-64,corrected,618534.7104,16234787.8577,5392.1468,0.8039
103,2018-12-13,50,65+,baseline,12863.7627,9250186.0439,947.1429,0.6916
103,2018-12-13,50,65+,corrected,224312.5685,9038721.8214,947.1429,0.6789
104,2018-12-14,50,0-5,baseline,49094.5924,1728310.4523,3581.4286,1.4333
104,2018-12-14,50,0-5,corrected,523143.6591,1252919.7001,3905.5479,1.4420
104,2018-12-14,50,6-11,baseline,154746.3515,2512151.4076,10385.8571,1.8871
104,2018-12-14,50,6-11,corrected,680541.0900,1982505.6117,11325.7772,1.8959
104,2018-12-14,50,12-17,baseline,129020.4429,2606677.4405,9231.2857,1.7348
104,2018-12-14,50,12-17,corrected,382417.9877,2348789.7337,10344.5788,1.7429
104,2018-12-14,50,18-44,baseline,150963.3722,17821244.4048,12586.5714,0.8664
104,2018-12-14,50,18-44,corrected,928951.5030,17033483.9707,14984.3133,0.8778
104,2018-12-14,50,45-64,baseline,63761.2345,16789079.3060,5890.4286,0.8029
104,2018-12-14,50,45-64,corrected,624883.2502,16225841.7708,6412.3205,0.8035
104,2018-12-14,50,65+,baseline,14002.5312,9248524.5048,1150.1429,0.6974
104,2018-12-14,50,65+,corrected,225433.1379,9037082.6669,1150.1429,0.6826
105,2018-12-15,50,0-5,baseline,52959.2491,1723121.8858,3918.0000,1.4063
105,2018-12-15,50,0-5,corrected,527354.5909,1247368.0626,4272.5790,1.4079
105,2018-12-15,50,6-11,baseline,165746.9132,2498268.1741,11112.5714,1.8459
105,2018-12-15,50,6-11,corrected,692590.1791,1967484.5525,12118.2591,1.8502
105,2018-12-15,50,12-17,baseline,138842.7957,2594824.5928,9814.5714,1.6970
105,2018-12-15,50,12-17,corrected,393490.0269,2335637.0203,10998.2087,1.6978
105,2018-12-15,50,18-44,baseline,164624.0161,17802859.0092,13929.4286,0.8505
105,2018-12-15,50,18-44,corrected,945456.3298,17011784.1353,16582.9847,0.8608
105,2018-12-15,50,45-64,baseline,70201.7152,16780094.3509,6545.5714,0.7904
105,2018-12-15,50,45-64,corrected,631873.4904,16216198.7411,7125.5091,0.7897
105,2018-12-15,50,65+,baseline,15275.6091,9246658.1713,1286.8571,0.6902
105,2018-12-15,50,65+,corrected,226714.8488,9035235.1149,1286.8571,0.6746
106,2018-12-16,51,0-5,baseline,57160.1399,1717602.9224,4254.8571,1.3583
106,2018-12-16,51,0-5,corrected,531958.5160,1241367.1015,4639.9217,1.3616
106,2018-12-16,51,6-11,baseline,177452.1892,2484054.7886,11723.5714,1.7732
106,2018-12-16,51,6-11,corrected,705341.6804,1951759.8649,12784.5546,1.7752
106,2018-12-16,51,12-17,baseline,149238.3518,2582696.0752,10349.2857,1.6185
106,2018-12-16,51,12-17,corrected,405158.4943,2322156.1310,11597.4096,1.6207
106,2018-12-16,51,18-44,baseline,179616.6203,17783542.8189,15320.1429,0.8191
106,2018-12-16,51,18-44,corrected,963056.7244,16989154.1289,18238.6301,0.8287
106,2018-12-16,51,45-64,baseline,77288.5620,16770531.0883,7298.4286,0.7632
106,2018-12-16,51,45-64,corrected,639580.1188,16205789.4668,7945.0693,0.7625
106,2018-12-16,51,65+,baseline,16697.6348,9244592.3308,1451.1429,0.6704
106,2018-12-16,51,65+,corrected,228140.4021,9033172.9059,1451.1429,0.6555
107,2018-12-17,51,0-5,baseline,61733.6386,1711791.7685,4591.5714,1.2991
107,2018-12-17,51,0-5,corrected,536934.8142,1234995.1900,5007.1086,1.3060
107,2018-12-17,51,6-11,baseline,189851.9301,2469681.6370,12394.5714,1.6869
107,2018-12-17,51,6-11,corrected,718965.2128,1935948.6291,13516.2801,1.6889
107,2018-12-17,51,12-17,baseline,160044.6568,2570953.9994,10853.1429,1.5251
107,2018-12-17,51,12-17,corrected,417186.1772,2309173.7258,12162.0319,1.5280
107,2018-12-17,51,18-44,baseline,195837.4055,17763914.2807,16527.7143,0.7782
107,2018-12-17,51,18-44,corrected,982258.7820,16965240.1836,19676.2439,0.7910
107,2018-12-17,51,45-64,baseline,85130.8080,16760507.3910,7988.8571,0.7261
107,2018-12-17,51,45-64,corrected,648070.0105,16194919.7642,8696.6699,0.7281
107,2018-12-17,51,65+,baseline,18288.5417,9242371.8335,1633.0000,0.6423
107,2018-12-17,51,65+,corrected,229733.4644,9030938.3164,1633.0000,0.6296
108,2018-12-18,51,0-5,baseline,66662.9715,1705764.5896,4932.8571,1.2319
108,2018-12-18,51,0-5,corrected,542294.3646,1228474.3080,5379.2807,1.2390
108,2018-12-18,51,6-11,baseline,202910.2158,2455309.8401,13044.5714,1.5886
108,2018-12-18,51,6-11,corrected,733236.3500,1920500.9931,14225.1051,1.5932
108,2018-12-18,51,12-17,baseline,171194.9730,2559587.6647,11291.0000,1.4166
108,2018-12-18,51,12-17,corrected,429721.3248,2296404.5642,12652.6946,1.4239
108,2018-12-18,51,18-44,baseline,213215.5670,17743907.4667,17627.7143,0.7321
108,2018-12-18,51,18-44,corrected,1002684.1277,16941847.3062,20985.7939,0.7447
108,2018-12-18,51,45-64,baseline,93532.4209,16750327.8200,8654.0000,0.6839
108,2018-12-18,51,45-64,corrected,657217.5173,16183734.4020,9420.7444,0.6867
108,2018-12-18,51,65+,baseline,20068.2406,9240027.9309,1820.4286,0.6105
108,2018-12-18,51,65+,corrected,231503.3843,9028614.2841,1820.4286,0.5984
109,2018-12-19,51,0-5,baseline,71901.6049,1699746.7406,5266.1429,1.1633
109,2018-12-19,51,0-5,corrected,547982.9182,1221907.9427,5742.7288,1.1758
109,2018-12-19,51,6-11,baseline,216484.0860,2441050.4700,13663.5714,1.4915
109,2018-12-19,51,6-11,corrected,747959.1091,1905061.7089,14900.1246,1.4967
109,2018-12-19,51,12-17,baseline,182524.5062,2548827.9755,11598.2857,1.3108
109,2018-12-19,51,12-17,corrected,442413.0922,2284426.6631,12997.0390,1.3161
109,2018-12-19,51,18-44,baseline,231256.7655,17724330.1387,18591.5714,0.6871
109,2018-12-19,51,18-44,corrected,1024094.7770,16918783.3646,22133.2658,0.6993
109,2018-12-19,51,45-64,baseline,102485.2906,16740139.7030,9257.0000,0.6424
109,2018-12-19,51,45-64,corrected,667001.0015,16172547.1248,10077.1702,0.6447
109,2018-12-19,51,65+,baseline,22007.7769,9237602.6465,1991.0000,0.5778
109,2018-12-19,51,65+,corrected,233415.2153,9026184.2281,1991.0000,0.5658
110,2018-12-20,51,0-5,baseline,77384.8199,1693669.2681,5490.2857,1.1007
110,2018-12-20,51,0-5,corrected,553990.5480,1215183.0381,5987.1566,1.1110
110,2018-12-20,51,6-11,baseline,230224.9284,2427592.5748,13955.0000,1.3973
110,2018-12-20,51,6-11,corrected,762909.7590,1890388.3331,15217.9275,1.4046
110,2018-12-20,51,12-17,baseline,193807.3546,2539023.8834,11650.8571,1.2157
110,2018-12-20,51,12-17,corrected,455015.8998,2273344.7004,13055.9505,1.2181
110,2018-12-20,51,18-44,baseline,249529.0855,17705709.4959,18902.1429,0.6461
110,2018-12-20,51,18-44,corrected,1046167.9985,16896373.7147,22503.0011,0.6569
110,2018-12-20,51,45-64,baseline,111859.6433,16729881.4893,9472.4286,0.6060
110,2018-12-20,51,45-64,corrected,677214.3792,16161540.8642,10311.6857,0.6064
110,2018-12-20,51,65+,baseline,24080.5235,9235113.6558,2042.5714,0.5490
110,2018-12-20,51,65+,corrected,235498.5259,9023697.8265,2042.5714,0.5356
111,2018-12-21,51,0-5,baseline,83051.5063,1687637.1776,5851.1429,1.0498
111,2018-12-21,51,0-5,corrected,560151.3775,1208731.9085,6380.6713,1.0544
111,2018-12-21,51,6-11,baseline,244102.0157,2414894.4114,14160.7143,1.3163
111,2018-12-21,51,6-11,corrected,777839.2770,1876460.7924,15442.2589,1.3245
111,2018-12-21,51,12-17,baseline,204782.2636,2530304.3659,11344.8571,1.1288
111,2018-12-21,51,12-17,corrected,467195.7847,2263363.8994,12713.0469,1.1375
111,2018-12-21,51,18-44,baseline,268545.9720,17687549.5684,19401.0000,0.6132
111,2018-12-21,51,18-44,corrected,1068438.9889,16874565.0249,23096.8905,0.6216
111,2018-12-21,51,45-64,baseline,121555.0196,16719888.3190,10080.5714,0.5757
111,2018-12-21,51,45-64,corrected,687670.2970,16150699.3556,10973.7101,0.5757
111,2018-12-21,51,65+,baseline,26254.1363,9232654.0152,2300.4286,0.5250
111,2018-12-21,51,65+,corrected,237681.3712,9021242.1502,2300.4286,0.5128
112,2018-12-22,51,0-5,baseline,88855.0117,1681784.2035,5635.8571,1.0024
112,2018-12-22,51,0-5,corrected,566451.7463,1202289.9209,6145.9022,1.0101
112,2018-12-22,51,6-11,baseline,257520.6199,2402832.5101,13200.2857,1.2399
112,2018-12-22,51,6-11,corrected,792613.9231,1863346.9801,14394.9116,1.2486
112,2018-12-22,51,12-17,baseline,215237.7589,2522509.5125,10233.7143,1.0593
112,2018-12-22,51,12-17,corrected,478903.1765,2254567.5586,11467.9002,1.0642
112,2018-12-22,51,18-44,baseline,287244.9382,17670116.4244,17829.8571,0.5851
112,2018-12-22,51,18-44,corrected,1090550.1714,16853712.6171,21226.4449,0.5945
112,2018-12-22,51,45-64,baseline,131387.4750,16710260.0284,9361.8571,0.5518
112,2018-12-22,51,45-64,corrected,698321.9017,16140244.0258,10191.3177,0.5517
112,2018-12-22,51,65+,baseline,28546.6927,9230165.2143,2165.8571,0.5074
112,2018-12-22,51,65+,corrected,239964.2342,9018792.9837,2165.8571,0.4944
113,2018-12-23,52,0-5,baseline,94691.5334,1676281.9221,5840.2857,0.9681
113,2018-12-23,52,0-5,corrected,572733.5748,1196265.3433,6368.8316,0.9732
113,2018-12-23,52,6-11,baseline,270797.7406,2392192.1702,13335.8571,1.1781
113,2018-12-23,52,6-11,corrected,807036.4091,1851706.3826,14542.7522,1.1857
113,2018-12-23,52,12-17,baseline,224933.8580,2515703.9691,9907.5714,1.0077
113,2018-12-23,52,12-17,corrected,489948.4974,2246973.4578,11102.4245,1.0122
113,2018-12-23,52,18-44,baseline,305556.9886,17653749.6532,18225.2857,0.5671
113,2018-12-23,52,18-44,corrected,1112473.2693,16834141.0980,21697.2026,0.5755
113,2018-12-23,52,45-64,baseline,141108.8288,16701047.8694,9817.4286,0.5373
113,2018-12-23,52,45-64,corrected,708839.6626,16130437.3237,10687.2527,0.5367
113,2018-12-23,52,65+,baseline,30890.8589,9227783.2085,2367.0000,0.4976
113,2018-12-23,52,65+,corrected,242301.0788,9016414.8522,2367.0000,0.4844
114,2018-12-24,52,0-5,baseline,100497.4469,1671097.9808,5829.1429,0.9408
114,2018-12-24,52,0-5,corrected,579054.0886,1190510.3033,6356.6803,0.9466
114,2018-12-24,52,6-11,baseline,283552.2106,2382453.4684,12741.1429,1.1293
114,2018-12-24,52,6-11,corrected,820855.1595,1841066.9787,13894.2163,1.1394
114,2018-12-24,52,12-17,baseline,233958.6762,2509817.3564,9035.7143,0.9698
114,2018-12-24,52,12-17,corrected,499974.7052,2240195.5316,10125.4214,0.9729
114,2018-12-24,52,18-44,baseline,323448.6024,17638008.1362,17592.2857,0.5553
114,2018-12-24,52,18-44,corrected,1133930.1326,16815418.4429,20943.6161,0.5639
114,2018-12-24,52,45-64,baseline,150725.7129,16692460.7158,9500.5714,0.5290
114,2018-12-24,52,45-64,corrected,719333.2713,16120838.1911,10342.3221,0.5296
114,2018-12-24,52,65+,baseline,33264.6820,9225464.5013,2339.0000,0.4926
114,2018-12-24,52,65+,corrected,244661.8386,9014106.2081,2339.0000,0.4808
115,2018-12-25,52,0-5,baseline,106138.6291,1666197.5946,5680.4286,0.9179
115,2018-12-25,52,0-5,corrected,585196.7546,1185320.3975,6194.5074,0.9243
115,2018-12-25,52,6-11,baseline,295476.6075,2373899.2923,11813.1429,1.0896
115,2018-12-25,52,6-11,corrected,833702.9381,1831795.6351,12882.2323,1.0992
115,2018-12-25,52,12-17,baseline,242136.7632,2504742.7721,7968.4286,0.9405
115,2018-12-25,52,12-17,corrected,509238.3343,2234294.9576,8929.4211,0.9434
115,2018-12-25,52,18-44,baseline,340671.4564,17623448.1017,16907.2857,0.5491
115,2018-12-25,52,18-44,corrected,1154712.6232,16798165.2590,20128.1236,0.5570
115,2018-12-25,52,45-64,baseline,160260.8536,16683917.3779,9199.8571,0.5276
115,2018-12-25,52,45-64,corrected,729559.6884,16111658.2196,10014.9645,0.5278
115,2018-12-25,52,65+,baseline,35649.0412,9223194.0427,2304.7143,0.4950
115,2018-12-25,52,65+,corrected,247013.9834,9011859.8037,2304.7143,0.4825
116,2018-12-26,52,0-5,baseline,111561.0534,1661720.7927,5460.1429,0.9066
116,2018-12-26,52,0-5,corrected,591235.1569,1180404.9951,5954.2858,0.9098
116,2018-12-26,52,6-11,baseline,306383.0025,2366512.0509,10837.5714,1.0617
116,2018-12-26,52,6-11,corrected,845764.4811,1823778.5617,11818.3716,1.0714
116,2018-12-26,52,12-17,baseline,249520.6153,2500212.3662,7111.8571,0.9207
116,2018-12-26,52,12-17,corrected,517562.4391,2229152.5107,7969.5471,0.9226
116,2018-12-26,52,18-44,baseline,357313.7625,17609614.7590,16167.1429,0.5478
116,2018-12-26,52,18-44,corrected,1174544.0146,16781879.9881,19246.9836,0.5553
116,2018-12-26,52,45-64,baseline,169454.5808,16675912.4836,8886.2857,0.5308
116,2018-12-26,52,45-64,corrected,739705.0410,16103026.0261,9673.6106,0.5299
116,2018-12-26,52,65+,baseline,37997.0525,9221015.6785,2268.8571,0.5018
116,2018-12-26,52,65+,corrected,249360.2918,9009682.5169,2268.8571,0.4886
117,2018-12-27,52,0-5,baseline,116804.2861,1657574.0768,5264.5714,0.8967
117,2018-12-27,52,0-5,corrected,596950.5512,1175921.0896,5741.0151,0.9033
117,2018-12-27,52,6-11,baseline,316325.8342,2359872.8029,10212.0000,1.0459
117,2018-12-27,52,6-11,corrected,856797.0766,1816542.6301,11136.1860,1.0462
117,2018-12-27,52,12-17,baseline,256109.5451,2496229.2141,6689.8571,0.9100
117,2018-12-27,52,12-17,corrected,525003.0133,2224822.3619,7496.6539,0.9093
117,2018-12-27,52,18-44,baseline,373285.1144,17596687.8106,15825.4286,0.5519
117,2018-12-27,52,18-44,corrected,1193628.4189,16766556.3341,18840.1727,0.5571
117,2018-12-27,52,45-64,baseline,178349.0216,16668268.9728,8749.4286,0.5398
117,2018-12-27,52,45-64,corrected,749312.7289,16094700.6606,9524.6279,0.5362
117,2018-12-27,52,65+,baseline,40314.4525,9218869.7606,2261.1429,0.5149
117,2018-12-27,52,65+,corrected,251668.4047,9007559.1927,2261.1429,0.4985
118,2018-12-28,52,0-5,baseline,121723.1139,1653779.6738,4774.8571,0.8970
118,2018-12-28,52,0-5,corrected,602350.2395,1171684.1507,5206.9817,0.8997
118,2018-12-28,52,6-11,baseline,325417.0612,2354051.9675,8609.8571,1.0299
118,2018-12-28,52,6-11,corrected,866708.1053,1810316.1032,9389.0492,1.0318
118,2018-12-28,52,12-17,baseline,261830.2060,2492899.1315,5421.7143,0.8997
118,2018-12-28,52,12-17,corrected,531592.5872,2221053.8669,6075.5730,0.9027
118,2018-12-28,52,18-44,baseline,388472.8520,17584575.7523,14527.2857,0.5569
118,2018-12-28,52,18-44,corrected,1211610.4915,16752038.2291,17294.7336,0.5624
118,2018-12-28,52,45-64,baseline,186926.9168,16660843.7264,8147.5714,0.5491
118,2018-12-28,52,45-64,corrected,758576.6521,16086540.3051,8869.4463,0.5458
118,2018-12-28,52,65+,baseline,42568.5132,9216756.3401,2171.2857,0.5279
118,2018-12-28,52,65+,corrected,253913.7699,9005452.8103,2171.2857,0.5119
119,2018-12-29,52,0-5,baseline,126339.1949,1650387.7803,4613.4286,0.8907
119,2018-12-29,52,0-5,corrected,607333.9150,1167849.4945,5030.9439,0.8985
119,2018-12-29,52,6-11,baseline,333776.0969,2349062.8145,8161.1429,1.0184
119,2018-12-29,52,6-11,corrected,875632.7851,1805072.4682,8899.7263,1.0206
119,2018-12-29,52,12-17,baseline,266772.0511,2490180.7950,5145.4286,0.8935
119,2018-12-29,52,12-17,corrected,537285.3714,2217882.6748,5765.9673,0.8969
119,2018-12-29,52,18-44,baseline,402806.4025,17573639.3812,14115.0000,0.5618
119,2018-12-29,52,18-44,corrected,1228512.1199,16738774.8337,16803.9075,0.5695
119,2018-12-29,52,45-64,baseline,195203.5093,16653789.7215,8023.0000,0.5590
119,2018-12-29,52,45-64,corrected,767671.3139,16078890.4470,8733.8378,0.5574
119,2018-12-29,52,65+,baseline,44802.5151,9214744.4275,2179.4286,0.5409
119,2018-12-29,52,65+,corrected,256145.1299,9003420.5218,2179.4286,0.5262
120,2018-12-30,1,0-5,baseline,130675.0940,1647218.7890,4312.1429,0.8915
120,2018-12-30,1,0-5,corrected,612085.4499,1164370.4176,4702.3918,0.8993
120,2018-12-30,1,6-11,baseline,341185.2912,2344815.9935,7285.8571,1.0065
120,2018-12-30,1,6-11,corrected,883500.0426,1800482.3132,7945.2272,1.0112
120,2018-12-30,1,12-17,baseline,271245.3229,2487735.5032,4489.2857,0.8886
120,2018-12-30,1,12-17,corrected,542265.2419,2215228.8789,5030.6936,0.8890
120,2018-12-30,1,18-44,baseline,416165.3084,17563221.9759,13120.8571,0.5687
120,2018-12-30,1,18-44,corrected,1244684.9703,16726545.5995,15620.3804,0.5749
120,2018-12-30,1,45-64,baseline,203219.3594,16647095.2483,7631.2857,0.5704
120,2018-12-30,1,45-64,corrected,776290.5231,16071685.8736,8307.4176,0.5671
120,2018-12-30,1,65+,baseline,46980.8847,9212805.9626,2106.0000,0.5553
120,2018-12-30,1,65+,corrected,258316.0560,9001433.1108,2106.0000,0.5392
121,2018-12-31,1,0-5,baseline,134671.2474,1644320.6180,3992.4286,0.8924
121,2018-12-31,1,0-5,corrected,616535.0697,1161199.8077,4353.7434,0.8986
121,2018-12-31,1,6-11,baseline,347565.2822,2341134.2884,6470.1429,0.9964
121,2018-12-31,1,6-11,corrected,890550.1620,1796504.6059,7055.6908,1.0033
121,2018-12-31,1,12-17,baseline,275187.4751,2485652.9160,3877.5714,0.8798
121,2018-12-31,1,12-17,corrected,546616.6130,2213013.7332,4345.2065,0.8816
121,2018-12-31,1,18-44,baseline,428434.5603,17553739.8942,12337.2857,0.5717
121,2018-12-31,1,18-44,corrected,1259606.3925,16715070.6295,14687.5386,0.5783
121,2018-12-31,1,45-64,baseline,210761.3926,16640876.3529,7429.2857,0.5760
121,2018-12-31,1,45-64,corrected,784579.0484,16064826.1689,8087.5204,0.5734
121,2018-12-31,1,65+,baseline,49095.3727,9210931.7891,2097.4286,0.5646
121,2018-12-31,1,65+,corrected,260440.7865,8999532.1416,2097.4286,0.5488
122,2019-01-01,1,0-5,baseline,138352.5843,1641545.8086,3672.4286,0.8946
122,2019-01-01,1,0-5,corrected,620601.6955,1158297.3996,4004.7834,0.9013
122,2019-01-01,1,6-11,baseline,353088.5153,2337975.3461,5682.1429,0.9871
122,2019-01-01,1,6-11,corrected,896554.5403,1793080.0261,6196.3768,0.9937
122,2019-01-01,1,12-17,baseline,278487.2420,2483924.9597,3324.8571,0.8699
122,2019-01-01,1,12-17,corrected,550266.9177,2211073.9329,3725.8349,0.8705
122,2019-01-01,1,18-44,baseline,440154.1871,17544982.3183,11561.5714,0.5730
122,2019-01-01,1,18-44,corrected,1273602.7414,16704465.6654,13764.0508,0.5791
122,2019-01-01,1,45-64,baseline,218031.3460,16634935.8990,7148.2857,0.5787
122,2019-01-01,1,45-64,corrected,792411.5652,16058591.9893,7781.6238,0.5752
122,2019-01-01,1,65+,baseline,51136.5792,9209115.5104,2064.8571,0.5714
122,2019-01-01,1,65+,corrected,262500.3914,8997755.9839,2064.8571,0.5529
123,2019-01-02,1,0-5,baseline,141821.8832,1638994.6304,3397.2857,0.8977
123,2019-01-02,1,0-5,corrected,624345.5916,1155500.0310,3704.7401,0.9024
123,2019-01-02,1,6-11,baseline,358013.4266,2335201.3831,4979.1429,0.9795
123,2019-01-02,1,6-11,corrected,901865.5307,1790024.9872,5429.7553,0.9836
123,2019-01-02,1,12-17,baseline,281407.8602,2482425.0718,2856.2857,0.8560
123,2019-01-02,1,12-17,corrected,553518.7782,2209408.1456,3200.7538,0.8544
123,2019-01-02,1,18-44,baseline,451063.1348,17536814.4193,10847.0000,0.5706
123,2019-01-02,1,18-44,corrected,1286287.1639,16694944.8894,12913.3535,0.5752
123,2019-01-02,1,45-64,baseline,224774.8329,16629665.1550,6803.0000,0.5762
123,2019-01-02,1,45-64,corrected,799742.9330,16052862.9839,7405.7458,0.5720
123,2019-01-02,1,65+,baseline,53119.6514,9207390.2843,2001.0000,0.5711
123,2019-01-02,1,65+,corrected,264464.0375,8996067.0131,2001.0000,0.5525
124,2019-01-03,1,0-5,baseline,144960.2467,1636575.2523,3222.4286,0.9019
124,2019-01-03,1,0-5,corrected,627761.7182,1152927.9234,3514.0584,0.9037
124,2019-01-03,1,6-11,baseline,362294.7309,2332671.9950,4481.7143,0.9740
124,2019-01-03,1,6-11,corrected,906484.1390,1787250.0041,4887.3094,0.9777
124,2019-01-03,1,12-17,baseline,283888.5294,2481120.5496,2605.8571,0.8383
124,2019-01-03,1,12-17,corrected,556215.7427,2207965.8344,2920.1235,0.8409
124,2019-01-03,1,18-44,baseline,461252.3276,17529691.4621,10438.5714,0.5637
124,2019-01-03,1,18-44,corrected,1298301.0819,16686421.6719,12427.1193,0.5707
124,2019-01-03,1,45-64,baseline,231148.1533,16624957.0026,6631.7143,0.5678
124,2019-01-03,1,45-64,corrected,806762.4565,16047596.6710,7219.2842,0.5672
124,2019-01-03,1,65+,baseline,55023.8035,9205800.9183,1970.7143,0.5657
124,2019-01-03,1,65+,corrected,266359.9364,8994445.3732,1970.7143,0.5506
125,2019-01-04,1,0-5,baseline,147937.3895,1634318.5062,2830.8571,0.9076
125,2019-01-04,1,0-5,corrected,630993.0771,1150447.0158,3087.0497,0.9085
125,2019-01-04,1,6-11,baseline,366062.3008,2330412.3238,3478.0000,0.9753
125,2019-01-04,1,6-11,corrected,910485.2315,1784722.6315,3792.7590,0.9786
125,2019-01-04,1,12-17,baseline,285997.8764,2480017.0259,1956.8571,0.8230
125,2019-01-04,1,12-17,corrected,558562.9483,2206659.8152,2192.8541,0.8246
125,2019-01-04,1,18-44,baseline,470492.2252,17523224.3671,9181.1429,0.5569
125,2019-01-04,1,18-44,corrected,1309193.2399,16678811.3708,10930.1506,0.5628
125,2019-01-04,1,45-64,baseline,237132.3410,16620506.4084,5911.7143,0.5591
125,2019-01-04,1,45-64,corrected,813266.3449,16042685.6454,6435.4922,0.5583
125,2019-01-04,1,65+,baseline,56855.6006,9204290.2664,1801.0000,0.5596
125,2019-01-04,1,65+,corrected,268184.0316,8992948.5668,1801.0000,0.5453
126,2019-01-05,1,0-5,baseline,150694.0613,1632077.8321,2785.8571,0.9171
126,2019-01-05,1,0-5,corrected,633979.5534,1148154.1655,3037.9772,0.9140
126,2019-01-05,1,6-11,baseline,369372.5102,2328363.9789,3328.1429,0.9786
126,2019-01-05,1,6-11,corrected,914191.8048,1782387.1483,3629.3398,0.9822
126,2019-01-05,1,12-17,baseline,287851.1124,2479016.7693,1901.7143,0.8054
126,2019-01-05,1,12-17,corrected,560560.3355,2205576.9773,2131.0610,0.8073
126,2019-01-05,1,18-44,baseline,478867.0530,17517768.3438,9240.8571,0.5488
126,2019-01-05,1,18-44,corrected,1319368.8605,16671970.8150,11001.2404,0.5540
126,2019-01-05,1,45-64,baseline,242605.4206,16616697.2753,6048.5714,0.5480
126,2019-01-05,1,45-64,corrected,819342.1342,16038440.2331,6584.4749,0.5465
126,2019-01-05,1,65+,baseline,58597.1376,9202915.8960,1873.5714,0.5507
126,2019-01-05,1,65+,corrected,269938.9873,8991570.6250,1873.5714,0.5364
127,2019-01-06,2,0-5,baseline,153235.8549,1629996.9105,2447.5714,0.9331
127,2019-01-06,2,0-5,corrected,636740.8993,1145827.2387,2669.0766,0.9313
127,2019-01-06,2,6-11,baseline,372263.2295,2326331.5637,2744.2857,0.9916
127,2019-01-06,2,6-11,corrected,917402.3718,1780347.6436,2992.6436,0.9936
127,2019-01-06,2,12-17,baseline,289373.1080,2478219.8479,1511.5714,0.7927
127,2019-01-06,2,12-17,corrected,562384.4478,2204591.0860,1693.8669,0.7908
127,2019-01-06,2,18-44,baseline,486601.2374,17512791.0030,7635.8571,0.5447
127,2019-01-06,2,18-44,corrected,1328716.6122,16665957.5998,9090.4879,0.5488
127,2019-01-06,2,45-64,baseline,247717.0854,16613191.6857,5017.8571,0.5415
127,2019-01-06,2,45-64,corrected,824896.1419,16034570.3143,5462.4393,0.5377
127,2019-01-06,2,65+,baseline,60244.1975,9201629.2377,1617.0000,0.5462
127,2019-01-06,2,65+,corrected,271575.8470,8990291.1355,1617.0000,0.5305
128,2019-01-07,2,0-5,baseline,155676.6281,1627956.3983,2304.4286,0.9511
128,2019-01-07,2,0-5,corrected,639367.6597,1143589.7320,2512.9794,0.9507
128,2019-01-07,2,6-11,baseline,374876.5671,2324527.0024,2476.5714,1.0063
128,2019-01-07,2,6-11,corrected,920300.0068,1778343.4013,2700.7011,1.0106
128,2019-01-07,2,12-17,baseline,290669.5646,2477557.2965,1302.2857,0.7814
128,2019-01-07,2,12-17,corrected,563949.1302,2203788.2731,1459.3414,0.7800
128,2019-01-07,2,18-44,baseline,493529.6800,17508294.7943,6830.8571,0.5413
128,2019-01-07,2,18-44,corrected,1336964.2098,16660640.2126,8132.1354,0.5463
128,2019-01-07,2,45-64,baseline,252293.5570,16610076.3119,4549.5714,0.5354
128,2019-01-07,2,45-64,corrected,829871.2586,16031241.5451,4952.6635,0.5323
128,2019-01-07,2,65+,baseline,61802.2051,9200446.9098,1512.4286,0.5437
128,2019-01-07,2,65+,corrected,273104.9401,8989138.0094,1512.4286,0.5279
129,2019-01-08,2,0-5,baseline,158004.5464,1625986.0351,2222.5714,0.9634
129,2019-01-08,2,0-5,corrected,641824.6756,1141406.3891,2423.7141,0.9663
129,2019-01-08,2,6-11,baseline,377194.2185,2322877.6327,2300.0000,1.0198
129,2019-01-08,2,6-11,corrected,922947.1634,1776383.5603,2508.1500,1.0207
129,2019-01-08,2,12-17,baseline,291858.4051,2476863.3926,1121.2857,0.7688
129,2019-01-08,2,12-17,corrected,565300.4661,2203073.9851,1256.5128,0.7696
129,2019-01-08,2,18-44,baseline,499672.1528,17504449.9823,6005.8571,0.5378
129,2019-01-08,2,18-44,corrected,1344521.8374,16655924.2723,7149.9729,0.5441
129,2019-01-08,2,45-64,baseline,256540.6402,16607365.3182,4081.8571,0.5298
129,2019-01-08,2,45-64,corrected,834369.6446,16028372.2116,4443.5097,0.5276
129,2019-01-08,2,65+,baseline,63235.4675,9199396.0215,1393.2857,0.5399
129,2019-01-08,2,65+,corrected,274558.9950,8988063.4059,1393.2857,0.5240
130,2019-01-09,2,0-5,baseline,160211.3201,1624114.8611,2160.0000,0.9692
130,2019-01-09,2,0-5,corrected,644214.8961,1139431.2088,2355.4800,0.9769
130,2019-01-09,2,6-11,baseline,379453.8316,2321157.1676,2158.1429,1.0249
130,2019-01-09,2,6-11,corrected,925358.7573,1774556.3007,2353.4548,1.0320
130,2019-01-09,2,12-17,baseline,292899.1852,2476299.2935,987.4286,0.7540
130,2019-01-09,2,12-17,corrected,566471.0168,2202471.0098,1106.5125,0.7575
130,2019-01-09,2,18-44,baseline,505258.9955,17501020.0869,5405.8571,0.5319
130,2019-01-09,2,18-44,corrected,1351426.7054,16651724.0061,6435.6729,0.5396
130,2019-01-09,2,45-64,baseline,260305.3037,16604948.4607,3702.8571,0.5226
130,2019-01-09,2,45-64,corrected,838496.8744,16025700.2714,4030.9303,0.5209
130,2019-01-09,2,65+,baseline,64569.0980,9198461.2446,1300.7143,0.5339
130,2019-01-09,2,65+,corrected,275871.5663,8987138.3641,1300.7143,0.5193
131,2019-01-10,2,0-5,baseline,162253.3448,1622348.6578,2105.8571,0.9710
131,2019-01-10,2,0-5,corrected,646476.5905,1137512.2672,2296.4372,0.9790
131,2019-01-10,2,6-11,baseline,381406.7360,2319796.2407,2057.5714,1.0233
131,2019-01-10,2,6-11,corrected,927566.7719,1772957.1224,2243.7816,1.0281
131,2019-01-10,2,12-17,baseline,293772.8787,2475882.9496,911.2857,0.7402
131,2019-01-10,2,12-17,corrected,567389.8649,2201971.0773,1021.1868,0.7421
131,2019-01-10,2,18-44,baseline,510301.5785,17497974.5616,5102.1429,0.5261
131,2019-01-10,2,18-44,corrected,1357383.8624,16648090.3940,6074.1011,0.5323
131,2019-01-10,2,45-64,baseline,263714.6494,16602867.8843,3552.0000,0.5154
131,2019-01-10,2,45-64,corrected,842163.7055,16023368.0165,3866.7072,0.5122
131,2019-01-10,2,65+,baseline,65807.6166,9197617.4430,1267.1429,0.5291
131,2019-01-10,2,65+,corrected,277086.1417,8986346.9623,1267.1429,0.5126
132,2019-01-11,2,0-5,baseline,164256.8350,1620653.8761,2041.5714,0.9655
132,2019-01-11,2,0-5,corrected,648715.8392,1135701.9087,2226.3336,0.9687
132,2019-01-11,2,6-11,baseline,383197.5311,2318431.0482,1869.4286,1.0192
132,2019-01-11,2,6-11,corrected,929634.1004,1771397.7116,2038.6119,1.0209
132,2019-01-11,2,12-17,baseline,294437.2362,2475558.6844,725.1429,0.7250
132,2019-01-11,2,12-17,corrected,568116.7570,2201606.2764,812.5951,0.7274
132,2019-01-11,2,18-44,baseline,514718.9346,17495279.2624,4367.2857,0.5192
132,2019-01-11,2,18-44,corrected,1362613.0131,16644742.9180,5199.2536,0.5241
132,2019-01-11,2,45-64,baseline,266718.9013,16601074.9949,3031.2857,0.5071
132,2019-01-11,2,45-64,corrected,845491.8637,16021372.2461,3299.8576,0.5042
132,2019-01-11,2,65+,baseline,66942.0043,9196849.4728,1104.1429,0.5228
132,2019-01-11,2,65+,corrected,278209.0322,8985586.2138,1104.1429,0.5068
133,2019-01-12,2,0-5,baseline,166185.6902,1619058.5705,1970.7143,0.9553
133,2019-01-12,2,0-5,corrected,650799.4610,1133989.0282,2149.0639,0.9588
133,2019-01-12,2,6-11,baseline,384930.9533,2317093.8119,1746.4286,1.0106
133,2019-01-12,2,6-11,corrected,931594.6020,1769977.6255,1904.4804,1.0145
133,2019-01-12,2,12-17,baseline,295103.5944,2475221.6907,621.7143,0.7125
133,2019-01-12,2,12-17,corrected,568811.6598,2201244.2030,696.6930,0.7158
133,2019-01-12,2,18-44,baseline,518665.2608,17492817.5751,3898.4286,0.5115
133,2019-01-12,2,18-44,corrected,1367119.2803,16642059.2094,4641.0792,0.5170
133,2019-01-12,2,45-64,baseline,269391.5366,16599333.8146,2746.0000,0.4996
133,2019-01-12,2,45-64,corrected,848318.0038,16019617.0720,2989.2956,0.4977
133,2019-01-12,2,65+,baseline,67956.5813,9196167.3219,1022.0000,0.5165
133,2019-01-12,2,65+,corrected,279227.7966,8984861.1625,1022.0000,0.5021
134,2019-01-13,3,0-5,baseline,168093.3461,1617606.5626,1878.2857,0.9409
134,2019-01-13,3,0-5,corrected,652764.9266,1132417.2588,2048.2706,0.9438
134,2019-01-13,3,6-11,baseline,386515.2018,2315866.5659,1638.2857,1.0010
134,2019-01-13,3,6-11,corrected,933281.3787,1768740.9818,1786.5506,1.0043
134,2019-01-13,3,12-17,baseline,295630.4198,2474937.7759,543.2857,0.7016
134,2019-01-13,3,12-17,corrected,569406.1091,2200944.7628,608.8060,0.7067
134,2019-01-13,3,18-44,baseline,522074.3989,17490700.0994,3453.7143,0.5036
134,2019-01-13,3,18-44,corrected,1371315.7727,16639533.2202,4111.6469,0.5104
134,2019-01-13,3,45-64,baseline,271793.9814,16597777.7797,2441.0000,0.4918
134,2019-01-13,3,45-64,corrected,850922.4268,16018025.4479,2657.2726,0.4923
134,2019-01-13,3,65+,baseline,68886.2285,9195526.3663,939.8571,0.5103
134,2019-01-13,3,65+,corrected,280152.0309,8984241.3657,939.8571,0.4983
135,2019-01-14,3,0-5,baseline,169801.2979,1616276.3828,1766.7143,0.9288
135,2019-01-14,3,0-5,corrected,654643.2899,1130982.6087,1926.6019,0.9314
135,2019-01-14,3,6-11,baseline,387978.1347,2314835.9339,1514.8571,0.9892
135,2019-01-14,3,6-11,corrected,934828.0278,1767652.2612,1651.9517,0.9946
135,2019-01-14,3,12-17,baseline,296044.1244,2474734.8957,464.5714,0.6960
135,2019-01-14,3,12-17,corrected,569941.3427,2200653.4117,520.5987,0.7004
135,2019-01-14,3,18-44,baseline,525084.6641,17488841.0234,3059.1429,0.4983
135,2019-01-14,3,18-44,corrected,1375001.7091,16637088.9773,3641.9096,0.5044
135,2019-01-14,3,45-64,baseline,273990.0918,16596373.9958,2160.4286,0.4877
135,2019-01-14,3,45-64,corrected,853266.1541,16016599.5428,2351.8425,0.4874
135,2019-01-14,3,65+,baseline,69711.7212,9194950.3555,842.2857,0.5071
135,2019-01-14,3,65+,corrected,280985.9452,8983675.1823,842.2857,0.4951
136,2019-01-15,3,0-5,baseline,171445.6930,1615100.2240,1629.4286,0.9166
136,2019-01-15,3,0-5,corrected,656405.9308,1129657.1286,1776.8919,0.9243
136,2019-01-15,3,6-11,baseline,389419.7980,2313710.4339,1367.4286,0.9845
136,2019-01-15,3,6-11,corrected,936297.7934,1766620.4881,1491.1809,0.9919
136,2019-01-15,3,12-17,baseline,296415.3195,2474579.8824,391.8571,0.6959
136,2019-01-15,3,12-17,corrected,570420.5667,2200384.4198,439.1151,0.6985
136,2019-01-15,3,18-44,baseline,527694.1383,17487062.7420,2708.7143,0.4955
136,2019-01-15,3,18-44,corrected,1378334.1296,16634918.6695,3224.7244,0.5022
136,2019-01-15,3,45-64,baseline,275938.9815,16595147.4256,1901.0000,0.4857
136,2019-01-15,3,45-64,corrected,855307.5381,16015301.3201,2069.4286,0.4853
136,2019-01-15,3,65+,baseline,70473.7393,9194401.9567,743.5714,0.5066
136,2019-01-15,3,65+,corrected,281751.3238,8983129.4565,743.5714,0.4940
137,2019-01-16,3,0-5,baseline,172947.1621,1613979.8926,1495.4286,0.9139
137,2019-01-16,3,0-5,corrected,658051.7160,1128394.6322,1630.7649,0.9201
137,2019-01-16,3,6-11,baseline,390711.7048,2312826.3604,1238.0000,0.9897
137,2019-01-16,3,6-11,corrected,937602.9755,1765635.0112,1350.0390,0.9937
137,2019-01-16,3,12-17,baseline,296844.7080,2474247.4863,336.7143,0.7001
137,2019-01-16,3,12-17,corrected,570800.0123,2200189.1206,377.3220,0.7040
137,2019-01-16,3,18-44,baseline,530121.7467,17485563.6488,2433.8571,0.4959
137,2019-01-16,3,18-44,corrected,1381334.0392,16632936.3504,2897.5069,0.5032
137,2019-01-16,3,45-64,baseline,277635.7981,16594066.4862,1684.4286,0.4867
137,2019-01-16,3,45-64,corrected,857117.6548,16014226.4717,1833.6689,0.4870
137,2019-01-16,3,65+,baseline,71171.0582,9193915.2578,677.0000,0.5101
137,2019-01-16,3,65+,corrected,282451.3854,8982664.0728,677.0000,0.4969
138,2019-01-17,3,0-5,baseline,174329.0842,1612966.6017,1399.2857,0.9206
138,2019-01-17,3,0-5,corrected,659606.9934,1127270.9703,1525.9211,0.9248
138,2019-01-17,3,6-11,baseline,391978.0780,2311862.4610,1160.5714,0.9980
138,2019-01-17,3,6-11,corrected,938787.4536,1764790.8380,1265.6031,1.0031
138,2019-01-17,3,12-17,baseline,297024.8338,2474157.8882,310.8571,0.7122
138,2019-01-17,3,12-17,corrected,571067.4176,2200034.6076,348.3465,0.7153
138,2019-01-17,3,18-44,baseline,532369.5136,17484029.5963,2305.7143,0.5008
138,2019-01-17,3,18-44,corrected,1383858.7237,16631271.2868,2744.9529,0.5074
138,2019-01-17,3,45-64,baseline,279163.2296,16593170.2250,1604.4286,0.4918
138,2019-01-17,3,45-64,corrected,858833.0050,16013143.1461,1746.5809,0.4915
138,2019-01-17,3,65+,baseline,71780.1481,9193495.7541,650.1429,0.5167
138,2019-01-17,3,65+,corrected,283101.5999,8982222.1450,650.1429,0.5031
139,2019-01-18,3,0-5,baseline,175600.3866,1612018.9702,1239.5714,0.9328
139,2019-01-18,3,0-5,corrected,661032.1801,1126237.7997,1351.7526,0.9395
139,2019-01-18,3,6-11,baseline,393087.0322,2311026.2573,1016.5714,1.0170
139,2019-01-18,3,6-11,corrected,940008.1804,1763867.1288,1108.5711,1.0249
139,2019-01-18,3,12-17,baseline,297384.1676,2473943.4885,252.2857,0.7307
139,2019-01-18,3,12-17,corrected,571382.1838,2199808.0878,282.7114,0.7351
139,2019-01-18,3,18-44,baseline,534284.9110,17482715.3310,1964.8571,0.5104
139,2019-01-18,3,18-44,corrected,1386245.0907,16629636.1396,2339.1624,0.5168
139,2019-01-18,3,45-64,baseline,280574.4784,16592252.4678,1321.8571,0.5013
139,2019-01-18,3,45-64,corrected,860310.5601,16012192.3302,1438.9737,0.5006
139,2019-01-18,3,65+,baseline,72369.0848,9193089.7099,551.5714,0.5281
139,2019-01-18,3,65+,corrected,283686.9505,8981830.1654,551.5714,0.5138
140,2019-01-19,3,0-5,baseline,176769.6931,1611205.6209,1150.5714,0.9504
140,2019-01-19,3,0-5,corrected,662340.3941,1125264.2691,1254.6981,0.9570
140,2019-01-19,3,6-11,baseline,394091.1009,2310303.6833,939.5714,1.0439
140,2019-01-19,3,6-11,corrected,941042.4363,1763077.7036,1024.6026,1.0547
140,2019-01-19,3,12-17,baseline,297697.2257,2473626.1448,224.7143,0.7584
140,2019-01-19,3,12-17,corrected,571647.2338,2199617.6612,251.8148,0.7607
140,2019-01-19,3,18-44,baseline,536002.3607,17481545.9721,1755.4286,0.5226
140,2019-01-19,3,18-44,corrected,1388396.6298,16628058.7684,2089.8377,0.5308
140,2019-01-19,3,45-64,baseline,281762.5465,16591501.2646,1172.5714,0.5145
140,2019-01-19,3,45-64,corrected,861615.0440,16011330.4586,1276.4613,0.5140
140,2019-01-19,3,65+,baseline,72909.0621,9192709.5172,497.8571,0.5438
140,2019-01-19,3,65+,corrected,284213.4073,8981447.5565,497.8571,0.5284
141,2019-01-20,4,0-5,baseline,177810.8767,1610409.5185,1074.0000,0.9748
141,2019-01-20,4,0-5,corrected,663523.8228,1124375.2286,1171.1970,0.9823
141,2019-01-20,4,6-11,baseline,395116.8202,2309618.4946,878.1429,1.0794
141,2019-01-20,4,6-11,corrected,941979.1971,1762381.1104,957.6148,1.0886
141,2019-01-20,4,12-17,baseline,297946.7072,2473455.2486,200.4286,0.7909
141,2019-01-20,4,12-17,corrected,571894.2816,2199430.9751,224.6003,0.7944
141,2019-01-20,4,18-44,baseline,537586.9811,17480463.0896,1610.0000,0.5390
141,2019-01-20,4,18-44,corrected,1390388.0055,16626560.9499,1916.7050,0.5469
141,2019-01-20,4,45-64,baseline,282824.0996,16590803.8897,1067.8571,0.5313
141,2019-01-20,4,45-64,corrected,862801.2467,16010520.7487,1162.4693,0.5304
141,2019-01-20,4,65+,baseline,73396.9402,9192377.4756,463.8571,0.5623
141,2019-01-20,4,65+,corrected,284687.0226,8981088.4824,463.8571,0.5471
142,2019-01-21,4,0-5,baseline,178857.9842,1609636.7529,1003.1429,1.0061
142,2019-01-21,4,0-5,corrected,664630.0433,1123519.6871,1093.9273,1.0137
142,2019-01-21,4,6-11,baseline,395828.2892,2308985.6536,824.1429,1.1177
142,2019-01-21,4,6-11,corrected,942891.9243,1761746.3982,898.7278,1.1272
142,2019-01-21,4,12-17,baseline,298144.1305,2473299.8792,187.1429,0.8260
142,2019-01-21,4,12-17,corrected,572140.4067,2199261.1967,209.7123,0.8322
142,2019-01-21,4,18-44,baseline,539101.1893,17479351.3037,1476.4286,0.5578
142,2019-01-21,4,18-44,corrected,1392302.1624,16625216.2318,1757.6882,0.5682
142,2019-01-21,4,45-64,baseline,283811.9392,16590101.3048,966.2857,0.5494
142,2019-01-21,4,45-64,corrected,863921.8015,16009716.5970,1051.8986,0.5505
142,2019-01-21,4,65+,baseline,73848.6467,9192048.0154,428.5714,0.5817
142,2019-01-21,4,65+,corrected,285121.4725,8980757.1418,428.5714,0.5688
143,2019-01-22,4,0-5,baseline,179855.4119,1608835.7470,941.0000,1.0369
143,2019-01-22,4,0-5,corrected,665661.9283,1122708.5086,1026.1605,1.0481
143,2019-01-22,4,6-11,baseline,396482.7972,2308483.1110,769.0000,1.1614
143,2019-01-22,4,6-11,corrected,943796.1227,1761038.6905,838.5945,1.1663
143,2019-01-22,4,12-17,baseline,298411.3738,2473110.6351,177.4286,0.8627
143,2019-01-22,4,12-17,corrected,572317.7009,2199117.8526,198.8265,0.8675
143,2019-01-22,4,18-44,baseline,540474.6526,17478362.0240,1372.1429,0.5793
143,2019-01-22,4,18-44,corrected,1394071.9872,16623761.8452,1633.5361,0.5887
143,2019-01-22,4,45-64,baseline,284695.6464,16589469.6541,865.5714,0.5703
143,2019-01-22,4,45-64,corrected,864908.7779,16008988.3599,942.2611,0.5704
143,2019-01-22,4,65+,baseline,74252.5127,9191739.1116,397.7143,0.6027
143,2019-01-22,4,65+,corrected,285513.1729,8980456.2397,397.7143,0.5886
144,2019-01-23,4,0-5,baseline,180765.4927,1608115.2873,879.4286,1.0702
144,2019-01-23,4,0-5,corrected,666651.0679,1121974.6968,959.0169,1.0813
144,2019-01-23,4,6-11,baseline,397171.5872,2307963.7907,720.1429,1.2026
144,2019-01-23,4,6-11,corrected,944458.4203,1760415.7683,785.3158,1.2084
144,2019-01-23,4,12-17,baseline,298523.6995,2472976.4065,167.7143,0.8982
144,2019-01-23,4,12-17,corrected,572471.4999,2199010.5984,187.9406,0.9040
144,2019-01-23,4,18-44,baseline,541713.9369,17477367.9843,1276.4286,0.6001
144,2019-01-23,4,18-44,corrected,1395630.3486,16622476.8458,1519.5882,0.6101
144,2019-01-23,4,45-64,baseline,285566.9957,16588832.6674,796.7143,0.5899
144,2019-01-23,4,45-64,corrected,865834.0162,16008313.4261,867.3032,0.5901
144,2019-01-23,4,65+,baseline,74622.1145,9191450.6779,375.4286,0.6218
144,2019-01-23,4,65+,corrected,285908.8850,8980132.4203,375.4286,0.6079
145,2019-01-24,4,0-5,baseline,181607.3962,1607449.7045,840.7143,1.1027
145,2019-01-24,4,0-5,corrected,667542.7874,1121275.2610,916.7989,1.1115
145,2019-01-24,4,6-11,baseline,397927.2387,2307350.1764,692.8571,1.2428
145,2019-01-24,4,6-11,corrected,945067.4617,1759864.6429,755.5607,1.2503
145,2019-01-24,4,12-17,baseline,298696.7048,2472886.9543,164.0000,0.9256
145,2019-01-24,4,12-17,corrected,572642.3203,2198855.9842,183.7784,0.9326
145,2019-01-24,4,18-44,baseline,542905.6670,17476380.7524,1241.0000,0.6166
145,2019-01-24,4,18-44,corrected,1396967.8297,16621463.5611,1477.4105,0.6264
145,2019-01-24,4,45-64,baseline,286332.7148,16588261.8373,771.5714,0.6043
145,2019-01-24,4,45-64,corrected,866594.9306,16007716.0900,839.9327,0.6055
145,2019-01-24,4,65+,baseline,74965.9180,9191163.5723,366.4286,0.6362
145,2019-01-24,4,65+,corrected,286265.9258,8979854.9849,366.4286,0.6217
146,2019-01-25,4,0-5,baseline,182387.7144,1606777.9504,760.5714,1.1360
146,2019-01-25,4,0-5,corrected,668361.0560,1120580.2816,829.4031,1.1399
146,2019-01-25,4,6-11,baseline,398594.2763,2306725.0209,646.0000,1.2835
146,2019-01-25,4,6-11,corrected,945837.8418,1759257.4925,704.4630,1.2847
146,2019-01-25,4,12-17,baseline,298860.5839,2472741.1910,153.2857,0.9503
146,2019-01-25,4,12-17,corrected,572725.7122,2198768.5977,171.7720,0.9558
146,2019-01-25,4,18-44,baseline,544048.7337,17475381.6764,1137.0000,0.6328
146,2019-01-25,4,18-44,corrected,1398358.7539,16620303.2184,1353.5985,0.6400
146,2019-01-25,4,45-64,baseline,286980.7388,16587689.2771,694.0000,0.6172
146,2019-01-25,4,45-64,corrected,867291.6122,16007199.6740,755.4884,0.6168
146,2019-01-25,4,65+,baseline,75287.4862,9190883.4202,329.8571,0.6479
146,2019-01-25,4,65+,corrected,286616.6863,8979577.9420,329.8571,0.6298
147,2019-01-26,4,0-5,baseline,183075.5085,1606164.5738,720.1429,1.1628
147,2019-01-26,4,0-5,corrected,669159.4409,1119867.7583,785.3158,1.1728
147,2019-01-26,4,6-11,baseline,399235.0075,2306141.3618,620.2857,1.3136
147,2019-01-26,4,6-11,corrected,946356.7593,1758751.3152,676.4216,1.3160
147,2019-01-26,4,12-17,baseline,299022.3092,2472571.3929,144.2857,0.9684
147,2019-01-26,4,12-17,corrected,572926.4472,2198609.5104,161.6866,0.9754
147,2019-01-26,4,18-44,baseline,545139.1532,17474477.5554,1092.8571,0.6432
147,2019-01-26,4,18-44,corrected,1399706.3788,16619226.3902,1301.0464,0.6529
147,2019-01-26,4,45-64,baseline,287562.7784,16587168.4454,653.7143,0.6256
147,2019-01-26,4,45-64,corrected,867879.0950,16006688.8219,711.6334,0.6256
147,2019-01-26,4,65+,baseline,75595.5544,9190631.9943,313.1429,0.6533
147,2019-01-26,4,65+,corrected,286930.3415,8979321.0241,313.1429,0.6364
148,2019-01-27,5,0-5,baseline,183780.2915,1605505.5976,700.5714,1.1747
148,2019-01-27,5,0-5,corrected,669870.1478,1119254.1762,763.9731,1.1859
148,2019-01-27,5,6-11,baseline,399833.6147,2305600.8374,605.4286,1.3245
148,2019-01-27,5,6-11,corrected,946946.6622,1758194.6089,660.2199,1.3333
148,2019-01-27,5,12-17,baseline,299210.8653,2472396.6119,142.5714,0.9759
148,2019-01-27,5,12-17,corrected,573063.9093,2198484.2963,159.7655,0.9847
148,2019-01-27,5,18-44,baseline,546147.7305,17473584.2982,1048.4286,0.6456
148,2019-01-27,5,18-44,corrected,1400928.9701,16618107.9022,1248.1542,0.6563
148,2019-01-27,5,45-64,baseline,288176.9401,16586695.7758,610.5714,0.6257
148,2019-01-27,5,45-64,corrected,868536.2916,16006113.1948,664.6681,0.6258
148,2019-01-27,5,65+,baseline,75903.8903,9190382.3758,298.5714,0.6514
148,2019-01-27,5,65+,corrected,287222.1111,8979085.7792,298.5714,0.6348
149,2019-01-28,5,0-5,baseline,184487.7818,1604879.4733,673.7143,1.1751
149,2019-01-28,5,0-5,corrected,670630.8330,1118573.9079,734.6854,1.1883
149,2019-01-28,5,6-11,baseline,400421.6996,2305032.4291,585.1429,1.3199
149,2019-01-28,5,6-11,corrected,947558.0344,1757702.3846,638.0983,1.3313
149,2019-01-28,5,12-17,baseline,299283.4061,2472333.4586,136.1429,0.9726
149,2019-01-28,5,12-17,corrected,573178.1547,2198366.5406,152.5617,0.9799
149,2019-01-28,5,18-44,baseline,547311.0950,17472557.3777,1017.2857,0.6396
149,2019-01-28,5,18-44,corrected,1402106.4604,16617100.7314,1211.0786,0.6509
149,2019-01-28,5,45-64,baseline,288701.0379,16586307.8992,581.1429,0.6184
149,2019-01-28,5,45-64,corrected,869206.7787,16005622.4708,632.6321,0.6192
149,2019-01-28,5,65+,baseline,76173.3698,9190169.2253,283.7143,0.6424
149,2019-01-28,5,65+,corrected,287494.2006,8978852.3539,283.7143,0.6255
150,2019-01-29,5,0-5,baseline,185198.1934,1604268.7695,671.1429,1.1601
150,2019-01-29,5,0-5,corrected,671370.6251,1117923.8619,731.8813,1.1717
150,2019-01-29,5,6-11,baseline,401013.2763,2304472.7762,587.4286,1.2962
150,2019-01-29,5,6-11,corrected,948278.4926,1757040.0865,640.5909,1.3064
150,2019-01-29,5,12-17,baseline,299446.6938,2472158.4626,133.7143,0.9558
150,2019-01-29,5,12-17,corrected,573230.5738,2198318.1321,149.8402,0.9642
150,2019-01-29,5,18-44,baseline,548409.9254,17471601.5582,987.4286,0.6247
150,2019-01-29,5,18-44,corrected,1403295.2931,16616066.1214,1175.5337,0.6362
150,2019-01-29,5,45-64,baseline,289264.2445,16585898.1363,563.8571,0.6007
150,2019-01-29,5,45-64,corrected,869774.1615,16005163.8675,613.8149,0.6032
150,2019-01-29,5,65+,baseline,76435.8424,9189957.5709,268.8571,0.6219
150,2019-01-29,5,65+,corrected,287747.6298,8978650.7744,268.8571,0.6083
151,2019-01-30,5,0-5,baseline,185861.5936,1603667.2108,670.1429,1.1303
151,2019-01-30,5,0-5,corrected,672073.2957,1117270.7423,730.7908,1.1326
151,2019-01-30,5,6-11,baseline,401595.7282,2303946.4212,598.4286,1.2560
151,2019-01-30,5,6-11,corrected,948925.4350,1756551.8026,652.5864,1.2627
151,2019-01-30,5,12-17,baseline,299584.5103,2472040.5934,137.4286,0.9314
151,2019-01-30,5,12-17,corrected,573385.7482,2198187.1200,154.0025,0.9357
151,2019-01-30,5,18-44,baseline,549409.4128,17470804.4286,978.0000,0.6046
151,2019-01-30,5,18-44,corrected,1404438.6254,16615139.6309,1164.3090,0.6124
151,2019-01-30,5,45-64,baseline,289771.8061,16585464.9544,558.1429,0.5799
151,2019-01-30,5,45-64,corrected,870379.8647,16004686.9563,607.5943,0.5791
151,2019-01-30,5,65+,baseline,76695.7891,9189751.8621,261.2857,0.5996
151,2019-01-30,5,65+,corrected,287991.2713,8978462.8145,261.2857,0.5838
152,2019-01-31,5,0-5,baseline,186538.3486,1603120.6082,667.1429,1.0914
152,2019-01-31,5,0-5,corrected,672791.4381,1116625.4229,727.5193,1.1027
152,2019-01-31,5,6-11,baseline,402187.5232,2303465.8846,606.2857,1.2084
152,2019-01-31,5,6-11,corrected,949489.0625,1756019.3673,661.1546,1.2191
152,2019-01-31,5,12-17,baseline,299764.3844,2471891.5304,142.0000,0.9059
152,2019-01-31,5,12-17,corrected,573525.7118,2198053.5328,159.1252,0.9118
152,2019-01-31,5,18-44,baseline,550289.4669,17470090.1470,983.2857,0.5838
152,2019-01-31,5,18-44,corrected,1405461.0412,16614300.1887,1170.6016,0.5932
152,2019-01-31,5,45-64,baseline,290296.3285,16585033.2640,561.2857,0.5589
152,2019-01-31,5,45-64,corrected,870923.4494,16004254.0683,611.0156,0.5588
152,2019-01-31,5,65+,baseline,76939.3456,9189569.4811,260.4286,0.5782
152,2019-01-31,5,65+,corrected,288239.6605,8978283.1139,260.4286,0.5635
153,2019-02-01,5,0-5,baseline,187139.6915,1602629.2875,626.4286,1.0622
153,2019-02-01,5,0-5,corrected,673460.8842,1116083.9071,683.1204,1.0731
153,2019-02-01,5,6-11,baseline,402704.4164,2303051.3988,557.5714,1.1712
153,2019-02-01,5,6-11,corrected,950040.1652,1755542.0547,608.0316,1.1801
153,2019-02-01,5,12-17,baseline,299841.6779,2471817.4332,130.4286,0.8900
153,2019-02-01,5,12-17,corrected,573584.6815,2197990.6436,146.1583,0.8966
153,2019-02-01,5,18-44,baseline,551095.8768,17469367.3298,869.5714,0.5707
153,2019-02-01,5,18-44,corrected,1406395.6805,16613458.9345,1035.2248,0.5803
153,2019-02-01,5,45-64,baseline,290802.4640,16584586.0166,472.8571,0.5470
153,2019-02-01,5,45-64,corrected,871408.3097,16003866.7598,514.7523,0.5476
153,2019-02-01,5,65+,baseline,77157.1870,9189394.9755,224.7143,0.5671
153,2019-02-01,5,65+,corrected,288457.9005,8978100.2879,224.7143,0.5535
154,2019-02-02,5,0-5,baseline,187723.1686,1602119.5210,577.5714,1.0476
154,2019-02-02,5,0-5,corrected,674106.2168,1115551.4769,629.8416,1.0573
154,2019-02-02,5,6-11,baseline,403136.3040,2302745.9781,507.8571,1.1503
154,2019-02-02,5,6-11,corrected,950507.9910,1755214.7368,553.8182,1.1560
154,2019-02-02,5,12-17,baseline,300004.1333,2471633.4231,118.5714,0.8919
154,2019-02-02,5,12-17,corrected,573689.2804,2197929.3853,132.8711,0.8968
154,2019-02-02,5,18-44,baseline,551914.6197,17468625.6875,774.8571,0.5692
154,2019-02-02,5,18-44,corrected,1407326.9183,16612654.1473,922.4674,0.5776
154,2019-02-02,5,45-64,baseline,291189.5475,16584314.8770,424.0000,0.5466
154,2019-02-02,5,45-64,corrected,871891.8640,16003468.5208,461.5664,0.5463
154,2019-02-02,5,65+,baseline,77376.1809,9189215.4240,199.5714,0.5688
154,2019-02-02,5,65+,corrected,288681.4982,8977900.0729,199.5714,0.5543
155,2019-02-03,6,0-5,baseline,188254.6080,1601713.2685,562.2857,1.0417
155,2019-02-03,6,0-5,corrected,674777.1257,1115002.2954,613.1726,1.0511
155,2019-02-03,6,6-11,baseline,403557.7812,2302432.2329,491.4286,1.1423
155,2019-02-03,6,6-11,corrected,951066.0425,1754778.1566,535.9029,1.1488
155,2019-02-03,6,12-17,baseline,300131.8338,2471505.5474,108.7143,0.9059
155,2019-02-03,6,12-17,corrected,573869.5841,2197736.0150,121.8252,0.9110
155,2019-02-03,6,18-44,baseline,552731.4347,17467942.0007,722.0000,0.5746
155,2019-02-03,6,18-44,corrected,1408344.6892,16611821.3437,859.5410,0.5840
155,2019-02-03,6,45-64,baseline,291561.5140,16583960.6174,391.7143,0.5541
155,2019-02-03,6,45-64,corrected,872378.8402,16003079.1468,426.4202,0.5542
155,2019-02-03,6,65+,baseline,77583.9344,9189050.7293,177.1429,0.5790
155,2019-02-03,6,65+,corrected,288895.9035,8977712.0348,177.1429,0.5647
156,2019-02-04,6,0-5,baseline,188801.1361,1601320.1953,548.2857,1.0524
156,2019-02-04,6,0-5,corrected,675337.2573,1114577.6787,597.9056,1.0556
156,2019-02-04,6,6-11,baseline,403988.7712,2302083.2219,481.2857,1.1524
156,2019-02-04,6,6-11,corrected,951608.8142,1754400.8556,524.8421,1.1561
156,2019-02-04,6,12-17,baseline,300185.7325,2471524.5614,114.2857,0.9324
156,2019-02-04,6,12-17,corrected,574006.4917,2197650.3572,128.0686,0.9350
156,2019-02-04,6,18-44,baseline,553514.5548,17467194.4301,733.5714,0.5888
156,2019-02-04,6,18-44,corrected,1409109.4474,16611147.4778,873.3168,0.5948
156,2019-02-04,6,45-64,baseline,292032.2479,16583601.3113,391.5714,0.5692
156,2019-02-04,6,45-64,corrected,872881.8272,16002641.6002,426.2647,0.5677
156,2019-02-04,6,65+,baseline,77766.2236,9188892.3923,185.2857,0.5975
156,2019-02-04,6,65+,corrected,289077.2432,8977557.9334,185.2857,0.5818
157,2019-02-05,6,0-5,baseline,189296.3689,1600919.2722,498.5714,1.0727
157,2019-02-05,6,0-5,corrected,675892.8255,1114111.0161,543.6921,1.0768
157,2019-02-05,6,6-11,baseline,404332.8163,2301820.2303,441.1429,1.1730
157,2019-02-05,6,6-11,corrected,952156.3748,1753929.4539,481.0663,1.1783
157,2019-02-05,6,12-17,baseline,300211.8100,2471478.0059,112.2857,0.9626
157,2019-02-05,6,12-17,corrected,574207.4437,2197452.9115,125.8274,0.9664
157,2019-02-05,6,18-44,baseline,554296.4983,17466494.3867,703.2857,0.6072
157,2019-02-05,6,18-44,corrected,1409795.5308,16610536.4423,837.2616,0.6140
157,2019-02-05,6,45-64,baseline,292475.7920,16583245.6689,360.5714,0.5882
157,2019-02-05,6,45-64,corrected,873327.7013,16002271.7380,392.5181,0.5867
157,2019-02-05,6,65+,baseline,77949.5552,9188716.4280,176.7143,0.6210
157,2019-02-05,6,65+,corrected,289254.6465,8977396.9815,176.7143,0.6037
158,2019-02-06,6,0-5,baseline,189725.4947,1600529.8472,452.7143,1.1047
158,2019-02-06,6,0-5,corrected,676372.5746,1113758.1264,493.6849,1.1148
158,2019-02-06,6,6-11,baseline,404695.8754,2301557.9792,387.4286,1.2107
158,2019-02-06,6,6-11,corrected,952591.5174,1753589.0890,422.4909,1.2157
158,2019-02-06,6,12-17,baseline,300315.5410,2471389.3625,107.2857,0.9982
158,2019-02-06,6,12-17,corrected,574319.7086,2197367.7708,120.2244,1.0020
158,2019-02-06,6,18-44,baseline,555017.8247,17465844.7004,676.5714,0.6288
158,2019-02-06,6,18-44,corrected,1410649.8971,16609757.8679,805.4583,0.6376
158,2019-02-06,6,45-64,baseline,292826.4273,16582942.1692,335.5714,0.6098
158,2019-02-06,6,45-64,corrected,873725.1179,16001945.4513,365.3031,0.6089
158,2019-02-06,6,65+,baseline,78133.6417,9188545.3631,166.5714,0.6458
158,2019-02-06,6,65+,corrected,289433.8598,8977229.0184,166.5714,0.6281
159,2019-02-07,6,0-5,baseline,190139.6230,1600158.3443,414.8571,1.1461
159,2019-02-07,6,0-5,corrected,676797.8733,1113361.8974,452.4017,1.1631
159,2019-02-07,6,6-11,baseline,405009.2973,2301297.7842,348.8571,1.2570
159,2019-02-07,6,6-11,corrected,953016.7872,1753188.2258,380.4287,1.2664
159,2019-02-07,6,12-17,baseline,300413.0751,2471308.5791,98.0000,1.0341
159,2019-02-07,6,12-17,corrected,574448.6737,2197228.1065,109.8188,1.0395
159,2019-02-07,6,18-44,baseline,555746.4726,17465235.9049,646.2857,0.6507
159,2019-02-07,6,18-44,corrected,1411384.4984,16609060.6548,769.4031,0.6613
159,2019-02-07,6,45-64,baseline,293208.5240,16582646.4449,313.2857,0.6297
159,2019-02-07,6,45-64,corrected,874040.1571,16001649.5696,341.0428,0.6298
159,2019-02-07,6,65+,baseline,78323.6079,9188370.7911,160.2857,0.6680
159,2019-02-07,6,65+,corrected,289595.1777,8977075.9586,160.2857,0.6496
160,2019-02-08,6,0-5,baseline,190589.0343,1599757.0143,398.7143,1.2018
160,2019-02-08,6,0-5,corrected,677282.8385,1112949.1543,434.7979,1.2114
160,2019-02-08,6,6-11,baseline,405400.4432,2300958.5854,330.1429,1.3116
160,2019-02-08,6,6-11,corrected,953465.5247,1752833.8932,360.0208,1.3200
160,2019-02-08,6,12-17,baseline,300364.4449,2471364.0701,104.4286,1.0610
160,2019-02-08,6,12-17,corrected,574586.7149,2197084.3153,117.0227,1.0682
160,2019-02-08,6,18-44,baseline,556487.4054,17464553.6293,675.0000,0.6693
160,2019-02-08,6,18-44,corrected,1412117.6876,16608374.8451,803.5875,0.6792
160,2019-02-08,6,45-64,baseline,293574.9608,16582331.5195,321.7143,0.6436
160,2019-02-08,6,45-64,corrected,874367.5642,16001401.2896,350.2182,0.6437
160,2019-02-08,6,65+,baseline,78485.0622,9188218.9003,170.1429,0.6836
160,2019-02-08,6,65+,corrected,289757.0812,8976924.6317,170.1429,0.6650
161,2019-02-09,6,0-5,baseline,191049.7454,1599341.6624,403.4286,1.2568
161,2019-02-09,6,0-5,corrected,677717.8874,1112518.0037,439.9389,1.2648
161,2019-02-09,6,6-11,baseline,405760.1705,2300652.2672,339.1429,1.3660
161,2019-02-09,6,6-11,corrected,953824.0811,1752482.8550,369.8353,1.3742
161,2019-02-09,6,12-17,baseline,300445.4289,2471291.3244,108.5714,1.0801
161,2019-02-09,6,12-17,corrected,574723.8358,2196961.6551,121.6651,1.0855
161,2019-02-09,6,18-44,baseline,557176.6659,17463917.7005,691.7143,0.6840
161,2019-02-09,6,18-44,corrected,1412930.8855,16607664.3963,823.4859,0.6948
161,2019-02-09,6,45-64,baseline,293873.3869,16582051.8000,328.2857,0.6511
161,2019-02-09,6,45-64,corrected,874657.4146,16001197.4006,357.3718,0.6511
161,2019-02-09,6,65+,baseline,78638.1812,9188078.9700,173.5714,0.6900
161,2019-02-09,6,65+,corrected,289945.8069,8976771.8368,173.5714,0.6709
162,2019-02-10,7,0-5,baseline,191456.1673,1598932.7861,382.4286,1.3148
162,2019-02-10,7,0-5,corrected,678156.8253,1112046.3189,417.0384,1.3198
162,2019-02-10,7,6-11,baseline,406115.1622,2300321.1538,327.4286,1.4210
162,2019-02-10,7,6-11,corrected,954211.4673,1752083.0139,357.0609,1.4375
162,2019-02-10,7,12-17,baseline,300550.6698,2471181.4767,109.7143,1.0958
162,2019-02-10,7,12-17,corrected,574829.0323,2196856.3507,122.9458,1.0994
162,2019-02-10,7,18-44,baseline,557882.8630,17463310.7846,675.5714,0.6952
162,2019-02-10,7,18-44,corrected,1413711.5043,16606962.2969,804.2678,0.7065
162,2019-02-10,7,45-64,baseline,294230.0499,16581721.4441,325.2857,0.6544
162,2019-02-10,7,45-64,corrected,874985.5454,16000914.3629,354.1060,0.6546
162,2019-02-10,7,65+,baseline,78798.5703,9187920.7483,180.4286,0.6897
162,2019-02-10,7,65+,corrected,290109.0906,8976630.1144,180.4286,0.6715
163,2019-02-11,7,0-5,baseline,191867.0829,1598509.7798,370.7143,1.3761
163,2019-02-11,7,0-5,corrected,678652.9733,1111574.3687,404.2639,1.3827
163,2019-02-11,7,6-11,baseline,406446.1982,2299930.7618,304.7143,1.4938
163,2019-02-11,7,6-11,corrected,954487.2663,1751717.1135,332.2909,1.5086
163,2019-02-11,7,12-17,baseline,300642.2283,2471096.9506,102.0000,1.1133
163,2019-02-11,7,12-17,corrected,574949.8783,2196730.4776,114.3012,1.1155
163,2019-02-11,7,18-44,baseline,558491.5842,17462770.9891,605.5714,0.7105
163,2019-02-11,7,18-44,corrected,1414443.8799,16606239.1080,720.9328,0.7223
163,2019-02-11,7,45-64,baseline,294529.5505,16581459.2188,286.8571,0.6603
163,2019-02-11,7,45-64,corrected,875278.9378,16000639.8228,312.2727,0.6611
163,2019-02-11,7,65+,baseline,78953.8223,9187770.5390,157.5714,0.6916
163,2019-02-11,7,65+,corrected,290259.0643,8976494.0294,157.5714,0.6731
164,2019-02-12,7,0-5,baseline,192242.4362,1598082.1894,383.2857,1.4337
164,2019-02-12,7,0-5,corrected,679133.3845,1111045.7553,417.9731,1.4444
164,2019-02-12,7,6-11,baseline,406848.3808,2299478.6868,314.7143,1.5634
164,2019-02-12,7,6-11,corrected,954810.0752,1751393.1946,343.1959,1.5781
164,2019-02-12,7,12-17,baseline,300780.0673,2470948.4946,99.4286,1.1331
164,2019-02-12,7,12-17,corrected,574961.1876,2196723.9920,111.4197,1.1358
164,2019-02-12,7,18-44,baseline,559065.2899,17462206.7180,591.0000,0.7282
164,2019-02-12,7,18-44,corrected,1415263.5646,16605562.2772,703.5855,0.7387
164,2019-02-12,7,45-64,baseline,294808.3693,16581215.2410,274.5714,0.6692
164,2019-02-12,7,45-64,corrected,875597.8734,16000321.4887,298.8985,0.6686
164,2019-02-12,7,65+,baseline,79120.8004,9187624.0281,151.0000,0.6963
164,2019-02-12,7,65+,corrected,290406.3564,8976355.5273,151.0000,0.6777
165,2019-02-13,7,0-5,baseline,192612.2648,1597600.9288,407.2857,1.4857
165,2019-02-13,7,0-5,corrected,679600.9914,1110499.9859,444.1451,1.4927
165,2019-02-13,7,6-11,baseline,407222.0620,2299022.2284,333.4286,1.6234
165,2019-02-13,7,6-11,corrected,955161.9200,1750960.2247,363.6039,1.6348
165,2019-02-13,7,12-17,baseline,300938.5098,2470787.7749,98.0000,1.1468
165,2019-02-13,7,12-17,corrected,575034.8226,2196648.9761,109.8188,1.1531
165,2019-02-13,7,18-44,baseline,559493.8487,17461739.4962,573.5714,0.7415
165,2019-02-13,7,18-44,corrected,1416014.0922,16604825.5620,682.8368,0.7538
165,2019-02-13,7,45-64,baseline,295049.3328,16580956.7852,258.2857,0.6750
165,2019-02-13,7,45-64,corrected,875869.3839,16000094.7248,281.1698,0.6763
165,2019-02-13,7,65+,baseline,79292.2865,9187481.9475,144.8571,0.6974
165,2019-02-13,7,65+,corrected,290548.0137,8976242.5243,144.8571,0.6806
166,2019-02-14,7,0-5,baseline,193090.4259,1597063.4282,423.1429,1.5208
166,2019-02-14,7,0-5,corrected,680113.1591,1109870.5065,461.4373,1.5302
166,2019-02-14,7,6-11,baseline,407569.4494,2298638.0552,346.2857,1.6668
166,2019-02-14,7,6-11,corrected,955476.6650,1750588.4595,377.6246,1.6745
166,2019-02-14,7,12-17,baseline,301061.4438,2470686.3771,101.5714,1.1583
166,2019-02-14,7,12-17,corrected,575099.2823,2196559.5350,113.8209,1.1670
166,2019-02-14,7,18-44,baseline,560146.5283,17461142.5553,574.0000,0.7516
166,2019-02-14,7,18-44,corrected,1416725.0993,16604120.3388,683.3470,0.7630
166,2019-02-14,7,45-64,baseline,295317.5234,16580704.1168,258.5714,0.6798
166,2019-02-14,7,45-64,corrected,876178.5876,15999760.9296,281.4809,0.6809
166,2019-02-14,7,65+,baseline,79450.4217,9187348.3884,144.0000,0.6983
166,2019-02-14,7,65+,corrected,290697.1329,8976097.6088,144.0000,0.6811
167,2019-02-15,7,0-5,baseline,193530.8553,1596517.5022,466.0000,1.5387
167,2019-02-15,7,0-5,corrected,680589.6251,1109305.6377,508.1730,1.5495
167,2019-02-15,7,6-11,baseline,407926.3975,2298222.8216,386.2857,1.6860
167,2019-02-15,7,6-11,corrected,955979.0769,1749956.9329,421.2446,1.6972
167,2019-02-15,7,12-17,baseline,301143.1435,2470602.9017,102.5714,1.1572
167,2019-02-15,7,12-17,corrected,575207.1226,2196465.6550,114.9415,1.1669
167,2019-02-15,7,18-44,baseline,560740.7116,17460503.1869,585.4286,0.7545
167,2019-02-15,7,18-44,corrected,1417399.2391,16603363.3152,696.9527,0.7666
167,2019-02-15,7,45-64,baseline,295624.2008,16580430.0242,257.0000,0.6792
167,2019-02-15,7,45-64,corrected,876468.9383,15999530.9234,279.7702,0.6814
167,2019-02-15,7,65+,baseline,79605.4825,9187207.4944,139.1429,0.6941
167,2019-02-15,7,65+,corrected,290843.4962,8975967.2803,139.1429,0.6789
168,2019-02-16,7,0-5,baseline,194024.6171,1595930.7250,487.7143,1.5261
168,2019-02-16,7,0-5,corrected,681146.3347,1108677.6758,531.8524,1.5367
168,2019-02-16,7,6-11,baseline,408351.1152,2297679.9115,409.4286,1.6794
168,2019-02-16,7,6-11,corrected,956559.0270,1749358.8513,446.4819,1.6896
168,2019-02-16,7,12-17,baseline,301229.0916,2470508.1845,103.7143,1.1486
168,2019-02-16,7,12-17,corrected,575293.0976,2196369.6264,116.2222,1.1543
168,2019-02-16,7,18-44,baseline,561304.8483,17459901.1785,598.2857,0.7478
168,2019-02-16,7,18-44,corrected,1418198.3477,16602609.0970,712.2591,0.7593
168,2019-02-16,7,45-64,baseline,295880.7295,16580192.9122,254.0000,0.6727
168,2019-02-16,7,45-64,corrected,876705.2691,15999286.3678,276.5044,0.6742
168,2019-02-16,7,65+,baseline,79741.2408,9187079.0818,136.0000,0.6868
168,2019-02-16,7,65+,corrected,290978.9343,8975831.0206,136.0000,0.6705
169,2019-02-17,8,0-5,baseline,194544.6122,1595329.0891,513.5714,1.4985
169,2019-02-17,8,0-5,corrected,681716.5041,1107981.7352,560.0496,1.5130
169,2019-02-17,8,6-11,baseline,408729.1467,2297215.0124,428.4286,1.6603
169,2019-02-17,8,6-11,corrected,957099.1134,1748632.0290,467.2014,1.6668
169,2019-02-17,8,12-17,baseline,301312.1938,2470406.8825,105.1429,1.1307
169,2019-02-17,8,12-17,corrected,575363.6313,2196300.7360,117.8231,1.1374
169,2019-02-17,8,18-44,baseline,561817.4705,17459336.7065,617.4286,0.7359
169,2019-02-17,8,18-44,corrected,1418928.6912,16601730.4685,735.0487,0.7482
169,2019-02-17,8,45-64,baseline,296130.8345,16579933.3195,255.0000,0.6620
169,2019-02-17,8,45-64,corrected,876937.5774,15999014.9872,277.5930,0.6645
169,2019-02-17,8,65+,baseline,79894.1491,9186933.3015,136.1429,0.6744
169,2019-02-17,8,65+,corrected,291114.2320,8975705.7682,136.1429,0.6590
170,2019-02-18,8,0-5,baseline,195116.4115,1594663.8602,535.8571,1.4692
170,2019-02-18,8,0-5,corrected,682258.0469,1107300.2502,584.3522,1.4789
170,2019-02-18,8,6-11,baseline,409044.7498,2296777.8765,455.2857,1.6210
170,2019-02-18,8,6-11,corrected,957619.7440,1747984.3151,496.4891,1.6241
170,2019-02-18,8,12-17,baseline,301257.8983,2470450.7235,106.2857,1.1029
170,2019-02-18,8,12-17,corrected,575517.5704,2196154.8290,119.1038,1.1110
170,2019-02-18,8,18-44,baseline,562500.2877,17458542.4272,633.4286,0.7203
170,2019-02-18,8,18-44,corrected,1419665.5982,16600923.2708,754.0967,0.7322
170,2019-02-18,8,45-64,baseline,296349.8666,16579673.5979,254.5714,0.6479
170,2019-02-18,8,45-64,corrected,877197.9842,15998736.0790,277.1265,0.6503
170,2019-02-18,8,65+,baseline,80017.0532,9186820.8021,131.7143,0.6603
170,2019-02-18,8,65+,corrected,291242.2708,8975579.5629,131.7143,0.6439
171,2019-02-19,8,0-5,baseline,195668.6968,1594026.1500,547.5714,1.4372
171,2019-02-19,8,0-5,corrected,682854.0466,1106601.1945,597.1266,1.4462
171,2019-02-19,8,6-11,baseline,409526.7523,2296212.1732,479.2857,1.5690
171,2019-02-19,8,6-11,corrected,958061.0000,1747470.3168,522.6611,1.5799
171,2019-02-19,8,12-17,baseline,301354.9005,2470370.4886,109.1429,1.0755
171,2019-02-19,8,12-17,corrected,575786.7981,2195877.5135,122.3055,1.0854
171,2019-02-19,8,18-44,baseline,563147.3448,17457837.4340,640.7143,0.7026
171,2019-02-19,8,18-44,corrected,1420437.0405,16600096.4987,762.7704,0.7139
171,2019-02-19,8,45-64,baseline,296614.8922,16579396.0859,257.8571,0.6324
171,2019-02-19,8,45-64,corrected,877569.6168,15998345.0265,280.7033,0.6335
171,2019-02-19,8,65+,baseline,80149.8980,9186680.2065,128.1429,0.6431
171,2019-02-19,8,65+,corrected,291358.5196,8975467.5357,128.1429,0.6259
172,2019-02-20,8,0-5,baseline,196241.8059,1593371.8133,567.5714,1.3966
172,2019-02-20,8,0-5,corrected,683489.5256,1105913.6755,618.9366,1.4045
172,2019-02-20,8,6-11,baseline,410052.0456,2295672.2294,497.5714,1.5130
172,2019-02-20,8,6-11,corrected,958465.7577,1747051.6129,542.6016,1.5195
172,2019-02-20,8,12-17,baseline,301374.7490,2470385.7342,108.4286,1.0446
172,2019-02-20,8,12-17,corrected,576019.4925,2195651.3934,121.5051,1.0488
172,2019-02-20,8,18-44,baseline,563663.1427,17457186.7958,652.1429,0.6824
172,2019-02-20,8,18-44,corrected,1421195.3481,16599238.8985,776.3761,0.6929
172,2019-02-20,8,45-64,baseline,296887.5004,16579107.3590,263.8571,0.6139
172,2019-02-20,8,45-64,corrected,877873.4365,15998025.9128,287.2349,0.6145
172,2019-02-20,8,65+,baseline,80285.3797,9186538.6012,132.2857,0.6237
172,2019-02-20,8,65+,corrected,291490.3478,8975324.4345,132.2857,0.6066
173,2019-02-21,8,0-5,baseline,196821.7013,1592728.7604,579.5714,1.3619
173,2019-02-21,8,0-5,corrected,684204.4259,1105199.6588,632.0226,1.3744
173,2019-02-21,8,6-11,baseline,410736.9104,2294940.5214,505.5714,1.4567
173,2019-02-21,8,6-11,corrected,958703.2164,1746722.2978,551.3256,1.4708
173,2019-02-21,8,12-17,baseline,300968.6428,2470743.2504,106.5714,1.0137
173,2019-02-21,8,12-17,corrected,576348.7831,2195319.9888,119.4239,1.0208
173,2019-02-21,8,18-44,baseline,564263.3715,17456536.9281,657.5714,0.6643
173,2019-02-21,8,18-44,corrected,1422013.2886,16598310.9719,782.8388,0.6758
173,2019-02-21,8,45-64,baseline,297129.4339,16578850.7277,264.5714,0.5963
173,2019-02-21,8,45-64,corrected,878267.9111,15997669.3148,288.0125,0.5984
173,2019-02-21,8,65+,baseline,80429.5453,9186388.9168,134.2857,0.6036
173,2019-02-21,8,65+,corrected,291640.0505,8975181.8015,134.2857,0.5895
174,2019-02-22,8,0-5,baseline,197417.2821,1592077.9145,599.1429,1.3234
174,2019-02-22,8,0-5,corrected,684880.4634,1104529.2687,653.3653,1.3337
174,2019-02-22,8,6-11,baseline,411316.4298,2294338.8095,516.2857,1.4075
174,2019-02-22,8,6-11,corrected,959123.6516,1746337.1977,563.0096,1.4145
174,2019-02-22,8,12-17,baseline,301015.7060,2470677.4599,106.8571,0.9876
174,2019-02-22,8,12-17,corrected,576505.6740,2195233.3690,119.7441,0.9935
174,2019-02-22,8,18-44,baseline,564997.8778,17455747.2311,685.0000,0.6480
174,2019-02-22,8,18-44,corrected,1422836.7323,16597378.6305,815.4925,0.6587
174,2019-02-22,8,45-64,baseline,297406.5799,16578617.0444,266.8571,0.5808
174,2019-02-22,8,45-64,corrected,878508.5265,15997424.3027,290.5007,0.5828
174,2019-02-22,8,65+,baseline,80581.1005,9186244.4145,132.2857,0.5863
174,2019-02-22,8,65+,corrected,291776.2284,8975042.5499,132.2857,0.5723
175,2019-02-23,8,0-5,baseline,198044.8866,1591409.6976,621.0000,1.2800
175,2019-02-23,8,0-5,corrected,685512.8404,1103883.1691,677.2005,1.2900
175,2019-02-23,8,6-11,baseline,411745.7013,2293914.1994,525.1429,1.3562
175,2019-02-23,8,6-11,corrected,959656.3397,1745835.9829,572.6683,1.3576
175,2019-02-23,8,12-17,baseline,301102.9756,2470604.6665,108.4286,0.9669
175,2019-02-23,8,12-17,corrected,576621.4263,2195034.4475,121.5051,0.9702
175,2019-02-23,8,18-44,baseline,565754.1381,17455019.9336,694.5714,0.6346
175,2019-02-23,8,18-44,corrected,1423629.5564,16596546.3943,826.8873,0.6427
175,2019-02-23,8,45-64,baseline,297675.6366,16578357.5647,271.5714,0.5692
175,2019-02-23,8,45-64,corrected,878840.2335,15997126.5494,295.6327,0.5683
175,2019-02-23,8,65+,baseline,80705.9653,9186125.8549,133.1429,0.5729
175,2019-02-23,8,65+,corrected,291904.1794,8974911.5554,133.1429,0.5568
176,2019-02-24,9,0-5,baseline,198738.9259,1590811.0773,629.8571,1.2395
176,2019-02-24,9,0-5,corrected,686166.4817,1103204.0095,686.8592,1.2482
176,2019-02-24,9,6-11,baseline,412259.3502,2293487.6734,536.0000,1.3050
176,2019-02-24,9,6-11,corrected,960189.4718,1745421.6228,584.5080,1.3137
176,2019-02-24,9,12-17,baseline,301182.3478,2470532.7330,111.7143,0.9543
176,2019-02-24,9,12-17,corrected,576864.8181,2194760.8776,125.1870,0.9574
176,2019-02-24,9,18-44,baseline,566453.6993,17454289.8151,713.2857,0.6212
176,2019-02-24,9,18-44,corrected,1424449.3740,16595746.8436,849.1666,0.6308
176,2019-02-24,9,45-64,baseline,297943.9740,16578074.4261,267.5714,0.5591
176,2019-02-24,9,45-64,corrected,879132.9008,15996820.4543,291.2783,0.5589
176,2019-02-24,9,65+,baseline,80846.6377,9185995.9136,127.0000,0.5630
176,2019-02-24,9,65+,corrected,292044.7600,8974780.1859,127.0000,0.5464
177,2019-02-25,9,0-5,baseline,199393.4195,1590217.5908,641.0000,1.2030
177,2019-02-25,9,0-5,corrected,686833.2106,1102579.3196,699.0105,1.2171
177,2019-02-25,9,6-11,baseline,412794.0900,2292992.3937,531.2857,1.2686
177,2019-02-25,9,6-11,corrected,960828.2030,1744837.7228,579.3671,1.2854
177,2019-02-25,9,12-17,baseline,301330.1783,2470384.7300,110.7143,0.9568
177,2019-02-25,9,12-17,corrected,577079.9075,2194582.1548,124.0664,0.9635
177,2019-02-25,9,18-44,baseline,567052.1312,17453710.5923,732.2857,0.6127
177,2019-02-25,9,18-44,corrected,1425184.4519,16594955.4726,871.7861,0.6260
177,2019-02-25,9,45-64,baseline,298254.6624,16577787.9879,269.2857,0.5537
177,2019-02-25,9,45-64,corrected,879501.1554,15996474.7627,293.1444,0.5573
177,2019-02-25,9,65+,baseline,80971.2939,9185874.1811,128.0000,0.5560
177,2019-02-25,9,65+,corrected,292168.6742,8974667.1863,128.0000,0.5441
178,2019-02-26,9,0-5,baseline,200026.9100,1589664.3833,613.2857,1.1754
178,2019-02-26,9,0-5,corrected,687494.3969,1101960.7371,668.7881,1.1942
178,2019-02-26,9,6-11,baseline,413315.4680,2292544.2596,489.5714,1.2523
178,2019-02-26,9,6-11,corrected,961253.2440,1744402.9831,533.8776,1.2678
178,2019-02-26,9,12-17,baseline,301369.1500,2470303.5736,100.1429,0.9802
178,2019-02-26,9,12-17,corrected,577201.8266,2194444.0143,112.2201,0.9822
178,2019-02-26,9,18-44,baseline,567777.6957,17452958.0958,699.0000,0.6139
178,2019-02-26,9,18-44,corrected,1426098.2034,16594076.4583,832.1595,0.6268
178,2019-02-26,9,45-64,baseline,298553.2309,16577478.6944,239.8571,0.5584
178,2019-02-26,9,45-64,corrected,879637.5151,15996328.2477,261.1085,0.5612
178,2019-02-26,9,65+,baseline,81090.9620,9185745.0896,120.1429,0.5597
178,2019-02-26,9,65+,corrected,292306.0754,8974526.3019,120.1429,0.5476
179,2019-02-27,9,0-5,baseline,200595.9879,1589171.6600,604.2857,1.1680
179,2019-02-27,9,0-5,corrected,688166.3836,1101386.9168,658.9736,1.1815
179,2019-02-27,9,6-11,baseline,413829.6490,2292132.8197,475.0000,1.2590
179,2019-02-27,9,6-11,corrected,961876.8092,1743859.4044,517.9875,1.2726
179,2019-02-27,9,12-17,baseline,301462.5434,2470274.6100,102.8571,1.0178
179,2019-02-27,9,12-17,corrected,577328.2479,2194281.7487,115.2617,1.0203
179,2019-02-27,9,18-44,baseline,568453.4342,17452244.0911,732.0000,0.6240
179,2019-02-27,9,18-44,corrected,1426877.6393,16593182.5952,871.4460,0.6352
179,2019-02-27,9,45-64,baseline,298808.5018,16577253.6691,246.0000,0.5702
179,2019-02-27,9,45-64,corrected,879931.0346,15996043.7850,267.7956,0.5715
179,2019-02-27,9,65+,baseline,81206.9973,9185636.0145,120.8571,0.5690
179,2019-02-27,9,65+,corrected,292451.9490,8974390.0645,120.8571,0.5560
180,2019-02-28,9,0-5,baseline,201165.8381,1588665.3519,595.2857,1.1752
180,2019-02-28,9,0-5,corrected,688809.1835,1100822.1620,649.1591,1.1891
180,2019-02-28,9,6-11,baseline,414353.2183,2291734.8918,463.4286,1.2849
180,2019-02-28,9,6-11,corrected,962342.1502,1743499.1214,505.3689,1.2961
180,2019-02-28,9,12-17,baseline,301564.1309,2470111.8630,103.8571,1.0817
180,2019-02-28,9,12-17,corrected,577527.0375,2194148.9061,116.3823,1.0806
180,2019-02-28,9,18-44,baseline,569194.9291,17451448.3657,741.8571,0.6375
180,2019-02-28,9,18-44,corrected,1427768.6821,16592274.1446,883.1809,0.6496
180,2019-02-28,9,45-64,baseline,299062.3377,16576994.7561,246.2857,0.5849
180,2019-02-28,9,45-64,corrected,880167.6862,15995817.3594,268.1066,0.5869
180,2019-02-28,9,65+,baseline,81331.8663,9185508.9821,121.0000,0.5812
180,2019-02-28,9,65+,corrected,292580.5155,8974262.9585,121.0000,0.5680
181,2019-03-01,9,0-5,baseline,201682.3525,1588269.1919,550.0000,1.2033
181,2019-03-01,9,0-5,corrected,689473.4567,1100306.2823,599.7750,1.2125
181,2019-03-01,9,6-11,baseline,414795.7467,2291349.6143,426.0000,1.3420
181,2019-03-01,9,6-11,corrected,962688.3782,1743258.0840,464.5530,1.3509
181,2019-03-01,9,12-17,baseline,301663.8908,2469990.0081,103.8571,1.1685
181,2019-03-01,9,12-17,corrected,577644.3791,2193991.7164,116.3823,1.1695
181,2019-03-01,9,18-44,baseline,569891.3243,17450758.6897,744.8571,0.6595
181,2019-03-01,9,18-44,corrected,1428552.1431,16591492.1011,886.7524,0.6715
181,2019-03-01,9,45-64,baseline,299349.6766,16576702.1962,245.1429,0.6062
181,2019-03-01,9,45-64,corrected,880392.9115,15995578.1153,266.8625,0.6082
181,2019-03-01,9,65+,baseline,81454.6196,9185391.0859,119.2857,0.5995
181,2019-03-01,9,65+,corrected,292707.6186,8974141.4143,119.2857,0.5851
182,2019-03-02,9,0-5,baseline,202198.7694,1587789.8348,509.0000,1.2520
182,2019-03-02,9,0-5,corrected,690000.4210,1099819.9380,555.0645,1.2619
182,2019-03-02,9,6-11,baseline,415205.1503,2290938.2927,402.0000,1.4187
182,2019-03-02,9,6-11,corrected,963115.9802,1742801.0780,438.3810,1.4315
182,2019-03-02,9,12-17,baseline,301770.4050,2469851.3093,112.7143,1.2776
182,2019-03-02,9,12-17,corrected,577736.5821,2193859.2908,126.3076,1.2868
182,2019-03-02,9,18-44,baseline,570654.6151,17450011.0958,744.7143,0.6878
182,2019-03-02,9,18-44,corrected,1429527.2321,16590564.0419,886.5824,0.6992
182,2019-03-02,9,45-64,baseline,299619.4249,16576433.2754,243.0000,0.6312
182,2019-03-02,9,45-64,corrected,880753.5625,15995238.4232,264.5298,0.6328
182,2019-03-02,9,65+,baseline,81587.4430,9185249.1888,119.4286,0.6189
182,2019-03-02,9,65+,corrected,292844.5976,8974013.2959,119.4286,0.6036
183,2019-03-03,10,0-5,baseline,202719.5029,1587282.9189,483.4286,1.3210
183,2019-03-03,10,0-5,corrected,690571.4141,1099273.4478,527.1789,1.3313
183,2019-03-03,10,6-11,baseline,415588.3830,2290498.7231,378.7143,1.5266
183,2019-03-03,10,6-11,corrected,963504.3721,1742316.8088,412.9879,1.5373
183,2019-03-03,10,12-17,baseline,301904.5893,2469624.5700,120.8571,1.4064
183,2019-03-03,10,12-17,corrected,577843.0475,2193671.3715,135.4325,1.4128
183,2019-03-03,10,18-44,baseline,571213.0762,17449368.6628,744.0000,0.7184
183,2019-03-03,10,18-44,corrected,1430478.1220,16589566.7255,885.7320,0.7290
183,2019-03-03,10,45-64,baseline,299872.6362,16576184.5863,244.4286,0.6547
183,2019-03-03,10,45-64,corrected,881005.8438,15994981.4612,266.0849,0.6551
183,2019-03-03,10,65+,baseline,81717.9030,9185123.6015,119.1429,0.6350
183,2019-03-03,10,65+,corrected,292963.7662,8973902.3176,119.1429,0.6180
184,2019-03-04,10,0-5,baseline,203257.3245,1586732.3987,459.2857,1.3977
184,2019-03-04,10,0-5,corrected,691113.8467,1098730.3399,500.8511,1.4128
184,2019-03-04,10,6-11,baseline,416054.0044,2289883.6836,371.4286,1.6547
184,2019-03-04,10,6-11,corrected,964102.6304,1741727.5325,405.0429,1.6558
184,2019-03-04,10,12-17,baseline,302019.9530,2469471.1497,139.1429,1.5514
184,2019-03-04,10,12-17,corrected,578005.2708,2193363.2894,155.9235,1.5629
184,2019-03-04,10,18-44,baseline,571915.3221,17448645.3991,736.4286,0.7489
184,2019-03-04,10,18-44,corrected,1431434.2890,16588668.0075,876.7182,0.7609
184,2019-03-04,10,45-64,baseline,300116.8338,16575980.0557,242.1429,0.6758
184,2019-03-04,10,45-64,corrected,881185.6923,15994848.1380,263.5967,0.6763
184,2019-03-04,10,65+,baseline,81867.9065,9184995.4151,118.2857,0.6466
184,2019-03-04,10,65+,corrected,293085.9899,8973787.0412,118.2857,0.6293
185,2019-03-05,10,0-5,baseline,203806.0926,1586131.3072,491.1429,1.4812
185,2019-03-05,10,0-5,corrected,691606.5735,1098148.2321,535.5913,1.4964
185,2019-03-05,10,6-11,baseline,416543.3200,2289271.0450,417.2857,1.7911
185,2019-03-05,10,6-11,corrected,964517.9058,1741116.2098,455.0501,1.7934
185,2019-03-05,10,12-17,baseline,302183.5070,2469122.6348,176.1429,1.6944
185,2019-03-05,10,12-17,corrected,578197.7214,2193073.9999,197.3857,1.6986
185,2019-03-05,10,18-44,baseline,572580.2128,17447938.6733,776.7143,0.7771
185,2019-03-05,10,18-44,corrected,1432433.2359,16587722.9941,924.6784,0.7886
185,2019-03-05,10,45-64,baseline,300343.3636,16575778.8673,263.5714,0.6917
185,2019-03-05,10,45-64,corrected,881492.2785,15994538.9009,286.9239,0.6915
185,2019-03-05,10,65+,baseline,81994.5810,9184883.5159,124.7143,0.6530
185,2019-03-05,10,65+,corrected,293184.0273,8973673.1429,124.7143,0.6353
186,2019-03-06,10,0-5,baseline,204306.8759,1585526.5103,498.1429,1.5548
186,2019-03-06,10,0-5,corrected,692145.6184,1097466.2311,543.2248,1.5672
186,2019-03-06,10,6-11,baseline,417062.2780,2288542.9811,446.4286,1.9170
186,2019-03-06,10,6-11,corrected,964995.2408,1740433.2601,486.8304,1.9199
186,2019-03-06,10,12-17,baseline,302443.3252,2468679.0191,210.5714,1.8173
186,2019-03-06,10,12-17,corrected,578481.7490,2192584.2807,235.9663,1.8191
186,2019-03-06,10,18-44,baseline,573292.5884,17447240.5186,751.8571,0.7974
186,2019-03-06,10,18-44,corrected,1433295.1921,16586770.2197,895.0859,0.8107
186,2019-03-06,10,45-64,baseline,300568.7626,16575566.7213,248.2857,0.6988
186,2019-03-06,10,45-64,corrected,881652.8328,15994432.8230,270.2838,0.7010
186,2019-03-06,10,65+,baseline,82109.7189,9184775.2267,118.8571,0.6506
186,2019-03-06,10,65+,corrected,293295.1792,8973574.9956,118.8571,0.6359
187,2019-03-07,10,0-5,baseline,204853.2217,1584840.8911,514.4286,1.6152
187,2019-03-07,10,0-5,corrected,692733.2240,1096750.5473,560.9844,1.6168
187,2019-03-07,10,6-11,baseline,417612.3286,2287734.3070,473.4286,2.0223
187,2019-03-07,10,6-11,corrected,965584.1661,1739542.6223,516.2739,2.0284
187,2019-03-07,10,12-17,baseline,302698.4086,2468182.4947,236.4286,1.9153
187,2019-03-07,10,12-17,corrected,578805.5061,2191983.3802,264.9419,1.9276
187,2019-03-07,10,18-44,baseline,574014.5970,17446428.1905,753.4286,0.8106
187,2019-03-07,10,18-44,corrected,1434284.7354,16585694.6105,896.9567,0.8238
187,2019-03-07,10,45-64,baseline,300803.4834,16575345.0838,245.0000,0.6996
187,2019-03-07,10,45-64,corrected,881880.1558,15994196.2923,266.7070,0.7023
187,2019-03-07,10,65+,baseline,82216.4894,9184670.8749,116.1429,0.6430
187,2019-03-07,10,65+,corrected,293406.2190,8973469.6175,116.1429,0.6282
188,2019-03-08,10,0-5,baseline,205436.5143,1584052.9183,573.0000,1.6476
188,2019-03-08,10,0-5,corrected,693375.7622,1095973.9695,624.8565,1.6508
188,2019-03-08,10,6-11,baseline,418201.9952,2286832.8494,602.1429,2.0875
188,2019-03-08,10,6-11,corrected,966282.6557,1738555.3764,656.6368,2.1038
188,2019-03-08,10,12-17,baseline,302954.9482,2467686.8842,313.1429,1.9797
188,2019-03-08,10,12-17,corrected,579149.9776,2191318.8376,350.9079,1.9867
188,2019-03-08,10,18-44,baseline,574839.7614,17445590.1063,767.1429,0.8123
188,2019-03-08,10,18-44,corrected,1435213.6906,16584620.8597,913.2836,0.8282
188,2019-03-08,10,45-64,baseline,301058.9849,16575088.1334,241.0000,0.6917
188,2019-03-08,10,45-64,corrected,882077.0357,15994033.1242,262.3526,0.6963
188,2019-03-08,10,65+,baseline,82320.4430,9184572.0266,116.2857,0.6282
188,2019-03-08,10,65+,corrected,293528.8701,8973352.4865,116.2857,0.6156
189,2019-03-09,10,0-5,baseline,206046.0453,1583217.8874,641.2857,1.6549
189,2019-03-09,10,0-5,corrected,694039.5678,1095111.0407,699.3221,1.6595
189,2019-03-09,10,6-11,baseline,418823.7769,2285736.6123,719.5714,2.1109
189,2019-03-09,10,6-11,corrected,966964.4583,1737351.6611,784.6926,2.1166
189,2019-03-09,10,12-17,baseline,303288.4836,2466991.5327,399.0000,1.9834
189,2019-03-09,10,12-17,corrected,579556.0858,2190505.5722,447.1194,2.0007
189,2019-03-09,10,18-44,baseline,575576.1991,17444656.0394,813.1429,0.8037
189,2019-03-09,10,18-44,corrected,1436127.7973,16583574.2725,968.0466,0.8168
189,2019-03-09,10,45-64,baseline,301296.8924,16574847.2283,238.8571,0.6758
189,2019-03-09,10,45-64,corrected,882319.2178,15993790.9569,260.0199,0.6793
189,2019-03-09,10,65+,baseline,82433.1107,9184458.2972,115.0000,0.6082
189,2019-03-09,10,65+,corrected,293652.1520,8973231.0630,115.0000,0.5948
190,2019-03-10,11,0-5,baseline,206673.5784,1582341.9309,694.1429,1.6303
190,2019-03-10,11,0-5,corrected,694779.3149,1094082.7618,756.9628,1.6395
190,2019-03-10,11,6-11,baseline,419568.8815,2284485.2821,831.1429,2.1002
190,2019-03-10,11,6-11,corrected,967752.3251,1736061.4367,906.3613,2.0919
190,2019-03-10,11,12-17,baseline,303745.8334,2466126.5075,488.8571,1.9694
190,2019-03-10,11,12-17,corrected,580072.0144,2189529.5526,547.8133,1.9771
190,2019-03-10,11,18-44,baseline,576483.7657,17443517.5514,853.2857,0.7870
190,2019-03-10,11,18-44,corrected,1437055.4097,16582428.5628,1015.8366,0.7973
190,2019-03-10,11,45-64,baseline,301518.8028,16574613.6029,233.8571,0.6557
190,2019-03-10,11,45-64,corrected,882456.2025,15993548.9382,254.5769,0.6572
190,2019-03-10,11,65+,baseline,82542.7850,9184331.3440,115.1429,0.5862
190,2019-03-10,11,65+,corrected,293751.9930,8973127.5100,115.1429,0.5717
191,2019-03-11,11,0-5,baseline,207439.2117,1581334.8917,753.8571,1.6021
191,2019-03-11,11,0-5,corrected,695567.9253,1093029.7765,822.0812,1.6122
191,2019-03-11,11,6-11,baseline,420402.2076,2283121.2136,951.7143,2.0584
191,2019-03-11,11,6-11,corrected,968733.1892,1734487.2380,1037.8444,2.0639
191,2019-03-11,11,12-17,baseline,304273.1712,2465181.5967,591.8571,1.9278
191,2019-03-11,11,12-17,corrected,580745.1428,2188410.7825,663.2351,1.9343
191,2019-03-11,11,18-44,baseline,577342.1226,17442397.7286,917.8571,0.7642
191,2019-03-11,11,18-44,corrected,1438150.3898,16580906.9082,1092.7089,0.7753
191,2019-03-11,11,45-64,baseline,301835.0404,16574277.4254,229.5714,0.6318
191,2019-03-11,11,45-64,corrected,882783.5966,15993212.9461,249.9115,0.6342
191,2019-03-11,11,65+,baseline,82645.4895,9184201.3891,114.2857,0.5612
191,2019-03-11,11,65+,corrected,293863.4402,8972998.8513,114.2857,0.5493
192,2019-03-12,11,0-5,baseline,208233.3340,1580262.8640,808.2857,1.5700
192,2019-03-12,11,0-5,corrected,696433.6676,1091820.0678,881.4356,1.5780
192,2019-03-12,11,6-11,baseline,421372.2435,2281504.2518,1085.5714,2.0224
192,2019-03-12,11,6-11,corrected,969746.2927,1732748.5355,1183.8156,2.0328
192,2019-03-12,11,12-17,baseline,304935.2736,2463976.3823,710.1429,1.8869
192,2019-03-12,11,12-17,corrected,581487.6530,2187086.3769,795.7861,1.8995
192,2019-03-12,11,18-44,baseline,578232.1564,17441141.8515,990.4286,0.7413
192,2019-03-12,11,18-44,corrected,1439193.9279,16579491.5685,1179.1052,0.7553
192,2019-03-12,11,45-64,baseline,302089.8865,16573977.0376,236.5714,0.6091
192,2019-03-12,11,45-64,corrected,882994.8895,15992958.5396,257.5317,0.6144
192,2019-03-12,11,65+,baseline,82755.9013,9184071.0765,119.4286,0.5384
192,2019-03-12,11,65+,corrected,293973.0366,8972864.3042,119.4286,0.5283
193,2019-03-13,11,0-5,baseline,209107.6301,1579045.7563,855.0000,1.5422
193,2019-03-13,11,0-5,corrected,697375.4163,1090547.2932,932.3775,1.5534
193,2019-03-13,11,6-11,baseline,422617.7108,2279504.6623,1207.4286,1.9895
193,2019-03-13,11,6-11,corrected,971029.9730,1730721.3754,1316.7009,2.0047
193,2019-03-13,11,12-17,baseline,305774.0047,2462505.2351,814.1429,1.8521
193,2019-03-13,11,12-17,corrected,582426.7442,2185492.4812,912.3285,1.8654
193,2019-03-13,11,18-44,baseline,579324.7273,17439617.0643,1061.7143,0.7209
193,2019-03-13,11,18-44,corrected,1440451.4707,16577708.3289,1263.9709,0.7364
193,2019-03-13,11,45-64,baseline,302300.4465,16573682.3843,245.4286,0.5892
193,2019-03-13,11,45-64,corrected,883319.0022,15992574.9212,267.1735,0.5957
193,2019-03-13,11,65+,baseline,82874.5971,9183932.3076,122.7143,0.5172
193,2019-03-13,11,65+,corrected,294095.8820,8972717.6790,122.7143,0.5096
194,2019-03-14,11,0-5,baseline,210069.6596,1577792.1461,909.4286,1.5145
194,2019-03-14,11,0-5,corrected,698431.8209,1089167.1082,991.7319,1.5348
194,2019-03-14,11,6-11,baseline,424045.8412,2277291.9718,1323.8571,1.9560
194,2019-03-14,11,6-11,corrected,972736.7976,1728258.9045,1443.6662,1.9766
194,2019-03-14,11,12-17,baseline,306832.2311,2460858.5212,883.5714,1.8202
194,2019-03-14,11,12-17,corrected,583563.6285,2183510.4701,990.1301,1.8347
194,2019-03-14,11,18-44,baseline,580416.8122,17437997.5363,1108.7143,0.7053
194,2019-03-14,11,18-44,corrected,1441827.0544,16575708.5673,1319.9244,0.7228
194,2019-03-14,11,45-64,baseline,302527.6625,16573388.8778,252.4286,0.5731
194,2019-03-14,11,45-64,corrected,883609.4719,15992180.2760,274.7937,0.5809
194,2019-03-14,11,65+,baseline,83008.9787,9183773.5356,125.7143,0.4993
194,2019-03-14,11,65+,corrected,294237.2826,8972552.5119,125.7143,0.4933
195,2019-03-15,11,0-5,baseline,211155.5946,1576415.5964,1046.1429,1.4860
195,2019-03-15,11,0-5,corrected,699577.0684,1087662.2586,1140.8188,1.4981
195,2019-03-15,11,6-11,baseline,425731.8465,2274758.9832,1665.2857,1.9207
195,2019-03-15,11,6-11,corrected,974547.0494,1725400.2584,1815.9941,1.9320
195,2019-03-15,11,12-17,baseline,308021.6966,2458919.3188,1171.8571,1.7809
195,2019-03-15,11,12-17,corrected,584881.3357,2181466.0056,1313.1831,1.7926
195,2019-03-15,11,18-44,baseline,581641.5458,17436354.9758,1275.1429,0.6892
195,2019-03-15,11,18-44,corrected,1443465.9044,16573631.8399,1518.0576,0.7047
195,2019-03-15,11,45-64,baseline,302839.6465,16573009.5906,275.8571,0.5573
195,2019-03-15,11,45-64,corrected,883884.8284,15991865.6046,300.2981,0.5642
195,2019-03-15,11,65+,baseline,83156.2867,9183610.4994,135.2857,0.4822
195,2019-03-15,11,65+,corrected,294387.3978,8972377.1223,135.2857,0.4761
196,2019-03-16,11,0-5,baseline,212330.8365,1575016.7180,1142.1429,1.4451
196,2019-03-16,11,0-5,corrected,700857.7306,1085980.0498,1245.5068,1.4598
196,2019-03-16,11,6-11,baseline,427706.2665,2272045.8839,1917.5714,1.8649
196,2019-03-16,11,6-11,corrected,976564.9627,1722452.5073,2091.1116,1.8774
196,2019-03-16,11,12-17,baseline,309368.3552,2456807.1793,1392.0000,1.7143
196,2019-03-16,11,12-17,corrected,586411.0138,2179167.8560,1559.8752,1.7300
196,2019-03-16,11,18-44,baseline,582977.0858,17434553.7527,1406.5714,0.6677
196,2019-03-16,11,18-44,corrected,1445209.3896,16571262.6882,1674.5233,0.6830
196,2019-03-16,11,45-64,baseline,303139.7662,16572675.5664,296.0000,0.5374
196,2019-03-16,11,45-64,corrected,884090.2680,15991577.8866,322.2256,0.5445
196,2019-03-16,11,65+,baseline,83299.7490,9183433.8211,143.8571,0.4632
196,2019-03-16,11,65+,corrected,294526.3642,8972211.2392,143.8571,0.4576
197,2019-03-17,12,0-5,baseline,213572.1971,1573451.3026,1231.8571,1.4053
197,2019-03-17,12,0-5,corrected,702172.3209,1084261.4575,1343.3402,1.4172
197,2019-03-17,12,6-11,baseline,429750.4755,2269130.8673,2125.4286,1.8009
197,2019-03-17,12,6-11,corrected,978699.2711,1719314.0620,2317.7799,1.8135
197,2019-03-17,12,12-17,baseline,310927.3845,2454578.6126,1581.1429,1.6443
197,2019-03-17,12,12-17,corrected,588150.9405,2176604.8197,1771.8287,1.6598
197,2019-03-17,12,18-44,baseline,584387.2814,17432526.1092,1560.7143,0.6449
197,2019-03-17,12,18-44,corrected,1447051.4862,16568707.4139,1858.0304,0.6595
197,2019-03-17,12,45-64,baseline,303501.4366,16572191.2025,323.0000,0.5163
197,2019-03-17,12,45-64,corrected,884389.2993,15991152.0520,351.6178,0.5235
197,2019-03-17,12,65+,baseline,83458.3500,9183255.7771,149.4286,0.4437
197,2019-03-17,12,65+,corrected,294676.8366,8972039.0877,149.4286,0.4386
198,2019-03-18,12,0-5,baseline,214885.8730,1571804.1175,1313.7143,1.3719
198,2019-03-18,12,0-5,corrected,703617.7095,1082479.3261,1432.6054,1.3826
198,2019-03-18,12,6-11,baseline,432115.1645,2265929.4012,2326.7143,1.7434
198,2019-03-18,12,6-11,corrected,981282.5481,1715897.2458,2537.2819,1.7571
198,2019-03-18,12,12-17,baseline,312704.4456,2452033.2501,1780.4286,1.5764
198,2019-03-18,12,12-17,corrected,589997.8058,2173910.0522,1995.1483,1.5949
198,2019-03-18,12,18-44,baseline,586144.2092,17430222.8590,1736.8571,0.6237
198,2019-03-18,12,18-44,corrected,1449125.5381,16565932.9935,2067.7284,0.6391
198,2019-03-18,12,45-64,baseline,303830.4515,16571775.9088,352.2857,0.4967
198,2019-03-18,12,45-64,corrected,884763.3013,15990716.4197,383.4982,0.5048
198,2019-03-18,12,65+,baseline,83615.5727,9183063.1952,160.2857,0.4260
198,2019-03-18,12,65+,corrected,294833.9178,8971856.9863,160.2857,0.4220
199,2019-03-19,12,0-5,baseline,216201.9452,1570118.6348,1413.2857,1.3348
199,2019-03-19,12,0-5,corrected,705118.0042,1080623.5417,1541.1881,1.3451
199,2019-03-19,12,6-11,baseline,434673.1412,2262496.4103,2565.0000,1.6963
199,2019-03-19,12,6-11,corrected,984089.8259,1712194.2926,2797.1325,1.7081
199,2019-03-19,12,12-17,baseline,314649.1078,2449435.8657,1962.5714,1.5152
199,2019-03-19,12,12-17,corrected,592149.4464,2171062.6890,2199.2575,1.5281
199,2019-03-19,12,18-44,baseline,588090.7927,17427707.8140,1890.5714,0.6051
199,2019-03-19,12,18-44,corrected,1451381.7431,16563042.2096,2250.7253,0.6190
199,2019-03-19,12,45-64,baseline,304210.7874,16571318.5072,376.7143,0.4797
199,2019-03-19,12,45-64,corrected,885106.5964,15990285.0665,410.0912,0.4863
199,2019-03-19,12,65+,baseline,83783.1653,9182865.5796,167.8571,0.4105
199,2019-03-19,12,65+,corrected,294996.7401,8971660.1401,167.8571,0.4058
200,2019-03-20,12,0-5,baseline,217682.3301,1568248.4872,1518.7143,1.3064
200,2019-03-20,12,0-5,corrected,706751.3692,1078619.7245,1656.1579,1.3183
200,2019-03-20,12,6-11,baseline,437525.1460,2258807.2514,2794.8571,1.6663
200,2019-03-20,12,6-11,corrected,987230.2931,1708202.7204,3047.7917,1.6749
200,2019-03-20,12,12-17,baseline,316836.5590,2446638.9726,2130.7143,1.4800
200,2019-03-20,12,12-17,corrected,594532.9543,2167890.0917,2387.6784,1.4875
200,2019-03-20,12,18-44,baseline,590112.4720,17425103.0702,2029.7143,0.5930
200,2019-03-20,12,18-44,corrected,1453790.2722,16559846.5921,2416.3749,0.6062
200,2019-03-20,12,45-64,baseline,304610.3190,16570835.9422,393.8571,0.4686
200,2019-03-20,12,45-64,corrected,885524.3901,15989753.9140,428.7529,0.4747
200,2019-03-20,12,65+,baseline,83956.8267,9182646.7125,173.7143,0.3997
200,2019-03-20,12,65+,corrected,295153.3203,8971453.4792,173.7143,0.3953
201,2019-03-21,12,0-5,baseline,219237.0802,1566294.3158,1563.2857,1.2924
201,2019-03-21,12,0-5,corrected,708488.7615,1076452.7660,1704.7631,1.3062
201,2019-03-21,12,6-11,baseline,440624.3625,2254781.3621,2909.7143,1.6434
201,2019-03-21,12,6-11,corrected,990542.0427,1704010.9617,3173.0434,1.6545
201,2019-03-21,12,12-17,baseline,319173.3672,2443690.7166,2195.0000,1.4506
201,2019-03-21,12,12-17,corrected,597176.4647,2164571.3991,2459.7170,1.4630
201,2019-03-21,12,18-44,baseline,592355.5269,17422207.3588,2094.5714,0.5854
201,2019-03-21,12,18-44,corrected,1456386.0553,16556554.0767,2493.5873,0.5983
201,2019-03-21,12,45-64,baseline,305060.4379,16570299.5283,395.2857,0.4615
201,2019-03-21,12,45-64,corrected,885978.8288,15989192.6719,430.3080,0.4673
201,2019-03-21,12,65+,baseline,84147.7780,9182429.2791,174.8571,0.3923
201,2019-03-21,12,65+,corrected,295343.4970,8971223.4593,174.8571,0.3879
202,2019-03-22,12,0-5,baseline,220963.1422,1564223.7962,1682.7143,1.2798
202,2019-03-22,12,0-5,corrected,710372.9125,1074175.5934,1834.9999,1.2900
202,2019-03-22,12,6-11,baseline,443905.1744,2250618.1855,3207.4286,1.6246
202,2019-03-22,12,6-11,corrected,994041.4022,1699524.0640,3497.7009,1.6368
202,2019-03-22,12,12-17,baseline,321642.9092,2440607.1301,2407.4286,1.4362
202,2019-03-22,12,12-17,corrected,599996.4017,2161021.2785,2697.7645,1.4441
202,2019-03-22,12,18-44,baseline,594755.9762,17419250.4712,2305.5714,0.5802
202,2019-03-22,12,18-44,corrected,1459336.1354,16552971.7635,2744.7828,0.5928
202,2019-03-22,12,45-64,baseline,305536.5725,16569702.6810,424.4286,0.4565
202,2019-03-22,12,45-64,corrected,886471.8253,15988624.6748,462.0329,0.4625
202,2019-03-22,12,65+,baseline,84342.9541,9182208.8836,188.5714,0.3861
202,2019-03-22,12,65+,corrected,295528.8563,8971025.5269,188.5714,0.3822
203,2019-03-23,12,0-5,baseline,222801.5185,1562114.8000,1771.1429,1.2651
203,2019-03-23,12,0-5,corrected,712299.7845,1071877.5913,1931.4313,1.2736
203,2019-03-23,12,6-11,baseline,447431.1322,2246245.5815,3473.2857,1.6017
203,2019-03-23,12,6-11,corrected,997846.1468,1694821.7632,3787.6181,1.6129
203,2019-03-23,12,12-17,baseline,324282.0796,2437286.0253,2622.8571,1.4242
203,2019-03-23,12,12-17,corrected,602916.5356,2157403.2300,2939.1737,1.4283
203,2019-03-23,12,18-44,baseline,597387.7309,17416189.9015,2477.4286,0.5743
203,2019-03-23,12,18-44,corrected,1462310.1757,16549321.4326,2949.3787,0.5867
203,2019-03-23,12,45-64,baseline,305944.2316,16569220.7305,449.7143,0.4514
203,2019-03-23,12,45-64,corrected,886934.8439,15988049.4016,489.5590,0.4573
203,2019-03-23,12,65+,baseline,84542.1870,9181994.8664,201.7143,0.3798
203,2019-03-23,12,65+,corrected,295728.2103,8970805.6363,201.7143,0.3759
204,2019-03-24,13,0-5,baseline,224669.1885,1559982.0260,1881.4286,1.2490
204,2019-03-24,13,0-5,corrected,714330.4717,1069606.4759,2051.6979,1.2564
204,2019-03-24,13,6-11,baseline,451107.5063,2241801.5608,3752.4286,1.5743
204,2019-03-24,13,6-11,corrected,1001851.0248,1689812.2263,4092.0234,1.5835
204,2019-03-24,13,12-17,baseline,327186.1726,2433682.9192,2819.5714,1.3972
204,2019-03-24,13,12-17,corrected,606085.9474,2153467.0101,3159.6117,1.4020
204,2019-03-24,13,18-44,baseline,600015.4684,17412960.5110,2649.1429,0.5668
204,2019-03-24,13,18-44,corrected,1465502.2077,16545407.8579,3153.8046,0.5780
204,2019-03-24,13,45-64,baseline,306389.6030,16568711.8923,475.7143,0.4447
204,2019-03-24,13,45-64,corrected,887491.1752,15987446.5416,517.8626,0.4500
204,2019-03-24,13,65+,baseline,84764.7691,9181750.2862,210.7143,0.3722
204,2019-03-24,13,65+,corrected,295929.1878,8970590.6373,210.7143,0.3682
205,2019-03-25,13,0-5,baseline,226601.6393,1557750.8907,1976.5714,1.2323
205,2019-03-25,13,0-5,corrected,716529.5372,1067073.1290,2155.4511,1.2375
205,2019-03-25,13,6-11,baseline,455102.6421,2237227.4910,3985.4286,1.5438
205,2019-03-25,13,6-11,corrected,1006090.1912,1684776.8959,4346.1099,1.5549
205,2019-03-25,13,12-17,baseline,330190.5421,2430105.1897,3014.8571,1.3674
205,2019-03-25,13,12-17,corrected,609579.4904,2149420.3084,3378.4489,1.3724
205,2019-03-25,13,18-44,baseline,602769.2278,17409598.1894,2855.0000,0.5566
205,2019-03-25,13,18-44,corrected,1468915.1803,16541461.7158,3398.8775,0.5682
205,2019-03-25,13,45-64,baseline,306872.3485,16568119.2930,507.0000,0.4360
205,2019-03-25,13,45-64,corrected,888075.4150,15986759.1549,551.9202,0.4413
205,2019-03-25,13,65+,baseline,84986.5586,9181515.9878,213.7143,0.3638
205,2019-03-25,13,65+,corrected,296138.1078,8970377.3836,213.7143,0.3602
206,2019-03-26,13,0-5,baseline,228707.8470,1555346.5699,2073.8571,1.2174
206,2019-03-26,13,0-5,corrected,718805.4590,1064405.4762,2261.5412,1.2272
206,2019-03-26,13,6-11,baseline,459344.0934,2232313.8806,4206.7143,1.5192
206,2019-03-26,13,6-11,corrected,1010606.1808,1679510.1092,4587.4219,1.5301
206,2019-03-26,13,12-17,baseline,333424.4135,2426379.6178,3200.0000,1.3435
206,2019-03-26,13,12-17,corrected,612962.7804,2145481.8171,3585.9200,1.3436
206,2019-03-26,13,18-44,baseline,605714.4074,17405982.9745,3053.8571,0.5465
206,2019-03-26,13,18-44,corrected,1472364.4199,16537262.2663,3635.6169,0.5591
206,2019-03-26,13,45-64,baseline,307391.3528,16567583.1588,536.8571,0.4272
206,2019-03-26,13,45-64,corrected,888727.7274,15986006.8164,584.4227,0.4333
206,2019-03-26,13,65+,baseline,85200.0467,9181266.0724,220.1429,0.3558
206,2019-03-26,13,65+,corrected,296335.9829,8970142.4400,220.1429,0.3525
207,2019-03-27,13,0-5,baseline,230822.9855,1552788.9142,2147.5714,1.2049
207,2019-03-27,13,0-5,corrected,721124.4951,1061684.3847,2341.9266,1.2169
207,2019-03-27,13,6-11,baseline,463698.0139,2227282.6643,4368.4286,1.4992
207,2019-03-27,13,6-11,corrected,1015407.2711,1673816.9523,4763.7714,1.5051
207,2019-03-27,13,12-17,baseline,336758.9625,2422548.2841,3311.7143,1.3169
207,2019-03-27,13,12-17,corrected,616738.8952,2141337.3568,3711.1070,1.3215
207,2019-03-27,13,18-44,baseline,608800.5351,17402262.3998,3196.0000,0.5387
207,2019-03-27,13,18-44,corrected,1476202.3099,16532819.6206,3804.8380,0.5524
207,2019-03-27,13,45-64,baseline,307928.5610,16566965.2938,558.5714,0.4198
207,2019-03-27,13,45-64,corrected,889309.9066,15985353.9589,608.0609,0.4269
207,2019-03-27,13,65+,baseline,85427.3830,9181032.2232,223.7143,0.3489
207,2019-03-27,13,65+,corrected,296556.5689,8969904.9773,223.7143,0.3466
208,2019-03-28,13,0-5,baseline,233023.0030,1550208.0690,2211.4286,1.2001
208,2019-03-28,13,0-5,corrected,723637.8225,1058776.2034,2411.5629,1.2067
208,2019-03-28,13,6-11,baseline,468277.4483,2222182.0878,4473.7143,1.4810
208,2019-03-28,13,6-11,corrected,1020395.6315,1668105.2292,4878.5854,1.4897
208,2019-03-28,13,12-17,baseline,340281.3832,2418727.5175,3374.5714,1.2984
208,2019-03-28,13,12-17,corrected,620514.8561,2136913.6859,3781.5447,1.3121
208,2019-03-28,13,18-44,baseline,612001.3324,17398556.7731,3239.4286,0.5343
208,2019-03-28,13,18-44,corrected,1480183.4820,16528321.5104,3856.5397,0.5457
208,2019-03-28,13,45-64,baseline,308510.5627,16566307.2528,567.7143,0.4153
208,2019-03-28,13,45-64,corrected,889931.3331,15984681.6236,618.0138,0.4212
208,2019-03-28,13,65+,baseline,85671.0976,9180774.0311,224.2857,0.3445
208,2019-03-28,13,65+,corrected,296774.8736,8969676.9083,224.2857,0.3414
209,2019-03-29,13,0-5,baseline,235328.5378,1547590.0169,2336.2857,1.1979
209,2019-03-29,13,0-5,corrected,726170.8776,1055903.7679,2547.7196,1.2044
209,2019-03-29,13,6-11,baseline,473012.0677,2216826.7098,4748.1429,1.4732
209,2019-03-29,13,6-11,corrected,1025573.4958,1662198.4561,5177.8498,1.4803
209,2019-03-29,13,12-17,baseline,343916.8861,2414706.7604,3569.7143,1.2895
209,2019-03-29,13,12-17,corrected,624548.4234,2132502.1798,4000.2218,1.3038
209,2019-03-29,13,18-44,baseline,615525.9946,17394751.3608,3405.7143,0.5313
209,2019-03-29,13,18-44,corrected,1484211.0410,16523588.8745,4054.5029,0.5429
209,2019-03-29,13,45-64,baseline,309103.1052,16565689.8580,586.0000,0.4124
209,2019-03-29,13,45-64,corrected,890529.1847,15984095.9366,637.9196,0.4185
209,2019-03-29,13,65+,baseline,85919.8090,9180504.0453,229.2857,0.3421
209,2019-03-29,13,65+,corrected,297009.6970,8969425.7106,229.2857,0.3393
210,2019-03-30,13,0-5,baseline,237741.6663,1544840.1778,2429.7143,1.2021
210,2019-03-30,13,0-5,corrected,728794.3518,1052749.9004,2649.6034,1.2089
210,2019-03-30,13,6-11,baseline,477938.5797,2211101.8643,4931.4286,1.4689
210,2019-03-30,13,6-11,corrected,1031054.5352,1656133.0312,5377.7229,1.4811
210,2019-03-30,13,12-17,baseline,347575.5289,2410617.4621,3681.1429,1.2859
210,2019-03-30,13,12-17,corrected,628660.8503,2127858.6912,4125.0887,1.2991
210,2019-03-30,13,18-44,baseline,619098.6694,17390915.4649,3503.2857,0.5315
210,2019-03-30,13,18-44,corrected,1488453.3869,16519193.5009,4170.6616,0.5438
210,2019-03-30,13,45-64,baseline,309652.4393,16565045.1748,593.8571,0.4122
210,2019-03-30,13,45-64,corrected,891139.4008,15983359.3328,646.4729,0.4187
210,2019-03-30,13,65+,baseline,86152.5494,9180245.7726,227.0000,0.3424
210,2019-03-30,13,65+,corrected,297232.8819,8969182.3523,227.0000,0.3396
211,2019-03-31,14,0-5,baseline,240296.8618,1541893.2325,2509.0000,1.2113
211,2019-03-31,14,0-5,corrected,731609.0314,1049563.1892,2736.0645,1.2189
211,2019-03-31,14,6-11,baseline,482763.7173,2205403.6007,5033.1429,1.4770
211,2019-03-31,14,6-11,corrected,1036759.6179,1649733.8003,5488.6423,1.4904
211,2019-03-31,14,12-17,baseline,351433.0850,2406370.3590,3741.7143,1.2913
211,2019-03-31,14,12-17,corrected,632883.0800,2122875.6520,4192.9650,1.3081
211,2019-03-31,14,18-44,baseline,622789.8113,17386638.1238,3624.1429,0.5360
211,2019-03-31,14,18-44,corrected,1492755.3473,16514028.0378,4314.5421,0.5491
211,2019-03-31,14,45-64,baseline,310286.8238,16564328.8572,609.4286,0.4153
211,2019-03-31,14,45-64,corrected,891761.6438,15982593.4236,663.4239,0.4227
211,2019-03-31,14,65+,baseline,86387.3279,9179990.1482,231.7143,0.3450
211,2019-03-31,14,65+,corrected,297483.9271,8968915.2045,231.7143,0.3428
212,2019-04-01,14,0-5,baseline,242958.9385,1538791.5868,2599.5714,1.2251
212,2019-04-01,14,0-5,corrected,734565.8708,1046190.1721,2834.8326,1.2303
212,2019-04-01,14,6-11,baseline,488059.3517,2199481.5105,5164.0000,1.4961
212,2019-04-01,14,6-11,corrected,1042635.1713,1643206.5344,5631.3420,1.5039
212,2019-04-01,14,12-17,baseline,355374.6561,2401949.0821,3826.1429,1.3057
212,2019-04-01,14,12-17,corrected,637373.7189,2117882.0154,4287.5757,1.3161
212,2019-04-01,14,18-44,baseline,626628.9905,17382187.8469,3725.7143,0.5438
212,2019-04-01,14,18-44,corrected,1497149.9966,16508963.0761,4435.4629,0.5551
212,2019-04-01,14,45-64,baseline,310893.2076,16563675.4945,626.8571,0.4213
212,2019-04-01,14,45-64,corrected,892554.7510,15981780.3563,682.3967,0.4272
212,2019-04-01,14,65+,baseline,86635.1488,9179708.9428,240.7143,0.3499
212,2019-04-01,14,65+,corrected,297726.3505,8968639.2541,240.7143,0.3463
213,2019-04-02,14,0-5,baseline,245767.5634,1535531.3067,2708.2857,1.2356
213,2019-04-02,14,0-5,corrected,737564.0357,1042735.2382,2953.3856,1.2402
213,2019-04-02,14,6-11,baseline,493659.0820,2193028.6728,5329.7143,1.5156
213,2019-04-02,14,6-11,corrected,1048626.9610,1636373.9020,5812.0534,1.5228
213,2019-04-02,14,12-17,baseline,359401.3301,2397339.5764,3982.1429,1.3125
213,2019-04-02,14,12-17,corrected,642060.1290,2112787.4532,4462.3893,1.3217
213,2019-04-02,14,18-44,baseline,630783.9338,17377434.1724,3889.8571,0.5512
213,2019-04-02,14,18-44,corrected,1501946.8963,16503397.3692,4630.8749,0.5632
213,2019-04-02,14,45-64,baseline,311495.5645,16562972.9192,642.7143,0.4267
213,2019-04-02,14,45-64,corrected,893281.3102,15980963.7498,699.6588,0.4330
213,2019-04-02,14,65+,baseline,86911.1278,9179410.7142,250.0000,0.3543
213,2019-04-02,14,65+,corrected,297969.3788,8968354.5749,250.0000,0.3512
214,2019-04-03,14,0-5,baseline,248652.5377,1532265.6307,2817.2857,1.2412
214,2019-04-03,14,0-5,corrected,740687.5488,1039160.4626,3072.2501,1.2495
214,2019-04-03,14,6-11,baseline,499316.8014,2186250.6100,5525.1429,1.5223
214,2019-04-03,14,6-11,corrected,1054925.1544,1629050.2301,6025.1683,1.5400
214,2019-04-03,14,12-17,baseline,363604.0382,2392637.3801,4107.5714,1.3104
214,2019-04-03,14,12-17,corrected,646677.3720,2107674.6639,4602.9445,1.3213
214,2019-04-03,14,18-44,baseline,634877.3766,17372611.5950,4036.4286,0.5567
214,2019-04-03,14,18-44,corrected,1506809.4381,16497693.0622,4805.3682,0.5706
214,2019-04-03,14,45-64,baseline,312181.4329,16562175.1714,666.1429,0.4309
214,2019-04-03,14,45-64,corrected,893987.9295,15980166.2156,725.1631,0.4376
214,2019-04-03,14,65+,baseline,87192.9982,9179110.5770,265.5714,0.3572
214,2019-04-03,14,65+,corrected,298233.3018,8968055.9486,265.5714,0.3543
215,2019-04-04,14,0-5,baseline,251616.1892,1528908.3497,2932.4286,1.2402
215,2019-04-04,14,0-5,corrected,743980.4631,1035386.1745,3197.8134,1.2500
215,2019-04-04,14,6-11,baseline,505379.1727,2179475.2822,5748.0000,1.5249
215,2019-04-04,14,6-11,corrected,1061362.1395,1621601.7205,6268.1940,1.5433
215,2019-04-04,14,12-17,baseline,367884.3600,2388017.7383,4212.1429,1.3027
215,2019-04-04,14,12-17,corrected,651637.1090,2102221.0087,4720.1273,1.3125
215,2019-04-04,14,18-44,baseline,639085.2338,17367618.7942,4186.8571,0.5592
215,2019-04-04,14,18-44,corrected,1511958.0398,16491605.7957,4984.4534,0.5724
215,2019-04-04,14,45-64,baseline,312892.3075,16561407.8627,685.0000,0.4318
215,2019-04-04,14,45-64,corrected,894838.5400,15979197.9820,745.6910,0.4387
215,2019-04-04,14,65+,baseline,87456.2707,9178815.6643,272.2857,0.3572
215,2019-04-04,14,65+,corrected,298515.1433,8967759.0741,272.2857,0.3548
216,2019-04-05,14,0-5,baseline,254716.2252,1525436.3794,3129.7143,1.2273
216,2019-04-05,14,0-5,corrected,747295.1825,1031655.7911,3412.9534,1.2387
216,2019-04-05,14,6-11,baseline,511616.8002,2172424.5153,6258.0000,1.5150
216,2019-04-05,14,6-11,corrected,1068236.9276,1613777.1863,6824.3490,1.5336
216,2019-04-05,14,12-17,baseline,372261.6779,2383169.7042,4528.4286,1.2862
216,2019-04-05,14,12-17,corrected,656753.9387,2096740.5866,5074.5571,1.2921
216,2019-04-05,14,18-44,baseline,643781.2153,17362155.4452,4588.2857,0.5556
216,2019-04-05,14,18-44,corrected,1517219.0459,16485550.0550,5462.3541,0.5694
216,2019-04-05,14,45-64,baseline,313593.1213,16560654.2034,736.8571,0.4289
216,2019-04-05,14,45-64,corrected,895669.9294,15978310.5985,802.1427,0.4355
216,2019-04-05,14,65+,baseline,87730.6345,9178513.6819,288.0000,0.3538
216,2019-04-05,14,65+,corrected,298814.8631,8967434.6398,288.0000,0.3516
217,2019-04-06,14,0-5,baseline,257870.6379,1521873.8252,3260.0000,1.2059
217,2019-04-06,14,0-5,corrected,750808.6796,1027806.5274,3555.0300,1.2147
217,2019-04-06,14,6-11,baseline,518118.9331,2165354.3825,6517.5714,1.4929
217,2019-04-06,14,6-11,corrected,1075217.7221,1605943.9445,7107.4116,1.5039
217,2019-04-06,14,12-17,baseline,376961.2753,2378323.2647,4643.7143,1.2554
217,2019-04-06,14,12-17,corrected,661768.8394,2091337.7107,5203.7462,1.2592
217,2019-04-06,14,18-44,baseline,648607.5398,17356409.0227,4828.8571,0.5478
217,2019-04-06,14,18-44,corrected,1522888.5442,16478798.2635,5748.7544,0.5590
217,2019-04-06,14,45-64,baseline,314324.7966,16559816.5576,759.7143,0.4218
217,2019-04-06,14,45-64,corrected,896533.1835,15977392.9647,827.0250,0.4270
217,2019-04-06,14,65+,baseline,88006.3018,9178213.9446,292.1429,0.3477
217,2019-04-06,14,65+,corrected,299088.1416,8967133.6194,292.1429,0.3449
218,2019-04-07,15,0-5,baseline,261138.1413,1518195.2939,3338.4286,1.1851
218,2019-04-07,15,0-5,corrected,754463.1840,1023825.6100,3640.5564,1.1901
218,2019-04-07,15,6-11,baseline,524644.2929,2158059.8962,6710.5714,1.4689
218,2019-04-07,15,6-11,corrected,1082507.7306,1597960.3189,7317.8781,1.4758
218,2019-04-07,15,12-17,baseline,381633.9095,2373511.6529,4716.1429,1.2209
218,2019-04-07,15,12-17,corrected,667025.5354,2086015.6714,5284.9097,1.2264
218,2019-04-07,15,18-44,baseline,653504.6395,17350788.7308,5067.4286,0.5369
218,2019-04-07,15,18-44,corrected,1528695.1170,16472297.8312,6032.7737,0.5481
218,2019-04-07,15,45-64,baseline,315100.1575,16558954.6039,778.2857,0.4130
218,2019-04-07,15,45-64,corrected,897395.9635,15976431.6504,847.2418,0.4186
218,2019-04-07,15,65+,baseline,88296.6060,9177894.8145,297.0000,0.3412
218,2019-04-07,15,65+,corrected,299364.4340,8966824.3458,297.0000,0.3378
219,2019-04-08,15,0-5,baseline,264606.3728,1514434.3313,3407.1429,1.1615
219,2019-04-08,15,0-5,corrected,758285.8305,1019838.7142,3715.4893,1.1636
219,2019-04-08,15,6-11,baseline,531519.2306,2150627.2808,6850.1429,1.4409
219,2019-04-08,15,6-11,corrected,1090153.3582,1589564.2218,7470.0808,1.4451
219,2019-04-08,15,12-17,baseline,386251.2057,2368694.6361,4740.8571,1.1894
219,2019-04-08,15,12-17,corrected,672151.5132,2080718.0667,5312.6045,1.1889
219,2019-04-08,15,18-44,baseline,658786.2989,17345021.5529,5262.7143,0.5250
219,2019-04-08,15,18-44,corrected,1534778.3338,16465393.3757,6265.2614,0.5352
219,2019-04-08,15,45-64,baseline,315928.8794,16558018.1056,793.0000,0.4035
219,2019-04-08,15,45-64,corrected,898312.5623,15975376.8877,863.2598,0.4082
219,2019-04-08,15,65+,baseline,88604.5923,9177549.1581,306.8571,0.3332
219,2019-04-08,15,65+,corrected,299649.5818,8966513.8583,306.8571,0.3301
220,2019-04-09,15,0-5,baseline,268060.9308,1510764.9802,3472.8571,1.1379
220,2019-04-09,15,0-5,corrected,762068.6239,1015745.4963,3787.1507,1.1465
220,2019-04-09,15,6-11,baseline,538400.6075,2143154.7055,7038.4286,1.4147
220,2019-04-09,15,6-11,corrected,1097780.8897,1581377.6154,7675.4064,1.4272
220,2019-04-09,15,12-17,baseline,390942.4755,2364108.5973,4693.7143,1.1550
220,2019-04-09,15,12-17,corrected,677343.4111,2075732.2612,5259.7762,1.1632
220,2019-04-09,15,18-44,baseline,664242.1768,17339146.8916,5432.2857,0.5132
220,2019-04-09,15,18-44,corrected,1540988.2782,16458508.5250,6467.1361,0.5248
220,2019-04-09,15,45-64,baseline,316739.2434,16557135.1201,808.5714,0.3941
220,2019-04-09,15,45-64,corrected,899199.1689,15974385.9425,880.2109,0.4002
220,2019-04-09,15,65+,baseline,88907.1094,9177235.8442,314.2857,0.3265
220,2019-04-09,15,65+,corrected,299957.3976,8966162.1129,314.2857,0.3241
221,2019-04-10,15,0-5,baseline,271622.6531,1506944.8697,3552.4286,1.1221
221,2019-04-10,15,0-5,corrected,765879.8910,1011706.1673,3873.9234,1.1340
221,2019-04-10,15,6-11,baseline,545292.9171,2135605.7461,7206.0000,1.3926
221,2019-04-10,15,6-11,corrected,1105588.1243,1573072.3704,7858.1430,1.4052
221,2019-04-10,15,12-17,baseline,395783.3019,2359391.4512,4698.0000,1.1300
221,2019-04-10,15,12-17,corrected,682665.3742,2070581.6459,5264.5788,1.1417
221,2019-04-10,15,18-44,baseline,669633.3934,17333448.1802,5531.7143,0.5039
221,2019-04-10,15,18-44,corrected,1547419.3893,16451527.2039,6585.5059,0.5167
221,2019-04-10,15,45-64,baseline,317600.2638,16556226.7819,824.2857,0.3873
221,2019-04-10,15,45-64,corrected,900086.8976,15973467.7307,897.3174,0.3940
221,2019-04-10,15,65+,baseline,89224.4529,9176900.5135,312.0000,0.3217
221,2019-04-10,15,65+,corrected,300265.9776,8965830.0438,312.0000,0.3199
222,2019-04-11,15,0-5,baseline,275296.4428,1503081.1743,3575.2857,1.1067
222,2019-04-11,15,0-5,corrected,769796.6299,1007429.2221,3898.8491,1.1209
222,2019-04-11,15,6-11,baseline,552569.3197,2127805.0865,7237.7143,1.3769
222,2019-04-11,15,6-11,corrected,1113600.0304,1564643.4041,7892.7274,1.3837
222,2019-04-11,15,12-17,baseline,400631.2550,2354864.8286,4662.5714,1.1175
222,2019-04-11,15,12-17,corrected,687763.2281,2065728.4630,5224.8775,1.1282
222,2019-04-11,15,18-44,baseline,675096.8280,17327935.8082,5517.4286,0.4972
222,2019-04-11,15,18-44,corrected,1553942.7841,16444768.0612,6568.4987,0.5107
222,2019-04-11,15,45-64,baseline,318496.6587,16555268.6794,823.1429,0.3830
222,2019-04-11,15,45-64,corrected,901014.7568,15972528.8792,896.0733,0.3903
222,2019-04-11,15,65+,baseline,89554.4571,9176543.3876,311.2857,0.3194
222,2019-04-11,15,65+,corrected,300598.8318,8965483.4206,311.2857,0.3179
223,2019-04-12,15,0-5,baseline,278962.5557,1499306.2508,3617.8571,1.0948
223,2019-04-12,15,0-5,corrected,773797.7642,1003269.3637,3945.2732,1.1058
223,2019-04-12,15,6-11,baseline,559919.4259,2120111.9535,7327.0000,1.3610
223,2019-04-12,15,6-11,corrected,1121670.4115,1556042.9251,7990.0935,1.3707
223,2019-04-12,15,12-17,baseline,405313.9146,2350420.8831,4530.5714,1.1036
223,2019-04-12,15,12-17,corrected,692934.1561,2060724.6133,5076.9583,1.1097
223,2019-04-12,15,18-44,baseline,680718.3309,17322251.2710,5521.8571,0.4917
223,2019-04-12,15,18-44,corrected,1560928.7743,16437988.9486,6573.7709,0.5036
223,2019-04-12,15,45-64,baseline,319388.8298,16554345.9501,847.7143,0.3796
223,2019-04-12,15,45-64,corrected,901955.3733,15971599.5906,922.8218,0.3856
223,2019-04-12,15,65+,baseline,89886.8575,9176188.8733,317.8571,0.3179
223,2019-04-12,15,65+,corrected,300928.4778,8965145.7189,317.8571,0.3156
224,2019-04-13,15,0-5,baseline,282691.6623,1495457.5070,3679.7143,1.0889
224,2019-04-13,15,0-5,corrected,777802.7412,999148.9177,4012.7284,1.0939
224,2019-04-13,15,6-11,baseline,567488.7488,2112590.7160,7409.7143,1.3434
224,2019-04-13,15,6-11,corrected,1129925.3886,1547612.7348,8080.2934,1.3573
224,2019-04-13,15,12-17,baseline,409873.0839,2346109.5415,4473.1429,1.0907
224,2019-04-13,15,12-17,corrected,698184.9551,2055947.2245,5012.6039,1.0921
224,2019-04-13,15,18-44,baseline,686191.3059,17316752.9647,5572.2857,0.4874
224,2019-04-13,15,18-44,corrected,1567698.5767,16431430.2432,6633.8061,0.4988
224,2019-04-13,15,45-64,baseline,320294.2091,16553437.0717,868.4286,0.3770
224,2019-04-13,15,45-64,corrected,902955.9534,15970529.9067,945.3713,0.3824
224,2019-04-13,15,65+,baseline,90230.5230,9175827.7342,328.5714,0.3163
224,2019-04-13,15,65+,corrected,301261.7191,8964803.2253,328.5714,0.3137
225,2019-04-14,16,0-5,baseline,286537.7441,1491517.4056,3731.2857,1.0746
225,2019-04-14,16,0-5,corrected,781945.6155,994915.1207,4068.9671,1.0828
225,2019-04-14,16,6-11,baseline,575228.2128,2104785.4051,7523.2857,1.3220
225,2019-04-14,16,6-11,corrected,1138144.2550,1539343.5154,8204.1431,1.3332
225,2019-04-14,16,12-17,baseline,414322.3631,2341948.8673,4419.8571,1.0668
225,2019-04-14,16,12-17,corrected,703237.0822,2051323.3318,4952.8919,1.0740
225,2019-04-14,16,18-44,baseline,691869.9050,17311324.5835,5592.2857,0.4809
225,2019-04-14,16,18-44,corrected,1574517.3969,16424977.0896,6657.6161,0.4916
225,2019-04-14,16,45-64,baseline,321190.4906,16552505.1147,882.7143,0.3726
225,2019-04-14,16,45-64,corrected,903871.4194,15969604.3962,960.9228,0.3779
225,2019-04-14,16,65+,baseline,90601.4208,9175445.2479,344.0000,0.3139
225,2019-04-14,16,65+,corrected,301594.5960,8964452.8464,344.0000,0.3112
226,2019-04-15,16,0-5,baseline,290320.0052,1487768.9887,3754.8571,1.0527
226,2019-04-15,16,0-5,corrected,786087.3202,990755.6465,4094.6717,1.0659
226,2019-04-15,16,6-11,baseline,583051.0860,2097472.7817,7556.1429,1.2904
226,2019-04-15,16,6-11,corrected,1146322.6108,1531435.4906,8239.9738,1.3028
226,2019-04-15,16,12-17,baseline,418777.2620,2337886.2378,4326.0000,1.0370
226,2019-04-15,16,12-17,corrected,708180.4377,2046914.4587,4847.7156,1.0480
226,2019-04-15,16,18-44,baseline,697543.1887,17305947.8192,5562.2857,0.4697
226,2019-04-15,16,18-44,corrected,1581314.4732,16418412.0686,6621.9011,0.4823
226,2019-04-15,16,45-64,baseline,322089.1264,16551576.3761,894.1429,0.3647
226,2019-04-15,16,45-64,corrected,904813.5584,15968655.7730,973.3639,0.3712
226,2019-04-15,16,65+,baseline,90957.7485,9175089.3930,347.1429,0.3090
226,2019-04-15,16,65+,corrected,301944.3744,8964115.1180,347.1429,0.3065
227,2019-04-16,16,0-5,baseline,294093.2645,1484126.4580,3756.5714,1.0303
227,2019-04-16,16,0-5,corrected,790242.8668,986752.0143,4096.5411,1.0405
227,2019-04-16,16,6-11,baseline,590583.8855,2090142.5860,7494.0000,1.2562
227,2019-04-16,16,6-11,corrected,1154402.5003,1523797.6581,8172.2070,1.2611
227,2019-04-16,16,12-17,baseline,423250.5192,2333879.6597,4215.8571,1.0021
227,2019-04-16,16,12-17,corrected,712899.7450,2042720.9205,4724.2895,1.0140
227,2019-04-16,16,18-44,baseline,703127.3546,17300626.9176,5473.4286,0.4575
227,2019-04-16,16,18-44,corrected,1587881.1541,16412208.8649,6516.1167,0.4698
227,2019-04-16,16,45-64,baseline,323053.5159,16550689.1974,899.7143,0.3554
227,2019-04-16,16,45-64,corrected,905673.9311,15967746.9976,979.4290,0.3620
227,2019-04-16,16,65+,baseline,91303.4298,9174758.5052,344.1429,0.3022
227,2019-04-16,16,65+,corrected,302292.6292,8963764.0974,344.1429,0.2999
228,2019-04-17,16,0-5,baseline,297909.5495,1480443.6555,3725.5714,0.9999
228,2019-04-17,16,0-5,corrected,794480.0781,982793.3900,4062.7356,1.0076
228,2019-04-17,16,6-11,baseline,598201.7079,2083207.7076,7394.0000,1.2044
228,2019-04-17,16,6-11,corrected,1162593.7403,1516363.9958,8063.1570,1.2168
228,2019-04-17,16,12-17,baseline,427492.8335,2330528.3435,4093.4286,0.9597
228,2019-04-17,16,12-17,corrected,717672.7630,2038789.5837,4587.0961,0.9678
228,2019-04-17,16,18-44,baseline,708669.8027,17295636.9665,5392.2857,0.4401
228,2019-04-17,16,18-44,corrected,1594491.2056,16406386.2827,6419.5161,0.4511
228,2019-04-17,16,45-64,baseline,323975.2773,16549789.6228,900.7143,0.3421
228,2019-04-17,16,45-64,corrected,906670.4917,15966794.6344,980.5176,0.3478
228,2019-04-17,16,65+,baseline,91644.0130,9174440.8370,346.7143,0.2926
228,2019-04-17,16,65+,corrected,302654.1650,8963415.0833,346.7143,0.2899
229,2019-04-18,16,0-5,baseline,301614.6798,1477048.4452,3717.0000,0.9632
229,2019-04-18,16,0-5,corrected,798479.3599,979137.1964,4053.3885,0.9706
229,2019-04-18,16,6-11,baseline,605588.6960,2076777.3031,7352.5714,1.1475
229,2019-04-18,16,6-11,corrected,1170642.2881,1509337.7918,8017.9791,1.1628
229,2019-04-18,16,12-17,baseline,431488.9884,2327402.3388,4040.0000,0.9103
229,2019-04-18,16,12-17,corrected,722046.1550,2035399.5726,4527.2240,0.9175
229,2019-04-18,16,18-44,baseline,714059.9398,17290918.5712,5380.0000,0.4202
229,2019-04-18,16,18-44,corrected,1600916.4891,16400814.1059,6404.8900,0.4310
229,2019-04-18,16,45-64,baseline,324878.8565,16548952.2467,899.7143,0.3269
229,2019-04-18,16,45-64,corrected,907636.3372,15965906.0756,979.4290,0.3324
229,2019-04-18,16,65+,baseline,91978.9581,9174101.8587,346.5714,0.2808
229,2019-04-18,16,65+,corrected,303006.1662,8963092.2939,346.5714,0.2784
230,2019-04-19,16,0-5,baseline,305279.1335,1473802.3179,3652.5714,0.9208
230,2019-04-19,16,0-5,corrected,802415.9602,975595.2307,3983.1291,0.9238
230,2019-04-19,16,6-11,baseline,612642.6017,2070956.1215,7120.5714,1.0860
230,2019-04-19,16,6-11,corrected,1178371.2162,1502871.9155,7764.9831,1.0946
230,2019-04-19,16,12-17,baseline,435341.7085,2324547.4261,3780.5714,0.8556
230,2019-04-19,16,12-17,corrected,726088.9559,2032343.2899,4236.5083,0.8604
230,2019-04-19,16,18-44,baseline,719205.4147,17286756.0179,5248.8571,0.3979
230,2019-04-19,16,18-44,corrected,1607118.1827,16395748.9541,6248.7644,0.4066
230,2019-04-19,16,45-64,baseline,325775.5965,16548169.7124,886.1429,0.3099
230,2019-04-19,16,45-64,corrected,908612.9655,15965005.2102,964.6551,0.3139
230,2019-04-19,16,65+,baseline,92298.6679,9173826.9556,343.5714,0.2674
230,2019-04-19,16,65+,corrected,303337.9974,8962778.7540,343.5714,0.2643
231,2019-04-20,16,0-5,baseline,308837.9899,1470877.5148,3556.0000,0.8727
231,2019-04-20,16,0-5,corrected,806314.3417,972298.8794,3877.8180,0.8767
231,2019-04-20,16,6-11,baseline,619533.6176,2065573.7167,6839.7143,1.0260
231,2019-04-20,16,6-11,corrected,1185784.2184,1497227.2723,7458.7084,1.0330
231,2019-04-20,16,12-17,baseline,438879.6985,2322031.9622,3531.8571,0.7995
231,2019-04-20,16,12-17,corrected,730055.9221,2029548.6919,3957.7991,0.8059
231,2019-04-20,16,18-44,baseline,724031.7681,17283028.7116,5021.2857,0.3758
231,2019-04-20,16,18-44,corrected,1612824.3691,16391134.2793,5977.8406,0.3828
231,2019-04-20,16,45-64,baseline,326711.8330,16547413.0760,865.1429,0.2928
231,2019-04-20,16,45-64,corrected,909540.3949,15964214.6992,941.7945,0.2957
231,2019-04-20,16,65+,baseline,92615.0571,9173560.5004,340.1429,0.2539
231,2019-04-20,16,65+,corrected,303648.1082,8962501.9716,340.1429,0.2504
232,2019-04-21,17,0-5,baseline,312223.7097,1468104.3393,3447.8571,0.8282
232,2019-04-21,17,0-5,corrected,809962.4029,969328.6543,3759.8882,0.8338
232,2019-04-21,17,6-11,baseline,625781.5782,2061038.6870,6488.2857,0.9673
232,2019-04-21,17,6-11,corrected,1192702.5886,1492173.5284,7075.4756,0.9749
232,2019-04-21,17,12-17,baseline,442083.6400,2319837.9810,3281.7143,0.7515
232,2019-04-21,17,12-17,corrected,733639.8382,2027248.7677,3677.4890,0.7560
232,2019-04-21,17,18-44,baseline,728554.4915,17279779.3465,4704.7143,0.3545
232,2019-04-21,17,18-44,corrected,1618494.0415,16387150.1553,5600.9624,0.3613
232,2019-04-21,17,45-64,baseline,327575.9269,16546687.5289,837.1429,0.2768
232,2019-04-21,17,45-64,corrected,910425.9573,15963505.4089,911.3137,0.2796
232,2019-04-21,17,65+,baseline,92922.1433,9173302.3538,325.4286,0.2417
232,2019-04-21,17,65+,corrected,303960.6785,8962228.3828,325.4286,0.2382
233,2019-04-22,17,0-5,baseline,315450.0576,1465722.8437,3293.5714,0.7904
233,2019-04-22,17,0-5,corrected,813541.2881,966599.9921,3591.6396,0.7943
233,2019-04-22,17,6-11,baseline,631719.1187,2056795.5439,6114.1429,0.9149
233,2019-04-22,17,6-11,corrected,1199111.2475,1487666.9579,6667.4728,0.9194
233,2019-04-22,17,12-17,baseline,444975.0988,2318010.8494,2996.2857,0.7045
233,2019-04-22,17,12-17,corrected,736838.9623,2025241.1629,3357.6378,0.7126
233,2019-04-22,17,18-44,baseline,732649.0548,17276944.9343,4317.1429,0.3358
233,2019-04-22,17,18-44,corrected,1623380.4770,16383731.9946,5139.5586,0.3422
233,2019-04-22,17,45-64,baseline,328335.0992,16546108.8012,792.1429,0.2630
233,2019-04-22,17,45-64,corrected,911299.7589,15962819.4934,862.3267,0.2655
233,2019-04-22,17,65+,baseline,93215.7442,9173070.8966,303.8571,0.2314
233,2019-04-22,17,65+,corrected,304277.8425,8961978.1170,303.8571,0.2280
234,2019-04-23,17,0-5,baseline,318450.8829,1463509.1734,3084.4286,0.7603
234,2019-04-23,17,0-5,corrected,816809.0261,964197.7692,3363.5694,0.7673
234,2019-04-23,17,6-11,baseline,637231.4124,2053198.2985,5616.8571,0.8714
234,2019-04-23,17,6-11,corrected,1205035.1065,1483581.4032,6125.1827,0.8804
234,2019-04-23,17,12-17,baseline,447607.1095,2316471.7212,2678.5714,0.6678
234,2019-04-23,17,12-17,corrected,739763.8489,2023363.7559,3001.6071,0.6740
234,2019-04-23,17,18-44,baseline,736742.6501,17274407.9195,3913.5714,0.3219
234,2019-04-23,17,18-44,corrected,1628109.3856,16380427.0167,4659.1068,0.3290
234,2019-04-23,17,45-64,baseline,329067.2171,16545572.3719,724.5714,0.2529
234,2019-04-23,17,45-64,corrected,912129.3130,15962265.4391,788.7685,0.2558
234,2019-04-23,17,65+,baseline,93493.7519,9172833.7592,285.2857,0.2247
234,2019-04-23,17,65+,corrected,304605.7330,8961745.4742,285.2857,0.2211
235,2019-04-24,17,0-5,baseline,321231.0382,1461440.0753,2881.8571,0.7394
235,2019-04-24,17,0-5,corrected,819950.3102,961951.3230,3142.6652,0.7443
235,2019-04-24,17,6-11,baseline,642191.1498,2050017.0991,5126.1429,0.8481
235,2019-04-24,17,6-11,corrected,1210673.5541,1480042.2094,5590.0588,0.8495
235,2019-04-24,17,12-17,baseline,450006.6392,2314999.3489,2398.1429,0.6450
235,2019-04-24,17,12-17,corrected,742386.8651,2021836.2676,2687.3589,0.6508
235,2019-04-24,17,18-44,baseline,740244.8399,17272153.0920,3565.4286,0.3130
235,2019-04-24,17,18-44,corrected,1632384.0475,16377658.5099,4244.6427,0.3194
235,2019-04-24,17,45-64,baseline,329646.1332,16545107.0916,667.0000,0.2472
235,2019-04-24,17,45-64,corrected,912964.7252,15961574.4511,726.0962,0.2497
235,2019-04-24,17,65+,baseline,93760.4116,9172633.1403,268.0000,0.2217
235,2019-04-24,17,65+,corrected,304891.3547,8961534.4148,268.0000,0.2176
236,2019-04-25,17,0-5,baseline,323822.3669,1459688.3354,2696.0000,0.7289
236,2019-04-25,17,0-5,corrected,822857.8416,959877.2916,2939.9880,0.7332
236,2019-04-25,17,6-11,baseline,646601.3799,2047193.3029,4755.1429,0.8307
236,2019-04-25,17,6-11,corrected,1215524.3111,1476951.0540,5185.4833,0.8336
236,2019-04-25,17,12-17,baseline,452043.1871,2313910.3881,2233.4286,0.6305
236,2019-04-25,17,12-17,corrected,744683.8532,2020615.6763,2502.7801,0.6366
236,2019-04-25,17,18-44,baseline,743409.6290,17270138.4114,3362.8571,0.3097
236,2019-04-25,17,18-44,corrected,1636473.2385,16375108.5819,4003.4814,0.3161
236,2019-04-25,17,45-64,baseline,330280.6595,16544656.3706,641.8571,0.2461
236,2019-04-25,17,45-64,corrected,913694.0643,15961022.2902,698.7257,0.2487
236,2019-04-25,17,65+,baseline,94010.3203,9172448.6326,260.2857,0.2221
236,2019-04-25,17,65+,corrected,305133.6305,8961347.0003,260.2857,0.2186
237,2019-04-26,17,0-5,baseline,326231.6965,1457962.7900,2342.1429,0.7299
237,2019-04-26,17,0-5,corrected,825455.6988,958062.0008,2554.1068,0.7357
237,2019-04-26,17,6-11,baseline,650634.3322,2044633.6578,3885.0000,0.8326
237,2019-04-26,17,6-11,corrected,1219964.6960,1474048.9746,4236.5925,0.8380
237,2019-04-26,17,12-17,baseline,453838.1820,2312949.6860,1758.1429,0.6360
237,2019-04-26,17,12-17,corrected,746657.5222,2019503.4896,1970.1749,0.6394
237,2019-04-26,17,18-44,baseline,746249.6620,17268236.0748,2779.8571,0.3127
237,2019-04-26,17,18-44,corrected,1639932.0433,16372923.9171,3309.4199,0.3200
237,2019-04-26,17,45-64,baseline,330881.1066,16544192.1292,557.4286,0.2505
237,2019-04-26,17,45-64,corrected,914323.3183,15960609.2993,606.8167,0.2534
237,2019-04-26,17,65+,baseline,94267.0420,9172250.8367,229.8571,0.2274
237,2019-04-26,17,65+,corrected,305368.5339,8961145.5943,229.8571,0.2239
238,2019-04-27,17,0-5,baseline,328360.7712,1456535.6237,2102.4286,0.7409
238,2019-04-27,17,0-5,corrected,827793.7264,956455.8758,2292.6984,0.7468
238,2019-04-27,17,6-11,baseline,654159.7202,2042489.5716,3370.7143,0.8466
238,2019-04-27,17,6-11,corrected,1223847.2433,1471531.4768,3675.7639,0.8551
238,2019-04-27,17,12-17,baseline,455471.5520,2311949.7752,1457.2857,0.6527
238,2019-04-27,17,12-17,corrected,748446.0093,2018536.9929,1633.0344,0.6521
238,2019-04-27,17,18-44,baseline,748866.0025,17266383.3471,2431.7143,0.3216
238,2019-04-27,17,18-44,corrected,1643051.3238,16370943.8548,2894.9559,0.3290
238,2019-04-27,17,45-64,baseline,331388.0912,16543803.7021,508.8571,0.2599
238,2019-04-27,17,45-64,corrected,914889.0052,15960131.2705,553.9419,0.2625
238,2019-04-27,17,65+,baseline,94477.3521,9172095.9384,206.8571,0.2374
238,2019-04-27,17,65+,corrected,305573.5794,8961001.3930,206.8571,0.2332
239,2019-04-28,18,0-5,baseline,330372.6412,1455170.8180,1884.2857,0.7590
239,2019-04-28,18,0-5,corrected,829935.0750,954943.9816,2054.8136,0.7671
239,2019-04-28,18,6-11,baseline,657229.1718,2040621.1141,2974.5714,0.8707
239,2019-04-28,18,6-11,corrected,1227505.2614,1469268.7693,3243.7701,0.8799
239,2019-04-28,18,12-17,baseline,456919.2898,2311088.5936,1246.7143,0.6772
239,2019-04-28,18,12-17,corrected,749982.7734,2017630.6156,1397.0680,0.6773
239,2019-04-28,18,18-44,baseline,751326.3130,17264740.3508,2128.8571,0.3345
239,2019-04-28,18,18-44,corrected,1645722.1396,16369073.4132,2534.4044,0.3421
239,2019-04-28,18,45-64,baseline,331951.2571,16543374.5811,456.5714,0.2727
239,2019-04-28,18,45-64,corrected,915396.1969,15959767.5621,497.0237,0.2753
239,2019-04-28,18,65+,baseline,94678.2233,9171960.1613,184.7143,0.2500
239,2019-04-28,18,65+,corrected,305779.9311,8960844.2878,184.7143,0.2454
240,2019-04-29,18,0-5,baseline,332139.6966,1453938.8662,1760.0000,0.7802
240,2019-04-29,18,0-5,corrected,831938.1930,953603.9440,1919.2800,0.7907
240,2019-04-29,18,6-11,baseline,660099.2234,2038615.1451,2718.0000,0.8970
240,2019-04-29,18,6-11,corrected,1230830.9626,1467094.5172,2963.9790,0.9055
240,2019-04-29,18,12-17,baseline,458242.5373,2310244.8715,1111.5714,0.7017
240,2019-04-29,18,12-17,corrected,751289.8304,2016760.1783,1245.6269,0.7063
240,2019-04-29,18,18-44,baseline,753432.8487,17263353.8753,1967.2857,0.3484
240,2019-04-29,18,18-44,corrected,1648121.7662,16367515.4589,2342.0536,0.3570
240,2019-04-29,18,45-64,baseline,332402.1435,16543028.4704,429.4286,0.2863
240,2019-04-29,18,45-64,corrected,915965.6143,15959339.5899,467.4759,0.2892
240,2019-04-29,18,65+,baseline,94877.7714,9171795.0741,182.1429,0.2634
240,2019-04-29,18,65+,corrected,305973.4601,8960709.7694,182.1429,0.2587
241,2019-04-30,18,0-5,baseline,333725.4233,1452821.5526,1634.0000,0.8012
241,2019-04-30,18,0-5,corrected,833755.9671,952416.3300,1781.8770,0.8086
241,2019-04-30,18,6-11,baseline,662546.2619,2036883.1432,2518.8571,0.9168
241,2019-04-30,18,6-11,corrected,1233740.2338,1465179.8176,2746.8137,0.9261
241,2019-04-30,18,12-17,baseline,459251.5430,2309598.4723,1020.4286,0.7254
241,2019-04-30,18,12-17,corrected,752455.5801,2015998.6227,1143.4923,0.7307
241,2019-04-30,18,18-44,baseline,755444.1129,17261973.8799,1832.4286,0.3620
241,2019-04-30,18,18-44,corrected,1650435.6004,16365884.5049,2181.5062,0.3694
241,2019-04-30,18,45-64,baseline,332870.4880,16542695.4290,416.8571,0.2993
241,2019-04-30,18,45-64,corrected,916483.3978,15959018.7155,453.7907,0.3015
241,2019-04-30,18,65+,baseline,95059.4930,9171651.0163,177.1429,0.2760
241,2019-04-30,18,65+,corrected,306165.6077,8960568.2715,177.1429,0.2708
242,2019-05-01,18,0-5,baseline,335250.4602,1451756.4055,1518.4286,0.8197
242,2019-05-01,18,0-5,corrected,835334.4193,951288.8666,1655.8464,0.8265
242,2019-05-01,18,6-11,baseline,664854.9825,2035402.2958,2369.7143,0.9337
242,2019-05-01,18,6-11,corrected,1236244.3063,1463607.0283,2584.1734,0.9415
242,2019-05-01,18,12-17,baseline,460186.9733,2309075.2726,944.1429,0.7462
242,2019-05-01,18,12-17,corrected,753563.7680,2015285.5333,1058.0065,0.7526
242,2019-05-01,18,18-44,baseline,757351.7736,17260554.0903,1735.1429,0.3734
242,2019-05-01,18,18-44,corrected,1652425.8112,16364567.3125,2065.6876,0.3810
242,2019-05-01,18,45-64,baseline,333306.0506,16542366.1607,402.1429,0.3103
242,2019-05-01,18,45-64,corrected,916916.1571,15958707.5584,437.7727,0.3129
242,2019-05-01,18,65+,baseline,95203.2159,9171543.7404,168.4286,0.2871
242,2019-05-01,18,65+,corrected,306334.5971,8960429.9458,168.4286,0.2815
243,2019-05-02,18,0-5,baseline,336680.7384,1450740.3699,1438.0000,0.8370
243,2019-05-02,18,0-5,corrected,836785.1524,950275.7394,1568.1390,0.8415
243,2019-05-02,18,6-11,baseline,666930.8798,2034120.6515,2247.0000,0.9520
243,2019-05-02,18,6-11,corrected,1238475.7343,1462107.7650,2450.3535,0.9590
243,2019-05-02,18,12-17,baseline,461041.9540,2308479.4436,901.5714,0.7674
243,2019-05-02,18,12-17,corrected,754578.9197,2014563.5591,1010.3009,0.7715
243,2019-05-02,18,18-44,baseline,758941.5635,17259396.0641,1676.7143,0.3843
243,2019-05-02,18,18-44,corrected,1654189.1372,16363269.0625,1996.1284,0.3919
243,2019-05-02,18,45-64,baseline,333694.9272,16542074.4984,396.5714,0.3207
243,2019-05-02,18,45-64,corrected,917320.9234,15958403.9666,431.7077,0.3235
243,2019-05-02,18,65+,baseline,95363.0828,9171418.8504,166.8571,0.2974
243,2019-05-02,18,65+,corrected,306481.7541,8960308.0615,166.8571,0.2920
244,2019-05-03,18,0-5,baseline,337960.9517,1449797.7622,1245.2857,0.8567
244,2019-05-03,18,0-5,corrected,838138.2852,949284.4086,1357.9841,0.8602
244,2019-05-03,18,6-11,baseline,668803.1013,2032864.2762,1831.2857,0.9749
244,2019-05-03,18,6-11,corrected,1240570.1777,1460637.6437,1997.0171,0.9758
244,2019-05-03,18,12-17,baseline,461863.6806,2307894.0405,720.4286,0.7887
244,2019-05-03,18,12-17,corrected,755448.5057,2013992.7049,807.3123,0.7935
244,2019-05-03,18,18-44,baseline,760369.8894,17258191.4484,1414.8571,0.3964
244,2019-05-03,18,18-44,corrected,1655801.9549,16361965.6453,1684.3874,0.4026
244,2019-05-03,18,45-64,baseline,334045.3148,16541786.3258,333.2857,0.3316
244,2019-05-03,18,45-64,corrected,917676.3853,15958059.0230,362.8148,0.3335
244,2019-05-03,18,65+,baseline,95496.1535,9171315.8431,136.8571,0.3086
244,2019-05-03,18,65+,corrected,306622.1821,8960179.9955,136.8571,0.3019
245,2019-05-04,18,0-5,baseline,339089.5190,1448947.1527,1152.0000,0.8748
245,2019-05-04,18,0-5,corrected,839396.3837,948304.4346,1256.2560,0.8808
245,2019-05-04,18,6-11,baseline,670570.0403,2031695.1511,1681.7143,0.9936
245,2019-05-04,18,6-11,corrected,1242401.0221,1459363.6315,1833.9094,1.0015
245,2019-05-04,18,12-17,baseline,462696.4189,2307251.5581,664.8571,0.8113
245,2019-05-04,18,12-17,corrected,756151.2191,2013511.1361,745.0389,0.8190
245,2019-05-04,18,18-44,baseline,761657.8496,17257303.8590,1339.8571,0.4067
245,2019-05-04,18,18-44,corrected,1657289.2339,16360826.8519,1595.0999,0.4149
245,2019-05-04,18,45-64,baseline,334341.6638,16541583.1826,324.2857,0.3413
245,2019-05-04,18,45-64,corrected,918030.9150,15957776.4073,353.0174,0.3444
245,2019-05-04,18,65+,baseline,95636.4657,9171205.4500,136.8571,0.3182
245,2019-05-04,18,65+,corrected,306765.7317,8960050.9776,136.8571,0.3128
246,2019-05-05,19,0-5,baseline,340178.1794,1448116.3920,1083.8571,0.8982
246,2019-05-05,19,0-5,corrected,840561.9865,947412.2414,1181.9462,0.9058
246,2019-05-05,19,6-11,baseline,672103.6766,2030607.0098,1565.5714,1.0201
246,2019-05-05,19,6-11,corrected,1244146.0783,1458108.3614,1707.2556,1.0301
246,2019-05-05,19,12-17,baseline,463266.7654,2306852.1849,622.1429,0.8349
246,2019-05-05,19,12-17,corrected,756866.3412,2013028.4325,697.1733,0.8419
246,2019-05-05,19,18-44,baseline,762950.2687,17256337.7458,1262.2857,0.4193
246,2019-05-05,19,18-44,corrected,1658619.1564,16359824.5825,1502.7511,0.4280
246,2019-05-05,19,45-64,baseline,334593.9705,16541419.3226,304.8571,0.3524
246,2019-05-05,19,45-64,corrected,918331.1642,15957520.7523,331.8675,0.3552
246,2019-05-05,19,65+,baseline,95776.4460,9171088.9537,132.1429,0.3302
246,2019-05-05,19,65+,corrected,306898.0250,8959943.1051,132.1429,0.3236
247,2019-05-06,19,0-5,baseline,341160.0310,1447380.7463,987.8571,0.9218
247,2019-05-06,19,0-5,corrected,841585.5043,946641.2897,1077.2582,0.9307
247,2019-05-06,19,6-11,baseline,673454.4316,2029606.3780,1423.7143,1.0505
247,2019-05-06,19,6-11,corrected,1245710.2349,1457055.7790,1552.5604,1.0554
247,2019-05-06,19,12-17,baseline,463888.6334,2306378.8131,563.7143,0.8673
247,2019-05-06,19,12-17,corrected,757637.4414,2012445.4625,631.6982,0.8707
247,2019-05-06,19,18-44,baseline,764073.1536,17255406.8604,1148.4286,0.4326
247,2019-05-06,19,18-44,corrected,1659824.9947,16358953.3551,1367.2042,0.4411
247,2019-05-06,19,45-64,baseline,334870.9862,16541180.8004,277.4286,0.3645
247,2019-05-06,19,45-64,corrected,918656.9425,15957243.2584,302.0087,0.3673
247,2019-05-06,19,65+,baseline,95896.0816,9170975.3422,120.4286,0.3435
247,2019-05-06,19,65+,corrected,307007.4189,8959846.6903,120.4286,0.3359
248,2019-05-07,19,0-5,baseline,342076.4727,1446618.3453,903.8571,0.9404
248,2019-05-07,19,0-5,corrected,842556.6885,945872.1507,985.6562,0.9511
248,2019-05-07,19,6-11,baseline,674664.9647,2028701.9326,1262.7143,1.0806
248,2019-05-07,19,6-11,corrected,1247190.5676,1455993.8751,1376.9899,1.0888
248,2019-05-07,19,12-17,baseline,464477.5403,2305949.7894,498.7143,0.8971
248,2019-05-07,19,12-17,corrected,758245.1877,2011957.0524,558.8592,0.9000
248,2019-05-07,19,18-44,baseline,765235.8711,17254394.4102,1056.7143,0.4451
248,2019-05-07,19,18-44,corrected,1660994.3254,16357978.7129,1258.0184,0.4542
248,2019-05-07,19,45-64,baseline,335069.3622,16541017.3504,261.7143,0.3764
248,2019-05-07,19,45-64,corrected,919003.9422,15956932.2107,284.9022,0.3789
248,2019-05-07,19,65+,baseline,96006.0971,9170886.9857,113.1429,0.3565
248,2019-05-07,19,65+,corrected,307105.6514,8959769.3992,113.1429,0.3487
249,2019-05-08,19,0-5,baseline,342986.6476,1445876.4202,839.5714,0.9558
249,2019-05-08,19,0-5,corrected,843471.8701,945146.0500,915.5526,0.9668
249,2019-05-08,19,6-11,baseline,675859.0184,2027804.8129,1138.4286,1.1016
249,2019-05-08,19,6-11,corrected,1248496.1221,1454889.2738,1241.4564,1.1135
249,2019-05-08,19,12-17,baseline,464978.4893,2305528.6753,456.5714,0.9188
249,2019-05-08,19,12-17,corrected,758759.6337,2011592.4610,511.6339,0.9219
249,2019-05-08,19,18-44,baseline,766157.9643,17253618.6003,1003.4286,0.4533
249,2019-05-08,19,18-44,corrected,1662228.6946,16356977.1447,1194.5817,0.4622
249,2019-05-08,19,45-64,baseline,335353.2044,16540789.5790,244.2857,0.3843
249,2019-05-08,19,45-64,corrected,919261.8429,15956740.7698,265.9294,0.3864
249,2019-05-08,19,65+,baseline,96106.7129,9170789.0903,107.4286,0.3664
249,2019-05-08,19,65+,corrected,307213.6939,8959671.3033,107.4286,0.3582
250,2019-05-09,19,0-5,baseline,343856.6224,1445173.7572,806.7143,0.9619
250,2019-05-09,19,0-5,corrected,844361.2562,944495.9559,879.7219,0.9720
250,2019-05-09,19,6-11,baseline,676915.4154,2026935.1485,1094.2857,1.1106
250,2019-05-09,19,6-11,corrected,1249768.8705,1453808.4161,1193.3186,1.1218
250,2019-05-09,19,12-17,baseline,465422.7486,2305155.1315,441.7143,0.9268
250,2019-05-09,19,12-17,corrected,759159.0345,2011232.8848,494.9850,0.9299
250,2019-05-09,19,18-44,baseline,767117.9553,17252996.4275,984.8571,0.4550
250,2019-05-09,19,18-44,corrected,1663230.9826,16356182.0216,1172.4724,0.4640
250,2019-05-09,19,45-64,baseline,335565.2656,16540620.1143,237.8571,0.3864
250,2019-05-09,19,45-64,corrected,919513.2140,15956550.0488,258.9313,0.3886
250,2019-05-09,19,65+,baseline,96201.0338,9170697.0821,106.2857,0.3717
250,2019-05-09,19,65+,corrected,307324.6435,8959585.6344,106.2857,0.3630
251,2019-05-10,19,0-5,baseline,344675.3012,1444541.2622,786.7143,0.9588
251,2019-05-10,19,0-5,corrected,845154.2845,943889.1170,857.9119,0.9672
251,2019-05-10,19,6-11,baseline,677924.2566,2026193.7402,1110.4286,1.1041
251,2019-05-10,19,6-11,corrected,1250964.5801,1452806.8355,1210.9224,1.1154
251,2019-05-10,19,12-17,baseline,465874.9955,2304817.1951,464.2857,0.9211
251,2019-05-10,19,12-17,corrected,759650.6814,2010809.7986,520.2786,0.9278
251,2019-05-10,19,18-44,baseline,768143.0287,17252275.0070,999.0000,0.4489
251,2019-05-10,19,18-44,corrected,1664216.9603,16355574.2973,1189.3095,0.4588
251,2019-05-10,19,45-64,baseline,335806.4707,16540410.3158,247.0000,0.3816
251,2019-05-10,19,45-64,corrected,919759.2062,15956380.7291,268.8842,0.3848
251,2019-05-10,19,65+,baseline,96311.0509,9170602.4050,115.7143,0.3700
251,2019-05-10,19,65+,corrected,307439.1057,8959481.4355,115.7143,0.3619
252,2019-05-11,19,0-5,baseline,345448.4722,1443904.2957,723.7143,0.9441
252,2019-05-11,19,0-5,corrected,845937.4379,943229.7525,789.2104,0.9543
252,2019-05-11,19,6-11,baseline,678871.4149,2025441.0223,987.5714,1.0875
252,2019-05-11,19,6-11,corrected,1252026.5974,1451995.4544,1076.9466,1.0973
252,2019-05-11,19,12-17,baseline,466271.0945,2304483.9630,414.8571,0.9095
252,2019-05-11,19,12-17,corrected,760066.3039,2010511.9640,464.8889,0.9152
252,2019-05-11,19,18-44,baseline,769094.8712,17251363.3227,909.4286,0.4399
252,2019-05-11,19,18-44,corrected,1665151.0174,16354845.3770,1082.6747,0.4483
252,2019-05-11,19,45-64,baseline,335969.2525,16540256.5649,218.8571,0.3746
252,2019-05-11,19,45-64,corrected,920003.4374,15956199.2754,238.2479,0.3765
252,2019-05-11,19,65+,baseline,96430.9913,9170498.4772,108.1429,0.3653
252,2019-05-11,19,65+,corrected,307513.8894,8959405.2255,108.1429,0.3566
253,2019-05-12,20,0-5,baseline,346164.6054,1443335.9939,685.1429,0.9239
253,2019-05-12,20,0-5,corrected,846653.7171,942607.9974,747.1483,0.9314
253,2019-05-12,20,6-11,baseline,679807.7068,2024761.7651,910.5714,1.0653
253,2019-05-12,20,6-11,corrected,1252975.0623,1451227.8620,992.9781,1.0702
253,2019-05-12,20,12-17,baseline,466662.1684,2304158.2480,381.4286,0.8933
253,2019-05-12,20,12-17,corrected,760325.2109,2010282.9332,427.4289,0.9004
253,2019-05-12,20,18-44,baseline,770021.4044,17250724.2148,836.8571,0.4272
253,2019-05-12,20,18-44,corrected,1666072.1936,16354136.5725,996.2784,0.4351
253,2019-05-12,20,45-64,baseline,336187.2559,16540079.1487,208.7143,0.3644
253,2019-05-12,20,45-64,corrected,920185.5492,15956063.5658,227.2064,0.3661
253,2019-05-12,20,65+,baseline,96531.5355,9170411.9038,105.0000,0.3572
253,2019-05-12,20,65+,corrected,307626.0725,8959306.2477,105.0000,0.3485
254,2019-05-13,20,0-5,baseline,346818.9527,1442809.9101,644.4286,0.8957
254,2019-05-13,20,0-5,corrected,847332.4763,942064.5887,702.7494,0.9023
254,2019-05-13,20,6-11,baseline,680646.2498,2024106.3892,856.2857,1.0296
254,2019-05-13,20,6-11,corrected,1253946.2573,1450531.3574,933.7796,1.0401
254,2019-05-13,20,12-17,baseline,467012.7035,2303874.1622,366.8571,0.8681
254,2019-05-13,20,12-17,corrected,760910.7181,2009843.8475,411.1001,0.8762
254,2019-05-13,20,18-44,baseline,770811.3242,17250183.4638,769.4286,0.4125
254,2019-05-13,20,18-44,corrected,1667046.7186,16353414.4876,916.0047,0.4207
254,2019-05-13,20,45-64,baseline,336407.2960,16539909.2086,193.2857,0.3529
254,2019-05-13,20,45-64,corrected,920373.0108,15955922.3309,210.4108,0.3549
254,2019-05-13,20,65+,baseline,96628.6670,9170325.7461,100.5714,0.3480
254,2019-05-13,20,65+,corrected,307716.1900,8959235.6249,100.5714,0.3389
255,2019-05-14,20,0-5,baseline,347397.3168,1442421.0850,622.5714,0.8667
255,2019-05-14,20,0-5,corrected,847985.6272,941585.7750,678.9141,0.8694
255,2019-05-14,20,6-11,baseline,681491.5105,2023456.4789,835.4286,0.9929
255,2019-05-14,20,6-11,corrected,1254760.6747,1449936.2954,911.0349,0.9984
255,2019-05-14,20,12-17,baseline,467370.2901,2303626.0697,352.1429,0.8428
255,2019-05-14,20,12-17,corrected,761303.3719,2009530.4947,394.6113,0.8491
255,2019-05-14,20,18-44,baseline,771523.1340,17249609.1772,708.0000,0.3990
255,2019-05-14,20,18-44,corrected,1667842.4918,16352835.7168,842.8740,0.4048
255,2019-05-14,20,45-64,baseline,336582.1718,16539811.1064,176.0000,0.3423
255,2019-05-14,20,45-64,corrected,920478.3764,15955837.7702,191.5936,0.3427
255,2019-05-14,20,65+,baseline,96725.3141,9170243.1284,95.7143,0.3383
255,2019-05-14,20,65+,corrected,307800.0273,8959158.7008,95.7143,0.3285
256,2019-05-15,20,0-5,baseline,347986.9710,1441963.6794,579.2857,0.8335
256,2019-05-15,20,0-5,corrected,848665.0375,941096.3365,631.7111,0.8384
256,2019-05-15,20,6-11,baseline,682229.9266,2022962.6722,787.4286,0.9528
256,2019-05-15,20,6-11,corrected,1255608.3816,1449391.6568,858.6909,0.9612
256,2019-05-15,20,12-17,baseline,467699.0476,2303387.3770,335.0000,0.8145
256,2019-05-15,20,12-17,corrected,761597.6483,2009313.8396,375.4010,0.8226
256,2019-05-15,20,18-44,baseline,772184.5340,17249101.3452,646.1429,0.3834
256,2019-05-15,20,18-44,corrected,1668780.7086,16352104.8829,769.2331,0.3914
256,2019-05-15,20,45-64,baseline,336755.8499,16539661.4463,168.7143,0.3307
256,2019-05-15,20,45-64,corrected,920644.1833,15955697.6859,183.6624,0.3325
256,2019-05-15,20,65+,baseline,96835.1076,9170155.9462,92.5714,0.3286
256,2019-05-15,20,65+,corrected,307885.8313,8959102.0605,92.5714,0.3194
257,2019-05-16,20,0-5,baseline,348502.6052,1441608.1881,549.1429,0.8078
257,2019-05-16,20,0-5,corrected,849230.2405,940720.3812,598.8403,0.8126
257,2019-05-16,20,6-11,baseline,682936.5598,2022464.6559,748.0000,0.9208
257,2019-05-16,20,6-11,corrected,1256369.8531,1448807.1678,815.6940,0.9300
257,2019-05-16,20,12-17,baseline,467973.2087,2303223.2162,326.7143,0.7945
257,2019-05-16,20,12-17,corrected,761848.1805,2009138.7204,366.1160,0.8012
257,2019-05-16,20,18-44,baseline,772877.3588,17248568.3418,608.2857,0.3731
257,2019-05-16,20,18-44,corrected,1669525.7962,16351551.7760,724.1641,0.3793
257,2019-05-16,20,45-64,baseline,336906.2830,16539564.0059,163.1429,0.3230
257,2019-05-16,20,45-64,corrected,920789.1836,15955632.6279,177.5973,0.3234
257,2019-05-16,20,65+,baseline,96915.4790,9170084.0192,90.0000,0.3213
257,2019-05-16,20,65+,corrected,307988.2283,8959012.2391,90.0000,0.3117
258,2019-05-17,20,0-5,baseline,348999.6766,1441271.9501,485.1429,0.7912
258,2019-05-17,20,0-5,corrected,849775.8253,940322.0899,529.0483,0.7917
258,2019-05-17,20,6-11,baseline,683547.6600,2022081.6319,641.8571,0.9057
258,2019-05-17,20,6-11,corrected,1257125.8068,1448262.8196,699.9452,0.9063
258,2019-05-17,20,12-17,baseline,468264.2185,2302965.5770,280.7143,0.7833
258,2019-05-17,20,12-17,corrected,762135.4646,2008939.0999,314.5684,0.7844
258,2019-05-17,20,18-44,baseline,773325.8509,17248268.7583,533.2857,0.3673
258,2019-05-17,20,18-44,corrected,1670117.6598,16351187.6255,634.8766,0.3713
258,2019-05-17,20,45-64,baseline,337100.7754,16539373.6336,143.8571,0.3189
258,2019-05-17,20,45-64,corrected,920966.0844,15955488.3830,156.6029,0.3184
258,2019-05-17,20,65+,baseline,96989.3987,9170039.2996,82.1429,0.3185
258,2019-05-17,20,65+,corrected,308064.2126,8958952.9040,82.1429,0.3084
259,2019-05-18,20,0-5,baseline,349465.6765,1440924.2767,436.1429,0.7818
259,2019-05-18,20,0-5,corrected,850283.6324,939960.4799,475.6138,0.7822
259,2019-05-18,20,6-11,baseline,684030.3744,2021744.4582,557.4286,0.9016
259,2019-05-18,20,6-11,corrected,1257768.6521,1447881.0144,607.8759,0.8985
259,2019-05-18,20,12-17,baseline,468470.4122,2302818.3278,251.8571,0.7837
259,2019-05-18,20,12-17,corrected,762390.5040,2008790.3175,282.2311,0.7853
259,2019-05-18,20,18-44,baseline,773952.8391,17247799.7973,480.8571,0.3654
259,2019-05-18,20,18-44,corrected,1670702.4244,16350770.9899,572.4604,0.3698
259,2019-05-18,20,45-64,baseline,337206.2832,16539296.1897,133.0000,0.3186
259,2019-05-18,20,45-64,corrected,921009.9140,15955454.1392,144.7838,0.3181
259,2019-05-18,20,65+,baseline,97070.0478,9169972.4061,73.1429,0.3195
259,2019-05-18,20,65+,corrected,308149.3248,8958879.3655,73.1429,0.3097
260,2019-05-19,21,0-5,baseline,349883.6394,1440637.6191,389.1429,0.7783
260,2019-05-19,21,0-5,corrected,850749.1194,939683.3578,424.3603,0.7818
260,2019-05-19,21,6-11,baseline,684589.0953,2021345.1771,493.7143,0.9030
260,2019-05-19,21,6-11,corrected,1258320.1354,1447502.1349,538.3954,0.9019
260,2019-05-19,21,12-17,baseline,468628.4342,2302659.2196,232.8571,0.7925
260,2019-05-19,21,12-17,corrected,762568.4803,2008686.5999,260.9397,0.7935
260,2019-05-19,21,18-44,baseline,774315.3842,17247592.1123,431.8571,0.3676
260,2019-05-19,21,18-44,corrected,1671213.5395,16350450.3335,514.1259,0.3729
260,2019-05-19,21,45-64,baseline,337251.6888,16539337.1073,123.5714,0.3223
260,2019-05-19,21,45-64,corrected,921203.5823,15955324.8185,134.5199,0.3225
260,2019-05-19,21,65+,baseline,97130.6653,9169933.1620,67.7143,0.3253
260,2019-05-19,21,65+,corrected,308246.6483,8958806.4867,67.7143,0.3154
261,2019-05-20,21,0-5,baseline,350237.9653,1440402.5128,355.1429,0.7788
261,2019-05-20,21,0-5,corrected,851222.2079,939360.3322,387.2833,0.7844
261,2019-05-20,21,6-11,baseline,685136.3525,2020991.0939,448.4286,0.9089
261,2019-05-20,21,6-11,corrected,1258764.6945,1447250.1431,489.0114,0.9123
261,2019-05-20,21,12-17,baseline,468874.5037,2302511.3300,206.0000,0.8057
261,2019-05-20,21,12-17,corrected,762791.4642,2008530.2289,230.8436,0.8081
261,2019-05-20,21,18-44,baseline,774703.5343,17247361.9345,385.0000,0.3722
261,2019-05-20,21,18-44,corrected,1671764.3760,16350062.7573,458.3425,0.3787
261,2019-05-20,21,45-64,baseline,337353.9246,16539258.4432,114.1429,0.3283
261,2019-05-20,21,45-64,corrected,921288.7957,15955293.8655,124.2559,0.3295
261,2019-05-20,21,65+,baseline,97194.5905,9169882.9760,62.7143,0.3338
261,2019-05-20,21,65+,corrected,308303.2405,8958761.2909,62.7143,0.3245
262,2019-05-21,21,0-5,baseline,350555.0284,1440182.9890,319.2857,0.7814
262,2019-05-21,21,0-5,corrected,851552.0570,939116.1510,348.1811,0.7915
262,2019-05-21,21,6-11,baseline,685550.5738,2020719.9561,396.7143,0.9227
262,2019-05-21,21,6-11,corrected,1259287.9484,1446898.7369,432.6169,0.9269
262,2019-05-21,21,12-17,baseline,469025.4472,2302464.8931,189.4286,0.8219
262,2019-05-21,21,12-17,corrected,763001.8780,2008384.5004,212.2737,0.8266
262,2019-05-21,21,18-44,baseline,775063.6066,17247111.8163,343.7143,0.3789
262,2019-05-21,21,18-44,corrected,1672147.4657,16349830.1458,409.1919,0.3873
262,2019-05-21,21,45-64,baseline,337374.4200,16539240.2788,105.8571,0.3365
262,2019-05-21,21,45-64,corrected,921403.5316,15955203.4271,115.2361,0.3387
262,2019-05-21,21,65+,baseline,97246.4272,9169839.6224,57.4286,0.3447
262,2019-05-21,21,65+,corrected,308360.6904,8958729.1838,57.4286,0.3355
263,2019-05-22,21,0-5,baseline,350865.1094,1439981.1069,295.8571,0.7893
263,2019-05-22,21,0-5,corrected,851851.4240,938920.8219,322.6322,0.7959
263,2019-05-22,21,6-11,baseline,685979.9953,2020439.2038,374.0000,0.9380
263,2019-05-22,21,6-11,corrected,1259642.0936,1446695.4696,407.8470,0.9398
263,2019-05-22,21,12-17,baseline,469061.0071,2302429.2886,180.0000,0.8375
263,2019-05-22,21,12-17,corrected,763251.6759,2008146.8158,201.7080,0.8406
263,2019-05-22,21,18-44,baseline,775321.0210,17246886.2596,323.1429,0.3873
263,2019-05-22,21,18-44,corrected,1672538.7517,16349564.3041,384.7016,0.3938
263,2019-05-22,21,45-64,baseline,337467.2764,16539188.9102,96.1429,0.3460
263,2019-05-22,21,45-64,corrected,921481.3324,15955138.9711,104.6611,0.3470
263,2019-05-22,21,65+,baseline,97322.1950,9169767.0602,54.5714,0.3576
263,2019-05-22,21,65+,corrected,308396.1534,8958699.4575,54.5714,0.3480
264,2019-05-23,21,0-5,baseline,351139.3606,1439792.9635,275.8571,0.7950
264,2019-05-23,21,0-5,corrected,852125.2008,938762.7946,300.8222,0.8007
264,2019-05-23,21,6-11,baseline,686307.0321,2020206.3513,353.5714,0.9519
264,2019-05-23,21,6-11,corrected,1260030.2246,1446426.9583,385.5696,0.9573
264,2019-05-23,21,12-17,baseline,469152.0738,2302387.2140,173.7143,0.8483
264,2019-05-23,21,12-17,corrected,763520.0202,2007986.1760,194.6642,0.8533
264,2019-05-23,21,18-44,baseline,775569.9116,17246800.2726,313.7143,0.3944
264,2019-05-23,21,18-44,corrected,1672847.8298,16349346.0743,373.4769,0.4012
264,2019-05-23,21,45-64,baseline,337543.1717,16539125.5114,93.7143,0.3551
264,2019-05-23,21,45-64,corrected,921602.6199,15955028.4659,102.0174,0.3561
264,2019-05-23,21,65+,baseline,97404.0170,9169705.8341,53.7143,0.3711
264,2019-05-23,21,65+,corrected,308463.6812,8958650.8863,53.7143,0.3604
265,2019-05-24,21,0-5,baseline,351387.9806,1439644.8343,236.5714,0.8031
265,2019-05-24,21,0-5,corrected,852384.8351,938611.3829,257.9811,0.8101
265,2019-05-24,21,6-11,baseline,686610.3879,2019945.8156,302.1429,0.9619
265,2019-05-24,21,6-11,corrected,1260367.5764,1446173.0811,329.4868,0.9713
265,2019-05-24,21,12-17,baseline,469193.8148,2302363.8890,160.4286,0.8539
265,2019-05-24,21,12-17,corrected,763812.5573,2007708.9454,179.7763,0.8623
265,2019-05-24,21,18-44,baseline,775819.3006,17246615.0705,272.8571,0.4014
265,2019-05-24,21,18-44,corrected,1673159.0148,16349095.1734,324.8364,0.4091
265,2019-05-24,21,45-64,baseline,337658.2163,16539039.6661,81.4286,0.3636
265,2019-05-24,21,45-64,corrected,921647.9317,15955033.2161,88.6431,0.3659
265,2019-05-24,21,65+,baseline,97451.5019,9169665.7542,48.4286,0.3838
265,2019-05-24,21,65+,corrected,308518.6107,8958607.1240,48.4286,0.3745
266,2019-05-25,21,0-5,baseline,351578.1237,1439520.8263,208.1429,0.8137
266,2019-05-25,21,0-5,corrected,852567.3841,938517.0008,226.9798,0.8187
266,2019-05-25,21,6-11,baseline,686965.3292,2019710.8351,272.7143,0.9786
266,2019-05-25,21,6-11,corrected,1260695.9546,1445943.2360,297.3949,0.9852
266,2019-05-25,21,12-17,baseline,469420.8658,2302203.2876,146.4286,0.8622
266,2019-05-25,21,12-17,corrected,764034.7517,2007553.6729,164.0879,0.8654
266,2019-05-25,21,18-44,baseline,776052.9596,17246465.6539,250.5714,0.4104
266,2019-05-25,21,18-44,corrected,1673437.4166,16348902.8177,298.3053,0.4167
266,2019-05-25,21,45-64,baseline,337763.9069,16538944.1754,76.0000,0.3743
266,2019-05-25,21,45-64,corrected,921778.8789,15954904.4176,82.7336,0.3747
266,2019-05-25,21,65+,baseline,97496.9721,9169630.1896,46.2857,0.3988
266,2019-05-25,21,65+,corrected,308541.4068,8958581.4514,46.2857,0.3870
267,2019-05-26,22,0-5,baseline,351787.5150,1439385.8620,190.2857,0.8208
267,2019-05-26,22,0-5,corrected,852760.1644,938375.0346,207.5066,0.8299
267,2019-05-26,22,6-11,baseline,687228.1864,2019535.4308,251.7143,0.9908
267,2019-05-26,22,6-11,corrected,1260962.3435,1445739.6201,274.4944,0.9969
267,2019-05-26,22,12-17,baseline,469496.1710,2302154.6741,134.8571,0.8640
267,2019-05-26,22,12-17,corrected,764147.6045,2007469.3588,151.1209,0.8671
267,2019-05-26,22,18-44,baseline,776282.4864,17246304.3505,228.4286,0.4172
267,2019-05-26,22,18-44,corrected,1673532.4149,16348912.0360,271.9442,0.4233
267,2019-05-26,22,45-64,baseline,337852.7330,16538871.9013,70.7143,0.3827
267,2019-05-26,22,45-64,corrected,921918.6235,15954784.7429,76.9796,0.3826
267,2019-05-26,22,65+,baseline,97543.5748,9169585.3657,47.1429,0.4111
267,2019-05-26,22,65+,corrected,308599.7024,8958533.7803,47.1429,0.3982
268,2019-05-27,22,0-5,baseline,351940.7095,1439276.8116,171.1429,0.8274
268,2019-05-27,22,0-5,corrected,852981.7512,938223.2080,186.6313,0.8358
268,2019-05-27,22,6-11,baseline,687541.0960,2019309.8341,232.5714,0.9978
268,2019-05-27,22,6-11,corrected,1261353.7032,1445398.7086,253.6191,1.0043
268,2019-05-27,22,12-17,baseline,469612.4387,2302066.5795,122.4286,0.8654
268,2019-05-27,22,12-17,corrected,764187.7931,2007485.4065,137.1935,0.8693
268,2019-05-27,22,18-44,baseline,776544.6526,17246092.5239,209.5714,0.4229
268,2019-05-27,22,18-44,corrected,1673695.2217,16348781.6161,249.4948,0.4283
268,2019-05-27,22,45-64,baseline,337895.3816,16538832.0341,67.2857,0.3899
268,2019-05-27,22,45-64,corrected,922004.4060,15954696.2203,73.2472,0.3895
268,2019-05-27,22,65+,baseline,97586.1518,9169554.6668,45.1429,0.4213
268,2019-05-27,22,65+,corrected,308640.0297,8958498.8316,45.1429,0.4076
269,2019-05-28,22,0-5,baseline,352048.0056,1439217.0543,152.2857,0.8297
269,2019-05-28,22,0-5,corrected,853197.3597,938061.9796,166.0676,0.8398
269,2019-05-28,22,6-11,baseline,687694.5295,2019196.4454,214.5714,0.9997
269,2019-05-28,22,6-11,corrected,1261657.9353,1445173.9861,233.9901,1.0076
269,2019-05-28,22,12-17,baseline,469717.9322,2302002.9113,111.5714,0.8607
269,2019-05-28,22,12-17,corrected,764345.9294,2007381.5611,125.0269,0.8629
269,2019-05-28,22,18-44,baseline,776891.0749,17245797.3996,188.8571,0.4248
269,2019-05-28,22,18-44,corrected,1673777.9530,16348790.0562,224.8344,0.4316
269,2019-05-28,22,45-64,baseline,337986.4236,16538752.3920,63.2857,0.3931
269,2019-05-28,22,45-64,corrected,922087.6003,15954630.1726,68.8928,0.3933
269,2019-05-28,22,65+,baseline,97634.6932,9169505.4182,42.1429,0.4270
269,2019-05-28,22,65+,corrected,308682.9483,8958470.8480,42.1429,0.4138
270,2019-05-29,22,0-5,baseline,352159.2344,1439185.4955,142.0000,0.8296
270,2019-05-29,22,0-5,corrected,853400.8505,937896.0727,154.8510,0.8340
270,2019-05-29,22,6-11,baseline,687969.5615,2018994.2143,194.7143,0.9943
270,2019-05-29,22,6-11,corrected,1261978.3227,1444917.0849,212.3359,1.0031
270,2019-05-29,22,12-17,baseline,469807.1118,2301961.6778,103.2857,0.8474
270,2019-05-29,22,12-17,corrected,764310.9253,2007411.7039,115.7420,0.8520
270,2019-05-29,22,18-44,baseline,777272.9490,17245472.2605,176.5714,0.4248
270,2019-05-29,22,18-44,corrected,1674093.5771,16348522.3343,210.2083,0.4307
270,2019-05-29,22,45-64,baseline,338005.3512,16538746.9401,61.4286,0.3942
270,2019-05-29,22,45-64,corrected,922160.6892,15954580.7327,66.8711,0.3935
270,2019-05-29,22,65+,baseline,97686.9100,9169471.0551,40.8571,0.4299
270,2019-05-29,22,65+,corrected,308714.8744,8958442.1650,40.8571,0.4153
271,2019-05-30,22,0-5,baseline,352253.8660,1439131.8676,135.7143,0.8224
271,2019-05-30,22,0-5,corrected,853543.1045,937812.5201,147.9964,0.8261
271,2019-05-30,22,6-11,baseline,688200.1424,2018829.5325,185.2857,0.9882
271,2019-05-30,22,6-11,corrected,1262223.5860,1444748.9714,202.0541,0.9950
271,2019-05-30,22,12-17,baseline,469836.0797,2301950.6770,96.8571,0.8355
271,2019-05-30,22,12-17,corrected,764237.7709,2007526.5356,108.5381,0.8389
271,2019-05-30,22,18-44,baseline,777555.0533,17245242.2425,167.8571,0.4226
271,2019-05-30,22,18-44,corrected,1674296.8984,16348362.1006,199.8339,0.4280
271,2019-05-30,22,45-64,baseline,338123.4801,16538660.6695,61.1429,0.3928
271,2019-05-30,22,45-64,corrected,922270.4764,15954467.2518,66.5601,0.3918
271,2019-05-30,22,65+,baseline,97722.6573,9169439.3523,39.7143,0.4306
271,2019-05-30,22,65+,corrected,308741.5145,8958421.0095,39.7143,0.4163
272,2019-05-31,22,0-5,baseline,352378.1405,1439046.3691,120.0000,0.8148
272,2019-05-31,22,0-5,corrected,853675.8071,937740.7180,130.8600,0.8202
272,2019-05-31,22,6-11,baseline,688369.4712,2018673.8913,167.2857,0.9764
272,2019-05-31,22,6-11,corrected,1262521.2661,1444483.5635,182.4251,0.9826
272,2019-05-31,22,12-17,baseline,469927.0296,2301882.9039,87.2857,0.8252
272,2019-05-31,22,12-17,corrected,764260.4841,2007533.0365,97.8124,0.8269
272,2019-05-31,22,18-44,baseline,777542.6523,17245247.2238,154.5714,0.4195
272,2019-05-31,22,18-44,corrected,1674487.9191,16348244.9427,184.0173,0.4251
272,2019-05-31,22,45-64,baseline,338231.0800,16538560.8567,59.2857,0.3905
272,2019-05-31,22,45-64,corrected,922316.3338,15954474.6541,64.5384,0.3896
272,2019-05-31,22,65+,baseline,97754.4249,9169414.9228,37.7143,0.4303
272,2019-05-31,22,65+,corrected,308780.2444,8958395.4227,37.7143,0.4161
273,2019-06-01,22,0-5,baseline,352468.4167,1438977.3665,110.4286,0.8121
273,2019-06-01,22,0-5,corrected,853855.4382,937572.7590,120.4224,0.8146
273,2019-06-01,22,6-11,baseline,688536.1713,2018576.5958,152.4286,0.9684
273,2019-06-01,22,6-11,corrected,1262559.5716,1444504.1881,166.2234,0.9761
273,2019-06-01,22,12-17,baseline,469990.9435,2301891.7133,77.7143,0.8172
273,2019-06-01,22,12-17,corrected,764258.3009,2007549.3049,87.0866,0.8186
273,2019-06-01,22,18-44,baseline,777583.1154,17245298.7817,143.8571,0.4187
273,2019-06-01,22,18-44,corrected,1674709.0453,16348069.4189,171.2619,0.4235
273,2019-06-01,22,45-64,baseline,338257.7428,16538555.3547,56.8571,0.3903
273,2019-06-01,22,45-64,corrected,922438.1478,15954333.1548,61.8947,0.3889
273,2019-06-01,22,65+,baseline,97793.5326,9169380.6545,36.8571,0.4314
273,2019-06-01,22,65+,corrected,308799.6780,8958372.0705,36.8571,0.4171
274,2019-06-02,23,0-5,baseline,352563.0975,1438925.8161,99.4286,0.8133
274,2019-06-02,23,0-5,corrected,853972.5376,937488.1669,108.4269,0.8200
274,2019-06-02,23,6-11,baseline,688677.1466,2018473.8669,136.1429,0.9645
274,2019-06-02,23,6-11,corrected,1262791.6491,1444343.5357,148.4638,0.9727
274,2019-06-02,23,12-17,baseline,470018.2256,2301881.1308,69.5714,0.8133
274,2019-06-02,23,12-17,corrected,764302.0870,2007552.0925,77.9617,0.8185
274,2019-06-02,23,18-44,baseline,777647.7835,17245221.9453,131.1429,0.4214
274,2019-06-02,23,18-44,corrected,1674879.1264,16347929.4663,156.1256,0.4269
274,2019-06-02,23,45-64,baseline,338311.9634,16538499.8718,52.0000,0.3939
274,2019-06-02,23,45-64,corrected,922522.9049,15954261.7612,56.6072,0.3925
274,2019-06-02,23,65+,baseline,97821.2402,9169356.4463,33.0000,0.4367
274,2019-06-02,23,65+,corrected,308844.6041,8958340.6502,33.0000,0.4222
275,2019-06-03,23,0-5,baseline,352669.0017,1438822.7349,86.1429,0.8237
275,2019-06-03,23,0-5,corrected,853998.9776,937501.7087,93.9388,0.8307
275,2019-06-03,23,6-11,baseline,688793.7132,2018408.5872,119.2857,0.9697
275,2019-06-03,23,6-11,corrected,1262923.3548,1444255.9589,130.0811,0.9769
275,2019-06-03,23,12-17,baseline,470083.3754,2301840.7371,59.8571,0.8209
275,2019-06-03,23,12-17,corrected,764371.0815,2007516.0059,67.0759,0.8254
275,2019-06-03,23,18-44,baseline,777747.2268,17245165.0874,112.8571,0.4308
275,2019-06-03,23,18-44,corrected,1675082.9398,16347757.5471,134.3564,0.4364
275,2019-06-03,23,45-64,baseline,338392.8105,16538423.5982,42.8571,0.4045
275,2019-06-03,23,45-64,corrected,922607.3059,15954215.7312,46.6543,0.4029
275,2019-06-03,23,65+,baseline,97854.5782,9169331.6545,27.7143,0.4494
275,2019-06-03,23,65+,corrected,308884.2855,8958303.1152,27.7143,0.4344
276,2019-06-04,23,0-5,baseline,352831.6533,1438722.9610,80.2857,0.8420
276,2019-06-04,23,0-5,corrected,854057.0045,937447.0123,87.5516,0.8484
276,2019-06-04,23,6-11,baseline,688904.2902,2018332.1588,111.4286,0.9804
276,2019-06-04,23,6-11,corrected,1262940.3259,1444236.8437,121.5129,0.9846
276,2019-06-04,23,12-17,baseline,470125.8639,2301813.8231,56.1429,0.8332
276,2019-06-04,23,12-17,corrected,764394.6653,2007504.9501,62.9137,0.8418
276,2019-06-04,23,18-44,baseline,777947.9333,17245023.1102,103.0000,0.4441
276,2019-06-04,23,18-44,corrected,1675262.3824,16347614.0790,122.6215,0.4500
276,2019-06-04,23,45-64,baseline,338446.9963,16538395.5029,39.0000,0.4192
276,2019-06-04,23,45-64,corrected,922613.1204,15954199.8457,42.4554,0.4176
276,2019-06-04,23,65+,baseline,97883.4170,9169311.1503,27.7143,0.4662
276,2019-06-04,23,65+,corrected,308914.2512,8958279.6397,27.7143,0.4491
277,2019-06-05,23,0-5,baseline,352899.3733,1438663.3987,71.4286,0.8660
277,2019-06-05,23,0-5,corrected,854114.7097,937399.0043,77.8929,0.8730
277,2019-06-05,23,6-11,baseline,688966.0887,2018300.4320,104.1429,0.9942
277,2019-06-05,23,6-11,corrected,1263031.7482,1444204.7747,113.5678,0.9984
277,2019-06-05,23,12-17,baseline,470164.6190,2301786.8560,50.4286,0.8553
277,2019-06-05,23,12-17,corrected,764519.6815,2007386.5885,56.5103,0.8645
277,2019-06-05,23,18-44,baseline,777986.6866,17244993.6833,94.2857,0.4617
277,2019-06-05,23,18-44,corrected,1675590.6425,16347315.9363,112.2471,0.4688
277,2019-06-05,23,45-64,baseline,338483.7415,16538358.4003,35.8571,0.4383
277,2019-06-05,23,45-64,corrected,922648.1924,15954181.2134,39.0341,0.4381
277,2019-06-05,23,65+,baseline,97908.0102,9169289.4910,26.4286,0.4852
277,2019-06-05,23,65+,corrected,308969.0324,8958230.2439,26.4286,0.4689
278,2019-06-06,23,0-5,baseline,352974.3371,1438600.1394,65.4286,0.8988
278,2019-06-06,23,0-5,corrected,854191.5341,937358.1895,71.3499,0.9011
278,2019-06-06,23,6-11,baseline,689069.2751,2018235.0714,99.5714,1.0132
278,2019-06-06,23,6-11,corrected,1263235.5722,1444053.8774,108.5826,1.0162
278,2019-06-06,23,12-17,baseline,470193.7396,2301763.2351,49.1429,0.8857
278,2019-06-06,23,12-17,corrected,764593.7328,2007338.3072,55.0695,0.8925
278,2019-06-06,23,18-44,baseline,778185.6336,17244789.7301,91.2857,0.4840
278,2019-06-06,23,18-44,corrected,1675614.1811,16347336.5346,108.6756,0.4905
278,2019-06-06,23,45-64,baseline,338519.6935,16538317.3224,35.0000,0.4628
278,2019-06-06,23,45-64,corrected,922696.8021,15954121.5688,38.1010,0.4620
278,2019-06-06,23,65+,baseline,97937.8108,9169261.6480,26.5714,0.5080
278,2019-06-06,23,65+,corrected,309022.7665,8958180.6005,26.5714,0.4916
279,2019-06-07,23,0-5,baseline,353011.2459,1438572.9337,59.7143,0.9314
279,2019-06-07,23,0-5,corrected,854266.6556,937307.5200,65.1184,0.9351
279,2019-06-07,23,6-11,baseline,689141.0595,2018176.7760,81.2857,1.0342
279,2019-06-07,23,6-11,corrected,1263163.1235,1444141.4922,88.6421,1.0431
279,2019-06-07,23,12-17,baseline,470214.5212,2301735.5503,38.0000,0.9206
279,2019-06-07,23,12-17,corrected,764556.9166,2007384.0378,42.5828,0.9273
279,2019-06-07,23,18-44,baseline,778285.7159,17244715.5626,85.1429,0.5072
279,2019-06-07,23,18-44,corrected,1675620.0412,16347320.9618,101.3626,0.5146
279,2019-06-07,23,45-64,baseline,338634.5788,16538205.0724,32.7143,0.4884
279,2019-06-07,23,45-64,corrected,922731.2389,15954093.7856,35.6128,0.4877
279,2019-06-07,23,65+,baseline,97958.8568,9169249.3908,25.1429,0.5319
279,2019-06-07,23,65+,corrected,309055.1795,8958155.4934,25.1429,0.5141
280,2019-06-08,23,0-5,baseline,353065.4563,1438527.0375,53.1429,0.9655
280,2019-06-08,23,0-5,corrected,854366.2450,937202.3413,57.9523,0.9708
280,2019-06-08,23,6-11,baseline,689235.9563,2018120.8930,70.5714,1.0653
280,2019-06-08,23,6-11,corrected,1263214.4318,1444116.1344,76.9581,1.0676
280,2019-06-08,23,12-17,baseline,470219.1285,2301767.3068,34.7143,0.9584
280,2019-06-08,23,12-17,corrected,764565.1635,2007394.3648,38.9008,0.9657
280,2019-06-08,23,18-44,baseline,778382.5845,17244617.3292,82.1429,0.5302
280,2019-06-08,23,18-44,corrected,1675717.4935,16347232.7900,97.7911,0.5378
280,2019-06-08,23,45-64,baseline,338592.9900,16538245.2084,32.0000,0.5145
280,2019-06-08,23,45-64,corrected,922696.8510,15954127.7279,34.8352,0.5141
280,2019-06-08,23,65+,baseline,97984.5002,9169227.9388,23.4286,0.5558
280,2019-06-08,23,65+,corrected,309072.5971,8958139.5348,23.4286,0.5399
281,2019-06-09,24,0-5,baseline,353119.2022,1438489.3734,48.7143,0.9926
281,2019-06-09,24,0-5,corrected,854462.6003,937140.2689,53.1229,1.0033
281,2019-06-09,24,6-11,baseline,689307.0513,2018065.1349,62.0000,1.0879
281,2019-06-09,24,6-11,corrected,1263331.1425,1444026.7414,67.6110,1.0915
281,2019-06-09,24,12-17,baseline,470304.4146,2301684.7918,32.0000,0.9944
281,2019-06-09,24,12-17,corrected,764621.1480,2007348.4635,35.8592,0.9987
281,2019-06-09,24,18-44,baseline,778473.0695,17244548.7467,78.5714,0.5495
281,2019-06-09,24,18-44,corrected,1676028.2207,16346971.6074,93.5393,0.5562
281,2019-06-09,24,45-64,baseline,338579.8298,16538269.5593,31.2857,0.5375
281,2019-06-09,24,45-64,corrected,922697.2396,15954137.9779,34.0576,0.5363
281,2019-06-09,24,65+,baseline,98022.7150,9169192.6568,22.7143,0.5780
281,2019-06-09,24,65+,corrected,309099.7832,8958116.2992,22.7143,0.5616
282,2019-06-10,24,0-5,baseline,353183.9258,1438436.5135,49.5714,1.0145
282,2019-06-10,24,0-5,corrected,854562.9028,937038.5056,54.0576,1.0270
282,2019-06-10,24,6-11,baseline,689390.5622,2018001.7402,62.5714,1.1067
282,2019-06-10,24,6-11,corrected,1263281.4534,1444088.3128,68.2341,1.1131
282,2019-06-10,24,12-17,baseline,470343.5654,2301646.9575,33.7143,1.0206
282,2019-06-10,24,12-17,corrected,764658.5137,2007324.8968,37.7802,1.0271
282,2019-06-10,24,18-44,baseline,778557.9209,17244522.9958,79.7143,0.5615
282,2019-06-10,24,18-44,corrected,1676212.7884,16346799.0979,94.8999,0.5699
282,2019-06-10,24,45-64,baseline,338616.2258,16538236.2980,37.5714,0.5540
282,2019-06-10,24,45-64,corrected,922762.0390,15954081.9456,40.9003,0.5529
282,2019-06-10,24,65+,baseline,98046.1278,9169164.9023,23.0000,0.5976
282,2019-06-10,24,65+,corrected,309121.7967,8958101.6366,23.0000,0.5798
283,2019-06-11,24,0-5,baseline,353227.5164,1438415.8828,44.2857,1.0335
283,2019-06-11,24,0-5,corrected,854609.4699,937006.5830,48.2936,1.0417
283,2019-06-11,24,6-11,baseline,689461.1277,2017938.8380,54.1429,1.1233
283,2019-06-11,24,6-11,corrected,1263407.7623,1443962.8374,59.0428,1.1290
283,2019-06-11,24,12-17,baseline,470371.7430,2301620.7101,27.2857,1.0455
283,2019-06-11,24,12-17,corrected,764693.5017,2007287.4672,30.5764,1.0514
283,2019-06-11,24,18-44,baseline,778519.6245,17244558.4986,75.5714,0.5704
283,2019-06-11,24,18-44,corrected,1676337.5396,16346679.5971,89.9678,0.5788
283,2019-06-11,24,45-64,baseline,338690.5059,16538160.0691,35.8571,0.5657
283,2019-06-11,24,45-64,corrected,922796.7922,15954043.6552,39.0341,0.5652
283,2019-06-11,24,65+,baseline,98068.0934,9169145.2445,18.8571,0.6134
283,2019-06-11,24,65+,corrected,309129.9138,8958093.1046,18.8571,0.5948
284,2019-06-12,24,0-5,baseline,353267.2154,1438371.8034,44.5714,1.0414
284,2019-06-12,24,0-5,corrected,854660.1047,936967.6761,48.6051,1.0455
284,2019-06-12,24,6-11,baseline,689482.0120,2017922.8844,51.2857,1.1358
284,2019-06-12,24,6-11,corrected,1263387.6738,1444005.9110,55.9271,1.1427
284,2019-06-12,24,12-17,baseline,470397.2165,2301606.0744,26.4286,1.0612
284,2019-06-12,24,12-17,corrected,764747.3751,2007250.3826,29.6159,1.0691
284,2019-06-12,24,18-44,baseline,778617.1652,17244491.8701,72.1429,0.5762
284,2019-06-12,24,18-44,corrected,1676410.1193,16346637.7026,85.8861,0.5828
284,2019-06-12,24,45-64,baseline,338671.3501,16538176.2538,35.2857,0.5743
284,2019-06-12,24,45-64,corrected,922806.1110,15954033.4815,38.4120,0.5727
284,2019-06-12,24,65+,baseline,98089.5939,9169128.5885,18.8571,0.6301
284,2019-06-12,24,65+,corrected,309149.6778,8958073.5367,18.8571,0.6094
285,2019-06-13,24,0-5,baseline,353300.2917,1438353.3502,43.2857,1.0471
285,2019-06-13,24,0-5,corrected,854762.6218,936864.1438,47.2031,1.0533
285,2019-06-13,24,6-11,baseline,689528.9227,2017884.2594,48.8571,1.1565
285,2019-06-13,24,6-11,corrected,1263453.9770,1443941.8294,53.2787,1.1590
285,2019-06-13,24,12-17,baseline,470419.6063,2301586.1388,25.8571,1.0803
285,2019-06-13,24,12-17,corrected,764777.9425,2007222.2259,28.9755,1.0843
285,2019-06-13,24,18-44,baseline,778806.8713,17244302.7720,70.5714,0.5809
285,2019-06-13,24,18-44,corrected,1676514.3783,16346523.1622,84.0153,0.5877
285,2019-06-13,24,45-64,baseline,338689.5705,16538175.5013,35.2857,0.5820
285,2019-06-13,24,45-64,corrected,922831.8611,15954015.0539,38.4120,0.5798
285,2019-06-13,24,65+,baseline,98110.4490,9169111.7342,18.8571,0.6453
285,2019-06-13,24,65+,corrected,309164.2359,8958056.4575,18.8571,0.6249
286,2019-06-14,24,0-5,baseline,353388.1450,1438255.7716,41.0000,1.0599
286,2019-06-14,24,0-5,corrected,854812.5351,936818.1318,44.7105,1.0636
286,2019-06-14,24,6-11,baseline,689721.0128,2017733.6053,41.8571,1.1814
286,2019-06-14,24,6-11,corrected,1263489.0642,1443933.4223,45.6452,1.1827
286,2019-06-14,24,12-17,baseline,470450.7042,2301558.1391,26.2857,1.0950
286,2019-06-14,24,12-17,corrected,764786.3006,2007217.6908,29.4558,1.0978
286,2019-06-14,24,18-44,baseline,778985.6451,17244139.5991,60.1429,0.5893
286,2019-06-14,24,18-44,corrected,1676597.7334,16346468.8508,71.6001,0.5943
286,2019-06-14,24,45-64,baseline,338738.8657,16538110.2376,33.5714,0.5914
286,2019-06-14,24,45-64,corrected,922868.1783,15953973.7582,36.5459,0.5882
286,2019-06-14,24,65+,baseline,98130.4362,9169090.9610,16.8571,0.6648
286,2019-06-14,24,65+,corrected,309191.0729,8958031.8856,16.8571,0.6425
287,2019-06-15,24,0-5,baseline,353438.9632,1438207.3961,39.4286,1.0698
287,2019-06-15,24,0-5,corrected,854875.3383,936771.9277,42.9969,1.0777
287,2019-06-15,24,6-11,baseline,689720.6113,2017722.7714,38.2857,1.2148
287,2019-06-15,24,6-11,corrected,1263449.3715,1443982.6816,41.7506,1.2196
287,2019-06-15,24,12-17,baseline,470501.0627,2301510.8522,24.7143,1.1107
287,2019-06-15,24,12-17,corrected,764787.4812,2007226.0023,27.6948,1.1157
287,2019-06-15,24,18-44,baseline,778922.2320,17244209.3244,54.1429,0.5992
287,2019-06-15,24,18-44,corrected,1676659.5851,16346425.0914,64.4571,0.6052
287,2019-06-15,24,45-64,baseline,338772.2879,16538077.7937,33.0000,0.6019
287,2019-06-15,24,45-64,corrected,922904.9687,15953929.3027,35.9238,0.5992
287,2019-06-15,24,65+,baseline,98124.9987,9169098.8273,17.7143,0.6853
287,2019-06-15,24,65+,corrected,309209.6185,8958015.9162,17.7143,0.6626
288,2019-06-16,25,0-5,baseline,353458.9915,1438206.2886,36.7143,1.0924
288,2019-06-16,25,0-5,corrected,854902.8526,936761.3033,40.0369,1.0976
288,2019-06-16,25,6-11,baseline,689761.6202,2017682.4939,36.5714,1.2593
288,2019-06-16,25,6-11,corrected,1263464.2742,1443958.1677,39.8811,1.2614
288,2019-06-16,25,12-17,baseline,470570.6407,2301440.6751,22.2857,1.1277
288,2019-06-16,25,12-17,corrected,764841.2292,2007178.3814,24.9734,1.1320
288,2019-06-16,25,18-44,baseline,778918.9952,17244226.8975,50.8571,0.6115
288,2019-06-16,25,18-44,corrected,1676760.8859,16346341.9566,60.5454,0.6184
288,2019-06-16,25,45-64,baseline,338776.1637,16538091.4493,32.0000,0.6134
288,2019-06-16,25,45-64,corrected,922922.6289,15953920.5368,34.8352,0.6118
288,2019-06-16,25,65+,baseline,98151.3292,9169075.4635,17.7143,0.7040
288,2019-06-16,25,65+,corrected,309212.0565,8958007.3767,17.7143,0.6819
289,2019-06-17,25,0-5,baseline,353512.2784,1438164.4271,33.8571,1.1158
289,2019-06-17,25,0-5,corrected,854906.8123,936744.0073,36.9212,1.1221
289,2019-06-17,25,6-11,baseline,689821.2732,2017645.3228,34.8571,1.3055
289,2019-06-17,25,6-11,corrected,1263484.6519,1443951.5856,38.0117,1.3084
289,2019-06-17,25,12-17,baseline,470580.9757,2301450.5519,20.1429,1.1477
289,2019-06-17,25,12-17,corrected,764858.8191,2007159.3730,22.5721,1.1503
289,2019-06-17,25,18-44,baseline,779027.8667,17244087.5870,51.1429,0.6248
289,2019-06-17,25,18-44,corrected,1676838.9323,16346277.8972,60.8856,0.6311
289,2019-06-17,25,45-64,baseline,338840.9449,16538027.0804,28.1429,0.6257
289,2019-06-17,25,45-64,corrected,922975.9830,15953870.4023,30.6363,0.6241
289,2019-06-17,25,65+,baseline,98183.3716,9169041.1561,18.4286,0.7220
289,2019-06-17,25,65+,corrected,309223.3451,8958002.6703,18.4286,0.6997
290,2019-06-18,25,0-5,baseline,353596.1263,1438086.4217,31.7143,1.1336
290,2019-06-18,25,0-5,corrected,854934.2923,936715.6078,34.5844,1.1429
290,2019-06-18,25,6-11,baseline,689766.2704,2017673.3539,34.0000,1.3478
290,2019-06-18,25,6-11,corrected,1263482.6725,1443948.9797,37.0770,1.3528
290,2019-06-18,25,12-17,baseline,470605.2003,2301427.2404,20.8571,1.1653
290,2019-06-18,25,12-17,corrected,764881.1743,2007135.0806,23.3725,1.1637
290,2019-06-18,25,18-44,baseline,779051.2656,17244085.3152,48.0000,0.6367
290,2019-06-18,25,18-44,corrected,1676912.6560,16346205.4250,57.1440,0.6425
290,2019-06-18,25,45-64,baseline,338847.5970,16538019.4199,28.2857,0.6364
290,2019-06-18,25,45-64,corrected,923045.4931,15953806.9239,30.7918,0.6335
290,2019-06-18,25,65+,baseline,98185.3774,9169043.7259,19.5714,0.7361
290,2019-06-18,25,65+,corrected,309241.6926,8957981.6639,19.5714,0.7132
291,2019-06-19,25,0-5,baseline,353638.8540,1438052.4714,28.5714,1.1515
291,2019-06-19,25,0-5,corrected,854980.1644,936672.7959,31.1571,1.1621
291,2019-06-19,25,6-11,baseline,689764.4507,2017676.0120,33.4286,1.3840
291,2019-06-19,25,6-11,corrected,1263511.7433,1443905.9580,36.4539,1.3966
291,2019-06-19,25,12-17,baseline,470591.5134,2301429.2346,20.2857,1.1766
291,2019-06-19,25,12-17,corrected,764903.5507,2007116.1425,22.7322,1.1779
291,2019-06-19,25,18-44,baseline,779070.5930,17244094.6569,47.2857,0.6457
291,2019-06-19,25,18-44,corrected,1676979.1161,16346154.8549,56.2936,0.6540
291,2019-06-19,25,45-64,baseline,338831.5156,16538037.3791,28.1429,0.6445
291,2019-06-19,25,45-64,corrected,923163.5994,15953699.0146,30.6363,0.6431
291,2019-06-19,25,65+,baseline,98221.2547,9169009.0357,20.2857,0.7449
291,2019-06-19,25,65+,corrected,309249.3207,8957969.6413,20.2857,0.7224
292,2019-06-20,25,0-5,baseline,353669.3210,1438015.8593,29.8571,1.1578
292,2019-06-20,25,0-5,corrected,855041.8352,936633.8999,32.5592,1.1679
292,2019-06-20,25,6-11,baseline,689802.8472,2017636.2332,34.1429,1.4104
292,2019-06-20,25,6-11,corrected,1263588.8310,1443844.2625,37.2328,1.4220
292,2019-06-20,25,12-17,baseline,470570.7378,2301459.6915,20.2857,1.1861
292,2019-06-20,25,12-17,corrected,764925.0461,2007101.1141,22.7322,1.1850
292,2019-06-20,25,18-44,baseline,779152.3841,17243983.7515,46.4286,0.6506
292,2019-06-20,25,18-44,corrected,1676996.2415,16346139.0309,55.2732,0.6578
292,2019-06-20,25,45-64,baseline,338853.2795,16538022.7348,27.8571,0.6483
292,2019-06-20,25,45-64,corrected,923208.3385,15953656.1008,30.3253,0.6459
292,2019-06-20,25,65+,baseline,98237.9954,9168991.1046,19.5714,0.7463
292,2019-06-20,25,65+,corrected,309254.4658,8957961.7997,19.5714,0.7245
293,2019-06-21,25,0-5,baseline,353649.8109,1438041.8944,31.1429,1.1531
293,2019-06-21,25,0-5,corrected,855073.6233,936599.2556,33.9613,1.1641
293,2019-06-21,25,6-11,baseline,689933.7289,2017526.5049,34.1429,1.4290
293,2019-06-21,25,6-11,corrected,1263635.3337,1443805.1631,37.2328,1.4386
293,2019-06-21,25,12-17,baseline,470587.1203,2301446.2516,19.0000,1.1873
293,2019-06-21,25,12-17,corrected,764934.6950,2007087.2959,21.2914,1.1883
293,2019-06-21,25,18-44,baseline,779202.8641,17243935.8914,45.5714,0.6507
293,2019-06-21,25,18-44,corrected,1677050.8994,16346083.9333,54.2528,0.6583
293,2019-06-21,25,45-64,baseline,338916.1487,16537952.9245,26.2857,0.6484
293,2019-06-21,25,45-64,corrected,923248.4311,15953611.1973,28.6146,0.6459
293,2019-06-21,25,65+,baseline,98254.6773,9168972.3000,20.0000,0.7445
293,2019-06-21,25,65+,corrected,309272.9953,8957945.0977,20.0000,0.7227
294,2019-06-22,25,0-5,baseline,353726.4937,1437965.4866,31.0000,1.1387
294,2019-06-22,25,0-5,corrected,855127.6168,936571.4318,33.8055,1.1477
294,2019-06-22,25,6-11,baseline,689920.2847,2017504.6618,34.5714,1.4298
294,2019-06-22,25,6-11,corrected,1263672.3781,1443764.5853,37.7001,1.4427
294,2019-06-22,25,12-17,baseline,470605.6895,2301430.1122,17.8571,1.1881
294,2019-06-22,25,12-17,corrected,764972.0975,2007042.8115,20.0107,1.1891
294,2019-06-22,25,18-44,baseline,779281.7647,17243891.9808,45.8571,0.6454
294,2019-06-22,25,18-44,corrected,1677311.0028,16345833.1745,54.5929,0.6549
294,2019-06-22,25,45-64,baseline,338913.1144,16537969.0549,25.7143,0.6437
294,2019-06-22,25,45-64,corrected,923263.8348,15953607.7573,27.9926,0.6434
294,2019-06-22,25,65+,baseline,98272.6058,9168954.4348,18.8571,0.7367
294,2019-06-22,25,65+,corrected,309290.4552,8957931.6540,18.8571,0.7165
295,2019-06-23,26,0-5,baseline,353743.2299,1437949.8153,28.7143,1.1129
295,2019-06-23,26,0-5,corrected,855163.0519,936531.3431,31.3129,1.1220
295,2019-06-23,26,6-11,baseline,690020.6652,2017421.3405,35.7143,1.4187
295,2019-06-23,26,6-11,corrected,1263749.9760,1443683.6810,38.9464,1.4353
295,2019-06-23,26,12-17,baseline,470523.4491,2301511.6741,17.5714,1.1840
295,2019-06-23,26,12-17,corrected,764995.7086,2007023.8164,19.6905,1.1889
295,2019-06-23,26,18-44,baseline,779289.0407,17243874.1383,44.5714,0.6372
295,2019-06-23,26,18-44,corrected,1677548.1344,16345602.8735,53.0623,0.6472
295,2019-06-23,26,45-64,baseline,338936.1306,16537949.2958,25.4286,0.6371
295,2019-06-23,26,45-64,corrected,923296.1506,15953572.6866,27.6815,0.6376
295,2019-06-23,26,65+,baseline,98294.8938,9168936.5491,18.0000,0.7266
295,2019-06-23,26,65+,corrected,309317.5833,8957909.9874,18.0000,0.7088
296,2019-06-24,26,0-5,baseline,353836.4319,1437852.7107,28.2857,1.0813
296,2019-06-24,26,0-5,corrected,855183.7746,936513.6973,30.8456,1.0892
296,2019-06-24,26,6-11,baseline,690141.0516,2017315.1223,35.5714,1.4046
296,2019-06-24,26,6-11,corrected,1263856.3772,1443584.0236,38.7906,1.4136
296,2019-06-24,26,12-17,baseline,470572.3303,2301460.0500,17.7143,1.1784
296,2019-06-24,26,12-17,corrected,765097.9261,2006917.5846,19.8506,1.1811
296,2019-06-24,26,18-44,baseline,779436.8729,17243750.6240,41.4286,0.6270
296,2019-06-24,26,18-44,corrected,1677653.6302,16345492.8066,49.3207,0.6356
296,2019-06-24,26,45-64,baseline,338959.5392,16537917.4555,26.2857,0.6278
296,2019-06-24,26,45-64,corrected,923401.5211,15953473.0664,28.6146,0.6273
296,2019-06-24,26,65+,baseline,98306.0814,9168919.7752,18.7143,0.7126
296,2019-06-24,26,65+,corrected,309310.6894,8957912.5307,18.7143,0.6944
297,2019-06-25,26,0-5,baseline,353874.5301,1437828.0113,28.0000,1.0468
297,2019-06-25,26,0-5,corrected,855190.4255,936500.9421,30.5340,1.0544
297,2019-06-25,26,6-11,baseline,690135.7640,2017304.4925,36.5714,1.3773
297,2019-06-25,26,6-11,corrected,1263837.2148,1443586.4143,39.8811,1.3896
297,2019-06-25,26,12-17,baseline,470587.4720,2301451.4482,16.8571,1.1702
297,2019-06-25,26,12-17,corrected,765164.2061,2006875.2892,18.8901,1.1750
297,2019-06-25,26,18-44,baseline,779523.6724,17243638.7377,41.1429,0.6145
297,2019-06-25,26,18-44,corrected,1677765.8003,16345382.0556,48.9806,0.6246
297,2019-06-25,26,45-64,baseline,338970.2576,16537904.9335,26.1429,0.6158
297,2019-06-25,26,45-64,corrected,923433.8598,15953440.7832,28.4591,0.6171
297,2019-06-25,26,65+,baseline,98309.3879,9168911.2103,19.0000,0.6958
297,2019-06-25,26,65+,corrected,309321.2254,8957903.8389,19.0000,0.6787
298,2019-06-26,26,0-5,baseline,353881.4558,1437815.4553,28.5714,1.0168
298,2019-06-26,26,0-5,corrected,855235.5392,936463.1711,31.1571,1.0218
298,2019-06-26,26,6-11,baseline,690210.1238,2017233.5856,37.1429,1.3498
298,2019-06-26,26,6-11,corrected,1263861.5901,1443579.8520,40.5043,1.3612
298,2019-06-26,26,12-17,baseline,470671.5370,2301372.3627,16.5714,1.1568
298,2019-06-26,26,12-17,corrected,765121.0821,2006907.6142,18.5699,1.1616
298,2019-06-26,26,18-44,baseline,779687.4520,17243506.0862,39.8571,0.6012
298,2019-06-26,26,18-44,corrected,1677708.1434,16345464.2574,47.4499,0.6103
298,2019-06-26,26,45-64,baseline,338985.4884,16537889.4636,26.0000,0.6023
298,2019-06-26,26,45-64,corrected,923460.4522,15953415.7155,28.3036,0.6043
298,2019-06-26,26,65+,baseline,98327.5431,9168900.7120,18.1429,0.6767
298,2019-06-26,26,65+,corrected,309343.8370,8957885.6447,18.1429,0.6622
299,2019-06-27,26,0-5,baseline,353848.7483,1437860.4552,26.8571,0.9914
299,2019-06-27,26,0-5,corrected,855265.6866,936443.6158,29.2877,0.9954
299,2019-06-27,26,6-11,baseline,690215.0628,2017215.2195,36.4286,1.3289
299,2019-06-27,26,6-11,corrected,1263898.2699,1443541.2533,39.7254,1.3348
299,2019-06-27,26,12-17,baseline,470697.5755,2301340.1144,16.5714,1.1451
299,2019-06-27,26,12-17,corrected,765095.1854,2006932.7082,18.5699,1.1514
299,2019-06-27,26,18-44,baseline,779777.6740,17243393.9963,39.7143,0.5909
299,2019-06-27,26,18-44,corrected,1677679.6020,16345473.6145,47.2799,0.5988
299,2019-06-27,26,45-64,baseline,339011.1408,16537870.1238,25.4286,0.5920
299,2019-06-27,26,45-64,corrected,923508.6753,15953361.6834,27.6815,0.5930
299,2019-06-27,26,65+,baseline,98361.0069,9168869.9305,18.1429,0.6606
299,2019-06-27,26,65+,corrected,309360.9965,8957873.1873,18.1429,0.6440
300,2019-06-28,26,0-5,baseline,353880.6640,1437833.5690,22.2857,0.9790
300,2019-06-28,26,0-5,corrected,855268.8293,936437.4680,24.3026,0.9819
300,2019-06-28,26,6-11,baseline,690283.9688,2017162.3801,37.2857,1.3173
300,2019-06-28,26,6-11,corrected,1264050.1905,1443380.1352,40.6601,1.3220
300,2019-06-28,26,12-17,baseline,470757.4065,2301285.7041,16.4286,1.1415
300,2019-06-28,26,12-17,corrected,765110.0177,2006922.9953,18.4099,1.1397
300,2019-06-28,26,18-44,baseline,779755.5839,17243441.3665,41.1429,0.5859
300,2019-06-28,26,18-44,corrected,1677572.7914,16345596.4176,48.9806,0.5922
300,2019-06-28,26,45-64,baseline,338986.4727,16537894.6396,24.7143,0.5872
300,2019-06-28,26,45-64,corrected,923517.4977,15953359.5062,26.9040,0.5859
300,2019-06-28,26,65+,baseline,98374.2282,9168858.2971,16.7143,0.6513
300,2019-06-28,26,65+,corrected,309374.7162,8957859.9028,16.7143,0.6326
301,2019-06-29,26,0-5,baseline,353896.6188,1437821.5578,20.0000,0.9786
301,2019-06-29,26,0-5,corrected,855262.0290,936447.2342,21.8100,0.9829
301,2019-06-29,26,6-11,baseline,690353.6122,2017097.4049,34.8571,1.3149
301,2019-06-29,26,6-11,corrected,1263987.2891,1443443.4105,38.0117,1.3181
301,2019-06-29,26,12-17,baseline,470758.8259,2301280.8350,17.2857,1.1383
301,2019-06-29,26,12-17,corrected,765133.8472,2006892.6116,19.3704,1.1361
301,2019-06-29,26,18-44,baseline,779789.6337,17243406.6064,37.0000,0.5856
301,2019-06-29,26,18-44,corrected,1677612.3549,16345562.9057,44.0485,0.5920
301,2019-06-29,26,45-64,baseline,339036.9922,16537854.4676,22.8571,0.5865
301,2019-06-29,26,45-64,corrected,923540.6672,15953338.7706,24.8823,0.5855
301,2019-06-29,26,65+,baseline,98388.5450,9168852.3887,16.0000,0.6468
301,2019-06-29,26,65+,corrected,309387.9925,8957846.8085,16.0000,0.6294
302,2019-06-30,27,0-5,baseline,353925.1251,1437792.9547,18.2857,0.9856
302,2019-06-30,27,0-5,corrected,855296.4969,936411.2952,19.9406,0.9960
302,2019-06-30,27,6-11,baseline,690477.8129,2016997.9313,32.5714,1.3208
302,2019-06-30,27,6-11,corrected,1264032.8725,1443403.9067,35.5191,1.3300
302,2019-06-30,27,12-17,baseline,470772.8069,2301263.4835,17.0000,1.1382
302,2019-06-30,27,12-17,corrected,765137.9749,2006905.8652,19.0502,1.1379
302,2019-06-30,27,18-44,baseline,779641.0209,17243543.2461,35.4286,0.5910
302,2019-06-30,27,18-44,corrected,1677521.5130,16345643.3127,42.1777,0.5985
302,2019-06-30,27,45-64,baseline,339057.8022,16537819.7748,21.4286,0.5915
302,2019-06-30,27,45-64,corrected,923618.7695,15953252.7208,23.3271,0.5908
302,2019-06-30,27,65+,baseline,98397.3756,9168839.7272,15.7143,0.6486
302,2019-06-30,27,65+,corrected,309403.4965,8957833.6803,15.7143,0.6311
303,2019-07-01,27,0-5,baseline,353952.5050,1437772.5345,17.7143,1.0047
303,2019-07-01,27,0-5,corrected,855318.6805,936390.1336,19.3174,1.0109
303,2019-07-01,27,6-11,baseline,690535.3601,2016923.9723,33.2857,1.3353
303,2019-07-01,27,6-11,corrected,1264137.7002,1443301.5684,36.2981,1.3431
303,2019-07-01,27,12-17,baseline,470761.4885,2301283.7042,15.7143,1.1465
303,2019-07-01,27,12-17,corrected,765152.6547,2006889.9604,17.6094,1.1456
303,2019-07-01,27,18-44,baseline,779614.4260,17243572.1850,36.2857,0.6012
303,2019-07-01,27,18-44,corrected,1677548.2580,16345604.7035,43.1981,0.6083
303,2019-07-01,27,45-64,baseline,339105.5873,16537783.3491,21.0000,0.6023
303,2019-07-01,27,45-64,corrected,923597.1264,15953282.6293,22.8606,0.6011
303,2019-07-01,27,65+,baseline,98415.7586,9168826.5296,14.4286,0.6569
303,2019-07-01,27,65+,corrected,309419.5975,8957820.9676,14.4286,0.6409
304,2019-07-02,27,0-5,baseline,354004.3267,1437717.2013,17.1429,1.0225
304,2019-07-02,27,0-5,corrected,855321.4248,936403.6394,18.6943,1.0321
304,2019-07-02,27,6-11,baseline,690494.6659,2016944.7210,32.5714,1.3554
304,2019-07-02,27,6-11,corrected,1264194.1259,1443254.3029,35.5191,1.3693
304,2019-07-02,27,12-17,baseline,470776.4152,2301269.0891,15.5714,1.1560
304,2019-07-02,27,12-17,corrected,765183.8495,2006861.0409,17.4493,1.1608
304,2019-07-02,27,18-44,baseline,779651.1264,17243533.9160,34.7143,0.6137
304,2019-07-02,27,18-44,corrected,1677603.8603,16345557.7580,41.3274,0.6224
304,2019-07-02,27,45-64,baseline,339131.9646,16537750.2378,20.4286,0.6157
304,2019-07-02,27,45-64,corrected,923723.0322,15953166.9134,22.2385,0.6161
304,2019-07-02,27,65+,baseline,98424.6449,9168817.0979,13.0000,0.6707
304,2019-07-02,27,65+,corrected,309434.4060,8957808.4859,13.0000,0.6555
305,2019-07-03,27,0-5,baseline,354022.8855,1437708.4881,16.1429,1.0408
305,2019-07-03,27,0-5,corrected,855301.2603,936427.7004,17.6038,1.0466
305,2019-07-03,27,6-11,baseline,690610.3355,2016859.4921,31.2857,1.3786
305,2019-07-03,27,6-11,corrected,1264162.6273,1443272.7849,34.1171,1.3935
305,2019-07-03,27,12-17,baseline,470771.6706,2301279.7844,15.7143,1.1686
305,2019-07-03,27,12-17,corrected,765207.3462,2006834.1028,17.6094,1.1765
305,2019-07-03,27,18-44,baseline,779901.3088,17243277.6248,33.7143,0.6272
305,2019-07-03,27,18-44,corrected,1677625.7895,16345541.1428,40.1369,0.6367
305,2019-07-03,27,45-64,baseline,339144.3487,16537741.8204,20.4286,0.6312
305,2019-07-03,27,45-64,corrected,923719.6849,15953162.8961,22.2385,0.6315
305,2019-07-03,27,65+,baseline,98438.6906,9168804.6299,12.5714,0.6895
305,2019-07-03,27,65+,corrected,309461.0638,8957779.1564,12.5714,0.6734
306,2019-07-04,27,0-5,baseline,354010.2704,1437714.4399,16.5714,1.0545
306,2019-07-04,27,0-5,corrected,855301.2497,936425.2040,18.0711,1.0614
306,2019-07-04,27,6-11,baseline,690646.1283,2016809.8012,31.4286,1.3969
306,2019-07-04,27,6-11,corrected,1264187.3573,1443251.4199,34.2729,1.4138
306,2019-07-04,27,12-17,baseline,470671.2350,2301371.7834,15.5714,1.1821
306,2019-07-04,27,12-17,corrected,765298.7139,2006741.9843,17.4493,1.1918
306,2019-07-04,27,18-44,baseline,780129.4743,17243068.2829,33.7143,0.6397
306,2019-07-04,27,18-44,corrected,1677688.5944,16345465.4867,40.1369,0.6499
306,2019-07-04,27,45-64,baseline,339217.8923,16537685.6883,21.0000,0.6453
306,2019-07-04,27,45-64,corrected,923844.4201,15953043.7823,22.8606,0.6446
306,2019-07-04,27,65+,baseline,98453.8281,9168788.4991,12.4286,0.7083
306,2019-07-04,27,65+,corrected,309467.1697,8957775.7073,12.4286,0.6887
307,2019-07-05,27,0-5,baseline,354010.2528,1437726.1012,16.5714,1.0652
307,2019-07-05,27,0-5,corrected,855403.6027,936321.7419,18.0711,1.0721
307,2019-07-05,27,6-11,baseline,690668.4979,2016803.3284,31.7143,1.4149
307,2019-07-05,27,6-11,corrected,1264190.3750,1443272.3165,34.5844,1.4276
307,2019-07-05,27,12-17,baseline,470684.1928,2301364.6420,14.4286,1.1960
307,2019-07-05,27,12-17,corrected,765316.9222,2006725.4095,16.1687,1.2062
307,2019-07-05,27,18-44,baseline,780096.5004,17243095.9616,32.4286,0.6506
307,2019-07-05,27,18-44,corrected,1677866.5249,16345311.0990,38.6062,0.6590
307,2019-07-05,27,45-64,baseline,339186.1008,16537707.1686,22.8571,0.6563
307,2019-07-05,27,45-64,corrected,923876.1517,15953001.2107,24.8823,0.6548
307,2019-07-05,27,65+,baseline,98459.1753,9168786.6243,12.2857,0.7258
307,2019-07-05,27,65+,corrected,309508.3340,8957735.4176,12.2857,0.7030
308,2019-07-06,27,0-5,baseline,353992.8101,1437735.2633,16.2857,1.0698
308,2019-07-06,27,0-5,corrected,855440.8601,936296.5634,17.7596,1.0796
308,2019-07-06,27,6-11,baseline,690690.7593,2016774.5688,32.2857,1.4244
308,2019-07-06,27,6-11,corrected,1264191.7191,1443256.5228,35.2076,1.4311
308,2019-07-06,27,12-17,baseline,470696.4762,2301352.2719,12.7143,1.2117
308,2019-07-06,27,12-17,corrected,765289.4630,2006763.0810,14.2476,1.2229
308,2019-07-06,27,18-44,baseline,780196.0601,17243002.3451,33.8571,0.6573
308,2019-07-06,27,18-44,corrected,1677888.3653,16345288.4280,40.3069,0.6673
308,2019-07-06,27,45-64,baseline,339256.0262,16537640.5481,22.8571,0.6642
308,2019-07-06,27,45-64,corrected,923901.2135,15952980.9206,24.8823,0.6639
308,2019-07-06,27,65+,baseline,98476.9260,9168768.0097,12.2857,0.7409
308,2019-07-06,27,65+,corrected,309506.9836,8957734.4979,12.2857,0.7190
309,2019-07-07,28,0-5,baseline,353997.1957,1437736.1656,15.8571,1.0664
309,2019-07-07,28,0-5,corrected,855444.1940,936287.1708,17.2922,1.0823
309,2019-07-07,28,6-11,baseline,690726.7615,2016732.4194,33.0000,1.4234
309,2019-07-07,28,6-11,corrected,1264158.6720,1443306.6614,35.9865,1.4326
309,2019-07-07,28,12-17,baseline,470759.2683,2301290.7746,13.0000,1.2242
309,2019-07-07,28,12-17,corrected,765318.0204,2006731.5173,14.5678,1.2374
309,2019-07-07,28,18-44,baseline,780262.5816,17242941.7642,33.8571,0.6587
309,2019-07-07,28,18-44,corrected,1677917.1636,16345269.0038,40.3069,0.6713
309,2019-07-07,28,45-64,baseline,339245.6792,16537648.3551,22.4286,0.6667
309,2019-07-07,28,45-64,corrected,923900.8721,15952983.6301,24.4157,0.6682
309,2019-07-07,28,65+,baseline,98496.0194,9168747.2716,11.5714,0.7489
309,2019-07-07,28,65+,corrected,309513.1610,8957728.3131,11.5714,0.7275
310,2019-07-08,28,0-5,baseline,354023.0527,1437710.0959,14.7143,1.0643
310,2019-07-08,28,0-5,corrected,855484.9120,936245.7703,16.0459,1.0806
310,2019-07-08,28,6-11,baseline,690680.3605,2016757.3031,30.0000,1.4191
310,2019-07-08,28,6-11,corrected,1264134.2505,1443320.4281,32.7150,1.4257
310,2019-07-08,28,12-17,baseline,470772.4915,2301274.2716,13.5714,1.2302
310,2019-07-08,28,12-17,corrected,765292.2835,2006741.9753,15.2081,1.2434
310,2019-07-08,28,18-44,baseline,780335.4867,17242871.8986,32.1429,0.6589
310,2019-07-08,28,18-44,corrected,1677967.0814,16345215.3813,38.2661,0.6705
310,2019-07-08,28,45-64,baseline,339326.8379,16537561.4047,21.0000,0.6672
310,2019-07-08,28,45-64,corrected,923751.3633,15953132.1156,22.8606,0.6678
310,2019-07-08,28,65+,baseline,98510.2410,9168735.3055,13.2857,0.7553
310,2019-07-08,28,65+,corrected,309536.0120,8957709.0129,13.2857,0.7326
311,2019-07-09,28,0-5,baseline,354015.3314,1437723.6810,14.1429,1.0613
311,2019-07-09,28,0-5,corrected,855502.9795,936226.8009,15.4228,1.0725
311,2019-07-09,28,6-11,baseline,690681.4808,2016780.3673,30.0000,1.4053
311,2019-07-09,28,6-11,corrected,1264208.8154,1443246.2381,32.7150,1.4101
311,2019-07-09,28,12-17,baseline,470744.5249,2301305.6058,13.2857,1.2315
311,2019-07-09,28,12-17,corrected,765317.9562,2006725.3271,14.8880,1.2432
311,2019-07-09,28,18-44,baseline,780459.4527,17242738.7100,33.4286,0.6550
311,2019-07-09,28,18-44,corrected,1677894.8865,16345287.7491,39.7967,0.6649
311,2019-07-09,28,45-64,baseline,339381.2550,16537508.4792,21.5714,0.6626
311,2019-07-09,28,45-64,corrected,923766.1292,15953131.4649,23.4827,0.6631
311,2019-07-09,28,65+,baseline,98516.2341,9168727.6559,13.1429,0.7529
311,2019-07-09,28,65+,corrected,309523.9894,8957719.5709,13.1429,0.7317
312,2019-07-10,28,0-5,baseline,353999.2766,1437740.6143,13.4286,1.0557
312,2019-07-10,28,0-5,corrected,855575.0274,936165.2836,14.6439,1.0632
312,2019-07-10,28,6-11,baseline,690723.1743,2016748.6806,30.8571,1.3885
312,2019-07-10,28,6-11,corrected,1264221.0373,1443244.7884,33.6497,1.3925
312,2019-07-10,28,12-17,baseline,470809.9317,2301243.5187,13.5714,1.2261
312,2019-07-10,28,12-17,corrected,765320.2546,2006727.4790,15.2081,1.2396
312,2019-07-10,28,18-44,baseline,780508.7332,17242705.6655,33.5714,0.6484
312,2019-07-10,28,18-44,corrected,1677914.1337,16345263.0835,39.9668,0.6577
312,2019-07-10,28,45-64,baseline,339344.5918,16537542.8504,20.2857,0.6562
312,2019-07-10,28,45-64,corrected,923753.3338,15953139.4268,22.0830,0.6566
312,2019-07-10,28,65+,baseline,98538.8398,9168704.1190,13.1429,0.7477
312,2019-07-10,28,65+,corrected,309513.7597,8957732.3189,13.1429,0.7261
313,2019-07-11,28,0-5,baseline,354052.6544,1437683.0507,13.5714,1.0457
313,2019-07-11,28,0-5,corrected,855603.5034,936129.0768,14.7996,1.0532
313,2019-07-11,28,6-11,baseline,690787.7325,2016690.4275,31.2857,1.3707
313,2019-07-11,28,6-11,corrected,1264268.6029,1443198.6466,34.1171,1.3728
313,2019-07-11,28,12-17,baseline,470764.1198,2301283.2416,13.0000,1.2208
313,2019-07-11,28,12-17,corrected,765318.9631,2006717.7004,14.5678,1.2321
313,2019-07-11,28,18-44,baseline,780540.2336,17242673.6057,32.7143,0.6417
313,2019-07-11,28,18-44,corrected,1677944.9074,16345256.4951,38.9464,0.6493
313,2019-07-11,28,45-64,baseline,339355.6745,16537539.7607,20.2857,0.6490
313,2019-07-11,28,45-64,corrected,923730.5147,15953167.3501,22.0830,0.6483
313,2019-07-11,28,65+,baseline,98557.2247,9168684.3540,13.2857,0.7389
313,2019-07-11,28,65+,corrected,309518.6537,8957726.7759,13.2857,0.7171
314,2019-07-12,28,0-5,baseline,354083.8301,1437658.7839,13.1429,1.0355
314,2019-07-12,28,0-5,corrected,855663.0236,936078.6045,14.3323,1.0446
314,2019-07-12,28,6-11,baseline,690829.0040,2016642.5599,29.1429,1.3462
314,2019-07-12,28,6-11,corrected,1264393.9375,1443066.1710,31.7803,1.3540
314,2019-07-12,28,12-17,baseline,470830.0395,2301223.8952,14.1429,1.2086
314,2019-07-12,28,12-17,corrected,765295.9547,2006743.3154,15.8485,1.2236
314,2019-07-12,28,18-44,baseline,780496.3756,17242715.7677,31.7143,0.6315
314,2019-07-12,28,18-44,corrected,1677974.1777,16345227.7069,37.7559,0.6406
314,2019-07-12,28,45-64,baseline,339410.0631,16537492.6699,18.5714,0.6389
314,2019-07-12,28,45-64,corrected,923734.2336,15953162.7043,20.2169,0.6390
314,2019-07-12,28,65+,baseline,98555.8025,9168686.5759,15.0000,0.7254
314,2019-07-12,28,65+,corrected,309530.4011,8957712.0460,15.0000,0.7067
315,2019-07-13,28,0-5,baseline,354131.4445,1437609.7619,12.7143,1.0242
315,2019-07-13,28,0-5,corrected,855691.3522,936045.7696,13.8649,1.0308
315,2019-07-13,28,6-11,baseline,690865.2174,2016611.0533,27.8571,1.3295
315,2019-07-13,28,6-11,corrected,1264426.7145,1443037.8826,30.3782,1.3364
315,2019-07-13,28,12-17,baseline,470793.9045,2301249.6523,14.2857,1.1974
315,2019-07-13,28,12-17,corrected,765312.1629,2006730.1695,16.0086,1.2058
315,2019-07-13,28,18-44,baseline,780595.6475,17242616.5813,30.8571,0.6218
315,2019-07-13,28,18-44,corrected,1677936.6992,16345250.5931,36.7354,0.6286
315,2019-07-13,28,45-64,baseline,339413.3793,16537485.8837,18.8571,0.6296
315,2019-07-13,28,45-64,corrected,923769.3662,15953137.9284,20.5279,0.6275
315,2019-07-13,28,65+,baseline,98576.0753,9168664.3094,15.0000,0.7126
315,2019-07-13,28,65+,corrected,309543.2331,8957699.8193,15.0000,0.6924
316,2019-07-14,29,0-5,baseline,354151.3805,1437587.3651,12.5714,1.0148
316,2019-07-14,29,0-5,corrected,855705.8727,936035.3978,13.7091,1.0229
316,2019-07-14,29,6-11,baseline,690932.7638,2016556.9293,26.0000,1.3163
316,2019-07-14,29,6-11,corrected,1264364.6326,1443110.2348,28.3530,1.3284
316,2019-07-14,29,12-17,baseline,470801.2931,2301245.0173,14.0000,1.1828
316,2019-07-14,29,12-17,corrected,765334.7871,2006712.7614,15.6884,1.1945
316,2019-07-14,29,18-44,baseline,780605.5931,17242606.3369,31.1429,0.6122
316,2019-07-14,29,18-44,corrected,1677944.8670,16345237.6643,37.0756,0.6205
316,2019-07-14,29,45-64,baseline,339413.0528,16537479.9482,19.4286,0.6190
316,2019-07-14,29,45-64,corrected,923832.7228,15953060.5376,21.1499,0.6196
316,2019-07-14,29,65+,baseline,98578.3684,9168665.8487,14.2857,0.7004
316,2019-07-14,29,65+,corrected,309581.6260,8957666.9905,14.2857,0.6835
317,2019-07-15,29,0-5,baseline,354161.8825,1437575.6754,12.4286,1.0036
317,2019-07-15,29,0-5,corrected,855721.2786,936022.6773,13.5534,1.0096
317,2019-07-15,29,6-11,baseline,690958.1605,2016533.6847,27.1429,1.3058
317,2019-07-15,29,6-11,corrected,1264316.6424,1443170.4662,29.5993,1.3158
317,2019-07-15,29,12-17,baseline,470823.7522,2301223.3627,14.0000,1.1767
317,2019-07-15,29,12-17,corrected,765232.7174,2006811.0610,15.6884,1.1836
317,2019-07-15,29,18-44,baseline,780565.8228,17242653.7718,31.0000,0.6036
317,2019-07-15,29,18-44,corrected,1677993.7442,16345195.5383,36.9055,0.6107
317,2019-07-15,29,45-64,baseline,339378.5905,16537529.3028,19.4286,0.6119
317,2019-07-15,29,45-64,corrected,923818.2790,15953075.4727,21.1499,0.6107
317,2019-07-15,29,65+,baseline,98606.1730,9168636.8947,12.5714,0.6951
317,2019-07-15,29,65+,corrected,309598.7637,8957650.6470,12.5714,0.6744
318,2019-07-16,29,0-5,baseline,354183.8948,1437563.1384,12.2857,0.9915
318,2019-07-16,29,0-5,corrected,855734.1558,936010.1913,13.3976,0.9974
318,2019-07-16,29,6-11,baseline,690980.4955,2016505.7376,26.7143,1.3006
318,2019-07-16,29,6-11,corrected,1264364.4285,1443096.2803,29.1319,1.3056
318,2019-07-16,29,12-17,baseline,470881.9289,2301174.4827,13.2857,1.1711
318,2019-07-16,29,12-17,corrected,765296.3424,2006748.6842,14.8880,1.1763
318,2019-07-16,29,18-44,baseline,780673.0003,17242546.8089,28.5714,0.5962
318,2019-07-16,29,18-44,corrected,1678006.7109,16345207.7256,34.0143,0.6031
318,2019-07-16,29,45-64,baseline,339445.1523,16537467.7113,17.5714,0.6061
318,2019-07-16,29,45-64,corrected,923844.8757,15953054.3375,19.1283,0.6049
318,2019-07-16,29,65+,baseline,98625.1173,9168620.7455,12.1429,0.6907
318,2019-07-16,29,65+,corrected,309616.4510,8957631.0151,12.1429,0.6704
319,2019-07-17,29,0-5,baseline,354226.8029,1437521.6087,11.5714,0.9855
319,2019-07-17,29,0-5,corrected,855798.8377,935947.8350,12.6186,0.9929
319,2019-07-17,29,6-11,baseline,691012.1830,2016476.6783,25.4286,1.3071
319,2019-07-17,29,6-11,corrected,1264210.7233,1443275.3104,27.7299,1.3092
319,2019-07-17,29,12-17,baseline,470897.2804,2301152.1364,12.4286,1.1654
319,2019-07-17,29,12-17,corrected,765404.5187,2006640.7540,13.9275,1.1704
319,2019-07-17,29,18-44,baseline,780760.7822,17242465.2467,28.1429,0.5925
319,2019-07-17,29,18-44,corrected,1677981.8609,16345214.8092,33.5041,0.5983
319,2019-07-17,29,45-64,baseline,339447.6946,16537460.6781,17.8571,0.6049
319,2019-07-17,29,45-64,corrected,923858.1448,15953037.1933,19.4393,0.6013
319,2019-07-17,29,65+,baseline,98640.5558,9168609.1303,11.8571,0.6937
319,2019-07-17,29,65+,corrected,309629.3715,8957617.0809,11.8571,0.6699
320,2019-07-18,29,0-5,baseline,354205.4729,1437537.4744,10.8571,0.9876
320,2019-07-18,29,0-5,corrected,855852.0656,935893.5919,11.8397,0.9918
320,2019-07-18,29,6-11,baseline,691034.4369,2016449.1792,24.1429,1.3174
320,2019-07-18,29,6-11,corrected,1264132.5633,1443346.9511,26.3278,1.3196
320,2019-07-18,29,12-17,baseline,470852.2632,2301196.9745,12.5714,1.1648
320,2019-07-18,29,12-17,corrected,765296.6450,2006755.0701,14.0875,1.1686
320,2019-07-18,29,18-44,baseline,780835.3898,17242406.0720,28.7143,0.5925
320,2019-07-18,29,18-44,corrected,1678072.2100,16345150.0207,34.1844,0.5965
320,2019-07-18,29,45-64,baseline,339449.3434,16537454.4305,17.2857,0.6070
320,2019-07-18,29,45-64,corrected,923870.5828,15953029.2138,18.8172,0.6012
320,2019-07-18,29,65+,baseline,98647.6902,9168601.8168,11.8571,0.6997
320,2019-07-18,29,65+,corrected,309653.7321,8957595.4779,11.8571,0.6754
321,2019-07-19,29,0-5,baseline,354215.2957,1437526.8999,10.5714,0.9891
321,2019-07-19,29,0-5,corrected,855867.1290,935875.7093,11.5281,0.9939
321,2019-07-19,29,6-11,baseline,691047.4052,2016437.9634,22.5714,1.3370
321,2019-07-19,29,6-11,corrected,1264113.0227,1443370.4924,24.6141,1.3421
321,2019-07-19,29,12-17,baseline,470812.3428,2301245.7099,12.4286,1.1631
321,2019-07-19,29,12-17,corrected,765325.1470,2006714.1497,13.9275,1.1692
321,2019-07-19,29,18-44,baseline,780897.7693,17242336.4030,26.5714,0.5947
321,2019-07-19,29,18-44,corrected,1678082.6917,16345147.1806,31.6333,0.5998
321,2019-07-19,29,45-64,baseline,339503.4238,16537408.7863,16.2857,0.6109
321,2019-07-19,29,45-64,corrected,923878.7620,15953019.0395,17.7286,0.6070
321,2019-07-19,29,65+,baseline,98663.3225,9168583.8057,10.0000,0.7097
321,2019-07-19,29,65+,corrected,309679.6911,8957572.3786,10.0000,0.6867
322,2019-07-20,29,0-5,baseline,354205.6103,1437542.9538,10.8571,0.9962
322,2019-07-20,29,0-5,corrected,855879.0078,935864.8813,11.8397,1.0005
322,2019-07-20,29,6-11,baseline,691063.2945,2016424.7200,22.8571,1.3715
322,2019-07-20,29,6-11,corrected,1263951.8735,1443535.3762,24.9257,1.3680
322,2019-07-20,29,12-17,baseline,470768.4595,2301282.2600,12.7143,1.1596
322,2019-07-20,29,12-17,corrected,765407.9348,2006648.9774,14.2476,1.1718
322,2019-07-20,29,18-44,baseline,780911.4873,17242331.3504,24.2857,0.6035
322,2019-07-20,29,18-44,corrected,1677797.3885,16345433.4920,28.9121,0.6076
322,2019-07-20,29,45-64,baseline,339594.7633,16537309.7605,16.0000,0.6197
322,2019-07-20,29,45-64,corrected,923891.6382,15953009.9866,17.4176,0.6162
322,2019-07-20,29,65+,baseline,98672.5344,9168576.2073,11.1429,0.7248
322,2019-07-20,29,65+,corrected,309683.9326,8957563.8432,11.1429,0.6992
323,2019-07-21,30,0-5,baseline,354212.0175,1437533.0209,10.8571,1.0107
323,2019-07-21,30,0-5,corrected,855961.6105,935788.8694,11.8397,1.0131
323,2019-07-21,30,6-11,baseline,691090.8366,2016395.4429,22.2857,1.4041
323,2019-07-21,30,6-11,corrected,1263960.4590,1443539.4994,24.3026,1.4003
323,2019-07-21,30,12-17,baseline,470700.8441,2301353.0720,12.4286,1.1616
323,2019-07-21,30,12-17,corrected,765421.9416,2006634.0662,13.9275,1.1703
323,2019-07-21,30,18-44,baseline,781081.7481,17242159.0839,22.0000,0.6142
323,2019-07-21,30,18-44,corrected,1677470.8375,16345758.8965,26.1910,0.6199
323,2019-07-21,30,45-64,baseline,339670.0420,16537240.6425,15.5714,0.6298
323,2019-07-21,30,45-64,corrected,923888.0079,15953028.0795,16.9511,0.6272
323,2019-07-21,30,65+,baseline,98687.5429,9168562.8839,11.4286,0.7381
323,2019-07-21,30,65+,corrected,309706.8225,8957542.7534,11.4286,0.7136
324,2019-07-22,30,0-5,baseline,354193.3637,1437565.2712,10.4286,1.0293
324,2019-07-22,30,0-5,corrected,855974.0267,935770.6260,11.3724,1.0316
324,2019-07-22,30,6-11,baseline,691076.4054,2016420.9746,21.8571,1.4368
324,2019-07-22,30,6-11,corrected,1264000.4552,1443489.8713,23.8352,1.4376
324,2019-07-22,30,12-17,baseline,470732.3483,2301325.8080,12.1429,1.1567
324,2019-07-22,30,12-17,corrected,765352.1410,2006700.2331,13.6073,1.1718
324,2019-07-22,30,18-44,baseline,780948.2139,17242292.4472,20.2857,0.6253
324,2019-07-22,30,18-44,corrected,1677322.3259,16345913.8242,24.1501,0.6325
324,2019-07-22,30,45-64,baseline,339709.4431,16537203.4291,15.8571,0.6376
324,2019-07-22,30,45-64,corrected,923850.5706,15953045.7296,17.2621,0.6377
324,2019-07-22,30,65+,baseline,98696.7590,9168552.7040,11.2857,0.7468
324,2019-07-22,30,65+,corrected,309731.1234,8957517.2392,11.2857,0.7257
325,2019-07-23,30,0-5,baseline,354214.4408,1437541.9788,9.8571,1.0480
325,2019-07-23,30,0-5,corrected,855993.7954,935757.0612,10.7492,1.0523
325,2019-07-23,30,6-11,baseline,691054.0475,2016431.9243,22.2857,1.4622
325,2019-07-23,30,6-11,corrected,1264024.3170,1443457.1538,24.3026,1.4639
325,2019-07-23,30,12-17,baseline,470874.2695,2301189.4525,12.0000,1.1535
325,2019-07-23,30,12-17,corrected,765387.8175,2006669.1442,13.4472,1.1652
325,2019-07-23,30,18-44,baseline,780970.3076,17242272.3408,20.1429,0.6375
325,2019-07-23,30,18-44,corrected,1677134.4363,16346092.0818,23.9801,0.6451
325,2019-07-23,30,45-64,baseline,339765.2298,16537146.8968,15.4286,0.6458
325,2019-07-23,30,45-64,corrected,923926.7149,15952983.0880,16.7955,0.6457
325,2019-07-23,30,65+,baseline,98712.9901,9168539.3766,12.0000,0.7539
325,2019-07-23,30,65+,corrected,309752.9830,8957498.6015,12.0000,0.7330
326,2019-07-24,30,0-5,baseline,354228.7897,1437526.0822,10.2857,1.0703
326,2019-07-24,30,0-5,corrected,856035.0042,935716.2243,11.2166,1.0713
326,2019-07-24,30,6-11,baseline,691043.5607,2016448.7294,23.4286,1.4779
326,2019-07-24,30,6-11,corrected,1264049.2104,1443432.3835,25.5489,1.4848
326,2019-07-24,30,12-17,baseline,470869.6189,2301194.2613,12.2857,1.1479
326,2019-07-24,30,12-17,corrected,765372.0409,2006685.1354,13.7674,1.1579
326,2019-07-24,30,18-44,baseline,780960.2981,17242273.4097,20.0000,0.6482
326,2019-07-24,30,18-44,corrected,1677107.4167,16346114.3775,23.8100,0.6561
326,2019-07-24,30,45-64,baseline,339879.2054,16537042.4810,15.5714,0.6496
326,2019-07-24,30,45-64,corrected,923950.8628,15952963.4837,16.9511,0.6514
326,2019-07-24,30,65+,baseline,98729.8784,9168516.8318,11.8571,0.7534
326,2019-07-24,30,65+,corrected,309751.3415,8957499.2686,11.8571,0.7337
327,2019-07-25,30,0-5,baseline,354233.3398,1437524.1237,9.8571,1.0871
327,2019-07-25,30,0-5,corrected,856033.0040,935713.2607,10.7492,1.0887
327,2019-07-25,30,6-11,baseline,690990.4065,2016498.7963,24.5714,1.4772
327,2019-07-25,30,6-11,corrected,1263813.5066,1443678.1080,26.7951,1.4841
327,2019-07-25,30,12-17,baseline,470753.5682,2301313.1437,12.4286,1.1380
327,2019-07-25,30,12-17,corrected,765410.2485,2006656.1087,13.9275,1.1441
327,2019-07-25,30,18-44,baseline,781013.3792,17242230.2530,21.0000,0.6531
327,2019-07-25,30,18-44,corrected,1676946.7232,16346286.8419,25.0005,0.6618
327,2019-07-25,30,45-64,baseline,339902.6142,16537008.9029,15.7143,0.6486
327,2019-07-25,30,45-64,corrected,923977.8589,15952931.0067,17.1066,0.6511
327,2019-07-25,30,65+,baseline,98748.0113,9168500.0638,11.7143,0.7472
327,2019-07-25,30,65+,corrected,309751.6401,8957496.1151,11.7143,0.7299
328,2019-07-26,30,0-5,baseline,354249.0422,1437509.7253,8.4286,1.1005
328,2019-07-26,30,0-5,corrected,856067.4203,935685.2826,9.1914,1.1054
328,2019-07-26,30,6-11,baseline,690881.1029,2016604.0727,25.1429,1.4632
328,2019-07-26,30,6-11,corrected,1264068.8269,1443425.0234,27.4183,1.4769
328,2019-07-26,30,12-17,baseline,470742.9080,2301316.3600,10.2857,1.1298
328,2019-07-26,30,12-17,corrected,765439.5570,2006606.1503,11.5262,1.1393
328,2019-07-26,30,18-44,baseline,781034.4523,17242209.9132,22.0000,0.6548
328,2019-07-26,30,18-44,corrected,1676917.3067,16346302.2910,26.1910,0.6672
328,2019-07-26,30,45-64,baseline,339929.5757,16536986.9608,16.1429,0.6456
328,2019-07-26,30,45-64,corrected,923995.2791,15952918.8772,17.5731,0.6506
328,2019-07-26,30,65+,baseline,98758.8876,9168489.9158,11.5714,0.7382
328,2019-07-26,30,65+,corrected,309755.8092,8957497.2415,11.5714,0.7229
329,2019-07-27,30,0-5,baseline,354180.0028,1437569.4010,8.7143,1.1155
329,2019-07-27,30,0-5,corrected,856034.5392,935715.7783,9.5029,1.1212
329,2019-07-27,30,6-11,baseline,690872.3739,2016608.0376,25.8571,1.4486
329,2019-07-27,30,6-11,corrected,1263842.0572,1443643.1930,28.1972,1.4590
329,2019-07-27,30,12-17,baseline,470788.5760,2301274.2530,9.4286,1.1297
329,2019-07-27,30,12-17,corrected,765448.7483,2006604.0568,10.5657,1.1343
329,2019-07-27,30,18-44,baseline,781017.2036,17242221.5218,22.8571,0.6566
329,2019-07-27,30,18-44,corrected,1676932.1777,16346296.1576,27.2114,0.6681
329,2019-07-27,30,45-64,baseline,339912.8502,16537011.7813,15.4286,0.6433
329,2019-07-27,30,45-64,corrected,924015.8959,15952898.2305,16.7955,0.6465
329,2019-07-27,30,65+,baseline,98774.3871,9168477.9438,10.5714,0.7299
329,2019-07-27,30,65+,corrected,309769.1417,8957483.4017,10.5714,0.7144
330,2019-07-28,31,0-5,baseline,354157.6835,1437600.0185,8.5714,1.1246
330,2019-07-28,31,0-5,corrected,856035.3118,935715.6259,9.3471,1.1346
330,2019-07-28,31,6-11,baseline,690989.8350,2016506.3285,25.8571,1.4287
330,2019-07-28,31,6-11,corrected,1263836.5534,1443645.2993,28.1972,1.4406
330,2019-07-28,31,12-17,baseline,470906.0818,2301160.6535,8.8571,1.1354
330,2019-07-28,31,12-17,corrected,765424.7564,2006635.6279,9.9253,1.1372
330,2019-07-28,31,18-44,baseline,781034.0951,17242206.4546,23.8571,0.6550
330,2019-07-28,31,18-44,corrected,1676965.9514,16346254.3484,28.4019,0.6686
330,2019-07-28,31,45-64,baseline,339856.4132,16537064.4493,14.4286,0.6397
330,2019-07-28,31,45-64,corrected,924027.6925,15952885.7289,15.7069,0.6435
330,2019-07-28,31,65+,baseline,98794.7985,9168458.5015,11.0000,0.7192
330,2019-07-28,31,65+,corrected,309789.9218,8957461.8189,11.0000,0.7051
331,2019-07-29,31,0-5,baseline,354158.9344,1437590.6028,9.1429,1.1260
331,2019-07-29,31,0-5,corrected,856048.4866,935703.4747,9.9703,1.1355
331,2019-07-29,31,6-11,baseline,691150.7288,2016336.8201,25.1429,1.4092
331,2019-07-29,31,6-11,corrected,1263853.0931,1443630.2920,27.4183,1.4201
331,2019-07-29,31,12-17,baseline,470799.6989,2301267.2432,7.5714,1.1461
331,2019-07-29,31,12-17,corrected,765415.7229,2006650.5692,8.4845,1.1471
331,2019-07-29,31,18-44,baseline,780976.0173,17242254.5017,24.7143,0.6539
331,2019-07-29,31,18-44,corrected,1677001.8605,16346213.2992,29.4224,0.6672
331,2019-07-29,31,45-64,baseline,339898.8249,16537028.4080,13.0000,0.6384
331,2019-07-29,31,45-64,corrected,924048.3083,15952868.2278,14.1518,0.6413
331,2019-07-29,31,65+,baseline,98799.2529,9168452.1979,10.1429,0.7116
331,2019-07-29,31,65+,corrected,309802.3466,8957450.0839,10.1429,0.6951
332,2019-07-30,31,0-5,baseline,354150.9707,1437605.2680,9.5714,1.1246
332,2019-07-30,31,0-5,corrected,856058.2812,935693.7621,10.4376,1.1364
332,2019-07-30,31,6-11,baseline,691190.8003,2016307.9598,24.2857,1.3958
332,2019-07-30,31,6-11,corrected,1263833.0671,1443652.3221,26.4836,1.4045
332,2019-07-30,31,12-17,baseline,470798.3002,2301259.4669,7.8571,1.1655
332,2019-07-30,31,12-17,corrected,765421.6679,2006641.3906,8.8047,1.1690
332,2019-07-30,31,18-44,baseline,780956.6660,17242277.8330,25.2857,0.6538
332,2019-07-30,31,18-44,corrected,1677019.9362,16346196.8964,30.1026,0.6658
332,2019-07-30,31,45-64,baseline,339949.9685,16536975.5652,13.0000,0.6391
332,2019-07-30,31,45-64,corrected,924069.6147,15952842.5320,14.1518,0.6410
332,2019-07-30,31,65+,baseline,98815.3175,9168441.9162,9.7143,0.7067
332,2019-07-30,31,65+,corrected,309820.9529,8957430.2674,9.7143,0.6907
333,2019-07-31,31,0-5,baseline,354144.6295,1437609.1844,9.8571,1.1176
333,2019-07-31,31,0-5,corrected,856062.8646,935684.9037,10.7492,1.1349
333,2019-07-31,31,6-11,baseline,691212.2566,2016288.8212,22.1429,1.3889
333,2019-07-31,31,6-11,corrected,1263900.3939,1443585.7758,24.1468,1.4019
333,2019-07-31,31,12-17,baseline,470773.0280,2301293.8013,6.7143,1.1882
333,2019-07-31,31,12-17,corrected,765415.3514,2006647.5049,7.5240,1.1921
333,2019-07-31,31,18-44,baseline,780978.7642,17242254.5062,25.8571,0.6554
333,2019-07-31,31,18-44,corrected,1677051.2500,16346162.9990,30.7829,0.6669
333,2019-07-31,31,45-64,baseline,339915.4556,16537000.0256,12.4286,0.6433
333,2019-07-31,31,45-64,corrected,924074.1573,15952841.4154,13.5297,0.6435
333,2019-07-31,31,65+,baseline,98825.2051,9168430.1758,9.8571,0.7061
333,2019-07-31,31,65+,corrected,309822.9413,8957430.2777,9.8571,0.6893
334,2019-08-01,31,0-5,baseline,354109.0466,1437639.2151,10.1429,1.1137
334,2019-08-01,31,0-5,corrected,856044.8699,935709.9929,11.0608,1.1291
334,2019-08-01,31,6-11,baseline,691256.0112,2016252.3903,20.8571,1.3864
334,2019-08-01,31,6-11,corrected,1263930.8887,1443550.0192,22.7447,1.3979
334,2019-08-01,31,12-17,baseline,470761.8866,2301302.8248,6.7143,1.2111
334,2019-08-01,31,12-17,corrected,765407.9622,2006653.0339,7.5240,1.2220
334,2019-08-01,31,18-44,baseline,781033.3705,17242191.4479,24.4286,0.6592
334,2019-08-01,31,18-44,corrected,1677130.4178,16346088.4059,29.0822,0.6713
334,2019-08-01,31,45-64,baseline,339835.3820,16537084.7445,13.0000,0.6501
334,2019-08-01,31,45-64,corrected,924086.4197,15952832.0370,14.1518,0.6500
334,2019-08-01,31,65+,baseline,98833.7532,9168423.8006,10.0000,0.7093
334,2019-08-01,31,65+,corrected,309831.2769,8957420.7119,10.0000,0.6916
335,2019-08-02,31,0-5,baseline,354147.2306,1437610.7409,10.4286,1.1057
335,2019-08-02,31,0-5,corrected,856055.3930,935694.4291,11.3724,1.1199
335,2019-08-02,31,6-11,baseline,691252.3791,2016252.5315,21.4286,1.3913
335,2019-08-02,31,6-11,corrected,1263976.1661,1443519.2433,23.3679,1.4009
335,2019-08-02,31,12-17,baseline,470788.8114,2301276.6205,8.4286,1.2340
335,2019-08-02,31,12-17,corrected,765421.9705,2006640.8673,9.4451,1.2408
335,2019-08-02,31,18-44,baseline,781097.9900,17242133.5664,23.7143,0.6644
335,2019-08-02,31,18-44,corrected,1677190.3715,16346011.6813,28.2319,0.6755
335,2019-08-02,31,45-64,baseline,339857.0515,16537062.8896,12.1429,0.6592
335,2019-08-02,31,45-64,corrected,924100.9894,15952817.6376,13.2187,0.6577
335,2019-08-02,31,65+,baseline,98836.4489,9168421.8674,9.2857,0.7164
335,2019-08-02,31,65+,corrected,309836.8021,8957419.2204,9.2857,0.6967
336,2019-08-03,31,0-5,baseline,354112.4799,1437641.9298,10.0000,1.0913
336,2019-08-03,31,0-5,corrected,856084.5794,935662.2353,10.9050,1.1124
336,2019-08-03,31,6-11,baseline,691270.9617,2016237.3540,19.7143,1.3923
336,2019-08-03,31,6-11,corrected,1263985.6359,1443505.0620,21.4984,1.4045
336,2019-08-03,31,12-17,baseline,470799.4376,2301265.3555,8.5714,1.2438
336,2019-08-03,31,12-17,corrected,765433.5809,2006630.2988,9.6051,1.2483
336,2019-08-03,31,18-44,baseline,781221.0737,17242017.6745,24.1429,0.6682
336,2019-08-03,31,18-44,corrected,1677186.7657,16346028.7805,28.7421,0.6784
336,2019-08-03,31,45-64,baseline,340002.8390,16536921.7677,12.5714,0.6669
336,2019-08-03,31,45-64,corrected,924131.3228,15952781.9264,13.6853,0.6644
336,2019-08-03,31,65+,baseline,98852.1310,9168407.0538,8.2857,0.7236
336,2019-08-03,31,65+,corrected,309850.5776,8957409.7847,8.2857,0.7030
337,2019-08-04,32,0-5,baseline,354116.2733,1437636.1273,10.1429,1.0828
337,2019-08-04,32,0-5,corrected,856096.0170,935654.8656,11.0608,1.1014
337,2019-08-04,32,6-11,baseline,691349.8318,2016156.3301,20.0000,1.3919
337,2019-08-04,32,6-11,corrected,1263995.1339,1443502.2473,21.8100,1.4049
337,2019-08-04,32,12-17,baseline,470787.5598,2301276.1609,9.2857,1.2502
337,2019-08-04,32,12-17,corrected,765459.5749,2006603.5957,10.4056,1.2509
337,2019-08-04,32,18-44,baseline,781232.4340,17242007.3686,23.8571,0.6725
337,2019-08-04,32,18-44,corrected,1677448.3152,16345771.5161,28.4019,0.6803
337,2019-08-04,32,45-64,baseline,340020.1567,16536898.1055,12.5714,0.6745
337,2019-08-04,32,45-64,corrected,924152.0378,15952760.6902,13.6853,0.6692
337,2019-08-04,32,65+,baseline,98851.8557,9168410.4980,8.1429,0.7325
337,2019-08-04,32,65+,corrected,309840.1032,8957417.5741,8.1429,0.7083
338,2019-08-05,32,0-5,baseline,354090.3692,1437667.5827,10.4286,1.0715
338,2019-08-05,32,0-5,corrected,856114.2504,935637.2134,11.3724,1.0890
338,2019-08-05,32,6-11,baseline,691365.2255,2016145.0031,20.0000,1.3888
338,2019-08-05,32,6-11,corrected,1264031.1210,1443468.5241,21.8100,1.3958
338,2019-08-05,32,12-17,baseline,470716.0635,2301353.3903,10.1429,1.2449
338,2019-08-05,32,12-17,corrected,765498.2052,2006570.3329,11.3661,1.2466
338,2019-08-05,32,18-44,baseline,781256.0301,17241977.5965,23.4286,0.6733
338,2019-08-05,32,18-44,corrected,1677244.5811,16345968.5557,27.8917,0.6793
338,2019-08-05,32,45-64,baseline,340064.7439,16536849.3095,13.5714,0.6782
338,2019-08-05,32,45-64,corrected,924168.5063,15952746.6873,14.7739,0.6716
338,2019-08-05,32,65+,baseline,98862.2904,9168398.1008,8.4286,0.7388
338,2019-08-05,32,65+,corrected,309855.0711,8957406.2704,8.4286,0.7123
339,2019-08-06,32,0-5,baseline,354058.3333,1437701.7416,9.7143,1.0599
339,2019-08-06,32,0-5,corrected,856128.5438,935617.2181,10.5934,1.0790
339,2019-08-06,32,6-11,baseline,691383.4413,2016129.4196,19.8571,1.3783
339,2019-08-06,32,6-11,corrected,1264057.5543,1443441.2874,21.6542,1.3887
339,2019-08-06,32,12-17,baseline,470760.8370,2301305.9610,9.4286,1.2379
339,2019-08-06,32,12-17,corrected,765506.6768,2006560.0180,10.5657,1.2372
339,2019-08-06,32,18-44,baseline,781288.3366,17241948.2294,24.5714,0.6709
339,2019-08-06,32,18-44,corrected,1677494.4014,16345730.9194,29.2523,0.6781
339,2019-08-06,32,45-64,baseline,340071.2994,16536846.4078,13.8571,0.6796
339,2019-08-06,32,45-64,corrected,924186.7340,15952729.7236,15.0849,0.6733
339,2019-08-06,32,65+,baseline,98852.6612,9168407.4665,8.2857,0.7420
339,2019-08-06,32,65+,corrected,309862.6566,8957400.6327,8.2857,0.7161
340,2019-08-07,32,0-5,baseline,353979.0019,1437778.3524,8.7143,1.0465
340,2019-08-07,32,0-5,corrected,856157.6576,935591.3785,9.5029,1.0639
340,2019-08-07,32,6-11,baseline,691390.2940,2016118.5961,19.0000,1.3682
340,2019-08-07,32,6-11,corrected,1264060.8846,1443452.1427,20.7195,1.3792
340,2019-08-07,32,12-17,baseline,470747.5624,2301319.9753,9.8571,1.2269
340,2019-08-07,32,12-17,corrected,765526.7963,2006535.5554,11.0459,1.2284
340,2019-08-07,32,18-44,baseline,781297.8748,17241942.1456,24.0000,0.6661
340,2019-08-07,32,18-44,corrected,1677574.2752,16345648.9821,28.5720,0.6734
340,2019-08-07,32,45-64,baseline,340081.6211,16536839.8892,14.1429,0.6778
340,2019-08-07,32,45-64,corrected,924243.9794,15952683.7509,15.3959,0.6726
340,2019-08-07,32,65+,baseline,98869.5740,9168389.3245,8.2857,0.7429
340,2019-08-07,32,65+,corrected,309845.3219,8957416.6069,8.2857,0.7178
341,2019-08-08,32,0-5,baseline,353966.1498,1437782.6703,9.0000,1.0332
341,2019-08-08,32,0-5,corrected,856213.7290,935541.6659,9.8145,1.0526
341,2019-08-08,32,6-11,baseline,691407.9595,2016100.7015,19.1429,1.3621
341,2019-08-08,32,6-11,corrected,1264089.0199,1443415.9578,20.8753,1.3717
341,2019-08-08,32,12-17,baseline,470800.0444,2301264.2913,9.5714,1.2168
341,2019-08-08,32,12-17,corrected,765535.6560,2006530.0123,10.7257,1.2197
341,2019-08-08,32,18-44,baseline,781317.9386,17241930.7704,23.5714,0.6600
341,2019-08-08,32,18-44,corrected,1677319.6289,16345906.7164,28.0618,0.6685
341,2019-08-08,32,45-64,baseline,340082.9932,16536836.2559,13.5714,0.6749
341,2019-08-08,32,45-64,corrected,924275.2298,15952638.9391,14.7739,0.6709
341,2019-08-08,32,65+,baseline,98865.7059,9168392.0830,8.0000,0.7408
341,2019-08-08,32,65+,corrected,309850.7024,8957413.5346,8.0000,0.7173
342,2019-08-09,32,0-5,baseline,354040.2138,1437721.2212,8.8571,1.0329
342,2019-08-09,32,0-5,corrected,856216.1237,935539.4432,9.6587,1.0435
342,2019-08-09,32,6-11,baseline,691425.7514,2016088.9491,17.8571,1.3601
342,2019-08-09,32,6-11,corrected,1264119.1724,1443390.1049,19.4732,1.3708
342,2019-08-09,32,12-17,baseline,470786.0220,2301285.5666,8.2857,1.2146
342,2019-08-09,32,12-17,corrected,765549.2783,2006510.8931,9.2850,1.2156
342,2019-08-09,32,18-44,baseline,781521.3318,17241722.5116,24.1429,0.6586
342,2019-08-09,32,18-44,corrected,1677700.8230,16345515.5672,28.7421,0.6639
342,2019-08-09,32,45-64,baseline,340096.7760,16536818.5741,13.0000,0.6760
342,2019-08-09,32,45-64,corrected,924296.1336,15952619.5155,14.1518,0.6696
342,2019-08-09,32,65+,baseline,98870.1615,9168388.3169,8.7143,0.7418
342,2019-08-09,32,65+,corrected,309859.1959,8957399.5880,8.7143,0.7173
343,2019-08-10,32,0-5,baseline,354073.2365,1437685.8277,8.4286,1.0311
343,2019-08-10,32,0-5,corrected,856228.2271,935523.4797,9.1914,1.0425
343,2019-08-10,32,6-11,baseline,691443.0593,2016072.7154,17.7143,1.3634
343,2019-08-10,32,6-11,corrected,1264121.4618,1443389.0768,19.3174,1.3725
343,2019-08-10,32,12-17,baseline,470751.2592,2301322.9668,8.4286,1.2138
343,2019-08-10,32,12-17,corrected,765600.3868,2006460.9968,9.4451,1.2148
343,2019-08-10,32,18-44,baseline,781675.5754,17241570.2442,23.4286,0.6553
343,2019-08-10,32,18-44,corrected,1677720.3458,16345498.0762,27.8917,0.6596
343,2019-08-10,32,45-64,baseline,340102.5124,16536816.2582,14.0000,0.6757
343,2019-08-10,32,45-64,corrected,924329.4861,15952583.5715,15.2404,0.6679
343,2019-08-10,32,65+,baseline,98883.1860,9168375.9270,8.7143,0.7425
343,2019-08-10,32,65+,corrected,309892.1580,8957371.6011,8.7143,0.7179
344,2019-08-11,33,0-5,baseline,354071.6595,1437687.0522,8.1429,1.0374
344,2019-08-11,33,0-5,corrected,856287.5314,935469.6607,8.8798,1.0453
344,2019-08-11,33,6-11,baseline,691462.2209,2016056.4381,17.2857,1.3755
344,2019-08-11,33,6-11,corrected,1264139.5034,1443372.2544,18.8501,1.3802
344,2019-08-11,33,12-17,baseline,470721.0144,2301347.4850,8.2857,1.2198
344,2019-08-11,33,12-17,corrected,765609.3690,2006452.3433,9.2850,1.2203
344,2019-08-11,33,18-44,baseline,781757.3344,17241481.9339,23.8571,0.6549
344,2019-08-11,33,18-44,corrected,1677696.6745,16345531.3161,28.4019,0.6597
344,2019-08-11,33,45-64,baseline,340113.8941,16536804.0145,15.5714,0.6763
344,2019-08-11,33,45-64,corrected,924350.1435,15952557.9892,16.9511,0.6699
344,2019-08-11,33,65+,baseline,98886.5700,9168368.7473,9.0000,0.7442
344,2019-08-11,33,65+,corrected,309896.3837,8957366.8001,9.0000,0.7206
345,2019-08-12,33,0-5,baseline,354078.5259,1437679.5693,6.4286,1.0524
345,2019-08-12,33,0-5,corrected,856290.7173,935463.3232,7.0104,1.0608
345,2019-08-12,33,6-11,baseline,691476.1652,2016042.1165,15.1429,1.3979
345,2019-08-12,33,6-11,corrected,1264148.6343,1443364.3110,16.5133,1.3996
345,2019-08-12,33,12-17,baseline,470729.5545,2301336.6629,6.8571,1.2358
345,2019-08-12,33,12-17,corrected,765670.3750,2006402.7227,7.6841,1.2357
345,2019-08-12,33,18-44,baseline,781802.9887,17241449.1967,20.7143,0.6611
345,2019-08-12,33,18-44,corrected,1677786.6697,16345442.2649,24.6604,0.6658
345,2019-08-12,33,45-64,baseline,340119.0187,16536793.3111,13.7143,0.6850
345,2019-08-12,33,45-64,corrected,924366.1794,15952551.6720,14.9294,0.6781
345,2019-08-12,33,65+,baseline,98894.0161,9168363.9421,7.8571,0.7549
345,2019-08-12,33,65+,corrected,309906.8765,8957355.2428,7.8571,0.7293
346,2019-08-13,33,0-5,baseline,354090.4745,1437668.4797,7.2857,1.0750
346,2019-08-13,33,0-5,corrected,856345.1928,935414.7640,7.9451,1.0818
346,2019-08-13,33,6-11,baseline,691459.5859,2016047.4532,15.1429,1.4287
346,2019-08-13,33,6-11,corrected,1264186.5462,1443329.9444,16.5133,1.4240
346,2019-08-13,33,12-17,baseline,470757.4247,2301310.4625,8.1429,1.2560
346,2019-08-13,33,12-17,corrected,765629.8317,2006433.5617,9.1249,1.2556
346,2019-08-13,33,18-44,baseline,781829.3970,17241420.8226,19.5714,0.6718
346,2019-08-13,33,18-44,corrected,1677854.8074,16345384.7473,23.2998,0.6766
346,2019-08-13,33,45-64,baseline,340139.3901,16536771.3882,14.0000,0.6976
346,2019-08-13,33,45-64,corrected,924382.8805,15952537.2360,15.2404,0.6907
346,2019-08-13,33,65+,baseline,98914.6816,9168345.6804,7.7143,0.7701
346,2019-08-13,33,65+,corrected,309914.5083,8957347.6997,7.7143,0.7433
347,2019-08-14,33,0-5,baseline,354062.6955,1437699.6438,8.1429,1.0980
347,2019-08-14,33,0-5,corrected,856362.0604,935392.5962,8.8798,1.1061
347,2019-08-14,33,6-11,baseline,691508.8858,2016009.6520,16.1429,1.4576
347,2019-08-14,33,6-11,corrected,1264224.3279,1443288.9684,17.6038,1.4482
347,2019-08-14,33,12-17,baseline,470796.4329,2301273.7671,8.1429,1.2822
347,2019-08-14,33,12-17,corrected,765684.2663,2006390.8151,9.1249,1.2788
347,2019-08-14,33,18-44,baseline,781837.7769,17241413.3453,19.2857,0.6851
347,2019-08-14,33,18-44,corrected,1677830.5177,16345401.1284,22.9596,0.6878
347,2019-08-14,33,45-64,baseline,340146.0103,16536771.4686,13.5714,0.7134
347,2019-08-14,33,45-64,corrected,924388.2587,15952526.7826,14.7739,0.7054
347,2019-08-14,33,65+,baseline,98917.5927,9168343.9419,7.5714,0.7869
347,2019-08-14,33,65+,corrected,309907.5098,8957350.4686,7.5714,0.7600
348,2019-08-15,33,0-5,baseline,354084.1020,1437677.5235,7.0000,1.1273
348,2019-08-15,33,0-5,corrected,856371.2654,935383.0297,7.6335,1.1361
348,2019-08-15,33,6-11,baseline,691555.8888,2015958.4436,16.2857,1.4909
348,2019-08-15,33,6-11,corrected,1264258.7482,1443250.3345,17.7596,1.4808
348,2019-08-15,33,12-17,baseline,470830.5258,2301238.1090,8.2857,1.3006
348,2019-08-15,33,12-17,corrected,765699.1894,2006368.7201,9.2850,1.3050
348,2019-08-15,33,18-44,baseline,781865.7337,17241379.0972,19.2857,0.7012
348,2019-08-15,33,18-44,corrected,1677956.0237,16345286.4937,22.9596,0.7058
348,2019-08-15,33,45-64,baseline,340160.2217,16536755.0616,13.8571,0.7315
348,2019-08-15,33,45-64,corrected,924403.1840,15952512.1342,15.0849,0.7263
348,2019-08-15,33,65+,baseline,98910.9073,9168348.8712,8.1429,0.8077
348,2019-08-15,33,65+,corrected,309900.8346,8957358.2928,8.1429,0.7819
349,2019-08-16,33,0-5,baseline,354091.4808,1437672.2646,7.1429,1.1615
349,2019-08-16,33,0-5,corrected,856380.6252,935372.2975,7.7893,1.1714
349,2019-08-16,33,6-11,baseline,691572.7599,2015943.9523,16.7143,1.5178
349,2019-08-16,33,6-11,corrected,1264276.1919,1443231.9339,18.2269,1.5098
349,2019-08-16,33,12-17,baseline,470838.6018,2301231.2844,8.5714,1.3273
349,2019-08-16,33,12-17,corrected,765707.7288,2006361.0728,9.6051,1.3304
349,2019-08-16,33,18-44,baseline,781886.9493,17241362.8713,17.5714,0.7189
349,2019-08-16,33,18-44,corrected,1677978.0565,16345271.5504,20.9188,0.7246
349,2019-08-16,33,45-64,baseline,340174.8909,16536739.7280,14.8571,0.7529
349,2019-08-16,33,45-64,corrected,924417.6053,15952496.7966,16.1735,0.7480
349,2019-08-16,33,65+,baseline,98919.2374,9168339.2806,7.2857,0.8343
349,2019-08-16,33,65+,corrected,309909.6845,8957348.6872,7.2857,0.8090
350,2019-08-17,33,0-5,baseline,354098.4279,1437663.4529,7.1429,1.1950
350,2019-08-17,33,0-5,corrected,856390.1592,935364.0853,7.7893,1.1985
350,2019-08-17,33,6-11,baseline,691589.1622,2015921.0922,15.7143,1.5418
350,2019-08-17,33,6-11,corrected,1264294.3746,1443210.3812,17.1364,1.5367
350,2019-08-17,33,12-17,baseline,470846.4617,2301223.8974,7.8571,1.3504
350,2019-08-17,33,12-17,corrected,765716.3069,2006353.7129,8.8047,1.3525
350,2019-08-17,33,18-44,baseline,781908.1127,17241344.2236,18.1429,0.7370
350,2019-08-17,33,18-44,corrected,1677999.1700,16345250.7054,21.5991,0.7415
350,2019-08-17,33,45-64,baseline,340190.0134,16536720.3386,13.5714,0.7749
350,2019-08-17,33,45-64,corrected,924430.3240,15952479.9168,14.7739,0.7684
350,2019-08-17,33,65+,baseline,98927.8960,9168331.1712,7.0000,0.8601
350,2019-08-17,33,65+,corrected,309918.4305,8957342.3548,7.0000,0.8330
351,2019-08-18,34,0-5,baseline,354105.1779,1437653.0496,7.8571,1.2220
351,2019-08-18,34,0-5,corrected,856399.5993,935355.1110,8.5682,1.2236
351,2019-08-18,34,6-11,baseline,691605.8244,2015904.4238,16.0000,1.5611
351,2019-08-18,34,6-11,corrected,1264313.4301,1443191.6750,17.4480,1.5555
351,2019-08-18,34,12-17,baseline,470854.2164,2301215.9457,7.8571,1.3720
351,2019-08-18,34,12-17,corrected,765725.0857,2006344.9783,8.8047,1.3811
351,2019-08-18,34,18-44,baseline,781928.2855,17241322.5380,17.2857,0.7533
351,2019-08-18,34,18-44,corrected,1678019.9760,16345226.9337,20.5786,0.7577
351,2019-08-18,34,45-64,baseline,340205.8883,16536702.8855,13.2857,0.7930
351,2019-08-18,34,45-64,corrected,924446.1941,15952461.2903,14.4628,0.7879
351,2019-08-18,34,65+,baseline,98936.4575,9168320.8446,7.4286,0.8790
351,2019-08-18,34,65+,corrected,309926.7109,8957333.8336,7.4286,0.8545
352,2019-08-19,34,0-5,baseline,354113.0390,1437642.5427,9.1429,1.2460
352,2019-08-19,34,0-5,corrected,856408.9214,935345.8154,9.9703,1.2494
352,2019-08-19,34,6-11,baseline,691622.9182,2015888.9947,18.1429,1.5677
352,2019-08-19,34,6-11,corrected,1264332.4549,1443173.1977,19.7848,1.5705
352,2019-08-19,34,12-17,baseline,470861.9046,2301209.4330,9.4286,1.3933
352,2019-08-19,34,12-17,corrected,765732.9259,2006335.9639,10.5657,1.4070
352,2019-08-19,34,18-44,baseline,781948.1625,17241302.3842,19.1429,0.7655
352,2019-08-19,34,18-44,corrected,1678040.9438,16345204.8799,22.7896,0.7729
352,2019-08-19,34,45-64,baseline,340222.1599,16536690.2867,15.7143,0.8061
352,2019-08-19,34,45-64,corrected,924462.9400,15952442.4970,17.1066,0.8030
352,2019-08-19,34,65+,baseline,98944.9434,9168310.6670,9.1429,0.8919
352,2019-08-19,34,65+,corrected,309934.8289,8957324.4587,9.1429,0.8665
353,2019-08-20,34,0-5,baseline,354122.1248,1437633.1367,8.5714,1.2613
353,2019-08-20,34,0-5,corrected,856418.3117,935333.4321,9.3471,1.2690
353,2019-08-20,34,6-11,baseline,691640.0521,2015871.1298,17.7143,1.5694
353,2019-08-20,34,6-11,corrected,1264351.3052,1443152.7104,19.3174,1.5730
353,2019-08-20,34,12-17,baseline,470869.4377,2301201.7028,7.5714,1.4084
353,2019-08-20,34,12-17,corrected,765740.8564,2006327.7746,8.4845,1.4259
353,2019-08-20,34,18-44,baseline,781967.8485,17241279.5176,17.5714,0.7729
353,2019-08-20,34,18-44,corrected,1678062.0601,16345172.0920,20.9188,0.7812
353,2019-08-20,34,45-64,baseline,340238.0748,16536674.8941,17.0000,0.8104
353,2019-08-20,34,45-64,corrected,924480.3159,15952422.6858,18.5062,0.8089
353,2019-08-20,34,65+,baseline,98953.3517,9168302.7503,9.7143,0.8926
353,2019-08-20,34,65+,corrected,309942.6223,8957315.6643,9.7143,0.8675
354,2019-08-21,34,0-5,baseline,354131.8795,1437624.4530,8.4286,1.2797
354,2019-08-21,34,0-5,corrected,856428.2255,935320.2522,9.1914,1.2890
354,2019-08-21,34,6-11,baseline,691658.1726,2015855.7528,18.5714,1.5718
354,2019-08-21,34,6-11,corrected,1264369.6640,1443134.0430,20.2521,1.5798
354,2019-08-21,34,12-17,baseline,470876.9894,2301192.3630,7.7143,1.4283
354,2019-08-21,34,12-17,corrected,765748.9242,2006319.9598,8.6446,1.4462
354,2019-08-21,34,18-44,baseline,781988.5811,17241263.7449,17.2857,0.7788
354,2019-08-21,34,18-44,corrected,1678084.8427,16345144.0972,20.5786,0.7888
354,2019-08-21,34,45-64,baseline,340253.5555,16536660.4515,18.0000,0.8108
354,2019-08-21,34,45-64,corrected,924498.1556,15952403.4406,19.5948,0.8105
354,2019-08-21,34,65+,baseline,98963.8421,9168293.4635,10.2857,0.8859
354,2019-08-21,34,65+,corrected,309950.8147,8957304.4580,10.2857,0.8630
355,2019-08-22,34,0-5,baseline,354141.7983,1437616.7262,8.4286,1.2999
355,2019-08-22,34,0-5,corrected,856438.9127,935306.2336,9.1914,1.3082
355,2019-08-22,34,6-11,baseline,691676.6858,2015840.1757,18.7143,1.5763
355,2019-08-22,34,6-11,corrected,1264389.4723,1443114.9939,20.4079,1.5870
355,2019-08-22,34,12-17,baseline,470884.7731,2301184.5868,7.7143,1.4434
355,2019-08-22,34,12-17,corrected,765757.0574,2006310.6525,8.6446,1.4652
355,2019-08-22,34,18-44,baseline,782009.0577,17241242.1342,17.7143,0.7824
355,2019-08-22,34,18-44,corrected,1678109.0137,16345115.7647,21.0889,0.7943
355,2019-08-22,34,45-64,baseline,340268.8014,16536640.5753,17.8571,0.8072
355,2019-08-22,34,45-64,corrected,924516.7320,15952385.3155,19.4393,0.8085
355,2019-08-22,34,65+,baseline,98973.5388,9168283.4767,9.8571,0.8747
355,2019-08-22,34,65+,corrected,309959.9384,8957295.3541,9.8571,0.8542
356,2019-08-23,34,0-5,baseline,354150.3242,1437608.5720,10.1429,1.3096
356,2019-08-23,34,0-5,corrected,856450.4984,935294.5447,11.0608,1.3184
356,2019-08-23,34,6-11,baseline,691694.6975,2015822.0791,16.4286,1.5825
356,2019-08-23,34,6-11,corrected,1264407.9543,1443097.2033,17.9154,1.5946
356,2019-08-23,34,12-17,baseline,470892.7411,2301174.8607,8.4286,1.4594
356,2019-08-23,34,12-17,corrected,765765.3837,2006296.8006,9.4451,1.4845
356,2019-08-23,34,18-44,baseline,782026.9822,17241219.3778,20.8571,0.7838
356,2019-08-23,34,18-44,corrected,1678135.5269,16345086.8603,24.8304,0.7959
356,2019-08-23,34,45-64,baseline,340284.3098,16536617.6819,17.8571,0.8012
356,2019-08-23,34,45-64,corrected,924535.4467,15952367.7030,19.4393,0.8028
356,2019-08-23,34,65+,baseline,98981.9107,9168273.3880,9.7143,0.8622
356,2019-08-23,34,65+,corrected,309969.3215,8957287.7342,9.7143,0.8423
357,2019-08-24,34,0-5,baseline,354158.6478,1437597.0042,10.4286,1.3187
357,2019-08-24,34,0-5,corrected,856462.1699,935282.1009,11.3724,1.3286
357,2019-08-24,34,6-11,baseline,691709.6227,2015807.2628,16.5714,1.5894
357,2019-08-24,34,6-11,corrected,1264428.3876,1443078.3524,18.0711,1.6056
357,2019-08-24,34,12-17,baseline,470901.0989,2301163.6412,9.1429,1.4705
357,2019-08-24,34,12-17,corrected,765773.9522,2006280.8608,10.2455,1.4994
357,2019-08-24,34,18-44,baseline,782045.4868,17241191.5795,20.5714,0.7823
357,2019-08-24,34,18-44,corrected,1678164.6775,16345053.0818,24.4903,0.7973
357,2019-08-24,34,45-64,baseline,340302.4207,16536600.0785,18.8571,0.7922
357,2019-08-24,34,45-64,corrected,924553.8145,15952346.2108,20.5279,0.7979
357,2019-08-24,34,65+,baseline,98991.0666,9168262.8227,10.5714,0.8468
357,2019-08-24,34,65+,corrected,309978.8935,8957278.2229,10.5714,0.8322
358,2019-08-25,35,0-5,baseline,354166.3521,1437587.8736,10.2857,1.3260
358,2019-08-25,35,0-5,corrected,856474.2663,935269.9799,11.2166,1.3369
358,2019-08-25,35,6-11,baseline,691724.7532,2015785.2884,17.4286,1.5973
358,2019-08-25,35,6-11,corrected,1264446.2780,1443055.9827,19.0059,1.6181
358,2019-08-25,35,12-17,baseline,470910.1259,2301150.5401,9.4286,1.4826
358,2019-08-25,35,12-17,corrected,765782.9049,2006271.4191,10.5657,1.5099
358,2019-08-25,35,18-44,baseline,782065.3375,17241165.1059,22.7143,0.7804
358,2019-08-25,35,18-44,corrected,1678190.5128,16345021.0132,27.0414,0.7967
358,2019-08-25,35,45-64,baseline,340320.1123,16536580.4614,18.2857,0.7850
358,2019-08-25,35,45-64,corrected,924572.7396,15952322.3331,19.9058,0.7916
358,2019-08-25,35,65+,baseline,99001.0230,9168253.0954,9.2857,0.8365
358,2019-08-25,35,65+,corrected,309988.8559,8957267.3143,9.2857,0.8227
359,2019-08-26,35,0-5,baseline,354176.4793,1437576.5984,10.1429,1.3362
359,2019-08-26,35,0-5,corrected,856486.7513,935254.9708,11.0608,1.3452
359,2019-08-26,35,6-11,baseline,691740.6132,2015765.5691,17.8571,1.6072
359,2019-08-26,35,6-11,corrected,1264467.0489,1443033.2909,19.4732,1.6319
359,2019-08-26,35,12-17,baseline,470919.9813,2301137.4743,10.2857,1.4937
359,2019-08-26,35,12-17,corrected,765795.4746,2006261.0023,11.5262,1.5168
359,2019-08-26,35,18-44,baseline,782088.9848,17241138.7376,24.7143,0.7796
359,2019-08-26,35,18-44,corrected,1678218.6459,16344993.8170,29.4224,0.7963
359,2019-08-26,35,45-64,baseline,340340.1057,16536562.9238,17.5714,0.7807
359,2019-08-26,35,45-64,corrected,924591.4413,15952300.4614,19.1283,0.7878
359,2019-08-26,35,65+,baseline,99010.8393,9168243.2992,9.1429,0.8320
359,2019-08-26,35,65+,corrected,309998.0020,8957256.2055,9.1429,0.8174
360,2019-08-27,35,0-5,baseline,354186.0588,1437564.2205,10.0000,1.3450
360,2019-08-27,35,0-5,corrected,856499.7502,935241.4126,10.9050,1.3550
360,2019-08-27,35,6-11,baseline,691757.7078,2015743.6447,18.0000,1.6212
360,2019-08-27,35,6-11,corrected,1264487.1032,1443012.2265,19.6290,1.6439
360,2019-08-27,35,12-17,baseline,470930.5390,2301126.1931,10.8571,1.5012
360,2019-08-27,35,12-17,corrected,765809.8340,2006244.9595,12.1665,1.5203
360,2019-08-27,35,18-44,baseline,782113.5341,17241108.1794,25.1429,0.7791
360,2019-08-27,35,18-44,corrected,1678251.9410,16344961.4720,29.9326,0.7964
360,2019-08-27,35,45-64,baseline,340360.2832,16536541.9575,16.7143,0.7787
360,2019-08-27,35,45-64,corrected,924611.2798,15952282.0258,18.1952,0.7862
360,2019-08-27,35,65+,baseline,99020.8597,9168232.9202,8.4286,0.8314
360,2019-08-27,35,65+,corrected,310007.7389,8957246.2606,8.4286,0.8177
361,2019-08-28,35,0-5,baseline,354195.7619,1437552.0094,11.0000,1.3535
361,2019-08-28,35,0-5,corrected,856512.5390,935226.3444,11.9955,1.3595
361,2019-08-28,35,6-11,baseline,691777.3331,2015722.1618,17.7143,1.6366
361,2019-08-28,35,6-11,corrected,1264507.0048,1442991.0637,19.3174,1.6580
361,2019-08-28,35,12-17,baseline,470941.7192,2301109.9072,12.4286,1.5085
361,2019-08-28,35,12-17,corrected,765822.0703,2006234.1434,13.9275,1.5240
361,2019-08-28,35,18-44,baseline,782139.8507,17241078.3999,26.4286,0.7817
361,2019-08-28,35,18-44,corrected,1678279.4244,16344931.8808,31.4632,0.7971
361,2019-08-28,35,45-64,baseline,340379.8678,16536524.4281,16.7143,0.7798
361,2019-08-28,35,45-64,corrected,924633.9269,15952261.0089,18.1952,0.7858
361,2019-08-28,35,65+,baseline,99030.9302,9168222.1160,8.7143,0.8348
361,2019-08-28,35,65+,corrected,310018.4600,8957235.2559,8.7143,0.8199
362,2019-08-29,35,0-5,baseline,354205.2187,1437536.9932,12.8571,1.3609
362,2019-08-29,35,0-5,corrected,856525.7260,935208.6005,14.0207,1.3668
362,2019-08-29,35,6-11,baseline,691797.8840,2015699.3802,18.2857,1.6525
362,2019-08-29,35,6-11,corrected,1264528.9974,1442966.9968,19.9406,1.6723
362,2019-08-29,35,12-17,baseline,470954.0236,2301093.9327,12.4286,1.5160
362,2019-08-29,35,12-17,corrected,765836.2189,2006219.5274,13.9275,1.5267
362,2019-08-29,35,18-44,baseline,782167.8465,17241043.7185,26.2857,0.7851
362,2019-08-29,35,18-44,corrected,1678313.5250,16344897.1552,31.2931,0.8001
362,2019-08-29,35,45-64,baseline,340397.7716,16536508.4065,17.0000,0.7821
362,2019-08-29,35,45-64,corrected,924655.7748,15952239.5412,18.5062,0.7887
362,2019-08-29,35,65+,baseline,99041.1158,9168211.5534,8.7143,0.8379
362,2019-08-29,35,65+,corrected,310028.5543,8957224.1757,8.7143,0.8236
363,2019-08-30,35,0-5,baseline,354217.0705,1437521.2670,13.1429,1.3667
363,2019-08-30,35,0-5,corrected,856540.0553,935193.6341,14.3323,1.3720
363,2019-08-30,35,6-11,baseline,691819.9114,2015672.1097,20.7143,1.6619
363,2019-08-30,35,6-11,corrected,1264550.1201,1442938.2668,22.5889,1.6835
363,2019-08-30,35,12-17,baseline,470966.7087,2301076.7466,13.1429,1.5239
363,2019-08-30,35,12-17,corrected,765846.3576,2006201.5027,14.7279,1.5336
363,2019-08-30,35,18-44,baseline,782198.4205,17241008.6212,26.1429,0.7896
363,2019-08-30,35,18-44,corrected,1678343.6758,16344862.8972,31.1231,0.8040
363,2019-08-30,35,45-64,baseline,340415.3824,16536488.1172,19.0000,0.7863
363,2019-08-30,35,45-64,corrected,924676.7687,15952215.4499,20.6834,0.7926
363,2019-08-30,35,65+,baseline,99051.3785,9168200.3132,10.5714,0.8425
363,2019-08-30,35,65+,corrected,310038.6565,8957212.7989,10.5714,0.8282
364,2019-08-31,35,0-5,baseline,354230.6307,1437503.9083,14.0000,1.3745
364,2019-08-31,35,0-5,corrected,856554.9868,935175.4420,15.2670,1.3801
364,2019-08-31,35,6-11,baseline,691843.4468,2015637.1341,22.5714,1.6726
364,2019-08-31,35,6-11,corrected,1264572.3184,1442905.0766,24.6141,1.6916
364,2019-08-31,35,12-17,baseline,470980.7382,2301057.8085,13.5714,1.5317
364,2019-08-31,35,12-17,corrected,765857.0414,2006184.6188,15.2081,1.5410
364,2019-08-31,35,18-44,baseline,782227.3172,17240972.8139,27.8571,0.7958
364,2019-08-31,35,18-44,corrected,1678374.0217,16344830.4502,33.1639,0.8098
364,2019-08-31,35,45-64,baseline,340432.8221,16536469.6253,18.0000,0.7920
364,2019-08-31,35,45-64,corrected,924697.0824,15952188.4473,19.5948,0.7984
364,2019-08-31,35,65+,baseline,99062.0219,9168188.1907,10.5714,0.8483
364,2019-08-31,35,65+,corrected,310049.3237,8957201.2488,10.5714,0.8340
