day,date,wk,age_group,obs,dR_med,dR_lo,dR_hi,Rj_med,Rj_lo,Rj_hi,Rj_renewal
1,2009-08-30,36,0-5,423.7143,358.1498,335.5795,380.3094,1.6974,1.4007,2.0352,NA
1,2009-08-30,36,6-11,371.0000,289.1279,270.6637,316.5083,1.9292,1.6200,2.2646,NA
1,2009-08-30,36,12-17,519.0000,373.8197,356.4677,394.9040,1.9048,1.6077,2.1159,NA
1,2009-08-30,36,18-44,1162.5714,1072.6219,1033.6181,1115.4421,1.0324,0.8636,1.2244,NA
1,2009-08-30,36,45-64,504.1429,471.0109,447.9891,497.1806,0.9883,0.8335,1.1608,NA
1,2009-08-30,36,65+,721.1429,683.3054,651.3391,714.4803,1.1202,0.9209,1.3515,NA
2,2009-08-31,36,0-5,442.1429,376.9573,349.0144,407.6126,1.6685,1.4223,1.9515,7.3849
2,2009-08-31,36,6-11,391.0000,312.5189,286.6263,335.5676,1.9157,1.6536,2.2060,8.2114
2,2009-08-31,36,12-17,558.8571,411.3325,380.3783,422.3237,1.9615,1.6880,2.2446,8.1968
2,2009-08-31,36,18-44,1195.4286,1131.7411,1051.7971,1223.7173,0.9973,0.8651,1.1529,4.4018
2,2009-08-31,36,45-64,517.4286,490.5946,455.7208,535.1545,0.9568,0.8344,1.0951,4.3391
2,2009-08-31,36,65+,720.2857,683.1151,638.9302,732.5841,1.0905,0.9233,1.2773,5.3783
3,2009-09-01,36,0-5,455.8571,405.0434,362.5395,454.7640,1.5847,1.3605,1.8409,3.4570
3,2009-09-01,36,6-11,410.8571,346.9159,305.2811,386.6718,1.8282,1.5934,2.1050,3.8693
3,2009-09-01,36,12-17,592.8571,466.9468,416.3537,500.9516,1.9078,1.6389,2.2133,3.8661
3,2009-09-01,36,18-44,1249.2857,1194.5874,1063.3974,1346.8817,0.9426,0.8201,1.0811,2.0676
3,2009-09-01,36,45-64,533.4286,508.9724,450.7305,579.4368,0.9051,0.7933,1.0296,2.0333
3,2009-09-01,36,65+,731.1429,684.4258,613.8380,765.3390,1.0403,0.8929,1.2112,2.5061
4,2009-09-02,36,0-5,481.8571,436.7245,380.5955,498.1343,1.4786,1.2691,1.7228,2.4142
4,2009-09-02,36,6-11,429.7143,382.8638,329.2841,439.5967,1.7075,1.4869,1.9611,2.6814
4,2009-09-02,36,12-17,631.4286,535.1799,468.8000,599.2377,1.7818,1.5336,2.0618,2.6942
4,2009-09-02,36,18-44,1296.4286,1247.2619,1081.4724,1430.2122,0.8765,0.7646,1.0042,1.4300
4,2009-09-02,36,45-64,551.8571,522.0492,450.0583,607.2349,0.8434,0.7413,0.9577,1.4001
4,2009-09-02,36,65+,731.5714,689.2825,598.6651,794.8176,0.9804,0.8434,1.1421,1.7078
5,2009-09-03,36,0-5,493.1429,465.7924,400.0705,534.5596,1.3732,1.1795,1.6065,1.9301
5,2009-09-03,36,6-11,441.4286,417.0909,358.1199,486.3023,1.5882,1.3795,1.8276,2.1433
5,2009-09-03,36,12-17,645.8571,603.5634,525.4911,697.0409,1.6475,1.4172,1.9239,2.1402
5,2009-09-03,36,18-44,1320.7143,1301.4511,1113.9155,1502.5512,0.8159,0.7095,0.9386,1.1396
5,2009-09-03,36,45-64,555.8571,537.7359,461.7621,628.2731,0.7860,0.6892,0.8943,1.1131
5,2009-09-03,36,65+,732.7143,697.1322,601.4025,816.4461,0.9245,0.7904,1.0808,1.3566
6,2009-09-04,36,0-5,518.1429,487.5049,419.8342,561.5188,1.2783,1.0921,1.4933,1.7409
6,2009-09-04,36,6-11,476.7143,448.2725,387.5574,522.6754,1.4811,1.2833,1.7131,1.9541
6,2009-09-04,36,12-17,716.1429,664.4177,577.0604,771.0607,1.5310,1.3075,1.7920,1.9718
6,2009-09-04,36,18-44,1408.2857,1355.6801,1167.1256,1564.4400,0.7601,0.6615,0.8761,1.0275
6,2009-09-04,36,45-64,566.5714,553.1813,475.4615,643.5694,0.7356,0.6447,0.8391,0.9940
6,2009-09-04,36,65+,726.7143,706.7145,609.7868,827.1725,0.8743,0.7486,1.0270,1.1892
7,2009-09-05,36,0-5,509.1429,501.8155,433.7613,575.6076,1.2032,1.0233,1.4138,1.5406
7,2009-09-05,36,6-11,476.0000,473.2802,409.8859,549.3584,1.4018,1.2102,1.6235,1.7387
7,2009-09-05,36,12-17,724.8571,713.4909,621.3300,829.0671,1.4482,1.2358,1.7029,1.7606
7,2009-09-05,36,18-44,1404.0000,1397.1128,1208.6048,1613.4604,0.7205,0.6277,0.8324,0.9150
7,2009-09-05,36,45-64,562.8571,567.0058,488.0152,657.8295,0.6998,0.6127,0.7993,0.8863
7,2009-09-05,36,65+,713.0000,714.4502,619.3756,832.9364,0.8407,0.7151,0.9935,1.0599
8,2009-09-06,37,0-5,504.7143,507.3226,440.1986,584.5283,1.1596,0.9862,1.3618,1.4268
8,2009-09-06,37,6-11,482.0000,489.7648,425.4856,568.3544,1.3540,1.1673,1.5656,1.6206
8,2009-09-06,37,12-17,730.5714,748.3674,650.2728,872.2760,1.3911,1.1902,1.6345,1.6311
8,2009-09-06,37,18-44,1407.8571,1429.4520,1245.3859,1658.0488,0.6994,0.6107,0.8041,0.8513
8,2009-09-06,37,45-64,563.1429,576.0762,495.4776,665.1166,0.6801,0.5970,0.7749,0.8257
8,2009-09-06,37,65+,711.4286,720.9326,625.3294,837.6615,0.8226,0.7002,0.9680,0.9909
9,2009-09-07,37,0-5,500.5714,506.0134,438.1638,584.2440,1.1358,0.9657,1.3327,1.3641
9,2009-09-07,37,6-11,500.0000,500.8362,434.0399,578.6634,1.3277,1.1453,1.5440,1.5753
9,2009-09-07,37,12-17,757.1429,773.9700,669.3966,898.8574,1.3688,1.1694,1.6086,1.5822
9,2009-09-07,37,18-44,1427.4286,1451.9936,1262.4560,1687.8741,0.6910,0.6008,0.7950,0.8208
9,2009-09-07,37,45-64,564.7143,578.8662,498.8944,674.5625,0.6728,0.5889,0.7663,0.7968
9,2009-09-07,37,65+,718.7143,726.9870,629.4920,844.8036,0.8157,0.6944,0.9595,0.9587
10,2009-09-08,37,0-5,500.2857,499.4467,431.1910,575.3833,1.1270,0.9574,1.3282,1.3201
10,2009-09-08,37,6-11,503.1429,506.1316,437.6854,586.3453,1.3238,1.1408,1.5366,1.5226
10,2009-09-08,37,12-17,794.7143,788.7628,681.6553,914.1472,1.3626,1.1628,1.6051,1.5575
10,2009-09-08,37,18-44,1428.7143,1461.0562,1271.5382,1695.0581,0.6918,0.5998,0.8044,0.7934
10,2009-09-08,37,45-64,556.7143,579.0492,499.1193,673.0102,0.6748,0.5898,0.7741,0.7698
10,2009-09-08,37,65+,714.4286,729.3376,626.8865,850.3813,0.8189,0.6958,0.9684,0.9259
11,2009-09-09,37,0-5,469.0000,489.1717,422.5129,563.6105,1.1424,0.9699,1.3438,1.2304
11,2009-09-09,37,6-11,484.8571,506.9428,436.9972,586.6929,1.3435,1.1647,1.5617,1.4300
11,2009-09-09,37,12-17,777.4286,799.9711,693.4796,924.1909,1.3777,1.1754,1.6130,1.4666
11,2009-09-09,37,18-44,1384.0000,1469.1452,1269.0613,1697.6725,0.7068,0.6145,0.8143,0.7486
11,2009-09-09,37,45-64,538.5714,576.6253,498.7525,670.5154,0.6895,0.6031,0.7865,0.7298
11,2009-09-09,37,65+,705.8571,730.3502,631.8874,852.2943,0.8337,0.7068,0.9841,0.8866
12,2009-09-10,37,0-5,456.4286,478.4209,412.9258,548.0624,1.1737,0.9994,1.3745,1.2041
12,2009-09-10,37,6-11,485.2857,505.8394,437.7178,587.1877,1.3806,1.1920,1.5993,1.4085
12,2009-09-10,37,12-17,781.0000,808.5392,699.7000,933.2434,1.4010,1.1990,1.6421,1.4394
12,2009-09-10,37,18-44,1382.4286,1473.7103,1277.9120,1712.1882,0.7293,0.6324,0.8482,0.7373
12,2009-09-10,37,45-64,537.1429,573.0677,498.3604,669.5657,0.7101,0.6199,0.8146,0.7197
12,2009-09-10,37,65+,705.5714,728.2421,628.1441,847.4750,0.8558,0.7265,1.0078,0.8765
13,2009-09-11,37,0-5,444.8571,467.9375,403.2628,540.9157,1.2112,1.0287,1.4181,1.1965
13,2009-09-11,37,6-11,484.7143,505.2455,436.9944,584.2235,1.4281,1.2300,1.6529,1.4061
13,2009-09-11,37,12-17,788.7143,813.2680,703.9199,941.9316,1.4402,1.2294,1.6901,1.4370
13,2009-09-11,37,18-44,1403.0000,1484.1165,1286.2082,1715.4902,0.7569,0.6572,0.8784,0.7401
13,2009-09-11,37,45-64,547.8571,572.6966,494.4181,666.1471,0.7348,0.6429,0.8402,0.7232
13,2009-09-11,37,65+,704.8571,726.0412,625.5273,846.8359,0.8796,0.7506,1.0307,0.8775
14,2009-09-12,37,0-5,442.8571,458.0500,395.2444,530.4979,1.2437,1.0609,1.4614,1.2180
14,2009-09-12,37,6-11,495.4286,505.0498,436.1340,587.3724,1.4671,1.2659,1.6999,1.4376
14,2009-09-12,37,12-17,799.7143,818.8969,709.4104,953.1446,1.4739,1.2600,1.7279,1.4552
14,2009-09-12,37,18-44,1452.8571,1500.9687,1297.8310,1737.8193,0.7804,0.6771,0.9060,0.7592
14,2009-09-12,37,45-64,568.0000,572.4206,490.3239,668.5280,0.7539,0.6584,0.8627,0.7418
14,2009-09-12,37,65+,720.2857,722.8740,625.5651,844.3225,0.8943,0.7611,1.0530,0.8985
15,2009-09-13,38,0-5,440.2857,450.5272,388.9024,524.9630,1.2695,1.0817,1.4903,1.2283
15,2009-09-13,38,6-11,499.4286,506.0131,437.8706,585.3104,1.4984,1.2952,1.7352,1.4472
15,2009-09-13,38,12-17,809.2857,825.4698,718.5786,964.9720,1.4977,1.2796,1.7605,1.4584
15,2009-09-13,38,18-44,1491.7143,1523.1187,1322.2173,1779.4922,0.7977,0.6914,0.9286,0.7657
15,2009-09-13,38,45-64,565.7143,572.7727,493.1763,669.5362,0.7672,0.6704,0.8786,0.7443
15,2009-09-13,38,65+,719.0000,720.2561,623.6683,841.1658,0.9046,0.7703,1.0616,0.8972
16,2009-09-14,38,0-5,435.5714,444.5248,386.1462,516.4841,1.2799,1.0895,1.4974,1.2377
16,2009-09-14,38,6-11,491.8571,509.7945,440.8197,589.6861,1.5105,1.3006,1.7484,1.4457
16,2009-09-14,38,12-17,814.1429,837.5221,726.4367,975.3940,1.5118,1.2935,1.7729,1.4623
16,2009-09-14,38,18-44,1549.2857,1554.9515,1354.8969,1819.0278,0.8037,0.6950,0.9300,0.7762
16,2009-09-14,38,45-64,577.5714,574.9616,493.5727,670.3410,0.7711,0.6735,0.8810,0.7520
16,2009-09-14,38,65+,715.2857,717.4773,619.4640,833.8202,0.9039,0.7718,1.0623,0.8980
17,2009-09-15,38,0-5,435.1429,441.8546,383.0236,513.6944,1.2657,1.0835,1.4876,1.2606
17,2009-09-15,38,6-11,516.7143,516.6578,446.0688,596.7925,1.4989,1.2924,1.7454,1.4965
17,2009-09-15,38,12-17,852.5714,851.4729,736.9710,992.2355,1.5075,1.2864,1.7801,1.5079
17,2009-09-15,38,18-44,1624.1429,1591.2794,1381.6928,1858.9672,0.7946,0.6865,0.9260,0.7973
17,2009-09-15,38,45-64,591.1429,578.4672,498.5359,669.3939,0.7604,0.6644,0.8731,0.7688
17,2009-09-15,38,65+,719.1429,715.3945,619.6685,827.1327,0.8878,0.7570,1.0441,0.9085
18,2009-09-16,38,0-5,453.4286,440.0805,382.6770,509.5970,1.2358,1.0507,1.4526,1.3056
18,2009-09-16,38,6-11,535.8571,522.9854,448.3326,604.8488,1.4673,1.2680,1.6999,1.5374
18,2009-09-16,38,12-17,887.0000,866.3831,750.7203,1010.8619,1.4841,1.2649,1.7357,1.5442
18,2009-09-16,38,18-44,1706.1429,1621.7931,1403.0233,1882.7713,0.7743,0.6692,0.9002,0.8199
18,2009-09-16,38,45-64,609.2857,581.5443,502.2784,669.1413,0.7402,0.6463,0.8478,0.7864
18,2009-09-16,38,65+,731.2857,711.4436,613.7679,825.6004,0.8625,0.7370,1.0136,0.9233
19,2009-09-17,38,0-5,462.0000,437.4538,380.0003,507.0070,1.1964,1.0173,1.4042,1.3056
19,2009-09-17,38,6-11,541.7143,528.8646,452.0703,610.8117,1.4247,1.2305,1.6524,1.5251
19,2009-09-17,38,12-17,894.5714,881.1147,763.9250,1022.7592,1.4450,1.2325,1.7050,1.5250
19,2009-09-17,38,18-44,1729.7143,1643.9471,1422.9714,1909.4351,0.7485,0.6483,0.8708,0.8134
19,2009-09-17,38,45-64,612.8571,581.3631,502.4067,672.3719,0.7155,0.6257,0.8200,0.7783
19,2009-09-17,38,65+,733.4286,706.0802,612.8405,820.4660,0.8362,0.7122,0.9823,0.9137
20,2009-09-18,38,0-5,456.5714,435.3485,377.9788,506.1199,1.1488,0.9756,1.3524,1.2715
20,2009-09-18,38,6-11,542.0000,532.1011,456.7758,613.1193,1.3802,1.1858,1.6061,1.4892
20,2009-09-18,38,12-17,903.1429,894.9400,775.6545,1038.9279,1.4085,1.1973,1.6567,1.4946
20,2009-09-18,38,18-44,1720.5714,1655.8807,1440.9712,1909.5078,0.7190,0.6213,0.8386,0.7914
20,2009-09-18,38,45-64,604.4286,580.5844,502.7787,671.4329,0.6890,0.6016,0.7902,0.7559
20,2009-09-18,38,65+,717.4286,700.2599,603.0776,816.0033,0.8084,0.6915,0.9504,0.8844
21,2009-09-19,38,0-5,445.1429,430.7888,374.3809,500.5069,1.1117,0.9474,1.3101,1.2276
21,2009-09-19,38,6-11,545.7143,535.2211,459.7507,615.8608,1.3390,1.1559,1.5586,1.4548
21,2009-09-19,38,12-17,912.8571,909.3048,788.8820,1051.6173,1.3743,1.1686,1.6192,1.4632
21,2009-09-19,38,18-44,1689.0000,1651.7584,1435.0104,1908.9619,0.6947,0.6018,0.8122,0.7645
21,2009-09-19,38,45-64,582.2857,578.8693,499.5396,668.2605,0.6669,0.5826,0.7654,0.7286
21,2009-09-19,38,65+,696.8571,696.8157,599.0392,810.6228,0.7850,0.6695,0.9191,0.8511
22,2009-09-20,39,0-5,430.4286,425.0252,370.1838,493.4408,1.0880,0.9225,1.2800,1.1886
22,2009-09-20,39,6-11,544.4286,536.6000,462.6209,619.0614,1.3147,1.1309,1.5289,1.4243
22,2009-09-20,39,12-17,917.0000,917.0365,797.7873,1059.7492,1.3475,1.1468,1.5913,1.4387
22,2009-09-20,39,18-44,1653.4286,1641.2090,1427.0196,1900.1423,0.6787,0.5847,0.7895,0.7449
22,2009-09-20,39,45-64,575.4286,575.7277,496.5395,663.3970,0.6519,0.5669,0.7465,0.7119
22,2009-09-20,39,65+,686.0000,690.8381,596.4281,801.5544,0.7700,0.6530,0.9074,0.8332
23,2009-09-21,39,0-5,422.8571,418.8716,363.4405,483.0172,1.0790,0.9135,1.2690,1.1635
23,2009-09-21,39,6-11,544.1429,534.9288,460.0259,622.4506,1.2977,1.1143,1.5061,1.3996
23,2009-09-21,39,12-17,929.0000,921.0083,804.5793,1065.5703,1.3239,1.1310,1.5559,1.4225
23,2009-09-21,39,18-44,1608.5714,1615.1415,1405.2443,1877.9754,0.6699,0.5755,0.7785,0.7261
23,2009-09-21,39,45-64,556.1429,569.2830,491.3936,656.4991,0.6429,0.5602,0.7359,0.6932
23,2009-09-21,39,65+,666.2857,683.4732,588.3580,793.6337,0.7619,0.6507,0.8971,0.8110
24,2009-09-22,39,0-5,409.2857,412.8070,356.1079,477.7041,1.0856,0.9227,1.2708,1.1289
24,2009-09-22,39,6-11,523.1429,531.9963,458.0707,619.2229,1.2988,1.1179,1.5082,1.3486
24,2009-09-22,39,12-17,907.8571,920.7011,804.3311,1068.6984,1.3079,1.1120,1.5325,1.3778
24,2009-09-22,39,18-44,1543.1429,1583.1291,1376.2556,1831.7939,0.6662,0.5752,0.7696,0.7028
24,2009-09-22,39,45-64,541.4286,560.8999,484.9027,649.2836,0.6385,0.5571,0.7297,0.6733
24,2009-09-22,39,65+,651.7143,675.8526,581.8798,781.6302,0.7570,0.6446,0.8900,0.7929
25,2009-09-23,39,0-5,401.1429,407.4085,350.4529,470.9658,1.1018,0.9346,1.2975,1.1157
25,2009-09-23,39,6-11,519.2857,528.2494,456.1038,614.0785,1.3120,1.1310,1.5105,1.3356
25,2009-09-23,39,12-17,898.8571,914.0247,793.4873,1058.0464,1.3007,1.1058,1.5292,1.3596
25,2009-09-23,39,18-44,1491.8571,1551.0435,1344.2746,1795.1177,0.6688,0.5790,0.7722,0.6925
25,2009-09-23,39,45-64,529.0000,552.5887,473.6845,640.4476,0.6390,0.5588,0.7299,0.6652
25,2009-09-23,39,65+,648.2857,664.2886,572.9805,769.1069,0.7537,0.6455,0.8862,0.7903
26,2009-09-24,39,0-5,396.8571,403.5803,347.3687,466.9016,1.1323,0.9599,1.3337,1.1229
26,2009-09-24,39,6-11,516.5714,526.1550,455.4175,609.5658,1.3303,1.1464,1.5448,1.3430
26,2009-09-24,39,12-17,906.8571,902.7353,781.0548,1053.5342,1.2927,1.0973,1.5188,1.3726
26,2009-09-24,39,18-44,1476.8571,1514.6334,1310.7746,1749.3332,0.6737,0.5823,0.7820,0.6971
26,2009-09-24,39,45-64,526.0000,541.6361,466.4260,630.1826,0.6409,0.5593,0.7335,0.6705
26,2009-09-24,39,65+,647.1429,650.2428,562.5260,748.2008,0.7530,0.6429,0.8858,0.7984
27,2009-09-25,39,0-5,387.4286,403.0220,345.2069,465.8425,1.1681,0.9901,1.3739,1.1175
27,2009-09-25,39,6-11,518.4286,525.3232,452.0399,608.2897,1.3527,1.1647,1.5641,1.3484
27,2009-09-25,39,12-17,892.1429,885.2004,768.7486,1024.1548,1.2762,1.0903,1.5078,1.3623
27,2009-09-25,39,18-44,1442.4286,1476.3429,1279.6946,1703.7482,0.6779,0.5884,0.7821,0.6955
27,2009-09-25,39,45-64,523.7143,532.3580,458.6941,619.0424,0.6405,0.5603,0.7323,0.6711
27,2009-09-25,39,65+,647.8571,632.5400,549.0566,726.9825,0.7491,0.6399,0.8787,0.8045
28,2009-09-26,39,0-5,381.8571,406.5727,347.4253,471.2389,1.2130,1.0255,1.4250,1.1177
28,2009-09-26,39,6-11,507.4286,525.3026,453.0144,610.5638,1.3765,1.1796,1.6023,1.3383
28,2009-09-26,39,12-17,869.0000,864.2436,751.7635,1000.4757,1.2651,1.0812,1.4841,1.3447
28,2009-09-26,39,18-44,1421.4286,1439.0886,1251.7061,1661.3750,0.6827,0.5932,0.7925,0.6932
28,2009-09-26,39,45-64,521.2857,523.6324,452.7182,605.4536,0.6399,0.5596,0.7337,0.6678
28,2009-09-26,39,65+,628.2857,613.4197,531.0574,705.1665,0.7428,0.6330,0.8713,0.7964
29,2009-09-27,40,0-5,376.8571,416.6494,355.9540,485.2081,1.2539,1.0633,1.4813,1.1220
29,2009-09-27,40,6-11,500.5714,529.7012,459.4133,617.7172,1.4027,1.2020,1.6346,1.3379
29,2009-09-27,40,12-17,840.8571,838.4037,727.9615,969.8545,1.2519,1.0656,1.4714,1.3294
29,2009-09-27,40,18-44,1406.5714,1401.5295,1220.1056,1618.8788,0.6899,0.5993,0.7971,0.6949
29,2009-09-27,40,45-64,520.7143,515.0435,446.8390,597.1134,0.6426,0.5603,0.7367,0.6693
29,2009-09-27,40,65+,619.2857,591.9890,512.9166,685.4416,0.7431,0.6319,0.8745,0.7976
30,2009-09-28,40,0-5,457.4286,431.3769,370.9595,502.0715,1.2908,1.0952,1.5279,1.2771
30,2009-09-28,40,6-11,572.1429,537.6883,464.7302,624.8586,1.4274,1.2276,1.6660,1.4733
30,2009-09-28,40,12-17,857.2857,806.5922,702.9643,931.4724,1.2489,1.0699,1.4770,1.3841
30,2009-09-28,40,18-44,1435.7143,1365.9384,1193.3626,1573.8245,0.6989,0.6072,0.8091,0.7375
30,2009-09-28,40,45-64,543.4286,507.6317,440.9284,590.0197,0.6496,0.5669,0.7439,0.6969
30,2009-09-28,40,65+,607.0000,568.9996,490.8245,658.7153,0.7527,0.6410,0.8827,0.8162
31,2009-09-29,40,0-5,460.2857,451.3149,387.8994,524.3904,1.3228,1.1251,1.5609,1.2253
31,2009-09-29,40,6-11,553.8571,548.3938,470.6491,637.0287,1.4523,1.2461,1.6874,1.3839
31,2009-09-29,40,12-17,767.5714,777.1896,678.3072,898.6634,1.2568,1.0730,1.4749,1.2565
31,2009-09-29,40,18-44,1320.1429,1337.6010,1167.5343,1541.7879,0.7094,0.6171,0.8226,0.6799
31,2009-09-29,40,45-64,488.1429,503.1524,437.0817,586.3560,0.6605,0.5763,0.7582,0.6311
31,2009-09-29,40,65+,516.7143,550.2151,474.2450,639.5177,0.7693,0.6572,0.9042,0.7240
32,2009-09-30,40,0-5,456.5714,476.0364,410.6157,552.9772,1.3460,1.1433,1.5801,1.1984
32,2009-09-30,40,6-11,543.7143,561.0485,485.4618,650.5822,1.4682,1.2685,1.6987,1.3529
32,2009-09-30,40,12-17,727.4286,748.9833,649.3416,859.2642,1.2678,1.0891,1.4858,1.2245
32,2009-09-30,40,18-44,1274.1429,1317.2288,1147.5963,1523.1332,0.7195,0.6258,0.8313,0.6656
32,2009-09-30,40,45-64,471.2857,502.4765,435.5770,584.7132,0.6743,0.5891,0.7717,0.6197
32,2009-09-30,40,65+,504.5714,538.3803,463.5664,624.3240,0.7951,0.6794,0.9324,0.7166
33,2009-10-01,40,0-5,470.4286,502.4260,436.2553,582.2205,1.3492,1.1489,1.5898,1.2323
33,2009-10-01,40,6-11,555.4286,571.4516,499.1491,668.0124,1.4746,1.2708,1.7295,1.3935
33,2009-10-01,40,12-17,727.2857,720.2194,624.5125,827.7121,1.2903,1.1084,1.5100,1.2689
33,2009-10-01,40,18-44,1300.4286,1304.6176,1134.2147,1512.8038,0.7288,0.6356,0.8375,0.6901
33,2009-10-01,40,45-64,484.1429,504.1046,433.9705,585.7640,0.6901,0.6035,0.7879,0.6449
33,2009-10-01,40,65+,508.0000,534.6080,459.5215,618.1357,0.8255,0.7046,0.9718,0.7451
34,2009-10-02,40,0-5,556.8571,526.8550,457.4045,610.0255,1.3399,1.1370,1.5830,1.3598
34,2009-10-02,40,6-11,604.1429,584.3088,509.8431,684.6446,1.4814,1.2741,1.7229,1.4755
34,2009-10-02,40,12-17,690.0000,696.4792,603.1843,805.2520,1.3256,1.1376,1.5620,1.2705
34,2009-10-02,40,18-44,1298.0000,1292.0147,1118.3700,1502.4830,0.7370,0.6428,0.8479,0.7162
34,2009-10-02,40,45-64,496.1429,506.1098,435.2881,588.0330,0.7072,0.6190,0.8085,0.6603
34,2009-10-02,40,65+,496.8571,536.1501,460.2837,623.8494,0.8581,0.7302,1.0069,0.7593
35,2009-10-03,40,0-5,595.4286,546.4458,476.9034,635.0195,1.3169,1.1126,1.5514,1.4049
35,2009-10-03,40,6-11,634.8571,594.5925,517.9133,692.9013,1.4776,1.2785,1.7195,1.5273
35,2009-10-03,40,12-17,689.7143,677.9608,586.7539,788.8068,1.3712,1.1751,1.6049,1.3136
35,2009-10-03,40,18-44,1319.4286,1280.3778,1104.7417,1488.2556,0.7430,0.6473,0.8540,0.7411
35,2009-10-03,40,45-64,515.5714,509.6747,438.4227,594.0811,0.7228,0.6325,0.8253,0.6884
35,2009-10-03,40,65+,524.1429,546.7735,468.6952,633.6310,0.8869,0.7568,1.0466,0.8019
36,2009-10-04,41,0-5,623.1429,563.5371,489.7921,652.7417,1.2933,1.0982,1.5228,1.4062
36,2009-10-04,41,6-11,654.1429,601.8398,521.9921,702.6428,1.4848,1.2807,1.7254,1.5350
36,2009-10-04,41,12-17,679.4286,670.1913,577.1329,780.4663,1.4232,1.2155,1.6850,1.3243
36,2009-10-04,41,18-44,1313.4286,1275.0629,1106.2517,1483.2494,0.7478,0.6531,0.8588,0.7444
36,2009-10-04,41,45-64,522.4286,515.8604,444.0800,601.6047,0.7346,0.6438,0.8373,0.6976
36,2009-10-04,41,65+,548.5714,565.2300,484.8657,654.3057,0.9085,0.7722,1.0647,0.8258
37,2009-10-05,41,0-5,560.1429,571.6282,496.7443,663.4391,1.2810,1.0912,1.5074,1.2507
37,2009-10-05,41,6-11,585.2857,609.9942,526.7912,712.0815,1.5070,1.2987,1.7515,1.3840
37,2009-10-05,41,12-17,614.8571,675.3744,580.6161,786.7295,1.4974,1.2760,1.7637,1.2344
37,2009-10-05,41,18-44,1228.0000,1282.7506,1108.0535,1488.4399,0.7534,0.6582,0.8674,0.6926
37,2009-10-05,41,45-64,503.7143,523.6166,451.9819,611.5973,0.7428,0.6526,0.8462,0.6671
37,2009-10-05,41,65+,576.1429,589.8560,507.0483,683.3637,0.9150,0.7821,1.0734,0.8203
38,2009-10-06,41,0-5,567.4286,577.1555,499.8915,670.1716,1.2777,1.0851,1.5082,1.2880
38,2009-10-06,41,6-11,611.1429,621.7508,539.7037,724.5858,1.5424,1.3274,1.7868,1.4665
38,2009-10-06,41,12-17,683.8571,697.1766,597.0936,810.8505,1.5799,1.3404,1.8558,1.3798
38,2009-10-06,41,18-44,1305.2857,1294.9092,1117.1955,1500.9531,0.7589,0.6616,0.8752,0.7459
38,2009-10-06,41,45-64,551.8571,533.2410,463.1329,619.8097,0.7463,0.6546,0.8519,0.7347
38,2009-10-06,41,65+,669.7143,616.1453,532.6105,713.6034,0.9068,0.7729,1.0650,0.9226
39,2009-10-07,41,0-5,581.8571,579.3065,499.7536,671.8636,1.2912,1.0957,1.5193,1.3107
39,2009-10-07,41,6-11,639.0000,638.2714,554.2071,741.4674,1.5943,1.3763,1.8489,1.5128
39,2009-10-07,41,12-17,725.5714,739.3157,631.2252,860.7122,1.6835,1.4232,1.9694,1.4502
39,2009-10-07,41,18-44,1341.4286,1316.0599,1137.1783,1524.8578,0.7695,0.6718,0.8846,0.7640
39,2009-10-07,41,45-64,576.0000,539.8848,467.4144,627.3768,0.7497,0.6583,0.8534,0.7519
39,2009-10-07,41,65+,677.1429,638.1414,553.9039,737.9287,0.8911,0.7613,1.0533,0.9292
40,2009-10-08,41,0-5,573.7143,581.3569,501.2101,677.3267,1.3159,1.1215,1.5518,1.2752
40,2009-10-08,41,6-11,644.8571,660.9836,575.1773,771.7067,1.6668,1.4299,1.9309,1.4891
40,2009-10-08,41,12-17,734.5714,804.9247,687.2330,942.5195,1.7863,1.5100,2.1235,1.4352
40,2009-10-08,41,18-44,1317.4286,1342.2142,1154.8463,1562.1131,0.7837,0.6851,0.9038,0.7433
40,2009-10-08,41,45-64,562.5714,543.2705,471.1733,628.7613,0.7547,0.6628,0.8595,0.7302
40,2009-10-08,41,65+,675.0000,650.9332,565.7805,757.2183,0.8772,0.7518,1.0292,0.9006
41,2009-10-09,41,0-5,554.4286,586.0416,505.1767,688.2912,1.3616,1.1591,1.5977,1.2554
41,2009-10-09,41,6-11,688.2857,700.6688,600.4993,819.5343,1.7531,1.5131,2.0491,1.5429
41,2009-10-09,41,12-17,918.1429,901.5550,775.2755,1062.4399,1.9075,1.6130,2.2657,1.6256
41,2009-10-09,41,18-44,1352.8571,1380.2872,1185.8946,1597.8381,0.8049,0.7045,0.9297,0.7539
41,2009-10-09,41,45-64,550.0000,546.3099,472.3659,629.0185,0.7632,0.6709,0.8703,0.7406
41,2009-10-09,41,65+,681.0000,658.4634,570.9629,763.8157,0.8649,0.7373,1.0152,0.8962
42,2009-10-10,41,0-5,581.5714,596.2719,512.1432,700.0298,1.4106,1.1975,1.6546,1.2879
42,2009-10-10,41,6-11,742.7143,755.2388,648.3900,882.2379,1.8601,1.6005,2.1595,1.5910
42,2009-10-10,41,12-17,1042.4286,1039.6712,886.2082,1216.6908,2.0243,1.7125,2.4107,1.7018
42,2009-10-10,41,18-44,1389.2857,1431.8186,1231.2406,1668.6588,0.8313,0.7242,0.9583,0.7586
42,2009-10-10,41,45-64,538.5714,546.0693,470.7402,630.0943,0.7750,0.6797,0.8832,0.7342
42,2009-10-10,41,65+,659.2857,659.8000,572.8714,763.2756,0.8538,0.7306,1.0007,0.8681
43,2009-10-11,42,0-5,606.1429,613.4494,525.8927,715.9740,1.4633,1.2404,1.7185,1.3232
43,2009-10-11,42,6-11,811.7143,836.1747,718.4330,974.2101,1.9708,1.6962,2.2923,1.6524
43,2009-10-11,42,12-17,1199.8571,1223.0261,1046.4597,1432.6380,2.1302,1.8023,2.5278,1.7834
43,2009-10-11,42,18-44,1465.8571,1506.7279,1301.2515,1758.7480,0.8571,0.7448,0.9873,0.7733
43,2009-10-11,42,45-64,541.7143,546.0520,467.7404,637.2126,0.7855,0.6891,0.8943,0.7395
43,2009-10-11,42,65+,649.2857,656.1497,568.8399,764.1504,0.8423,0.7227,0.9823,0.8565
44,2009-10-12,42,0-5,635.7143,638.6392,550.2246,742.1432,1.5110,1.2858,1.7800,1.3722
44,2009-10-12,42,6-11,930.4286,942.7178,812.4651,1106.3460,2.0867,1.7896,2.4409,1.7643
44,2009-10-12,42,12-17,1475.0000,1461.8398,1257.0524,1709.4707,2.2183,1.8704,2.6373,1.9384
44,2009-10-12,42,18-44,1607.8571,1614.7326,1386.0043,1882.2823,0.8810,0.7680,1.0187,0.8028
44,2009-10-12,42,45-64,540.2857,550.4125,468.6973,640.9890,0.7940,0.6985,0.9067,0.7547
44,2009-10-12,42,65+,631.4286,649.2724,560.4542,753.2154,0.8291,0.7134,0.9634,0.8458
45,2009-10-13,42,0-5,680.1429,672.4140,577.5477,782.5235,1.5609,1.3303,1.8299,1.4359
45,2009-10-13,42,6-11,1101.2857,1092.0120,943.2598,1279.5405,2.2026,1.8772,2.5755,1.9060
45,2009-10-13,42,12-17,1869.1429,1766.8924,1525.3370,2069.0034,2.2786,1.9261,2.7160,2.1260
45,2009-10-13,42,18-44,1802.8571,1759.5091,1510.3995,2058.4315,0.9038,0.7863,1.0404,0.8444
45,2009-10-13,42,45-64,562.8571,557.8545,477.6294,653.0200,0.8006,0.7036,0.9109,0.7840
45,2009-10-13,42,65+,635.1429,638.9719,551.5844,741.4080,0.8157,0.7034,0.9428,0.8548
46,2009-10-14,42,0-5,726.4286,718.8462,617.3725,842.0052,1.6077,1.3703,1.8815,1.4682
46,2009-10-14,42,6-11,1317.2857,1297.7313,1112.2492,1521.7376,2.3120,1.9823,2.6825,2.0107
46,2009-10-14,42,12-17,2267.1429,2157.9316,1846.9692,2535.8932,2.3300,1.9736,2.7675,2.1941
46,2009-10-14,42,18-44,2002.1429,1958.1397,1681.3376,2286.8831,0.9246,0.8063,1.0679,0.8608
46,2009-10-14,42,45-64,578.4286,573.6504,488.7901,670.0834,0.8057,0.7090,0.9179,0.7874
46,2009-10-14,42,65+,638.7143,631.1267,544.1582,733.9480,0.7997,0.6933,0.9260,0.8438
47,2009-10-15,42,0-5,765.5714,780.1553,670.3387,920.6162,1.6590,1.4154,1.9512,1.4365
47,2009-10-15,42,6-11,1474.2857,1574.9926,1342.7618,1848.1584,2.4190,2.0777,2.8243,1.9646
47,2009-10-15,42,12-17,2475.8571,2659.2233,2283.0971,3111.1671,2.4021,2.0185,2.8486,2.0489
47,2009-10-15,42,18-44,2123.2857,2228.3227,1910.3616,2614.3554,0.9472,0.8285,1.0967,0.8269
47,2009-10-15,42,45-64,595.1429,603.0695,516.8235,706.0131,0.8116,0.7157,0.9275,0.7483
47,2009-10-15,42,65+,640.4286,629.9108,539.0250,734.4605,0.7827,0.6795,0.9011,0.8028
48,2009-10-16,42,0-5,857.2857,864.0915,736.3589,1018.0346,1.7038,1.4528,1.9949,1.5393
48,2009-10-16,42,6-11,1977.8571,1956.7539,1680.6883,2293.5037,2.5047,2.1391,2.9451,2.2410
48,2009-10-16,42,12-17,3255.8571,3295.9532,2831.0929,3838.1438,2.4481,2.0592,2.9097,2.2780
48,2009-10-16,42,18-44,2574.4286,2595.2709,2222.3538,3048.1437,0.9676,0.8380,1.1217,0.8951
48,2009-10-16,42,45-64,642.0000,646.9255,553.3426,754.7533,0.8153,0.7135,0.9333,0.7922
48,2009-10-16,42,65+,645.0000,630.6343,539.2462,731.1598,0.7610,0.6628,0.8747,0.8143
49,2009-10-17,42,0-5,958.0000,973.2152,836.2929,1144.2248,1.7329,1.4788,2.0366,1.5827
49,2009-10-17,42,6-11,2471.8571,2461.3537,2119.6170,2870.7412,2.5591,2.1829,3.0114,2.3478
49,2009-10-17,42,12-17,3984.0000,4098.9530,3518.3160,4846.0800,2.4758,2.0860,2.9434,2.3304
49,2009-10-17,42,18-44,3029.1429,3071.8918,2631.0499,3605.0983,0.9767,0.8443,1.1315,0.9164
49,2009-10-17,42,45-64,694.0000,703.0670,602.8854,820.7058,0.8116,0.7087,0.9294,0.7979
49,2009-10-17,42,65+,657.1429,636.3099,544.6725,736.0090,0.7363,0.6429,0.8421,0.8001
50,2009-10-18,43,0-5,1141.1429,1115.5160,954.1515,1307.5142,1.7362,1.4862,2.0266,1.6872
50,2009-10-18,43,6-11,3129.7143,3108.3082,2685.4895,3632.6899,2.5796,2.1970,3.0334,2.4773
50,2009-10-18,43,12-17,5108.1429,5132.2933,4423.6837,6054.0338,2.4534,2.0591,2.9257,2.4611
50,2009-10-18,43,18-44,3775.8571,3677.2297,3152.3466,4325.1271,0.9703,0.8440,1.1248,0.9651
50,2009-10-18,43,45-64,792.5714,778.1545,668.5029,907.9685,0.7975,0.6996,0.9138,0.8249
50,2009-10-18,43,65+,661.8571,644.9264,553.4815,750.0278,0.7075,0.6200,0.8086,0.7927
51,2009-10-19,43,0-5,1339.0000,1299.5711,1110.2552,1518.9128,1.7304,1.4787,2.0332,1.7393
51,2009-10-19,43,6-11,3979.8571,3958.8330,3423.7969,4596.3820,2.5631,2.1878,3.0324,2.5638
51,2009-10-19,43,12-17,6510.5714,6422.1171,5525.0004,7517.1306,2.3842,2.0235,2.8719,2.5384
51,2009-10-19,43,18-44,4680.4286,4474.5905,3818.6621,5210.4403,0.9570,0.8331,1.1129,0.9913
51,2009-10-19,43,45-64,903.0000,874.2304,750.6159,1020.0751,0.7788,0.6831,0.8942,0.8349
51,2009-10-19,43,65+,680.2857,661.9518,569.6412,769.1151,0.6792,0.5967,0.7756,0.7758
52,2009-10-20,43,0-5,1574.8571,1537.9709,1311.7278,1802.4281,1.7207,1.4666,2.0199,1.7671
52,2009-10-20,43,6-11,5211.8571,5017.7439,4307.6248,5860.8785,2.5250,2.1535,2.9774,2.6655
52,2009-10-20,43,12-17,8344.8571,7919.5011,6786.0441,9319.3149,2.3102,1.9449,2.7322,2.5981
52,2009-10-20,43,18-44,5813.1429,5461.6467,4644.6760,6405.5153,0.9410,0.8181,1.0894,1.0084
52,2009-10-20,43,45-64,1041.0000,1004.1073,861.6195,1172.0400,0.7609,0.6663,0.8715,0.8376
52,2009-10-20,43,65+,703.8571,691.3188,595.1043,803.4577,0.6565,0.5771,0.7476,0.7533
53,2009-10-21,43,0-5,1860.5714,1845.6906,1573.4776,2162.0757,1.7167,1.4614,2.0098,1.7230
53,2009-10-21,43,6-11,6435.7143,6326.7931,5405.9586,7414.0056,2.4832,2.1237,2.9080,2.5791
53,2009-10-21,43,12-17,9694.1429,9639.2261,8312.3623,11333.7612,2.2456,1.8741,2.6559,2.4159
53,2009-10-21,43,18-44,6792.5714,6718.0334,5719.8381,7870.9780,0.9310,0.8080,1.0819,0.9601
53,2009-10-21,43,45-64,1173.4286,1184.1322,1015.4333,1397.2447,0.7500,0.6551,0.8619,0.7866
53,2009-10-21,43,65+,740.0000,741.7886,636.3909,861.2097,0.6430,0.5656,0.7327,0.6998
54,2009-10-22,43,0-5,2089.1429,2252.1253,1918.8348,2653.4100,1.7349,1.4835,2.0344,1.5917
54,2009-10-22,43,6-11,7352.1429,7963.3744,6780.4171,9301.5213,2.4443,2.0791,2.8606,2.3437
54,2009-10-22,43,12-17,10658.7143,11621.2572,10035.9646,13600.0680,2.1753,1.8333,2.6006,2.1584
54,2009-10-22,43,18-44,7486.8571,8320.6239,7145.1700,9807.8754,0.9321,0.8097,1.0808,0.8686
54,2009-10-22,43,45-64,1256.8571,1439.6467,1227.9864,1717.3600,0.7505,0.6568,0.8621,0.7054
54,2009-10-22,43,65+,758.0000,819.4240,704.1407,953.9428,0.6422,0.5640,0.7312,0.6233
55,2009-10-23,43,0-5,2613.4286,2769.3841,2362.1931,3259.0853,1.7375,1.4862,2.0328,1.7103
55,2009-10-23,43,6-11,9802.7143,9876.0626,8376.7339,11487.6356,2.3606,2.0150,2.7715,2.5502
55,2009-10-23,43,12-17,13520.1429,13795.1220,11899.1814,16017.4019,2.0822,1.7634,2.4806,2.3050
55,2009-10-23,43,18-44,9711.1429,10369.0009,8855.6842,12157.8244,0.9314,0.8079,1.0801,0.9357
55,2009-10-23,43,45-64,1568.4286,1789.2523,1518.9201,2142.5389,0.7531,0.6588,0.8650,0.7523
55,2009-10-23,43,65+,827.8571,925.8770,796.1829,1087.1556,0.6476,0.5695,0.7389,0.6456
56,2009-10-24,43,0-5,3360.2857,3395.3045,2901.6780,4000.2481,1.7124,1.4607,2.0097,1.8151
56,2009-10-24,43,6-11,12106.2857,11889.3503,10104.7226,13878.3880,2.2474,1.9129,2.6348,2.5935
56,2009-10-24,43,12-17,15995.2857,15966.1488,13811.6256,18496.8888,1.9776,1.6662,2.3237,2.3138
56,2009-10-24,43,18-44,12397.4286,12728.9276,10901.7527,14885.0684,0.9176,0.7909,1.0713,0.9782
56,2009-10-24,43,45-64,2090.8571,2247.9024,1907.4560,2671.6592,0.7483,0.6520,0.8625,0.7853
56,2009-10-24,43,65+,987.2857,1066.9199,912.7900,1258.3722,0.6494,0.5701,0.7417,0.6716
57,2009-10-25,44,0-5,4274.1429,4121.5719,3547.0847,4841.3210,1.6283,1.3898,1.9042,1.8862
57,2009-10-25,44,6-11,14294.0000,13969.6038,11970.0674,16203.7500,2.0814,1.7830,2.4205,2.5551
57,2009-10-25,44,12-17,18296.0000,18003.2542,15625.7057,21019.2268,1.8318,1.5552,2.1710,2.2687
57,2009-10-25,44,18-44,15953.7143,15527.7384,13303.3467,18046.6373,0.8754,0.7579,1.0106,1.0111
57,2009-10-25,44,45-64,2872.7143,2858.9269,2446.2325,3373.8212,0.7224,0.6312,0.8257,0.8154
57,2009-10-25,44,65+,1211.4286,1254.2106,1073.4761,1473.9405,0.6341,0.5588,0.7200,0.6981
58,2009-10-26,44,0-5,5141.0000,4943.4924,4265.9580,5796.7320,1.5183,1.2946,1.7729,1.8496
58,2009-10-26,44,6-11,16320.0000,15911.2551,13602.8038,18442.4589,1.8923,1.6205,2.2140,2.4393
58,2009-10-26,44,12-17,20363.4286,19820.3185,17185.3290,23021.8751,1.6704,1.4228,1.9583,2.1694
58,2009-10-26,44,18-44,19463.0000,18591.1240,15956.9134,21541.5461,0.8152,0.7073,0.9454,0.9978
58,2009-10-26,44,45-64,3719.5714,3625.1094,3115.5047,4266.6656,0.6797,0.5945,0.7794,0.8106
58,2009-10-26,44,65+,1446.8571,1492.0458,1281.6235,1743.9700,0.6034,0.5303,0.6861,0.6948
59,2009-10-27,44,0-5,6062.8571,5790.9177,5016.7878,6802.7559,1.3863,1.1776,1.6255,1.8047
59,2009-10-27,44,6-11,18215.5714,17542.2736,15178.8355,20321.7144,1.7047,1.4622,1.9913,2.3330
59,2009-10-27,44,12-17,22134.2857,21222.6045,18469.7954,24595.7625,1.5064,1.2758,1.7720,2.0805
59,2009-10-27,44,18-44,23356.5714,21575.1033,18568.3492,24847.1569,0.7423,0.6421,0.8644,0.9916
59,2009-10-27,44,45-64,5052.8571,4508.3197,3873.7075,5309.3889,0.6234,0.5443,0.7172,0.8224
59,2009-10-27,44,65+,1943.4286,1768.4931,1528.5020,2062.3453,0.5584,0.4907,0.6368,0.7232
60,2009-10-28,44,0-5,6929.0000,6656.5188,5773.8104,7740.1364,1.2721,1.0870,1.4903,1.6973
60,2009-10-28,44,6-11,19780.8571,18752.5788,16197.9247,21633.3931,1.5413,1.3192,1.8017,2.1696
60,2009-10-28,44,12-17,23244.5714,22116.8143,19332.6089,25447.1195,1.3627,1.1509,1.6162,1.9292
60,2009-10-28,44,18-44,25875.8571,24265.9698,20972.8550,27888.7223,0.6779,0.5875,0.7869,0.9315
60,2009-10-28,44,45-64,5962.5714,5402.1739,4678.3632,6316.6427,0.5719,0.4992,0.6564,0.7787
60,2009-10-28,44,65+,2267.8571,2061.1934,1779.1893,2388.2020,0.5137,0.4509,0.5855,0.6912
61,2009-10-29,44,0-5,7480.2857,7438.9457,6450.3206,8633.7578,1.1731,0.9927,1.3830,1.5332
61,2009-10-29,44,6-11,20384.7143,19553.0149,16810.6532,22340.7770,1.4083,1.2023,1.6533,1.9450
61,2009-10-29,44,12-17,23343.8571,22445.1843,19557.6351,25882.7557,1.2490,1.0543,1.4797,1.7285
61,2009-10-29,44,18-44,26703.8571,26474.7895,22855.2332,30531.2146,0.6237,0.5408,0.7279,0.8336
61,2009-10-29,44,45-64,6230.2857,6221.8549,5397.2678,7232.4737,0.5279,0.4610,0.6091,0.6964
61,2009-10-29,44,65+,2345.0000,2335.8401,2005.8003,2718.4552,0.4742,0.4159,0.5423,0.6167
62,2009-10-30,44,0-5,8453.2857,8095.7331,6996.0284,9394.1601,1.0963,0.9341,1.2860,1.4870
62,2009-10-30,44,6-11,20566.8571,19946.0525,17166.5977,22824.5754,1.3184,1.1264,1.5407,1.8051
62,2009-10-30,44,12-17,22611.0000,22306.2571,19382.4569,25720.7395,1.1681,0.9938,1.3979,1.5853
62,2009-10-30,44,18-44,28465.5714,27996.8275,24200.2740,32262.9154,0.5837,0.5080,0.6784,0.7954
62,2009-10-30,44,45-64,7073.8571,6910.2971,5999.4874,8022.5725,0.4951,0.4329,0.5696,0.6682
62,2009-10-30,44,65+,2628.2857,2561.9878,2212.7859,2980.6486,0.4442,0.3893,0.5068,0.5988
63,2009-10-31,44,0-5,8765.0000,8588.4625,7512.1533,9927.0093,1.0490,0.8878,1.2371,1.3763
63,2009-10-31,44,6-11,19838.0000,19923.8278,17255.6332,22832.7652,1.2665,1.0740,1.4931,1.6402
63,2009-10-31,44,12-17,21405.8571,21813.4276,18925.8986,25020.4973,1.1283,0.9498,1.3324,1.4449
63,2009-10-31,44,18-44,28880.7143,28901.7273,25267.2789,33516.1088,0.5600,0.4818,0.6523,0.7379
63,2009-10-31,44,45-64,7478.1429,7398.7705,6397.2310,8592.2518,0.4753,0.4125,0.5476,0.6243
63,2009-10-31,44,65+,2743.5714,2716.4704,2348.1179,3163.5096,0.4246,0.3709,0.4854,0.5625
64,2009-11-01,45,0-5,8844.2857,8924.7094,7817.0709,10311.1995,1.0342,0.8712,1.2191,1.2766
64,2009-11-01,45,6-11,19026.2857,19637.7076,17022.4330,22657.0657,1.2496,1.0589,1.4677,1.5132
64,2009-11-01,45,12-17,20224.0000,21086.2452,18327.0731,24264.7016,1.1074,0.9332,1.3178,1.3403
64,2009-11-01,45,18-44,28579.7143,29264.4338,25586.5854,33927.2656,0.5497,0.4701,0.6404,0.6886
64,2009-11-01,45,45-64,7664.4286,7693.7712,6638.1251,8904.6592,0.4660,0.4027,0.5376,0.5866
64,2009-11-01,45,65+,2804.8571,2796.0251,2423.5090,3245.1613,0.4146,0.3615,0.4746,0.5311
65,2009-11-02,45,0-5,8825.5714,9143.4447,7970.6548,10576.9328,1.0460,0.8822,1.2406,1.2034
65,2009-11-02,45,6-11,18313.4286,19269.0945,16779.6351,22242.7829,1.2621,1.0708,1.4797,1.4285
65,2009-11-02,45,12-17,19133.8571,20286.1222,17568.6026,23258.7162,1.1120,0.9411,1.3272,1.2692
65,2009-11-02,45,18-44,28034.5714,29121.0686,25368.8158,33743.9992,0.5542,0.4763,0.6451,0.6534
65,2009-11-02,45,45-64,7733.4286,7787.7324,6719.4124,8979.5376,0.4692,0.4063,0.5407,0.5600
65,2009-11-02,45,65+,2841.8571,2802.4325,2428.5014,3242.3267,0.4158,0.3630,0.4758,0.5092
66,2009-11-03,45,0-5,8811.7143,9302.3485,8091.5913,10784.0295,1.0725,0.9119,1.2711,1.1418
66,2009-11-03,45,6-11,17532.8571,18939.7682,16352.5419,21826.6242,1.2951,1.1034,1.5088,1.3497
66,2009-11-03,45,12-17,17937.5714,19485.5427,16888.2730,22471.7136,1.1338,0.9536,1.3394,1.1955
66,2009-11-03,45,18-44,26660.2857,28691.5150,24805.3415,33339.4001,0.5673,0.4889,0.6596,0.6118
66,2009-11-03,45,45-64,7223.8571,7731.3506,6676.7707,8921.6167,0.4800,0.4162,0.5530,0.5207
66,2009-11-03,45,65+,2578.0000,2757.5652,2393.4716,3192.7966,0.4246,0.3707,0.4865,0.4676
67,2009-11-04,45,0-5,8717.8571,9412.7183,8164.7445,10867.7120,1.1175,0.9429,1.3208,1.1052
67,2009-11-04,45,6-11,16993.1429,18565.3123,15980.1217,21483.8916,1.3352,1.1379,1.5640,1.3135
67,2009-11-04,45,12-17,17215.4286,18692.8463,16237.7437,21504.3702,1.1526,0.9736,1.3599,1.1679
67,2009-11-04,45,18-44,25751.1429,28070.7969,24275.3914,32737.6427,0.5860,0.5062,0.6846,0.5914
67,2009-11-04,45,45-64,6889.7143,7609.0758,6593.5543,8790.7776,0.4959,0.4303,0.5733,0.5021
67,2009-11-04,45,65+,2423.4286,2685.9735,2313.1426,3096.4353,0.4391,0.3835,0.5042,0.4475
68,2009-11-05,45,0-5,8554.0000,9538.6197,8241.3095,11023.9730,1.1539,0.9740,1.3671,1.0893
68,2009-11-05,45,6-11,16695.8571,18319.9297,15917.5195,21220.0291,1.3622,1.1594,1.6012,1.3135
68,2009-11-05,45,12-17,16961.8571,17928.3068,15569.1626,20513.1963,1.1566,0.9786,1.3678,1.1817
68,2009-11-05,45,18-44,25433.1429,27401.6945,23786.3116,31769.5909,0.6009,0.5170,0.6991,0.5907
68,2009-11-05,45,45-64,6827.4286,7454.5531,6440.8712,8638.0932,0.5085,0.4405,0.5867,0.5034
68,2009-11-05,45,65+,2389.0000,2595.8527,2239.5951,2998.8265,0.4520,0.3941,0.5183,0.4476
69,2009-11-06,45,0-5,9100.2857,9657.9122,8361.1076,11169.8666,1.1751,0.9909,1.3959,1.1491
69,2009-11-06,45,6-11,17494.5714,18130.3846,15770.7366,20876.2810,1.3562,1.1575,1.5978,1.3889
69,2009-11-06,45,12-17,17117.0000,17103.4957,14971.1558,19567.0220,1.1367,0.9678,1.3391,1.2324
69,2009-11-06,45,18-44,26001.0000,26636.1129,23131.0108,30933.1136,0.6047,0.5211,0.7060,0.6170
69,2009-11-06,45,45-64,6970.8571,7266.8129,6285.3598,8440.0602,0.5124,0.4447,0.5922,0.5235
69,2009-11-06,45,65+,2368.5714,2506.4765,2166.4575,2894.3049,0.4583,0.3997,0.5248,0.4624
70,2009-11-07,45,0-5,9889.2857,9803.0424,8453.6847,11312.3674,1.1572,0.9708,1.3681,1.2215
70,2009-11-07,45,6-11,18333.2857,17858.6220,15482.9126,20520.6176,1.3157,1.1192,1.5507,1.4618
70,2009-11-07,45,12-17,17223.7143,16214.0845,14097.4288,18509.6733,1.0896,0.9218,1.2908,1.2782
70,2009-11-07,45,18-44,26676.0000,25843.4478,22404.3783,29860.5562,0.5910,0.5100,0.6916,0.6454
70,2009-11-07,45,45-64,7265.1429,7100.9355,6147.4547,8219.9484,0.5022,0.4366,0.5815,0.5462
70,2009-11-07,45,65+,2413.5714,2425.7025,2089.2872,2808.5461,0.4529,0.3961,0.5193,0.4818
71,2009-11-08,46,0-5,10261.4286,9907.9523,8513.2940,11426.3962,1.1126,0.9318,1.3159,1.2259
71,2009-11-08,46,6-11,18301.4286,17448.4995,15180.6425,20063.6915,1.2515,1.0581,1.4648,1.4500
71,2009-11-08,46,12-17,16358.1429,15212.2170,13230.4717,17337.7102,1.0288,0.8784,1.2170,1.2456
71,2009-11-08,46,18-44,26159.0000,24906.5886,21761.2487,28733.7406,0.5660,0.4867,0.6582,0.6381
71,2009-11-08,46,45-64,7228.1429,6963.2577,6055.3133,8013.1927,0.4824,0.4174,0.5570,0.5393
71,2009-11-08,46,65+,2419.7143,2349.2067,2027.2711,2715.3808,0.4374,0.3812,0.5019,0.4785
72,2009-11-09,46,0-5,10414.7143,9957.4956,8623.2082,11398.8243,1.0445,0.8792,1.2378,1.1998
72,2009-11-09,46,6-11,17824.4286,16866.5305,14663.2735,19392.3292,1.1659,0.9914,1.3843,1.4009
72,2009-11-09,46,12-17,15005.8571,14121.5233,12300.1821,16168.4262,0.9685,0.8240,1.1443,1.1795
72,2009-11-09,46,18-44,25104.4286,24044.8117,20981.8758,27695.3010,0.5317,0.4584,0.6228,0.6159
72,2009-11-09,46,45-64,7071.8571,6799.0637,5949.9885,7820.2938,0.4553,0.3948,0.5273,0.5203
72,2009-11-09,46,65+,2361.5714,2291.2844,1973.1700,2618.0915,0.4149,0.3617,0.4759,0.4639
73,2009-11-10,46,0-5,10391.5714,9878.1301,8526.3531,11292.5488,0.9717,0.8158,1.1561,1.1666
73,2009-11-10,46,6-11,17048.4286,16092.6310,13955.8992,18339.1770,1.0854,0.9213,1.2770,1.3451
73,2009-11-10,46,12-17,13559.1429,12951.4920,11340.0271,14873.6063,0.9064,0.7692,1.0741,1.1158
73,2009-11-10,46,18-44,24062.0000,23088.2213,20148.7306,26627.4273,0.4974,0.4289,0.5820,0.5952
73,2009-11-10,46,45-64,6944.4286,6623.3813,5804.5916,7606.5100,0.4265,0.3701,0.4941,0.5041
73,2009-11-10,46,65+,2316.7143,2234.3638,1937.5642,2556.9683,0.3891,0.3393,0.4463,0.4524
74,2009-11-11,46,0-5,10309.7143,9613.8780,8327.6396,10990.9892,0.9108,0.7604,1.0834,1.1428
74,2009-11-11,46,6-11,16053.8571,15083.8259,13144.6678,17153.4780,1.0170,0.8644,1.1994,1.2967
74,2009-11-11,46,12-17,12356.5714,11779.6309,10322.2973,13619.8074,0.8641,0.7305,1.0233,1.0759
74,2009-11-11,46,18-44,23274.7143,22063.0351,19188.2002,25350.6681,0.4672,0.4029,0.5445,0.5832
74,2009-11-11,46,45-64,6861.4286,6413.2284,5605.6511,7333.5103,0.4009,0.3474,0.4635,0.4966
74,2009-11-11,46,65+,2300.2857,2157.9223,1887.2584,2485.3697,0.3648,0.3170,0.4185,0.4486
75,2009-11-12,46,0-5,10316.0000,9228.0678,8007.5725,10539.7990,0.8617,0.7232,1.0274,1.1432
75,2009-11-12,46,6-11,15615.2857,13938.1700,12230.2739,15937.4823,0.9689,0.8236,1.1459,1.2951
75,2009-11-12,46,12-17,11812.4286,10659.5201,9345.2680,12336.9612,0.8420,0.7146,0.9990,1.0834
75,2009-11-12,46,18-44,22905.1429,20816.0774,18134.3452,23977.0545,0.4457,0.3821,0.5180,0.5861
75,2009-11-12,46,45-64,6785.8571,6126.7114,5347.4998,7008.2689,0.3827,0.3305,0.4414,0.5009
75,2009-11-12,46,65+,2290.1429,2069.7118,1803.4029,2392.4492,0.3470,0.3019,0.3973,0.4534
76,2009-11-13,46,0-5,9144.2857,8707.0319,7627.0434,10045.5586,0.8374,0.7022,0.9978,1.0173
76,2009-11-13,46,6-11,13117.4286,12757.9780,11127.5750,14646.0884,0.9589,0.8126,1.1308,1.1353
76,2009-11-13,46,12-17,9625.0000,9647.0359,8427.5771,11153.0864,0.8489,0.7093,1.0108,0.9495
76,2009-11-13,46,18-44,20038.5714,19535.7566,17002.9719,22435.4340,0.4364,0.3751,0.5113,0.5234
76,2009-11-13,46,45-64,6022.8571,5746.7134,4999.7701,6583.9343,0.3756,0.3247,0.4350,0.4498
76,2009-11-13,46,65+,2067.8571,1964.5674,1698.4363,2264.1922,0.3386,0.2945,0.3893,0.4104
77,2009-11-14,46,0-5,7955.1429,8158.6480,7130.8562,9440.8891,0.8457,0.7100,1.0099,0.9138
77,2009-11-14,46,6-11,11136.5714,11658.7546,10196.8704,13375.6909,0.9797,0.8297,1.1642,1.0205
77,2009-11-14,46,12-17,8133.2857,8763.2543,7630.7087,10108.1538,0.8845,0.7374,1.0561,0.8624
77,2009-11-14,46,18-44,17454.0000,18244.9923,15815.3546,20956.5688,0.4438,0.3816,0.5228,0.4738
77,2009-11-14,46,45-64,5165.4286,5350.9051,4641.5773,6125.3401,0.3821,0.3304,0.4445,0.4081
77,2009-11-14,46,65+,1820.5714,1852.7220,1603.4795,2137.0903,0.3431,0.2985,0.3961,0.3732
78,2009-11-15,47,0-5,7121.8571,7613.4406,6674.2976,8856.1676,0.8782,0.7355,1.0469,0.8658
78,2009-11-15,47,6-11,9910.7143,10704.2743,9335.2059,12235.6652,1.0303,0.8762,1.2187,0.9766
78,2009-11-15,47,12-17,7350.8571,8089.6473,7000.7008,9247.2905,0.9469,0.7951,1.1277,0.8413
78,2009-11-15,47,18-44,15598.0000,16972.3723,14667.5674,19519.1464,0.4643,0.3984,0.5417,0.4524
78,2009-11-15,47,45-64,4561.1429,4953.5557,4281.5058,5662.9371,0.3998,0.3458,0.4618,0.3900
78,2009-11-15,47,65+,1603.0000,1732.7106,1493.6628,1990.5597,0.3569,0.3105,0.4102,0.3547
79,2009-11-16,47,0-5,6597.8571,7093.5351,6219.1158,8219.3868,0.9339,0.7867,1.1077,0.8614
79,2009-11-16,47,6-11,9043.7143,9877.2418,8608.9947,11293.9831,1.1105,0.9450,1.3145,0.9751
79,2009-11-16,47,12-17,6876.8571,7542.1411,6555.3901,8634.1605,1.0305,0.8620,1.2262,0.8578
79,2009-11-16,47,18-44,14335.5714,15760.7844,13573.0069,18201.6502,0.4982,0.4294,0.5807,0.4517
79,2009-11-16,47,45-64,4137.2857,4561.8430,3937.8477,5220.6722,0.4292,0.3727,0.4957,0.3897
79,2009-11-16,47,65+,1472.7143,1606.3834,1388.8129,1848.2614,0.3822,0.3330,0.4389,0.3535
80,2009-11-17,47,0-5,6171.0000,6646.0406,5781.8949,7696.1627,1.0038,0.8428,1.1920,0.8700
80,2009-11-17,47,6-11,8424.0000,9221.9865,8010.9966,10600.4247,1.2079,1.0296,1.4244,0.9921
80,2009-11-17,47,12-17,6482.5714,7175.1120,6164.8793,8231.1711,1.1249,0.9486,1.3507,0.8825
80,2009-11-17,47,18-44,13213.1429,14651.8229,12671.3882,16999.6571,0.5401,0.4634,0.6319,0.4561
80,2009-11-17,47,45-64,3761.8571,4190.0879,3614.5751,4812.6279,0.4654,0.4022,0.5392,0.3929
80,2009-11-17,47,65+,1347.2857,1486.4239,1281.7044,1719.5759,0.4132,0.3593,0.4764,0.3552
81,2009-11-18,47,0-5,5904.2857,6259.5914,5434.9218,7243.6595,1.0772,0.9066,1.2820,0.9039
81,2009-11-18,47,6-11,8111.1429,8763.3580,7612.1406,10043.2247,1.3046,1.1112,1.5271,1.0423
81,2009-11-18,47,12-17,6398.8571,6950.5558,5977.1761,8020.3866,1.2246,1.0281,1.4497,0.9415
81,2009-11-18,47,18-44,12600.0000,13726.4438,11947.6009,15906.0017,0.5839,0.5018,0.6872,0.4748
81,2009-11-18,47,45-64,3482.1429,3877.1578,3342.0332,4445.6020,0.5040,0.4368,0.5856,0.4078
81,2009-11-18,47,65+,1250.0000,1378.0998,1189.2440,1600.1160,0.4480,0.3899,0.5158,0.3658
82,2009-11-19,47,0-5,5774.1429,5963.6354,5140.2122,6935.5797,1.1462,0.9642,1.3528,0.9615
82,2009-11-19,47,6-11,7969.1429,8430.7032,7357.8727,9702.6740,1.3881,1.1839,1.6328,1.1185
82,2009-11-19,47,12-17,6472.8571,6851.4011,5896.9949,7916.2547,1.3040,1.1053,1.5458,1.0274
82,2009-11-19,47,18-44,12474.2857,13005.9317,11307.7164,15044.7647,0.6217,0.5360,0.7304,0.5103
82,2009-11-19,47,45-64,3454.8571,3598.4519,3103.1116,4151.0465,0.5366,0.4664,0.6221,0.4398
82,2009-11-19,47,65+,1232.5714,1288.5637,1116.1265,1497.1530,0.4775,0.4165,0.5479,0.3935
83,2009-11-20,47,0-5,5636.0000,5749.4464,4932.4728,6694.9653,1.1965,1.0094,1.4128,1.0118
83,2009-11-20,47,6-11,8035.0000,8271.0644,7147.4692,9504.9959,1.4449,1.2339,1.6895,1.2021
83,2009-11-20,47,12-17,6700.4286,6818.8625,5904.4827,7865.7113,1.3479,1.1388,1.6050,1.1185
83,2009-11-20,47,18-44,12363.2857,12494.7723,10838.7444,14437.7126,0.6477,0.5582,0.7557,0.5427
83,2009-11-20,47,45-64,3374.2857,3379.6431,2916.3415,3896.4980,0.5583,0.4854,0.6443,0.4680
83,2009-11-20,47,65+,1216.4286,1218.7080,1060.0081,1411.0872,0.4983,0.4353,0.5707,0.4176
84,2009-11-21,47,0-5,5603.2857,5602.1776,4831.9975,6528.2699,1.2253,1.0358,1.4511,1.0663
84,2009-11-21,47,6-11,8177.5714,8183.1966,7110.8470,9421.2821,1.4646,1.2476,1.7197,1.2830
84,2009-11-21,47,12-17,6909.1429,6857.7780,5944.4878,7906.5612,1.3448,1.1292,1.6115,1.1960
84,2009-11-21,47,18-44,12387.2857,12098.8620,10471.7483,14015.3192,0.6583,0.5690,0.7683,0.5740
84,2009-11-21,47,45-64,3329.1429,3225.6224,2782.2906,3728.8875,0.5662,0.4918,0.6533,0.4942
84,2009-11-21,47,65+,1208.2857,1168.4038,1017.8711,1350.7010,0.5067,0.4424,0.5816,0.4400
85,2009-11-22,48,0-5,5609.2857,5513.4353,4772.9504,6413.8467,1.2267,1.0387,1.4548,1.1141
85,2009-11-22,48,6-11,8355.2857,8144.1279,7080.6195,9363.1671,1.4412,1.2327,1.6888,1.3518
85,2009-11-22,48,12-17,7132.7143,6915.8083,5996.7614,7960.7131,1.3024,1.1041,1.5373,1.2588
85,2009-11-22,48,18-44,12456.0000,11879.9906,10291.4582,13679.6238,0.6501,0.5610,0.7608,0.6001
85,2009-11-22,48,45-64,3309.0000,3127.6368,2696.1424,3596.8613,0.5572,0.4841,0.6459,0.5158
85,2009-11-22,48,65+,1209.7143,1137.2418,985.9255,1318.9988,0.5018,0.4382,0.5757,0.4588
86,2009-11-23,48,0-5,5618.2857,5465.3621,4743.8430,6348.1509,1.2101,1.0217,1.4360,1.1446
86,2009-11-23,48,6-11,8446.1429,8106.6116,7029.8691,9364.6484,1.3881,1.1835,1.6243,1.3892
86,2009-11-23,48,12-17,7235.7143,6907.6037,5999.2209,7941.8962,1.2326,1.0414,1.4707,1.2863
86,2009-11-23,48,18-44,12419.2857,11752.7022,10203.2024,13572.6998,0.6314,0.5426,0.7359,0.6135
86,2009-11-23,48,45-64,3268.2857,3071.6119,2655.5232,3540.3265,0.5390,0.4673,0.6225,0.5257
86,2009-11-23,48,65+,1197.5714,1123.1540,972.1105,1298.6472,0.4884,0.4261,0.5606,0.4673
87,2009-11-24,48,0-5,5615.0000,5462.7766,4729.3042,6314.4048,1.1837,0.9989,1.3976,1.1570
87,2009-11-24,48,6-11,8400.7143,7987.1226,6940.9549,9263.6144,1.3179,1.1214,1.5445,1.3932
87,2009-11-24,48,12-17,7137.2857,6796.6469,5934.5654,7799.6396,1.1458,0.9668,1.3638,1.2738
87,2009-11-24,48,18-44,12252.1429,11676.9006,10125.6481,13475.7043,0.6038,0.5202,0.7003,0.6138
87,2009-11-24,48,45-64,3184.0000,3048.2758,2641.8417,3520.9065,0.5137,0.4464,0.5912,0.5238
87,2009-11-24,48,65+,1182.5714,1122.1839,975.9702,1298.8634,0.4704,0.4117,0.5379,0.4668
88,2009-11-25,48,0-5,5562.8571,5487.8353,4740.0865,6308.6820,1.1571,0.9758,1.3669,1.1536
88,2009-11-25,48,6-11,8137.2857,7811.3565,6813.6100,9085.2410,1.2457,1.0579,1.4641,1.3665
88,2009-11-25,48,12-17,6871.8571,6579.2230,5744.0559,7576.8484,1.0591,0.9000,1.2606,1.2379
88,2009-11-25,48,18-44,12010.7143,11613.8912,10010.3426,13416.7375,0.5737,0.4953,0.6677,0.6067
88,2009-11-25,48,45-64,3132.2857,3037.2761,2639.6569,3528.2775,0.4870,0.4235,0.5617,0.5170
88,2009-11-25,48,65+,1158.4286,1134.0808,982.5971,1310.7088,0.4514,0.3945,0.5171,0.4619
89,2009-11-26,48,0-5,5559.1429,5526.6599,4786.0400,6357.5187,1.1284,0.9468,1.3458,1.1590
89,2009-11-26,48,6-11,7915.8571,7564.7932,6578.1544,8746.3222,1.1822,1.0118,1.3910,1.3505
89,2009-11-26,48,12-17,6594.7143,6237.7576,5436.1017,7192.1044,0.9832,0.8336,1.1650,1.2090
89,2009-11-26,48,18-44,11874.4286,11456.6062,9917.6996,13213.4785,0.5480,0.4727,0.6408,0.6044
89,2009-11-26,48,45-64,3086.2857,3017.2587,2635.3621,3500.6149,0.4644,0.4034,0.5376,0.5141
89,2009-11-26,48,65+,1151.0000,1146.5412,993.7465,1327.6531,0.4359,0.3804,0.5007,0.4612
90,2009-11-27,48,0-5,5520.0000,5567.3391,4817.3359,6416.9158,1.1141,0.9370,1.3232,1.1419
90,2009-11-27,48,6-11,7312.5714,7234.6274,6262.3265,8335.1175,1.1336,0.9622,1.3382,1.2824
90,2009-11-27,48,12-17,5957.1429,5804.6039,5064.2547,6670.6443,0.9230,0.7830,1.0870,1.1300
90,2009-11-27,48,18-44,11302.4286,11171.2457,9688.0181,12860.8062,0.5307,0.4585,0.6186,0.5838
90,2009-11-27,48,45-64,2966.8571,2986.5300,2616.5333,3455.2966,0.4494,0.3907,0.5192,0.4963
90,2009-11-27,48,65+,1152.5714,1161.0616,1008.4033,1343.3241,0.4270,0.3726,0.4913,0.4519
91,2009-11-28,48,0-5,5597.5714,5599.8300,4849.7412,6455.2549,1.0971,0.9203,1.3098,1.1492
91,2009-11-28,48,6-11,6899.0000,6849.2547,5912.9401,7833.7182,1.0968,0.9319,1.2912,1.2503
91,2009-11-28,48,12-17,5450.1429,5313.4831,4621.7156,6095.7286,0.8801,0.7493,1.0318,1.0842
91,2009-11-28,48,18-44,10821.0000,10818.1878,9437.9645,12462.7546,0.5168,0.4465,0.6007,0.5756
91,2009-11-28,48,45-64,2913.5714,2937.3333,2570.2243,3387.5669,0.4384,0.3808,0.5059,0.4897
91,2009-11-28,48,65+,1167.4286,1172.8839,1022.4518,1354.1498,0.4218,0.3672,0.4850,0.4523
92,2009-11-29,49,0-5,5629.2857,5615.9178,4866.4317,6469.0432,1.0856,0.9120,1.2972,1.1481
92,2009-11-29,49,6-11,6433.7143,6423.0054,5561.3197,7394.2051,1.0726,0.9139,1.2599,1.2129
92,2009-11-29,49,12-17,4830.5714,4802.3584,4182.6786,5538.5614,0.8506,0.7242,0.9981,1.0270
92,2009-11-29,49,18-44,10234.4286,10373.2837,9072.8124,11940.0313,0.5093,0.4396,0.5923,0.5634
92,2009-11-29,49,45-64,2816.5714,2869.7982,2501.8380,3305.2446,0.4339,0.3762,0.5006,0.4792
92,2009-11-29,49,65+,1156.8571,1174.7837,1025.6574,1358.3609,0.4215,0.3662,0.4857,0.4481
93,2009-11-30,49,0-5,5599.7143,5592.8308,4848.0320,6447.8775,1.0828,0.9110,1.2935,1.1397
93,2009-11-30,49,6-11,5955.7143,5986.9305,5210.9142,6888.9996,1.0652,0.9068,1.2513,1.1764
93,2009-11-30,49,12-17,4218.0000,4292.0956,3760.2523,4939.2149,0.8345,0.7120,0.9868,0.9731
93,2009-11-30,49,18-44,9608.4286,9874.4286,8635.5213,11365.4696,0.5083,0.4385,0.5906,0.5506
93,2009-11-30,49,45-64,2699.4286,2773.9886,2424.5782,3195.3173,0.4348,0.3771,0.5016,0.4686
93,2009-11-30,49,65+,1140.0000,1167.8578,1015.3766,1349.4749,0.4255,0.3700,0.4907,0.4439
94,2009-12-01,49,0-5,5539.8571,5537.8756,4817.6229,6381.8344,1.0874,0.9139,1.3003,1.1318
94,2009-12-01,49,6-11,5429.7143,5549.3277,4868.0164,6399.1329,1.0711,0.9131,1.2643,1.1399
94,2009-12-01,49,12-17,3624.5714,3804.4211,3337.6599,4373.7588,0.8290,0.7083,0.9706,0.9245
94,2009-12-01,49,18-44,9030.7143,9336.6963,8172.9198,10737.0210,0.5149,0.4449,0.5969,0.5408
94,2009-12-01,49,45-64,2580.5714,2667.3499,2338.7011,3083.2970,0.4430,0.3846,0.5117,0.4616
94,2009-12-01,49,65+,1139.4286,1151.8521,1000.8353,1337.2102,0.4372,0.3792,0.5044,0.4444
95,2009-12-02,49,0-5,5447.0000,5463.4404,4749.8287,6274.5078,1.1023,0.9234,1.3198,1.1301
95,2009-12-02,49,6-11,5035.7143,5141.2938,4509.0049,5964.6119,1.0855,0.9224,1.2775,1.1281
95,2009-12-02,49,12-17,3218.5714,3359.4261,2938.7321,3840.4561,0.8301,0.7092,0.9739,0.9077
95,2009-12-02,49,18-44,8609.7143,8827.9514,7713.2075,10130.2379,0.5246,0.4534,0.6086,0.5396
95,2009-12-02,49,45-64,2472.1429,2556.2699,2234.9183,2971.6478,0.4541,0.3940,0.5240,0.4617
95,2009-12-02,49,65+,1111.2857,1129.6752,980.1061,1312.7587,0.4510,0.3909,0.5206,0.4471
96,2009-12-03,49,0-5,5332.5714,5362.5184,4646.0734,6162.8006,1.1120,0.9311,1.3311,1.1353
96,2009-12-03,49,6-11,4748.4286,4777.3345,4174.6936,5541.8797,1.1053,0.9403,1.3008,1.1390
96,2009-12-03,49,12-17,3021.0000,2951.9170,2588.0881,3363.3337,0.8380,0.7150,0.9809,0.9300
96,2009-12-03,49,18-44,8314.0000,8337.6400,7242.8010,9633.5207,0.5362,0.4623,0.6247,0.5481
96,2009-12-03,49,45-64,2416.2857,2442.2744,2120.4677,2855.8486,0.4678,0.4048,0.5413,0.4722
96,2009-12-03,49,65+,1097.7143,1103.2856,952.9273,1282.7472,0.4671,0.4049,0.5403,0.4584
97,2009-12-04,49,0-5,5275.7143,5234.1639,4542.3293,6040.2437,1.1311,0.9508,1.3516,1.1332
97,2009-12-04,49,6-11,4353.1429,4443.6703,3872.6996,5138.2710,1.1286,0.9635,1.3284,1.1147
97,2009-12-04,49,12-17,2539.5714,2591.2980,2265.1975,2935.9527,0.8508,0.7258,0.9976,0.8842
97,2009-12-04,49,18-44,7719.5714,7869.3858,6858.4319,9069.9062,0.5514,0.4754,0.6438,0.5390
97,2009-12-04,49,45-64,2291.5714,2340.1158,2035.9069,2734.3330,0.4854,0.4194,0.5631,0.4645
97,2009-12-04,49,65+,1057.7143,1077.4307,936.7713,1253.4652,0.4882,0.4228,0.5666,0.4553
98,2009-12-05,49,0-5,5030.5714,5109.6349,4443.6108,5889.3423,1.1490,0.9629,1.3560,1.1122
98,2009-12-05,49,6-11,4016.5714,4156.4502,3612.0621,4786.0346,1.1566,0.9887,1.3564,1.1002
98,2009-12-05,49,12-17,2196.7143,2273.5175,1977.2333,2590.3034,0.8651,0.7423,1.0114,0.8616
98,2009-12-05,49,18-44,7244.8571,7465.1944,6506.9991,8602.4967,0.5682,0.4913,0.6579,0.5338
98,2009-12-05,49,45-64,2194.5714,2252.4051,1957.8535,2636.5079,0.5042,0.4374,0.5808,0.4630
98,2009-12-05,49,65+,1028.4286,1054.4693,913.2052,1226.3184,0.5098,0.4421,0.5875,0.4574
99,2009-12-06,50,0-5,4850.8571,4962.7843,4329.4105,5696.5098,1.1665,0.9752,1.3882,1.1098
99,2009-12-06,50,6-11,3793.5714,3898.5290,3386.9093,4484.3741,1.1861,1.0134,1.3925,1.1094
99,2009-12-06,50,12-17,1951.5714,1994.3725,1735.8029,2272.9282,0.8842,0.7596,1.0295,0.8607
99,2009-12-06,50,18-44,6876.0000,7105.8590,6208.3141,8194.8902,0.5862,0.5050,0.6805,0.5377
99,2009-12-06,50,45-64,2126.5714,2188.3709,1888.4866,2544.8968,0.5233,0.4530,0.6038,0.4694
99,2009-12-06,50,65+,1009.1429,1034.3749,896.2599,1205.1133,0.5315,0.4598,0.6127,0.4667
100,2009-12-07,50,0-5,4755.8571,4827.7524,4219.9465,5507.8281,1.1787,0.9872,1.4038,1.1302
100,2009-12-07,50,6-11,3601.5714,3668.0742,3196.0882,4213.6009,1.2029,1.0287,1.4056,1.1324
100,2009-12-07,50,12-17,1729.0000,1760.5335,1526.7332,2010.2877,0.8943,0.7700,1.0392,0.8678
100,2009-12-07,50,18-44,6674.4286,6816.0750,5918.3403,7849.5502,0.5995,0.5169,0.6960,0.5520
100,2009-12-07,50,45-64,2097.0000,2131.9787,1848.4396,2477.0553,0.5392,0.4664,0.6214,0.4844
100,2009-12-07,50,65+,1003.8571,1016.2826,880.7414,1186.4995,0.5501,0.4761,0.6352,0.4843
101,2009-12-08,50,0-5,4634.0000,4688.0135,4092.4021,5368.4785,1.1788,0.9948,1.4094,1.1448
101,2009-12-08,50,6-11,3436.4286,3458.5329,3026.5358,3982.3293,1.2078,1.0354,1.4138,1.1536
101,2009-12-08,50,12-17,1501.2857,1557.3863,1350.5340,1792.2419,0.8967,0.7719,1.0406,0.8652
101,2009-12-08,50,18-44,6460.8571,6532.9943,5683.4878,7542.9200,0.6032,0.5206,0.7003,0.5639
101,2009-12-08,50,45-64,2069.2857,2081.9941,1804.0745,2407.7447,0.5458,0.4723,0.6306,0.4975
101,2009-12-08,50,65+,997.2857,1004.5119,872.3297,1161.7035,0.5604,0.4845,0.6462,0.5004
102,2009-12-09,50,0-5,4525.1429,4537.7775,3969.8301,5206.2441,1.1813,0.9910,1.4020,1.1635
102,2009-12-09,50,6-11,3277.5714,3273.1090,2868.2943,3773.6576,1.2021,1.0277,1.4100,1.1772
102,2009-12-09,50,12-17,1360.5714,1381.0111,1203.9448,1590.3209,0.8925,0.7706,1.0341,0.8826
102,2009-12-09,50,18-44,6320.2857,6282.1239,5484.2201,7224.6869,0.6020,0.5214,0.6988,0.5798
102,2009-12-09,50,45-64,2054.4286,2039.3928,1767.1578,2344.4625,0.5466,0.4748,0.6308,0.5150
102,2009-12-09,50,65+,1001.8571,991.3005,861.8840,1143.4856,0.5637,0.4880,0.6519,0.5204
103,2009-12-10,50,0-5,4470.1429,4392.6014,3833.5615,5065.3419,1.1706,0.9889,1.3876,1.1931
103,2009-12-10,50,6-11,3204.5714,3100.3832,2715.3604,3555.3086,1.1905,1.0170,1.3924,1.2180
103,2009-12-10,50,12-17,1285.2857,1232.1743,1074.5138,1416.1268,0.8809,0.7576,1.0214,0.9184
103,2009-12-10,50,18-44,6243.0000,6032.2840,5231.7782,6953.2707,0.5959,0.5154,0.6920,0.6005
103,2009-12-10,50,45-64,2052.8571,1993.2344,1725.5816,2289.2412,0.5422,0.4694,0.6259,0.5359
103,2009-12-10,50,65+,1003.7143,977.8147,852.1310,1131.2553,0.5598,0.4839,0.6471,0.5418
104,2009-12-11,50,0-5,4313.8571,4255.5991,3717.6227,4948.4062,1.1633,0.9779,1.3852,1.1896
104,2009-12-11,50,6-11,3012.7143,2934.1402,2586.4409,3364.0544,1.1764,1.0009,1.3746,1.2138
104,2009-12-11,50,12-17,1140.4286,1102.6725,962.8770,1260.9677,0.8656,0.7452,1.0067,0.9126
104,2009-12-11,50,18-44,6015.0000,5770.5730,5010.4130,6651.5314,0.5876,0.5082,0.6839,0.6047
104,2009-12-11,50,45-64,2042.2857,1938.5947,1687.0377,2227.9150,0.5342,0.4633,0.6179,0.5445
104,2009-12-11,50,65+,1011.5714,962.0479,835.9471,1111.7803,0.5520,0.4782,0.6392,0.5552
105,2009-12-12,50,0-5,4193.0000,4120.7443,3593.9255,4781.8756,1.1546,0.9678,1.3756,1.1858
105,2009-12-12,50,6-11,2854.8571,2775.5929,2436.3848,3188.9400,1.1606,0.9921,1.3506,1.2071
105,2009-12-12,50,12-17,1037.8571,991.8675,866.7109,1134.2650,0.8498,0.7358,0.9844,0.9076
105,2009-12-12,50,18-44,5735.8571,5523.8157,4795.9395,6386.4433,0.5791,0.5009,0.6713,0.6026
105,2009-12-12,50,45-64,1985.0000,1886.6909,1646.4546,2169.3290,0.5257,0.4562,0.6058,0.5445
105,2009-12-12,50,65+,989.8571,944.0641,821.0356,1094.8821,0.5435,0.4708,0.6270,0.5569
106,2009-12-13,51,0-5,4023.1429,3995.2885,3482.6640,4620.7627,1.1449,0.9586,1.3778,1.1670
106,2009-12-13,51,6-11,2687.4286,2628.5091,2312.9678,3017.0947,1.1485,0.9800,1.3395,1.1874
106,2009-12-13,51,12-17,922.4286,896.6195,781.5500,1031.4889,0.8417,0.7257,0.9782,0.8839
106,2009-12-13,51,18-44,5391.0000,5274.2203,4600.4950,6067.2913,0.5733,0.4962,0.6657,0.5916
106,2009-12-13,51,45-64,1885.8571,1828.1539,1596.2742,2095.1008,0.5198,0.4508,0.6011,0.5354
106,2009-12-13,51,65+,957.7143,923.4292,801.6558,1066.1723,0.5378,0.4662,0.6225,0.5503
107,2009-12-14,51,0-5,3846.8571,3869.3515,3369.1127,4467.8238,1.1562,0.9712,1.3744,1.1445
107,2009-12-14,51,6-11,2503.8571,2489.4289,2171.8668,2860.7462,1.1539,0.9847,1.3494,1.1586
107,2009-12-14,51,12-17,811.4286,816.6319,708.3944,941.9707,0.8447,0.7286,0.9819,0.8530
107,2009-12-14,51,18-44,5011.1429,5033.6621,4388.7641,5807.6683,0.5773,0.4988,0.6739,0.5763
107,2009-12-14,51,45-64,1769.1429,1765.2282,1536.8670,2026.7073,0.5224,0.4522,0.6057,0.5217
107,2009-12-14,51,65+,911.7143,901.5989,781.5495,1038.4762,0.5398,0.4677,0.6244,0.5384
108,2009-12-15,51,0-5,3691.2857,3752.5487,3253.4841,4328.2409,1.1697,0.9806,1.3948,1.1271
108,2009-12-15,51,6-11,2307.7143,2354.1123,2051.9681,2712.6418,1.1695,1.0006,1.3638,1.1261
108,2009-12-15,51,12-17,705.1429,747.0585,645.9164,865.7912,0.8608,0.7419,0.9975,0.8182
108,2009-12-15,51,18-44,4648.2857,4826.8557,4179.4571,5583.9087,0.5882,0.5063,0.6819,0.5604
108,2009-12-15,51,45-64,1640.5714,1700.4798,1478.2957,1961.5608,0.5329,0.4599,0.6154,0.5053
108,2009-12-15,51,65+,835.1429,876.5458,759.4363,1003.9582,0.5504,0.4754,0.6353,0.5193
109,2009-12-16,51,0-5,3578.5714,3643.3960,3148.6438,4188.4339,1.1943,1.0039,1.4211,1.1347
109,2009-12-16,51,6-11,2165.0000,2233.0701,1932.8508,2570.8582,1.1995,1.0269,1.4044,1.1264
109,2009-12-16,51,12-17,649.4286,687.9935,591.2390,796.9552,0.8836,0.7634,1.0266,0.8232
109,2009-12-16,51,18-44,4430.4286,4631.6466,4007.1435,5382.8694,0.6048,0.5238,0.7011,0.5638
109,2009-12-16,51,45-64,1572.7143,1639.6533,1422.6525,1886.5578,0.5495,0.4763,0.6348,0.5096
109,2009-12-16,51,65+,811.0000,849.8991,735.6689,978.7838,0.5683,0.4910,0.6575,0.5255
110,2009-12-17,51,0-5,3506.2857,3543.4341,3063.1858,4071.6186,1.2233,1.0280,1.4546,1.1624
110,2009-12-17,51,6-11,2066.8571,2126.7823,1840.4463,2451.8165,1.2308,1.0581,1.4394,1.1525
110,2009-12-17,51,12-17,623.7143,638.2909,548.0048,740.0615,0.9095,0.7880,1.0505,0.8547
110,2009-12-17,51,18-44,4342.7143,4473.6384,3855.1571,5216.8286,0.6254,0.5422,0.7264,0.5813
110,2009-12-17,51,45-64,1535.1429,1576.5929,1375.4097,1824.1950,0.5697,0.4935,0.6580,0.5272
110,2009-12-17,51,65+,807.4286,826.5118,713.4280,951.6412,0.5890,0.5081,0.6828,0.5453
111,2009-12-18,51,0-5,3380.7143,3439.5973,2986.1997,3943.8884,1.2474,1.0487,1.4847,1.1647
111,2009-12-18,51,6-11,1915.0000,2033.2372,1761.0422,2338.6865,1.2620,1.0802,1.4746,1.1445
111,2009-12-18,51,12-17,571.8571,595.4039,513.7214,690.2905,0.9320,0.8066,1.0756,0.8529
111,2009-12-18,51,18-44,4169.1429,4343.9425,3747.8912,5042.9054,0.6455,0.5581,0.7500,0.5828
111,2009-12-18,51,45-64,1461.7143,1524.1895,1326.4979,1773.7245,0.5902,0.5107,0.6831,0.5285
111,2009-12-18,51,65+,767.8571,802.8638,692.7481,928.7406,0.6107,0.5274,0.7079,0.5455
112,2009-12-19,51,0-5,3293.0000,3352.4119,2909.9369,3841.6672,1.2697,1.0656,1.5116,1.1908
112,2009-12-19,51,6-11,1864.8571,1946.7813,1692.1602,2251.8549,1.2818,1.1049,1.4929,1.1836
112,2009-12-19,51,12-17,551.1429,558.4868,481.1767,647.0097,0.9462,0.8205,1.0914,0.8843
112,2009-12-19,51,18-44,4153.8571,4227.3545,3672.2615,4917.7938,0.6620,0.5718,0.7680,0.6031
112,2009-12-19,51,45-64,1430.2857,1479.6039,1288.5827,1726.6404,0.6075,0.5257,0.7020,0.5471
112,2009-12-19,51,65+,756.8571,784.1072,674.9865,906.7881,0.6287,0.5441,0.7277,0.5639
113,2009-12-20,52,0-5,3259.1429,3270.1377,2846.9973,3777.5404,1.2745,1.0787,1.5126,1.2328
113,2009-12-20,52,6-11,1851.4286,1871.4034,1615.0469,2156.5246,1.2861,1.1041,1.5012,1.2403
113,2009-12-20,52,12-17,535.8571,523.4478,453.4195,599.2857,0.9487,0.8209,1.0940,0.9263
113,2009-12-20,52,18-44,4178.5714,4144.0996,3620.7553,4793.4782,0.6718,0.5786,0.7787,0.6330
113,2009-12-20,52,45-64,1451.7143,1446.5254,1258.3153,1690.3520,0.6185,0.5342,0.7151,0.5776
113,2009-12-20,52,65+,783.1429,768.5080,664.2270,883.6717,0.6402,0.5541,0.7403,0.5992
114,2009-12-21,52,0-5,3226.0000,3182.4103,2763.4777,3694.8399,1.2735,1.0710,1.5142,1.2704
114,2009-12-21,52,6-11,1840.5714,1797.1820,1551.1923,2066.9315,1.2684,1.0945,1.4779,1.2912
114,2009-12-21,52,12-17,514.1429,490.7776,424.8748,565.1282,0.9407,0.8154,1.0848,0.9586
114,2009-12-21,52,18-44,4226.4286,4081.2511,3556.2878,4714.8095,0.6726,0.5809,0.7840,0.6612
114,2009-12-21,52,45-64,1493.4286,1424.2703,1233.9209,1650.3386,0.6214,0.5377,0.7198,0.6067
114,2009-12-21,52,65+,800.5714,752.6736,653.0788,869.3487,0.6440,0.5571,0.7453,0.6304
115,2009-12-22,52,0-5,3056.4286,3103.6363,2693.6791,3584.9033,1.2656,1.0669,1.5068,1.2285
115,2009-12-22,52,6-11,1713.4286,1714.9360,1486.3345,1969.6644,1.2449,1.0680,1.4518,1.2418
115,2009-12-22,52,12-17,459.4286,459.8359,400.2346,530.0682,0.9288,0.8035,1.0741,0.9086
115,2009-12-22,52,18-44,3991.4286,4016.9096,3505.9695,4655.5124,0.6708,0.5769,0.7837,0.6351
115,2009-12-22,52,45-64,1392.0000,1408.0403,1220.0000,1631.2294,0.6227,0.5370,0.7219,0.5788
115,2009-12-22,52,65+,721.2857,741.1185,644.8801,857.6421,0.6473,0.5572,0.7513,0.5947
116,2009-12-23,52,0-5,3042.2857,3018.6413,2610.2284,3485.6904,1.2612,1.0612,1.4924,1.2653
116,2009-12-23,52,6-11,1679.1429,1630.2807,1423.3727,1867.5174,1.2081,1.0375,1.4078,1.2764
116,2009-12-23,52,12-17,437.1429,432.0566,377.0720,498.2431,0.9114,0.7904,1.0513,0.9318
116,2009-12-23,52,18-44,4044.5714,3960.7825,3461.6186,4567.5650,0.6656,0.5732,0.7734,0.6603
116,2009-12-23,52,45-64,1436.4286,1399.7973,1210.6150,1616.5297,0.6191,0.5341,0.7166,0.6049
116,2009-12-23,52,65+,737.5714,734.1312,637.6312,850.9674,0.6431,0.5536,0.7448,0.6225
117,2009-12-24,52,0-5,2987.2857,2932.8784,2542.8273,3390.1774,1.2441,1.0500,1.4762,1.2764
117,2009-12-24,52,6-11,1616.7143,1536.1349,1346.2210,1762.3461,1.1621,1.0024,1.3482,1.2823
117,2009-12-24,52,12-17,423.1429,405.1733,352.3803,467.6684,0.8887,0.7720,1.0224,0.9439
117,2009-12-24,52,18-44,4001.2857,3899.2948,3384.2797,4500.0278,0.6552,0.5662,0.7630,0.6688
117,2009-12-24,52,45-64,1434.0000,1393.1109,1208.3017,1618.6175,0.6108,0.5278,0.7072,0.6146
117,2009-12-24,52,65+,736.0000,728.1324,632.3221,843.1980,0.6333,0.5472,0.7341,0.6331
118,2009-12-25,52,0-5,2850.8571,2859.4417,2471.1749,3304.8310,1.2274,1.0304,1.4552,1.2532
118,2009-12-25,52,6-11,1468.8571,1432.2482,1251.8046,1643.3360,1.1177,0.9634,1.2973,1.2384
118,2009-12-25,52,12-17,391.1429,379.8638,329.6682,439.0459,0.8679,0.7509,1.0031,0.9239
118,2009-12-25,52,18-44,3901.5714,3831.9588,3312.6116,4421.8115,0.6457,0.5550,0.7549,0.6611
118,2009-12-25,52,45-64,1398.4286,1388.7133,1205.5284,1603.2450,0.6021,0.5196,0.6991,0.6100
118,2009-12-25,52,65+,727.4286,718.6239,619.7437,837.3748,0.6219,0.5377,0.7226,0.6311
119,2009-12-26,52,0-5,2782.0000,2773.3024,2409.8080,3194.4657,1.2088,1.0172,1.4335,1.2526
119,2009-12-26,52,6-11,1337.8571,1313.3372,1147.1119,1506.2191,1.0776,0.9307,1.2454,1.2083
119,2009-12-26,52,12-17,354.8571,354.3696,308.0150,408.8284,0.8481,0.7389,0.9768,0.9056
119,2009-12-26,52,18-44,3809.2857,3757.1695,3260.2747,4340.4305,0.6353,0.5491,0.7358,0.6606
119,2009-12-26,52,45-64,1391.1429,1376.5734,1195.3210,1589.8205,0.5922,0.5125,0.6844,0.6125
119,2009-12-26,52,65+,726.8571,706.3282,611.1845,824.6692,0.6074,0.5263,0.7022,0.6371
120,2009-12-27,1,0-5,2681.5714,2686.6119,2331.7780,3104.5428,1.1902,1.0032,1.4114,1.2392
120,2009-12-27,1,6-11,1218.8571,1196.0969,1045.6823,1366.8432,1.0454,0.9009,1.2129,1.1760
120,2009-12-27,1,12-17,324.8571,330.8512,286.5931,383.2116,0.8363,0.7260,0.9609,0.8846
120,2009-12-27,1,18-44,3681.1429,3669.4466,3181.0173,4251.7384,0.6291,0.5400,0.7319,0.6524
120,2009-12-27,1,45-64,1354.1429,1358.6697,1179.7365,1571.3990,0.5870,0.5061,0.6796,0.6046
120,2009-12-27,1,65+,686.2857,688.1333,597.2348,801.6148,0.5958,0.5157,0.6882,0.6244
121,2009-12-28,1,0-5,2577.4286,2592.8318,2250.7684,2974.2379,1.1790,0.9901,1.3999,1.2178
121,2009-12-28,1,6-11,1088.0000,1077.3832,943.6357,1224.6923,1.0198,0.8778,1.1858,1.1297
121,2009-12-28,1,12-17,296.2857,307.7091,266.4258,357.7773,0.8257,0.7148,0.9515,0.8554
121,2009-12-28,1,18-44,3490.0000,3571.9829,3092.2587,4136.8274,0.6251,0.5330,0.7312,0.6355
121,2009-12-28,1,45-64,1288.0000,1335.3526,1159.1929,1538.5065,0.5828,0.4995,0.6777,0.5873
121,2009-12-28,1,65+,631.2857,663.4034,572.9018,765.5785,0.5836,0.5033,0.6746,0.6012
122,2009-12-29,1,0-5,2489.0000,2489.0401,2164.1178,2852.0808,1.1742,0.9848,1.3947,1.2208
122,2009-12-29,1,6-11,986.7143,964.1945,839.1250,1099.6222,1.0037,0.8633,1.1645,1.1201
122,2009-12-29,1,12-17,285.2857,285.9916,247.4871,331.9788,0.8192,0.7081,0.9460,0.8676
122,2009-12-29,1,18-44,3395.2857,3466.1610,3010.1123,4007.7796,0.6233,0.5325,0.7302,0.6420
122,2009-12-29,1,45-64,1272.4286,1305.1028,1139.3234,1507.2468,0.5807,0.4973,0.6772,0.5974
122,2009-12-29,1,65+,635.1429,632.2811,548.9822,725.2243,0.5715,0.4922,0.6641,0.6157
123,2009-12-30,1,0-5,2377.7143,2378.5356,2075.5197,2719.9203,1.1680,0.9810,1.3935,1.2188
123,2009-12-30,1,6-11,842.4286,855.9637,741.2070,979.8377,0.9955,0.8561,1.1562,1.0885
123,2009-12-30,1,12-17,261.7143,265.2184,228.8478,306.2922,0.8158,0.7054,0.9448,0.8673
123,2009-12-30,1,18-44,3322.5714,3357.5669,2918.7797,3878.6712,0.6238,0.5343,0.7310,0.6491
123,2009-12-30,1,45-64,1271.1429,1272.7833,1108.1348,1467.3979,0.5800,0.4972,0.6760,0.6095
123,2009-12-30,1,65+,634.2857,592.3123,515.5051,679.1483,0.5612,0.4836,0.6499,0.6308
124,2009-12-31,1,0-5,2307.4286,2268.8910,1975.9311,2598.7041,1.1712,0.9794,1.3891,1.2397
124,2009-12-31,1,6-11,777.7143,757.0230,661.5265,868.8843,0.9972,0.8554,1.1591,1.1057
124,2009-12-31,1,12-17,256.0000,245.1395,211.6320,283.3229,0.8173,0.7055,0.9441,0.8944
124,2009-12-31,1,18-44,3297.1429,3240.1374,2819.4184,3753.6031,0.6281,0.5343,0.7369,0.6674
124,2009-12-31,1,45-64,1266.7143,1236.4994,1078.1130,1425.8789,0.5819,0.4966,0.6802,0.6287
124,2009-12-31,1,65+,634.0000,547.7055,476.3274,630.7642,0.5536,0.4774,0.6411,0.6510
125,2010-01-01,1,0-5,2178.4286,2156.9550,1883.4869,2476.2490,1.1726,0.9854,1.3901,1.2146
125,2010-01-01,1,6-11,654.5714,673.5774,590.4795,773.0618,1.0034,0.8650,1.1661,1.0526
125,2010-01-01,1,12-17,228.5714,227.2311,195.3502,261.9417,0.8211,0.7116,0.9470,0.8628
125,2010-01-01,1,18-44,3158.2857,3127.0835,2708.9103,3633.5756,0.6338,0.5432,0.7430,0.6522
125,2010-01-01,1,45-64,1221.4286,1196.5038,1038.0000,1380.8234,0.5863,0.5032,0.6851,0.6104
125,2010-01-01,1,65+,527.2857,500.6781,436.0836,578.2340,0.5529,0.4780,0.6389,0.6086
126,2010-01-02,1,0-5,2036.1429,2042.3879,1794.0144,2356.6614,1.1834,0.9946,1.4072,1.1838
126,2010-01-02,1,6-11,578.8571,602.4869,526.1551,689.1293,1.0208,0.8795,1.1850,1.0198
126,2010-01-02,1,12-17,207.1429,209.9216,181.3334,242.1507,0.8292,0.7179,0.9588,0.8358
126,2010-01-02,1,18-44,2983.2857,3016.2480,2606.0269,3481.7925,0.6444,0.5497,0.7557,0.6354
126,2010-01-02,1,45-64,1160.4286,1156.2090,1003.3463,1340.0560,0.5952,0.5095,0.6947,0.5910
126,2010-01-02,1,65+,439.4286,456.1466,397.2949,528.0790,0.5585,0.4819,0.6459,0.5714
127,2010-01-03,2,0-5,1912.0000,1940.4554,1696.3679,2234.7012,1.1977,1.0080,1.4211,1.1605
127,2010-01-03,2,6-11,517.1429,542.6465,472.6492,624.7059,1.0438,0.8969,1.2148,0.9934
127,2010-01-03,2,12-17,185.5714,194.6887,168.2670,225.9644,0.8418,0.7276,0.9730,0.8062
127,2010-01-03,2,18-44,2798.8571,2911.7829,2518.7679,3363.0319,0.6556,0.5579,0.7736,0.6188
127,2010-01-03,2,45-64,1079.8571,1117.4866,972.4926,1300.1732,0.6052,0.5163,0.7097,0.5706
127,2010-01-03,2,65+,363.7143,417.3430,361.4693,482.7838,0.5685,0.4899,0.6596,0.5373
128,2010-01-04,2,0-5,1779.0000,1837.2987,1608.9647,2129.4718,1.2078,1.0181,1.4309,1.1498
128,2010-01-04,2,6-11,459.4286,495.0173,428.5297,571.9084,1.0665,0.9183,1.2388,0.9835
128,2010-01-04,2,12-17,167.8571,181.5527,156.4973,210.8292,0.8540,0.7399,0.9846,0.7963
128,2010-01-04,2,18-44,2692.8571,2813.1080,2438.9996,3256.1938,0.6646,0.5692,0.7814,0.6180
128,2010-01-04,2,45-64,1016.2857,1074.3455,936.9905,1242.0993,0.6150,0.5272,0.7197,0.5673
128,2010-01-04,2,65+,320.8571,385.2443,331.8570,446.2942,0.5819,0.5025,0.6743,0.5267
129,2010-01-05,2,0-5,1783.7143,1742.3316,1528.7542,2013.6390,1.2146,1.0255,1.4425,1.2442
129,2010-01-05,2,6-11,465.8571,455.9865,396.7677,528.7643,1.0838,0.9309,1.2631,1.0891
129,2010-01-05,2,12-17,172.8571,169.2568,146.3114,197.4787,0.8629,0.7472,0.9968,0.8850
129,2010-01-05,2,18-44,2814.1429,2711.4429,2360.7473,3144.4137,0.6716,0.5729,0.7924,0.6844
129,2010-01-05,2,45-64,1079.0000,1029.7101,895.4494,1196.7280,0.6219,0.5325,0.7288,0.6337
129,2010-01-05,2,65+,347.2857,358.7453,309.3234,417.8233,0.5925,0.5108,0.6860,0.5935
130,2010-01-06,2,0-5,1653.1429,1652.9660,1446.3454,1921.1672,1.2173,1.0241,1.4430,1.2099
130,2010-01-06,2,6-11,420.1429,426.0186,369.6228,494.2770,1.0980,0.9436,1.2750,1.0588
130,2010-01-06,2,12-17,160.1429,158.5564,136.7402,184.9718,0.8679,0.7502,1.0023,0.8592
130,2010-01-06,2,18-44,2620.1429,2598.8596,2259.9316,3007.7714,0.6740,0.5762,0.7915,0.6646
130,2010-01-06,2,45-64,983.7143,984.0901,855.8391,1140.9628,0.6249,0.5357,0.7308,0.6142
130,2010-01-06,2,65+,333.0000,338.4573,290.9009,392.4269,0.5986,0.5168,0.6925,0.5812
131,2010-01-07,2,0-5,1582.2857,1571.5443,1366.6793,1818.5200,1.2208,1.0230,1.4559,1.2195
131,2010-01-07,2,6-11,401.0000,401.2063,348.0476,468.6628,1.1081,0.9528,1.2877,1.0754
131,2010-01-07,2,12-17,152.4286,149.4209,128.7387,174.3603,0.8714,0.7520,1.0078,0.8682
131,2010-01-07,2,18-44,2527.4286,2487.9291,2173.0730,2873.8330,0.6757,0.5759,0.7939,0.6726
131,2010-01-07,2,45-64,957.5714,941.7465,820.6067,1089.0282,0.6279,0.5363,0.7335,0.6230
131,2010-01-07,2,65+,326.1429,323.1771,277.9474,375.1526,0.6035,0.5197,0.6991,0.5920
132,2010-01-08,2,0-5,1504.1429,1495.0152,1290.5490,1725.0370,1.2273,1.0320,1.4659,1.2169
132,2010-01-08,2,6-11,387.2857,381.9460,328.8886,442.6835,1.1235,0.9659,1.3049,1.0849
132,2010-01-08,2,12-17,141.4286,141.6485,121.6851,166.2570,0.8749,0.7558,1.0086,0.8612
132,2010-01-08,2,18-44,2402.0000,2380.1830,2072.8152,2736.6305,0.6806,0.5799,0.7985,0.6718
132,2010-01-08,2,45-64,916.8571,900.4543,785.8377,1043.6998,0.6316,0.5397,0.7361,0.6231
132,2010-01-08,2,65+,322.1429,311.0652,267.4912,360.1311,0.6093,0.5244,0.7046,0.5977
133,2010-01-09,2,0-5,1432.2857,1423.6343,1230.9980,1650.8585,1.2358,1.0399,1.4676,1.2195
133,2010-01-09,2,6-11,375.7143,366.8489,316.5001,424.0304,1.1380,0.9799,1.3248,1.0988
133,2010-01-09,2,12-17,135.7143,134.8108,116.0997,158.3258,0.8806,0.7616,1.0172,0.8649
133,2010-01-09,2,18-44,2306.2857,2276.4430,1981.0847,2628.4640,0.6858,0.5851,0.8068,0.6743
133,2010-01-09,2,45-64,873.2857,863.4527,754.4632,997.0981,0.6362,0.5449,0.7439,0.6248
133,2010-01-09,2,65+,315.0000,301.5431,257.4554,347.9445,0.6153,0.5305,0.7130,0.6022
134,2010-01-10,3,0-5,1345.0000,1355.8265,1174.8441,1570.8694,1.2512,1.0502,1.4883,1.2061
134,2010-01-10,3,6-11,354.0000,354.7334,307.1300,412.8153,1.1569,0.9944,1.3470,1.0912
134,2010-01-10,3,12-17,129.1429,128.7631,110.3582,150.6808,0.8929,0.7700,1.0326,0.8605
134,2010-01-10,3,18-44,2191.4286,2186.9494,1896.8625,2531.3361,0.6956,0.5905,0.8201,0.6693
134,2010-01-10,3,45-64,831.4286,831.7183,724.5693,959.8658,0.6459,0.5511,0.7565,0.6204
134,2010-01-10,3,65+,299.0000,292.4147,250.6509,340.3170,0.6254,0.5387,0.7248,0.5975
135,2010-01-11,3,0-5,1287.5714,1298.4760,1127.0277,1497.3070,1.2689,1.0714,1.5026,1.2086
135,2010-01-11,3,6-11,346.7143,345.6813,299.0059,402.1825,1.1804,1.0187,1.3677,1.1018
135,2010-01-11,3,12-17,123.0000,123.4824,105.2697,145.3462,0.9081,0.7861,1.0438,0.8594
135,2010-01-11,3,18-44,2078.8571,2106.6069,1825.1270,2418.6692,0.7090,0.6068,0.8272,0.6682
135,2010-01-11,3,45-64,794.8571,804.3440,697.1633,927.2502,0.6600,0.5653,0.7675,0.6189
135,2010-01-11,3,65+,285.7143,285.6567,244.7468,333.5603,0.6423,0.5539,0.7426,0.5963
136,2010-01-12,3,0-5,1233.5714,1246.5444,1084.7948,1437.1169,1.2901,1.0865,1.5311,1.2171
136,2010-01-12,3,6-11,335.4286,337.0562,291.2092,393.7680,1.2042,1.0378,1.3974,1.1123
136,2010-01-12,3,12-17,116.1429,118.7452,100.9529,139.9671,0.9269,0.8025,1.0668,0.8599
136,2010-01-12,3,18-44,1998.7143,2035.0288,1763.9505,2333.4065,0.7244,0.6193,0.8483,0.6721
136,2010-01-12,3,45-64,761.1429,779.2205,673.8300,904.4667,0.6772,0.5802,0.7891,0.6214
136,2010-01-12,3,65+,273.1429,280.3037,240.3206,327.5126,0.6634,0.5743,0.7675,0.5980
137,2010-01-13,3,0-5,1182.4286,1200.0458,1045.3123,1393.1840,1.3116,1.1056,1.5535,1.2278
137,2010-01-13,3,6-11,326.5714,329.9456,285.8958,384.7648,1.2296,1.0612,1.4233,1.1277
137,2010-01-13,3,12-17,112.5714,114.4973,97.3652,134.4954,0.9476,0.8222,1.0921,0.8713
137,2010-01-13,3,18-44,1931.1429,1969.6382,1705.9760,2270.2458,0.7402,0.6327,0.8653,0.6795
137,2010-01-13,3,45-64,737.4286,759.3816,657.8320,885.4238,0.6963,0.5979,0.8103,0.6280
137,2010-01-13,3,65+,260.1429,277.6308,238.0248,323.4692,0.6870,0.5939,0.7936,0.6019
138,2010-01-14,3,0-5,1154.4286,1160.1473,1008.2827,1344.8154,1.3309,1.1192,1.5757,1.2594
138,2010-01-14,3,6-11,324.5714,323.9041,280.3376,378.9561,1.2522,1.0803,1.4527,1.1635
138,2010-01-14,3,12-17,111.8571,110.7446,94.4993,129.2221,0.9650,0.8363,1.1124,0.9005
138,2010-01-14,3,18-44,1897.0000,1912.2457,1654.7552,2197.9367,0.7533,0.6465,0.8805,0.6994
138,2010-01-14,3,45-64,730.1429,745.6042,646.1913,867.7575,0.7125,0.6127,0.8291,0.6476
138,2010-01-14,3,65+,258.2857,277.0191,236.6656,323.0119,0.7097,0.6134,0.8208,0.6215
139,2010-01-15,3,0-5,1113.8571,1124.7238,978.7267,1302.7926,1.3432,1.1310,1.5899,1.2681
139,2010-01-15,3,6-11,319.8571,320.2816,275.3039,372.3955,1.2700,1.0930,1.4725,1.1797
139,2010-01-15,3,12-17,107.2857,107.5522,91.6372,125.7934,0.9812,0.8492,1.1304,0.9083
139,2010-01-15,3,18-44,1821.8571,1855.9673,1611.6954,2136.5257,0.7640,0.6543,0.8946,0.7070
139,2010-01-15,3,45-64,716.0000,736.5640,642.2538,858.0703,0.7263,0.6237,0.8464,0.6597
139,2010-01-15,3,65+,274.4286,278.2855,238.1423,322.1002,0.7283,0.6284,0.8438,0.6473
140,2010-01-16,3,0-5,1085.0000,1092.8306,949.4957,1273.3245,1.3487,1.1350,1.6013,1.2902
140,2010-01-16,3,6-11,314.0000,316.1488,271.3406,367.6902,1.2760,1.1010,1.4802,1.2028
140,2010-01-16,3,12-17,102.4286,104.5189,89.2109,122.6745,0.9884,0.8591,1.1351,0.9252
140,2010-01-16,3,18-44,1788.2857,1807.5804,1567.5003,2082.7889,0.7675,0.6574,0.8979,0.7249
140,2010-01-16,3,45-64,727.0000,729.3178,631.8850,849.4994,0.7309,0.6280,0.8494,0.6815
140,2010-01-16,3,65+,280.1429,281.0980,240.8122,327.5545,0.7338,0.6333,0.8496,0.6728
141,2010-01-17,4,0-5,1074.4286,1063.9204,923.9090,1240.4794,1.3475,1.1348,1.5970,1.3314
141,2010-01-17,4,6-11,313.8571,312.1760,269.2529,363.0811,1.2722,1.0986,1.4766,1.2448
141,2010-01-17,4,12-17,102.4286,102.0713,87.2881,120.3690,0.9875,0.8588,1.1350,0.9621
141,2010-01-17,4,18-44,1792.2857,1763.8003,1524.7913,2028.0661,0.7644,0.6565,0.8950,0.7537
141,2010-01-17,4,45-64,741.4286,723.0691,627.1436,837.8155,0.7277,0.6256,0.8461,0.7130
141,2010-01-17,4,65+,297.7143,284.3718,244.1084,331.9574,0.7297,0.6314,0.8440,0.7120
142,2010-01-18,4,0-5,1056.1429,1038.2305,904.1205,1213.9580,1.3484,1.1389,1.5961,1.3470
142,2010-01-18,4,6-11,312.0000,308.5356,265.9936,358.7135,1.2646,1.0931,1.4656,1.2614
142,2010-01-18,4,12-17,102.8571,100.1819,85.3580,117.7034,0.9804,0.8513,1.1278,0.9791
142,2010-01-18,4,18-44,1762.5714,1720.4730,1488.4473,1984.1982,0.7577,0.6502,0.8853,0.7630
142,2010-01-18,4,45-64,738.7143,718.0267,618.8297,831.0068,0.7184,0.6174,0.8359,0.7233
142,2010-01-18,4,65+,301.5714,285.1164,245.9193,331.8953,0.7182,0.6211,0.8304,0.7248
143,2010-01-19,4,0-5,1022.7143,1016.8502,883.7455,1180.7040,1.3407,1.1310,1.5875,1.3344
143,2010-01-19,4,6-11,312.7143,304.1245,262.6851,354.2937,1.2499,1.0768,1.4523,1.2613
143,2010-01-19,4,12-17,99.5714,98.8713,84.5055,115.9383,0.9730,0.8466,1.1182,0.9683
143,2010-01-19,4,18-44,1698.5714,1683.2322,1451.4412,1939.7584,0.7487,0.6448,0.8747,0.7549
143,2010-01-19,4,45-64,722.7143,708.8915,615.4931,819.0544,0.7072,0.6091,0.8225,0.7162
143,2010-01-19,4,65+,299.1429,284.3019,245.5163,330.7673,0.7027,0.6073,0.8125,0.7201
144,2010-01-20,4,0-5,998.4286,999.1811,865.3369,1154.4470,1.3321,1.1219,1.5757,1.3322
144,2010-01-20,4,6-11,302.2857,299.9143,258.6475,349.9905,1.2379,1.0701,1.4337,1.2498
144,2010-01-20,4,12-17,96.5714,98.1331,84.2515,114.9188,0.9674,0.8400,1.1110,0.9626
144,2010-01-20,4,18-44,1659.4286,1645.5485,1422.3524,1907.7059,0.7405,0.6360,0.8638,0.7523
144,2010-01-20,4,45-64,713.1429,699.5296,605.1912,808.8930,0.6976,0.6004,0.8112,0.7140
144,2010-01-20,4,65+,293.1429,281.9930,243.6163,327.0094,0.6899,0.5952,0.7989,0.7163
145,2010-01-21,4,0-5,993.4286,977.7166,846.3673,1127.1626,1.3262,1.1205,1.5752,1.3507
145,2010-01-21,4,6-11,300.2857,295.8043,254.8087,345.8997,1.2298,1.0584,1.4267,1.2613
145,2010-01-21,4,12-17,95.5714,98.0526,83.9312,114.4043,0.9658,0.8370,1.1142,0.9703
145,2010-01-21,4,18-44,1636.0000,1610.7735,1394.4991,1861.7938,0.7362,0.6291,0.8624,0.7588
145,2010-01-21,4,45-64,707.8571,686.8415,597.8110,795.3103,0.6924,0.5929,0.8069,0.7198
145,2010-01-21,4,65+,292.5714,276.8581,239.3010,321.5864,0.6811,0.5865,0.7877,0.7225
146,2010-01-22,4,0-5,950.5714,956.4768,831.8192,1110.4467,1.3354,1.1274,1.5811,1.3165
146,2010-01-22,4,6-11,290.4286,290.9116,250.9957,340.5157,1.2286,1.0623,1.4237,1.2308
146,2010-01-22,4,12-17,95.7143,97.7266,84.1346,114.1839,0.9694,0.8416,1.1164,0.9558
146,2010-01-22,4,18-44,1563.1429,1575.0424,1358.9633,1824.7650,0.7381,0.6334,0.8613,0.7372
146,2010-01-22,4,45-64,678.8571,675.5930,585.2693,781.8154,0.6919,0.5951,0.8052,0.6964
146,2010-01-22,4,65+,263.0000,270.7573,233.1017,314.7102,0.6778,0.5864,0.7844,0.6864
147,2010-01-23,4,0-5,933.2857,940.4644,819.5818,1098.4029,1.3459,1.1354,1.5928,1.3111
147,2010-01-23,4,6-11,285.0000,285.7376,247.2859,331.9164,1.2328,1.0648,1.4242,1.2209
147,2010-01-23,4,12-17,98.2857,97.8006,83.9461,114.1300,0.9749,0.8457,1.1230,0.9566
147,2010-01-23,4,18-44,1504.0000,1549.3842,1336.8461,1795.9761,0.7431,0.6364,0.8664,0.7265
147,2010-01-23,4,45-64,644.5714,662.6124,574.1419,764.2644,0.6959,0.5972,0.8089,0.6835
147,2010-01-23,4,65+,253.5714,263.4184,226.7690,306.0094,0.6818,0.5886,0.7871,0.6736
148,2010-01-24,5,0-5,911.7143,926.7076,808.8307,1074.2076,1.3581,1.1453,1.6075,1.3166
148,2010-01-24,5,6-11,277.2857,279.6930,242.5205,324.7820,1.2392,1.0689,1.4382,1.2230
148,2010-01-24,5,12-17,98.0000,97.7967,83.1646,113.7961,0.9830,0.8533,1.1320,0.9641
148,2010-01-24,5,18-44,1484.8571,1524.3424,1317.3825,1767.9440,0.7502,0.6433,0.8779,0.7301
148,2010-01-24,5,45-64,627.8571,648.8748,561.5113,750.1441,0.7031,0.6027,0.8187,0.6848
148,2010-01-24,5,65+,241.0000,256.2001,219.9382,297.2658,0.6899,0.5953,0.7969,0.6695
149,2010-01-25,5,0-5,900.1429,910.6506,798.3238,1051.3653,1.3641,1.1488,1.6108,1.3316
149,2010-01-25,5,6-11,270.8571,273.5480,236.4458,316.8597,1.2450,1.0735,1.4428,1.2303
149,2010-01-25,5,12-17,94.7143,96.9996,82.4443,113.6217,0.9883,0.8590,1.1376,0.9648
149,2010-01-25,5,18-44,1466.5714,1500.3407,1291.2159,1735.0500,0.7543,0.6463,0.8852,0.7370
149,2010-01-25,5,45-64,614.1429,635.9097,546.8114,734.1252,0.7073,0.6083,0.8243,0.6904
149,2010-01-25,5,65+,237.7143,249.9055,214.9524,290.5388,0.6962,0.6013,0.8073,0.6761
150,2010-01-26,5,0-5,895.5714,899.2612,785.8554,1035.6664,1.3674,1.1572,1.6153,1.3536
150,2010-01-26,5,6-11,263.7143,266.6969,230.0456,309.2720,1.2496,1.0765,1.4465,1.2414
150,2010-01-26,5,12-17,97.0000,95.8058,81.8373,112.6138,0.9916,0.8606,1.1410,0.9887
150,2010-01-26,5,18-44,1454.8571,1474.1608,1279.1294,1707.6281,0.7592,0.6509,0.8844,0.7491
150,2010-01-26,5,45-64,608.4286,621.0066,533.4404,716.9433,0.7120,0.6126,0.8270,0.7027
150,2010-01-26,5,65+,238.0000,244.4490,209.9589,284.0648,0.7021,0.6070,0.8116,0.6899
151,2010-01-27,5,0-5,889.2857,886.7253,770.9924,1017.5626,1.3656,1.1512,1.6132,1.3731
151,2010-01-27,5,6-11,264.7143,260.4472,225.1003,300.6137,1.2432,1.0744,1.4413,1.2661
151,2010-01-27,5,12-17,97.5714,94.4756,80.9753,111.0139,0.9885,0.8575,1.1366,1.0069
151,2010-01-27,5,18-44,1448.8571,1450.2427,1258.2947,1676.7805,0.7556,0.6514,0.8836,0.7615
151,2010-01-27,5,45-64,604.1429,607.5757,525.5106,701.7031,0.7097,0.6119,0.8247,0.7146
151,2010-01-27,5,65+,238.1429,239.0408,205.7560,278.2720,0.7017,0.6078,0.8100,0.7028
152,2010-01-28,5,0-5,866.5714,872.5198,758.8827,1004.9582,1.3507,1.1388,1.5984,1.3747
152,2010-01-28,5,6-11,257.2857,254.0369,219.4659,294.7991,1.2370,1.0641,1.4318,1.2708
152,2010-01-28,5,12-17,96.4286,92.8639,79.3355,108.8192,0.9803,0.8495,1.1293,1.0160
152,2010-01-28,5,18-44,1451.7143,1426.6936,1241.7343,1644.0924,0.7480,0.6410,0.8753,0.7703
152,2010-01-28,5,45-64,601.4286,594.0270,515.7141,688.5722,0.7028,0.6036,0.8181,0.7239
152,2010-01-28,5,65+,236.2857,235.1733,202.6530,272.9519,0.6972,0.6018,0.8056,0.7113
153,2010-01-29,5,0-5,870.0000,857.6639,745.9245,988.8863,1.3360,1.1241,1.5831,1.3979
153,2010-01-29,5,6-11,252.4286,247.6847,214.8420,287.9166,1.2277,1.0583,1.4245,1.2803
153,2010-01-29,5,12-17,94.7143,91.3688,77.5840,107.1884,0.9734,0.8428,1.1238,1.0202
153,2010-01-29,5,18-44,1454.2857,1400.7227,1219.6084,1615.3591,0.7386,0.6343,0.8672,0.7799
153,2010-01-29,5,45-64,593.8571,580.5490,504.3096,671.7642,0.6939,0.5959,0.8082,0.7316
153,2010-01-29,5,65+,239.8571,231.5376,199.9643,269.8067,0.6885,0.5942,0.7983,0.7227
154,2010-01-30,5,0-5,846.5714,840.4787,727.0187,969.8051,1.3140,1.1066,1.5537,1.3842
154,2010-01-30,5,6-11,245.1429,242.4108,210.7758,282.3880,1.2215,1.0507,1.4122,1.2693
154,2010-01-30,5,12-17,89.8571,90.0041,76.7340,105.5705,0.9685,0.8381,1.1184,1.0049
154,2010-01-30,5,18-44,1433.7143,1374.2248,1194.8471,1577.1960,0.7290,0.6227,0.8482,0.7762
154,2010-01-30,5,45-64,589.8571,567.4220,491.9195,656.8790,0.6834,0.5859,0.7950,0.7295
154,2010-01-30,5,65+,236.0000,228.0468,196.3721,266.0377,0.6776,0.5850,0.7832,0.7205
155,2010-01-31,6,0-5,828.8571,822.2421,710.7313,945.7859,1.2996,1.0924,1.5420,1.3504
155,2010-01-31,6,6-11,239.7143,238.7544,206.2514,278.4931,1.2219,1.0510,1.4195,1.2343
155,2010-01-31,6,12-17,86.2857,89.1767,76.2823,104.9608,0.9743,0.8418,1.1246,0.9686
155,2010-01-31,6,18-44,1346.4286,1341.1211,1156.1043,1548.3301,0.7198,0.6150,0.8446,0.7467
155,2010-01-31,6,45-64,562.2857,554.4247,478.8109,642.6510,0.6756,0.5804,0.7887,0.7013
155,2010-01-31,6,65+,227.8571,224.4498,193.2406,260.5710,0.6687,0.5787,0.7756,0.6959
156,2010-02-01,6,0-5,798.7143,802.3160,696.9795,923.5413,1.2901,1.0884,1.5304,1.3212
156,2010-02-01,6,6-11,230.2857,236.4857,205.3280,276.7210,1.2332,1.0610,1.4310,1.2083
156,2010-02-01,6,12-17,86.1429,89.3868,76.0394,105.0647,0.9898,0.8579,1.1426,0.9596
156,2010-02-01,6,18-44,1291.5714,1307.5254,1124.0103,1509.1247,0.7164,0.6153,0.8415,0.7308
156,2010-02-01,6,45-64,541.5714,541.8403,465.5253,627.8060,0.6730,0.5796,0.7845,0.6874
156,2010-02-01,6,65+,220.7143,220.7041,189.2305,255.0294,0.6647,0.5747,0.7703,0.6826
157,2010-02-02,6,0-5,776.4286,782.6594,675.5659,895.3239,1.2866,1.0849,1.5311,1.3122
157,2010-02-02,6,6-11,229.7143,235.5904,204.1030,276.1829,1.2513,1.0793,1.4488,1.2127
157,2010-02-02,6,12-17,86.7143,90.3276,76.4527,106.3611,1.0128,0.8754,1.1679,0.9624
157,2010-02-02,6,18-44,1255.1429,1274.1367,1095.3831,1475.1972,0.7186,0.6167,0.8373,0.7254
157,2010-02-02,6,45-64,519.8571,529.9572,457.8430,614.6618,0.6757,0.5806,0.7839,0.6802
157,2010-02-02,6,65+,211.4286,216.0285,186.8609,249.9639,0.6647,0.5742,0.7669,0.6730
158,2010-02-03,6,0-5,752.8571,760.3725,657.1049,876.0980,1.2833,1.0779,1.5129,1.3041
158,2010-02-03,6,6-11,225.5714,236.4572,204.1782,276.2839,1.2738,1.0987,1.4784,1.2121
158,2010-02-03,6,12-17,87.4286,92.1446,77.8568,108.5035,1.0381,0.8986,1.1982,0.9691
158,2010-02-03,6,18-44,1215.7143,1234.8733,1072.5354,1439.4865,0.7205,0.6187,0.8405,0.7221
158,2010-02-03,6,45-64,502.4286,516.9437,450.6216,595.6840,0.6786,0.5836,0.7876,0.6775
158,2010-02-03,6,65+,207.0000,210.6622,181.2492,244.4249,0.6646,0.5750,0.7672,0.6715
159,2010-02-04,6,0-5,741.8571,736.7326,640.2659,849.7343,1.2830,1.0788,1.5150,1.3172
159,2010-02-04,6,6-11,231.0000,238.6283,205.1219,278.9493,1.2939,1.1155,1.5072,1.2420
159,2010-02-04,6,12-17,89.4286,94.7782,80.3249,111.1232,1.0659,0.9207,1.2319,0.9922
159,2010-02-04,6,18-44,1186.4286,1197.1895,1041.6065,1388.0327,0.7225,0.6207,0.8461,0.7303
159,2010-02-04,6,45-64,497.0000,504.5414,438.7845,582.7097,0.6814,0.5865,0.7929,0.6865
159,2010-02-04,6,65+,205.1429,204.3647,175.5742,237.8304,0.6654,0.5753,0.7683,0.6814
160,2010-02-05,6,0-5,698.0000,713.0457,619.0413,824.6270,1.2809,1.0842,1.5178,1.2783
160,2010-02-05,6,6-11,235.0000,241.6500,207.7123,281.2043,1.3041,1.1219,1.5079,1.2447
160,2010-02-05,6,12-17,96.5714,97.8487,83.0266,114.8862,1.0818,0.9354,1.2528,1.0166
160,2010-02-05,6,18-44,1120.7143,1158.2403,1005.8656,1345.9969,0.7240,0.6226,0.8425,0.7171
160,2010-02-05,6,45-64,482.2857,492.0178,426.2975,570.2490,0.6824,0.5887,0.7931,0.6773
160,2010-02-05,6,65+,194.0000,197.4946,169.7467,228.3633,0.6641,0.5756,0.7669,0.6683
161,2010-02-06,6,0-5,674.1429,689.1443,599.3337,797.1783,1.2722,1.0752,1.5113,1.2774
161,2010-02-06,6,6-11,239.8571,245.3051,211.4096,284.8055,1.3067,1.1270,1.5146,1.2665
161,2010-02-06,6,12-17,102.2857,101.2999,86.1129,118.8854,1.0886,0.9395,1.2565,1.0444
161,2010-02-06,6,18-44,1093.2857,1124.0590,973.7286,1300.0468,0.7207,0.6200,0.8393,0.7195
161,2010-02-06,6,45-64,464.5714,479.1180,413.1885,555.3492,0.6794,0.5850,0.7897,0.6783
161,2010-02-06,6,65+,188.4286,190.3343,164.6410,219.7661,0.6603,0.5703,0.7641,0.6680
162,2010-02-07,7,0-5,659.7143,666.2033,577.4659,772.7869,1.2526,1.0551,1.4822,1.3006
162,2010-02-07,7,6-11,248.4286,247.8921,214.3986,286.3335,1.2905,1.1130,1.4968,1.3120
162,2010-02-07,7,12-17,108.5714,104.3200,88.8269,122.5392,1.0795,0.9330,1.2524,1.0910
162,2010-02-07,7,18-44,1090.5714,1087.4348,944.7884,1261.7874,0.7091,0.6117,0.8262,0.7392
162,2010-02-07,7,45-64,467.7143,465.8849,403.6713,539.6496,0.6696,0.5770,0.7773,0.6979
162,2010-02-07,7,65+,184.2857,183.1595,159.0003,211.6386,0.6516,0.5627,0.7536,0.6825
163,2010-02-08,7,0-5,651.7143,640.8982,555.0816,745.4980,1.2307,1.0341,1.4633,1.3182
163,2010-02-08,7,6-11,256.5714,248.8528,215.4051,286.8890,1.2584,1.0877,1.4588,1.3393
163,2010-02-08,7,12-17,109.7143,106.7490,91.5293,124.7814,1.0599,0.9145,1.2271,1.1002
163,2010-02-08,7,18-44,1071.8571,1048.4489,910.5252,1211.5972,0.6926,0.5964,0.8069,0.7457
163,2010-02-08,7,45-64,461.1429,451.0752,391.6327,520.8115,0.6545,0.5641,0.7603,0.7021
163,2010-02-08,7,65+,177.5714,175.8273,152.4788,204.5489,0.6395,0.5526,0.7396,0.6832
164,2010-02-09,7,0-5,644.5714,616.5416,533.8981,715.4872,1.2051,1.0172,1.4268,1.3396
164,2010-02-09,7,6-11,266.2857,248.1752,215.3710,285.5660,1.2206,1.0527,1.4205,1.3761
164,2010-02-09,7,12-17,117.2857,108.2164,92.8779,126.5866,1.0374,0.8950,1.1973,1.1436
164,2010-02-09,7,18-44,1063.1429,1008.0318,877.6423,1159.7226,0.6760,0.5819,0.7880,0.7613
164,2010-02-09,7,45-64,466.5714,436.4272,380.4360,505.9016,0.6407,0.5509,0.7447,0.7196
164,2010-02-09,7,65+,179.2857,169.7981,146.5279,196.5820,0.6281,0.5425,0.7273,0.7012
165,2010-02-10,7,0-5,600.8571,592.1052,515.0010,683.1177,1.1883,0.9992,1.4115,1.2757
165,2010-02-10,7,6-11,256.5714,244.3009,211.9555,280.1438,1.1889,1.0242,1.3899,1.3133
165,2010-02-10,7,12-17,114.2857,108.8635,93.4719,127.4895,1.0170,0.8774,1.1795,1.0924
165,2010-02-10,7,18-44,998.0000,966.6040,842.0859,1110.1914,0.6643,0.5702,0.7755,0.7238
165,2010-02-10,7,45-64,433.7143,421.6744,365.1876,488.1075,0.6306,0.5411,0.7332,0.6826
165,2010-02-10,7,65+,167.4286,163.9899,142.2487,189.7126,0.6224,0.5367,0.7235,0.6650
166,2010-02-11,7,0-5,583.8571,568.7123,495.8232,657.5916,1.1834,0.9990,1.4130,1.2770
166,2010-02-11,7,6-11,252.7143,238.5601,206.9927,275.3049,1.1727,1.0084,1.3634,1.3097
166,2010-02-11,7,12-17,114.2857,108.9890,93.5193,127.0469,1.0151,0.8735,1.1776,1.0980
166,2010-02-11,7,18-44,978.1429,925.5260,807.9472,1061.7523,0.6618,0.5683,0.7752,0.7282
166,2010-02-11,7,45-64,435.4286,408.7481,352.3215,473.3066,0.6309,0.5427,0.7352,0.6909
166,2010-02-11,7,65+,168.5714,159.6846,137.8163,185.5550,0.6264,0.5411,0.7295,0.6764
167,2010-02-12,7,0-5,523.2857,546.1338,476.1223,632.9644,1.1963,1.0064,1.4274,1.1494
167,2010-02-12,7,6-11,219.5714,230.9034,199.7426,268.5153,1.1743,1.0137,1.3648,1.1449
167,2010-02-12,7,12-17,99.8571,108.3400,93.1333,126.6187,1.0268,0.8881,1.1889,0.9491
167,2010-02-12,7,18-44,843.5714,887.9393,771.5102,1022.2083,0.6713,0.5796,0.7858,0.6334
167,2010-02-12,7,45-64,352.8571,396.8582,341.7231,460.2788,0.6436,0.5560,0.7467,0.5898
167,2010-02-12,7,65+,135.0000,156.4435,135.0833,181.9565,0.6457,0.5581,0.7467,0.5705
168,2010-02-13,7,0-5,524.5714,526.0629,455.5378,609.7456,1.2277,1.0346,1.4512,1.2043
168,2010-02-13,7,6-11,222.2857,222.5716,193.1152,259.1772,1.1949,1.0315,1.3824,1.2021
168,2010-02-13,7,12-17,104.0000,107.2396,92.2686,125.8799,1.0525,0.9071,1.2198,1.0160
168,2010-02-13,7,18-44,836.5714,858.3743,745.2127,988.2593,0.6929,0.5961,0.8051,0.6705
168,2010-02-13,7,45-64,375.8571,386.9835,332.5041,450.6038,0.6677,0.5742,0.7736,0.6339
168,2010-02-13,7,65+,142.5714,154.7518,132.7552,180.6260,0.6754,0.5820,0.7826,0.6184
169,2010-02-14,8,0-5,497.7143,507.2503,437.3814,589.8011,1.2674,1.0711,1.4937,1.1955
169,2010-02-14,8,6-11,212.4286,213.5519,184.5358,249.1169,1.2269,1.0598,1.4246,1.1944
169,2010-02-14,8,12-17,102.2857,106.0371,91.1245,124.4504,1.0881,0.9404,1.2595,1.0201
169,2010-02-14,8,18-44,795.4286,830.0609,714.7693,960.1852,0.7212,0.6204,0.8394,0.6689
169,2010-02-14,8,45-64,359.2857,378.3106,325.3898,439.2171,0.6986,0.6017,0.8114,0.6362
169,2010-02-14,8,65+,145.5714,154.3116,131.7198,180.6972,0.7120,0.6130,0.8252,0.6313
170,2010-02-15,8,0-5,471.7143,491.1531,422.8542,574.4320,1.3066,1.1041,1.5437,1.1939
170,2010-02-15,8,6-11,198.8571,204.5811,176.3799,237.7828,1.2639,1.0901,1.4626,1.1890
170,2010-02-15,8,12-17,105.2857,104.1752,89.5033,122.2012,1.1216,0.9714,1.2938,1.0567
170,2010-02-15,8,18-44,767.8571,806.7008,695.8798,935.8144,0.7503,0.6461,0.8729,0.6782
170,2010-02-15,8,45-64,356.8571,372.3186,321.4623,433.2657,0.7298,0.6283,0.8473,0.6520
170,2010-02-15,8,65+,147.2857,155.0553,132.5961,181.1190,0.7492,0.6441,0.8702,0.6516
171,2010-02-16,8,0-5,447.1429,477.3926,410.8352,556.4196,1.3480,1.1395,1.5893,1.1782
171,2010-02-16,8,6-11,176.4286,195.5005,168.4896,227.5530,1.2982,1.1239,1.4971,1.1400
171,2010-02-16,8,12-17,95.2857,102.2314,87.5110,119.9444,1.1534,0.9991,1.3292,1.0150
171,2010-02-16,8,18-44,725.2857,790.0764,686.2781,916.9665,0.7794,0.6702,0.9003,0.6668
171,2010-02-16,8,45-64,341.1429,367.4811,317.6339,427.5299,0.7587,0.6543,0.8769,0.6437
171,2010-02-16,8,65+,145.1429,156.9249,133.4913,183.1034,0.7801,0.6729,0.9052,0.6504
172,2010-02-17,8,0-5,457.2857,466.8493,402.4619,542.1624,1.3641,1.1527,1.6177,1.2714
172,2010-02-17,8,6-11,177.7143,187.3154,161.6301,218.0008,1.3124,1.1309,1.5201,1.2268
172,2010-02-17,8,12-17,96.8571,99.9581,85.1619,117.4127,1.1620,1.0043,1.3433,1.0924
172,2010-02-17,8,18-44,753.5714,778.5504,675.7591,903.9363,0.7901,0.6786,0.9217,0.7263
172,2010-02-17,8,45-64,363.1429,364.1767,314.3843,424.2243,0.7704,0.6622,0.8958,0.7059
172,2010-02-17,8,65+,158.0000,158.8882,135.4704,185.9075,0.7943,0.6817,0.9229,0.7199
173,2010-02-18,8,0-5,451.2857,456.8113,393.6159,529.6277,1.3566,1.1421,1.6048,1.3016
173,2010-02-18,8,6-11,171.4286,179.3649,155.2472,208.9943,1.3010,1.1219,1.5115,1.2458
173,2010-02-18,8,12-17,94.0000,97.7135,82.3819,113.8665,1.1455,0.9892,1.3246,1.1002
173,2010-02-18,8,18-44,751.8571,766.5669,662.1410,891.5871,0.7835,0.6733,0.9164,0.7403
173,2010-02-18,8,45-64,353.8571,362.1151,311.8630,419.7474,0.7623,0.6565,0.8907,0.7159
173,2010-02-18,8,65+,157.2857,160.2008,137.2909,187.9759,0.7839,0.6738,0.9097,0.7305
174,2010-02-19,8,0-5,478.2857,446.9913,387.4511,519.2322,1.3206,1.1138,1.5586,1.4480
174,2010-02-19,8,6-11,187.2857,172.1331,149.7330,199.9921,1.2584,1.0843,1.4591,1.4150
174,2010-02-19,8,12-17,103.4286,94.4718,79.9054,111.1604,1.1031,0.9546,1.2723,1.2536
174,2010-02-19,8,18-44,829.7143,754.8661,650.8282,877.2706,0.7567,0.6522,0.8843,0.8436
174,2010-02-19,8,45-64,404.0000,357.5225,309.3280,414.5158,0.7347,0.6333,0.8550,0.8254
174,2010-02-19,8,65+,186.8571,160.1272,137.1434,187.1434,0.7519,0.6470,0.8749,0.8542
175,2010-02-20,8,0-5,445.0000,436.8216,378.7915,504.0087,1.2715,1.0736,1.5054,1.3583
175,2010-02-20,8,6-11,171.8571,165.1423,142.8915,190.8256,1.2025,1.0399,1.3926,1.3204
175,2010-02-20,8,12-17,97.0000,91.1460,77.4388,108.1217,1.0546,0.9132,1.2118,1.1678
175,2010-02-20,8,18-44,781.5714,739.8434,639.4014,858.1696,0.7243,0.6239,0.8421,0.7872
175,2010-02-20,8,45-64,371.2857,350.8016,302.1808,409.4994,0.7005,0.6038,0.8112,0.7653
175,2010-02-20,8,65+,174.1429,158.5198,136.1437,185.2702,0.7137,0.6151,0.8279,0.7895
176,2010-02-21,9,0-5,437.4286,425.7033,368.9437,488.5261,1.2251,1.0300,1.4603,1.3368
176,2010-02-21,9,6-11,165.8571,157.9833,135.9290,182.9859,1.1462,0.9887,1.3305,1.2878
176,2010-02-21,9,12-17,91.7143,88.0699,74.8123,103.1461,1.0010,0.8590,1.1605,1.1247
176,2010-02-21,9,18-44,754.5714,723.9505,630.1306,835.8306,0.6895,0.5929,0.8060,0.7661
176,2010-02-21,9,45-64,363.8571,345.3080,297.3760,401.4082,0.6647,0.5714,0.7721,0.7426
176,2010-02-21,9,65+,166.1429,156.1025,133.7856,181.3345,0.6750,0.5819,0.7830,0.7608
177,2010-02-22,9,0-5,419.8571,411.9910,354.7754,473.8244,1.1798,0.9981,1.4026,1.2945
177,2010-02-22,9,6-11,155.4286,150.4570,130.1706,174.4429,1.0937,0.9424,1.2650,1.2354
177,2010-02-22,9,12-17,87.2857,84.4549,72.6392,98.8464,0.9500,0.8217,1.1024,1.0800
177,2010-02-22,9,18-44,717.7143,703.3552,610.9210,812.8714,0.6578,0.5664,0.7669,0.7362
177,2010-02-22,9,45-64,345.4286,336.6771,291.0026,391.8933,0.6312,0.5434,0.7349,0.7118
177,2010-02-22,9,65+,158.1429,152.3353,130.8715,175.8616,0.6398,0.5495,0.7460,0.7282
178,2010-02-23,9,0-5,404.5714,396.7873,343.0541,458.3603,1.1430,0.9667,1.3567,1.2709
178,2010-02-23,9,6-11,146.2857,142.5468,123.1106,166.7887,1.0468,0.9024,1.2114,1.2039
178,2010-02-23,9,12-17,83.8571,80.8456,69.6679,94.5279,0.9129,0.7892,1.0587,1.0563
178,2010-02-23,9,18-44,690.7143,678.2417,588.6128,781.0014,0.6314,0.5414,0.7360,0.7200
178,2010-02-23,9,45-64,330.2857,326.2029,281.8935,376.1581,0.6055,0.5197,0.7029,0.6946
178,2010-02-23,9,65+,151.1429,147.2645,126.5015,170.0412,0.6133,0.5266,0.7123,0.7089
179,2010-02-24,9,0-5,387.1429,380.6182,329.6841,438.6935,1.1208,0.9463,1.3330,1.2527
179,2010-02-24,9,6-11,139.8571,134.0747,114.6257,156.7268,1.0189,0.8719,1.1886,1.1900
179,2010-02-24,9,12-17,81.4286,76.6028,65.6395,90.6322,0.8851,0.7641,1.0288,1.0466
179,2010-02-24,9,18-44,668.4286,648.9063,566.1619,747.9090,0.6150,0.5273,0.7233,0.7107
179,2010-02-24,9,45-64,316.2857,313.0444,272.1171,360.6801,0.5902,0.5061,0.6886,0.6836
179,2010-02-24,9,65+,142.0000,140.4963,121.2649,163.7046,0.6009,0.5143,0.6979,0.6923
180,2010-02-25,9,0-5,373.1429,364.6927,315.6515,420.0040,1.1133,0.9372,1.3297,1.2533
180,2010-02-25,9,6-11,136.8571,125.3579,106.8754,146.5967,1.0090,0.8691,1.1748,1.2036
180,2010-02-25,9,12-17,81.1429,72.1204,61.1615,84.7573,0.8766,0.7546,1.0217,1.0663
180,2010-02-25,9,18-44,651.8571,616.1797,534.6945,712.7974,0.6088,0.5234,0.7130,0.7174
180,2010-02-25,9,45-64,313.2857,297.6519,258.4585,343.3549,0.5846,0.5021,0.6816,0.6926
180,2010-02-25,9,65+,139.2857,133.9282,114.8810,156.5789,0.5982,0.5133,0.6944,0.7008
181,2010-02-26,9,0-5,332.8571,347.7713,302.7536,402.4468,1.1296,0.9524,1.3413,1.1231
181,2010-02-26,9,6-11,113.4286,117.2850,100.2194,135.9948,1.0288,0.8892,1.1892,1.0418
181,2010-02-26,9,12-17,67.4286,67.7985,58.4132,79.8742,0.9013,0.7751,1.0435,0.9157
181,2010-02-26,9,18-44,550.7143,582.1574,503.9438,676.6474,0.6193,0.5324,0.7197,0.6227
181,2010-02-26,9,45-64,260.0000,282.9013,245.8685,326.2745,0.5964,0.5119,0.6918,0.5938
181,2010-02-26,9,65+,109.4286,127.2963,109.2883,148.8838,0.6135,0.5274,0.7126,0.5910
182,2010-02-27,9,0-5,329.4286,332.3436,289.7263,385.6395,1.1664,0.9840,1.3839,1.1534
182,2010-02-27,9,6-11,104.5714,110.0663,94.3481,127.8040,1.0689,0.9209,1.2420,1.0426
182,2010-02-27,9,12-17,58.4286,64.1314,55.3500,75.6599,0.9480,0.8207,1.0994,0.8973
182,2010-02-27,9,18-44,527.0000,549.5047,476.4135,638.8736,0.6440,0.5542,0.7490,0.6342
182,2010-02-27,9,45-64,257.1429,268.6122,232.6309,309.8759,0.6225,0.5353,0.7215,0.6089
182,2010-02-27,9,65+,111.8571,121.9443,104.2160,142.6422,0.6438,0.5532,0.7477,0.6168
183,2010-02-28,10,0-5,308.5714,318.2104,278.5121,371.3833,1.2144,1.0222,1.4488,1.1396
183,2010-02-28,10,6-11,95.7143,103.9193,89.1221,121.4044,1.1332,0.9743,1.3111,1.0298
183,2010-02-28,10,12-17,54.7143,61.4459,52.4848,72.0992,1.0214,0.8763,1.1828,0.8945
183,2010-02-28,10,18-44,493.7143,520.4082,452.2922,603.8538,0.6789,0.5847,0.7893,0.6302
183,2010-02-28,10,45-64,241.4286,255.6721,219.6820,295.9579,0.6591,0.5677,0.7651,0.6077
183,2010-02-28,10,65+,108.4286,117.3546,100.4252,137.7422,0.6842,0.5865,0.7961,0.6212
184,2010-03-01,10,0-5,298.2857,305.9080,267.0225,358.7799,1.2775,1.0730,1.5103,1.1578
184,2010-03-01,10,6-11,93.7143,98.7536,85.3589,115.9402,1.2117,1.0459,1.4021,1.0583
184,2010-03-01,10,12-17,52.7143,59.3901,50.2148,70.5555,1.1165,0.9579,1.3026,0.9151
184,2010-03-01,10,18-44,467.2857,495.8484,429.7414,572.6602,0.7204,0.6224,0.8382,0.6403
184,2010-03-01,10,45-64,231.0000,244.4540,208.9114,282.0587,0.7023,0.6058,0.8151,0.6194
184,2010-03-01,10,65+,107.5714,113.6767,97.4880,132.5926,0.7299,0.6262,0.8497,0.6398
185,2010-03-02,10,0-5,279.4286,296.9897,257.5952,344.5635,1.3381,1.1300,1.5825,1.1592
185,2010-03-02,10,6-11,89.1429,95.5140,81.9113,111.5836,1.2984,1.1212,1.5061,1.0772
185,2010-03-02,10,12-17,53.5714,59.3242,49.6809,70.1899,1.2292,1.0607,1.4359,0.9538
185,2010-03-02,10,18-44,451.2857,475.5742,411.7930,551.0837,0.7638,0.6605,0.8864,0.6508
185,2010-03-02,10,45-64,218.1429,234.4195,201.4430,272.5529,0.7468,0.6450,0.8666,0.6303
185,2010-03-02,10,65+,104.4286,111.0552,94.6619,129.6461,0.7717,0.6648,0.9007,0.6519
186,2010-03-03,10,0-5,277.2857,289.4517,250.5798,338.1316,1.3943,1.1775,1.6478,1.2006
186,2010-03-03,10,6-11,86.0000,94.2325,80.0988,109.8225,1.3900,1.1994,1.6150,1.1083
186,2010-03-03,10,12-17,53.7143,60.8474,51.1061,72.3240,1.3564,1.1674,1.5725,0.9970
186,2010-03-03,10,18-44,433.8571,459.2733,398.4686,534.6678,0.8047,0.6941,0.9333,0.6715
186,2010-03-03,10,45-64,215.4286,226.4322,194.5227,263.7302,0.7880,0.6789,0.9123,0.6539
186,2010-03-03,10,65+,105.2857,109.1079,92.8764,127.2807,0.8107,0.6934,0.9428,0.6815
187,2010-03-04,10,0-5,280.0000,284.3775,245.1959,332.7102,1.4253,1.2017,1.6920,1.2626
187,2010-03-04,10,6-11,88.5714,94.4128,79.9762,110.7153,1.4684,1.2700,1.7077,1.1763
187,2010-03-04,10,12-17,55.7143,63.9975,54.3516,76.6084,1.4720,1.2633,1.7350,1.0570
187,2010-03-04,10,18-44,430.1429,447.5461,388.9178,520.1118,0.8319,0.7207,0.9682,0.7018
187,2010-03-04,10,45-64,211.8571,220.7599,190.0044,258.7052,0.8141,0.7041,0.9437,0.6806
187,2010-03-04,10,65+,103.7143,107.4750,91.6667,125.5746,0.8280,0.7112,0.9642,0.7066
188,2010-03-05,10,0-5,296.0000,280.3434,241.6102,328.0801,1.4322,1.2134,1.7013,1.4192
188,2010-03-05,10,6-11,100.0000,96.4026,81.4775,113.5956,1.5246,1.3157,1.7621,1.3749
188,2010-03-05,10,12-17,72.4286,69.9251,59.4118,83.7157,1.5825,1.3553,1.8419,1.3113
188,2010-03-05,10,18-44,476.2857,439.8510,380.5571,511.0061,0.8449,0.7327,0.9761,0.8162
188,2010-03-05,10,45-64,239.0000,216.3343,185.7848,253.4782,0.8250,0.7147,0.9536,0.8016
188,2010-03-05,10,65+,120.7143,105.8571,89.6452,124.1668,0.8293,0.7145,0.9626,0.8364
189,2010-03-06,10,0-5,278.1429,277.3683,238.3089,322.5254,1.4212,1.1985,1.6826,1.3622
189,2010-03-06,10,6-11,102.2857,100.4001,84.9122,117.9317,1.5543,1.3420,1.8066,1.3685
189,2010-03-06,10,12-17,86.0000,78.9612,67.1398,93.5780,1.6490,1.4114,1.9411,1.3832
189,2010-03-06,10,18-44,455.4286,434.8629,375.8984,504.2797,0.8414,0.7298,0.9726,0.7904
189,2010-03-06,10,45-64,223.1429,212.9007,182.9495,248.4164,0.8193,0.7113,0.9445,0.7725
189,2010-03-06,10,65+,110.0000,103.8228,88.2958,122.3497,0.8143,0.7038,0.9412,0.7894
190,2010-03-07,11,0-5,273.8571,273.8472,236.3414,318.1077,1.3898,1.1754,1.6401,1.3520
190,2010-03-07,11,6-11,109.2857,106.3141,90.0774,124.4397,1.5673,1.3506,1.8194,1.3949
190,2010-03-07,11,12-17,94.2857,90.5541,77.0954,107.6799,1.6917,1.4452,1.9751,1.4109
190,2010-03-07,11,18-44,442.5714,434.6223,374.3772,500.4685,0.8262,0.7182,0.9566,0.7821
190,2010-03-07,11,45-64,219.4286,211.1198,181.4731,245.1550,0.8030,0.6991,0.9257,0.7623
190,2010-03-07,11,65+,105.4286,102.2233,87.1391,120.4922,0.7908,0.6842,0.9134,0.7718
191,2010-03-08,11,0-5,272.1429,269.3924,233.5045,314.3387,1.3515,1.1442,1.6009,1.3673
191,2010-03-08,11,6-11,117.1429,113.9676,97.5088,133.2498,1.5632,1.3485,1.8123,1.4426
191,2010-03-08,11,12-17,107.5714,105.3819,89.7540,124.8043,1.7081,1.4595,1.9991,1.4786
191,2010-03-08,11,18-44,446.5714,434.5651,374.6260,501.6565,0.8060,0.7008,0.9325,0.7935
191,2010-03-08,11,45-64,217.8571,210.5112,180.8779,245.3725,0.7814,0.6801,0.9005,0.7710
191,2010-03-08,11,65+,105.1429,100.6632,85.8147,118.6766,0.7645,0.6617,0.8841,0.7770
192,2010-03-09,11,0-5,273.7143,264.4746,229.9958,309.6262,1.3050,1.1016,1.5441,1.3763
192,2010-03-09,11,6-11,125.1429,122.6470,105.4647,144.2330,1.5497,1.3321,1.7938,1.4729
192,2010-03-09,11,12-17,128.7143,123.0236,105.1757,144.8305,1.7047,1.4504,2.0001,1.5727
192,2010-03-09,11,18-44,440.0000,435.1384,375.7601,502.4466,0.7820,0.6784,0.9039,0.7945
192,2010-03-09,11,45-64,216.1429,210.1461,179.9072,245.0145,0.7551,0.6562,0.8697,0.7712
192,2010-03-09,11,65+,102.2857,99.3994,84.5905,117.1835,0.7357,0.6365,0.8508,0.7690
193,2010-03-10,11,0-5,269.4286,258.1911,223.6144,300.4322,1.2607,1.0658,1.4896,1.3745
193,2010-03-10,11,6-11,138.4286,132.2204,113.3040,155.3309,1.5343,1.3183,1.7764,1.5276
193,2010-03-10,11,12-17,154.8571,142.1169,122.1390,167.1804,1.6936,1.4377,1.9995,1.6722
193,2010-03-10,11,18-44,443.5714,435.2122,374.8739,502.7844,0.7592,0.6589,0.8751,0.7993
193,2010-03-10,11,45-64,213.0000,209.0020,180.4211,244.7459,0.7318,0.6364,0.8432,0.7717
193,2010-03-10,11,65+,97.5714,97.8442,83.3800,115.0884,0.7117,0.6159,0.8249,0.7561
194,2010-03-11,11,0-5,263.5714,250.3184,215.6314,291.4134,1.2235,1.0372,1.4440,1.3589
194,2010-03-11,11,6-11,143.4286,142.7649,121.9324,166.6007,1.5221,1.3075,1.7683,1.5153
194,2010-03-11,11,12-17,161.8571,163.6219,139.7600,191.4407,1.6810,1.4306,1.9833,1.6183
194,2010-03-11,11,18-44,446.0000,435.2393,376.7630,502.8118,0.7391,0.6416,0.8556,0.7907
194,2010-03-11,11,45-64,212.4286,208.1826,179.4174,244.7876,0.7112,0.6189,0.8187,0.7616
194,2010-03-11,11,65+,97.7143,96.6888,82.5916,113.9785,0.6918,0.5978,0.7998,0.7504
195,2010-03-12,11,0-5,241.1429,241.5822,208.6133,281.7277,1.1975,1.0154,1.4097,1.2908
195,2010-03-12,11,6-11,158.2857,153.7906,131.8788,179.9293,1.5213,1.3045,1.7692,1.5403
195,2010-03-12,11,12-17,187.1429,186.4436,158.8580,218.2466,1.6813,1.4171,1.9797,1.6622
195,2010-03-12,11,18-44,440.7143,435.3169,376.2725,505.1596,0.7247,0.6301,0.8374,0.7745
195,2010-03-12,11,45-64,208.8571,207.2472,178.1090,243.3859,0.6954,0.6061,0.7984,0.7462
195,2010-03-12,11,65+,91.8571,95.8010,81.4578,112.4504,0.6771,0.5855,0.7846,0.7238
196,2010-03-13,11,0-5,233.4286,232.7350,200.9599,270.6509,1.1828,1.0046,1.3963,1.2603
196,2010-03-13,11,6-11,166.5714,164.9598,141.6545,193.4725,1.5373,1.3175,1.7846,1.5232
196,2010-03-13,11,12-17,210.7143,211.2284,180.3886,246.5496,1.6827,1.4266,1.9942,1.6689
196,2010-03-13,11,18-44,426.7143,434.1224,375.6755,508.7644,0.7158,0.6241,0.8268,0.7519
196,2010-03-13,11,45-64,199.7143,206.0697,176.4254,241.2278,0.6848,0.5978,0.7849,0.7234
196,2010-03-13,11,65+,92.2857,95.0444,80.6765,111.5227,0.6673,0.5771,0.7706,0.7076
197,2010-03-14,12,0-5,224.5714,223.9444,194.5518,259.5001,1.1914,1.0093,1.4063,1.2468
197,2010-03-14,12,6-11,177.8571,178.1993,152.3379,209.4738,1.5803,1.3499,1.8415,1.5377
197,2010-03-14,12,12-17,237.8571,237.3383,202.3949,277.7845,1.7058,1.4508,2.0188,1.6998
197,2010-03-14,12,18-44,425.7143,433.7419,372.4108,508.8662,0.7217,0.6266,0.8308,0.7492
197,2010-03-14,12,45-64,199.1429,204.1051,175.1147,240.1370,0.6848,0.5972,0.7863,0.7215
197,2010-03-14,12,65+,93.4286,94.3796,80.1863,110.9262,0.6660,0.5759,0.7725,0.7081
198,2010-03-15,12,0-5,212.7143,216.0274,186.8440,251.8394,1.2083,1.0262,1.4271,1.2176
198,2010-03-15,12,6-11,189.2857,193.0840,165.8246,227.5520,1.6359,1.3989,1.9155,1.5388
198,2010-03-15,12,12-17,264.5714,266.1089,226.2087,310.3857,1.7409,1.4748,2.0772,1.7071
198,2010-03-15,12,18-44,420.5714,436.0285,375.9678,511.8322,0.7295,0.6364,0.8402,0.7374
198,2010-03-15,12,45-64,199.5714,202.1859,174.2408,237.8156,0.6873,0.6022,0.7866,0.7094
198,2010-03-15,12,65+,88.7143,93.9990,80.0198,110.8357,0.6673,0.5803,0.7710,0.6877
199,2010-03-16,12,0-5,206.0000,209.1867,181.0275,243.8058,1.2370,1.0481,1.4607,1.2163
199,2010-03-16,12,6-11,205.7143,210.5294,180.7165,248.1466,1.7063,1.4626,2.0013,1.5700
199,2010-03-16,12,12-17,293.1429,298.1549,255.3225,350.1660,1.7966,1.5171,2.1310,1.7186
199,2010-03-16,12,18-44,424.8571,439.7623,378.3466,514.3775,0.7443,0.6479,0.8596,0.7376
199,2010-03-16,12,45-64,198.0000,200.5961,172.7643,234.1613,0.6948,0.6067,0.7960,0.7067
199,2010-03-16,12,65+,90.2857,93.9950,79.7021,110.6928,0.6717,0.5825,0.7756,0.6885
200,2010-03-17,12,0-5,198.5714,204.4399,176.2564,238.8276,1.2748,1.0840,1.5032,1.2189
200,2010-03-17,12,6-11,228.4286,232.4398,199.4772,272.5333,1.7965,1.5327,2.1036,1.6227
200,2010-03-17,12,12-17,322.0000,335.4248,287.3395,393.4751,1.8565,1.5612,2.1759,1.7262
200,2010-03-17,12,18-44,437.7143,447.9043,384.8835,521.1345,0.7622,0.6646,0.8805,0.7436
200,2010-03-17,12,45-64,196.4286,199.2193,171.9830,233.9188,0.7033,0.6159,0.8043,0.7076
200,2010-03-17,12,65+,93.0000,94.0352,79.4375,110.7900,0.6749,0.5865,0.7801,0.6935
201,2010-03-18,12,0-5,188.5714,202.1140,173.3516,235.6463,1.3227,1.1223,1.5532,1.1847
201,2010-03-18,12,6-11,234.4286,260.8943,223.6700,305.7037,1.8954,1.6244,2.2200,1.5762
201,2010-03-18,12,12-17,343.2857,380.0575,326.6034,443.6460,1.9055,1.6045,2.2685,1.6829
201,2010-03-18,12,18-44,434.5714,461.9169,394.9818,539.1553,0.7815,0.6799,0.9019,0.7235
201,2010-03-18,12,45-64,196.0000,198.2127,170.4666,232.9033,0.7108,0.6216,0.8136,0.6888
201,2010-03-18,12,65+,92.7143,93.9920,79.4483,111.5962,0.6756,0.5868,0.7785,0.6769
202,2010-03-19,12,0-5,197.4286,202.5713,173.3070,238.4755,1.3557,1.1479,1.5924,1.2623
202,2010-03-19,12,6-11,290.5714,297.0033,254.4979,346.8260,1.9612,1.6724,2.3036,1.7659
202,2010-03-19,12,12-17,430.4286,433.7146,371.0716,504.3022,1.9149,1.6228,2.2938,1.8757
202,2010-03-19,12,18-44,463.5714,478.8494,409.3603,557.3827,0.7878,0.6855,0.9079,0.7654
202,2010-03-19,12,45-64,196.4286,197.7781,170.4275,231.8338,0.7075,0.6188,0.8092,0.7189
202,2010-03-19,12,65+,97.5714,94.3251,80.1104,111.2481,0.6673,0.5804,0.7675,0.7021
203,2010-03-20,12,0-5,205.1429,205.4895,174.9554,242.3065,1.3764,1.1634,1.6259,1.3149
203,2010-03-20,12,6-11,344.0000,341.7673,293.5906,398.1964,2.0134,1.7177,2.3608,1.8825
203,2010-03-20,12,12-17,503.8571,493.2228,422.3037,573.8821,1.9037,1.6065,2.2635,1.9566
203,2010-03-20,12,18-44,498.4286,498.7331,429.2773,579.6644,0.7860,0.6850,0.9033,0.7903
203,2010-03-20,12,45-64,203.5714,197.4732,169.8608,232.3128,0.6962,0.6100,0.7945,0.7329
203,2010-03-20,12,65+,98.2857,94.4039,80.3894,111.6488,0.6517,0.5683,0.7482,0.7058
204,2010-03-21,13,0-5,214.1429,211.5766,180.8530,248.5808,1.3789,1.1725,1.6272,1.3518
204,2010-03-21,13,6-11,409.2857,397.5631,341.4333,462.2734,2.0238,1.7181,2.3825,1.9722
204,2010-03-21,13,12-17,577.5714,559.0037,479.7157,656.0399,1.8586,1.5619,2.1934,1.9761
204,2010-03-21,13,18-44,543.0000,524.7738,451.0179,612.6152,0.7711,0.6738,0.8848,0.8017
204,2010-03-21,13,45-64,206.1429,199.3163,171.0152,232.8475,0.6754,0.5937,0.7693,0.7298
204,2010-03-21,13,65+,97.5714,94.7860,80.7183,112.4477,0.6294,0.5508,0.7229,0.6923
205,2010-03-22,13,0-5,226.7143,221.5053,188.8423,258.9246,1.3755,1.1672,1.6318,1.3733
205,2010-03-22,13,6-11,479.5714,463.4494,399.3608,543.8688,2.0095,1.7002,2.3730,2.0124
205,2010-03-22,13,12-17,653.4286,628.0169,542.8532,733.0091,1.7869,1.5006,2.1197,1.9588
205,2010-03-22,13,18-44,586.4286,556.9668,476.6959,649.2377,0.7488,0.6535,0.8577,0.7995
205,2010-03-22,13,45-64,208.5714,202.9861,174.0484,237.2790,0.6486,0.5687,0.7389,0.7174
205,2010-03-22,13,65+,101.0000,95.7999,81.4180,113.3363,0.6038,0.5280,0.6917,0.6794
206,2010-03-23,13,0-5,240.8571,235.9929,200.7911,277.9876,1.3720,1.1637,1.6212,1.3702
206,2010-03-23,13,6-11,560.1429,543.2966,467.6358,635.6262,1.9892,1.6898,2.3456,2.0177
206,2010-03-23,13,12-17,718.0000,697.2455,600.4822,811.2781,1.7147,1.4283,2.0375,1.8931
206,2010-03-23,13,18-44,620.5714,596.1965,511.6174,691.5315,0.7261,0.6344,0.8305,0.7797
206,2010-03-23,13,45-64,212.7143,210.1407,179.7207,245.3367,0.6226,0.5460,0.7085,0.6897
206,2010-03-23,13,65+,100.2857,97.9427,83.1674,115.8360,0.5800,0.5064,0.6636,0.6477
207,2010-03-24,13,0-5,257.8571,256.0345,220.2712,302.3020,1.3804,1.1650,1.6373,1.3585
207,2010-03-24,13,6-11,644.7143,636.1327,545.4686,746.0163,1.9712,1.6627,2.3147,1.9979
207,2010-03-24,13,12-17,793.2857,764.3235,657.9658,887.1399,1.6386,1.3817,1.9486,1.8441
207,2010-03-24,13,18-44,649.8571,639.9404,544.6844,742.1026,0.7045,0.6176,0.8051,0.7566
207,2010-03-24,13,45-64,218.8571,220.1529,187.5868,256.5229,0.5981,0.5255,0.6806,0.6638
207,2010-03-24,13,65+,102.4286,101.2769,86.0948,118.9878,0.5584,0.4883,0.6384,0.6219
208,2010-03-25,13,0-5,269.0000,282.8296,242.4182,333.1897,1.3912,1.1717,1.6409,1.2995
208,2010-03-25,13,6-11,682.5714,741.3259,637.1969,873.2753,1.9515,1.6579,2.3093,1.8525
208,2010-03-25,13,12-17,795.4286,829.8026,714.2227,961.8027,1.5839,1.3411,1.8815,1.6713
208,2010-03-25,13,18-44,661.1429,686.7562,585.4167,796.3500,0.6868,0.6031,0.7897,0.7044
208,2010-03-25,13,45-64,220.7143,231.4482,197.1797,270.6176,0.5775,0.5083,0.6594,0.6140
208,2010-03-25,13,65+,102.2857,105.8337,89.9543,124.0567,0.5405,0.4728,0.6191,0.5776
209,2010-03-26,13,0-5,318.0000,317.1521,269.7981,373.1805,1.3955,1.1750,1.6511,1.4021
209,2010-03-26,13,6-11,870.7143,861.5859,748.9642,1013.3260,1.9217,1.6301,2.2759,2.0302
209,2010-03-26,13,12-17,873.2857,889.9278,766.8113,1036.3888,1.5315,1.2928,1.8207,1.6968
209,2010-03-26,13,18-44,722.7143,734.3021,628.8746,854.4172,0.6696,0.5888,0.7669,0.7324
209,2010-03-26,13,45-64,239.0000,244.6301,209.0942,286.7877,0.5591,0.4933,0.6369,0.6269
209,2010-03-26,13,65+,108.0000,111.1573,95.1272,130.1428,0.5244,0.4601,0.6000,0.5877
210,2010-03-27,13,0-5,348.8571,358.1694,303.5693,421.0222,1.4032,1.1830,1.6674,1.4041
210,2010-03-27,13,6-11,1013.5714,995.1110,861.8190,1170.6866,1.8816,1.5988,2.2405,2.0450
210,2010-03-27,13,12-17,939.4286,944.5160,813.9503,1096.9032,1.4725,1.2479,1.7634,1.6788
210,2010-03-27,13,18-44,774.5714,778.5889,669.8896,912.0343,0.6523,0.5750,0.7460,0.7255
210,2010-03-27,13,45-64,254.0000,256.8406,219.7661,300.9745,0.5408,0.4773,0.6159,0.6175
210,2010-03-27,13,65+,111.0000,116.3000,99.7427,136.8889,0.5100,0.4470,0.5833,0.5750
211,2010-03-28,14,0-5,393.0000,406.2370,345.6118,480.1140,1.4043,1.1817,1.6630,1.4113
211,2010-03-28,14,6-11,1153.0000,1139.0947,979.5940,1330.1546,1.8322,1.5404,2.1729,2.0155
211,2010-03-28,14,12-17,989.1429,991.7475,861.5949,1145.8381,1.4193,1.1878,1.6911,1.6349
211,2010-03-28,14,18-44,822.1429,820.1107,708.3495,960.8488,0.6334,0.5569,0.7215,0.7127
211,2010-03-28,14,45-64,272.8571,268.7104,230.5307,315.5535,0.5213,0.4590,0.5918,0.6053
211,2010-03-28,14,65+,119.2857,122.2555,103.8506,143.8846,0.4926,0.4318,0.5635,0.5669
212,2010-03-29,14,0-5,467.5714,464.7811,397.5788,548.2977,1.3914,1.1667,1.6521,1.4609
212,2010-03-29,14,6-11,1305.0000,1283.5148,1107.8922,1493.9528,1.7690,1.4861,2.1104,1.9876
212,2010-03-29,14,12-17,1038.0000,1030.2417,896.6969,1187.4921,1.3572,1.1403,1.6175,1.5906
212,2010-03-29,14,18-44,871.1429,862.7475,744.7981,1007.8838,0.6100,0.5363,0.6956,0.7025
212,2010-03-29,14,45-64,283.2857,280.5851,240.4877,327.1630,0.4993,0.4397,0.5671,0.5911
212,2010-03-29,14,65+,132.2857,128.4235,109.1033,150.9321,0.4731,0.4145,0.5400,0.5619
213,2010-03-30,14,0-5,548.4286,531.4335,456.3406,621.7115,1.3662,1.1441,1.6349,1.4894
213,2010-03-30,14,6-11,1452.2857,1428.7296,1236.6333,1658.1549,1.7086,1.4344,2.0309,1.9426
213,2010-03-30,14,12-17,1073.0000,1061.6251,921.8945,1226.5568,1.3032,1.0938,1.5471,1.5368
213,2010-03-30,14,18-44,926.1429,904.9505,784.1188,1055.9006,0.5876,0.5172,0.6725,0.6885
213,2010-03-30,14,45-64,295.8571,291.7590,251.5015,338.8793,0.4789,0.4215,0.5457,0.5740
213,2010-03-30,14,65+,140.0000,134.2221,114.8770,157.5839,0.4535,0.3977,0.5176,0.5471
214,2010-03-31,14,0-5,619.1429,605.3172,518.7965,702.5745,1.3298,1.1056,1.5946,1.4618
214,2010-03-31,14,6-11,1570.0000,1575.8083,1361.6383,1826.7724,1.6454,1.3832,1.9589,1.8545
214,2010-03-31,14,12-17,1066.7143,1085.2399,939.1461,1255.7919,1.2543,1.0477,1.4918,1.4433
214,2010-03-31,14,18-44,954.5714,945.9331,817.7264,1101.4818,0.5652,0.4970,0.6436,0.6567
214,2010-03-31,14,45-64,305.5714,302.8219,260.0628,352.4587,0.4595,0.4048,0.5219,0.5442
214,2010-03-31,14,65+,143.7143,140.1022,120.3553,164.3196,0.4336,0.3815,0.4948,0.5196
215,2010-04-01,14,0-5,663.2857,680.6980,584.5734,793.8208,1.2910,1.0830,1.5399,1.3859
215,2010-04-01,14,6-11,1643.4286,1713.7765,1482.6516,1986.9815,1.5893,1.3415,1.9117,1.7443
215,2010-04-01,14,12-17,1088.7143,1100.3861,951.8262,1277.7186,1.2010,1.0031,1.4421,1.3865
215,2010-04-01,14,18-44,972.0000,985.4055,853.6175,1154.0859,0.5453,0.4810,0.6188,0.6191
215,2010-04-01,14,45-64,307.1429,313.4291,268.6080,365.0099,0.4430,0.3909,0.5023,0.5134
215,2010-04-01,14,65+,144.2857,145.3810,124.1236,171.2020,0.4178,0.3668,0.4764,0.4881
216,2010-04-02,14,0-5,769.7143,753.4196,651.3048,881.7662,1.2399,1.0361,1.4737,1.4232
216,2010-04-02,14,6-11,1835.4286,1840.6510,1585.3307,2128.6301,1.5258,1.2901,1.8354,1.7612
216,2010-04-02,14,12-17,1100.8571,1105.0258,955.1753,1285.4490,1.1564,0.9695,1.3860,1.3546
216,2010-04-02,14,18-44,1019.5714,1022.0909,882.5478,1197.4989,0.5246,0.4617,0.5978,0.6156
216,2010-04-02,14,45-64,316.5714,323.0861,278.0133,377.3614,0.4278,0.3767,0.4862,0.5042
216,2010-04-02,14,65+,148.8571,149.3844,127.7509,174.8362,0.4040,0.3540,0.4609,0.4790
217,2010-04-03,14,0-5,844.7143,820.9489,710.8452,964.6165,1.1956,1.0034,1.4421,1.3974
217,2010-04-03,14,6-11,1966.8571,1949.6348,1687.6978,2254.6476,1.4715,1.2403,1.7639,1.7205
217,2010-04-03,14,12-17,1093.4286,1099.9044,948.1727,1276.5535,1.1095,0.9220,1.3258,1.3067
217,2010-04-03,14,18-44,1047.5714,1052.3615,906.2161,1230.6652,0.5072,0.4453,0.5784,0.5983
217,2010-04-03,14,45-64,330.5714,331.7528,285.0340,385.7762,0.4152,0.3651,0.4730,0.4898
217,2010-04-03,14,65+,152.7143,152.5262,130.3749,177.4784,0.3924,0.3437,0.4482,0.4656
218,2010-04-04,15,0-5,903.5714,881.8270,763.8913,1028.2423,1.1491,0.9596,1.3863,1.3501
218,2010-04-04,15,6-11,2059.0000,2040.6423,1766.6611,2368.9820,1.4141,1.1863,1.6885,1.6570
218,2010-04-04,15,12-17,1079.7143,1085.5367,938.4260,1261.9222,1.0692,0.8935,1.2778,1.2565
218,2010-04-04,15,18-44,1070.8571,1076.1222,921.2218,1251.7337,0.4909,0.4319,0.5603,0.5757
218,2010-04-04,15,45-64,333.8571,340.7644,293.0876,395.4880,0.4051,0.3569,0.4614,0.4714
218,2010-04-04,15,65+,157.0000,155.1453,132.4547,180.1862,0.3840,0.3367,0.4385,0.4497
219,2010-04-05,15,0-5,939.8571,930.7724,807.9036,1076.2136,1.1149,0.9311,1.3412,1.2875
219,2010-04-05,15,6-11,2137.5714,2106.0333,1835.5653,2441.2537,1.3578,1.1446,1.6189,1.5943
219,2010-04-05,15,12-17,1058.2857,1060.1574,915.9925,1233.1688,1.0246,0.8605,1.2257,1.2087
219,2010-04-05,15,18-44,1080.7143,1095.2161,945.2534,1273.3322,0.4779,0.4201,0.5440,0.5515
219,2010-04-05,15,45-64,343.1429,349.2987,300.8600,406.7917,0.3968,0.3493,0.4509,0.4526
219,2010-04-05,15,65+,151.7143,157.4298,134.8896,183.0248,0.3780,0.3312,0.4333,0.4270
220,2010-04-06,15,0-5,966.4286,972.6071,839.7598,1125.8437,1.0874,0.9090,1.3064,1.2348
220,2010-04-06,15,6-11,2162.2857,2147.6044,1865.2014,2487.3957,1.3096,1.1044,1.5636,1.5259
220,2010-04-06,15,12-17,1026.5714,1027.3803,888.4382,1194.7115,0.9853,0.8234,1.1752,1.1669
220,2010-04-06,15,18-44,1098.4286,1111.7173,959.0546,1291.4234,0.4674,0.4112,0.5323,0.5343
220,2010-04-06,15,45-64,359.2857,358.1566,308.4213,416.2544,0.3911,0.3440,0.4453,0.4428
220,2010-04-06,15,65+,155.8571,159.6358,136.9534,186.6641,0.3756,0.3284,0.4319,0.4191
221,2010-04-07,15,0-5,996.5714,1001.5415,866.2921,1165.2079,1.0760,0.8967,1.2870,1.2045
221,2010-04-07,15,6-11,2188.5714,2159.8546,1876.8056,2513.6725,1.2727,1.0638,1.5132,1.4815
221,2010-04-07,15,12-17,1003.7143,984.3991,850.9980,1135.4037,0.9500,0.7950,1.1371,1.1422
221,2010-04-07,15,18-44,1127.7143,1123.3606,969.7866,1299.8933,0.4623,0.4055,0.5263,0.5247
221,2010-04-07,15,45-64,370.1429,367.6708,318.3239,427.4663,0.3892,0.3417,0.4428,0.4368
221,2010-04-07,15,65+,157.1429,162.4027,139.2814,190.8243,0.3767,0.3292,0.4324,0.4125
222,2010-04-08,15,0-5,996.4286,1027.0381,891.2807,1195.4041,1.0703,0.9001,1.2894,1.1526
222,2010-04-08,15,6-11,2170.1429,2147.8520,1872.7208,2495.4834,1.2397,1.0392,1.4823,1.4213
222,2010-04-08,15,12-17,977.0000,935.8699,805.1250,1069.1728,0.9243,0.7754,1.0997,1.1118
222,2010-04-08,15,18-44,1122.5714,1128.6540,976.0197,1306.9173,0.4595,0.4038,0.5244,0.5066
222,2010-04-08,15,45-64,370.1429,376.4603,326.3018,437.1289,0.3893,0.3415,0.4434,0.4245
222,2010-04-08,15,65+,158.5714,165.7849,141.0106,193.9965,0.3802,0.3322,0.4357,0.4019
223,2010-04-09,15,0-5,1032.5714,1047.8313,908.9923,1223.2433,1.0691,0.8947,1.2951,1.1443
223,2010-04-09,15,6-11,2144.7143,2112.5595,1848.7312,2437.0012,1.2230,1.0240,1.4545,1.3778
223,2010-04-09,15,12-17,893.1429,881.6684,755.3412,1004.7112,0.9055,0.7663,1.0834,1.0504
223,2010-04-09,15,18-44,1115.7143,1133.3619,974.1782,1313.7736,0.4604,0.4053,0.5252,0.4973
223,2010-04-09,15,45-64,382.8571,385.6649,333.4876,447.1783,0.3930,0.3451,0.4484,0.4184
223,2010-04-09,15,65+,165.7143,168.9046,143.8168,196.7456,0.3866,0.3369,0.4433,0.4020
224,2010-04-10,15,0-5,1055.8571,1069.2203,926.3450,1239.1694,1.0791,0.9027,1.2881,1.1292
224,2010-04-10,15,6-11,2073.0000,2068.5097,1805.6317,2373.1100,1.2083,1.0200,1.4371,1.3238
224,2010-04-10,15,12-17,813.2857,824.0750,706.0145,943.7755,0.9052,0.7643,1.0728,0.9936
224,2010-04-10,15,18-44,1100.1429,1131.9377,975.5346,1315.5489,0.4653,0.4097,0.5304,0.4846
224,2010-04-10,15,45-64,378.1429,393.6975,340.2316,455.7370,0.4004,0.3513,0.4567,0.4082
224,2010-04-10,15,65+,171.2857,172.1496,147.4514,201.4427,0.3952,0.3449,0.4532,0.3983
225,2010-04-11,16,0-5,1082.4286,1086.4088,936.2110,1254.4480,1.0921,0.9106,1.3142,1.1287
225,2010-04-11,16,6-11,1998.1429,2007.1700,1753.1076,2301.3850,1.2071,1.0122,1.4394,1.2899
225,2010-04-11,16,12-17,749.8571,767.4986,664.3439,881.2939,0.9085,0.7674,1.0746,0.9656
225,2010-04-11,16,18-44,1102.5714,1128.3421,974.9960,1310.9051,0.4723,0.4139,0.5402,0.4829
225,2010-04-11,16,45-64,390.0000,402.4069,346.8765,468.7932,0.4087,0.3581,0.4677,0.4090
225,2010-04-11,16,65+,172.8571,175.2842,149.7213,203.8081,0.4046,0.3520,0.4652,0.4003
226,2010-04-12,16,0-5,1088.4286,1101.0370,954.9611,1277.3685,1.1047,0.9275,1.3262,1.1186
226,2010-04-12,16,6-11,1886.7143,1940.8566,1694.1918,2225.4196,1.2115,1.0232,1.4432,1.2515
226,2010-04-12,16,12-17,687.4286,713.7544,623.1605,821.6390,0.9185,0.7767,1.0899,0.9446
226,2010-04-12,16,18-44,1106.8571,1121.4253,971.4608,1303.5443,0.4797,0.4207,0.5479,0.4831
226,2010-04-12,16,45-64,407.1429,409.0098,353.3314,475.9665,0.4178,0.3655,0.4784,0.4143
226,2010-04-12,16,65+,177.2857,177.9645,152.6670,206.6558,0.4141,0.3603,0.4768,0.4077
227,2010-04-13,16,0-5,1096.4286,1113.3388,970.5049,1291.1343,1.1115,0.9274,1.3443,1.1132
227,2010-04-13,16,6-11,1810.8571,1877.2113,1631.8372,2142.3723,1.2228,1.0339,1.4427,1.2335
227,2010-04-13,16,12-17,638.4286,666.3655,581.3394,767.1273,0.9295,0.7867,1.0992,0.9326
227,2010-04-13,16,18-44,1095.8571,1112.1187,961.9049,1292.5924,0.4857,0.4258,0.5538,0.4821
227,2010-04-13,16,45-64,409.8571,414.6328,354.9838,484.1470,0.4250,0.3718,0.4870,0.4153
227,2010-04-13,16,65+,175.8571,179.4547,154.9496,208.3318,0.4225,0.3675,0.4867,0.4086
228,2010-04-14,16,0-5,1110.1429,1124.6087,974.5931,1296.7484,1.1187,0.9286,1.3449,1.1155
228,2010-04-14,16,6-11,1736.0000,1812.3122,1566.3705,2064.3886,1.2250,1.0309,1.4547,1.2223
228,2010-04-14,16,12-17,595.2857,624.7896,545.3054,720.2349,0.9372,0.7954,1.1105,0.9278
228,2010-04-14,16,18-44,1072.1429,1096.7902,943.4988,1280.4460,0.4902,0.4302,0.5599,0.4837
228,2010-04-14,16,45-64,416.2857,417.4370,358.5828,486.6008,0.4312,0.3772,0.4935,0.4205
228,2010-04-14,16,65+,182.1429,180.3235,154.8647,208.7824,0.4286,0.3736,0.4940,0.4182
229,2010-04-15,16,0-5,1106.4286,1134.6580,979.7992,1305.7495,1.1141,0.9280,1.3319,1.1131
229,2010-04-15,16,6-11,1715.4286,1748.2424,1514.6922,1993.7127,1.2260,1.0354,1.4497,1.2413
229,2010-04-15,16,12-17,586.4286,587.4341,513.5698,679.7729,0.9391,0.7963,1.1162,0.9566
229,2010-04-15,16,18-44,1062.0000,1080.8729,931.7242,1254.4929,0.4904,0.4322,0.5598,0.4893
229,2010-04-15,16,45-64,416.1429,418.5854,358.3657,487.8864,0.4335,0.3801,0.4961,0.4277
229,2010-04-15,16,65+,182.1429,180.7748,155.0997,209.3014,0.4315,0.3761,0.4961,0.4244
230,2010-04-16,16,0-5,1128.0000,1134.8945,987.9175,1312.7709,1.0940,0.9148,1.3159,1.1308
230,2010-04-16,16,6-11,1632.1429,1685.9944,1463.8670,1925.6876,1.2103,1.0229,1.4307,1.2345
230,2010-04-16,16,12-17,554.1429,553.1515,481.9506,639.7575,0.9284,0.7858,1.1022,0.9621
230,2010-04-16,16,18-44,1064.4286,1056.4024,914.3918,1225.2364,0.4857,0.4261,0.5542,0.4976
230,2010-04-16,16,45-64,428.1429,416.3908,358.1412,484.6950,0.4311,0.3759,0.4936,0.4377
230,2010-04-16,16,65+,182.4286,179.6438,153.8150,208.8846,0.4296,0.3731,0.4949,0.4335
231,2010-04-17,16,0-5,1136.2857,1133.6792,985.4578,1306.0191,1.0705,0.8898,1.2934,1.1392
231,2010-04-17,16,6-11,1594.7143,1627.0560,1410.4348,1864.7247,1.1753,0.9968,1.4027,1.2458
231,2010-04-17,16,12-17,528.4286,521.1914,454.5163,604.7928,0.9119,0.7677,1.0784,0.9684
231,2010-04-17,16,18-44,1061.7143,1027.9107,892.5085,1189.6463,0.4761,0.4183,0.5443,0.5037
231,2010-04-17,16,45-64,430.2857,412.6666,355.1727,478.5168,0.4255,0.3712,0.4879,0.4440
231,2010-04-17,16,65+,181.0000,177.9445,152.6420,206.6493,0.4259,0.3699,0.4908,0.4387
232,2010-04-18,17,0-5,1136.1429,1118.5884,972.4674,1292.0836,1.0338,0.8572,1.2365,1.1342
232,2010-04-18,17,6-11,1555.0000,1557.5324,1355.3478,1784.8811,1.1296,0.9599,1.3432,1.2454
232,2010-04-18,17,12-17,500.4286,489.6390,428.6069,567.8970,0.8863,0.7528,1.0531,0.9611
232,2010-04-18,17,18-44,1030.1429,995.0037,865.0560,1154.7928,0.4634,0.4075,0.5287,0.5008
232,2010-04-18,17,45-64,423.1429,407.4293,351.3593,475.0707,0.4175,0.3648,0.4785,0.4418
232,2010-04-18,17,65+,178.5714,175.7692,150.7200,203.9626,0.4198,0.3650,0.4844,0.4373
233,2010-04-19,17,0-5,1123.7143,1097.8039,954.1100,1262.9087,0.9939,0.8267,1.1927,1.1182
233,2010-04-19,17,6-11,1516.4286,1478.6507,1294.8260,1686.1347,1.0738,0.9077,1.2706,1.2385
233,2010-04-19,17,12-17,466.8571,458.9942,400.0468,533.3930,0.8631,0.7284,1.0152,0.9406
233,2010-04-19,17,18-44,984.8571,962.2829,837.7788,1116.7473,0.4496,0.3957,0.5123,0.4925
233,2010-04-19,17,45-64,409.7143,402.0388,347.8258,466.9291,0.4096,0.3583,0.4704,0.4347
233,2010-04-19,17,65+,176.1429,173.3402,149.1243,201.4953,0.4143,0.3599,0.4789,0.4327
234,2010-04-20,17,0-5,1091.0000,1065.0880,927.1929,1228.3374,0.9568,0.7927,1.1563,1.0883
234,2010-04-20,17,6-11,1434.1429,1383.9214,1216.4107,1586.9769,1.0170,0.8625,1.2013,1.2056
234,2010-04-20,17,12-17,432.4286,429.2393,374.0361,496.0414,0.8373,0.7067,0.9894,0.9164
234,2010-04-20,17,18-44,933.7143,922.5833,805.5610,1070.2971,0.4377,0.3842,0.4981,0.4809
234,2010-04-20,17,45-64,399.7143,395.8523,341.7828,457.1320,0.4039,0.3524,0.4625,0.4274
234,2010-04-20,17,65+,174.0000,170.7733,147.4115,197.8093,0.4122,0.3571,0.4769,0.4284
235,2010-04-21,17,0-5,1039.8571,1023.2085,889.2314,1178.0859,0.9276,0.7686,1.1166,1.0505
235,2010-04-21,17,6-11,1345.8571,1280.6117,1124.7377,1468.6777,0.9699,0.8172,1.1436,1.1699
235,2010-04-21,17,12-17,411.7143,399.9931,347.9835,460.7017,0.8180,0.6909,0.9725,0.9062
235,2010-04-21,17,18-44,885.4286,883.3186,770.6011,1018.5582,0.4301,0.3763,0.4922,0.4678
235,2010-04-21,17,45-64,381.4286,389.6126,336.5374,449.7152,0.4030,0.3497,0.4646,0.4171
235,2010-04-21,17,65+,163.4286,168.3528,145.5392,194.8586,0.4154,0.3587,0.4833,0.4157
236,2010-04-22,17,0-5,1019.4286,972.5266,849.0012,1115.7854,0.9031,0.7497,1.0885,1.0548
236,2010-04-22,17,6-11,1295.7143,1166.0210,1024.2426,1338.8907,0.9302,0.7892,1.1016,1.1771
236,2010-04-22,17,12-17,399.2857,370.6264,322.1794,426.9841,0.8039,0.6859,0.9488,0.9240
236,2010-04-22,17,18-44,873.1429,841.7056,730.8840,968.3299,0.4257,0.3732,0.4876,0.4745
236,2010-04-22,17,45-64,378.4286,383.3993,330.4332,442.8821,0.4046,0.3520,0.4668,0.4255
236,2010-04-22,17,65+,162.7143,166.8290,144.2894,193.5745,0.4227,0.3648,0.4904,0.4246
237,2010-04-23,17,0-5,919.5714,918.3902,800.2331,1056.5867,0.8923,0.7404,1.0748,0.9782
237,2010-04-23,17,6-11,1087.5714,1046.7041,920.6337,1203.6160,0.9060,0.7714,1.0653,1.0607
237,2010-04-23,17,12-17,341.8571,341.8138,297.4037,396.5890,0.8033,0.6851,0.9449,0.8522
237,2010-04-23,17,18-44,795.5714,800.5291,697.4905,924.2746,0.4291,0.3754,0.4903,0.4468
237,2010-04-23,17,45-64,364.8571,376.9896,323.7897,436.7486,0.4138,0.3596,0.4766,0.4085
237,2010-04-23,17,65+,159.2857,165.4446,142.1804,192.7643,0.4364,0.3772,0.5078,0.4143
238,2010-04-24,17,0-5,846.4286,862.1044,751.2131,993.8066,0.8918,0.7428,1.0707,0.9386
238,2010-04-24,17,6-11,935.1429,931.9556,815.8870,1066.8597,0.8989,0.7671,1.0556,0.9956
238,2010-04-24,17,12-17,310.4286,314.1386,273.6286,363.5370,0.8132,0.6952,0.9516,0.8311
238,2010-04-24,17,18-44,732.0000,762.4802,662.6223,883.0486,0.4372,0.3829,0.4999,0.4356
238,2010-04-24,17,45-64,358.4286,370.8596,319.0113,432.9727,0.4279,0.3712,0.4930,0.4065
238,2010-04-24,17,65+,158.8571,165.3623,141.8462,192.6368,0.4561,0.3916,0.5319,0.4181
239,2010-04-25,18,0-5,773.4286,803.9752,699.5311,925.9718,0.9008,0.7537,1.0857,0.9089
239,2010-04-25,18,6-11,795.4286,821.3337,717.0500,942.3687,0.9031,0.7703,1.0608,0.9444
239,2010-04-25,18,12-17,277.1429,288.7606,250.3903,334.3833,0.8285,0.7082,0.9775,0.8115
239,2010-04-25,18,18-44,676.7143,723.2371,630.3325,839.0884,0.4490,0.3937,0.5143,0.4294
239,2010-04-25,18,45-64,349.1429,365.7320,315.8135,424.7534,0.4438,0.3852,0.5122,0.4080
239,2010-04-25,18,65+,158.5714,165.3968,142.5267,191.6515,0.4765,0.4091,0.5560,0.4260
240,2010-04-26,18,0-5,714.7143,747.5026,650.8601,862.6779,0.9165,0.7646,1.0979,0.9038
240,2010-04-26,18,6-11,682.2857,722.4591,629.1209,826.9174,0.9166,0.7817,1.0759,0.9209
240,2010-04-26,18,12-17,248.0000,264.7681,228.8279,306.9549,0.8504,0.7254,1.0005,0.8062
240,2010-04-26,18,18-44,645.7143,685.2061,594.5398,791.0834,0.4635,0.4057,0.5294,0.4345
240,2010-04-26,18,45-64,339.0000,358.4394,311.0231,415.5820,0.4615,0.4001,0.5331,0.4179
240,2010-04-26,18,65+,159.0000,164.6063,140.9057,190.3136,0.4969,0.4272,0.5782,0.4418
241,2010-04-27,18,0-5,666.8571,695.2357,605.2849,798.7502,0.9345,0.7753,1.1259,0.9158
241,2010-04-27,18,6-11,602.2857,633.7918,553.0247,727.4878,0.9304,0.7936,1.0876,0.9293
241,2010-04-27,18,12-17,235.5714,243.0842,210.2354,281.5482,0.8713,0.7407,1.0246,0.8416
241,2010-04-27,18,18-44,618.2857,645.1401,557.1186,747.3249,0.4768,0.4165,0.5476,0.4515
241,2010-04-27,18,45-64,341.1429,348.4786,301.6366,403.7707,0.4775,0.4125,0.5520,0.4416
241,2010-04-27,18,65+,162.1429,162.1656,138.9461,187.8267,0.5143,0.4408,0.5993,0.4708
242,2010-04-28,18,0-5,630.1429,644.8229,561.7409,740.3235,0.9377,0.7814,1.1198,0.9367
242,2010-04-28,18,6-11,532.4286,554.7549,486.5696,638.8128,0.9404,0.8033,1.1043,0.9389
242,2010-04-28,18,12-17,211.5714,222.2454,192.5526,257.5299,0.8842,0.7552,1.0405,0.8486
242,2010-04-28,18,18-44,593.2857,604.0033,523.1556,697.6828,0.4856,0.4233,0.5583,0.4665
242,2010-04-28,18,45-64,337.0000,336.3725,290.4807,388.4407,0.4890,0.4226,0.5686,0.4595
242,2010-04-28,18,65+,160.8571,158.3212,135.4040,183.6235,0.5280,0.4525,0.6179,0.4924
243,2010-04-29,18,0-5,621.4286,596.5783,522.3173,685.1732,0.9388,0.7826,1.1297,0.9970
243,2010-04-29,18,6-11,511.7143,488.0075,426.5712,562.4575,0.9495,0.8124,1.1110,1.0086
243,2010-04-29,18,12-17,213.0000,203.9580,176.5390,235.5763,0.8953,0.7615,1.0474,0.9210
243,2010-04-29,18,18-44,588.0000,562.7170,488.9063,649.0971,0.4920,0.4296,0.5666,0.4997
243,2010-04-29,18,45-64,339.1429,323.0895,279.8525,372.4291,0.4974,0.4293,0.5780,0.4923
243,2010-04-29,18,65+,159.2857,153.4854,132.4108,177.6588,0.5372,0.4589,0.6287,0.5232
244,2010-04-30,18,0-5,559.2857,550.0384,484.3704,632.4085,0.9347,0.7817,1.1248,0.9667
244,2010-04-30,18,6-11,430.2857,429.9244,373.6816,497.6867,0.9567,0.8154,1.1168,0.9694
244,2010-04-30,18,12-17,195.1429,187.0512,161.6348,216.1489,0.9002,0.7683,1.0591,0.9123
244,2010-04-30,18,18-44,544.5714,523.8212,454.3655,606.8984,0.4957,0.4323,0.5698,0.4936
244,2010-04-30,18,45-64,322.5714,309.1970,268.4929,356.5645,0.5027,0.4338,0.5832,0.4915
244,2010-04-30,18,65+,154.5714,148.3011,127.0834,171.2377,0.5433,0.4638,0.6363,0.5257
245,2010-05-01,18,0-5,522.1429,506.9101,445.7940,584.0947,0.9342,0.7805,1.1229,0.9711
245,2010-05-01,18,6-11,378.2857,380.8206,331.2199,438.9153,0.9660,0.8303,1.1331,0.9656
245,2010-05-01,18,12-17,176.5714,172.1204,149.1318,197.9205,0.9142,0.7791,1.0746,0.9068
245,2010-05-01,18,18-44,519.0000,486.3237,424.0856,564.7654,0.5023,0.4390,0.5752,0.4999
245,2010-05-01,18,45-64,311.1429,295.7776,256.8737,341.8861,0.5112,0.4426,0.5906,0.4994
245,2010-05-01,18,65+,151.0000,142.7025,122.5843,166.0507,0.5521,0.4731,0.6453,0.5365
246,2010-05-02,19,0-5,458.5714,466.7559,408.9024,538.2200,0.9422,0.7859,1.1239,0.9097
246,2010-05-02,19,6-11,319.7143,338.8078,294.9252,392.6869,0.9822,0.8440,1.1438,0.9044
246,2010-05-02,19,12-17,155.8571,158.7536,137.3385,183.7179,0.9317,0.7969,1.0969,0.8514
246,2010-05-02,19,18-44,449.4286,455.4563,395.1302,527.2696,0.5128,0.4486,0.5902,0.4653
246,2010-05-02,19,45-64,269.8571,283.2042,245.7471,328.2600,0.5241,0.4530,0.6088,0.4632
246,2010-05-02,19,65+,132.4286,137.1342,118.2260,160.0117,0.5661,0.4839,0.6609,0.4965
247,2010-05-03,19,0-5,429.8571,428.5514,374.6875,495.1319,0.9530,0.8000,1.1349,0.9301
247,2010-05-03,19,6-11,291.5714,302.7559,264.0692,352.3821,0.9996,0.8583,1.1737,0.9331
247,2010-05-03,19,12-17,147.2857,147.4498,126.4349,170.4952,0.9576,0.8179,1.1249,0.8865
247,2010-05-03,19,18-44,425.4286,427.4421,370.3230,494.7072,0.5288,0.4609,0.6079,0.4851
247,2010-05-03,19,45-64,273.8571,271.5957,234.3835,315.9843,0.5434,0.4683,0.6306,0.4893
247,2010-05-03,19,65+,130.5714,131.9668,113.8733,154.9225,0.5877,0.5033,0.6867,0.5243
248,2010-05-04,19,0-5,392.7143,392.9858,341.9334,455.1878,0.9654,0.8096,1.1479,0.9232
248,2010-05-04,19,6-11,272.2857,271.9215,236.7952,315.5042,1.0147,0.8691,1.1865,0.9499
248,2010-05-04,19,12-17,133.4286,136.8999,117.6159,159.6701,0.9851,0.8396,1.1575,0.8753
248,2010-05-04,19,18-44,388.4286,401.5372,349.4795,465.0479,0.5461,0.4748,0.6282,0.4814
248,2010-05-04,19,45-64,249.8571,261.4792,225.0731,304.1836,0.5654,0.4858,0.6571,0.4832
248,2010-05-04,19,65+,120.7143,127.3962,109.2322,148.9582,0.6116,0.5225,0.7167,0.5180
249,2010-05-05,19,0-5,359.4286,359.7979,313.2288,417.1273,0.9800,0.8250,1.1700,0.9306
249,2010-05-05,19,6-11,249.5714,244.9467,212.0913,282.8968,1.0281,0.8827,1.2015,0.9746
249,2010-05-05,19,12-17,124.7143,127.6579,109.5275,148.9644,1.0196,0.8736,1.1964,0.9013
249,2010-05-05,19,18-44,365.7143,380.1617,330.8605,439.3375,0.5658,0.4927,0.6497,0.4969
249,2010-05-05,19,45-64,246.1429,252.4598,216.9737,292.8099,0.5891,0.5090,0.6839,0.5047
249,2010-05-05,19,65+,120.1429,123.4080,105.7122,144.5145,0.6364,0.5443,0.7445,0.5452
250,2010-05-06,19,0-5,340.5714,330.2498,288.4255,380.9970,1.0032,0.8424,1.1917,0.9702
250,2010-05-06,19,6-11,237.7143,220.2317,190.2960,254.4111,1.0437,0.8970,1.2188,1.0299
250,2010-05-06,19,12-17,118.5714,119.5354,102.3492,139.7737,1.0533,0.9033,1.2336,0.9437
250,2010-05-06,19,18-44,358.7143,360.4630,313.8507,417.1529,0.5875,0.5112,0.6775,0.5257
250,2010-05-06,19,45-64,243.5714,244.4776,210.6933,283.1823,0.6152,0.5301,0.7148,0.5358
250,2010-05-06,19,65+,121.0000,119.1007,102.5526,140.0375,0.6632,0.5670,0.7779,0.5817
251,2010-05-07,19,0-5,295.7143,303.6026,263.8916,349.1810,1.0249,0.8619,1.2210,0.9286
251,2010-05-07,19,6-11,197.2857,197.7532,171.5140,227.9041,1.0626,0.9182,1.2361,0.9764
251,2010-05-07,19,12-17,108.2857,112.8330,96.7339,131.4941,1.0832,0.9272,1.2645,0.9309
251,2010-05-07,19,18-44,331.0000,344.6404,298.8734,399.0901,0.6081,0.5284,0.7024,0.5161
251,2010-05-07,19,45-64,228.5714,237.8703,205.5869,276.8758,0.6380,0.5493,0.7415,0.5316
251,2010-05-07,19,65+,114.2857,115.7141,99.5010,136.0851,0.6858,0.5865,0.8033,0.5784
252,2010-05-08,19,0-5,263.4286,279.5353,242.7975,323.2842,1.0469,0.8821,1.2462,0.9175
252,2010-05-08,19,6-11,172.2857,178.1704,154.6199,205.7044,1.0751,0.9302,1.2452,0.9646
252,2010-05-08,19,12-17,101.0000,106.7855,91.5753,125.4595,1.1046,0.9484,1.2915,0.9390
252,2010-05-08,19,18-44,315.5714,332.4954,288.5363,384.4100,0.6259,0.5450,0.7201,0.5201
252,2010-05-08,19,45-64,217.5714,232.9807,201.2271,271.0759,0.6578,0.5684,0.7644,0.5368
252,2010-05-08,19,65+,105.7143,112.9309,97.1030,132.2961,0.7055,0.6063,0.8271,0.5779
253,2010-05-09,20,0-5,265.1429,257.6837,223.9294,299.3776,1.0610,0.8951,1.2644,1.0356
253,2010-05-09,20,6-11,170.2857,160.2669,138.6823,185.1195,1.0844,0.9393,1.2551,1.0920
253,2010-05-09,20,12-17,106.4286,101.4557,86.6523,119.3108,1.1135,0.9586,1.2999,1.0843
253,2010-05-09,20,18-44,341.7143,321.5923,279.2090,372.9659,0.6360,0.5538,0.7326,0.6045
253,2010-05-09,20,45-64,241.5714,228.0476,196.3357,263.9532,0.6679,0.5767,0.7763,0.6307
253,2010-05-09,20,65+,118.5714,109.7889,94.5778,128.8164,0.7156,0.6126,0.8387,0.6826
254,2010-05-10,20,0-5,235.1429,238.6438,207.9268,277.8206,1.0712,0.9013,1.2711,0.9998
254,2010-05-10,20,6-11,142.5714,144.0976,123.9210,165.6821,1.0899,0.9409,1.2652,1.0367
254,2010-05-10,20,12-17,99.2857,96.4564,82.3205,113.2990,1.1130,0.9531,1.2974,1.0635
254,2010-05-10,20,18-44,315.7143,311.0015,270.2998,361.9787,0.6408,0.5549,0.7373,0.5888
254,2010-05-10,20,45-64,227.2857,222.9203,192.1470,259.9508,0.6719,0.5766,0.7795,0.6163
254,2010-05-10,20,65+,109.0000,106.7676,91.6903,124.6203,0.7202,0.6143,0.8406,0.6620
255,2010-05-11,20,0-5,218.2857,221.9099,192.8985,258.1052,1.0726,0.9024,1.2773,1.0079
255,2010-05-11,20,6-11,125.2857,129.9920,112.2307,150.5608,1.0909,0.9413,1.2677,1.0288
255,2010-05-11,20,12-17,93.5714,91.6657,78.3779,107.3423,1.1026,0.9444,1.2850,1.0685
255,2010-05-11,20,18-44,303.1429,300.7728,262.4788,350.1198,0.6388,0.5531,0.7376,0.5966
255,2010-05-11,20,45-64,223.2857,218.4707,187.9831,253.1382,0.6683,0.5733,0.7760,0.6257
255,2010-05-11,20,65+,104.4286,103.8936,89.5237,121.1340,0.7168,0.6132,0.8396,0.6683
256,2010-05-12,20,0-5,207.5714,207.7101,180.1464,241.0308,1.0705,0.8967,1.2724,1.0358
256,2010-05-12,20,6-11,116.0000,117.8457,102.1496,136.9001,1.0853,0.9373,1.2602,1.0514
256,2010-05-12,20,12-17,87.8571,86.7074,74.1428,101.8098,1.0845,0.9298,1.2664,1.0752
256,2010-05-12,20,18-44,294.5714,290.2719,252.3222,337.4668,0.6326,0.5500,0.7313,0.6109
256,2010-05-12,20,45-64,217.7143,212.9956,182.9710,247.1674,0.6593,0.5689,0.7671,0.6389
256,2010-05-12,20,65+,102.2857,101.2077,87.0391,118.1423,0.7084,0.6071,0.8278,0.6827
257,2010-05-13,20,0-5,199.8571,193.9414,168.4577,225.1226,1.0612,0.8943,1.2617,1.0765
257,2010-05-13,20,6-11,111.7143,107.6790,93.1155,125.3686,1.0774,0.9303,1.2519,1.1010
257,2010-05-13,20,12-17,86.2857,81.7923,70.3346,96.0319,1.0628,0.9104,1.2432,1.1150
257,2010-05-13,20,18-44,290.4286,279.0883,241.8186,324.4506,0.6217,0.5399,0.7180,0.6359
257,2010-05-13,20,45-64,216.0000,206.1930,177.2416,239.8559,0.6450,0.5563,0.7523,0.6637
257,2010-05-13,20,65+,102.0000,98.4573,84.2292,115.3237,0.6953,0.5949,0.8146,0.7093
258,2010-05-14,20,0-5,186.1429,181.5849,157.0503,210.1768,1.0525,0.8820,1.2527,1.0715
258,2010-05-14,20,6-11,96.7143,98.8507,85.4593,115.1793,1.0734,0.9230,1.2464,1.0707
258,2010-05-14,20,12-17,79.1429,77.2472,66.2497,90.7112,1.0481,0.8982,1.2270,1.0900
258,2010-05-14,20,18-44,277.2857,266.2048,230.8476,309.7719,0.6131,0.5320,0.7074,0.6318
258,2010-05-14,20,45-64,205.7143,198.3327,170.9189,230.8662,0.6338,0.5467,0.7371,0.6595
258,2010-05-14,20,65+,99.2857,95.3002,81.2806,111.8174,0.6831,0.5842,0.8007,0.7085
259,2010-05-15,20,0-5,173.1429,170.2536,147.9735,197.9890,1.0532,0.8864,1.2488,1.0623
259,2010-05-15,20,6-11,91.1429,91.3170,78.6931,106.7451,1.0751,0.9229,1.2534,1.0765
259,2010-05-15,20,12-17,75.0000,73.0388,62.2187,85.1643,1.0411,0.8908,1.2248,1.0877
259,2010-05-15,20,18-44,258.8571,253.7593,220.5765,295.2247,0.6080,0.5267,0.7040,0.6292
259,2010-05-15,20,45-64,200.0000,189.1615,163.3504,220.6348,0.6259,0.5377,0.7284,0.6592
259,2010-05-15,20,65+,95.4286,92.1644,78.2725,107.2138,0.6742,0.5766,0.7904,0.7079
260,2010-05-16,21,0-5,161.5714,159.9093,139.0634,186.2417,1.0594,0.8937,1.2567,1.0583
260,2010-05-16,21,6-11,88.0000,85.2665,72.7916,100.0603,1.0856,0.9333,1.2648,1.0919
260,2010-05-16,21,12-17,69.7143,69.0322,58.6809,80.5526,1.0471,0.8944,1.2222,1.0694
260,2010-05-16,21,18-44,245.8571,240.9353,208.3398,280.1599,0.6095,0.5285,0.7067,0.6242
260,2010-05-16,21,45-64,186.2857,180.3201,155.4221,210.1106,0.6256,0.5383,0.7284,0.6489
260,2010-05-16,21,65+,90.2857,88.5388,75.4596,103.4076,0.6725,0.5742,0.7904,0.6966
261,2010-05-17,21,0-5,154.1429,150.5771,130.6643,174.9885,1.0728,0.9019,1.2789,1.0643
261,2010-05-17,21,6-11,81.1429,79.9564,68.1643,93.7975,1.1063,0.9504,1.2847,1.0828
261,2010-05-17,21,12-17,63.8571,65.3464,55.4877,76.8431,1.0695,0.9169,1.2533,1.0440
261,2010-05-17,21,18-44,231.4286,228.6774,197.3056,265.8600,0.6202,0.5373,0.7200,0.6178
261,2010-05-17,21,45-64,172.8571,171.2069,147.5136,200.1491,0.6362,0.5468,0.7432,0.6389
261,2010-05-17,21,65+,87.1429,84.7814,72.8195,99.8672,0.6823,0.5816,0.8007,0.6914
262,2010-05-18,21,0-5,136.7143,142.2727,123.1776,166.1707,1.1008,0.9221,1.3133,0.9965
262,2010-05-18,21,6-11,70.7143,75.3285,64.1899,88.5932,1.1352,0.9763,1.3203,1.0067
262,2010-05-18,21,12-17,55.5714,62.2070,52.8149,73.4491,1.1079,0.9491,1.3002,0.9609
262,2010-05-18,21,18-44,203.8571,218.0140,187.4494,254.7633,0.6405,0.5554,0.7396,0.5709
262,2010-05-18,21,45-64,149.0000,162.7510,140.4734,190.8955,0.6585,0.5659,0.7639,0.5858
262,2010-05-18,21,65+,75.7143,81.3533,69.2245,95.7388,0.7048,0.6007,0.8252,0.6321
263,2010-05-19,21,0-5,130.4286,134.9290,116.6174,157.8323,1.1406,0.9598,1.3559,1.0281
263,2010-05-19,21,6-11,71.5714,71.5655,60.7979,84.3661,1.1813,1.0183,1.3811,1.0722
263,2010-05-19,21,12-17,58.5714,59.6458,50.6188,70.8783,1.1593,0.9909,1.3516,1.0391
263,2010-05-19,21,18-44,197.8571,208.6661,179.0628,243.9550,0.6721,0.5827,0.7731,0.5948
263,2010-05-19,21,45-64,143.7143,155.5193,133.6648,181.9463,0.6929,0.5963,0.8034,0.6098
263,2010-05-19,21,65+,73.7143,78.1295,66.3371,92.0120,0.7407,0.6322,0.8671,0.6556
264,2010-05-20,21,0-5,130.5714,128.4893,110.4844,149.4582,1.1839,0.9988,1.4110,1.0969
264,2010-05-20,21,6-11,69.2857,68.0606,57.5777,80.2507,1.2355,1.0635,1.4360,1.1268
264,2010-05-20,21,12-17,57.4286,57.5441,48.4755,68.5319,1.2148,1.0453,1.4216,1.0922
264,2010-05-20,21,18-44,197.1429,200.7111,172.8580,235.4642,0.7081,0.6138,0.8192,0.6297
264,2010-05-20,21,45-64,142.2857,149.5238,128.0270,174.6769,0.7318,0.6308,0.8510,0.6439
264,2010-05-20,21,65+,72.5714,75.4133,63.6571,88.7980,0.7789,0.6661,0.9135,0.6903
265,2010-05-21,21,0-5,119.4286,122.7928,105.3315,143.0736,1.2305,1.0388,1.4622,1.0775
265,2010-05-21,21,6-11,63.7143,65.2460,55.5695,77.0519,1.2893,1.1125,1.4979,1.1137
265,2010-05-21,21,12-17,53.8571,55.8136,47.0497,66.4080,1.2802,1.1010,1.4899,1.0887
265,2010-05-21,21,18-44,186.5714,195.2580,166.9996,227.4726,0.7458,0.6472,0.8630,0.6283
265,2010-05-21,21,45-64,136.8571,144.9045,124.6505,169.7498,0.7726,0.6669,0.9003,0.6453
265,2010-05-21,21,65+,67.4286,72.9086,61.4247,86.0916,0.8216,0.7040,0.9591,0.6868
266,2010-05-22,21,0-5,117.8571,118.1274,101.0539,137.7142,1.2739,1.0750,1.5151,1.1292
266,2010-05-22,21,6-11,61.1429,62.8421,53.4312,74.1834,1.3436,1.1575,1.5553,1.1551
266,2010-05-22,21,12-17,51.7143,54.5203,46.0918,64.7408,1.3388,1.1477,1.5562,1.1260
266,2010-05-22,21,18-44,185.1429,191.6442,164.0337,222.4058,0.7804,0.6762,0.9011,0.6610
266,2010-05-22,21,45-64,137.8571,142.5668,122.3108,166.6867,0.8107,0.6980,0.9433,0.6830
266,2010-05-22,21,65+,70.4286,71.0398,60.0654,84.1026,0.8623,0.7355,1.0088,0.7374
267,2010-05-23,22,0-5,113.4286,114.3094,97.3867,133.1399,1.3065,1.1033,1.5478,1.1530
267,2010-05-23,22,6-11,58.2857,60.9007,51.9429,72.2331,1.3862,1.2002,1.6049,1.1797
267,2010-05-23,22,12-17,51.7143,53.8021,45.5990,63.6471,1.3856,1.1899,1.6103,1.1735
267,2010-05-23,22,18-44,182.8571,189.8875,162.4788,221.2596,0.8070,0.6985,0.9319,0.6827
267,2010-05-23,22,45-64,139.2857,141.4318,121.1830,164.3039,0.8387,0.7217,0.9755,0.7078
267,2010-05-23,22,65+,67.0000,69.6241,59.1423,82.6211,0.8926,0.7626,1.0443,0.7527
268,2010-05-24,22,0-5,107.7143,110.8622,94.8022,129.8840,1.3221,1.1197,1.5636,1.1639
268,2010-05-24,22,6-11,57.2857,59.6309,50.6305,71.1680,1.4100,1.2192,1.6365,1.2140
268,2010-05-24,22,12-17,52.0000,53.3780,45.4729,63.3202,1.4031,1.2051,1.6363,1.2163
268,2010-05-24,22,18-44,180.5714,188.9694,161.9625,221.1554,0.8170,0.7080,0.9465,0.7011
268,2010-05-24,22,45-64,138.7143,140.8964,121.2242,164.1180,0.8498,0.7322,0.9894,0.7299
268,2010-05-24,22,65+,67.1429,69.0312,58.3887,82.2779,0.9066,0.7727,1.0592,0.7776
269,2010-05-25,22,0-5,113.2857,108.0691,92.7774,126.2689,1.3267,1.1259,1.5722,1.3078
269,2010-05-25,22,6-11,62.2857,58.7439,49.7392,69.7791,1.4145,1.2175,1.6393,1.3870
269,2010-05-25,22,12-17,57.7143,53.5681,45.3599,63.1570,1.4025,1.2076,1.6283,1.3941
269,2010-05-25,22,18-44,202.8571,188.5184,162.1661,220.9929,0.8162,0.7072,0.9418,0.8041
269,2010-05-25,22,45-64,154.4286,140.9268,121.2434,164.5265,0.8470,0.7303,0.9827,0.8388
269,2010-05-25,22,65+,75.2857,69.0090,58.1000,82.1724,0.9055,0.7745,1.0588,0.8943
270,2010-05-26,22,0-5,106.5714,105.9814,91.1063,123.3781,1.3209,1.1144,1.5578,1.2697
270,2010-05-26,22,6-11,58.0000,58.2603,49.2393,69.2583,1.4013,1.2105,1.6296,1.3366
270,2010-05-26,22,12-17,54.4286,53.6807,45.1954,63.1234,1.3786,1.1860,1.6034,1.3372
270,2010-05-26,22,18-44,198.7143,188.7885,162.1850,220.8151,0.8021,0.6947,0.9240,0.7823
270,2010-05-26,22,45-64,148.5714,141.1992,120.3991,164.4790,0.8302,0.7160,0.9619,0.8134
270,2010-05-26,22,65+,72.5714,69.3489,58.3515,82.1443,0.8906,0.7634,1.0452,0.8661
271,2010-05-27,22,0-5,102.4286,104.3657,89.9297,121.2156,1.2998,1.0980,1.5391,1.2662
271,2010-05-27,22,6-11,58.1429,58.0861,49.1461,68.4809,1.3780,1.1920,1.5963,1.3541
271,2010-05-27,22,12-17,54.8571,53.8128,45.3830,63.3227,1.3439,1.1534,1.5640,1.3499
271,2010-05-27,22,18-44,200.5714,188.7790,161.3787,219.4999,0.7802,0.6784,0.8992,0.7893
271,2010-05-27,22,45-64,149.4286,141.2182,120.5690,164.4658,0.8072,0.6963,0.9370,0.8207
271,2010-05-27,22,65+,73.2857,69.8991,58.8513,82.6247,0.8719,0.7452,1.0197,0.8738
272,2010-05-28,22,0-5,102.7143,103.2548,88.6480,120.1707,1.2787,1.0828,1.5096,1.2711
272,2010-05-28,22,6-11,60.0000,58.0912,49.1194,68.8089,1.3500,1.1656,1.5695,1.3645
272,2010-05-28,22,12-17,54.8571,54.0222,45.6023,63.8159,1.3083,1.1225,1.5251,1.3317
272,2010-05-28,22,18-44,193.7143,187.8705,161.2723,218.6133,0.7601,0.6604,0.8755,0.7754
272,2010-05-28,22,45-64,144.1429,141.0397,120.0681,164.4503,0.7862,0.6802,0.9108,0.8018
272,2010-05-28,22,65+,73.4286,70.6712,60.0313,84.0336,0.8558,0.7316,1.0001,0.8605
273,2010-05-29,22,0-5,104.4286,102.2690,88.1728,119.5716,1.2555,1.0591,1.4878,1.2943
273,2010-05-29,22,6-11,60.2857,58.2940,49.4656,69.2730,1.3238,1.1405,1.5432,1.3726
273,2010-05-29,22,12-17,57.8571,54.1212,45.6232,64.0541,1.2744,1.0928,1.4902,1.3595
273,2010-05-29,22,18-44,192.0000,185.8456,160.2636,217.0989,0.7415,0.6429,0.8568,0.7751
273,2010-05-29,22,45-64,141.2857,140.4790,119.7548,164.7076,0.7683,0.6617,0.8906,0.7965
273,2010-05-29,22,65+,72.1429,71.6150,60.9054,84.8419,0.8397,0.7168,0.9826,0.8508
274,2010-05-30,23,0-5,102.0000,101.4792,87.7291,119.1530,1.2416,1.0454,1.4645,1.2525
274,2010-05-30,23,6-11,58.4286,58.3789,49.4805,69.1085,1.3023,1.1252,1.5110,1.3151
274,2010-05-30,23,12-17,55.1429,53.9325,45.3067,63.7492,1.2454,1.0697,1.4508,1.2906
274,2010-05-30,23,18-44,177.4286,182.4705,157.6082,212.4975,0.7279,0.6335,0.8376,0.7364
274,2010-05-30,23,45-64,135.0000,139.9784,119.5095,163.9617,0.7544,0.6517,0.8752,0.7577
274,2010-05-30,23,65+,69.4286,72.5873,61.6504,86.2398,0.8282,0.7085,0.9664,0.8140
275,2010-05-31,23,0-5,103.1429,100.5139,86.3911,118.2233,1.2248,1.0333,1.4517,1.2885
275,2010-05-31,23,6-11,59.7143,58.3813,49.3094,69.1465,1.2830,1.1046,1.4909,1.3547
275,2010-05-31,23,12-17,53.7143,53.3028,44.8068,62.7690,1.2240,1.0507,1.4293,1.3006
275,2010-05-31,23,18-44,180.4286,179.1860,154.1754,209.2545,0.7167,0.6240,0.8247,0.7594
275,2010-05-31,23,45-64,138.5714,138.8853,118.7749,162.6176,0.7434,0.6428,0.8623,0.7833
275,2010-05-31,23,65+,72.4286,73.2018,61.6826,86.4496,0.8162,0.6987,0.9560,0.8483
276,2010-06-01,23,0-5,101.2857,99.4757,85.3997,116.2886,1.2137,1.0216,1.4414,1.2670
276,2010-06-01,23,6-11,59.1429,58.0699,49.1382,68.4829,1.2669,1.0927,1.4746,1.3341
276,2010-06-01,23,12-17,52.0000,52.3948,43.9764,62.1211,1.2112,1.0389,1.4118,1.2701
276,2010-06-01,23,18-44,171.2857,175.2530,151.1468,205.2149,0.7094,0.6173,0.8164,0.7427
276,2010-06-01,23,45-64,134.0000,137.6280,117.5228,162.0161,0.7367,0.6358,0.8546,0.7698
276,2010-06-01,23,65+,74.7143,73.3395,61.9746,85.9960,0.8065,0.6906,0.9455,0.8508
277,2010-06-02,23,0-5,96.7143,98.1451,84.1708,115.2135,1.2086,1.0207,1.4345,1.2412
277,2010-06-02,23,6-11,57.4286,57.3768,48.4043,67.7046,1.2611,1.0830,1.4663,1.3174
277,2010-06-02,23,12-17,50.7143,51.2183,42.8817,60.8940,1.2058,1.0335,1.4097,1.2614
277,2010-06-02,23,18-44,169.4286,171.1528,147.0874,199.9612,0.7072,0.6141,0.8151,0.7388
277,2010-06-02,23,45-64,132.2857,135.9013,115.9268,159.4607,0.7351,0.6326,0.8529,0.7684
277,2010-06-02,23,65+,74.4286,72.8131,61.8327,85.6474,0.8014,0.6823,0.9418,0.8504
278,2010-06-03,23,0-5,98.0000,96.6916,83.2642,113.2353,1.2063,1.0169,1.4357,1.2596
278,2010-06-03,23,6-11,57.5714,56.6292,48.0309,66.6776,1.2602,1.0844,1.4734,1.3254
278,2010-06-03,23,12-17,50.4286,50.0248,42.1579,59.4378,1.2026,1.0275,1.3987,1.2674
278,2010-06-03,23,18-44,165.5714,166.9465,143.3334,194.6004,0.7051,0.6124,0.8139,0.7400
278,2010-06-03,23,45-64,131.0000,133.8728,114.6413,156.9320,0.7316,0.6310,0.8496,0.7686
278,2010-06-03,23,65+,73.5714,71.8061,60.8525,83.7729,0.7962,0.6786,0.9350,0.8493
279,2010-06-04,23,0-5,95.5714,94.9484,81.7416,111.3441,1.2047,1.0153,1.4323,1.2386
279,2010-06-04,23,6-11,52.8571,55.6501,47.1425,65.6967,1.2618,1.0819,1.4719,1.2701
279,2010-06-04,23,12-17,47.2857,48.7877,40.9945,57.6774,1.1996,1.0249,1.4008,1.2353
279,2010-06-04,23,18-44,159.1429,162.8546,139.2628,189.1871,0.7019,0.6093,0.8075,0.7286
279,2010-06-04,23,45-64,132.7143,131.5148,112.9103,154.2869,0.7264,0.6264,0.8403,0.7625
279,2010-06-04,23,65+,70.1429,70.2877,59.3390,82.6103,0.7875,0.6716,0.9247,0.8338
280,2010-06-05,23,0-5,91.5714,93.2104,80.1811,109.4607,1.2122,1.0186,1.4453,1.2098
280,2010-06-05,23,6-11,50.8571,54.6974,46.2412,64.7685,1.2696,1.0916,1.4834,1.2451
280,2010-06-05,23,12-17,44.2857,47.4965,40.1208,56.1131,1.1975,1.0234,1.4034,1.2005
280,2010-06-05,23,18-44,153.2857,158.7157,135.5334,184.2110,0.7003,0.6080,0.8092,0.7147
280,2010-06-05,23,45-64,129.2857,128.9574,110.8115,150.4264,0.7216,0.6212,0.8380,0.7490
280,2010-06-05,23,65+,67.7143,68.5233,58.2034,80.8713,0.7812,0.6659,0.9176,0.8181
281,2010-06-06,24,0-5,90.2857,91.5387,79.0297,107.0168,1.2128,1.0188,1.4432,1.2428
281,2010-06-06,24,6-11,53.2857,53.8480,45.4049,63.8587,1.2720,1.0936,1.4816,1.3175
281,2010-06-06,24,12-17,45.8571,46.2537,38.8224,54.5954,1.1884,1.0173,1.3927,1.2645
281,2010-06-06,24,18-44,159.2857,154.7639,132.2073,179.4595,0.6954,0.6042,0.8019,0.7462
281,2010-06-06,24,45-64,130.8571,125.5523,107.9621,146.4678,0.7130,0.6141,0.8268,0.7787
281,2010-06-06,24,65+,67.1429,66.3557,56.2032,78.2852,0.7724,0.6598,0.9034,0.8411
282,2010-06-07,24,0-5,87.1429,90.2335,77.3451,105.4438,1.2135,1.0200,1.4436,1.2072
282,2010-06-07,24,6-11,53.1429,53.0756,44.6803,62.8186,1.2747,1.0922,1.4874,1.2927
282,2010-06-07,24,12-17,44.7143,44.9635,37.7970,53.1636,1.1750,1.0050,1.3767,1.2231
282,2010-06-07,24,18-44,149.2857,150.3468,128.5762,175.1496,0.6904,0.6000,0.7945,0.7119
282,2010-06-07,24,45-64,118.7143,121.2927,104.2446,140.8875,0.7044,0.6075,0.8171,0.7356
282,2010-06-07,24,65+,63.1429,64.2371,54.1650,75.8493,0.7649,0.6514,0.8964,0.7968
283,2010-06-08,24,0-5,89.4286,88.7364,75.8859,103.9647,1.2147,1.0189,1.4494,1.2429
283,2010-06-08,24,6-11,52.8571,52.5698,44.1587,62.3145,1.2686,1.0839,1.4826,1.3048
283,2010-06-08,24,12-17,44.8571,43.6136,36.6712,51.6030,1.1571,0.9934,1.3585,1.2378
283,2010-06-08,24,18-44,147.1429,146.4030,125.5127,170.1764,0.6834,0.5933,0.7892,0.7170
283,2010-06-08,24,45-64,115.5714,116.5310,99.8456,135.4988,0.6942,0.5979,0.8081,0.7358
283,2010-06-08,24,65+,60.7143,62.0721,52.3121,73.5847,0.7564,0.6451,0.8874,0.7921
284,2010-06-09,24,0-5,90.1429,87.4029,74.6632,102.3611,1.2132,1.0199,1.4491,1.2590
284,2010-06-09,24,6-11,52.8571,51.9873,43.7539,61.6571,1.2596,1.0808,1.4643,1.3132
284,2010-06-09,24,12-17,43.8571,42.2275,35.5544,50.2170,1.1397,0.9740,1.3352,1.2376
284,2010-06-09,24,18-44,142.5714,141.8794,121.6219,165.5714,0.6757,0.5881,0.7780,0.7187
284,2010-06-09,24,45-64,113.8571,111.3730,95.8048,129.7441,0.6838,0.5899,0.7945,0.7382
284,2010-06-09,24,65+,60.0000,59.9688,50.8628,71.2175,0.7467,0.6386,0.8751,0.7980
285,2010-06-10,24,0-5,88.0000,86.1056,73.6795,101.3350,1.2105,1.0156,1.4436,1.2558
285,2010-06-10,24,6-11,51.4286,51.1799,42.9157,60.6288,1.2479,1.0692,1.4584,1.3105
285,2010-06-10,24,12-17,42.8571,40.8156,34.3256,48.6955,1.1221,0.9598,1.3107,1.2439
285,2010-06-10,24,18-44,141.5714,137.7580,118.0324,159.7018,0.6672,0.5785,0.7719,0.7254
285,2010-06-10,24,45-64,113.4286,106.3054,91.3657,124.3444,0.6743,0.5799,0.7819,0.7489
285,2010-06-10,24,65+,60.0000,57.9305,49.2501,68.3276,0.7394,0.6269,0.8671,0.8124
286,2010-06-11,24,0-5,85.0000,85.2407,72.2406,100.3001,1.2132,1.0140,1.4464,1.2168
286,2010-06-11,24,6-11,51.4286,50.4416,42.3625,59.4921,1.2370,1.0583,1.4494,1.2851
286,2010-06-11,24,12-17,41.0000,39.2925,32.8849,47.1322,1.1129,0.9510,1.3029,1.1932
286,2010-06-11,24,18-44,133.1429,133.4187,114.2774,155.2592,0.6618,0.5751,0.7662,0.6925
286,2010-06-11,24,45-64,102.8571,101.3318,86.8142,118.6081,0.6684,0.5771,0.7786,0.7077
286,2010-06-11,24,65+,55.5714,55.9323,47.4083,66.1214,0.7360,0.6267,0.8637,0.7677
287,2010-06-12,24,0-5,83.4286,84.3912,71.6233,99.3778,1.2169,1.0229,1.4533,1.2150
287,2010-06-12,24,6-11,52.4286,49.5729,41.4927,58.5934,1.2326,1.0571,1.4421,1.2984
287,2010-06-12,24,12-17,38.7143,37.7679,31.3387,44.9684,1.1147,0.9457,1.3023,1.1599
287,2010-06-12,24,18-44,131.4286,128.8448,110.6660,150.2433,0.6619,0.5757,0.7629,0.6838
287,2010-06-12,24,45-64,94.0000,96.5774,82.8081,112.9989,0.6681,0.5773,0.7770,0.6888
287,2010-06-12,24,65+,53.1429,54.1129,45.8855,63.9779,0.7357,0.6265,0.8662,0.7497
288,2010-06-13,25,0-5,83.2857,83.6588,70.9336,98.7051,1.2330,1.0334,1.4699,1.2140
288,2010-06-13,25,6-11,49.4286,48.6112,40.6398,57.6117,1.2355,1.0624,1.4454,1.2576
288,2010-06-13,25,12-17,35.1429,36.3600,30.2593,43.2845,1.1268,0.9608,1.3299,1.1128
288,2010-06-13,25,18-44,124.1429,124.3901,106.8430,145.5464,0.6676,0.5791,0.7692,0.6712
288,2010-06-13,25,45-64,89.2857,92.8254,78.9046,107.9653,0.6760,0.5811,0.7870,0.6783
288,2010-06-13,25,65+,53.5714,52.4944,44.3256,62.0189,0.7439,0.6330,0.8780,0.7543
289,2010-06-14,25,0-5,84.1429,83.2489,70.5834,97.7296,1.2532,1.0494,1.4954,1.2270
289,2010-06-14,25,6-11,47.8571,47.5138,39.9639,56.3838,1.2460,1.0676,1.4564,1.2458
289,2010-06-14,25,12-17,34.7143,35.1057,29.2651,41.9798,1.1532,0.9858,1.3520,1.1243
289,2010-06-14,25,18-44,117.8571,120.4332,103.2997,140.9077,0.6774,0.5882,0.7804,0.6685
289,2010-06-14,25,45-64,87.1429,89.3759,75.9435,104.3952,0.6875,0.5926,0.7983,0.6768
289,2010-06-14,25,65+,50.8571,50.9483,42.9663,60.3444,0.7562,0.6440,0.8891,0.7484
290,2010-06-15,25,0-5,79.4286,83.0348,71.0296,98.0672,1.2756,1.0664,1.5278,1.1901
290,2010-06-15,25,6-11,44.4286,46.4242,39.1785,55.4117,1.2613,1.0804,1.4725,1.2058
290,2010-06-15,25,12-17,31.8571,34.0769,28.2791,41.0218,1.1868,1.0115,1.3918,1.0951
290,2010-06-15,25,18-44,113.7143,116.6242,99.8334,135.8964,0.6908,0.5989,0.7950,0.6575
290,2010-06-15,25,45-64,84.1429,86.4782,73.5185,101.7991,0.7031,0.6051,0.8162,0.6679
290,2010-06-15,25,65+,47.1429,49.4631,41.8273,58.4350,0.7716,0.6572,0.9073,0.7314
291,2010-06-16,25,0-5,80.7143,83.2927,71.1951,97.7715,1.2993,1.0903,1.5532,1.2173
291,2010-06-16,25,6-11,44.0000,45.2406,38.1181,54.1852,1.2822,1.1009,1.5000,1.2210
291,2010-06-16,25,12-17,30.5714,33.2819,27.4028,40.3327,1.2233,1.0434,1.4313,1.0991
291,2010-06-16,25,18-44,109.4286,113.3573,97.4337,132.8065,0.7041,0.6121,0.8128,0.6616
291,2010-06-16,25,45-64,81.0000,84.0992,71.7160,98.9239,0.7191,0.6200,0.8381,0.6704
291,2010-06-16,25,65+,45.8571,48.1079,40.6899,56.9414,0.7895,0.6735,0.9297,0.7365
292,2010-06-17,25,0-5,82.8571,83.4429,71.4238,98.1423,1.3191,1.1052,1.5717,1.2672
292,2010-06-17,25,6-11,43.8571,44.1182,37.2090,52.7178,1.2984,1.1110,1.5171,1.2617
292,2010-06-17,25,12-17,30.8571,32.8991,26.9600,39.4903,1.2621,1.0789,1.4832,1.1500
292,2010-06-17,25,18-44,109.1429,110.2286,94.6892,129.4019,0.7175,0.6222,0.8285,0.6864
292,2010-06-17,25,45-64,81.2857,82.5421,70.2126,96.9015,0.7370,0.6331,0.8563,0.6965
292,2010-06-17,25,65+,45.5714,46.9177,39.6691,55.7107,0.8080,0.6867,0.9467,0.7635
293,2010-06-18,25,0-5,83.4286,84.0104,71.8459,98.8617,1.3260,1.1127,1.5817,1.2914
293,2010-06-18,25,6-11,43.8571,43.2152,36.4248,51.8364,1.3084,1.1253,1.5289,1.2916
293,2010-06-18,25,12-17,31.1429,32.6024,26.9405,39.2957,1.2967,1.1116,1.5229,1.1879
293,2010-06-18,25,18-44,108.4286,107.5423,92.1015,126.1717,0.7265,0.6340,0.8370,0.7007
293,2010-06-18,25,45-64,80.1429,81.2814,69.1499,95.4116,0.7499,0.6487,0.8691,0.7111
293,2010-06-18,25,65+,44.8571,45.9248,38.8609,54.4448,0.8195,0.6987,0.9606,0.7779
294,2010-06-19,25,0-5,86.1429,84.2839,72.0828,99.0764,1.3259,1.1139,1.5836,1.3179
294,2010-06-19,25,6-11,41.7143,42.3039,35.3060,50.8915,1.3154,1.1297,1.5333,1.2806
294,2010-06-19,25,12-17,31.0000,32.6770,27.1642,39.2710,1.3230,1.1270,1.5545,1.2148
294,2010-06-19,25,18-44,103.5714,105.0550,90.1981,123.3908,0.7326,0.6370,0.8410,0.7099
294,2010-06-19,25,45-64,83.0000,80.4023,68.1621,94.6300,0.7586,0.6533,0.8830,0.7307
294,2010-06-19,25,65+,45.4286,45.1190,37.9427,53.5255,0.8275,0.7034,0.9728,0.8033
295,2010-06-20,26,0-5,86.0000,84.6454,72.1589,98.9256,1.3191,1.1071,1.5710,1.3163
295,2010-06-20,26,6-11,41.5714,41.4407,34.5427,49.6013,1.3165,1.1321,1.5406,1.2906
295,2010-06-20,26,12-17,32.8571,32.9492,27.4238,39.4140,1.3291,1.1264,1.5621,1.2523
295,2010-06-20,26,18-44,102.4286,103.1845,88.6139,121.0884,0.7339,0.6375,0.8441,0.7075
295,2010-06-20,26,45-64,78.1429,79.9106,67.5820,93.7807,0.7619,0.6564,0.8879,0.7242
295,2010-06-20,26,65+,45.0000,44.4425,37.2441,52.5069,0.8296,0.7068,0.9743,0.7996
296,2010-06-21,26,0-5,84.0000,84.7579,72.3765,98.8646,1.3027,1.0915,1.5528,1.3078
296,2010-06-21,26,6-11,40.4286,40.7014,34.0004,48.7641,1.3076,1.1229,1.5290,1.3009
296,2010-06-21,26,12-17,34.8571,33.4046,27.8824,40.0083,1.3189,1.1237,1.5473,1.3147
296,2010-06-21,26,18-44,103.5714,101.5509,86.7627,119.1464,0.7268,0.6333,0.8366,0.7231
296,2010-06-21,26,45-64,80.0000,79.7312,67.4966,93.5025,0.7574,0.6525,0.8817,0.7474
296,2010-06-21,26,65+,45.4286,43.8166,36.7635,51.9149,0.8239,0.7034,0.9672,0.8223
297,2010-06-22,26,0-5,86.0000,84.4232,72.0404,98.7260,1.2753,1.0715,1.5241,1.3291
297,2010-06-22,26,6-11,40.5714,40.1033,33.4324,47.9751,1.2932,1.1126,1.5116,1.3167
297,2010-06-22,26,12-17,35.2857,33.7265,28.0757,40.3127,1.2859,1.0926,1.5093,1.3264
297,2010-06-22,26,18-44,102.5714,100.2869,85.6848,117.8662,0.7134,0.6221,0.8247,0.7287
297,2010-06-22,26,45-64,80.5714,79.5637,67.6847,93.6626,0.7440,0.6426,0.8693,0.7520
297,2010-06-22,26,65+,44.1429,43.2469,36.3868,51.2408,0.8102,0.6911,0.9547,0.8204
298,2010-06-23,26,0-5,83.8571,83.6917,71.0330,98.1198,1.2512,1.0491,1.5017,1.3142
298,2010-06-23,26,6-11,40.0000,39.5041,33.0394,47.2938,1.2821,1.0980,1.5026,1.3222
298,2010-06-23,26,12-17,36.2857,33.6757,27.9875,40.2514,1.2450,1.0649,1.4666,1.3501
298,2010-06-23,26,18-44,103.1429,98.9230,84.9402,116.0186,0.6998,0.6097,0.8061,0.7356
298,2010-06-23,26,45-64,82.0000,79.4819,67.9661,94.1841,0.7289,0.6287,0.8492,0.7639
298,2010-06-23,26,65+,44.2857,42.6088,35.8573,50.8404,0.7964,0.6781,0.9327,0.8318
299,2010-06-24,26,0-5,83.7143,82.5350,70.0936,96.7021,1.2306,1.0320,1.4747,1.3116
299,2010-06-24,26,6-11,41.1429,39.1700,32.9453,46.9069,1.2715,1.0897,1.4850,1.3417
299,2010-06-24,26,12-17,36.1429,33.3602,27.7607,40.0500,1.2104,1.0285,1.4148,1.3419
299,2010-06-24,26,18-44,100.8571,97.3970,83.7092,114.1067,0.6860,0.5977,0.7883,0.7349
299,2010-06-24,26,45-64,82.8571,79.3002,67.5286,93.6818,0.7137,0.6143,0.8269,0.7657
299,2010-06-24,26,65+,44.5714,42.1539,35.4529,50.3646,0.7810,0.6658,0.9160,0.8373
300,2010-06-25,26,0-5,82.5714,81.2373,68.8882,95.0347,1.2188,1.0236,1.4528,1.2843
300,2010-06-25,26,6-11,39.8571,38.9765,32.6776,46.8928,1.2697,1.0855,1.4839,1.3025
300,2010-06-25,26,12-17,36.0000,32.7837,27.2281,39.4064,1.1765,1.0023,1.3799,1.3095
300,2010-06-25,26,18-44,96.7143,95.8971,82.2189,112.4531,0.6768,0.5907,0.7765,0.7118
300,2010-06-25,26,45-64,80.2857,78.9795,67.2832,93.0214,0.7016,0.6047,0.8148,0.7402
300,2010-06-25,26,65+,42.4286,41.7092,34.9121,49.7448,0.7717,0.6555,0.9075,0.8057
301,2010-06-26,26,0-5,78.4286,79.8698,67.5174,93.5999,1.2147,1.0198,1.4607,1.2400
301,2010-06-26,26,6-11,38.7143,38.9942,32.6747,46.6936,1.2769,1.0957,1.4974,1.2718
301,2010-06-26,26,12-17,34.2857,31.9981,26.8266,38.6439,1.1548,0.9858,1.3601,1.2581
301,2010-06-26,26,18-44,94.7143,94.6697,80.8233,110.9562,0.6710,0.5859,0.7705,0.6932
301,2010-06-26,26,45-64,77.1429,78.4393,66.6849,92.2786,0.6928,0.5968,0.8043,0.7201
301,2010-06-26,26,65+,41.4286,41.2660,34.5977,49.1124,0.7660,0.6492,0.8996,0.7872
302,2010-06-27,27,0-5,77.2857,78.3529,66.4645,92.0370,1.2200,1.0212,1.4595,1.2403
302,2010-06-27,27,6-11,37.8571,39.0792,32.7049,46.8653,1.2967,1.1126,1.5186,1.2665
302,2010-06-27,27,12-17,31.7143,31.0515,25.8380,37.5975,1.1486,0.9796,1.3500,1.2241
302,2010-06-27,27,18-44,93.2857,93.2004,79.6344,109.5015,0.6699,0.5847,0.7698,0.6964
302,2010-06-27,27,45-64,79.4286,77.5117,65.9375,90.7277,0.6879,0.5929,0.7985,0.7270
302,2010-06-27,27,65+,40.2857,40.8951,34.2904,48.6644,0.7629,0.6481,0.8944,0.7898
303,2010-06-28,27,0-5,77.1429,76.9270,65.7829,89.9481,1.2262,1.0241,1.4664,1.2456
303,2010-06-28,27,6-11,38.4286,39.5298,33.0263,47.2841,1.3257,1.1321,1.5569,1.2738
303,2010-06-28,27,12-17,28.1429,30.0372,25.0453,36.0388,1.1568,0.9853,1.3619,1.1607
303,2010-06-28,27,18-44,90.1429,91.6974,78.1763,107.9356,0.6740,0.5875,0.7747,0.6883
303,2010-06-28,27,45-64,77.5714,75.9373,64.4814,88.6639,0.6894,0.5939,0.8033,0.7155
303,2010-06-28,27,65+,39.2857,40.4375,33.8902,48.3284,0.7669,0.6531,0.9035,0.7809
304,2010-06-29,27,0-5,74.2857,75.4591,64.3659,88.7351,1.2392,1.0327,1.4738,1.2170
304,2010-06-29,27,6-11,38.5714,40.1692,33.8117,48.2850,1.3613,1.1663,1.6018,1.2654
304,2010-06-29,27,12-17,26.1429,29.1235,24.1363,34.8510,1.1799,1.0021,1.3875,1.1196
304,2010-06-29,27,18-44,85.7143,90.3496,77.2097,106.7549,0.6839,0.5952,0.7858,0.6696
304,2010-06-29,27,45-64,73.0000,74.0472,62.9473,86.3411,0.6972,0.6008,0.8135,0.6941
304,2010-06-29,27,65+,38.5714,40.0823,33.6941,47.6692,0.7775,0.6606,0.9177,0.7659
305,2010-06-30,27,0-5,73.7143,74.1803,63.0415,87.5319,1.2525,1.0514,1.4984,1.2328
305,2010-06-30,27,6-11,40.4286,41.1375,34.4964,49.3593,1.3994,1.2002,1.6515,1.3097
305,2010-06-30,27,12-17,25.5714,28.4214,23.4403,34.1588,1.2070,1.0277,1.4116,1.1311
305,2010-06-30,27,18-44,85.0000,89.0293,76.0141,105.1791,0.6960,0.6076,0.8019,0.6758
305,2010-06-30,27,45-64,70.0000,71.8806,60.8891,84.3383,0.7085,0.6113,0.8237,0.6958
305,2010-06-30,27,65+,38.4286,39.7599,33.3457,47.2631,0.7907,0.6735,0.9321,0.7720
306,2010-07-01,27,0-5,74.1429,72.9608,61.7906,86.5957,1.2705,1.0634,1.5232,1.2673
306,2010-07-01,27,6-11,40.8571,42.2803,35.4101,50.6929,1.4321,1.2237,1.6846,1.3419
306,2010-07-01,27,12-17,26.1429,27.8752,22.9698,33.6198,1.2310,1.0510,1.4470,1.1769
306,2010-07-01,27,18-44,87.0000,88.1793,74.6905,103.6434,0.7081,0.6181,0.8160,0.6944
306,2010-07-01,27,45-64,68.4286,69.5593,58.6764,82.2711,0.7188,0.6214,0.8365,0.7113
306,2010-07-01,27,65+,38.4286,39.4179,33.2067,47.0480,0.8031,0.6817,0.9460,0.7880
307,2010-07-02,27,0-5,69.8571,71.8405,60.9634,85.1338,1.2864,1.0781,1.5389,1.2458
307,2010-07-02,27,6-11,43.1429,43.4624,36.3240,51.9321,1.4562,1.2458,1.7075,1.3879
307,2010-07-02,27,12-17,25.5714,27.4689,22.7444,32.9796,1.2582,1.0757,1.4782,1.1908
307,2010-07-02,27,18-44,87.7143,87.2860,74.2891,102.4270,0.7199,0.6283,0.8284,0.7030
307,2010-07-02,27,45-64,66.2857,67.1931,56.8156,79.8679,0.7310,0.6314,0.8489,0.7217
307,2010-07-02,27,65+,40.2857,39.0856,32.9378,47.0183,0.8139,0.6913,0.9587,0.8140
308,2010-07-03,27,0-5,69.0000,70.7737,60.0542,83.5908,1.2964,1.0878,1.5485,1.2526
308,2010-07-03,27,6-11,45.1429,44.7148,37.4917,53.5395,1.4722,1.2581,1.7231,1.4188
308,2010-07-03,27,12-17,26.5714,27.2763,22.5284,32.8740,1.2781,1.0886,1.5077,1.2257
308,2010-07-03,27,18-44,87.2857,87.0404,73.8366,102.2090,0.7292,0.6351,0.8387,0.7060
308,2010-07-03,27,45-64,64.2857,65.4378,55.5915,77.8739,0.7402,0.6368,0.8627,0.7205
308,2010-07-03,27,65+,39.0000,38.6679,32.6155,46.6513,0.8202,0.6944,0.9691,0.8058
309,2010-07-04,28,0-5,70.0000,70.0168,59.6213,82.7327,1.2964,1.0949,1.5506,1.2804
309,2010-07-04,28,6-11,46.5714,46.1253,38.5276,55.1280,1.4766,1.2594,1.7356,1.4397
309,2010-07-04,28,12-17,26.5714,27.2508,22.3636,32.8516,1.2869,1.0995,1.5131,1.2409
309,2010-07-04,28,18-44,87.0000,86.9521,73.6181,101.9972,0.7348,0.6400,0.8452,0.7145
309,2010-07-04,28,45-64,64.1429,64.1513,54.5097,76.2987,0.7469,0.6438,0.8683,0.7278
309,2010-07-04,28,65+,38.8571,38.4035,32.2426,45.9409,0.8232,0.7013,0.9700,0.8129
310,2010-07-05,28,0-5,70.7143,69.3322,58.9580,82.1509,1.2984,1.0858,1.5419,1.2964
310,2010-07-05,28,6-11,48.0000,47.3746,39.7883,56.2911,1.4637,1.2539,1.7262,1.4508
310,2010-07-05,28,12-17,28.1429,27.2114,22.3897,32.8115,1.2852,1.0979,1.5066,1.2751
310,2010-07-05,28,18-44,86.5714,86.9842,73.9175,101.7938,0.7349,0.6406,0.8481,0.7144
310,2010-07-05,28,45-64,62.0000,63.4075,53.7398,75.0467,0.7481,0.6449,0.8704,0.7231
310,2010-07-05,28,65+,38.0000,38.0893,31.8852,45.6115,0.8219,0.7001,0.9640,0.8040
311,2010-07-06,28,0-5,69.7143,68.5956,58.2597,80.9208,1.2966,1.0879,1.5444,1.3066
311,2010-07-06,28,6-11,50.7143,48.4562,40.5366,57.4137,1.4449,1.2364,1.6928,1.4966
311,2010-07-06,28,12-17,28.8571,27.3018,22.5213,32.9437,1.2677,1.0841,1.4933,1.3138
311,2010-07-06,28,18-44,88.8571,87.4329,74.3901,102.3030,0.7326,0.6365,0.8457,0.7351
311,2010-07-06,28,45-64,64.5714,63.2715,53.4988,75.0004,0.7464,0.6412,0.8690,0.7481
311,2010-07-06,28,65+,38.5714,37.7264,31.6422,45.0272,0.8183,0.6967,0.9628,0.8284
312,2010-07-07,28,0-5,66.5714,67.9861,57.8720,80.3053,1.2794,1.0751,1.5207,1.2761
312,2010-07-07,28,6-11,50.5714,49.0992,41.3066,58.3575,1.4183,1.2183,1.6595,1.4731
312,2010-07-07,28,12-17,28.5714,27.2247,22.3877,32.9070,1.2461,1.0679,1.4646,1.2996
312,2010-07-07,28,18-44,90.2857,88.1171,74.9676,103.2897,0.7235,0.6300,0.8319,0.7311
312,2010-07-07,28,45-64,64.2857,63.3462,53.5618,74.8648,0.7384,0.6376,0.8581,0.7453
312,2010-07-07,28,65+,38.1429,37.3670,31.3112,44.3334,0.8081,0.6888,0.9501,0.8233
313,2010-07-08,28,0-5,64.2857,67.4686,57.0253,79.6810,1.2636,1.0640,1.5097,1.2499
313,2010-07-08,28,6-11,50.5714,49.3924,41.7503,59.0054,1.3901,1.1900,1.6358,1.4464
313,2010-07-08,28,12-17,27.1429,27.0260,22.2938,32.5792,1.2267,1.0442,1.4467,1.2560
313,2010-07-08,28,18-44,89.2857,88.7628,75.0026,103.9940,0.7152,0.6201,0.8260,0.7208
313,2010-07-08,28,45-64,64.1429,63.7446,53.6455,75.4676,0.7314,0.6288,0.8550,0.7374
313,2010-07-08,28,65+,38.2857,37.0192,30.9422,43.9256,0.7999,0.6812,0.9444,0.8198
314,2010-07-09,28,0-5,69.5714,66.9536,56.6854,78.8901,1.2439,1.0424,1.4852,1.3242
314,2010-07-09,28,6-11,49.2857,49.4148,41.7022,58.8661,1.3649,1.1684,1.5963,1.4329
314,2010-07-09,28,12-17,27.7143,26.8062,22.0972,32.2866,1.2023,1.0264,1.4125,1.2721
314,2010-07-09,28,18-44,91.0000,89.2750,75.5027,104.6794,0.7045,0.6126,0.8133,0.7333
314,2010-07-09,28,45-64,64.4286,64.4471,54.3834,76.5770,0.7223,0.6207,0.8434,0.7444
314,2010-07-09,28,65+,38.1429,36.7338,30.5798,43.8014,0.7915,0.6738,0.9318,0.8239
315,2010-07-10,28,0-5,68.1429,66.2431,56.0258,78.2043,1.2263,1.0261,1.4662,1.3009
315,2010-07-10,28,6-11,49.0000,49.1774,41.5608,58.3442,1.3436,1.1496,1.5735,1.4117
315,2010-07-10,28,12-17,26.5714,26.4037,21.7594,31.7563,1.1770,1.0077,1.3825,1.2464
315,2010-07-10,28,18-44,89.2857,89.2992,75.9580,104.9503,0.6951,0.6042,0.8027,0.7253
315,2010-07-10,28,45-64,66.8571,64.9242,55.0568,77.3414,0.7138,0.6140,0.8324,0.7399
315,2010-07-10,28,65+,35.7143,36.5110,30.4183,43.4588,0.7834,0.6655,0.9227,0.8029
316,2010-07-11,29,0-5,65.2857,65.3817,55.3725,77.2582,1.2053,1.0118,1.4346,1.2690
316,2010-07-11,29,6-11,49.7143,48.5658,40.8763,57.8502,1.3278,1.1349,1.5611,1.4151
316,2010-07-11,29,12-17,26.8571,25.8406,21.3622,31.2406,1.1594,0.9864,1.3583,1.2506
316,2010-07-11,29,18-44,89.2857,88.9660,75.5277,104.4837,0.6856,0.5953,0.7894,0.7203
316,2010-07-11,29,45-64,65.7143,65.3885,55.4049,77.9640,0.7053,0.6060,0.8211,0.7360
316,2010-07-11,29,65+,36.0000,36.1497,30.2032,43.2256,0.7759,0.6583,0.9143,0.8027
317,2010-07-12,29,0-5,63.5714,64.3400,54.8968,75.7338,1.1942,0.9982,1.4196,1.2628
317,2010-07-12,29,6-11,48.4286,47.9844,40.3708,56.9532,1.3153,1.1211,1.5334,1.4044
317,2010-07-12,29,12-17,26.0000,25.2270,20.7431,30.4359,1.1482,0.9776,1.3480,1.2452
317,2010-07-12,29,18-44,91.5714,88.2739,74.6876,103.7654,0.6791,0.5893,0.7792,0.7283
317,2010-07-12,29,45-64,67.2857,65.6038,55.6096,77.9639,0.6997,0.6019,0.8141,0.7465
317,2010-07-12,29,65+,35.7143,35.9630,30.0112,42.9300,0.7720,0.6547,0.9082,0.8095
318,2010-07-13,29,0-5,62.1429,62.9339,53.4795,74.0401,1.1823,0.9929,1.4063,1.2401
318,2010-07-13,29,6-11,47.2857,47.3784,39.6755,56.3996,1.3069,1.1148,1.5318,1.3725
318,2010-07-13,29,12-17,24.8571,24.5873,20.0993,29.5522,1.1434,0.9756,1.3403,1.2084
318,2010-07-13,29,18-44,88.5714,87.2216,73.9022,101.9685,0.6737,0.5851,0.7726,0.7116
318,2010-07-13,29,45-64,65.8571,65.5210,55.5675,77.5628,0.6967,0.5991,0.8080,0.7305
318,2010-07-13,29,65+,35.4286,35.8444,29.8161,42.8143,0.7722,0.6556,0.9097,0.7976
319,2010-07-14,29,0-5,63.7143,61.5404,52.4362,72.4122,1.1743,0.9876,1.3968,1.2487
319,2010-07-14,29,6-11,45.8571,46.6728,38.9279,55.3584,1.3040,1.1135,1.5271,1.3379
319,2010-07-14,29,12-17,23.0000,24.0315,19.7324,28.8639,1.1490,0.9824,1.3453,1.1571
319,2010-07-14,29,18-44,83.2857,85.5895,72.5754,100.2288,0.6713,0.5835,0.7735,0.6945
319,2010-07-14,29,45-64,64.7143,65.2126,55.6333,76.5936,0.6965,0.5984,0.8109,0.7140
319,2010-07-14,29,65+,35.4286,35.6255,29.6847,42.6466,0.7748,0.6589,0.9136,0.7892
320,2010-07-15,29,0-5,63.7143,60.0596,51.3696,70.9769,1.1747,0.9848,1.4030,1.2623
320,2010-07-15,29,6-11,45.0000,45.8995,38.5212,54.1455,1.3105,1.1193,1.5341,1.3424
320,2010-07-15,29,12-17,23.0000,23.4549,19.3995,28.3653,1.1623,0.9896,1.3690,1.1768
320,2010-07-15,29,18-44,83.2857,83.8112,70.8879,97.8875,0.6739,0.5846,0.7773,0.7026
320,2010-07-15,29,45-64,65.2857,64.5768,55.1688,76.0319,0.7006,0.6007,0.8168,0.7232
320,2010-07-15,29,65+,35.0000,35.5047,29.7312,42.7902,0.7816,0.6629,0.9244,0.7949
321,2010-07-16,29,0-5,57.2857,58.7042,49.7669,69.6559,1.1882,0.9910,1.4096,1.1830
321,2010-07-16,29,6-11,45.4286,45.1337,37.8995,53.6398,1.3192,1.1268,1.5537,1.3360
321,2010-07-16,29,12-17,20.7143,23.1055,19.0808,28.0428,1.1797,1.0082,1.3863,1.1233
321,2010-07-16,29,18-44,80.2857,81.9110,69.5279,95.7316,0.6783,0.5892,0.7835,0.6827
321,2010-07-16,29,45-64,63.4286,63.9682,54.2959,75.3010,0.7047,0.6066,0.8221,0.7067
321,2010-07-16,29,65+,34.2857,35.4557,29.5969,42.6660,0.7866,0.6679,0.9263,0.7809
322,2010-07-17,29,0-5,56.0000,57.4930,48.7836,68.2242,1.2060,1.0093,1.4355,1.1899
322,2010-07-17,29,6-11,44.7143,44.4120,37.4945,52.7336,1.3389,1.1449,1.5785,1.3479
322,2010-07-17,29,12-17,21.7143,22.8577,18.7461,27.8504,1.2068,1.0260,1.4245,1.1696
322,2010-07-17,29,18-44,80.1429,80.3194,67.6459,93.8300,0.6867,0.5970,0.7918,0.6931
322,2010-07-17,29,45-64,62.2857,63.0598,53.3919,74.3219,0.7145,0.6136,0.8316,0.7203
322,2010-07-17,29,65+,36.0000,35.2346,29.4562,42.4996,0.7942,0.6732,0.9351,0.8072
323,2010-07-18,30,0-5,54.8571,56.4143,47.7026,66.9083,1.2340,1.0349,1.4782,1.1872
323,2010-07-18,30,6-11,42.5714,43.9085,36.8933,52.2386,1.3577,1.1612,1.5937,1.3209
323,2010-07-18,30,12-17,21.2857,22.7183,18.6415,27.4509,1.2310,1.0485,1.4503,1.1657
323,2010-07-18,30,18-44,77.8571,78.2643,65.8722,92.1481,0.6977,0.6062,0.8027,0.6876
323,2010-07-18,30,45-64,60.8571,62.3100,52.6503,73.3864,0.7250,0.6227,0.8425,0.7159
323,2010-07-18,30,65+,35.8571,34.9243,29.3097,41.9823,0.8031,0.6820,0.9447,0.8058
324,2010-07-19,30,0-5,52.7143,55.7596,47.3062,65.8995,1.2657,1.0585,1.5074,1.1663
324,2010-07-19,30,6-11,42.1429,43.3984,36.4813,51.5789,1.3806,1.1801,1.6177,1.3129
324,2010-07-19,30,12-17,20.8571,22.7564,18.5535,27.5607,1.2524,1.0655,1.4755,1.1592
324,2010-07-19,30,18-44,73.7143,76.5590,64.6322,90.8808,0.7083,0.6161,0.8167,0.6764
324,2010-07-19,30,45-64,60.2857,61.4522,52.1308,72.5193,0.7347,0.6307,0.8573,0.7065
324,2010-07-19,30,65+,34.1429,34.5833,29.0601,41.6173,0.8098,0.6869,0.9560,0.7882
325,2010-07-20,30,0-5,55.7143,55.6835,47.1853,65.5326,1.3036,1.0886,1.5623,1.2285
325,2010-07-20,30,6-11,41.8571,43.0773,36.2096,51.3175,1.4065,1.2041,1.6548,1.3343
325,2010-07-20,30,12-17,22.0000,22.8545,18.5911,27.7200,1.2635,1.0770,1.4825,1.2024
325,2010-07-20,30,18-44,72.2857,74.8590,62.9916,88.7515,0.7182,0.6238,0.8303,0.6874
325,2010-07-20,30,45-64,58.7143,60.9671,51.5298,71.5750,0.7419,0.6363,0.8673,0.7132
325,2010-07-20,30,65+,34.4286,34.1710,28.6737,41.0430,0.8144,0.6902,0.9630,0.7990
326,2010-07-21,30,0-5,55.8571,56.0065,47.4096,65.9961,1.3378,1.1176,1.6004,1.2638
326,2010-07-21,30,6-11,42.4286,42.9987,35.9586,51.0185,1.4326,1.2225,1.6729,1.3826
326,2010-07-21,30,12-17,23.8571,22.8975,18.7020,27.9919,1.2651,1.0727,1.4905,1.2826
326,2010-07-21,30,18-44,74.2857,73.5213,61.8503,86.5464,0.7258,0.6292,0.8374,0.7139
326,2010-07-21,30,45-64,60.0000,60.4557,51.3972,71.6602,0.7463,0.6395,0.8713,0.7401
326,2010-07-21,30,65+,34.0000,33.6295,28.0976,40.1922,0.8149,0.6902,0.9656,0.8174
327,2010-07-22,30,0-5,53.4286,56.7958,48.0762,66.8254,1.3626,1.1289,1.6369,1.2410
327,2010-07-22,30,6-11,41.8571,43.1030,36.1795,50.9450,1.4407,1.2254,1.6903,1.3840
327,2010-07-22,30,12-17,25.0000,22.9621,18.8247,27.8331,1.2510,1.0635,1.4742,1.3158
327,2010-07-22,30,18-44,73.7143,72.3227,61.0657,85.1210,0.7256,0.6322,0.8345,0.7165
327,2010-07-22,30,45-64,60.0000,60.0278,50.9774,71.0928,0.7423,0.6385,0.8666,0.7477
327,2010-07-22,30,65+,34.2857,33.0456,27.5395,39.4489,0.8090,0.6877,0.9563,0.8272
328,2010-07-23,30,0-5,55.2857,58.1113,49.0565,68.3501,1.3781,1.1499,1.6532,1.2651
328,2010-07-23,30,6-11,40.5714,43.3166,36.6240,51.1178,1.4343,1.2228,1.6803,1.3613
328,2010-07-23,30,12-17,24.1429,22.8120,18.7150,27.7113,1.2254,1.0463,1.4423,1.2796
328,2010-07-23,30,18-44,71.4286,71.2692,60.1630,83.5923,0.7214,0.6279,0.8285,0.7101
328,2010-07-23,30,45-64,60.0000,59.7119,50.8489,70.4707,0.7334,0.6311,0.8535,0.7392
328,2010-07-23,30,65+,33.1429,32.4140,26.9995,38.8938,0.7978,0.6782,0.9381,0.8142
329,2010-07-24,30,0-5,59.1429,59.8282,50.4001,70.9353,1.3722,1.1494,1.6386,1.3269
329,2010-07-24,30,6-11,44.0000,43.6863,36.9390,51.6085,1.4130,1.2061,1.6558,1.4308
329,2010-07-24,30,12-17,23.8571,22.5385,18.4963,27.5601,1.1985,1.0155,1.4137,1.2733
329,2010-07-24,30,18-44,70.2857,70.1306,59.3443,83.0711,0.7100,0.6177,0.8164,0.7198
329,2010-07-24,30,45-64,60.1429,59.3340,50.3891,70.1216,0.7185,0.6172,0.8393,0.7415
329,2010-07-24,30,65+,32.4286,31.7217,26.2983,38.2236,0.7819,0.6637,0.9206,0.8133
330,2010-07-25,31,0-5,63.2857,61.6981,52.1132,73.3037,1.3572,1.1325,1.6202,1.3921
330,2010-07-25,31,6-11,45.5714,43.8693,37.1229,51.8984,1.3806,1.1741,1.6181,1.4776
330,2010-07-25,31,12-17,23.7143,22.1829,18.2235,26.9778,1.1693,0.9932,1.3751,1.2931
330,2010-07-25,31,18-44,71.5714,69.3470,58.5959,82.3332,0.6952,0.6057,0.8005,0.7450
330,2010-07-25,31,45-64,63.7143,58.8227,49.7656,69.3860,0.7018,0.6039,0.8177,0.7675
330,2010-07-25,31,65+,32.1429,30.9753,25.7219,37.3497,0.7634,0.6509,0.8985,0.8325
331,2010-07-26,31,0-5,67.5714,63.3203,53.6546,75.4473,1.3266,1.1020,1.5931,1.4262
331,2010-07-26,31,6-11,47.4286,43.8711,36.8736,51.6704,1.3407,1.1423,1.5758,1.4888
331,2010-07-26,31,12-17,23.0000,21.7393,17.8714,26.4942,1.1456,0.9739,1.3485,1.2464
331,2010-07-26,31,18-44,72.0000,68.7818,58.2170,81.6114,0.6793,0.5914,0.7828,0.7320
331,2010-07-26,31,45-64,58.7143,58.0579,49.2206,68.4508,0.6851,0.5883,0.7990,0.7377
331,2010-07-26,31,65+,31.7143,30.2388,25.1929,36.6448,0.7455,0.6348,0.8791,0.8079
332,2010-07-27,31,0-5,66.7143,64.8904,55.1803,76.7618,1.2943,1.0810,1.5519,1.3691
332,2010-07-27,31,6-11,46.7143,43.5971,36.6055,51.6442,1.3118,1.1146,1.5409,1.4405
332,2010-07-27,31,12-17,22.2857,21.2965,17.3262,25.9958,1.1341,0.9627,1.3374,1.2156
332,2010-07-27,31,18-44,69.5714,68.6049,58.0122,81.2854,0.6678,0.5796,0.7682,0.7114
332,2010-07-27,31,45-64,59.0000,57.2215,48.4247,67.1960,0.6740,0.5776,0.7869,0.7241
332,2010-07-27,31,65+,31.0000,29.7284,24.8616,36.2541,0.7346,0.6210,0.8699,0.7926
333,2010-07-28,31,0-5,67.1429,65.8510,55.9728,77.1329,1.2597,1.0507,1.5238,1.3281
333,2010-07-28,31,6-11,44.0000,43.1336,35.7877,50.6722,1.2926,1.1057,1.5238,1.3550
333,2010-07-28,31,12-17,20.0000,20.8748,16.9554,25.5651,1.1330,0.9641,1.3334,1.1295
333,2010-07-28,31,18-44,67.4286,68.7326,58.0748,81.3217,0.6599,0.5742,0.7570,0.6782
333,2010-07-28,31,45-64,56.2857,56.2147,47.6635,66.2211,0.6670,0.5733,0.7740,0.6865
333,2010-07-28,31,65+,28.4286,29.1964,24.4280,35.6887,0.7294,0.6194,0.8600,0.7448
334,2010-07-29,31,0-5,69.0000,66.3454,56.1977,77.6956,1.2344,1.0329,1.4732,1.3387
334,2010-07-29,31,6-11,44.1429,42.3407,34.9032,50.4747,1.2834,1.0969,1.5114,1.3601
334,2010-07-29,31,12-17,19.0000,20.5947,16.7684,25.2786,1.1428,0.9711,1.3440,1.1182
334,2010-07-29,31,18-44,67.8571,69.0927,58.7640,81.8351,0.6563,0.5720,0.7550,0.6822
334,2010-07-29,31,45-64,55.8571,55.1890,46.5842,65.5317,0.6649,0.5707,0.7729,0.6904
334,2010-07-29,31,65+,28.5714,28.9276,24.0592,34.9756,0.7298,0.6200,0.8583,0.7531
335,2010-07-30,31,0-5,67.7143,66.0846,55.8534,77.3139,1.2142,1.0157,1.4520,1.3006
335,2010-07-30,31,6-11,41.8571,41.5656,34.4217,49.7150,1.2921,1.0998,1.5211,1.3167
335,2010-07-30,31,12-17,18.4286,20.4469,16.7536,25.0168,1.1675,0.9909,1.3761,1.1102
335,2010-07-30,31,18-44,66.5714,69.7041,59.3249,81.9685,0.6597,0.5730,0.7605,0.6720
335,2010-07-30,31,45-64,55.0000,54.0718,45.5872,64.1379,0.6705,0.5761,0.7803,0.6856
335,2010-07-30,31,65+,28.2857,28.7092,23.7735,34.7345,0.7395,0.6262,0.8724,0.7506
336,2010-07-31,31,0-5,64.1429,65.0378,55.1593,76.8946,1.2085,1.0046,1.4418,1.2570
336,2010-07-31,31,6-11,37.7143,40.7758,33.8834,48.8633,1.3154,1.1209,1.5454,1.2612
336,2010-07-31,31,12-17,18.1429,20.4700,16.7771,25.0047,1.1971,1.0158,1.4102,1.1107
336,2010-07-31,31,18-44,69.8571,70.4564,59.8030,82.8065,0.6682,0.5805,0.7726,0.6678
336,2010-07-31,31,45-64,52.0000,52.8135,44.5040,62.7536,0.6818,0.5859,0.7955,0.6794
336,2010-07-31,31,65+,27.5714,28.6476,23.6988,34.3624,0.7557,0.6410,0.8898,0.7418
337,2010-08-01,32,0-5,62.2857,63.4364,53.9868,75.0474,1.2046,1.0063,1.4440,1.2370
337,2010-08-01,32,6-11,37.4286,40.2796,33.4918,48.3225,1.3472,1.1468,1.5863,1.2689
337,2010-08-01,32,12-17,20.1429,20.6755,16.7824,25.2083,1.2273,1.0439,1.4509,1.1640
337,2010-08-01,32,18-44,70.2857,70.8215,60.3971,83.7368,0.6801,0.5901,0.7823,0.6593
337,2010-08-01,32,45-64,47.0000,51.6725,43.3304,61.1762,0.6967,0.5988,0.8077,0.6608
337,2010-08-01,32,65+,25.8571,28.7425,23.6861,34.5162,0.7749,0.6579,0.9183,0.7140
338,2010-08-02,32,0-5,59.7143,61.7232,52.4694,72.9767,1.2025,1.0054,1.4423,1.2167
338,2010-08-02,32,6-11,36.4286,40.0257,33.3239,47.9102,1.3760,1.1679,1.6197,1.2755
338,2010-08-02,32,12-17,20.5714,20.9478,16.9568,25.4332,1.2531,1.0646,1.4765,1.2021
338,2010-08-02,32,18-44,68.4286,70.7777,60.3844,83.8153,0.6920,0.6009,0.7977,0.6680
338,2010-08-02,32,45-64,48.7143,50.5332,42.2213,59.6516,0.7129,0.6135,0.8289,0.6817
338,2010-08-02,32,65+,26.5714,28.8676,23.7606,34.6580,0.8005,0.6770,0.9495,0.7418
339,2010-08-03,32,0-5,59.0000,59.8120,50.5775,70.3161,1.1976,1.0073,1.4301,1.2372
339,2010-08-03,32,6-11,36.4286,39.8486,33.2806,47.6894,1.3969,1.1869,1.6411,1.3101
339,2010-08-03,32,12-17,20.2857,21.1864,17.2584,25.6692,1.2681,1.0785,1.4927,1.2132
339,2010-08-03,32,18-44,69.7143,70.5478,59.9982,83.4946,0.7003,0.6099,0.8048,0.6847
339,2010-08-03,32,45-64,48.2857,49.7584,41.7408,58.5973,0.7262,0.6266,0.8435,0.6985
339,2010-08-03,32,65+,27.5714,29.0789,24.0422,35.0445,0.8226,0.6947,0.9719,0.7693
340,2010-08-04,32,0-5,56.5714,57.6413,48.7116,67.5093,1.1939,0.9977,1.4327,1.2458
340,2010-08-04,32,6-11,41.0000,39.9111,33.3716,47.5453,1.4001,1.1911,1.6482,1.4307
340,2010-08-04,32,12-17,21.8571,21.3532,17.5239,25.9421,1.2698,1.0813,1.4998,1.2873
340,2010-08-04,32,18-44,71.1429,69.8570,59.2324,82.2044,0.7061,0.6156,0.8143,0.7121
340,2010-08-04,32,45-64,48.4286,49.1817,41.3737,58.1801,0.7381,0.6365,0.8576,0.7279
340,2010-08-04,32,65+,29.5714,29.4905,24.1833,35.5728,0.8444,0.7150,0.9912,0.8135
341,2010-08-05,32,0-5,55.2857,55.3913,46.6545,64.9706,1.1806,0.9917,1.4062,1.2452
341,2010-08-05,32,6-11,41.0000,40.0698,33.3121,47.4356,1.3834,1.1814,1.6254,1.4352
341,2010-08-05,32,12-17,22.5714,21.4949,17.6597,26.0921,1.2664,1.0736,1.4959,1.3052
341,2010-08-05,32,18-44,70.8571,68.8412,58.6645,80.9852,0.7078,0.6168,0.8145,0.7148
341,2010-08-05,32,45-64,48.5714,48.8347,40.9480,57.9125,0.7457,0.6431,0.8668,0.7318
341,2010-08-05,32,65+,29.5714,30.0711,24.7790,36.1526,0.8594,0.7284,1.0162,0.8163
342,2010-08-06,32,0-5,55.4286,52.9617,44.4989,62.4800,1.1700,0.9862,1.3928,1.2678
342,2010-08-06,32,6-11,42.5714,39.8636,33.2372,47.1711,1.3639,1.1653,1.6020,1.4675
342,2010-08-06,32,12-17,24.0000,21.4804,17.6095,25.9965,1.2500,1.0612,1.4734,1.3390
342,2010-08-06,32,18-44,71.5714,67.9213,57.5257,80.0886,0.7076,0.6163,0.8159,0.7225
342,2010-08-06,32,45-64,48.1429,48.8493,40.9470,58.0635,0.7494,0.6465,0.8711,0.7352
342,2010-08-06,32,65+,29.5714,30.7121,25.4745,36.9682,0.8686,0.7347,1.0329,0.8170
343,2010-08-07,32,0-5,52.5714,50.6732,42.7063,60.0998,1.1626,0.9792,1.3874,1.2256
343,2010-08-07,32,6-11,42.0000,39.4352,32.9564,46.5592,1.3369,1.1451,1.5710,1.4311
343,2010-08-07,32,12-17,22.4286,21.4005,17.4926,25.7690,1.2355,1.0502,1.4552,1.2808
343,2010-08-07,32,18-44,67.5714,67.3431,56.8577,79.2332,0.7076,0.6141,0.8136,0.7105
343,2010-08-07,32,45-64,50.4286,49.3365,41.3956,58.6779,0.7527,0.6475,0.8750,0.7390
343,2010-08-07,32,65+,31.8571,31.5543,26.1799,37.9183,0.8770,0.7439,1.0360,0.8434
344,2010-08-08,33,0-5,49.2857,48.4997,41.1288,57.7077,1.1643,0.9745,1.3942,1.1821
344,2010-08-08,33,6-11,40.8571,38.6457,32.2489,45.6980,1.3164,1.1257,1.5458,1.3906
344,2010-08-08,33,12-17,21.4286,21.0587,17.2733,25.6103,1.2168,1.0357,1.4319,1.2443
344,2010-08-08,33,18-44,64.7143,66.8415,56.2944,78.8222,0.7076,0.6139,0.8149,0.6993
344,2010-08-08,33,45-64,52.1429,50.0696,42.2606,59.6115,0.7530,0.6479,0.8766,0.7392
344,2010-08-08,33,65+,33.0000,32.4840,27.0072,39.0559,0.8808,0.7421,1.0442,0.8535
345,2010-08-09,33,0-5,46.1429,46.5683,39.4403,55.2391,1.1749,0.9856,1.4044,1.1593
345,2010-08-09,33,6-11,39.1429,37.6429,31.2960,44.5472,1.3019,1.1139,1.5200,1.3629
345,2010-08-09,33,12-17,21.0000,20.7235,16.8349,25.3121,1.1989,1.0241,1.4147,1.2339
345,2010-08-09,33,18-44,65.0000,66.6924,56.0093,78.8288,0.7095,0.6152,0.8183,0.6997
345,2010-08-09,33,45-64,52.0000,50.8724,43.1377,60.7326,0.7533,0.6474,0.8765,0.7451
345,2010-08-09,33,65+,35.1429,33.5179,27.9312,40.0314,0.8798,0.7400,1.0419,0.8755
346,2010-08-10,33,0-5,43.8571,44.9021,37.9949,53.3437,1.1877,1.0015,1.4172,1.1647
346,2010-08-10,33,6-11,38.2857,36.2862,30.2838,43.2474,1.2908,1.1070,1.5066,1.3715
346,2010-08-10,33,12-17,20.5714,20.2833,16.5138,24.7545,1.1816,1.0103,1.3911,1.2449
346,2010-08-10,33,18-44,67.2857,66.9939,56.3437,78.7032,0.7108,0.6180,0.8199,0.7168
346,2010-08-10,33,45-64,53.8571,51.5184,43.5178,61.6590,0.7500,0.6454,0.8708,0.7645
346,2010-08-10,33,65+,35.7143,34.3461,28.5448,41.2460,0.8722,0.7364,1.0304,0.8912
347,2010-08-11,33,0-5,44.2857,43.5641,36.7779,51.7562,1.2150,1.0223,1.4453,1.1908
347,2010-08-11,33,6-11,34.4286,34.8202,29.3018,41.7415,1.2965,1.1084,1.5166,1.3126
347,2010-08-11,33,12-17,20.0000,19.6612,16.0719,23.9236,1.1736,0.9998,1.3857,1.2257
347,2010-08-11,33,18-44,67.2857,67.3194,56.9196,79.3254,0.7176,0.6223,0.8299,0.7133
347,2010-08-11,33,45-64,53.2857,52.0319,43.7313,61.8739,0.7505,0.6465,0.8753,0.7567
347,2010-08-11,33,65+,35.2857,34.9359,29.0882,41.8942,0.8657,0.7324,1.0223,0.8772
348,2010-08-12,33,0-5,41.1429,42.5591,35.8805,50.6393,1.2474,1.0502,1.4862,1.1626
348,2010-08-12,33,6-11,32.8571,33.3417,28.0721,39.8842,1.3142,1.1232,1.5418,1.2948
348,2010-08-12,33,12-17,19.1429,19.0838,15.5100,23.1816,1.1727,0.9965,1.3775,1.2059
348,2010-08-12,33,18-44,66.7143,67.8026,56.8798,80.4031,0.7275,0.6289,0.8435,0.7081
348,2010-08-12,33,45-64,53.0000,52.3385,44.0779,61.7454,0.7532,0.6466,0.8773,0.7529
348,2010-08-12,33,65+,35.4286,35.2488,29.4627,42.1990,0.8575,0.7260,1.0144,0.8735
349,2010-08-13,33,0-5,38.0000,42.0079,35.1749,50.0701,1.2840,1.0742,1.5315,1.1330
349,2010-08-13,33,6-11,30.4286,32.1605,26.8398,38.5939,1.3374,1.1437,1.5665,1.2641
349,2010-08-13,33,12-17,18.2857,18.4155,14.9414,22.6285,1.1753,1.0030,1.3755,1.1842
349,2010-08-13,33,18-44,66.0000,68.4598,57.8403,81.1022,0.7403,0.6394,0.8561,0.7012
349,2010-08-13,33,45-64,51.5714,52.3122,44.1893,61.8809,0.7595,0.6520,0.8842,0.7477
349,2010-08-13,33,65+,36.4286,35.2246,29.3410,42.1832,0.8526,0.7231,1.0050,0.8783
350,2010-08-14,33,0-5,41.4286,41.6939,34.7458,49.7670,1.3207,1.1065,1.5793,1.2325
350,2010-08-14,33,6-11,30.4286,31.1389,25.9335,37.4771,1.3663,1.1702,1.5955,1.3116
350,2010-08-14,33,12-17,18.2857,17.7498,14.3334,21.8623,1.1803,1.0101,1.3795,1.2050
350,2010-08-14,33,18-44,67.5714,69.3175,58.8752,81.8902,0.7522,0.6497,0.8670,0.7232
350,2010-08-14,33,45-64,50.2857,52.2668,44.1805,61.9198,0.7647,0.6568,0.8902,0.7558
350,2010-08-14,33,65+,36.2857,34.7459,28.9211,41.5807,0.8441,0.7185,0.9976,0.8831
351,2010-08-15,34,0-5,41.7143,41.8682,35.0055,49.9770,1.3481,1.1324,1.6084,1.2737
351,2010-08-15,34,6-11,31.2857,30.3516,25.1975,36.7316,1.3964,1.1934,1.6414,1.3684
351,2010-08-15,34,12-17,16.8571,17.0997,13.7820,21.1276,1.1891,1.0168,1.3908,1.1948
351,2010-08-15,34,18-44,69.0000,70.0063,59.3464,82.5257,0.7632,0.6597,0.8823,0.7444
351,2010-08-15,34,45-64,51.5714,51.9654,43.9967,61.8159,0.7712,0.6617,0.8973,0.7734
351,2010-08-15,34,65+,36.1429,33.9875,28.1084,40.6732,0.8388,0.7129,0.9916,0.8963
352,2010-08-16,34,0-5,42.7143,42.3081,35.3419,50.4379,1.3707,1.1484,1.6331,1.3153
352,2010-08-16,34,6-11,29.2857,29.8028,24.7683,35.9418,1.4283,1.2184,1.6755,1.3593
352,2010-08-16,34,12-17,16.4286,16.4743,13.2606,20.4448,1.1993,1.0232,1.4107,1.2005
352,2010-08-16,34,18-44,72.2857,70.4979,59.6749,83.4454,0.7727,0.6672,0.8958,0.7572
352,2010-08-16,34,45-64,51.4286,51.8266,43.7930,61.7736,0.7787,0.6660,0.9103,0.7752
352,2010-08-16,34,65+,33.4286,32.7735,27.2687,39.2940,0.8375,0.7108,0.9858,0.8712
353,2010-08-17,34,0-5,42.8571,42.8448,36.0709,51.2116,1.3860,1.1603,1.6618,1.3142
353,2010-08-17,34,6-11,28.4286,29.6545,24.6378,35.7430,1.4658,1.2474,1.7197,1.3450
353,2010-08-17,34,12-17,15.5714,15.9400,12.8292,19.7142,1.2119,1.0334,1.4240,1.1744
353,2010-08-17,34,18-44,71.7143,71.0096,59.8943,83.9012,0.7808,0.6727,0.9057,0.7474
353,2010-08-17,34,45-64,50.4286,51.9346,43.8027,61.5535,0.7860,0.6738,0.9190,0.7586
353,2010-08-17,34,65+,30.8571,31.4979,26.2959,37.9325,0.8368,0.7106,0.9855,0.8366
354,2010-08-18,34,0-5,42.0000,43.6426,36.6729,52.2747,1.3965,1.1704,1.6636,1.3073
354,2010-08-18,34,6-11,28.8571,29.8695,24.7768,36.2150,1.4947,1.2756,1.7612,1.3761
354,2010-08-18,34,12-17,15.4286,15.4574,12.4047,19.1530,1.2264,1.0462,1.4405,1.1987
354,2010-08-18,34,18-44,71.8571,71.4279,60.3367,84.2203,0.7859,0.6797,0.9110,0.7585
354,2010-08-18,34,45-64,52.1429,52.2709,44.0648,61.9852,0.7924,0.6790,0.9273,0.7745
354,2010-08-18,34,65+,30.2857,30.2264,25.1200,36.5227,0.8366,0.7114,0.9854,0.8467
355,2010-08-19,34,0-5,46.1429,44.4920,37.4735,53.1876,1.3963,1.1746,1.6632,1.3943
355,2010-08-19,34,6-11,30.1429,30.5251,25.3106,37.0802,1.5244,1.2981,1.7898,1.4370
355,2010-08-19,34,12-17,16.1429,15.0853,12.1062,18.7149,1.2422,1.0602,1.4509,1.2442
355,2010-08-19,34,18-44,73.1429,71.6011,60.1325,84.2898,0.7891,0.6833,0.9122,0.7799
355,2010-08-19,34,45-64,51.7143,52.8380,44.5465,62.4531,0.7975,0.6821,0.9308,0.7867
355,2010-08-19,34,65+,30.0000,28.9934,24.0231,35.1340,0.8388,0.7119,0.9872,0.8566
356,2010-08-20,34,0-5,48.5714,45.4314,38.2410,54.5396,1.3920,1.1668,1.6625,1.4305
356,2010-08-20,34,6-11,31.5714,31.3913,25.8986,38.0734,1.5463,1.3168,1.8180,1.4740
356,2010-08-20,34,12-17,13.8571,14.8251,11.8954,18.4944,1.2599,1.0761,1.4790,1.1892
356,2010-08-20,34,18-44,73.4286,71.3873,59.9243,83.9893,0.7914,0.6849,0.9157,0.7886
356,2010-08-20,34,45-64,54.4286,53.4722,44.9892,63.1369,0.8035,0.6873,0.9391,0.7921
356,2010-08-20,34,65+,27.5714,27.9515,23.1130,33.9013,0.8451,0.7175,0.9925,0.8424
357,2010-08-21,34,0-5,47.2857,46.3165,39.0280,55.5761,1.3901,1.1668,1.6555,1.3771
357,2010-08-21,34,6-11,33.2857,32.6311,26.9683,39.5975,1.5656,1.3348,1.8404,1.4901
357,2010-08-21,34,12-17,14.5714,14.7276,11.8015,18.4143,1.2792,1.0919,1.5032,1.2177
357,2010-08-21,34,18-44,71.1429,71.2152,60.0612,83.9333,0.7927,0.6883,0.9152,0.7763
357,2010-08-21,34,45-64,55.5714,54.2510,45.5557,64.3681,0.8073,0.6917,0.9416,0.7859
357,2010-08-21,34,65+,25.5714,27.1738,22.4018,32.9412,0.8504,0.7240,0.9988,0.8202
358,2010-08-22,35,0-5,45.8571,47.2323,39.7007,56.5070,1.3867,1.1617,1.6522,1.3346
358,2010-08-22,35,6-11,33.2857,34.1353,28.2137,41.3435,1.5833,1.3504,1.8616,1.4658
358,2010-08-22,35,12-17,13.4286,14.8428,11.8807,18.5419,1.3034,1.1083,1.5289,1.1708
358,2010-08-22,35,18-44,71.8571,71.1647,60.0948,84.1841,0.7951,0.6901,0.9162,0.7612
358,2010-08-22,35,45-64,53.8571,55.1298,46.3513,65.6401,0.8125,0.6969,0.9458,0.7672
358,2010-08-22,35,65+,24.2857,26.7153,21.9620,32.4102,0.8602,0.7323,1.0114,0.7972
359,2010-08-23,35,0-5,48.4286,48.1877,40.3037,57.2692,1.3832,1.1557,1.6615,1.3808
359,2010-08-23,35,6-11,36.7143,35.8727,29.6684,43.2155,1.5939,1.3543,1.8803,1.5483
359,2010-08-23,35,12-17,14.1429,15.1033,12.1056,18.8944,1.3259,1.1232,1.5681,1.2336
359,2010-08-23,35,18-44,71.1429,71.3532,60.2297,84.2617,0.7965,0.6892,0.9227,0.7871
359,2010-08-23,35,45-64,57.4286,55.9622,47.0391,66.6776,0.8171,0.6983,0.9571,0.8020
359,2010-08-23,35,65+,25.4286,26.6072,21.8402,32.2044,0.8695,0.7352,1.0279,0.8389
360,2010-08-24,35,0-5,48.2857,49.0040,41.0469,58.3649,1.3800,1.1342,1.6722,1.3688
360,2010-08-24,35,6-11,38.0000,37.7261,31.2905,45.5017,1.5979,1.3428,1.9080,1.5594
360,2010-08-24,35,12-17,16.0000,15.5599,12.4194,19.4205,1.3455,1.1238,1.6069,1.3031
360,2010-08-24,35,18-44,71.4286,71.5915,60.4752,84.6669,0.7984,0.6849,0.9318,0.7897
360,2010-08-24,35,45-64,57.4286,56.8390,47.7340,67.4503,0.8214,0.6953,0.9701,0.8080
360,2010-08-24,35,65+,25.7143,26.7440,21.9298,32.5292,0.8783,0.7343,1.0481,0.8462
361,2010-08-25,35,0-5,50.5714,49.7219,41.5868,59.5719,1.3771,1.1075,1.7098,1.4010
361,2010-08-25,35,6-11,40.4286,39.5409,32.7904,47.8264,1.6060,1.3215,1.9533,1.5943
361,2010-08-25,35,12-17,16.4286,16.1670,12.8199,20.2897,1.3638,1.1152,1.6661,1.3194
361,2010-08-25,35,18-44,72.0000,71.9035,60.5876,85.6506,0.8019,0.6761,0.9513,0.8000
361,2010-08-25,35,45-64,58.0000,57.5505,48.1813,68.5224,0.8270,0.6862,0.9958,0.8198
361,2010-08-25,35,65+,27.7143,27.1206,22.1383,33.1457,0.8865,0.7258,1.0823,0.8760
362,2010-08-26,35,0-5,51.7143,50.4501,41.7282,61.3762,1.3779,1.0682,1.7726,1.3904
362,2010-08-26,35,6-11,42.5714,41.3670,33.9567,50.7840,1.6122,1.2800,2.0305,1.5890
362,2010-08-26,35,12-17,16.0000,16.9177,13.1621,21.5890,1.3790,1.0918,1.7463,1.2799
362,2010-08-26,35,18-44,70.4286,72.6328,60.4774,87.5119,0.8055,0.6608,0.9860,0.7844
362,2010-08-26,35,45-64,58.0000,58.4510,48.3477,70.4843,0.8316,0.6700,1.0349,0.8033
362,2010-08-26,35,65+,27.5714,27.7171,22.3114,34.4748,0.8928,0.7090,1.1256,0.8610
363,2010-08-27,35,0-5,51.0000,51.1723,40.8703,64.4493,1.3825,1.0247,1.8645,1.3756
363,2010-08-27,35,6-11,43.5714,43.2574,34.3104,55.0443,1.6188,1.2322,2.1409,1.5977
363,2010-08-27,35,12-17,19.4286,17.7305,13.3153,23.6321,1.3917,1.0613,1.8410,1.4024
363,2010-08-27,35,18-44,73.1429,73.7772,59.8614,91.4991,0.8115,0.6413,1.0318,0.8016
363,2010-08-27,35,45-64,60.0000,59.4456,47.8644,73.8786,0.8377,0.6488,1.0891,0.8302
363,2010-08-27,35,65+,29.2857,28.4389,22.1580,36.6018,0.8992,0.6852,1.1861,0.8914
364,2010-08-28,35,0-5,51.4286,51.9015,39.0628,70.0580,1.3897,0.9819,1.9855,1.3832
364,2010-08-28,35,6-11,45.1429,45.1411,33.6559,61.3046,1.6275,1.1898,2.2713,1.6138
364,2010-08-28,35,12-17,21.0000,18.6015,13.1918,26.5514,1.4007,1.0253,1.9506,1.4420
364,2010-08-28,35,18-44,76.8571,75.3202,58.2375,98.4641,0.8179,0.6211,1.0860,0.8158
364,2010-08-28,35,45-64,61.2857,60.6219,46.4340,79.7945,0.8440,0.6262,1.1489,0.8460
364,2010-08-28,35,65+,31.1429,29.2162,21.6227,39.9255,0.9048,0.6616,1.2541,0.9149
