day,date,wk,age_group,cases,Rj_med,Rj_lo,Rj_hi
1,2018-09-02,36,0-5,7.0000,1.5691,1.2358,1.9793
1,2018-09-02,36,6-11,15.0000,1.8522,1.5175,2.2269
1,2018-09-02,36,12-17,0.0000,1.8592,1.5139,2.3041
1,2018-09-02,36,18-44,6.0000,1.0764,0.8714,1.3239
1,2018-09-02,36,45-64,1.0000,1.1050,0.8957,1.3662
1,2018-09-02,36,65+,1.0000,1.1798,0.9381,1.4865
2,2018-09-03,36,0-5,15.0000,1.5366,1.2511,1.9045
2,2018-09-03,36,6-11,26.0000,1.8640,1.5719,2.2338
2,2018-09-03,36,12-17,13.0000,1.9529,1.5449,2.3157
2,2018-09-03,36,18-44,46.0000,1.0282,0.8633,1.2325
2,2018-09-03,36,45-64,26.0000,1.0554,0.8781,1.2728
2,2018-09-03,36,65+,19.0000,1.1293,0.9203,1.3926
3,2018-09-04,36,0-5,15.0000,1.4860,1.2311,1.7901
3,2018-09-04,36,6-11,20.0000,1.8724,1.5804,2.2295
3,2018-09-04,36,12-17,11.0000,1.9187,1.5878,2.3003
3,2018-09-04,36,18-44,32.0000,0.9695,0.8280,1.1382
3,2018-09-04,36,45-64,21.0000,0.9888,0.8353,1.1687
3,2018-09-04,36,65+,12.0000,1.0651,0.8805,1.2854
4,2018-09-05,36,0-5,10.0000,1.4281,1.2004,1.7096
4,2018-09-05,36,6-11,15.0000,1.8608,1.5840,2.2059
4,2018-09-05,36,12-17,7.0000,1.8607,1.5658,2.2324
4,2018-09-05,36,18-44,27.0000,0.9144,0.7878,1.0703
4,2018-09-05,36,45-64,25.0000,0.9286,0.7906,1.0884
4,2018-09-05,36,65+,12.0000,1.0085,0.8398,1.2098
5,2018-09-06,36,0-5,19.0000,1.3715,1.1494,1.6383
5,2018-09-06,36,6-11,29.0000,1.8527,1.5648,2.1557
5,2018-09-06,36,12-17,18.0000,1.7846,1.5117,2.1167
5,2018-09-06,36,18-44,29.0000,0.8644,0.7470,1.0073
5,2018-09-06,36,45-64,24.0000,0.8708,0.7490,1.0158
5,2018-09-06,36,65+,15.0000,0.9506,0.7967,1.1200
6,2018-09-07,36,0-5,20.0000,1.3189,1.1049,1.5638
6,2018-09-07,36,6-11,23.0000,1.8255,1.5529,2.1287
6,2018-09-07,36,12-17,13.0000,1.7179,1.4441,2.0224
6,2018-09-07,36,18-44,38.0000,0.8292,0.7191,0.9566
6,2018-09-07,36,45-64,26.0000,0.8349,0.7235,0.9652
6,2018-09-07,36,65+,20.0000,0.9145,0.7730,1.0838
7,2018-09-08,36,0-5,11.0000,1.2949,1.0878,1.5202
7,2018-09-08,36,6-11,23.0000,1.8100,1.5410,2.1258
7,2018-09-08,36,12-17,19.0000,1.6529,1.3931,1.9627
7,2018-09-08,36,18-44,40.0000,0.8133,0.7097,0.9302
7,2018-09-08,36,45-64,12.0000,0.8168,0.7100,0.9593
7,2018-09-08,36,65+,10.0000,0.8948,0.7566,1.0676
8,2018-09-09,37,0-5,7.0000,1.2767,1.0703,1.5277
8,2018-09-09,37,6-11,8.0000,1.7867,1.5174,2.1298
8,2018-09-09,37,12-17,4.0000,1.5597,1.3203,1.8697
8,2018-09-09,37,18-44,9.0000,0.7990,0.6882,0.9192
8,2018-09-09,37,45-64,5.0000,0.7904,0.6831,0.9162
8,2018-09-09,37,65+,0.0000,0.8528,0.7382,1.0084
9,2018-09-10,37,0-5,29.0000,1.1926,0.9943,1.4397
9,2018-09-10,37,6-11,54.0000,1.6617,1.3851,1.9943
9,2018-09-10,37,12-17,33.0000,1.4183,1.1869,1.6951
9,2018-09-10,37,18-44,47.0000,0.7282,0.6271,0.8495
9,2018-09-10,37,45-64,38.0000,0.7210,0.6206,0.8345
9,2018-09-10,37,65+,31.0000,0.7810,0.6617,0.9277
10,2018-09-11,37,0-5,15.0000,1.1173,0.9410,1.3512
10,2018-09-11,37,6-11,39.0000,1.5436,1.3140,1.8470
10,2018-09-11,37,12-17,25.0000,1.2662,1.0669,1.5142
10,2018-09-11,37,18-44,36.0000,0.6568,0.5956,0.7859
10,2018-09-11,37,45-64,32.0000,0.6488,0.5835,0.7541
10,2018-09-11,37,65+,24.0000,0.7147,0.6156,0.8488
11,2018-09-12,37,0-5,13.0000,1.1651,0.9983,1.3594
11,2018-09-12,37,6-11,34.0000,1.5349,1.2999,1.7935
11,2018-09-12,37,12-17,27.0000,1.1883,1.0173,1.4091
11,2018-09-12,37,18-44,43.0000,0.6685,0.5980,0.7454
11,2018-09-12,37,45-64,30.0000,0.6123,0.5620,0.7427
11,2018-09-12,37,65+,17.0000,0.6778,0.6345,0.7788
12,2018-09-13,37,0-5,14.0000,1.1223,0.9454,1.3474
12,2018-09-13,37,6-11,28.0000,1.4667,1.2467,1.7125
12,2018-09-13,37,12-17,18.0000,1.1168,0.9551,1.3426
12,2018-09-13,37,18-44,54.0000,0.6177,0.5719,0.7002
12,2018-09-13,37,45-64,28.0000,0.5828,0.5354,0.6939
12,2018-09-13,37,65+,15.0000,0.6611,0.5642,0.7680
13,2018-09-14,37,0-5,10.0000,1.1670,0.9715,1.3957
13,2018-09-14,37,6-11,32.0000,1.4842,1.2600,1.7445
13,2018-09-14,37,12-17,14.0000,1.1559,0.9878,1.3522
13,2018-09-14,37,18-44,43.0000,0.6528,0.5742,0.7252
13,2018-09-14,37,45-64,23.0000,0.6326,0.5644,0.7155
13,2018-09-14,37,65+,15.0000,0.6620,0.5881,0.8066
14,2018-09-15,37,0-5,16.0000,1.1282,0.9695,1.3471
14,2018-09-15,37,6-11,34.0000,1.4237,1.2161,1.6966
14,2018-09-15,37,12-17,18.0000,1.1303,0.9694,1.3346
14,2018-09-15,37,18-44,30.0000,0.6219,0.5749,0.7190
14,2018-09-15,37,45-64,16.0000,0.6353,0.5662,0.7090
14,2018-09-15,37,65+,11.0000,0.7429,0.6255,0.8038
15,2018-09-16,38,0-5,10.0000,1.1223,0.9409,1.3329
15,2018-09-16,38,6-11,12.0000,1.4074,1.1966,1.6857
15,2018-09-16,38,12-17,6.0000,1.1559,0.9733,1.3846
15,2018-09-16,38,18-44,8.0000,0.6257,0.5804,0.7431
15,2018-09-16,38,45-64,5.0000,0.6288,0.5876,0.7818
15,2018-09-16,38,65+,0.0000,0.7125,0.6491,0.8256
16,2018-09-17,38,0-5,30.0000,1.1152,0.9570,1.3231
16,2018-09-17,38,6-11,73.0000,1.3813,1.1954,1.6609
16,2018-09-17,38,12-17,23.0000,1.1932,0.9862,1.4100
16,2018-09-17,38,18-44,53.0000,0.6759,0.5825,0.7248
16,2018-09-17,38,45-64,33.0000,0.7113,0.5624,0.7534
16,2018-09-17,38,65+,17.0000,0.7363,0.6195,0.7989
17,2018-09-18,38,0-5,22.0000,1.0405,0.8824,1.2337
17,2018-09-18,38,6-11,38.0000,1.2836,1.0917,1.4897
17,2018-09-18,38,12-17,15.0000,1.1280,0.9446,1.3391
17,2018-09-18,38,18-44,58.0000,0.6176,0.5559,0.6715
17,2018-09-18,38,45-64,33.0000,0.6397,0.5533,0.6989
17,2018-09-18,38,65+,20.0000,0.6562,0.5872,0.7355
18,2018-09-19,38,0-5,22.0000,0.9968,0.8389,1.1897
18,2018-09-19,38,6-11,38.0000,1.2294,1.0491,1.4236
18,2018-09-19,38,12-17,17.0000,1.1004,0.9188,1.3068
18,2018-09-19,38,18-44,46.0000,0.5964,0.5089,0.6557
18,2018-09-19,38,45-64,33.0000,0.6095,0.5186,0.6804
18,2018-09-19,38,65+,28.0000,0.6538,0.5571,0.7235
19,2018-09-20,38,0-5,21.0000,0.9591,0.8097,1.1206
19,2018-09-20,38,6-11,26.0000,1.1670,1.0082,1.4166
19,2018-09-20,38,12-17,17.0000,1.0428,0.8775,1.2270
19,2018-09-20,38,18-44,44.0000,0.5592,0.5133,0.5927
19,2018-09-20,38,45-64,38.0000,0.5673,0.5119,0.5962
19,2018-09-20,38,65+,18.0000,0.6024,0.5298,0.6322
20,2018-09-21,38,0-5,23.0000,0.9579,0.8109,1.1371
20,2018-09-21,38,6-11,52.0000,1.1523,0.9705,1.3656
20,2018-09-21,38,12-17,17.0000,1.0274,0.8719,1.2113
20,2018-09-21,38,18-44,45.0000,0.5497,0.4983,0.5876
20,2018-09-21,38,45-64,41.0000,0.5495,0.4751,0.5862
20,2018-09-21,38,65+,16.0000,0.5677,0.5010,0.6455
21,2018-09-22,38,0-5,17.0000,0.9890,0.8325,1.1797
21,2018-09-22,38,6-11,33.0000,1.1659,1.0145,1.3711
21,2018-09-22,38,12-17,29.0000,1.0465,0.8898,1.2342
21,2018-09-22,38,18-44,48.0000,0.5688,0.5090,0.6089
21,2018-09-22,38,45-64,30.0000,0.5724,0.5072,0.6151
21,2018-09-22,38,65+,14.0000,0.5929,0.5383,0.6562
22,2018-09-23,39,0-5,4.0000,1.0884,0.9306,1.2825
22,2018-09-23,39,6-11,21.0000,1.2678,1.1034,1.4949
22,2018-09-23,39,12-17,5.0000,1.1111,0.9560,1.3139
22,2018-09-23,39,18-44,10.0000,0.6177,0.5763,0.6842
22,2018-09-23,39,45-64,1.0000,0.6176,0.5722,0.6793
22,2018-09-23,39,65+,1.0000,0.6699,0.6132,0.7266
23,2018-09-24,39,0-5,9.0000,1.2069,1.0379,1.4551
23,2018-09-24,39,6-11,9.0000,1.4085,1.2185,1.6779
23,2018-09-24,39,12-17,5.0000,1.2350,1.0615,1.4660
23,2018-09-24,39,18-44,8.0000,0.6971,0.6555,0.7943
23,2018-09-24,39,45-64,4.0000,0.7078,0.6667,0.8489
23,2018-09-24,39,65+,4.0000,0.7519,0.7036,0.9033
24,2018-09-25,39,0-5,12.0000,1.4277,1.2075,1.6949
24,2018-09-25,39,6-11,12.0000,1.6515,1.4207,1.9521
24,2018-09-25,39,12-17,8.0000,1.4289,1.2366,1.6726
24,2018-09-25,39,18-44,17.0000,0.8752,0.7690,0.9749
24,2018-09-25,39,45-64,6.0000,0.8678,0.7888,1.0262
24,2018-09-25,39,65+,1.0000,0.8869,0.8287,1.0084
25,2018-09-26,39,0-5,22.0000,1.5400,1.2606,1.8265
25,2018-09-26,39,6-11,36.0000,1.7554,1.4718,2.0664
25,2018-09-26,39,12-17,10.0000,1.4835,1.2564,1.7487
25,2018-09-26,39,18-44,53.0000,0.9441,0.7515,1.0549
25,2018-09-26,39,45-64,19.0000,0.9198,0.7795,1.1008
25,2018-09-26,39,65+,6.0000,0.9932,0.8912,1.1241
26,2018-09-27,39,0-5,24.0000,1.5858,1.3162,1.8738
26,2018-09-27,39,6-11,41.0000,1.7987,1.5253,2.1035
26,2018-09-27,39,12-17,20.0000,1.5251,1.2909,1.8327
26,2018-09-27,39,18-44,73.0000,0.9728,0.8172,1.1525
26,2018-09-27,39,45-64,57.0000,0.9649,0.8404,1.2206
26,2018-09-27,39,65+,31.0000,1.0780,0.9389,1.2798
27,2018-09-28,39,0-5,27.0000,1.6068,1.3485,1.8894
27,2018-09-28,39,6-11,28.0000,1.8187,1.5532,2.1318
27,2018-09-28,39,12-17,16.0000,1.5332,1.3091,1.7996
27,2018-09-28,39,18-44,74.0000,0.9873,0.8483,1.1503
27,2018-09-28,39,45-64,49.0000,1.0109,0.8690,1.1959
27,2018-09-28,39,65+,40.0000,1.1965,0.9990,1.4122
28,2018-09-29,39,0-5,9.0000,1.6126,1.3730,1.8952
28,2018-09-29,39,6-11,25.0000,1.8130,1.5568,2.1081
28,2018-09-29,39,12-17,15.0000,1.5033,1.2889,1.7530
28,2018-09-29,39,18-44,37.0000,0.9759,0.8499,1.1104
28,2018-09-29,39,45-64,30.0000,1.0114,0.8761,1.1582
28,2018-09-29,39,65+,11.0000,1.2364,1.0504,1.4416
29,2018-09-30,40,0-5,7.0000,1.6037,1.3406,1.8969
29,2018-09-30,40,6-11,5.0000,1.7892,1.5253,2.0771
29,2018-09-30,40,12-17,3.0000,1.4548,1.2438,1.7050
29,2018-09-30,40,18-44,15.0000,0.9470,0.8224,1.0833
29,2018-09-30,40,45-64,3.0000,0.9813,0.8503,1.1305
29,2018-09-30,40,65+,5.0000,1.2186,1.0219,1.4289
30,2018-10-01,40,0-5,43.0000,1.5110,1.2663,1.8072
30,2018-10-01,40,6-11,52.0000,1.6819,1.4307,1.9664
30,2018-10-01,40,12-17,21.0000,1.3608,1.1598,1.5985
30,2018-10-01,40,18-44,89.0000,0.8681,0.7578,1.0082
30,2018-10-01,40,45-64,58.0000,0.8967,0.7761,1.0414
30,2018-10-01,40,65+,49.0000,1.0983,0.9191,1.3066
31,2018-10-02,40,0-5,21.0000,1.4294,1.1947,1.7082
31,2018-10-02,40,6-11,37.0000,1.5914,1.3569,1.8836
31,2018-10-02,40,12-17,17.0000,1.2687,1.0862,1.4851
31,2018-10-02,40,18-44,69.0000,0.8002,0.6997,0.9199
31,2018-10-02,40,45-64,41.0000,0.8192,0.7093,0.9455
31,2018-10-02,40,65+,52.0000,0.9820,0.8333,1.1631
32,2018-10-03,40,0-5,25.0000,1.3571,1.1331,1.6210
32,2018-10-03,40,6-11,21.0000,1.5426,1.3137,1.8083
32,2018-10-03,40,12-17,7.0000,1.2025,1.0218,1.4257
32,2018-10-03,40,18-44,18.0000,0.7515,0.6536,0.8635
32,2018-10-03,40,45-64,5.0000,0.7619,0.6562,0.8832
32,2018-10-03,40,65+,5.0000,0.9005,0.7641,1.0782
33,2018-10-04,40,0-5,31.0000,1.2972,1.0913,1.5661
33,2018-10-04,40,6-11,40.0000,1.5119,1.2925,1.7947
33,2018-10-04,40,12-17,19.0000,1.1557,0.9796,1.3640
33,2018-10-04,40,18-44,74.0000,0.7128,0.6206,0.8208
33,2018-10-04,40,45-64,56.0000,0.7162,0.6179,0.8359
33,2018-10-04,40,65+,56.0000,0.8458,0.7165,1.0144
34,2018-10-05,40,0-5,37.0000,1.2659,1.0700,1.5203
34,2018-10-05,40,6-11,29.0000,1.5309,1.3048,1.8001
34,2018-10-05,40,12-17,12.0000,1.1397,0.9674,1.3355
34,2018-10-05,40,18-44,61.0000,0.6952,0.6071,0.8036
34,2018-10-05,40,45-64,55.0000,0.6941,0.5991,0.8079
34,2018-10-05,40,65+,21.0000,0.8246,0.6969,0.9675
35,2018-10-06,40,0-5,26.0000,1.2765,1.0757,1.5204
35,2018-10-06,40,6-11,29.0000,1.5902,1.3681,1.8751
35,2018-10-06,40,12-17,13.0000,1.1656,0.9906,1.3617
35,2018-10-06,40,18-44,41.0000,0.7080,0.6189,0.8087
35,2018-10-06,40,45-64,30.0000,0.7056,0.6110,0.8140
35,2018-10-06,40,65+,17.0000,0.8412,0.7123,0.9980
36,2018-10-07,41,0-5,22.0000,1.3159,1.1090,1.5597
36,2018-10-07,41,6-11,17.0000,1.6742,1.4256,1.9658
36,2018-10-07,41,12-17,0.0000,1.2213,1.0417,1.4343
36,2018-10-07,41,18-44,13.0000,0.7420,0.6448,0.8517
36,2018-10-07,41,45-64,5.0000,0.7417,0.6380,0.8594
36,2018-10-07,41,65+,5.0000,0.8868,0.7490,1.0512
37,2018-10-08,41,0-5,43.0000,1.3512,1.1339,1.6170
37,2018-10-08,41,6-11,69.0000,1.7422,1.4709,2.0593
37,2018-10-08,41,12-17,22.0000,1.2723,1.0732,1.4981
37,2018-10-08,41,18-44,89.0000,0.7716,0.6688,0.8868
37,2018-10-08,41,45-64,59.0000,0.7724,0.6633,0.8948
37,2018-10-08,41,65+,47.0000,0.9168,0.7749,1.0776
38,2018-10-09,41,0-5,17.0000,1.3837,1.1619,1.6568
38,2018-10-09,41,6-11,28.0000,1.8029,1.5314,2.1295
38,2018-10-09,41,12-17,12.0000,1.3235,1.1232,1.5653
38,2018-10-09,41,18-44,17.0000,0.7945,0.6916,0.9158
38,2018-10-09,41,45-64,6.0000,0.7975,0.6875,0.9257
38,2018-10-09,41,65+,6.0000,0.9364,0.7909,1.1065
39,2018-10-10,41,0-5,40.0000,1.3921,1.1661,1.6665
39,2018-10-10,41,6-11,64.0000,1.8380,1.5579,2.1971
39,2018-10-10,41,12-17,18.0000,1.3558,1.1493,1.5913
39,2018-10-10,41,18-44,81.0000,0.7961,0.6914,0.9148
39,2018-10-10,41,45-64,50.0000,0.7945,0.6818,0.9251
39,2018-10-10,41,65+,39.0000,0.9070,0.7645,1.0788
40,2018-10-11,41,0-5,46.0000,1.3988,1.1717,1.6721
40,2018-10-11,41,6-11,47.0000,1.8987,1.6214,2.2527
40,2018-10-11,41,12-17,8.0000,1.3939,1.1816,1.6407
40,2018-10-11,41,18-44,60.0000,0.7932,0.6903,0.9123
40,2018-10-11,41,45-64,39.0000,0.7857,0.6742,0.9123
40,2018-10-11,41,65+,51.0000,0.8714,0.7346,1.0310
41,2018-10-12,41,0-5,30.0000,1.4250,1.2017,1.6988
41,2018-10-12,41,6-11,50.0000,1.9977,1.6746,2.3539
41,2018-10-12,41,12-17,24.0000,1.4364,1.2240,1.7019
41,2018-10-12,41,18-44,72.0000,0.7936,0.6944,0.9118
41,2018-10-12,41,45-64,47.0000,0.7759,0.6698,0.9025
41,2018-10-12,41,65+,45.0000,0.8425,0.7133,0.9788
42,2018-10-13,41,0-5,29.0000,1.4544,1.2319,1.7321
42,2018-10-13,41,6-11,62.0000,2.0995,1.7663,2.4675
42,2018-10-13,41,12-17,13.0000,1.4922,1.2712,1.7570
42,2018-10-13,41,18-44,57.0000,0.7971,0.6976,0.9097
42,2018-10-13,41,45-64,39.0000,0.7681,0.6649,0.8833
42,2018-10-13,41,65+,22.0000,0.8143,0.6951,0.9547
43,2018-10-14,42,0-5,31.0000,1.4835,1.2421,1.7703
43,2018-10-14,42,6-11,42.0000,2.1827,1.8380,2.5891
43,2018-10-14,42,12-17,6.0000,1.5628,1.3296,1.8418
43,2018-10-14,42,18-44,20.0000,0.8019,0.6981,0.9157
43,2018-10-14,42,45-64,12.0000,0.7618,0.6585,0.8770
43,2018-10-14,42,65+,3.0000,0.7924,0.6772,0.9297
44,2018-10-15,42,0-5,66.0000,1.4652,1.2298,1.7485
44,2018-10-15,42,6-11,122.0000,2.1843,1.8218,2.5927
44,2018-10-15,42,12-17,26.0000,1.5988,1.3404,1.9018
44,2018-10-15,42,18-44,105.0000,0.7791,0.6821,0.8905
44,2018-10-15,42,45-64,78.0000,0.7310,0.6336,0.8453
44,2018-10-15,42,65+,42.0000,0.7488,0.6381,0.8824
45,2018-10-16,42,0-5,38.0000,1.4426,1.2091,1.7248
45,2018-10-16,42,6-11,120.0000,2.1258,1.8110,2.5331
45,2018-10-16,42,12-17,32.0000,1.5850,1.3301,1.8888
45,2018-10-16,42,18-44,62.0000,0.7472,0.6565,0.8570
45,2018-10-16,42,45-64,44.0000,0.6916,0.6027,0.8016
45,2018-10-16,42,65+,33.0000,0.7010,0.6008,0.8234
46,2018-10-17,42,0-5,55.0000,1.4346,1.2022,1.6960
46,2018-10-17,42,6-11,104.0000,2.0805,1.7599,2.4783
46,2018-10-17,42,12-17,24.0000,1.5654,1.3167,1.8758
46,2018-10-17,42,18-44,68.0000,0.7218,0.6352,0.8237
46,2018-10-17,42,45-64,42.0000,0.6597,0.5756,0.7604
46,2018-10-17,42,65+,32.0000,0.6645,0.5712,0.7726
47,2018-10-18,42,0-5,46.0000,1.4213,1.1972,1.6866
47,2018-10-18,42,6-11,158.0000,2.0195,1.7040,2.4001
47,2018-10-18,42,12-17,36.0000,1.5101,1.2548,1.8363
47,2018-10-18,42,18-44,75.0000,0.7000,0.6160,0.7975
47,2018-10-18,42,45-64,52.0000,0.6345,0.5552,0.7299
47,2018-10-18,42,65+,18.0000,0.6400,0.5532,0.7472
48,2018-10-19,42,0-5,65.0000,1.4086,1.1871,1.6932
48,2018-10-19,42,6-11,183.0000,1.9694,1.6748,2.3509
48,2018-10-19,42,12-17,58.0000,1.4691,1.2305,1.7388
48,2018-10-19,42,18-44,93.0000,0.6851,0.6073,0.7746
48,2018-10-19,42,45-64,55.0000,0.6196,0.5446,0.7074
48,2018-10-19,42,65+,22.0000,0.6281,0.5417,0.7225
49,2018-10-20,42,0-5,68.0000,1.3939,1.1740,1.6443
49,2018-10-20,42,6-11,177.0000,1.9554,1.6527,2.3428
49,2018-10-20,42,12-17,38.0000,1.4451,1.2184,1.6952
49,2018-10-20,42,18-44,76.0000,0.6844,0.6035,0.7738
49,2018-10-20,42,45-64,28.0000,0.6223,0.5433,0.7129
49,2018-10-20,42,65+,14.0000,0.6297,0.5421,0.7312
50,2018-10-21,43,0-5,54.0000,1.3587,1.1428,1.6198
50,2018-10-21,43,6-11,128.0000,1.9226,1.6029,2.2976
50,2018-10-21,43,12-17,27.0000,1.4383,1.2000,1.6941
50,2018-10-21,43,18-44,42.0000,0.6791,0.5975,0.7737
50,2018-10-21,43,45-64,21.0000,0.6221,0.5423,0.7140
50,2018-10-21,43,65+,13.0000,0.6215,0.5359,0.7220
51,2018-10-22,43,0-5,129.0000,1.2876,1.0758,1.5443
51,2018-10-22,43,6-11,381.0000,1.8301,1.5254,2.1906
51,2018-10-22,43,12-17,86.0000,1.3764,1.1603,1.6187
51,2018-10-22,43,18-44,151.0000,0.6497,0.5706,0.7392
51,2018-10-22,43,45-64,74.0000,0.5986,0.5210,0.6890
51,2018-10-22,43,65+,51.0000,0.5920,0.5108,0.6855
52,2018-10-23,43,0-5,95.0000,1.2294,1.0306,1.4725
52,2018-10-23,43,6-11,272.0000,1.7594,1.4880,2.0745
52,2018-10-23,43,12-17,64.0000,1.3214,1.1152,1.5437
52,2018-10-23,43,18-44,127.0000,0.6194,0.5458,0.7035
52,2018-10-23,43,45-64,68.0000,0.5704,0.4979,0.6534
52,2018-10-23,43,65+,33.0000,0.5584,0.4835,0.6460
53,2018-10-24,43,0-5,82.0000,1.2033,1.0050,1.4451
53,2018-10-24,43,6-11,222.0000,1.7389,1.4699,2.0688
53,2018-10-24,43,12-17,66.0000,1.2817,1.0972,1.5284
53,2018-10-24,43,18-44,128.0000,0.6000,0.5288,0.6820
53,2018-10-24,43,45-64,59.0000,0.5503,0.4802,0.6303
53,2018-10-24,43,65+,26.0000,0.5352,0.4632,0.6223
54,2018-10-25,43,0-5,103.0000,1.2071,1.0060,1.4395
54,2018-10-25,43,6-11,320.0000,1.7531,1.4650,2.1047
54,2018-10-25,43,12-17,76.0000,1.2985,1.1045,1.5502
54,2018-10-25,43,18-44,150.0000,0.5938,0.5250,0.6755
54,2018-10-25,43,45-64,83.0000,0.5411,0.4723,0.6214
54,2018-10-25,43,65+,25.0000,0.5237,0.4519,0.6054
55,2018-10-26,43,0-5,104.0000,1.2389,1.0386,1.5000
55,2018-10-26,43,6-11,363.0000,1.7921,1.5032,2.1570
55,2018-10-26,43,12-17,95.0000,1.3415,1.1333,1.5727
55,2018-10-26,43,18-44,136.0000,0.6052,0.5334,0.6868
55,2018-10-26,43,45-64,82.0000,0.5458,0.4785,0.6241
55,2018-10-26,43,65+,43.0000,0.5236,0.4550,0.6043
56,2018-10-27,43,0-5,115.0000,1.2919,1.0783,1.5544
56,2018-10-27,43,6-11,356.0000,1.8752,1.5881,2.2448
56,2018-10-27,43,12-17,76.0000,1.4613,1.2235,1.7209
56,2018-10-27,43,18-44,122.0000,0.6353,0.5626,0.7155
56,2018-10-27,43,45-64,79.0000,0.5722,0.5031,0.6535
56,2018-10-27,43,65+,20.0000,0.5436,0.4726,0.6254
57,2018-10-28,44,0-5,87.0000,1.3432,1.1283,1.6040
57,2018-10-28,44,6-11,248.0000,1.9329,1.6148,2.3020
57,2018-10-28,44,12-17,39.0000,1.5869,1.3389,1.8843
57,2018-10-28,44,18-44,69.0000,0.6654,0.5876,0.7544
57,2018-10-28,44,45-64,28.0000,0.6006,0.5266,0.6878
57,2018-10-28,44,65+,4.0000,0.5649,0.4898,0.6553
58,2018-10-29,44,0-5,184.0000,1.3530,1.1313,1.6053
58,2018-10-29,44,6-11,767.0000,1.9271,1.6086,2.2917
58,2018-10-29,44,12-17,149.0000,1.6519,1.3742,1.9961
58,2018-10-29,44,18-44,244.0000,0.6717,0.5919,0.7630
58,2018-10-29,44,45-64,124.0000,0.6059,0.5283,0.6955
58,2018-10-29,44,65+,52.0000,0.5651,0.4889,0.6524
59,2018-10-30,44,0-5,143.0000,1.3347,1.1308,1.5824
59,2018-10-30,44,6-11,529.0000,1.9064,1.5938,2.2582
59,2018-10-30,44,12-17,151.0000,1.6861,1.4141,2.0121
59,2018-10-30,44,18-44,208.0000,0.6630,0.5853,0.7519
59,2018-10-30,44,45-64,100.0000,0.5968,0.5242,0.6813
59,2018-10-30,44,65+,38.0000,0.5512,0.4812,0.6333
60,2018-10-31,44,0-5,181.0000,1.3223,1.1113,1.5848
60,2018-10-31,44,6-11,424.0000,1.9265,1.6195,2.2619
60,2018-10-31,44,12-17,145.0000,1.6979,1.4284,2.0006
60,2018-10-31,44,18-44,243.0000,0.6515,0.5773,0.7345
60,2018-10-31,44,45-64,111.0000,0.5806,0.5129,0.6595
60,2018-10-31,44,65+,38.0000,0.5323,0.4665,0.6083
61,2018-11-01,44,0-5,176.0000,1.3136,1.1071,1.5584
61,2018-11-01,44,6-11,607.0000,1.9198,1.6330,2.2934
61,2018-11-01,44,12-17,209.0000,1.6856,1.4213,1.9962
61,2018-11-01,44,18-44,241.0000,0.6421,0.5665,0.7291
61,2018-11-01,44,45-64,122.0000,0.5661,0.4965,0.6432
61,2018-11-01,44,65+,55.0000,0.5139,0.4487,0.5898
62,2018-11-02,44,0-5,222.0000,1.3016,1.0948,1.5666
62,2018-11-02,44,6-11,826.0000,1.9012,1.6033,2.2646
62,2018-11-02,44,12-17,269.0000,1.6645,1.4121,1.9866
62,2018-11-02,44,18-44,276.0000,0.6345,0.5590,0.7207
62,2018-11-02,44,45-64,128.0000,0.5547,0.4878,0.6325
62,2018-11-02,44,65+,47.0000,0.4996,0.4378,0.5728
63,2018-11-03,44,0-5,216.0000,1.2875,1.0844,1.5316
63,2018-11-03,44,6-11,775.0000,1.8567,1.5701,2.2386
63,2018-11-03,44,12-17,261.0000,1.6583,1.3956,1.9681
63,2018-11-03,44,18-44,273.0000,0.6311,0.5588,0.7107
63,2018-11-03,44,45-64,116.0000,0.5516,0.4865,0.6235
63,2018-11-03,44,65+,36.0000,0.4958,0.4343,0.5662
64,2018-11-04,45,0-5,189.0000,1.2445,1.0481,1.4733
64,2018-11-04,45,6-11,629.0000,1.7601,1.4800,2.1006
64,2018-11-04,45,12-17,166.0000,1.6133,1.3390,1.9270
64,2018-11-04,45,18-44,190.0000,0.6139,0.5434,0.6944
64,2018-11-04,45,45-64,62.0000,0.5381,0.4740,0.6125
64,2018-11-04,45,65+,14.0000,0.4799,0.4181,0.5534
65,2018-11-05,45,0-5,361.0000,1.1653,0.9712,1.3904
65,2018-11-05,45,6-11,1611.0000,1.6388,1.3543,1.9533
65,2018-11-05,45,12-17,586.0000,1.4926,1.2439,1.7857
65,2018-11-05,45,18-44,505.0000,0.5741,0.5058,0.6533
65,2018-11-05,45,45-64,216.0000,0.5030,0.4432,0.5746
65,2018-11-05,45,65+,85.0000,0.4481,0.3939,0.5150
66,2018-11-06,45,0-5,299.0000,1.0904,0.9183,1.3009
66,2018-11-06,45,6-11,1124.0000,1.5281,1.2837,1.8180
66,2018-11-06,45,12-17,434.0000,1.3837,1.1715,1.6598
66,2018-11-06,45,18-44,458.0000,0.5357,0.4727,0.6090
66,2018-11-06,45,45-64,164.0000,0.4702,0.4138,0.5350
66,2018-11-06,45,65+,60.0000,0.4195,0.3668,0.4772
67,2018-11-07,45,0-5,325.0000,1.0401,0.8786,1.2487
67,2018-11-07,45,6-11,846.0000,1.4750,1.2422,1.7529
67,2018-11-07,45,12-17,385.0000,1.3230,1.1186,1.5996
67,2018-11-07,45,18-44,540.0000,0.5079,0.4489,0.5802
67,2018-11-07,45,45-64,191.0000,0.4445,0.3909,0.5059
67,2018-11-07,45,65+,62.0000,0.3936,0.3441,0.4514
68,2018-11-08,45,0-5,304.0000,1.0273,0.8644,1.2354
68,2018-11-08,45,6-11,1090.0000,1.4516,1.2220,1.7251
68,2018-11-08,45,12-17,514.0000,1.2853,1.0759,1.5461
68,2018-11-08,45,18-44,487.0000,0.4990,0.4382,0.5723
68,2018-11-08,45,45-64,178.0000,0.4352,0.3806,0.4978
68,2018-11-08,45,65+,72.0000,0.3831,0.3353,0.4356
69,2018-11-09,45,0-5,334.0000,1.0535,0.8808,1.2477
69,2018-11-09,45,6-11,1241.0000,1.4603,1.2345,1.7433
69,2018-11-09,45,12-17,590.0000,1.2901,1.0797,1.5394
69,2018-11-09,45,18-44,505.0000,0.5103,0.4473,0.5846
69,2018-11-09,45,45-64,226.0000,0.4421,0.3863,0.5086
69,2018-11-09,45,65+,72.0000,0.3830,0.3329,0.4404
70,2018-11-10,45,0-5,300.0000,1.0961,0.9224,1.3126
70,2018-11-10,45,6-11,1128.0000,1.5013,1.2543,1.8185
70,2018-11-10,45,12-17,510.0000,1.3237,1.1195,1.5632
70,2018-11-10,45,18-44,455.0000,0.5357,0.4668,0.6131
70,2018-11-10,45,45-64,191.0000,0.4658,0.4077,0.5340
70,2018-11-10,45,65+,67.0000,0.4042,0.3539,0.4631
71,2018-11-11,46,0-5,248.0000,1.1357,0.9600,1.3528
71,2018-11-11,46,6-11,805.0000,1.5285,1.2774,1.8361
71,2018-11-11,46,12-17,336.0000,1.3485,1.1254,1.6189
71,2018-11-11,46,18-44,265.0000,0.5657,0.4936,0.6531
71,2018-11-11,46,45-64,79.0000,0.4951,0.4316,0.5731
71,2018-11-11,46,65+,18.0000,0.4291,0.3772,0.4936
72,2018-11-12,46,0-5,565.0000,1.1408,0.9651,1.3590
72,2018-11-12,46,6-11,2069.0000,1.5161,1.2830,1.7919
72,2018-11-12,46,12-17,949.0000,1.3518,1.1362,1.6188
72,2018-11-12,46,18-44,827.0000,0.5797,0.5067,0.6742
72,2018-11-12,46,45-64,359.0000,0.5093,0.4444,0.5895
72,2018-11-12,46,65+,95.0000,0.4435,0.3887,0.5095
73,2018-11-13,46,0-5,422.0000,1.1441,0.9650,1.3558
73,2018-11-13,46,6-11,1285.0000,1.5119,1.2795,1.8036
73,2018-11-13,46,12-17,646.0000,1.3524,1.1377,1.6100
73,2018-11-13,46,18-44,708.0000,0.5896,0.5109,0.6696
73,2018-11-13,46,45-64,260.0000,0.5178,0.4496,0.5914
73,2018-11-13,46,65+,69.0000,0.4514,0.3945,0.5122
74,2018-11-14,46,0-5,387.0000,1.1603,0.9747,1.3719
74,2018-11-14,46,6-11,1071.0000,1.5496,1.3132,1.8374
74,2018-11-14,46,12-17,499.0000,1.3941,1.1686,1.6753
74,2018-11-14,46,18-44,785.0000,0.6009,0.5196,0.6867
74,2018-11-14,46,45-64,316.0000,0.5286,0.4585,0.6024
74,2018-11-14,46,65+,70.0000,0.4619,0.4035,0.5245
75,2018-11-15,46,0-5,418.0000,1.1813,0.9962,1.4053
75,2018-11-15,46,6-11,1319.0000,1.5927,1.3489,1.8853
75,2018-11-15,46,12-17,738.0000,1.4401,1.2236,1.7359
75,2018-11-15,46,18-44,810.0000,0.6165,0.5372,0.7096
75,2018-11-15,46,45-64,306.0000,0.5429,0.4735,0.6221
75,2018-11-15,46,65+,76.0000,0.4753,0.4176,0.5401
76,2018-11-16,46,0-5,490.0000,1.2187,1.0327,1.4301
76,2018-11-16,46,6-11,1625.0000,1.6375,1.3914,1.9414
76,2018-11-16,46,12-17,919.0000,1.4922,1.2608,1.7615
76,2018-11-16,46,18-44,937.0000,0.6397,0.5621,0.7278
76,2018-11-16,46,45-64,365.0000,0.5656,0.4952,0.6484
76,2018-11-16,46,65+,116.0000,0.4997,0.4398,0.5692
77,2018-11-17,46,0-5,460.0000,1.2787,1.0868,1.5034
77,2018-11-17,46,6-11,1444.0000,1.7079,1.4565,2.0346
77,2018-11-17,46,12-17,737.0000,1.5957,1.3619,1.9476
77,2018-11-17,46,18-44,806.0000,0.6902,0.6029,0.7738
77,2018-11-17,46,45-64,321.0000,0.6148,0.5392,0.6953
77,2018-11-17,46,65+,80.0000,0.5439,0.4798,0.6205
78,2018-11-18,47,0-5,327.0000,1.3374,1.1265,1.5729
78,2018-11-18,47,6-11,1043.0000,1.7656,1.5016,2.0781
78,2018-11-18,47,12-17,410.0000,1.7284,1.4703,2.0655
78,2018-11-18,47,18-44,477.0000,0.7365,0.6382,0.8438
78,2018-11-18,47,45-64,127.0000,0.6645,0.5763,0.7612
78,2018-11-18,47,65+,29.0000,0.5904,0.5141,0.6735
79,2018-11-19,47,0-5,709.0000,1.3450,1.1336,1.5948
79,2018-11-19,47,6-11,2638.0000,1.7679,1.5085,2.0999
79,2018-11-19,47,12-17,1453.0000,1.7926,1.4926,2.0898
79,2018-11-19,47,18-44,1478.0000,0.7539,0.6600,0.8744
79,2018-11-19,47,45-64,585.0000,0.6843,0.5964,0.7825
79,2018-11-19,47,65+,175.0000,0.6020,0.5260,0.6855
80,2018-11-20,47,0-5,613.0000,1.3236,1.1242,1.5550
80,2018-11-20,47,6-11,1730.0000,1.7707,1.5148,2.0864
80,2018-11-20,47,12-17,1061.0000,1.8133,1.5209,2.1594
80,2018-11-20,47,18-44,1391.0000,0.7546,0.6565,0.8590
80,2018-11-20,47,45-64,467.0000,0.6846,0.5962,0.7782
80,2018-11-20,47,65+,158.0000,0.5925,0.5198,0.6706
81,2018-11-21,47,0-5,635.0000,1.3190,1.1228,1.5519
81,2018-11-21,47,6-11,1400.0000,1.8277,1.5662,2.1357
81,2018-11-21,47,12-17,1098.0000,1.8434,1.5487,2.1895
81,2018-11-21,47,18-44,1541.0000,0.7587,0.6664,0.8878
81,2018-11-21,47,45-64,588.0000,0.6849,0.6004,0.7877
81,2018-11-21,47,65+,168.0000,0.5816,0.5133,0.6626
82,2018-11-22,47,0-5,615.0000,1.3225,1.1201,1.5565
82,2018-11-22,47,6-11,1793.0000,1.8836,1.5876,2.2185
82,2018-11-22,47,12-17,1475.0000,1.8732,1.5950,2.2378
82,2018-11-22,47,18-44,1659.0000,0.7667,0.6656,0.8954
82,2018-11-22,47,45-64,600.0000,0.6902,0.6011,0.7992
82,2018-11-22,47,65+,204.0000,0.5778,0.5056,0.6627
83,2018-11-23,47,0-5,736.0000,1.3529,1.1503,1.5983
83,2018-11-23,47,6-11,2176.0000,1.9430,1.6539,2.2814
83,2018-11-23,47,12-17,1931.0000,1.9080,1.6210,2.2369
83,2018-11-23,47,18-44,1766.0000,0.7907,0.6880,0.9269
83,2018-11-23,47,45-64,690.0000,0.7064,0.6185,0.8145
83,2018-11-23,47,65+,164.0000,0.5867,0.5163,0.6757
84,2018-11-24,47,0-5,668.0000,1.4065,1.1894,1.6575
84,2018-11-24,47,6-11,2132.0000,2.0033,1.7251,2.3579
84,2018-11-24,47,12-17,1553.0000,1.9892,1.7009,2.3522
84,2018-11-24,47,18-44,1563.0000,0.8307,0.7202,0.9496
84,2018-11-24,47,45-64,639.0000,0.7439,0.6474,0.8501
84,2018-11-24,47,65+,120.0000,0.6164,0.5414,0.7011
85,2018-11-25,48,0-5,469.0000,1.4381,1.2175,1.6909
85,2018-11-25,48,6-11,1706.0000,2.0242,1.7128,2.3735
85,2018-11-25,48,12-17,1172.0000,1.9757,1.6889,2.3378
85,2018-11-25,48,18-44,1026.0000,0.8496,0.7283,1.0053
85,2018-11-25,48,45-64,339.0000,0.7592,0.6566,0.8782
85,2018-11-25,48,65+,58.0000,0.6325,0.5530,0.7220
86,2018-11-26,48,0-5,1209.0000,1.3909,1.1854,1.6340
86,2018-11-26,48,6-11,4765.0000,1.9348,1.6470,2.2690
86,2018-11-26,48,12-17,4195.0000,1.8771,1.5820,2.2236
86,2018-11-26,48,18-44,3852.0000,0.8235,0.7188,0.9530
86,2018-11-26,48,45-64,1538.0000,0.7367,0.6439,0.8448
86,2018-11-26,48,65+,338.0000,0.6144,0.5407,0.6983
87,2018-11-27,48,0-5,945.0000,1.3236,1.1286,1.5528
87,2018-11-27,48,6-11,3205.0000,1.8396,1.5636,2.1659
87,2018-11-27,48,12-17,2964.0000,1.7629,1.4828,2.0944
87,2018-11-27,48,18-44,3350.0000,0.7664,0.6721,0.8955
87,2018-11-27,48,45-64,1189.0000,0.6818,0.5984,0.7890
87,2018-11-27,48,65+,241.0000,0.5723,0.5054,0.6537
88,2018-11-28,48,0-5,1039.0000,1.2738,1.0875,1.4935
88,2018-11-28,48,6-11,2636.0000,1.7973,1.5314,2.1165
88,2018-11-28,48,12-17,2595.0000,1.7161,1.4557,2.0282
88,2018-11-28,48,18-44,3472.0000,0.7376,0.6430,0.8529
88,2018-11-28,48,45-64,1269.0000,0.6559,0.5731,0.7532
88,2018-11-28,48,65+,290.0000,0.5518,0.4864,0.6289
89,2018-11-29,48,0-5,1009.0000,1.2615,1.0777,1.4810
89,2018-11-29,48,6-11,3298.0000,1.7947,1.5318,2.1191
89,2018-11-29,48,12-17,3369.0000,1.7056,1.4447,2.0144
89,2018-11-29,48,18-44,3558.0000,0.7301,0.6440,0.8489
89,2018-11-29,48,45-64,1287.0000,0.6489,0.5737,0.7497
89,2018-11-29,48,65+,251.0000,0.5413,0.4791,0.6189
90,2018-11-30,48,0-5,1245.0000,1.2801,1.0919,1.5003
90,2018-11-30,48,6-11,4016.0000,1.8215,1.5602,2.1303
90,2018-11-30,48,12-17,3802.0000,1.7315,1.4804,2.0525
90,2018-11-30,48,18-44,3574.0000,0.7509,0.6575,0.8478
90,2018-11-30,48,45-64,1415.0000,0.6665,0.5863,0.7514
90,2018-11-30,48,65+,341.0000,0.5531,0.4907,0.6223
91,2018-12-01,48,0-5,1158.0000,1.3161,1.1294,1.5348
91,2018-12-01,48,6-11,4123.0000,1.8406,1.5590,2.1513
91,2018-12-01,48,12-17,3769.0000,1.7709,1.5049,2.0645
91,2018-12-01,48,18-44,3593.0000,0.7776,0.6867,0.8865
91,2018-12-01,48,45-64,1508.0000,0.6930,0.6145,0.7831
91,2018-12-01,48,65+,346.0000,0.5741,0.5121,0.6447
92,2018-12-02,49,0-5,939.0000,1.3118,1.1194,1.5417
92,2018-12-02,49,6-11,3223.0000,1.8074,1.5402,2.1126
92,2018-12-02,49,12-17,2432.0000,1.7461,1.4868,2.0423
92,2018-12-02,49,18-44,2368.0000,0.7762,0.6822,0.8939
92,2018-12-02,49,45-64,766.0000,0.6961,0.6176,0.7919
92,2018-12-02,49,65+,107.0000,0.5808,0.5191,0.6567
93,2018-12-03,49,0-5,2074.0000,1.2470,1.0525,1.4660
93,2018-12-03,49,6-11,8344.0000,1.7018,1.4476,2.0093
93,2018-12-03,49,12-17,8341.0000,1.6395,1.4066,1.9321
93,2018-12-03,49,18-44,8268.0000,0.7388,0.6382,0.8522
93,2018-12-03,49,45-64,3407.0000,0.6640,0.5805,0.7646
93,2018-12-03,49,65+,615.0000,0.5557,0.4886,0.6345
94,2018-12-04,49,0-5,1713.0000,1.1743,0.9984,1.3827
94,2018-12-04,49,6-11,5437.0000,1.6029,1.3682,1.8847
94,2018-12-04,49,12-17,5446.0000,1.5356,1.2963,1.7864
94,2018-12-04,49,18-44,6770.0000,0.6879,0.6001,0.7892
94,2018-12-04,49,45-64,2611.0000,0.6196,0.5439,0.7052
94,2018-12-04,49,65+,502.0000,0.5184,0.4586,0.5860
95,2018-12-05,49,0-5,1724.0000,1.1427,0.9712,1.3381
95,2018-12-05,49,6-11,4514.0000,1.5823,1.3446,1.8540
95,2018-12-05,49,12-17,4761.0000,1.4804,1.2539,1.7355
95,2018-12-05,49,18-44,6769.0000,0.6645,0.5760,0.7710
95,2018-12-05,49,45-64,2771.0000,0.5976,0.5207,0.6865
95,2018-12-05,49,65+,520.0000,0.4975,0.4364,0.5664
96,2018-12-06,49,0-5,1755.0000,1.1529,0.9789,1.3703
96,2018-12-06,49,6-11,5476.0000,1.6059,1.3677,1.8947
96,2018-12-06,49,12-17,6252.0000,1.4761,1.2607,1.7502
96,2018-12-06,49,18-44,6587.0000,0.6705,0.5838,0.8164
96,2018-12-06,49,45-64,2697.0000,0.6035,0.5262,0.7092
96,2018-12-06,49,65+,519.0000,0.5029,0.4427,0.5778
97,2018-12-07,49,0-5,1860.0000,1.1930,1.0157,1.4016
97,2018-12-07,49,6-11,6226.0000,1.6610,1.4263,1.9490
97,2018-12-07,49,12-17,6302.0000,1.5170,1.2852,1.7761
97,2018-12-07,49,18-44,6205.0000,0.6938,0.6073,0.8003
97,2018-12-07,49,45-64,2601.0000,0.6256,0.5455,0.7161
97,2018-12-07,49,65+,497.0000,0.5255,0.4622,0.5938
98,2018-12-08,49,0-5,1925.0000,1.2833,1.0938,1.5007
98,2018-12-08,49,6-11,6095.0000,1.7630,1.5071,2.0597
98,2018-12-08,49,12-17,5481.0000,1.6108,1.3859,1.8713
98,2018-12-08,49,18-44,5801.0000,0.7586,0.6604,0.8667
98,2018-12-08,49,45-64,2497.0000,0.6894,0.5985,0.7814
98,2018-12-08,49,65+,516.0000,0.5842,0.5112,0.6577
99,2018-12-09,50,0-5,1411.0000,1.3780,1.1642,1.6196
99,2018-12-09,50,6-11,4241.0000,1.8624,1.5886,2.1870
99,2018-12-09,50,12-17,3246.0000,1.7212,1.4553,2.0109
99,2018-12-09,50,18-44,3451.0000,0.8252,0.7070,0.9554
99,2018-12-09,50,45-64,1223.0000,0.7516,0.6535,0.8616
99,2018-12-09,50,65+,207.0000,0.6391,0.5619,0.7250
100,2018-12-10,50,0-5,3384.0000,1.4138,1.2037,1.6610
100,2018-12-10,50,6-11,11790.0000,1.8898,1.6201,2.1963
100,2018-12-10,50,12-17,11000.0000,1.7604,1.4980,2.1291
100,2018-12-10,50,18-44,12331.0000,0.8585,0.7445,0.9970
100,2018-12-10,50,45-64,5536.0000,0.7893,0.6832,0.9054
100,2018-12-10,50,65+,1097.0000,0.6699,0.5848,0.7649
101,2018-12-11,50,0-5,2666.0000,1.4105,1.2024,1.6528
101,2018-12-11,50,6-11,8027.0000,1.8771,1.6147,2.1954
101,2018-12-11,50,12-17,7142.0000,1.7546,1.4998,2.0475
101,2018-12-11,50,18-44,10249.0000,0.8542,0.7491,0.9867
101,2018-12-11,50,45-64,4241.0000,0.7880,0.6897,0.9019
101,2018-12-11,50,65+,781.0000,0.6730,0.5926,0.7630
102,2018-12-12,50,0-5,2616.0000,1.4130,1.2086,1.6769
102,2018-12-12,50,6-11,6784.0000,1.8900,1.6178,2.2215
102,2018-12-12,50,12-17,6761.0000,1.7541,1.4967,2.0408
102,2018-12-12,50,18-44,11214.0000,0.8490,0.7359,1.0383
102,2018-12-12,50,45-64,5203.0000,0.7821,0.6773,0.9184
102,2018-12-12,50,65+,945.0000,0.6686,0.5848,0.7718
103,2018-12-13,50,0-5,3016.0000,1.4283,1.2236,1.6532
103,2018-12-13,50,6-11,8957.0000,1.9096,1.6399,2.2514
103,2018-12-13,50,12-17,9129.0000,1.7469,1.5013,2.0106
103,2018-12-13,50,18-44,11990.0000,0.8504,0.7389,0.9732
103,2018-12-13,50,45-64,5502.0000,0.7796,0.6770,0.8878
103,2018-12-13,50,65+,1016.0000,0.6679,0.5851,0.7563
104,2018-12-14,50,0-5,3624.0000,1.4462,1.2295,1.6926
104,2018-12-14,50,6-11,10699.0000,1.9310,1.6390,2.2501
104,2018-12-14,50,12-17,10276.0000,1.7458,1.5033,2.0096
104,2018-12-14,50,18-44,12657.0000,0.8629,0.7424,0.9967
104,2018-12-14,50,45-64,5927.0000,0.7921,0.6828,0.9117
104,2018-12-14,50,65+,1263.0000,0.6818,0.5942,0.7773
105,2018-12-15,50,0-5,3607.0000,1.4709,1.2621,1.7262
105,2018-12-15,50,6-11,10246.0000,1.9451,1.6646,2.2828
105,2018-12-15,50,12-17,8642.0000,1.7728,1.5219,2.0717
105,2018-12-15,50,18-44,11126.0000,0.8901,0.7774,1.0260
105,2018-12-15,50,45-64,5585.0000,0.8262,0.7230,0.9462
105,2018-12-15,50,65+,1040.0000,0.7194,0.6313,0.8166
106,2018-12-16,51,0-5,2892.0000,1.4571,1.2394,1.7032
106,2018-12-16,51,6-11,7680.0000,1.8977,1.6288,2.2183
106,2018-12-16,51,12-17,5146.0000,1.7332,1.4863,2.0323
106,2018-12-16,51,18-44,6846.0000,0.8916,0.7732,1.0196
106,2018-12-16,51,45-64,2679.0000,0.8315,0.7224,0.9508
106,2018-12-16,51,65+,488.0000,0.7298,0.6383,0.8287
107,2018-12-17,51,0-5,6649.0000,1.3586,1.1527,1.6074
107,2018-12-17,51,6-11,20308.0000,1.7500,1.4884,2.0418
107,2018-12-17,51,12-17,17523.0000,1.6018,1.3551,1.8887
107,2018-12-17,51,18-44,24024.0000,0.8275,0.7177,0.9498
107,2018-12-17,51,45-64,12096.0000,0.7768,0.6769,0.8905
107,2018-12-17,51,65+,2518.0000,0.6887,0.6055,0.7856
108,2018-12-18,51,0-5,5022.0000,1.2438,1.0606,1.4665
108,2018-12-18,51,6-11,13114.0000,1.6024,1.3694,1.8817
108,2018-12-18,51,12-17,11225.0000,1.4443,1.2287,1.6946
108,2018-12-18,51,18-44,19649.0000,0.7467,0.6512,0.8622
108,2018-12-18,51,45-64,8827.0000,0.7032,0.6128,0.8075
108,2018-12-18,51,65+,1738.0000,0.6295,0.5526,0.7169
109,2018-12-19,51,0-5,4974.0000,1.1506,0.9827,1.3515
109,2018-12-19,51,6-11,11061.0000,1.4784,1.2645,1.7135
109,2018-12-19,51,12-17,10504.0000,1.3034,1.1148,1.5138
109,2018-12-19,51,18-44,20949.0000,0.6766,0.5901,0.7794
109,2018-12-19,51,45-64,10473.0000,0.6345,0.5529,0.7349
109,2018-12-19,51,65+,2095.0000,0.5713,0.5023,0.6546
110,2018-12-20,51,0-5,5373.0000,1.0779,0.9134,1.2644
110,2018-12-20,51,6-11,13654.0000,1.3590,1.1586,1.6097
110,2018-12-20,51,12-17,12656.0000,1.1690,1.0030,1.3749
110,2018-12-20,51,18-44,20443.0000,0.6189,0.5349,0.7138
110,2018-12-20,51,45-64,10335.0000,0.5775,0.4978,0.6669
110,2018-12-20,51,65+,2289.0000,0.5229,0.4566,0.6001
111,2018-12-21,51,0-5,6013.0000,1.0224,0.8671,1.2043
111,2018-12-21,51,6-11,15249.0000,1.2704,1.0760,1.5075
111,2018-12-21,51,12-17,13341.0000,1.0742,0.9159,1.2518
111,2018-12-21,51,18-44,20357.0000,0.5818,0.5037,0.6710
111,2018-12-21,51,45-64,10583.0000,0.5421,0.4675,0.6275
111,2018-12-21,51,65+,2575.0000,0.4935,0.4317,0.5690
112,2018-12-22,51,0-5,5940.0000,0.9812,0.8331,1.1544
112,2018-12-22,51,6-11,14579.0000,1.2029,1.0324,1.4110
112,2018-12-22,51,12-17,10793.0000,1.0143,0.8666,1.1774
112,2018-12-22,51,18-44,17873.0000,0.5644,0.4911,0.6510
112,2018-12-22,51,45-64,9806.0000,0.5293,0.4593,0.6111
112,2018-12-22,51,65+,2234.0000,0.4860,0.4271,0.5561
113,2018-12-23,52,0-5,4461.0000,0.9507,0.8057,1.1239
113,2018-12-23,52,6-11,9720.0000,1.1455,0.9837,1.3537
113,2018-12-23,52,12-17,5514.0000,0.9736,0.8380,1.1340
113,2018-12-23,52,18-44,9020.0000,0.5553,0.4842,0.6462
113,2018-12-23,52,45-64,4187.0000,0.5265,0.4580,0.6103
113,2018-12-23,52,65+,849.0000,0.4885,0.4277,0.5587
114,2018-12-24,52,0-5,9175.0000,0.9173,0.7770,1.0864
114,2018-12-24,52,6-11,21748.0000,1.0916,0.9332,1.2738
114,2018-12-24,52,12-17,15381.0000,0.9339,0.7997,1.0901
114,2018-12-24,52,18-44,27516.0000,0.5435,0.4691,0.6332
114,2018-12-24,52,45-64,16353.0000,0.5185,0.4469,0.6009
114,2018-12-24,52,65+,4323.0000,0.4845,0.4196,0.5542
115,2018-12-25,52,0-5,3515.0000,0.8952,0.7521,1.0571
115,2018-12-25,52,6-11,6391.0000,1.0570,0.9021,1.2356
115,2018-12-25,52,12-17,3447.0000,0.9086,0.7781,1.0637
115,2018-12-25,52,18-44,8651.0000,0.5354,0.4605,0.6219
115,2018-12-25,52,45-64,3796.0000,0.5148,0.4407,0.5976
115,2018-12-25,52,65+,796.0000,0.4836,0.4155,0.5574
116,2018-12-26,52,0-5,6405.0000,0.8761,0.7394,1.0379
116,2018-12-26,52,6-11,12010.0000,1.0330,0.8783,1.2084
116,2018-12-26,52,12-17,8221.0000,0.8896,0.7623,1.0361
116,2018-12-26,52,18-44,23717.0000,0.5287,0.4540,0.6210
116,2018-12-26,52,45-64,13662.0000,0.5116,0.4357,0.6023
116,2018-12-26,52,65+,3503.0000,0.4821,0.4158,0.5572
117,2018-12-27,52,0-5,5295.0000,0.8639,0.7321,1.0220
117,2018-12-27,52,6-11,9491.0000,1.0145,0.8715,1.1847
117,2018-12-27,52,12-17,6553.0000,0.8789,0.7557,1.0195
117,2018-12-27,52,18-44,16012.0000,0.5284,0.4566,0.6192
117,2018-12-27,52,45-64,8117.0000,0.5170,0.4440,0.6022
117,2018-12-27,52,65+,2093.0000,0.4934,0.4239,0.5727
118,2018-12-28,52,0-5,4972.0000,0.8715,0.7396,1.0242
118,2018-12-28,52,6-11,8753.0000,1.0072,0.8671,1.1708
118,2018-12-28,52,12-17,5870.0000,0.8814,0.7554,1.0226
118,2018-12-28,52,18-44,15562.0000,0.5419,0.4671,0.6282
118,2018-12-28,52,45-64,8478.0000,0.5348,0.4579,0.6222
118,2018-12-28,52,65+,2335.0000,0.5146,0.4430,0.5968
119,2018-12-29,52,0-5,4398.0000,0.8940,0.7574,1.0471
119,2018-12-29,52,6-11,7750.0000,1.0133,0.8713,1.1764
119,2018-12-29,52,12-17,4797.0000,0.8927,0.7662,1.0345
119,2018-12-29,52,18-44,12692.0000,0.5669,0.4869,0.6566
119,2018-12-29,52,45-64,7611.0000,0.5660,0.4822,0.6562
119,2018-12-29,52,65+,1983.0000,0.5503,0.4734,0.6289
120,2018-12-30,1,0-5,3092.0000,0.9097,0.7709,1.0802
120,2018-12-30,1,6-11,5341.0000,1.0165,0.8728,1.1873
120,2018-12-30,1,12-17,2560.0000,0.9060,0.7802,1.0551
120,2018-12-30,1,18-44,6628.0000,0.5911,0.5057,0.6939
120,2018-12-30,1,45-64,3229.0000,0.5971,0.5109,0.6985
120,2018-12-30,1,65+,795.0000,0.5864,0.5037,0.6780
121,2018-12-31,1,0-5,5747.0000,0.9055,0.7679,1.0711
121,2018-12-31,1,6-11,10533.0000,0.9971,0.8563,1.1608
121,2018-12-31,1,12-17,6504.0000,0.8935,0.7674,1.0367
121,2018-12-31,1,18-44,18429.0000,0.5935,0.5084,0.6905
121,2018-12-31,1,45-64,12140.0000,0.6022,0.5166,0.7022
121,2018-12-31,1,65+,3694.0000,0.5919,0.5095,0.6845
122,2019-01-01,1,0-5,2385.0000,0.8978,0.7605,1.0580
122,2019-01-01,1,6-11,3250.0000,0.9766,0.8392,1.1321
122,2019-01-01,1,12-17,1513.0000,0.8724,0.7529,1.0077
122,2019-01-01,1,18-44,5765.0000,0.5865,0.5040,0.6801
122,2019-01-01,1,45-64,2924.0000,0.5958,0.5122,0.6933
122,2019-01-01,1,65+,853.0000,0.5881,0.5068,0.6786
123,2019-01-02,1,0-5,4296.0000,0.8795,0.7380,1.0424
123,2019-01-02,1,6-11,5883.0000,0.9532,0.8139,1.1090
123,2019-01-02,1,12-17,3628.0000,0.8380,0.7215,0.9697
123,2019-01-02,1,18-44,16758.0000,0.5647,0.4809,0.6594
123,2019-01-02,1,45-64,10920.0000,0.5724,0.4882,0.6675
123,2019-01-02,1,65+,2989.0000,0.5679,0.4868,0.6590
124,2019-01-03,1,0-5,3057.0000,0.8740,0.7399,1.0364
124,2019-01-03,1,6-11,3781.0000,0.9437,0.8107,1.1015
124,2019-01-03,1,12-17,2271.0000,0.8111,0.7014,0.9381
124,2019-01-03,1,18-44,10527.0000,0.5461,0.4717,0.6389
124,2019-01-03,1,45-64,6703.0000,0.5505,0.4723,0.6413
124,2019-01-03,1,65+,2033.0000,0.5483,0.4723,0.6359
125,2019-01-04,1,0-5,2732.0000,0.8871,0.7535,1.0511
125,2019-01-04,1,6-11,3237.0000,0.9581,0.8238,1.1205
125,2019-01-04,1,12-17,2001.0000,0.8075,0.6966,0.9378
125,2019-01-04,1,18-44,10132.0000,0.5430,0.4683,0.6365
125,2019-01-04,1,45-64,6511.0000,0.5451,0.4694,0.6363
125,2019-01-04,1,65+,2107.0000,0.5459,0.4719,0.6305
126,2019-01-05,1,0-5,2472.0000,0.9134,0.7735,1.0786
126,2019-01-05,1,6-11,2829.0000,0.9828,0.8443,1.1516
126,2019-01-05,1,12-17,1517.0000,0.8022,0.6950,0.9248
126,2019-01-05,1,18-44,7690.0000,0.5447,0.4726,0.6321
126,2019-01-05,1,45-64,5194.0000,0.5439,0.4701,0.6312
126,2019-01-05,1,65+,1536.0000,0.5467,0.4733,0.6333
127,2019-01-06,2,0-5,1868.0000,0.9459,0.8013,1.1177
127,2019-01-06,2,6-11,1859.0000,1.0102,0.8644,1.1808
127,2019-01-06,2,12-17,807.0000,0.8006,0.6914,0.9250
127,2019-01-06,2,18-44,3769.0000,0.5506,0.4754,0.6379
127,2019-01-06,2,45-64,2030.0000,0.5483,0.4705,0.6386
127,2019-01-06,2,65+,583.0000,0.5560,0.4782,0.6434
128,2019-01-07,2,0-5,3006.0000,0.9609,0.8079,1.1411
128,2019-01-07,2,6-11,3507.0000,1.0157,0.8695,1.1887
128,2019-01-07,2,12-17,1961.0000,0.7754,0.6682,0.8960
128,2019-01-07,2,18-44,9627.0000,0.5418,0.4662,0.6292
128,2019-01-07,2,45-64,7100.0000,0.5343,0.4582,0.6253
128,2019-01-07,2,65+,2506.0000,0.5412,0.4668,0.6296
129,2019-01-08,2,0-5,2070.0000,0.9759,0.8163,1.1636
129,2019-01-08,2,6-11,2201.0000,1.0227,0.8771,1.2023
129,2019-01-08,2,12-17,1127.0000,0.7515,0.6487,0.8724
129,2019-01-08,2,18-44,6183.0000,0.5322,0.4578,0.6213
129,2019-01-08,2,45-64,3882.0000,0.5206,0.4469,0.6125
129,2019-01-08,2,65+,1361.0000,0.5303,0.4558,0.6167
130,2019-01-09,2,0-5,1928.0000,0.9887,0.8294,1.1773
130,2019-01-09,2,6-11,1796.0000,1.0308,0.8852,1.2075
130,2019-01-09,2,12-17,897.0000,0.7342,0.6343,0.8474
130,2019-01-09,2,18-44,5523.0000,0.5270,0.4541,0.6111
130,2019-01-09,2,45-64,3705.0000,0.5140,0.4386,0.5975
130,2019-01-09,2,65+,1193.0000,0.5256,0.4515,0.6123
131,2019-01-10,2,0-5,2055.0000,0.9869,0.8319,1.1713
131,2019-01-10,2,6-11,1907.0000,1.0335,0.8798,1.2134
131,2019-01-10,2,12-17,806.0000,0.7239,0.6251,0.8338
131,2019-01-10,2,18-44,4892.0000,0.5216,0.4492,0.6052
131,2019-01-10,2,45-64,3425.0000,0.5075,0.4336,0.5916
131,2019-01-10,2,65+,1301.0000,0.5210,0.4485,0.6029
132,2019-01-11,2,0-5,2159.0000,0.9801,0.8282,1.1621
132,2019-01-11,2,6-11,2001.0000,1.0331,0.8797,1.2133
132,2019-01-11,2,12-17,734.0000,0.7181,0.6214,0.8297
132,2019-01-11,2,18-44,4357.0000,0.5185,0.4489,0.6005
132,2019-01-11,2,45-64,3237.0000,0.5050,0.4331,0.5881
132,2019-01-11,2,65+,1273.0000,0.5192,0.4469,0.6004
133,2019-01-12,2,0-5,2034.0000,0.9607,0.8065,1.1397
133,2019-01-12,2,6-11,1836.0000,1.0161,0.8696,1.1824
133,2019-01-12,2,12-17,580.0000,0.7120,0.6154,0.8253
133,2019-01-12,2,18-44,3490.0000,0.5142,0.4455,0.5913
133,2019-01-12,2,45-64,2541.0000,0.5033,0.4323,0.5868
133,2019-01-12,2,65+,888.0000,0.5213,0.4463,0.6077
134,2019-01-13,3,0-5,1489.0000,0.9353,0.7822,1.1188
134,2019-01-13,3,6-11,1155.0000,1.0001,0.8514,1.1706
134,2019-01-13,3,12-17,274.0000,0.7027,0.6087,0.8154
134,2019-01-13,3,18-44,1643.0000,0.5049,0.4361,0.5842
134,2019-01-13,3,45-64,974.0000,0.4947,0.4248,0.5792
134,2019-01-13,3,65+,348.0000,0.5172,0.4403,0.6079
135,2019-01-14,3,0-5,2556.0000,0.9019,0.7525,1.0858
135,2019-01-14,3,6-11,2190.0000,0.9679,0.8225,1.1433
135,2019-01-14,3,12-17,658.0000,0.6799,0.5868,0.7885
135,2019-01-14,3,18-44,4483.0000,0.4901,0.4191,0.5734
135,2019-01-14,3,45-64,3455.0000,0.4800,0.4087,0.5657
135,2019-01-14,3,65+,1365.0000,0.5031,0.4265,0.5863
136,2019-01-15,3,0-5,1574.0000,0.8776,0.7402,1.0544
136,2019-01-15,3,6-11,1340.0000,0.9485,0.8110,1.1168
136,2019-01-15,3,12-17,403.0000,0.6661,0.5763,0.7707
136,2019-01-15,3,18-44,2901.0000,0.4761,0.4106,0.5515
136,2019-01-15,3,45-64,1885.0000,0.4676,0.3994,0.5484
136,2019-01-15,3,65+,786.0000,0.4910,0.4171,0.5718
137,2019-01-16,3,0-5,1281.0000,0.8844,0.7446,1.0538
137,2019-01-16,3,6-11,1039.0000,0.9548,0.8148,1.1302
137,2019-01-16,3,12-17,348.0000,0.6675,0.5755,0.7706
137,2019-01-16,3,18-44,2410.0000,0.4767,0.4100,0.5476
137,2019-01-16,3,45-64,1570.0000,0.4676,0.3975,0.5426
137,2019-01-16,3,65+,618.0000,0.4913,0.4171,0.5713
138,2019-01-17,3,0-5,1274.0000,0.9051,0.7622,1.0806
138,2019-01-17,3,6-11,1043.0000,0.9833,0.8398,1.1503
138,2019-01-17,3,12-17,255.0000,0.6897,0.5960,0.7949
138,2019-01-17,3,18-44,2130.0000,0.4881,0.4207,0.5654
138,2019-01-17,3,45-64,1461.0000,0.4789,0.4077,0.5596
138,2019-01-17,3,65+,618.0000,0.5027,0.4302,0.5864
139,2019-01-18,3,0-5,1198.0000,0.9368,0.7880,1.1201
139,2019-01-18,3,6-11,969.0000,1.0244,0.8776,1.1993
139,2019-01-18,3,12-17,225.0000,0.7294,0.6353,0.8435
139,2019-01-18,3,18-44,1904.0000,0.5085,0.4448,0.5880
139,2019-01-18,3,45-64,1421.0000,0.4985,0.4333,0.5796
139,2019-01-18,3,65+,582.0000,0.5271,0.4587,0.6054
140,2019-01-19,3,0-5,1096.0000,0.9724,0.8190,1.1617
140,2019-01-19,3,6-11,930.0000,1.0735,0.9156,1.2567
140,2019-01-19,3,12-17,194.0000,0.7852,0.6810,0.9054
140,2019-01-19,3,18-44,1566.0000,0.5360,0.4667,0.6287
140,2019-01-19,3,45-64,1025.0000,0.5288,0.4554,0.6193
140,2019-01-19,3,65+,422.0000,0.5607,0.4822,0.6614
141,2019-01-20,4,0-5,816.0000,0.9998,0.8404,1.1917
141,2019-01-20,4,6-11,613.0000,1.1140,0.9491,1.3008
141,2019-01-20,4,12-17,93.0000,0.8341,0.7210,0.9723
141,2019-01-20,4,18-44,746.0000,0.5587,0.4880,0.6455
141,2019-01-20,4,45-64,414.0000,0.5521,0.4766,0.6451
141,2019-01-20,4,65+,160.0000,0.5819,0.5028,0.6870
142,2019-01-21,4,0-5,1438.0000,1.0099,0.8455,1.2015
142,2019-01-21,4,6-11,1182.0000,1.1302,0.9641,1.3228
142,2019-01-21,4,12-17,248.0000,0.8587,0.7400,0.9951
142,2019-01-21,4,18-44,2097.0000,0.5699,0.4904,0.6628
142,2019-01-21,4,45-64,1477.0000,0.5631,0.4821,0.6566
142,2019-01-21,4,65+,675.0000,0.5955,0.5077,0.7005
143,2019-01-22,4,0-5,951.0000,1.0228,0.8562,1.2128
143,2019-01-22,4,6-11,801.0000,1.1428,0.9769,1.3401
143,2019-01-22,4,12-17,210.0000,0.8646,0.7467,1.0026
143,2019-01-22,4,18-44,1435.0000,0.5752,0.4971,0.6645
143,2019-01-22,4,45-64,840.0000,0.5682,0.4883,0.6567
143,2019-01-22,4,65+,410.0000,0.6000,0.5155,0.7040
144,2019-01-23,4,0-5,745.0000,1.0463,0.8838,1.2409
144,2019-01-23,4,6-11,609.0000,1.1735,1.0060,1.3761
144,2019-01-23,4,12-17,178.0000,0.8780,0.7607,1.0056
144,2019-01-23,4,18-44,1392.0000,0.5848,0.5063,0.6664
144,2019-01-23,4,45-64,837.0000,0.5737,0.4958,0.6574
144,2019-01-23,4,65+,380.0000,0.6084,0.5276,0.6874
145,2019-01-24,4,0-5,778.0000,1.0910,0.9239,1.2913
145,2019-01-24,4,6-11,665.0000,1.2278,1.0501,1.4324
145,2019-01-24,4,12-17,162.0000,0.9049,0.7889,1.0417
145,2019-01-24,4,18-44,1195.0000,0.6045,0.5284,0.6914
145,2019-01-24,4,45-64,750.0000,0.5911,0.5145,0.6817
145,2019-01-24,4,65+,371.0000,0.6244,0.5381,0.7177
146,2019-01-25,4,0-5,763.0000,1.1441,0.9735,1.3585
146,2019-01-25,4,6-11,583.0000,1.3010,1.1151,1.5085
146,2019-01-25,4,12-17,157.0000,0.9496,0.8279,1.0852
146,2019-01-25,4,18-44,1174.0000,0.6348,0.5550,0.7308
146,2019-01-25,4,45-64,716.0000,0.6215,0.5392,0.7172
146,2019-01-25,4,65+,366.0000,0.6562,0.5671,0.7546
147,2019-01-26,4,0-5,665.0000,1.2089,1.0232,1.4383
147,2019-01-26,4,6-11,588.0000,1.3723,1.1792,1.6004
147,2019-01-26,4,12-17,126.0000,1.0088,0.8767,1.1648
147,2019-01-26,4,18-44,896.0000,0.6718,0.5881,0.7842
147,2019-01-26,4,45-64,543.0000,0.6572,0.5693,0.7659
147,2019-01-26,4,65+,266.0000,0.6901,0.5948,0.8092
148,2019-01-27,5,0-5,545.0000,1.2473,1.0492,1.4833
148,2019-01-27,5,6-11,422.0000,1.4090,1.2047,1.6435
148,2019-01-27,5,12-17,67.0000,1.0541,0.9095,1.2245
148,2019-01-27,5,18-44,498.0000,0.6969,0.6020,0.7970
148,2019-01-27,5,45-64,238.0000,0.6778,0.5807,0.7836
148,2019-01-27,5,65+,97.0000,0.7047,0.6062,0.8227
149,2019-01-28,5,0-5,877.0000,1.2260,1.0374,1.4660
149,2019-01-28,5,6-11,854.0000,1.3828,1.1842,1.6077
149,2019-01-28,5,12-17,173.0000,1.0297,0.8920,1.1909
149,2019-01-28,5,18-44,1369.0000,0.6763,0.5859,0.7781
149,2019-01-28,5,45-64,934.0000,0.6544,0.5624,0.7523
149,2019-01-28,5,65+,419.0000,0.6740,0.5802,0.7775
150,2019-01-29,5,0-5,668.0000,1.1851,1.0006,1.3998
150,2019-01-29,5,6-11,621.0000,1.3221,1.1310,1.5455
150,2019-01-29,5,12-17,147.0000,0.9760,0.8483,1.1301
150,2019-01-29,5,18-44,1126.0000,0.6364,0.5532,0.7301
150,2019-01-29,5,45-64,558.0000,0.6111,0.5291,0.7056
150,2019-01-29,5,65+,293.0000,0.6280,0.5431,0.7284
151,2019-01-30,5,0-5,608.0000,1.1257,0.9531,1.3446
151,2019-01-30,5,6-11,505.0000,1.2475,1.0632,1.4632
151,2019-01-30,5,12-17,166.0000,0.9181,0.7910,1.0644
151,2019-01-30,5,18-44,1081.0000,0.5918,0.5135,0.6830
151,2019-01-30,5,45-64,535.0000,0.5656,0.4849,0.6572
151,2019-01-30,5,65+,278.0000,0.5810,0.4954,0.6811
152,2019-01-31,5,0-5,590.0000,1.0675,0.8940,1.2782
152,2019-01-31,5,6-11,523.0000,1.1729,1.0072,1.3865
152,2019-01-31,5,12-17,117.0000,0.8638,0.7405,1.0020
152,2019-01-31,5,18-44,977.0000,0.5534,0.4796,0.6382
152,2019-01-31,5,45-64,544.0000,0.5253,0.4500,0.6104
152,2019-01-31,5,65+,267.0000,0.5403,0.4647,0.6300
153,2019-02-01,5,0-5,745.0000,1.0169,0.8510,1.2145
153,2019-02-01,5,6-11,599.0000,1.1161,0.9509,1.3184
153,2019-02-01,5,12-17,140.0000,0.8293,0.7101,0.9657
153,2019-02-01,5,18-44,965.0000,0.5303,0.4595,0.6111
153,2019-02-01,5,45-64,595.0000,0.5023,0.4311,0.5812
153,2019-02-01,5,65+,262.0000,0.5197,0.4501,0.5950
154,2019-02-02,5,0-5,658.0000,0.9890,0.8300,1.1818
154,2019-02-02,5,6-11,665.0000,1.0797,0.9195,1.2694
154,2019-02-02,5,12-17,152.0000,0.8271,0.7103,0.9622
154,2019-02-02,5,18-44,830.0000,0.5275,0.4546,0.6135
154,2019-02-02,5,45-64,503.0000,0.5033,0.4310,0.5835
154,2019-02-02,5,65+,213.0000,0.5242,0.4534,0.6094
155,2019-02-03,6,0-5,524.0000,0.9941,0.8413,1.1828
155,2019-02-03,6,6-11,477.0000,1.0859,0.9368,1.2684
155,2019-02-03,6,12-17,99.0000,0.8698,0.7503,1.0088
155,2019-02-03,6,18-44,535.0000,0.5522,0.4809,0.6363
155,2019-02-03,6,45-64,260.0000,0.5348,0.4637,0.6145
155,2019-02-03,6,65+,91.0000,0.5649,0.4850,0.6560
156,2019-02-04,6,0-5,592.0000,1.0265,0.8652,1.2187
156,2019-02-04,6,6-11,513.0000,1.1294,0.9712,1.3187
156,2019-02-04,6,12-17,92.0000,0.9429,0.8135,1.0905
156,2019-02-04,6,18-44,573.0000,0.5938,0.5168,0.6883
156,2019-02-04,6,45-64,315.0000,0.5821,0.5050,0.6715
156,2019-02-04,6,65+,169.0000,0.6149,0.5344,0.7294
157,2019-02-05,6,0-5,326.0000,1.0733,0.9023,1.2742
157,2019-02-05,6,6-11,273.0000,1.1852,1.0196,1.3856
157,2019-02-05,6,12-17,64.0000,1.0159,0.8734,1.1797
157,2019-02-05,6,18-44,463.0000,0.6352,0.5485,0.7349
157,2019-02-05,6,45-64,216.0000,0.6257,0.5395,0.7252
157,2019-02-05,6,65+,117.0000,0.6669,0.5705,0.7745
158,2019-02-06,6,0-5,501.0000,1.1121,0.9360,1.3120
158,2019-02-06,6,6-11,390.0000,1.2224,1.0437,1.4332
158,2019-02-06,6,12-17,97.0000,1.0490,0.9015,1.2216
158,2019-02-06,6,18-44,711.0000,0.6542,0.5629,0.7568
158,2019-02-06,6,45-64,309.0000,0.6418,0.5528,0.7443
158,2019-02-06,6,65+,121.0000,0.6831,0.5820,0.7965
159,2019-02-07,6,0-5,492.0000,1.1271,0.9485,1.3389
159,2019-02-07,6,6-11,452.0000,1.2350,1.0579,1.4354
159,2019-02-07,6,12-17,156.0000,1.0392,0.8918,1.2088
159,2019-02-07,6,18-44,1058.0000,0.6483,0.5587,0.7521
159,2019-02-07,6,45-64,543.0000,0.6316,0.5430,0.7320
159,2019-02-07,6,65+,324.0000,0.6712,0.5748,0.7863
160,2019-02-08,6,0-5,397.0000,1.1656,0.9835,1.3953
160,2019-02-08,6,6-11,318.0000,1.2737,1.0968,1.4822
160,2019-02-08,6,12-17,126.0000,1.0349,0.8897,1.1968
160,2019-02-08,6,18-44,753.0000,0.6511,0.5648,0.7457
160,2019-02-08,6,45-64,378.0000,0.6250,0.5423,0.7199
160,2019-02-08,6,65+,202.0000,0.6628,0.5719,0.7693
161,2019-02-09,6,0-5,337.0000,1.2386,1.0446,1.4652
161,2019-02-09,6,6-11,289.0000,1.3499,1.1525,1.5740
161,2019-02-09,6,12-17,117.0000,1.0578,0.9161,1.2196
161,2019-02-09,6,18-44,643.0000,0.6705,0.5809,0.7747
161,2019-02-09,6,45-64,328.0000,0.6371,0.5532,0.7328
161,2019-02-09,6,65+,142.0000,0.6785,0.5836,0.7843
162,2019-02-10,7,0-5,259.0000,1.3214,1.1145,1.5594
162,2019-02-10,7,6-11,207.0000,1.4412,1.2345,1.6823
162,2019-02-10,7,12-17,34.0000,1.0999,0.9477,1.2808
162,2019-02-10,7,18-44,323.0000,0.7006,0.6063,0.8107
162,2019-02-10,7,45-64,104.0000,0.6591,0.5699,0.7617
162,2019-02-10,7,65+,47.0000,0.6999,0.6042,0.8122
163,2019-02-11,7,0-5,479.0000,1.3964,1.1692,1.6517
163,2019-02-11,7,6-11,382.0000,1.5144,1.2984,1.7719
163,2019-02-11,7,12-17,137.0000,1.1261,0.9701,1.3087
163,2019-02-11,7,18-44,774.0000,0.7199,0.6267,0.8324
163,2019-02-11,7,45-64,374.0000,0.6692,0.5791,0.7717
163,2019-02-11,7,65+,238.0000,0.7031,0.6047,0.8185
164,2019-02-12,7,0-5,359.0000,1.4617,1.2274,1.7268
164,2019-02-12,7,6-11,336.0000,1.5729,1.3512,1.8491
164,2019-02-12,7,12-17,93.0000,1.1361,0.9814,1.3179
164,2019-02-12,7,18-44,580.0000,0.7314,0.6374,0.8478
164,2019-02-12,7,45-64,262.0000,0.6697,0.5811,0.7751
164,2019-02-12,7,65+,141.0000,0.6956,0.5987,0.8069
165,2019-02-13,7,0-5,354.0000,1.5181,1.2756,1.8001
165,2019-02-13,7,6-11,308.0000,1.6369,1.4037,1.9148
165,2019-02-13,7,12-17,105.0000,1.1454,0.9835,1.3262
165,2019-02-13,7,18-44,598.0000,0.7422,0.6452,0.8597
165,2019-02-13,7,45-64,288.0000,0.6704,0.5805,0.7758
165,2019-02-13,7,65+,169.0000,0.6890,0.5912,0.8024
166,2019-02-14,7,0-5,410.0000,1.5561,1.3083,1.8475
166,2019-02-14,7,6-11,293.0000,1.6965,1.4453,1.9869
166,2019-02-14,7,12-17,102.0000,1.1565,0.9939,1.3380
166,2019-02-14,7,18-44,568.0000,0.7530,0.6521,0.8673
166,2019-02-14,7,45-64,274.0000,0.6727,0.5807,0.7764
166,2019-02-14,7,65+,164.0000,0.6848,0.5886,0.7900
167,2019-02-15,7,0-5,485.0000,1.5686,1.3196,1.8581
167,2019-02-15,7,6-11,388.0000,1.7330,1.4789,2.0205
167,2019-02-15,7,12-17,108.0000,1.1627,1.0045,1.3467
167,2019-02-15,7,18-44,651.0000,0.7591,0.6588,0.8725
167,2019-02-15,7,45-64,292.0000,0.6775,0.5859,0.7819
167,2019-02-15,7,65+,156.0000,0.6903,0.5967,0.7998
168,2019-02-16,7,0-5,505.0000,1.5714,1.3307,1.8502
168,2019-02-16,7,6-11,420.0000,1.7484,1.4988,2.0344
168,2019-02-16,7,12-17,107.0000,1.1784,1.0194,1.3669
168,2019-02-16,7,18-44,521.0000,0.7701,0.6717,0.8783
168,2019-02-16,7,45-64,214.0000,0.6905,0.6010,0.7916
168,2019-02-16,7,65+,99.0000,0.7049,0.6110,0.8140
169,2019-02-17,8,0-5,370.0000,1.5485,1.3020,1.8400
169,2019-02-17,8,6-11,297.0000,1.7317,1.4889,2.0148
169,2019-02-17,8,12-17,59.0000,1.1799,1.0257,1.3614
169,2019-02-17,8,18-44,326.0000,0.7700,0.6710,0.8842
169,2019-02-17,8,45-64,106.0000,0.6963,0.6038,0.8027
169,2019-02-17,8,65+,41.0000,0.7126,0.6144,0.8294
170,2019-02-18,8,0-5,779.0000,1.4814,1.2398,1.7603
170,2019-02-18,8,6-11,662.0000,1.6510,1.4049,1.9256
170,2019-02-18,8,12-17,144.0000,1.1397,0.9759,1.3401
170,2019-02-18,8,18-44,854.0000,0.7386,0.6421,0.8505
170,2019-02-18,8,45-64,363.0000,0.6710,0.5816,0.7738
170,2019-02-18,8,65+,204.0000,0.6856,0.5913,0.7991
171,2019-02-19,8,0-5,511.0000,1.4189,1.1922,1.6947
171,2019-02-19,8,6-11,498.0000,1.5669,1.3383,1.8266
171,2019-02-19,8,12-17,101.0000,1.0720,0.9064,1.2691
171,2019-02-19,8,18-44,670.0000,0.7015,0.6086,0.8017
171,2019-02-19,8,45-64,241.0000,0.6364,0.5507,0.7307
171,2019-02-19,8,65+,119.0000,0.6488,0.5599,0.7513
172,2019-02-20,8,0-5,535.0000,1.3745,1.1562,1.6339
172,2019-02-20,8,6-11,441.0000,1.4949,1.2838,1.7486
172,2019-02-20,8,12-17,115.0000,1.0242,0.8479,1.2334
172,2019-02-20,8,18-44,732.0000,0.6677,0.5804,0.7676
172,2019-02-20,8,45-64,295.0000,0.6026,0.5219,0.6948
172,2019-02-20,8,65+,170.0000,0.6125,0.5286,0.7108
173,2019-02-21,8,0-5,566.0000,1.3516,1.1386,1.6062
173,2019-02-21,8,6-11,481.0000,1.4482,1.2328,1.6956
173,2019-02-21,8,12-17,110.0000,0.9866,0.8702,1.1446
173,2019-02-21,8,18-44,680.0000,0.6462,0.5646,0.7481
173,2019-02-21,8,45-64,271.0000,0.5783,0.5043,0.6674
173,2019-02-21,8,65+,133.0000,0.5860,0.5087,0.6769
174,2019-02-22,8,0-5,567.0000,1.3344,1.1241,1.5957
174,2019-02-22,8,6-11,556.0000,1.4054,1.1977,1.6545
174,2019-02-22,8,12-17,128.0000,0.9782,0.8564,1.1351
174,2019-02-22,8,18-44,702.0000,0.6376,0.5563,0.7327
174,2019-02-22,8,45-64,315.0000,0.5664,0.4930,0.6519
174,2019-02-22,8,65+,131.0000,0.5703,0.4935,0.6600
175,2019-02-23,8,0-5,645.0000,1.3011,1.0995,1.5362
175,2019-02-23,8,6-11,548.0000,1.3572,1.1599,1.6024
175,2019-02-23,8,12-17,102.0000,0.9708,0.8342,1.0965
175,2019-02-23,8,18-44,601.0000,0.6354,0.5542,0.7276
175,2019-02-23,8,45-64,256.0000,0.5665,0.4934,0.6475
175,2019-02-23,8,65+,128.0000,0.5699,0.4951,0.6554
176,2019-02-24,9,0-5,454.0000,1.2578,1.0549,1.5021
176,2019-02-24,9,6-11,353.0000,1.3132,1.1241,1.5394
176,2019-02-24,9,12-17,46.0000,0.9604,0.8433,1.0967
176,2019-02-24,9,18-44,364.0000,0.6314,0.5473,0.7302
176,2019-02-24,9,45-64,111.0000,0.5656,0.4912,0.6515
176,2019-02-24,9,65+,55.0000,0.5693,0.4926,0.6551
177,2019-02-25,9,0-5,916.0000,1.1936,1.0010,1.4179
177,2019-02-25,9,6-11,737.0000,1.2460,1.0645,1.4723
177,2019-02-25,9,12-17,146.0000,0.9571,0.8231,1.0923
177,2019-02-25,9,18-44,1046.0000,0.6143,0.5283,0.7173
177,2019-02-25,9,45-64,379.0000,0.5545,0.4784,0.6432
177,2019-02-25,9,65+,190.0000,0.5562,0.4779,0.6478
178,2019-02-26,9,0-5,664.0000,1.1278,0.9529,1.3368
178,2019-02-26,9,6-11,560.0000,1.1851,1.0152,1.3853
178,2019-02-26,9,12-17,112.0000,0.9196,0.8065,1.0479
178,2019-02-26,9,18-44,737.0000,0.5922,0.5100,0.6861
178,2019-02-26,9,45-64,274.0000,0.5393,0.4639,0.6205
178,2019-02-26,9,65+,125.0000,0.5426,0.4654,0.6296
179,2019-02-27,9,0-5,597.0000,1.1013,0.9277,1.2989
179,2019-02-27,9,6-11,517.0000,1.1671,0.9940,1.3656
179,2019-02-27,9,12-17,138.0000,0.9187,0.8017,1.0932
179,2019-02-27,9,18-44,863.0000,0.5851,0.5082,0.6779
179,2019-02-27,9,45-64,267.0000,0.5354,0.4639,0.6161
179,2019-02-27,9,65+,127.0000,0.5387,0.4636,0.6236
180,2019-02-28,9,0-5,644.0000,1.1064,0.9342,1.3112
180,2019-02-28,9,6-11,448.0000,1.2002,1.0256,1.3986
180,2019-02-28,9,12-17,103.0000,0.9763,0.8402,1.1198
180,2019-02-28,9,18-44,813.0000,0.6024,0.5210,0.7013
180,2019-02-28,9,45-64,283.0000,0.5528,0.4791,0.6400
180,2019-02-28,9,65+,140.0000,0.5534,0.4787,0.6453
181,2019-03-01,9,0-5,373.0000,1.1606,0.9857,1.3712
181,2019-03-01,9,6-11,264.0000,1.2856,1.0992,1.4985
181,2019-03-01,9,12-17,54.0000,1.0954,0.9205,1.2486
181,2019-03-01,9,18-44,469.0000,0.6439,0.5589,0.7502
181,2019-03-01,9,45-64,109.0000,0.5945,0.5171,0.6858
181,2019-03-01,9,65+,76.0000,0.5920,0.5124,0.6853
182,2019-03-02,9,0-5,582.0000,1.2306,1.0412,1.4549
182,2019-03-02,9,6-11,446.0000,1.3890,1.1912,1.6510
182,2019-03-02,9,12-17,121.0000,1.2402,1.0576,1.4054
182,2019-03-02,9,18-44,832.0000,0.6940,0.6001,0.8073
182,2019-03-02,9,45-64,299.0000,0.6441,0.5601,0.7438
182,2019-03-02,9,65+,133.0000,0.6374,0.5516,0.7352
183,2019-03-03,10,0-5,391.0000,1.3115,1.1014,1.5556
183,2019-03-03,10,6-11,272.0000,1.5118,1.2973,1.7614
183,2019-03-03,10,12-17,53.0000,1.4006,1.2113,1.7153
183,2019-03-03,10,18-44,433.0000,0.7388,0.6385,0.8544
183,2019-03-03,10,45-64,113.0000,0.6838,0.5921,0.7876
183,2019-03-03,10,65+,56.0000,0.6692,0.5768,0.7710
184,2019-03-04,10,0-5,599.0000,1.3717,1.1602,1.6272
184,2019-03-04,10,6-11,475.0000,1.6123,1.3810,1.8936
184,2019-03-04,10,12-17,146.0000,1.5622,1.3397,1.8358
184,2019-03-04,10,18-44,1067.0000,0.7568,0.6541,0.8786
184,2019-03-04,10,45-64,371.0000,0.6935,0.6009,0.7987
184,2019-03-04,10,65+,178.0000,0.6674,0.5774,0.7714
185,2019-03-05,10,0-5,377.0000,1.4643,1.2363,1.7303
185,2019-03-05,10,6-11,392.0000,1.7429,1.4913,2.0337
185,2019-03-05,10,12-17,174.0000,1.6967,1.4570,1.9920
185,2019-03-05,10,18-44,736.0000,0.7730,0.6716,0.8993
185,2019-03-05,10,45-64,259.0000,0.6940,0.6042,0.8000
185,2019-03-05,10,65+,126.0000,0.6576,0.5710,0.7582
186,2019-03-06,10,0-5,418.0000,1.5561,1.3127,1.8477
186,2019-03-06,10,6-11,354.0000,1.8758,1.6025,2.1774
186,2019-03-06,10,12-17,195.0000,1.7870,1.5436,2.1023
186,2019-03-06,10,18-44,858.0000,0.7832,0.6825,0.9090
186,2019-03-06,10,45-64,277.0000,0.6867,0.5995,0.7895
186,2019-03-06,10,65+,125.0000,0.6413,0.5587,0.7374
187,2019-03-07,10,0-5,475.0000,1.6406,1.3777,1.9599
187,2019-03-07,10,6-11,397.0000,2.0168,1.7076,2.3853
187,2019-03-07,10,12-17,231.0000,1.8874,1.6049,2.2156
187,2019-03-07,10,18-44,760.0000,0.7990,0.6998,0.9292
187,2019-03-07,10,45-64,267.0000,0.6848,0.6006,0.7876
187,2019-03-07,10,65+,134.0000,0.6292,0.5484,0.7209
188,2019-03-08,10,0-5,596.0000,1.7019,1.4334,2.0194
188,2019-03-08,10,6-11,585.0000,2.1485,1.8425,2.4936
188,2019-03-08,10,12-17,313.0000,1.9588,1.6636,2.3695
188,2019-03-08,10,18-44,751.0000,0.8203,0.7170,0.9402
188,2019-03-08,10,45-64,259.0000,0.6908,0.6064,0.7866
188,2019-03-08,10,65+,121.0000,0.6261,0.5504,0.7167
189,2019-03-09,10,0-5,631.0000,1.7413,1.4579,2.0689
189,2019-03-09,10,6-11,650.0000,2.2508,1.9135,2.5996
189,2019-03-09,10,12-17,362.0000,2.0458,1.7448,2.4258
189,2019-03-09,10,18-44,658.0000,0.8425,0.7359,0.9637
189,2019-03-09,10,45-64,192.0000,0.7029,0.6177,0.8004
189,2019-03-09,10,65+,92.0000,0.6311,0.5525,0.7217
190,2019-03-10,11,0-5,505.0000,1.7196,1.4523,2.0344
190,2019-03-10,11,6-11,461.0000,2.2469,1.9216,2.6414
190,2019-03-10,11,12-17,234.0000,2.1005,1.7699,2.4965
190,2019-03-10,11,18-44,444.0000,0.8387,0.7372,0.9712
190,2019-03-10,11,45-64,90.0000,0.6993,0.6160,0.8028
190,2019-03-10,11,65+,37.0000,0.6238,0.5467,0.7166
191,2019-03-11,11,0-5,1009.0000,1.6435,1.3822,1.9539
191,2019-03-11,11,6-11,1376.0000,2.1304,1.7916,2.5250
191,2019-03-11,11,12-17,683.0000,2.0251,1.7145,2.5720
191,2019-03-11,11,18-44,1163.0000,0.7989,0.7006,0.9252
191,2019-03-11,11,45-64,343.0000,0.6637,0.5832,0.7637
191,2019-03-11,11,65+,179.0000,0.5875,0.5144,0.6763
192,2019-03-12,11,0-5,855.0000,1.5539,1.3104,1.8294
192,2019-03-12,11,6-11,1214.0000,2.0041,1.7126,2.3272
192,2019-03-12,11,12-17,775.0000,1.9102,1.6255,2.3051
192,2019-03-12,11,18-44,1058.0000,0.7440,0.6526,0.8522
192,2019-03-12,11,45-64,244.0000,0.6146,0.5413,0.6995
192,2019-03-12,11,65+,117.0000,0.5426,0.4786,0.6164
193,2019-03-13,11,0-5,788.0000,1.4931,1.2617,1.7700
193,2019-03-13,11,6-11,1135.0000,1.9234,1.6386,2.3052
193,2019-03-13,11,12-17,824.0000,1.8228,1.5230,2.1504
193,2019-03-13,11,18-44,1139.0000,0.7014,0.6154,0.8024
193,2019-03-13,11,45-64,242.0000,0.5743,0.5060,0.6522
193,2019-03-13,11,65+,126.0000,0.5049,0.4454,0.5750
194,2019-03-14,11,0-5,893.0000,1.4783,1.2489,1.7536
194,2019-03-14,11,6-11,1241.0000,1.9007,1.6278,2.2224
194,2019-03-14,11,12-17,952.0000,1.7598,1.4515,2.0975
194,2019-03-14,11,18-44,1212.0000,0.6805,0.5979,0.7763
194,2019-03-14,11,45-64,237.0000,0.5519,0.4863,0.6270
194,2019-03-14,11,65+,128.0000,0.4829,0.4253,0.5488
195,2019-03-15,11,0-5,977.0000,1.4922,1.2594,1.7739
195,2019-03-15,11,6-11,1522.0000,1.9360,1.6425,2.3231
195,2019-03-15,11,12-17,1141.0000,1.7536,1.4990,2.0663
195,2019-03-15,11,18-44,1259.0000,0.6818,0.6020,0.7725
195,2019-03-15,11,45-64,308.0000,0.5481,0.4863,0.6184
195,2019-03-15,11,65+,157.0000,0.4761,0.4215,0.5388
196,2019-03-16,11,0-5,958.0000,1.5180,1.2703,1.8078
196,2019-03-16,11,6-11,1503.0000,1.9618,1.6681,2.3146
196,2019-03-16,11,12-17,1090.0000,1.8033,1.4925,2.1241
196,2019-03-16,11,18-44,1157.0000,0.6947,0.6084,0.7934
196,2019-03-16,11,45-64,254.0000,0.5573,0.4910,0.6333
196,2019-03-16,11,65+,115.0000,0.4799,0.4234,0.5465
197,2019-03-17,12,0-5,886.0000,1.4968,1.2517,1.7791
197,2019-03-17,12,6-11,1276.0000,1.9281,1.6192,2.3137
197,2019-03-17,12,12-17,720.0000,1.7899,1.4560,2.1339
197,2019-03-17,12,18-44,773.0000,0.6906,0.6046,0.7953
197,2019-03-17,12,45-64,139.0000,0.5548,0.4873,0.6339
197,2019-03-17,12,65+,58.0000,0.4757,0.4188,0.5407
198,2019-03-18,12,0-5,1966.0000,1.3995,1.1766,1.6639
198,2019-03-18,12,6-11,3766.0000,1.7901,1.5131,2.1281
198,2019-03-18,12,12-17,2701.0000,1.6504,1.3336,1.9900
198,2019-03-18,12,18-44,2328.0000,0.6490,0.5693,0.7469
198,2019-03-18,12,45-64,507.0000,0.5204,0.4574,0.5950
198,2019-03-18,12,65+,246.0000,0.4455,0.3929,0.5098
199,2019-03-19,12,0-5,1527.0000,1.3156,1.1015,1.5660
199,2019-03-19,12,6-11,2980.0000,1.6706,1.4100,1.9760
199,2019-03-19,12,12-17,2316.0000,1.5364,1.2793,1.8239
199,2019-03-19,12,18-44,1978.0000,0.6062,0.5304,0.6952
199,2019-03-19,12,45-64,385.0000,0.4836,0.4253,0.5503
199,2019-03-19,12,65+,177.0000,0.4123,0.3642,0.4674
200,2019-03-20,12,0-5,1416.0000,1.2637,1.0663,1.4979
200,2019-03-20,12,6-11,2590.0000,1.5949,1.3454,1.8977
200,2019-03-20,12,12-17,2148.0000,1.4372,1.1821,1.7307
200,2019-03-20,12,18-44,2218.0000,0.5719,0.4995,0.6578
200,2019-03-20,12,45-64,431.0000,0.4520,0.3961,0.5166
200,2019-03-20,12,65+,165.0000,0.3858,0.3398,0.4392
201,2019-03-21,12,0-5,1466.0000,1.2436,1.0502,1.4813
201,2019-03-21,12,6-11,2650.0000,1.5748,1.3356,1.8562
201,2019-03-21,12,12-17,2347.0000,1.3741,1.1427,1.6957
201,2019-03-21,12,18-44,2445.0000,0.5557,0.4848,0.6352
201,2019-03-21,12,45-64,442.0000,0.4356,0.3816,0.4959
201,2019-03-21,12,65+,204.0000,0.3725,0.3276,0.4238
202,2019-03-22,12,0-5,1674.0000,1.2585,1.0634,1.4854
202,2019-03-22,12,6-11,3190.0000,1.6062,1.3556,1.8870
202,2019-03-22,12,12-17,2416.0000,1.3828,1.1618,1.7386
202,2019-03-22,12,18-44,2335.0000,0.5624,0.4926,0.6402
202,2019-03-22,12,45-64,479.0000,0.4391,0.3860,0.4986
202,2019-03-22,12,65+,210.0000,0.3733,0.3303,0.4209
203,2019-03-23,12,0-5,1696.0000,1.2957,1.0896,1.5338
203,2019-03-23,12,6-11,3112.0000,1.6490,1.3926,1.9569
203,2019-03-23,12,12-17,2267.0000,1.4326,1.1902,1.7197
203,2019-03-23,12,18-44,2131.0000,0.5835,0.5054,0.6689
203,2019-03-23,12,45-64,374.0000,0.4564,0.3976,0.5202
203,2019-03-23,12,65+,156.0000,0.3852,0.3394,0.4364
204,2019-03-24,13,0-5,1198.0000,1.3050,1.0860,1.5615
204,2019-03-24,13,6-11,2080.0000,1.6628,1.4075,1.9636
204,2019-03-24,13,12-17,1170.0000,1.4717,1.1929,1.7736
204,2019-03-24,13,18-44,1227.0000,0.5979,0.5187,0.6858
204,2019-03-24,13,45-64,149.0000,0.4707,0.4097,0.5370
204,2019-03-24,13,65+,66.0000,0.3950,0.3468,0.4500
205,2019-03-25,13,0-5,2802.0000,1.2580,1.0550,1.4992
205,2019-03-25,13,6-11,5850.0000,1.5827,1.3259,1.8912
205,2019-03-25,13,12-17,4188.0000,1.4373,1.2053,1.7130
205,2019-03-25,13,18-44,3805.0000,0.5795,0.5017,0.6675
205,2019-03-25,13,45-64,711.0000,0.4578,0.3987,0.5236
205,2019-03-25,13,65+,342.0000,0.3799,0.3329,0.4322
206,2019-03-26,13,0-5,2146.0000,1.2027,1.0094,1.4279
206,2019-03-26,13,6-11,4841.0000,1.5033,1.2585,1.7863
206,2019-03-26,13,12-17,3824.0000,1.3446,1.1193,1.6362
206,2019-03-26,13,18-44,3181.0000,0.5505,0.4798,0.6341
206,2019-03-26,13,45-64,562.0000,0.4327,0.3788,0.4955
206,2019-03-26,13,65+,269.0000,0.3577,0.3153,0.4065
207,2019-03-27,13,0-5,2188.0000,1.1599,0.9749,1.3824
207,2019-03-27,13,6-11,4544.0000,1.4413,1.2149,1.7033
207,2019-03-27,13,12-17,3525.0000,1.2716,1.0667,1.5200
207,2019-03-27,13,18-44,3420.0000,0.5219,0.4560,0.6041
207,2019-03-27,13,45-64,613.0000,0.4073,0.3575,0.4683
207,2019-03-27,13,65+,228.0000,0.3365,0.2967,0.3837
208,2019-03-28,13,0-5,2132.0000,1.1490,0.9636,1.3686
208,2019-03-28,13,6-11,4281.0000,1.4118,1.1869,1.6702
208,2019-03-28,13,12-17,3714.0000,1.2374,1.0222,1.5043
208,2019-03-28,13,18-44,3886.0000,0.5052,0.4397,0.5821
208,2019-03-28,13,45-64,661.0000,0.3913,0.3418,0.4483
208,2019-03-28,13,65+,225.0000,0.3234,0.2844,0.3678
209,2019-03-29,13,0-5,2355.0000,1.1551,0.9758,1.3783
209,2019-03-29,13,6-11,4739.0000,1.4251,1.2068,1.7016
209,2019-03-29,13,12-17,3712.0000,1.2419,1.0278,1.5299
209,2019-03-29,13,18-44,3727.0000,0.5042,0.4411,0.5790
209,2019-03-29,13,45-64,688.0000,0.3886,0.3411,0.4444
209,2019-03-29,13,65+,255.0000,0.3217,0.2841,0.3661
210,2019-03-30,13,0-5,2212.0000,1.1964,1.0086,1.4252
210,2019-03-30,13,6-11,4244.0000,1.4784,1.2453,1.7322
210,2019-03-30,13,12-17,3049.0000,1.2769,1.0541,1.5068
210,2019-03-30,13,18-44,3126.0000,0.5239,0.4572,0.6039
210,2019-03-30,13,45-64,526.0000,0.4041,0.3541,0.4625
210,2019-03-30,13,65+,181.0000,0.3355,0.2965,0.3807
211,2019-03-31,14,0-5,1645.0000,1.2371,1.0421,1.4807
211,2019-03-31,14,6-11,2817.0000,1.5307,1.2840,1.8328
211,2019-03-31,14,12-17,1610.0000,1.3340,1.1062,1.6006
211,2019-03-31,14,18-44,1531.0000,0.5498,0.4778,0.6362
211,2019-03-31,14,45-64,213.0000,0.4254,0.3714,0.4886
211,2019-03-31,14,65+,70.0000,0.3542,0.3111,0.4033
212,2019-04-01,14,0-5,3676.0000,1.2370,1.0364,1.4705
212,2019-04-01,14,6-11,7771.0000,1.5143,1.2837,1.7899
212,2019-04-01,14,12-17,5554.0000,1.3273,1.1088,1.5971
212,2019-04-01,14,18-44,4969.0000,0.5556,0.4818,0.6397
212,2019-04-01,14,45-64,839.0000,0.4319,0.3760,0.4951
212,2019-04-01,14,65+,377.0000,0.3588,0.3154,0.4096
213,2019-04-02,14,0-5,2800.0000,1.2316,1.0251,1.4677
213,2019-04-02,14,6-11,6124.0000,1.4830,1.2647,1.7615
213,2019-04-02,14,12-17,4604.0000,1.3124,1.0798,1.5789
213,2019-04-02,14,18-44,3864.0000,0.5542,0.4811,0.6443
213,2019-04-02,14,45-64,617.0000,0.4313,0.3759,0.4983
213,2019-04-02,14,65+,253.0000,0.3592,0.3151,0.4112
214,2019-04-03,14,0-5,2743.0000,1.2244,1.0261,1.4552
214,2019-04-03,14,6-11,5256.0000,1.5018,1.2689,1.7695
214,2019-04-03,14,12-17,3949.0000,1.3060,1.0704,1.5754
214,2019-04-03,14,18-44,4266.0000,0.5517,0.4790,0.6370
214,2019-04-03,14,45-64,722.0000,0.4286,0.3735,0.4924
214,2019-04-03,14,65+,261.0000,0.3566,0.3128,0.4056
215,2019-04-04,14,0-5,2766.0000,1.2359,1.0409,1.4674
215,2019-04-04,14,6-11,5197.0000,1.5260,1.2771,1.8172
215,2019-04-04,14,12-17,4305.0000,1.2928,1.0839,1.5608
215,2019-04-04,14,18-44,4597.0000,0.5548,0.4806,0.6433
215,2019-04-04,14,45-64,783.0000,0.4278,0.3725,0.4931
215,2019-04-04,14,65+,288.0000,0.3542,0.3112,0.4037
216,2019-04-05,14,0-5,3116.0000,1.2406,1.0410,1.4870
216,2019-04-05,14,6-11,5899.0000,1.5576,1.3118,1.8170
216,2019-04-05,14,12-17,4804.0000,1.2916,1.0785,1.5169
216,2019-04-05,14,18-44,4876.0000,0.5579,0.4842,0.6433
216,2019-04-05,14,45-64,799.0000,0.4281,0.3739,0.4906
216,2019-04-05,14,65+,320.0000,0.3532,0.3109,0.4003
217,2019-04-06,14,0-5,2975.0000,1.2493,1.0536,1.4781
217,2019-04-06,14,6-11,5612.0000,1.5671,1.3165,1.9007
217,2019-04-06,14,12-17,3927.0000,1.2983,1.0876,1.5204
217,2019-04-06,14,18-44,4152.0000,0.5651,0.4916,0.6554
217,2019-04-06,14,45-64,690.0000,0.4331,0.3785,0.4984
217,2019-04-06,14,65+,290.0000,0.3563,0.3136,0.4061
218,2019-04-07,15,0-5,2451.0000,1.2284,1.0308,1.4713
218,2019-04-07,15,6-11,4377.0000,1.5373,1.2863,1.8307
218,2019-04-07,15,12-17,2342.0000,1.2732,1.0775,1.5330
218,2019-04-07,15,18-44,2584.0000,0.5635,0.4859,0.6518
218,2019-04-07,15,45-64,345.0000,0.4332,0.3762,0.4982
218,2019-04-07,15,65+,117.0000,0.3564,0.3122,0.4061
219,2019-04-08,15,0-5,5057.0000,1.1606,0.9748,1.3993
219,2019-04-08,15,6-11,11341.0000,1.4404,1.2055,1.7215
219,2019-04-08,15,12-17,7768.0000,1.2000,1.0056,1.4324
219,2019-04-08,15,18-44,7779.0000,0.5329,0.4616,0.6187
219,2019-04-08,15,45-64,1202.0000,0.4110,0.3575,0.4736
219,2019-04-08,15,65+,487.0000,0.3386,0.2969,0.3856
220,2019-04-09,15,0-5,3712.0000,1.1052,0.9305,1.3262
220,2019-04-09,15,6-11,7941.0000,1.3650,1.1548,1.6175
220,2019-04-09,15,12-17,5411.0000,1.1293,0.9357,1.3770
220,2019-04-09,15,18-44,5548.0000,0.5037,0.4365,0.5832
220,2019-04-09,15,45-64,777.0000,0.3882,0.3380,0.4472
220,2019-04-09,15,65+,282.0000,0.3215,0.2828,0.3657
221,2019-04-10,15,0-5,3292.0000,1.0836,0.9085,1.2936
221,2019-04-10,15,6-11,6607.0000,1.3338,1.1279,1.5701
221,2019-04-10,15,12-17,4456.0000,1.0871,0.9106,1.3059
221,2019-04-10,15,18-44,5936.0000,0.4847,0.4201,0.5594
221,2019-04-10,15,45-64,852.0000,0.3722,0.3242,0.4276
221,2019-04-10,15,65+,295.0000,0.3091,0.2717,0.3513
222,2019-04-11,15,0-5,3247.0000,1.0851,0.9064,1.2885
222,2019-04-11,15,6-11,6174.0000,1.3516,1.1236,1.6468
222,2019-04-11,15,12-17,4478.0000,1.0753,0.8968,1.2802
222,2019-04-11,15,18-44,5964.0000,0.4786,0.4164,0.5581
222,2019-04-11,15,45-64,886.0000,0.3663,0.3202,0.4238
222,2019-04-11,15,65+,357.0000,0.3053,0.2689,0.3483
223,2019-04-12,15,0-5,3576.0000,1.0958,0.9189,1.3218
223,2019-04-12,15,6-11,7217.0000,1.3708,1.1633,1.6256
223,2019-04-12,15,12-17,4474.0000,1.0834,0.8922,1.2963
223,2019-04-12,15,18-44,6063.0000,0.4854,0.4228,0.5617
223,2019-04-12,15,45-64,908.0000,0.3720,0.3254,0.4271
223,2019-04-12,15,65+,372.0000,0.3113,0.2740,0.3539
224,2019-04-13,15,0-5,3532.0000,1.1140,0.9335,1.3361
224,2019-04-13,15,6-11,6785.0000,1.3895,1.1787,1.6773
224,2019-04-13,15,12-17,3957.0000,1.1264,0.9273,1.3453
224,2019-04-13,15,18-44,4848.0000,0.4976,0.4327,0.5784
224,2019-04-13,15,45-64,800.0000,0.3846,0.3358,0.4433
224,2019-04-13,15,65+,274.0000,0.3225,0.2838,0.3666
225,2019-04-14,16,0-5,2611.0000,1.1177,0.9357,1.3441
225,2019-04-14,16,6-11,4599.0000,1.3890,1.1562,1.6543
225,2019-04-14,16,12-17,2094.0000,1.1145,0.9487,1.3639
225,2019-04-14,16,18-44,2484.0000,0.5049,0.4369,0.5871
225,2019-04-14,16,45-64,337.0000,0.3927,0.3423,0.4529
225,2019-04-14,16,65+,112.0000,0.3311,0.2909,0.3772
226,2019-04-15,16,0-5,5355.0000,1.0747,0.8899,1.2870
226,2019-04-15,16,6-11,11966.0000,1.3142,1.1033,1.5765
226,2019-04-15,16,12-17,6844.0000,1.0626,0.8784,1.2575
226,2019-04-15,16,18-44,7810.0000,0.4859,0.4194,0.5597
226,2019-04-15,16,45-64,1374.0000,0.3791,0.3294,0.4335
226,2019-04-15,16,65+,533.0000,0.3212,0.2816,0.3641
227,2019-04-16,16,0-5,4145.0000,1.0209,0.8457,1.2238
227,2019-04-16,16,6-11,8520.0000,1.2432,1.0355,1.4644
227,2019-04-16,16,12-17,5009.0000,1.0018,0.8335,1.1889
227,2019-04-16,16,18-44,5901.0000,0.4604,0.3970,0.5341
227,2019-04-16,16,45-64,922.0000,0.3601,0.3136,0.4137
227,2019-04-16,16,65+,357.0000,0.3056,0.2683,0.3464
228,2019-04-17,16,0-5,3653.0000,0.9862,0.8187,1.1704
228,2019-04-17,16,6-11,7402.0000,1.1802,0.9885,1.3954
228,2019-04-17,16,12-17,4083.0000,0.9379,0.7846,1.1388
228,2019-04-17,16,18-44,6076.0000,0.4390,0.3739,0.5100
228,2019-04-17,16,45-64,952.0000,0.3412,0.2932,0.3936
228,2019-04-17,16,65+,403.0000,0.2883,0.2506,0.3320
229,2019-04-18,16,0-5,3412.0000,0.9532,0.7948,1.1520
229,2019-04-18,16,6-11,6404.0000,1.1392,0.9389,1.3492
229,2019-04-18,16,12-17,3821.0000,0.8923,0.7481,1.0735
229,2019-04-18,16,18-44,5754.0000,0.4161,0.3615,0.4807
229,2019-04-18,16,45-64,966.0000,0.3238,0.2824,0.3718
229,2019-04-18,16,65+,379.0000,0.2765,0.2444,0.3175
230,2019-04-19,16,0-5,3588.0000,0.9261,0.7652,1.1163
230,2019-04-19,16,6-11,6782.0000,1.1034,0.9170,1.2827
230,2019-04-19,16,12-17,3703.0000,0.8473,0.7106,1.0131
230,2019-04-19,16,18-44,5441.0000,0.3959,0.3470,0.4629
230,2019-04-19,16,45-64,947.0000,0.3066,0.2710,0.3546
230,2019-04-19,16,65+,351.0000,0.2640,0.2334,0.3008
231,2019-04-20,16,0-5,3315.0000,0.8879,0.7373,1.0679
231,2019-04-20,16,6-11,6085.0000,1.0420,0.8759,1.2448
231,2019-04-20,16,12-17,3100.0000,0.8076,0.6734,0.9488
231,2019-04-20,16,18-44,4280.0000,0.3808,0.3278,0.4353
231,2019-04-20,16,45-64,807.0000,0.2956,0.2570,0.3352
231,2019-04-20,16,65+,292.0000,0.2560,0.2251,0.2879
232,2019-04-21,17,0-5,2551.0000,0.8337,0.6901,1.0024
232,2019-04-21,17,6-11,4309.0000,0.9615,0.8049,1.1550
232,2019-04-21,17,12-17,1720.0000,0.7381,0.6089,0.8933
232,2019-04-21,17,18-44,2398.0000,0.3564,0.3068,0.4130
232,2019-04-21,17,45-64,330.0000,0.2798,0.2430,0.3214
232,2019-04-21,17,65+,111.0000,0.2480,0.2128,0.2860
233,2019-04-22,17,0-5,4904.0000,0.7640,0.6258,0.9361
233,2019-04-22,17,6-11,10342.0000,0.8722,0.7334,1.0420
233,2019-04-22,17,12-17,5028.0000,0.6701,0.5606,0.8060
233,2019-04-22,17,18-44,6892.0000,0.3227,0.2786,0.3791
233,2019-04-22,17,45-64,1279.0000,0.2532,0.2206,0.2943
233,2019-04-22,17,65+,512.0000,0.2268,0.1961,0.2590
234,2019-04-23,17,0-5,3469.0000,0.7078,0.5838,0.8554
234,2019-04-23,17,6-11,6554.0000,0.8004,0.6721,0.9565
234,2019-04-23,17,12-17,3268.0000,0.6132,0.5114,0.7421
234,2019-04-23,17,18-44,4308.0000,0.2974,0.2538,0.3476
234,2019-04-23,17,45-64,775.0000,0.2340,0.2010,0.2715
234,2019-04-23,17,65+,333.0000,0.2097,0.1811,0.2387
235,2019-04-24,17,0-5,2896.0000,0.6856,0.5648,0.8302
235,2019-04-24,17,6-11,4942.0000,0.7770,0.6528,0.9497
235,2019-04-24,17,12-17,2332.0000,0.5926,0.4947,0.7293
235,2019-04-24,17,18-44,3860.0000,0.2883,0.2487,0.3359
235,2019-04-24,17,45-64,756.0000,0.2279,0.1973,0.2652
235,2019-04-24,17,65+,300.0000,0.2069,0.1799,0.2360
236,2019-04-25,17,0-5,2332.0000,0.6881,0.5702,0.8415
236,2019-04-25,17,6-11,3785.0000,0.7911,0.6613,0.9471
236,2019-04-25,17,12-17,1823.0000,0.5995,0.5002,0.7351
236,2019-04-25,17,18-44,3041.0000,0.2914,0.2533,0.3377
236,2019-04-25,17,45-64,651.0000,0.2325,0.2026,0.2676
236,2019-04-25,17,65+,228.0000,0.2131,0.1853,0.2462
237,2019-04-26,17,0-5,2124.0000,0.7206,0.5988,0.8788
237,2019-04-26,17,6-11,3301.0000,0.8297,0.6951,0.9911
237,2019-04-26,17,12-17,1479.0000,0.6296,0.5319,0.7656
237,2019-04-26,17,18-44,2616.0000,0.3083,0.2693,0.3572
237,2019-04-26,17,45-64,474.0000,0.2471,0.2162,0.2846
237,2019-04-26,17,65+,221.0000,0.2266,0.1970,0.2582
238,2019-04-27,17,0-5,1897.0000,0.7640,0.6287,0.9201
238,2019-04-27,17,6-11,2650.0000,0.8761,0.7360,1.0496
238,2019-04-27,17,12-17,1137.0000,0.6745,0.5567,0.8067
238,2019-04-27,17,18-44,1843.0000,0.3320,0.2879,0.3828
238,2019-04-27,17,45-64,404.0000,0.2680,0.2335,0.3076
238,2019-04-27,17,65+,171.0000,0.2454,0.2144,0.2881
239,2019-04-28,18,0-5,1250.0000,0.7920,0.6578,0.9629
239,2019-04-28,18,6-11,1712.0000,0.9110,0.7740,1.1057
239,2019-04-28,18,12-17,567.0000,0.7114,0.5847,0.8536
239,2019-04-28,18,18-44,980.0000,0.3523,0.3042,0.4122
239,2019-04-28,18,45-64,154.0000,0.2878,0.2501,0.3319
239,2019-04-28,18,65+,57.0000,0.2654,0.2302,0.3061
240,2019-04-29,18,0-5,2427.0000,0.8018,0.6627,0.9701
240,2019-04-29,18,6-11,4251.0000,0.9108,0.7535,1.0874
240,2019-04-29,18,12-17,1701.0000,0.7338,0.5987,0.8834
240,2019-04-29,18,18-44,2811.0000,0.3634,0.3119,0.4216
240,2019-04-29,18,45-64,688.0000,0.3002,0.2596,0.3461
240,2019-04-29,18,65+,299.0000,0.2762,0.2422,0.3133
241,2019-04-30,18,0-5,1791.0000,0.7997,0.6598,0.9696
241,2019-04-30,18,6-11,2954.0000,0.9008,0.7473,1.0746
241,2019-04-30,18,12-17,1162.0000,0.7267,0.6160,0.8850
241,2019-04-30,18,18-44,1871.0000,0.3650,0.3163,0.4238
241,2019-04-30,18,45-64,435.0000,0.3041,0.2650,0.3505
241,2019-04-30,18,65+,172.0000,0.2806,0.2463,0.3203
242,2019-05-01,18,0-5,1369.0000,0.8035,0.6671,0.9727
242,2019-05-01,18,6-11,2169.0000,0.9003,0.7580,1.0719
242,2019-05-01,18,12-17,858.0000,0.7358,0.6071,0.8659
242,2019-05-01,18,18-44,1740.0000,0.3671,0.3185,0.4254
242,2019-05-01,18,45-64,390.0000,0.3062,0.2670,0.3528
242,2019-05-01,18,65+,145.0000,0.2827,0.2467,0.3238
243,2019-05-02,18,0-5,1462.0000,0.8180,0.6776,0.9851
243,2019-05-02,18,6-11,1989.0000,0.9267,0.7900,1.1048
243,2019-05-02,18,12-17,877.0000,0.7460,0.6259,0.9079
243,2019-05-02,18,18-44,1910.0000,0.3731,0.3217,0.4353
243,2019-05-02,18,45-64,461.0000,0.3104,0.2686,0.3605
243,2019-05-02,18,65+,210.0000,0.2871,0.2481,0.3328
244,2019-05-03,18,0-5,1242.0000,0.8423,0.6993,1.0031
244,2019-05-03,18,6-11,1907.0000,0.9714,0.8169,1.1056
244,2019-05-03,18,12-17,841.0000,0.7870,0.6501,0.9335
244,2019-05-03,18,18-44,1672.0000,0.3850,0.3366,0.4370
244,2019-05-03,18,45-64,386.0000,0.3213,0.2807,0.3641
244,2019-05-03,18,65+,186.0000,0.2973,0.2598,0.3388
245,2019-05-04,18,0-5,1088.0000,0.8830,0.7301,1.0594
245,2019-05-04,18,6-11,1606.0000,1.0162,0.8597,1.1870
245,2019-05-04,18,12-17,603.0000,0.8326,0.6970,0.9641
245,2019-05-04,18,18-44,1162.0000,0.4092,0.3573,0.4721
245,2019-05-04,18,45-64,301.0000,0.3428,0.3006,0.3923
245,2019-05-04,18,65+,110.0000,0.3194,0.2787,0.3661
246,2019-05-05,19,0-5,687.0000,0.9317,0.7724,1.1231
246,2019-05-05,19,6-11,853.0000,1.0686,0.8975,1.3339
246,2019-05-05,19,12-17,269.0000,0.8986,0.7558,1.0665
246,2019-05-05,19,18-44,571.0000,0.4415,0.3815,0.5127
246,2019-05-05,19,45-64,115.0000,0.3737,0.3244,0.4309
246,2019-05-05,19,65+,46.0000,0.3504,0.3041,0.4041
247,2019-05-06,19,0-5,1078.0000,0.9552,0.7968,1.1442
247,2019-05-06,19,6-11,1341.0000,1.0857,0.9309,1.3069
247,2019-05-06,19,12-17,433.0000,0.9294,0.7741,1.0980
247,2019-05-06,19,18-44,978.0000,0.4606,0.3973,0.5363
247,2019-05-06,19,45-64,245.0000,0.3918,0.3392,0.4528
247,2019-05-06,19,65+,89.0000,0.3686,0.3193,0.4301
248,2019-05-07,19,0-5,1138.0000,0.9606,0.8013,1.1565
248,2019-05-07,19,6-11,1907.0000,1.1016,0.9302,1.2706
248,2019-05-07,19,12-17,773.0000,0.9357,0.7827,1.0970
248,2019-05-07,19,18-44,1346.0000,0.4630,0.4001,0.5422
248,2019-05-07,19,45-64,372.0000,0.3944,0.3423,0.4579
248,2019-05-07,19,65+,172.0000,0.3732,0.3237,0.4352
249,2019-05-08,19,0-5,892.0000,0.9618,0.7990,1.1591
249,2019-05-08,19,6-11,1356.0000,1.1030,0.9246,1.3002
249,2019-05-08,19,12-17,559.0000,0.9159,0.7783,1.0853
249,2019-05-08,19,18-44,1197.0000,0.4587,0.3996,0.5341
249,2019-05-08,19,45-64,254.0000,0.3896,0.3403,0.4498
249,2019-05-08,19,65+,112.0000,0.3721,0.3227,0.4312
250,2019-05-09,19,0-5,790.0000,0.9652,0.8087,1.1561
250,2019-05-09,19,6-11,996.0000,1.1085,0.9291,1.2834
250,2019-05-09,19,12-17,468.0000,0.9131,0.7701,1.0698
250,2019-05-09,19,18-44,1113.0000,0.4530,0.3955,0.5229
250,2019-05-09,19,45-64,269.0000,0.3833,0.3361,0.4401
250,2019-05-09,19,65+,128.0000,0.3685,0.3210,0.4240
251,2019-05-10,19,0-5,654.0000,0.9820,0.8125,1.2044
251,2019-05-10,19,6-11,780.0000,1.1371,0.9653,1.3326
251,2019-05-10,19,12-17,386.0000,0.9170,0.7855,1.0458
251,2019-05-10,19,18-44,1030.0000,0.4534,0.3957,0.5193
251,2019-05-10,19,45-64,276.0000,0.3817,0.3348,0.4341
251,2019-05-10,19,65+,135.0000,0.3705,0.3218,0.4229
252,2019-05-11,19,0-5,638.0000,0.9841,0.8164,1.1776
252,2019-05-11,19,6-11,736.0000,1.1493,0.9745,1.4386
252,2019-05-11,19,12-17,308.0000,0.9446,0.8017,1.1412
252,2019-05-11,19,18-44,789.0000,0.4545,0.3956,0.5277
252,2019-05-11,19,45-64,179.0000,0.3845,0.3363,0.4420
252,2019-05-11,19,65+,70.0000,0.3754,0.3275,0.4295
253,2019-05-12,20,0-5,457.0000,0.9548,0.7924,1.1498
253,2019-05-12,20,6-11,544.0000,1.1214,0.9474,1.3213
253,2019-05-12,20,12-17,165.0000,0.9542,0.7945,1.1378
253,2019-05-12,20,18-44,441.0000,0.4437,0.3848,0.5105
253,2019-05-12,20,45-64,70.0000,0.3784,0.3298,0.4345
253,2019-05-12,20,65+,38.0000,0.3717,0.3204,0.4311
254,2019-05-13,20,0-5,938.0000,0.8964,0.7460,1.0791
254,2019-05-13,20,6-11,1454.0000,1.0327,0.8352,1.2541
254,2019-05-13,20,12-17,591.0000,0.8801,0.7282,1.0470
254,2019-05-13,20,18-44,1077.0000,0.4147,0.3582,0.4826
254,2019-05-13,20,45-64,309.0000,0.3560,0.3087,0.4108
254,2019-05-13,20,65+,155.0000,0.3526,0.3034,0.4107
255,2019-05-14,20,0-5,697.0000,0.8356,0.6935,1.0123
255,2019-05-14,20,6-11,1047.0000,0.9538,0.7685,1.1509
255,2019-05-14,20,12-17,427.0000,0.8121,0.6727,0.9742
255,2019-05-14,20,18-44,719.0000,0.3855,0.3327,0.4478
255,2019-05-14,20,45-64,175.0000,0.3320,0.2875,0.3831
255,2019-05-14,20,65+,119.0000,0.3287,0.2835,0.3841
256,2019-05-15,20,0-5,622.0000,0.7878,0.6515,0.9516
256,2019-05-15,20,6-11,817.0000,0.8953,0.7295,1.0772
256,2019-05-15,20,12-17,325.0000,0.7654,0.6335,0.9302
256,2019-05-15,20,18-44,689.0000,0.3617,0.3147,0.4210
256,2019-05-15,20,45-64,183.0000,0.3125,0.2723,0.3612
256,2019-05-15,20,65+,90.0000,0.3097,0.2669,0.3581
257,2019-05-16,20,0-5,505.0000,0.7612,0.6317,0.9197
257,2019-05-16,20,6-11,616.0000,0.8740,0.7324,1.0308
257,2019-05-16,20,12-17,366.0000,0.7458,0.6236,0.8950
257,2019-05-16,20,18-44,641.0000,0.3491,0.3047,0.4052
257,2019-05-16,20,45-64,161.0000,0.3021,0.2629,0.3498
257,2019-05-16,20,65+,97.0000,0.3001,0.2590,0.3498
258,2019-05-17,20,0-5,501.0000,0.7646,0.6382,0.9184
258,2019-05-17,20,6-11,634.0000,0.8857,0.7264,1.0502
258,2019-05-17,20,12-17,283.0000,0.7547,0.6333,0.9018
258,2019-05-17,20,18-44,600.0000,0.3516,0.3072,0.4065
258,2019-05-17,20,45-64,155.0000,0.3049,0.2659,0.3492
258,2019-05-17,20,65+,101.0000,0.3034,0.2615,0.3474
259,2019-05-18,20,0-5,335.0000,0.7751,0.6452,0.9333
259,2019-05-18,20,6-11,400.0000,0.9032,0.7513,1.0515
259,2019-05-18,20,12-17,188.0000,0.7811,0.6540,0.9207
259,2019-05-18,20,18-44,356.0000,0.3626,0.3168,0.4164
259,2019-05-18,20,45-64,128.0000,0.3161,0.2769,0.3599
259,2019-05-18,20,65+,48.0000,0.3162,0.2748,0.3620
260,2019-05-19,21,0-5,246.0000,0.7871,0.6541,0.9479
260,2019-05-19,21,6-11,268.0000,0.9105,0.7826,1.0796
260,2019-05-19,21,12-17,107.0000,0.8125,0.6801,0.9701
260,2019-05-19,21,18-44,176.0000,0.3732,0.3256,0.4313
260,2019-05-19,21,45-64,31.0000,0.3282,0.2874,0.3769
260,2019-05-19,21,65+,20.0000,0.3312,0.2849,0.3844
261,2019-05-20,21,0-5,490.0000,0.7768,0.6459,0.9366
261,2019-05-20,21,6-11,711.0000,0.9099,0.7661,1.0822
261,2019-05-20,21,12-17,269.0000,0.8188,0.6889,0.9895
261,2019-05-20,21,18-44,552.0000,0.3757,0.3265,0.4384
261,2019-05-20,21,45-64,174.0000,0.3332,0.2897,0.3858
261,2019-05-20,21,65+,100.0000,0.3393,0.2903,0.4036
262,2019-05-21,21,0-5,354.0000,0.7738,0.6388,0.9395
262,2019-05-21,21,6-11,456.0000,0.9047,0.7750,1.0795
262,2019-05-21,21,12-17,225.0000,0.8260,0.6926,1.0007
262,2019-05-21,21,18-44,352.0000,0.3780,0.3280,0.4403
262,2019-05-21,21,45-64,99.0000,0.3372,0.2928,0.3917
262,2019-05-21,21,65+,56.0000,0.3462,0.2961,0.4166
263,2019-05-22,21,0-5,293.0000,0.7676,0.6337,0.9337
263,2019-05-22,21,6-11,371.0000,0.9187,0.7758,1.0971
263,2019-05-22,21,12-17,192.0000,0.8280,0.6847,1.0124
263,2019-05-22,21,18-44,346.0000,0.3805,0.3299,0.4442
263,2019-05-22,21,45-64,117.0000,0.3407,0.2959,0.3950
263,2019-05-22,21,65+,52.0000,0.3532,0.3018,0.4168
264,2019-05-23,21,0-5,267.0000,0.7790,0.6463,0.9334
264,2019-05-23,21,6-11,299.0000,0.9517,0.7991,1.1080
264,2019-05-23,21,12-17,178.0000,0.8321,0.7009,1.0164
264,2019-05-23,21,18-44,313.0000,0.3875,0.3362,0.4479
264,2019-05-23,21,45-64,95.0000,0.3473,0.3021,0.3996
264,2019-05-23,21,65+,62.0000,0.3645,0.3113,0.4242
265,2019-05-24,21,0-5,250.0000,0.8002,0.6691,0.9717
265,2019-05-24,21,6-11,272.0000,1.0101,0.8399,1.1891
265,2019-05-24,21,12-17,167.0000,0.8592,0.7262,1.0382
265,2019-05-24,21,18-44,311.0000,0.4043,0.3516,0.4661
265,2019-05-24,21,45-64,97.0000,0.3636,0.3176,0.4180
265,2019-05-24,21,65+,64.0000,0.3855,0.3305,0.4507
266,2019-05-25,21,0-5,171.0000,0.8300,0.6912,0.9936
266,2019-05-25,21,6-11,241.0000,1.0111,0.8681,1.2532
266,2019-05-25,21,12-17,122.0000,0.8889,0.7399,1.0628
266,2019-05-25,21,18-44,212.0000,0.4203,0.3657,0.4805
266,2019-05-25,21,45-64,60.0000,0.3832,0.3333,0.4399
266,2019-05-25,21,65+,28.0000,0.4101,0.3497,0.4884
267,2019-05-26,22,0-5,106.0000,0.8590,0.7185,1.0353
267,2019-05-26,22,6-11,125.0000,1.0427,0.8834,1.2094
267,2019-05-26,22,12-17,63.0000,0.9015,0.7579,1.0791
267,2019-05-26,22,18-44,110.0000,0.4373,0.3876,0.5079
267,2019-05-26,22,45-64,14.0000,0.4035,0.3550,0.4713
267,2019-05-26,22,65+,14.0000,0.4382,0.3727,0.5203
268,2019-05-27,22,0-5,215.0000,0.8527,0.7131,1.0273
268,2019-05-27,22,6-11,351.0000,1.0273,0.8566,1.2018
268,2019-05-27,22,12-17,176.0000,0.8916,0.7439,1.0703
268,2019-05-27,22,18-44,266.0000,0.4399,0.3852,0.5061
268,2019-05-27,22,45-64,88.0000,0.4124,0.3553,0.4792
268,2019-05-27,22,65+,63.0000,0.4484,0.3754,0.5308
269,2019-05-28,22,0-5,155.0000,0.8402,0.6947,1.0123
269,2019-05-28,22,6-11,250.0000,1.0029,0.8442,1.1667
269,2019-05-28,22,12-17,127.0000,0.8628,0.7165,1.0230
269,2019-05-28,22,18-44,196.0000,0.4353,0.3696,0.4982
269,2019-05-28,22,45-64,61.0000,0.4077,0.3452,0.4764
269,2019-05-28,22,65+,41.0000,0.4433,0.3723,0.5276
270,2019-05-29,22,0-5,168.0000,0.8196,0.6758,0.9928
270,2019-05-29,22,6-11,224.0000,0.9781,0.8312,1.1346
270,2019-05-29,22,12-17,111.0000,0.8353,0.7017,0.9955
270,2019-05-29,22,18-44,191.0000,0.4261,0.3582,0.4861
270,2019-05-29,22,45-64,80.0000,0.4002,0.3425,0.4553
270,2019-05-29,22,65+,58.0000,0.4321,0.3659,0.5127
271,2019-05-30,22,0-5,133.0000,0.8003,0.6660,0.9673
271,2019-05-30,22,6-11,165.0000,0.9607,0.8127,1.1781
271,2019-05-30,22,12-17,91.0000,0.8076,0.6813,0.9779
271,2019-05-30,22,18-44,181.0000,0.4091,0.3548,0.4668
271,2019-05-30,22,45-64,71.0000,0.3792,0.3342,0.4330
271,2019-05-30,22,65+,48.0000,0.4133,0.3549,0.4892
272,2019-05-31,22,0-5,118.0000,0.8016,0.6721,0.9717
272,2019-05-31,22,6-11,146.0000,0.9622,0.8232,1.1427
272,2019-05-31,22,12-17,91.0000,0.8139,0.6867,0.9689
272,2019-05-31,22,18-44,166.0000,0.4122,0.3612,0.4659
272,2019-05-31,22,45-64,69.0000,0.3871,0.3361,0.4368
272,2019-05-31,22,65+,43.0000,0.4210,0.3589,0.4933
273,2019-06-01,22,0-5,99.0000,0.8128,0.6742,0.9794
273,2019-06-01,22,6-11,102.0000,0.9866,0.8387,1.1713
273,2019-06-01,22,12-17,64.0000,0.8327,0.6982,0.9960
273,2019-06-01,22,18-44,126.0000,0.4299,0.3619,0.4969
273,2019-06-01,22,45-64,47.0000,0.4069,0.3419,0.4768
273,2019-06-01,22,65+,19.0000,0.4424,0.3696,0.5239
274,2019-06-02,23,0-5,62.0000,0.8109,0.6692,0.9752
274,2019-06-02,23,6-11,59.0000,0.9830,0.8235,1.1914
274,2019-06-02,23,12-17,18.0000,0.8257,0.6837,0.9900
274,2019-06-02,23,18-44,49.0000,0.4216,0.3638,0.4982
274,2019-06-02,23,45-64,12.0000,0.3993,0.3388,0.4715
274,2019-06-02,23,65+,6.0000,0.4427,0.3697,0.5317
275,2019-06-03,23,0-5,105.0000,0.8079,0.6649,0.9789
275,2019-06-03,23,6-11,225.0000,0.9524,0.7964,1.1195
275,2019-06-03,23,12-17,109.0000,0.8107,0.6762,0.9726
275,2019-06-03,23,18-44,173.0000,0.4223,0.3627,0.4883
275,2019-06-03,23,45-64,75.0000,0.3990,0.3431,0.4665
275,2019-06-03,23,65+,49.0000,0.4462,0.3754,0.5323
276,2019-06-04,23,0-5,88.0000,0.8187,0.6721,0.9802
276,2019-06-04,23,6-11,146.0000,0.9468,0.7988,1.1095
276,2019-06-04,23,12-17,60.0000,0.8162,0.6843,0.9731
276,2019-06-04,23,18-44,121.0000,0.4353,0.3710,0.5004
276,2019-06-04,23,45-64,44.0000,0.4138,0.3521,0.4832
276,2019-06-04,23,65+,35.0000,0.4603,0.3814,0.5528
277,2019-06-05,23,0-5,91.0000,0.8336,0.6926,1.0002
277,2019-06-05,23,6-11,110.0000,0.9495,0.8008,1.1181
277,2019-06-05,23,12-17,54.0000,0.8167,0.6899,0.9707
277,2019-06-05,23,18-44,102.0000,0.4410,0.3830,0.5072
277,2019-06-05,23,45-64,46.0000,0.4156,0.3630,0.4737
277,2019-06-05,23,65+,31.0000,0.4639,0.3919,0.5545
278,2019-06-06,23,0-5,40.0000,0.8830,0.7346,1.0524
278,2019-06-06,23,6-11,47.0000,0.9955,0.8412,1.1599
278,2019-06-06,23,12-17,23.0000,0.8513,0.7198,1.0141
278,2019-06-06,23,18-44,53.0000,0.4702,0.4047,0.5347
278,2019-06-06,23,45-64,7.0000,0.4404,0.3815,0.5006
278,2019-06-06,23,65+,11.0000,0.4897,0.4109,0.5807
279,2019-06-07,23,0-5,77.0000,0.9453,0.7841,1.1296
279,2019-06-07,23,6-11,91.0000,1.0512,0.8996,1.2208
279,2019-06-07,23,12-17,65.0000,0.9120,0.7722,1.0924
279,2019-06-07,23,18-44,97.0000,0.5083,0.4378,0.5753
279,2019-06-07,23,45-64,42.0000,0.4805,0.4194,0.5413
279,2019-06-07,23,65+,43.0000,0.5247,0.4487,0.6173
280,2019-06-08,23,0-5,37.0000,1.0075,0.8402,1.2096
280,2019-06-08,23,6-11,51.0000,1.1032,0.9529,1.3119
280,2019-06-08,23,12-17,24.0000,0.9906,0.8400,1.1812
280,2019-06-08,23,18-44,65.0000,0.5533,0.4823,0.6712
280,2019-06-08,23,45-64,25.0000,0.5363,0.4625,0.6265
280,2019-06-08,23,65+,10.0000,0.5737,0.4887,0.6846
281,2019-06-09,24,0-5,20.0000,1.0467,0.8743,1.2521
281,2019-06-09,24,6-11,27.0000,1.1332,0.9569,1.3333
281,2019-06-09,24,12-17,9.0000,1.0529,0.8898,1.2563
281,2019-06-09,24,18-44,28.0000,0.5779,0.5071,0.6750
281,2019-06-09,24,45-64,6.0000,0.5665,0.5002,0.6860
281,2019-06-09,24,65+,7.0000,0.6053,0.5199,0.7198
282,2019-06-10,24,0-5,65.0000,1.0652,0.8916,1.2898
282,2019-06-10,24,6-11,97.0000,1.1383,0.9692,1.3532
282,2019-06-10,24,12-17,31.0000,1.0951,0.9222,1.2943
282,2019-06-10,24,18-44,130.0000,0.6000,0.5153,0.6979
282,2019-06-10,24,45-64,59.0000,0.6048,0.5101,0.6936
282,2019-06-10,24,65+,39.0000,0.6304,0.5325,0.7366
283,2019-06-11,24,0-5,42.0000,1.0465,0.8655,1.2666
283,2019-06-11,24,6-11,71.0000,1.1103,0.9445,1.3120
283,2019-06-11,24,12-17,37.0000,1.0724,0.8972,1.2738
283,2019-06-11,24,18-44,100.0000,0.5804,0.5006,0.6741
283,2019-06-11,24,45-64,39.0000,0.5845,0.4989,0.6800
283,2019-06-11,24,65+,23.0000,0.6175,0.5223,0.7313
284,2019-06-12,24,0-5,60.0000,1.0185,0.8425,1.2374
284,2019-06-12,24,6-11,50.0000,1.0916,0.9257,1.2791
284,2019-06-12,24,12-17,35.0000,1.0441,0.8763,1.2400
284,2019-06-12,24,18-44,77.0000,0.5611,0.4832,0.6515
284,2019-06-12,24,45-64,41.0000,0.5642,0.4814,0.6620
284,2019-06-12,24,65+,26.0000,0.6088,0.5121,0.7289
285,2019-06-13,24,0-5,46.0000,1.0080,0.8427,1.1992
285,2019-06-13,24,6-11,51.0000,1.0988,0.9386,1.2865
285,2019-06-13,24,12-17,35.0000,1.0381,0.8762,1.2381
285,2019-06-13,24,18-44,61.0000,0.5550,0.4807,0.6379
285,2019-06-13,24,45-64,51.0000,0.5577,0.4802,0.6458
285,2019-06-13,24,65+,13.0000,0.6148,0.5184,0.7262
286,2019-06-14,24,0-5,40.0000,1.0240,0.8621,1.2353
286,2019-06-14,24,6-11,32.0000,1.1568,0.9876,1.3574
286,2019-06-14,24,12-17,20.0000,1.0737,0.9101,1.2764
286,2019-06-14,24,18-44,68.0000,0.5713,0.4962,0.6540
286,2019-06-14,24,45-64,30.0000,0.5767,0.4980,0.6651
286,2019-06-14,24,65+,14.0000,0.6512,0.5497,0.7633
287,2019-06-15,24,0-5,39.0000,1.0651,0.8883,1.2879
287,2019-06-15,24,6-11,31.0000,1.2368,1.0465,1.4578
287,2019-06-15,24,12-17,18.0000,1.1166,0.9455,1.3309
287,2019-06-15,24,18-44,41.0000,0.6014,0.5227,0.6903
287,2019-06-15,24,45-64,21.0000,0.6069,0.5245,0.7021
287,2019-06-15,24,65+,10.0000,0.7001,0.5886,0.8271
288,2019-06-16,25,0-5,11.0000,1.1205,0.9287,1.3351
288,2019-06-16,25,6-11,10.0000,1.3130,1.1146,1.5385
288,2019-06-16,25,12-17,5.0000,1.1629,0.9731,1.3847
288,2019-06-16,25,18-44,17.0000,0.6336,0.5487,0.7391
288,2019-06-16,25,45-64,6.0000,0.6376,0.5482,0.7453
288,2019-06-16,25,65+,7.0000,0.7392,0.6198,0.8684
289,2019-06-17,25,0-5,49.0000,1.1413,0.9446,1.3805
289,2019-06-17,25,6-11,48.0000,1.3497,1.1269,1.6119
289,2019-06-17,25,12-17,34.0000,1.1744,0.9869,1.4020
289,2019-06-17,25,18-44,57.0000,0.6472,0.5575,0.7516
289,2019-06-17,25,45-64,47.0000,0.6475,0.5539,0.7557
289,2019-06-17,25,65+,25.0000,0.7497,0.6289,0.8913
290,2019-06-18,25,0-5,31.0000,1.1380,0.9481,1.3679
290,2019-06-18,25,6-11,46.0000,1.3598,1.1349,1.6172
290,2019-06-18,25,12-17,26.0000,1.1678,0.9837,1.3950
290,2019-06-18,25,18-44,58.0000,0.6429,0.5557,0.7447
290,2019-06-18,25,45-64,35.0000,0.6407,0.5487,0.7459
290,2019-06-18,25,65+,29.0000,0.7402,0.6222,0.8916
291,2019-06-19,25,0-5,41.0000,1.1397,0.9433,1.3908
291,2019-06-19,25,6-11,38.0000,1.3642,1.1441,1.6243
291,2019-06-19,25,12-17,18.0000,1.1580,0.9701,1.3731
291,2019-06-19,25,18-44,54.0000,0.6376,0.5508,0.7343
291,2019-06-19,25,45-64,34.0000,0.6335,0.5421,0.7332
291,2019-06-19,25,65+,26.0000,0.7300,0.6107,0.8722
292,2019-06-20,25,0-5,26.0000,1.1508,0.9577,1.3984
292,2019-06-20,25,6-11,39.0000,1.3840,1.1721,1.6311
292,2019-06-20,25,12-17,20.0000,1.1561,0.9734,1.3815
292,2019-06-20,25,18-44,63.0000,0.6354,0.5508,0.7363
292,2019-06-20,25,45-64,24.0000,0.6306,0.5406,0.7339
292,2019-06-20,25,65+,18.0000,0.7274,0.6126,0.8639
293,2019-06-21,25,0-5,25.0000,1.1787,0.9825,1.4212
293,2019-06-21,25,6-11,26.0000,1.4402,1.2183,1.6840
293,2019-06-21,25,12-17,25.0000,1.1791,0.9947,1.3998
293,2019-06-21,25,18-44,46.0000,0.6487,0.5647,0.7467
293,2019-06-21,25,45-64,31.0000,0.6430,0.5541,0.7491
293,2019-06-21,25,65+,22.0000,0.7393,0.6235,0.8886
294,2019-06-22,25,0-5,17.0000,1.1809,0.9831,1.4199
294,2019-06-22,25,6-11,27.0000,1.4851,1.2573,1.7628
294,2019-06-22,25,12-17,14.0000,1.2035,1.0190,1.4302
294,2019-06-22,25,18-44,36.0000,0.6613,0.5747,0.7644
294,2019-06-22,25,45-64,20.0000,0.6567,0.5662,0.7621
294,2019-06-22,25,65+,15.0000,0.7525,0.6377,0.8937
295,2019-06-23,26,0-5,20.0000,1.1555,0.9577,1.4044
295,2019-06-23,26,6-11,15.0000,1.4912,1.2540,1.7872
295,2019-06-23,26,12-17,5.0000,1.2253,1.0286,1.4587
295,2019-06-23,26,18-44,11.0000,0.6660,0.5758,0.7730
295,2019-06-23,26,45-64,4.0000,0.6651,0.5719,0.7781
295,2019-06-23,26,65+,2.0000,0.7587,0.6371,0.9051
296,2019-06-24,26,0-5,58.0000,1.0922,0.9066,1.3253
296,2019-06-24,26,6-11,48.0000,1.4466,1.2058,1.7295
296,2019-06-24,26,12-17,25.0000,1.2098,1.0136,1.4451
296,2019-06-24,26,18-44,51.0000,0.6458,0.5546,0.7542
296,2019-06-24,26,45-64,36.0000,0.6508,0.5544,0.7622
296,2019-06-24,26,65+,28.0000,0.7385,0.6174,0.8893
297,2019-06-25,26,0-5,30.0000,1.0313,0.8529,1.2446
297,2019-06-25,26,6-11,49.0000,1.3755,1.1525,1.6632
297,2019-06-25,26,12-17,18.0000,1.1746,0.9878,1.4095
297,2019-06-25,26,18-44,60.0000,0.6168,0.5284,0.7158
297,2019-06-25,26,45-64,31.0000,0.6210,0.5293,0.7294
297,2019-06-25,26,65+,21.0000,0.7017,0.5815,0.8500
298,2019-06-26,26,0-5,25.0000,0.9724,0.8096,1.1738
298,2019-06-26,26,6-11,46.0000,1.3125,1.1000,1.5733
298,2019-06-26,26,12-17,16.0000,1.1390,0.9529,1.3656
298,2019-06-26,26,18-44,45.0000,0.5834,0.5033,0.6793
298,2019-06-26,26,45-64,32.0000,0.5883,0.5028,0.6897
298,2019-06-26,26,65+,20.0000,0.6619,0.5494,0.7985
299,2019-06-27,26,0-5,23.0000,0.9413,0.7842,1.1393
299,2019-06-27,26,6-11,38.0000,1.2756,1.0689,1.5101
299,2019-06-27,26,12-17,21.0000,1.1088,0.9339,1.3266
299,2019-06-27,26,18-44,41.0000,0.5630,0.4877,0.6534
299,2019-06-27,26,45-64,30.0000,0.5652,0.4850,0.6607
299,2019-06-27,26,65+,23.0000,0.6309,0.5271,0.7575
300,2019-06-28,26,0-5,23.0000,0.9389,0.7803,1.1306
300,2019-06-28,26,6-11,33.0000,1.2792,1.0690,1.5549
300,2019-06-28,26,12-17,19.0000,1.1133,0.9359,1.3310
300,2019-06-28,26,18-44,44.0000,0.5623,0.4880,0.6524
300,2019-06-28,26,45-64,30.0000,0.5622,0.4837,0.6533
300,2019-06-28,26,65+,24.0000,0.6223,0.5254,0.7370
301,2019-06-29,26,0-5,21.0000,0.9506,0.7926,1.1392
301,2019-06-29,26,6-11,31.0000,1.3018,1.0915,1.5502
301,2019-06-29,26,12-17,12.0000,1.1214,0.9373,1.3392
301,2019-06-29,26,18-44,27.0000,0.5721,0.4962,0.6630
301,2019-06-29,26,45-64,19.0000,0.5715,0.4916,0.6630
301,2019-06-29,26,65+,9.0000,0.6281,0.5302,0.7484
302,2019-06-30,27,0-5,8.0000,0.9808,0.8149,1.1786
302,2019-06-30,27,6-11,10.0000,1.3354,1.1162,1.5761
302,2019-06-30,27,12-17,5.0000,1.1408,0.9571,1.3686
302,2019-06-30,27,18-44,10.0000,0.5918,0.5108,0.6846
302,2019-06-30,27,45-64,0.0000,0.5919,0.5061,0.6907
302,2019-06-30,27,65+,2.0000,0.6484,0.5444,0.7704
303,2019-07-01,27,0-5,26.0000,1.0031,0.8342,1.2103
303,2019-07-01,27,6-11,54.0000,1.3408,1.1288,1.5867
303,2019-07-01,27,12-17,24.0000,1.1438,0.9591,1.3697
303,2019-07-01,27,18-44,61.0000,0.6036,0.5218,0.7037
303,2019-07-01,27,45-64,31.0000,0.6061,0.5198,0.7113
303,2019-07-01,27,65+,18.0000,0.6619,0.5571,0.7912
304,2019-07-02,27,0-5,14.0000,1.0240,0.8500,1.2393
304,2019-07-02,27,6-11,32.0000,1.3470,1.1357,1.5938
304,2019-07-02,27,12-17,24.0000,1.1432,0.9574,1.3647
304,2019-07-02,27,18-44,31.0000,0.6124,0.5284,0.7205
304,2019-07-02,27,45-64,18.0000,0.6175,0.5278,0.7273
304,2019-07-02,27,65+,16.0000,0.6715,0.5620,0.8094
305,2019-07-03,27,0-5,13.0000,1.0362,0.8599,1.2514
305,2019-07-03,27,6-11,30.0000,1.3531,1.1465,1.6147
305,2019-07-03,27,12-17,14.0000,1.1456,0.9600,1.3655
305,2019-07-03,27,18-44,34.0000,0.6180,0.5352,0.7208
305,2019-07-03,27,45-64,22.0000,0.6235,0.5338,0.7318
305,2019-07-03,27,65+,18.0000,0.6766,0.5706,0.8073
306,2019-07-04,27,0-5,19.0000,1.0485,0.8712,1.2660
306,2019-07-04,27,6-11,43.0000,1.3753,1.1594,1.6269
306,2019-07-04,27,12-17,12.0000,1.1597,0.9740,1.3832
306,2019-07-04,27,18-44,47.0000,0.6271,0.5412,0.7302
306,2019-07-04,27,45-64,27.0000,0.6332,0.5422,0.7414
306,2019-07-04,27,65+,14.0000,0.6922,0.5820,0.8233
307,2019-07-05,27,0-5,19.0000,1.0669,0.8841,1.2854
307,2019-07-05,27,6-11,28.0000,1.4138,1.1938,1.7031
307,2019-07-05,27,12-17,18.0000,1.1866,1.0016,1.4161
307,2019-07-05,27,18-44,33.0000,0.6456,0.5551,0.7474
307,2019-07-05,27,45-64,26.0000,0.6528,0.5569,0.7582
307,2019-07-05,27,65+,14.0000,0.7202,0.6058,0.8584
308,2019-07-06,27,0-5,14.0000,1.0811,0.9047,1.3001
308,2019-07-06,27,6-11,22.0000,1.4637,1.2360,1.7497
308,2019-07-06,27,12-17,13.0000,1.2195,1.0276,1.4517
308,2019-07-06,27,18-44,20.0000,0.6685,0.5771,0.7769
308,2019-07-06,27,45-64,19.0000,0.6733,0.5786,0.7825
308,2019-07-06,27,65+,6.0000,0.7514,0.6324,0.8900
309,2019-07-07,28,0-5,11.0000,1.0896,0.9082,1.3196
309,2019-07-07,28,6-11,11.0000,1.4765,1.2477,1.7487
309,2019-07-07,28,12-17,4.0000,1.2523,1.0538,1.4854
309,2019-07-07,28,18-44,10.0000,0.6824,0.5889,0.7923
309,2019-07-07,28,45-64,4.0000,0.6880,0.5893,0.8021
309,2019-07-07,28,65+,1.0000,0.7724,0.6547,0.9157
310,2019-07-08,28,0-5,26.0000,1.0706,0.8916,1.2931
310,2019-07-08,28,6-11,56.0000,1.4436,1.2205,1.7101
310,2019-07-08,28,12-17,16.0000,1.2563,1.0537,1.4981
310,2019-07-08,28,18-44,52.0000,0.6738,0.5786,0.7838
310,2019-07-08,28,45-64,44.0000,0.6817,0.5828,0.7953
310,2019-07-08,28,65+,17.0000,0.7764,0.6498,0.9274
311,2019-07-09,28,0-5,12.0000,1.0522,0.8774,1.2617
311,2019-07-09,28,6-11,36.0000,1.3950,1.1817,1.6557
311,2019-07-09,28,12-17,12.0000,1.2414,1.0434,1.4799
311,2019-07-09,28,18-44,41.0000,0.6553,0.5664,0.7628
311,2019-07-09,28,45-64,18.0000,0.6655,0.5695,0.7778
311,2019-07-09,28,65+,16.0000,0.7635,0.6373,0.9246
312,2019-07-10,28,0-5,10.0000,1.0363,0.8583,1.2467
312,2019-07-10,28,6-11,35.0000,1.3569,1.1451,1.6213
312,2019-07-10,28,12-17,16.0000,1.2250,1.0262,1.4628
312,2019-07-10,28,18-44,34.0000,0.6383,0.5502,0.7408
312,2019-07-10,28,45-64,19.0000,0.6476,0.5551,0.7591
312,2019-07-10,28,65+,13.0000,0.7449,0.6165,0.9030
313,2019-07-11,28,0-5,11.0000,1.0279,0.8532,1.2451
313,2019-07-11,28,6-11,22.0000,1.3377,1.1305,1.5853
313,2019-07-11,28,12-17,16.0000,1.2010,1.0052,1.4435
313,2019-07-11,28,18-44,35.0000,0.6246,0.5375,0.7275
313,2019-07-11,28,45-64,17.0000,0.6330,0.5418,0.7393
313,2019-07-11,28,65+,26.0000,0.7229,0.6067,0.8714
314,2019-07-12,28,0-5,15.0000,1.0297,0.8505,1.2457
314,2019-07-12,28,6-11,28.0000,1.3343,1.1239,1.5953
314,2019-07-12,28,12-17,16.0000,1.1993,1.0042,1.4298
314,2019-07-12,28,18-44,42.0000,0.6205,0.5339,0.7212
314,2019-07-12,28,45-64,30.0000,0.6274,0.5361,0.7363
314,2019-07-12,28,65+,13.0000,0.7115,0.5925,0.8742
315,2019-07-13,28,0-5,9.0000,1.0279,0.8473,1.2498
315,2019-07-13,28,6-11,28.0000,1.3347,1.1234,1.5867
315,2019-07-13,28,12-17,15.0000,1.1990,1.0003,1.4424
315,2019-07-13,28,18-44,21.0000,0.6212,0.5346,0.7252
315,2019-07-13,28,45-64,10.0000,0.6277,0.5369,0.7357
315,2019-07-13,28,65+,6.0000,0.7094,0.5938,0.8558
316,2019-07-14,29,0-5,12.0000,1.0169,0.8433,1.2306
316,2019-07-14,29,6-11,14.0000,1.3279,1.1170,1.5775
316,2019-07-14,29,12-17,0.0000,1.1965,1.0012,1.4286
316,2019-07-14,29,18-44,4.0000,0.6212,0.5335,0.7211
316,2019-07-14,29,45-64,4.0000,0.6286,0.5345,0.7326
316,2019-07-14,29,65+,2.0000,0.7037,0.5901,0.8489
317,2019-07-15,29,0-5,23.0000,0.9945,0.8144,1.2060
317,2019-07-15,29,6-11,41.0000,1.2965,1.0830,1.5484
317,2019-07-15,29,12-17,24.0000,1.1780,0.9840,1.4073
317,2019-07-15,29,18-44,45.0000,0.6045,0.5165,0.7076
317,2019-07-15,29,45-64,32.0000,0.6129,0.5201,0.7169
317,2019-07-15,29,65+,29.0000,0.6876,0.5743,0.8296
318,2019-07-16,29,0-5,9.0000,0.9689,0.7984,1.1834
318,2019-07-16,29,6-11,27.0000,1.2700,1.0640,1.5178
318,2019-07-16,29,12-17,13.0000,1.1528,0.9602,1.3911
318,2019-07-16,29,18-44,35.0000,0.5845,0.5012,0.6835
318,2019-07-16,29,45-64,20.0000,0.5945,0.5048,0.6979
318,2019-07-16,29,65+,16.0000,0.6727,0.5555,0.8088
319,2019-07-17,29,0-5,9.0000,0.9569,0.7883,1.1647
319,2019-07-17,29,6-11,22.0000,1.2567,1.0487,1.5101
319,2019-07-17,29,12-17,14.0000,1.1308,0.9396,1.3734
319,2019-07-17,29,18-44,36.0000,0.5701,0.4897,0.6651
319,2019-07-17,29,45-64,23.0000,0.5817,0.4948,0.6853
319,2019-07-17,29,65+,8.0000,0.6665,0.5496,0.7978
320,2019-07-18,29,0-5,10.0000,0.9557,0.7883,1.1617
320,2019-07-18,29,6-11,30.0000,1.2608,1.0593,1.5030
320,2019-07-18,29,12-17,16.0000,1.1340,0.9467,1.3686
320,2019-07-18,29,18-44,34.0000,0.5663,0.4880,0.6585
320,2019-07-18,29,45-64,17.0000,0.5818,0.4960,0.6814
320,2019-07-18,29,65+,14.0000,0.6750,0.5572,0.8122
321,2019-07-19,29,0-5,14.0000,0.9748,0.8059,1.1818
321,2019-07-19,29,6-11,25.0000,1.3131,1.1025,1.5566
321,2019-07-19,29,12-17,11.0000,1.1580,0.9710,1.3963
321,2019-07-19,29,18-44,25.0000,0.5794,0.5000,0.6715
321,2019-07-19,29,45-64,17.0000,0.5976,0.5101,0.6986
321,2019-07-19,29,65+,10.0000,0.7017,0.5827,0.8438
322,2019-07-20,29,0-5,4.0000,0.9998,0.8215,1.2148
322,2019-07-20,29,6-11,19.0000,1.3748,1.1469,1.6329
322,2019-07-20,29,12-17,9.0000,1.1757,0.9819,1.4057
322,2019-07-20,29,18-44,18.0000,0.6003,0.5180,0.6950
322,2019-07-20,29,45-64,12.0000,0.6206,0.5315,0.7236
322,2019-07-20,29,65+,4.0000,0.7357,0.6137,0.8798
323,2019-07-21,30,0-5,7.0000,1.0199,0.8425,1.2385
323,2019-07-21,30,6-11,5.0000,1.4391,1.2024,1.7319
323,2019-07-21,30,12-17,1.0000,1.1896,0.9965,1.4312
323,2019-07-21,30,18-44,8.0000,0.6226,0.5341,0.7237
323,2019-07-21,30,45-64,0.0000,0.6427,0.5471,0.7536
323,2019-07-21,30,65+,2.0000,0.7629,0.6335,0.9228
324,2019-07-22,30,0-5,21.0000,1.0311,0.8502,1.2533
324,2019-07-22,30,6-11,30.0000,1.4810,1.2297,1.7836
324,2019-07-22,30,12-17,23.0000,1.1803,0.9880,1.4065
324,2019-07-22,30,18-44,30.0000,0.6360,0.5429,0.7426
324,2019-07-22,30,45-64,25.0000,0.6519,0.5507,0.7698
324,2019-07-22,30,65+,16.0000,0.7688,0.6269,0.9335
325,2019-07-23,30,0-5,11.0000,1.0350,0.8526,1.2589
325,2019-07-23,30,6-11,29.0000,1.4894,1.2343,1.7861
325,2019-07-23,30,12-17,15.0000,1.1497,0.9603,1.3738
325,2019-07-23,30,18-44,19.0000,0.6380,0.5453,0.7469
325,2019-07-23,30,45-64,18.0000,0.6462,0.5479,0.7622
325,2019-07-23,30,65+,24.0000,0.7548,0.6197,0.9127
326,2019-07-24,30,0-5,9.0000,1.0453,0.8618,1.2717
326,2019-07-24,30,6-11,18.0000,1.4850,1.2400,1.7762
326,2019-07-24,30,12-17,12.0000,1.1225,0.9320,1.3521
326,2019-07-24,30,18-44,20.0000,0.6386,0.5473,0.7472
326,2019-07-24,30,45-64,20.0000,0.6393,0.5448,0.7523
326,2019-07-24,30,65+,10.0000,0.7401,0.6112,0.8962
327,2019-07-25,30,0-5,7.0000,1.0681,0.8832,1.2982
327,2019-07-25,30,6-11,27.0000,1.4891,1.2336,1.7759
327,2019-07-25,30,12-17,14.0000,1.1047,0.9242,1.3196
327,2019-07-25,30,18-44,22.0000,0.6435,0.5508,0.7502
327,2019-07-25,30,45-64,19.0000,0.6362,0.5409,0.7478
327,2019-07-25,30,65+,13.0000,0.7314,0.6054,0.8859
328,2019-07-26,30,0-5,10.0000,1.0950,0.9053,1.3275
328,2019-07-26,30,6-11,28.0000,1.4846,1.2450,1.7892
328,2019-07-26,30,12-17,10.0000,1.1077,0.9241,1.3279
328,2019-07-26,30,18-44,24.0000,0.6541,0.5609,0.7713
328,2019-07-26,30,45-64,14.0000,0.6423,0.5469,0.7568
328,2019-07-26,30,65+,15.0000,0.7354,0.6074,0.8866
329,2019-07-27,30,0-5,7.0000,1.1141,0.9227,1.3482
329,2019-07-27,30,6-11,27.0000,1.4464,1.2215,1.7426
329,2019-07-27,30,12-17,11.0000,1.1110,0.9302,1.3227
329,2019-07-27,30,18-44,17.0000,0.6596,0.5647,0.7679
329,2019-07-27,30,45-64,13.0000,0.6454,0.5489,0.7564
329,2019-07-27,30,65+,3.0000,0.7348,0.6085,0.8891
330,2019-07-28,31,0-5,4.0000,1.1411,0.9410,1.3801
330,2019-07-28,31,6-11,13.0000,1.4360,1.2107,1.7099
330,2019-07-28,31,12-17,2.0000,1.1229,0.9372,1.3373
330,2019-07-28,31,18-44,15.0000,0.6649,0.5702,0.7783
330,2019-07-28,31,45-64,1.0000,0.6477,0.5526,0.7617
330,2019-07-28,31,65+,1.0000,0.7356,0.6115,0.8906
331,2019-07-29,31,0-5,11.0000,1.1413,0.9329,1.3832
331,2019-07-29,31,6-11,34.0000,1.3964,1.1749,1.6945
331,2019-07-29,31,12-17,8.0000,1.1265,0.9397,1.3748
331,2019-07-29,31,18-44,37.0000,0.6563,0.5594,0.7736
331,2019-07-29,31,45-64,28.0000,0.6381,0.5408,0.7514
331,2019-07-29,31,65+,15.0000,0.7168,0.5928,0.8659
332,2019-07-30,31,0-5,13.0000,1.1306,0.9328,1.3779
332,2019-07-30,31,6-11,34.0000,1.3640,1.1437,1.6302
332,2019-07-30,31,12-17,9.0000,1.1499,0.9586,1.3795
332,2019-07-30,31,18-44,25.0000,0.6473,0.5521,0.7614
332,2019-07-30,31,45-64,13.0000,0.6294,0.5346,0.7414
332,2019-07-30,31,65+,17.0000,0.7006,0.5830,0.8488
333,2019-07-31,31,0-5,8.0000,1.1104,0.9180,1.3461
333,2019-07-31,31,6-11,18.0000,1.3458,1.1306,1.6042
333,2019-07-31,31,12-17,8.0000,1.1638,0.9664,1.4045
333,2019-07-31,31,18-44,27.0000,0.6407,0.5478,0.7478
333,2019-07-31,31,45-64,13.0000,0.6253,0.5312,0.7330
333,2019-07-31,31,65+,13.0000,0.6885,0.5727,0.8325
334,2019-08-01,31,0-5,11.0000,1.0995,0.9085,1.3288
334,2019-08-01,31,6-11,22.0000,1.3503,1.1353,1.6056
334,2019-08-01,31,12-17,5.0000,1.1980,0.9940,1.4387
334,2019-08-01,31,18-44,28.0000,0.6413,0.5486,0.7507
334,2019-08-01,31,45-64,9.0000,0.6310,0.5366,0.7403
334,2019-08-01,31,65+,7.0000,0.6902,0.5743,0.8284
335,2019-08-02,31,0-5,13.0000,1.0985,0.9109,1.3342
335,2019-08-02,31,6-11,22.0000,1.3853,1.1664,1.6673
335,2019-08-02,31,12-17,12.0000,1.2421,1.0376,1.4915
335,2019-08-02,31,18-44,28.0000,0.6550,0.5639,0.7669
335,2019-08-02,31,45-64,14.0000,0.6498,0.5537,0.7619
335,2019-08-02,31,65+,12.0000,0.7071,0.5882,0.8524
336,2019-08-03,31,0-5,9.0000,1.0982,0.9152,1.3256
336,2019-08-03,31,6-11,12.0000,1.4180,1.1955,1.6970
336,2019-08-03,31,12-17,3.0000,1.2806,1.0705,1.5295
336,2019-08-03,31,18-44,21.0000,0.6750,0.5777,0.7844
336,2019-08-03,31,45-64,9.0000,0.6740,0.5730,0.7857
336,2019-08-03,31,65+,4.0000,0.7299,0.6088,0.8758
337,2019-08-04,32,0-5,6.0000,1.1046,0.9173,1.3333
337,2019-08-04,32,6-11,4.0000,1.4358,1.2053,1.7231
337,2019-08-04,32,12-17,2.0000,1.3111,1.0881,1.5657
337,2019-08-04,32,18-44,5.0000,0.6908,0.5895,0.8086
337,2019-08-04,32,45-64,5.0000,0.6922,0.5877,0.8132
337,2019-08-04,32,65+,2.0000,0.7504,0.6243,0.9038
338,2019-08-05,32,0-5,13.0000,1.0825,0.8921,1.3157
338,2019-08-05,32,6-11,38.0000,1.4067,1.1813,1.6903
338,2019-08-05,32,12-17,20.0000,1.2809,1.0619,1.5431
338,2019-08-05,32,18-44,32.0000,0.6844,0.5833,0.8075
338,2019-08-05,32,45-64,22.0000,0.6899,0.5833,0.8150
338,2019-08-05,32,65+,10.0000,0.7509,0.6220,0.9075
339,2019-08-06,32,0-5,10.0000,1.0569,0.8668,1.2870
339,2019-08-06,32,6-11,22.0000,1.3708,1.1542,1.6401
339,2019-08-06,32,12-17,10.0000,1.2384,1.0248,1.4977
339,2019-08-06,32,18-44,28.0000,0.6728,0.5704,0.7949
339,2019-08-06,32,45-64,16.0000,0.6796,0.5738,0.8068
339,2019-08-06,32,65+,10.0000,0.7415,0.6145,0.9000
340,2019-08-07,32,0-5,9.0000,1.0305,0.8460,1.2548
340,2019-08-07,32,6-11,20.0000,1.3398,1.1204,1.6027
340,2019-08-07,32,12-17,13.0000,1.2051,1.0074,1.4417
340,2019-08-07,32,18-44,25.0000,0.6587,0.5580,0.7774
340,2019-08-07,32,45-64,13.0000,0.6679,0.5645,0.7902
340,2019-08-07,32,65+,12.0000,0.7268,0.6047,0.8807
341,2019-08-08,32,0-5,13.0000,1.0120,0.8374,1.2288
341,2019-08-08,32,6-11,22.0000,1.3202,1.1063,1.5633
341,2019-08-08,32,12-17,11.0000,1.1829,0.9868,1.4249
341,2019-08-08,32,18-44,25.0000,0.6442,0.5479,0.7566
341,2019-08-08,32,45-64,16.0000,0.6556,0.5539,0.7773
341,2019-08-08,32,65+,9.0000,0.7182,0.5963,0.8644
342,2019-08-09,32,0-5,8.0000,1.0182,0.8426,1.2343
342,2019-08-09,32,6-11,21.0000,1.3322,1.1247,1.5822
342,2019-08-09,32,12-17,7.0000,1.1906,0.9885,1.4375
342,2019-08-09,32,18-44,36.0000,0.6435,0.5490,0.7561
342,2019-08-09,32,45-64,16.0000,0.6580,0.5553,0.7871
342,2019-08-09,32,65+,11.0000,0.7244,0.5989,0.8736
343,2019-08-10,32,0-5,2.0000,1.0156,0.8392,1.2328
343,2019-08-10,32,6-11,6.0000,1.3617,1.1441,1.6203
343,2019-08-10,32,12-17,6.0000,1.1996,1.0071,1.4585
343,2019-08-10,32,18-44,17.0000,0.6460,0.5537,0.7582
343,2019-08-10,32,45-64,11.0000,0.6646,0.5658,0.7858
343,2019-08-10,32,65+,4.0000,0.7364,0.6091,0.8883
344,2019-08-11,33,0-5,8.0000,1.0358,0.8516,1.2607
344,2019-08-11,33,6-11,5.0000,1.3903,1.1609,1.6663
344,2019-08-11,33,12-17,0.0000,1.2262,1.0265,1.4808
344,2019-08-11,33,18-44,2.0000,0.6572,0.5624,0.7694
344,2019-08-11,33,45-64,1.0000,0.6789,0.5751,0.8057
344,2019-08-11,33,65+,0.0000,0.7485,0.6150,0.9066
345,2019-08-12,33,0-5,12.0000,1.0416,0.8565,1.2686
345,2019-08-12,33,6-11,29.0000,1.3865,1.1647,1.6603
345,2019-08-12,33,12-17,11.0000,1.2368,1.0258,1.4884
345,2019-08-12,33,18-44,36.0000,0.6556,0.5615,0.7664
345,2019-08-12,33,45-64,18.0000,0.6792,0.5740,0.8062
345,2019-08-12,33,65+,15.0000,0.7498,0.6197,0.9071
346,2019-08-13,33,0-5,7.0000,1.0498,0.8652,1.2743
346,2019-08-13,33,6-11,21.0000,1.3899,1.1701,1.6594
346,2019-08-13,33,12-17,11.0000,1.2292,1.0263,1.4893
346,2019-08-13,33,18-44,23.0000,0.6517,0.5600,0.7614
346,2019-08-13,33,45-64,23.0000,0.6769,0.5716,0.7972
346,2019-08-13,33,65+,10.0000,0.7476,0.6193,0.9049
347,2019-08-14,33,0-5,7.0000,1.0784,0.8855,1.3072
347,2019-08-14,33,6-11,17.0000,1.4091,1.1874,1.6954
347,2019-08-14,33,12-17,12.0000,1.2339,1.0321,1.4833
347,2019-08-14,33,18-44,28.0000,0.6574,0.5665,0.7659
347,2019-08-14,33,45-64,24.0000,0.6800,0.5781,0.8007
347,2019-08-14,33,65+,14.0000,0.7544,0.6256,0.9089
348,2019-08-15,33,0-5,1.0000,1.1179,0.9217,1.3473
348,2019-08-15,33,6-11,7.0000,1.4624,1.2309,1.7417
348,2019-08-15,33,12-17,1.0000,1.2649,1.0568,1.5132
348,2019-08-15,33,18-44,3.0000,0.6825,0.5820,0.7925
348,2019-08-15,33,45-64,3.0000,0.7078,0.5981,0.8367
348,2019-08-15,33,65+,1.0000,0.7861,0.6500,0.9515
349,2019-08-16,33,0-5,14.0000,1.1664,0.9564,1.4124
349,2019-08-16,33,6-11,21.0000,1.5246,1.2793,1.8146
349,2019-08-16,33,12-17,16.0000,1.3024,1.0906,1.5612
349,2019-08-16,33,18-44,28.0000,0.7171,0.6074,0.8359
349,2019-08-16,33,45-64,18.0000,0.7481,0.6278,0.8862
349,2019-08-16,33,65+,10.0000,0.8319,0.6867,1.0009
350,2019-08-17,33,0-5,8.0000,1.2136,0.9959,1.4655
350,2019-08-17,33,6-11,13.0000,1.5766,1.3272,1.8713
350,2019-08-17,33,12-17,6.0000,1.3505,1.1316,1.6054
350,2019-08-17,33,18-44,15.0000,0.7487,0.6433,0.8677
350,2019-08-17,33,45-64,8.0000,0.7889,0.6672,0.9277
350,2019-08-17,33,65+,3.0000,0.8803,0.7303,1.0593
351,2019-08-18,34,0-5,0.0000,1.2604,1.0374,1.5179
351,2019-08-18,34,6-11,6.0000,1.6154,1.3550,1.9312
351,2019-08-18,34,12-17,1.0000,1.4018,1.1769,1.6741
351,2019-08-18,34,18-44,2.0000,0.7803,0.6694,0.9066
351,2019-08-18,34,45-64,3.0000,0.8272,0.6993,0.9776
351,2019-08-18,34,65+,4.0000,0.9235,0.7686,1.1139
352,2019-08-19,34,0-5,13.0000,1.2767,1.0473,1.5547
352,2019-08-19,34,6-11,32.0000,1.6064,1.3476,1.9307
352,2019-08-19,34,12-17,13.0000,1.4187,1.1867,1.6967
352,2019-08-19,34,18-44,24.0000,0.7885,0.6717,0.9249
352,2019-08-19,34,45-64,25.0000,0.8387,0.7022,0.9934
352,2019-08-19,34,65+,9.0000,0.9353,0.7729,1.1334
353,2019-08-20,34,0-5,7.0000,1.2703,1.0456,1.5414
353,2019-08-20,34,6-11,14.0000,1.5799,1.3304,1.8958
353,2019-08-20,34,12-17,6.0000,1.4156,1.1803,1.6992
353,2019-08-20,34,18-44,27.0000,0.7792,0.6675,0.9106
353,2019-08-20,34,45-64,14.0000,0.8286,0.6984,0.9878
353,2019-08-20,34,65+,8.0000,0.9225,0.7641,1.1253
354,2019-08-21,34,0-5,12.0000,1.2693,1.0401,1.5357
354,2019-08-21,34,6-11,19.0000,1.5520,1.2999,1.8624
354,2019-08-21,34,12-17,12.0000,1.4112,1.1737,1.7120
354,2019-08-21,34,18-44,22.0000,0.7697,0.6581,0.9015
354,2019-08-21,34,45-64,22.0000,0.8094,0.6845,0.9608
354,2019-08-21,34,65+,17.0000,0.8910,0.7418,1.0749
355,2019-08-22,34,0-5,10.0000,1.2666,1.0427,1.5469
355,2019-08-22,34,6-11,22.0000,1.5310,1.2891,1.8258
355,2019-08-22,34,12-17,12.0000,1.4153,1.1851,1.6902
355,2019-08-22,34,18-44,16.0000,0.7604,0.6523,0.8962
355,2019-08-22,34,45-64,20.0000,0.7888,0.6690,0.9328
355,2019-08-22,34,65+,13.0000,0.8556,0.7130,1.0289
356,2019-08-23,34,0-5,10.0000,1.2793,1.0594,1.5407
356,2019-08-23,34,6-11,18.0000,1.5421,1.3002,1.8321
356,2019-08-23,34,12-17,3.0000,1.4529,1.2194,1.7376
356,2019-08-23,34,18-44,17.0000,0.7643,0.6600,0.8980
356,2019-08-23,34,45-64,27.0000,0.7813,0.6664,0.9177
356,2019-08-23,34,65+,14.0000,0.8347,0.7004,0.9956
357,2019-08-24,34,0-5,7.0000,1.3126,1.0861,1.5787
357,2019-08-24,34,6-11,19.0000,1.5812,1.3383,1.8698
357,2019-08-24,34,12-17,7.0000,1.5155,1.2687,1.8062
357,2019-08-24,34,18-44,13.0000,0.7865,0.6769,0.9106
357,2019-08-24,34,45-64,15.0000,0.7916,0.6759,0.9299
357,2019-08-24,34,65+,7.0000,0.8343,0.7005,0.9955
358,2019-08-25,35,0-5,0.0000,1.3267,1.0951,1.6137
358,2019-08-25,35,6-11,7.0000,1.6242,1.3676,1.9390
358,2019-08-25,35,12-17,1.0000,1.5715,1.3131,1.8778
358,2019-08-25,35,18-44,5.0000,0.8001,0.6891,0.9348
358,2019-08-25,35,45-64,2.0000,0.8021,0.6829,0.9434
358,2019-08-25,35,65+,1.0000,0.8411,0.7024,1.0093
359,2019-08-26,35,0-5,25.0000,1.3030,1.0658,1.6032
359,2019-08-26,35,6-11,16.0000,1.6317,1.3581,1.9695
359,2019-08-26,35,12-17,18.0000,1.5733,1.2995,1.9115
359,2019-08-26,35,18-44,46.0000,0.7908,0.6742,0.9349
359,2019-08-26,35,45-64,25.0000,0.7932,0.6692,0.9442
359,2019-08-26,35,65+,8.0000,0.8341,0.6880,1.0130
360,2019-08-27,35,0-5,9.0000,1.2714,1.0236,1.5868
360,2019-08-27,35,6-11,15.0000,1.6112,1.3188,1.9754
360,2019-08-27,35,12-17,11.0000,1.5635,1.2725,1.9290
360,2019-08-27,35,18-44,25.0000,0.7704,0.6489,0.9182
360,2019-08-27,35,45-64,21.0000,0.7748,0.6458,0.9310
360,2019-08-27,35,65+,14.0000,0.8189,0.6650,1.0089
361,2019-08-28,35,0-5,11.0000,1.2489,0.9753,1.5998
361,2019-08-28,35,6-11,25.0000,1.5775,1.2599,1.9797
361,2019-08-28,35,12-17,14.0000,1.5450,1.2240,1.9518
361,2019-08-28,35,18-44,37.0000,0.7494,0.6192,0.9089
361,2019-08-28,35,45-64,18.0000,0.7563,0.6172,0.9256
361,2019-08-28,35,65+,8.0000,0.8034,0.6369,1.0125
362,2019-08-29,35,0-5,9.0000,1.2368,0.9276,1.6436
362,2019-08-29,35,6-11,25.0000,1.5477,1.1947,2.0050
362,2019-08-29,35,12-17,18.0000,1.5305,1.1645,2.0012
362,2019-08-29,35,18-44,30.0000,0.7351,0.5916,0.9146
362,2019-08-29,35,45-64,15.0000,0.7433,0.5895,0.9377
362,2019-08-29,35,65+,12.0000,0.7918,0.6085,1.0325
363,2019-08-30,35,0-5,9.0000,1.2366,0.8908,1.7292
363,2019-08-30,35,6-11,19.0000,1.5373,1.1448,2.0918
363,2019-08-30,35,12-17,7.0000,1.5352,1.1187,2.1065
363,2019-08-30,35,18-44,20.0000,0.7323,0.5708,0.9472
363,2019-08-30,35,45-64,21.0000,0.7405,0.5680,0.9705
363,2019-08-30,35,65+,9.0000,0.7889,0.5852,1.0722
364,2019-08-31,35,0-5,14.0000,1.2438,0.8594,1.8336
364,2019-08-31,35,6-11,17.0000,1.5421,1.1040,2.2124
364,2019-08-31,35,12-17,18.0000,1.5416,1.0798,2.2412
364,2019-08-31,35,18-44,22.0000,0.7365,0.5539,0.9928
364,2019-08-31,35,45-64,15.0000,0.7453,0.5513,1.0185
364,2019-08-31,35,65+,9.0000,0.7925,0.5667,1.1306
