day,date,wk,age_group,obs,dR_med,dR_lo,dR_hi,Rj_med,Rj_lo,Rj_hi,Rj_renewal
1,2013-09-01,36,0-5,36.5714,34.9891,29.2011,41.0764,1.4041,1.1251,1.7417,NA
1,2013-09-01,36,6-11,29.4286,27.8409,23.1443,33.6520,1.5702,1.2910,1.9150,NA
1,2013-09-01,36,12-17,16.7143,14.5718,11.4345,17.9130,1.5209,1.2282,1.8680,NA
1,2013-09-01,36,18-44,40.7143,34.5854,28.9618,40.9279,0.9382,0.7642,1.1442,NA
1,2013-09-01,36,45-64,32.2857,29.1337,23.9622,34.4938,0.9962,0.8054,1.2207,NA
1,2013-09-01,36,65+,19.1429,17.2269,13.3879,21.4120,1.1139,0.8865,1.3769,NA
2,2013-09-02,36,0-5,36.0000,34.1485,29.5554,38.9129,1.3795,1.1381,1.6716,7.2947
2,2013-09-02,36,6-11,30.2857,27.0461,23.6011,31.4628,1.5581,1.3102,1.8499,8.2436
2,2013-09-02,36,12-17,17.0000,14.3488,11.8916,17.0229,1.5128,1.2543,1.8187,7.4400
2,2013-09-02,36,18-44,44.2857,38.4390,33.1890,43.9539,0.8951,0.7585,1.0586,4.0909
2,2013-09-02,36,45-64,34.1429,30.6959,26.3831,35.2777,0.9502,0.7965,1.1337,4.2200
2,2013-09-02,36,65+,20.0000,18.2685,15.1883,21.6153,1.0719,0.8785,1.2929,4.7120
3,2013-09-03,36,0-5,34.2857,33.1706,28.7222,38.2285,1.3459,1.1281,1.6030,3.2866
3,2013-09-03,36,6-11,31.5714,26.3549,22.8467,30.4087,1.5165,1.2925,1.7816,3.8776
3,2013-09-03,36,12-17,17.5714,14.4592,12.1224,17.3318,1.4808,1.2448,1.7626,3.5175
3,2013-09-03,36,18-44,45.0000,42.1891,35.6167,49.4854,0.8447,0.7300,0.9817,1.9228
3,2013-09-03,36,45-64,36.7143,32.5950,27.8279,38.3818,0.8933,0.7638,1.0450,2.0237
3,2013-09-03,36,65+,22.7143,19.6836,16.4539,23.5026,1.0082,0.8459,1.2005,2.3155
4,2013-09-04,36,0-5,35.0000,32.4915,27.5660,37.9940,1.3080,1.1008,1.5550,2.2819
4,2013-09-04,36,6-11,30.2857,25.8806,22.1543,30.5043,1.4656,1.2539,1.7190,2.5770
4,2013-09-04,36,12-17,17.4286,14.8940,12.3948,18.3192,1.4344,1.2157,1.6955,2.3715
4,2013-09-04,36,18-44,46.2857,44.3752,36.8444,53.2678,0.7967,0.6893,0.9190,1.3198
4,2013-09-04,36,45-64,37.8571,34.2706,28.6583,41.3253,0.8350,0.7163,0.9717,1.3929
4,2013-09-04,36,65+,24.5714,21.1330,17.3294,25.4396,0.9370,0.7924,1.1089,1.6159
5,2013-09-05,36,0-5,35.2857,32.0970,26.9144,38.0837,1.2713,1.0682,1.5132,1.8371
5,2013-09-05,36,6-11,30.0000,25.6164,21.4293,30.5304,1.4131,1.2081,1.6560,2.0454
5,2013-09-05,36,12-17,17.2857,15.5921,12.7405,19.3008,1.3863,1.1760,1.6408,1.8736
5,2013-09-05,36,18-44,46.7143,45.7544,37.7723,54.9982,0.7536,0.6544,0.8678,1.0500
5,2013-09-05,36,45-64,38.1429,35.6362,29.4167,43.1203,0.7834,0.6739,0.9109,1.1027
5,2013-09-05,36,65+,24.7143,22.3438,18.2203,27.0799,0.8732,0.7393,1.0320,1.2733
6,2013-09-06,36,0-5,32.4286,31.8981,26.6575,38.0842,1.2398,1.0400,1.4862,1.5247
6,2013-09-06,36,6-11,27.7143,25.4520,21.0958,30.7192,1.3688,1.1681,1.6100,1.7130
6,2013-09-06,36,12-17,18.5714,16.4434,13.3170,20.4231,1.3375,1.1344,1.5781,1.6775
6,2013-09-06,36,18-44,47.4286,46.9497,38.5860,56.1480,0.7174,0.6206,0.8292,0.9024
6,2013-09-06,36,45-64,37.5714,36.7026,30.2244,44.3647,0.7392,0.6359,0.8618,0.9540
6,2013-09-06,36,65+,25.2857,23.0850,18.6825,28.0687,0.8165,0.6927,0.9664,1.1030
7,2013-09-07,36,0-5,33.5714,31.8933,26.5515,38.4366,1.2242,1.0266,1.4685,1.4347
7,2013-09-07,36,6-11,26.0000,25.3058,21.0707,30.7178,1.3381,1.1391,1.5752,1.5326
7,2013-09-07,36,12-17,18.5714,17.2200,13.9161,21.2589,1.3009,1.1012,1.5376,1.5126
7,2013-09-07,36,18-44,47.7143,47.8255,39.3019,56.8858,0.6929,0.5991,0.8014,0.8185
7,2013-09-07,36,45-64,35.8571,37.4606,30.9965,44.8815,0.7093,0.6080,0.8251,0.8535
7,2013-09-07,36,65+,25.0000,23.4381,19.0169,28.6463,0.7774,0.6570,0.9184,0.9866
8,2013-09-08,37,0-5,32.2857,31.9845,26.5767,38.4294,1.2267,1.0253,1.4752,1.3150
8,2013-09-08,37,6-11,25.0000,25.2541,20.8324,30.5802,1.3247,1.1314,1.5567,1.4146
8,2013-09-08,37,12-17,18.1429,17.8927,14.5515,21.9111,1.2784,1.0781,1.5206,1.3967
8,2013-09-08,37,18-44,44.7143,48.2692,39.8567,57.3008,0.6817,0.5917,0.7883,0.7522
8,2013-09-08,37,45-64,36.2857,37.6823,31.4508,45.2317,0.6921,0.5956,0.8100,0.7907
8,2013-09-08,37,65+,24.1429,23.3816,19.1606,28.3526,0.7514,0.6365,0.8900,0.9087
9,2013-09-09,37,0-5,32.0000,32.1236,26.8823,38.8140,1.2398,1.0284,1.4902,1.2715
9,2013-09-09,37,6-11,24.2857,25.1640,20.6664,30.4571,1.3241,1.1308,1.5706,1.3567
9,2013-09-09,37,12-17,17.1429,18.4065,15.0248,22.5837,1.2645,1.0608,1.4941,1.3004
9,2013-09-09,37,18-44,44.4286,48.5310,40.4783,57.7187,0.6776,0.5876,0.7832,0.7163
9,2013-09-09,37,45-64,35.2857,37.7827,31.6504,45.5867,0.6828,0.5850,0.7941,0.7435
9,2013-09-09,37,65+,22.1429,22.9552,18.7959,27.7985,0.7364,0.6238,0.8723,0.8372
10,2013-09-10,37,0-5,31.7143,32.3306,27.0082,39.1255,1.2602,1.0466,1.5347,1.2604
10,2013-09-10,37,6-11,23.1429,25.0124,20.5897,30.3361,1.3341,1.1365,1.5752,1.3294
10,2013-09-10,37,12-17,17.5714,18.8224,15.2886,23.0977,1.2554,1.0597,1.4925,1.3039
10,2013-09-10,37,18-44,45.5714,48.6480,40.6626,57.9603,0.6790,0.5896,0.7852,0.7116
10,2013-09-10,37,45-64,35.4286,37.4983,31.4494,44.9212,0.6785,0.5834,0.7909,0.7333
10,2013-09-10,37,65+,20.2857,22.2882,18.3238,26.9307,0.7311,0.6197,0.8677,0.8009
11,2013-09-11,37,0-5,30.1429,32.6602,27.1423,39.5571,1.2907,1.0732,1.5518,1.2172
11,2013-09-11,37,6-11,23.1429,24.9079,20.4952,30.0989,1.3410,1.1371,1.5834,1.3275
11,2013-09-11,37,12-17,17.5714,18.9796,15.4228,23.2558,1.2430,1.0487,1.4810,1.2983
11,2013-09-11,37,18-44,44.5714,48.4885,40.6940,57.2475,0.6828,0.5896,0.7883,0.7016
11,2013-09-11,37,45-64,36.0000,36.9252,30.7357,44.0930,0.6789,0.5795,0.7930,0.7259
11,2013-09-11,37,65+,18.8571,21.4877,17.7082,26.0205,0.7323,0.6173,0.8713,0.7779
12,2013-09-12,37,0-5,32.7143,33.2042,27.6162,40.1841,1.3197,1.0933,1.5875,1.2929
12,2013-09-12,37,6-11,24.8571,24.7670,20.3408,29.8818,1.3398,1.1388,1.5839,1.4013
12,2013-09-12,37,12-17,18.8571,18.9673,15.3236,23.1596,1.2281,1.0373,1.4630,1.3504
12,2013-09-12,37,18-44,44.4286,48.0781,40.2454,57.0403,0.6840,0.5929,0.7919,0.7165
12,2013-09-12,37,45-64,35.4286,35.8010,29.6176,42.7876,0.6755,0.5801,0.7917,0.7313
12,2013-09-12,37,65+,18.4286,20.6259,16.8308,25.0742,0.7325,0.6186,0.8694,0.7797
13,2013-09-13,37,0-5,32.4286,33.9440,28.1224,40.7761,1.3322,1.1089,1.6183,1.3281
13,2013-09-13,37,6-11,26.4286,24.5460,20.1507,29.7471,1.3302,1.1311,1.5652,1.4918
13,2013-09-13,37,12-17,19.7143,18.7572,15.1916,22.8855,1.2063,1.0159,1.4310,1.4088
13,2013-09-13,37,18-44,49.0000,47.3944,39.4633,55.9268,0.6795,0.5879,0.7864,0.7558
13,2013-09-13,37,45-64,35.5714,34.5755,28.8710,41.1537,0.6693,0.5737,0.7812,0.7649
13,2013-09-13,37,65+,19.1429,19.8345,16.0876,24.2106,0.7308,0.6157,0.8696,0.8172
14,2013-09-14,37,0-5,33.5714,34.8438,28.8280,41.7969,1.3401,1.1131,1.6291,1.3879
14,2013-09-14,37,6-11,26.0000,24.2841,19.9825,29.3791,1.3130,1.1156,1.5476,1.5207
14,2013-09-14,37,12-17,19.0000,18.3961,14.9934,22.4678,1.1816,0.9967,1.4036,1.4227
14,2013-09-14,37,18-44,52.8571,46.4178,38.8111,54.5748,0.6737,0.5830,0.7800,0.8041
14,2013-09-14,37,45-64,39.1429,33.2922,27.9168,39.9863,0.6647,0.5687,0.7744,0.8256
14,2013-09-14,37,65+,22.0000,19.0711,15.5147,23.2650,0.7322,0.6158,0.8710,0.9058
15,2013-09-15,38,0-5,34.0000,35.8451,29.8264,42.8852,1.3419,1.1102,1.6252,1.3431
15,2013-09-15,38,6-11,25.0000,23.8914,19.6624,28.9070,1.2990,1.1058,1.5329,1.4268
15,2013-09-15,38,12-17,19.0000,17.9150,14.6144,21.9285,1.1670,0.9800,1.3900,1.3396
15,2013-09-15,38,18-44,50.4286,45.4983,38.1621,53.9531,0.6732,0.5806,0.7795,0.7433
15,2013-09-15,38,45-64,34.4286,32.1574,27.0367,38.6858,0.6677,0.5687,0.7824,0.7470
15,2013-09-15,38,65+,20.0000,18.6043,15.1592,22.6877,0.7433,0.6229,0.8898,0.8154
16,2013-09-16,38,0-5,33.7143,36.9563,30.9000,44.0990,1.3322,1.1065,1.6087,1.2682
16,2013-09-16,38,6-11,23.2857,23.5341,19.3154,28.3861,1.2981,1.1005,1.5281,1.3077
16,2013-09-16,38,12-17,18.7143,17.3654,14.1788,21.3333,1.1648,0.9839,1.3837,1.2532
16,2013-09-16,38,18-44,45.1429,44.6581,37.5641,53.2770,0.6809,0.5897,0.7869,0.6744
16,2013-09-16,38,45-64,30.7143,31.3826,26.3030,37.8124,0.6840,0.5847,0.7994,0.6730
16,2013-09-16,38,65+,18.2857,18.3923,14.7932,22.6213,0.7674,0.6434,0.9153,0.7366
17,2013-09-17,38,0-5,39.8571,37.9492,31.8253,45.2289,1.3141,1.0947,1.5816,1.3620
17,2013-09-17,38,6-11,23.1429,23.0473,18.9476,27.8284,1.3045,1.1125,1.5379,1.2658
17,2013-09-17,38,12-17,16.7143,16.7244,13.5420,20.6590,1.1829,1.0043,1.3970,1.1222
17,2013-09-17,38,18-44,40.8571,43.9628,37.1594,52.6567,0.6995,0.6067,0.8085,0.6304
17,2013-09-17,38,45-64,25.8571,31.1659,25.7753,37.6899,0.7172,0.6159,0.8373,0.6002
17,2013-09-17,38,65+,15.7143,18.3888,14.7448,22.7009,0.8102,0.6822,0.9618,0.6534
18,2013-09-18,38,0-5,41.4286,38.4843,32.2356,45.8411,1.2906,1.0734,1.5442,1.4019
18,2013-09-18,38,6-11,23.5714,22.6025,18.4954,27.2821,1.3259,1.1313,1.5638,1.3184
18,2013-09-18,38,12-17,16.0000,16.1076,13.0022,19.9740,1.2216,1.0406,1.4426,1.1415
18,2013-09-18,38,18-44,42.5714,43.6649,36.6370,52.2307,0.7278,0.6313,0.8438,0.6613
18,2013-09-18,38,45-64,26.5714,31.4688,26.0973,38.0124,0.7640,0.6551,0.8972,0.6345
18,2013-09-18,38,65+,16.7143,18.7241,14.8952,23.3501,0.8671,0.7318,1.0318,0.7018
19,2013-09-19,38,0-5,42.0000,38.3260,32.1155,45.6819,1.2668,1.0605,1.5177,1.3888
19,2013-09-19,38,6-11,22.4286,22.0847,17.8916,26.9042,1.3581,1.1626,1.5912,1.3001
19,2013-09-19,38,12-17,15.2857,15.4334,12.4954,19.0435,1.2765,1.0856,1.4982,1.1442
19,2013-09-19,38,18-44,42.2857,43.6729,36.7319,52.2662,0.7661,0.6627,0.8848,0.6677
19,2013-09-19,38,45-64,26.8571,32.5803,27.0857,39.4003,0.8246,0.7032,0.9621,0.6503
19,2013-09-19,38,65+,17.2857,19.1996,15.3488,23.8615,0.9368,0.7866,1.1054,0.7302
20,2013-09-20,38,0-5,42.0000,37.5099,31.6351,44.6922,1.2521,1.0558,1.4942,1.3718
20,2013-09-20,38,6-11,20.1429,21.6413,17.5000,26.4070,1.3984,1.1971,1.6337,1.2640
20,2013-09-20,38,12-17,13.2857,14.8039,11.9996,18.3543,1.3347,1.1375,1.5654,1.1382
20,2013-09-20,38,18-44,41.7143,44.2802,36.9726,53.2575,0.8077,0.6989,0.9317,0.6951
20,2013-09-20,38,45-64,32.0000,34.3135,28.5910,41.7176,0.8874,0.7587,1.0315,0.7100
20,2013-09-20,38,65+,18.8571,19.9789,16.1423,24.6621,1.0077,0.8503,1.1922,0.8068
21,2013-09-21,38,0-5,37.0000,36.1519,30.4159,43.1502,1.2505,1.0473,1.4873,1.2284
21,2013-09-21,38,6-11,19.5714,21.1625,17.2005,25.6799,1.4378,1.2314,1.6829,1.2296
21,2013-09-21,38,12-17,13.2857,14.2501,11.4438,17.6324,1.3891,1.1847,1.6293,1.1526
21,2013-09-21,38,18-44,38.7143,45.5792,37.8633,54.4680,0.8479,0.7324,0.9811,0.6685
21,2013-09-21,38,45-64,32.8571,37.0723,30.8568,44.3821,0.9437,0.8057,1.1052,0.7015
21,2013-09-21,38,65+,17.7143,21.0709,17.1668,25.9678,1.0741,0.9058,1.2654,0.7837
22,2013-09-22,39,0-5,35.4286,34.3371,28.7878,40.9211,1.2418,1.0459,1.4726,1.2731
22,2013-09-22,39,6-11,20.0000,20.6976,16.8053,25.2157,1.4611,1.2544,1.7049,1.3501
22,2013-09-22,39,12-17,12.5714,13.7696,10.9317,16.9898,1.4236,1.2146,1.6723,1.2573
22,2013-09-22,39,18-44,44.4286,47.3334,39.4530,56.5393,0.8755,0.7538,1.0121,0.7628
22,2013-09-22,39,45-64,39.8571,40.2479,33.5844,47.9518,0.9826,0.8366,1.1498,0.8240
22,2013-09-22,39,65+,20.7143,22.3708,18.2203,27.4741,1.1183,0.9444,1.3254,0.9232
23,2013-09-23,39,0-5,34.7143,32.2571,26.8342,38.6515,1.2265,1.0325,1.4577,1.3440
23,2013-09-23,39,6-11,21.2857,20.2925,16.4243,24.7047,1.4589,1.2540,1.7077,1.4948
23,2013-09-23,39,12-17,13.0000,13.2880,10.5195,16.4001,1.4268,1.2201,1.6717,1.3893
23,2013-09-23,39,18-44,50.7143,49.2179,41.1641,58.5141,0.8768,0.7578,1.0143,0.8551
23,2013-09-23,39,45-64,45.2857,43.5637,36.3694,51.4765,0.9841,0.8420,1.1498,0.9354
23,2013-09-23,39,65+,25.1429,23.9122,19.4952,29.0711,1.1200,0.9440,1.3285,1.0677
24,2013-09-24,39,0-5,29.1429,30.0567,24.9696,36.3288,1.2062,1.0203,1.4359,1.2961
24,2013-09-24,39,6-11,20.5714,19.7966,16.0927,24.3124,1.4381,1.2330,1.6794,1.5490
24,2013-09-24,39,12-17,13.8571,12.9265,10.2228,16.0424,1.3988,1.1920,1.6352,1.5387
24,2013-09-24,39,18-44,56.1429,51.0009,42.7725,60.5089,0.8579,0.7400,0.9947,0.9336
24,2013-09-24,39,45-64,55.4286,46.2946,38.7473,55.0242,0.9563,0.8163,1.1197,1.0596
24,2013-09-24,39,65+,30.2857,25.4590,20.7481,30.6765,1.0874,0.9187,1.2903,1.2149
25,2013-09-25,39,0-5,26.7143,28.1024,23.0759,33.9687,1.1841,1.0042,1.4079,1.2479
25,2013-09-25,39,6-11,19.2857,19.4435,15.7528,23.9109,1.4029,1.2037,1.6444,1.4871
25,2013-09-25,39,12-17,13.7143,12.6623,10.0364,15.8651,1.3536,1.1552,1.5880,1.4999
25,2013-09-25,39,18-44,57.2857,52.6573,44.2529,62.6292,0.8263,0.7152,0.9591,0.9104
25,2013-09-25,39,45-64,57.4286,48.6981,40.7511,57.3575,0.9117,0.7817,1.0695,1.0333
25,2013-09-25,39,65+,31.8571,26.9379,21.9878,32.3682,1.0356,0.8764,1.2270,1.1832
26,2013-09-26,39,0-5,23.0000,26.3404,21.7062,31.8649,1.1731,0.9867,1.3929,1.1664
26,2013-09-26,39,6-11,19.1429,19.1803,15.5520,23.5236,1.3709,1.1734,1.6108,1.4443
26,2013-09-26,39,12-17,13.4286,12.6112,10.0160,15.7585,1.3067,1.1131,1.5367,1.4303
26,2013-09-26,39,18-44,58.0000,53.9739,45.3332,63.9519,0.7951,0.6863,0.9228,0.8678
26,2013-09-26,39,45-64,57.1429,50.3652,42.4129,59.6019,0.8677,0.7438,1.0153,0.9757
26,2013-09-26,39,65+,31.2857,28.2024,23.0988,34.3315,0.9854,0.8379,1.1671,1.1013
27,2013-09-27,39,0-5,23.0000,24.9675,20.6384,30.2067,1.1658,0.9799,1.3933,1.1629
27,2013-09-27,39,6-11,19.8571,18.9357,15.3363,23.3608,1.3397,1.1456,1.5681,1.4254
27,2013-09-27,39,12-17,12.5714,12.6433,10.0411,15.8375,1.2680,1.0819,1.4854,1.3253
27,2013-09-27,39,18-44,56.1429,55.0661,46.3523,65.2155,0.7706,0.6653,0.8927,0.8209
27,2013-09-27,39,45-64,53.7143,51.4377,43.4225,60.8650,0.8318,0.7130,0.9699,0.9057
27,2013-09-27,39,65+,31.5714,29.3477,24.1809,35.5752,0.9436,0.7976,1.1145,1.0333
28,2013-09-28,39,0-5,24.1429,23.9720,19.8460,29.0730,1.1632,0.9790,1.3895,1.2030
28,2013-09-28,39,6-11,19.2857,18.7112,15.1563,23.0977,1.3144,1.1233,1.5370,1.3921
28,2013-09-28,39,12-17,12.2857,12.7534,10.1166,15.9207,1.2374,1.0511,1.4571,1.2769
28,2013-09-28,39,18-44,55.5714,55.6208,47.1103,66.3404,0.7518,0.6483,0.8719,0.7987
28,2013-09-28,39,45-64,51.5714,51.8067,43.5945,61.4623,0.8057,0.6896,0.9389,0.8651
28,2013-09-28,39,65+,30.8571,30.2686,24.9234,36.7281,0.9135,0.7731,1.0806,0.9821
29,2013-09-29,40,0-5,23.1429,23.3445,19.2498,28.4314,1.1700,0.9849,1.4023,1.2093
29,2013-09-29,40,6-11,19.7143,18.5026,15.0041,22.7096,1.3014,1.1110,1.5244,1.4173
29,2013-09-29,40,12-17,12.4286,12.8647,10.1965,15.9840,1.2148,1.0354,1.4268,1.2887
29,2013-09-29,40,18-44,56.8571,55.7784,47.3328,66.3681,0.7418,0.6412,0.8596,0.8047
29,2013-09-29,40,45-64,51.5714,51.5650,43.0838,61.1340,0.7911,0.6769,0.9222,0.8656
29,2013-09-29,40,65+,31.0000,30.8552,25.3702,37.2609,0.8992,0.7595,1.0635,0.9769
30,2013-09-30,40,0-5,21.4286,22.9418,18.9070,27.9256,1.1794,0.9898,1.4058,1.1188
30,2013-09-30,40,6-11,17.7143,18.2711,14.7717,22.4644,1.2984,1.1075,1.5237,1.2815
30,2013-09-30,40,12-17,12.1429,12.9544,10.2405,16.1021,1.2020,1.0231,1.4130,1.2041
30,2013-09-30,40,18-44,50.5714,55.4700,46.9960,66.0999,0.7390,0.6375,0.8573,0.7288
30,2013-09-30,40,45-64,47.1429,50.9008,42.9309,60.1381,0.7872,0.6732,0.9201,0.7830
30,2013-09-30,40,65+,27.7143,31.1464,25.8058,37.6659,0.8995,0.7588,1.0636,0.8758
31,2013-10-01,40,0-5,23.1429,22.6247,18.6353,27.6406,1.1921,0.9966,1.4278,1.2260
31,2013-10-01,40,6-11,17.5714,18.0320,14.6242,22.2039,1.3055,1.1142,1.5336,1.3412
31,2013-10-01,40,12-17,13.4286,12.9083,10.2060,16.1100,1.1919,1.0137,1.4003,1.2981
31,2013-10-01,40,18-44,54.1429,54.8744,46.3602,64.8748,0.7413,0.6417,0.8605,0.7755
31,2013-10-01,40,45-64,46.8571,50.0699,42.0744,59.0444,0.7904,0.6780,0.9227,0.8230
31,2013-10-01,40,65+,29.4286,31.2447,25.8192,37.9072,0.9074,0.7662,1.0749,0.9261
32,2013-10-02,40,0-5,24.7143,22.4259,18.5060,27.3689,1.2081,1.0151,1.4426,1.2834
32,2013-10-02,40,6-11,17.7143,17.7931,14.3849,21.8613,1.3161,1.1248,1.5499,1.3613
32,2013-10-02,40,12-17,13.8571,12.6775,10.0383,15.8899,1.1832,1.0037,1.3880,1.3156
32,2013-10-02,40,18-44,53.0000,53.9196,45.5651,64.0022,0.7482,0.6467,0.8672,0.7798
32,2013-10-02,40,45-64,45.8571,49.1418,41.3581,58.1271,0.7976,0.6839,0.9331,0.8206
32,2013-10-02,40,65+,28.8571,31.2444,26.0264,37.8234,0.9223,0.7771,1.0949,0.9212
33,2013-10-03,40,0-5,24.0000,22.2979,18.5023,27.2935,1.2204,1.0232,1.4608,1.2647
33,2013-10-03,40,6-11,16.7143,17.4853,14.1508,21.6463,1.3328,1.1361,1.5598,1.3338
33,2013-10-03,40,12-17,13.5714,12.3393,9.7775,15.4022,1.1742,0.9994,1.3805,1.3018
33,2013-10-03,40,18-44,52.2857,52.6946,44.4500,62.1893,0.7535,0.6515,0.8733,0.7766
33,2013-10-03,40,45-64,45.5714,48.1381,40.6551,56.7183,0.8049,0.6899,0.9404,0.8224
33,2013-10-03,40,65+,29.2857,31.2148,25.9615,37.7704,0.9341,0.7888,1.1105,0.9311
34,2013-10-04,40,0-5,21.4286,22.1932,18.3888,27.1944,1.2447,1.0434,1.4875,1.2254
34,2013-10-04,40,6-11,16.4286,17.3198,13.9442,21.3919,1.3516,1.1494,1.5886,1.3669
34,2013-10-04,40,12-17,13.2857,11.8836,9.3707,14.8887,1.1723,0.9964,1.3764,1.3385
34,2013-10-04,40,18-44,54.5714,51.3302,43.4671,61.1706,0.7622,0.6566,0.8841,0.8117
34,2013-10-04,40,45-64,49.2857,47.3282,40.0483,56.1134,0.8153,0.6956,0.9530,0.8773
34,2013-10-04,40,65+,31.5714,31.1825,25.8367,37.3721,0.9482,0.7987,1.1228,1.0010
35,2013-10-05,40,0-5,21.2857,22.2660,18.4269,27.2022,1.2704,1.0629,1.5135,1.2263
35,2013-10-05,40,6-11,17.4286,17.2113,13.8619,21.1953,1.3769,1.1709,1.6198,1.4002
35,2013-10-05,40,12-17,12.2857,11.3738,8.9438,14.2727,1.1804,1.0075,1.3812,1.2863
35,2013-10-05,40,18-44,53.5714,50.1607,42.6124,59.5361,0.7739,0.6674,0.8979,0.8038
35,2013-10-05,40,45-64,48.0000,46.6681,39.6281,55.6569,0.8275,0.7068,0.9699,0.8640
35,2013-10-05,40,65+,32.0000,31.0940,25.7801,37.3363,0.9609,0.8100,1.1367,0.9968
36,2013-10-06,41,0-5,22.1429,22.4396,18.5130,27.4214,1.2975,1.0921,1.5510,1.1754
36,2013-10-06,41,6-11,15.5714,17.2328,13.8889,21.1232,1.4027,1.1979,1.6442,1.2435
36,2013-10-06,41,12-17,11.4286,10.8679,8.5646,13.6567,1.1931,1.0201,1.3933,1.1478
36,2013-10-06,41,18-44,44.8571,49.0713,41.5670,58.5281,0.7886,0.6822,0.9117,0.7064
36,2013-10-06,41,45-64,41.1429,46.4288,39.2445,55.4918,0.8426,0.7218,0.9857,0.7519
36,2013-10-06,41,65+,29.0000,31.0427,25.7943,37.2236,0.9749,0.8216,1.1528,0.8794
37,2013-10-07,41,0-5,24.4286,22.7675,18.8580,27.8166,1.3315,1.1130,1.5867,1.3320
37,2013-10-07,41,6-11,17.7143,17.2862,14.0042,21.3674,1.4255,1.2182,1.6804,1.4321
37,2013-10-07,41,12-17,11.0000,10.3850,8.1039,13.1419,1.2148,1.0375,1.4215,1.2570
37,2013-10-07,41,18-44,49.5714,48.3706,40.6906,57.8155,0.8037,0.6966,0.9330,0.8139
37,2013-10-07,41,45-64,49.1429,46.5432,39.0560,55.7162,0.8569,0.7343,1.0055,0.8761
37,2013-10-07,41,65+,32.8571,31.0998,25.8161,37.3739,0.9846,0.8311,1.1697,1.0221
38,2013-10-08,41,0-5,22.1429,23.2435,19.1231,28.1266,1.3675,1.1457,1.6286,1.2336
38,2013-10-08,41,6-11,18.1429,17.3847,14.1299,21.4861,1.4557,1.2412,1.7107,1.4045
38,2013-10-08,41,12-17,9.1429,9.9882,7.7608,12.5805,1.2493,1.0659,1.4643,1.1563
38,2013-10-08,41,18-44,46.2857,47.8789,40.3390,57.4402,0.8255,0.7138,0.9566,0.7741
38,2013-10-08,41,45-64,47.7143,46.7892,39.0732,55.6831,0.8775,0.7487,1.0261,0.8386
38,2013-10-08,41,65+,31.7143,30.9516,25.6616,37.4664,0.9927,0.8414,1.1758,0.9821
39,2013-10-09,41,0-5,20.8571,23.7742,19.5594,28.7588,1.3995,1.1759,1.6688,1.2051
39,2013-10-09,41,6-11,18.4286,17.5393,14.3140,21.7491,1.4836,1.2666,1.7391,1.4117
39,2013-10-09,41,12-17,8.0000,9.6990,7.5220,12.3065,1.2925,1.1025,1.5089,1.1173
39,2013-10-09,41,18-44,47.2857,48.0091,40.1058,57.3930,0.8506,0.7342,0.9836,0.7718
39,2013-10-09,41,45-64,46.8571,47.1913,39.1306,56.3388,0.9009,0.7688,1.0518,0.8312
39,2013-10-09,41,65+,30.7143,30.7506,25.2990,36.9039,1.0049,0.8517,1.1852,0.9646
40,2013-10-10,41,0-5,24.7143,24.3542,19.9194,29.4251,1.4254,1.2046,1.6947,1.3359
40,2013-10-10,41,6-11,18.4286,17.6690,14.4012,21.9363,1.5143,1.2996,1.7694,1.4303
40,2013-10-10,41,12-17,7.8571,9.5646,7.4010,12.1252,1.3438,1.1470,1.5760,1.1368
40,2013-10-10,41,18-44,47.0000,48.7494,40.6323,58.1680,0.8772,0.7589,1.0157,0.7927
40,2013-10-10,41,45-64,47.1429,47.8026,39.4086,56.6467,0.9278,0.7926,1.0818,0.8445
40,2013-10-10,41,65+,31.0000,30.4680,25.0911,36.4687,1.0200,0.8648,1.2006,0.9797
41,2013-10-11,41,0-5,27.0000,25.0325,20.4744,30.1666,1.4406,1.2114,1.7107,1.3885
41,2013-10-11,41,6-11,18.4286,17.8344,14.4495,22.0994,1.5434,1.3245,1.8045,1.4176
41,2013-10-11,41,12-17,8.1429,9.5888,7.4652,12.1587,1.3941,1.1877,1.6337,1.1394
41,2013-10-11,41,18-44,46.4286,50.2267,42.1026,59.7791,0.9010,0.7785,1.0441,0.7798
41,2013-10-11,41,45-64,44.0000,48.5656,40.3797,57.9043,0.9505,0.8139,1.1145,0.8141
41,2013-10-11,41,65+,29.0000,30.0654,24.8174,36.0665,1.0295,0.8746,1.2185,0.9337
42,2013-10-12,41,0-5,25.8571,25.5458,20.9887,31.0113,1.4435,1.2144,1.7125,1.3555
42,2013-10-12,41,6-11,17.2857,17.9427,14.4590,22.3662,1.5635,1.3400,1.8265,1.3990
42,2013-10-12,41,12-17,9.0000,9.7114,7.5795,12.4349,1.4337,1.2214,1.6768,1.2253
42,2013-10-12,41,18-44,48.8571,52.3168,43.9626,61.7874,0.9178,0.7911,1.0670,0.8016
42,2013-10-12,41,45-64,45.8571,49.6177,41.4870,58.9730,0.9673,0.8258,1.1301,0.8465
42,2013-10-12,41,65+,28.5714,29.6625,24.5693,35.7690,1.0339,0.8780,1.2164,0.9526
43,2013-10-13,42,0-5,26.8571,25.9511,21.2036,31.4032,1.4266,1.2009,1.6948,1.4693
43,2013-10-13,42,6-11,19.1429,18.0777,14.6139,22.3749,1.5647,1.3381,1.8290,1.5888
43,2013-10-13,42,12-17,9.8571,9.9961,7.7808,12.8145,1.4518,1.2358,1.7053,1.4163
43,2013-10-13,42,18-44,57.5714,54.7643,45.9802,64.7561,0.9185,0.7894,1.0687,0.9287
43,2013-10-13,42,45-64,55.4286,50.8601,42.3813,60.5640,0.9674,0.8244,1.1339,0.9953
43,2013-10-13,42,65+,31.7143,29.0932,24.2868,35.2639,1.0263,0.8692,1.2108,1.1007
44,2013-10-14,42,0-5,25.8571,26.2268,21.4582,31.8008,1.3979,1.1773,1.6558,1.4237
44,2013-10-14,42,6-11,19.5714,18.2940,14.8156,22.6077,1.5546,1.3317,1.8123,1.5882
44,2013-10-14,42,12-17,10.7143,10.3927,8.0732,13.2590,1.4532,1.2373,1.7062,1.4392
44,2013-10-14,42,18-44,60.5714,57.3262,48.2301,67.9434,0.9095,0.7831,1.0558,0.9201
44,2013-10-14,42,45-64,54.8571,52.1165,43.4491,62.1121,0.9582,0.8182,1.1218,0.9778
44,2013-10-14,42,65+,30.2857,28.5388,23.8710,34.9285,1.0131,0.8598,1.1903,1.0623
45,2013-10-15,42,0-5,26.4286,26.3073,21.4905,31.8942,1.3613,1.1490,1.6128,1.4103
45,2013-10-15,42,6-11,18.4286,18.5862,15.0656,22.9085,1.5427,1.3214,1.7936,1.5222
45,2013-10-15,42,12-17,12.0000,10.8887,8.4560,13.7587,1.4421,1.2315,1.6914,1.4646
45,2013-10-15,42,18-44,62.2857,59.8851,50.6615,70.7309,0.8934,0.7704,1.0363,0.9037
45,2013-10-15,42,45-64,55.4286,53.4473,44.6703,63.7166,0.9427,0.8059,1.1012,0.9553
45,2013-10-15,42,65+,28.1429,28.1679,23.4302,34.3049,0.9987,0.8456,1.1692,1.0116
46,2013-10-16,42,0-5,29.1429,26.3039,21.5182,31.7517,1.3227,1.1144,1.5714,1.4729
46,2013-10-16,42,6-11,18.0000,18.9606,15.4497,23.2961,1.5280,1.3095,1.7868,1.5102
46,2013-10-16,42,12-17,12.8571,11.5145,8.9478,14.3996,1.4245,1.2145,1.6727,1.4829
46,2013-10-16,42,18-44,64.7143,62.3418,52.8066,73.4859,0.8771,0.7563,1.0188,0.9132
46,2013-10-16,42,45-64,57.1429,54.7434,45.9107,65.0727,0.9280,0.7936,1.0871,0.9600
46,2013-10-16,42,65+,28.2857,28.1262,23.2532,34.1357,0.9865,0.8374,1.1601,1.0121
47,2013-10-17,42,0-5,26.7143,26.0969,21.4421,31.4099,1.2809,1.0793,1.5151,1.3754
47,2013-10-17,42,6-11,19.0000,19.4656,15.7456,23.7836,1.5025,1.2862,1.7574,1.5099
47,2013-10-17,42,12-17,13.2857,12.1290,9.5531,15.2788,1.4011,1.1945,1.6448,1.4548
47,2013-10-17,42,18-44,65.4286,64.5188,54.3526,75.6673,0.8536,0.7370,0.9935,0.8881
47,2013-10-17,42,45-64,57.0000,56.0007,47.0097,66.9389,0.9072,0.7756,1.0626,0.9362
47,2013-10-17,42,65+,28.0000,28.3678,23.2818,34.2729,0.9729,0.8239,1.1476,0.9875
48,2013-10-18,42,0-5,25.0000,25.8198,21.2815,31.0248,1.2468,1.0527,1.4820,1.3212
48,2013-10-18,42,6-11,20.1429,20.0459,16.2043,24.3862,1.4839,1.2719,1.7396,1.5260
48,2013-10-18,42,12-17,13.0000,12.7575,9.9977,16.0042,1.3881,1.1844,1.6188,1.4032
48,2013-10-18,42,18-44,67.7143,65.8669,55.5670,77.2999,0.8375,0.7222,0.9699,0.8744
48,2013-10-18,42,45-64,56.0000,57.2112,48.0565,68.1205,0.8941,0.7640,1.0444,0.9157
48,2013-10-18,42,65+,27.7143,28.6574,23.5953,34.8904,0.9656,0.8178,1.1378,0.9668
49,2013-10-19,42,0-5,25.7143,25.4048,20.8587,30.7272,1.2228,1.0319,1.4502,1.3353
49,2013-10-19,42,6-11,21.0000,20.6380,16.6687,25.1055,1.4658,1.2553,1.7205,1.5447
49,2013-10-19,42,12-17,13.5714,13.3147,10.6040,16.7359,1.3749,1.1740,1.6118,1.4206
49,2013-10-19,42,18-44,67.4286,66.6265,56.3051,77.9897,0.8225,0.7097,0.9556,0.8811
49,2013-10-19,42,45-64,58.8571,58.3784,49.2003,69.3085,0.8831,0.7550,1.0315,0.9311
49,2013-10-19,42,65+,29.1429,29.2256,23.8591,35.5938,0.9595,0.8138,1.1299,0.9931
50,2013-10-20,43,0-5,24.5714,24.9803,20.5779,30.0843,1.2047,1.0149,1.4305,1.2969
50,2013-10-20,43,6-11,20.4286,21.1623,17.2587,25.7872,1.4519,1.2424,1.6935,1.5007
50,2013-10-20,43,12-17,14.4286,13.8960,11.1196,17.3522,1.3688,1.1648,1.6084,1.4226
50,2013-10-20,43,18-44,68.5714,66.5679,56.2941,78.3609,0.8115,0.6987,0.9402,0.8661
50,2013-10-20,43,45-64,58.2857,59.3125,50.0623,69.9178,0.8735,0.7465,1.0220,0.9138
50,2013-10-20,43,65+,28.4286,29.8864,24.5023,36.3441,0.9553,0.8090,1.1229,0.9677
51,2013-10-21,43,0-5,24.4286,24.5528,20.1775,29.6111,1.1954,1.0060,1.4184,1.2826
51,2013-10-21,43,6-11,21.4286,21.6598,17.7664,26.5343,1.4399,1.2319,1.6890,1.5059
51,2013-10-21,43,12-17,14.0000,14.4753,11.5278,18.1053,1.3695,1.1686,1.6003,1.3826
51,2013-10-21,43,18-44,66.7143,66.2102,55.8552,78.0252,0.8045,0.6951,0.9305,0.8554
51,2013-10-21,43,45-64,59.1429,60.2213,50.9562,71.3447,0.8684,0.7445,1.0138,0.9100
51,2013-10-21,43,65+,30.5714,30.6218,25.1104,37.0819,0.9530,0.8087,1.1199,0.9880
52,2013-10-22,43,0-5,24.7143,24.1225,19.8071,29.1213,1.1980,1.0064,1.4251,1.2789
52,2013-10-22,43,6-11,22.8571,22.0767,18.0838,26.9708,1.4289,1.2207,1.6757,1.5222
52,2013-10-22,43,12-17,13.8571,15.0383,12.0476,18.7498,1.3780,1.1725,1.6134,1.3597
52,2013-10-22,43,18-44,64.4286,65.4706,55.3082,77.1199,0.8029,0.6941,0.9304,0.8450
52,2013-10-22,43,45-64,60.5714,60.8886,51.4146,71.8494,0.8691,0.7443,1.0133,0.9030
52,2013-10-22,43,65+,30.8571,31.2641,25.6701,37.6188,0.9539,0.8097,1.1234,0.9837
53,2013-10-23,43,0-5,22.2857,23.7728,19.4438,28.7775,1.2061,1.0106,1.4354,1.2036
53,2013-10-23,43,6-11,23.2857,22.4127,18.3762,27.6272,1.4192,1.2125,1.6610,1.5016
53,2013-10-23,43,12-17,14.8571,15.6227,12.5534,19.3135,1.3830,1.1792,1.6291,1.3779
53,2013-10-23,43,18-44,62.4286,64.6778,54.7934,76.2106,0.8033,0.6918,0.9315,0.8270
53,2013-10-23,43,45-64,60.4286,61.4801,51.8825,72.8279,0.8671,0.7422,1.0148,0.8960
53,2013-10-23,43,65+,32.7143,31.8712,26.2060,38.1506,0.9536,0.8086,1.1236,0.9937
54,2013-10-24,43,0-5,22.8571,23.5369,19.1517,28.6728,1.2217,1.0260,1.4522,1.2318
54,2013-10-24,43,6-11,25.2857,22.5945,18.5580,27.8127,1.4130,1.2063,1.6529,1.5515
54,2013-10-24,43,12-17,15.7143,16.2192,13.0317,19.9204,1.3894,1.1859,1.6360,1.4033
54,2013-10-24,43,18-44,62.8571,64.1644,53.9809,75.2695,0.8057,0.6951,0.9346,0.8331
54,2013-10-24,43,45-64,60.7143,61.8469,52.5046,73.2334,0.8685,0.7432,1.0153,0.8955
54,2013-10-24,43,65+,32.2857,32.3780,26.5477,38.6043,0.9563,0.8122,1.1259,0.9837
55,2013-10-25,43,0-5,23.4286,23.4008,19.1440,28.6274,1.2435,1.0466,1.4730,1.2387
55,2013-10-25,43,6-11,23.2857,22.5781,18.5072,27.8528,1.4148,1.2100,1.6616,1.4705
55,2013-10-25,43,12-17,16.2857,16.7490,13.4795,20.6357,1.3968,1.1898,1.6363,1.4149
55,2013-10-25,43,18-44,61.1429,63.7145,53.7711,74.8005,0.8138,0.7026,0.9412,0.8286
55,2013-10-25,43,45-64,64.2857,61.8463,52.5191,73.7739,0.8734,0.7473,1.0187,0.9020
55,2013-10-25,43,65+,31.7143,32.7675,26.8561,39.2429,0.9632,0.8179,1.1351,0.9782
56,2013-10-26,43,0-5,23.0000,23.4575,19.2363,28.5835,1.2642,1.0677,1.5027,1.2212
56,2013-10-26,43,6-11,22.2857,22.4280,18.4533,27.3806,1.4187,1.2169,1.6643,1.4228
56,2013-10-26,43,12-17,17.2857,17.2266,14.0002,21.2979,1.3972,1.1954,1.6451,1.4196
56,2013-10-26,43,18-44,60.7143,63.6144,53.7129,75.2477,0.8199,0.7095,0.9492,0.8142
56,2013-10-26,43,45-64,63.0000,61.8238,52.2708,73.3525,0.8758,0.7522,1.0227,0.8857
56,2013-10-26,43,65+,31.7143,33.2595,27.3884,39.9299,0.9686,0.8208,1.1385,0.9619
57,2013-10-27,44,0-5,23.2857,23.5331,19.3421,28.7586,1.2878,1.0858,1.5335,1.2336
57,2013-10-27,44,6-11,22.4286,22.2704,18.3250,26.9942,1.4257,1.2189,1.6669,1.4261
57,2013-10-27,44,12-17,17.8571,17.6675,14.3465,21.8809,1.3880,1.1878,1.6289,1.4173
57,2013-10-27,44,18-44,60.5714,63.9841,53.9875,75.8403,0.8248,0.7132,0.9575,0.8125
57,2013-10-27,44,45-64,61.4286,61.5908,51.7704,72.7919,0.8773,0.7530,1.0259,0.8824
57,2013-10-27,44,65+,34.0000,33.5977,27.8064,40.3887,0.9720,0.8248,1.1466,0.9810
58,2013-10-28,44,0-5,23.0000,23.8557,19.5487,28.8723,1.3027,1.1001,1.5461,1.2456
58,2013-10-28,44,6-11,21.5714,21.9970,18.0727,26.8160,1.4285,1.2247,1.6731,1.4191
58,2013-10-28,44,12-17,18.7143,18.0160,14.5775,22.2045,1.3686,1.1706,1.6116,1.4369
58,2013-10-28,44,18-44,64.2857,64.6859,54.7652,76.4509,0.8262,0.7139,0.9575,0.8228
58,2013-10-28,44,45-64,61.0000,61.1612,51.6919,72.6639,0.8756,0.7499,1.0247,0.8827
58,2013-10-28,44,65+,32.2857,34.0550,28.2456,40.7367,0.9722,0.8262,1.1464,0.9590
59,2013-10-29,44,0-5,23.7143,24.1750,19.8803,29.2797,1.3082,1.1003,1.5599,1.2906
59,2013-10-29,44,6-11,20.8571,21.8254,17.8370,26.7575,1.4266,1.2223,1.6642,1.4301
59,2013-10-29,44,12-17,19.0000,18.1434,14.6812,22.2672,1.3432,1.1487,1.5714,1.4426
59,2013-10-29,44,18-44,67.8571,65.3481,55.3972,77.0349,0.8201,0.7095,0.9503,0.8444
59,2013-10-29,44,45-64,59.7143,60.8164,51.6028,72.4379,0.8690,0.7453,1.0148,0.9009
59,2013-10-29,44,65+,36.0000,34.4558,28.6261,41.1940,0.9685,0.8206,1.1383,1.0082
60,2013-10-30,44,0-5,25.0000,24.7026,20.3229,29.8901,1.3063,1.1013,1.5589,1.3254
60,2013-10-30,44,6-11,21.7143,21.6600,17.7626,26.5843,1.4230,1.2171,1.6626,1.4604
60,2013-10-30,44,12-17,19.0000,18.1191,14.4987,22.1699,1.3179,1.1240,1.5409,1.4316
60,2013-10-30,44,18-44,68.4286,65.6358,55.9022,77.7144,0.8131,0.7020,0.9454,0.8488
60,2013-10-30,44,45-64,60.8571,60.4521,51.1614,71.8779,0.8608,0.7368,1.0076,0.8987
60,2013-10-30,44,65+,34.7143,34.7201,29.0396,41.5890,0.9617,0.8140,1.1329,0.9902
61,2013-10-31,44,0-5,25.5714,25.2276,20.8140,30.6440,1.3003,1.0933,1.5511,1.3222
61,2013-10-31,44,6-11,20.4286,21.7523,17.6955,26.3887,1.4151,1.2132,1.6607,1.4133
61,2013-10-31,44,12-17,18.2857,17.9142,14.3574,21.8160,1.2893,1.1018,1.5078,1.3847
61,2013-10-31,44,18-44,68.2857,65.7354,55.8993,77.8368,0.8040,0.6936,0.9313,0.8366
61,2013-10-31,44,45-64,60.7143,60.3745,51.0837,71.4802,0.8501,0.7278,0.9914,0.8853
61,2013-10-31,44,65+,34.7143,34.8960,29.1365,41.8669,0.9500,0.8078,1.1198,0.9775
62,2013-11-01,44,0-5,26.0000,25.7924,21.3654,31.3848,1.2875,1.0834,1.5321,1.3210
62,2013-11-01,44,6-11,21.2857,21.8091,17.7199,26.5129,1.4037,1.2014,1.6424,1.4359
62,2013-11-01,44,12-17,18.8571,17.5565,14.0208,21.5093,1.2622,1.0779,1.4777,1.3896
62,2013-11-01,44,18-44,68.2857,65.5122,55.6914,77.8417,0.7922,0.6866,0.9174,0.8319
62,2013-11-01,44,45-64,59.7143,60.4068,51.1150,71.5023,0.8386,0.7192,0.9794,0.8769
62,2013-11-01,44,65+,35.0000,35.1042,29.3521,41.9627,0.9379,0.7979,1.1059,0.9713
63,2013-11-02,44,0-5,26.8571,26.3274,21.7863,32.1606,1.2700,1.0668,1.5123,1.3221
63,2013-11-02,44,6-11,21.7143,21.8976,17.7820,26.7303,1.3861,1.1883,1.6250,1.4356
63,2013-11-02,44,12-17,17.4286,17.0923,13.7564,21.0014,1.2371,1.0578,1.4471,1.3336
63,2013-11-02,44,18-44,66.5714,64.9409,55.1909,76.7214,0.7810,0.6748,0.9071,0.8225
63,2013-11-02,44,45-64,60.1429,60.3320,51.3119,71.7051,0.8263,0.7079,0.9683,0.8699
63,2013-11-02,44,65+,36.0000,35.1560,29.5055,41.9220,0.9238,0.7861,1.0921,0.9762
64,2013-11-03,45,0-5,27.8571,26.7417,22.1690,32.4637,1.2494,1.0493,1.4862,1.3373
64,2013-11-03,45,6-11,22.8571,22.0158,17.8998,26.9290,1.3686,1.1733,1.6015,1.4697
64,2013-11-03,45,12-17,16.8571,16.5596,13.3210,20.4898,1.2179,1.0427,1.4223,1.3332
64,2013-11-03,45,18-44,65.8571,64.3685,54.6740,76.4111,0.7711,0.6670,0.8941,0.8314
64,2013-11-03,45,45-64,63.5714,60.2473,51.1086,71.7688,0.8153,0.7010,0.9553,0.8842
64,2013-11-03,45,65+,35.5714,35.1307,29.5492,41.6215,0.9108,0.7756,1.0759,0.9817
65,2013-11-04,45,0-5,27.5714,27.0227,22.3980,32.7177,1.2303,1.0332,1.4666,1.2880
65,2013-11-04,45,6-11,22.8571,22.0835,17.9321,26.9951,1.3552,1.1605,1.5910,1.4276
65,2013-11-04,45,12-17,16.0000,16.0189,12.8422,19.7692,1.2027,1.0299,1.4103,1.2761
65,2013-11-04,45,18-44,62.1429,64.0037,54.0926,75.7985,0.7660,0.6612,0.8881,0.7968
65,2013-11-04,45,45-64,61.0000,60.0959,50.8381,71.5476,0.8095,0.6933,0.9458,0.8512
65,2013-11-04,45,65+,36.4286,34.8910,29.3539,41.4790,0.9016,0.7639,1.0638,0.9648
66,2013-11-05,45,0-5,27.8571,27.1627,22.4217,32.7070,1.2248,1.0306,1.4568,1.2590
66,2013-11-05,45,6-11,23.7143,22.0886,18.0816,26.8439,1.3502,1.1547,1.5768,1.4115
66,2013-11-05,45,12-17,15.4286,15.4729,12.4662,18.9654,1.2018,1.0244,1.4086,1.2328
66,2013-11-05,45,18-44,58.5714,63.7557,53.8402,75.4803,0.7677,0.6608,0.8914,0.7643
66,2013-11-05,45,45-64,58.7143,59.7524,50.5608,70.6374,0.8088,0.6898,0.9471,0.8120
66,2013-11-05,45,65+,33.7143,34.6604,28.9542,40.9395,0.8969,0.7592,1.0590,0.9094
67,2013-11-06,45,0-5,27.7143,27.0205,22.2277,32.5546,1.2233,1.0312,1.4526,1.2696
67,2013-11-06,45,6-11,22.4286,21.9301,17.9727,26.6850,1.3482,1.1521,1.5771,1.3910
67,2013-11-06,45,12-17,14.5714,14.9258,12.0926,18.3730,1.2064,1.0311,1.4122,1.2264
67,2013-11-06,45,18-44,62.0000,63.9289,53.8223,75.5841,0.7718,0.6659,0.8953,0.7789
67,2013-11-06,45,45-64,58.0000,59.2838,50.0540,69.7460,0.8110,0.6932,0.9494,0.8235
67,2013-11-06,45,65+,33.8571,34.3473,28.5760,40.5654,0.8945,0.7592,1.0531,0.9207
68,2013-11-07,45,0-5,25.5714,26.7731,22.1041,32.3548,1.2258,1.0296,1.4596,1.2121
68,2013-11-07,45,6-11,21.4286,21.7072,17.8696,26.3317,1.3505,1.1565,1.5799,1.3580
68,2013-11-07,45,12-17,14.1429,14.4588,11.6686,17.8963,1.2172,1.0392,1.4228,1.2244
68,2013-11-07,45,18-44,61.5714,64.3680,54.2551,76.3664,0.7783,0.6708,0.9051,0.7731
68,2013-11-07,45,45-64,57.7143,58.5760,49.4195,68.8650,0.8180,0.6982,0.9564,0.8258
68,2013-11-07,45,65+,34.1429,33.8047,28.0433,40.1645,0.8986,0.7620,1.0583,0.9278
69,2013-11-08,45,0-5,25.5714,26.4902,21.7706,32.0632,1.2293,1.0331,1.4607,1.2351
69,2013-11-08,45,6-11,21.1429,21.3633,17.5888,25.9191,1.3550,1.1570,1.5883,1.3747
69,2013-11-08,45,12-17,12.8571,14.0863,11.2455,17.5145,1.2289,1.0478,1.4409,1.2143
69,2013-11-08,45,18-44,63.5714,64.8418,55.0242,77.1256,0.7840,0.6758,0.9122,0.7929
69,2013-11-08,45,45-64,59.1429,57.8200,48.6232,68.1743,0.8233,0.7045,0.9659,0.8455
69,2013-11-08,45,65+,33.5714,33.2529,27.6086,39.7540,0.9028,0.7653,1.0654,0.9402
70,2013-11-09,45,0-5,26.4286,26.0820,21.6271,31.7633,1.2344,1.0374,1.4729,1.2754
70,2013-11-09,45,6-11,21.4286,21.0560,17.2193,25.6627,1.3633,1.1621,1.5982,1.4029
70,2013-11-09,45,12-17,12.8571,13.8010,10.9701,17.0818,1.2464,1.0655,1.4547,1.2318
70,2013-11-09,45,18-44,65.4286,65.2463,55.8767,77.5457,0.7909,0.6815,0.9201,0.8041
70,2013-11-09,45,45-64,58.1429,56.9849,47.7467,67.6594,0.8309,0.7128,0.9701,0.8450
70,2013-11-09,45,65+,31.2857,32.6115,27.1906,39.0281,0.9091,0.7698,1.0708,0.9188
71,2013-11-10,46,0-5,25.5714,25.7196,21.2522,31.3016,1.2390,1.0424,1.4748,1.2570
71,2013-11-10,46,6-11,21.1429,20.6999,16.9023,25.2385,1.3674,1.1713,1.5974,1.3946
71,2013-11-10,46,12-17,13.4286,13.5402,10.7653,16.9384,1.2614,1.0750,1.4811,1.2413
71,2013-11-10,46,18-44,66.4286,65.4148,55.9638,77.7275,0.7964,0.6865,0.9241,0.7922
71,2013-11-10,46,45-64,53.1429,56.2282,47.4073,67.0379,0.8387,0.7182,0.9794,0.8212
71,2013-11-10,46,65+,30.7143,32.0493,26.7076,38.4865,0.9161,0.7767,1.0785,0.8971
72,2013-11-11,46,0-5,26.2857,25.3936,21.0031,30.7417,1.2407,1.0464,1.4736,1.2880
72,2013-11-11,46,6-11,19.8571,20.3035,16.5874,24.7335,1.3730,1.1766,1.6071,1.3801
72,2013-11-11,46,12-17,13.8571,13.3882,10.5754,16.7793,1.2745,1.0839,1.4915,1.2785
72,2013-11-11,46,18-44,67.4286,65.5054,55.6468,77.7061,0.7977,0.6881,0.9286,0.8069
72,2013-11-11,46,45-64,53.4286,55.7054,46.8249,66.1998,0.8426,0.7208,0.9859,0.8383
72,2013-11-11,46,65+,31.1429,31.5100,26.2279,38.0446,0.9183,0.7797,1.0790,0.9177
73,2013-11-12,46,0-5,24.8571,25.0714,20.6738,30.3421,1.2439,1.0452,1.4829,1.2665
73,2013-11-12,46,6-11,19.5714,20.0037,16.2554,24.4513,1.3770,1.1804,1.6137,1.3904
73,2013-11-12,46,12-17,13.0000,13.2890,10.5472,16.5812,1.2894,1.0974,1.5143,1.2733
73,2013-11-12,46,18-44,68.7143,65.3190,55.3348,77.4232,0.7989,0.6902,0.9288,0.8204
73,2013-11-12,46,45-64,55.4286,55.4036,46.5455,65.8166,0.8468,0.7244,0.9907,0.8590
73,2013-11-12,46,65+,31.0000,31.0219,25.7095,37.5172,0.9233,0.7819,1.0817,0.9358
74,2013-11-13,46,0-5,23.0000,24.8199,20.6602,30.2147,1.2466,1.0465,1.4874,1.1946
74,2013-11-13,46,6-11,18.7143,19.7591,15.9672,24.2269,1.3819,1.1839,1.6162,1.3424
74,2013-11-13,46,12-17,13.0000,13.2535,10.4972,16.5081,1.3007,1.1115,1.5246,1.2660
74,2013-11-13,46,18-44,64.0000,64.3870,54.8749,76.2749,0.7996,0.6906,0.9277,0.7952
74,2013-11-13,46,45-64,56.5714,55.1734,46.2434,65.7818,0.8485,0.7284,0.9916,0.8487
74,2013-11-13,46,65+,30.4286,30.5665,25.2823,36.8358,0.9238,0.7827,1.0841,0.9258
75,2013-11-14,46,0-5,24.4286,24.7098,20.3566,30.2012,1.2538,1.0541,1.4918,1.2598
75,2013-11-14,46,6-11,19.8571,19.5437,15.7502,24.0329,1.3939,1.1936,1.6327,1.4118
75,2013-11-14,46,12-17,13.8571,13.3108,10.5664,16.6339,1.3180,1.1220,1.5451,1.3243
75,2013-11-14,46,18-44,65.0000,63.4994,53.9774,75.0065,0.8036,0.6919,0.9317,0.8206
75,2013-11-14,46,45-64,57.4286,55.1799,46.5779,65.6970,0.8527,0.7286,0.9951,0.8696
75,2013-11-14,46,65+,30.1429,30.1595,24.8541,36.2694,0.9226,0.7829,1.0848,0.9403
76,2013-11-15,46,0-5,23.5714,24.6052,20.3398,29.9938,1.2530,1.0497,1.4886,1.2203
76,2013-11-15,46,6-11,19.2857,19.3961,15.6700,23.9346,1.4093,1.2016,1.6465,1.3719
76,2013-11-15,46,12-17,14.4286,13.4868,10.7228,16.8796,1.3300,1.1359,1.5561,1.3131
76,2013-11-15,46,18-44,61.8571,62.5784,53.1415,73.5834,0.8044,0.6923,0.9321,0.7905
76,2013-11-15,46,45-64,54.0000,55.2893,46.6048,65.6680,0.8539,0.7307,0.9966,0.8375
76,2013-11-15,46,65+,30.0000,29.7538,24.6669,35.7149,0.9187,0.7795,1.0838,0.9167
77,2013-11-16,46,0-5,24.7143,24.4478,20.2393,29.8476,1.2492,1.0485,1.4857,1.2617
77,2013-11-16,46,6-11,18.5714,19.4945,15.7284,23.9195,1.4210,1.2169,1.6609,1.3644
77,2013-11-16,46,12-17,14.1429,13.6980,10.7853,17.1228,1.3444,1.1485,1.5792,1.3045
77,2013-11-16,46,18-44,61.4286,61.7993,52.3441,72.6230,0.8049,0.6954,0.9330,0.7979
77,2013-11-16,46,45-64,53.7143,55.4150,46.6802,65.6020,0.8544,0.7308,0.9952,0.8454
77,2013-11-16,46,65+,31.2857,29.3246,24.3903,35.3947,0.9122,0.7745,1.0728,0.9398
78,2013-11-17,47,0-5,24.8571,24.3608,20.0824,29.5877,1.2420,1.0435,1.4784,1.2705
78,2013-11-17,47,6-11,18.7143,19.6116,15.8965,24.0304,1.4337,1.2259,1.6778,1.3781
78,2013-11-17,47,12-17,13.1429,13.9200,11.0430,17.4730,1.3622,1.1610,1.5953,1.2845
78,2013-11-17,47,18-44,60.1429,61.0867,51.5996,72.0676,0.8077,0.6964,0.9366,0.8064
78,2013-11-17,47,45-64,57.0000,55.4580,46.8839,65.7003,0.8560,0.7327,1.0001,0.8613
78,2013-11-17,47,65+,30.2857,28.8147,23.9162,34.8441,0.9082,0.7702,1.0706,0.9443
79,2013-11-18,47,0-5,24.4286,24.1220,19.8645,29.2034,1.2382,1.0332,1.4779,1.2610
79,2013-11-18,47,6-11,20.2857,19.7996,16.1487,24.1667,1.4442,1.2366,1.6927,1.4294
79,2013-11-18,47,12-17,12.7143,14.1920,11.3894,17.9173,1.3800,1.1729,1.6187,1.2778
79,2013-11-18,47,18-44,58.8571,60.4785,50.9356,71.4341,0.8099,0.6980,0.9409,0.8078
79,2013-11-18,47,45-64,58.0000,55.4781,46.8820,66.0763,0.8580,0.7345,1.0041,0.8639
79,2013-11-18,47,65+,29.4286,28.2241,23.3390,34.1495,0.9048,0.7679,1.0653,0.9394
80,2013-11-19,47,0-5,24.4286,23.8939,19.6243,28.7329,1.2310,1.0340,1.4645,1.2625
80,2013-11-19,47,6-11,19.8571,20.0291,16.4055,24.3742,1.4559,1.2484,1.7049,1.4198
80,2013-11-19,47,12-17,15.1429,14.5880,11.7392,18.3341,1.3959,1.1896,1.6361,1.3656
80,2013-11-19,47,18-44,59.2857,60.1473,50.8123,71.1465,0.8146,0.7033,0.9463,0.8056
80,2013-11-19,47,45-64,55.8571,55.7343,47.1769,66.1431,0.8639,0.7415,1.0121,0.8552
80,2013-11-19,47,65+,28.0000,27.6608,22.8367,33.3629,0.9075,0.7710,1.0680,0.9153
81,2013-11-20,47,0-5,26.0000,23.4768,19.2473,28.3110,1.2190,1.0278,1.4532,1.3191
81,2013-11-20,47,6-11,20.7143,20.3356,16.6531,24.8319,1.4680,1.2527,1.7197,1.4602
81,2013-11-20,47,12-17,15.7143,15.0711,12.0875,18.8233,1.4063,1.1992,1.6522,1.3856
81,2013-11-20,47,18-44,60.8571,60.0478,51.0183,71.3851,0.8192,0.7075,0.9514,0.8178
81,2013-11-20,47,45-64,54.4286,55.8411,47.3550,66.2927,0.8729,0.7475,1.0213,0.8553
81,2013-11-20,47,65+,27.2857,27.0667,22.2419,32.5804,0.9136,0.7764,1.0702,0.9094
82,2013-11-21,47,0-5,24.1429,23.0097,18.8960,27.7095,1.2155,1.0224,1.4482,1.2513
82,2013-11-21,47,6-11,20.1429,20.6638,17.0268,25.3066,1.4779,1.2674,1.7246,1.4175
82,2013-11-21,47,12-17,15.2857,15.4914,12.4517,19.2333,1.4192,1.2107,1.6634,1.3494
82,2013-11-21,47,18-44,59.2857,60.1575,51.1662,71.6440,0.8256,0.7118,0.9589,0.7993
82,2013-11-21,47,45-64,54.1429,56.2519,47.7566,66.8403,0.8835,0.7565,1.0338,0.8451
82,2013-11-21,47,65+,27.4286,26.5879,21.9643,32.0377,0.9250,0.7879,1.0879,0.9069
83,2013-11-22,47,0-5,24.0000,22.4653,18.4078,27.1506,1.2193,1.0286,1.4450,1.2672
83,2013-11-22,47,6-11,21.8571,21.0457,17.2400,25.6344,1.4881,1.2805,1.7450,1.4885
83,2013-11-22,47,12-17,15.7143,15.8486,12.7794,19.6548,1.4279,1.2175,1.6699,1.3895
83,2013-11-22,47,18-44,60.5714,60.4678,51.1806,71.9435,0.8333,0.7205,0.9667,0.8240
83,2013-11-22,47,45-64,57.0000,56.9170,48.0029,67.2753,0.8960,0.7655,1.0445,0.8732
83,2013-11-22,47,65+,26.7143,26.3437,21.5460,31.8421,0.9407,0.7982,1.1059,0.9225
84,2013-11-23,47,0-5,21.7143,21.9589,18.1459,26.6793,1.2319,1.0378,1.4631,1.2097
84,2013-11-23,47,6-11,23.2857,21.4461,17.4368,26.1681,1.5013,1.2875,1.7610,1.5199
84,2013-11-23,47,12-17,16.8571,16.2204,13.1075,20.0777,1.4364,1.2252,1.6817,1.4306
84,2013-11-23,47,18-44,60.8571,60.9058,51.3738,72.0038,0.8429,0.7273,0.9767,0.8228
84,2013-11-23,47,45-64,58.2857,57.8517,48.9559,68.6033,0.9091,0.7774,1.0644,0.8747
84,2013-11-23,47,65+,24.4286,26.2786,21.4351,31.5698,0.9609,0.8164,1.1284,0.8983
85,2013-11-24,48,0-5,20.7143,21.5702,17.8524,26.4578,1.2577,1.0627,1.4889,1.1906
85,2013-11-24,48,6-11,22.2857,21.8820,17.8674,26.7706,1.5274,1.3031,1.7882,1.4763
85,2013-11-24,48,12-17,17.0000,16.5466,13.3511,20.5065,1.4445,1.2353,1.6898,1.4205
85,2013-11-24,48,18-44,61.7143,61.3012,51.7596,72.3215,0.8552,0.7402,0.9905,0.8200
85,2013-11-24,48,45-64,58.0000,59.0408,49.8121,69.6258,0.9232,0.7932,1.0809,0.8748
85,2013-11-24,48,65+,25.0000,26.4787,21.7982,31.8902,0.9861,0.8400,1.1613,0.9066
86,2013-11-25,48,0-5,19.8571,21.4217,17.6546,26.2533,1.2893,1.0903,1.5347,1.1727
86,2013-11-25,48,6-11,21.7143,22.4349,18.2592,27.3841,1.5560,1.3312,1.8158,1.4500
86,2013-11-25,48,12-17,18.1429,16.8406,13.5693,20.7989,1.4528,1.2444,1.7009,1.4557
86,2013-11-25,48,18-44,60.8571,61.7172,52.0837,72.7553,0.8689,0.7510,1.0025,0.8205
86,2013-11-25,48,45-64,60.0000,60.3175,50.7833,71.5815,0.9389,0.8021,1.0978,0.8852
86,2013-11-25,48,65+,25.0000,26.9956,21.9893,32.9151,1.0106,0.8579,1.1898,0.9153
87,2013-11-26,48,0-5,19.4286,21.5876,17.7028,26.4597,1.3232,1.1200,1.5718,1.1768
87,2013-11-26,48,6-11,22.1429,23.0619,18.6876,28.0866,1.5829,1.3572,1.8515,1.4625
87,2013-11-26,48,12-17,17.1429,17.1050,13.7779,21.0468,1.4603,1.2480,1.7071,1.4213
87,2013-11-26,48,18-44,60.4286,62.2606,52.7868,73.3611,0.8788,0.7619,1.0165,0.8286
87,2013-11-26,48,45-64,62.5714,61.9338,51.9710,73.5516,0.9489,0.8132,1.1086,0.9016
87,2013-11-26,48,65+,26.2857,27.7960,22.7876,34.1033,1.0301,0.8750,1.2058,0.9450
88,2013-11-27,48,0-5,18.5714,21.9539,17.9570,26.7224,1.3569,1.1457,1.6148,1.1830
88,2013-11-27,48,6-11,23.4286,23.8069,19.3704,29.0094,1.6117,1.3763,1.8839,1.5170
88,2013-11-27,48,12-17,17.7143,17.3099,13.9354,21.4611,1.4648,1.2545,1.7099,1.4529
88,2013-11-27,48,18-44,62.0000,62.7798,53.2292,74.4589,0.8854,0.7672,1.0270,0.8491
88,2013-11-27,48,45-64,64.0000,63.5712,53.6556,75.2027,0.9535,0.8150,1.1156,0.9273
88,2013-11-27,48,65+,28.7143,28.8664,23.8203,35.3449,1.0440,0.8830,1.2255,0.9902
89,2013-11-28,48,0-5,22.8571,22.5898,18.4672,27.6451,1.3783,1.1639,1.6343,1.3316
89,2013-11-28,48,6-11,24.0000,24.7227,20.0136,30.2886,1.6251,1.3894,1.9040,1.5469
89,2013-11-28,48,12-17,17.4286,17.5457,14.0763,21.8396,1.4608,1.2486,1.7022,1.4363
89,2013-11-28,48,18-44,63.7143,63.4508,53.7201,74.8236,0.8840,0.7653,1.0188,0.8683
89,2013-11-28,48,45-64,64.1429,64.9390,54.7015,76.3412,0.9481,0.8102,1.1026,0.9286
89,2013-11-28,48,65+,28.8571,30.2539,24.7820,36.3931,1.0435,0.8854,1.2252,0.9894
90,2013-11-29,48,0-5,23.5714,23.4689,19.1494,28.7099,1.3929,1.1702,1.6601,1.3452
90,2013-11-29,48,6-11,24.8571,25.7468,20.9447,31.4913,1.6329,1.3976,1.9154,1.5617
90,2013-11-29,48,12-17,17.5714,17.8458,14.3405,22.0511,1.4500,1.2433,1.6978,1.4407
90,2013-11-29,48,18-44,63.1429,63.9945,54.3508,75.3041,0.8753,0.7590,1.0112,0.8734
90,2013-11-29,48,45-64,66.1429,65.9624,55.3591,77.7359,0.9326,0.8015,1.0898,0.9422
90,2013-11-29,48,65+,31.8571,31.6407,25.9233,37.9975,1.0296,0.8763,1.2094,1.0276
91,2013-11-30,48,0-5,23.0000,24.5152,20.1663,29.9319,1.3892,1.1683,1.6515,1.3341
91,2013-11-30,48,6-11,26.7143,26.8978,22.1139,33.0089,1.6287,1.3916,1.9133,1.6165
91,2013-11-30,48,12-17,17.4286,18.1499,14.5677,22.3963,1.4327,1.2292,1.6690,1.4509
91,2013-11-30,48,18-44,66.0000,64.4616,54.5993,76.0114,0.8570,0.7441,0.9895,0.8927
91,2013-11-30,48,45-64,68.2857,66.6127,55.9743,78.5761,0.9075,0.7787,1.0605,0.9683
91,2013-11-30,48,65+,35.7143,32.9034,27.1571,39.5039,0.9999,0.8518,1.1788,1.0797
92,2013-12-01,49,0-5,26.1429,25.7873,21.1641,31.4818,1.3756,1.1543,1.6399,1.3939
92,2013-12-01,49,6-11,29.2857,28.2602,23.4222,34.6666,1.6129,1.3805,1.8872,1.6528
92,2013-12-01,49,12-17,18.2857,18.5415,14.7786,22.8909,1.4129,1.2105,1.6580,1.4558
92,2013-12-01,49,18-44,64.8571,64.8708,54.8801,76.9477,0.8368,0.7253,0.9657,0.8846
92,2013-12-01,49,45-64,68.7143,66.7885,56.4031,79.1829,0.8803,0.7555,1.0300,0.9504
92,2013-12-01,49,65+,35.8571,33.8438,28.2470,40.5784,0.9656,0.8228,1.1388,1.0550
93,2013-12-02,49,0-5,29.1429,27.1187,22.3819,32.8733,1.3471,1.1303,1.6073,1.4610
93,2013-12-02,49,6-11,30.1429,29.7881,24.6924,36.1014,1.5868,1.3495,1.8663,1.6584
93,2013-12-02,49,12-17,19.4286,19.0535,15.3513,23.2578,1.3916,1.1864,1.6339,1.4730
93,2013-12-02,49,18-44,69.1429,65.4065,55.6668,77.9418,0.8097,0.7036,0.9335,0.8922
93,2013-12-02,49,45-64,67.0000,66.7688,56.2956,79.1124,0.8476,0.7273,0.9868,0.9417
93,2013-12-02,49,65+,37.1429,34.5351,28.9964,41.3288,0.9253,0.7870,1.0846,1.0472
94,2013-12-03,49,0-5,30.7143,28.3162,23.3580,34.3117,1.3101,1.1016,1.5620,1.4495
94,2013-12-03,49,6-11,32.7143,31.3451,25.9268,37.7339,1.5550,1.3240,1.8234,1.6723
94,2013-12-03,49,12-17,20.1429,19.6515,15.8427,23.9040,1.3620,1.1605,1.5996,1.4687
94,2013-12-03,49,18-44,68.7143,65.6270,55.8996,77.9913,0.7807,0.6768,0.9008,0.8787
94,2013-12-03,49,45-64,68.1429,66.3583,56.4386,78.8802,0.8136,0.6980,0.9484,0.9273
94,2013-12-03,49,65+,37.4286,34.7327,29.1609,41.5793,0.8855,0.7530,1.0395,1.0277
95,2013-12-04,49,0-5,32.0000,29.5548,24.4731,35.6773,1.2785,1.0759,1.5271,1.4118
95,2013-12-04,49,6-11,35.2857,32.9651,27.3672,39.6477,1.5299,1.3045,1.8112,1.6579
95,2013-12-04,49,12-17,20.4286,20.3160,16.4458,24.6469,1.3356,1.1371,1.5749,1.4270
95,2013-12-04,49,18-44,66.8571,65.7349,55.9910,78.0589,0.7569,0.6562,0.8740,0.8441
95,2013-12-04,49,45-64,67.2857,65.7293,55.8817,78.0253,0.7856,0.6735,0.9182,0.8864
95,2013-12-04,49,65+,35.5714,34.7265,29.0575,41.4849,0.8522,0.7244,1.0025,0.9706
96,2013-12-05,49,0-5,30.0000,30.6126,25.4072,36.8081,1.2539,1.0530,1.4974,1.3069
96,2013-12-05,49,6-11,34.7143,34.5865,28.7718,41.8155,1.5268,1.3011,1.7941,1.5770
96,2013-12-05,49,12-17,21.2857,20.9608,16.9523,25.5216,1.3259,1.1282,1.5600,1.4178
96,2013-12-05,49,18-44,66.4286,65.8505,55.6190,78.2903,0.7408,0.6434,0.8535,0.8154
96,2013-12-05,49,45-64,67.7143,64.9488,54.8797,76.6590,0.7666,0.6579,0.8937,0.8673
96,2013-12-05,49,65+,35.2857,34.3982,28.7744,41.1194,0.8289,0.7024,0.9752,0.9468
97,2013-12-06,49,0-5,31.5714,31.5318,26.2118,37.9913,1.2414,1.0448,1.4768,1.3199
97,2013-12-06,49,6-11,37.1429,36.4738,30.1824,43.7081,1.5296,1.3002,1.7934,1.5969
97,2013-12-06,49,12-17,23.7143,21.6434,17.6201,26.1601,1.3162,1.1217,1.5520,1.4561
97,2013-12-06,49,18-44,67.8571,65.8499,55.5493,78.2091,0.7307,0.6343,0.8410,0.8082
97,2013-12-06,49,45-64,65.0000,64.0003,54.2366,75.6419,0.7538,0.6465,0.8801,0.8478
97,2013-12-06,49,65+,34.1429,33.8920,28.2801,40.7040,0.8132,0.6904,0.9589,0.9168
98,2013-12-07,49,0-5,33.8571,32.3129,26.9791,38.8528,1.2370,1.0443,1.4733,1.3121
98,2013-12-07,49,6-11,37.1429,38.3224,31.6943,46.0032,1.5472,1.3161,1.8332,1.5246
98,2013-12-07,49,12-17,24.0000,22.2956,18.2648,26.9779,1.3245,1.1309,1.5543,1.3979
98,2013-12-07,49,18-44,63.1429,65.8738,55.4856,78.1054,0.7290,0.6356,0.8380,0.7662
98,2013-12-07,49,45-64,62.2857,62.9171,53.2715,74.4902,0.7507,0.6446,0.8745,0.8001
98,2013-12-07,49,65+,32.1429,33.3308,27.6357,39.9475,0.8109,0.6884,0.9540,0.8634
99,2013-12-08,50,0-5,33.0000,33.0498,27.6552,39.8209,1.2485,1.0552,1.4847,1.2728
99,2013-12-08,50,6-11,39.1429,40.5469,33.7639,48.5156,1.5848,1.3395,1.8695,1.5315
99,2013-12-08,50,12-17,23.8571,23.0003,18.8193,27.9421,1.3461,1.1474,1.5859,1.3641
99,2013-12-08,50,18-44,64.1429,65.9897,55.6694,78.1450,0.7362,0.6424,0.8459,0.7541
99,2013-12-08,50,45-64,60.1429,61.7862,52.2447,73.2980,0.7584,0.6527,0.8807,0.7824
99,2013-12-08,50,65+,30.8571,32.8208,27.1168,39.2894,0.8205,0.6984,0.9601,0.8405
100,2013-12-09,50,0-5,32.5714,33.7562,27.8816,40.4518,1.2783,1.0737,1.5273,1.2346
100,2013-12-09,50,6-11,42.7143,42.9831,36.0465,51.1870,1.6404,1.3923,1.9409,1.5524
100,2013-12-09,50,12-17,23.2857,23.8004,19.4495,29.0979,1.3927,1.1893,1.6273,1.3099
100,2013-12-09,50,18-44,62.0000,66.0456,55.5056,78.5529,0.7536,0.6568,0.8667,0.7286
100,2013-12-09,50,45-64,56.5714,61.1335,51.3540,72.6333,0.7770,0.6684,0.9036,0.7489
100,2013-12-09,50,65+,29.1429,32.3938,26.7601,38.8942,0.8405,0.7137,0.9869,0.8046
101,2013-12-10,50,0-5,33.1429,34.5569,28.4053,41.7038,1.3095,1.1021,1.5606,1.2538
101,2013-12-10,50,6-11,45.2857,45.9159,38.5850,54.7421,1.7018,1.4452,2.0063,1.5904
101,2013-12-10,50,12-17,24.0000,24.6918,20.3324,30.1400,1.4485,1.2337,1.7024,1.3348
101,2013-12-10,50,18-44,64.2857,66.1775,55.6604,78.8047,0.7746,0.6749,0.8882,0.7437
101,2013-12-10,50,45-64,56.0000,60.7114,51.0908,72.3406,0.8014,0.6879,0.9318,0.7617
101,2013-12-10,50,65+,29.4286,32.1155,26.4561,38.3610,0.8648,0.7366,1.0178,0.8209
102,2013-12-11,50,0-5,34.2857,35.5856,29.2455,42.9241,1.3500,1.1410,1.6054,1.2802
102,2013-12-11,50,6-11,45.4286,49.3917,41.3882,58.7482,1.7699,1.5032,2.0842,1.5780
102,2013-12-11,50,12-17,23.2857,25.8430,21.3027,31.4460,1.5201,1.2947,1.7821,1.3311
102,2013-12-11,50,18-44,65.8571,66.3907,56.1201,78.7265,0.7958,0.6925,0.9151,0.7612
102,2013-12-11,50,45-64,58.4286,60.7561,50.9499,72.0619,0.8226,0.7049,0.9582,0.7871
102,2013-12-11,50,65+,30.7143,31.8703,26.3562,38.4219,0.8832,0.7511,1.0417,0.8565
103,2013-12-12,50,0-5,34.1429,36.7925,30.5273,44.5482,1.3919,1.1769,1.6539,1.2677
103,2013-12-12,50,6-11,51.0000,53.7320,45.0254,63.7383,1.8213,1.5537,2.1466,1.6449
103,2013-12-12,50,12-17,23.7143,27.3393,22.5746,33.1637,1.5867,1.3515,1.8733,1.3390
103,2013-12-12,50,18-44,65.2857,66.6309,56.2381,78.8422,0.8135,0.7094,0.9326,0.7608
103,2013-12-12,50,45-64,57.8571,61.1836,51.4969,72.4433,0.8393,0.7206,0.9761,0.7862
103,2013-12-12,50,65+,31.1429,31.7371,26.3306,38.3627,0.8966,0.7628,1.0565,0.8619
104,2013-12-13,50,0-5,38.0000,38.4863,31.7654,46.3306,1.4285,1.1985,1.7016,1.3552
104,2013-12-13,50,6-11,57.5714,58.4617,48.7423,69.8859,1.8612,1.5835,2.2000,1.7534
104,2013-12-13,50,12-17,27.8571,29.4303,24.2410,35.4841,1.6387,1.3908,1.9310,1.4749
104,2013-12-13,50,18-44,67.0000,67.0556,56.7038,79.8081,0.8220,0.7189,0.9424,0.7988
104,2013-12-13,50,45-64,61.2857,61.9029,52.2497,73.6615,0.8449,0.7288,0.9828,0.8261
104,2013-12-13,50,65+,32.2857,31.6906,26.2865,38.2501,0.8990,0.7664,1.0611,0.8997
105,2013-12-14,50,0-5,39.5714,40.4734,33.6710,48.8212,1.4478,1.2183,1.7157,1.3757
105,2013-12-14,50,6-11,65.8571,64.0587,53.7363,76.2468,1.8732,1.5914,2.2072,1.8457
105,2013-12-14,50,12-17,31.7143,32.0411,26.4862,38.6160,1.6618,1.4139,1.9641,1.5700
105,2013-12-14,50,18-44,69.1429,67.7399,57.3409,80.3643,0.8182,0.7170,0.9342,0.8190
105,2013-12-14,50,45-64,64.2857,62.8768,53.0990,74.9195,0.8349,0.7214,0.9716,0.8484
105,2013-12-14,50,65+,33.0000,31.7339,26.3459,38.3339,0.8859,0.7562,1.0427,0.9167
106,2013-12-15,51,0-5,44.5714,43.1294,35.9807,51.9299,1.4602,1.2209,1.7460,1.4435
106,2013-12-15,51,6-11,73.0000,70.2885,59.1831,83.3366,1.8625,1.5847,2.2063,1.8866
106,2013-12-15,51,12-17,35.8571,35.2595,29.0765,42.5669,1.6603,1.4146,1.9713,1.6361
106,2013-12-15,51,18-44,71.4286,69.1826,58.1911,81.7935,0.8059,0.7072,0.9215,0.8344
106,2013-12-15,51,45-64,67.5714,63.7815,53.8535,76.1959,0.8147,0.7062,0.9456,0.8623
106,2013-12-15,51,65+,34.1429,31.7972,26.4088,38.7090,0.8618,0.7352,1.0103,0.9284
107,2013-12-16,51,0-5,47.7143,46.4489,38.8956,56.0514,1.4678,1.2293,1.7483,1.4473
107,2013-12-16,51,6-11,78.0000,77.1193,64.8280,91.8922,1.8431,1.5641,2.1798,1.8629
107,2013-12-16,51,12-17,40.5714,38.9621,32.3265,47.1617,1.6376,1.3933,1.9291,1.6790
107,2013-12-16,51,18-44,73.8571,71.2069,60.3851,83.8498,0.7873,0.6916,0.9029,0.8325
107,2013-12-16,51,45-64,71.1429,64.8142,54.7401,77.4387,0.7870,0.6820,0.9134,0.8643
107,2013-12-16,51,65+,35.2857,32.1016,26.7883,39.0363,0.8287,0.7100,0.9709,0.9278
108,2013-12-17,51,0-5,50.2857,50.5565,42.0594,60.3543,1.4774,1.2347,1.7735,1.4181
108,2013-12-17,51,6-11,84.4286,84.5658,71.0332,100.0189,1.8293,1.5507,2.1564,1.8291
108,2013-12-17,51,12-17,45.1429,43.1504,35.7608,52.0827,1.6014,1.3569,1.8891,1.6662
108,2013-12-17,51,18-44,75.5714,74.1080,62.7737,87.1844,0.7685,0.6740,0.8763,0.8032
108,2013-12-17,51,45-64,70.7143,65.8050,55.7438,78.2030,0.7576,0.6565,0.8745,0.8251
108,2013-12-17,51,65+,33.4286,32.5572,26.9763,39.5297,0.7974,0.6835,0.9372,0.8696
109,2013-12-18,51,0-5,55.4286,55.2655,46.6022,66.3011,1.4860,1.2509,1.7850,1.4378
109,2013-12-18,51,6-11,93.1429,92.5044,78.3091,109.1521,1.8039,1.5365,2.1321,1.8332
109,2013-12-18,51,12-17,50.2857,47.4507,39.7039,57.2608,1.5571,1.3187,1.8439,1.6593
109,2013-12-18,51,18-44,78.2857,77.7451,65.8063,91.8809,0.7496,0.6594,0.8539,0.7874
109,2013-12-18,51,45-64,69.2857,66.7062,57.0391,79.3935,0.7287,0.6334,0.8398,0.7968
109,2013-12-18,51,65+,33.7143,33.0929,27.5975,39.8877,0.7670,0.6577,0.8971,0.8406
110,2013-12-19,51,0-5,58.7143,61.1627,51.6078,73.0797,1.5027,1.2556,1.7945,1.4190
110,2013-12-19,51,6-11,98.5714,101.3005,86.4269,119.2988,1.7920,1.5143,2.1235,1.7909
110,2013-12-19,51,12-17,54.1429,51.9102,43.6246,62.2514,1.5182,1.2860,1.7898,1.6274
110,2013-12-19,51,18-44,81.8571,81.9922,69.1840,96.8606,0.7362,0.6464,0.8371,0.7704
110,2013-12-19,51,45-64,70.1429,67.5507,57.6431,80.3089,0.7065,0.6130,0.8134,0.7758
110,2013-12-19,51,65+,33.5714,33.6997,27.9656,40.4848,0.7437,0.6361,0.8712,0.8147
111,2013-12-20,51,0-5,67.8571,67.9939,57.4835,81.2062,1.5072,1.2628,1.8207,1.4927
111,2013-12-20,51,6-11,112.0000,110.7428,94.4968,129.4767,1.7700,1.4990,2.0849,1.8470
111,2013-12-20,51,12-17,58.2857,56.2971,47.2560,67.2363,1.4779,1.2497,1.7422,1.6049
111,2013-12-20,51,18-44,86.7143,86.6853,72.9580,102.9678,0.7232,0.6368,0.8237,0.7713
111,2013-12-20,51,45-64,68.4286,68.5704,58.0983,80.8910,0.6869,0.5981,0.7914,0.7597
111,2013-12-20,51,65+,35.2857,34.3386,28.4616,41.4119,0.7232,0.6198,0.8453,0.8086
112,2013-12-21,51,0-5,76.2857,75.7740,64.0814,90.4045,1.5233,1.2760,1.8270,1.5359
112,2013-12-21,51,6-11,123.2857,120.5376,103.2206,141.6062,1.7568,1.4900,2.0644,1.8668
112,2013-12-21,51,12-17,63.0000,60.3809,50.8246,71.5985,1.4543,1.2424,1.7159,1.6004
112,2013-12-21,51,18-44,94.4286,91.4970,77.0831,108.1770,0.7196,0.6341,0.8171,0.7762
112,2013-12-21,51,45-64,69.5714,69.4028,58.7297,81.8025,0.6790,0.5926,0.7799,0.7543
112,2013-12-21,51,65+,35.8571,34.9464,29.0962,42.1529,0.7139,0.6126,0.8338,0.7991
113,2013-12-22,52,0-5,80.0000,84.7276,71.3851,101.3034,1.5304,1.2837,1.8235,1.4323
113,2013-12-22,52,6-11,125.4286,130.8878,111.7975,153.3344,1.7505,1.4900,2.0704,1.7057
113,2013-12-22,52,12-17,61.0000,64.2139,54.6632,75.8703,1.4511,1.2359,1.7087,1.4180
113,2013-12-22,52,18-44,88.8571,97.1523,82.0142,115.1909,0.7197,0.6347,0.8177,0.6898
113,2013-12-22,52,45-64,61.7143,70.4520,59.8160,83.3722,0.6768,0.5901,0.7780,0.6562
113,2013-12-22,52,65+,32.1429,35.6943,29.8693,43.1623,0.7093,0.6082,0.8271,0.6927
114,2013-12-23,52,0-5,97.1429,94.6119,79.9070,112.3816,1.5340,1.2791,1.8413,1.5896
114,2013-12-23,52,6-11,142.8571,141.6193,121.0964,165.4237,1.7456,1.4855,2.0649,1.8261
114,2013-12-23,52,12-17,67.0000,68.0946,57.9572,80.0803,1.4491,1.2317,1.7082,1.5005
114,2013-12-23,52,18-44,102.7143,103.7746,87.8477,122.2508,0.7218,0.6347,0.8192,0.7497
114,2013-12-23,52,45-64,69.1429,72.3010,61.0381,85.5945,0.6788,0.5910,0.7803,0.7089
114,2013-12-23,52,65+,35.1429,36.5448,30.5423,44.1211,0.7092,0.6091,0.8279,0.7464
115,2013-12-24,52,0-5,109.0000,104.7995,88.9739,123.6328,1.5292,1.2813,1.8280,1.6211
115,2013-12-24,52,6-11,154.0000,152.1165,130.3830,177.8575,1.7310,1.4705,2.0572,1.8408
115,2013-12-24,52,12-17,72.4286,72.0852,61.7627,84.5702,1.4566,1.2323,1.7128,1.5413
115,2013-12-24,52,18-44,111.8571,111.0414,94.5616,130.3824,0.7250,0.6368,0.8240,0.7709
115,2013-12-24,52,45-64,76.2857,74.5932,63.1191,88.5216,0.6848,0.5936,0.7867,0.7374
115,2013-12-24,52,65+,39.1429,37.5435,31.3300,45.0870,0.7122,0.6101,0.8315,0.7849
116,2013-12-25,52,0-5,118.1429,115.6852,98.6617,136.2939,1.5272,1.2676,1.8260,1.5912
116,2013-12-25,52,6-11,164.7143,163.1193,139.7460,190.4219,1.7277,1.4736,2.0305,1.8166
116,2013-12-25,52,12-17,77.7143,76.1533,64.6544,89.7435,1.4718,1.2502,1.7357,1.5377
116,2013-12-25,52,18-44,121.0000,119.0698,101.4331,139.5897,0.7327,0.6446,0.8342,0.7613
116,2013-12-25,52,45-64,78.4286,77.4738,65.3195,92.4835,0.6948,0.6047,0.7989,0.7260
116,2013-12-25,52,65+,40.1429,38.5687,32.2654,46.5545,0.7195,0.6173,0.8382,0.7688
117,2013-12-26,52,0-5,127.1429,127.1187,107.9547,148.9046,1.5294,1.2810,1.8206,1.5363
117,2013-12-26,52,6-11,171.0000,174.4532,149.4971,203.8966,1.7291,1.4703,2.0433,1.7372
117,2013-12-26,52,12-17,78.7143,80.9194,68.5604,95.1529,1.4989,1.2772,1.7641,1.4604
117,2013-12-26,52,18-44,123.8571,128.9476,110.3937,150.5938,0.7467,0.6550,0.8516,0.7262
117,2013-12-26,52,45-64,79.2857,81.9195,69.2379,96.9812,0.7126,0.6192,0.8180,0.6902
117,2013-12-26,52,65+,40.2857,40.0105,33.3314,48.3061,0.7343,0.6309,0.8529,0.7305
118,2013-12-27,52,0-5,140.0000,138.8665,117.4807,161.5596,1.5438,1.2969,1.8325,1.5617
118,2013-12-27,52,6-11,184.1429,185.5116,158.7312,216.7872,1.7349,1.4711,2.0392,1.7629
118,2013-12-27,52,12-17,82.8571,86.0066,72.6342,101.1481,1.5337,1.3057,1.7984,1.4785
118,2013-12-27,52,18-44,141.4286,140.7183,120.8724,165.8111,0.7654,0.6721,0.8730,0.7475
118,2013-12-27,52,45-64,88.4286,87.9081,73.8241,104.4447,0.7351,0.6391,0.8480,0.7074
118,2013-12-27,52,65+,38.7143,41.8469,34.8593,50.3585,0.7544,0.6511,0.8774,0.7215
119,2013-12-28,52,0-5,150.8571,151.1050,127.9049,176.6704,1.5630,1.3068,1.8523,1.5506
119,2013-12-28,52,6-11,198.2857,196.1197,168.1734,229.4403,1.7351,1.4848,2.0420,1.7705
119,2013-12-28,52,12-17,88.4286,91.8276,77.3904,108.8327,1.5682,1.3399,1.8486,1.4858
119,2013-12-28,52,18-44,153.4286,154.7573,133.0794,183.2016,0.7897,0.6936,0.9008,0.7481
119,2013-12-28,52,45-64,91.7143,95.2677,80.0185,113.1978,0.7648,0.6646,0.8788,0.7077
119,2013-12-28,52,65+,42.2857,44.3389,37.0002,53.1603,0.7818,0.6745,0.9054,0.7294
120,2013-12-29,1,0-5,158.2857,164.5906,139.5994,192.6171,1.5881,1.3425,1.8929,1.5059
120,2013-12-29,1,6-11,202.7143,206.5061,177.8264,241.0560,1.7371,1.4965,2.0337,1.7140
120,2013-12-29,1,12-17,93.1429,98.1297,83.4555,116.5758,1.5945,1.3559,1.8642,1.4743
120,2013-12-29,1,18-44,162.8571,171.7606,147.0492,202.7483,0.8162,0.7177,0.9327,0.7373
120,2013-12-29,1,45-64,96.4286,104.6089,88.5234,123.5762,0.7948,0.6918,0.9150,0.7043
120,2013-12-29,1,65+,47.0000,47.3823,39.5501,56.8819,0.8091,0.6994,0.9360,0.7384
121,2013-12-30,1,0-5,167.5714,178.7126,152.8143,208.1535,1.6180,1.3637,1.9277,1.5108
121,2013-12-30,1,6-11,212.4286,215.9444,186.4272,250.9297,1.7383,1.4897,2.0209,1.7324
121,2013-12-30,1,12-17,105.2857,105.2530,89.5788,124.3832,1.6082,1.3745,1.8814,1.5692
121,2013-12-30,1,18-44,183.7143,192.7732,164.6930,227.7295,0.8409,0.7382,0.9642,0.7688
121,2013-12-30,1,45-64,112.7143,115.9726,98.8372,137.8122,0.8225,0.7150,0.9497,0.7457
121,2013-12-30,1,65+,49.7143,50.9436,42.6679,61.0897,0.8339,0.7195,0.9652,0.7660
122,2013-12-31,1,0-5,193.5714,193.9499,166.2774,225.7597,1.6347,1.3799,1.9465,1.6371
122,2013-12-31,1,6-11,231.7143,224.0660,193.1315,259.5308,1.7248,1.4856,2.0062,1.8310
122,2013-12-31,1,12-17,116.1429,112.3721,95.4181,132.5292,1.5967,1.3706,1.8680,1.6563
122,2013-12-31,1,18-44,220.7143,215.9831,185.8084,254.4285,0.8588,0.7517,0.9833,0.8356
122,2013-12-31,1,45-64,131.1429,129.5611,110.2968,153.2338,0.8421,0.7318,0.9695,0.8086
122,2013-12-31,1,65+,56.5714,54.9645,46.0540,65.5951,0.8508,0.7353,0.9874,0.8268
123,2014-01-01,1,0-5,218.8571,210.3231,180.6914,246.6910,1.6326,1.3777,1.9322,1.7025
123,2014-01-01,1,6-11,241.0000,230.1577,198.8264,267.5861,1.6983,1.4653,1.9778,1.8401
123,2014-01-01,1,12-17,123.4286,118.7480,101.9196,139.3741,1.5594,1.3382,1.8161,1.6724
123,2014-01-01,1,18-44,254.1429,242.1651,208.2242,286.3929,0.8634,0.7564,0.9872,0.8686
123,2014-01-01,1,45-64,153.0000,145.4352,123.0252,170.8449,0.8482,0.7367,0.9785,0.8411
123,2014-01-01,1,65+,60.0000,59.5159,49.9630,70.8218,0.8560,0.7400,0.9907,0.8448
124,2014-01-02,1,0-5,227.0000,228.5920,194.5537,266.8710,1.6239,1.3750,1.9149,1.6057
124,2014-01-02,1,6-11,241.1429,235.4109,202.6680,272.2000,1.6696,1.4363,1.9366,1.7289
124,2014-01-02,1,12-17,125.7143,123.9740,106.4912,145.3590,1.5136,1.3007,1.7593,1.5667
124,2014-01-02,1,18-44,264.5714,271.5632,232.4864,320.1253,0.8625,0.7541,0.9886,0.8159
124,2014-01-02,1,45-64,154.8571,163.3798,138.7899,192.1745,0.8484,0.7355,0.9790,0.7857
124,2014-01-02,1,65+,61.1429,64.9157,54.4488,77.1635,0.8559,0.7405,0.9892,0.7881
125,2014-01-03,1,0-5,246.7143,247.0429,212.1186,289.8235,1.6029,1.3558,1.8922,1.6396
125,2014-01-03,1,6-11,239.5714,239.4425,206.2547,277.2659,1.6392,1.4138,1.9104,1.7235
125,2014-01-03,1,12-17,131.7143,127.9548,109.6685,149.4660,1.4592,1.2588,1.6963,1.6020
125,2014-01-03,1,18-44,306.4286,303.5280,258.7338,357.0536,0.8508,0.7453,0.9762,0.8621
125,2014-01-03,1,45-64,187.0000,183.6843,156.1491,214.7180,0.8351,0.7257,0.9638,0.8478
125,2014-01-03,1,65+,74.8571,71.0065,59.8376,84.6091,0.8411,0.7281,0.9718,0.8644
126,2014-01-04,1,0-5,267.5714,265.9930,228.9779,311.2940,1.5725,1.3264,1.8611,1.6534
126,2014-01-04,1,6-11,238.8571,243.1139,208.9065,282.1770,1.6047,1.3810,1.8635,1.7000
126,2014-01-04,1,12-17,130.8571,129.9766,111.4114,152.8642,1.3894,1.1962,1.6140,1.5640
126,2014-01-04,1,18-44,343.4286,336.4633,289.3050,395.6527,0.8273,0.7239,0.9494,0.8762
126,2014-01-04,1,45-64,211.7143,203.7991,174.2365,238.5316,0.8073,0.7000,0.9320,0.8634
126,2014-01-04,1,65+,80.1429,77.4501,65.0928,91.4286,0.8119,0.7029,0.9376,0.8725
127,2014-01-05,2,0-5,296.4286,285.1050,245.3954,332.5910,1.5473,1.3060,1.8439,1.7189
127,2014-01-05,2,6-11,259.4286,246.7174,212.8939,286.7542,1.5832,1.3658,1.8449,1.7917
127,2014-01-05,2,12-17,142.5714,130.7611,111.8646,152.8416,1.3259,1.1394,1.5372,1.6403
127,2014-01-05,2,18-44,396.8571,366.6875,317.5711,430.9460,0.8027,0.7010,0.9201,0.9273
127,2014-01-05,2,45-64,246.4286,221.9870,190.2614,259.9151,0.7767,0.6723,0.8962,0.9150
127,2014-01-05,2,65+,89.0000,83.4877,70.1778,98.0356,0.7816,0.6767,0.9038,0.9146
128,2014-01-06,2,0-5,314.7143,304.9349,261.4212,356.9522,1.5331,1.2924,1.8175,1.6604
128,2014-01-06,2,6-11,253.1429,251.9136,217.9711,294.1398,1.5783,1.3490,1.8417,1.6873
128,2014-01-06,2,12-17,135.4286,129.9747,111.0315,152.5206,1.2793,1.0990,1.4880,1.5030
128,2014-01-06,2,18-44,416.0000,393.6903,339.4947,461.5557,0.7826,0.6832,0.8979,0.8766
128,2014-01-06,2,45-64,246.8571,237.4271,204.3234,278.3934,0.7511,0.6502,0.8675,0.8538
128,2014-01-06,2,65+,90.7143,88.9433,75.3299,104.7107,0.7543,0.6525,0.8738,0.8530
129,2014-01-07,2,0-5,323.0000,326.2131,279.6612,381.0199,1.5506,1.3049,1.8416,1.5727
129,2014-01-07,2,6-11,247.4286,260.1269,223.6845,303.2272,1.6002,1.3761,1.8647,1.5916
129,2014-01-07,2,12-17,126.5714,128.6504,109.6085,150.9680,1.2618,1.0864,1.4681,1.3844
129,2014-01-07,2,18-44,422.5714,419.0063,360.2282,489.5014,0.7784,0.6797,0.8905,0.8275
129,2014-01-07,2,45-64,251.8571,251.2762,216.5781,293.6637,0.7397,0.6417,0.8525,0.8053
129,2014-01-07,2,65+,93.5714,93.9637,79.7987,110.5327,0.7398,0.6419,0.8517,0.8084
130,2014-01-08,2,0-5,337.1429,350.6023,302.2809,411.7325,1.5816,1.3399,1.8788,1.5271
130,2014-01-08,2,6-11,257.5714,271.9191,232.2750,316.1361,1.6523,1.4239,1.9223,1.5698
130,2014-01-08,2,12-17,122.5714,127.7348,109.0019,150.2739,1.2658,1.0901,1.4690,1.3199
130,2014-01-08,2,18-44,424.2857,441.4454,376.9806,513.6183,0.7852,0.6861,0.9019,0.7954
130,2014-01-08,2,45-64,254.0000,262.7176,227.6149,307.7914,0.7381,0.6407,0.8537,0.7708
130,2014-01-08,2,65+,96.1429,98.2783,83.6862,116.1744,0.7346,0.6367,0.8471,0.7771
131,2014-01-09,2,0-5,354.1429,378.3789,326.4161,446.7443,1.6349,1.3798,1.9376,1.5165
131,2014-01-09,2,6-11,268.0000,287.1005,245.9828,335.5408,1.7251,1.4846,2.0216,1.5755
131,2014-01-09,2,12-17,120.7143,126.8476,108.2866,149.2425,1.2930,1.1164,1.5036,1.2989
131,2014-01-09,2,18-44,436.8571,461.5102,395.8583,539.1504,0.8053,0.7058,0.9247,0.7883
131,2014-01-09,2,45-64,262.1429,272.2745,235.4988,319.5541,0.7509,0.6532,0.8676,0.7628
131,2014-01-09,2,65+,99.8571,101.9051,86.8271,120.4522,0.7433,0.6456,0.8564,0.7702
132,2014-01-10,2,0-5,406.8571,411.1684,354.9493,484.1963,1.6867,1.4254,1.9920,1.6175
132,2014-01-10,2,6-11,306.1429,308.0047,266.0632,360.5311,1.8063,1.5534,2.1106,1.6858
132,2014-01-10,2,12-17,120.2857,126.7935,107.7271,148.6818,1.3351,1.1522,1.5471,1.3074
132,2014-01-10,2,18-44,460.8571,483.9790,414.9878,561.9655,0.8317,0.7278,0.9510,0.8106
132,2014-01-10,2,45-64,272.0000,280.6378,241.5960,328.7924,0.7711,0.6687,0.8888,0.7714
132,2014-01-10,2,65+,102.0000,105.0122,89.4143,123.6100,0.7588,0.6583,0.8746,0.7737
133,2014-01-11,2,0-5,443.8571,447.4449,386.5114,522.1026,1.7357,1.4589,2.0500,1.6454
133,2014-01-11,2,6-11,334.5714,335.7567,289.8136,392.7922,1.8856,1.6216,2.1990,1.7307
133,2014-01-11,2,12-17,123.2857,128.1232,108.9333,150.0857,1.3850,1.1936,1.6051,1.3164
133,2014-01-11,2,18-44,486.1429,509.9537,439.0334,589.8796,0.8603,0.7523,0.9855,0.8147
133,2014-01-11,2,45-64,276.1429,287.9229,248.1732,337.2083,0.7944,0.6903,0.9160,0.7674
133,2014-01-11,2,65+,103.8571,107.8479,91.2990,126.7847,0.7778,0.6754,0.8955,0.7657
134,2014-01-12,3,0-5,490.1429,488.3050,420.2374,569.6098,1.7686,1.4963,2.0855,1.6910
134,2014-01-12,3,6-11,368.2857,370.5471,317.9996,431.8960,1.9562,1.6785,2.2830,1.7857
134,2014-01-12,3,12-17,126.4286,130.9565,111.7284,153.4824,1.4316,1.2338,1.6661,1.3348
134,2014-01-12,3,18-44,531.8571,541.6742,466.2021,633.3079,0.8849,0.7730,1.0156,0.8324
134,2014-01-12,3,45-64,286.1429,296.5622,255.2821,345.4325,0.8156,0.7088,0.9408,0.7757
134,2014-01-12,3,65+,105.4286,110.3479,93.9891,129.4034,0.7935,0.6898,0.9156,0.7656
135,2014-01-13,3,0-5,540.4286,536.5636,460.8930,623.6874,1.7914,1.5146,2.1124,1.7311
135,2014-01-13,3,6-11,415.1429,412.3760,356.0190,480.7021,2.0060,1.7189,2.3380,1.8600
135,2014-01-13,3,12-17,133.1429,135.7865,116.0849,160.7726,1.4697,1.2706,1.7040,1.3760
135,2014-01-13,3,18-44,583.4286,584.1073,501.6670,682.7192,0.9033,0.7889,1.0338,0.8578
135,2014-01-13,3,45-64,307.1429,308.5435,265.4211,358.6532,0.8313,0.7213,0.9576,0.7989
135,2014-01-13,3,65+,113.7143,113.6680,97.1409,133.9889,0.8058,0.7012,0.9257,0.7885
136,2014-01-14,3,0-5,598.8571,587.9283,507.1748,683.2487,1.8054,1.5362,2.1296,1.7700
136,2014-01-14,3,6-11,472.8571,462.7384,398.7797,538.3129,2.0453,1.7519,2.3927,1.9332
136,2014-01-14,3,12-17,145.5714,143.6621,121.6005,169.2346,1.5022,1.3016,1.7381,1.4279
136,2014-01-14,3,18-44,648.7143,638.2695,544.5554,742.2233,0.9154,0.8012,1.0519,0.8804
136,2014-01-14,3,45-64,325.2857,323.2390,277.3488,378.2605,0.8410,0.7319,0.9719,0.8153
136,2014-01-14,3,65+,121.2857,118.4765,101.3857,139.8155,0.8104,0.7054,0.9348,0.8013
137,2014-01-15,3,0-5,653.2857,646.4391,557.1797,751.1632,1.8224,1.5415,2.1535,1.7815
137,2014-01-15,3,6-11,532.2857,524.1486,451.3215,612.8692,2.0716,1.7789,2.4093,1.9764
137,2014-01-15,3,12-17,156.7143,153.7711,130.6640,180.0781,1.5284,1.3229,1.7704,1.4611
137,2014-01-15,3,18-44,723.8571,703.2136,602.5274,815.9464,0.9253,0.8100,1.0606,0.8983
137,2014-01-15,3,45-64,355.0000,343.2524,296.1076,401.7570,0.8483,0.7381,0.9768,0.8327
137,2014-01-15,3,65+,130.1429,124.2119,106.8666,146.8963,0.8136,0.7086,0.9328,0.8144
138,2014-01-16,3,0-5,696.4286,713.8457,617.2906,828.1682,1.8325,1.5508,2.1654,1.7249
138,2014-01-16,3,6-11,571.0000,595.1163,513.3851,696.1697,2.0878,1.7944,2.4347,1.9098
138,2014-01-16,3,12-17,163.5714,167.3685,142.2579,197.0076,1.5394,1.3344,1.7810,1.4154
138,2014-01-16,3,18-44,764.0000,781.6104,670.0137,911.2349,0.9293,0.8155,1.0670,0.8652
138,2014-01-16,3,45-64,363.7143,369.6032,317.9539,430.8104,0.8498,0.7406,0.9774,0.7985
138,2014-01-16,3,65+,133.0000,132.1455,113.2154,156.3508,0.8128,0.7096,0.9308,0.7783
139,2014-01-17,3,0-5,793.1429,790.4117,683.2536,918.1120,1.8317,1.5532,2.1757,1.8176
139,2014-01-17,3,6-11,691.2857,677.8058,581.4578,788.0760,2.0968,1.7988,2.4425,2.0659
139,2014-01-17,3,12-17,185.8571,184.0209,156.8509,215.9832,1.5488,1.3388,1.7955,1.5042
139,2014-01-17,3,18-44,891.5714,873.8898,753.1496,1022.1519,0.9299,0.8143,1.0635,0.9182
139,2014-01-17,3,45-64,408.4286,400.7274,345.1144,468.3423,0.8481,0.7403,0.9745,0.8412
139,2014-01-17,3,65+,143.0000,141.9584,121.2534,167.9356,0.8096,0.7068,0.9273,0.8087
140,2014-01-18,3,0-5,881.4286,876.2765,754.2197,1021.2112,1.8341,1.5502,2.1654,1.8325
140,2014-01-18,3,6-11,789.5714,775.2556,661.2523,903.1264,2.0956,1.7875,2.4395,2.0923
140,2014-01-18,3,12-17,207.1429,203.6388,173.4241,239.7541,1.5435,1.3336,1.7798,1.5227
140,2014-01-18,3,18-44,991.0000,977.6286,845.6442,1138.6625,0.9239,0.8091,1.0606,0.9215
140,2014-01-18,3,45-64,436.2857,437.4915,375.1026,510.5213,0.8406,0.7334,0.9671,0.8388
140,2014-01-18,3,65+,153.0000,153.8126,130.7819,180.4394,0.8017,0.7004,0.9180,0.8031
141,2014-01-19,4,0-5,980.0000,974.5491,837.8382,1137.0222,1.8355,1.5573,2.1587,1.8400
141,2014-01-19,4,6-11,888.5714,882.9414,756.0130,1035.0040,2.0865,1.7855,2.4338,2.0930
141,2014-01-19,4,12-17,234.0000,227.1739,194.9375,266.1021,1.5330,1.3300,1.7746,1.5476
141,2014-01-19,4,18-44,1104.2857,1097.7454,945.8399,1276.7782,0.9199,0.8071,1.0531,0.9256
141,2014-01-19,4,45-64,479.5714,480.5776,412.3214,563.4400,0.8355,0.7283,0.9581,0.8429
141,2014-01-19,4,65+,168.0000,167.6387,141.7327,196.7286,0.7963,0.6958,0.9117,0.8063
142,2014-01-20,4,0-5,1075.7143,1087.1392,937.0195,1280.7486,1.8329,1.5508,2.1681,1.8343
142,2014-01-20,4,6-11,1005.8571,1004.8818,861.2419,1178.6457,2.0805,1.7800,2.4321,2.1016
142,2014-01-20,4,12-17,260.8571,253.6894,216.5162,295.9391,1.5205,1.3155,1.7537,1.5634
142,2014-01-20,4,18-44,1241.5714,1229.4254,1058.2321,1428.7480,0.9147,0.8029,1.0494,0.9327
142,2014-01-20,4,45-64,539.5714,532.5745,458.1164,619.3546,0.8303,0.7238,0.9525,0.8523
142,2014-01-20,4,65+,184.2857,184.0118,156.2549,215.8302,0.7935,0.6932,0.9077,0.8124
143,2014-01-21,4,0-5,1206.4286,1214.0695,1042.8387,1427.3350,1.8353,1.5583,2.1733,1.8476
143,2014-01-21,4,6-11,1129.2857,1140.3774,977.6926,1344.9470,2.0744,1.7807,2.4289,2.0955
143,2014-01-21,4,12-17,284.1429,282.9106,242.1244,331.4296,1.5148,1.3159,1.7439,1.5484
143,2014-01-21,4,18-44,1390.7143,1374.6348,1180.7675,1614.6381,0.9115,0.7983,1.0421,0.9337
143,2014-01-21,4,45-64,597.2857,590.1797,505.2294,687.5104,0.8252,0.7200,0.9459,0.8509
143,2014-01-21,4,65+,201.1429,203.8858,173.7012,238.9417,0.7909,0.6915,0.9032,0.8093
144,2014-01-22,4,0-5,1336.4286,1361.7459,1168.9764,1590.3242,1.8345,1.5482,2.1643,1.8331
144,2014-01-22,4,6-11,1271.7143,1295.2544,1119.9474,1519.4379,2.0782,1.7740,2.4265,2.0807
144,2014-01-22,4,12-17,312.7143,315.9994,272.1881,369.8952,1.5181,1.3139,1.7479,1.5285
144,2014-01-22,4,18-44,1524.7143,1536.7026,1313.4513,1804.3558,0.9110,0.7965,1.0428,0.9210
144,2014-01-22,4,45-64,648.0000,654.9006,561.6598,764.5400,0.8249,0.7194,0.9452,0.8378
144,2014-01-22,4,65+,224.1429,227.2680,193.6901,265.8010,0.7925,0.6927,0.9049,0.8012
145,2014-01-23,4,0-5,1425.5714,1531.4060,1306.2163,1774.1667,1.8190,1.5489,2.1485,1.7464
145,2014-01-23,4,6-11,1348.0000,1473.1837,1267.1296,1711.5682,2.0637,1.7786,2.3904,1.9611
145,2014-01-23,4,12-17,327.0000,354.1481,303.0091,411.9680,1.5164,1.3188,1.7547,1.4386
145,2014-01-23,4,18-44,1601.8571,1716.3112,1474.3581,2007.6159,0.9069,0.7958,1.0379,0.8685
145,2014-01-23,4,45-64,671.5714,726.4761,624.6980,850.9934,0.8229,0.7184,0.9432,0.7873
145,2014-01-23,4,65+,233.7143,254.7931,216.5654,296.9982,0.7938,0.6946,0.9081,0.7533
146,2014-01-24,4,0-5,1686.0000,1712.3583,1463.0505,1983.1891,1.7888,1.5081,2.1151,1.8639
146,2014-01-24,4,6-11,1631.4286,1655.7378,1432.6729,1923.5279,2.0103,1.7230,2.3467,2.1091
146,2014-01-24,4,12-17,376.5714,395.3673,340.7572,457.3886,1.4955,1.2990,1.7321,1.5184
146,2014-01-24,4,18-44,1843.8571,1913.9159,1654.6561,2238.1524,0.8901,0.7800,1.0181,0.9200
146,2014-01-24,4,45-64,780.1429,806.4707,691.7342,938.0402,0.8088,0.7062,0.9254,0.8329
146,2014-01-24,4,65+,274.0000,285.8833,243.9185,333.3397,0.7849,0.6859,0.8964,0.8001
147,2014-01-25,4,0-5,1947.5714,1897.8088,1644.9482,2194.0936,1.7171,1.4531,2.0277,1.9408
147,2014-01-25,4,6-11,1918.0000,1847.5482,1610.7119,2148.9529,1.9190,1.6453,2.2503,2.2090
147,2014-01-25,4,12-17,445.7143,440.9044,377.4368,511.2073,1.4510,1.2495,1.6831,1.6121
147,2014-01-25,4,18-44,2153.5714,2115.6663,1834.6961,2475.6545,0.8589,0.7522,0.9834,0.9669
147,2014-01-25,4,45-64,915.4286,883.6897,760.4560,1027.1542,0.7826,0.6814,0.8973,0.8798
147,2014-01-25,4,65+,326.5714,318.9272,272.5636,373.9967,0.7618,0.6642,0.8713,0.8487
148,2014-01-26,5,0-5,2294.8571,2082.8424,1806.5468,2422.6008,1.6460,1.3922,1.9460,2.0377
148,2014-01-26,5,6-11,2270.4286,2034.4979,1762.9136,2359.4729,1.8279,1.5633,2.1317,2.3145
148,2014-01-26,5,12-17,552.0000,486.5660,418.2091,565.6370,1.3967,1.2053,1.6194,1.7367
148,2014-01-26,5,18-44,2599.5714,2323.0619,2013.5845,2720.9188,0.8235,0.7204,0.9453,1.0233
148,2014-01-26,5,45-64,1077.7143,961.0824,829.6286,1113.2676,0.7512,0.6545,0.8616,0.9326
148,2014-01-26,5,65+,395.8571,354.2405,304.2309,415.1481,0.7335,0.6395,0.8395,0.9015
149,2014-01-27,5,0-5,2397.8571,2259.4000,1956.9840,2619.8628,1.5836,1.3355,1.8699,1.8521
149,2014-01-27,5,6-11,2356.4286,2198.1094,1902.6810,2559.2361,1.7429,1.4899,2.0374,2.0852
149,2014-01-27,5,12-17,581.2857,534.5558,465.1556,621.5641,1.3576,1.1680,1.5705,1.5741
149,2014-01-27,5,18-44,2714.7143,2560.4590,2208.4276,2975.9137,0.7937,0.6939,0.9088,0.9248
149,2014-01-27,5,45-64,1097.4286,1041.6112,906.5231,1209.5846,0.7253,0.6328,0.8316,0.8400
149,2014-01-27,5,65+,414.7143,391.7358,336.0062,457.1980,0.7099,0.6195,0.8145,0.8141
150,2014-01-28,5,0-5,2361.4286,2437.5597,2102.5365,2829.9515,1.5366,1.3049,1.8225,1.6286
150,2014-01-28,5,6-11,2319.4286,2353.5824,2032.9577,2730.4053,1.6925,1.4582,1.9683,1.8294
150,2014-01-28,5,12-17,584.5714,587.3284,509.6367,684.1760,1.3477,1.1616,1.5612,1.3962
150,2014-01-28,5,18-44,2717.8571,2807.3743,2420.6282,3261.8769,0.7765,0.6808,0.8889,0.8186
150,2014-01-28,5,45-64,1096.1429,1141.4229,984.0477,1327.6001,0.7132,0.6225,0.8183,0.7463
150,2014-01-28,5,65+,425.2857,436.9478,372.7800,511.2206,0.6999,0.6101,0.8016,0.7277
151,2014-01-29,5,0-5,2525.5714,2611.8792,2259.5281,3022.9128,1.5123,1.2769,1.7957,1.5977
151,2014-01-29,5,6-11,2454.7143,2496.6048,2144.3698,2886.6683,1.6761,1.4312,1.9746,1.7822
151,2014-01-29,5,12-17,628.4286,651.1628,560.9286,760.8454,1.3696,1.1776,1.5867,1.3669
151,2014-01-29,5,18-44,2899.2857,3068.7009,2659.1538,3578.0236,0.7718,0.6757,0.8867,0.8009
151,2014-01-29,5,45-64,1168.8571,1249.6217,1075.1032,1453.3671,0.7123,0.6216,0.8183,0.7302
151,2014-01-29,5,65+,455.8571,486.8942,414.1615,569.7587,0.6995,0.6105,0.8033,0.7125
152,2014-01-30,5,0-5,2700.7143,2772.9044,2399.0016,3202.8031,1.5084,1.2688,1.7894,1.5942
152,2014-01-30,5,6-11,2619.7143,2619.7813,2267.2912,3040.0280,1.6869,1.4375,1.9724,1.7767
152,2014-01-30,5,12-17,676.5714,721.7885,621.6752,845.3675,1.4253,1.2217,1.6542,1.3647
152,2014-01-30,5,18-44,3116.4286,3326.7755,2872.6144,3882.9014,0.7775,0.6786,0.8891,0.8005
152,2014-01-30,5,45-64,1260.2857,1357.8752,1159.9959,1578.5813,0.7208,0.6280,0.8248,0.7306
152,2014-01-30,5,65+,491.8571,536.3941,458.9779,623.4028,0.7088,0.6188,0.8130,0.7132
153,2014-01-31,5,0-5,2968.8571,2925.4473,2518.9323,3382.5396,1.5110,1.2730,1.7893,1.6647
153,2014-01-31,5,6-11,2812.5714,2754.0867,2365.7820,3207.0009,1.7196,1.4653,2.0097,1.8395
153,2014-01-31,5,12-17,785.5714,807.3248,691.1432,943.2683,1.5017,1.2912,1.7474,1.4705
153,2014-01-31,5,18-44,3580.1429,3559.0897,3061.8575,4144.7066,0.7857,0.6881,0.9017,0.8544
153,2014-01-31,5,45-64,1473.7143,1462.2770,1251.3615,1697.7298,0.7314,0.6389,0.8391,0.7901
153,2014-01-31,5,65+,590.8571,583.0192,501.8158,679.1387,0.7193,0.6277,0.8273,0.7783
154,2014-02-01,5,0-5,3069.1429,3077.0943,2654.3304,3567.2732,1.5197,1.2845,1.7999,1.6056
154,2014-02-01,5,6-11,2831.0000,2912.6672,2504.6059,3387.9440,1.7740,1.5208,2.0820,1.7578
154,2014-02-01,5,12-17,869.8571,919.4451,791.5804,1079.4223,1.5985,1.3760,1.8587,1.4586
154,2014-02-01,5,18-44,3750.1429,3789.6104,3259.4648,4393.0383,0.7959,0.6990,0.9131,0.8274
154,2014-02-01,5,45-64,1535.2857,1554.9072,1336.6916,1810.0261,0.7419,0.6490,0.8530,0.7669
154,2014-02-01,5,65+,627.1429,631.4012,545.5681,740.7454,0.7301,0.6375,0.8378,0.7558
155,2014-02-02,6,0-5,3047.5714,3234.3198,2784.2183,3732.1253,1.5287,1.2935,1.8065,1.4997
155,2014-02-02,6,6-11,2756.7143,3114.1227,2682.0035,3621.5562,1.8448,1.5815,2.1593,1.6370
155,2014-02-02,6,12-17,937.8571,1068.4867,919.2661,1251.4020,1.6998,1.4623,1.9952,1.4101
155,2014-02-02,6,18-44,3778.7143,3994.1459,3453.2621,4609.4839,0.8032,0.7056,0.9163,0.7791
155,2014-02-02,6,45-64,1565.0000,1648.4253,1407.1563,1937.5175,0.7471,0.6539,0.8530,0.7258
155,2014-02-02,6,65+,644.5714,681.5890,593.7932,793.9667,0.7322,0.6379,0.8372,0.7153
156,2014-02-03,6,0-5,3259.8571,3401.2432,2952.1662,3971.8393,1.5264,1.2906,1.8012,1.5425
156,2014-02-03,6,6-11,3093.0000,3393.0679,2921.3117,3966.4755,1.9090,1.6349,2.2308,1.7413
156,2014-02-03,6,12-17,1192.0000,1267.2966,1088.1439,1486.3609,1.7790,1.5189,2.0879,1.5708
156,2014-02-03,6,18-44,4119.2857,4179.8009,3654.4188,4850.3921,0.7990,0.7025,0.9161,0.8147
156,2014-02-03,6,45-64,1717.5714,1734.9547,1493.7578,2039.0945,0.7393,0.6485,0.8436,0.7624
156,2014-02-03,6,65+,724.0000,733.6339,636.4206,853.9975,0.7206,0.6289,0.8258,0.7499
157,2014-02-04,6,0-5,3651.5714,3576.0545,3099.9239,4137.6868,1.4984,1.2718,1.7781,1.6429
157,2014-02-04,6,6-11,3754.2857,3757.6724,3216.3177,4374.9146,1.9340,1.6572,2.2727,1.9415
157,2014-02-04,6,12-17,1596.8571,1522.9882,1316.5437,1774.6466,1.8013,1.5285,2.1221,1.8020
157,2014-02-04,6,18-44,4545.0000,4338.6284,3783.5630,5041.9361,0.7783,0.6851,0.8898,0.8710
157,2014-02-04,6,45-64,1913.8571,1805.7026,1550.8829,2090.6527,0.7151,0.6285,0.8156,0.8144
157,2014-02-04,6,65+,823.2857,778.7383,673.5472,903.3201,0.6940,0.6057,0.7942,0.7974
158,2014-02-05,6,0-5,3860.5714,3749.4413,3241.3324,4376.4514,1.4623,1.2363,1.7385,1.6238
158,2014-02-05,6,6-11,4300.8571,4217.1527,3610.8605,4910.5591,1.9251,1.6529,2.2515,1.9916
158,2014-02-05,6,12-17,1984.4286,1831.6819,1583.9612,2140.0393,1.7797,1.5108,2.0982,1.8750
158,2014-02-05,6,18-44,4748.0000,4469.1672,3872.0359,5195.7493,0.7476,0.6602,0.8525,0.8597
158,2014-02-05,6,45-64,1995.5714,1855.1502,1597.4730,2135.6301,0.6814,0.6000,0.7757,0.8005
158,2014-02-05,6,65+,874.5714,816.3639,705.9212,948.5827,0.6586,0.5765,0.7544,0.7802
159,2014-02-06,6,0-5,3933.1429,3941.7200,3411.0591,4579.2347,1.4181,1.1951,1.6780,1.5237
159,2014-02-06,6,6-11,4558.5714,4749.1375,4096.4111,5532.4550,1.8806,1.6069,2.2228,1.8766
159,2014-02-06,6,12-17,2144.2857,2183.7894,1891.5953,2521.1814,1.7084,1.4530,2.0282,1.7246
159,2014-02-06,6,18-44,4712.5714,4577.9773,3958.4923,5312.1815,0.7108,0.6262,0.8064,0.7911
159,2014-02-06,6,45-64,1963.4286,1902.1487,1635.7494,2186.3893,0.6420,0.5652,0.7293,0.7298
159,2014-02-06,6,65+,871.7143,851.2714,735.1333,991.0423,0.6191,0.5410,0.7091,0.7118
160,2014-02-07,6,0-5,4130.0000,4132.2680,3578.5103,4776.4055,1.3659,1.1500,1.6272,1.4927
160,2014-02-07,6,6-11,5507.0000,5361.4400,4613.3150,6213.9177,1.8135,1.5389,2.1373,1.9591
160,2014-02-07,6,12-17,2688.0000,2567.1955,2212.9865,2963.4300,1.6173,1.3663,1.9090,1.7963
160,2014-02-07,6,18-44,4729.5714,4690.5051,4067.5326,5435.2764,0.6717,0.5931,0.7624,0.7692
160,2014-02-07,6,45-64,1965.0000,1948.2725,1690.2886,2253.3490,0.6014,0.5307,0.6823,0.7034
160,2014-02-07,6,65+,897.0000,883.9073,765.7118,1030.0693,0.5808,0.5089,0.6637,0.6820
161,2014-02-08,6,0-5,4311.5714,4318.1522,3748.0525,4983.8836,1.3208,1.1107,1.5720,1.4555
161,2014-02-08,6,6-11,6205.4286,5994.8385,5212.6062,6937.3974,1.7312,1.4641,2.0486,1.9407
161,2014-02-08,6,12-17,3069.2857,2947.9929,2526.1712,3397.5717,1.5115,1.2769,1.8060,1.7540
161,2014-02-08,6,18-44,4809.1429,4792.4593,4141.4149,5557.9618,0.6352,0.5615,0.7209,0.7395
161,2014-02-08,6,45-64,1990.4286,1994.4206,1739.1853,2309.1464,0.5651,0.4984,0.6414,0.6715
161,2014-02-08,6,65+,918.0000,914.3315,792.1707,1063.2766,0.5469,0.4791,0.6261,0.6507
162,2014-02-09,7,0-5,4527.2857,4518.8526,3915.8824,5228.3069,1.2706,1.0735,1.5128,1.4269
162,2014-02-09,7,6-11,6811.5714,6615.0247,5760.1504,7636.6073,1.6370,1.3848,1.9263,1.8879
162,2014-02-09,7,12-17,3358.1429,3294.6798,2830.0631,3771.1581,1.4079,1.1842,1.6771,1.6727
162,2014-02-09,7,18-44,4929.5714,4900.6361,4221.7818,5678.6355,0.6012,0.5318,0.6835,0.7111
162,2014-02-09,7,45-64,2033.7143,2043.4203,1780.4993,2365.7370,0.5329,0.4699,0.6056,0.6416
162,2014-02-09,7,65+,948.1429,941.0281,818.6937,1095.3975,0.5173,0.4535,0.5929,0.6245
163,2014-02-10,7,0-5,4727.8571,4700.2839,4075.8766,5430.9108,1.2345,1.0325,1.4670,1.3906
163,2014-02-10,7,6-11,7288.7143,7176.4224,6250.2248,8298.2128,1.5574,1.3142,1.8474,1.8084
163,2014-02-10,7,12-17,3580.0000,3573.9663,3059.3357,4144.6835,1.3075,1.0912,1.5453,1.5800
163,2014-02-10,7,18-44,5002.1429,5021.6446,4331.7307,5831.4532,0.5737,0.5063,0.6507,0.6785
163,2014-02-10,7,45-64,2071.7143,2093.1687,1825.2167,2434.7870,0.5059,0.4459,0.5749,0.6089
163,2014-02-10,7,65+,960.4286,964.9760,837.3343,1121.8564,0.4938,0.4319,0.5648,0.5938
164,2014-02-11,7,0-5,4865.1429,4859.4738,4205.4401,5641.0211,1.1936,1.0037,1.4198,1.3471
164,2014-02-11,7,6-11,7668.5714,7644.3397,6655.8749,8832.2115,1.4732,1.2522,1.7552,1.7278
164,2014-02-11,7,12-17,3755.2857,3799.6337,3256.6503,4413.8942,1.2070,1.0273,1.4261,1.4964
164,2014-02-11,7,18-44,5090.0000,5147.3254,4451.0340,5992.7470,0.5508,0.4855,0.6252,0.6482
164,2014-02-11,7,45-64,2095.8571,2147.0658,1875.0098,2499.8012,0.4858,0.4262,0.5526,0.5792
164,2014-02-11,7,65+,965.2857,988.2627,859.4526,1146.4761,0.4773,0.4163,0.5474,0.5651
165,2014-02-12,7,0-5,4991.7143,5000.8693,4336.3318,5793.7207,1.1654,0.9828,1.3993,1.3103
165,2014-02-12,7,6-11,8009.7143,7998.9158,6958.8063,9236.2864,1.4055,1.1893,1.6648,1.6621
165,2014-02-12,7,12-17,3864.2857,3908.0872,3368.2464,4537.3291,1.1263,0.9463,1.3432,1.4220
165,2014-02-12,7,18-44,5168.0000,5262.5550,4545.7692,6111.2755,0.5334,0.4714,0.6065,0.6242
165,2014-02-12,7,45-64,2138.5714,2201.4608,1914.2420,2556.6465,0.4706,0.4140,0.5358,0.5569
165,2014-02-12,7,65+,985.2857,1009.4982,870.4145,1170.1052,0.4667,0.4069,0.5361,0.5457
166,2014-02-13,7,0-5,5050.4286,5124.8628,4452.7650,5939.4740,1.1468,0.9588,1.3718,1.2654
166,2014-02-13,7,6-11,8109.4286,8230.7711,7144.5298,9517.7977,1.3432,1.1287,1.5999,1.5783
166,2014-02-13,7,12-17,3875.1429,3920.4708,3400.4603,4503.3923,1.0555,0.8967,1.2436,1.3423
166,2014-02-13,7,18-44,5203.1429,5373.8700,4647.0514,6238.9788,0.5213,0.4588,0.5926,0.5980
166,2014-02-13,7,45-64,2168.5714,2253.1400,1946.3212,2616.3922,0.4612,0.4047,0.5256,0.5336
166,2014-02-13,7,65+,991.2857,1027.4498,888.1918,1196.4284,0.4609,0.4017,0.5293,0.5245
167,2014-02-14,7,0-5,5205.5714,5237.4748,4539.2249,6097.3363,1.1307,0.9500,1.3519,1.2555
167,2014-02-14,7,6-11,8282.8571,8309.0102,7216.0744,9624.4523,1.2783,1.0825,1.5141,1.5366
167,2014-02-14,7,12-17,3819.5714,3834.8128,3329.1902,4380.1911,0.9839,0.8363,1.1622,1.2809
167,2014-02-14,7,18-44,5352.7143,5462.0843,4720.3226,6328.5353,0.5110,0.4505,0.5809,0.5882
167,2014-02-14,7,45-64,2235.5714,2299.9061,1984.9849,2673.6096,0.4543,0.3989,0.5188,0.5242
167,2014-02-14,7,65+,1016.7143,1043.4822,901.7931,1211.4164,0.4587,0.4000,0.5281,0.5178
168,2014-02-15,7,0-5,5281.7143,5322.0715,4615.0510,6146.6708,1.1181,0.9392,1.3521,1.2300
168,2014-02-15,7,6-11,8196.8571,8241.7372,7180.2604,9520.6045,1.2227,1.0358,1.4423,1.4711
168,2014-02-15,7,12-17,3669.5714,3663.2104,3170.7036,4183.7417,0.9216,0.7814,1.0898,1.2113
168,2014-02-15,7,18-44,5392.8571,5520.5440,4771.3834,6381.4513,0.5033,0.4424,0.5746,0.5719
168,2014-02-15,7,45-64,2285.4286,2341.9790,2020.3737,2724.9804,0.4495,0.3937,0.5138,0.5105
168,2014-02-15,7,65+,1029.2857,1059.9874,915.1712,1230.3919,0.4584,0.3984,0.5283,0.5068
169,2014-02-16,8,0-5,5326.4286,5380.4996,4682.5711,6218.1304,1.1070,0.9263,1.3283,1.2100
169,2014-02-16,8,6-11,8081.2857,8018.4401,7010.9531,9214.1178,1.1634,0.9887,1.3833,1.4236
169,2014-02-16,8,12-17,3500.0000,3403.0670,2981.5784,3906.4882,0.8643,0.7371,1.0206,1.1596
169,2014-02-16,8,18-44,5467.8571,5555.0233,4784.7163,6420.6257,0.4966,0.4361,0.5654,0.5629
169,2014-02-16,8,45-64,2350.4286,2381.9200,2054.7976,2759.7167,0.4462,0.3904,0.5097,0.5045
169,2014-02-16,8,65+,1057.4286,1072.5379,927.8668,1246.2814,0.4595,0.3987,0.5299,0.5043
170,2014-02-17,8,0-5,5367.8571,5398.6579,4719.5722,6212.6292,1.0937,0.9098,1.3116,1.1935
170,2014-02-17,8,6-11,7786.1429,7699.6398,6691.4621,8803.4190,1.1131,0.9419,1.3179,1.3686
170,2014-02-17,8,12-17,3229.1429,3103.8911,2739.8512,3546.5911,0.8129,0.6970,0.9550,1.0984
170,2014-02-17,8,18-44,5512.5714,5560.5594,4784.7071,6414.5864,0.4900,0.4284,0.5596,0.5534
170,2014-02-17,8,45-64,2399.1429,2408.4744,2085.1095,2790.7334,0.4437,0.3864,0.5085,0.4977
170,2014-02-17,8,65+,1076.0000,1084.8163,939.7755,1255.8132,0.4607,0.3998,0.5323,0.5008
171,2014-02-18,8,0-5,5380.8571,5412.8411,4725.2368,6235.7159,1.0774,0.8978,1.2871,1.1761
171,2014-02-18,8,6-11,7321.5714,7247.0835,6326.6858,8312.7321,1.0662,0.9033,1.2598,1.3056
171,2014-02-18,8,12-17,2837.8571,2780.3194,2454.1766,3184.2103,0.7732,0.6649,0.9032,1.0215
171,2014-02-18,8,18-44,5504.5714,5509.0857,4772.7785,6368.6867,0.4848,0.4243,0.5537,0.5423
171,2014-02-18,8,45-64,2423.4286,2426.2436,2094.1797,2805.4940,0.4432,0.3857,0.5084,0.4893
171,2014-02-18,8,65+,1094.7143,1091.9177,942.2022,1266.8018,0.4638,0.4017,0.5350,0.4975
172,2014-02-19,8,0-5,5328.4286,5384.9531,4685.6210,6222.4799,1.0561,0.8821,1.2648,1.1523
172,2014-02-19,8,6-11,6742.8571,6720.9819,5844.9037,7734.0830,1.0232,0.8698,1.2034,1.2396
172,2014-02-19,8,12-17,2430.0000,2450.5296,2147.6857,2800.5423,0.7431,0.6358,0.8672,0.9477
172,2014-02-19,8,18-44,5421.8571,5431.8550,4699.4283,6249.7490,0.4803,0.4203,0.5502,0.5294
172,2014-02-19,8,45-64,2419.5714,2435.2713,2115.3286,2811.1919,0.4433,0.3852,0.5102,0.4792
172,2014-02-19,8,65+,1087.5714,1096.6766,946.2980,1269.9144,0.4669,0.4034,0.5402,0.4906
173,2014-02-20,8,0-5,5294.4286,5301.7844,4634.6670,6126.8528,1.0389,0.8643,1.2468,1.1457
173,2014-02-20,8,6-11,6407.8571,6149.1216,5339.4243,7034.0443,0.9845,0.8412,1.1597,1.2220
173,2014-02-20,8,12-17,2258.4286,2123.8128,1848.8281,2412.9003,0.7176,0.6158,0.8408,0.9386
173,2014-02-20,8,18-44,5369.5714,5319.7806,4628.4957,6121.7077,0.4763,0.4158,0.5474,0.5289
173,2014-02-20,8,45-64,2409.2857,2435.8578,2118.1083,2797.8897,0.4435,0.3851,0.5120,0.4807
173,2014-02-20,8,65+,1086.7143,1091.5925,947.5816,1270.8019,0.4697,0.4057,0.5440,0.4929
174,2014-02-21,8,0-5,5166.4286,5183.7955,4551.1093,5973.3389,1.0191,0.8499,1.2207,1.1163
174,2014-02-21,8,6-11,5433.5714,5547.9977,4843.3130,6348.4247,0.9530,0.8106,1.1174,1.1218
174,2014-02-21,8,12-17,1781.1429,1822.4016,1576.7219,2066.8748,0.7001,0.6013,0.8102,0.8495
174,2014-02-21,8,18-44,5151.7143,5166.5913,4480.1618,5934.0986,0.4719,0.4126,0.5410,0.5128
174,2014-02-21,8,45-64,2398.5714,2406.6537,2091.3218,2774.6917,0.4439,0.3860,0.5117,0.4712
174,2014-02-21,8,65+,1090.4286,1085.9953,938.7686,1258.1114,0.4711,0.4073,0.5455,0.4905
175,2014-02-22,8,0-5,5030.2857,5037.0583,4421.2711,5796.1828,0.9894,0.8260,1.1868,1.1029
175,2014-02-22,8,6-11,4866.0000,4946.2397,4331.2026,5684.6926,0.9240,0.7849,1.0875,1.0857
175,2014-02-22,8,12-17,1492.5714,1548.9983,1338.1286,1760.6682,0.6913,0.5941,0.8106,0.8125
175,2014-02-22,8,18-44,4994.4286,4968.4868,4327.5243,5717.9685,0.4667,0.4076,0.5341,0.5095
175,2014-02-22,8,45-64,2370.2857,2366.1313,2056.6351,2730.0793,0.4438,0.3852,0.5115,0.4714
175,2014-02-22,8,65+,1076.2857,1069.2465,926.3470,1233.6301,0.4719,0.4077,0.5468,0.4932
176,2014-02-23,9,0-5,4855.2857,4831.8566,4238.3923,5553.5114,0.9617,0.8024,1.1565,1.0852
176,2014-02-23,9,6-11,4365.7143,4377.6943,3842.7402,4984.8984,0.8957,0.7651,1.0643,1.0566
176,2014-02-23,9,12-17,1275.5714,1307.5007,1137.0673,1496.2217,0.6872,0.5939,0.8034,0.7875
176,2014-02-23,9,18-44,4724.7143,4731.9991,4107.8778,5445.7591,0.4631,0.4032,0.5328,0.5034
176,2014-02-23,9,45-64,2298.1429,2303.9219,2003.6176,2655.2730,0.4459,0.3845,0.5153,0.4688
176,2014-02-23,9,65+,1046.8571,1042.8312,905.7570,1203.4001,0.4746,0.4081,0.5493,0.4925
177,2014-02-24,9,0-5,4638.7143,4564.8579,4008.3231,5270.4117,0.9291,0.7758,1.1100,1.0693
177,2014-02-24,9,6-11,3910.5714,3847.0748,3364.9104,4412.5083,0.8743,0.7432,1.0241,1.0374
177,2014-02-24,9,12-17,1105.1429,1112.5816,971.1731,1268.4916,0.6851,0.5900,0.7967,0.7760
177,2014-02-24,9,18-44,4484.7143,4471.7846,3880.2807,5153.2672,0.4569,0.3971,0.5248,0.5018
177,2014-02-24,9,45-64,2233.5714,2226.5577,1946.5732,2574.0369,0.4447,0.3838,0.5160,0.4713
177,2014-02-24,9,65+,1024.1429,1006.1760,872.6960,1167.9911,0.4732,0.4073,0.5503,0.4973
178,2014-02-25,9,0-5,4426.5714,4277.9717,3745.4909,4928.1944,0.8993,0.7501,1.0798,1.0566
178,2014-02-25,9,6-11,3481.7143,3349.2739,2954.5890,3831.0745,0.8542,0.7338,1.0040,1.0185
178,2014-02-25,9,12-17,954.7143,949.6079,818.9481,1089.1747,0.6879,0.5922,0.7996,0.7654
178,2014-02-25,9,18-44,4218.0000,4173.9855,3642.9236,4813.5126,0.4511,0.3932,0.5187,0.5000
178,2014-02-25,9,45-64,2168.0000,2134.9534,1873.3383,2458.1995,0.4438,0.3833,0.5136,0.4734
178,2014-02-25,9,65+,983.2857,966.8203,841.7533,1120.6605,0.4725,0.4065,0.5499,0.4995
179,2014-02-26,9,0-5,4076.5714,3955.9788,3452.7816,4546.7916,0.8739,0.7306,1.0542,1.0142
179,2014-02-26,9,6-11,2981.8571,2906.3574,2563.1984,3315.5821,0.8470,0.7255,0.9873,0.9698
179,2014-02-26,9,12-17,811.5714,818.9559,716.0233,923.9598,0.6962,0.5989,0.8135,0.7370
179,2014-02-26,9,18-44,3855.2857,3867.4607,3389.0044,4453.4889,0.4479,0.3901,0.5168,0.4838
179,2014-02-26,9,45-64,2013.5714,2033.7407,1778.9327,2351.6607,0.4450,0.3831,0.5166,0.4606
179,2014-02-26,9,65+,909.0000,920.0726,801.0113,1058.2871,0.4736,0.4057,0.5508,0.4857
180,2014-02-27,9,0-5,3873.8571,3627.4836,3171.1930,4165.4236,0.8624,0.7228,1.0322,1.0260
180,2014-02-27,9,6-11,2780.8571,2515.0043,2226.8763,2861.8919,0.8492,0.7274,0.9927,1.0017
180,2014-02-27,9,12-17,769.5714,714.2734,623.5213,817.3705,0.7153,0.6176,0.8256,0.7766
180,2014-02-27,9,18-44,3740.7143,3555.2179,3100.9084,4095.1279,0.4483,0.3901,0.5167,0.5017
180,2014-02-27,9,45-64,1994.8571,1926.6098,1672.7707,2215.9989,0.4471,0.3861,0.5197,0.4821
180,2014-02-27,9,65+,893.0000,869.4456,754.3147,999.0651,0.4749,0.4080,0.5526,0.5070
181,2014-02-28,9,0-5,3347.0000,3298.5435,2884.7756,3787.8554,0.8617,0.7221,1.0358,0.9464
181,2014-02-28,9,6-11,2191.0000,2186.1996,1909.6280,2496.5351,0.8708,0.7478,1.0115,0.9084
181,2014-02-28,9,12-17,617.2857,630.4005,554.7835,718.8459,0.7507,0.6459,0.8735,0.7218
181,2014-02-28,9,18-44,3324.2857,3261.3830,2853.7123,3770.6337,0.4549,0.3962,0.5236,0.4737
181,2014-02-28,9,45-64,1832.2857,1813.1533,1569.3281,2078.1401,0.4556,0.3937,0.5304,0.4619
181,2014-02-28,9,65+,820.4286,816.4195,710.7729,940.1263,0.4822,0.4147,0.5608,0.4883
182,2014-03-01,9,0-5,2986.0000,2986.4829,2633.9913,3429.8989,0.8811,0.7379,1.0583,0.9116
182,2014-03-01,9,6-11,1848.7143,1914.1528,1668.9866,2198.1021,0.9126,0.7823,1.0676,0.8746
182,2014-03-01,9,12-17,545.2857,566.9964,497.4210,649.2136,0.8059,0.6961,0.9470,0.7137
182,2014-03-01,9,18-44,3001.1429,2993.4207,2615.5849,3445.6752,0.4703,0.4096,0.5409,0.4642
182,2014-03-01,9,45-64,1702.4286,1700.6492,1481.0198,1965.9050,0.4722,0.4074,0.5478,0.4574
182,2014-03-01,9,65+,769.7143,767.3218,666.7834,881.9078,0.4963,0.4264,0.5788,0.4854
183,2014-03-02,10,0-5,2638.5714,2704.8220,2376.0416,3104.1566,0.9214,0.7722,1.0991,0.8788
183,2014-03-02,10,6-11,1567.5714,1695.8465,1486.1246,1950.9555,0.9822,0.8461,1.1551,0.8469
183,2014-03-02,10,12-17,483.2857,524.8105,463.2036,602.7353,0.8870,0.7593,1.0405,0.7063
183,2014-03-02,10,18-44,2662.7143,2740.8199,2379.4515,3137.8906,0.4948,0.4310,0.5723,0.4538
183,2014-03-02,10,45-64,1562.8571,1588.2320,1381.2392,1836.9004,0.4958,0.4269,0.5762,0.4511
183,2014-03-02,10,65+,709.4286,716.8055,624.4951,826.5007,0.5156,0.4419,0.6015,0.4798
184,2014-03-03,10,0-5,2357.0000,2461.6735,2153.5464,2845.2090,0.9809,0.8177,1.1659,0.8621
184,2014-03-03,10,6-11,1393.0000,1528.1956,1335.9776,1761.6931,1.0802,0.9232,1.2722,0.8458
184,2014-03-03,10,12-17,444.1429,504.7213,437.8081,576.2787,0.9998,0.8479,1.1667,0.7131
184,2014-03-03,10,18-44,2357.2857,2515.5177,2181.3751,2889.1674,0.5277,0.4602,0.6066,0.4482
184,2014-03-03,10,45-64,1422.2857,1486.3043,1295.3142,1719.1915,0.5263,0.4556,0.6087,0.4470
184,2014-03-03,10,65+,643.8571,667.6339,579.5856,773.2199,0.5414,0.4666,0.6288,0.4745
185,2014-03-04,10,0-5,2074.5714,2264.8862,1982.3337,2600.3397,1.0500,0.8818,1.2488,0.8465
185,2014-03-04,10,6-11,1255.0000,1415.4845,1235.7611,1637.4923,1.1947,1.0203,1.4022,0.8572
185,2014-03-04,10,12-17,436.2857,497.6483,432.1038,577.6358,1.1142,0.9523,1.2947,0.7463
185,2014-03-04,10,18-44,2109.1429,2312.3998,2011.0684,2673.0073,0.5656,0.4938,0.6491,0.4482
185,2014-03-04,10,45-64,1299.2857,1394.5872,1213.7814,1612.2115,0.5607,0.4842,0.6474,0.4489
185,2014-03-04,10,65+,581.2857,622.0442,540.6139,718.2908,0.5697,0.4904,0.6598,0.4730
186,2014-03-05,10,0-5,1991.1429,2112.1261,1843.0001,2420.8994,1.1236,0.9399,1.3379,0.9146
186,2014-03-05,10,6-11,1267.2857,1349.7290,1182.2182,1577.9462,1.3158,1.1206,1.5379,0.9660
186,2014-03-05,10,12-17,495.4286,509.6604,439.2581,593.8769,1.2475,1.0583,1.4721,0.8799
186,2014-03-05,10,18-44,2072.7143,2135.9279,1857.2545,2474.7718,0.6037,0.5276,0.6912,0.4952
186,2014-03-05,10,45-64,1300.8571,1303.9220,1131.6197,1505.2500,0.5946,0.5150,0.6859,0.4984
186,2014-03-05,10,65+,578.2857,579.1273,504.0589,664.0217,0.5966,0.5153,0.6927,0.5208
187,2014-03-06,10,0-5,1937.0000,1995.1284,1733.8811,2281.6896,1.1846,0.9934,1.4128,0.9799
187,2014-03-06,10,6-11,1266.8571,1318.5281,1151.9476,1552.0023,1.4254,1.2176,1.6657,1.0559
187,2014-03-06,10,12-17,514.1429,537.0852,460.2598,624.5231,1.3612,1.1620,1.6107,0.9623
187,2014-03-06,10,18-44,2004.8571,1989.1950,1736.2736,2312.6489,0.6348,0.5567,0.7279,0.5289
187,2014-03-06,10,45-64,1253.8571,1223.1975,1051.6334,1408.6584,0.6208,0.5400,0.7184,0.5296
187,2014-03-06,10,65+,559.4286,538.8790,467.6281,617.4515,0.6176,0.5337,0.7162,0.5508
188,2014-03-07,10,0-5,1848.5714,1907.3368,1664.6047,2192.7508,1.2391,1.0322,1.4768,1.0065
188,2014-03-07,10,6-11,1316.5714,1332.2786,1152.6603,1547.6263,1.5060,1.2816,1.7682,1.1347
188,2014-03-07,10,12-17,583.5714,579.2023,495.1995,671.0031,1.4495,1.2346,1.7200,1.0559
188,2014-03-07,10,18-44,1841.8571,1868.2541,1627.7100,2181.0234,0.6581,0.5777,0.7526,0.5346
188,2014-03-07,10,45-64,1123.4286,1149.1791,990.0227,1326.9323,0.6396,0.5563,0.7372,0.5267
188,2014-03-07,10,65+,486.2857,502.0559,435.1380,577.5680,0.6319,0.5458,0.7314,0.5347
189,2014-03-08,10,0-5,1839.5714,1851.4167,1614.1462,2136.6063,1.2705,1.0699,1.5099,1.0755
189,2014-03-08,10,6-11,1419.2857,1371.8597,1182.1338,1594.6552,1.5547,1.3303,1.8267,1.2602
189,2014-03-08,10,12-17,666.1429,636.8118,543.7422,743.0349,1.5004,1.2794,1.7588,1.1846
189,2014-03-08,10,18-44,1798.8571,1776.9873,1545.3595,2072.7274,0.6707,0.5887,0.7659,0.5703
189,2014-03-08,10,45-64,1101.5714,1089.6712,943.0438,1264.7344,0.6489,0.5642,0.7457,0.5591
189,2014-03-08,10,65+,474.7143,471.0283,408.4036,546.8682,0.6386,0.5526,0.7352,0.5631
190,2014-03-09,11,0-5,1840.2857,1816.8173,1576.8608,2108.2701,1.2850,1.0786,1.5246,1.1318
190,2014-03-09,11,6-11,1485.8571,1432.2658,1231.9536,1660.6835,1.5689,1.3455,1.8487,1.3420
190,2014-03-09,11,12-17,736.2857,701.8491,602.7066,820.8758,1.5158,1.2847,1.7824,1.2698
190,2014-03-09,11,18-44,1765.2857,1716.7826,1488.2028,1999.8573,0.6718,0.5912,0.7643,0.5934
190,2014-03-09,11,45-64,1069.2857,1043.9110,906.0252,1219.2173,0.6463,0.5642,0.7421,0.5773
190,2014-03-09,11,65+,450.8571,446.0055,387.4742,520.4603,0.6342,0.5504,0.7318,0.5751
191,2014-03-10,11,0-5,1831.2857,1801.2250,1557.5333,2093.4380,1.2825,1.0730,1.5267,1.1675
191,2014-03-10,11,6-11,1541.8571,1500.9886,1301.0817,1740.0455,1.5556,1.3279,1.8267,1.3929
191,2014-03-10,11,12-17,809.1429,775.8606,670.0278,905.7048,1.4938,1.2687,1.7618,1.3311
191,2014-03-10,11,18-44,1727.7143,1681.0275,1448.6636,1953.1354,0.6613,0.5827,0.7522,0.6068
191,2014-03-10,11,45-64,1044.4286,1011.5783,876.8156,1176.7997,0.6342,0.5541,0.7275,0.5877
191,2014-03-10,11,65+,431.2857,428.1324,371.6454,498.8874,0.6231,0.5400,0.7201,0.5812
192,2014-03-11,11,0-5,1824.5714,1794.7187,1552.3116,2085.0540,1.2582,1.0576,1.5030,1.1935
192,2014-03-11,11,6-11,1606.0000,1573.8643,1364.6544,1823.7843,1.5213,1.2917,1.7879,1.4317
192,2014-03-11,11,12-17,880.4286,851.6832,734.9165,984.0036,1.4602,1.2363,1.7222,1.3716
192,2014-03-11,11,18-44,1707.1429,1666.1750,1430.3575,1937.3572,0.6436,0.5664,0.7326,0.6159
192,2014-03-11,11,45-64,1022.0000,993.4088,860.5267,1151.8510,0.6157,0.5388,0.7083,0.5941
192,2014-03-11,11,65+,421.2857,415.4405,360.8676,484.1102,0.6053,0.5255,0.6994,0.5865
193,2014-03-12,11,0-5,1820.7143,1791.5729,1555.0277,2074.8130,1.2228,1.0230,1.4620,1.2085
193,2014-03-12,11,6-11,1652.8571,1641.4240,1423.5264,1897.7482,1.4649,1.2501,1.7275,1.4449
193,2014-03-12,11,12-17,942.5714,926.4976,802.8422,1069.0656,1.4169,1.1970,1.6804,1.3845
193,2014-03-12,11,18-44,1688.2857,1659.4451,1431.0058,1928.2255,0.6208,0.5466,0.7060,0.6170
193,2014-03-12,11,45-64,992.1429,987.1162,855.6912,1145.9248,0.5938,0.5188,0.6798,0.5923
193,2014-03-12,11,65+,414.2857,407.8355,351.6881,476.6005,0.5824,0.5056,0.6697,0.5859
194,2014-03-13,11,0-5,1792.8571,1783.4421,1545.8461,2058.0679,1.1779,0.9842,1.4099,1.2075
194,2014-03-13,11,6-11,1673.0000,1697.5483,1473.5801,1968.9999,1.4037,1.1996,1.6548,1.4377
194,2014-03-13,11,12-17,970.2857,997.2140,863.4956,1153.2017,1.3626,1.1538,1.6133,1.3661
194,2014-03-13,11,18-44,1681.2857,1663.6825,1440.4539,1921.0160,0.5947,0.5234,0.6753,0.6167
194,2014-03-13,11,45-64,996.1429,984.8971,852.6737,1148.6944,0.5683,0.4970,0.6502,0.5932
194,2014-03-13,11,65+,414.5714,401.5454,345.3964,466.1298,0.5555,0.4838,0.6384,0.5900
195,2014-03-14,11,0-5,1798.5714,1768.6921,1526.5473,2054.5025,1.1336,0.9521,1.3554,1.2264
195,2014-03-14,11,6-11,1771.1429,1738.2341,1505.0649,2004.0239,1.3392,1.1375,1.5705,1.4806
195,2014-03-14,11,12-17,1072.4286,1056.4662,919.2981,1220.4197,1.2972,1.0991,1.5381,1.4213
195,2014-03-14,11,18-44,1700.5714,1663.4580,1444.5792,1913.1000,0.5671,0.4997,0.6443,0.6287
195,2014-03-14,11,45-64,1013.5714,985.3275,853.7038,1144.2354,0.5409,0.4728,0.6224,0.6047
195,2014-03-14,11,65+,411.7143,394.8264,340.6179,459.4605,0.5281,0.4590,0.6100,0.5979
196,2014-03-15,11,0-5,1755.2857,1743.3276,1512.4605,2032.9770,1.0899,0.9094,1.3059,1.2001
196,2014-03-15,11,6-11,1781.0000,1753.8599,1515.6998,2026.8755,1.2726,1.0782,1.4973,1.4477
196,2014-03-15,11,12-17,1131.0000,1101.9195,957.9353,1287.2901,1.2298,1.0390,1.4571,1.4050
196,2014-03-15,11,18-44,1663.5714,1646.7398,1439.5224,1901.2744,0.5399,0.4767,0.6136,0.6119
196,2014-03-15,11,45-64,981.4286,982.4801,854.0612,1136.9793,0.5155,0.4514,0.5907,0.5865
196,2014-03-15,11,65+,392.5714,387.3592,335.6091,449.9894,0.5040,0.4377,0.5799,0.5765
197,2014-03-16,12,0-5,1743.5714,1712.3378,1482.3458,1988.1722,1.0444,0.8711,1.2511,1.1916
197,2014-03-16,12,6-11,1789.7143,1749.6866,1519.9110,2007.7468,1.2042,1.0270,1.4224,1.4222
197,2014-03-16,12,12-17,1176.0000,1131.3368,985.5415,1323.2359,1.1627,0.9861,1.3841,1.3845
197,2014-03-16,12,18-44,1636.7143,1619.4968,1416.0144,1872.4260,0.5143,0.4530,0.5848,0.6014
197,2014-03-16,12,45-64,972.1429,975.1610,845.5546,1129.3337,0.4916,0.4299,0.5620,0.5751
197,2014-03-16,12,65+,379.5714,377.6807,328.6216,436.3444,0.4819,0.4187,0.5543,0.5633
198,2014-03-17,12,0-5,1693.5714,1666.2648,1437.3160,1930.6512,1.0053,0.8369,1.2041,1.1648
198,2014-03-17,12,6-11,1766.2857,1718.9119,1493.3241,1968.2784,1.1485,0.9772,1.3572,1.3818
198,2014-03-17,12,12-17,1186.5714,1143.2411,990.2675,1328.5992,1.1099,0.9350,1.3184,1.3417
198,2014-03-17,12,18-44,1606.4286,1576.1409,1376.3163,1829.4645,0.4925,0.4345,0.5597,0.5870
198,2014-03-17,12,45-64,964.5714,962.8581,837.5169,1112.1944,0.4715,0.4117,0.5405,0.5617
198,2014-03-17,12,65+,366.8571,366.8382,319.6567,424.8797,0.4640,0.4029,0.5339,0.5492
199,2014-03-18,12,0-5,1636.1429,1603.6162,1397.4679,1862.0187,0.9757,0.8135,1.1745,1.1279
199,2014-03-18,12,6-11,1688.1429,1665.8600,1448.8797,1898.9346,1.1034,0.9357,1.2984,1.3133
199,2014-03-18,12,12-17,1155.2857,1134.7529,985.3674,1312.3868,1.0660,0.8935,1.2599,1.2711
199,2014-03-18,12,18-44,1530.1429,1525.0741,1329.6375,1774.4097,0.4769,0.4206,0.5419,0.5629
199,2014-03-18,12,45-64,943.4286,943.6099,822.6191,1085.3257,0.4569,0.3997,0.5233,0.5394
199,2014-03-18,12,65+,350.2857,356.1217,309.4673,411.3380,0.4516,0.3921,0.5201,0.5280
200,2014-03-19,12,0-5,1546.2857,1539.1436,1341.0467,1787.8526,0.9560,0.7907,1.1443,1.0819
200,2014-03-19,12,6-11,1597.1429,1599.9272,1389.6619,1833.0976,1.0684,0.9086,1.2655,1.2497
200,2014-03-19,12,12-17,1105.5714,1111.0798,965.7926,1283.5829,1.0336,0.8690,1.2324,1.2048
200,2014-03-19,12,18-44,1449.2857,1466.0824,1276.2241,1710.7816,0.4655,0.4103,0.5300,0.5402
200,2014-03-19,12,45-64,920.5714,921.6926,801.6387,1057.3461,0.4469,0.3899,0.5132,0.5198
200,2014-03-19,12,65+,335.1429,344.5406,298.5582,398.0602,0.4436,0.3851,0.5129,0.5102
201,2014-03-20,12,0-5,1485.5714,1470.9719,1276.1141,1695.5293,0.9437,0.7843,1.1321,1.0627
201,2014-03-20,12,6-11,1525.4286,1519.9430,1321.0718,1746.8026,1.0510,0.8946,1.2438,1.2166
201,2014-03-20,12,12-17,1080.2857,1076.3429,935.4983,1240.0955,1.0182,0.8541,1.2125,1.1762
201,2014-03-20,12,18-44,1391.2857,1403.3715,1221.9328,1622.8062,0.4601,0.4051,0.5222,0.5293
201,2014-03-20,12,45-64,893.8571,891.8296,777.2805,1023.7836,0.4426,0.3858,0.5073,0.5105
201,2014-03-20,12,65+,327.7143,331.4095,287.8744,383.6170,0.4408,0.3823,0.5076,0.5035
202,2014-03-21,12,0-5,1371.0000,1396.8874,1207.1777,1606.3016,0.9404,0.7793,1.1304,1.0093
202,2014-03-21,12,6-11,1392.7143,1428.7704,1246.8862,1643.4092,1.0434,0.8869,1.2347,1.1447
202,2014-03-21,12,12-17,1010.0000,1033.5591,893.9574,1191.4073,1.0134,0.8575,1.2002,1.1106
202,2014-03-21,12,18-44,1286.0000,1333.9830,1162.7997,1544.5453,0.4595,0.4041,0.5225,0.5019
202,2014-03-21,12,45-64,830.4286,856.0919,747.1405,984.4265,0.4425,0.3858,0.5079,0.4850
202,2014-03-21,12,65+,312.0000,319.0397,276.7178,369.2434,0.4417,0.3827,0.5096,0.4823
203,2014-03-22,12,0-5,1294.1429,1325.9749,1147.5211,1528.6395,0.9412,0.7871,1.1328,0.9902
203,2014-03-22,12,6-11,1280.2857,1343.8250,1174.6537,1540.6861,1.0378,0.8836,1.2279,1.1049
203,2014-03-22,12,12-17,948.2857,988.1833,855.1213,1136.4614,1.0097,0.8517,1.2106,1.0750
203,2014-03-22,12,18-44,1219.0000,1266.3358,1101.2515,1462.2105,0.4619,0.4059,0.5241,0.4915
203,2014-03-22,12,45-64,796.5714,818.0913,712.8274,940.0650,0.4453,0.3875,0.5119,0.4759
203,2014-03-22,12,65+,296.1429,305.5707,264.1194,352.4679,0.4457,0.3853,0.5153,0.4738
204,2014-03-23,13,0-5,1208.7143,1252.9322,1087.9038,1443.4611,0.9458,0.7909,1.1450,0.9714
204,2014-03-23,13,6-11,1197.4286,1255.8281,1097.3312,1442.3111,1.0309,0.8800,1.2128,1.0850
204,2014-03-23,13,12-17,892.1429,940.4667,815.1546,1085.9569,1.0130,0.8504,1.2063,1.0491
204,2014-03-23,13,18-44,1153.2857,1198.2594,1040.7042,1384.6639,0.4644,0.4081,0.5274,0.4825
204,2014-03-23,13,45-64,746.2857,778.1859,677.3168,892.8920,0.4486,0.3905,0.5158,0.4665
204,2014-03-23,13,65+,279.4286,291.6639,253.2584,336.1726,0.4494,0.3899,0.5192,0.4649
205,2014-03-24,13,0-5,1155.8571,1182.2008,1029.6564,1360.6882,0.9474,0.7871,1.1487,0.9737
205,2014-03-24,13,6-11,1124.0000,1169.2755,1025.6210,1337.8058,1.0173,0.8694,1.2018,1.0780
205,2014-03-24,13,12-17,847.5714,894.0806,775.4674,1025.6176,1.0034,0.8467,1.2020,1.0414
205,2014-03-24,13,18-44,1084.2857,1128.5744,979.2360,1302.2535,0.4647,0.4079,0.5298,0.4806
205,2014-03-24,13,45-64,712.0000,736.5568,640.0275,849.9137,0.4503,0.3916,0.5173,0.4649
205,2014-03-24,13,65+,268.8571,277.8143,240.4820,319.1784,0.4523,0.3916,0.5235,0.4653
206,2014-03-25,13,0-5,1096.4286,1117.3819,967.2039,1276.9332,0.9365,0.7848,1.1319,0.9776
206,2014-03-25,13,6-11,1069.1429,1083.0326,948.6770,1234.3501,0.9971,0.8496,1.1743,1.0881
206,2014-03-25,13,12-17,832.1429,843.9921,732.6538,966.5316,0.9862,0.8280,1.1711,1.0628
206,2014-03-25,13,18-44,1037.1429,1060.2443,917.5800,1215.5797,0.4603,0.4052,0.5254,0.4850
206,2014-03-25,13,45-64,679.1429,694.6258,604.5971,802.5920,0.4473,0.3890,0.5151,0.4700
206,2014-03-25,13,65+,262.8571,262.4850,228.2300,302.5001,0.4499,0.3893,0.5203,0.4724
207,2014-03-26,13,0-5,1057.2857,1050.1469,909.1133,1194.4875,0.9231,0.7732,1.1103,0.9915
207,2014-03-26,13,6-11,1009.0000,992.5075,871.3173,1133.1188,0.9675,0.8286,1.1442,1.0929
207,2014-03-26,13,12-17,800.5714,790.7307,688.7389,905.6435,0.9569,0.8058,1.1459,1.0694
207,2014-03-26,13,18-44,994.2857,991.2533,861.9470,1138.4195,0.4520,0.3978,0.5162,0.4889
207,2014-03-26,13,45-64,647.8571,653.8687,567.7300,752.6933,0.4402,0.3826,0.5091,0.4729
207,2014-03-26,13,65+,251.8571,247.3047,214.9140,285.1435,0.4442,0.3833,0.5161,0.4753
208,2014-03-27,13,0-5,1013.8571,983.2215,855.2953,1120.5940,0.9056,0.7531,1.0838,1.0085
208,2014-03-27,13,6-11,979.4286,905.3209,796.2287,1038.0720,0.9375,0.7959,1.1047,1.1230
208,2014-03-27,13,12-17,777.7143,733.7227,638.8576,842.2457,0.9192,0.7757,1.0997,1.0922
208,2014-03-27,13,18-44,974.2857,923.0182,806.6720,1057.8393,0.4421,0.3880,0.5044,0.5022
208,2014-03-27,13,45-64,638.1429,613.8169,529.6046,707.0537,0.4315,0.3737,0.4969,0.4869
208,2014-03-27,13,65+,247.8571,232.1317,201.4243,268.3411,0.4369,0.3765,0.5070,0.4900
209,2014-03-28,13,0-5,933.0000,916.4378,800.3844,1046.7336,0.8805,0.7343,1.0638,0.9697
209,2014-03-28,13,6-11,850.2857,820.3138,723.5020,943.3852,0.9085,0.7762,1.0670,1.0493
209,2014-03-28,13,12-17,711.2857,676.1213,588.0778,775.9370,0.8820,0.7419,1.0490,1.0421
209,2014-03-28,13,18-44,894.1429,856.7565,746.7606,983.8316,0.4301,0.3766,0.4920,0.4801
209,2014-03-28,13,45-64,591.2857,576.8317,498.6273,664.1221,0.4203,0.3632,0.4870,0.4657
209,2014-03-28,13,65+,219.2857,217.8937,188.5943,252.2773,0.4281,0.3675,0.4969,0.4639
210,2014-03-29,13,0-5,861.8571,850.2737,745.0370,974.1531,0.8643,0.7181,1.0393,0.9434
210,2014-03-29,13,6-11,758.4286,740.4596,649.4213,853.1530,0.8860,0.7531,1.0405,1.0061
210,2014-03-29,13,12-17,636.0000,616.1345,535.8088,705.2057,0.8508,0.7203,1.0162,0.9924
210,2014-03-29,13,18-44,821.8571,793.8159,694.1092,911.2900,0.4202,0.3688,0.4796,0.4660
210,2014-03-29,13,45-64,553.1429,540.8532,467.9845,620.4326,0.4115,0.3574,0.4752,0.4533
210,2014-03-29,13,65+,205.4286,203.9654,176.1643,236.4333,0.4214,0.3627,0.4901,0.4539
211,2014-03-30,14,0-5,798.2857,786.8878,690.7687,903.4867,0.8537,0.7100,1.0270,0.9235
211,2014-03-30,14,6-11,671.4286,665.8376,581.6523,766.3196,0.8733,0.7410,1.0260,0.9688
211,2014-03-30,14,12-17,570.4286,556.2406,482.5717,639.3786,0.8308,0.6989,0.9854,0.9570
211,2014-03-30,14,18-44,744.1429,733.3263,640.3023,846.6165,0.4154,0.3637,0.4744,0.4552
211,2014-03-30,14,45-64,522.2857,505.1319,437.0615,581.4626,0.4073,0.3531,0.4708,0.4462
211,2014-03-30,14,65+,196.2857,191.0844,164.2756,222.7318,0.4190,0.3603,0.4863,0.4514
212,2014-03-31,14,0-5,726.0000,723.8646,636.6455,836.4869,0.8521,0.7088,1.0293,0.8942
212,2014-03-31,14,6-11,593.0000,596.5780,521.1205,685.2374,0.8685,0.7368,1.0257,0.9311
212,2014-03-31,14,12-17,503.8571,498.0986,432.8941,575.2051,0.8201,0.6896,0.9730,0.9128
212,2014-03-31,14,18-44,667.1429,674.6571,588.4971,782.3086,0.4142,0.3630,0.4745,0.4385
212,2014-03-31,14,45-64,469.2857,470.4146,406.4138,543.9563,0.4068,0.3527,0.4711,0.4297
212,2014-03-31,14,65+,181.2857,178.9949,153.5826,208.7714,0.4206,0.3623,0.4892,0.4382
213,2014-04-01,14,0-5,670.4286,667.6740,584.4515,770.1392,0.8549,0.7141,1.0334,0.8814
213,2014-04-01,14,6-11,521.8571,533.0645,465.2962,611.3787,0.8771,0.7428,1.0331,0.9012
213,2014-04-01,14,12-17,431.2857,443.0357,387.4409,511.4859,0.8201,0.6913,0.9703,0.8644
213,2014-04-01,14,18-44,600.4286,620.5250,538.5507,717.8099,0.4184,0.3663,0.4789,0.4264
213,2014-04-01,14,45-64,423.7143,435.9915,376.9756,504.6854,0.4107,0.3564,0.4750,0.4167
213,2014-04-01,14,65+,164.4286,167.7768,143.5392,194.3358,0.4260,0.3667,0.4955,0.4264
214,2014-04-02,14,0-5,605.1429,613.9137,537.0968,707.1803,0.8679,0.7164,1.0432,0.8654
214,2014-04-02,14,6-11,462.4286,477.6074,415.0219,548.6944,0.8941,0.7627,1.0542,0.8869
214,2014-04-02,14,12-17,377.1429,392.8427,344.5013,453.0935,0.8322,0.7029,0.9845,0.8438
214,2014-04-02,14,18-44,550.5714,569.1014,493.0824,655.4229,0.4275,0.3739,0.4901,0.4225
214,2014-04-02,14,45-64,390.0000,402.9621,350.4300,466.3945,0.4203,0.3642,0.4875,0.4139
214,2014-04-02,14,65+,150.1429,156.5169,134.1817,181.9394,0.4374,0.3757,0.5092,0.4235
215,2014-04-03,14,0-5,578.1429,564.5355,491.1490,649.2426,0.8826,0.7370,1.0673,0.9013
215,2014-04-03,14,6-11,433.5714,429.6972,372.6659,492.9721,0.9173,0.7853,1.0816,0.9266
215,2014-04-03,14,12-17,358.1429,349.4595,304.9842,401.7010,0.8516,0.7225,1.0072,0.8883
215,2014-04-03,14,18-44,527.0000,521.1588,453.8602,602.4439,0.4399,0.3848,0.5058,0.4432
215,2014-04-03,14,45-64,376.4286,371.0853,321.9697,429.2218,0.4345,0.3764,0.5049,0.4355
215,2014-04-03,14,65+,144.4286,145.8992,125.4482,169.6148,0.4534,0.3898,0.5294,0.4451
216,2014-04-04,14,0-5,504.2857,519.6372,448.4724,602.5976,0.9060,0.7550,1.0951,0.8559
216,2014-04-04,14,6-11,372.7143,387.6988,337.4648,445.6491,0.9498,0.8081,1.1187,0.8836
216,2014-04-04,14,12-17,304.7143,311.2125,270.2869,357.8913,0.8821,0.7448,1.0460,0.8423
216,2014-04-04,14,18-44,462.2857,478.5092,416.4843,553.6775,0.4580,0.3995,0.5249,0.4237
216,2014-04-04,14,45-64,328.0000,342.1907,296.2229,394.9642,0.4547,0.3922,0.5268,0.4179
216,2014-04-04,14,65+,133.8571,136.0638,117.3555,158.3509,0.4748,0.4065,0.5540,0.4338
217,2014-04-05,14,0-5,471.2857,478.0497,412.1132,552.1992,0.9338,0.7743,1.1209,0.8693
217,2014-04-05,14,6-11,335.7143,351.4488,305.3735,402.4727,0.9880,0.8429,1.1634,0.8877
217,2014-04-05,14,12-17,268.5714,278.1452,241.8343,319.3886,0.9182,0.7783,1.0921,0.8363
217,2014-04-05,14,18-44,426.2857,441.0781,384.9449,512.2837,0.4795,0.4189,0.5506,0.4275
217,2014-04-05,14,45-64,301.4286,316.3221,274.7237,365.3126,0.4785,0.4125,0.5547,0.4207
217,2014-04-05,14,65+,123.5714,127.3102,110.0258,148.6610,0.4995,0.4270,0.5833,0.4372
218,2014-04-06,15,0-5,431.4286,441.4380,380.7315,509.1546,0.9639,0.7988,1.1579,0.8710
218,2014-04-06,15,6-11,311.1429,320.9587,277.9984,368.3333,1.0216,0.8742,1.2064,0.9041
218,2014-04-06,15,12-17,237.8571,250.5812,217.5835,289.5217,0.9603,0.8127,1.1358,0.8354
218,2014-04-06,15,18-44,387.4286,409.4202,355.5510,474.7217,0.5015,0.4368,0.5750,0.4305
218,2014-04-06,15,45-64,277.8571,294.5277,256.0086,339.2629,0.5029,0.4333,0.5836,0.4247
218,2014-04-06,15,65+,115.7143,119.4347,102.8569,139.6578,0.5259,0.4505,0.6147,0.4437
219,2014-04-07,15,0-5,399.8571,409.0497,353.7453,474.5655,0.9882,0.8248,1.1885,0.8924
219,2014-04-07,15,6-11,291.8571,294.7403,255.0474,338.7082,1.0537,0.8979,1.2378,0.9412
219,2014-04-07,15,12-17,216.0000,227.0900,196.8833,263.8272,0.9987,0.8489,1.1809,0.8604
219,2014-04-07,15,18-44,370.7143,382.0947,331.7132,443.1475,0.5217,0.4559,0.5991,0.4485
219,2014-04-07,15,45-64,263.8571,276.3052,238.3130,318.8116,0.5271,0.4558,0.6127,0.4439
219,2014-04-07,15,65+,112.4286,112.7860,96.8742,131.4501,0.5529,0.4731,0.6453,0.4665
220,2014-04-08,15,0-5,376.1429,380.8181,328.3830,440.6336,1.0080,0.8416,1.2111,0.9225
220,2014-04-08,15,6-11,268.7143,271.1323,235.3254,313.2713,1.0769,0.9195,1.2628,0.9706
220,2014-04-08,15,12-17,203.1429,207.4751,179.5797,242.0920,1.0260,0.8721,1.2067,0.9054
220,2014-04-08,15,18-44,357.4286,358.5179,309.1209,416.9156,0.5382,0.4704,0.6164,0.4704
220,2014-04-08,15,45-64,258.2857,260.8249,225.2048,302.4193,0.5466,0.4725,0.6343,0.4685
220,2014-04-08,15,65+,106.4286,107.1287,91.6904,124.7814,0.5759,0.4939,0.6722,0.4882
221,2014-04-09,15,0-5,352.2857,355.0663,306.7918,409.8731,1.0226,0.8564,1.2343,0.9442
221,2014-04-09,15,6-11,252.4286,251.0313,218.3926,289.3388,1.0875,0.9299,1.2732,1.0025
221,2014-04-09,15,12-17,192.4286,190.8316,165.7395,223.1351,1.0434,0.8880,1.2289,0.9463
221,2014-04-09,15,18-44,340.7143,337.6064,291.3361,393.6905,0.5481,0.4795,0.6296,0.4877
221,2014-04-09,15,45-64,249.2857,247.4498,213.6231,287.4165,0.5601,0.4847,0.6504,0.4880
221,2014-04-09,15,65+,101.8571,102.5436,87.3973,120.0076,0.5937,0.5093,0.6961,0.5071
222,2014-04-10,15,0-5,341.4286,332.1091,286.6338,382.3584,1.0257,0.8592,1.2263,0.9917
222,2014-04-10,15,6-11,244.1429,232.9208,202.4822,267.9289,1.0903,0.9371,1.2759,1.0571
222,2014-04-10,15,12-17,185.2857,176.3081,153.0452,206.1085,1.0528,0.8923,1.2449,1.0007
222,2014-04-10,15,18-44,333.0000,318.6478,275.4262,372.1103,0.5532,0.4833,0.6340,0.5154
222,2014-04-10,15,45-64,246.5714,236.4269,203.4202,274.1745,0.5683,0.4901,0.6597,0.5170
222,2014-04-10,15,65+,100.0000,98.8364,84.3790,115.9451,0.6084,0.5197,0.7118,0.5363
223,2014-04-11,15,0-5,313.0000,311.3278,269.0795,358.4388,1.0258,0.8574,1.2329,0.9802
223,2014-04-11,15,6-11,222.1429,216.4336,187.4299,249.4207,1.0885,0.9331,1.2734,1.0450
223,2014-04-11,15,12-17,166.8571,164.3181,141.9319,190.3562,1.0540,0.8952,1.2491,0.9869
223,2014-04-11,15,18-44,312.4286,301.4656,260.2266,350.2729,0.5538,0.4850,0.6373,0.5136
223,2014-04-11,15,45-64,230.7143,226.9358,195.7682,263.1123,0.5722,0.4938,0.6665,0.5169
223,2014-04-11,15,65+,96.2857,96.0962,82.0197,112.3873,0.6176,0.5269,0.7231,0.5403
224,2014-04-12,15,0-5,292.1429,292.4795,253.5972,336.9103,1.0242,0.8520,1.2265,0.9806
224,2014-04-12,15,6-11,202.0000,201.4151,174.2006,232.4403,1.0842,0.9286,1.2722,1.0377
224,2014-04-12,15,12-17,155.0000,153.3255,131.7730,177.9264,1.0522,0.8907,1.2360,0.9977
224,2014-04-12,15,18-44,291.1429,286.6763,247.3179,334.0286,0.5530,0.4839,0.6344,0.5191
224,2014-04-12,15,45-64,226.2857,218.8896,190.1761,254.1892,0.5726,0.4936,0.6638,0.5287
224,2014-04-12,15,65+,94.7143,94.2707,80.6141,110.5282,0.6222,0.5328,0.7284,0.5563
225,2014-04-13,16,0-5,272.0000,274.7225,238.1696,316.5275,1.0206,0.8525,1.2246,0.9848
225,2014-04-13,16,6-11,184.1429,187.2959,161.6735,216.1997,1.0749,0.9232,1.2619,1.0374
225,2014-04-13,16,12-17,144.7143,143.1680,123.2535,166.8637,1.0473,0.8919,1.2339,1.0112
225,2014-04-13,16,18-44,278.4286,271.1448,235.0414,316.0561,0.5499,0.4811,0.6296,0.5281
225,2014-04-13,16,45-64,218.5714,211.2335,182.2223,245.3805,0.5703,0.4922,0.6621,0.5416
225,2014-04-13,16,65+,94.5714,93.0693,79.0672,109.2572,0.6252,0.5347,0.7332,0.5754
226,2014-04-14,16,0-5,261.5714,258.4615,223.9613,298.8448,1.0152,0.8444,1.2192,1.0060
226,2014-04-14,16,6-11,172.7143,174.8413,150.2974,201.9876,1.0684,0.9141,1.2557,1.0499
226,2014-04-14,16,12-17,132.1429,133.8208,115.3854,156.4067,1.0423,0.8912,1.2344,1.0106
226,2014-04-14,16,18-44,261.0000,256.9609,221.6084,299.0958,0.5462,0.4777,0.6258,0.5359
226,2014-04-14,16,45-64,212.2857,203.1320,175.2561,236.0093,0.5675,0.4894,0.6570,0.5518
226,2014-04-14,16,65+,93.5714,91.9711,78.2745,107.9373,0.6266,0.5345,0.7317,0.5914
227,2014-04-15,16,0-5,239.8571,243.4278,210.1000,281.7749,1.0058,0.8392,1.2059,0.9863
227,2014-04-15,16,6-11,162.1429,162.9820,140.0931,188.3270,1.0601,0.9074,1.2437,1.0456
227,2014-04-15,16,12-17,121.8571,125.6981,108.2019,146.7080,1.0421,0.8871,1.2331,0.9933
227,2014-04-15,16,18-44,241.5714,242.5766,209.1187,282.2691,0.5436,0.4749,0.6225,0.5249
227,2014-04-15,16,45-64,191.1429,194.6853,167.4522,227.5327,0.5665,0.4886,0.6585,0.5381
227,2014-04-15,16,65+,89.7143,90.9566,77.5229,106.5124,0.6270,0.5352,0.7348,0.5826
228,2014-04-16,16,0-5,228.1429,228.7814,197.4657,265.2541,0.9959,0.8337,1.1929,0.9967
228,2014-04-16,16,6-11,152.4286,151.6947,130.3315,175.9811,1.0506,0.8983,1.2344,1.0547
228,2014-04-16,16,12-17,115.7143,118.1860,101.5388,138.8126,1.0407,0.8841,1.2248,1.0072
228,2014-04-16,16,18-44,224.7143,228.7908,196.4124,266.9550,0.5425,0.4747,0.6204,0.5284
228,2014-04-16,16,45-64,180.5714,186.6058,160.3539,218.1666,0.5690,0.4902,0.6582,0.5435
228,2014-04-16,16,65+,89.7143,89.4673,76.3435,104.5895,0.6309,0.5365,0.7389,0.5969
229,2014-04-17,16,0-5,224.1429,214.8566,185.1613,250.2466,0.9940,0.8261,1.1886,1.0416
229,2014-04-17,16,6-11,147.4286,141.0457,120.3747,164.5734,1.0414,0.8917,1.2209,1.0972
229,2014-04-17,16,12-17,114.4286,110.9242,95.6164,130.8352,1.0350,0.8776,1.2231,1.0588
229,2014-04-17,16,18-44,219.4286,215.0327,184.6831,250.8139,0.5420,0.4738,0.6206,0.5505
229,2014-04-17,16,45-64,176.2857,178.7562,153.8125,209.3305,0.5700,0.4912,0.6650,0.5659
229,2014-04-17,16,65+,89.1429,87.7529,74.8064,102.3202,0.6319,0.5374,0.7468,0.6219
230,2014-04-18,16,0-5,205.2857,201.4438,174.2833,233.7370,0.9882,0.8217,1.1795,1.0124
230,2014-04-18,16,6-11,131.7143,130.2966,111.3419,152.1177,1.0363,0.8870,1.2093,1.0602
230,2014-04-18,16,12-17,103.7143,103.8975,89.6626,122.2824,1.0290,0.8765,1.2101,1.0367
230,2014-04-18,16,18-44,200.0000,202.2271,175.1704,235.7608,0.5424,0.4733,0.6213,0.5418
230,2014-04-18,16,45-64,171.5714,171.0943,146.3405,200.2740,0.5726,0.4924,0.6647,0.5642
230,2014-04-18,16,65+,85.2857,85.1728,72.5104,99.4090,0.6335,0.5380,0.7445,0.6213
231,2014-04-19,16,0-5,189.0000,188.3443,162.2328,219.4057,0.9848,0.8239,1.1798,0.9994
231,2014-04-19,16,6-11,123.0000,120.5312,103.6947,140.4733,1.0310,0.8826,1.2035,1.0595
231,2014-04-19,16,12-17,95.1429,97.1595,84.0301,114.1691,1.0226,0.8716,1.1984,1.0258
231,2014-04-19,16,18-44,189.2857,190.4532,164.2920,221.4689,0.5444,0.4767,0.6227,0.5421
231,2014-04-19,16,45-64,162.1429,163.8453,140.5052,191.6598,0.5758,0.4973,0.6691,0.5673
231,2014-04-19,16,65+,85.5714,82.4747,70.0378,96.5795,0.6364,0.5425,0.7456,0.6348
232,2014-04-20,17,0-5,173.4286,175.9432,150.9647,204.0825,0.9866,0.8224,1.1810,0.9822
232,2014-04-20,17,6-11,111.1429,111.2279,95.9926,129.8868,1.0314,0.8821,1.2062,1.0377
232,2014-04-20,17,12-17,87.7143,90.4301,78.1637,106.4342,1.0113,0.8597,1.1867,1.0150
232,2014-04-20,17,18-44,178.1429,179.7724,154.4362,208.3634,0.5480,0.4785,0.6287,0.5373
232,2014-04-20,17,45-64,154.4286,157.2676,135.5795,183.0183,0.5803,0.5006,0.6751,0.5633
232,2014-04-20,17,65+,78.8571,79.2913,67.5591,93.5581,0.6406,0.5454,0.7535,0.6235
233,2014-04-21,17,0-5,163.4286,163.9557,140.9171,190.1595,0.9909,0.8236,1.1873,0.9807
233,2014-04-21,17,6-11,101.8571,102.9292,88.5471,119.5873,1.0362,0.8879,1.2123,1.0242
233,2014-04-21,17,12-17,81.5714,83.6490,71.7989,97.7601,1.0004,0.8515,1.1754,1.0081
233,2014-04-21,17,18-44,163.7143,169.6207,145.9311,196.2547,0.5529,0.4831,0.6335,0.5319
233,2014-04-21,17,45-64,146.1429,151.2106,130.1654,175.3550,0.5857,0.5054,0.6836,0.5580
233,2014-04-21,17,65+,73.1429,76.1153,64.8386,89.9857,0.6476,0.5524,0.7609,0.6142
234,2014-04-22,17,0-5,148.7143,153.0807,131.8318,177.3079,0.9980,0.8315,1.2018,0.9697
234,2014-04-22,17,6-11,90.7143,94.9739,81.7260,110.5759,1.0397,0.8911,1.2168,1.0121
234,2014-04-22,17,12-17,77.7143,76.9872,66.2970,90.0727,0.9831,0.8381,1.1565,1.0323
234,2014-04-22,17,18-44,155.4286,160.3376,138.1798,185.9246,0.5576,0.4863,0.6400,0.5401
234,2014-04-22,17,45-64,144.7143,145.1944,125.1680,169.5817,0.5898,0.5068,0.6875,0.5738
234,2014-04-22,17,65+,70.2857,72.8945,61.9758,85.8427,0.6522,0.5538,0.7691,0.6283
235,2014-04-23,17,0-5,141.4286,142.8882,123.4438,165.3424,1.0002,0.8346,1.2017,0.9940
235,2014-04-23,17,6-11,87.1429,87.5994,75.2829,102.3240,1.0389,0.8875,1.2130,1.0454
235,2014-04-23,17,12-17,71.5714,70.0802,60.0089,81.4910,0.9592,0.8189,1.1241,1.0400
235,2014-04-23,17,18-44,149.5714,151.4644,130.2266,175.6897,0.5574,0.4855,0.6427,0.5552
235,2014-04-23,17,45-64,140.5714,138.8081,119.8936,162.6530,0.5881,0.5045,0.6874,0.5901
235,2014-04-23,17,65+,69.2857,69.5138,58.9576,82.5466,0.6524,0.5545,0.7686,0.6498
236,2014-04-24,17,0-5,136.1429,133.0878,115.1395,154.4732,1.0022,0.8349,1.2048,1.0305
236,2014-04-24,17,6-11,83.7143,81.0558,69.6659,94.0407,1.0365,0.8867,1.2148,1.0868
236,2014-04-24,17,12-17,69.7143,63.1886,54.1360,73.9264,0.9339,0.7942,1.0961,1.0826
236,2014-04-24,17,18-44,147.0000,143.3942,123.6644,166.1305,0.5553,0.4844,0.6396,0.5780
236,2014-04-24,17,45-64,137.7143,131.9520,113.9421,154.0823,0.5833,0.5004,0.6811,0.6144
236,2014-04-24,17,65+,69.0000,66.0110,55.8021,78.3828,0.6491,0.5514,0.7663,0.6781
237,2014-04-25,17,0-5,127.2857,123.9453,107.3640,144.6378,1.0076,0.8404,1.2121,1.0140
237,2014-04-25,17,6-11,75.7143,74.7388,64.1297,86.8663,1.0357,0.8862,1.2210,1.0501
237,2014-04-25,17,12-17,59.8571,56.5998,48.2461,66.6143,0.9137,0.7799,1.0751,1.0140
237,2014-04-25,17,18-44,134.1429,135.7224,117.6073,158.1509,0.5539,0.4830,0.6390,0.5574
237,2014-04-25,17,45-64,125.4286,125.0306,107.7756,145.5602,0.5793,0.4975,0.6782,0.5890
237,2014-04-25,17,65+,63.7143,62.8234,53.2061,74.5011,0.6468,0.5516,0.7641,0.6528
238,2014-04-26,17,0-5,119.4286,116.0792,100.1327,135.1967,1.0127,0.8491,1.2139,1.0155
238,2014-04-26,17,6-11,68.7143,69.3364,59.1005,80.4201,1.0368,0.8863,1.2140,1.0375
238,2014-04-26,17,12-17,51.8571,50.2898,42.7961,59.8989,0.8988,0.7672,1.0543,0.9818
238,2014-04-26,17,18-44,128.4286,128.8027,111.1296,150.4379,0.5528,0.4799,0.6360,0.5585
238,2014-04-26,17,45-64,120.7143,118.0144,101.6812,137.2490,0.5742,0.4918,0.6693,0.5895
238,2014-04-26,17,65+,59.1429,59.8241,50.9710,70.0781,0.6428,0.5451,0.7587,0.6482
239,2014-04-27,18,0-5,109.8571,108.6759,93.2498,127.3757,1.0261,0.8557,1.2319,1.0049
239,2014-04-27,18,6-11,65.0000,64.3696,54.9597,75.3098,1.0443,0.8912,1.2278,1.0455
239,2014-04-27,18,12-17,46.4286,44.6048,37.8598,53.1249,0.8954,0.7644,1.0490,0.9658
239,2014-04-27,18,18-44,121.4286,122.3475,105.2536,143.5160,0.5556,0.4826,0.6375,0.5575
239,2014-04-27,18,45-64,111.7143,110.7687,94.5890,128.5589,0.5746,0.4923,0.6679,0.5887
239,2014-04-27,18,65+,58.7143,56.7815,48.5662,66.6915,0.6433,0.5455,0.7573,0.6587
240,2014-04-28,18,0-5,98.4286,102.2667,87.6328,119.1032,1.0402,0.8634,1.2472,0.9744
240,2014-04-28,18,6-11,56.7143,59.8815,50.9157,70.2544,1.0508,0.8956,1.2379,1.0060
240,2014-04-28,18,12-17,40.0000,39.6864,33.3791,47.3749,0.8955,0.7622,1.0530,0.9300
240,2014-04-28,18,18-44,115.1429,116.1463,99.6849,135.5581,0.5551,0.4830,0.6399,0.5474
240,2014-04-28,18,45-64,103.5714,103.4247,88.5180,120.4019,0.5729,0.4916,0.6694,0.5773
240,2014-04-28,18,65+,53.1429,53.8275,46.0982,63.6068,0.6432,0.5442,0.7616,0.6401
241,2014-04-29,18,0-5,95.1429,96.5620,82.9731,112.8576,1.0553,0.8854,1.2668,1.0110
241,2014-04-29,18,6-11,57.2857,55.7961,47.1954,65.7892,1.0637,0.9075,1.2470,1.0630
241,2014-04-29,18,12-17,34.5714,35.3920,29.5134,42.2470,0.9111,0.7731,1.0747,0.9161
241,2014-04-29,18,18-44,111.5714,109.9808,94.7487,128.3202,0.5605,0.4881,0.6463,0.5607
241,2014-04-29,18,45-64,94.7143,96.3554,82.6623,112.5983,0.5785,0.4943,0.6784,0.5850
241,2014-04-29,18,65+,53.8571,51.1879,43.5105,60.5491,0.6503,0.5481,0.7762,0.6639
242,2014-04-30,18,0-5,88.7143,91.8085,78.8368,107.6197,1.0761,0.8957,1.3052,1.0227
242,2014-04-30,18,6-11,52.7143,52.3238,44.1403,62.1688,1.0829,0.9202,1.2736,1.0695
242,2014-04-30,18,12-17,28.7143,31.8469,26.5011,38.0471,0.9349,0.7949,1.1015,0.8972
242,2014-04-30,18,18-44,109.4286,103.4349,89.1948,120.2857,0.5685,0.4939,0.6559,0.5730
242,2014-04-30,18,45-64,91.5714,89.7519,76.5500,104.7828,0.5880,0.5022,0.6895,0.5967
242,2014-04-30,18,65+,50.2857,48.5581,40.9598,57.6558,0.6640,0.5593,0.7892,0.6705
243,2014-05-01,18,0-5,85.2857,87.6601,75.1587,103.4152,1.0988,0.9176,1.3223,1.0574
243,2014-05-01,18,6-11,51.1429,49.1989,41.6834,58.6776,1.1086,0.9393,1.3052,1.1144
243,2014-05-01,18,12-17,27.4286,28.9395,23.9068,34.7566,0.9758,0.8289,1.1501,0.9458
243,2014-05-01,18,18-44,106.5714,96.8732,83.8496,113.0019,0.5831,0.5073,0.6727,0.5990
243,2014-05-01,18,45-64,91.2857,83.8777,71.3745,97.9953,0.6073,0.5208,0.7111,0.6270
243,2014-05-01,18,65+,49.1429,46.0528,38.4217,55.0338,0.6885,0.5821,0.8156,0.7007
244,2014-05-02,18,0-5,83.4286,84.3085,72.0516,98.6539,1.1254,0.9374,1.3455,1.0309
244,2014-05-02,18,6-11,43.5714,46.4575,39.1644,55.1518,1.1434,0.9776,1.3460,1.0045
244,2014-05-02,18,12-17,23.1429,26.7339,21.9897,32.2365,1.0321,0.8774,1.2131,0.8446
244,2014-05-02,18,18-44,88.8571,90.6442,78.1143,106.4846,0.6064,0.5285,0.6982,0.5347
244,2014-05-02,18,45-64,72.7143,78.9600,66.6726,92.5431,0.6376,0.5481,0.7468,0.5453
244,2014-05-02,18,65+,40.1429,44.0581,36.6878,52.5895,0.7265,0.6161,0.8624,0.6071
245,2014-05-03,18,0-5,79.1429,81.3075,69.2766,95.2551,1.1554,0.9693,1.3920,1.0091
245,2014-05-03,18,6-11,40.5714,44.2183,37.1666,52.5635,1.1933,1.0226,1.3898,0.9731
245,2014-05-03,18,12-17,21.7143,25.0462,20.5554,30.2577,1.1038,0.9416,1.2977,0.8179
245,2014-05-03,18,18-44,77.5714,85.3612,73.4292,100.2026,0.6423,0.5586,0.7388,0.5007
245,2014-05-03,18,45-64,59.7143,75.0758,63.5656,88.5290,0.6850,0.5869,0.7999,0.4995
245,2014-05-03,18,65+,33.4286,42.5909,35.5304,51.2406,0.7846,0.6622,0.9328,0.5500
246,2014-05-04,19,0-5,80.1429,78.5017,67.1004,92.0886,1.1771,0.9860,1.4145,1.0974
246,2014-05-04,19,6-11,41.2857,42.2496,35.4745,50.5464,1.2387,1.0614,1.4520,1.0854
246,2014-05-04,19,12-17,22.5714,23.9766,19.6531,28.9140,1.1766,1.0040,1.3854,0.9562
246,2014-05-04,19,18-44,75.8571,80.7396,69.1605,94.9332,0.6793,0.5898,0.7832,0.5717
246,2014-05-04,19,45-64,69.4286,72.2650,61.7073,85.8993,0.7338,0.6283,0.8570,0.5961
246,2014-05-04,19,65+,39.1429,41.7150,34.9132,50.2421,0.8429,0.7141,0.9956,0.6735
247,2014-05-05,19,0-5,77.1429,75.7321,64.7305,88.3937,1.2053,1.0082,1.4345,1.1316
247,2014-05-05,19,6-11,42.2857,40.4439,33.9890,48.1986,1.2819,1.0991,1.4965,1.1741
247,2014-05-05,19,12-17,23.0000,23.2263,19.0823,27.8901,1.2476,1.0622,1.4639,1.0507
247,2014-05-05,19,18-44,74.0000,77.4474,65.7469,91.3655,0.7181,0.6232,0.8297,0.6143
247,2014-05-05,19,45-64,71.2857,70.7601,60.1537,83.9537,0.7824,0.6715,0.9166,0.6538
247,2014-05-05,19,65+,42.5714,41.2805,34.3782,49.7595,0.9004,0.7610,1.0656,0.7552
248,2014-05-06,19,0-5,74.5714,72.6423,62.2122,85.0783,1.2243,1.0241,1.4564,1.1361
248,2014-05-06,19,6-11,38.2857,38.7063,32.4704,46.2588,1.3142,1.1298,1.5345,1.1491
248,2014-05-06,19,12-17,21.8571,22.6741,18.6503,27.3675,1.3035,1.1142,1.5301,1.0608
248,2014-05-06,19,18-44,71.0000,75.4454,63.7073,89.1774,0.7529,0.6547,0.8651,0.6169
248,2014-05-06,19,45-64,69.4286,70.1319,59.4871,83.7229,0.8261,0.7104,0.9622,0.6583
248,2014-05-06,19,65+,39.4286,41.4582,34.6385,49.8895,0.9515,0.8059,1.1220,0.7488
249,2014-05-07,19,0-5,72.4286,69.4404,59.7547,81.5940,1.2290,1.0384,1.4549,1.1515
249,2014-05-07,19,6-11,36.5714,37.1410,31.1846,44.3869,1.3353,1.1450,1.5564,1.1646
249,2014-05-07,19,12-17,22.1429,22.3765,18.4143,27.1321,1.3364,1.1433,1.5641,1.1027
249,2014-05-07,19,18-44,69.4286,75.0621,63.3863,88.7683,0.7756,0.6752,0.8946,0.6299
249,2014-05-07,19,45-64,66.7143,70.3447,59.5025,83.2917,0.8561,0.7359,0.9970,0.6747
249,2014-05-07,19,65+,40.8571,42.0749,35.1663,50.6208,0.9857,0.8357,1.1621,0.7805
250,2014-05-08,19,0-5,69.7143,66.1239,56.6339,78.0800,1.2238,1.0333,1.4555,1.1606
250,2014-05-08,19,6-11,35.1429,35.7267,29.8182,42.4993,1.3339,1.1474,1.5550,1.1829
250,2014-05-08,19,12-17,21.8571,22.1478,18.2849,26.9210,1.3403,1.1495,1.5723,1.1337
250,2014-05-08,19,18-44,68.5714,75.5226,63.8860,89.7894,0.7853,0.6821,0.9034,0.6453
250,2014-05-08,19,45-64,66.4286,71.2760,60.4749,83.7441,0.8663,0.7425,1.0087,0.6952
250,2014-05-08,19,65+,41.2857,42.9100,35.9149,51.3845,0.9942,0.8417,1.1728,0.8068
251,2014-05-09,19,0-5,64.5714,62.8779,53.2967,74.2422,1.2149,1.0186,1.4370,1.2347
251,2014-05-09,19,6-11,38.4286,34.1721,28.5618,40.7512,1.3086,1.1207,1.5264,1.3887
251,2014-05-09,19,12-17,26.1429,21.9373,18.0759,26.9069,1.3168,1.1234,1.5420,1.3956
251,2014-05-09,19,18-44,83.5714,77.0518,65.2099,90.9028,0.7752,0.6720,0.8948,0.7744
251,2014-05-09,19,45-64,79.8571,72.1481,61.3715,85.2254,0.8518,0.7283,0.9947,0.8524
251,2014-05-09,19,65+,48.8571,43.8519,36.9033,52.2231,0.9765,0.8245,1.1502,0.9819
252,2014-05-10,19,0-5,61.0000,59.7786,50.4296,70.5340,1.1966,1.0122,1.4170,1.2622
252,2014-05-10,19,6-11,36.8571,32.6734,27.1552,38.9537,1.2703,1.0942,1.4823,1.4305
252,2014-05-10,19,12-17,26.7143,21.7040,17.6528,26.7296,1.2669,1.0883,1.4814,1.4705
252,2014-05-10,19,18-44,90.2857,78.1986,66.5472,92.0351,0.7522,0.6548,0.8657,0.8308
252,2014-05-10,19,45-64,88.8571,72.9519,62.1562,85.4678,0.8213,0.7065,0.9558,0.9279
252,2014-05-10,19,65+,54.4286,44.4763,37.5058,52.9615,0.9399,0.7974,1.1070,1.0737
253,2014-05-11,20,0-5,53.7143,56.9768,47.9546,67.3896,1.1772,0.9928,1.3960,1.1437
253,2014-05-11,20,6-11,31.7143,31.2230,25.8151,37.2674,1.2317,1.0607,1.4409,1.2577
253,2014-05-11,20,12-17,21.8571,21.4740,17.3975,26.1600,1.2194,1.0420,1.4299,1.2279
253,2014-05-11,20,18-44,86.0000,79.3756,67.7106,93.3077,0.7259,0.6310,0.8368,0.7313
253,2014-05-11,20,45-64,76.1429,73.6244,62.6327,86.2526,0.7866,0.6758,0.9151,0.7953
253,2014-05-11,20,65+,46.7143,44.9642,37.9016,53.4420,0.8975,0.7610,1.0616,0.9080
254,2014-05-12,20,0-5,53.2857,54.5298,45.7034,64.4463,1.1626,0.9746,1.3841,1.1564
254,2014-05-12,20,6-11,29.7143,29.8951,24.6679,35.7577,1.2041,1.0362,1.4065,1.2265
254,2014-05-12,20,12-17,21.4286,21.2745,17.2389,25.6569,1.1847,1.0120,1.3899,1.2000
254,2014-05-12,20,18-44,84.1429,80.2292,68.4072,93.8903,0.7044,0.6109,0.8133,0.7181
254,2014-05-12,20,45-64,74.1429,74.0939,62.9950,86.6761,0.7587,0.6512,0.8819,0.7748
254,2014-05-12,20,65+,45.8571,45.4101,38.2594,53.9470,0.8653,0.7343,1.0187,0.8829
255,2014-05-13,20,0-5,50.4286,52.5330,43.9066,62.1748,1.1528,0.9689,1.3788,1.1328
255,2014-05-13,20,6-11,27.4286,28.6444,23.7317,34.4100,1.1827,1.0148,1.3824,1.1861
255,2014-05-13,20,12-17,20.4286,21.0034,17.1851,25.3939,1.1533,0.9809,1.3509,1.1705
255,2014-05-13,20,18-44,78.7143,80.1809,68.2713,93.9553,0.6853,0.5939,0.7895,0.7012
255,2014-05-13,20,45-64,73.5714,74.1569,62.9908,86.7253,0.7320,0.6259,0.8491,0.7631
255,2014-05-13,20,65+,46.1429,45.5551,38.2971,53.9368,0.8333,0.7060,0.9816,0.8781
256,2014-05-14,20,0-5,49.1429,50.8302,42.8469,60.2705,1.1531,0.9684,1.3709,1.1502
256,2014-05-14,20,6-11,26.8571,27.5454,22.9220,33.1200,1.1738,1.0059,1.3713,1.2040
256,2014-05-14,20,12-17,20.8571,20.6725,16.9896,25.3168,1.1306,0.9618,1.3263,1.1962
256,2014-05-14,20,18-44,77.5714,79.2970,67.2797,93.0511,0.6733,0.5837,0.7757,0.7065
256,2014-05-14,20,45-64,72.5714,73.1924,62.3575,85.6752,0.7118,0.6122,0.8271,0.7650
256,2014-05-14,20,65+,44.7143,45.1871,37.9689,53.2396,0.8111,0.6875,0.9557,0.8719
257,2014-05-15,20,0-5,49.5714,49.2498,41.7096,58.2336,1.1533,0.9659,1.3789,1.1930
257,2014-05-15,20,6-11,27.0000,26.4317,21.8744,31.8767,1.1720,1.0028,1.3667,1.2425
257,2014-05-15,20,12-17,20.8571,20.3314,16.7290,24.8491,1.1153,0.9481,1.3135,1.2194
257,2014-05-15,20,18-44,76.4286,77.7788,65.8700,90.9928,0.6637,0.5749,0.7656,0.7204
257,2014-05-15,20,45-64,72.4286,71.1060,60.6142,83.5696,0.6956,0.5971,0.8096,0.7765
257,2014-05-15,20,65+,44.2857,44.3930,37.1074,52.2540,0.7908,0.6701,0.9358,0.8819
258,2014-05-16,20,0-5,48.0000,47.9666,40.5848,56.7751,1.1555,0.9671,1.3724,1.1777
258,2014-05-16,20,6-11,24.4286,25.5135,21.0075,30.9541,1.1800,1.0121,1.3792,1.1883
258,2014-05-16,20,12-17,18.8571,19.9572,16.1800,24.3740,1.1116,0.9476,1.3086,1.1563
258,2014-05-16,20,18-44,72.4286,75.6970,64.3281,88.8574,0.6607,0.5726,0.7628,0.6986
258,2014-05-16,20,45-64,69.4286,68.4573,58.2250,80.3608,0.6880,0.5911,0.7993,0.7513
258,2014-05-16,20,65+,42.0000,43.1903,35.9304,51.0427,0.7805,0.6623,0.9199,0.8526
259,2014-05-17,20,0-5,46.7143,46.6815,39.4306,55.0864,1.1576,0.9697,1.3861,1.1901
259,2014-05-17,20,6-11,24.4286,24.7662,20.3740,30.0943,1.1940,1.0195,1.4081,1.2135
259,2014-05-17,20,12-17,17.5714,19.4942,15.8166,23.8111,1.1087,0.9417,1.3083,1.1318
259,2014-05-17,20,18-44,72.5714,73.5516,62.2052,86.2581,0.6587,0.5698,0.7621,0.7011
259,2014-05-17,20,45-64,65.1429,65.2638,55.4498,76.7277,0.6816,0.5850,0.7926,0.7457
259,2014-05-17,20,65+,42.1429,41.6232,34.7953,49.5419,0.7730,0.6549,0.9147,0.8566
260,2014-05-18,21,0-5,45.8571,45.3577,38.3898,53.8616,1.1610,0.9737,1.3909,1.1873
260,2014-05-18,21,6-11,22.8571,24.1870,19.8501,29.0908,1.2103,1.0301,1.4147,1.1895
260,2014-05-18,21,12-17,18.7143,18.9849,15.4302,23.2645,1.1139,0.9442,1.3141,1.1607
260,2014-05-18,21,18-44,69.4286,71.2522,59.9968,83.3887,0.6601,0.5704,0.7616,0.6886
260,2014-05-18,21,45-64,60.5714,61.8852,52.2732,72.4214,0.6811,0.5829,0.7932,0.7284
260,2014-05-18,21,65+,40.2857,39.9868,33.3339,47.9227,0.7705,0.6516,0.9108,0.8353
261,2014-05-19,21,0-5,44.5714,44.0396,37.2988,52.4935,1.1653,0.9745,1.3964,1.1905
261,2014-05-19,21,6-11,22.7143,23.6835,19.3774,28.6202,1.2295,1.0478,1.4389,1.2050
261,2014-05-19,21,12-17,18.0000,18.4935,15.0208,22.6412,1.1226,0.9522,1.3267,1.1486
261,2014-05-19,21,18-44,68.5714,68.8465,58.3577,80.9049,0.6633,0.5747,0.7698,0.6861
261,2014-05-19,21,45-64,56.5714,58.5513,49.5559,68.8753,0.6849,0.5871,0.8016,0.7176
261,2014-05-19,21,65+,38.4286,38.2928,31.8441,45.9676,0.7756,0.6553,0.9169,0.8212
262,2014-05-20,21,0-5,44.0000,42.8101,36.1652,50.8286,1.1719,0.9774,1.4021,1.2021
262,2014-05-20,21,6-11,23.1429,23.3742,19.1729,28.2586,1.2441,1.0584,1.4619,1.2330
262,2014-05-20,21,12-17,17.8571,18.0592,14.6399,22.0194,1.1336,0.9633,1.3370,1.1552
262,2014-05-20,21,18-44,67.0000,66.5512,56.5169,78.2947,0.6691,0.5780,0.7738,0.6854
262,2014-05-20,21,45-64,53.7143,55.3599,46.6206,65.2911,0.6929,0.5927,0.8081,0.7089
262,2014-05-20,21,65+,35.2857,36.6620,30.5687,43.8196,0.7865,0.6637,0.9310,0.7984
263,2014-05-21,21,0-5,42.1429,41.5738,35.0176,49.7665,1.1797,0.9885,1.4171,1.1871
263,2014-05-21,21,6-11,23.1429,23.1330,19.1015,27.9490,1.2590,1.0740,1.4736,1.2393
263,2014-05-21,21,12-17,16.7143,17.5711,14.2690,21.4058,1.1490,0.9770,1.3557,1.1228
263,2014-05-21,21,18-44,65.0000,64.1124,54.3276,75.8443,0.6770,0.5864,0.7817,0.6754
263,2014-05-21,21,45-64,49.5714,52.6756,44.3736,62.5435,0.7063,0.6038,0.8260,0.6929
263,2014-05-21,21,65+,33.5714,35.0376,29.1923,41.8915,0.8017,0.6763,0.9538,0.7833
264,2014-05-22,21,0-5,40.7143,40.5068,33.9052,48.4762,1.1951,0.9982,1.4328,1.1898
264,2014-05-22,21,6-11,23.0000,22.9224,18.8989,27.6882,1.2736,1.0911,1.4932,1.2592
264,2014-05-22,21,12-17,16.5714,17.0562,13.7998,20.8263,1.1637,0.9900,1.3687,1.1462
264,2014-05-22,21,18-44,63.7143,61.6156,52.2712,72.7515,0.6864,0.5946,0.7928,0.6857
264,2014-05-22,21,45-64,48.7143,50.6616,42.6596,60.1046,0.7207,0.6172,0.8422,0.7069
264,2014-05-22,21,65+,33.2857,33.6422,28.0469,40.1121,0.8177,0.6893,0.9692,0.8029
265,2014-05-23,21,0-5,38.0000,39.6095,33.1328,47.2968,1.2149,1.0159,1.4467,1.1473
265,2014-05-23,21,6-11,22.7143,22.7515,18.7284,27.3762,1.2844,1.1006,1.5094,1.2436
265,2014-05-23,21,12-17,16.0000,16.5473,13.3327,20.4062,1.1730,0.9980,1.3780,1.1296
265,2014-05-23,21,18-44,59.1429,59.0676,50.1578,69.6380,0.6972,0.6051,0.8058,0.6678
265,2014-05-23,21,45-64,46.2857,49.2529,41.5598,58.3737,0.7373,0.6331,0.8623,0.6926
265,2014-05-23,21,65+,31.8571,32.4450,27.1335,38.7948,0.8365,0.7088,0.9905,0.7911
266,2014-05-24,21,0-5,35.7143,38.9103,32.4147,46.4981,1.2366,1.0349,1.4808,1.1081
266,2014-05-24,21,6-11,22.0000,22.5337,18.5502,27.2279,1.2979,1.1054,1.5153,1.2160
266,2014-05-24,21,12-17,16.2857,15.9834,12.8198,19.6774,1.1773,0.9981,1.3916,1.1475
266,2014-05-24,21,18-44,53.4286,56.7681,48.0513,67.0062,0.7101,0.6151,0.8197,0.6510
266,2014-05-24,21,45-64,46.2857,48.5455,40.6060,57.7356,0.7548,0.6442,0.8875,0.6838
266,2014-05-24,21,65+,28.5714,31.4082,26.3427,37.4635,0.8537,0.7207,1.0141,0.7646
267,2014-05-25,22,0-5,36.5714,38.3146,32.1404,45.6588,1.2517,1.0519,1.4954,1.1741
267,2014-05-25,22,6-11,22.5714,22.2890,18.3925,27.0007,1.2978,1.1031,1.5205,1.2751
267,2014-05-25,22,12-17,15.0000,15.3743,12.3734,18.9084,1.1768,0.9997,1.3866,1.1494
267,2014-05-25,22,18-44,53.7143,54.5531,45.8991,64.3566,0.7180,0.6218,0.8298,0.6823
267,2014-05-25,22,45-64,46.5714,48.0757,40.3288,57.1369,0.7672,0.6528,0.8974,0.7165
267,2014-05-25,22,65+,29.7143,30.5209,25.5151,36.4519,0.8624,0.7254,1.0260,0.8138
268,2014-05-26,22,0-5,37.5714,37.8935,31.8536,45.3554,1.2581,1.0494,1.5104,1.2218
268,2014-05-26,22,6-11,23.5714,21.9576,18.0280,26.5261,1.2898,1.0993,1.5146,1.3273
268,2014-05-26,22,12-17,15.5714,14.6647,11.8150,18.0376,1.1617,0.9888,1.3669,1.2006
268,2014-05-26,22,18-44,51.2857,52.4337,43.8940,61.7890,0.7187,0.6224,0.8323,0.6989
268,2014-05-26,22,45-64,46.7143,47.8539,40.2083,57.1058,0.7708,0.6561,0.9036,0.7365
268,2014-05-26,22,65+,29.7143,29.5880,24.6021,35.3317,0.8629,0.7264,1.0244,0.8395
269,2014-05-27,22,0-5,39.0000,37.7058,31.6112,45.0034,1.2565,1.0507,1.5093,1.2755
269,2014-05-27,22,6-11,23.1429,21.4933,17.5175,26.1683,1.2777,1.0923,1.5083,1.3389
269,2014-05-27,22,12-17,15.0000,13.9907,11.2714,17.2435,1.1411,0.9706,1.3468,1.2100
269,2014-05-27,22,18-44,50.7143,50.4439,42.4692,59.5043,0.7134,0.6178,0.8283,0.7173
269,2014-05-27,22,45-64,47.2857,47.9157,40.3567,57.1404,0.7649,0.6508,0.9007,0.7578
269,2014-05-27,22,65+,30.1429,28.6367,23.7863,34.2806,0.8508,0.7150,1.0146,0.8688
270,2014-05-28,22,0-5,39.8571,37.5088,31.4104,44.8670,1.2511,1.0410,1.5039,1.3063
270,2014-05-28,22,6-11,22.1429,21.0338,17.0882,25.8413,1.2668,1.0832,1.4934,1.3321
270,2014-05-28,22,12-17,14.5714,13.2274,10.6782,16.3906,1.1132,0.9464,1.3144,1.2374
270,2014-05-28,22,18-44,49.8571,48.7627,41.1625,57.8859,0.7057,0.6101,0.8151,0.7391
270,2014-05-28,22,45-64,51.5714,48.1233,40.5129,57.2165,0.7535,0.6427,0.8840,0.7926
270,2014-05-28,22,65+,29.2857,27.7098,23.0934,33.4390,0.8358,0.7035,0.9909,0.8914
271,2014-05-29,22,0-5,37.8571,37.2731,31.1980,44.6364,1.2384,1.0352,1.4872,1.2711
271,2014-05-29,22,6-11,20.5714,20.5757,16.7270,25.3321,1.2546,1.0724,1.4781,1.2945
271,2014-05-29,22,12-17,13.7143,12.4488,9.9249,15.4710,1.0847,0.9214,1.2743,1.2186
271,2014-05-29,22,18-44,50.2857,47.3964,39.9737,56.3992,0.6906,0.5997,0.7976,0.7387
271,2014-05-29,22,45-64,51.5714,48.0618,40.3924,56.8820,0.7345,0.6262,0.8626,0.7980
271,2014-05-29,22,65+,29.5714,26.7565,22.1755,32.4008,0.8124,0.6834,0.9628,0.9020
272,2014-05-30,22,0-5,36.8571,37.1045,30.9800,44.3021,1.2280,1.0157,1.4792,1.2364
272,2014-05-30,22,6-11,19.0000,20.1863,16.4366,24.8505,1.2521,1.0631,1.4753,1.2353
272,2014-05-30,22,12-17,12.8571,11.7108,9.2583,14.5425,1.0606,0.8979,1.2462,1.1736
272,2014-05-30,22,18-44,48.2857,46.2787,39.1374,55.1657,0.6780,0.5860,0.7838,0.7139
272,2014-05-30,22,45-64,50.2857,47.7971,40.1196,56.2844,0.7167,0.6095,0.8474,0.7700
272,2014-05-30,22,65+,27.0000,25.8281,21.2780,31.4609,0.7916,0.6667,0.9420,0.8555
273,2014-05-31,22,0-5,37.5714,36.8875,30.7862,44.0055,1.2254,1.0166,1.4598,1.2579
273,2014-05-31,22,6-11,19.2857,19.9364,16.2093,24.4623,1.2560,1.0646,1.4918,1.2518
273,2014-05-31,22,12-17,11.0000,11.0244,8.6546,13.8074,1.0471,0.8892,1.2383,1.1047
273,2014-05-31,22,18-44,47.4286,45.2956,38.4271,53.9346,0.6702,0.5802,0.7756,0.7080
273,2014-05-31,22,45-64,48.1429,47.0655,39.6879,55.3475,0.7060,0.6012,0.8333,0.7555
273,2014-05-31,22,65+,26.7143,24.9980,20.3793,30.4553,0.7810,0.6584,0.9275,0.8483
274,2014-06-01,23,0-5,36.1429,36.6985,30.6711,43.7857,1.2273,1.0182,1.4675,1.2062
274,2014-06-01,23,6-11,19.2857,19.8075,16.1962,24.0937,1.2664,1.0730,1.5024,1.2288
274,2014-06-01,23,12-17,10.1429,10.4785,8.1530,13.1135,1.0464,0.8867,1.2336,1.0607
274,2014-06-01,23,18-44,42.5714,44.2314,37.4398,52.6378,0.6667,0.5776,0.7687,0.6748
274,2014-06-01,23,45-64,46.7143,46.1990,38.9446,54.7917,0.7000,0.5957,0.8192,0.7226
274,2014-06-01,23,65+,24.0000,24.1288,19.6411,29.4090,0.7758,0.6556,0.9180,0.8000
275,2014-06-02,23,0-5,36.5714,36.4793,30.3153,43.6503,1.2332,1.0241,1.4864,1.2592
275,2014-06-02,23,6-11,20.0000,19.7744,16.1885,24.0852,1.2830,1.0913,1.5152,1.3027
275,2014-06-02,23,12-17,9.4286,9.9759,7.7258,12.6180,1.0588,0.8967,1.2516,1.0903
275,2014-06-02,23,18-44,45.2857,43.2225,36.1859,51.2645,0.6684,0.5792,0.7729,0.7129
275,2014-06-02,23,45-64,48.2857,44.8380,37.7911,53.3629,0.6995,0.5949,0.8226,0.7581
275,2014-06-02,23,65+,22.7143,23.3866,19.0195,28.4726,0.7782,0.6579,0.9272,0.8190
276,2014-06-03,23,0-5,32.4286,36.2936,30.2240,43.4666,1.2536,1.0432,1.5018,1.1198
276,2014-06-03,23,6-11,18.5714,19.8275,16.2409,24.1952,1.3105,1.1103,1.5513,1.1802
276,2014-06-03,23,12-17,7.5714,9.5720,7.4002,12.2076,1.0834,0.9153,1.2826,0.9384
276,2014-06-03,23,18-44,38.8571,42.2523,35.2219,50.0311,0.6784,0.5882,0.7840,0.6238
276,2014-06-03,23,45-64,40.7143,43.3812,36.4791,51.2433,0.7090,0.6044,0.8302,0.6560
276,2014-06-03,23,65+,18.5714,22.6534,18.5779,27.8091,0.7926,0.6700,0.9421,0.7030
277,2014-06-04,23,0-5,34.4286,36.0741,30.1702,43.3499,1.2629,1.0535,1.5279,1.1881
277,2014-06-04,23,6-11,18.1429,19.9330,16.3304,24.3375,1.3356,1.1359,1.5774,1.1979
277,2014-06-04,23,12-17,7.5714,9.3128,7.1710,11.7928,1.1183,0.9441,1.3219,0.9671
277,2014-06-04,23,18-44,37.5714,41.3946,34.4953,48.9319,0.6906,0.5991,0.7975,0.6378
277,2014-06-04,23,45-64,38.5714,41.8042,35.0653,49.7066,0.7224,0.6169,0.8475,0.6690
277,2014-06-04,23,65+,19.7143,22.1741,18.2452,27.1804,0.8143,0.6853,0.9701,0.7389
278,2014-06-05,23,0-5,36.2857,35.8828,30.3287,43.1081,1.2744,1.0620,1.5332,1.2746
278,2014-06-05,23,6-11,20.0000,20.0746,16.3531,24.5198,1.3543,1.1505,1.6032,1.3153
278,2014-06-05,23,12-17,8.2857,9.1348,7.0082,11.6978,1.1556,0.9785,1.3652,1.0658
278,2014-06-05,23,18-44,38.0000,40.4143,33.7135,47.9278,0.7032,0.6095,0.8134,0.6798
278,2014-06-05,23,45-64,38.8571,40.2265,33.6591,47.8906,0.7379,0.6300,0.8664,0.7096
278,2014-06-05,23,65+,19.4286,21.7889,17.8445,26.8289,0.8357,0.7017,0.9926,0.7769
279,2014-06-06,23,0-5,38.0000,35.7128,29.9462,42.8141,1.2698,1.0612,1.5237,1.3505
279,2014-06-06,23,6-11,21.5714,20.1260,16.3857,24.6346,1.3635,1.1639,1.6085,1.4135
279,2014-06-06,23,12-17,8.2857,9.0424,6.8901,11.5587,1.1892,1.0060,1.4065,1.1138
279,2014-06-06,23,18-44,39.2857,39.5290,32.9405,46.9677,0.7114,0.6165,0.8250,0.7168
279,2014-06-06,23,45-64,37.2857,38.5932,32.3532,46.1054,0.7494,0.6386,0.8831,0.7452
279,2014-06-06,23,65+,22.0000,21.4432,17.5353,26.4399,0.8519,0.7152,1.0221,0.8498
280,2014-06-07,23,0-5,37.8571,35.2809,29.5629,42.4485,1.2554,1.0446,1.5104,1.3418
280,2014-06-07,23,6-11,21.5714,20.0979,16.5379,24.6490,1.3685,1.1628,1.6084,1.4104
280,2014-06-07,23,12-17,8.4286,9.0645,6.9745,11.5666,1.2191,1.0292,1.4411,1.1443
280,2014-06-07,23,18-44,38.5714,38.7809,32.4515,46.2361,0.7158,0.6206,0.8287,0.7208
280,2014-06-07,23,45-64,37.7143,37.0649,31.1762,44.3805,0.7583,0.6479,0.8922,0.7550
280,2014-06-07,23,65+,21.1429,21.2949,17.3465,25.9626,0.8648,0.7282,1.0314,0.8504
281,2014-06-08,24,0-5,35.7143,34.6884,29.0869,41.7914,1.2360,1.0324,1.4838,1.3020
281,2014-06-08,24,6-11,20.7143,20.0660,16.4819,24.7409,1.3610,1.1591,1.6049,1.3876
281,2014-06-08,24,12-17,8.8571,9.1605,7.1027,11.7273,1.2390,1.0469,1.4692,1.1861
281,2014-06-08,24,18-44,40.5714,38.2970,32.2188,45.8014,0.7151,0.6202,0.8282,0.7297
281,2014-06-08,24,45-64,37.0000,35.9763,30.0407,43.2194,0.7620,0.6502,0.8949,0.7684
281,2014-06-08,24,65+,21.5714,21.2688,17.2563,25.9187,0.8706,0.7325,1.0340,0.8680
282,2014-06-09,24,0-5,33.0000,33.9300,28.5795,40.9293,1.2206,1.0205,1.4700,1.1988
282,2014-06-09,24,6-11,19.2857,20.0395,16.3522,24.7775,1.3587,1.1578,1.5980,1.2817
282,2014-06-09,24,12-17,9.5714,9.3535,7.3046,11.9232,1.2467,1.0506,1.4799,1.1608
282,2014-06-09,24,18-44,37.0000,38.0275,31.8841,45.4924,0.7131,0.6164,0.8233,0.6682
282,2014-06-09,24,45-64,31.5714,35.0997,29.1503,42.1544,0.7614,0.6494,0.8930,0.7016
282,2014-06-09,24,65+,21.0000,21.2446,17.2540,25.8634,0.8690,0.7298,1.0337,0.8110
283,2014-06-10,24,0-5,34.8571,33.0394,27.8470,39.8903,1.2105,1.0105,1.4559,1.3015
283,2014-06-10,24,6-11,20.2857,20.0682,16.3626,24.6841,1.3538,1.1523,1.5950,1.3968
283,2014-06-10,24,12-17,11.4286,9.6010,7.5103,12.1925,1.2479,1.0504,1.4886,1.3505
283,2014-06-10,24,18-44,39.5714,37.8074,31.6985,45.2843,0.7085,0.6131,0.8183,0.7474
283,2014-06-10,24,45-64,36.4286,34.5125,28.6903,41.4863,0.7586,0.6455,0.8872,0.8007
283,2014-06-10,24,65+,23.4286,21.2487,17.2397,25.9063,0.8658,0.7276,1.0285,0.9222
284,2014-06-11,24,0-5,31.5714,32.2613,27.0225,38.9450,1.2022,1.0037,1.4476,1.2292
284,2014-06-11,24,6-11,21.1429,19.9958,16.4377,24.6701,1.3461,1.1438,1.5958,1.4068
284,2014-06-11,24,12-17,11.1429,9.8483,7.6818,12.4021,1.2377,1.0445,1.4713,1.3071
284,2014-06-11,24,18-44,38.8571,37.5120,31.4033,44.6790,0.7022,0.6078,0.8131,0.7300
284,2014-06-11,24,45-64,35.5714,34.1305,28.4098,40.9599,0.7515,0.6407,0.8833,0.7830
284,2014-06-11,24,65+,22.8571,21.1799,17.3004,25.8032,0.8573,0.7197,1.0217,0.9008
285,2014-06-12,24,0-5,31.0000,31.3769,26.1368,37.7508,1.2015,1.0004,1.4408,1.2226
285,2014-06-12,24,6-11,20.0000,19.9370,16.4833,24.4939,1.3444,1.1425,1.5849,1.3583
285,2014-06-12,24,12-17,10.7143,10.0113,7.8704,12.6524,1.2251,1.0307,1.4572,1.2564
285,2014-06-12,24,18-44,38.5714,37.0919,31.0432,44.5260,0.6968,0.6058,0.8050,0.7190
285,2014-06-12,24,45-64,34.8571,33.9838,28.1467,40.7084,0.7439,0.6375,0.8720,0.7699
285,2014-06-12,24,65+,22.8571,21.0771,17.1482,25.5659,0.8477,0.7128,1.0097,0.8908
286,2014-06-13,24,0-5,31.0000,30.6056,25.4401,36.7866,1.2044,1.0083,1.4404,1.2085
286,2014-06-13,24,6-11,19.5714,19.9766,16.4386,24.3965,1.3484,1.1472,1.5913,1.3139
286,2014-06-13,24,12-17,11.0000,10.1459,7.9877,12.8903,1.2163,1.0253,1.4408,1.2352
286,2014-06-13,24,18-44,35.7143,36.6321,30.5879,43.9780,0.6957,0.6034,0.8019,0.6892
286,2014-06-13,24,45-64,34.5714,33.8067,28.1223,40.5137,0.7412,0.6324,0.8658,0.7334
286,2014-06-13,24,65+,19.4286,20.9357,17.0120,25.5683,0.8427,0.7093,1.0014,0.8132
287,2014-06-14,24,0-5,29.2857,30.0175,25.0173,36.0615,1.2189,1.0166,1.4737,1.1948
287,2014-06-14,24,6-11,19.8571,20.0083,16.3972,24.4355,1.3542,1.1510,1.6063,1.3364
287,2014-06-14,24,12-17,11.0000,10.2676,8.1260,13.1057,1.2083,1.0231,1.4282,1.2301
287,2014-06-14,24,18-44,36.4286,36.2787,30.1699,43.4535,0.6988,0.6046,0.8075,0.6933
287,2014-06-14,24,45-64,32.8571,33.6852,28.0549,40.7148,0.7414,0.6320,0.8704,0.7358
287,2014-06-14,24,65+,20.7143,20.8066,16.8857,25.4699,0.8410,0.7050,1.0001,0.8380
288,2014-06-15,25,0-5,29.4286,29.4748,24.5929,35.3870,1.2342,1.0245,1.4988,1.1975
288,2014-06-15,25,6-11,19.5714,20.0269,16.4699,24.5683,1.3681,1.1622,1.6181,1.3140
288,2014-06-15,25,12-17,10.5714,10.3478,8.1107,13.1971,1.2055,1.0223,1.4257,1.1900
288,2014-06-15,25,18-44,33.8571,35.9134,29.8964,43.2632,0.7023,0.6089,0.8119,0.6769
288,2014-06-15,25,45-64,32.1429,33.6458,27.9633,40.4947,0.7423,0.6357,0.8686,0.7192
288,2014-06-15,25,65+,20.1429,20.6057,16.7458,25.3105,0.8402,0.7063,0.9977,0.8234
289,2014-06-16,25,0-5,29.2857,29.1207,24.2627,34.9262,1.2505,1.0437,1.5055,1.2231
289,2014-06-16,25,6-11,19.2857,20.1334,16.5549,24.6404,1.3797,1.1715,1.6283,1.3276
289,2014-06-16,25,12-17,9.5714,10.3316,8.1160,13.1200,1.2063,1.0230,1.4292,1.1670
289,2014-06-16,25,18-44,34.0000,35.5620,29.7535,42.8446,0.7065,0.6126,0.8166,0.6966
289,2014-06-16,25,45-64,33.8571,33.5554,27.7766,39.8148,0.7437,0.6351,0.8718,0.7462
289,2014-06-16,25,65+,20.4286,20.3398,16.5865,25.0496,0.8393,0.7050,0.9999,0.8547
290,2014-06-17,25,0-5,28.2857,28.8239,23.9321,34.7692,1.2703,1.0624,1.5384,1.2249
290,2014-06-17,25,6-11,20.1429,20.1981,16.5120,24.6417,1.3916,1.1801,1.6460,1.3751
290,2014-06-17,25,12-17,9.4286,10.2914,8.0476,12.9994,1.2174,1.0280,1.4427,1.1793
290,2014-06-17,25,18-44,34.5714,35.3561,29.3393,42.6523,0.7132,0.6175,0.8243,0.7084
290,2014-06-17,25,45-64,33.7143,33.3299,27.6917,39.6073,0.7476,0.6369,0.8782,0.7562
290,2014-06-17,25,65+,20.1429,20.0887,16.2663,24.8531,0.8373,0.7037,0.9978,0.8616
291,2014-06-18,25,0-5,29.2857,28.6577,23.7935,34.7397,1.2926,1.0742,1.5641,1.2689
291,2014-06-18,25,6-11,19.8571,20.1827,16.5820,24.7754,1.3948,1.1847,1.6495,1.3787
291,2014-06-18,25,12-17,9.8571,10.2437,8.0220,12.9318,1.2265,1.0333,1.4534,1.2091
291,2014-06-18,25,18-44,35.0000,35.1485,29.2336,42.4464,0.7174,0.6205,0.8310,0.7150
291,2014-06-18,25,45-64,32.7143,32.8824,27.4198,39.4046,0.7487,0.6372,0.8789,0.7549
291,2014-06-18,25,65+,19.5714,19.7263,15.9423,24.2792,0.8338,0.6999,0.9888,0.8535
292,2014-06-19,25,0-5,28.4286,28.6676,23.6737,34.8274,1.3141,1.0933,1.5886,1.2578
292,2014-06-19,25,6-11,20.2857,20.2481,16.6106,25.0549,1.3946,1.1852,1.6505,1.3979
292,2014-06-19,25,12-17,10.0000,10.2419,8.0127,13.0058,1.2403,1.0458,1.4721,1.2281
292,2014-06-19,25,18-44,34.8571,35.0014,29.0679,42.1736,0.7236,0.6252,0.8395,0.7185
292,2014-06-19,25,45-64,32.7143,32.5042,27.1140,38.9815,0.7525,0.6412,0.8882,0.7603
292,2014-06-19,25,65+,19.4286,19.3120,15.6211,23.7839,0.8297,0.6973,0.9907,0.8579
293,2014-06-20,25,0-5,27.4286,28.9353,23.9327,35.0508,1.3262,1.0977,1.5904,1.2415
293,2014-06-20,25,6-11,20.8571,20.2030,16.5843,25.1105,1.3862,1.1839,1.6441,1.4132
293,2014-06-20,25,12-17,9.5714,10.2569,7.9647,13.0308,1.2483,1.0531,1.4824,1.1954
293,2014-06-20,25,18-44,35.0000,34.9962,29.1240,42.1440,0.7253,0.6279,0.8405,0.7123
293,2014-06-20,25,45-64,30.4286,32.1705,26.7212,38.8120,0.7532,0.6426,0.8863,0.7500
293,2014-06-20,25,65+,20.8571,18.8558,15.2582,23.1825,0.8239,0.6928,0.9812,0.8765
294,2014-06-21,25,0-5,28.4286,29.3130,24.2351,35.5219,1.3362,1.1090,1.6079,1.2699
294,2014-06-21,25,6-11,20.4286,20.0753,16.4227,24.9542,1.3757,1.1715,1.6214,1.3967
294,2014-06-21,25,12-17,10.2857,10.3120,8.0440,13.0648,1.2559,1.0607,1.4854,1.2451
294,2014-06-21,25,18-44,34.1429,35.0025,29.2935,42.1989,0.7265,0.6280,0.8417,0.7154
294,2014-06-21,25,45-64,31.8571,31.9517,26.4949,38.5857,0.7531,0.6421,0.8853,0.7537
294,2014-06-21,25,65+,18.7143,18.3494,14.6976,22.5183,0.8194,0.6902,0.9755,0.8449
295,2014-06-22,26,0-5,30.0000,29.5960,24.4889,35.8100,1.3245,1.0951,1.5975,1.3362
295,2014-06-22,26,6-11,21.5714,19.9206,16.3467,24.6024,1.3581,1.1535,1.5989,1.4602
295,2014-06-22,26,12-17,10.7143,10.3812,8.0417,13.1450,1.2617,1.0659,1.4927,1.2942
295,2014-06-22,26,18-44,35.2857,35.0894,29.2549,42.2446,0.7242,0.6255,0.8373,0.7431
295,2014-06-22,26,45-64,33.0000,31.7981,26.4523,38.5174,0.7523,0.6404,0.8841,0.7781
295,2014-06-22,26,65+,18.2857,17.8419,14.3633,21.8805,0.8159,0.6870,0.9721,0.8580
296,2014-06-23,26,0-5,30.8571,29.8943,24.7631,36.2079,1.3007,1.0800,1.5694,1.3481
296,2014-06-23,26,6-11,20.0000,19.6351,16.1175,24.1465,1.3317,1.1297,1.5656,1.3945
296,2014-06-23,26,12-17,10.8571,10.4600,8.1100,13.3419,1.2640,1.0665,1.5005,1.2810
296,2014-06-23,26,18-44,35.8571,35.0909,29.0945,42.0741,0.7166,0.6183,0.8285,0.7329
296,2014-06-23,26,45-64,32.1429,31.7062,26.2419,38.0169,0.7481,0.6363,0.8796,0.7601
296,2014-06-23,26,65+,16.8571,17.2933,13.9667,21.2443,0.8130,0.6832,0.9659,0.8223
297,2014-06-24,26,0-5,31.7143,30.2594,24.8995,36.5530,1.2704,1.0562,1.5265,1.3679
297,2014-06-24,26,6-11,20.5714,19.2326,15.7848,23.6377,1.3068,1.1069,1.5285,1.4152
297,2014-06-24,26,12-17,10.7143,10.5514,8.2436,13.4040,1.2640,1.0657,1.5058,1.2628
297,2014-06-24,26,18-44,37.1429,35.0614,28.9687,41.8890,0.7082,0.6117,0.8196,0.7340
297,2014-06-24,26,45-64,31.2857,31.5668,26.1193,38.0102,0.7437,0.6331,0.8791,0.7492
297,2014-06-24,26,65+,15.5714,16.8824,13.5489,20.7977,0.8120,0.6820,0.9692,0.7960
298,2014-06-25,26,0-5,30.1429,30.2246,24.9347,36.5625,1.2418,1.0269,1.4956,1.3004
298,2014-06-25,26,6-11,19.0000,18.7939,15.3629,22.9758,1.2813,1.0916,1.5082,1.3438
298,2014-06-25,26,12-17,10.1429,10.7306,8.4096,13.6722,1.2660,1.0678,1.5047,1.2219
298,2014-06-25,26,18-44,36.2857,35.1110,29.0799,42.0823,0.7003,0.6047,0.8119,0.7179
298,2014-06-25,26,45-64,31.7143,31.5624,26.2178,38.0209,0.7411,0.6300,0.8738,0.7452
298,2014-06-25,26,65+,15.7143,16.6434,13.2721,20.4907,0.8139,0.6835,0.9737,0.8003
299,2014-06-26,26,0-5,32.4286,29.9688,24.9020,36.2881,1.2077,1.0034,1.4583,1.3603
299,2014-06-26,26,6-11,19.5714,18.2644,14.8535,22.1918,1.2678,1.0822,1.4920,1.3807
299,2014-06-26,26,12-17,10.1429,10.9328,8.6490,13.8615,1.2670,1.0702,1.5046,1.2327
299,2014-06-26,26,18-44,36.2857,35.1015,29.0737,42.1043,0.6927,0.5976,0.8021,0.7313
299,2014-06-26,26,45-64,32.0000,31.5349,26.1777,38.0052,0.7383,0.6289,0.8677,0.7562
299,2014-06-26,26,65+,15.8571,16.5198,13.2439,20.4454,0.8166,0.6847,0.9733,0.8159
300,2014-06-27,26,0-5,31.8571,29.5327,24.6636,35.7194,1.1765,0.9808,1.4172,1.3140
300,2014-06-27,26,6-11,17.1429,17.7397,14.5156,21.6993,1.2644,1.0771,1.4917,1.2863
300,2014-06-27,26,12-17,11.1429,11.1552,8.8044,14.1171,1.2666,1.0711,1.5187,1.2756
300,2014-06-27,26,18-44,34.7143,34.7498,28.8212,41.8073,0.6867,0.5950,0.7925,0.7131
300,2014-06-27,26,45-64,32.1429,31.5453,26.1729,38.1104,0.7362,0.6296,0.8642,0.7486
300,2014-06-27,26,65+,15.2857,16.5662,13.1851,20.3805,0.8213,0.6919,0.9747,0.8015
301,2014-06-28,26,0-5,31.2857,28.8257,23.9991,34.7338,1.1627,0.9676,1.4068,1.2977
301,2014-06-28,26,6-11,17.4286,17.2567,14.1622,21.1953,1.2734,1.0843,1.5081,1.3101
301,2014-06-28,26,12-17,11.0000,11.3842,8.9921,14.3563,1.2688,1.0668,1.5212,1.2679
301,2014-06-28,26,18-44,34.5714,34.3461,28.6830,41.4152,0.6850,0.5920,0.7951,0.7152
301,2014-06-28,26,45-64,31.4286,31.5282,26.0377,37.8539,0.7377,0.6276,0.8669,0.7546
301,2014-06-28,26,65+,16.7143,16.6290,13.2668,20.6078,0.8274,0.6960,0.9842,0.8348
302,2014-06-29,27,0-5,28.0000,28.0156,23.2401,33.7007,1.1569,0.9629,1.4071,1.2024
302,2014-06-29,27,6-11,16.1429,16.9085,13.8595,20.6730,1.2919,1.1007,1.5264,1.2607
302,2014-06-29,27,12-17,11.7143,11.5493,9.1696,14.6481,1.2651,1.0624,1.5038,1.2952
302,2014-06-29,27,18-44,33.8571,33.9457,28.3293,40.8557,0.6854,0.5932,0.7940,0.6976
302,2014-06-29,27,45-64,31.2857,31.3579,26.0852,37.6688,0.7371,0.6288,0.8662,0.7453
302,2014-06-29,27,65+,15.8571,16.8137,13.4744,20.7959,0.8309,0.6984,0.9946,0.8126
303,2014-06-30,27,0-5,26.1429,27.0798,22.4741,32.6671,1.1638,0.9706,1.4049,1.1716
303,2014-06-30,27,6-11,16.1429,16.6786,13.7193,20.5158,1.3223,1.1263,1.5668,1.2821
303,2014-06-30,27,12-17,12.7143,11.7038,9.2829,14.7382,1.2530,1.0556,1.4862,1.3470
303,2014-06-30,27,18-44,33.5714,33.4412,27.8558,40.2528,0.6882,0.5953,0.7946,0.7013
303,2014-06-30,27,45-64,30.5714,31.1185,25.9778,37.3720,0.7382,0.6279,0.8649,0.7547
303,2014-06-30,27,65+,17.0000,16.9692,13.6127,21.0289,0.8339,0.7024,0.9979,0.8409
304,2014-07-01,27,0-5,25.7143,26.2094,21.5873,31.8206,1.1822,0.9864,1.4308,1.1657
304,2014-07-01,27,6-11,14.1429,16.6673,13.6898,20.5800,1.3611,1.1536,1.6103,1.2159
304,2014-07-01,27,12-17,12.8571,11.7187,9.2772,14.7805,1.2444,1.0498,1.4798,1.3398
304,2014-07-01,27,18-44,31.4286,32.9004,27.3573,39.6178,0.6938,0.6015,0.8025,0.6942
304,2014-07-01,27,45-64,30.8571,30.8712,25.6062,37.0794,0.7387,0.6310,0.8670,0.7608
304,2014-07-01,27,65+,18.4286,17.1494,13.8734,21.0367,0.8370,0.7029,1.0030,0.8732
305,2014-07-02,27,0-5,25.4286,25.4239,20.8070,30.9594,1.2095,1.0040,1.4513,1.1905
305,2014-07-02,27,6-11,16.2857,16.8261,13.7126,20.7677,1.3995,1.1851,1.6610,1.3230
305,2014-07-02,27,12-17,12.8571,11.6831,9.1910,14.6209,1.2379,1.0414,1.4645,1.3352
305,2014-07-02,27,18-44,31.0000,32.3510,26.8289,38.9600,0.7012,0.6065,0.8135,0.7027
305,2014-07-02,27,45-64,30.4286,30.5487,25.1345,36.5606,0.7396,0.6323,0.8709,0.7603
305,2014-07-02,27,65+,18.1429,17.2888,14.0069,21.1761,0.8404,0.7050,1.0010,0.8688
306,2014-07-03,27,0-5,22.5714,24.6978,20.2506,30.1724,1.2386,1.0331,1.4877,1.1298
306,2014-07-03,27,6-11,15.5714,17.1678,13.9050,21.3374,1.4397,1.2206,1.7036,1.2995
306,2014-07-03,27,12-17,12.4286,11.5256,8.9868,14.4485,1.2372,1.0411,1.4678,1.3062
306,2014-07-03,27,18-44,30.5714,31.7961,26.4152,38.4531,0.7092,0.6142,0.8222,0.6959
306,2014-07-03,27,45-64,30.7143,30.0531,24.7515,36.0371,0.7407,0.6337,0.8726,0.7604
306,2014-07-03,27,65+,18.1429,17.3036,14.0827,21.1708,0.8405,0.7036,1.0014,0.8688
307,2014-07-04,27,0-5,21.5714,24.2682,19.8665,29.7815,1.2744,1.0549,1.5327,1.1464
307,2014-07-04,27,6-11,18.8571,17.6959,14.2889,21.9470,1.4678,1.2379,1.7418,1.4526
307,2014-07-04,27,12-17,11.2857,11.3642,8.8413,14.2106,1.2429,1.0465,1.4731,1.2670
307,2014-07-04,27,18-44,30.7143,31.5180,25.9916,38.3664,0.7169,0.6192,0.8301,0.7144
307,2014-07-04,27,45-64,31.2857,29.5123,24.3834,35.5844,0.7404,0.6320,0.8689,0.7722
307,2014-07-04,27,65+,18.0000,17.2509,14.0311,21.2113,0.8365,0.7014,0.9943,0.8779
308,2014-07-05,27,0-5,21.0000,24.0068,19.7558,29.3419,1.2987,1.0804,1.5782,1.1488
308,2014-07-05,27,6-11,17.8571,18.2585,14.7383,22.7551,1.4916,1.2602,1.7730,1.3980
308,2014-07-05,27,12-17,10.8571,11.1637,8.6487,14.0534,1.2583,1.0612,1.4888,1.2307
308,2014-07-05,27,18-44,30.7143,31.3292,25.9861,38.1019,0.7258,0.6274,0.8417,0.7022
308,2014-07-05,27,45-64,29.8571,28.8224,23.7721,34.7669,0.7445,0.6354,0.8723,0.7522
308,2014-07-05,27,65+,17.4286,17.0791,13.8033,21.0517,0.8365,0.7016,0.9963,0.8527
309,2014-07-06,28,0-5,25.2857,23.9822,19.8553,29.2355,1.3239,1.0961,1.5994,1.3255
309,2014-07-06,28,6-11,19.5714,18.9359,15.1957,23.3818,1.5083,1.2734,1.7776,1.4879
309,2014-07-06,28,12-17,10.7143,11.0462,8.5174,13.9069,1.2776,1.0792,1.5124,1.2334
309,2014-07-06,28,18-44,31.4286,31.3341,25.9809,37.7995,0.7336,0.6348,0.8501,0.7279
309,2014-07-06,28,45-64,28.1429,28.2045,23.3219,33.9486,0.7476,0.6392,0.8775,0.7536
309,2014-07-06,28,65+,17.8571,16.9512,13.6380,20.7343,0.8368,0.7030,0.9986,0.8642
310,2014-07-07,28,0-5,24.4286,24.1144,20.0181,29.2425,1.3272,1.1044,1.6011,1.2807
310,2014-07-07,28,6-11,19.5714,19.5418,15.7882,23.9791,1.5157,1.2788,1.8017,1.4388
310,2014-07-07,28,12-17,10.1429,11.0127,8.5832,13.9440,1.3064,1.0975,1.5523,1.1751
310,2014-07-07,28,18-44,30.5714,31.5497,26.0417,37.9103,0.7401,0.6397,0.8586,0.6933
310,2014-07-07,28,45-64,26.0000,27.5354,22.8719,33.3725,0.7543,0.6436,0.8858,0.7066
310,2014-07-07,28,65+,15.7143,16.7402,13.4185,20.5692,0.8423,0.7085,1.0049,0.7919
311,2014-07-08,28,0-5,25.4286,24.3627,20.1585,29.3342,1.3209,1.1034,1.5896,1.3375
311,2014-07-08,28,6-11,21.7143,20.1105,16.3166,24.7664,1.5154,1.2803,1.7960,1.5315
311,2014-07-08,28,12-17,9.2857,11.0632,8.6730,13.9449,1.3296,1.1208,1.5821,1.1653
311,2014-07-08,28,18-44,32.2857,31.9085,26.5035,38.7026,0.7435,0.6434,0.8612,0.7211
311,2014-07-08,28,45-64,26.1429,27.1115,22.4678,32.7474,0.7592,0.6483,0.8904,0.7266
311,2014-07-08,28,65+,15.7143,16.5337,13.3653,20.3727,0.8455,0.7075,1.0095,0.8121
312,2014-07-09,28,0-5,24.5714,24.4420,20.2038,29.4554,1.3021,1.0820,1.5652,1.3024
312,2014-07-09,28,6-11,20.5714,20.6757,16.7191,25.2793,1.5042,1.2751,1.7873,1.4717
312,2014-07-09,28,12-17,10.1429,11.2638,8.8892,14.2063,1.3506,1.1382,1.6043,1.2301
312,2014-07-09,28,18-44,32.7143,32.4093,26.8867,39.1178,0.7411,0.6416,0.8576,0.7235
312,2014-07-09,28,45-64,26.0000,26.7479,22.1258,32.2179,0.7607,0.6504,0.8907,0.7404
312,2014-07-09,28,65+,16.4286,16.3937,13.2402,20.3276,0.8449,0.7101,1.0110,0.8370
313,2014-07-10,28,0-5,26.7143,24.4405,20.1733,29.7057,1.2720,1.0625,1.5292,1.3750
313,2014-07-10,28,6-11,21.4286,21.1551,17.1906,25.8275,1.4885,1.2646,1.7649,1.5072
313,2014-07-10,28,12-17,10.7143,11.5887,9.1706,14.5317,1.3642,1.1496,1.6259,1.2791
313,2014-07-10,28,18-44,33.7143,32.8829,27.1850,39.5224,0.7350,0.6365,0.8496,0.7416
313,2014-07-10,28,45-64,25.5714,26.4830,21.7978,31.9264,0.7583,0.6496,0.8869,0.7514
313,2014-07-10,28,65+,16.5714,16.2649,13.1576,20.1680,0.8429,0.7088,1.0028,0.8494
314,2014-07-11,28,0-5,25.5714,24.3864,20.1877,29.6515,1.2370,1.0316,1.4885,1.3376
314,2014-07-11,28,6-11,21.4286,21.5636,17.5079,26.3124,1.4698,1.2491,1.7403,1.5066
314,2014-07-11,28,12-17,12.7143,11.9652,9.4853,15.0139,1.3585,1.1432,1.6211,1.4029
314,2014-07-11,28,18-44,35.4286,33.2149,27.4689,40.0124,0.7231,0.6261,0.8356,0.7526
314,2014-07-11,28,45-64,25.7143,26.3247,21.6815,31.9526,0.7498,0.6417,0.8767,0.7663
314,2014-07-11,28,65+,16.1429,16.1562,13.0377,20.0229,0.8351,0.6987,0.9918,0.8483
315,2014-07-12,28,0-5,25.7143,24.1140,20.0066,29.3890,1.1997,1.0041,1.4510,1.3296
315,2014-07-12,28,6-11,22.7143,21.8954,17.8885,26.7320,1.4494,1.2293,1.7211,1.5317
315,2014-07-12,28,12-17,13.1429,12.3345,9.8824,15.4727,1.3424,1.1309,1.5983,1.4068
315,2014-07-12,28,18-44,35.5714,33.4908,27.8460,40.3768,0.7073,0.6129,0.8177,0.7494
315,2014-07-12,28,45-64,25.8571,26.3142,21.6435,32.0701,0.7366,0.6290,0.8601,0.7608
315,2014-07-12,28,65+,15.5714,16.1275,13.0571,19.9789,0.8218,0.6884,0.9828,0.8332
316,2014-07-13,29,0-5,22.8571,23.7602,19.6426,29.0354,1.1701,0.9798,1.4093,1.2225
316,2014-07-13,29,6-11,20.7143,22.2180,18.2236,27.2599,1.4285,1.2090,1.6831,1.4290
316,2014-07-13,29,12-17,13.2857,12.7807,10.1673,15.9879,1.3184,1.1122,1.5733,1.3880
316,2014-07-13,29,18-44,35.1429,33.6301,27.7718,40.7227,0.6922,0.6001,0.7991,0.7320
316,2014-07-13,29,45-64,27.0000,26.4103,21.7757,32.1256,0.7220,0.6168,0.8431,0.7642
316,2014-07-13,29,65+,16.2857,16.1371,13.0436,19.8492,0.8100,0.6796,0.9700,0.8484
317,2014-07-14,29,0-5,23.7143,23.2454,19.1974,28.2483,1.1445,0.9531,1.3797,1.2567
317,2014-07-14,29,6-11,22.5714,22.5322,18.5481,27.5764,1.4024,1.1808,1.6589,1.4951
317,2014-07-14,29,12-17,13.1429,13.1021,10.4215,16.3058,1.2823,1.0774,1.5337,1.3881
317,2014-07-14,29,18-44,34.0000,33.5412,27.8623,40.6158,0.6746,0.5835,0.7796,0.7501
317,2014-07-14,29,45-64,29.8571,26.4992,21.7579,32.0759,0.7035,0.6014,0.8228,0.7946
317,2014-07-14,29,65+,17.1429,16.1641,13.0735,20.1217,0.7936,0.6655,0.9468,0.8885
318,2014-07-15,29,0-5,22.1429,22.6734,18.6129,27.6937,1.1269,0.9383,1.3629,1.1977
318,2014-07-15,29,6-11,23.8571,22.8332,18.7584,27.7393,1.3801,1.1626,1.6366,1.5028
318,2014-07-15,29,12-17,14.4286,13.3697,10.6552,16.4625,1.2482,1.0503,1.4818,1.4068
318,2014-07-15,29,18-44,32.8571,33.1882,27.7111,40.1454,0.6610,0.5712,0.7629,0.7236
318,2014-07-15,29,45-64,28.4286,26.5235,21.8043,31.9021,0.6876,0.5883,0.8037,0.7631
318,2014-07-15,29,65+,16.5714,16.1576,13.0791,20.1547,0.7801,0.6543,0.9341,0.8499
319,2014-07-16,29,0-5,23.2857,22.0586,18.0417,26.8970,1.1189,0.9309,1.3524,1.2393
319,2014-07-16,29,6-11,24.4286,23.0683,18.8259,27.8028,1.3626,1.1419,1.6142,1.5002
319,2014-07-16,29,12-17,14.2857,13.5031,10.7680,16.6019,1.2095,1.0143,1.4429,1.3563
319,2014-07-16,29,18-44,33.2857,32.8473,27.4269,39.4545,0.6500,0.5628,0.7535,0.7133
319,2014-07-16,29,45-64,26.7143,26.3566,21.7387,31.7625,0.6758,0.5781,0.7931,0.7358
319,2014-07-16,29,65+,16.1429,16.1707,13.0654,20.2574,0.7719,0.6470,0.9218,0.8203
320,2014-07-17,29,0-5,19.8571,21.5266,17.5739,26.3132,1.1171,0.9316,1.3501,1.1209
320,2014-07-17,29,6-11,22.8571,23.2029,18.9762,27.8868,1.3497,1.1390,1.6030,1.4063
320,2014-07-17,29,12-17,14.1429,13.4896,10.6962,16.6309,1.1706,0.9854,1.3944,1.3169
320,2014-07-17,29,18-44,32.4286,32.4530,26.7713,38.7954,0.6438,0.5578,0.7459,0.6850
320,2014-07-17,29,45-64,26.7143,26.1358,21.4934,31.5477,0.6676,0.5719,0.7854,0.7196
320,2014-07-17,29,65+,16.0000,16.2252,13.0071,20.2585,0.7659,0.6433,0.9152,0.8048
321,2014-07-18,29,0-5,20.1429,21.0363,17.0953,25.7444,1.1281,0.9363,1.3632,1.1363
321,2014-07-18,29,6-11,22.4286,23.2438,19.0152,28.0715,1.3426,1.1357,1.5933,1.3774
321,2014-07-18,29,12-17,14.2857,13.2624,10.5494,16.4003,1.1395,0.9571,1.3591,1.2894
321,2014-07-18,29,18-44,31.8571,31.9560,26.3116,38.2600,0.6430,0.5571,0.7425,0.6700
321,2014-07-18,29,45-64,24.5714,25.8332,21.2769,31.0977,0.6658,0.5701,0.7802,0.6954
321,2014-07-18,29,65+,16.1429,16.2500,13.0504,20.1532,0.7645,0.6394,0.9154,0.7910
322,2014-07-19,29,0-5,20.5714,20.6462,16.7196,25.2451,1.1364,0.9432,1.3727,1.1604
322,2014-07-19,29,6-11,22.4286,23.1527,18.8960,27.9627,1.3450,1.1330,1.5946,1.3727
322,2014-07-19,29,12-17,14.0000,12.8740,10.2485,16.0199,1.1136,0.9350,1.3283,1.2600
322,2014-07-19,29,18-44,30.7143,31.3086,25.9525,37.5061,0.6446,0.5565,0.7449,0.6632
322,2014-07-19,29,45-64,23.5714,25.4273,21.0216,30.9082,0.6680,0.5680,0.7821,0.6851
322,2014-07-19,29,65+,16.4286,16.1897,13.0425,20.0606,0.7658,0.6408,0.9173,0.7925
323,2014-07-20,30,0-5,19.7143,20.3307,16.4054,24.8006,1.1542,0.9526,1.3889,1.1537
323,2014-07-20,30,6-11,23.2857,23.0274,18.7001,27.7578,1.3485,1.1357,1.5983,1.4078
323,2014-07-20,30,12-17,13.4286,12.3415,9.7385,15.3352,1.0971,0.9221,1.3106,1.2421
323,2014-07-20,30,18-44,30.7143,30.6769,25.4691,36.8955,0.6504,0.5608,0.7542,0.6688
323,2014-07-20,30,45-64,23.7143,25.1246,20.7017,30.6883,0.6738,0.5730,0.7947,0.6904
323,2014-07-20,30,65+,16.1429,16.0296,12.8884,19.9778,0.7709,0.6430,0.9209,0.7950
324,2014-07-21,30,0-5,20.0000,20.0403,16.2897,24.4040,1.1706,0.9684,1.4189,1.1724
324,2014-07-21,30,6-11,23.2857,22.9018,18.7288,27.6748,1.3499,1.1393,1.6062,1.4023
324,2014-07-21,30,12-17,12.1429,11.6565,9.1591,14.5763,1.0887,0.9186,1.2999,1.1804
324,2014-07-21,30,18-44,30.0000,30.1280,24.9429,36.1511,0.6612,0.5715,0.7656,0.6635
324,2014-07-21,30,45-64,23.2857,24.9887,20.6211,30.4575,0.6855,0.5839,0.8056,0.6808
324,2014-07-21,30,65+,15.7143,15.8272,12.6361,19.6776,0.7790,0.6508,0.9309,0.7848
325,2014-07-22,30,0-5,18.8571,19.8367,16.2777,24.3197,1.1915,0.9869,1.4408,1.1323
325,2014-07-22,30,6-11,22.2857,22.6358,18.5437,27.2887,1.3577,1.1451,1.6172,1.3585
325,2014-07-22,30,12-17,11.1429,10.9078,8.5392,13.7720,1.0910,0.9165,1.2935,1.1447
325,2014-07-22,30,18-44,28.4286,29.6136,24.5681,35.4677,0.6752,0.5820,0.7851,0.6542
325,2014-07-22,30,45-64,23.8571,25.0188,20.5907,30.4213,0.7008,0.5956,0.8241,0.6837
325,2014-07-22,30,65+,16.0000,15.5844,12.4471,19.2593,0.7907,0.6624,0.9454,0.7975
326,2014-07-23,30,0-5,17.2857,19.6933,15.9419,24.2397,1.2144,1.0075,1.4716,1.0865
326,2014-07-23,30,6-11,22.1429,22.3086,18.2929,26.8598,1.3645,1.1501,1.6213,1.3524
326,2014-07-23,30,12-17,10.4286,10.1340,7.9646,12.9009,1.0943,0.9239,1.2971,1.1345
326,2014-07-23,30,18-44,27.4286,29.3649,24.2860,35.2676,0.6888,0.5947,0.8033,0.6509
326,2014-07-23,30,45-64,24.7143,25.1318,20.4920,30.3989,0.7138,0.6065,0.8443,0.6891
326,2014-07-23,30,65+,15.2857,15.2655,12.2133,18.7348,0.7988,0.6707,0.9565,0.7919
327,2014-07-24,30,0-5,21.5714,19.6060,15.8733,24.1692,1.2280,1.0157,1.4824,1.2881
327,2014-07-24,30,6-11,23.8571,21.8452,17.8558,26.4669,1.3675,1.1534,1.6229,1.4611
327,2014-07-24,30,12-17,10.2857,9.3857,7.3593,11.9858,1.1021,0.9290,1.3030,1.1698
327,2014-07-24,30,18-44,28.5714,29.2443,24.1567,35.5747,0.7018,0.6051,0.8147,0.6941
327,2014-07-24,30,45-64,24.4286,25.1655,20.7974,30.5163,0.7272,0.6182,0.8546,0.7113
327,2014-07-24,30,65+,15.1429,14.9556,11.9874,18.4699,0.8089,0.6789,0.9686,0.8104
328,2014-07-25,30,0-5,19.7143,19.4845,15.8043,24.0348,1.2348,1.0263,1.4862,1.2155
328,2014-07-25,30,6-11,21.7143,21.2867,17.5188,25.8613,1.3745,1.1589,1.6388,1.3785
328,2014-07-25,30,12-17,7.8571,8.7526,6.8195,11.1634,1.1125,0.9391,1.3202,1.0679
328,2014-07-25,30,18-44,28.4286,29.3446,24.2581,35.5037,0.7132,0.6137,0.8295,0.6860
328,2014-07-25,30,45-64,25.7143,25.1963,20.8450,30.4797,0.7380,0.6274,0.8654,0.7180
328,2014-07-25,30,65+,15.1429,14.6176,11.7919,18.0581,0.8168,0.6859,0.9728,0.8207
329,2014-07-26,30,0-5,19.5714,19.3812,15.8052,23.9484,1.2374,1.0266,1.4861,1.2181
329,2014-07-26,30,6-11,19.5714,20.7629,17.0054,25.3616,1.3795,1.1667,1.6384,1.3257
329,2014-07-26,30,12-17,7.0000,8.2013,6.3492,10.4858,1.1218,0.9485,1.3343,1.0610
329,2014-07-26,30,18-44,29.1429,29.7917,24.6484,35.9835,0.7215,0.6195,0.8397,0.6976
329,2014-07-26,30,45-64,27.1429,25.2298,20.8858,30.4729,0.7454,0.6336,0.8771,0.7363
329,2014-07-26,30,65+,14.4286,14.3100,11.5463,17.7843,0.8233,0.6931,0.9811,0.8225
330,2014-07-27,31,0-5,19.8571,19.2343,15.6981,23.8664,1.2340,1.0259,1.4870,1.2471
330,2014-07-27,31,6-11,20.2857,20.1943,16.5725,24.6842,1.3832,1.1664,1.6448,1.3824
330,2014-07-27,31,12-17,7.4286,7.7250,5.9540,9.8636,1.1337,0.9546,1.3498,1.1187
330,2014-07-27,31,18-44,30.1429,30.3278,25.0820,36.6079,0.7268,0.6248,0.8486,0.7124
330,2014-07-27,31,45-64,26.5714,25.1633,20.8847,30.3354,0.7508,0.6396,0.8883,0.7417
330,2014-07-27,31,65+,13.5714,14.0841,11.2964,17.4782,0.8314,0.6979,0.9941,0.8102
331,2014-07-28,31,0-5,19.0000,19.0023,15.5907,23.4818,1.2265,1.0209,1.4796,1.2388
331,2014-07-28,31,6-11,20.1429,19.6280,16.0181,24.0395,1.3875,1.1723,1.6425,1.4099
331,2014-07-28,31,12-17,7.2857,7.3635,5.6430,9.4613,1.1438,0.9651,1.3573,1.1381
331,2014-07-28,31,18-44,32.0000,30.8636,25.5278,37.1487,0.7292,0.6268,0.8493,0.7253
331,2014-07-28,31,45-64,25.2857,25.0426,20.7796,30.2990,0.7554,0.6429,0.8881,0.7491
331,2014-07-28,31,65+,14.1429,13.9250,11.2133,17.2649,0.8391,0.7036,0.9980,0.8291
332,2014-07-29,31,0-5,19.4286,18.7107,15.2885,23.0639,1.2156,1.0084,1.4698,1.2683
332,2014-07-29,31,6-11,18.8571,19.1059,15.5321,23.5094,1.3905,1.1731,1.6514,1.3918
332,2014-07-29,31,12-17,7.1429,7.0672,5.3731,9.1770,1.1565,0.9774,1.3719,1.1549
332,2014-07-29,31,18-44,33.0000,31.2657,25.9073,37.6041,0.7307,0.6285,0.8523,0.7372
332,2014-07-29,31,45-64,25.2857,24.8503,20.5773,30.1778,0.7606,0.6475,0.8976,0.7588
332,2014-07-29,31,65+,14.0000,13.8336,11.2043,17.1346,0.8478,0.7125,1.0121,0.8351
333,2014-07-30,31,0-5,19.8571,18.3672,14.9221,22.5866,1.2040,1.0054,1.4481,1.2852
333,2014-07-30,31,6-11,18.0000,18.7029,15.0881,23.0161,1.3950,1.1815,1.6596,1.3741
333,2014-07-30,31,12-17,6.7143,6.8756,5.1648,8.9617,1.1701,0.9855,1.3911,1.1371
333,2014-07-30,31,18-44,33.1429,31.5605,26.0425,37.8212,0.7336,0.6289,0.8563,0.7358
333,2014-07-30,31,45-64,25.0000,24.6943,20.2766,30.0527,0.7682,0.6519,0.9034,0.7529
333,2014-07-30,31,65+,13.4286,13.8762,11.1459,17.1706,0.8614,0.7220,1.0291,0.8211
334,2014-07-31,31,0-5,16.2857,18.0452,14.6294,22.1579,1.1960,0.9942,1.4382,1.1384
334,2014-07-31,31,6-11,16.7143,18.3478,14.7866,22.6431,1.4008,1.1796,1.6654,1.3164
334,2014-07-31,31,12-17,6.4286,6.7165,5.0944,8.7733,1.1859,0.9983,1.4116,1.1246
334,2014-07-31,31,18-44,31.8571,31.6168,26.1150,37.7967,0.7370,0.6336,0.8605,0.7120
334,2014-07-31,31,45-64,25.2857,24.6715,20.3287,30.0234,0.7772,0.6612,0.9149,0.7484
334,2014-07-31,31,65+,13.5714,14.0097,11.1360,17.4131,0.8797,0.7361,1.0496,0.8231
335,2014-08-01,31,0-5,18.5714,17.6204,14.2808,21.5898,1.1910,0.9901,1.4333,1.2450
335,2014-08-01,31,6-11,17.7143,18.0211,14.4996,22.0689,1.4034,1.1858,1.6647,1.3903
335,2014-08-01,31,12-17,6.8571,6.6295,5.0368,8.6575,1.2032,1.0122,1.4331,1.1699
335,2014-08-01,31,18-44,31.2857,31.4742,26.0561,37.8106,0.7413,0.6360,0.8640,0.7275
335,2014-08-01,31,45-64,24.4286,24.7013,20.3321,30.0478,0.7874,0.6691,0.9290,0.7521
335,2014-08-01,31,65+,13.7143,14.2435,11.3416,17.7513,0.8985,0.7507,1.0725,0.8322
336,2014-08-02,31,0-5,17.0000,17.1886,13.9037,21.0695,1.1869,0.9869,1.4216,1.2101
336,2014-08-02,31,6-11,19.1429,17.7215,14.3268,21.6712,1.4023,1.1831,1.6644,1.4703
336,2014-08-02,31,12-17,6.8571,6.5881,5.0064,8.6740,1.2187,1.0266,1.4526,1.1956
336,2014-08-02,31,18-44,31.5714,31.1507,25.9443,37.5940,0.7464,0.6394,0.8692,0.7393
336,2014-08-02,31,45-64,24.4286,24.8771,20.4192,30.0965,0.7997,0.6787,0.9424,0.7672
336,2014-08-02,31,65+,14.1429,14.5886,11.5759,18.2551,0.9208,0.7685,1.0962,0.8550
337,2014-08-03,32,0-5,16.5714,16.7461,13.5218,20.6725,1.1806,0.9829,1.4239,1.1958
337,2014-08-03,32,6-11,18.0000,17.4227,13.9880,21.3210,1.4007,1.1821,1.6533,1.4180
337,2014-08-03,32,12-17,5.8571,6.5665,4.9692,8.6519,1.2286,1.0382,1.4661,1.1182
337,2014-08-03,32,18-44,31.0000,30.6984,25.5090,37.0878,0.7477,0.6433,0.8702,0.7273
337,2014-08-03,32,45-64,24.0000,25.0507,20.6186,30.3679,0.8069,0.6868,0.9488,0.7567
337,2014-08-03,32,65+,14.4286,15.0020,11.8794,18.7613,0.9369,0.7832,1.1187,0.8566
338,2014-08-04,32,0-5,16.0000,16.2680,13.1042,20.2065,1.1787,0.9809,1.4111,1.1795
338,2014-08-04,32,6-11,17.0000,17.1135,13.7208,20.9349,1.4002,1.1868,1.6560,1.3889
338,2014-08-04,32,12-17,6.5714,6.5725,4.9336,8.6701,1.2420,1.0484,1.4746,1.1960
338,2014-08-04,32,18-44,29.7143,30.2828,25.0080,36.6062,0.7495,0.6438,0.8715,0.7337
338,2014-08-04,32,45-64,25.4286,25.2693,20.8644,30.6612,0.8133,0.6909,0.9581,0.7810
338,2014-08-04,32,65+,14.8571,15.5113,12.2525,19.2141,0.9501,0.7948,1.1361,0.8834
339,2014-08-05,32,0-5,16.4286,15.8372,12.7277,19.5231,1.1762,0.9795,1.4099,1.2151
339,2014-08-05,32,6-11,16.4286,16.7938,13.4748,20.6934,1.4032,1.1843,1.6688,1.3866
339,2014-08-05,32,12-17,6.2857,6.6237,4.9801,8.7480,1.2506,1.0549,1.4853,1.1938
339,2014-08-05,32,18-44,29.2857,29.7935,24.5692,36.0139,0.7490,0.6453,0.8720,0.7455
339,2014-08-05,32,45-64,26.1429,25.5251,21.1574,30.8600,0.8161,0.6944,0.9660,0.7982
339,2014-08-05,32,65+,15.5714,15.9975,12.7541,19.8281,0.9596,0.8021,1.1513,0.9124
340,2014-08-06,32,0-5,16.1429,15.4221,12.3787,18.9592,1.1719,0.9753,1.4097,1.2293
340,2014-08-06,32,6-11,16.5714,16.4705,13.2113,20.3419,1.3978,1.1808,1.6585,1.4235
340,2014-08-06,32,12-17,6.5714,6.6932,5.0582,8.8358,1.2527,1.0560,1.4928,1.2367
340,2014-08-06,32,18-44,29.5714,29.1891,23.9694,35.0533,0.7457,0.6432,0.8644,0.7632
340,2014-08-06,32,45-64,26.2857,25.8119,21.3332,31.2722,0.8145,0.6933,0.9575,0.8210
340,2014-08-06,32,65+,17.0000,16.5524,13.1513,20.4396,0.9603,0.8039,1.1505,0.9575
341,2014-08-07,32,0-5,15.4286,15.0455,12.0525,18.5062,1.1770,0.9796,1.4195,1.2010
341,2014-08-07,32,6-11,16.0000,16.1665,12.8852,20.1080,1.3903,1.1785,1.6497,1.4007
341,2014-08-07,32,12-17,6.7143,6.7650,5.1418,8.9406,1.2527,1.0571,1.4889,1.2403
341,2014-08-07,32,18-44,29.0000,28.6160,23.4549,34.4169,0.7439,0.6421,0.8645,0.7528
341,2014-08-07,32,45-64,26.1429,25.9965,21.4126,31.4545,0.8126,0.6913,0.9537,0.8115
341,2014-08-07,32,65+,16.8571,17.0252,13.6310,20.8131,0.9594,0.8047,1.1458,0.9418
342,2014-08-08,32,0-5,13.5714,14.7763,11.8145,18.1718,1.1870,0.9872,1.4278,1.1376
342,2014-08-08,32,6-11,15.0000,15.8945,12.6843,19.7795,1.3872,1.1745,1.6457,1.3721
342,2014-08-08,32,12-17,6.7143,6.8330,5.2173,9.1102,1.2505,1.0543,1.4900,1.2505
342,2014-08-08,32,18-44,29.1429,28.0554,23.1386,33.5907,0.7408,0.6386,0.8617,0.7544
342,2014-08-08,32,45-64,26.8571,26.1448,21.5876,31.6677,0.8064,0.6873,0.9482,0.8257
342,2014-08-08,32,65+,17.7143,17.4811,14.0795,21.3991,0.9522,0.7977,1.1387,0.9653
343,2014-08-09,32,0-5,14.0000,14.5357,11.6246,18.0481,1.1956,0.9938,1.4460,1.1726
343,2014-08-09,32,6-11,15.5714,15.6511,12.4400,19.4546,1.3794,1.1700,1.6415,1.4171
343,2014-08-09,32,12-17,7.2857,6.9423,5.3029,9.1424,1.2448,1.0492,1.4816,1.3000
343,2014-08-09,32,18-44,28.0000,27.5841,22.7919,33.0563,0.7367,0.6355,0.8558,0.7628
343,2014-08-09,32,45-64,27.2857,26.2570,21.6463,31.7986,0.7963,0.6786,0.9354,0.8379
343,2014-08-09,32,65+,18.7143,17.8264,14.5346,21.7796,0.9373,0.7842,1.1234,0.9902
344,2014-08-10,33,0-5,14.1429,14.4147,11.5022,17.8915,1.2094,1.0058,1.4687,1.1895
344,2014-08-10,33,6-11,15.5714,15.3886,12.2954,19.1854,1.3755,1.1649,1.6276,1.4319
344,2014-08-10,33,12-17,8.1429,7.0427,5.3768,9.2330,1.2391,1.0406,1.4763,1.3655
344,2014-08-10,33,18-44,26.5714,27.1504,22.3966,32.6661,0.7347,0.6316,0.8545,0.7684
344,2014-08-10,33,45-64,28.0000,26.1904,21.6159,31.7779,0.7871,0.6688,0.9258,0.8542
344,2014-08-10,33,65+,20.2857,18.0686,14.6389,22.0562,0.9239,0.7720,1.1051,1.0274
345,2014-08-11,33,0-5,14.5714,14.3546,11.5104,17.8958,1.2291,1.0242,1.4848,1.2325
345,2014-08-11,33,6-11,15.8571,15.0734,12.1419,18.8033,1.3715,1.1658,1.6235,1.4592
345,2014-08-11,33,12-17,7.5714,7.1402,5.4286,9.3617,1.2347,1.0403,1.4692,1.3143
345,2014-08-11,33,18-44,27.4286,26.9349,22.1571,32.5397,0.7371,0.6343,0.8551,0.7764
345,2014-08-11,33,45-64,28.4286,25.9406,21.3205,31.4473,0.7805,0.6643,0.9196,0.8506
345,2014-08-11,33,65+,19.7143,18.1618,14.6824,22.3797,0.9101,0.7610,1.0871,1.0056
346,2014-08-12,33,0-5,13.4286,14.3451,11.5579,18.0095,1.2544,1.0413,1.5137,1.1269
346,2014-08-12,33,6-11,15.0000,14.7766,11.8966,18.3164,1.3747,1.1675,1.6304,1.3416
346,2014-08-12,33,12-17,7.1429,7.2213,5.4781,9.4023,1.2371,1.0420,1.4765,1.1829
346,2014-08-12,33,18-44,24.7143,26.9193,22.1785,32.5755,0.7432,0.6383,0.8629,0.6911
346,2014-08-12,33,45-64,24.7143,25.6359,20.9844,31.4311,0.7798,0.6626,0.9146,0.7444
346,2014-08-12,33,65+,17.0000,18.1593,14.5927,22.1952,0.9058,0.7553,1.0787,0.8678
347,2014-08-13,33,0-5,14.8571,14.4953,11.6543,18.1466,1.2836,1.0641,1.5428,1.2255
347,2014-08-13,33,6-11,15.4286,14.4675,11.6773,17.9167,1.3860,1.1766,1.6393,1.3983
347,2014-08-13,33,12-17,7.1429,7.3105,5.5419,9.4252,1.2460,1.0489,1.4774,1.2053
347,2014-08-13,33,18-44,25.2857,27.3235,22.5238,32.9727,0.7537,0.6485,0.8754,0.7199
347,2014-08-13,33,45-64,25.0000,25.2314,20.6818,30.8114,0.7839,0.6676,0.9190,0.7673
347,2014-08-13,33,65+,17.4286,18.0925,14.6603,22.0556,0.9061,0.7597,1.0811,0.8961
348,2014-08-14,33,0-5,14.8571,14.6801,11.8107,18.2757,1.3133,1.0868,1.5823,1.2495
348,2014-08-14,33,6-11,15.2857,14.1887,11.4280,17.5199,1.4060,1.1892,1.6652,1.4200
348,2014-08-14,33,12-17,7.1429,7.3835,5.6076,9.5153,1.2634,1.0606,1.5008,1.2252
348,2014-08-14,33,18-44,26.4286,27.8699,23.0626,33.8419,0.7696,0.6597,0.8952,0.7392
348,2014-08-14,33,45-64,24.8571,24.7812,20.3084,30.2742,0.7941,0.6737,0.9301,0.7843
348,2014-08-14,33,65+,17.5714,17.9703,14.4745,21.8415,0.9140,0.7631,1.0919,0.9147
349,2014-08-15,33,0-5,15.2857,14.8951,11.9444,18.4787,1.3375,1.1097,1.6150,1.2751
349,2014-08-15,33,6-11,14.2857,13.8709,11.1649,17.1275,1.4280,1.2073,1.6878,1.3855
349,2014-08-15,33,12-17,7.0000,7.4505,5.6656,9.5360,1.2819,1.0792,1.5216,1.2121
349,2014-08-15,33,18-44,27.2857,28.6489,23.6496,34.3664,0.7823,0.6710,0.9126,0.7406
349,2014-08-15,33,45-64,23.8571,24.2735,19.9112,29.6185,0.8021,0.6825,0.9415,0.7768
349,2014-08-15,33,65+,17.0000,17.8096,14.3082,21.7264,0.9174,0.7666,1.0987,0.9004
350,2014-08-16,33,0-5,16.2857,15.1784,12.1727,18.8797,1.3586,1.1273,1.6382,1.3384
350,2014-08-16,33,6-11,13.1429,13.6084,10.9337,16.9485,1.4480,1.2283,1.7172,1.3713
350,2014-08-16,33,12-17,7.0000,7.5040,5.7480,9.6657,1.2967,1.0942,1.5459,1.2360
350,2014-08-16,33,18-44,28.7143,29.5669,24.4305,35.4424,0.7923,0.6821,0.9251,0.7661
350,2014-08-16,33,45-64,24.0000,23.7756,19.3877,28.8838,0.8103,0.6906,0.9507,0.8013
350,2014-08-16,33,65+,17.5714,17.6130,14.2627,21.5148,0.9232,0.7741,1.1046,0.9332
351,2014-08-17,34,0-5,15.5714,15.4599,12.4419,19.1209,1.3757,1.1396,1.6587,1.3195
351,2014-08-17,34,6-11,12.8571,13.4211,10.7919,16.7805,1.4686,1.2448,1.7313,1.3857
351,2014-08-17,34,12-17,7.0000,7.5783,5.8100,9.7872,1.3062,1.1032,1.5548,1.2348
351,2014-08-17,34,18-44,31.5714,30.4462,25.3235,36.5151,0.7999,0.6876,0.9325,0.7722
351,2014-08-17,34,45-64,22.0000,23.3519,19.0552,28.2717,0.8170,0.6979,0.9581,0.7883
351,2014-08-17,34,65+,16.5714,17.3730,14.0526,21.3096,0.9309,0.7818,1.1068,0.9030
352,2014-08-18,34,0-5,14.8571,15.8014,12.7302,19.6931,1.3846,1.1521,1.6678,1.2666
352,2014-08-18,34,6-11,11.8571,13.3298,10.6003,16.7307,1.4875,1.2632,1.7551,1.3371
352,2014-08-18,34,12-17,7.5714,7.6586,5.8633,9.9046,1.3132,1.1052,1.5557,1.2628
352,2014-08-18,34,18-44,31.1429,31.1769,25.9064,37.3753,0.8022,0.6908,0.9337,0.7546
352,2014-08-18,34,45-64,20.8571,23.0450,18.9121,28.0546,0.8226,0.7016,0.9645,0.7728
352,2014-08-18,34,65+,16.4286,17.1987,13.8806,21.1204,0.9364,0.7865,1.1188,0.8901
353,2014-08-19,34,0-5,15.1429,16.2227,13.0940,20.4183,1.3861,1.1551,1.6710,1.3612
353,2014-08-19,34,6-11,13.1429,13.3837,10.6149,16.7730,1.4999,1.2708,1.7722,1.5146
353,2014-08-19,34,12-17,8.5714,7.7231,5.8774,10.0124,1.3086,1.1013,1.5565,1.4316
353,2014-08-19,34,18-44,35.5714,31.5038,26.2783,37.8245,0.7988,0.6869,0.9285,0.8499
353,2014-08-19,34,45-64,23.2857,22.9800,18.8817,28.2246,0.8227,0.7012,0.9647,0.8746
353,2014-08-19,34,65+,18.2857,17.0159,13.7401,20.9693,0.9387,0.7879,1.1200,1.0052
354,2014-08-20,34,0-5,14.2857,16.7035,13.4142,20.8716,1.3746,1.1454,1.6529,1.2780
354,2014-08-20,34,6-11,12.2857,13.5321,10.7166,16.9452,1.5031,1.2746,1.7817,1.4304
354,2014-08-20,34,12-17,8.4286,7.7671,5.8783,10.1319,1.3022,1.0976,1.5427,1.3760
354,2014-08-20,34,18-44,33.4286,31.5010,26.3220,37.9333,0.7906,0.6812,0.9190,0.8077
354,2014-08-20,34,45-64,23.7143,23.1424,18.9160,28.3420,0.8196,0.6985,0.9623,0.8409
354,2014-08-20,34,65+,17.1429,16.9043,13.5617,20.8129,0.9370,0.7856,1.1208,0.9551
355,2014-08-21,34,0-5,18.5714,17.1631,13.8215,21.5318,1.3550,1.1276,1.6323,1.4800
355,2014-08-21,34,6-11,13.8571,13.7987,10.9660,17.2678,1.5020,1.2689,1.7842,1.5335
355,2014-08-21,34,12-17,8.4286,7.7929,5.8899,10.1776,1.2949,1.0911,1.5369,1.3638
355,2014-08-21,34,18-44,33.1429,31.1993,25.8658,37.5103,0.7823,0.6731,0.9114,0.8289
355,2014-08-21,34,45-64,23.7143,23.5043,19.2706,28.7423,0.8169,0.6943,0.9611,0.8405
355,2014-08-21,34,65+,17.1429,16.8418,13.5599,20.8755,0.9367,0.7842,1.1205,0.9559
356,2014-08-22,34,0-5,18.8571,17.6145,14.2960,22.0022,1.3269,1.1003,1.5954,1.4565
356,2014-08-22,34,6-11,15.1429,14.1682,11.3289,17.7602,1.4966,1.2639,1.7738,1.5757
356,2014-08-22,34,12-17,8.1429,7.8212,5.9474,10.1956,1.2872,1.0881,1.5299,1.3302
356,2014-08-22,34,18-44,32.1429,30.6272,25.4189,36.9301,0.7750,0.6687,0.9005,0.8202
356,2014-08-22,34,45-64,24.4286,24.0213,19.6826,29.2801,0.8167,0.6956,0.9582,0.8382
356,2014-08-22,34,65+,17.7143,16.8603,13.6063,20.8739,0.9390,0.7870,1.1200,0.9659
357,2014-08-23,34,0-5,18.5714,18.0082,14.5509,22.2499,1.2944,1.0725,1.5600,1.3763
357,2014-08-23,34,6-11,15.5714,14.5877,11.7233,18.1720,1.4895,1.2590,1.7659,1.5326
357,2014-08-23,34,12-17,9.0000,7.8321,5.9961,10.2010,1.2847,1.0850,1.5282,1.3384
357,2014-08-23,34,18-44,30.5714,29.9934,24.8253,36.2214,0.7689,0.6634,0.8935,0.7752
357,2014-08-23,34,45-64,23.2857,24.6823,20.2579,29.8810,0.8181,0.6968,0.9600,0.7890
357,2014-08-23,34,65+,16.0000,16.9025,13.6210,20.9186,0.9434,0.7921,1.1268,0.8897
358,2014-08-24,35,0-5,18.5714,18.2308,14.6940,22.4322,1.2598,1.0430,1.5217,1.3223
358,2014-08-24,35,6-11,14.7143,15.0085,12.0823,18.6398,1.4814,1.2508,1.7618,1.4394
358,2014-08-24,35,12-17,7.7143,7.8673,6.0014,10.2162,1.2887,1.0846,1.5371,1.2357
358,2014-08-24,35,18-44,28.2857,29.5358,24.4496,35.7656,0.7664,0.6602,0.8884,0.7515
358,2014-08-24,35,45-64,25.1429,25.4564,20.8780,30.8980,0.8228,0.6993,0.9659,0.7874
358,2014-08-24,35,65+,16.5714,17.0789,13.7451,21.1385,0.9515,0.7961,1.1387,0.9045
359,2014-08-25,35,0-5,19.1429,18.2551,14.7446,22.3986,1.2323,1.0112,1.4994,1.3368
359,2014-08-25,35,6-11,14.8571,15.4614,12.3763,19.1490,1.4747,1.2342,1.7661,1.4463
359,2014-08-25,35,12-17,7.4286,7.9091,6.0342,10.2690,1.2962,1.0795,1.5574,1.2372
359,2014-08-25,35,18-44,28.4286,29.2204,24.1639,35.4516,0.7651,0.6564,0.8936,0.7648
359,2014-08-25,35,45-64,26.7143,26.3420,21.6166,31.9329,0.8274,0.6995,0.9798,0.8084
359,2014-08-25,35,65+,16.5714,17.3512,14.0315,21.4549,0.9600,0.7976,1.1583,0.9217
360,2014-08-26,35,0-5,19.7143,18.0482,14.5204,22.2671,1.2079,0.9775,1.4898,1.3534
360,2014-08-26,35,6-11,16.4286,15.8527,12.6411,19.6056,1.4647,1.2111,1.7784,1.5217
360,2014-08-26,35,12-17,7.1429,7.9695,6.0738,10.3703,1.3041,1.0695,1.5923,1.2460
360,2014-08-26,35,18-44,27.8571,29.1109,23.9801,35.3129,0.7656,0.6498,0.9027,0.7810
360,2014-08-26,35,45-64,28.2857,27.1453,22.2873,32.8892,0.8329,0.6968,0.9983,0.8339
360,2014-08-26,35,65+,17.4286,17.6903,14.2858,21.9265,0.9695,0.7955,1.1836,0.9597
361,2014-08-27,35,0-5,19.8571,17.7191,14.1144,22.0467,1.1931,0.9404,1.5130,1.3563
361,2014-08-27,35,6-11,18.0000,16.1481,12.7773,20.1280,1.4609,1.1768,1.8160,1.5908
361,2014-08-27,35,12-17,7.8571,8.0330,6.0467,10.6090,1.3158,1.0532,1.6454,1.3092
361,2014-08-27,35,18-44,28.4286,29.1265,23.8613,35.5548,0.7689,0.6397,0.9213,0.7931
361,2014-08-27,35,45-64,28.1429,27.8254,22.7140,33.9810,0.8408,0.6883,1.0251,0.8459
361,2014-08-27,35,65+,18.4286,18.0785,14.4880,22.5998,0.9803,0.7837,1.2268,0.9842
362,2014-08-28,35,0-5,16.1429,17.2566,13.4373,21.9727,1.1895,0.9089,1.5610,1.1776
362,2014-08-28,35,6-11,16.7143,16.3622,12.6873,20.9020,1.4612,1.1404,1.8777,1.4737
362,2014-08-28,35,12-17,8.1429,8.1480,5.9694,11.0176,1.3257,1.0264,1.7154,1.3062
362,2014-08-28,35,18-44,28.1429,29.2771,23.5713,36.3253,0.7727,0.6250,0.9564,0.7566
362,2014-08-28,35,45-64,28.1429,28.4481,22.8971,35.3748,0.8474,0.6718,1.0682,0.8255
362,2014-08-28,35,65+,18.2857,18.5764,14.6269,23.5966,0.9891,0.7631,1.2817,0.9579
363,2014-08-29,35,0-5,15.2857,16.7591,12.5219,22.2699,1.1901,0.8722,1.6401,1.1736
363,2014-08-29,35,6-11,16.4286,16.5224,12.3106,22.0708,1.4668,1.1034,1.9695,1.4767
363,2014-08-29,35,12-17,8.7143,8.2830,5.7948,11.7425,1.3353,0.9971,1.8065,1.3696
363,2014-08-29,35,18-44,29.7143,29.5728,23.1038,37.7786,0.7782,0.6069,1.0000,0.7827
363,2014-08-29,35,45-64,29.4286,29.0214,22.6670,37.3393,0.8540,0.6499,1.1233,0.8629
363,2014-08-29,35,65+,20.0000,19.1092,14.4590,25.2432,0.9956,0.7351,1.3568,1.0126
364,2014-08-30,35,0-5,15.2857,16.2753,11.4578,23.2465,1.1954,0.8428,1.7347,1.2134
364,2014-08-30,35,6-11,16.2857,16.6317,11.6366,23.9438,1.4745,1.0684,2.0762,1.4960
364,2014-08-30,35,12-17,8.8571,8.4155,5.5209,12.8692,1.3452,0.9676,1.9006,1.4007
364,2014-08-30,35,18-44,31.4286,29.8731,22.2160,40.3799,0.7840,0.5892,1.0525,0.8138
364,2014-08-30,35,45-64,31.2857,29.6103,21.9347,40.2242,0.8605,0.6271,1.1847,0.8994
364,2014-08-30,35,65+,21.2857,19.6124,14.0120,27.6693,1.0020,0.7097,1.4379,1.0562
