day,date,wk,age_group,obs,dR_med,dR_lo,dR_hi,Rj_med,Rj_lo,Rj_hi,Rj_renewal
1,2015-08-30,36,0-5,14.8571,13.9897,10.5653,17.4728,1.3030,1.0219,1.6441,NA
1,2015-08-30,36,6-11,14.8571,13.4796,10.2851,17.0057,1.5512,1.2590,1.9002,NA
1,2015-08-30,36,12-17,8.2857,8.1626,5.6808,10.7062,1.4742,1.1924,1.8190,NA
1,2015-08-30,36,18-44,31.7143,29.9970,24.7442,36.0087,0.9455,0.7631,1.1586,NA
1,2015-08-30,36,45-64,25.7143,23.7177,19.2274,28.9061,0.9964,0.8009,1.2266,NA
1,2015-08-30,36,65+,15.5714,15.9997,12.2403,20.1397,1.0910,0.8666,1.3554,NA
2,2015-08-31,36,0-5,15.1429,13.4157,10.9830,16.1509,1.2788,1.0353,1.5683,7.2567
2,2015-08-31,36,6-11,15.2857,13.1719,10.8031,15.9669,1.5678,1.2957,1.8796,8.3645
2,2015-08-31,36,12-17,8.0000,8.1803,6.2648,10.0616,1.4939,1.2287,1.8016,7.2559
2,2015-08-31,36,18-44,31.7143,31.6894,27.3533,36.5056,0.9231,0.7714,1.1030,4.4301
2,2015-08-31,36,45-64,26.2857,24.4936,20.9050,28.6251,0.9753,0.8102,1.1667,4.6190
2,2015-08-31,36,65+,15.2857,16.3254,13.3696,19.5909,1.0764,0.8791,1.3081,5.1207
3,2015-09-01,36,0-5,14.8571,12.7745,10.5707,15.4160,1.2575,1.0380,1.5210,3.3661
3,2015-09-01,36,6-11,15.1429,12.9453,10.6064,15.5488,1.5753,1.3240,1.8759,3.9063
3,2015-09-01,36,12-17,8.5714,8.3034,6.4854,10.1467,1.5221,1.2767,1.8183,3.5163
3,2015-09-01,36,18-44,33.7143,33.3436,28.5843,38.9718,0.9060,0.7712,1.0712,2.1178
3,2015-09-01,36,45-64,26.4286,25.3964,21.6715,29.9377,0.9594,0.8121,1.1320,2.2269
3,2015-09-01,36,65+,17.7143,16.7500,13.9376,19.9878,1.0617,0.8824,1.2760,2.5574
4,2015-09-02,36,0-5,13.5714,12.1481,9.9797,14.9762,1.2431,1.0329,1.4871,2.1743
4,2015-09-02,36,6-11,14.5714,12.9141,10.4920,15.6565,1.5841,1.3466,1.8710,2.5816
4,2015-09-02,36,12-17,8.4286,8.6038,6.8295,10.5757,1.5583,1.3142,1.8504,2.3427
4,2015-09-02,36,18-44,34.1429,34.5687,29.0770,41.4568,0.8972,0.7681,1.0513,1.4143
4,2015-09-02,36,45-64,26.2857,26.2682,21.8367,31.6693,0.9515,0.8127,1.1145,1.4930
4,2015-09-02,36,65+,18.0000,17.2652,14.2076,21.0150,1.0512,0.8832,1.2487,1.7181
5,2015-09-03,36,0-5,13.4286,11.6720,9.3554,14.6000,1.2318,1.0312,1.4728,1.7327
5,2015-09-03,36,6-11,14.4286,13.0335,10.4413,16.0721,1.6013,1.3655,1.8897,2.0466
5,2015-09-03,36,12-17,8.2857,9.1174,7.2212,11.4705,1.5955,1.3422,1.8866,1.8402
5,2015-09-03,36,18-44,33.7143,35.3957,29.4265,42.9167,0.8928,0.7662,1.0439,1.1151
5,2015-09-03,36,45-64,26.0000,27.1419,22.0885,33.0325,0.9475,0.8124,1.1098,1.1717
5,2015-09-03,36,65+,17.5714,17.7903,14.4998,21.9382,1.0412,0.8794,1.2334,1.3387
6,2015-09-04,36,0-5,12.4286,11.2564,8.8274,14.2047,1.2264,1.0287,1.4657,1.4675
6,2015-09-04,36,6-11,13.4286,13.2824,10.5822,16.6105,1.6201,1.3768,1.9125,1.7447
6,2015-09-04,36,12-17,9.8571,9.8551,7.6448,12.4282,1.6164,1.3647,1.9148,1.7356
6,2015-09-04,36,18-44,33.5714,36.2202,30.0496,44.1469,0.8897,0.7642,1.0378,0.9732
6,2015-09-04,36,45-64,25.5714,27.9676,22.7068,34.1196,0.9448,0.8086,1.1052,1.0330
6,2015-09-04,36,65+,18.4286,18.2519,14.7797,22.6764,1.0322,0.8717,1.2220,1.1907
7,2015-09-05,36,0-5,10.8571,10.8935,8.4630,13.8046,1.2250,1.0251,1.4648,1.3428
7,2015-09-05,36,6-11,13.1429,13.6952,10.8757,17.2440,1.6388,1.3950,1.9282,1.6724
7,2015-09-05,36,12-17,10.7143,10.6459,8.2188,13.4252,1.6196,1.3719,1.9182,1.7296
7,2015-09-05,36,18-44,37.1429,36.9742,30.7226,45.1115,0.8853,0.7611,1.0331,0.9644
7,2015-09-05,36,45-64,29.0000,28.8497,23.6748,35.2293,0.9380,0.8030,1.0989,1.0353
7,2015-09-05,36,65+,18.7143,18.6160,14.9565,23.0741,1.0188,0.8611,1.2067,1.1581
8,2015-09-06,37,0-5,10.4286,10.5895,8.2202,13.4450,1.2289,1.0269,1.4704,1.3039
8,2015-09-06,37,6-11,13.7143,14.2847,11.2904,17.9212,1.6544,1.4080,1.9489,1.6725
8,2015-09-06,37,12-17,12.5714,11.5046,8.8511,14.4557,1.6160,1.3728,1.9089,1.7862
8,2015-09-06,37,18-44,38.8571,37.6558,31.3377,45.7984,0.8831,0.7559,1.0306,0.9601
8,2015-09-06,37,45-64,30.8571,29.9094,24.5435,36.1652,0.9330,0.7966,1.0929,1.0372
8,2015-09-06,37,65+,20.4286,18.8091,15.1936,23.3616,1.0058,0.8500,1.1952,1.1665
9,2015-09-07,37,0-5,9.1429,10.3582,8.0711,13.3092,1.2332,1.0325,1.4755,1.2146
9,2015-09-07,37,6-11,15.1429,14.9526,11.8383,18.6447,1.6657,1.4141,1.9618,1.6900
9,2015-09-07,37,12-17,13.8571,12.3564,9.4983,15.5913,1.6005,1.3607,1.8930,1.7680
9,2015-09-07,37,18-44,39.4286,38.5068,32.0759,46.5157,0.8799,0.7559,1.0248,0.9311
9,2015-09-07,37,45-64,32.0000,30.7669,25.5308,37.3741,0.9265,0.7935,1.0863,1.0078
9,2015-09-07,37,65+,20.8571,18.9148,15.2776,23.5027,0.9952,0.8409,1.1798,1.1277
10,2015-09-08,37,0-5,10.1429,10.2528,7.9720,13.2358,1.2440,1.0436,1.4824,1.2307
10,2015-09-08,37,6-11,15.5714,15.7720,12.6264,19.4089,1.6720,1.4202,1.9740,1.6295
10,2015-09-08,37,12-17,13.4286,13.1783,10.1945,16.4846,1.5857,1.3475,1.8735,1.6147
10,2015-09-08,37,18-44,38.7143,39.4882,32.6960,47.2765,0.8818,0.7569,1.0251,0.8803
10,2015-09-08,37,45-64,32.1429,31.9570,26.4992,38.8360,0.9269,0.7926,1.0815,0.9359
10,2015-09-08,37,65+,18.8571,19.0314,15.3965,23.5035,0.9923,0.8392,1.1758,1.0194
11,2015-09-09,37,0-5,9.8571,10.2810,7.9913,13.1945,1.2543,1.0545,1.4909,1.1980
11,2015-09-09,37,6-11,16.2857,16.6688,13.3314,20.4136,1.6775,1.4321,1.9771,1.6143
11,2015-09-09,37,12-17,15.2857,13.9087,10.8420,17.3406,1.5688,1.3308,1.8491,1.6402
11,2015-09-09,37,18-44,38.5714,40.5834,33.6114,48.5891,0.8879,0.7652,1.0358,0.8566
11,2015-09-09,37,45-64,32.2857,33.2474,27.3978,40.4376,0.9337,0.7998,1.0917,0.9086
11,2015-09-09,37,65+,18.4286,19.1342,15.5367,23.6131,0.9970,0.8458,1.1821,0.9791
12,2015-09-10,37,0-5,10.2857,10.3329,8.0803,13.2910,1.2649,1.0614,1.5034,1.2163
12,2015-09-10,37,6-11,17.4286,17.5419,14.1011,21.5874,1.6800,1.4328,1.9752,1.6276
12,2015-09-10,37,12-17,15.2857,14.4920,11.4734,18.1595,1.5433,1.3164,1.8198,1.5755
12,2015-09-10,37,18-44,39.0000,41.8807,34.9338,50.0606,0.8935,0.7684,1.0394,0.8452
12,2015-09-10,37,45-64,32.2857,34.7627,28.6660,41.8099,0.9395,0.8039,1.0969,0.8880
12,2015-09-10,37,65+,18.4286,19.3007,15.6010,24.0506,1.0036,0.8521,1.1835,0.9596
13,2015-09-11,37,0-5,10.2857,10.4784,8.1918,13.3272,1.2691,1.0634,1.5084,1.2762
13,2015-09-11,37,6-11,18.5714,18.3663,14.9331,22.5432,1.6733,1.4266,1.9679,1.7174
13,2015-09-11,37,12-17,15.8571,14.8959,11.9019,18.5957,1.5271,1.3016,1.7944,1.6383
13,2015-09-11,37,18-44,44.5714,43.2622,36.0820,51.9899,0.8983,0.7714,1.0462,0.9134
13,2015-09-11,37,45-64,36.7143,36.3565,30.1983,43.5348,0.9456,0.8088,1.1061,0.9584
13,2015-09-11,37,65+,18.5714,19.6150,15.8584,24.3473,1.0114,0.8568,1.1950,1.0085
14,2015-09-12,37,0-5,11.4286,10.6339,8.3479,13.4249,1.2631,1.0626,1.5013,1.3097
14,2015-09-12,37,6-11,19.8571,19.1592,15.6280,23.4039,1.6561,1.4065,1.9427,1.7179
14,2015-09-12,37,12-17,16.4286,15.1476,12.0103,18.8851,1.5047,1.2848,1.7610,1.6074
14,2015-09-12,37,18-44,43.8571,44.9165,37.4823,53.9935,0.8984,0.7744,1.0462,0.8979
14,2015-09-12,37,45-64,36.7143,37.9549,31.5869,45.4615,0.9466,0.8111,1.1081,0.9422
14,2015-09-12,37,65+,20.2857,19.9473,16.2474,24.7288,1.0126,0.8571,1.1958,1.0215
15,2015-09-13,38,0-5,12.4286,10.8176,8.4420,13.5615,1.2483,1.0527,1.4767,1.3620
15,2015-09-13,38,6-11,20.5714,19.7739,16.2270,24.0684,1.6230,1.3823,1.9033,1.7218
15,2015-09-13,38,12-17,14.7143,15.2581,12.1628,18.9292,1.4782,1.2612,1.7358,1.5189
15,2015-09-13,38,18-44,47.1429,46.7002,39.0316,55.6656,0.8934,0.7701,1.0401,0.9146
15,2015-09-13,38,45-64,39.4286,39.5491,33.0139,47.4025,0.9425,0.8067,1.1024,0.9527
15,2015-09-13,38,65+,20.1429,20.3943,16.6816,24.9988,1.0093,0.8565,1.1873,1.0200
16,2015-09-14,38,0-5,12.4286,10.9574,8.5864,13.6226,1.2286,1.0343,1.4671,1.3311
16,2015-09-14,38,6-11,20.8571,20.2803,16.6080,24.6116,1.5883,1.3552,1.8681,1.6893
16,2015-09-14,38,12-17,15.0000,15.2672,12.1264,18.8828,1.4518,1.2387,1.7039,1.5162
16,2015-09-14,38,18-44,48.4286,48.7759,40.8808,57.9375,0.8859,0.7593,1.0354,0.9097
16,2015-09-14,38,45-64,41.4286,41.1547,34.4363,49.2718,0.9344,0.7966,1.0935,0.9562
16,2015-09-14,38,65+,21.1429,20.8853,17.0191,25.6404,1.0004,0.8459,1.1831,1.0290
17,2015-09-15,38,0-5,12.0000,11.0663,8.6964,13.8211,1.2088,1.0172,1.4372,1.3120
17,2015-09-15,38,6-11,21.7143,20.6043,16.7924,24.9027,1.5536,1.3222,1.8277,1.7123
17,2015-09-15,38,12-17,15.4286,15.1976,12.1494,18.8340,1.4218,1.2143,1.6652,1.5493
17,2015-09-15,38,18-44,52.7143,50.8782,42.8279,60.3251,0.8718,0.7495,1.0186,0.9319
17,2015-09-15,38,45-64,44.2857,42.6299,35.5927,50.8340,0.9182,0.7860,1.0748,0.9818
17,2015-09-15,38,65+,21.7143,21.4020,17.4307,26.3621,0.9846,0.8337,1.1567,1.0445
18,2015-09-16,38,0-5,12.0000,11.1222,8.7583,13.9747,1.1888,1.0010,1.4118,1.2885
18,2015-09-16,38,6-11,20.7143,20.7272,16.9485,25.1647,1.5199,1.2921,1.7807,1.6410
18,2015-09-16,38,12-17,15.0000,15.0624,12.0581,18.6912,1.3919,1.1896,1.6307,1.5102
18,2015-09-16,38,18-44,55.0000,53.0169,44.7049,63.0450,0.8589,0.7405,1.0011,0.9224
18,2015-09-16,38,45-64,45.5714,43.8745,36.6908,52.9548,0.9014,0.7735,1.0485,0.9750
18,2015-09-16,38,65+,22.8571,22.0154,17.9577,27.0276,0.9661,0.8208,1.1360,1.0452
19,2015-09-17,38,0-5,11.4286,11.2124,8.8820,14.1235,1.1685,0.9819,1.3875,1.2122
19,2015-09-17,38,6-11,20.4286,20.7146,16.9346,25.2246,1.4820,1.2619,1.7461,1.5690
19,2015-09-17,38,12-17,15.1429,14.8725,11.9657,18.5429,1.3589,1.1627,1.5943,1.4685
19,2015-09-17,38,18-44,53.7143,55.0939,46.4539,65.3081,0.8416,0.7210,0.9802,0.8803
19,2015-09-17,38,45-64,45.5714,44.8884,37.4046,53.8525,0.8787,0.7529,1.0217,0.9373
19,2015-09-17,38,65+,23.2857,22.5696,18.3338,27.9796,0.9427,0.7994,1.1122,1.0119
20,2015-09-18,38,0-5,11.0000,11.2554,8.9445,14.1797,1.1550,0.9698,1.3756,1.1657
20,2015-09-18,38,6-11,20.5714,20.5879,16.7240,25.0581,1.4467,1.2379,1.7015,1.5362
20,2015-09-18,38,12-17,14.2857,14.7559,11.9094,18.3219,1.3315,1.1359,1.5608,1.4103
20,2015-09-18,38,18-44,53.0000,57.1831,48.2615,67.9286,0.8267,0.7106,0.9652,0.8566
20,2015-09-18,38,45-64,46.7143,45.5512,38.0126,54.3038,0.8570,0.7371,0.9990,0.9172
20,2015-09-18,38,65+,23.4286,23.1453,18.6866,28.5319,0.9189,0.7801,1.0798,0.9908
21,2015-09-19,38,0-5,11.1429,11.3351,8.9573,14.1837,1.1359,0.9541,1.3569,1.1805
21,2015-09-19,38,6-11,20.1429,20.2831,16.5116,24.7773,1.4142,1.2078,1.6596,1.5241
21,2015-09-19,38,12-17,13.8571,14.5930,11.7408,18.1367,1.3027,1.1091,1.5245,1.3885
21,2015-09-19,38,18-44,55.5714,59.0049,49.7518,69.6905,0.8079,0.6937,0.9445,0.8600
21,2015-09-19,38,45-64,46.2857,45.6511,38.0847,53.9854,0.8347,0.7160,0.9737,0.9128
21,2015-09-19,38,65+,24.1429,23.4447,18.9532,28.7062,0.8960,0.7616,1.0559,0.9899
22,2015-09-20,39,0-5,10.8571,11.3294,8.9553,14.2066,1.1156,0.9377,1.3282,1.2205
22,2015-09-20,39,6-11,20.2857,19.8728,16.1577,24.2693,1.3752,1.1701,1.6183,1.5787
22,2015-09-20,39,12-17,14.7143,14.4591,11.6411,18.1287,1.2703,1.0830,1.4937,1.4502
22,2015-09-20,39,18-44,63.4286,60.2396,50.7195,70.8315,0.7842,0.6733,0.9170,0.9006
22,2015-09-20,39,45-64,45.5714,45.1488,37.9363,53.6085,0.8095,0.6945,0.9480,0.9335
22,2015-09-20,39,65+,23.7143,23.6989,19.3732,28.7547,0.8726,0.7439,1.0331,0.9889
23,2015-09-21,39,0-5,10.5714,11.3124,8.9339,14.2164,1.0973,0.9175,1.3109,1.2058
23,2015-09-21,39,6-11,19.4286,19.3824,15.7236,23.7326,1.3402,1.1404,1.5787,1.5427
23,2015-09-21,39,12-17,13.8571,14.2366,11.4740,17.9039,1.2352,1.0538,1.4537,1.4048
23,2015-09-21,39,18-44,65.5714,60.4959,51.3611,71.4804,0.7612,0.6522,0.8939,0.8937
23,2015-09-21,39,45-64,45.2857,44.2023,37.3616,52.5494,0.7867,0.6721,0.9203,0.9217
23,2015-09-21,39,65+,23.7143,23.7232,19.4549,28.4851,0.8541,0.7206,1.0119,0.9749
24,2015-09-22,39,0-5,10.8571,11.3504,8.9175,14.2458,1.0828,0.9079,1.2990,1.2090
24,2015-09-22,39,6-11,20.0000,18.8658,15.2581,23.1153,1.3095,1.1166,1.5428,1.5625
24,2015-09-22,39,12-17,15.2857,13.9894,11.3235,17.5789,1.2105,1.0272,1.4295,1.4675
24,2015-09-22,39,18-44,64.4286,60.1945,51.0514,70.7882,0.7429,0.6368,0.8754,0.8981
24,2015-09-22,39,45-64,46.5714,43.1240,36.5066,51.3830,0.7693,0.6587,0.9013,0.9411
24,2015-09-22,39,65+,27.2857,23.7220,19.6032,28.4296,0.8410,0.7102,0.9970,1.0322
25,2015-09-23,39,0-5,10.5714,11.4482,8.9633,14.3098,1.0749,0.9051,1.2871,1.1382
25,2015-09-23,39,6-11,19.0000,18.3225,14.8796,22.3231,1.2939,1.1061,1.5227,1.4575
25,2015-09-23,39,12-17,14.1429,13.6926,11.0430,17.2069,1.1966,1.0160,1.4086,1.3451
25,2015-09-23,39,18-44,60.8571,59.0372,50.1180,69.4195,0.7345,0.6321,0.8587,0.8286
25,2015-09-23,39,45-64,43.0000,42.0443,35.5520,50.0511,0.7642,0.6558,0.8923,0.8604
25,2015-09-23,39,65+,25.0000,23.5194,19.5349,28.4259,0.8466,0.7157,0.9954,0.9369
26,2015-09-24,39,0-5,12.0000,11.5439,9.0398,14.5299,1.0821,0.9079,1.2901,1.2140
26,2015-09-24,39,6-11,18.7143,17.8173,14.4540,21.7366,1.2953,1.1075,1.5238,1.4728
26,2015-09-24,39,12-17,14.7143,13.4150,10.8205,16.7574,1.2016,1.0201,1.4107,1.3776
26,2015-09-24,39,18-44,62.5714,57.5050,48.8938,67.4587,0.7407,0.6361,0.8635,0.8469
26,2015-09-24,39,45-64,43.2857,41.2155,34.4679,49.1567,0.7777,0.6654,0.9079,0.8711
26,2015-09-24,39,65+,25.0000,23.5841,19.4424,28.4581,0.8703,0.7380,1.0262,0.9416
27,2015-09-25,39,0-5,11.8571,11.6640,9.1940,14.7261,1.1051,0.9238,1.3168,1.0897
27,2015-09-25,39,6-11,16.5714,17.2592,14.0313,21.0822,1.3231,1.1285,1.5530,1.2637
27,2015-09-25,39,12-17,11.5714,13.1378,10.4924,16.4066,1.2295,1.0469,1.4408,1.1061
27,2015-09-25,39,18-44,52.5714,55.9129,47.3022,65.7775,0.7654,0.6559,0.8943,0.7049
27,2015-09-25,39,45-64,33.7143,40.8167,34.1224,48.8323,0.8118,0.6945,0.9483,0.7062
27,2015-09-25,39,65+,20.2857,23.7942,19.6790,28.8132,0.9200,0.7805,1.0906,0.7636
28,2015-09-26,39,0-5,11.0000,11.7872,9.3133,14.8724,1.1417,0.9580,1.3571,1.0470
28,2015-09-26,39,6-11,15.0000,16.7539,13.6846,20.5043,1.3689,1.1713,1.6118,1.2162
28,2015-09-26,39,12-17,11.4286,12.8168,10.1857,16.0365,1.2717,1.0871,1.4897,1.1089
28,2015-09-26,39,18-44,51.1429,54.3775,46.2105,64.2938,0.8043,0.6906,0.9382,0.6928
28,2015-09-26,39,45-64,32.8571,40.7404,33.9972,48.9763,0.8621,0.7379,1.0054,0.6945
28,2015-09-26,39,65+,17.5714,24.3328,19.9985,29.3785,0.9960,0.8418,1.1797,0.7262
29,2015-09-27,40,0-5,11.2857,11.8377,9.3620,14.8370,1.1793,0.9932,1.4063,1.0692
29,2015-09-27,40,6-11,15.4286,16.3604,13.3075,20.1095,1.4235,1.2167,1.6726,1.2781
29,2015-09-27,40,12-17,12.0000,12.4618,9.8393,15.5125,1.3198,1.1270,1.5445,1.2189
29,2015-09-27,40,18-44,45.2857,53.3023,45.1571,63.1178,0.8489,0.7282,0.9900,0.7308
29,2015-09-27,40,45-64,39.1429,40.9994,33.9516,49.1099,0.9188,0.7853,1.0711,0.7777
29,2015-09-27,40,65+,21.1429,25.2993,20.8236,30.7053,1.0783,0.9091,1.2804,0.8516
30,2015-09-28,40,0-5,11.8571,11.7460,9.2267,14.7282,1.2177,1.0265,1.4467,1.1478
30,2015-09-28,40,6-11,15.7143,15.9277,12.9432,19.6686,1.4832,1.2693,1.7314,1.3678
30,2015-09-28,40,12-17,11.8571,12.0227,9.4892,15.0014,1.3717,1.1727,1.6062,1.2871
30,2015-09-28,40,18-44,46.1429,52.4455,44.2194,61.9279,0.8979,0.7730,1.0401,0.7870
30,2015-09-28,40,45-64,40.4286,41.5199,34.6084,49.8808,0.9793,0.8401,1.1381,0.8463
30,2015-09-28,40,65+,24.7143,26.6341,21.8639,32.5220,1.1684,0.9848,1.3912,0.9647
31,2015-09-29,40,0-5,11.7143,11.5185,9.1118,14.6090,1.2498,1.0527,1.4823,1.1824
31,2015-09-29,40,6-11,14.2857,15.5285,12.6211,19.1687,1.5334,1.3096,1.7892,1.3733
31,2015-09-29,40,12-17,10.8571,11.5777,9.0949,14.5147,1.4100,1.2080,1.6513,1.2899
31,2015-09-29,40,18-44,48.0000,52.0572,44.0050,61.9376,0.9362,0.8040,1.0907,0.8245
31,2015-09-29,40,45-64,40.4286,41.9804,35.2871,50.3713,1.0283,0.8813,1.2013,0.8946
31,2015-09-29,40,65+,29.1429,28.3829,23.0970,34.2691,1.2427,1.0481,1.4684,1.0681
32,2015-09-30,40,0-5,11.5714,11.3013,8.8895,14.3765,1.2653,1.0636,1.5046,1.2102
32,2015-09-30,40,6-11,14.8571,15.1483,12.2852,18.7697,1.5574,1.3308,1.8182,1.4424
32,2015-09-30,40,12-17,11.1429,11.1336,8.7173,13.9965,1.4251,1.2176,1.6654,1.3382
32,2015-09-30,40,18-44,50.5714,52.2512,44.0654,62.0829,0.9553,0.8198,1.1118,0.8524
32,2015-09-30,40,45-64,40.5714,42.8073,35.9390,51.1861,1.0537,0.9013,1.2279,0.9132
32,2015-09-30,40,65+,28.8571,30.6282,25.0157,36.6659,1.2904,1.0869,1.5259,1.0683
33,2015-10-01,40,0-5,10.0000,11.0726,8.7032,14.0041,1.2528,1.0531,1.4870,1.1340
33,2015-10-01,40,6-11,14.4286,14.8120,12.0066,18.3616,1.5465,1.3222,1.8105,1.4235
33,2015-10-01,40,12-17,10.8571,10.6817,8.3794,13.5134,1.4065,1.2057,1.6445,1.3287
33,2015-10-01,40,18-44,50.4286,52.7186,44.4693,62.4586,0.9469,0.8140,1.1011,0.8404
33,2015-10-01,40,45-64,40.8571,43.7249,36.7612,52.5582,1.0461,0.8976,1.2185,0.9051
33,2015-10-01,40,65+,28.5714,33.1674,27.2252,39.8191,1.2927,1.0862,1.5378,1.0477
34,2015-10-02,40,0-5,11.1429,10.8184,8.5049,13.7098,1.2133,1.0199,1.4436,1.3634
34,2015-10-02,40,6-11,15.5714,14.5557,11.7249,18.2019,1.4995,1.2797,1.7544,1.6903
34,2015-10-02,40,12-17,11.7143,10.2944,8.0380,12.9834,1.3551,1.1555,1.5838,1.5849
34,2015-10-02,40,18-44,63.4286,53.1995,44.6951,62.8380,0.9090,0.7779,1.0573,1.0475
34,2015-10-02,40,45-64,51.7143,44.7581,37.4144,53.3925,1.0042,0.8582,1.1707,1.1437
34,2015-10-02,40,65+,39.4286,35.7689,29.7806,42.8226,1.2456,1.0468,1.4841,1.3616
35,2015-10-03,40,0-5,11.5714,10.5928,8.3406,13.4649,1.1601,0.9756,1.3812,1.3782
35,2015-10-03,40,6-11,16.2857,14.3190,11.5039,18.0427,1.4378,1.2284,1.6829,1.7205
35,2015-10-03,40,12-17,11.5714,9.9488,7.6867,12.6090,1.2958,1.1033,1.5167,1.5864
35,2015-10-03,40,18-44,64.2857,53.2292,44.5319,62.9706,0.8572,0.7364,0.9993,1.0607
35,2015-10-03,40,45-64,55.5714,45.3297,38.1357,53.8885,0.9452,0.8104,1.0986,1.1752
35,2015-10-03,40,65+,47.2857,38.2274,31.8471,45.8873,1.1719,0.9854,1.3883,1.4516
36,2015-10-04,41,0-5,10.7143,10.4937,8.2741,13.2912,1.1133,0.9330,1.3247,1.2168
36,2015-10-04,41,6-11,15.7143,14.2242,11.4003,17.9406,1.3799,1.1776,1.6132,1.5432
36,2015-10-04,41,12-17,10.4286,9.7518,7.5150,12.4374,1.2452,1.0625,1.4571,1.3814
36,2015-10-04,41,18-44,58.2857,53.0324,44.0706,62.4196,0.8106,0.6963,0.9427,0.9254
36,2015-10-04,41,45-64,50.5714,45.8495,38.7491,54.3261,0.8874,0.7604,1.0341,1.0253
36,2015-10-04,41,65+,47.8571,40.4811,33.6828,48.3262,1.0916,0.9199,1.2927,1.2961
37,2015-10-05,41,0-5,10.7143,10.5289,8.2760,13.3412,1.0764,0.9017,1.2809,1.1676
37,2015-10-05,41,6-11,15.0000,14.2714,11.3741,17.8887,1.3370,1.1390,1.5679,1.4527
37,2015-10-05,41,12-17,9.7143,9.6414,7.4779,12.2966,1.2082,1.0308,1.4181,1.2937
37,2015-10-05,41,18-44,56.7143,52.9640,44.2113,62.5497,0.7758,0.6668,0.9040,0.8740
37,2015-10-05,41,45-64,50.4286,46.4360,39.1074,55.2057,0.8435,0.7238,0.9832,0.9664
37,2015-10-05,41,65+,48.0000,41.9975,34.8670,49.8647,1.0261,0.8681,1.2199,1.2152
38,2015-10-06,41,0-5,9.5714,10.6009,8.3047,13.3871,1.0551,0.8868,1.2529,1.0018
38,2015-10-06,41,6-11,13.4286,14.3913,11.4570,17.9115,1.3145,1.1217,1.5416,1.2429
38,2015-10-06,41,12-17,8.2857,9.7293,7.5991,12.4174,1.1984,1.0205,1.4033,1.0820
38,2015-10-06,41,18-44,48.7143,52.9261,44.6017,62.7599,0.7589,0.6547,0.8837,0.7273
38,2015-10-06,41,45-64,42.4286,47.0952,39.5797,55.7423,0.8197,0.7042,0.9541,0.7898
38,2015-10-06,41,65+,38.7143,42.9066,35.7228,51.0140,0.9841,0.8317,1.1658,0.9653
39,2015-10-07,41,0-5,11.2857,10.6492,8.3490,13.4181,1.0498,0.8822,1.2496,1.1334
39,2015-10-07,41,6-11,14.7143,14.4875,11.5846,18.0110,1.3119,1.1173,1.5445,1.3696
39,2015-10-07,41,12-17,8.7143,9.9199,7.6834,12.6027,1.2108,1.0311,1.4149,1.1844
39,2015-10-07,41,18-44,50.2857,53.1493,44.8448,63.0918,0.7601,0.6521,0.8863,0.7963
39,2015-10-07,41,45-64,47.1429,47.3359,40.0506,56.5704,0.8159,0.6985,0.9488,0.8697
39,2015-10-07,41,65+,43.2857,43.0992,36.0463,51.2163,0.9635,0.8104,1.1433,1.0702
40,2015-10-08,41,0-5,11.8571,10.6073,8.2743,13.2739,1.0556,0.8866,1.2595,1.1684
40,2015-10-08,41,6-11,14.8571,14.4811,11.5423,18.1023,1.3237,1.1281,1.5503,1.3911
40,2015-10-08,41,12-17,8.5714,10.1154,7.8632,12.8057,1.2330,1.0499,1.4471,1.1950
40,2015-10-08,41,18-44,49.7143,53.4485,45.0996,63.5307,0.7698,0.6590,0.8954,0.8042
40,2015-10-08,41,45-64,46.8571,47.1890,39.7762,56.3198,0.8208,0.7035,0.9531,0.8755
40,2015-10-08,41,65+,43.7143,42.5567,35.6818,50.7695,0.9549,0.8085,1.1312,1.0784
41,2015-10-09,41,0-5,11.0000,10.4532,8.1759,13.0687,1.0754,0.9014,1.2772,1.1120
41,2015-10-09,41,6-11,13.8571,14.3742,11.4304,18.0559,1.3492,1.1502,1.5817,1.3368
41,2015-10-09,41,12-17,9.8571,10.2921,8.0130,13.0101,1.2687,1.0812,1.4868,1.2449
41,2015-10-09,41,18-44,48.7143,53.7586,45.1518,63.6864,0.7925,0.6764,0.9234,0.7810
41,2015-10-09,41,45-64,44.8571,46.6855,39.4198,55.8230,0.8395,0.7179,0.9786,0.8477
41,2015-10-09,41,65+,40.1429,41.4437,34.6294,49.6195,0.9629,0.8133,1.1397,1.0173
42,2015-10-10,41,0-5,10.1429,10.2473,8.0009,12.8012,1.1013,0.9232,1.3149,1.0671
42,2015-10-10,41,6-11,14.5714,14.2132,11.2476,17.7556,1.3790,1.1768,1.6273,1.3553
42,2015-10-10,41,12-17,9.7143,10.4950,8.2013,13.2483,1.3105,1.1161,1.5357,1.2320
42,2015-10-10,41,18-44,47.5714,54.4901,45.9437,64.6545,0.8177,0.6999,0.9611,0.7659
42,2015-10-10,41,45-64,44.0000,46.1503,38.9816,54.9689,0.8642,0.7383,1.0094,0.8268
42,2015-10-10,41,65+,36.2857,40.1494,33.6755,48.0996,0.9790,0.8265,1.1558,0.9658
43,2015-10-11,42,0-5,9.1429,9.9604,7.8231,12.5330,1.1288,0.9465,1.3462,1.0743
43,2015-10-11,42,6-11,13.4286,14.0032,11.1385,17.5579,1.4111,1.2021,1.6597,1.3582
43,2015-10-11,42,12-17,10.0000,10.7145,8.3697,13.4416,1.3500,1.1497,1.5815,1.2656
43,2015-10-11,42,18-44,53.4286,55.6479,46.8016,65.6115,0.8448,0.7217,0.9881,0.7955
43,2015-10-11,42,45-64,40.8571,45.6208,38.6247,54.2969,0.8907,0.7603,1.0395,0.8408
43,2015-10-11,42,65+,35.5714,38.7129,32.4475,46.1133,0.9978,0.8418,1.1815,0.9732
44,2015-10-12,42,0-5,9.0000,9.6805,7.6283,12.2324,1.1533,0.9669,1.3743,1.0899
44,2015-10-12,42,6-11,12.8571,13.7845,10.8296,17.3653,1.4368,1.2275,1.6834,1.3599
44,2015-10-12,42,12-17,10.5714,10.9087,8.4916,13.6952,1.3791,1.1733,1.6218,1.3091
44,2015-10-12,42,18-44,54.2857,56.9362,47.9710,67.2907,0.8656,0.7395,1.0094,0.8104
44,2015-10-12,42,45-64,40.8571,45.2590,38.0659,53.9788,0.9120,0.7784,1.0623,0.8551
44,2015-10-12,42,65+,34.2857,37.2500,31.1166,44.4965,1.0130,0.8546,1.2021,0.9779
45,2015-10-13,42,0-5,9.4286,9.4450,7.3988,11.9812,1.1674,0.9781,1.3902,1.2091
45,2015-10-13,42,6-11,13.1429,13.5848,10.6868,17.1613,1.4531,1.2384,1.7041,1.4914
45,2015-10-13,42,12-17,11.5714,11.0630,8.6132,13.8807,1.3971,1.1873,1.6339,1.4630
45,2015-10-13,42,18-44,61.5714,57.7643,48.7771,68.2869,0.8764,0.7470,1.0218,0.9168
45,2015-10-13,42,45-64,46.2857,44.9269,37.6790,53.7457,0.9246,0.7885,1.0758,0.9714
45,2015-10-13,42,65+,37.4286,35.8079,29.9062,42.8737,1.0251,0.8629,1.2135,1.1049
46,2015-10-14,42,0-5,8.8571,9.2707,7.2466,11.8096,1.1670,0.9764,1.3992,1.1788
46,2015-10-14,42,6-11,13.1429,13.4118,10.6045,16.8340,1.4477,1.2344,1.6996,1.4815
46,2015-10-14,42,12-17,11.4286,11.1811,8.7159,13.9947,1.3940,1.1866,1.6362,1.4298
46,2015-10-14,42,18-44,62.5714,58.2886,49.3979,68.9007,0.8713,0.7437,1.0210,0.9040
46,2015-10-14,42,45-64,45.8571,44.8685,37.6620,53.6698,0.9212,0.7870,1.0748,0.9507
46,2015-10-14,42,65+,34.5714,34.5434,28.8519,41.4864,1.0192,0.8622,1.2079,1.0596
47,2015-10-15,42,0-5,9.1429,9.1799,7.2032,11.8056,1.1642,0.9766,1.3929,1.1817
47,2015-10-15,42,6-11,13.4286,13.2676,10.5527,16.5224,1.4343,1.2228,1.6877,1.4823
47,2015-10-15,42,12-17,11.8571,11.3009,8.8952,14.2705,1.3787,1.1763,1.6213,1.4260
47,2015-10-15,42,18-44,62.0000,58.6499,49.3215,68.7909,0.8601,0.7356,1.0090,0.8941
47,2015-10-15,42,45-64,45.8571,44.9977,37.8048,53.7306,0.9114,0.7799,1.0646,0.9403
47,2015-10-15,42,65+,34.4286,33.5073,27.7967,40.2960,1.0092,0.8544,1.1918,1.0521
48,2015-10-16,42,0-5,8.5714,9.2070,7.1650,11.8707,1.1631,0.9783,1.3833,1.1445
48,2015-10-16,42,6-11,14.5714,13.1818,10.4841,16.4387,1.4178,1.2103,1.6573,1.5171
48,2015-10-16,42,12-17,12.0000,11.4446,9.0257,14.5175,1.3659,1.1657,1.6074,1.4270
48,2015-10-16,42,18-44,60.8571,58.3257,49.1554,68.6962,0.8519,0.7292,0.9926,0.8901
48,2015-10-16,42,45-64,48.2857,45.2972,38.1159,54.1300,0.9027,0.7720,1.0537,0.9470
48,2015-10-16,42,65+,34.4286,32.6533,26.9531,39.4650,0.9993,0.8466,1.1811,1.0593
49,2015-10-17,42,0-5,9.1429,9.3179,7.2282,12.0560,1.1601,0.9756,1.3811,1.1524
49,2015-10-17,42,6-11,13.2857,13.1309,10.4414,16.3705,1.4018,1.1972,1.6417,1.4361
49,2015-10-17,42,12-17,12.2857,11.5743,9.1175,14.6813,1.3539,1.1570,1.5918,1.3990
49,2015-10-17,42,18-44,60.4286,57.9542,48.5978,68.1262,0.8422,0.7243,0.9829,0.8668
49,2015-10-17,42,45-64,47.0000,45.6722,38.4702,54.3709,0.8931,0.7664,1.0453,0.9168
49,2015-10-17,42,65+,32.7143,31.9682,26.3805,38.6063,0.9891,0.8383,1.1676,1.0177
50,2015-10-18,43,0-5,9.5714,9.5485,7.4154,12.2957,1.1649,0.9768,1.3915,1.1391
50,2015-10-18,43,6-11,13.4286,13.1013,10.4211,16.2541,1.3885,1.1839,1.6336,1.4079
50,2015-10-18,43,12-17,12.5714,11.6805,9.2485,14.8321,1.3428,1.1443,1.5785,1.3839
50,2015-10-18,43,18-44,56.4286,57.5707,48.4806,67.7139,0.8376,0.7178,0.9832,0.8411
50,2015-10-18,43,45-64,48.1429,46.0064,38.6630,55.0008,0.8883,0.7603,1.0411,0.8986
50,2015-10-18,43,65+,31.5714,31.4251,25.9645,38.1847,0.9827,0.8307,1.1650,0.9950
51,2015-10-19,43,0-5,10.0000,9.7922,7.6187,12.5016,1.1662,0.9744,1.3913,1.1633
51,2015-10-19,43,6-11,12.8571,13.0546,10.3169,16.1673,1.3799,1.1752,1.6175,1.3849
51,2015-10-19,43,12-17,11.5714,11.7874,9.3245,15.0215,1.3378,1.1422,1.5760,1.3245
51,2015-10-19,43,18-44,57.7143,57.1392,48.2096,67.3903,0.8360,0.7160,0.9798,0.8385
51,2015-10-19,43,45-64,47.2857,46.4900,39.0727,55.1431,0.8875,0.7599,1.0391,0.8843
51,2015-10-19,43,65+,29.4286,31.0187,25.5343,37.4466,0.9817,0.8306,1.1648,0.9646
52,2015-10-20,43,0-5,10.8571,10.0262,7.7922,12.8295,1.1724,0.9842,1.3912,1.1925
52,2015-10-20,43,6-11,14.1429,13.0070,10.2934,16.1166,1.3771,1.1726,1.6184,1.4339
52,2015-10-20,43,12-17,11.2857,11.9152,9.3499,15.1997,1.3465,1.1447,1.5840,1.3091
52,2015-10-20,43,18-44,55.0000,56.7476,48.1838,67.3002,0.8417,0.7205,0.9826,0.8355
52,2015-10-20,43,45-64,47.2857,46.8366,39.4769,55.9879,0.8940,0.7656,1.0484,0.8841
52,2015-10-20,43,65+,30.4286,30.6405,25.2880,37.0220,0.9869,0.8337,1.1664,0.9838
53,2015-10-21,43,0-5,10.0000,10.2487,7.9207,13.1290,1.1891,0.9974,1.4147,1.1376
53,2015-10-21,43,6-11,13.7143,12.8471,10.1591,15.9362,1.3858,1.1852,1.6243,1.4101
53,2015-10-21,43,12-17,13.0000,12.0089,9.4310,15.2775,1.3624,1.1617,1.5984,1.3832
53,2015-10-21,43,18-44,53.8571,56.6559,47.9591,67.1458,0.8550,0.7317,1.0000,0.8276
53,2015-10-21,43,45-64,46.4286,47.1595,39.6759,56.6039,0.9087,0.7769,1.0615,0.8857
53,2015-10-21,43,65+,31.0000,30.3693,25.0878,36.6500,0.9930,0.8443,1.1729,0.9940
54,2015-10-22,43,0-5,9.5714,10.4551,8.0853,13.3761,1.2095,1.0161,1.4387,1.1272
54,2015-10-22,43,6-11,13.8571,12.6950,10.0349,15.6962,1.4028,1.2001,1.6399,1.4247
54,2015-10-22,43,12-17,12.7143,12.0491,9.4935,15.3332,1.3883,1.1836,1.6224,1.3758
54,2015-10-22,43,18-44,54.8571,56.8478,48.0406,67.2921,0.8728,0.7477,1.0174,0.8352
54,2015-10-22,43,45-64,46.2857,47.6630,40.0807,57.1327,0.9281,0.7932,1.0842,0.8926
54,2015-10-22,43,65+,30.8571,30.0659,24.8272,36.2944,1.0045,0.8508,1.1842,1.0009
55,2015-10-23,43,0-5,10.0000,10.6067,8.2649,13.5003,1.2243,1.0298,1.4506,1.1516
55,2015-10-23,43,6-11,11.8571,12.5214,9.9234,15.5580,1.4228,1.2165,1.6594,1.3409
55,2015-10-23,43,12-17,11.1429,12.1374,9.5224,15.4351,1.4177,1.2114,1.6594,1.2922
55,2015-10-23,43,18-44,56.4286,57.4083,48.4346,67.8288,0.8894,0.7630,1.0358,0.8299
55,2015-10-23,43,45-64,45.1429,48.4041,40.5179,57.8114,0.9477,0.8120,1.1062,0.8767
55,2015-10-23,43,65+,29.0000,29.7087,24.5085,35.8257,1.0144,0.8619,1.1958,0.9704
56,2015-10-24,43,0-5,11.0000,10.8009,8.4382,13.6470,1.2338,1.0379,1.4666,1.2271
56,2015-10-24,43,6-11,12.0000,12.3004,9.7153,15.3645,1.4442,1.2368,1.6881,1.3873
56,2015-10-24,43,12-17,10.4286,12.2519,9.6120,15.5582,1.4458,1.2327,1.6963,1.2945
56,2015-10-24,43,18-44,58.1429,58.1851,49.1950,69.0797,0.9031,0.7731,1.0555,0.8627
56,2015-10-24,43,45-64,46.4286,49.5452,41.3810,59.3926,0.9650,0.8239,1.1296,0.9081
56,2015-10-24,43,65+,30.0000,29.2523,24.1859,35.4249,1.0244,0.8706,1.2091,1.0107
57,2015-10-25,44,0-5,11.5714,10.9091,8.5503,13.7144,1.2368,1.0385,1.4737,1.2467
57,2015-10-25,44,6-11,11.2857,12.1893,9.5889,15.2981,1.4669,1.2545,1.7208,1.3737
57,2015-10-25,44,12-17,11.5714,12.3353,9.7374,15.7048,1.4688,1.2510,1.7232,1.3730
57,2015-10-25,44,18-44,57.1429,58.6089,49.6733,69.6784,0.9124,0.7796,1.0691,0.8746
57,2015-10-25,44,45-64,49.4286,50.8038,42.5429,60.3674,0.9777,0.8333,1.1454,0.9310
57,2015-10-25,44,65+,29.0000,28.7149,23.8203,34.7578,1.0337,0.8765,1.2189,1.0164
58,2015-10-26,44,0-5,11.0000,11.0121,8.6500,13.8163,1.2357,1.0398,1.4701,1.2391
58,2015-10-26,44,6-11,12.4286,12.1899,9.6315,15.3307,1.4887,1.2699,1.7401,1.4631
58,2015-10-26,44,12-17,12.5714,12.4574,9.8492,15.8781,1.4789,1.2618,1.7298,1.4645
58,2015-10-26,44,18-44,59.1429,59.2882,50.0489,70.0261,0.9144,0.7824,1.0703,0.9087
58,2015-10-26,44,45-64,52.8571,52.1554,43.5669,61.7975,0.9815,0.8367,1.1484,0.9736
58,2015-10-26,44,65+,28.8571,28.2468,23.1889,34.1746,1.0385,0.8794,1.2232,1.0457
59,2015-10-27,44,0-5,11.2857,11.0942,8.6625,13.8551,1.2276,1.0316,1.4568,1.2588
59,2015-10-27,44,6-11,11.2857,12.2883,9.6575,15.4265,1.4984,1.2828,1.7555,1.4352
59,2015-10-27,44,12-17,13.2857,12.6422,10.0017,16.0867,1.4720,1.2570,1.7262,1.5109
59,2015-10-27,44,18-44,61.7143,59.6467,50.2144,70.5919,0.9078,0.7785,1.0609,0.9269
59,2015-10-27,44,45-64,55.7143,53.4686,44.5170,63.3198,0.9745,0.8331,1.1417,0.9935
59,2015-10-27,44,65+,27.2857,27.8856,22.9200,33.9093,1.0379,0.8789,1.2190,1.0384
60,2015-10-28,44,0-5,11.4286,11.1573,8.6574,13.9654,1.2163,1.0190,1.4536,1.2546
60,2015-10-28,44,6-11,11.1429,12.5407,9.8927,15.8396,1.5073,1.2871,1.7612,1.4244
60,2015-10-28,44,12-17,12.5714,12.8876,10.2078,16.2635,1.4557,1.2446,1.7015,1.4624
60,2015-10-28,44,18-44,62.4286,60.0403,50.4802,70.8112,0.8974,0.7686,1.0456,0.9218
60,2015-10-28,44,45-64,56.7143,54.5166,45.7536,64.5909,0.9621,0.8230,1.1216,0.9877
60,2015-10-28,44,65+,27.2857,27.8188,22.8580,33.5916,1.0319,0.8774,1.2171,1.0343
61,2015-10-29,44,0-5,11.8571,11.2041,8.7772,14.0792,1.2000,1.0093,1.4357,1.2652
61,2015-10-29,44,6-11,11.8571,12.9527,10.1957,16.2275,1.5071,1.2888,1.7615,1.4538
61,2015-10-29,44,12-17,12.4286,13.1309,10.3112,16.4885,1.4320,1.2226,1.6785,1.4407
61,2015-10-29,44,18-44,63.0000,60.2224,50.9374,71.3084,0.8808,0.7551,1.0308,0.9186
61,2015-10-29,44,45-64,56.8571,55.0563,46.7365,65.3159,0.9438,0.8074,1.1051,0.9796
61,2015-10-29,44,65+,27.4286,27.9797,23.0315,33.7576,1.0267,0.8703,1.2137,1.0295
62,2015-10-30,44,0-5,11.7143,11.2830,8.8716,14.1932,1.1836,0.9935,1.4078,1.2434
62,2015-10-30,44,6-11,15.0000,13.5005,10.6887,16.7921,1.4978,1.2757,1.7539,1.5826
62,2015-10-30,44,12-17,14.1429,13.3704,10.5211,16.6584,1.4010,1.1979,1.6398,1.5130
62,2015-10-30,44,18-44,61.0000,60.2495,50.7827,71.4391,0.8644,0.7404,1.0071,0.9188
62,2015-10-30,44,45-64,58.4286,55.5032,47.1146,65.3239,0.9255,0.7918,1.0823,0.9863
62,2015-10-30,44,65+,28.4286,28.4424,23.2780,34.3428,1.0239,0.8683,1.2075,1.0448
63,2015-10-31,44,0-5,11.1429,11.3839,8.9487,14.3890,1.1719,0.9882,1.3952,1.1860
63,2015-10-31,44,6-11,15.1429,14.0696,11.2521,17.4095,1.4808,1.2666,1.7363,1.5387
63,2015-10-31,44,12-17,15.2857,13.5451,10.6782,16.8721,1.3667,1.1700,1.5976,1.5131
63,2015-10-31,44,18-44,59.8571,60.2392,50.4827,71.5588,0.8497,0.7292,0.9870,0.8869
63,2015-10-31,44,45-64,56.7143,55.3839,46.9849,65.3161,0.9102,0.7790,1.0594,0.9530
63,2015-10-31,44,65+,28.0000,29.2344,23.9973,35.2461,1.0211,0.8656,1.2018,1.0108
64,2015-11-01,45,0-5,11.1429,11.4823,9.0206,14.4457,1.1610,0.9762,1.3849,1.1861
64,2015-11-01,45,6-11,15.8571,14.6505,11.7114,18.2503,1.4646,1.2531,1.7190,1.5436
64,2015-11-01,45,12-17,14.8571,13.6421,10.7857,16.9322,1.3291,1.1396,1.5542,1.4636
64,2015-11-01,45,18-44,61.2857,60.0681,50.3024,70.9816,0.8335,0.7168,0.9732,0.8809
64,2015-11-01,45,45-64,54.7143,54.8579,46.1977,64.8245,0.8933,0.7660,1.0420,0.9395
64,2015-11-01,45,65+,29.4286,30.1822,24.8543,36.5629,1.0151,0.8608,1.2025,1.0162
65,2015-11-02,45,0-5,11.7143,11.6024,9.1017,14.5258,1.1546,0.9694,1.3783,1.1822
65,2015-11-02,45,6-11,15.0000,15.2233,12.2711,18.9396,1.4506,1.2376,1.6991,1.4619
65,2015-11-02,45,12-17,14.5714,13.5836,10.8543,16.9489,1.3033,1.1127,1.5256,1.4090
65,2015-11-02,45,18-44,59.0000,59.7571,50.2227,70.4440,0.8227,0.7059,0.9610,0.8544
65,2015-11-02,45,45-64,53.1429,54.1445,45.6923,63.9297,0.8815,0.7542,1.0291,0.9166
65,2015-11-02,45,65+,31.4286,31.2898,26.0460,37.8560,1.0126,0.8548,1.1967,1.0216
66,2015-11-03,45,0-5,11.7143,11.7694,9.2970,14.8466,1.1572,0.9693,1.3757,1.1809
66,2015-11-03,45,6-11,16.5714,15.7638,12.6226,19.5086,1.4395,1.2288,1.6911,1.5065
66,2015-11-03,45,12-17,13.5714,13.4846,10.7666,16.8642,1.2799,1.0947,1.4943,1.3589
66,2015-11-03,45,18-44,58.5714,59.4024,49.9904,70.2882,0.8144,0.6986,0.9432,0.8518
66,2015-11-03,45,45-64,52.1429,53.4577,45.0888,62.8257,0.8695,0.7452,1.0134,0.9131
66,2015-11-03,45,65+,33.7143,32.3413,27.0520,38.8593,1.0031,0.8489,1.1879,1.0443
67,2015-11-04,45,0-5,12.2857,11.9245,9.4376,15.1542,1.1600,0.9726,1.3800,1.2007
67,2015-11-04,45,6-11,17.0000,16.2232,13.0197,19.9121,1.4266,1.2167,1.6811,1.5054
67,2015-11-04,45,12-17,12.5714,13.2770,10.6054,16.6395,1.2578,1.0792,1.4788,1.3189
67,2015-11-04,45,18-44,58.2857,58.9491,49.8698,69.8136,0.8044,0.6936,0.9377,0.8507
67,2015-11-04,45,45-64,52.5714,52.7425,44.6071,62.1038,0.8576,0.7369,1.0038,0.9105
67,2015-11-04,45,65+,34.0000,33.3164,27.9549,40.2037,0.9927,0.8390,1.1755,1.0419
68,2015-11-05,45,0-5,11.5714,12.1942,9.6515,15.3744,1.1691,0.9829,1.3856,1.1566
68,2015-11-05,45,6-11,16.4286,16.5278,13.3821,20.3231,1.4235,1.2122,1.6745,1.4598
68,2015-11-05,45,12-17,12.7143,12.9876,10.3937,16.2275,1.2505,1.0661,1.4625,1.3249
68,2015-11-05,45,18-44,57.7143,58.5374,49.1205,69.3641,0.7999,0.6875,0.9311,0.8405
68,2015-11-05,45,45-64,53.0000,52.1061,43.9724,61.4041,0.8498,0.7282,0.9912,0.9069
68,2015-11-05,45,65+,34.0000,34.1124,28.6545,41.2366,0.9822,0.8306,1.1580,1.0334
69,2015-11-06,45,0-5,11.7143,12.4973,9.7571,15.6359,1.1837,0.9931,1.4066,1.1584
69,2015-11-06,45,6-11,16.1429,16.8604,13.6769,20.8939,1.4228,1.2125,1.6731,1.4368
69,2015-11-06,45,12-17,12.4286,12.7039,10.1550,15.9579,1.2465,1.0641,1.4613,1.3065
69,2015-11-06,45,18-44,57.7143,57.9988,48.9424,68.9613,0.7945,0.6850,0.9270,0.8331
69,2015-11-06,45,45-64,51.0000,51.1995,43.2138,60.4613,0.8421,0.7219,0.9831,0.8961
69,2015-11-06,45,65+,35.2857,34.5770,28.7748,41.5904,0.9710,0.8228,1.1444,1.0358
70,2015-11-07,45,0-5,12.0000,12.8305,10.1013,15.9449,1.1986,1.0074,1.4342,1.1770
70,2015-11-07,45,6-11,16.4286,17.1229,13.8674,21.3116,1.4215,1.2096,1.6710,1.4500
70,2015-11-07,45,12-17,11.7143,12.4786,9.9350,15.6355,1.2496,1.0652,1.4601,1.2899
70,2015-11-07,45,18-44,58.2857,57.1727,48.2505,68.0960,0.7925,0.6825,0.9214,0.8395
70,2015-11-07,45,45-64,51.1429,50.3083,42.3955,59.4556,0.8356,0.7166,0.9738,0.8999
70,2015-11-07,45,65+,35.5714,34.7004,28.8302,41.6939,0.9567,0.8098,1.1349,1.0389
71,2015-11-08,46,0-5,12.5714,13.2529,10.5097,16.5172,1.2239,1.0254,1.4571,1.1934
71,2015-11-08,46,6-11,16.8571,17.3108,13.9724,21.6215,1.4254,1.2126,1.6743,1.4546
71,2015-11-08,46,12-17,11.0000,12.3118,9.7475,15.4406,1.2553,1.0729,1.4750,1.2591
71,2015-11-08,46,18-44,57.4286,56.5269,47.8596,67.4495,0.7939,0.6820,0.9248,0.8323
71,2015-11-08,46,45-64,50.4286,49.4857,41.6168,58.7958,0.8318,0.7130,0.9740,0.8872
71,2015-11-08,46,65+,35.0000,34.5912,28.6611,41.5543,0.9437,0.7981,1.1159,1.0212
72,2015-11-09,46,0-5,12.8571,13.7891,10.9466,17.0712,1.2477,1.0468,1.4928,1.1835
72,2015-11-09,46,6-11,18.8571,17.4928,14.0575,21.8293,1.4280,1.2200,1.6746,1.4994
72,2015-11-09,46,12-17,10.8571,12.1888,9.6315,15.2421,1.2680,1.0850,1.4864,1.2391
72,2015-11-09,46,18-44,54.5714,55.8929,47.1049,66.5425,0.7983,0.6889,0.9296,0.8112
72,2015-11-09,46,45-64,48.1429,48.6767,40.9836,57.6772,0.8338,0.7160,0.9757,0.8600
72,2015-11-09,46,65+,34.5714,33.9633,28.5721,41.1549,0.9367,0.7918,1.1090,0.9962
73,2015-11-10,46,0-5,13.2857,14.4144,11.5436,17.9457,1.2755,1.0736,1.5206,1.1894
73,2015-11-10,46,6-11,17.7143,17.6805,14.1810,22.0803,1.4363,1.2263,1.6857,1.4433
73,2015-11-10,46,12-17,11.5714,12.1183,9.5525,15.1897,1.2844,1.0968,1.5053,1.2669
73,2015-11-10,46,18-44,54.4286,55.3867,46.6123,65.5342,0.8082,0.6962,0.9407,0.8026
73,2015-11-10,46,45-64,46.8571,47.9668,40.2211,56.9557,0.8419,0.7211,0.9829,0.8467
73,2015-11-10,46,65+,32.5714,33.2522,27.8007,40.0709,0.9321,0.7903,1.1048,0.9633
74,2015-11-11,46,0-5,14.5714,15.1018,12.1729,18.8742,1.2940,1.0882,1.5452,1.2403
74,2015-11-11,46,6-11,18.1429,17.7967,14.3004,22.0155,1.4412,1.2301,1.6895,1.4639
74,2015-11-11,46,12-17,12.8571,12.0950,9.5754,15.1391,1.3015,1.1091,1.5201,1.3319
74,2015-11-11,46,18-44,53.8571,54.9920,46.1807,64.8732,0.8179,0.7055,0.9465,0.8117
74,2015-11-11,46,45-64,45.8571,47.3873,39.8725,56.6539,0.8513,0.7295,0.9909,0.8531
74,2015-11-11,46,65+,32.8571,32.3526,26.9824,38.9120,0.9308,0.7905,1.1014,0.9733
75,2015-11-12,46,0-5,16.2857,15.8104,12.7213,19.6607,1.3090,1.0997,1.5620,1.3022
75,2015-11-12,46,6-11,18.0000,17.7939,14.3336,21.8667,1.4458,1.2361,1.6954,1.4622
75,2015-11-12,46,12-17,12.8571,12.1088,9.7030,15.1863,1.3164,1.1236,1.5457,1.3347
75,2015-11-12,46,18-44,53.5714,54.7314,46.1613,64.5396,0.8262,0.7122,0.9606,0.8199
75,2015-11-12,46,45-64,45.5714,47.1584,39.7599,56.4138,0.8600,0.7373,1.0056,0.8584
75,2015-11-12,46,65+,33.0000,31.2999,25.9577,37.7790,0.9322,0.7913,1.1008,0.9830
76,2015-11-13,46,0-5,17.7143,16.4823,13.2775,20.3196,1.3087,1.1025,1.5606,1.3388
76,2015-11-13,46,6-11,17.1429,17.7189,14.2742,21.7899,1.4513,1.2362,1.7076,1.4290
76,2015-11-13,46,12-17,12.2857,12.1547,9.7000,15.1635,1.3383,1.1422,1.5672,1.3063
76,2015-11-13,46,18-44,53.8571,54.7285,46.0880,64.5273,0.8364,0.7203,0.9733,0.8205
76,2015-11-13,46,45-64,45.8571,47.2231,39.5602,56.2297,0.8742,0.7477,1.0260,0.8539
76,2015-11-13,46,65+,31.0000,30.1702,24.9498,36.3755,0.9419,0.7965,1.1101,0.9608
77,2015-11-14,46,0-5,17.8571,17.0832,13.7978,21.0108,1.3073,1.0970,1.5542,1.3253
77,2015-11-14,46,6-11,18.7143,17.6778,14.1606,21.8642,1.4540,1.2416,1.7108,1.4859
77,2015-11-14,46,12-17,12.2857,12.1696,9.6510,15.2514,1.3604,1.1585,1.5889,1.3160
77,2015-11-14,46,18-44,54.0000,54.9481,46.4331,64.3342,0.8456,0.7275,0.9810,0.8258
77,2015-11-14,46,45-64,46.5714,47.6105,39.8306,56.8335,0.8865,0.7568,1.0340,0.8586
77,2015-11-14,46,65+,29.4286,29.1175,23.9168,35.0518,0.9491,0.8044,1.1160,0.9504
78,2015-11-15,47,0-5,18.0000,17.5551,14.1258,21.5396,1.2906,1.0882,1.5358,1.3100
78,2015-11-15,47,6-11,17.8571,17.5674,14.1037,21.7517,1.4514,1.2415,1.7055,1.4537
78,2015-11-15,47,12-17,12.1429,12.2729,9.7701,15.3083,1.3781,1.1784,1.6127,1.3184
78,2015-11-15,47,18-44,54.8571,55.3435,46.6741,64.9212,0.8499,0.7320,0.9911,0.8285
78,2015-11-15,47,45-64,48.0000,48.1654,40.3417,57.6188,0.8974,0.7680,1.0487,0.8642
78,2015-11-15,47,65+,27.2857,28.1557,23.1300,33.8994,0.9630,0.8168,1.1315,0.9337
79,2015-11-16,47,0-5,18.5714,17.8773,14.3036,21.8466,1.2721,1.0726,1.5162,1.3280
79,2015-11-16,47,6-11,16.5714,17.4337,14.1001,21.5586,1.4522,1.2427,1.7031,1.4270
79,2015-11-16,47,12-17,12.7143,12.4325,9.8619,15.4323,1.3963,1.1916,1.6389,1.3575
79,2015-11-16,47,18-44,57.5714,55.9919,46.9448,65.8447,0.8546,0.7359,0.9976,0.8441
79,2015-11-16,47,45-64,48.7143,48.9363,41.0899,58.5426,0.9075,0.7756,1.0619,0.8774
79,2015-11-16,47,65+,25.5714,27.4670,22.6313,33.0850,0.9767,0.8294,1.1566,0.9264
80,2015-11-17,47,0-5,19.4286,17.9695,14.4090,21.9481,1.2518,1.0550,1.4891,1.3452
80,2015-11-17,47,6-11,18.0000,17.3058,13.9782,21.5082,1.4450,1.2332,1.6971,1.4834
80,2015-11-17,47,12-17,12.8571,12.6232,10.0188,15.7570,1.4059,1.2017,1.6464,1.3710
80,2015-11-17,47,18-44,57.2857,56.5219,47.7589,66.6776,0.8546,0.7360,0.9966,0.8518
80,2015-11-17,47,45-64,49.5714,49.5836,41.5759,59.4370,0.9124,0.7815,1.0671,0.8859
80,2015-11-17,47,65+,25.2857,27.1489,22.3745,32.9335,0.9901,0.8427,1.1693,0.9352
81,2015-11-18,47,0-5,18.7143,17.9125,14.4844,21.8529,1.2337,1.0390,1.4641,1.2969
81,2015-11-18,47,6-11,16.7143,17.1329,13.8421,21.3375,1.4372,1.2338,1.6930,1.4299
81,2015-11-18,47,12-17,12.0000,12.8311,10.1868,15.9920,1.4176,1.2114,1.6626,1.3373
81,2015-11-18,47,18-44,56.8571,57.2675,48.4631,68.2913,0.8554,0.7398,0.9976,0.8472
81,2015-11-18,47,45-64,51.5714,50.3117,42.0161,59.9723,0.9198,0.7876,1.0755,0.8969
81,2015-11-18,47,65+,26.1429,27.1668,22.2377,33.0748,1.0080,0.8552,1.1921,0.9591
82,2015-11-19,47,0-5,17.7143,17.6960,14.4264,21.8267,1.2154,1.0251,1.4466,1.2558
82,2015-11-19,47,6-11,17.0000,16.9859,13.7009,21.1549,1.4352,1.2255,1.6818,1.4393
82,2015-11-19,47,12-17,12.0000,13.1485,10.5105,16.2606,1.4256,1.2163,1.6759,1.3363
82,2015-11-19,47,18-44,57.5714,57.8830,49.2008,69.3795,0.8560,0.7364,0.9990,0.8443
82,2015-11-19,47,45-64,51.2857,51.1081,42.7363,60.8690,0.9242,0.7905,1.0819,0.8959
82,2015-11-19,47,65+,26.2857,27.5204,22.5513,33.3588,1.0217,0.8672,1.2053,0.9621
83,2015-11-20,47,0-5,17.8571,17.3712,14.1184,21.4667,1.2030,1.0133,1.4383,1.2723
83,2015-11-20,47,6-11,17.4286,16.8427,13.5691,20.9053,1.4303,1.2234,1.6701,1.4767
83,2015-11-20,47,12-17,13.0000,13.4424,10.8443,16.7994,1.4229,1.2148,1.6670,1.3977
83,2015-11-20,47,18-44,58.7143,58.3332,49.4687,69.8659,0.8547,0.7349,0.9946,0.8636
83,2015-11-20,47,45-64,52.1429,51.7460,43.6945,61.3919,0.9250,0.7920,1.0794,0.9204
83,2015-11-20,47,65+,28.1429,28.2080,23.2247,34.3258,1.0318,0.8759,1.2169,1.0029
84,2015-11-21,47,0-5,17.2857,17.0155,13.8332,21.0776,1.1917,1.0016,1.4167,1.2504
84,2015-11-21,47,6-11,17.0000,16.6892,13.4963,20.6481,1.4204,1.2145,1.6613,1.4650
84,2015-11-21,47,12-17,14.5714,13.7380,11.0928,17.1992,1.4062,1.2035,1.6537,1.4656
84,2015-11-21,47,18-44,58.5714,58.8726,49.9675,70.2697,0.8478,0.7296,0.9866,0.8668
84,2015-11-21,47,45-64,53.1429,52.2383,44.0981,61.8576,0.9190,0.7859,1.0732,0.9339
84,2015-11-21,47,65+,29.7143,29.1464,23.9581,35.1759,1.0332,0.8759,1.2220,1.0281
85,2015-11-22,48,0-5,16.7143,16.5897,13.3374,20.5437,1.1885,0.9971,1.4147,1.2396
85,2015-11-22,48,6-11,17.2857,16.5075,13.3741,20.5256,1.4143,1.2074,1.6583,1.4772
85,2015-11-22,48,12-17,15.0000,14.0059,11.2836,17.4540,1.3883,1.1886,1.6265,1.4629
85,2015-11-22,48,18-44,60.2857,59.2638,50.2048,70.4846,0.8416,0.7232,0.9785,0.8661
85,2015-11-22,48,45-64,51.7143,52.5525,44.4462,62.6528,0.9118,0.7798,1.0656,0.9277
85,2015-11-22,48,65+,31.0000,30.1425,24.9620,36.3381,1.0301,0.8712,1.2185,1.0334
86,2015-11-23,48,0-5,15.8571,16.2955,13.0326,20.0758,1.1919,1.0004,1.4171,1.2093
86,2015-11-23,48,6-11,16.7143,16.4073,13.3083,20.3854,1.4108,1.2032,1.6511,1.4487
86,2015-11-23,48,12-17,14.7143,14.1983,11.4132,17.7758,1.3674,1.1667,1.6015,1.4374
86,2015-11-23,48,18-44,60.4286,59.5673,50.1644,70.7658,0.8353,0.7184,0.9706,0.8615
86,2015-11-23,48,45-64,53.5714,52.9564,44.6938,63.0364,0.9034,0.7730,1.0550,0.9293
86,2015-11-23,48,65+,31.2857,31.1088,25.7642,37.6199,1.0224,0.8662,1.2039,1.0322
87,2015-11-24,48,0-5,14.5714,16.0506,12.9132,19.9017,1.2022,1.0066,1.4384,1.1695
87,2015-11-24,48,6-11,16.4286,16.3513,13.2647,20.2767,1.4118,1.2067,1.6546,1.4371
87,2015-11-24,48,12-17,14.8571,14.3068,11.4772,17.9599,1.3452,1.1476,1.5719,1.4367
87,2015-11-24,48,18-44,60.0000,59.6155,50.4349,70.6439,0.8316,0.7137,0.9667,0.8613
87,2015-11-24,48,45-64,55.0000,53.2718,45.1105,63.5699,0.8973,0.7650,1.0474,0.9429
87,2015-11-24,48,65+,34.5714,32.0551,26.4621,38.5076,1.0132,0.8563,1.1987,1.0747
88,2015-11-25,48,0-5,14.4286,15.9762,12.7911,19.7244,1.2168,1.0220,1.4531,1.1718
88,2015-11-25,48,6-11,16.4286,16.3787,13.2908,20.3502,1.4184,1.2165,1.6543,1.4343
88,2015-11-25,48,12-17,15.4286,14.2884,11.4755,17.9968,1.3260,1.1324,1.5568,1.4372
88,2015-11-25,48,18-44,60.7143,59.5723,50.3832,71.0343,0.8285,0.7137,0.9641,0.8547
88,2015-11-25,48,45-64,54.4286,53.7790,45.2676,64.2203,0.8919,0.7631,1.0423,0.9278
88,2015-11-25,48,65+,33.8571,32.7980,27.1193,39.2762,1.0074,0.8524,1.1948,1.0456
89,2015-11-26,48,0-5,15.8571,16.0548,12.8843,19.8061,1.2374,1.0380,1.4781,1.2318
89,2015-11-26,48,6-11,16.4286,16.4679,13.2524,20.4462,1.4302,1.2219,1.6757,1.4390
89,2015-11-26,48,12-17,15.5714,14.1895,11.3561,17.7830,1.3121,1.1223,1.5364,1.4267
89,2015-11-26,48,18-44,61.1429,59.5566,50.3621,70.6536,0.8301,0.7153,0.9666,0.8567
89,2015-11-26,48,45-64,54.4286,54.3536,45.7099,64.6593,0.8909,0.7625,1.0428,0.9195
89,2015-11-26,48,65+,33.4286,33.3530,27.4795,40.0367,1.0045,0.8529,1.1902,1.0279
90,2015-11-27,48,0-5,15.4286,16.2836,13.0378,20.2488,1.2587,1.0559,1.4947,1.1941
90,2015-11-27,48,6-11,15.8571,16.6773,13.4305,20.5450,1.4462,1.2369,1.6868,1.3887
90,2015-11-27,48,12-17,14.7143,13.9623,11.1692,17.5952,1.3056,1.1135,1.5297,1.3630
90,2015-11-27,48,18-44,58.5714,59.3331,50.6353,70.6800,0.8338,0.7188,0.9695,0.8288
90,2015-11-27,48,45-64,54.5714,54.9053,45.9769,64.9117,0.8929,0.7637,1.0455,0.8943
90,2015-11-27,48,65+,32.8571,33.7591,28.0537,40.7728,1.0047,0.8507,1.1900,0.9998
91,2015-11-28,48,0-5,17.0000,16.6701,13.4262,20.6852,1.2821,1.0785,1.5283,1.2489
91,2015-11-28,48,6-11,16.0000,16.9340,13.6314,20.7954,1.4648,1.2559,1.7147,1.3930
91,2015-11-28,48,12-17,13.0000,13.7193,10.9251,17.1882,1.3125,1.1219,1.5358,1.2895
91,2015-11-28,48,18-44,57.5714,59.1596,50.2827,70.5426,0.8419,0.7266,0.9774,0.8264
91,2015-11-28,48,45-64,54.1429,55.4827,46.6286,65.9101,0.9007,0.7708,1.0513,0.8869
91,2015-11-28,48,65+,34.1429,34.0504,28.3024,41.0788,1.0083,0.8543,1.1898,1.0091
92,2015-11-29,49,0-5,18.0000,17.1980,13.7647,21.2196,1.3118,1.1059,1.5603,1.3014
92,2015-11-29,49,6-11,17.7143,17.2823,13.8960,21.1582,1.4855,1.2732,1.7384,1.4799
92,2015-11-29,49,12-17,12.8571,13.4803,10.7462,16.8136,1.3259,1.1365,1.5481,1.3125
92,2015-11-29,49,18-44,58.8571,59.1589,50.0638,70.1801,0.8529,0.7379,0.9924,0.8510
92,2015-11-29,49,45-64,55.4286,56.3443,47.4869,66.9151,0.9101,0.7804,1.0644,0.9075
92,2015-11-29,49,65+,34.5714,34.2817,28.2472,41.3051,1.0146,0.8605,1.1966,1.0276
93,2015-11-30,49,0-5,18.4286,17.8027,14.3091,21.9212,1.3383,1.1243,1.5861,1.2927
93,2015-11-30,49,6-11,17.7143,17.7005,14.3176,21.6334,1.5098,1.2927,1.7651,1.4616
93,2015-11-30,49,12-17,12.1429,13.2406,10.6089,16.5829,1.3445,1.1496,1.5719,1.2830
93,2015-11-30,49,18-44,57.1429,59.1150,50.2397,70.4894,0.8663,0.7462,1.0060,0.8396
93,2015-11-30,49,45-64,55.4286,57.2278,48.1890,67.8381,0.9231,0.7893,1.0815,0.9001
93,2015-11-30,49,65+,35.5714,34.4016,28.5639,41.3059,1.0245,0.8661,1.2108,1.0314
94,2015-12-01,49,0-5,18.4286,18.4364,14.8874,22.7500,1.3622,1.1483,1.6191,1.2894
94,2015-12-01,49,6-11,17.5714,18.1753,14.6485,22.1953,1.5323,1.3090,1.7991,1.4593
94,2015-12-01,49,12-17,12.4286,13.0924,10.5454,16.3720,1.3676,1.1694,1.5949,1.3122
94,2015-12-01,49,18-44,59.1429,59.4263,50.1597,70.9239,0.8792,0.7602,1.0209,0.8472
94,2015-12-01,49,45-64,56.7143,58.0377,48.8541,69.0210,0.9372,0.8037,1.0949,0.9038
94,2015-12-01,49,65+,33.0000,34.3886,28.7219,41.6166,1.0363,0.8783,1.2208,1.0020
95,2015-12-02,49,0-5,19.0000,19.1439,15.5364,23.8655,1.3818,1.1652,1.6454,1.3171
95,2015-12-02,49,6-11,19.4286,18.5842,15.1007,22.7476,1.5493,1.3242,1.8122,1.5404
95,2015-12-02,49,12-17,12.8571,12.9673,10.4019,16.3009,1.3857,1.1862,1.6191,1.3624
95,2015-12-02,49,18-44,60.7143,59.9992,50.7687,71.6971,0.8876,0.7676,1.0286,0.8721
95,2015-12-02,49,45-64,58.8571,58.9695,49.6188,69.7069,0.9466,0.8096,1.1066,0.9301
95,2015-12-02,49,65+,33.4286,34.4167,28.7069,41.4066,1.0446,0.8858,1.2298,1.0244
96,2015-12-03,49,0-5,20.7143,20.0256,16.2686,24.9010,1.3977,1.1716,1.6610,1.3465
96,2015-12-03,49,6-11,19.4286,19.1260,15.5624,23.3370,1.5581,1.3334,1.8223,1.5155
96,2015-12-03,49,12-17,12.5714,12.9889,10.3109,16.2522,1.3981,1.1976,1.6358,1.3407
96,2015-12-03,49,18-44,59.2857,60.8026,51.2102,71.8165,0.8905,0.7681,1.0306,0.8624
96,2015-12-03,49,45-64,59.0000,59.9864,50.5249,70.7268,0.9490,0.8127,1.1085,0.9205
96,2015-12-03,49,65+,34.0000,34.4690,28.5895,41.6836,1.0478,0.8878,1.2347,1.0227
97,2015-12-04,49,0-5,21.0000,21.0008,17.1479,25.8317,1.4058,1.1810,1.6613,1.3639
97,2015-12-04,49,6-11,20.7143,19.6475,16.0188,24.0540,1.5693,1.3478,1.8280,1.5747
97,2015-12-04,49,12-17,13.2857,13.1215,10.4400,16.4625,1.4101,1.2062,1.6450,1.3984
97,2015-12-04,49,18-44,62.5714,61.5336,52.1045,72.5875,0.8907,0.7699,1.0292,0.8916
97,2015-12-04,49,45-64,60.8571,60.9958,51.3519,72.1923,0.9491,0.8129,1.1083,0.9533
97,2015-12-04,49,65+,36.1429,34.7179,28.7860,41.9596,1.0480,0.8896,1.2359,1.0659
98,2015-12-05,49,0-5,22.0000,22.0468,18.0178,26.8385,1.4140,1.1908,1.6769,1.3797
98,2015-12-05,49,6-11,20.5714,20.3410,16.4930,24.9032,1.5855,1.3581,1.8521,1.5578
98,2015-12-05,49,12-17,13.0000,13.3604,10.5951,16.7358,1.4220,1.2173,1.6564,1.3936
98,2015-12-05,49,18-44,64.4286,62.2181,53.0252,73.5597,0.8894,0.7711,1.0301,0.8991
98,2015-12-05,49,45-64,63.8571,62.0272,52.3304,73.2625,0.9464,0.8129,1.1062,0.9621
98,2015-12-05,49,65+,35.2857,35.0738,29.0901,42.1956,1.0464,0.8907,1.2383,1.0581
99,2015-12-06,50,0-5,23.7143,23.2513,18.7790,28.1608,1.4230,1.1977,1.6875,1.4032
99,2015-12-06,50,6-11,20.2857,21.1469,17.0494,25.7980,1.6077,1.3743,1.8742,1.5308
99,2015-12-06,50,12-17,13.8571,13.7324,10.8794,17.1151,1.4286,1.2248,1.6719,1.4181
99,2015-12-06,50,18-44,64.8571,63.2311,53.7468,74.8702,0.8895,0.7677,1.0293,0.8973
99,2015-12-06,50,45-64,65.4286,63.0344,53.3381,74.5016,0.9439,0.8090,1.1017,0.9616
99,2015-12-06,50,65+,35.5714,35.5486,29.4790,42.7842,1.0460,0.8853,1.2336,1.0542
100,2015-12-07,50,0-5,24.2857,24.4965,20.0129,29.5881,1.4277,1.2026,1.6899,1.3860
100,2015-12-07,50,6-11,22.0000,22.1912,18.0183,27.0621,1.6304,1.4004,1.8975,1.5595
100,2015-12-07,50,12-17,14.7143,14.1879,11.3053,17.5438,1.4408,1.2327,1.6794,1.4338
100,2015-12-07,50,18-44,64.7143,64.2892,54.3170,76.0484,0.8883,0.7717,1.0271,0.8883
100,2015-12-07,50,45-64,66.1429,64.0159,54.1961,75.6637,0.9413,0.8080,1.0936,0.9518
100,2015-12-07,50,65+,35.5714,36.1063,30.0742,43.6522,1.0462,0.8878,1.2289,1.0409
101,2015-12-08,50,0-5,26.8571,25.7709,21.0435,31.1188,1.4267,1.2045,1.6920,1.4306
101,2015-12-08,50,6-11,22.8571,23.4653,18.8900,28.5512,1.6584,1.4225,1.9352,1.5675
101,2015-12-08,50,12-17,15.0000,14.7408,11.8005,18.4117,1.4601,1.2518,1.7032,1.4241
101,2015-12-08,50,18-44,65.1429,65.4561,55.2068,77.8937,0.8924,0.7741,1.0256,0.8873
101,2015-12-08,50,45-64,66.2857,64.9789,55.1708,76.6129,0.9444,0.8116,1.0972,0.9470
101,2015-12-08,50,65+,37.2857,36.8361,30.6665,44.5475,1.0523,0.8965,1.2319,1.0496
102,2015-12-09,50,0-5,29.0000,27.0953,22.1715,32.6569,1.4391,1.2196,1.7122,1.4456
102,2015-12-09,50,6-11,24.8571,25.0380,20.2957,30.4719,1.6998,1.4562,1.9787,1.5870
102,2015-12-09,50,12-17,14.7143,15.4662,12.3756,19.1417,1.4922,1.2762,1.7434,1.3733
102,2015-12-09,50,18-44,65.1429,66.9890,56.9377,80.1559,0.9009,0.7834,1.0392,0.8682
102,2015-12-09,50,45-64,64.1429,66.0143,56.2210,77.7281,0.9519,0.8178,1.1060,0.9142
102,2015-12-09,50,65+,36.7143,37.8442,31.6314,45.7742,1.0573,0.9007,1.2386,1.0149
103,2015-12-10,50,0-5,26.8571,28.3903,23.2500,34.3761,1.4562,1.2333,1.7212,1.3479
103,2015-12-10,50,6-11,25.1429,26.8425,21.9410,32.6328,1.7423,1.4878,2.0358,1.5549
103,2015-12-10,50,12-17,15.1429,16.3368,13.1340,20.2840,1.5269,1.3124,1.7813,1.3703
103,2015-12-10,50,18-44,66.5714,68.8772,58.3467,82.1780,0.9119,0.7926,1.0507,0.8520
103,2015-12-10,50,45-64,64.2857,67.2175,56.9136,78.9336,0.9616,0.8276,1.1185,0.9038
103,2015-12-10,50,65+,36.5714,38.8745,32.6485,46.8699,1.0684,0.9090,1.2517,1.0000
104,2015-12-11,50,0-5,30.0000,29.8369,24.6819,36.1771,1.4746,1.2498,1.7488,1.4448
104,2015-12-11,50,6-11,30.2857,29.0568,23.9091,35.2958,1.7804,1.5243,2.0794,1.7197
104,2015-12-11,50,12-17,16.5714,17.3762,14.0456,21.5989,1.5537,1.3299,1.8135,1.4573
104,2015-12-11,50,18-44,70.8571,71.0977,60.5203,84.5376,0.9200,0.8006,1.0621,0.9018
104,2015-12-11,50,45-64,67.8571,68.5055,57.8289,80.7891,0.9667,0.8330,1.1235,0.9491
104,2015-12-11,50,65+,38.2857,39.9885,33.6989,47.8342,1.0718,0.9121,1.2580,1.0458
105,2015-12-12,50,0-5,31.5714,31.3699,25.9129,38.0103,1.4995,1.2676,1.7776,1.4675
105,2015-12-12,50,6-11,32.8571,31.6741,26.1216,38.2734,1.8099,1.5539,2.1136,1.7627
105,2015-12-12,50,12-17,18.5714,18.6128,15.0913,23.0343,1.5815,1.3566,1.8521,1.5262
105,2015-12-12,50,18-44,73.8571,73.4922,62.4335,87.2624,0.9286,0.8056,1.0693,0.9207
105,2015-12-12,50,45-64,69.8571,70.0359,59.2335,83.0044,0.9708,0.8350,1.1272,0.9725
105,2015-12-12,50,65+,41.5714,41.0966,34.6299,48.8592,1.0712,0.9134,1.2548,1.0857
106,2015-12-13,51,0-5,32.2857,33.0874,27.4290,40.4345,1.5251,1.2884,1.8034,1.4409
106,2015-12-13,51,6-11,35.1429,34.6129,28.5529,41.5593,1.8405,1.5752,2.1578,1.7519
106,2015-12-13,51,12-17,19.8571,20.0396,16.2340,24.6110,1.6005,1.3688,1.8743,1.5268
106,2015-12-13,51,18-44,75.2857,76.3587,65.0447,90.8551,0.9290,0.8071,1.0710,0.9075
106,2015-12-13,51,45-64,70.1429,71.6180,60.3263,84.9809,0.9652,0.8305,1.1212,0.9594
106,2015-12-13,51,65+,43.2857,42.1892,35.4296,50.2522,1.0580,0.9025,1.2406,1.0799
107,2015-12-14,51,0-5,34.5714,35.2083,29.0506,43.0902,1.5502,1.3152,1.8338,1.4726
107,2015-12-14,51,6-11,37.8571,37.9758,31.6507,45.3399,1.8679,1.6049,2.1867,1.7777
107,2015-12-14,51,12-17,22.2857,21.6927,17.6337,26.7651,1.6181,1.3892,1.8824,1.5883
107,2015-12-14,51,18-44,79.8571,79.7310,67.5451,94.8486,0.9287,0.8105,1.0687,0.9254
107,2015-12-14,51,45-64,74.2857,73.3025,62.0969,86.9804,0.9567,0.8251,1.1100,0.9774
107,2015-12-14,51,65+,44.1429,43.2056,36.0991,51.7158,1.0382,0.8873,1.2184,1.0863
108,2015-12-15,51,0-5,37.1429,37.8884,31.3396,46.2700,1.5755,1.3361,1.8700,1.5006
108,2015-12-15,51,6-11,43.2857,41.9748,34.9128,50.0340,1.9041,1.6206,2.2278,1.8404
108,2015-12-15,51,12-17,22.7143,23.6491,19.0517,28.9546,1.6243,1.3919,1.9059,1.5598
108,2015-12-15,51,18-44,84.4286,83.3077,70.4352,99.1295,0.9236,0.8057,1.0640,0.9300
108,2015-12-15,51,45-64,75.7143,75.4333,63.9040,89.6054,0.9417,0.8141,1.0910,0.9718
108,2015-12-15,51,65+,45.5714,43.8980,36.7502,52.5765,1.0118,0.8656,1.1809,1.0814
109,2015-12-16,51,0-5,39.0000,41.1948,34.3435,49.7715,1.6024,1.3573,1.8963,1.5037
109,2015-12-16,51,6-11,44.7143,46.7818,38.9060,55.8392,1.9376,1.6589,2.2589,1.8137
109,2015-12-16,51,12-17,25.8571,25.8348,20.9139,31.5360,1.6261,1.3948,1.8984,1.6204
109,2015-12-16,51,18-44,90.2857,87.2730,73.8456,104.4316,0.9160,0.7973,1.0524,0.9400
109,2015-12-16,51,45-64,80.4286,77.5418,65.5493,92.0000,0.9224,0.7947,1.0668,0.9857
109,2015-12-16,51,65+,46.8571,44.3603,37.2302,53.1964,0.9787,0.8357,1.1411,1.0854
110,2015-12-17,51,0-5,44.5714,45.1190,38.0598,54.3192,1.6117,1.3626,1.9211,1.5474
110,2015-12-17,51,6-11,49.1429,52.5459,43.9158,62.9550,1.9608,1.6785,2.3029,1.8109
110,2015-12-17,51,12-17,27.0000,28.3397,23.0404,34.3113,1.6185,1.3829,1.8894,1.5748
110,2015-12-17,51,18-44,91.4286,91.5581,78.1569,108.4713,0.9025,0.7857,1.0351,0.9186
110,2015-12-17,51,45-64,80.8571,79.7105,67.0361,94.3104,0.8983,0.7751,1.0408,0.9507
110,2015-12-17,51,65+,46.2857,44.5754,37.4628,53.6233,0.9418,0.8076,1.1023,1.0415
111,2015-12-18,51,0-5,50.2857,49.7305,42.0595,60.1522,1.6172,1.3660,1.9311,1.5900
111,2015-12-18,51,6-11,56.7143,59.4140,49.8865,71.1749,1.9721,1.6749,2.3074,1.8722
111,2015-12-18,51,12-17,30.7143,31.1215,25.6127,37.6032,1.5901,1.3627,1.8648,1.6122
111,2015-12-18,51,18-44,94.1429,95.8794,81.5001,113.9298,0.8846,0.7720,1.0115,0.9148
111,2015-12-18,51,45-64,82.2857,81.6575,69.0940,95.7557,0.8709,0.7524,1.0077,0.9358
111,2015-12-18,51,65+,45.8571,44.3894,37.3664,53.4133,0.9055,0.7775,1.0529,1.0139
112,2015-12-19,51,0-5,55.5714,55.1720,46.5317,66.2836,1.6166,1.3586,1.9152,1.6263
112,2015-12-19,51,6-11,67.7143,67.6136,56.7461,80.8428,1.9505,1.6629,2.3040,1.9808
112,2015-12-19,51,12-17,36.4286,33.9304,28.0672,40.9934,1.5589,1.3299,1.8211,1.6934
112,2015-12-19,51,18-44,102.2857,100.5193,85.4044,119.0369,0.8621,0.7533,0.9861,0.9258
112,2015-12-19,51,45-64,83.0000,83.3617,70.7978,98.0156,0.8430,0.7282,0.9780,0.9285
112,2015-12-19,51,65+,43.5714,44.0278,36.8474,52.6208,0.8729,0.7480,1.0181,0.9782
113,2015-12-20,52,0-5,62.0000,61.3318,52.0051,73.6311,1.5995,1.3425,1.8887,1.6583
113,2015-12-20,52,6-11,80.5714,76.7429,64.5657,91.3457,1.9183,1.6319,2.2527,2.0659
113,2015-12-20,52,12-17,39.1429,36.8354,30.5798,44.1540,1.5164,1.2956,1.7718,1.6888
113,2015-12-20,52,18-44,109.7143,104.5917,88.9604,123.4134,0.8356,0.7317,0.9557,0.9344
113,2015-12-20,52,45-64,86.8571,85.0809,71.7725,99.9705,0.8128,0.7037,0.9402,0.9285
113,2015-12-20,52,65+,43.7143,43.5337,36.4197,51.8096,0.8394,0.7197,0.9785,0.9703
114,2015-12-21,52,0-5,73.1429,68.2316,57.8983,81.8121,1.5716,1.3287,1.8694,1.7365
114,2015-12-21,52,6-11,93.8571,86.5811,72.7573,103.1042,1.8711,1.5968,2.1963,2.1173
114,2015-12-21,52,12-17,42.1429,39.7459,32.8562,47.6608,1.4760,1.2667,1.7284,1.6867
114,2015-12-21,52,18-44,117.8571,108.3849,92.4235,127.3445,0.8100,0.7120,0.9255,0.9486
114,2015-12-21,52,45-64,92.8571,86.9512,72.9190,101.8651,0.7859,0.6829,0.9116,0.9371
114,2015-12-21,52,65+,45.5714,43.0751,36.1699,50.9816,0.8115,0.6973,0.9449,0.9799
115,2015-12-22,52,0-5,72.8571,76.0655,64.2765,90.8345,1.5502,1.3004,1.8375,1.5241
115,2015-12-22,52,6-11,92.1429,96.8521,81.7862,114.7015,1.8238,1.5501,2.1511,1.8249
115,2015-12-22,52,12-17,42.5714,42.6358,35.2591,51.0376,1.4503,1.2401,1.7004,1.4972
115,2015-12-22,52,18-44,108.8571,112.7389,96.3792,132.2411,0.7909,0.6938,0.9021,0.8144
115,2015-12-22,52,45-64,83.8571,88.8219,74.6460,104.5143,0.7681,0.6658,0.8885,0.7995
115,2015-12-22,52,65+,39.0000,42.8240,35.9053,50.8620,0.7938,0.6821,0.9236,0.8238
116,2015-12-23,52,0-5,87.7143,84.3819,71.2368,100.3419,1.5329,1.2910,1.8216,1.6420
116,2015-12-23,52,6-11,111.7143,107.4825,91.4320,126.4868,1.7868,1.5232,2.0992,1.9539
116,2015-12-23,52,12-17,44.8571,45.6306,37.8245,54.5220,1.4364,1.2257,1.6704,1.5087
116,2015-12-23,52,18-44,116.7143,117.6708,100.8781,138.1934,0.7786,0.6829,0.8901,0.8440
116,2015-12-23,52,45-64,88.7143,91.3974,77.0567,107.5199,0.7578,0.6570,0.8781,0.8191
116,2015-12-23,52,65+,41.5714,42.9802,35.8350,50.9366,0.7836,0.6748,0.9138,0.8510
117,2015-12-24,52,0-5,87.7143,93.1016,79.0509,109.6613,1.5218,1.2785,1.8012,1.5237
117,2015-12-24,52,6-11,114.2857,117.6987,100.6068,138.0109,1.7575,1.4983,2.0598,1.8316
117,2015-12-24,52,12-17,46.4286,48.6041,40.1827,58.4765,1.4312,1.2257,1.6787,1.4644
117,2015-12-24,52,18-44,119.4286,122.7461,104.3314,144.7818,0.7738,0.6782,0.8827,0.8080
117,2015-12-24,52,45-64,90.7143,94.1647,79.7507,111.3334,0.7550,0.6540,0.8731,0.7959
117,2015-12-24,52,65+,42.5714,43.4445,36.2035,51.5485,0.7825,0.6720,0.9098,0.8329
118,2015-12-25,52,0-5,103.4286,102.0198,87.2305,119.9855,1.5076,1.2684,1.7983,1.6129
118,2015-12-25,52,6-11,129.8571,127.5458,109.1836,149.5804,1.7450,1.4846,2.0327,1.8899
118,2015-12-25,52,12-17,53.2857,51.6260,42.9084,61.7641,1.4398,1.2311,1.6815,1.5368
118,2015-12-25,52,18-44,126.7143,128.4327,109.5595,152.5253,0.7737,0.6784,0.8841,0.8247
118,2015-12-25,52,45-64,95.1429,97.2733,82.8921,115.5647,0.7577,0.6560,0.8767,0.8035
118,2015-12-25,52,65+,41.5714,44.2141,36.7195,52.7270,0.7877,0.6755,0.9139,0.8241
119,2015-12-26,52,0-5,115.2857,110.8497,94.4628,130.3102,1.4967,1.2669,1.7874,1.6191
119,2015-12-26,52,6-11,138.4286,136.9564,116.6219,160.2339,1.7304,1.4775,2.0245,1.8475
119,2015-12-26,52,12-17,53.4286,54.7950,46.1075,65.4047,1.4430,1.2321,1.6914,1.4822
119,2015-12-26,52,18-44,130.1429,135.3305,115.1722,159.8464,0.7775,0.6837,0.8877,0.8136
119,2015-12-26,52,45-64,100.7143,101.0498,85.3785,119.1566,0.7629,0.6638,0.8810,0.7961
119,2015-12-26,52,65+,43.4286,45.3855,37.6563,54.1980,0.7952,0.6861,0.9237,0.8231
120,2015-12-27,1,0-5,122.5714,119.2634,102.1022,140.4546,1.4908,1.2630,1.7761,1.5895
120,2015-12-27,1,6-11,145.4286,146.3818,125.4546,171.2363,1.7201,1.4752,2.0178,1.8118
120,2015-12-27,1,12-17,56.5714,58.1274,49.2844,69.1362,1.4501,1.2414,1.6976,1.4842
120,2015-12-27,1,18-44,140.7143,143.5973,122.5083,169.7467,0.7829,0.6881,0.8978,0.8134
120,2015-12-27,1,45-64,106.2857,105.1454,88.9276,123.3660,0.7710,0.6687,0.8903,0.8016
120,2015-12-27,1,65+,46.4286,47.0678,39.0296,56.2956,0.8055,0.6925,0.9376,0.8338
121,2015-12-28,1,0-5,128.2857,127.7984,109.8508,151.0178,1.4898,1.2621,1.7693,1.5493
121,2015-12-28,1,6-11,153.8571,155.1457,132.9586,183.0019,1.7173,1.4695,2.0166,1.7861
121,2015-12-28,1,12-17,60.5714,61.5283,52.0643,73.2440,1.4656,1.2520,1.7127,1.4821
121,2015-12-28,1,18-44,152.7143,154.0450,130.3359,180.7698,0.7939,0.6967,0.9072,0.8044
121,2015-12-28,1,45-64,107.5714,109.7384,92.7816,128.9896,0.7833,0.6800,0.9010,0.7902
121,2015-12-28,1,65+,48.2857,49.1814,41.0800,59.0587,0.8184,0.7051,0.9523,0.8227
122,2015-12-29,1,0-5,136.4286,136.0843,116.9976,160.7851,1.4966,1.2585,1.7597,1.5247
122,2015-12-29,1,6-11,159.5714,163.5413,141.2544,192.7680,1.7220,1.4692,2.0126,1.7413
122,2015-12-29,1,12-17,60.8571,65.2309,55.1933,77.8891,1.4747,1.2662,1.7321,1.4359
122,2015-12-29,1,18-44,159.1429,166.3699,141.0838,194.7512,0.8064,0.7057,0.9196,0.7929
122,2015-12-29,1,45-64,113.0000,115.1230,97.6799,134.7010,0.7968,0.6904,0.9177,0.7840
122,2015-12-29,1,65+,52.4286,51.8828,43.7183,62.0543,0.8312,0.7161,0.9649,0.8286
123,2015-12-30,1,0-5,144.1429,144.4898,123.8001,169.7590,1.5026,1.2735,1.7758,1.5267
123,2015-12-30,1,6-11,167.4286,171.3828,147.7107,201.8104,1.7147,1.4796,1.9983,1.7493
123,2015-12-30,1,12-17,70.1429,69.0896,58.0788,81.9947,1.4767,1.2683,1.7291,1.5183
123,2015-12-30,1,18-44,176.7143,180.2858,153.3426,211.5722,0.8178,0.7165,0.9329,0.8091
123,2015-12-30,1,45-64,119.5714,121.4789,102.9844,141.8362,0.8085,0.7012,0.9324,0.7999
123,2015-12-30,1,65+,54.4286,54.8549,46.4546,65.8870,0.8398,0.7233,0.9771,0.8342
124,2015-12-31,1,0-5,151.8571,152.7682,130.5827,179.3009,1.5051,1.2781,1.7673,1.5159
124,2015-12-31,1,6-11,179.1429,179.1931,154.2382,209.8959,1.6981,1.4623,1.9898,1.7567
124,2015-12-31,1,12-17,74.4286,72.7727,61.4008,85.8943,1.4638,1.2598,1.6989,1.5110
124,2015-12-31,1,18-44,189.5714,195.8864,166.7427,229.0811,0.8226,0.7217,0.9400,0.8053
124,2015-12-31,1,45-64,122.8571,128.6895,108.8772,150.5592,0.8140,0.7069,0.9400,0.7912
124,2015-12-31,1,65+,56.4286,58.0743,49.2636,69.3105,0.8438,0.7267,0.9781,0.8232
125,2016-01-01,1,0-5,162.5714,161.2959,137.8001,189.1757,1.5105,1.2789,1.7918,1.5687
125,2016-01-01,1,6-11,196.1429,186.0365,160.6553,218.0635,1.6732,1.4391,1.9400,1.8442
125,2016-01-01,1,12-17,80.2857,75.9507,64.5214,89.8748,1.4344,1.2349,1.6700,1.5769
125,2016-01-01,1,18-44,219.7143,212.7427,181.7593,247.4307,0.8236,0.7213,0.9421,0.8603
125,2016-01-01,1,45-64,140.1429,137.0210,116.0244,160.7244,0.8151,0.7071,0.9390,0.8523
125,2016-01-01,1,65+,66.2857,61.4626,51.9369,72.8663,0.8404,0.7249,0.9735,0.8971
126,2016-01-02,1,0-5,169.0000,170.5215,145.9226,199.6478,1.5167,1.2745,1.8107,1.5392
126,2016-01-02,1,6-11,202.1429,192.0127,165.8715,225.7947,1.6469,1.4121,1.9119,1.7994
126,2016-01-02,1,12-17,83.1429,78.5733,66.6551,92.9165,1.3969,1.2058,1.6223,1.5388
126,2016-01-02,1,18-44,236.2857,229.9189,196.6003,268.4800,0.8200,0.7174,0.9362,0.8484
126,2016-01-02,1,45-64,147.7143,146.2078,124.5735,171.3873,0.8091,0.7026,0.9300,0.8391
126,2016-01-02,1,65+,68.8571,64.5371,54.5672,76.6397,0.8298,0.7166,0.9590,0.8789
127,2016-01-03,2,0-5,182.5714,180.9229,155.8012,212.2637,1.5342,1.2923,1.8177,1.5492
127,2016-01-03,2,6-11,202.7143,196.6696,170.2087,230.4487,1.6287,1.3928,1.9023,1.7392
127,2016-01-03,2,12-17,83.4286,80.5850,68.6346,95.4333,1.3666,1.1763,1.5871,1.4836
127,2016-01-03,2,18-44,255.5714,247.9627,211.5519,289.8780,0.8172,0.7162,0.9372,0.8406
127,2016-01-03,2,45-64,157.4286,156.8838,133.9560,184.0119,0.8041,0.6973,0.9324,0.8258
127,2016-01-03,2,65+,68.8571,67.7808,57.4214,80.6252,0.8206,0.7088,0.9538,0.8513
128,2016-01-04,2,0-5,187.4286,193.2053,166.8495,227.8867,1.5587,1.3176,1.8510,1.5011
128,2016-01-04,2,6-11,198.5714,200.8414,173.5711,234.1872,1.6258,1.3932,1.8939,1.6574
128,2016-01-04,2,12-17,84.2857,82.0036,69.2444,96.6807,1.3429,1.1571,1.5615,1.4381
128,2016-01-04,2,18-44,266.4286,266.1923,227.6915,310.4682,0.8162,0.7144,0.9382,0.8206
128,2016-01-04,2,45-64,167.8571,168.6458,144.0996,198.5916,0.7995,0.6929,0.9249,0.8114
128,2016-01-04,2,65+,71.1429,71.0299,60.3119,84.1994,0.8122,0.6995,0.9407,0.8338
129,2016-01-05,2,0-5,215.1429,208.5352,179.8399,244.5549,1.6036,1.3498,1.8958,1.6175
129,2016-01-05,2,6-11,213.8571,205.7217,176.5473,240.2733,1.6456,1.4128,1.9138,1.7433
129,2016-01-05,2,12-17,90.1429,82.8730,70.5220,98.0148,1.3296,1.1459,1.5425,1.5029
129,2016-01-05,2,18-44,300.4286,283.9245,245.1957,333.1957,0.8213,0.7180,0.9412,0.8738
129,2016-01-05,2,45-64,190.7143,180.9805,155.4167,212.7780,0.7974,0.6907,0.9222,0.8616
129,2016-01-05,2,65+,77.2857,74.2767,62.6906,87.8082,0.8072,0.6979,0.9340,0.8780
130,2016-01-06,2,0-5,224.5714,227.1711,195.2410,266.6870,1.6665,1.4083,1.9639,1.5516
130,2016-01-06,2,6-11,206.0000,211.6731,181.1439,248.8532,1.6916,1.4569,1.9648,1.6252
130,2016-01-06,2,12-17,83.0000,83.5842,70.6780,98.7168,1.3359,1.1559,1.5499,1.3723
130,2016-01-06,2,18-44,297.0000,301.1444,259.8621,353.1043,0.8351,0.7311,0.9543,0.8231
130,2016-01-06,2,45-64,195.8571,193.3084,165.7845,226.3107,0.8039,0.6968,0.9271,0.8128
130,2016-01-06,2,65+,77.4286,77.2033,65.5316,91.4664,0.8121,0.7021,0.9409,0.8299
131,2016-01-07,2,0-5,236.0000,250.7860,214.4610,295.0473,1.7420,1.4654,2.0555,1.5166
131,2016-01-07,2,6-11,210.7143,220.8434,189.3073,260.2662,1.7628,1.5151,2.0605,1.5897
131,2016-01-07,2,12-17,79.7143,84.7388,72.0029,100.0780,1.3598,1.1759,1.5820,1.3032
131,2016-01-07,2,18-44,299.7143,320.6304,274.2929,375.6335,0.8582,0.7512,0.9835,0.7944
131,2016-01-07,2,45-64,199.4286,204.6900,175.4763,239.6206,0.8184,0.7085,0.9448,0.7809
131,2016-01-07,2,65+,76.8571,80.5998,68.2393,95.9094,0.8238,0.7117,0.9528,0.7940
132,2016-01-08,2,0-5,273.5714,281.0206,240.3916,328.2263,1.8187,1.5386,2.1720,1.6325
132,2016-01-08,2,6-11,221.8571,234.5398,200.6492,275.9194,1.8596,1.5961,2.1652,1.6497
132,2016-01-08,2,12-17,78.2857,86.2968,73.5941,101.9686,1.4039,1.2148,1.6241,1.3099
132,2016-01-08,2,18-44,331.5714,342.2647,292.1057,401.0922,0.8878,0.7774,1.0174,0.8300
132,2016-01-08,2,45-64,212.2857,216.3593,184.8939,252.9076,0.8383,0.7276,0.9675,0.8051
132,2016-01-08,2,65+,80.4286,84.1244,70.9446,100.0731,0.8413,0.7266,0.9716,0.8137
133,2016-01-09,2,0-5,312.0000,316.3688,270.9461,369.0975,1.9046,1.6082,2.2596,1.7176
133,2016-01-09,2,6-11,239.1429,253.2947,216.6259,297.2007,1.9625,1.6840,2.2891,1.7177
133,2016-01-09,2,12-17,82.2857,88.8508,75.3340,104.8042,1.4549,1.2613,1.6886,1.3503
133,2016-01-09,2,18-44,361.8571,365.8888,312.4678,427.6417,0.9205,0.8073,1.0522,0.8581
133,2016-01-09,2,45-64,223.1429,227.7042,195.1812,264.3552,0.8624,0.7500,0.9929,0.8241
133,2016-01-09,2,65+,84.8571,87.8816,74.3589,104.4797,0.8606,0.7477,0.9910,0.8301
134,2016-01-10,3,0-5,353.8571,361.1651,308.7551,421.3954,1.9784,1.6776,2.3451,1.7677
134,2016-01-10,3,6-11,265.8571,278.7304,239.9004,328.0946,2.0652,1.7711,2.4000,1.7857
134,2016-01-10,3,12-17,89.0000,92.3586,78.3106,109.3793,1.4949,1.2982,1.7295,1.3895
134,2016-01-10,3,18-44,384.4286,393.4953,336.8182,460.3095,0.9471,0.8308,1.0849,0.8692
134,2016-01-10,3,45-64,232.2857,239.5061,205.2723,277.4748,0.8808,0.7662,1.0159,0.8282
134,2016-01-10,3,65+,89.0000,91.7907,77.6593,108.5677,0.8752,0.7594,1.0109,0.8325
135,2016-01-11,3,0-5,409.5714,415.9093,355.9605,486.3932,2.0271,1.7056,2.4200,1.8405
135,2016-01-11,3,6-11,303.1429,314.3132,269.4726,367.0904,2.1330,1.8325,2.4890,1.8759
135,2016-01-11,3,12-17,93.8571,97.0523,82.2907,114.5447,1.5134,1.3103,1.7481,1.4123
135,2016-01-11,3,18-44,421.0000,426.6229,367.6941,500.5005,0.9608,0.8419,1.1002,0.8891
135,2016-01-11,3,45-64,243.0000,252.2127,216.4998,294.7806,0.8865,0.7703,1.0236,0.8365
135,2016-01-11,3,65+,94.2857,96.3784,81.6622,113.2564,0.8748,0.7601,1.0094,0.8395
136,2016-01-12,3,0-5,486.4286,482.3320,413.5056,566.4668,2.0331,1.7213,2.4000,1.9592
136,2016-01-12,3,6-11,363.7143,360.3566,308.4477,420.7051,2.1571,1.8467,2.5114,2.0406
136,2016-01-12,3,12-17,105.4286,102.9722,87.9443,120.7875,1.5054,1.3008,1.7424,1.5067
136,2016-01-12,3,18-44,482.2857,467.0954,404.3690,546.1707,0.9554,0.8386,1.0894,0.9454
136,2016-01-12,3,45-64,272.4286,267.4253,229.5592,314.2079,0.8758,0.7613,1.0069,0.8861
136,2016-01-12,3,65+,105.8571,101.4380,86.2713,119.6296,0.8602,0.7482,0.9876,0.8884
137,2016-01-13,3,0-5,577.1429,560.8940,480.5453,658.0675,2.0055,1.6965,2.3946,2.0276
137,2016-01-13,3,6-11,436.7143,416.3895,356.1584,485.8850,2.1438,1.8344,2.5024,2.1460
137,2016-01-13,3,12-17,116.4286,109.9742,93.6726,130.0226,1.4741,1.2782,1.6978,1.5413
137,2016-01-13,3,18-44,535.8571,515.0822,443.0356,601.2055,0.9357,0.8215,1.0691,0.9640
137,2016-01-13,3,45-64,297.5714,285.0897,245.6098,335.2751,0.8534,0.7424,0.9859,0.8960
137,2016-01-13,3,65+,113.4286,107.0156,90.8027,125.9991,0.8329,0.7237,0.9572,0.8930
138,2016-01-14,3,0-5,643.7143,650.1969,557.8250,762.5650,1.9474,1.6349,2.3078,1.9596
138,2016-01-14,3,6-11,481.2857,481.7509,414.4852,564.0908,2.0939,1.7923,2.4484,2.0722
138,2016-01-14,3,12-17,121.4286,118.2210,100.9024,139.1572,1.4204,1.2301,1.6388,1.4767
138,2016-01-14,3,18-44,580.5714,571.2822,487.8967,664.0717,0.9023,0.7905,1.0276,0.9260
138,2016-01-14,3,45-64,311.0000,306.9486,264.0910,359.5977,0.8197,0.7130,0.9438,0.8558
138,2016-01-14,3,65+,116.2857,113.1892,96.6735,133.0652,0.7952,0.6925,0.9132,0.8474
139,2016-01-15,3,0-5,782.4286,747.1925,644.1956,871.5751,1.8782,1.5822,2.2170,2.0557
139,2016-01-15,3,6-11,586.1429,556.6230,477.3046,653.2808,2.0247,1.7256,2.3671,2.1815
139,2016-01-15,3,12-17,137.2857,127.2351,108.5521,149.1994,1.3565,1.1689,1.5665,1.5215
139,2016-01-15,3,18-44,662.5714,635.2941,544.5992,742.2850,0.8622,0.7572,0.9847,0.9530
139,2016-01-15,3,45-64,345.7143,333.4757,286.3700,388.4538,0.7808,0.6780,0.8986,0.8718
139,2016-01-15,3,65+,125.7143,120.1798,101.9376,141.4289,0.7528,0.6554,0.8637,0.8561
140,2016-01-16,3,0-5,879.0000,855.0268,737.1648,995.0249,1.8025,1.5173,2.1426,1.9857
140,2016-01-16,3,6-11,664.2857,640.1479,547.6044,750.9290,1.9487,1.6697,2.2818,2.1213
140,2016-01-16,3,12-17,142.2857,137.1493,116.7176,159.2394,1.2983,1.1216,1.4983,1.4462
140,2016-01-16,3,18-44,717.0000,705.0312,603.4748,823.0817,0.8237,0.7234,0.9386,0.9137
140,2016-01-16,3,45-64,366.4286,361.7490,309.4020,423.9821,0.7434,0.6462,0.8567,0.8313
140,2016-01-16,3,65+,129.0000,127.2389,107.9993,150.0981,0.7128,0.6205,0.8169,0.8111
141,2016-01-17,4,0-5,978.4286,965.6576,829.0687,1121.0690,1.7447,1.4601,2.0728,1.9286
141,2016-01-17,4,6-11,749.8571,729.5666,621.8880,850.1603,1.8859,1.6081,2.2245,2.0794
141,2016-01-17,4,12-17,149.5714,146.9803,125.3477,171.0330,1.2476,1.0775,1.4476,1.4047
141,2016-01-17,4,18-44,796.5714,781.2229,665.8658,910.8698,0.7894,0.6927,0.9007,0.8940
141,2016-01-17,4,45-64,399.1429,393.4355,340.1336,463.4500,0.7107,0.6173,0.8186,0.8139
141,2016-01-17,4,65+,137.1429,134.6621,114.6180,158.3142,0.6773,0.5903,0.7773,0.7911
142,2016-01-18,4,0-5,1093.4286,1078.8748,928.6100,1260.4910,1.7033,1.4314,2.0347,1.8872
142,2016-01-18,4,6-11,833.5714,824.2024,707.3723,962.6197,1.8481,1.5726,2.1719,2.0285
142,2016-01-18,4,12-17,160.0000,157.9806,134.8795,183.9222,1.2186,1.0572,1.4070,1.3785
142,2016-01-18,4,18-44,873.2857,857.8434,735.9021,1004.2445,0.7672,0.6742,0.8754,0.8760
142,2016-01-18,4,45-64,438.4286,428.7768,370.0922,502.8850,0.6882,0.5975,0.7942,0.8001
142,2016-01-18,4,65+,146.7143,141.9499,121.4147,166.8415,0.6521,0.5677,0.7477,0.7754
143,2016-01-19,4,0-5,1203.8571,1202.9392,1035.6162,1405.0113,1.6804,1.4112,2.0004,1.8244
143,2016-01-19,4,6-11,922.5714,924.3469,793.5980,1082.4958,1.8361,1.5617,2.1622,1.9639
143,2016-01-19,4,12-17,169.4286,170.3739,145.5217,198.2966,1.2092,1.0518,1.3950,1.3266
143,2016-01-19,4,18-44,929.8571,938.2001,805.6599,1100.0435,0.7554,0.6639,0.8626,0.8387
143,2016-01-19,4,45-64,461.0000,464.9848,399.2411,544.8582,0.6760,0.5876,0.7778,0.7621
143,2016-01-19,4,65+,148.1429,149.7829,128.3068,175.8851,0.6366,0.5550,0.7272,0.7317
144,2016-01-20,4,0-5,1312.8571,1332.1660,1153.3732,1552.2205,1.6772,1.4092,1.9978,1.7737
144,2016-01-20,4,6-11,1025.4286,1033.4653,893.2517,1206.0447,1.8481,1.5707,2.1692,1.9281
144,2016-01-20,4,12-17,177.8571,184.1586,157.2694,214.9572,1.2259,1.0645,1.4192,1.2887
144,2016-01-20,4,18-44,997.4286,1022.7461,880.3731,1197.9216,0.7569,0.6643,0.8646,0.8158
144,2016-01-20,4,45-64,494.5714,501.9191,431.5367,589.6785,0.6773,0.5875,0.7803,0.7412
144,2016-01-20,4,65+,154.8571,157.3141,134.2942,183.9211,0.6327,0.5518,0.7246,0.7092
145,2016-01-21,4,0-5,1395.7143,1466.2470,1272.3054,1712.1295,1.6908,1.4247,2.0181,1.6872
145,2016-01-21,4,6-11,1095.4286,1158.8597,997.8617,1346.3545,1.8829,1.6095,2.2101,1.8343
145,2016-01-21,4,12-17,184.7143,200.3433,171.8341,235.4851,1.2692,1.0946,1.4624,1.2253
145,2016-01-21,4,18-44,1029.2857,1111.6098,957.8052,1305.2583,0.7697,0.6755,0.8756,0.7703
145,2016-01-21,4,45-64,507.7143,541.4982,465.4444,634.6131,0.6890,0.5985,0.7948,0.6983
145,2016-01-21,4,65+,157.0000,164.7803,140.0322,192.1994,0.6395,0.5588,0.7315,0.6666
146,2016-01-22,4,0-5,1600.1429,1617.2146,1403.2906,1889.4093,1.7160,1.4527,2.0452,1.7551
146,2016-01-22,4,6-11,1292.0000,1298.7297,1125.7895,1502.8558,1.9209,1.6368,2.2545,1.9313
146,2016-01-22,4,12-17,205.4286,220.1896,189.4463,257.9802,1.3123,1.1359,1.5177,1.2649
146,2016-01-22,4,18-44,1152.2857,1211.7431,1041.9124,1421.0530,0.7851,0.6904,0.8960,0.7940
146,2016-01-22,4,45-64,559.7143,584.0033,499.1184,683.2793,0.7038,0.6125,0.8144,0.7130
146,2016-01-22,4,65+,159.4286,172.5163,147.1777,201.3858,0.6500,0.5684,0.7449,0.6682
147,2016-01-23,4,0-5,1773.1429,1786.3865,1540.0611,2083.9621,1.7379,1.4673,2.0725,1.7727
147,2016-01-23,4,6-11,1470.5714,1462.6894,1256.6460,1690.2532,1.9574,1.6716,2.3135,1.9730
147,2016-01-23,4,12-17,238.7143,244.8584,209.9178,288.5038,1.3585,1.1767,1.5708,1.3202
147,2016-01-23,4,18-44,1297.4286,1324.2439,1133.5005,1549.9601,0.8000,0.7032,0.9123,0.8089
147,2016-01-23,4,45-64,610.7143,633.4070,542.6795,742.4346,0.7190,0.6248,0.8291,0.7261
147,2016-01-23,4,65+,173.8571,181.5946,154.7219,211.6425,0.6612,0.5774,0.7569,0.6777
148,2016-01-24,5,0-5,1968.0000,1974.0768,1705.8646,2294.5409,1.7546,1.4772,2.0838,1.7831
148,2016-01-24,5,6-11,1636.5714,1652.8819,1414.0376,1901.9240,1.9926,1.6895,2.3447,1.9776
148,2016-01-24,5,12-17,279.4286,275.7720,236.4461,323.7769,1.3951,1.2039,1.6248,1.3739
148,2016-01-24,5,18-44,1458.1429,1456.6816,1246.0804,1700.3667,0.8101,0.7137,0.9225,0.8211
148,2016-01-24,5,45-64,682.8571,686.9481,590.2126,804.7437,0.7292,0.6351,0.8383,0.7413
148,2016-01-24,5,65+,193.4286,191.7834,164.1351,223.7652,0.6687,0.5855,0.7639,0.6906
149,2016-01-25,5,0-5,2176.0000,2190.1668,1880.9136,2552.0648,1.7649,1.4769,2.0947,1.7822
149,2016-01-25,5,6-11,1844.0000,1869.2382,1601.9318,2170.5128,2.0091,1.7176,2.3854,1.9871
149,2016-01-25,5,12-17,323.7143,312.9952,267.7470,366.0476,1.4254,1.2313,1.6635,1.4058
149,2016-01-25,5,18-44,1629.7143,1606.4873,1375.8028,1872.0939,0.8162,0.7160,0.9315,0.8251
149,2016-01-25,5,45-64,757.5714,750.5643,647.3025,877.2720,0.7343,0.6379,0.8470,0.7452
149,2016-01-25,5,65+,206.5714,204.9129,175.4404,239.7873,0.6712,0.5872,0.7678,0.6881
150,2016-01-26,5,0-5,2427.5714,2431.5107,2077.7132,2824.3267,1.7657,1.4911,2.1033,1.7932
150,2016-01-26,5,6-11,2116.1429,2122.9725,1814.7882,2469.6509,2.0236,1.7256,2.3836,2.0194
150,2016-01-26,5,12-17,369.5714,359.4731,306.5028,421.5184,1.4540,1.2507,1.6948,1.4265
150,2016-01-26,5,18-44,1818.7143,1779.8400,1535.7164,2072.5234,0.8152,0.7175,0.9280,0.8327
150,2016-01-26,5,45-64,854.2857,827.6774,713.3312,964.5839,0.7325,0.6371,0.8426,0.7528
150,2016-01-26,5,65+,226.1429,221.7841,189.8007,259.6199,0.6678,0.5845,0.7621,0.6923
151,2016-01-27,5,0-5,2698.7143,2706.3534,2318.8044,3152.9812,1.7767,1.4870,2.1059,1.7899
151,2016-01-27,5,6-11,2423.1429,2416.4275,2084.8080,2833.6882,2.0432,1.7509,2.4076,2.0334
151,2016-01-27,5,12-17,425.7143,416.6453,357.1002,490.8411,1.4846,1.2841,1.7334,1.4345
151,2016-01-27,5,18-44,2016.0000,1968.3570,1700.1001,2298.5523,0.8150,0.7167,0.9268,0.8278
151,2016-01-27,5,45-64,931.8571,916.9592,783.5908,1062.5016,0.7300,0.6361,0.8389,0.7447
151,2016-01-27,5,65+,244.0000,241.4766,206.9395,282.1288,0.6627,0.5805,0.7559,0.6817
152,2016-01-28,5,0-5,2914.2857,3013.5567,2592.8496,3520.1187,1.7593,1.4760,2.0887,1.7248
152,2016-01-28,5,6-11,2644.7143,2772.4162,2376.2937,3231.6982,2.0494,1.7395,2.4241,1.9515
152,2016-01-28,5,12-17,462.2857,489.2472,419.1348,578.5542,1.5337,1.3143,1.7770,1.3691
152,2016-01-28,5,18-44,2138.5714,2195.8616,1885.2016,2571.9898,0.8087,0.7125,0.9178,0.7888
152,2016-01-28,5,45-64,981.7143,1016.7888,869.4718,1186.2347,0.7239,0.6314,0.8300,0.7059
152,2016-01-28,5,65+,253.0000,265.0086,226.9602,307.6629,0.6538,0.5723,0.7456,0.6440
153,2016-01-29,5,0-5,3390.4286,3369.7109,2897.3685,3937.5373,1.7356,1.4544,2.0593,1.8161
153,2016-01-29,5,6-11,3235.1429,3184.6324,2736.7582,3736.5431,2.0375,1.7338,2.4009,2.0998
153,2016-01-29,5,12-17,570.1429,587.0564,499.5621,689.4098,1.5696,1.3481,1.8260,1.4783
153,2016-01-29,5,18-44,2467.0000,2448.7171,2095.6815,2858.9233,0.7985,0.7034,0.9073,0.8339
153,2016-01-29,5,45-64,1148.8571,1127.9028,966.7050,1318.9617,0.7141,0.6246,0.8193,0.7481
153,2016-01-29,5,65+,302.0000,292.3573,249.0008,340.1077,0.6423,0.5633,0.7328,0.6853
154,2016-01-30,5,0-5,3749.1429,3747.5911,3210.7187,4332.9366,1.6936,1.4262,2.0144,1.7914
154,2016-01-30,5,6-11,3618.1429,3653.2259,3146.1072,4302.6484,2.0134,1.7161,2.3744,2.0618
154,2016-01-30,5,12-17,671.8571,709.6683,599.8577,834.4796,1.6027,1.3814,1.8816,1.4896
154,2016-01-30,5,18-44,2717.5714,2706.7856,2314.6061,3164.5689,0.7848,0.6933,0.8880,0.8194
154,2016-01-30,5,45-64,1251.1429,1244.4135,1068.3698,1456.9519,0.7026,0.6159,0.8034,0.7339
154,2016-01-30,5,65+,327.4286,321.6309,274.5116,375.0570,0.6278,0.5521,0.7152,0.6693
155,2016-01-31,6,0-5,4087.1429,4141.1210,3549.5170,4783.7077,1.6449,1.3835,1.9569,1.7505
155,2016-01-31,6,6-11,4000.7143,4160.2317,3599.4775,4882.1679,1.9641,1.6717,2.3049,2.0118
155,2016-01-31,6,12-17,797.4286,864.0776,734.2426,1009.4043,1.6263,1.3901,1.9041,1.5053
155,2016-01-31,6,18-44,3015.7143,3008.9876,2579.9965,3508.9228,0.7648,0.6753,0.8668,0.8049
155,2016-01-31,6,45-64,1373.1429,1375.3397,1184.7494,1610.2085,0.6868,0.5997,0.7852,0.7218
155,2016-01-31,6,65+,351.4286,352.3947,299.8242,412.3391,0.6105,0.5362,0.6945,0.6531
156,2016-02-01,6,0-5,4476.1429,4545.2850,3911.7303,5219.0454,1.5816,1.3390,1.8906,1.7274
156,2016-02-01,6,6-11,4559.5714,4736.1016,4067.4205,5463.7479,1.8778,1.5961,2.2079,2.0195
156,2016-02-01,6,12-17,1026.0000,1057.5554,909.0976,1237.3819,1.6063,1.3752,1.8707,1.6001
156,2016-02-01,6,18-44,3328.2857,3326.4645,2838.9090,3859.5239,0.7374,0.6516,0.8370,0.8018
156,2016-02-01,6,45-64,1513.5714,1508.0898,1300.2187,1772.3206,0.6645,0.5826,0.7606,0.7214
156,2016-02-01,6,65+,384.7143,386.1767,327.8902,452.1855,0.5903,0.5193,0.6727,0.6471
157,2016-02-02,6,0-5,5021.8571,4934.6166,4284.1376,5662.0446,1.5095,1.2682,1.8124,1.7486
157,2016-02-02,6,6-11,5336.8571,5262.5620,4549.8336,6073.0612,1.7671,1.5008,2.0910,2.0782
157,2016-02-02,6,12-17,1344.4286,1278.3670,1103.8203,1489.4274,1.5157,1.2977,1.7775,1.7241
157,2016-02-02,6,18-44,3740.4286,3645.1039,3129.2087,4240.5657,0.7035,0.6206,0.7995,0.8151
157,2016-02-02,6,45-64,1690.0000,1654.4792,1426.1148,1928.5185,0.6354,0.5566,0.7272,0.7334
157,2016-02-02,6,65+,430.0000,422.7327,358.8114,493.6038,0.5674,0.4984,0.6463,0.6530
158,2016-02-03,6,0-5,5582.7143,5299.0887,4608.8784,6111.7522,1.4369,1.2166,1.7253,1.7483
158,2016-02-03,6,6-11,6134.4286,5744.6803,4969.0397,6601.8110,1.6393,1.3953,1.9322,2.0940
158,2016-02-03,6,12-17,1696.0000,1495.0433,1293.4692,1741.5556,1.4041,1.1985,1.6481,1.7902
158,2016-02-03,6,18-44,4181.8571,3951.3749,3412.1943,4614.2348,0.6685,0.5889,0.7608,0.8175
158,2016-02-03,6,45-64,1900.0000,1806.6756,1548.6395,2108.2446,0.6064,0.5292,0.6964,0.7368
158,2016-02-03,6,65+,483.1429,462.4806,397.7140,536.8900,0.5461,0.4788,0.6247,0.6538
159,2016-02-04,6,0-5,5954.7143,5626.6055,4903.8230,6468.4580,1.3748,1.1556,1.6493,1.6680
159,2016-02-04,6,6-11,6611.1429,6116.5843,5295.8525,7030.1536,1.5294,1.3015,1.8032,1.9780
159,2016-02-04,6,12-17,1880.4286,1697.8694,1464.8582,1966.9456,1.2926,1.1126,1.5166,1.6713
159,2016-02-04,6,18-44,4472.4286,4282.5371,3689.2106,4998.7729,0.6420,0.5654,0.7323,0.7743
159,2016-02-04,6,45-64,2044.2857,1971.6637,1700.0680,2297.7296,0.5859,0.5129,0.6726,0.6970
159,2016-02-04,6,65+,528.4286,506.0464,439.0188,590.4285,0.5347,0.4690,0.6111,0.6226
160,2016-02-05,6,0-5,5649.2857,5918.6102,5154.2144,6783.9585,1.3324,1.1212,1.5867,1.4361
160,2016-02-05,6,6-11,6241.8571,6364.4834,5520.7781,7354.9552,1.4442,1.2353,1.7020,1.6775
160,2016-02-05,6,12-17,1897.0000,1855.2516,1602.9792,2136.2884,1.2055,1.0357,1.4072,1.4395
160,2016-02-05,6,18-44,4358.5714,4649.8987,3998.3839,5441.5087,0.6279,0.5532,0.7150,0.6685
160,2016-02-05,6,45-64,1996.1429,2168.1063,1867.3886,2524.8248,0.5783,0.5061,0.6647,0.6034
160,2016-02-05,6,65+,512.5714,561.2242,485.9393,658.6543,0.5365,0.4705,0.6120,0.5391
161,2016-02-06,6,0-5,5846.0000,6176.0748,5350.7495,7066.4056,1.3111,1.0917,1.5597,1.3935
161,2016-02-06,6,6-11,6363.7143,6487.9694,5625.6223,7521.3253,1.3767,1.1750,1.6136,1.5993
161,2016-02-06,6,12-17,1957.4286,1953.1222,1693.2071,2259.0788,1.1451,0.9823,1.3307,1.3561
161,2016-02-06,6,18-44,4585.8571,5045.7169,4358.4769,5947.8253,0.6246,0.5498,0.7109,0.6489
161,2016-02-06,6,45-64,2148.8571,2389.5404,2068.4613,2803.6999,0.5823,0.5083,0.6699,0.5885
161,2016-02-06,6,65+,557.2857,628.9178,545.4936,736.4025,0.5481,0.4799,0.6276,0.5307
162,2016-02-07,7,0-5,6284.0000,6372.6970,5495.0017,7368.9168,1.2835,1.0711,1.5379,1.4383
162,2016-02-07,7,6-11,6669.8571,6466.0935,5627.5238,7405.0011,1.3225,1.1312,1.5468,1.6201
162,2016-02-07,7,12-17,2055.7143,1996.6543,1734.4342,2297.7150,1.0977,0.9465,1.2807,1.3598
162,2016-02-07,7,18-44,5134.8571,5442.2337,4667.8608,6358.2354,0.6240,0.5477,0.7137,0.6782
162,2016-02-07,7,45-64,2496.4286,2623.6544,2268.7170,3071.9974,0.5890,0.5126,0.6793,0.6216
162,2016-02-07,7,65+,641.5714,704.1631,610.2640,821.0205,0.5629,0.4907,0.6443,0.5654
163,2016-02-08,7,0-5,6707.2857,6499.3116,5587.3933,7552.7460,1.2594,1.0625,1.5014,1.4754
163,2016-02-08,7,6-11,6713.2857,6294.3067,5513.8743,7218.7241,1.2831,1.0986,1.4979,1.6089
163,2016-02-08,7,12-17,2057.2857,1981.9206,1722.7364,2277.7670,1.0647,0.9200,1.2378,1.3378
163,2016-02-08,7,18-44,5730.7143,5775.1522,4963.9938,6707.9608,0.6225,0.5465,0.7113,0.7052
163,2016-02-08,7,45-64,2879.2857,2856.6200,2465.2986,3313.8035,0.5919,0.5165,0.6820,0.6557
163,2016-02-08,7,65+,788.4286,781.5326,676.3728,910.7975,0.5717,0.5000,0.6532,0.6112
164,2016-02-09,7,0-5,6677.2857,6570.3367,5629.7053,7623.4309,1.2358,1.0414,1.4744,1.4121
164,2016-02-09,7,6-11,6169.1429,6056.2987,5337.1877,6967.8295,1.2573,1.0788,1.4717,1.4854
164,2016-02-09,7,12-17,1906.4286,1929.3787,1671.2756,2224.4688,1.0405,0.8999,1.2071,1.2363
164,2016-02-09,7,18-44,6050.8571,6067.7512,5229.2163,7025.0630,0.6174,0.5405,0.7048,0.6860
164,2016-02-09,7,45-64,3079.2857,3064.6464,2636.4866,3562.1343,0.5911,0.5126,0.6785,0.6455
164,2016-02-09,7,65+,887.4286,858.1690,740.9637,997.8450,0.5745,0.5007,0.6569,0.6128
165,2016-02-10,7,0-5,6448.7143,6599.7192,5682.8839,7624.5275,1.2161,1.0168,1.4508,1.3359
165,2016-02-10,7,6-11,5447.0000,5806.8847,5080.0483,6649.8442,1.2426,1.0622,1.4532,1.3626
165,2016-02-10,7,12-17,1724.4286,1863.9212,1605.7559,2138.6328,1.0250,0.8827,1.1875,1.1485
165,2016-02-10,7,18-44,6332.0000,6314.2910,5464.3523,7247.9907,0.6092,0.5328,0.6974,0.6673
165,2016-02-10,7,45-64,3278.2857,3242.0470,2804.1140,3753.8000,0.5849,0.5063,0.6751,0.6370
165,2016-02-10,7,65+,965.0000,932.4270,809.1890,1083.6422,0.5715,0.4966,0.6561,0.6115
166,2016-02-11,7,0-5,6270.5714,6570.6955,5699.7159,7575.9976,1.1908,0.9919,1.4301,1.2757
166,2016-02-11,7,6-11,5019.1429,5540.3380,4850.3365,6359.2783,1.2300,1.0509,1.4368,1.2883
166,2016-02-11,7,12-17,1602.1429,1786.0006,1555.8171,2048.5265,1.0067,0.8659,1.1706,1.0825
166,2016-02-11,7,18-44,6309.7143,6445.4351,5616.1929,7394.3343,0.5933,0.5180,0.6814,0.6403
166,2016-02-11,7,45-64,3279.5714,3370.8806,2932.9038,3899.3419,0.5689,0.4928,0.6590,0.6115
166,2016-02-11,7,65+,963.0000,996.4661,862.5291,1153.0991,0.5581,0.4841,0.6431,0.5863
167,2016-02-12,7,0-5,6848.8571,6506.3349,5660.0884,7527.0506,1.1573,0.9732,1.3817,1.3835
167,2016-02-12,7,6-11,5385.4286,5290.2681,4628.1656,6108.5640,1.2159,1.0340,1.4290,1.4109
167,2016-02-12,7,12-17,1700.0000,1713.3653,1494.1166,1960.7158,0.9847,0.8445,1.1458,1.1719
167,2016-02-12,7,18-44,6861.2857,6449.3178,5578.1224,7418.7731,0.5733,0.5010,0.6551,0.6964
167,2016-02-12,7,45-64,3661.0000,3428.8197,2985.5739,3962.4251,0.5476,0.4744,0.6324,0.6668
167,2016-02-12,7,65+,1108.8571,1040.9686,901.2217,1199.7996,0.5375,0.4662,0.6195,0.6443
168,2016-02-13,7,0-5,6728.8571,6408.6326,5562.2519,7390.8675,1.1341,0.9522,1.3638,1.3434
168,2016-02-13,7,6-11,5212.2857,5076.4146,4407.2812,5857.2365,1.2088,1.0319,1.4160,1.3866
168,2016-02-13,7,12-17,1686.0000,1642.1249,1427.0628,1882.3254,0.9597,0.8251,1.1216,1.1579
168,2016-02-13,7,18-44,6819.5714,6309.5610,5451.2491,7279.1604,0.5538,0.4849,0.6322,0.6819
168,2016-02-13,7,45-64,3689.0000,3408.2011,2964.5838,3935.4012,0.5256,0.4548,0.6064,0.6545
168,2016-02-13,7,65+,1137.7143,1059.4574,916.2990,1222.9875,0.5156,0.4473,0.5944,0.6337
169,2016-02-14,8,0-5,6324.8571,6279.1175,5444.5857,7247.1163,1.1269,0.9422,1.3600,1.2447
169,2016-02-14,8,6-11,4783.2857,4908.6396,4264.2327,5664.7754,1.2085,1.0271,1.4233,1.2901
169,2016-02-14,8,12-17,1581.1429,1579.8031,1370.0530,1814.2092,0.9407,0.8063,1.0996,1.0812
169,2016-02-14,8,18-44,6372.1429,6073.6691,5283.0644,6976.3578,0.5389,0.4711,0.6178,0.6327
169,2016-02-14,8,45-64,3500.1429,3341.5873,2912.4964,3849.2821,0.5077,0.4396,0.5889,0.6088
169,2016-02-14,8,65+,1126.4286,1060.4276,916.9066,1230.5639,0.4986,0.4327,0.5759,0.5945
170,2016-02-15,8,0-5,5890.0000,6158.0973,5358.4417,7144.4206,1.1361,0.9476,1.3654,1.1539
170,2016-02-15,8,6-11,4437.2857,4784.1844,4167.2184,5508.1317,1.2269,1.0494,1.4449,1.2081
170,2016-02-15,8,12-17,1484.7143,1514.5290,1314.5765,1746.1220,0.9326,0.8002,1.0872,1.0089
170,2016-02-15,8,18-44,5805.2857,5800.9326,5037.0686,6676.1431,0.5340,0.4673,0.6127,0.5823
170,2016-02-15,8,45-64,3204.2857,3242.2011,2825.2176,3742.3530,0.5004,0.4315,0.5792,0.5583
170,2016-02-15,8,65+,1047.4286,1046.9693,902.7592,1218.2517,0.4907,0.4244,0.5661,0.5451
171,2016-02-16,8,0-5,5752.1429,6062.6886,5274.2532,7027.4721,1.1558,0.9626,1.3904,1.1335
171,2016-02-16,8,6-11,4451.2857,4697.9881,4085.2955,5411.9313,1.2478,1.0597,1.4739,1.2133
171,2016-02-16,8,12-17,1437.2857,1456.8672,1264.9265,1678.3438,0.9294,0.7967,1.0824,0.9876
171,2016-02-16,8,18-44,5370.1429,5515.1643,4790.1180,6368.1699,0.5362,0.4699,0.6114,0.5636
171,2016-02-16,8,45-64,3041.1429,3113.1008,2711.9150,3601.2262,0.4995,0.4327,0.5776,0.5375
171,2016-02-16,8,65+,988.8571,1023.8503,884.8939,1191.0123,0.4907,0.4254,0.5657,0.5236
172,2016-02-17,8,0-5,5742.0000,5994.0137,5221.6293,6938.8745,1.1703,0.9785,1.4140,1.1337
172,2016-02-17,8,6-11,4568.4286,4644.9714,4031.3318,5353.6164,1.2624,1.0714,1.4894,1.2342
172,2016-02-17,8,12-17,1354.4286,1394.7084,1210.2140,1612.7092,0.9227,0.7968,1.0731,0.9535
172,2016-02-17,8,18-44,4868.1429,5188.3583,4509.3200,6035.2314,0.5397,0.4735,0.6159,0.5446
172,2016-02-17,8,45-64,2799.5714,2989.0806,2591.6194,3455.8941,0.5016,0.4354,0.5802,0.5128
172,2016-02-17,8,65+,925.2857,992.4742,859.9793,1154.6267,0.4943,0.4291,0.5709,0.5007
173,2016-02-18,8,0-5,5755.0000,5947.1133,5160.5108,6872.0589,1.1848,0.9892,1.4275,1.1568
173,2016-02-18,8,6-11,4572.4286,4600.7109,4013.7563,5271.7971,1.2647,1.0746,1.4964,1.2600
173,2016-02-18,8,12-17,1324.2857,1329.4668,1150.9416,1522.8618,0.9140,0.7858,1.0624,0.9647
173,2016-02-18,8,18-44,4691.5714,4903.0281,4249.1503,5708.0957,0.5429,0.4766,0.6189,0.5500
173,2016-02-18,8,45-64,2726.7143,2861.8723,2465.2004,3304.9703,0.5052,0.4376,0.5829,0.5170
173,2016-02-18,8,65+,909.8571,956.8074,826.3941,1112.5218,0.4997,0.4334,0.5765,0.5059
174,2016-02-19,8,0-5,5810.4286,5895.6560,5138.6245,6798.1095,1.1819,0.9819,1.4186,1.1798
174,2016-02-19,8,6-11,4585.7143,4550.6173,3991.4718,5209.6389,1.2440,1.0617,1.4712,1.2788
174,2016-02-19,8,12-17,1266.7143,1258.6663,1088.9811,1444.3501,0.8940,0.7703,1.0476,0.9612
174,2016-02-19,8,18-44,4488.0000,4638.7123,4026.9010,5405.8183,0.5414,0.4742,0.6206,0.5519
174,2016-02-19,8,45-64,2628.4286,2724.6377,2346.3917,3140.7606,0.5052,0.4370,0.5860,0.5171
174,2016-02-19,8,65+,900.0000,922.4444,794.6570,1067.1315,0.5023,0.4349,0.5804,0.5096
175,2016-02-20,8,0-5,5878.2857,5851.2765,5095.1065,6709.1721,1.1658,0.9711,1.3939,1.2053
175,2016-02-20,8,6-11,4555.1429,4466.5839,3915.6151,5117.4791,1.2094,1.0343,1.4290,1.2921
175,2016-02-20,8,12-17,1212.5714,1180.2820,1021.2134,1362.4053,0.8711,0.7555,1.0125,0.9632
175,2016-02-20,8,18-44,4402.1429,4423.1638,3837.0725,5129.6331,0.5363,0.4699,0.6120,0.5587
175,2016-02-20,8,45-64,2577.1429,2600.9334,2246.3861,3010.8913,0.5026,0.4355,0.5804,0.5231
175,2016-02-20,8,65+,889.0000,889.3573,769.4698,1025.8477,0.5024,0.4359,0.5793,0.5168
176,2016-02-21,9,0-5,5866.4286,5775.0577,5030.7769,6664.1164,1.1343,0.9489,1.3555,1.2099
176,2016-02-21,9,6-11,4520.5714,4344.1700,3799.3008,4992.3743,1.1644,0.9924,1.3772,1.2937
176,2016-02-21,9,12-17,1156.7143,1099.8281,960.2638,1262.9781,0.8407,0.7282,0.9735,0.9552
176,2016-02-21,9,18-44,4282.8571,4250.3972,3678.3876,4922.0559,0.5260,0.4603,0.5986,0.5572
176,2016-02-21,9,45-64,2486.1429,2488.8392,2148.9681,2898.8649,0.4959,0.4280,0.5705,0.5202
176,2016-02-21,9,65+,857.2857,859.6481,743.4761,992.7246,0.4979,0.4314,0.5736,0.5136
177,2016-02-22,9,0-5,5787.4286,5671.1118,4922.4401,6522.1968,1.0931,0.9131,1.3110,1.2003
177,2016-02-22,9,6-11,4371.1429,4182.7303,3654.4623,4804.2295,1.1128,0.9497,1.3107,1.2708
177,2016-02-22,9,12-17,1060.4286,1012.5615,892.7627,1163.9465,0.8097,0.7043,0.9415,0.9270
177,2016-02-22,9,18-44,4171.1429,4104.0534,3542.9060,4740.5364,0.5116,0.4481,0.5848,0.5515
177,2016-02-22,9,45-64,2408.0000,2393.0031,2072.5996,2790.2749,0.4851,0.4198,0.5610,0.5153
177,2016-02-22,9,65+,834.2857,834.6017,724.1018,962.4872,0.4898,0.4246,0.5660,0.5102
178,2016-02-23,9,0-5,5637.4286,5499.0566,4797.2020,6335.7562,1.0497,0.8770,1.2604,1.1799
178,2016-02-23,9,6-11,4138.1429,3968.4098,3450.4849,4540.8982,1.0654,0.9077,1.2464,1.2343
178,2016-02-23,9,12-17,968.2857,929.0163,823.7388,1069.4589,0.7843,0.6728,0.9135,0.8994
178,2016-02-23,9,18-44,4048.0000,3972.8922,3454.4229,4579.7450,0.4957,0.4335,0.5687,0.5441
178,2016-02-23,9,45-64,2335.7143,2304.7358,2001.4862,2665.6730,0.4722,0.4075,0.5508,0.5110
178,2016-02-23,9,65+,831.0000,813.4072,704.7163,935.6906,0.4791,0.4135,0.5557,0.5104
179,2016-02-24,9,0-5,5467.1429,5285.4000,4630.4042,6126.4983,1.0095,0.8458,1.2139,1.1612
179,2016-02-24,9,6-11,3855.4286,3722.5248,3246.2571,4252.2689,1.0204,0.8729,1.1946,1.1954
179,2016-02-24,9,12-17,880.4286,852.0784,752.5742,978.7708,0.7640,0.6589,0.8906,0.8754
179,2016-02-24,9,18-44,3951.2857,3842.4283,3334.0605,4425.5548,0.4803,0.4200,0.5506,0.5385
179,2016-02-24,9,45-64,2271.0000,2219.4496,1927.8881,2559.0358,0.4603,0.3969,0.5338,0.5084
179,2016-02-24,9,65+,819.7143,791.3994,691.9399,909.6418,0.4683,0.4047,0.5408,0.5106
180,2016-02-25,9,0-5,5272.0000,5035.7332,4409.4905,5823.6531,0.9789,0.8148,1.1769,1.1477
180,2016-02-25,9,6-11,3665.2857,3454.7050,3014.5502,3954.1314,0.9960,0.8455,1.1697,1.1834
180,2016-02-25,9,12-17,829.4286,781.5027,686.3160,895.1738,0.7570,0.6497,0.8838,0.8747
180,2016-02-25,9,18-44,3883.2857,3703.3234,3215.9013,4279.8494,0.4695,0.4098,0.5354,0.5394
180,2016-02-25,9,45-64,2223.8571,2127.8269,1851.3371,2446.3507,0.4510,0.3890,0.5217,0.5122
180,2016-02-25,9,65+,811.1429,768.6458,670.7640,883.8423,0.4596,0.3963,0.5307,0.5158
181,2016-02-26,9,0-5,4844.0000,4751.6860,4131.5389,5468.3824,0.9601,0.7976,1.1580,1.0819
181,2016-02-26,9,6-11,3212.7143,3191.2571,2771.7093,3636.5781,0.9928,0.8373,1.1668,1.0975
181,2016-02-26,9,12-17,726.1429,720.3912,631.0534,834.0059,0.7699,0.6636,0.8996,0.8204
181,2016-02-26,9,18-44,3618.2857,3550.4981,3072.8671,4098.6007,0.4645,0.4062,0.5315,0.5115
181,2016-02-26,9,45-64,2057.2857,2029.2483,1761.9907,2335.0508,0.4476,0.3869,0.5187,0.4876
181,2016-02-26,9,65+,753.5714,744.8144,650.1618,855.4388,0.4563,0.3948,0.5290,0.4916
182,2016-02-27,9,0-5,4348.4286,4462.0999,3872.8215,5114.5737,0.9512,0.7906,1.1433,1.0035
182,2016-02-27,9,6-11,2805.7143,2943.5480,2572.4193,3360.5780,0.9994,0.8439,1.1759,1.0123
182,2016-02-27,9,12-17,623.0000,671.8712,585.9333,776.6600,0.7983,0.6845,0.9325,0.7545
182,2016-02-27,9,18-44,3221.4286,3390.0867,2928.3021,3907.8186,0.4645,0.4061,0.5320,0.4734
182,2016-02-27,9,45-64,1825.5714,1930.5703,1679.1930,2234.0123,0.4487,0.3884,0.5193,0.4510
182,2016-02-27,9,65+,669.7143,719.5857,624.7589,830.8317,0.4572,0.3946,0.5298,0.4547
183,2016-02-28,10,0-5,4181.1429,4167.4183,3609.0007,4770.7065,0.9529,0.7900,1.1459,1.0180
183,2016-02-28,10,6-11,2636.1429,2717.0825,2375.5676,3115.2416,1.0220,0.8674,1.2022,1.0260
183,2016-02-28,10,12-17,581.2857,637.9461,553.7834,744.2479,0.8474,0.7218,0.9912,0.7681
183,2016-02-28,10,18-44,3097.2857,3206.4424,2780.1094,3702.5383,0.4700,0.4109,0.5382,0.4841
183,2016-02-28,10,45-64,1781.4286,1831.3405,1583.2717,2117.8410,0.4543,0.3931,0.5253,0.4646
183,2016-02-28,10,65+,679.5714,691.6217,601.7546,799.0004,0.4608,0.3980,0.5334,0.4739
184,2016-02-29,10,0-5,3877.8571,3872.7818,3354.2004,4439.7866,0.9656,0.8053,1.1530,1.0033
184,2016-02-29,10,6-11,2451.4286,2521.7555,2202.8497,2896.7503,1.0623,0.9059,1.2451,1.0251
184,2016-02-29,10,12-17,562.0000,616.5633,534.3613,722.2883,0.9132,0.7741,1.0726,0.7829
184,2016-02-29,10,18-44,2897.5714,3015.1388,2625.3069,3482.6820,0.4795,0.4200,0.5472,0.4824
184,2016-02-29,10,45-64,1672.5714,1716.8839,1491.6115,1981.4216,0.4614,0.4011,0.5340,0.4647
184,2016-02-29,10,65+,644.4286,659.4181,574.1796,763.5296,0.4658,0.4033,0.5404,0.4740
185,2016-03-01,10,0-5,3535.8571,3587.5880,3117.9489,4111.9779,0.9857,0.8235,1.1838,0.9815
185,2016-03-01,10,6-11,2250.4286,2362.5571,2059.1336,2711.8750,1.1146,0.9501,1.3141,1.0180
185,2016-03-01,10,12-17,559.4286,612.3250,532.4672,720.6621,0.9851,0.8378,1.1658,0.8060
185,2016-03-01,10,18-44,2729.2857,2824.1079,2448.7186,3248.2320,0.4899,0.4300,0.5584,0.4796
185,2016-03-01,10,45-64,1544.4286,1597.7062,1389.9650,1840.9582,0.4690,0.4084,0.5396,0.4628
185,2016-03-01,10,65+,603.8571,623.1651,541.7740,721.3727,0.4698,0.4063,0.5436,0.4707
186,2016-03-02,10,0-5,3221.1429,3336.5068,2906.6393,3847.8510,1.0087,0.8404,1.2044,0.9650
186,2016-03-02,10,6-11,2109.4286,2250.9682,1954.6028,2599.0169,1.1784,0.9963,1.3859,1.0270
186,2016-03-02,10,12-17,596.2857,628.9733,540.0009,734.0717,1.0623,0.9051,1.2500,0.8604
186,2016-03-02,10,18-44,2552.2857,2632.8978,2285.9789,3031.5367,0.4990,0.4378,0.5701,0.4807
186,2016-03-02,10,45-64,1437.0000,1475.2442,1278.7443,1701.3756,0.4738,0.4131,0.5451,0.4660
186,2016-03-02,10,65+,570.2857,586.8486,510.0730,678.3736,0.4713,0.4070,0.5451,0.4719
187,2016-03-03,10,0-5,3087.2857,3123.7464,2723.6765,3591.1235,1.0353,0.8662,1.2398,0.9970
187,2016-03-03,10,6-11,2075.7143,2173.1146,1884.6732,2508.8940,1.2353,1.0443,1.4606,1.0814
187,2016-03-03,10,12-17,632.4286,652.6976,564.3420,763.6678,1.1206,0.9503,1.3286,0.9309
187,2016-03-03,10,18-44,2463.8571,2448.8626,2125.6713,2820.2947,0.5047,0.4438,0.5748,0.5009
187,2016-03-03,10,45-64,1395.5714,1354.3360,1177.7754,1562.8981,0.4732,0.4130,0.5430,0.4867
187,2016-03-03,10,65+,560.4286,548.5114,477.6489,633.7473,0.4668,0.4032,0.5393,0.4923
188,2016-03-04,10,0-5,2817.7143,2942.0490,2561.1269,3400.3308,1.0604,0.8822,1.2791,0.9770
188,2016-03-04,10,6-11,2066.7143,2139.9917,1851.8083,2466.8864,1.2816,1.0806,1.5282,1.1118
188,2016-03-04,10,12-17,700.2857,691.7804,600.6724,809.3520,1.1702,0.9871,1.3866,0.9902
188,2016-03-04,10,18-44,2255.8571,2273.3443,1979.7660,2617.6374,0.5060,0.4451,0.5770,0.4918
188,2016-03-04,10,45-64,1223.2857,1237.6149,1074.6685,1423.7036,0.4683,0.4090,0.5375,0.4727
188,2016-03-04,10,65+,500.5714,508.4198,441.5598,586.0491,0.4580,0.3965,0.5278,0.4721
189,2016-03-05,10,0-5,2856.1429,2802.6958,2426.6788,3217.2391,1.0896,0.9004,1.3061,1.0605
189,2016-03-05,10,6-11,2231.2857,2139.1769,1845.6221,2466.8798,1.3169,1.1107,1.5564,1.2422
189,2016-03-05,10,12-17,802.5714,739.7386,643.4352,859.4852,1.1970,1.0034,1.4156,1.1196
189,2016-03-05,10,18-44,2263.2857,2105.0503,1835.2837,2427.3111,0.5034,0.4424,0.5725,0.5337
189,2016-03-05,10,45-64,1224.5714,1122.4554,981.2986,1289.2762,0.4583,0.3997,0.5253,0.5117
189,2016-03-05,10,65+,516.7143,470.7785,408.1269,541.3992,0.4443,0.3855,0.5133,0.5117
190,2016-03-06,11,0-5,2634.2857,2690.9421,2340.1745,3089.1122,1.1116,0.9233,1.3366,1.0231
190,2016-03-06,11,6-11,2198.0000,2163.7812,1865.0085,2490.7971,1.3490,1.1396,1.6079,1.2266
190,2016-03-06,11,12-17,841.2857,794.6532,689.2958,918.4029,1.2050,1.0119,1.4362,1.1136
190,2016-03-06,11,18-44,2015.2857,1952.5935,1697.7850,2247.7150,0.4998,0.4414,0.5672,0.5044
190,2016-03-06,11,45-64,1045.8571,1015.6792,885.2096,1170.2311,0.4475,0.3929,0.5099,0.4758
190,2016-03-06,11,65+,445.0000,433.4817,375.2835,500.1816,0.4308,0.3755,0.4952,0.4698
191,2016-03-07,11,0-5,2554.0000,2615.7562,2268.6143,3004.0827,1.1429,0.9546,1.3737,1.0326
191,2016-03-07,11,6-11,2223.7143,2216.2896,1908.6253,2550.2332,1.3851,1.1666,1.6511,1.2450
191,2016-03-07,11,12-17,889.0000,854.7506,731.7238,984.2795,1.2180,1.0225,1.4506,1.1294
191,2016-03-07,11,18-44,1868.1429,1821.8090,1590.8508,2103.7664,0.4974,0.4400,0.5626,0.4969
191,2016-03-07,11,45-64,946.8571,922.5574,805.1877,1062.6744,0.4374,0.3847,0.4977,0.4628
191,2016-03-07,11,65+,405.0000,399.1332,346.2710,460.4242,0.4190,0.3657,0.4822,0.4536
192,2016-03-08,11,0-5,2551.5714,2579.2161,2244.8614,2964.0151,1.1760,0.9758,1.4181,1.0583
192,2016-03-08,11,6-11,2295.4286,2295.1524,1958.2872,2643.9863,1.4150,1.1919,1.6896,1.2725
192,2016-03-08,11,12-17,939.2857,915.0145,788.2896,1059.2626,1.2332,1.0329,1.4801,1.1400
192,2016-03-08,11,18-44,1710.8571,1710.6655,1493.6877,1980.7187,0.4972,0.4394,0.5622,0.4883
192,2016-03-08,11,45-64,841.2857,840.9100,732.5911,973.6744,0.4303,0.3785,0.4895,0.4461
192,2016-03-08,11,65+,365.2857,368.6167,319.6176,424.7971,0.4092,0.3571,0.4698,0.4344
193,2016-03-09,11,0-5,2575.2857,2569.4352,2232.1345,2995.7161,1.2107,0.9984,1.4538,1.0896
193,2016-03-09,11,6-11,2385.5714,2387.8588,2049.2790,2777.4596,1.4527,1.2239,1.7338,1.3029
193,2016-03-09,11,12-17,976.5714,981.8977,842.1466,1143.7050,1.2530,1.0491,1.4907,1.1412
193,2016-03-09,11,18-44,1590.0000,1621.9302,1407.6277,1880.0613,0.5000,0.4417,0.5654,0.4831
193,2016-03-09,11,45-64,758.2857,772.5163,669.5813,892.4952,0.4262,0.3752,0.4839,0.4329
193,2016-03-09,11,65+,332.1429,340.7638,295.6933,394.3078,0.4026,0.3514,0.4624,0.4195
194,2016-03-10,11,0-5,2552.1429,2598.3071,2254.0436,3018.8138,1.2415,1.0251,1.4994,1.1067
194,2016-03-10,11,6-11,2425.1429,2509.2489,2156.6558,2918.0776,1.4844,1.2503,1.7827,1.3151
194,2016-03-10,11,12-17,996.2857,1052.8453,902.9612,1229.5465,1.2794,1.0716,1.5348,1.1379
194,2016-03-10,11,18-44,1541.0000,1552.1371,1343.5369,1803.3796,0.5035,0.4451,0.5697,0.4842
194,2016-03-10,11,45-64,720.0000,713.6705,615.1058,824.7609,0.4243,0.3741,0.4820,0.4314
194,2016-03-10,11,65+,319.8571,317.0022,274.7958,367.7056,0.3976,0.3485,0.4555,0.4196
195,2016-03-11,11,0-5,2629.4286,2650.3796,2286.3758,3061.1913,1.2618,1.0486,1.5175,1.1420
195,2016-03-11,11,6-11,2615.4286,2653.3784,2285.7095,3085.9097,1.5075,1.2650,1.7966,1.3696
195,2016-03-11,11,12-17,1096.5714,1131.9921,977.1196,1325.5772,1.3099,1.0896,1.5722,1.1831
195,2016-03-11,11,18-44,1437.4286,1505.0630,1295.7035,1742.6717,0.5060,0.4481,0.5709,0.4804
195,2016-03-11,11,45-64,636.2857,663.3207,571.7618,771.1913,0.4226,0.3734,0.4785,0.4182
195,2016-03-11,11,65+,287.1429,297.0999,257.4424,345.5252,0.3929,0.3449,0.4484,0.4013
196,2016-03-12,11,0-5,2705.5714,2723.6909,2350.5925,3146.0427,1.2705,1.0530,1.5305,1.1804
196,2016-03-12,11,6-11,2810.2857,2817.9396,2426.8742,3290.6743,1.5176,1.2677,1.8073,1.4261
196,2016-03-12,11,12-17,1198.2857,1221.6854,1058.9776,1422.0845,1.3234,1.1010,1.5935,1.2338
196,2016-03-12,11,18-44,1432.5714,1479.1434,1268.2904,1712.9622,0.5055,0.4479,0.5700,0.4892
196,2016-03-12,11,45-64,603.8571,621.8664,538.2588,721.5350,0.4195,0.3703,0.4745,0.4202
196,2016-03-12,11,65+,266.2857,279.8596,241.7110,324.7937,0.3873,0.3399,0.4415,0.3971
197,2016-03-13,12,0-5,2834.1429,2806.6172,2428.8259,3246.9230,1.2673,1.0440,1.5446,1.2261
197,2016-03-13,12,6-11,3024.0000,2997.8011,2587.3288,3481.3322,1.5107,1.2653,1.8105,1.4757
197,2016-03-13,12,12-17,1319.0000,1322.6502,1149.9308,1534.8628,1.3248,1.0990,1.5939,1.2831
197,2016-03-13,12,18-44,1451.2857,1470.4101,1263.4792,1696.1057,0.5020,0.4439,0.5671,0.4989
197,2016-03-13,12,45-64,573.1429,589.2867,508.5734,684.1452,0.4147,0.3664,0.4689,0.4233
197,2016-03-13,12,65+,261.8571,265.3879,229.1193,309.0455,0.3810,0.3343,0.4350,0.3989
198,2016-03-14,12,0-5,2951.0000,2902.7642,2492.9076,3370.0526,1.2525,1.0360,1.5126,1.2547
198,2016-03-14,12,6-11,3211.7143,3183.0262,2764.4177,3685.0679,1.4968,1.2477,1.7899,1.4996
198,2016-03-14,12,12-17,1449.8571,1431.9884,1237.5077,1655.3253,1.3061,1.0820,1.5678,1.3221
198,2016-03-14,12,18-44,1491.8571,1480.5994,1271.8745,1713.0568,0.4925,0.4358,0.5566,0.5056
198,2016-03-14,12,45-64,562.0000,566.1148,488.1681,655.5269,0.4046,0.3578,0.4578,0.4263
198,2016-03-14,12,65+,258.8571,254.7087,220.0245,297.2424,0.3702,0.3258,0.4214,0.3997
199,2016-03-15,12,0-5,3034.8571,2995.2885,2584.9794,3473.3677,1.2280,1.0134,1.4813,1.2607
199,2016-03-15,12,6-11,3412.7143,3382.4532,2917.5357,3909.4230,1.4594,1.2143,1.7519,1.5113
199,2016-03-15,12,12-17,1572.7143,1538.3584,1329.5846,1783.9293,1.2714,1.0500,1.5283,1.3380
199,2016-03-15,12,18-44,1541.2857,1505.2519,1295.7249,1748.2554,0.4790,0.4244,0.5404,0.5066
199,2016-03-15,12,45-64,559.5714,551.3233,476.4227,644.1302,0.3916,0.3468,0.4418,0.4245
199,2016-03-15,12,65+,249.7143,247.2059,212.2276,288.4035,0.3570,0.3146,0.4046,0.3936
200,2016-03-16,12,0-5,3107.0000,3081.6440,2664.0549,3562.3583,1.1990,0.9941,1.4574,1.2529
200,2016-03-16,12,6-11,3570.8571,3554.9756,3066.7592,4115.4921,1.4148,1.1856,1.7052,1.4966
200,2016-03-16,12,12-17,1666.8571,1640.0874,1415.1221,1895.3388,1.2264,1.0205,1.4889,1.3214
200,2016-03-16,12,18-44,1580.0000,1536.5446,1321.7060,1790.3412,0.4629,0.4109,0.5221,0.5001
200,2016-03-16,12,45-64,551.7143,544.0850,470.4987,632.2595,0.3760,0.3335,0.4245,0.4165
200,2016-03-16,12,65+,247.5714,241.5498,207.2460,282.2142,0.3420,0.3020,0.3881,0.3855
201,2016-03-17,12,0-5,3171.0000,3161.0822,2746.9340,3663.2066,1.1689,0.9675,1.4173,1.2359
201,2016-03-17,12,6-11,3667.0000,3716.8887,3213.0208,4309.2254,1.3698,1.1452,1.6374,1.4576
201,2016-03-17,12,12-17,1702.7143,1728.9318,1504.0121,1995.2188,1.1753,0.9808,1.4187,1.2686
201,2016-03-17,12,18-44,1595.8571,1569.8502,1358.4894,1830.1497,0.4458,0.3954,0.5032,0.4870
201,2016-03-17,12,45-64,548.7143,540.4892,466.6308,627.1134,0.3599,0.3192,0.4065,0.4030
201,2016-03-17,12,65+,243.7143,238.2788,205.3464,278.1321,0.3265,0.2881,0.3711,0.3731
202,2016-03-18,12,0-5,3259.0000,3228.3862,2801.4264,3731.9650,1.1392,0.9348,1.3663,1.2341
202,2016-03-18,12,6-11,3920.2857,3854.5765,3349.1649,4463.3408,1.3186,1.1043,1.5813,1.4747
202,2016-03-18,12,12-17,1842.2857,1808.5397,1573.6619,2094.6278,1.1243,0.9361,1.3637,1.2851
202,2016-03-18,12,18-44,1633.2857,1600.3651,1390.5029,1857.8092,0.4290,0.3795,0.4834,0.4848
202,2016-03-18,12,45-64,544.0000,537.5464,462.0053,624.3632,0.3443,0.3045,0.3885,0.3983
202,2016-03-18,12,65+,237.1429,234.9200,202.6702,273.6069,0.3122,0.2754,0.3553,0.3646
203,2016-03-19,12,0-5,3316.4286,3289.4471,2859.6469,3781.2587,1.1195,0.9176,1.3595,1.2157
203,2016-03-19,12,6-11,4057.1429,3971.9424,3444.9453,4558.6419,1.2786,1.0630,1.5389,1.4496
203,2016-03-19,12,12-17,1918.7143,1862.4368,1623.5919,2163.1982,1.0815,0.8955,1.3080,1.2605
203,2016-03-19,12,18-44,1637.7143,1620.6715,1402.9756,1871.4952,0.4151,0.3681,0.4692,0.4734
203,2016-03-19,12,45-64,539.4286,534.3522,460.1156,619.7828,0.3307,0.2933,0.3737,0.3872
203,2016-03-19,12,65+,235.5714,232.1943,201.5587,270.7503,0.3001,0.2645,0.3406,0.3540
204,2016-03-20,13,0-5,3360.1429,3337.5426,2903.0725,3838.3651,1.1015,0.9029,1.3317,1.1932
204,2016-03-20,13,6-11,4120.1429,4032.8553,3519.0397,4628.1010,1.2444,1.0335,1.4922,1.4063
204,2016-03-20,13,12-17,1950.0000,1892.2674,1655.1023,2206.2278,1.0449,0.8651,1.2634,1.2160
204,2016-03-20,13,18-44,1637.7143,1633.0705,1413.2146,1886.6445,0.4033,0.3568,0.4561,0.4591
204,2016-03-20,13,45-64,534.8571,528.2144,457.7078,612.3502,0.3195,0.2832,0.3611,0.3734
204,2016-03-20,13,65+,228.7143,229.3707,198.9897,267.2995,0.2902,0.2560,0.3300,0.3400
205,2016-03-21,13,0-5,3368.7143,3370.5590,2932.2757,3879.5435,1.0855,0.8962,1.3208,1.1626
205,2016-03-21,13,6-11,4139.4286,4064.1497,3551.9580,4672.1114,1.2130,1.0141,1.4551,1.3569
205,2016-03-21,13,12-17,1938.0000,1912.9913,1664.9810,2236.0313,1.0169,0.8414,1.2334,1.1583
205,2016-03-21,13,18-44,1619.2857,1632.9797,1418.9393,1885.2268,0.3951,0.3499,0.4475,0.4414
205,2016-03-21,13,45-64,516.7143,522.1021,450.8989,606.0606,0.3122,0.2766,0.3528,0.3561
205,2016-03-21,13,65+,220.8571,226.6363,195.8148,264.7380,0.2842,0.2505,0.3230,0.3237
206,2016-03-22,13,0-5,3384.0000,3398.5962,2944.9856,3921.4522,1.0829,0.8909,1.3206,1.1405
206,2016-03-22,13,6-11,4099.7143,4074.3318,3556.7801,4682.7884,1.2005,0.9983,1.4372,1.3077
206,2016-03-22,13,12-17,1907.2857,1914.8903,1665.7716,2224.4066,1.0051,0.8324,1.2148,1.1076
206,2016-03-22,13,18-44,1603.5714,1628.5184,1411.8377,1892.6415,0.3925,0.3472,0.4437,0.4272
206,2016-03-22,13,45-64,502.0000,514.3809,445.0257,597.4146,0.3095,0.2740,0.3493,0.3427
206,2016-03-22,13,65+,218.0000,224.0636,193.0459,261.3980,0.2824,0.2493,0.3207,0.3127
207,2016-03-23,13,0-5,3385.1429,3420.5200,2971.9826,3985.6053,1.0947,0.8983,1.3322,1.1199
207,2016-03-23,13,6-11,4034.8571,4075.5441,3549.1324,4704.8572,1.1987,1.0040,1.4333,1.2647
207,2016-03-23,13,12-17,1871.0000,1910.0320,1654.9653,2207.5464,1.0064,0.8333,1.2149,1.0672
207,2016-03-23,13,18-44,1577.5714,1621.9412,1408.7749,1889.9927,0.3940,0.3494,0.4449,0.4147
207,2016-03-23,13,45-64,488.0000,505.1267,436.9763,586.9215,0.3101,0.2750,0.3502,0.3311
207,2016-03-23,13,65+,212.0000,221.3796,189.2592,257.7090,0.2831,0.2498,0.3211,0.3022
208,2016-03-24,13,0-5,3364.5714,3451.9531,3011.3993,4010.1709,1.1031,0.9033,1.3472,1.1027
208,2016-03-24,13,6-11,3983.2857,4054.3093,3534.8532,4677.0651,1.2033,1.0038,1.4356,1.2394
208,2016-03-24,13,12-17,1852.2857,1899.0237,1649.5673,2197.6349,1.0185,0.8384,1.2359,1.0488
208,2016-03-24,13,18-44,1567.0000,1614.9340,1405.8815,1876.8818,0.3976,0.3513,0.4493,0.4083
208,2016-03-24,13,45-64,483.2857,496.9593,428.0221,574.4458,0.3134,0.2774,0.3540,0.3265
208,2016-03-24,13,65+,212.7143,219.4462,187.3582,256.4794,0.2868,0.2530,0.3259,0.2991
209,2016-03-25,13,0-5,3410.1429,3490.9954,3034.5851,4045.8329,1.1172,0.9129,1.3611,1.1064
209,2016-03-25,13,6-11,3907.2857,4018.6236,3512.2758,4656.8196,1.2134,1.0111,1.4592,1.2179
209,2016-03-25,13,12-17,1816.1429,1890.3638,1635.2782,2182.5481,1.0282,0.8458,1.2484,1.0290
209,2016-03-25,13,18-44,1555.8571,1610.7893,1392.4602,1866.4690,0.4024,0.3560,0.4540,0.4044
209,2016-03-25,13,45-64,473.7143,488.4634,420.7106,565.7120,0.3174,0.2812,0.3581,0.3221
209,2016-03-25,13,65+,211.1429,217.8640,186.6435,254.3221,0.2916,0.2568,0.3320,0.2959
210,2016-03-26,13,0-5,3462.5714,3530.9492,3061.1581,4085.9065,1.1287,0.9296,1.3719,1.1155
210,2016-03-26,13,6-11,3873.1429,3993.1089,3482.6578,4632.4937,1.2265,1.0191,1.4714,1.2140
210,2016-03-26,13,12-17,1808.2857,1880.9132,1627.5256,2177.0743,1.0479,0.8620,1.2725,1.0283
210,2016-03-26,13,18-44,1552.7143,1604.4890,1386.9846,1861.0199,0.4081,0.3610,0.4611,0.4048
210,2016-03-26,13,45-64,466.7143,479.7515,413.9306,559.1243,0.3228,0.2855,0.3649,0.3218
210,2016-03-26,13,65+,213.1429,216.6822,186.4014,252.4244,0.2972,0.2613,0.3379,0.2968
211,2016-03-27,14,0-5,3529.2857,3571.5610,3093.0496,4152.9823,1.1312,0.9283,1.3785,1.1289
211,2016-03-27,14,6-11,3879.0000,3979.5522,3461.3143,4622.2365,1.2335,1.0244,1.4744,1.2231
211,2016-03-27,14,12-17,1825.2857,1878.8493,1624.7853,2172.8621,1.0506,0.8667,1.2753,1.0407
211,2016-03-27,14,18-44,1559.5714,1599.1446,1379.4378,1846.5021,0.4102,0.3630,0.4637,0.4076
211,2016-03-27,14,45-64,457.2857,471.7680,407.9720,548.3446,0.3251,0.2879,0.3670,0.3230
211,2016-03-27,14,65+,212.4286,215.8097,185.6081,252.5985,0.3002,0.2639,0.3409,0.2975
212,2016-03-28,14,0-5,3578.5714,3611.5981,3120.2957,4153.6087,1.1260,0.9287,1.3699,1.1384
212,2016-03-28,14,6-11,3894.4286,3966.4394,3449.5613,4609.6509,1.2258,1.0280,1.4798,1.2359
212,2016-03-28,14,12-17,1856.4286,1877.6836,1625.8721,2177.8165,1.0483,0.8740,1.2615,1.0605
212,2016-03-28,14,18-44,1588.5714,1593.3545,1375.3638,1832.1775,0.4092,0.3621,0.4634,0.4126
212,2016-03-28,14,45-64,458.5714,465.3223,402.8145,541.9272,0.3245,0.2875,0.3672,0.3269
212,2016-03-28,14,65+,210.4286,215.8672,184.4534,251.6925,0.3005,0.2647,0.3423,0.2994
213,2016-03-29,14,0-5,3645.2857,3642.1669,3138.7401,4201.1750,1.1147,0.9164,1.3593,1.1501
213,2016-03-29,14,6-11,3946.1429,3953.4125,3425.5560,4550.9770,1.2134,1.0106,1.4568,1.2550
213,2016-03-29,14,12-17,1888.8571,1873.0271,1619.0340,2165.5112,1.0337,0.8586,1.2534,1.0788
213,2016-03-29,14,18-44,1607.5714,1587.0868,1372.0360,1829.9187,0.4041,0.3574,0.4581,0.4184
213,2016-03-29,14,45-64,465.8571,459.7132,398.5472,534.4349,0.3206,0.2838,0.3623,0.3324
213,2016-03-29,14,65+,218.4286,215.8321,184.1084,251.5200,0.2971,0.2613,0.3387,0.3061
214,2016-03-30,14,0-5,3687.4286,3667.8185,3165.1174,4225.6186,1.0969,0.8958,1.3414,1.1513
214,2016-03-30,14,6-11,3959.4286,3925.5810,3410.2090,4528.4978,1.1851,0.9904,1.4364,1.2583
214,2016-03-30,14,12-17,1885.8571,1861.9061,1617.8798,2153.1907,1.0092,0.8311,1.2161,1.0761
214,2016-03-30,14,18-44,1620.8571,1576.7673,1367.0233,1817.0992,0.3950,0.3490,0.4478,0.4196
214,2016-03-30,14,45-64,471.1429,453.8469,394.5382,525.9576,0.3124,0.2768,0.3531,0.3341
214,2016-03-30,14,65+,225.5714,215.9331,184.7365,250.6554,0.2903,0.2554,0.3300,0.3097
215,2016-03-31,14,0-5,3700.5714,3670.6687,3180.8228,4239.5593,1.0742,0.8799,1.3101,1.1418
215,2016-03-31,14,6-11,3954.4286,3891.6014,3375.8845,4487.0329,1.1581,0.9621,1.3930,1.2516
215,2016-03-31,14,12-17,1887.1429,1844.1591,1610.5918,2128.8865,0.9778,0.8058,1.1885,1.0704
215,2016-03-31,14,18-44,1615.8571,1564.6350,1352.6947,1813.8863,0.3837,0.3393,0.4341,0.4162
215,2016-03-31,14,45-64,468.1429,447.0953,389.6655,520.0767,0.3022,0.2679,0.3410,0.3312
215,2016-03-31,14,65+,223.7143,215.7599,185.3713,250.7424,0.2812,0.2473,0.3200,0.3066
216,2016-04-01,14,0-5,3689.8571,3663.2923,3176.7349,4216.5400,1.0475,0.8588,1.2900,1.1236
216,2016-04-01,14,6-11,3874.8571,3822.7488,3316.9145,4428.8658,1.1215,0.9356,1.3541,1.2234
216,2016-04-01,14,12-17,1850.1429,1817.4290,1580.1652,2087.6893,0.9399,0.7758,1.1367,1.0440
216,2016-04-01,14,18-44,1585.0000,1549.1537,1341.8276,1796.8452,0.3716,0.3283,0.4203,0.4067
216,2016-04-01,14,45-64,450.5714,440.3869,382.5050,513.4994,0.2915,0.2580,0.3290,0.3225
216,2016-04-01,14,65+,222.0000,214.3050,184.6507,249.4035,0.2711,0.2386,0.3093,0.2996
217,2016-04-02,14,0-5,3650.7143,3638.3444,3167.1232,4213.2011,1.0188,0.8347,1.2507,1.1018
217,2016-04-02,14,6-11,3766.0000,3754.7244,3250.8332,4343.3226,1.0852,0.9049,1.3084,1.1914
217,2016-04-02,14,12-17,1784.1429,1771.8713,1544.2419,2036.7476,0.9033,0.7461,1.0995,1.0097
217,2016-04-02,14,18-44,1551.4286,1526.0360,1331.3987,1767.8311,0.3593,0.3174,0.4071,0.3966
217,2016-04-02,14,45-64,437.8571,432.5144,376.0377,503.5450,0.2810,0.2487,0.3175,0.3135
217,2016-04-02,14,65+,215.2857,211.7698,182.9663,245.7877,0.2612,0.2302,0.2979,0.2912
218,2016-04-03,15,0-5,3595.1429,3594.2181,3146.2113,4161.4907,0.9901,0.8115,1.2073,1.0809
218,2016-04-03,15,6-11,3647.4286,3651.5038,3154.7023,4218.8980,1.0519,0.8713,1.2671,1.1630
218,2016-04-03,15,12-17,1721.7143,1712.1271,1492.8967,1966.2508,0.8695,0.7170,1.0534,0.9831
218,2016-04-03,15,18-44,1508.0000,1492.9736,1295.5153,1729.3874,0.3481,0.3077,0.3944,0.3877
218,2016-04-03,15,45-64,425.8571,421.3326,367.3852,488.3772,0.2718,0.2406,0.3076,0.3063
218,2016-04-03,15,65+,210.5714,208.3418,179.5481,241.5936,0.2528,0.2222,0.2884,0.2851
219,2016-04-04,15,0-5,3513.1429,3517.8972,3087.3459,4064.7242,0.9662,0.7897,1.1821,1.0567
219,2016-04-04,15,6-11,3523.8571,3527.9706,3047.1740,4064.7883,1.0131,0.8360,1.2326,1.1354
219,2016-04-04,15,12-17,1629.2857,1641.7599,1430.0987,1879.0050,0.8246,0.6736,1.0081,0.9479
219,2016-04-04,15,18-44,1438.1429,1452.8639,1255.2726,1683.1890,0.3367,0.2970,0.3826,0.3772
219,2016-04-04,15,45-64,413.8571,408.8463,355.2349,472.1200,0.2622,0.2319,0.2969,0.2979
219,2016-04-04,15,65+,205.1429,202.5514,174.4798,235.4973,0.2448,0.2148,0.2794,0.2786
220,2016-04-05,15,0-5,3391.8571,3436.3309,3006.0425,3960.0895,0.9425,0.7725,1.1507,1.0256
220,2016-04-05,15,6-11,3336.0000,3369.8618,2950.3669,3871.9165,0.9734,0.8106,1.1758,1.0945
220,2016-04-05,15,12-17,1528.5714,1553.2798,1356.1828,1788.1419,0.7865,0.6459,0.9610,0.9096
220,2016-04-05,15,18-44,1358.7143,1401.1667,1207.2276,1627.5498,0.3269,0.2888,0.3709,0.3629
220,2016-04-05,15,45-64,384.7143,393.8113,342.0084,454.7243,0.2545,0.2253,0.2881,0.2851
220,2016-04-05,15,65+,191.2857,195.5429,168.6320,227.7117,0.2383,0.2094,0.2719,0.2661
221,2016-04-06,15,0-5,3299.5714,3322.5366,2906.3372,3829.9182,0.9225,0.7520,1.1254,1.0126
221,2016-04-06,15,6-11,3192.0000,3193.7280,2784.2504,3656.2690,0.9383,0.7786,1.1387,1.0767
221,2016-04-06,15,12-17,1465.5714,1456.5709,1268.2390,1668.4588,0.7482,0.6149,0.9165,0.8986
221,2016-04-06,15,18-44,1311.2857,1340.0749,1156.7480,1555.1697,0.3185,0.2806,0.3618,0.3574
221,2016-04-06,15,45-64,362.8571,376.9090,325.9991,434.1032,0.2479,0.2188,0.2814,0.2801
221,2016-04-06,15,65+,182.0000,187.4183,161.3235,218.2633,0.2334,0.2046,0.2665,0.2608
222,2016-04-07,15,0-5,3253.4286,3188.2645,2783.2327,3679.2145,0.8996,0.7316,1.1006,1.0202
222,2016-04-07,15,6-11,3124.1429,2997.9210,2622.4840,3437.4009,0.9088,0.7592,1.0915,1.0879
222,2016-04-07,15,12-17,1420.4286,1343.8274,1170.3918,1535.9136,0.7161,0.5875,0.8725,0.9059
222,2016-04-07,15,18-44,1286.5714,1276.7275,1110.1639,1479.0930,0.3109,0.2739,0.3533,0.3612
222,2016-04-07,15,45-64,358.5714,359.4067,311.3762,415.9966,0.2427,0.2142,0.2755,0.2838
222,2016-04-07,15,65+,181.4286,178.1579,153.7159,208.5503,0.2295,0.2014,0.2625,0.2654
223,2016-04-08,15,0-5,3065.2857,3042.1784,2662.9638,3519.5919,0.8801,0.7146,1.0851,0.9806
223,2016-04-08,15,6-11,2826.4286,2787.0233,2443.2147,3206.1043,0.8803,0.7281,1.0604,1.0247
223,2016-04-08,15,12-17,1268.5714,1227.4625,1065.6974,1397.8799,0.6894,0.5676,0.8386,0.8473
223,2016-04-08,15,18-44,1213.2857,1208.1753,1054.7891,1401.2384,0.3049,0.2682,0.3471,0.3452
223,2016-04-08,15,45-64,333.5714,341.7349,295.6020,395.0877,0.2393,0.2106,0.2720,0.2707
223,2016-04-08,15,65+,167.8571,168.8797,145.0393,196.9232,0.2275,0.1991,0.2605,0.2535
224,2016-04-09,15,0-5,2913.2857,2887.4474,2527.1130,3337.0796,0.8674,0.7073,1.0714,0.9587
224,2016-04-09,15,6-11,2594.1429,2575.7943,2247.4408,2955.4316,0.8599,0.7181,1.0349,0.9877
224,2016-04-09,15,12-17,1140.1429,1106.4472,964.9659,1269.4333,0.6711,0.5556,0.8152,0.8089
224,2016-04-09,15,18-44,1149.1429,1138.4940,994.9008,1324.1306,0.3013,0.2654,0.3426,0.3372
224,2016-04-09,15,45-64,324.0000,324.8787,279.2619,376.3163,0.2377,0.2096,0.2699,0.2655
224,2016-04-09,15,65+,160.7143,160.0792,138.0794,185.3597,0.2273,0.1988,0.2605,0.2502
225,2016-04-10,16,0-5,2647.5714,2728.9025,2391.6255,3140.8506,0.8533,0.6946,1.0535,0.9045
225,2016-04-10,16,6-11,2291.8571,2356.4143,2057.0583,2703.6760,0.8446,0.7045,1.0263,0.9243
225,2016-04-10,16,12-17,975.8571,993.8670,863.3686,1141.1927,0.6650,0.5479,0.8063,0.7454
225,2016-04-10,16,18-44,1055.2857,1073.1748,937.1202,1249.0586,0.3003,0.2638,0.3413,0.3190
225,2016-04-10,16,45-64,300.2857,309.5940,266.9270,358.2519,0.2391,0.2103,0.2719,0.2515
225,2016-04-10,16,65+,143.8571,151.0398,130.6247,175.9909,0.2299,0.2002,0.2644,0.2369
226,2016-04-11,16,0-5,2552.0000,2557.2316,2242.5502,2953.0281,0.8433,0.6838,1.0405,0.9107
226,2016-04-11,16,6-11,2120.8571,2145.9548,1871.0941,2454.6228,0.8358,0.6933,1.0103,0.9161
226,2016-04-11,16,12-17,871.2857,887.3581,772.6275,1021.5858,0.6639,0.5442,0.7999,0.7258
226,2016-04-11,16,18-44,988.5714,1010.1968,876.6872,1174.3111,0.3003,0.2639,0.3412,0.3180
226,2016-04-11,16,45-64,283.1429,294.3322,254.0431,341.9640,0.2417,0.2128,0.2744,0.2506
226,2016-04-11,16,65+,141.2857,142.7245,123.7177,167.2887,0.2337,0.2039,0.2679,0.2394
227,2016-04-12,16,0-5,2418.0000,2392.4884,2105.1284,2765.3521,0.8349,0.6791,1.0315,0.9080
227,2016-04-12,16,6-11,1949.8571,1946.3420,1708.6424,2225.8581,0.8263,0.6875,0.9937,0.9072
227,2016-04-12,16,12-17,768.2857,791.3343,689.6240,906.8516,0.6683,0.5517,0.8127,0.7065
227,2016-04-12,16,18-44,927.4286,941.9081,818.0472,1086.9405,0.3012,0.2656,0.3418,0.3165
227,2016-04-12,16,45-64,270.8571,279.1640,241.0032,324.4794,0.2456,0.2164,0.2791,0.2494
227,2016-04-12,16,65+,129.1429,135.0450,116.4284,157.6471,0.2388,0.2079,0.2741,0.2375
228,2016-04-13,16,0-5,2255.8571,2226.2011,1943.8302,2570.9992,0.8300,0.6768,1.0150,0.8957
228,2016-04-13,16,6-11,1781.0000,1755.8947,1541.9356,2020.5274,0.8263,0.6859,0.9980,0.8966
228,2016-04-13,16,12-17,687.4286,705.9037,616.2343,808.7966,0.6775,0.5608,0.8196,0.6989
228,2016-04-13,16,18-44,860.5714,876.3568,762.7208,1004.6320,0.3035,0.2680,0.3451,0.3148
228,2016-04-13,16,45-64,261.8571,264.7576,229.1852,305.4348,0.2504,0.2207,0.2846,0.2502
228,2016-04-13,16,65+,121.1429,127.5037,109.5708,149.3871,0.2453,0.2135,0.2822,0.2385
229,2016-04-14,16,0-5,2137.4286,2063.3388,1794.4874,2380.9906,0.8338,0.6770,1.0179,0.9037
229,2016-04-14,16,6-11,1673.7143,1582.1622,1385.0774,1812.2057,0.8302,0.6903,1.0006,0.9152
229,2016-04-14,16,12-17,654.7143,631.5150,553.4930,725.8100,0.6921,0.5724,0.8448,0.7300
229,2016-04-14,16,18-44,824.7143,811.9515,708.8834,930.6360,0.3082,0.2713,0.3509,0.3230
229,2016-04-14,16,45-64,254.2857,250.6471,217.2860,289.4095,0.2565,0.2254,0.2925,0.2595
229,2016-04-14,16,65+,119.2857,120.7555,103.6398,140.9253,0.2526,0.2197,0.2911,0.2482
230,2016-04-15,16,0-5,1882.5714,1902.7413,1661.8726,2197.5695,0.8337,0.6804,1.0295,0.8465
230,2016-04-15,16,6-11,1384.8571,1424.3918,1247.2361,1638.8125,0.8409,0.7017,1.0131,0.8356
230,2016-04-15,16,12-17,536.2857,567.0293,495.3391,651.9985,0.7156,0.5916,0.8691,0.6697
230,2016-04-15,16,18-44,740.5714,751.8794,654.9734,866.5404,0.3138,0.2760,0.3575,0.3052
230,2016-04-15,16,45-64,234.7143,236.4951,204.6757,274.0953,0.2638,0.2316,0.3010,0.2486
230,2016-04-15,16,65+,112.8571,114.7912,98.1547,133.6908,0.2608,0.2267,0.3015,0.2419
231,2016-04-16,16,0-5,1698.1429,1754.3413,1533.6421,2029.4476,0.8495,0.6896,1.0382,0.8233
231,2016-04-16,16,6-11,1206.0000,1285.3569,1120.5136,1482.3148,0.8607,0.7205,1.0292,0.8079
231,2016-04-16,16,12-17,472.2857,514.3000,446.4178,589.9776,0.7368,0.6112,0.8907,0.6580
231,2016-04-16,16,18-44,686.1429,697.2257,605.0693,807.1982,0.3221,0.2835,0.3650,0.3013
231,2016-04-16,16,45-64,218.1429,223.1532,194.3285,260.8049,0.2723,0.2394,0.3098,0.2481
231,2016-04-16,16,65+,108.0000,109.4963,93.5278,127.5590,0.2700,0.2346,0.3125,0.2438
232,2016-04-17,17,0-5,1635.1429,1620.7100,1417.8984,1867.6373,0.8621,0.7058,1.0580,0.8586
232,2016-04-17,17,6-11,1152.8571,1164.6649,1015.6762,1335.5391,0.8814,0.7385,1.0646,0.8534
232,2016-04-17,17,12-17,461.1429,468.6218,405.4487,539.0976,0.7571,0.6274,0.9205,0.7108
232,2016-04-17,17,18-44,648.0000,646.3961,563.2335,749.1418,0.3297,0.2908,0.3749,0.3177
232,2016-04-17,17,45-64,216.5714,211.0523,183.1650,246.1432,0.2803,0.2465,0.3196,0.2647
232,2016-04-17,17,65+,109.0000,104.3705,89.2310,121.4464,0.2790,0.2421,0.3228,0.2621
233,2016-04-18,17,0-5,1466.2857,1497.8322,1310.8516,1732.7473,0.8777,0.7138,1.0776,0.8355
233,2016-04-18,17,6-11,1029.7143,1060.7912,927.3557,1214.2487,0.9035,0.7549,1.0857,0.8416
233,2016-04-18,17,12-17,419.8571,429.7179,371.3938,492.9545,0.7732,0.6425,0.9320,0.7129
233,2016-04-18,17,18-44,588.8571,598.1709,521.8174,692.8752,0.3380,0.2975,0.3841,0.3133
233,2016-04-18,17,45-64,199.4286,198.9314,172.1141,231.3862,0.2884,0.2533,0.3288,0.2624
233,2016-04-18,17,65+,96.8571,99.2310,85.1121,115.7120,0.2878,0.2501,0.3333,0.2573
234,2016-04-19,17,0-5,1352.7143,1388.5315,1218.3667,1606.2676,0.8899,0.7237,1.0880,0.8394
234,2016-04-19,17,6-11,943.4286,971.6232,850.8744,1116.0287,0.9223,0.7721,1.1071,0.8534
234,2016-04-19,17,12-17,394.7143,395.2132,343.5429,455.3938,0.7815,0.6457,0.9531,0.7353
234,2016-04-19,17,18-44,551.5714,553.8028,484.5651,640.2710,0.3451,0.3035,0.3926,0.3185
234,2016-04-19,17,45-64,185.5714,187.5140,163.1005,218.4948,0.2953,0.2588,0.3364,0.2683
234,2016-04-19,17,65+,93.0000,94.4964,80.5472,110.4103,0.2960,0.2563,0.3426,0.2640
235,2016-04-20,17,0-5,1257.8571,1291.1756,1130.8203,1486.1725,0.9026,0.7372,1.1060,0.8476
235,2016-04-20,17,6-11,870.0000,894.3778,781.4293,1027.5913,0.9348,0.7794,1.1233,0.8656
235,2016-04-20,17,12-17,359.7143,364.0044,317.6358,420.2462,0.7872,0.6554,0.9545,0.7386
235,2016-04-20,17,18-44,509.2857,515.4852,448.4279,595.8509,0.3512,0.3086,0.3996,0.3222
235,2016-04-20,17,45-64,173.1429,176.6035,153.4795,205.3077,0.3014,0.2641,0.3439,0.2720
235,2016-04-20,17,65+,89.8571,89.8155,76.7222,105.1673,0.3041,0.2631,0.3515,0.2706
236,2016-04-21,17,0-5,1205.7143,1201.9734,1050.8138,1389.7661,0.9080,0.7429,1.1189,0.8835
236,2016-04-21,17,6-11,832.1429,827.1531,723.9113,949.2021,0.9410,0.7892,1.1292,0.9095
236,2016-04-21,17,12-17,348.5714,336.0701,293.9056,387.5752,0.7873,0.6547,0.9483,0.7820
236,2016-04-21,17,18-44,489.1429,479.7412,415.3832,551.8889,0.3557,0.3129,0.4036,0.3386
236,2016-04-21,17,45-64,170.5714,167.1776,144.1676,194.3092,0.3065,0.2690,0.3496,0.2876
236,2016-04-21,17,65+,88.0000,85.5035,73.0016,99.9709,0.3114,0.2695,0.3612,0.2863
237,2016-04-22,17,0-5,1113.0000,1121.2419,977.0512,1289.3404,0.9166,0.7503,1.1221,0.8774
237,2016-04-22,17,6-11,767.0000,764.1255,666.6102,877.0519,0.9397,0.7885,1.1221,0.9082
237,2016-04-22,17,12-17,317.0000,309.3707,270.9688,357.5938,0.7834,0.6503,0.9440,0.7733
237,2016-04-22,17,18-44,440.7143,447.8169,387.3146,516.8920,0.3586,0.3162,0.4083,0.3356
237,2016-04-22,17,45-64,160.7143,158.2718,136.9196,182.7315,0.3101,0.2725,0.3545,0.2856
237,2016-04-22,17,65+,80.2857,81.6975,69.6631,95.2453,0.3176,0.2753,0.3682,0.2836
238,2016-04-23,17,0-5,1052.2857,1049.0997,915.9599,1199.4781,0.9148,0.7487,1.1132,0.8945
238,2016-04-23,17,6-11,715.8571,707.1003,614.3842,812.7794,0.9309,0.7788,1.1136,0.9227
238,2016-04-23,17,12-17,292.7143,285.1039,247.6249,329.2410,0.7723,0.6456,0.9312,0.7781
238,2016-04-23,17,18-44,420.5714,419.7488,361.9386,484.0133,0.3588,0.3163,0.4080,0.3423
238,2016-04-23,17,45-64,151.5714,150.2561,130.5746,173.9840,0.3121,0.2739,0.3563,0.2910
238,2016-04-23,17,65+,77.1429,78.2892,66.7292,91.8392,0.3224,0.2789,0.3749,0.2903
239,2016-04-24,18,0-5,975.0000,979.3684,852.8909,1122.8486,0.9023,0.7445,1.1053,0.8921
239,2016-04-24,18,6-11,646.7143,653.0967,568.6336,749.4605,0.9162,0.7712,1.0976,0.9098
239,2016-04-24,18,12-17,260.5714,261.3032,227.3304,301.6878,0.7588,0.6323,0.9110,0.7592
239,2016-04-24,18,18-44,397.1429,392.3641,338.9505,454.9318,0.3575,0.3154,0.4054,0.3423
239,2016-04-24,18,45-64,141.8571,143.1567,124.4401,166.3839,0.3137,0.2750,0.3576,0.2916
239,2016-04-24,18,65+,74.1429,75.4981,64.5855,88.4629,0.3276,0.2825,0.3812,0.2938
240,2016-04-25,18,0-5,928.1429,913.4224,795.4573,1043.5234,0.8915,0.7272,1.0894,0.9114
240,2016-04-25,18,6-11,602.0000,601.0091,526.7308,691.9073,0.9006,0.7594,1.0805,0.9217
240,2016-04-25,18,12-17,238.0000,238.8031,206.9145,276.4962,0.7467,0.6226,0.8993,0.7611
240,2016-04-25,18,18-44,376.1429,368.6934,319.0214,427.0830,0.3552,0.3126,0.4044,0.3497
240,2016-04-25,18,45-64,136.5714,137.0348,119.1303,160.0510,0.3144,0.2751,0.3599,0.2996
240,2016-04-25,18,65+,74.5714,73.1215,62.7301,85.8397,0.3315,0.2856,0.3865,0.3069
241,2016-04-26,18,0-5,852.1429,850.1517,740.4970,971.9205,0.8699,0.7127,1.0657,0.8959
241,2016-04-26,18,6-11,554.8571,549.4541,484.9623,631.0268,0.8790,0.7330,1.0521,0.9150
241,2016-04-26,18,12-17,214.0000,217.0301,188.5498,251.5807,0.7306,0.6086,0.8772,0.7488
241,2016-04-26,18,18-44,339.0000,345.7288,300.0901,400.1023,0.3505,0.3082,0.3989,0.3459
241,2016-04-26,18,45-64,130.0000,131.4452,113.7434,153.2156,0.3129,0.2742,0.3580,0.2992
241,2016-04-26,18,65+,72.2857,70.9730,60.6187,83.4599,0.3334,0.2872,0.3891,0.3105
242,2016-04-27,18,0-5,793.7143,785.2197,688.5542,900.1393,0.8511,0.6941,1.0496,0.9003
242,2016-04-27,18,6-11,511.2857,501.4509,440.8666,575.9544,0.8566,0.7155,1.0245,0.9202
242,2016-04-27,18,12-17,196.5714,196.6962,170.8765,227.8475,0.7132,0.5976,0.8551,0.7569
242,2016-04-27,18,18-44,325.8571,323.2527,280.2639,372.8630,0.3461,0.3042,0.3945,0.3528
242,2016-04-27,18,45-64,127.4286,125.8640,108.7956,146.3786,0.3120,0.2728,0.3578,0.3075
242,2016-04-27,18,65+,68.7143,68.7867,58.7922,80.7490,0.3351,0.2877,0.3937,0.3182
243,2016-04-28,18,0-5,753.4286,722.1482,634.1914,826.6505,0.8379,0.6830,1.0306,0.9211
243,2016-04-28,18,6-11,482.1429,455.7231,398.6344,523.6195,0.8324,0.6958,0.9986,0.9441
243,2016-04-28,18,12-17,186.1429,176.7549,153.8147,205.1689,0.6976,0.5814,0.8372,0.7834
243,2016-04-28,18,18-44,315.1429,301.1161,261.2435,347.7195,0.3419,0.3006,0.3892,0.3652
243,2016-04-28,18,45-64,125.4286,120.1252,103.7608,139.9532,0.3107,0.2716,0.3562,0.3205
243,2016-04-28,18,65+,67.1429,66.6906,56.8858,78.2812,0.3374,0.2890,0.3945,0.3318
244,2016-04-29,18,0-5,666.1429,661.7130,579.3419,758.6096,0.8255,0.6686,1.0138,0.8772
244,2016-04-29,18,6-11,409.0000,410.2584,357.9711,472.3413,0.8118,0.6826,0.9732,0.8841
244,2016-04-29,18,12-17,163.8571,158.5692,137.1995,183.7574,0.6840,0.5743,0.8213,0.7532
244,2016-04-29,18,18-44,288.2857,280.1065,241.6321,325.4445,0.3401,0.2980,0.3877,0.3532
244,2016-04-29,18,45-64,115.2857,114.4227,98.6717,132.4595,0.3115,0.2712,0.3574,0.3146
244,2016-04-29,18,65+,66.2857,64.3946,54.8867,75.7343,0.3411,0.2910,0.4018,0.3329
245,2016-04-30,18,0-5,597.7143,603.3030,527.0668,688.1620,0.8196,0.6695,1.0039,0.8507
245,2016-04-30,18,6-11,359.7143,366.9474,319.8160,422.1148,0.7999,0.6758,0.9565,0.8535
245,2016-04-30,18,12-17,141.1429,141.5821,122.3152,164.1116,0.6778,0.5669,0.8101,0.7213
245,2016-04-30,18,18-44,260.1429,259.7416,224.5196,302.5042,0.3408,0.2994,0.3884,0.3459
245,2016-04-30,18,45-64,109.7143,108.7768,93.6321,126.3746,0.3146,0.2743,0.3615,0.3117
245,2016-04-30,18,65+,63.2857,62.1079,53.1314,73.3288,0.3471,0.2968,0.4091,0.3339
246,2016-05-01,19,0-5,550.4286,549.3703,479.3975,631.6428,0.8214,0.6718,1.0049,0.8543
246,2016-05-01,19,6-11,330.1429,326.0455,282.8866,374.3671,0.7932,0.6685,0.9456,0.8634
246,2016-05-01,19,12-17,130.2857,125.6316,108.3038,146.0603,0.6750,0.5669,0.8090,0.7345
246,2016-05-01,19,18-44,241.0000,240.1700,208.0186,278.6171,0.3456,0.3028,0.3935,0.3519
246,2016-05-01,19,45-64,105.5714,103.0882,88.6028,119.9983,0.3217,0.2795,0.3698,0.3207
246,2016-05-01,19,65+,62.7143,59.8683,50.6358,70.4094,0.3562,0.3036,0.4195,0.3479
247,2016-05-02,19,0-5,480.7143,498.6819,435.9024,576.0670,0.8266,0.6768,1.0107,0.8096
247,2016-05-02,19,6-11,282.5714,288.8044,250.6747,331.6170,0.7944,0.6689,0.9471,0.8125
247,2016-05-02,19,12-17,109.0000,111.4343,95.9928,129.8337,0.6848,0.5740,0.8211,0.6808
247,2016-05-02,19,18-44,207.7143,222.3417,192.3371,257.8948,0.3540,0.3109,0.4044,0.3305
247,2016-05-02,19,45-64,91.1429,97.3373,83.5028,114.1659,0.3327,0.2892,0.3833,0.2998
247,2016-05-02,19,65+,54.1429,57.3779,48.4794,67.7729,0.3699,0.3151,0.4347,0.3248
248,2016-05-03,19,0-5,444.4286,452.2993,393.0596,523.0925,0.8310,0.6846,1.0210,0.8262
248,2016-05-03,19,6-11,250.4286,254.2917,221.9645,292.7321,0.8006,0.6787,0.9548,0.8155
248,2016-05-03,19,12-17,95.8571,98.7360,85.5582,115.0357,0.6993,0.5876,0.8370,0.6828
248,2016-05-03,19,18-44,197.7143,205.8264,178.7076,240.7125,0.3653,0.3197,0.4182,0.3411
248,2016-05-03,19,45-64,89.1429,92.3248,78.8567,107.8182,0.3472,0.3011,0.4015,0.3126
248,2016-05-03,19,65+,52.5714,54.8887,46.5379,64.6216,0.3871,0.3293,0.4574,0.3407
249,2016-05-04,19,0-5,404.7143,409.5649,356.7082,472.8210,0.8368,0.6894,1.0162,0.8312
249,2016-05-04,19,6-11,225.2857,223.4145,194.7131,258.3659,0.8103,0.6866,0.9632,0.8231
249,2016-05-04,19,12-17,86.1429,87.5251,75.7400,102.1372,0.7181,0.6060,0.8566,0.6916
249,2016-05-04,19,18-44,181.2857,190.7422,165.1552,223.8215,0.3792,0.3316,0.4339,0.3476
249,2016-05-04,19,45-64,84.2857,87.3936,74.5703,102.5588,0.3646,0.3155,0.4217,0.3222
249,2016-05-04,19,65+,52.2857,52.4708,44.6111,61.7154,0.4074,0.3452,0.4827,0.3578
250,2016-05-05,19,0-5,383.8571,369.5184,321.4327,425.4823,0.8477,0.7028,1.0377,0.8701
250,2016-05-05,19,6-11,208.7143,196.0045,170.7964,227.8280,0.8246,0.7028,0.9873,0.8580
250,2016-05-05,19,12-17,80.2857,77.8171,67.1514,90.9477,0.7436,0.6258,0.8857,0.7247
250,2016-05-05,19,18-44,174.7143,177.8356,153.2732,207.6530,0.3948,0.3446,0.4531,0.3660
250,2016-05-05,19,45-64,81.7143,82.8821,70.8689,97.0258,0.3841,0.3321,0.4455,0.3403
250,2016-05-05,19,65+,50.4286,49.9476,42.4161,58.9921,0.4301,0.3657,0.5087,0.3771
251,2016-05-06,19,0-5,334.8571,333.4127,288.9823,383.8802,0.8622,0.7154,1.0452,0.8425
251,2016-05-06,19,6-11,169.7143,172.2446,149.2929,200.5613,0.8482,0.7214,1.0027,0.8075
251,2016-05-06,19,12-17,63.8571,69.1948,59.4808,80.8321,0.7726,0.6504,0.9197,0.6769
251,2016-05-06,19,18-44,165.4286,166.5898,143.2078,194.8457,0.4113,0.3596,0.4719,0.3622
251,2016-05-06,19,45-64,77.1429,78.8940,67.4064,92.7609,0.4044,0.3505,0.4693,0.3399
251,2016-05-06,19,65+,46.2857,47.6912,40.4929,56.6177,0.4549,0.3860,0.5366,0.3767
252,2016-05-07,19,0-5,301.5714,299.8329,260.1694,346.4347,0.8800,0.7335,1.0779,0.8433
252,2016-05-07,19,6-11,145.4286,151.4149,131.2324,177.3682,0.8745,0.7414,1.0321,0.8000
252,2016-05-07,19,12-17,58.5714,62.0280,53.0021,72.8688,0.8022,0.6771,0.9595,0.6979
252,2016-05-07,19,18-44,156.2857,157.4855,135.6078,183.4381,0.4290,0.3753,0.4931,0.3715
252,2016-05-07,19,45-64,73.8571,75.5858,64.5570,88.5103,0.4259,0.3685,0.4935,0.3537
252,2016-05-07,19,65+,45.7143,45.8305,38.8321,54.5748,0.4793,0.4071,0.5667,0.3960
253,2016-05-08,20,0-5,257.1429,269.4787,235.9931,313.1238,0.8999,0.7406,1.0890,0.8120
253,2016-05-08,20,6-11,122.4286,133.8649,115.6518,156.0219,0.9006,0.7613,1.0646,0.7814
253,2016-05-08,20,12-17,53.4286,56.0004,47.6031,65.9284,0.8339,0.7036,0.9925,0.7128
253,2016-05-08,20,18-44,146.8571,148.6550,127.4045,173.0640,0.4458,0.3890,0.5124,0.3735
253,2016-05-08,20,45-64,70.0000,72.5783,62.2355,85.4134,0.4466,0.3854,0.5186,0.3603
253,2016-05-08,20,65+,41.7143,44.2537,37.3590,52.3933,0.5043,0.4281,0.5952,0.3987
254,2016-05-09,20,0-5,252.5714,244.2244,213.1630,282.5382,0.9192,0.7612,1.1096,0.8978
254,2016-05-09,20,6-11,121.0000,118.9654,102.5573,139.0577,0.9228,0.7867,1.0891,0.8802
254,2016-05-09,20,12-17,52.7143,50.7452,43.1600,60.1439,0.8607,0.7277,1.0238,0.8016
254,2016-05-09,20,18-44,149.7143,140.1739,120.3855,163.5396,0.4616,0.4035,0.5295,0.4234
254,2016-05-09,20,45-64,75.0000,70.0646,59.8956,82.6777,0.4662,0.4018,0.5411,0.4136
254,2016-05-09,20,65+,44.4286,42.7526,36.1591,50.9282,0.5272,0.4459,0.6236,0.4598
255,2016-05-10,20,0-5,226.5714,221.8408,193.6774,256.8884,0.9356,0.7750,1.1313,0.8921
255,2016-05-10,20,6-11,108.2857,106.4085,91.5710,124.1448,0.9473,0.8057,1.1230,0.8842
255,2016-05-10,20,12-17,48.5714,46.4639,39.4832,55.2748,0.8890,0.7465,1.0589,0.8120
255,2016-05-10,20,18-44,136.2857,131.9157,113.3702,154.0233,0.4759,0.4149,0.5485,0.4254
255,2016-05-10,20,45-64,70.4286,67.9329,57.9154,80.2057,0.4842,0.4169,0.5650,0.4182
255,2016-05-10,20,65+,42.5714,41.3342,34.8799,49.3772,0.5471,0.4625,0.6503,0.4679
256,2016-05-11,20,0-5,202.1429,202.5065,175.4280,234.2013,0.9512,0.7870,1.1429,0.8779
256,2016-05-11,20,6-11,94.2857,95.8848,82.4171,112.0863,0.9747,0.8326,1.1523,0.8667
256,2016-05-11,20,12-17,43.4286,42.7582,36.3132,51.1839,0.9158,0.7723,1.0876,0.7986
256,2016-05-11,20,18-44,124.0000,123.9577,106.8940,144.1479,0.4923,0.4293,0.5658,0.4205
256,2016-05-11,20,45-64,64.8571,65.9888,56.0438,78.1452,0.5032,0.4333,0.5862,0.4145
256,2016-05-11,20,65+,40.0000,40.0965,33.8081,47.9571,0.5691,0.4810,0.6697,0.4661
257,2016-05-12,20,0-5,189.4286,184.2058,160.2395,213.9525,0.9754,0.8123,1.1812,0.9134
257,2016-05-12,20,6-11,89.1429,86.8291,74.5661,101.6695,1.0065,0.8607,1.1846,0.9139
257,2016-05-12,20,12-17,41.7143,39.6911,33.3927,47.3920,0.9478,0.8006,1.1231,0.8424
257,2016-05-12,20,18-44,119.5714,116.6132,100.5358,136.2517,0.5102,0.4451,0.5867,0.4435
257,2016-05-12,20,45-64,64.1429,64.6221,55.0340,76.7041,0.5235,0.4512,0.6104,0.4396
257,2016-05-12,20,65+,40.0000,39.1380,32.8878,46.4784,0.5891,0.4980,0.6945,0.4962
258,2016-05-13,20,0-5,164.7143,168.7304,145.9510,195.8367,1.0088,0.8382,1.2157,0.8809
258,2016-05-13,20,6-11,78.2857,79.2146,68.1376,92.7910,1.0422,0.8873,1.2204,0.8940
258,2016-05-13,20,12-17,36.7143,37.0655,31.3654,44.4812,0.9844,0.8301,1.1687,0.8231
258,2016-05-13,20,18-44,106.7143,110.2448,94.7635,129.4271,0.5316,0.4634,0.6115,0.4380
258,2016-05-13,20,45-64,61.7143,63.7821,53.7308,75.5190,0.5473,0.4710,0.6375,0.4413
258,2016-05-13,20,65+,38.7143,38.1631,31.8600,45.3635,0.6119,0.5184,0.7212,0.5039
259,2016-05-14,20,0-5,149.5714,155.6602,134.4851,180.8065,1.0384,0.8661,1.2445,0.8935
259,2016-05-14,20,6-11,70.1429,73.0806,62.7906,85.4896,1.0738,0.9175,1.2671,0.9085
259,2016-05-14,20,12-17,35.0000,34.9638,29.5248,41.7877,1.0191,0.8605,1.2063,0.8614
259,2016-05-14,20,18-44,102.1429,104.9044,90.2139,123.1278,0.5511,0.4808,0.6340,0.4565
259,2016-05-14,20,45-64,63.0000,62.9898,53.2858,74.1922,0.5686,0.4891,0.6619,0.4657
259,2016-05-14,20,65+,36.8571,37.2585,31.0141,44.1068,0.6298,0.5346,0.7453,0.5242
260,2016-05-15,21,0-5,142.0000,144.4195,124.6412,167.8077,1.0699,0.8925,1.2826,0.9310
260,2016-05-15,21,6-11,67.4286,67.9037,58.1430,79.3991,1.1096,0.9477,1.3001,0.9512
260,2016-05-15,21,12-17,31.2857,33.1559,27.8519,39.7325,1.0580,0.8942,1.2460,0.8622
260,2016-05-15,21,18-44,96.0000,100.3364,85.9706,117.7561,0.5723,0.4989,0.6577,0.4718
260,2016-05-15,21,45-64,61.2857,62.3939,52.5767,73.8706,0.5897,0.5079,0.6856,0.4804
260,2016-05-15,21,65+,35.8571,36.2591,30.2225,42.8039,0.6486,0.5525,0.7650,0.5427
261,2016-05-16,21,0-5,127.1429,134.8748,116.4093,156.4262,1.0942,0.9142,1.3117,0.9369
261,2016-05-16,21,6-11,62.5714,63.4303,54.0707,74.6223,1.1370,0.9735,1.3379,0.9825
261,2016-05-16,21,12-17,30.2857,31.7723,26.6598,38.1967,1.0870,0.9203,1.2842,0.9112
261,2016-05-16,21,18-44,92.8571,96.5900,82.7148,113.5946,0.5891,0.5135,0.6774,0.4948
261,2016-05-16,21,45-64,62.8571,61.9343,52.6256,73.2022,0.6055,0.5208,0.7056,0.5120
261,2016-05-16,21,65+,35.7143,35.1043,29.4685,41.7704,0.6618,0.5613,0.7797,0.5765
262,2016-05-17,21,0-5,120.4286,126.1520,108.7670,146.2187,1.1094,0.9282,1.3291,0.9745
262,2016-05-17,21,6-11,58.0000,59.6256,50.9110,70.2678,1.1545,0.9841,1.3583,1.0066
262,2016-05-17,21,12-17,28.0000,30.6009,25.5546,36.7642,1.1039,0.9333,1.3074,0.9215
262,2016-05-17,21,18-44,92.0000,93.3841,79.9685,109.7685,0.5980,0.5216,0.6869,0.5115
262,2016-05-17,21,45-64,60.1429,61.2102,51.8258,72.4462,0.6126,0.5261,0.7126,0.5242
262,2016-05-17,21,65+,33.8571,33.9693,28.5557,40.4703,0.6655,0.5642,0.7841,0.5851
263,2016-05-18,21,0-5,123.7143,118.6133,102.4523,137.7788,1.1167,0.9359,1.3335,1.0809
263,2016-05-18,21,6-11,58.1429,56.3480,47.9145,66.1874,1.1614,0.9895,1.3588,1.1022
263,2016-05-18,21,12-17,29.8571,29.6691,24.6175,35.5745,1.1100,0.9413,1.3139,1.0344
263,2016-05-18,21,18-44,93.4286,90.5872,77.9177,106.9061,0.6027,0.5239,0.6943,0.5638
263,2016-05-18,21,45-64,63.8571,60.2108,50.9083,71.1485,0.6149,0.5285,0.7171,0.5786
263,2016-05-18,21,65+,34.4286,32.9058,27.5503,39.2642,0.6660,0.5644,0.7872,0.6382
264,2016-05-19,21,0-5,117.0000,111.6862,96.7459,130.2780,1.1132,0.9281,1.3334,1.1009
264,2016-05-19,21,6-11,55.8571,53.1803,45.1306,62.7157,1.1576,0.9880,1.3572,1.1330
264,2016-05-19,21,12-17,30.0000,28.8199,23.8234,34.4906,1.1035,0.9355,1.3075,1.0772
264,2016-05-19,21,18-44,91.8571,88.2857,75.8455,103.9299,0.6013,0.5218,0.6912,0.5796
264,2016-05-19,21,45-64,62.8571,58.7597,49.7291,69.2458,0.6120,0.5257,0.7129,0.5948
264,2016-05-19,21,65+,33.8571,31.7815,26.5324,37.7691,0.6633,0.5611,0.7815,0.6535
265,2016-05-20,21,0-5,107.4286,105.3870,90.9595,123.0523,1.1050,0.9224,1.3330,1.0767
265,2016-05-20,21,6-11,52.1429,50.3309,42.7815,59.6999,1.1473,0.9808,1.3437,1.1198
265,2016-05-20,21,12-17,31.2857,28.0420,23.2180,33.6875,1.0907,0.9242,1.2949,1.1117
265,2016-05-20,21,18-44,87.5714,86.2227,73.9487,101.0382,0.5976,0.5196,0.6870,0.5720
265,2016-05-20,21,45-64,59.5714,57.3015,48.5995,67.5479,0.6078,0.5226,0.7060,0.5856
265,2016-05-20,21,65+,31.1429,30.7491,25.5615,36.5932,0.6595,0.5587,0.7791,0.6330
266,2016-05-21,21,0-5,101.8571,99.4451,85.3137,116.0976,1.0953,0.9095,1.3129,1.0834
266,2016-05-21,21,6-11,48.4286,47.7511,40.6640,56.8428,1.1416,0.9741,1.3352,1.1107
266,2016-05-21,21,12-17,29.4286,27.2637,22.5850,33.1052,1.0768,0.9122,1.2764,1.0867
266,2016-05-21,21,18-44,86.4286,84.4204,72.1628,99.3545,0.5928,0.5163,0.6822,0.5723
266,2016-05-21,21,45-64,56.4286,55.8001,47.4262,65.8545,0.6032,0.5192,0.6998,0.5812
266,2016-05-21,21,65+,30.0000,29.9017,24.8242,35.8438,0.6583,0.5577,0.7760,0.6289
267,2016-05-22,22,0-5,94.7143,93.9497,80.8836,109.9205,1.0827,0.9044,1.2934,1.0796
267,2016-05-22,22,6-11,43.2857,45.3881,38.4758,54.0985,1.1342,0.9696,1.3353,1.0864
267,2016-05-22,22,12-17,27.4286,26.4372,21.9721,32.2670,1.0600,0.8960,1.2588,1.0662
267,2016-05-22,22,18-44,86.1429,82.7253,70.5647,97.0387,0.5867,0.5102,0.6747,0.5767
267,2016-05-22,22,45-64,55.1429,54.3875,46.2431,64.2538,0.5976,0.5136,0.6940,0.5855
267,2016-05-22,22,65+,28.8571,29.2126,24.0878,35.1968,0.6581,0.5562,0.7826,0.6314
268,2016-05-23,22,0-5,90.7143,88.5012,76.1228,103.6322,1.0739,0.8953,1.2853,1.0923
268,2016-05-23,22,6-11,42.0000,43.2774,36.7991,51.2459,1.1315,0.9612,1.3243,1.1046
268,2016-05-23,22,12-17,26.2857,25.5233,21.2699,31.0722,1.0492,0.8865,1.2416,1.0616
268,2016-05-23,22,18-44,82.8571,80.4667,68.5338,94.3948,0.5840,0.5064,0.6726,0.5802
268,2016-05-23,22,45-64,53.0000,52.8328,44.9686,62.6084,0.5962,0.5120,0.6938,0.5872
268,2016-05-23,22,65+,28.2857,28.6786,23.6850,34.7636,0.6646,0.5605,0.7849,0.6367
269,2016-05-24,22,0-5,81.8571,83.3425,71.2952,97.8049,1.0692,0.8900,1.2808,1.0581
269,2016-05-24,22,6-11,41.7143,41.3926,35.0693,48.5893,1.1248,0.9549,1.3198,1.1252
269,2016-05-24,22,12-17,25.1429,24.4985,20.5364,29.9563,1.0383,0.8760,1.2348,1.0600
269,2016-05-24,22,18-44,76.8571,77.9817,66.4158,91.4422,0.5817,0.5044,0.6707,0.5772
269,2016-05-24,22,45-64,52.4286,51.3740,43.4680,60.6183,0.5956,0.5119,0.6938,0.5914
269,2016-05-24,22,65+,28.1429,28.2689,23.1623,34.2700,0.6719,0.5694,0.7956,0.6476
270,2016-05-25,22,0-5,75.2857,78.2691,66.8440,91.7837,1.0615,0.8840,1.2803,1.0474
270,2016-05-25,22,6-11,40.5714,39.4908,33.3932,46.3918,1.1200,0.9544,1.3148,1.1370
270,2016-05-25,22,12-17,23.4286,23.4393,19.5402,28.6034,1.0335,0.8726,1.2260,1.0368
270,2016-05-25,22,18-44,75.1429,75.0664,64.1826,88.1139,0.5814,0.5052,0.6716,0.5741
270,2016-05-25,22,45-64,48.5714,49.7920,42.0673,58.7531,0.5989,0.5146,0.6979,0.5821
270,2016-05-25,22,65+,26.5714,27.9461,22.9787,34.1162,0.6844,0.5780,0.8102,0.6363
271,2016-05-26,22,0-5,74.8571,73.6651,63.2194,85.8716,1.0619,0.8825,1.2775,1.0945
271,2016-05-26,22,6-11,38.5714,37.5673,31.7127,44.1454,1.1161,0.9534,1.3181,1.1516
271,2016-05-26,22,12-17,22.7143,22.3744,18.5284,27.2707,1.0295,0.8679,1.2215,1.0553
271,2016-05-26,22,18-44,73.1429,71.9770,61.1275,84.9214,0.5830,0.5056,0.6733,0.5897
271,2016-05-26,22,45-64,48.0000,48.0633,40.8677,56.9521,0.6033,0.5180,0.7031,0.5975
271,2016-05-26,22,65+,26.4286,27.8077,22.8138,33.8413,0.6982,0.5891,0.8340,0.6554
272,2016-05-27,22,0-5,67.5714,69.2814,59.4544,81.1138,1.0606,0.8855,1.2660,1.0497
272,2016-05-27,22,6-11,33.5714,35.6764,30.0131,42.0662,1.1202,0.9566,1.3188,1.0783
272,2016-05-27,22,12-17,18.7143,21.2978,17.5672,25.8910,1.0289,0.8688,1.2212,0.9649
272,2016-05-27,22,18-44,67.4286,68.8323,58.2277,81.3663,0.5875,0.5087,0.6776,0.5672
272,2016-05-27,22,45-64,45.1429,46.4392,39.2467,55.0584,0.6108,0.5239,0.7116,0.5791
272,2016-05-27,22,65+,26.0000,27.8570,22.8286,33.8745,0.7139,0.6011,0.8547,0.6486
273,2016-05-28,22,0-5,62.7143,65.0640,55.4169,76.1315,1.0581,0.8821,1.2714,1.0432
273,2016-05-28,22,6-11,33.5714,33.8672,28.3447,40.1140,1.1241,0.9607,1.3241,1.1092
273,2016-05-28,22,12-17,18.5714,20.1665,16.5324,24.5408,1.0258,0.8678,1.2106,0.9893
273,2016-05-28,22,18-44,63.4286,65.6237,55.3646,77.4682,0.5900,0.5109,0.6822,0.5692
273,2016-05-28,22,45-64,42.7143,44.7576,37.6116,53.0494,0.6158,0.5273,0.7192,0.5827
273,2016-05-28,22,65+,26.0000,27.8757,22.9020,33.8733,0.7278,0.6111,0.8692,0.6605
274,2016-05-29,23,0-5,59.5714,61.0436,51.8547,71.3666,1.0544,0.8733,1.2594,1.0579
274,2016-05-29,23,6-11,31.2857,32.0685,26.9009,38.3707,1.1273,0.9575,1.3338,1.1182
274,2016-05-29,23,12-17,19.8571,19.0817,15.6036,23.2990,1.0156,0.8594,1.2014,1.0695
274,2016-05-29,23,18-44,59.7143,62.5121,52.7035,73.6888,0.5906,0.5111,0.6834,0.5861
274,2016-05-29,23,45-64,42.4286,43.0803,36.1313,51.1546,0.6182,0.5290,0.7216,0.6121
274,2016-05-29,23,65+,28.4286,27.8824,22.9709,33.7384,0.7345,0.6166,0.8755,0.7145
275,2016-05-30,23,0-5,57.8571,57.0082,48.1082,66.5340,1.0481,0.8639,1.2550,1.1002
275,2016-05-30,23,6-11,31.4286,30.3897,25.4824,36.6320,1.1271,0.9630,1.3349,1.1726
275,2016-05-30,23,12-17,18.5714,17.9788,14.6490,22.0435,1.0072,0.8493,1.1956,1.0745
275,2016-05-30,23,18-44,60.0000,59.1433,50.1441,70.0029,0.5904,0.5102,0.6857,0.6072
275,2016-05-30,23,45-64,40.7143,41.3704,34.7586,49.1959,0.6192,0.5290,0.7273,0.6288
275,2016-05-30,23,65+,29.0000,27.7862,22.8624,33.6095,0.7368,0.6182,0.8820,0.7416
276,2016-05-31,23,0-5,57.1429,53.3425,44.9275,62.1431,1.0346,0.8603,1.2402,1.1408
276,2016-05-31,23,6-11,29.8571,28.7804,24.1151,34.8123,1.1268,0.9584,1.3320,1.1859
276,2016-05-31,23,12-17,17.7143,16.8260,13.6042,20.7076,0.9909,0.8353,1.1762,1.0827
276,2016-05-31,23,18-44,58.8571,56.0695,47.4796,66.4697,0.5856,0.5074,0.6778,0.6222
276,2016-05-31,23,45-64,39.7143,39.7827,33.3729,47.2089,0.6147,0.5260,0.7197,0.6441
276,2016-05-31,23,65+,30.0000,27.4617,22.6233,33.0551,0.7305,0.6132,0.8749,0.7703
277,2016-06-01,23,0-5,52.2857,49.7099,42.0605,58.0390,1.0338,0.8598,1.2490,1.1063
277,2016-06-01,23,6-11,27.7143,27.3966,22.8806,33.1621,1.1313,0.9591,1.3369,1.1632
277,2016-06-01,23,12-17,17.2857,15.7280,12.7689,19.4200,0.9827,0.8277,1.1629,1.0978
277,2016-06-01,23,18-44,54.5714,53.1450,44.6218,63.1449,0.5831,0.5047,0.6763,0.6204
277,2016-06-01,23,45-64,40.8571,38.2996,31.9884,45.3410,0.6114,0.5218,0.7153,0.6558
277,2016-06-01,23,65+,30.1429,26.9326,22.2747,32.5046,0.7233,0.6061,0.8647,0.7857
278,2016-06-02,23,0-5,48.8571,46.3359,38.8726,54.4292,1.0483,0.8689,1.2605,1.1074
278,2016-06-02,23,6-11,27.2857,26.2253,21.8031,31.8280,1.1444,0.9678,1.3513,1.1933
278,2016-06-02,23,12-17,16.7143,14.6355,11.6937,18.1142,0.9795,0.8288,1.1652,1.1178
278,2016-06-02,23,18-44,54.0000,50.3920,42.0965,60.1328,0.5859,0.5081,0.6768,0.6355
278,2016-06-02,23,45-64,41.4286,37.0025,30.7226,44.0487,0.6128,0.5255,0.7158,0.6748
278,2016-06-02,23,65+,30.1429,26.2411,21.8309,31.6786,0.7215,0.6044,0.8612,0.8043
279,2016-06-03,23,0-5,39.2857,43.4201,36.5291,50.9004,1.0716,0.8916,1.2838,0.9359
279,2016-06-03,23,6-11,22.7143,25.1962,20.8473,30.5706,1.1640,0.9888,1.3779,1.0157
279,2016-06-03,23,12-17,13.5714,13.6293,10.8747,16.8999,0.9948,0.8394,1.1802,0.9297
279,2016-06-03,23,18-44,44.5714,47.9336,40.0863,57.1928,0.5952,0.5154,0.6878,0.5297
279,2016-06-03,23,45-64,32.4286,35.8265,29.7482,42.5566,0.6211,0.5319,0.7260,0.5531
279,2016-06-03,23,65+,23.5714,25.5104,21.3683,30.8894,0.7272,0.6124,0.8695,0.6499
280,2016-06-04,23,0-5,40.1429,41.0393,34.2408,48.4471,1.1057,0.9232,1.3238,1.0264
280,2016-06-04,23,6-11,23.2857,24.3877,20.0633,29.7042,1.1904,1.0119,1.4115,1.1046
280,2016-06-04,23,12-17,12.0000,12.7727,10.2089,15.8571,1.0216,0.8623,1.2122,0.9493
280,2016-06-04,23,18-44,45.4286,45.8398,38.2581,54.4916,0.6088,0.5276,0.7051,0.5766
280,2016-06-04,23,45-64,34.2857,34.8463,29.1278,41.3835,0.6347,0.5416,0.7455,0.6024
280,2016-06-04,23,65+,24.5714,24.7114,20.5543,29.9964,0.7412,0.6208,0.8870,0.7106
281,2016-06-05,24,0-5,38.4286,39.1034,32.5111,46.1448,1.1435,0.9508,1.3777,1.0439
281,2016-06-05,24,6-11,23.5714,23.6083,19.4386,28.7002,1.2227,1.0378,1.4502,1.1414
281,2016-06-05,24,12-17,10.2857,12.0629,9.6225,14.9568,1.0545,0.8905,1.2526,0.9175
281,2016-06-05,24,18-44,42.4286,43.7481,36.7868,52.1279,0.6277,0.5433,0.7261,0.5773
281,2016-06-05,24,45-64,33.0000,33.9339,28.0360,40.3270,0.6542,0.5585,0.7649,0.5982
281,2016-06-05,24,65+,22.2857,23.8858,19.7894,29.0892,0.7628,0.6368,0.9036,0.6954
282,2016-06-06,24,0-5,36.0000,37.5370,31.3187,44.3948,1.1931,0.9936,1.4321,1.0457
282,2016-06-06,24,6-11,22.5714,22.9647,18.7540,27.7300,1.2611,1.0697,1.4940,1.1500
282,2016-06-06,24,12-17,10.1429,11.4909,9.1260,14.2840,1.0969,0.9276,1.3026,0.9479
282,2016-06-06,24,18-44,39.8571,41.9490,35.0566,50.1371,0.6516,0.5640,0.7503,0.5821
282,2016-06-06,24,45-64,31.7143,33.0921,27.3325,39.3065,0.6788,0.5805,0.7913,0.6066
282,2016-06-06,24,65+,21.7143,23.0628,19.0804,28.1538,0.7874,0.6600,0.9362,0.7076
283,2016-06-07,24,0-5,32.8571,36.5220,30.6196,43.5163,1.2424,1.0355,1.5005,1.0262
283,2016-06-07,24,6-11,20.7143,22.3754,18.2533,27.3134,1.2985,1.1013,1.5450,1.1264
283,2016-06-07,24,12-17,9.8571,11.0210,8.7589,13.7730,1.1428,0.9640,1.3631,0.9683
283,2016-06-07,24,18-44,37.7143,40.2411,33.4937,47.9816,0.6743,0.5843,0.7793,0.5804
283,2016-06-07,24,45-64,30.7143,32.1856,26.6488,38.4550,0.7025,0.6006,0.8195,0.6080
283,2016-06-07,24,65+,19.8571,22.3825,18.3492,27.3271,0.8152,0.6830,0.9702,0.6973
284,2016-06-08,24,0-5,32.7143,35.7607,30.0344,42.7286,1.2829,1.0710,1.5584,1.0806
284,2016-06-08,24,6-11,20.5714,21.8269,17.8057,26.7218,1.3252,1.1281,1.5744,1.1709
284,2016-06-08,24,12-17,9.1429,10.6892,8.4923,13.4110,1.1889,1.0036,1.4151,0.9764
284,2016-06-08,24,18-44,37.2857,38.7787,32.3281,46.4046,0.6943,0.6014,0.8043,0.5989
284,2016-06-08,24,45-64,28.7143,31.4444,26.0925,37.5384,0.7239,0.6177,0.8490,0.6213
284,2016-06-08,24,65+,20.1429,21.7942,17.7789,26.4286,0.8369,0.6994,1.0005,0.7253
285,2016-06-09,24,0-5,33.0000,35.5076,29.6602,42.5391,1.3078,1.0903,1.5833,1.1505
285,2016-06-09,24,6-11,21.2857,21.3534,17.4119,26.0855,1.3416,1.1412,1.5893,1.2548
285,2016-06-09,24,12-17,9.4286,10.5026,8.3773,13.2685,1.2236,1.0271,1.4567,1.0511
285,2016-06-09,24,18-44,37.2857,37.5527,31.3447,45.1940,0.7081,0.6122,0.8202,0.6358
285,2016-06-09,24,45-64,28.8571,30.7603,25.4990,36.6094,0.7390,0.6300,0.8670,0.6591
285,2016-06-09,24,65+,20.4286,21.2676,17.3015,25.7918,0.8502,0.7115,1.0172,0.7701
286,2016-06-10,24,0-5,39.8571,35.3649,29.5059,42.6553,1.3158,1.0979,1.5878,1.4037
286,2016-06-10,24,6-11,23.1429,20.8433,16.9107,25.5130,1.3444,1.1430,1.5881,1.4518
286,2016-06-10,24,12-17,12.0000,10.4092,8.2628,13.1649,1.2406,1.0424,1.4862,1.3203
286,2016-06-10,24,18-44,40.4286,36.4614,30.5327,43.9272,0.7131,0.6158,0.8279,0.7580
286,2016-06-10,24,45-64,34.2857,30.0726,25.1395,35.9604,0.7447,0.6336,0.8778,0.7967
286,2016-06-10,24,65+,24.1429,20.7424,16.8653,25.4282,0.8536,0.7148,1.0183,0.9349
287,2016-06-11,24,0-5,37.4286,35.3740,29.4353,42.6805,1.3099,1.0846,1.5763,1.2999
287,2016-06-11,24,6-11,20.5714,20.3649,16.5024,24.8828,1.3349,1.1371,1.5767,1.3085
287,2016-06-11,24,12-17,11.2857,10.3965,8.1904,13.2129,1.2426,1.0451,1.4771,1.2180
287,2016-06-11,24,18-44,36.5714,35.6446,29.8643,42.9219,0.7097,0.6156,0.8215,0.6894
287,2016-06-11,24,45-64,31.2857,29.5502,24.5773,35.2936,0.7409,0.6333,0.8681,0.7211
287,2016-06-11,24,65+,21.0000,20.2592,16.5043,24.8872,0.8479,0.7109,1.0111,0.8323
288,2016-06-12,25,0-5,36.0000,35.4063,29.4460,42.5714,1.2958,1.0727,1.5689,1.2625
288,2016-06-12,25,6-11,20.5714,19.9143,16.2691,24.3470,1.3232,1.1234,1.5616,1.3035
288,2016-06-12,25,12-17,11.2857,10.4475,8.2042,13.2821,1.2357,1.0398,1.4658,1.2012
288,2016-06-12,25,18-44,36.1429,35.3035,29.5215,42.5039,0.7036,0.6106,0.8131,0.6756
288,2016-06-12,25,45-64,29.5714,29.2623,24.1807,35.1703,0.7341,0.6283,0.8589,0.7040
288,2016-06-12,25,65+,20.8571,19.8707,16.1940,24.4607,0.8361,0.7036,0.9988,0.8191
289,2016-06-13,25,0-5,36.0000,35.2830,29.4840,42.2996,1.2764,1.0603,1.5329,1.2570
289,2016-06-13,25,6-11,19.0000,19.5074,15.9594,23.8624,1.3089,1.1148,1.5486,1.2584
289,2016-06-13,25,12-17,11.5714,10.5263,8.2106,13.4316,1.2208,1.0279,1.4490,1.2117
289,2016-06-13,25,18-44,35.0000,35.1750,29.4908,42.3398,0.6945,0.6026,0.8020,0.6700
289,2016-06-13,25,45-64,29.5714,29.1895,24.0281,35.0715,0.7236,0.6204,0.8467,0.7029
289,2016-06-13,25,65+,20.5714,19.5837,15.9015,23.9062,0.8219,0.6904,0.9803,0.8170
290,2016-06-14,25,0-5,38.0000,35.0585,29.2613,41.9988,1.2553,1.0451,1.5156,1.3229
290,2016-06-14,25,6-11,19.5714,19.1075,15.6283,23.4148,1.2952,1.1015,1.5301,1.3111
290,2016-06-14,25,12-17,11.7143,10.6261,8.2552,13.4910,1.2048,1.0121,1.4390,1.2334
290,2016-06-14,25,18-44,36.1429,35.2398,29.5257,42.3021,0.6849,0.5936,0.7906,0.6908
290,2016-06-14,25,45-64,29.5714,29.0704,24.0033,34.9410,0.7137,0.6094,0.8371,0.7151
290,2016-06-14,25,65+,19.8571,19.2493,15.5936,23.6634,0.8085,0.6802,0.9646,0.8190
291,2016-06-15,25,0-5,35.0000,34.7276,28.9678,41.5226,1.2404,1.0298,1.4967,1.2574
291,2016-06-15,25,6-11,19.0000,18.8212,15.3270,23.0752,1.2822,1.0869,1.5163,1.2950
291,2016-06-15,25,12-17,10.7143,10.6642,8.2556,13.6079,1.1864,0.9966,1.4166,1.1856
291,2016-06-15,25,18-44,36.4286,35.3248,29.6325,42.3005,0.6746,0.5839,0.7818,0.6849
291,2016-06-15,25,45-64,30.1429,29.0215,24.0431,34.9100,0.7025,0.5987,0.8255,0.7137
291,2016-06-15,25,65+,18.7143,18.9237,15.2764,23.2253,0.7965,0.6685,0.9467,0.8049
292,2016-06-16,25,0-5,34.7143,34.3835,28.6758,41.0831,1.2309,1.0249,1.4851,1.2570
292,2016-06-16,25,6-11,18.7143,18.5474,15.0729,22.6776,1.2740,1.0808,1.5054,1.2960
292,2016-06-16,25,12-17,10.8571,10.6763,8.3541,13.5686,1.1726,0.9888,1.3908,1.1934
292,2016-06-16,25,18-44,36.2857,35.3174,29.6629,42.1159,0.6661,0.5763,0.7705,0.6837
292,2016-06-16,25,45-64,29.4286,28.9224,23.9948,34.8486,0.6926,0.5901,0.8110,0.7098
292,2016-06-16,25,65+,18.1429,18.6465,15.0451,22.8720,0.7841,0.6580,0.9322,0.7971
293,2016-06-17,25,0-5,31.4286,33.9595,28.4492,40.5392,1.2293,1.0181,1.4834,1.2008
293,2016-06-17,25,6-11,19.0000,18.3267,14.8515,22.2949,1.2701,1.0780,1.5044,1.3172
293,2016-06-17,25,12-17,10.4286,10.6362,8.3375,13.4985,1.1617,0.9758,1.3840,1.1855
293,2016-06-17,25,18-44,36.5714,35.1602,29.5435,42.3203,0.6591,0.5696,0.7645,0.6862
293,2016-06-17,25,45-64,29.4286,28.7456,23.8414,34.6058,0.6841,0.5823,0.8019,0.7185
293,2016-06-17,25,65+,18.4286,18.3486,14.8579,22.4377,0.7751,0.6496,0.9228,0.8134
294,2016-06-18,25,0-5,31.7143,33.5819,28.0997,40.1127,1.2300,1.0178,1.4929,1.2121
294,2016-06-18,25,6-11,18.4286,18.1097,14.6912,22.0952,1.2726,1.0778,1.5103,1.3004
294,2016-06-18,25,12-17,11.0000,10.6163,8.2866,13.4108,1.1592,0.9707,1.3779,1.2139
294,2016-06-18,25,18-44,34.5714,34.7494,29.1937,41.9748,0.6561,0.5670,0.7591,0.6802
294,2016-06-18,25,45-64,28.8571,28.5054,23.6116,34.2934,0.6783,0.5786,0.7973,0.7159
294,2016-06-18,25,65+,18.7143,17.9838,14.5623,21.9970,0.7679,0.6430,0.9178,0.8205
295,2016-06-19,26,0-5,33.5714,33.2299,27.6795,39.7108,1.2316,1.0228,1.4886,1.2713
295,2016-06-19,26,6-11,16.8571,17.9274,14.6154,21.9803,1.2813,1.0862,1.5130,1.2579
295,2016-06-19,26,12-17,10.2857,10.5168,8.2587,13.2920,1.1546,0.9684,1.3740,1.1715
295,2016-06-19,26,18-44,34.5714,34.0699,28.5066,41.1238,0.6557,0.5663,0.7596,0.6794
295,2016-06-19,26,45-64,27.8571,28.1804,23.1432,33.8877,0.6777,0.5764,0.7952,0.7060
295,2016-06-19,26,65+,18.1429,17.6518,14.2637,21.6098,0.7640,0.6392,0.9115,0.8087
296,2016-06-20,26,0-5,33.2857,33.0340,27.3706,39.3166,1.2339,1.0202,1.4850,1.2597
296,2016-06-20,26,6-11,16.5714,17.8099,14.5030,21.9263,1.2980,1.0996,1.5302,1.2389
296,2016-06-20,26,12-17,9.8571,10.3937,8.1545,13.2219,1.1516,0.9671,1.3712,1.1283
296,2016-06-20,26,18-44,33.1429,33.4508,27.8472,40.2007,0.6584,0.5687,0.7618,0.6566
296,2016-06-20,26,45-64,25.7143,27.7155,22.7029,33.4321,0.6799,0.5781,0.7981,0.6731
296,2016-06-20,26,65+,16.8571,17.2268,13.8583,21.1136,0.7635,0.6373,0.9116,0.7676
297,2016-06-21,26,0-5,30.7143,32.6403,26.9784,38.7197,1.2372,1.0260,1.4969,1.1923
297,2016-06-21,26,6-11,16.7143,17.7420,14.3612,21.9132,1.3180,1.1177,1.5580,1.2425
297,2016-06-21,26,12-17,9.8571,10.2686,8.0734,13.0802,1.1536,0.9691,1.3751,1.1464
297,2016-06-21,26,18-44,30.5714,32.7866,27.2558,39.6051,0.6645,0.5747,0.7675,0.6473
297,2016-06-21,26,45-64,27.1429,27.3218,22.4126,33.0468,0.6855,0.5838,0.8035,0.6779
297,2016-06-21,26,65+,15.5714,16.7804,13.5413,20.6658,0.7661,0.6403,0.9120,0.7555
298,2016-06-22,26,0-5,31.1429,32.2477,26.7036,38.2284,1.2412,1.0260,1.5061,1.2269
298,2016-06-22,26,6-11,17.1429,17.7428,14.3494,21.9547,1.3352,1.1334,1.5863,1.2888
298,2016-06-22,26,12-17,10.7143,10.0939,7.9113,12.7310,1.1573,0.9728,1.3792,1.2110
298,2016-06-22,26,18-44,30.4286,32.1825,26.7619,38.8634,0.6723,0.5799,0.7790,0.6606
298,2016-06-22,26,45-64,25.8571,26.9162,22.2556,32.4470,0.6927,0.5893,0.8157,0.6885
298,2016-06-22,26,65+,16.1429,16.3424,13.1600,20.1669,0.7713,0.6454,0.9226,0.7795
299,2016-06-23,26,0-5,32.4286,31.7705,26.3704,37.7166,1.2425,1.0284,1.4992,1.2809
299,2016-06-23,26,6-11,17.8571,17.8098,14.5198,21.9916,1.3494,1.1417,1.6033,1.3394
299,2016-06-23,26,12-17,10.4286,9.8911,7.6128,12.4835,1.1598,0.9726,1.3855,1.2126
299,2016-06-23,26,18-44,30.0000,31.6520,26.3527,38.4691,0.6798,0.5859,0.7891,0.6758
299,2016-06-23,26,45-64,25.7143,26.4792,21.9390,31.9016,0.7008,0.5944,0.8263,0.7022
299,2016-06-23,26,65+,16.5714,15.8731,12.7775,19.6194,0.7765,0.6497,0.9274,0.8053
300,2016-06-24,26,0-5,32.4286,31.1857,26.0597,37.3739,1.2348,1.0209,1.4952,1.2988
300,2016-06-24,26,6-11,18.7143,17.9319,14.5576,22.0329,1.3610,1.1476,1.6112,1.3804
300,2016-06-24,26,12-17,9.4286,9.6407,7.4872,12.2091,1.1646,0.9758,1.3888,1.1670
300,2016-06-24,26,18-44,31.0000,31.3246,26.0805,38.1418,0.6877,0.5937,0.7959,0.6829
300,2016-06-24,26,45-64,25.7143,26.1580,21.6418,31.5918,0.7107,0.6036,0.8380,0.6983
300,2016-06-24,26,65+,14.7143,15.4186,12.3481,19.1178,0.7845,0.6568,0.9364,0.7741
301,2016-06-25,26,0-5,31.0000,30.4325,25.2239,36.5514,1.2261,1.0164,1.4800,1.2831
301,2016-06-25,26,6-11,19.4286,17.9435,14.6237,22.1323,1.3693,1.1550,1.6198,1.4186
301,2016-06-25,26,12-17,10.0000,9.3641,7.2575,11.8577,1.1627,0.9816,1.3906,1.2131
301,2016-06-25,26,18-44,32.7143,31.1900,25.9309,38.0102,0.6919,0.5973,0.8027,0.6938
301,2016-06-25,26,45-64,24.5714,25.8658,21.4797,31.3149,0.7182,0.6098,0.8439,0.7041
301,2016-06-25,26,65+,14.5714,14.9636,11.9667,18.6199,0.7914,0.6630,0.9437,0.7783
302,2016-06-26,27,0-5,30.5714,29.6582,24.6000,35.3937,1.2078,1.0054,1.4510,1.2593
302,2016-06-26,27,6-11,18.7143,18.0846,14.5493,22.2967,1.3702,1.1583,1.6266,1.3701
302,2016-06-26,27,12-17,10.0000,9.0904,7.0128,11.5400,1.1630,0.9798,1.3807,1.2183
302,2016-06-26,27,18-44,30.7143,31.2039,25.9225,37.7331,0.6929,0.5993,0.8037,0.6849
302,2016-06-26,27,45-64,25.7143,25.7357,21.1692,31.2415,0.7220,0.6140,0.8499,0.7086
302,2016-06-26,27,65+,14.2857,14.6059,11.6971,18.0847,0.7975,0.6679,0.9532,0.7810
303,2016-06-27,27,0-5,29.8571,28.7789,23.7417,34.4647,1.1938,0.9900,1.4397,1.2658
303,2016-06-27,27,6-11,18.7143,18.1903,14.5630,22.5678,1.3705,1.1551,1.6257,1.3844
303,2016-06-27,27,12-17,9.4286,8.8354,6.7748,11.2725,1.1613,0.9749,1.3835,1.2151
303,2016-06-27,27,18-44,32.0000,31.3025,26.0971,37.6707,0.6935,0.5977,0.8055,0.7055
303,2016-06-27,27,45-64,27.1429,25.7521,21.3036,31.2116,0.7262,0.6161,0.8561,0.7346
303,2016-06-27,27,65+,14.1429,14.3264,11.4883,17.7342,0.8035,0.6727,0.9623,0.8019
304,2016-06-28,27,0-5,28.0000,27.8382,23.0978,33.2652,1.1794,0.9827,1.4231,1.2218
304,2016-06-28,27,6-11,18.4286,18.2941,14.7467,22.7022,1.3797,1.1645,1.6314,1.3554
304,2016-06-28,27,12-17,8.5714,8.5550,6.6535,11.0066,1.1660,0.9820,1.3807,1.1474
304,2016-06-28,27,18-44,32.1429,31.4316,26.1733,37.6375,0.6959,0.5996,0.8068,0.6868
304,2016-06-28,27,45-64,25.2857,25.8385,21.2683,31.1876,0.7321,0.6216,0.8604,0.7099
304,2016-06-28,27,65+,14.1429,14.1877,11.3383,17.5379,0.8122,0.6800,0.9677,0.7873
305,2016-06-29,27,0-5,26.8571,26.7658,22.0730,32.2517,1.1667,0.9718,1.4018,1.2050
305,2016-06-29,27,6-11,18.4286,18.4068,14.8685,22.7594,1.3878,1.1718,1.6531,1.3553
305,2016-06-29,27,12-17,8.2857,8.3371,6.4437,10.7429,1.1711,0.9852,1.3927,1.1445
305,2016-06-29,27,18-44,31.5714,31.4822,26.1775,37.7756,0.6972,0.6008,0.8081,0.6873
305,2016-06-29,27,45-64,25.5714,25.9416,21.3139,31.4210,0.7369,0.6264,0.8647,0.7159
305,2016-06-29,27,65+,14.2857,14.1048,11.3705,17.4830,0.8196,0.6858,0.9759,0.7980
306,2016-06-30,27,0-5,25.5714,25.6312,20.9237,30.8883,1.1559,0.9622,1.3916,1.1941
306,2016-06-30,27,6-11,17.5714,18.5484,15.1034,22.6730,1.3972,1.1824,1.6652,1.3344
306,2016-06-30,27,12-17,8.2857,8.1504,6.3021,10.5160,1.1760,0.9876,1.3961,1.1643
306,2016-06-30,27,18-44,32.0000,31.3832,26.0708,37.6675,0.6969,0.6003,0.8092,0.6934
306,2016-06-30,27,45-64,25.8571,26.0995,21.5173,31.7372,0.7382,0.6262,0.8679,0.7253
306,2016-06-30,27,65+,14.0000,14.1074,11.3997,17.5472,0.8226,0.6866,0.9786,0.8011
307,2016-07-01,27,0-5,23.5714,24.5174,20.0265,29.6163,1.1515,0.9624,1.3832,1.1606
307,2016-07-01,27,6-11,17.8571,18.7082,15.1279,23.0451,1.4134,1.1902,1.6771,1.3530
307,2016-07-01,27,12-17,8.0000,8.0075,6.1395,10.3546,1.1835,0.9906,1.4100,1.1712
307,2016-07-01,27,18-44,31.0000,31.1783,25.8325,37.5708,0.6984,0.6019,0.8111,0.6982
307,2016-07-01,27,45-64,26.7143,26.3028,21.6641,31.8859,0.7405,0.6285,0.8732,0.7424
307,2016-07-01,27,65+,14.7143,14.1431,11.2908,17.4751,0.8260,0.6937,0.9873,0.8315
308,2016-07-02,27,0-5,23.5714,23.4801,19.1695,28.2801,1.1545,0.9576,1.3910,1.1888
308,2016-07-02,27,6-11,18.0000,18.9757,15.2995,23.4179,1.4258,1.2048,1.7015,1.3723
308,2016-07-02,27,12-17,7.4286,7.9162,6.0334,10.1470,1.1956,1.0033,1.4235,1.1574
308,2016-07-02,27,18-44,30.5714,30.7791,25.5072,37.2177,0.7017,0.6046,0.8170,0.7078
308,2016-07-02,27,45-64,27.5714,26.4038,21.6902,32.0098,0.7454,0.6334,0.8785,0.7530
308,2016-07-02,27,65+,14.4286,14.2214,11.3511,17.5682,0.8350,0.7003,0.9926,0.8363
309,2016-07-03,28,0-5,20.8571,22.5180,18.3321,27.1757,1.1578,0.9614,1.4014,1.1435
309,2016-07-03,28,6-11,19.0000,19.2764,15.5745,23.7198,1.4386,1.2119,1.7150,1.4164
309,2016-07-03,28,12-17,7.1429,7.8244,5.9453,10.0665,1.2040,1.0141,1.4391,1.1450
309,2016-07-03,28,18-44,31.4286,30.3407,25.1949,36.6259,0.7056,0.6093,0.8179,0.7059
309,2016-07-03,28,45-64,26.1429,26.4304,21.6164,32.1527,0.7501,0.6396,0.8834,0.7442
309,2016-07-03,28,65+,14.4286,14.2829,11.4397,17.6810,0.8401,0.7063,1.0031,0.8303
310,2016-07-04,28,0-5,19.5714,21.5896,17.5400,26.0009,1.1610,0.9650,1.3975,1.1124
310,2016-07-04,28,6-11,20.1429,19.6318,15.8779,24.0262,1.4376,1.2137,1.7020,1.4409
310,2016-07-04,28,12-17,8.0000,7.7878,5.9229,10.0802,1.2121,1.0187,1.4466,1.1929
310,2016-07-04,28,18-44,29.2857,29.8905,24.5733,36.2371,0.7084,0.6106,0.8222,0.6875
310,2016-07-04,28,45-64,25.0000,26.3892,21.5396,31.8583,0.7547,0.6396,0.8910,0.7240
310,2016-07-04,28,65+,13.8571,14.3688,11.5193,17.9305,0.8454,0.7070,1.0109,0.8037
311,2016-07-05,28,0-5,20.5714,20.7448,16.9705,25.0289,1.1638,0.9655,1.4119,1.1805
311,2016-07-05,28,6-11,20.7143,19.9009,16.0468,24.3894,1.4399,1.2121,1.7126,1.4720
311,2016-07-05,28,12-17,7.5714,7.7701,5.9122,10.0308,1.2170,1.0219,1.4424,1.1861
311,2016-07-05,28,18-44,28.8571,29.4474,24.1840,35.5748,0.7105,0.6111,0.8270,0.7056
311,2016-07-05,28,45-64,25.5714,26.3700,21.5213,31.9151,0.7574,0.6394,0.8942,0.7432
311,2016-07-05,28,65+,14.5714,14.4346,11.6853,18.0113,0.8482,0.7076,1.0139,0.8370
312,2016-07-06,28,0-5,20.5714,20.0189,16.4128,24.2822,1.1650,0.9658,1.4053,1.2163
312,2016-07-06,28,6-11,20.4286,20.0600,16.2115,24.4744,1.4351,1.2135,1.7039,1.4731
312,2016-07-06,28,12-17,7.8571,7.7694,5.9686,10.0214,1.2155,1.0203,1.4545,1.2344
312,2016-07-06,28,18-44,29.4286,28.8896,23.6763,35.1456,0.7129,0.6123,0.8329,0.7280
312,2016-07-06,28,45-64,26.8571,26.3254,21.5249,32.0366,0.7600,0.6434,0.9024,0.7711
312,2016-07-06,28,65+,14.5714,14.4931,11.7137,18.1011,0.8508,0.7117,1.0213,0.8581
313,2016-07-07,28,0-5,19.5714,19.4201,15.7769,23.8223,1.1683,0.9698,1.4034,1.1897
313,2016-07-07,28,6-11,20.8571,20.1643,16.3371,24.6189,1.4375,1.2137,1.6977,1.4679
313,2016-07-07,28,12-17,7.7143,7.7646,5.9500,10.0075,1.2174,1.0244,1.4524,1.2176
313,2016-07-07,28,18-44,28.4286,28.5431,23.3345,34.8125,0.7150,0.6150,0.8331,0.7177
313,2016-07-07,28,45-64,26.5714,26.3276,21.6755,32.0632,0.7616,0.6459,0.9028,0.7639
313,2016-07-07,28,65+,14.8571,14.5070,11.6599,18.0796,0.8512,0.7126,1.0192,0.8594
314,2016-07-08,28,0-5,18.1429,18.7795,15.2677,23.1713,1.1748,0.9786,1.4134,1.1538
314,2016-07-08,28,6-11,20.2857,20.2525,16.4892,24.6439,1.4392,1.2186,1.7049,1.4340
314,2016-07-08,28,12-17,8.2857,7.7688,5.9254,10.0113,1.2199,1.0211,1.4500,1.2418
314,2016-07-08,28,18-44,29.0000,28.3824,23.2419,34.4847,0.7185,0.6195,0.8365,0.7073
314,2016-07-08,28,45-64,25.2857,26.2804,21.7548,32.0795,0.7637,0.6476,0.9024,0.7478
314,2016-07-08,28,65+,14.2857,14.5370,11.6042,18.0576,0.8548,0.7165,1.0191,0.8329
315,2016-07-09,28,0-5,17.5714,18.3115,14.8875,22.5063,1.1837,0.9843,1.4252,1.1269
315,2016-07-09,28,6-11,19.8571,20.2884,16.5890,24.7887,1.4436,1.2188,1.7082,1.3920
315,2016-07-09,28,12-17,8.1429,7.7592,5.9498,10.0208,1.2181,1.0221,1.4535,1.2194
315,2016-07-09,28,18-44,26.5714,28.3026,23.2841,34.4694,0.7226,0.6224,0.8440,0.6886
315,2016-07-09,28,45-64,25.8571,26.2752,21.7780,32.2551,0.7649,0.6493,0.9082,0.7384
315,2016-07-09,28,65+,14.0000,14.6217,11.6709,18.0526,0.8557,0.7166,1.0233,0.8222
316,2016-07-10,29,0-5,17.2857,17.8923,14.4660,21.8752,1.1934,0.9948,1.4396,1.1589
316,2016-07-10,29,6-11,20.8571,20.3408,16.6470,24.8604,1.4476,1.2215,1.7171,1.4586
316,2016-07-10,29,12-17,8.2857,7.7564,5.9339,10.0439,1.2136,1.0196,1.4477,1.2571
316,2016-07-10,29,18-44,27.2857,28.4598,23.4124,34.5300,0.7254,0.6245,0.8450,0.7174
316,2016-07-10,29,45-64,26.5714,26.2490,21.5867,31.9967,0.7627,0.6463,0.8968,0.7720
316,2016-07-10,29,65+,15.1429,14.6393,11.7528,18.1126,0.8512,0.7106,1.0187,0.8733
317,2016-07-11,29,0-5,17.7143,17.5388,14.0973,21.4037,1.2016,1.0007,1.4476,1.2179
317,2016-07-11,29,6-11,20.0000,20.3624,16.5751,24.7300,1.4526,1.2257,1.7141,1.4597
317,2016-07-11,29,12-17,8.0000,7.7264,5.8940,10.0560,1.2069,1.0166,1.4348,1.2662
317,2016-07-11,29,18-44,29.0000,28.6997,23.6461,34.8643,0.7251,0.6246,0.8417,0.7491
317,2016-07-11,29,45-64,27.8571,26.0337,21.4192,31.8670,0.7553,0.6435,0.8891,0.8060
317,2016-07-11,29,65+,15.7143,14.6251,11.6579,18.1149,0.8461,0.7082,1.0099,0.9104
318,2016-07-12,29,0-5,16.5714,17.2276,13.8166,21.1121,1.2047,1.0020,1.4525,1.1823
318,2016-07-12,29,6-11,20.1429,20.3141,16.4138,24.6874,1.4511,1.2282,1.7258,1.4531
318,2016-07-12,29,12-17,7.7143,7.6855,5.8273,10.0167,1.2008,1.0104,1.4264,1.2304
318,2016-07-12,29,18-44,29.1429,29.0716,24.0514,35.1903,0.7212,0.6217,0.8366,0.7356
318,2016-07-12,29,45-64,27.0000,25.6268,21.0069,31.1734,0.7454,0.6364,0.8745,0.7861
318,2016-07-12,29,65+,15.2857,14.6113,11.6157,18.1246,0.8358,0.7035,0.9968,0.8842
319,2016-07-13,29,0-5,15.8571,16.9337,13.7272,20.7866,1.2058,1.0017,1.4588,1.1635
319,2016-07-13,29,6-11,20.0000,20.2957,16.4086,24.6721,1.4556,1.2290,1.7274,1.4373
319,2016-07-13,29,12-17,7.5714,7.6883,5.8251,9.9832,1.1935,1.0052,1.4237,1.1990
319,2016-07-13,29,18-44,29.7143,29.4491,24.0911,35.5728,0.7171,0.6179,0.8358,0.7197
319,2016-07-13,29,45-64,25.4286,25.1333,20.7059,30.5270,0.7360,0.6282,0.8669,0.7558
319,2016-07-13,29,65+,14.1429,14.5914,11.6280,18.1622,0.8292,0.6949,0.9918,0.8357
320,2016-07-14,29,0-5,16.4286,16.6926,13.5242,20.5856,1.1975,0.9981,1.4439,1.2086
320,2016-07-14,29,6-11,19.4286,20.3095,16.4119,24.8304,1.4515,1.2232,1.7199,1.4341
320,2016-07-14,29,12-17,7.7143,7.6888,5.8215,9.9490,1.1865,0.9982,1.4178,1.2218
320,2016-07-14,29,18-44,30.2857,29.8500,24.5363,35.8748,0.7108,0.6123,0.8268,0.7330
320,2016-07-14,29,45-64,25.7143,24.5336,20.1987,29.7317,0.7261,0.6183,0.8533,0.7667
320,2016-07-14,29,65+,14.0000,14.5600,11.6183,18.0311,0.8200,0.6861,0.9822,0.8415
321,2016-07-15,29,0-5,16.8571,16.5179,13.2970,20.1401,1.1836,0.9812,1.4298,1.2351
321,2016-07-15,29,6-11,20.2857,20.3472,16.5166,24.7980,1.4393,1.2191,1.7194,1.4639
321,2016-07-15,29,12-17,6.8571,7.6823,5.7981,9.9562,1.1811,0.9960,1.4077,1.1542
321,2016-07-15,29,18-44,30.0000,30.0778,24.8700,36.2384,0.7014,0.6038,0.8154,0.7271
321,2016-07-15,29,45-64,24.4286,23.7799,19.6392,28.7611,0.7138,0.6081,0.8370,0.7510
321,2016-07-15,29,65+,14.2857,14.5447,11.5425,18.0019,0.8080,0.6773,0.9696,0.8403
322,2016-07-16,29,0-5,18.0000,16.2765,13.0357,19.7445,1.1653,0.9649,1.4016,1.3077
322,2016-07-16,29,6-11,20.5714,20.4473,16.4789,24.7821,1.4253,1.2007,1.6949,1.5038
322,2016-07-16,29,12-17,6.8571,7.6929,5.8257,9.9891,1.1835,0.9932,1.4143,1.1757
322,2016-07-16,29,18-44,31.2857,30.1582,25.0382,36.1905,0.6927,0.5962,0.8062,0.7519
322,2016-07-16,29,45-64,23.8571,22.9664,18.9826,27.8656,0.7046,0.6006,0.8240,0.7709
322,2016-07-16,29,65+,15.5714,14.5053,11.5487,17.8929,0.7998,0.6691,0.9562,0.8841
323,2016-07-17,30,0-5,17.7143,15.9723,12.7971,19.5386,1.1489,0.9595,1.3917,1.2661
323,2016-07-17,30,6-11,19.5714,20.3811,16.5191,24.8644,1.4112,1.1927,1.6738,1.4324
323,2016-07-17,30,12-17,6.5714,7.7444,5.9150,10.0427,1.1831,0.9940,1.4113,1.1281
323,2016-07-17,30,18-44,30.2857,30.0689,25.0060,36.0955,0.6846,0.5925,0.7955,0.7186
323,2016-07-17,30,45-64,22.4286,22.1245,18.1614,26.8154,0.6966,0.5976,0.8155,0.7315
323,2016-07-17,30,65+,14.4286,14.3823,11.5145,17.8018,0.7939,0.6658,0.9489,0.8306
324,2016-07-18,30,0-5,15.7143,15.6309,12.4434,19.2873,1.1387,0.9464,1.3713,1.1740
324,2016-07-18,30,6-11,20.2857,20.3187,16.4786,24.6585,1.3875,1.1685,1.6509,1.4424
324,2016-07-18,30,12-17,7.1429,7.8330,5.9933,10.1208,1.1828,0.9865,1.4125,1.1587
324,2016-07-18,30,18-44,30.1429,29.8721,25.0591,35.7480,0.6767,0.5810,0.7901,0.6981
324,2016-07-18,30,45-64,20.8571,21.3491,17.5656,26.1069,0.6906,0.5876,0.8107,0.7073
324,2016-07-18,30,65+,13.4286,14.2762,11.4075,17.6485,0.7908,0.6569,0.9485,0.7911
325,2016-07-19,30,0-5,15.2857,15.3006,12.2357,18.8910,1.1277,0.9353,1.3637,1.1602
325,2016-07-19,30,6-11,20.5714,20.1544,16.3090,24.4511,1.3624,1.1449,1.6195,1.4535
325,2016-07-19,30,12-17,8.2857,7.9397,6.0707,10.1874,1.1761,0.9871,1.4096,1.2347
325,2016-07-19,30,18-44,29.7143,29.6093,24.8473,35.5565,0.6681,0.5747,0.7782,0.6930
325,2016-07-19,30,45-64,19.1429,20.6527,16.9898,25.3002,0.6848,0.5825,0.8028,0.6998
325,2016-07-19,30,65+,13.7143,14.1406,11.2910,17.4596,0.7842,0.6549,0.9370,0.7935
326,2016-07-20,30,0-5,15.0000,15.0041,11.9627,18.5886,1.1218,0.9268,1.3582,1.1726
326,2016-07-20,30,6-11,21.0000,19.7993,16.1307,24.1420,1.3368,1.1264,1.5912,1.4897
326,2016-07-20,30,12-17,8.5714,8.0028,6.1364,10.3045,1.1717,0.9782,1.3988,1.2827
326,2016-07-20,30,18-44,29.5714,29.1868,24.4788,35.1298,0.6610,0.5668,0.7709,0.7171
326,2016-07-20,30,45-64,20.4286,20.0447,16.4952,24.6314,0.6793,0.5773,0.8005,0.7377
326,2016-07-20,30,65+,14.7143,13.9886,11.2188,17.2517,0.7765,0.6493,0.9355,0.8484
327,2016-07-21,30,0-5,14.2857,14.7182,11.7683,18.2674,1.1254,0.9309,1.3649,1.1567
327,2016-07-21,30,6-11,20.7143,19.3763,15.7417,23.6014,1.3129,1.1065,1.5672,1.4775
327,2016-07-21,30,12-17,8.7143,8.0668,6.2006,10.3531,1.1686,0.9753,1.3983,1.2859
327,2016-07-21,30,18-44,29.7143,28.5338,23.7193,34.3466,0.6561,0.5636,0.7676,0.7184
327,2016-07-21,30,45-64,20.4286,19.6357,16.0278,24.0507,0.6777,0.5752,0.7964,0.7411
327,2016-07-21,30,65+,14.5714,13.8011,11.0809,17.0293,0.7749,0.6464,0.9278,0.8495
328,2016-07-22,30,0-5,14.2857,14.5430,11.6266,18.1047,1.1408,0.9414,1.3801,1.1426
328,2016-07-22,30,6-11,18.5714,18.8694,15.4710,22.9561,1.3042,1.1011,1.5583,1.3736
328,2016-07-22,30,12-17,9.1429,8.1063,6.2497,10.4024,1.1706,0.9763,1.4033,1.2740
328,2016-07-22,30,18-44,28.0000,27.7474,22.9975,33.5575,0.6577,0.5651,0.7675,0.6916
328,2016-07-22,30,45-64,19.2857,19.3544,15.7440,23.6784,0.6829,0.5797,0.8036,0.7173
328,2016-07-22,30,65+,14.8571,13.5381,10.8960,16.7923,0.7796,0.6516,0.9360,0.8391
329,2016-07-23,30,0-5,12.8571,14.4689,11.4938,18.0815,1.1670,0.9661,1.4094,1.0824
329,2016-07-23,30,6-11,17.8571,18.3053,14.9394,22.2510,1.3109,1.1054,1.5659,1.3317
329,2016-07-23,30,12-17,8.5714,8.1319,6.3246,10.4760,1.1804,0.9828,1.4127,1.2017
329,2016-07-23,30,18-44,27.7143,26.8632,22.1300,32.4311,0.6655,0.5730,0.7770,0.6661
329,2016-07-23,30,45-64,18.2857,19.2622,15.6911,23.7015,0.6931,0.5892,0.8178,0.6833
329,2016-07-23,30,65+,13.1429,13.3391,10.7254,16.5250,0.7930,0.6599,0.9517,0.7782
330,2016-07-24,31,0-5,12.7143,14.5651,11.5161,18.0735,1.1908,0.9872,1.4395,1.0915
330,2016-07-24,31,6-11,18.1429,17.7528,14.3963,21.6700,1.3235,1.1162,1.5712,1.3534
330,2016-07-24,31,12-17,8.1429,8.1310,6.2817,10.4572,1.2009,1.0071,1.4424,1.1726
330,2016-07-24,31,18-44,26.7143,25.9921,21.4146,31.5414,0.6782,0.5836,0.7897,0.6646
330,2016-07-24,31,45-64,18.4286,19.3937,15.6922,23.7139,0.7101,0.6036,0.8358,0.6797
330,2016-07-24,31,65+,12.2857,13.1274,10.5475,16.4071,0.8117,0.6755,0.9746,0.7630
331,2016-07-25,31,0-5,13.5714,14.7032,11.6253,18.2949,1.2139,1.0076,1.4723,1.1259
331,2016-07-25,31,6-11,16.8571,17.2259,13.9153,21.0792,1.3487,1.1434,1.5970,1.3020
331,2016-07-25,31,12-17,7.5714,8.1096,6.2732,10.5441,1.2345,1.0322,1.4755,1.1317
331,2016-07-25,31,18-44,23.8571,25.1940,20.7753,30.6840,0.6969,0.5991,0.8106,0.6526
331,2016-07-25,31,45-64,19.0000,19.6275,15.9871,24.0470,0.7328,0.6215,0.8642,0.6768
331,2016-07-25,31,65+,12.1429,12.9624,10.3928,16.2428,0.8353,0.6946,1.0028,0.7674
332,2016-07-26,31,0-5,14.8571,14.8060,11.7688,18.3573,1.2341,1.0253,1.4931,1.2200
332,2016-07-26,31,6-11,15.8571,16.7618,13.4708,20.5854,1.3809,1.1661,1.6355,1.3109
332,2016-07-26,31,12-17,6.8571,8.1039,6.1994,10.5692,1.2765,1.0741,1.5258,1.1243
332,2016-07-26,31,18-44,23.8571,24.4411,20.0555,29.8933,0.7195,0.6185,0.8360,0.6838
332,2016-07-26,31,45-64,20.1429,19.9163,16.0410,24.4075,0.7612,0.6455,0.8954,0.7128
332,2016-07-26,31,65+,12.5714,12.8832,10.3143,16.2614,0.8634,0.7190,1.0364,0.8139
333,2016-07-27,31,0-5,15.7143,14.8925,11.8656,18.4975,1.2573,1.0404,1.5213,1.2414
333,2016-07-27,31,6-11,15.4286,16.2948,13.2158,20.1187,1.4253,1.2001,1.6958,1.2941
333,2016-07-27,31,12-17,6.7143,8.1347,6.2424,10.5668,1.3266,1.1133,1.5753,1.1113
333,2016-07-27,31,18-44,21.2857,23.9111,19.6009,29.3313,0.7486,0.6428,0.8748,0.6665
333,2016-07-27,31,45-64,19.5714,20.2534,16.4227,24.8777,0.7944,0.6746,0.9414,0.6976
333,2016-07-27,31,65+,12.4286,12.8060,10.2414,16.1551,0.8959,0.7483,1.0790,0.8067
334,2016-07-28,31,0-5,15.2857,14.9442,11.9917,18.4757,1.2692,1.0559,1.5274,1.2201
334,2016-07-28,31,6-11,15.4286,15.9536,12.9276,19.5921,1.4649,1.2383,1.7299,1.3182
334,2016-07-28,31,12-17,6.7143,8.2045,6.2483,10.6197,1.3678,1.1517,1.6233,1.1323
334,2016-07-28,31,18-44,20.8571,23.7649,19.3937,29.1273,0.7763,0.6675,0.9012,0.6686
334,2016-07-28,31,45-64,19.1429,20.6892,16.6902,25.5042,0.8276,0.7035,0.9736,0.7022
334,2016-07-28,31,65+,12.4286,12.7961,10.2141,16.2433,0.9289,0.7779,1.1132,0.8154
335,2016-07-29,31,0-5,15.1429,14.8757,11.9813,18.1570,1.2746,1.0601,1.5320,1.2347
335,2016-07-29,31,6-11,15.2857,15.6627,12.6880,19.3135,1.5016,1.2702,1.7790,1.3662
335,2016-07-29,31,12-17,7.7143,8.2850,6.2716,10.6882,1.4006,1.1819,1.6745,1.2607
335,2016-07-29,31,18-44,21.7143,23.8820,19.4371,29.1505,0.8002,0.6898,0.9317,0.7013
335,2016-07-29,31,45-64,20.0000,21.0880,17.2170,25.8863,0.8543,0.7270,1.0028,0.7410
335,2016-07-29,31,65+,12.1429,12.8376,10.2898,16.2490,0.9547,0.7984,1.1399,0.8385
336,2016-07-30,31,0-5,15.1429,14.6610,11.7170,18.0608,1.2684,1.0537,1.5221,1.2717
336,2016-07-30,31,6-11,14.8571,15.4125,12.4950,19.0907,1.5222,1.2885,1.8055,1.4163
336,2016-07-30,31,12-17,8.4286,8.3516,6.3767,10.8140,1.4236,1.1948,1.6916,1.3798
336,2016-07-30,31,18-44,23.2857,24.2696,19.7738,29.7983,0.8164,0.7015,0.9532,0.7541
336,2016-07-30,31,45-64,21.8571,21.5213,17.6009,26.3086,0.8719,0.7415,1.0265,0.8090
336,2016-07-30,31,65+,13.1429,12.9073,10.3881,16.4028,0.9697,0.8131,1.1616,0.9153
337,2016-07-31,32,0-5,15.2857,14.2665,11.4005,17.7416,1.2522,1.0424,1.5012,1.3027
337,2016-07-31,32,6-11,15.4286,15.2751,12.3165,18.8633,1.5241,1.2854,1.8024,1.4900
337,2016-07-31,32,12-17,9.4286,8.3943,6.4137,10.9157,1.4160,1.1895,1.6883,1.4840
337,2016-07-31,32,18-44,24.4286,24.9047,20.4009,30.6058,0.8206,0.7049,0.9540,0.7896
337,2016-07-31,32,45-64,23.1429,21.9629,17.9680,26.7847,0.8744,0.7435,1.0257,0.8495
337,2016-07-31,32,65+,13.5714,13.0197,10.3969,16.5139,0.9734,0.8142,1.1660,0.9525
338,2016-08-01,32,0-5,15.7143,13.8265,11.0185,17.2356,1.2224,1.0174,1.4710,1.3537
338,2016-08-01,32,6-11,16.1429,15.1542,12.2385,18.8091,1.5052,1.2731,1.7896,1.5589
338,2016-08-01,32,12-17,9.1429,8.4383,6.4583,10.9466,1.3886,1.1720,1.6516,1.4550
338,2016-08-01,32,18-44,27.1429,25.7638,21.1131,31.5289,0.8116,0.6959,0.9486,0.8173
338,2016-08-01,32,45-64,23.1429,22.3192,18.3660,27.2032,0.8629,0.7352,1.0152,0.8633
338,2016-08-01,32,65+,14.1429,13.1560,10.4424,16.7397,0.9623,0.8097,1.1496,0.9716
339,2016-08-02,32,0-5,14.0000,13.2964,10.5713,16.5950,1.1816,0.9823,1.4179,1.2704
339,2016-08-02,32,6-11,15.8571,15.0228,12.0753,18.6775,1.4662,1.2403,1.7398,1.5441
339,2016-08-02,32,12-17,10.1429,8.4545,6.4605,10.9322,1.3420,1.1326,1.6005,1.5147
339,2016-08-02,32,18-44,28.4286,26.7026,21.8699,32.8143,0.7883,0.6768,0.9220,0.8199
339,2016-08-02,32,45-64,24.4286,22.7191,18.6334,27.4887,0.8386,0.7130,0.9878,0.8757
339,2016-08-02,32,65+,14.1429,13.3347,10.5466,16.8716,0.9391,0.7875,1.1209,0.9694
340,2016-08-03,32,0-5,13.2857,12.7339,10.0657,15.9140,1.1402,0.9491,1.3718,1.2500
340,2016-08-03,32,6-11,15.8571,14.8251,11.8712,18.5325,1.4176,1.1936,1.6861,1.5403
340,2016-08-03,32,12-17,9.5714,8.4115,6.4454,10.9340,1.2846,1.0817,1.5280,1.4444
340,2016-08-03,32,18-44,30.5714,27.6376,22.5621,33.5324,0.7589,0.6494,0.8879,0.8203
340,2016-08-03,32,45-64,24.7143,22.9364,18.7574,27.7807,0.8053,0.6832,0.9484,0.8672
340,2016-08-03,32,65+,14.0000,13.5708,10.7994,17.1810,0.9083,0.7614,1.0862,0.9517
341,2016-08-04,32,0-5,13.7143,12.1701,9.6106,15.2046,1.1046,0.9202,1.3261,1.2631
341,2016-08-04,32,6-11,16.1429,14.6075,11.6867,18.2107,1.3658,1.1490,1.6203,1.5314
341,2016-08-04,32,12-17,9.2857,8.3065,6.4083,10.7644,1.2233,1.0286,1.4550,1.3872
341,2016-08-04,32,18-44,30.4286,28.3810,23.3011,34.2575,0.7285,0.6246,0.8484,0.8057
341,2016-08-04,32,45-64,24.7143,23.0656,18.9195,28.1990,0.7712,0.6545,0.9067,0.8465
341,2016-08-04,32,65+,14.1429,13.7463,10.9983,17.4374,0.8770,0.7311,1.0504,0.9342
342,2016-08-05,32,0-5,12.0000,11.6482,9.2208,14.5762,1.0745,0.8929,1.2911,1.1830
342,2016-08-05,32,6-11,15.2857,14.4196,11.4772,18.0031,1.3175,1.1103,1.5658,1.4734
342,2016-08-05,32,12-17,8.0000,8.1519,6.2843,10.5432,1.1673,0.9802,1.3872,1.2957
342,2016-08-05,32,18-44,31.1429,28.8496,23.7713,34.4297,0.6962,0.5974,0.8094,0.7952
342,2016-08-05,32,45-64,26.1429,23.1220,18.9248,28.3695,0.7335,0.6250,0.8605,0.8456
342,2016-08-05,32,65+,14.1429,13.9918,11.1886,17.6361,0.8407,0.7027,1.0064,0.9297
343,2016-08-06,32,0-5,11.0000,11.2139,8.8617,14.0048,1.0518,0.8731,1.2737,1.1282
343,2016-08-06,32,6-11,15.2857,14.1127,11.3019,17.6658,1.2823,1.0783,1.5254,1.4467
343,2016-08-06,32,12-17,8.0000,7.9548,6.1477,10.2903,1.1207,0.9447,1.3359,1.2614
343,2016-08-06,32,18-44,30.5714,28.8248,23.8912,34.6372,0.6692,0.5748,0.7846,0.7649
343,2016-08-06,32,45-64,24.2857,22.9718,18.9195,28.1455,0.7040,0.5986,0.8304,0.8101
343,2016-08-06,32,65+,14.7143,14.2217,11.4518,17.7932,0.8130,0.6772,0.9723,0.9121
344,2016-08-07,33,0-5,9.8571,10.8515,8.4922,13.6519,1.0466,0.8681,1.2698,1.0645
344,2016-08-07,33,6-11,14.1429,13.8131,11.1039,17.3116,1.2600,1.0580,1.5021,1.3674
344,2016-08-07,33,12-17,7.5714,7.7657,5.9831,10.0142,1.0849,0.9123,1.2933,1.2048
344,2016-08-07,33,18-44,29.5714,28.4887,23.7464,34.2974,0.6516,0.5580,0.7610,0.7307
344,2016-08-07,33,45-64,22.8571,22.5415,18.4962,27.6790,0.6814,0.5789,0.8024,0.7747
344,2016-08-07,33,65+,14.7143,14.3981,11.5163,17.9215,0.7892,0.6569,0.9487,0.8837
345,2016-08-08,33,0-5,8.1429,10.6053,8.3354,13.3982,1.0595,0.8736,1.2837,0.9801
345,2016-08-08,33,6-11,13.8571,13.5130,10.8372,16.9258,1.2531,1.0539,1.5064,1.3417
345,2016-08-08,33,12-17,7.8571,7.5450,5.8017,9.7382,1.0617,0.8913,1.2728,1.2132
345,2016-08-08,33,18-44,28.1429,27.7788,23.1978,33.5703,0.6431,0.5491,0.7520,0.7056
345,2016-08-08,33,45-64,21.5714,21.9274,17.9790,26.8644,0.6682,0.5660,0.7867,0.7546
345,2016-08-08,33,65+,15.0000,14.4481,11.5440,17.9654,0.7737,0.6416,0.9289,0.8746
346,2016-08-09,33,0-5,9.5714,10.4712,8.2150,13.1726,1.0828,0.9003,1.3111,1.0623
346,2016-08-09,33,6-11,12.8571,13.2184,10.5225,16.4701,1.2671,1.0667,1.5105,1.2933
346,2016-08-09,33,12-17,7.1429,7.2718,5.6458,9.3486,1.0546,0.8828,1.2588,1.1500
346,2016-08-09,33,18-44,26.0000,26.9302,22.2845,32.5742,0.6442,0.5532,0.7542,0.6891
346,2016-08-09,33,45-64,20.5714,21.3067,17.4258,25.9914,0.6664,0.5651,0.7858,0.7288
346,2016-08-09,33,65+,14.5714,14.3339,11.4891,17.8838,0.7694,0.6396,0.9237,0.8507
347,2016-08-10,33,0-5,10.2857,10.4437,8.1868,13.1456,1.1213,0.9316,1.3566,1.1219
347,2016-08-10,33,6-11,11.5714,12.9861,10.3490,16.2245,1.2980,1.0935,1.5446,1.2510
347,2016-08-10,33,12-17,6.8571,6.9842,5.3971,9.0649,1.0637,0.8916,1.2725,1.1343
347,2016-08-10,33,18-44,24.8571,25.8557,21.4692,31.2732,0.6585,0.5645,0.7701,0.6865
347,2016-08-10,33,45-64,19.5714,20.6119,16.9196,25.1714,0.6783,0.5761,0.7994,0.7221
347,2016-08-10,33,65+,14.7143,14.0673,11.3131,17.5203,0.7783,0.6471,0.9341,0.8546
348,2016-08-11,33,0-5,10.1429,10.4931,8.1521,13.1724,1.1663,0.9648,1.4074,1.1577
348,2016-08-11,33,6-11,12.0000,12.7555,10.1797,15.9346,1.3421,1.1330,1.5994,1.3266
348,2016-08-11,33,12-17,7.0000,6.6828,5.1162,8.6867,1.0854,0.9120,1.2981,1.1891
348,2016-08-11,33,18-44,25.4286,24.8299,20.6542,30.2720,0.6799,0.5811,0.7950,0.7150
348,2016-08-11,33,45-64,19.5714,19.9048,16.4658,24.5454,0.6991,0.5916,0.8225,0.7470
348,2016-08-11,33,65+,14.4286,13.6733,10.9298,17.0874,0.7967,0.6643,0.9607,0.8714
349,2016-08-12,33,0-5,8.7143,10.5486,8.2295,13.2533,1.2235,1.0134,1.4830,0.9780
349,2016-08-12,33,6-11,10.8571,12.6421,10.0803,15.8711,1.4011,1.1797,1.6744,1.1546
349,2016-08-12,33,12-17,6.4286,6.3643,4.8671,8.3768,1.1243,0.9471,1.3373,1.0261
349,2016-08-12,33,18-44,19.7143,24.0576,19.7699,29.2814,0.7136,0.6128,0.8337,0.5815
349,2016-08-12,33,45-64,14.5714,19.4033,15.8852,23.9535,0.7338,0.6230,0.8658,0.5968
349,2016-08-12,33,65+,11.2857,13.2503,10.5253,16.5531,0.8322,0.6962,1.0020,0.6936
350,2016-08-13,33,0-5,10.0000,10.6626,8.3898,13.5203,1.2782,1.0574,1.5513,1.1189
350,2016-08-13,33,6-11,12.2857,12.5675,10.0901,15.7778,1.4621,1.2344,1.7490,1.3102
350,2016-08-13,33,12-17,5.7143,6.0717,4.6030,7.9885,1.1741,0.9888,1.3944,1.0506
350,2016-08-13,33,18-44,19.8571,23.4231,19.0802,28.5328,0.7534,0.6462,0.8796,0.6388
350,2016-08-13,33,45-64,16.2857,19.0417,15.4621,23.4268,0.7756,0.6579,0.9166,0.6506
350,2016-08-13,33,65+,10.5714,12.8746,10.2073,16.1156,0.8746,0.7311,1.0516,0.7315
351,2016-08-14,34,0-5,10.5714,10.8109,8.4607,13.6775,1.3194,1.0880,1.5976,1.2160
351,2016-08-14,34,6-11,12.4286,12.5846,10.0541,15.8790,1.5225,1.2877,1.8149,1.3968
351,2016-08-14,34,12-17,5.1429,5.7872,4.3605,7.6149,1.2291,1.0318,1.4622,1.0925
351,2016-08-14,34,18-44,20.7143,22.9745,18.7053,27.8485,0.7912,0.6766,0.9242,0.7005
351,2016-08-14,34,45-64,17.8571,18.8014,15.3154,23.2433,0.8181,0.6922,0.9633,0.7212
351,2016-08-14,34,65+,11.0000,12.4933,9.9168,15.6925,0.9183,0.7663,1.0970,0.8106
352,2016-08-15,34,0-5,11.5714,10.9510,8.5773,13.7921,1.3473,1.1156,1.6221,1.3154
352,2016-08-15,34,6-11,11.8571,12.6315,10.0316,15.8272,1.5738,1.3282,1.8705,1.4193
352,2016-08-15,34,12-17,5.0000,5.5403,4.1593,7.3278,1.2832,1.0796,1.5261,1.1389
352,2016-08-15,34,18-44,21.5714,22.7190,18.6505,27.5838,0.8257,0.7050,0.9667,0.7429
352,2016-08-15,34,45-64,18.1429,18.6754,15.1899,23.1031,0.8589,0.7263,1.0145,0.7649
352,2016-08-15,34,65+,11.4286,12.1658,9.6355,15.3521,0.9596,0.8003,1.1486,0.8659
353,2016-08-16,34,0-5,11.0000,11.0582,8.6641,13.9015,1.3635,1.1340,1.6423,1.2992
353,2016-08-16,34,6-11,12.7143,12.7241,10.0346,15.9709,1.6059,1.3582,1.9062,1.5009
353,2016-08-16,34,12-17,4.2857,5.3412,3.9791,7.0768,1.3315,1.1185,1.5764,1.1222
353,2016-08-16,34,18-44,22.7143,22.7347,18.6131,27.6687,0.8511,0.7287,0.9943,0.7686
353,2016-08-16,34,45-64,18.1429,18.6822,15.1909,23.0454,0.8899,0.7531,1.0490,0.7920
353,2016-08-16,34,65+,11.8571,11.9613,9.4392,15.1387,0.9912,0.8294,1.1893,0.9062
354,2016-08-17,34,0-5,10.8571,11.1167,8.7240,13.9304,1.3655,1.1302,1.6508,1.2974
354,2016-08-17,34,6-11,13.2857,12.8169,10.1271,16.1753,1.6218,1.3680,1.9192,1.5545
354,2016-08-17,34,12-17,4.5714,5.2035,3.8612,6.9325,1.3634,1.1454,1.6233,1.1996
354,2016-08-17,34,18-44,23.2857,22.9917,18.7373,28.0713,0.8638,0.7386,1.0094,0.7929
354,2016-08-17,34,45-64,19.2857,18.8595,15.2886,23.2403,0.9063,0.7671,1.0664,0.8225
354,2016-08-17,34,65+,11.2857,11.8418,9.3417,15.1110,1.0069,0.8438,1.2023,0.9140
355,2016-08-18,34,0-5,10.7143,11.1569,8.7257,14.0834,1.3472,1.1171,1.6231,1.2701
355,2016-08-18,34,6-11,12.7143,12.9292,10.2470,16.3436,1.6118,1.3591,1.9136,1.5028
355,2016-08-18,34,12-17,4.4286,5.1445,3.7762,6.9127,1.3743,1.1572,1.6368,1.1931
355,2016-08-18,34,18-44,23.0000,23.4154,19.1021,28.3030,0.8609,0.7357,1.0083,0.7833
355,2016-08-18,34,45-64,19.4286,19.1771,15.5091,23.6197,0.9062,0.7658,1.0709,0.8192
355,2016-08-18,34,65+,11.2857,11.8215,9.2905,14.9981,1.0049,0.8404,1.2029,0.9124
356,2016-08-19,34,0-5,13.1429,11.1641,8.7340,14.1064,1.3123,1.0868,1.5889,1.5339
356,2016-08-19,34,6-11,14.7143,13.0378,10.3092,16.4028,1.5888,1.3397,1.8873,1.7700
356,2016-08-19,34,12-17,5.7143,5.1464,3.7768,6.9221,1.3684,1.1491,1.6321,1.4768
356,2016-08-19,34,18-44,27.5714,23.8506,19.5353,29.0463,0.8466,0.7236,0.9946,0.9392
356,2016-08-19,34,45-64,22.7143,19.5405,15.7881,23.9465,0.8921,0.7548,1.0572,0.9861
356,2016-08-19,34,65+,14.5714,11.8285,9.2886,15.0109,0.9861,0.8227,1.1835,1.1252
357,2016-08-20,34,0-5,12.0000,11.1095,8.7094,14.0407,1.2729,1.0551,1.5386,1.3938
357,2016-08-20,34,6-11,13.7143,13.1543,10.3785,16.5033,1.5514,1.3052,1.8432,1.6369
357,2016-08-20,34,12-17,5.8571,5.2106,3.8176,6.9846,1.3471,1.1268,1.6084,1.4367
357,2016-08-20,34,18-44,27.1429,24.3293,19.9276,29.6624,0.8247,0.7047,0.9659,0.8881
357,2016-08-20,34,45-64,22.8571,19.8947,16.1300,24.3340,0.8699,0.7355,1.0282,0.9450
357,2016-08-20,34,65+,14.5714,11.8805,9.3409,14.9755,0.9581,0.8005,1.1501,1.0780
358,2016-08-21,35,0-5,11.7143,11.0471,8.6287,13.9492,1.2342,1.0165,1.4954,1.3253
358,2016-08-21,35,6-11,14.2857,13.2797,10.5107,16.6534,1.5178,1.2740,1.8129,1.6012
358,2016-08-21,35,12-17,6.2857,5.3452,3.9075,7.1412,1.3228,1.1037,1.5877,1.3976
358,2016-08-21,35,18-44,27.2857,24.8646,20.3539,30.3331,0.8024,0.6849,0.9398,0.8369
358,2016-08-21,35,45-64,21.2857,20.4123,16.5752,24.9511,0.8474,0.7170,1.0018,0.8725
358,2016-08-21,35,65+,13.2857,11.9652,9.4184,15.1308,0.9324,0.7770,1.1179,0.9728
359,2016-08-22,35,0-5,11.5714,10.9748,8.5488,13.8717,1.2013,0.9816,1.4677,1.2701
359,2016-08-22,35,6-11,14.1429,13.4338,10.6285,16.7755,1.4877,1.2412,1.7860,1.5365
359,2016-08-22,35,12-17,6.1429,5.5145,4.0487,7.3931,1.3020,1.0771,1.5738,1.3385
359,2016-08-22,35,18-44,26.0000,25.4724,20.8390,31.0676,0.7841,0.6682,0.9226,0.8022
359,2016-08-22,35,45-64,22.1429,20.9923,17.0566,25.6677,0.8297,0.6988,0.9866,0.8441
359,2016-08-22,35,65+,12.7143,12.1415,9.5417,15.2908,0.9125,0.7561,1.1022,0.9302
360,2016-08-23,35,0-5,10.7143,10.8614,8.4061,13.8272,1.1786,0.9472,1.4644,1.1907
360,2016-08-23,35,6-11,13.4286,13.5536,10.7160,16.9738,1.4697,1.2061,1.7912,1.4556
360,2016-08-23,35,12-17,6.5714,5.7009,4.1579,7.6854,1.2861,1.0480,1.5765,1.3320
360,2016-08-23,35,18-44,25.5714,26.0242,21.2477,31.7185,0.7717,0.6499,0.9183,0.7678
360,2016-08-23,35,45-64,22.0000,21.5812,17.5682,26.4882,0.8165,0.6787,0.9835,0.8079
360,2016-08-23,35,65+,11.1429,12.3195,9.6541,15.5403,0.8984,0.7321,1.0981,0.8586
361,2016-08-24,35,0-5,10.2857,10.7445,8.2254,13.8260,1.1682,0.9129,1.4899,1.1527
361,2016-08-24,35,6-11,13.5714,13.6661,10.6985,17.2365,1.4617,1.1661,1.8281,1.4359
361,2016-08-24,35,12-17,6.4286,5.8808,4.2398,8.0446,1.2786,1.0177,1.6077,1.2783
361,2016-08-24,35,18-44,24.5714,26.4440,21.5446,32.3933,0.7675,0.6314,0.9344,0.7420
361,2016-08-24,35,45-64,20.8571,22.1430,17.8738,27.4028,0.8118,0.6591,1.0010,0.7810
361,2016-08-24,35,65+,11.5714,12.4782,9.6821,15.8618,0.8918,0.7098,1.1187,0.8527
362,2016-08-25,35,0-5,10.5714,10.5912,7.8831,14.0086,1.1656,0.8793,1.5483,1.1841
362,2016-08-25,35,6-11,13.2857,13.7524,10.5561,17.8345,1.4618,1.1271,1.8999,1.4327
362,2016-08-25,35,12-17,6.4286,6.0389,4.2422,8.4817,1.2795,0.9845,1.6619,1.2791
362,2016-08-25,35,18-44,24.5714,26.7727,21.5232,33.3500,0.7687,0.6120,0.9666,0.7512
362,2016-08-25,35,45-64,21.1429,22.6026,17.9188,28.3859,0.8133,0.6386,1.0336,0.7915
362,2016-08-25,35,65+,11.7143,12.6191,9.5564,16.3770,0.8927,0.6870,1.1605,0.8682
363,2016-08-26,35,0-5,9.4286,10.4155,7.3724,14.4168,1.1691,0.8472,1.6276,1.1813
363,2016-08-26,35,6-11,14.1429,13.8161,10.1687,18.7915,1.4677,1.0889,1.9989,1.5354
363,2016-08-26,35,12-17,6.2857,6.1727,4.1421,9.0519,1.2838,0.9530,1.7419,1.3244
363,2016-08-26,35,18-44,27.4286,26.9716,21.0111,34.7218,0.7717,0.5932,1.0096,0.8049
363,2016-08-26,35,45-64,22.8571,22.8875,17.5771,29.7775,0.8164,0.6169,1.0842,0.8493
363,2016-08-26,35,65+,11.7143,12.7182,9.2935,17.2034,0.8967,0.6625,1.2181,0.9130
364,2016-08-27,35,0-5,10.2857,10.2234,6.8192,15.2091,1.1758,0.8196,1.7162,1.2370
364,2016-08-27,35,6-11,13.7143,13.8457,9.5298,20.3230,1.4766,1.0540,2.1062,1.5097
364,2016-08-27,35,12-17,5.7143,6.2688,3.9538,9.8176,1.2914,0.9253,1.8281,1.2683
364,2016-08-27,35,18-44,26.8571,27.0460,20.0363,36.6974,0.7768,0.5752,1.0619,0.8051
364,2016-08-27,35,45-64,23.0000,23.0672,16.8642,31.7688,0.8214,0.5970,1.1409,0.8509
364,2016-08-27,35,65+,12.5714,12.7241,8.8333,18.4132,0.9017,0.6381,1.2824,0.9396
