day,date,wk,age_group,obs,dR_med,dR_lo,dR_hi,Rj_med,Rj_lo,Rj_hi,Rj_renewal
1,2011-08-28,36,0-5,41.4286,40.0603,34.0858,46.3416,1.4998,1.2082,1.8520,NA
1,2011-08-28,36,6-11,39.0000,40.1275,34.6615,46.9934,1.7174,1.4184,2.0438,NA
1,2011-08-28,36,12-17,25.5714,22.9292,18.6031,28.3999,1.6477,1.3533,2.0028,NA
1,2011-08-28,36,18-44,72.1429,74.9081,65.8781,84.8222,0.9247,0.7627,1.1172,NA
1,2011-08-28,36,45-64,50.8571,52.5590,44.9414,60.1793,0.9326,0.7648,1.1342,NA
1,2011-08-28,36,65+,27.2857,28.3109,22.8059,34.1359,0.9650,0.7804,1.1813,NA
2,2011-08-29,36,0-5,42.7143,40.7475,35.8125,46.0602,1.5123,1.2629,1.8078,7.4141
2,2011-08-29,36,6-11,41.0000,41.1954,36.3389,46.7293,1.7830,1.5121,2.0684,8.4848
2,2011-08-29,36,12-17,28.7143,24.4716,20.9685,28.3834,1.7179,1.4265,2.0530,8.0179
2,2011-08-29,36,18-44,73.5714,78.3877,70.0388,87.7614,0.9175,0.7850,1.0756,4.3179
2,2011-08-29,36,45-64,53.2857,54.2407,48.0146,61.1684,0.9251,0.7841,1.0898,4.3901
2,2011-08-29,36,65+,27.1429,28.7499,24.4479,33.4006,0.9564,0.7971,1.1385,4.6738
3,2011-08-30,36,0-5,44.5714,42.0841,36.6493,48.8283,1.5055,1.2738,1.7782,3.4695
3,2011-08-30,36,6-11,43.8571,43.0225,37.7549,48.9954,1.7963,1.5432,2.0979,3.9993
3,2011-08-30,36,12-17,31.0000,26.7821,22.8644,31.5573,1.7355,1.4830,2.0280,3.7530
3,2011-08-30,36,18-44,75.0000,81.3845,71.1804,94.0350,0.9099,0.7874,1.0555,1.9958
3,2011-08-30,36,45-64,54.0000,56.2358,48.9247,65.0226,0.9166,0.7884,1.0692,2.0151
3,2011-08-30,36,65+,26.7143,29.3399,24.6801,34.4453,0.9530,0.8077,1.1169,2.1253
4,2011-08-31,36,0-5,46.5714,43.6321,37.3266,51.6389,1.4753,1.2499,1.7473,2.4409
4,2011-08-31,36,6-11,50.5714,45.6761,39.1532,51.8564,1.7681,1.5280,2.0601,2.9345
4,2011-08-31,36,12-17,34.0000,29.6685,24.8810,35.8077,1.7113,1.4651,1.9901,2.6619
4,2011-08-31,36,18-44,79.7143,83.1371,71.1746,98.3503,0.8925,0.7761,1.0266,1.4071
4,2011-08-31,36,45-64,54.7143,57.9690,49.1206,68.3981,0.9020,0.7787,1.0436,1.4075
4,2011-08-31,36,65+,28.1429,30.0067,24.9072,35.8239,0.9430,0.8059,1.1024,1.4914
5,2011-09-01,36,0-5,50.0000,44.8978,38.2462,53.6196,1.4280,1.2109,1.6908,2.0235
5,2011-09-01,36,6-11,55.4286,48.2354,40.7840,56.0875,1.7081,1.4735,1.9913,2.4216
5,2011-09-01,36,12-17,35.5714,32.6104,27.1967,39.2216,1.6583,1.4161,1.9451,2.1421
5,2011-09-01,36,18-44,84.0000,84.7206,71.9437,101.1410,0.8674,0.7556,1.0006,1.1450
5,2011-09-01,36,45-64,55.8571,59.5378,49.5291,71.2476,0.8805,0.7613,1.0194,1.1325
5,2011-09-01,36,65+,28.0000,30.6522,25.2883,36.9109,0.9274,0.7932,1.0824,1.1891
6,2011-09-02,36,0-5,51.7143,46.1749,39.0189,55.3114,1.3637,1.1548,1.6188,1.7923
6,2011-09-02,36,6-11,56.5714,50.4775,42.4922,59.9138,1.6306,1.4026,1.8999,2.1134
6,2011-09-02,36,12-17,37.5714,35.4773,29.3675,42.6887,1.5834,1.3562,1.8717,1.9267
6,2011-09-02,36,18-44,89.7143,87.3339,73.9671,103.9095,0.8337,0.7257,0.9617,1.0384
6,2011-09-02,36,45-64,61.8571,61.4737,51.0591,73.6533,0.8497,0.7349,0.9819,1.0467
6,2011-09-02,36,65+,32.2857,31.5183,25.7743,38.3289,0.9016,0.7680,1.0537,1.1236
7,2011-09-03,36,0-5,49.4286,47.0912,39.7177,56.3219,1.3115,1.1030,1.5553,1.5745
7,2011-09-03,36,6-11,55.1429,52.2532,44.1446,62.1868,1.5429,1.3260,1.8131,1.8717
7,2011-09-03,36,12-17,40.0000,37.9785,31.6398,45.4135,1.5016,1.2836,1.7679,1.8034
7,2011-09-03,36,18-44,93.7143,91.0001,76.8542,107.2549,0.7947,0.6903,0.9186,0.9567
7,2011-09-03,36,45-64,68.1429,64.1409,53.3209,76.2801,0.8097,0.6988,0.9366,0.9842
7,2011-09-03,36,65+,33.8571,32.6820,27.0110,39.7898,0.8638,0.7366,1.0100,1.0513
8,2011-09-04,37,0-5,47.8571,47.7909,40.2150,57.3183,1.2607,1.0615,1.4946,1.4350
8,2011-09-04,37,6-11,56.1429,53.5158,45.2690,63.2670,1.4580,1.2516,1.7087,1.7388
8,2011-09-04,37,12-17,41.7143,39.9436,33.4463,47.5697,1.4129,1.2072,1.6603,1.6872
8,2011-09-04,37,18-44,95.4286,94.9317,80.7555,111.2734,0.7508,0.6525,0.8637,0.8859
8,2011-09-04,37,45-64,69.4286,66.5169,56.2933,78.4427,0.7609,0.6574,0.8791,0.9130
8,2011-09-04,37,65+,34.4286,33.9642,28.1904,41.3680,0.8150,0.6922,0.9557,0.9734
9,2011-09-05,37,0-5,47.7143,48.4940,40.5030,57.4914,1.2155,1.0192,1.4433,1.3779
9,2011-09-05,37,6-11,55.4286,54.1034,45.8455,64.1698,1.3852,1.1826,1.6182,1.6471
9,2011-09-05,37,12-17,42.5714,41.4039,34.6848,49.1949,1.3268,1.1308,1.5596,1.6000
9,2011-09-05,37,18-44,100.1429,98.4036,83.0588,115.1935,0.7080,0.6156,0.8156,0.8502
9,2011-09-05,37,45-64,69.1429,68.3223,57.4425,80.5145,0.7124,0.6154,0.8232,0.8718
9,2011-09-05,37,65+,36.5714,35.1003,29.0223,42.1984,0.7610,0.6488,0.8931,0.9403
10,2011-09-06,37,0-5,46.5714,48.9151,40.9693,57.8508,1.1815,0.9950,1.4139,1.3411
10,2011-09-06,37,6-11,54.7143,54.0903,45.7217,64.2728,1.3269,1.1327,1.5529,1.6030
10,2011-09-06,37,12-17,42.5714,42.2200,35.3514,50.4556,1.2520,1.0642,1.4731,1.5537
10,2011-09-06,37,18-44,105.8571,100.3056,85.3071,117.4360,0.6726,0.5846,0.7751,0.8459
10,2011-09-06,37,45-64,73.2857,69.2130,57.5634,81.0785,0.6694,0.5782,0.7756,0.8733
10,2011-09-06,37,65+,40.0000,35.6074,29.6843,42.9352,0.7098,0.6086,0.8338,0.9534
11,2011-09-07,37,0-5,48.0000,49.3170,41.4614,58.3881,1.1631,0.9841,1.3882,1.3326
11,2011-09-07,37,6-11,54.2857,53.5820,45.4970,64.0179,1.2922,1.1018,1.5165,1.5608
11,2011-09-07,37,12-17,43.5714,42.4147,35.7882,50.4546,1.1988,1.0162,1.4090,1.5248
11,2011-09-07,37,18-44,106.0000,100.8508,86.1826,118.8316,0.6477,0.5633,0.7508,0.8303
11,2011-09-07,37,45-64,76.8571,68.8435,57.5745,80.3729,0.6375,0.5492,0.7410,0.8607
11,2011-09-07,37,65+,41.5714,35.5640,29.7278,42.6312,0.6701,0.5740,0.7894,0.9411
12,2011-09-08,37,0-5,47.2857,49.6273,41.8054,58.9340,1.1622,0.9751,1.3885,1.2925
12,2011-09-08,37,6-11,53.1429,52.8989,44.7102,63.4265,1.2853,1.1002,1.5050,1.5094
12,2011-09-08,37,12-17,45.5714,42.0852,35.6510,50.1150,1.1732,0.9899,1.3800,1.5054
12,2011-09-08,37,18-44,106.0000,100.5152,85.8541,118.1493,0.6383,0.5539,0.7410,0.8044
12,2011-09-08,37,45-64,76.7143,67.5173,56.7259,78.9884,0.6214,0.5357,0.7242,0.8330
12,2011-09-08,37,65+,42.0000,34.9421,29.2762,41.9894,0.6482,0.5541,0.7622,0.9093
13,2011-09-09,37,0-5,43.5714,49.9965,42.1810,59.3257,1.1725,0.9915,1.3983,1.1266
13,2011-09-09,37,6-11,45.1429,52.1792,43.9986,62.3404,1.2998,1.1104,1.5330,1.2600
13,2011-09-09,37,12-17,40.2857,41.5711,34.9966,49.6732,1.1786,1.0018,1.3892,1.2525
13,2011-09-09,37,18-44,90.7143,99.5139,85.2455,117.7422,0.6470,0.5619,0.7464,0.6628
13,2011-09-09,37,45-64,61.7143,65.6910,55.3303,77.1066,0.6265,0.5418,0.7254,0.6694
13,2011-09-09,37,65+,32.8571,33.8155,28.5620,40.7136,0.6488,0.5550,0.7562,0.7141
14,2011-09-10,37,0-5,50.2857,50.3043,42.6331,59.6898,1.1891,0.9994,1.4165,1.2002
14,2011-09-10,37,6-11,46.8571,51.5656,43.5493,61.6529,1.3337,1.1364,1.5657,1.2570
14,2011-09-10,37,12-17,37.1429,40.8835,34.2428,49.0952,1.2199,1.0384,1.4396,1.1436
14,2011-09-10,37,18-44,84.5714,98.9485,84.4086,116.8820,0.6714,0.5819,0.7789,0.6230
14,2011-09-10,37,45-64,51.7143,64.1209,54.4046,75.3672,0.6532,0.5637,0.7578,0.5964
14,2011-09-10,37,65+,26.2857,32.6625,27.5990,39.1762,0.6721,0.5752,0.7892,0.6164
15,2011-09-11,38,0-5,51.8571,50.2200,42.5653,59.4890,1.2015,1.0099,1.4283,1.2932
15,2011-09-11,38,6-11,51.0000,50.9420,43.0684,60.7890,1.3714,1.1722,1.6114,1.4099
15,2011-09-11,38,12-17,37.8571,40.3719,33.7884,47.9607,1.2843,1.0950,1.5145,1.2468
15,2011-09-11,38,18-44,95.0000,98.3243,84.0341,115.7730,0.7065,0.6123,0.8216,0.7012
15,2011-09-11,38,45-64,57.4286,62.3492,53.1517,73.7460,0.6953,0.5984,0.8087,0.6760
15,2011-09-11,38,65+,28.4286,31.4293,26.4841,37.9728,0.7151,0.6091,0.8382,0.6982
16,2011-09-12,38,0-5,52.0000,49.4543,41.7328,58.5907,1.2246,1.0310,1.4518,1.2941
16,2011-09-12,38,6-11,51.2857,50.1911,42.5375,60.1211,1.4249,1.2236,1.6634,1.4305
16,2011-09-12,38,12-17,38.8571,39.7693,33.0605,47.4827,1.3726,1.1702,1.6197,1.2893
16,2011-09-12,38,18-44,94.1429,98.4845,83.8684,116.1468,0.7575,0.6562,0.8794,0.7109
16,2011-09-12,38,45-64,57.7143,61.1700,51.4894,72.7494,0.7559,0.6509,0.8810,0.6901
16,2011-09-12,38,65+,28.0000,30.3621,25.3570,36.5012,0.7767,0.6624,0.9085,0.7119
17,2011-09-13,38,0-5,51.5714,48.1264,40.5538,57.0082,1.2540,1.0604,1.4876,1.2874
17,2011-09-13,38,6-11,52.1429,49.3475,41.8085,58.8063,1.4833,1.2701,1.7311,1.4472
17,2011-09-13,38,12-17,38.4286,39.6031,33.1301,47.1332,1.4791,1.2597,1.7358,1.2868
17,2011-09-13,38,18-44,96.5714,99.8362,84.7547,117.9426,0.8188,0.7070,0.9553,0.7114
17,2011-09-13,38,45-64,54.1429,61.3448,51.3296,73.1226,0.8320,0.7181,0.9710,0.6819
17,2011-09-13,38,65+,26.2857,29.8126,24.6970,35.7665,0.8552,0.7314,1.0031,0.6969
18,2011-09-14,38,0-5,46.7143,46.5198,39.2466,55.2080,1.2847,1.0914,1.5179,1.2049
18,2011-09-14,38,6-11,47.4286,48.2365,40.8828,57.5429,1.5458,1.3304,1.8035,1.3663
18,2011-09-14,38,12-17,36.1429,39.8384,33.3508,47.4841,1.5877,1.3576,1.8582,1.2515
18,2011-09-14,38,18-44,96.5714,103.2948,87.3138,122.2241,0.8832,0.7639,1.0281,0.6973
18,2011-09-14,38,45-64,54.8571,63.1484,53.0384,74.7730,0.9145,0.7881,1.0598,0.6766
18,2011-09-14,38,65+,24.1429,29.8289,24.4984,36.0854,0.9430,0.8079,1.1016,0.6800
19,2011-09-15,38,0-5,44.5714,44.6635,37.6315,52.8589,1.3171,1.1190,1.5505,1.1743
19,2011-09-15,38,6-11,44.1429,47.2998,40.0114,55.9046,1.5990,1.3785,1.8549,1.3207
19,2011-09-15,38,12-17,33.5714,40.5945,33.8285,48.3214,1.6869,1.4481,1.9630,1.2183
19,2011-09-15,38,18-44,95.0000,108.5758,91.6307,127.3632,0.9448,0.8136,1.0916,0.6922
19,2011-09-15,38,45-64,55.4286,66.5914,56.3845,79.2283,0.9906,0.8540,1.1509,0.6794
19,2011-09-15,38,65+,24.1429,30.6564,25.1137,37.3403,1.0270,0.8790,1.2009,0.6881
20,2011-09-16,38,0-5,45.1429,42.4964,35.8540,50.5420,1.3316,1.1291,1.5697,1.3389
20,2011-09-16,38,6-11,48.8571,46.1868,38.7491,54.6715,1.6153,1.3894,1.8753,1.5858
20,2011-09-16,38,12-17,41.1429,41.5547,34.7877,49.7171,1.7349,1.4907,2.0197,1.5599
20,2011-09-16,38,18-44,118.2857,114.5267,97.0337,135.6923,0.9742,0.8391,1.1291,0.8744
20,2011-09-16,38,45-64,74.7143,71.7090,60.6551,84.5785,1.0306,0.8859,1.1977,0.8911
20,2011-09-16,38,65+,32.4286,32.1322,26.5814,39.1835,1.0758,0.9177,1.2547,0.9163
21,2011-09-17,38,0-5,38.7143,40.5203,34.0303,48.3170,1.3280,1.1260,1.5574,1.3196
21,2011-09-17,38,6-11,49.0000,44.9482,37.7415,53.1503,1.5998,1.3782,1.8559,1.6725
21,2011-09-17,38,12-17,46.8571,42.9235,35.8547,51.1328,1.7318,1.4908,2.0155,1.7499
21,2011-09-17,38,18-44,132.4286,120.6506,102.7187,142.3848,0.9752,0.8405,1.1279,0.9569
21,2011-09-17,38,45-64,88.2857,77.3902,65.7941,91.6785,1.0357,0.8940,1.2022,1.0041
21,2011-09-17,38,65+,39.1429,34.2411,28.3611,41.4634,1.0860,0.9301,1.2696,1.0466
22,2011-09-18,39,0-5,38.0000,38.7533,32.2179,46.5287,1.3019,1.1074,1.5281,1.2801
22,2011-09-18,39,6-11,42.5714,43.6399,36.7179,51.6877,1.5562,1.3454,1.7999,1.5329
22,2011-09-18,39,12-17,45.5714,44.4251,37.2322,52.9912,1.6870,1.4465,1.9682,1.6497
22,2011-09-18,39,18-44,132.2857,126.7425,107.6515,148.5309,0.9478,0.8174,1.0963,0.9152
22,2011-09-18,39,45-64,91.2857,83.8496,71.1079,98.5485,1.0090,0.8678,1.1675,0.9622
22,2011-09-18,39,65+,39.1429,36.8272,30.3982,44.0117,1.0665,0.9141,1.2442,0.9971
23,2011-09-19,39,0-5,36.4286,37.4351,31.1586,45.0187,1.2717,1.0809,1.5014,1.2737
23,2011-09-19,39,6-11,41.8571,42.4940,35.8769,50.5545,1.4962,1.2906,1.7355,1.5341
23,2011-09-19,39,12-17,46.1429,46.0630,38.7541,54.6893,1.6087,1.3810,1.8721,1.6414
23,2011-09-19,39,18-44,137.5714,132.3460,112.3316,153.8497,0.9021,0.7797,1.0501,0.9262
23,2011-09-19,39,45-64,99.4286,90.5975,76.6377,105.6967,0.9564,0.8248,1.1111,0.9828
23,2011-09-19,39,65+,44.5714,40.0798,33.2218,47.2917,1.0186,0.8721,1.1880,1.0361
24,2011-09-20,39,0-5,35.0000,36.7621,30.7101,44.4570,1.2359,1.0442,1.4614,1.2685
24,2011-09-20,39,6-11,39.5714,41.5731,34.9323,49.4187,1.4277,1.2298,1.6555,1.5147
24,2011-09-20,39,12-17,48.4286,47.4868,39.9920,56.4533,1.5117,1.2976,1.7667,1.6535
24,2011-09-20,39,18-44,144.5714,136.8594,116.6120,158.3401,0.8502,0.7345,0.9869,0.9321
24,2011-09-20,39,45-64,105.2857,96.1163,82.0142,112.6925,0.8953,0.7720,1.0382,0.9903
24,2011-09-20,39,65+,48.1429,43.3279,36.1078,51.5363,0.9574,0.8199,1.1155,1.0460
25,2011-09-21,39,0-5,35.0000,36.5449,30.5622,43.8919,1.1994,1.0109,1.4173,1.2642
25,2011-09-21,39,6-11,40.2857,40.7419,34.0844,48.3494,1.3565,1.1658,1.5762,1.5172
25,2011-09-21,39,12-17,52.7143,48.6181,41.0564,57.7872,1.4091,1.2057,1.6410,1.6687
25,2011-09-21,39,18-44,146.1429,138.9525,119.2379,161.2978,0.7993,0.6881,0.9262,0.9171
25,2011-09-21,39,45-64,107.0000,100.4816,85.5368,118.0274,0.8359,0.7202,0.9686,0.9694
25,2011-09-21,39,65+,50.0000,46.3506,38.7821,55.1691,0.8978,0.7689,1.0492,1.0221
26,2011-09-22,39,0-5,37.4286,36.8223,30.6658,43.8170,1.1644,0.9828,1.3810,1.2918
26,2011-09-22,39,6-11,43.0000,39.9280,33.3236,47.3379,1.2927,1.1147,1.5030,1.5405
26,2011-09-22,39,12-17,55.0000,49.1859,41.4916,58.0984,1.3147,1.1247,1.5224,1.6394
26,2011-09-22,39,18-44,146.2857,139.0058,119.6772,162.2713,0.7525,0.6521,0.8729,0.8977
26,2011-09-22,39,45-64,106.2857,103.0712,87.8701,120.7314,0.7832,0.6760,0.9099,0.9356
26,2011-09-22,39,65+,50.2857,48.7992,41.2265,58.0945,0.8448,0.7225,0.9878,0.9823
27,2011-09-23,39,0-5,38.5714,37.2629,31.1371,44.5796,1.1397,0.9654,1.3490,1.2715
27,2011-09-23,39,6-11,42.0000,39.2333,32.6494,46.4045,1.2479,1.0752,1.4519,1.4805
27,2011-09-23,39,12-17,53.1429,48.7721,41.1402,57.4849,1.2407,1.0656,1.4522,1.5440
27,2011-09-23,39,18-44,140.0000,137.5460,118.2764,160.7075,0.7189,0.6239,0.8320,0.8588
27,2011-09-23,39,45-64,106.8571,104.1957,89.2339,121.7444,0.7443,0.6423,0.8649,0.8977
27,2011-09-23,39,65+,52.4286,50.5466,42.8213,59.8388,0.8044,0.6883,0.9413,0.9572
28,2011-09-24,39,0-5,38.5714,37.9194,31.9128,45.4804,1.1269,0.9487,1.3391,1.2338
28,2011-09-24,39,6-11,38.4286,38.3571,32.1886,45.6164,1.2201,1.0504,1.4252,1.3825
28,2011-09-24,39,12-17,48.1429,47.8515,40.3187,56.3482,1.1906,1.0225,1.3906,1.4117
28,2011-09-24,39,18-44,135.5714,134.6549,115.9763,157.8303,0.6962,0.6044,0.8071,0.8143
28,2011-09-24,39,45-64,103.1429,103.8426,88.5068,122.1157,0.7177,0.6205,0.8338,0.8488
28,2011-09-24,39,65+,52.8571,51.5714,43.8490,61.0019,0.7774,0.6633,0.9090,0.9165
29,2011-09-25,40,0-5,38.2857,38.5828,32.3101,46.2234,1.1203,0.9435,1.3312,1.2028
29,2011-09-25,40,6-11,38.0000,37.6768,31.4663,44.5990,1.2206,1.0475,1.4217,1.3501
29,2011-09-25,40,12-17,45.7143,46.3680,39.0524,54.8050,1.1680,1.0008,1.3719,1.3485
29,2011-09-25,40,18-44,129.5714,130.9385,113.3211,153.5222,0.6886,0.5954,0.7991,0.7851
29,2011-09-25,40,45-64,100.4286,102.4127,87.7757,121.0731,0.7082,0.6104,0.8220,0.8187
29,2011-09-25,40,65+,53.2857,51.7554,44.0508,61.0133,0.7680,0.6542,0.8965,0.8928
30,2011-09-26,40,0-5,38.5714,39.1237,32.5598,46.9006,1.1318,0.9499,1.3485,1.1804
30,2011-09-26,40,6-11,36.2857,36.9796,31.0073,43.8566,1.2385,1.0597,1.4460,1.2998
30,2011-09-26,40,12-17,43.8571,44.4029,37.4203,52.3776,1.1704,0.9984,1.3709,1.2966
30,2011-09-26,40,18-44,123.1429,127.0187,109.6964,148.3578,0.6958,0.5988,0.8106,0.7520
30,2011-09-26,40,45-64,96.0000,100.4868,85.5011,118.4997,0.7152,0.6152,0.8335,0.7783
30,2011-09-26,40,65+,48.5714,51.3785,43.6991,60.4662,0.7745,0.6610,0.9089,0.8342
31,2011-09-27,40,0-5,38.8571,39.4376,32.8595,47.1830,1.1592,0.9746,1.3640,1.1614
31,2011-09-27,40,6-11,35.0000,36.4258,30.3893,43.4752,1.2823,1.0957,1.4982,1.2617
31,2011-09-27,40,12-17,40.0000,42.3513,35.6268,49.9850,1.1913,1.0219,1.3916,1.2320
31,2011-09-27,40,18-44,114.0000,123.1007,105.3795,144.4511,0.7169,0.6163,0.8287,0.7244
31,2011-09-27,40,45-64,92.5714,97.9661,83.6845,114.6972,0.7354,0.6322,0.8559,0.7513
31,2011-09-27,40,65+,47.2857,50.6322,42.8265,59.6853,0.7968,0.6798,0.9353,0.8111
32,2011-09-28,40,0-5,41.0000,39.5478,32.9517,47.5561,1.1924,1.0075,1.4116,1.2184
32,2011-09-28,40,6-11,34.5714,36.0160,29.8247,42.9953,1.3410,1.1506,1.5666,1.2937
32,2011-09-28,40,12-17,37.7143,40.2705,33.8659,47.6638,1.2311,1.0556,1.4449,1.2385
32,2011-09-28,40,18-44,115.1429,120.0465,102.2105,141.2879,0.7473,0.6446,0.8674,0.7471
32,2011-09-28,40,45-64,92.4286,95.2460,81.5879,112.1871,0.7673,0.6607,0.8944,0.7716
32,2011-09-28,40,65+,48.0000,49.7207,42.1794,58.7786,0.8316,0.7109,0.9761,0.8360
33,2011-09-29,40,0-5,37.5714,39.4609,32.9217,47.3386,1.2417,1.0480,1.4699,1.1709
33,2011-09-29,40,6-11,31.8571,35.8888,29.7455,43.1768,1.4243,1.2188,1.6623,1.2676
33,2011-09-29,40,12-17,36.5714,38.3457,32.1913,45.5192,1.2923,1.1077,1.5103,1.2498
33,2011-09-29,40,18-44,114.4286,117.6916,100.2901,138.3068,0.7932,0.6825,0.9190,0.7480
33,2011-09-29,40,45-64,91.2857,93.0662,79.5240,108.8941,0.8161,0.7007,0.9504,0.7793
33,2011-09-29,40,65+,47.7143,48.9703,41.4030,57.7386,0.8845,0.7542,1.0343,0.8444
34,2011-09-30,40,0-5,36.1429,39.3448,32.7778,46.6563,1.2899,1.0861,1.5259,1.1014
34,2011-09-30,40,6-11,30.5714,36.0163,30.1328,43.4401,1.5083,1.2952,1.7617,1.1917
34,2011-09-30,40,12-17,32.2857,36.6754,30.7400,43.7695,1.3561,1.1655,1.5771,1.1314
34,2011-09-30,40,18-44,101.7143,116.6946,99.1461,136.9971,0.8382,0.7236,0.9727,0.6777
34,2011-09-30,40,45-64,77.8571,91.1904,78.1577,106.6377,0.8667,0.7458,1.0047,0.6929
34,2011-09-30,40,65+,39.8571,48.5456,41.0261,57.5276,0.9402,0.8024,1.0998,0.7394
35,2011-10-01,40,0-5,38.8571,39.1085,32.6452,46.3481,1.3287,1.1238,1.5803,1.2352
35,2011-10-01,40,6-11,35.5714,36.7109,30.4888,44.3003,1.5813,1.3621,1.8540,1.3932
35,2011-10-01,40,12-17,34.1429,35.2027,29.3787,42.3481,1.4124,1.2132,1.6412,1.2833
35,2011-10-01,40,18-44,111.0000,116.6671,98.5131,136.8032,0.8802,0.7621,1.0222,0.7745
35,2011-10-01,40,45-64,86.0000,90.5093,77.1375,106.8326,0.9132,0.7854,1.0598,0.7958
35,2011-10-01,40,65+,45.2857,48.4765,40.6428,57.6739,0.9912,0.8458,1.1594,0.8581
36,2011-10-02,41,0-5,38.7143,38.8292,32.4797,46.4469,1.3535,1.1453,1.5995,1.2874
36,2011-10-02,41,6-11,37.7143,37.5849,31.1714,45.5918,1.6343,1.3996,1.8966,1.4975
36,2011-10-02,41,12-17,35.0000,34.0156,28.4281,41.1458,1.4532,1.2469,1.6963,1.3765
36,2011-10-02,41,18-44,117.5714,117.0366,98.9165,137.8247,0.9114,0.7859,1.0600,0.8316
36,2011-10-02,41,45-64,89.8571,90.7242,77.1498,106.9286,0.9493,0.8164,1.1041,0.8593
36,2011-10-02,41,65+,49.2857,48.5733,40.7973,57.7774,1.0289,0.8792,1.2051,0.9361
37,2011-10-03,41,0-5,39.2857,38.5299,32.3048,46.0964,1.3592,1.1497,1.6089,1.3341
37,2011-10-03,41,6-11,38.4286,38.7531,32.2626,46.6411,1.6539,1.4173,1.9262,1.5481
37,2011-10-03,41,12-17,32.8571,33.0554,27.4924,39.8204,1.4717,1.2652,1.7076,1.3941
37,2011-10-03,41,18-44,125.2857,118.3851,99.9372,140.0096,0.9273,0.7993,1.0744,0.8733
37,2011-10-03,41,45-64,94.2857,91.5670,77.6377,108.0852,0.9682,0.8314,1.1241,0.9028
37,2011-10-03,41,65+,51.5714,49.2317,41.3714,58.6451,1.0491,0.8958,1.2245,0.9836
38,2011-10-04,41,0-5,39.5714,38.1414,31.9743,45.6842,1.3483,1.1442,1.5917,1.3399
38,2011-10-04,41,6-11,40.2857,39.9020,33.3536,47.8149,1.6421,1.4115,1.9143,1.5792
38,2011-10-04,41,12-17,34.5714,32.3124,26.8450,38.9658,1.4718,1.2643,1.7117,1.4475
38,2011-10-04,41,18-44,127.1429,121.1095,102.3271,142.9100,0.9267,0.8026,1.0780,0.8858
38,2011-10-04,41,45-64,98.1429,93.2710,79.6842,109.4517,0.9707,0.8352,1.1286,0.9193
38,2011-10-04,41,65+,51.8571,50.1485,42.2335,59.9288,1.0508,0.8977,1.2296,0.9920
39,2011-10-05,41,0-5,38.1429,37.9165,31.5990,45.7007,1.3287,1.1239,1.5721,1.3025
39,2011-10-05,41,6-11,43.7143,41.1125,34.3603,49.1565,1.6071,1.3799,1.8770,1.6031
39,2011-10-05,41,12-17,32.7143,31.8517,26.5630,38.3519,1.4537,1.2520,1.6969,1.4047
39,2011-10-05,41,18-44,127.5714,124.0702,105.3360,145.9945,0.9166,0.7916,1.0628,0.8722
39,2011-10-05,41,45-64,97.5714,95.7414,81.6489,112.4309,0.9610,0.8278,1.1156,0.9033
39,2011-10-05,41,65+,52.4286,51.3706,43.1785,61.4511,1.0374,0.8870,1.2133,0.9784
40,2011-10-06,41,0-5,39.2857,37.7780,31.4284,45.6913,1.2961,1.0990,1.5269,1.3039
40,2011-10-06,41,6-11,47.2857,42.1669,35.1592,50.1301,1.5532,1.3343,1.8102,1.6217
40,2011-10-06,41,12-17,31.5714,31.4437,26.1520,37.9844,1.4221,1.2270,1.6510,1.3714
40,2011-10-06,41,18-44,126.5714,127.6936,108.2480,149.6341,0.8937,0.7731,1.0339,0.8588
40,2011-10-06,41,45-64,97.0000,98.8758,84.9516,116.8449,0.9374,0.8090,1.0851,0.8846
40,2011-10-06,41,65+,52.1429,52.6879,44.6883,62.8977,1.0080,0.8623,1.1759,0.9577
41,2011-10-07,41,0-5,39.8571,37.6087,31.3422,45.2580,1.2603,1.0693,1.4874,1.3974
41,2011-10-07,41,6-11,48.8571,42.6838,35.5211,50.6763,1.4895,1.2853,1.7348,1.7321
41,2011-10-07,41,12-17,34.4286,31.1899,25.8473,37.7564,1.3876,1.1959,1.6110,1.5422
41,2011-10-07,41,18-44,147.4286,131.2756,112.0039,154.0750,0.8662,0.7501,1.0064,0.9700
41,2011-10-07,41,45-64,114.5714,102.2653,88.1552,120.1190,0.9089,0.7849,1.0566,1.0173
41,2011-10-07,41,65+,62.5714,53.9774,45.5560,64.3833,0.9720,0.8335,1.1353,1.1113
42,2011-10-08,41,0-5,36.4286,37.5802,31.3021,45.1965,1.2320,1.0454,1.4500,1.2529
42,2011-10-08,41,6-11,42.8571,42.8038,35.6434,50.9277,1.4415,1.2432,1.6749,1.5124
42,2011-10-08,41,12-17,31.0000,31.1508,25.7317,37.7393,1.3578,1.1702,1.5755,1.3826
42,2011-10-08,41,18-44,137.5714,134.8129,115.0775,157.1337,0.8446,0.7315,0.9794,0.8722
42,2011-10-08,41,45-64,108.7143,105.2305,90.8709,123.8752,0.8844,0.7622,1.0259,0.9188
42,2011-10-08,41,65+,58.1429,54.7625,46.4314,65.5104,0.9386,0.8054,1.0940,0.9994
43,2011-10-09,42,0-5,37.0000,37.5600,31.1944,45.1537,1.2127,1.0256,1.4282,1.2298
43,2011-10-09,42,6-11,41.8571,42.5889,35.5526,50.5568,1.4072,1.2092,1.6381,1.4548
43,2011-10-09,42,12-17,31.2857,31.2091,25.8966,37.7588,1.3417,1.1523,1.5560,1.3582
43,2011-10-09,42,18-44,133.5714,138.1949,118.4569,161.0533,0.8302,0.7143,0.9641,0.8420
43,2011-10-09,42,45-64,109.4286,107.9784,92.9977,126.6881,0.8675,0.7461,1.0082,0.8872
43,2011-10-09,42,65+,55.2857,55.5883,46.8071,66.4205,0.9146,0.7821,1.0654,0.9509
44,2011-10-10,42,0-5,37.7143,37.6102,31.4569,45.1728,1.1976,1.0130,1.4124,1.2466
44,2011-10-10,42,6-11,42.0000,42.0573,35.1040,50.1274,1.3855,1.1916,1.6124,1.4597
44,2011-10-10,42,12-17,32.1429,31.3711,26.1633,38.0618,1.3353,1.1484,1.5496,1.3699
44,2011-10-10,42,18-44,136.8571,141.2888,120.9524,164.4800,0.8221,0.7084,0.9554,0.8432
44,2011-10-10,42,45-64,108.1429,110.7043,94.8805,130.2940,0.8595,0.7385,0.9982,0.8801
44,2011-10-10,42,65+,54.2857,55.7568,47.2799,66.2615,0.8988,0.7691,1.0455,0.9351
45,2011-10-11,42,0-5,37.2857,37.5862,31.1360,44.9577,1.1877,1.0038,1.4007,1.2599
45,2011-10-11,42,6-11,42.0000,41.2092,34.7738,49.2042,1.3734,1.1808,1.5935,1.4807
45,2011-10-11,42,12-17,31.4286,31.5758,26.3546,38.0052,1.3326,1.1450,1.5491,1.3749
45,2011-10-11,42,18-44,142.5714,143.1723,122.7458,167.5071,0.8175,0.7034,0.9497,0.8610
45,2011-10-11,42,45-64,110.0000,112.9268,96.7391,132.1755,0.8529,0.7323,0.9904,0.8974
45,2011-10-11,42,65+,56.2857,55.6403,47.1997,66.0555,0.8877,0.7597,1.0318,0.9573
46,2011-10-12,42,0-5,39.2857,37.3707,31.0517,44.4898,1.1808,0.9983,1.3982,1.2797
46,2011-10-12,42,6-11,39.4286,40.2918,33.9704,48.0754,1.3711,1.1782,1.5916,1.4379
46,2011-10-12,42,12-17,31.0000,31.8889,26.3431,38.2813,1.3388,1.1520,1.5558,1.3606
46,2011-10-12,42,18-44,141.0000,144.6882,124.0754,168.5185,0.8177,0.7020,0.9496,0.8543
46,2011-10-12,42,45-64,111.2857,113.9390,97.3774,133.2034,0.8521,0.7323,0.9932,0.8915
46,2011-10-12,42,65+,56.0000,54.9577,46.6827,65.2614,0.8817,0.7540,1.0291,0.9499
47,2011-10-13,42,0-5,36.4286,36.9084,30.6833,44.2562,1.1788,0.9983,1.3972,1.2275
47,2011-10-13,42,6-11,34.7143,39.3422,33.3171,47.0712,1.3730,1.1797,1.5951,1.3668
47,2011-10-13,42,12-17,30.4286,32.1289,26.6229,38.3742,1.3481,1.1593,1.5704,1.3501
47,2011-10-13,42,18-44,141.8571,145.4620,124.3226,169.2137,0.8185,0.7047,0.9559,0.8459
47,2011-10-13,42,45-64,113.2857,114.7159,97.9999,133.5277,0.8543,0.7342,0.9964,0.8916
47,2011-10-13,42,65+,56.1429,54.1762,45.8819,64.1618,0.8802,0.7534,1.0288,0.9487
48,2011-10-14,42,0-5,36.1429,36.3217,30.1460,43.6391,1.1770,0.9952,1.3924,1.2227
48,2011-10-14,42,6-11,38.0000,38.4215,32.4047,46.1859,1.3772,1.1857,1.6033,1.4200
48,2011-10-14,42,12-17,31.4286,32.3121,26.8887,38.7966,1.3551,1.1656,1.5758,1.3636
48,2011-10-14,42,18-44,141.1429,145.8429,124.8257,169.9530,0.8208,0.7075,0.9568,0.8404
48,2011-10-14,42,45-64,112.2857,114.8753,98.0810,134.0546,0.8563,0.7350,1.0011,0.8766
48,2011-10-14,42,65+,51.1429,53.2667,44.7337,62.8773,0.8819,0.7541,1.0310,0.9085
49,2011-10-15,42,0-5,36.4286,35.6204,29.5800,42.7092,1.1756,0.9934,1.3880,1.2498
49,2011-10-15,42,6-11,38.5714,37.6660,31.5522,44.9911,1.3813,1.1824,1.6139,1.4625
49,2011-10-15,42,12-17,33.7143,32.5381,27.0070,39.0233,1.3590,1.1627,1.5842,1.4308
49,2011-10-15,42,18-44,145.4286,145.4156,124.8448,171.2926,0.8218,0.7061,0.9582,0.8652
49,2011-10-15,42,45-64,117.0000,114.5319,97.9033,133.8048,0.8579,0.7348,0.9993,0.9019
49,2011-10-15,42,65+,49.2857,52.0523,44.0858,61.7529,0.8865,0.7571,1.0350,0.9163
50,2011-10-16,43,0-5,34.7143,34.8893,29.0299,41.8295,1.1738,0.9930,1.3860,1.2307
50,2011-10-16,43,6-11,36.7143,36.8923,30.7302,44.3956,1.3860,1.1880,1.6159,1.4404
50,2011-10-16,43,12-17,34.4286,32.7202,27.0328,39.2277,1.3650,1.1708,1.5873,1.4299
50,2011-10-16,43,18-44,149.2857,144.5250,123.8805,169.3105,0.8232,0.7070,0.9592,0.8625
50,2011-10-16,43,45-64,113.0000,113.7571,97.2472,132.9454,0.8614,0.7383,1.0040,0.8951
50,2011-10-16,43,65+,50.2857,51.2193,43.4354,60.9950,0.8954,0.7656,1.0461,0.9170
51,2011-10-17,43,0-5,34.1429,34.2037,28.3445,40.9684,1.1746,0.9948,1.3890,1.2110
51,2011-10-17,43,6-11,35.8571,36.3382,30.2010,43.6126,1.3909,1.1950,1.6185,1.4141
51,2011-10-17,43,12-17,33.4286,32.8674,27.1827,39.3738,1.3695,1.1774,1.5926,1.3931
51,2011-10-17,43,18-44,146.1429,143.8712,123.4554,167.8968,0.8244,0.7096,0.9607,0.8475
51,2011-10-17,43,45-64,113.0000,112.8540,96.5480,132.7289,0.8639,0.7422,1.0045,0.8817
51,2011-10-17,43,65+,49.2857,50.8128,42.8065,60.4740,0.9044,0.7732,1.0578,0.9038
52,2011-10-18,43,0-5,33.0000,33.6277,27.8290,40.0807,1.1802,0.9991,1.3913,1.1794
52,2011-10-18,43,6-11,34.7143,35.9098,29.6766,43.2566,1.3972,1.2034,1.6210,1.3823
52,2011-10-18,43,12-17,33.2857,33.1037,27.2962,39.5782,1.3787,1.1823,1.6041,1.3756
52,2011-10-18,43,18-44,140.7143,142.9978,122.1344,166.3886,0.8279,0.7131,0.9609,0.8308
52,2011-10-18,43,45-64,113.8571,112.1817,95.6645,132.3451,0.8680,0.7464,1.0082,0.8716
52,2011-10-18,43,65+,48.7143,50.7244,42.5436,60.2705,0.9141,0.7835,1.0698,0.8955
53,2011-10-19,43,0-5,31.2857,33.0579,27.3797,39.5261,1.1821,1.0003,1.3918,1.1638
53,2011-10-19,43,6-11,35.4286,35.5634,29.3826,42.6252,1.4026,1.2063,1.6344,1.4019
53,2011-10-19,43,12-17,33.4286,33.3678,27.5469,39.8172,1.3902,1.1951,1.6196,1.3737
53,2011-10-19,43,18-44,141.0000,141.7162,120.9154,165.0753,0.8294,0.7153,0.9641,0.8302
53,2011-10-19,43,45-64,110.7143,111.3695,95.2755,130.9790,0.8713,0.7500,1.0142,0.8696
53,2011-10-19,43,65+,50.4286,51.0687,42.9104,60.6761,0.9227,0.7892,1.0771,0.9057
54,2011-10-20,43,0-5,33.5714,32.6011,27.1794,39.2198,1.1802,1.0023,1.3998,1.2156
54,2011-10-20,43,6-11,38.1429,35.2966,29.3257,42.1916,1.4073,1.2100,1.6420,1.4592
54,2011-10-20,43,12-17,33.1429,33.7138,28.0293,40.4075,1.4053,1.2071,1.6357,1.3731
54,2011-10-20,43,18-44,139.8571,140.3706,119.4339,164.2289,0.8334,0.7185,0.9718,0.8395
54,2011-10-20,43,45-64,110.0000,110.5312,94.8548,130.2367,0.8774,0.7537,1.0218,0.8726
54,2011-10-20,43,65+,50.5714,51.6412,43.4639,61.1595,0.9324,0.7956,1.0905,0.9115
55,2011-10-21,43,0-5,33.8571,32.1671,26.6150,38.8698,1.1849,1.0041,1.4021,1.2209
55,2011-10-21,43,6-11,33.5714,34.9817,29.1212,42.0693,1.4157,1.2171,1.6440,1.3891
55,2011-10-21,43,12-17,33.5714,34.1312,28.3494,40.9902,1.4217,1.2195,1.6578,1.3809
55,2011-10-21,43,18-44,138.7143,138.9797,119.0639,162.6755,0.8394,0.7228,0.9776,0.8394
55,2011-10-21,43,45-64,110.4286,110.0149,93.9443,129.6465,0.8845,0.7598,1.0277,0.8803
55,2011-10-21,43,65+,53.2857,52.3154,44.0663,61.6942,0.9393,0.8030,1.0972,0.9334
56,2011-10-22,43,0-5,31.5714,31.7936,26.3444,38.2936,1.1875,1.0086,1.4016,1.1759
56,2011-10-22,43,6-11,33.0000,34.8047,28.8735,41.7696,1.4221,1.2253,1.6552,1.3701
56,2011-10-22,43,12-17,33.5714,34.7140,28.7614,41.4897,1.4349,1.2297,1.6745,1.3673
56,2011-10-22,43,18-44,135.5714,138.1621,118.1776,161.5069,0.8435,0.7264,0.9841,0.8240
56,2011-10-22,43,45-64,107.1429,109.5606,93.7226,128.9311,0.8900,0.7639,1.0377,0.8678
56,2011-10-22,43,65+,54.7143,52.8365,44.4645,62.3009,0.9416,0.8060,1.1023,0.9324
57,2011-10-23,44,0-5,31.2857,31.3651,26.0687,37.6459,1.1997,1.0147,1.4136,1.1846
57,2011-10-23,44,6-11,34.1429,34.6036,28.6569,41.5440,1.4340,1.2308,1.6679,1.4049
57,2011-10-23,44,12-17,32.7143,35.3384,29.4433,42.2072,1.4532,1.2477,1.6913,1.3692
57,2011-10-23,44,18-44,135.1429,137.3646,117.6902,161.1958,0.8534,0.7339,0.9898,0.8351
57,2011-10-23,44,45-64,110.2857,109.4830,93.5577,129.2656,0.8998,0.7729,1.0438,0.8815
57,2011-10-23,44,65+,54.5714,53.3828,44.6819,62.8986,0.9476,0.8109,1.1064,0.9420
58,2011-10-24,44,0-5,30.1429,31.0639,25.6227,37.2283,1.2138,1.0287,1.4329,1.1849
58,2011-10-24,44,6-11,35.4286,34.4269,28.4102,41.4400,1.4413,1.2407,1.6731,1.4486
58,2011-10-24,44,12-17,36.1429,35.9599,29.9260,43.1565,1.4677,1.2616,1.7120,1.4430
58,2011-10-24,44,18-44,136.7143,137.0118,116.3432,160.7106,0.8638,0.7430,1.0002,0.8498
58,2011-10-24,44,45-64,110.0000,110.1471,94.1917,130.0011,0.9098,0.7811,1.0566,0.8976
58,2011-10-24,44,65+,56.4286,53.7320,45.0483,63.3329,0.9565,0.8177,1.1169,0.9620
59,2011-10-25,44,0-5,30.7143,30.7811,25.4137,36.8865,1.2266,1.0394,1.4435,1.1973
59,2011-10-25,44,6-11,36.2857,34.2831,28.4626,41.1224,1.4417,1.2401,1.6786,1.4625
59,2011-10-25,44,12-17,38.4286,36.7163,30.6906,44.0128,1.4747,1.2690,1.7161,1.4736
59,2011-10-25,44,18-44,135.1429,137.3641,117.2713,161.1133,0.8701,0.7489,1.0120,0.8483
59,2011-10-25,44,45-64,109.5714,110.8200,94.4662,130.7624,0.9172,0.7893,1.0670,0.8933
59,2011-10-25,44,65+,55.1429,53.7883,45.3273,64.1102,0.9641,0.8250,1.1260,0.9488
60,2011-10-26,44,0-5,32.1429,30.6307,25.5115,36.9102,1.2439,1.0491,1.4674,1.2350
60,2011-10-26,44,6-11,34.8571,34.0493,28.4006,40.9535,1.4456,1.2461,1.6811,1.4495
60,2011-10-26,44,12-17,38.1429,37.3538,31.2580,44.8175,1.4815,1.2721,1.7260,1.4713
60,2011-10-26,44,18-44,138.0000,138.0082,117.8844,161.7006,0.8792,0.7568,1.0222,0.8611
60,2011-10-26,44,45-64,113.8571,111.9513,94.9086,132.6389,0.9279,0.7975,1.0779,0.9040
60,2011-10-26,44,65+,52.4286,53.9146,45.4314,64.4854,0.9759,0.8337,1.1442,0.9399
61,2011-10-27,44,0-5,29.7143,30.6945,25.6321,37.3332,1.2613,1.0686,1.4817,1.1836
61,2011-10-27,44,6-11,32.7143,33.8043,28.1259,40.5545,1.4478,1.2492,1.6848,1.3987
61,2011-10-27,44,12-17,38.1429,37.8872,31.9155,45.5149,1.4793,1.2723,1.7230,1.4490
61,2011-10-27,44,18-44,137.1429,139.4308,119.4301,162.6633,0.8857,0.7646,1.0283,0.8459
61,2011-10-27,44,45-64,113.1429,113.5672,96.9548,133.4529,0.9341,0.8049,1.0870,0.8929
61,2011-10-27,44,65+,52.2857,54.6244,45.8264,65.1643,0.9849,0.8439,1.1521,0.9302
62,2011-10-28,44,0-5,29.0000,31.0214,25.7698,37.5856,1.2764,1.0858,1.5044,1.1822
62,2011-10-28,44,6-11,33.0000,33.4306,28.0028,40.2308,1.4432,1.2460,1.6763,1.4131
62,2011-10-28,44,12-17,38.0000,38.3264,32.3745,45.9319,1.4659,1.2629,1.7118,1.4440
62,2011-10-28,44,18-44,138.8571,141.0591,120.9281,164.2704,0.8883,0.7684,1.0333,0.8517
62,2011-10-28,44,45-64,113.2857,115.5533,99.1481,135.9674,0.9394,0.8080,1.0917,0.8990
62,2011-10-28,44,65+,53.8571,55.2991,46.2784,66.2165,0.9946,0.8514,1.1595,0.9440
63,2011-10-29,44,0-5,31.2857,31.5678,26.0973,38.0273,1.2895,1.0922,1.5260,1.2540
63,2011-10-29,44,6-11,33.7143,33.1846,27.6504,39.8992,1.4338,1.2354,1.6712,1.4643
63,2011-10-29,44,12-17,40.0000,38.6066,32.3650,46.0348,1.4498,1.2494,1.6860,1.4958
63,2011-10-29,44,18-44,145.1429,142.7655,121.8889,165.9379,0.8887,0.7678,1.0357,0.8842
63,2011-10-29,44,45-64,115.4286,117.5936,100.5607,138.4037,0.9407,0.8106,1.0932,0.9268
63,2011-10-29,44,65+,55.7143,56.3591,47.0588,67.3897,0.9994,0.8574,1.1665,0.9737
64,2011-10-30,45,0-5,31.7143,32.3876,26.6919,38.9196,1.2901,1.0905,1.5264,1.2567
64,2011-10-30,45,6-11,33.4286,32.7959,27.3271,39.3805,1.4165,1.2243,1.6380,1.4582
64,2011-10-30,45,12-17,39.5714,38.5206,32.0914,46.0714,1.4205,1.2220,1.6510,1.4852
64,2011-10-30,45,18-44,144.1429,143.8140,123.1233,168.0329,0.8818,0.7632,1.0190,0.8852
64,2011-10-30,45,45-64,119.2857,119.7172,102.2787,140.6125,0.9341,0.8060,1.0841,0.9339
64,2011-10-30,45,65+,57.2857,57.3779,48.0775,68.2502,0.9957,0.8540,1.1610,0.9865
65,2011-10-31,45,0-5,33.0000,33.2415,27.4541,40.0758,1.2840,1.0859,1.5081,1.2817
65,2011-10-31,45,6-11,33.5714,32.3029,26.8434,38.9696,1.3935,1.2024,1.6183,1.4705
65,2011-10-31,45,12-17,39.5714,38.1367,31.8405,45.8602,1.3854,1.1920,1.6056,1.4944
65,2011-10-31,45,18-44,146.4286,144.5025,123.2990,168.4048,0.8682,0.7505,1.0053,0.8984
65,2011-10-31,45,45-64,126.0000,121.8533,104.1159,143.3075,0.9203,0.7915,1.0674,0.9499
65,2011-10-31,45,65+,56.4286,58.3648,49.2696,69.2056,0.9826,0.8439,1.1487,0.9901
66,2011-11-01,45,0-5,35.4286,34.2576,28.3621,40.8998,1.2701,1.0810,1.4997,1.3222
66,2011-11-01,45,6-11,32.5714,31.8836,26.2608,38.7604,1.3757,1.1878,1.5964,1.4591
66,2011-11-01,45,12-17,36.4286,37.3699,31.2380,44.9538,1.3450,1.1585,1.5618,1.4405
66,2011-11-01,45,18-44,150.0000,144.8912,123.7302,169.2456,0.8501,0.7351,0.9855,0.9047
66,2011-11-01,45,45-64,127.2857,124.1553,106.4543,144.6651,0.8996,0.7741,1.0456,0.9536
66,2011-11-01,45,65+,60.0000,59.4645,50.2093,70.0346,0.9608,0.8251,1.1223,1.0100
67,2011-11-02,45,0-5,34.0000,35.2224,29.1572,42.1901,1.2515,1.0585,1.4769,1.2601
67,2011-11-02,45,6-11,30.4286,31.6082,26.1131,38.3032,1.3571,1.1688,1.5799,1.3967
67,2011-11-02,45,12-17,37.0000,36.4269,30.6418,43.7505,1.3069,1.1243,1.5176,1.4318
67,2011-11-02,45,18-44,144.4286,144.4690,123.8578,169.3039,0.8297,0.7157,0.9651,0.8809
67,2011-11-02,45,45-64,128.7143,125.5742,107.3781,146.4037,0.8766,0.7522,1.0215,0.9450
67,2011-11-02,45,65+,65.1429,60.1966,50.9877,70.6123,0.9344,0.8006,1.0912,1.0264
68,2011-11-03,45,0-5,38.5714,36.2867,30.1135,43.5226,1.2319,1.0440,1.4514,1.3337
68,2011-11-03,45,6-11,31.4286,31.4731,26.0846,38.1075,1.3483,1.1585,1.5715,1.4275
68,2011-11-03,45,12-17,37.5714,35.3220,29.5547,42.4399,1.2748,1.0958,1.4819,1.4435
68,2011-11-03,45,18-44,146.7143,143.5694,123.2564,168.0185,0.8140,0.7015,0.9440,0.8913
68,2011-11-03,45,45-64,129.8571,126.4621,107.9913,147.0386,0.8574,0.7363,1.0030,0.9459
68,2011-11-03,45,65+,65.2857,60.5272,51.2897,70.8551,0.9110,0.7809,1.0668,1.0209
69,2011-11-04,45,0-5,39.0000,37.0890,30.8688,44.3080,1.2157,1.0275,1.4335,1.3164
69,2011-11-04,45,6-11,30.4286,31.5051,26.1080,38.0770,1.3433,1.1577,1.5612,1.3974
69,2011-11-04,45,12-17,36.1429,34.0836,28.4659,40.9739,1.2503,1.0767,1.4507,1.4048
69,2011-11-04,45,18-44,147.4286,142.4736,121.0673,166.7571,0.8005,0.6909,0.9286,0.8758
69,2011-11-04,45,45-64,129.0000,126.6416,108.1456,147.1110,0.8430,0.7224,0.9813,0.9246
69,2011-11-04,45,65+,62.7143,60.4353,51.3394,71.0309,0.8930,0.7612,1.0427,0.9855
70,2011-11-05,45,0-5,38.4286,37.7684,31.7300,45.0297,1.2096,1.0221,1.4301,1.2675
70,2011-11-05,45,6-11,32.1429,31.6745,26.3813,38.2465,1.3522,1.1642,1.5736,1.3922
70,2011-11-05,45,12-17,33.0000,32.8553,27.2287,39.5064,1.2427,1.0697,1.4372,1.3310
70,2011-11-05,45,18-44,141.2857,141.3295,119.9794,165.4077,0.7979,0.6891,0.9235,0.8443
70,2011-11-05,45,45-64,127.0000,126.3324,107.8616,148.1928,0.8383,0.7188,0.9760,0.8916
70,2011-11-05,45,65+,60.8571,59.8028,50.8260,70.5376,0.8835,0.7534,1.0338,0.9500
71,2011-11-06,46,0-5,39.4286,38.2829,32.0032,45.7326,1.2090,1.0236,1.4335,1.2649
71,2011-11-06,46,6-11,32.1429,32.1217,26.8486,38.7166,1.3648,1.1737,1.5849,1.3824
71,2011-11-06,46,12-17,32.7143,31.7185,26.2805,38.2552,1.2465,1.0717,1.4539,1.3211
71,2011-11-06,46,18-44,139.5714,139.6876,118.8872,162.9086,0.8024,0.6905,0.9335,0.8332
71,2011-11-06,46,45-64,124.8571,125.9281,107.4688,148.2348,0.8439,0.7227,0.9851,0.8761
71,2011-11-06,46,65+,58.4286,58.9702,49.8585,69.8497,0.8860,0.7538,1.0361,0.9253
72,2011-11-07,46,0-5,38.8571,38.5804,32.0683,46.2662,1.2156,1.0319,1.4317,1.2151
72,2011-11-07,46,6-11,31.1429,32.6143,27.2571,39.2714,1.3882,1.1956,1.6126,1.3222
72,2011-11-07,46,12-17,27.8571,30.6098,25.2921,36.9566,1.2725,1.0930,1.4796,1.2148
72,2011-11-07,46,18-44,130.7143,138.3161,117.9024,161.7556,0.8171,0.7037,0.9489,0.7922
72,2011-11-07,46,45-64,119.2857,125.4558,106.7820,147.8101,0.8612,0.7361,1.0038,0.8344
72,2011-11-07,46,65+,56.7143,58.1194,48.9350,68.6645,0.9006,0.7687,1.0513,0.8901
73,2011-11-08,46,0-5,38.0000,38.7126,32.1670,46.3946,1.2331,1.0457,1.4535,1.2064
73,2011-11-08,46,6-11,31.2857,33.2138,27.6730,39.6720,1.4141,1.2203,1.6462,1.3350
73,2011-11-08,46,12-17,28.2857,29.6810,24.5558,35.7571,1.3116,1.1276,1.5288,1.2434
73,2011-11-08,46,18-44,131.0000,137.7459,117.1939,160.3252,0.8369,0.7220,0.9748,0.7973
73,2011-11-08,46,45-64,118.2857,125.0329,106.8032,146.7515,0.8837,0.7568,1.0347,0.8385
73,2011-11-08,46,65+,53.8571,57.1138,47.6023,67.5198,0.9227,0.7881,1.0732,0.8815
74,2011-11-09,46,0-5,36.5714,38.5538,32.1598,46.2328,1.2527,1.0648,1.4825,1.1999
74,2011-11-09,46,6-11,34.0000,33.5683,27.9332,40.0834,1.4410,1.2418,1.6737,1.3974
74,2011-11-09,46,12-17,26.7143,29.0069,23.9169,35.0117,1.3578,1.1665,1.5777,1.2514
74,2011-11-09,46,18-44,131.4286,137.2676,117.3553,159.9548,0.8616,0.7436,0.9999,0.8109
74,2011-11-09,46,45-64,119.8571,125.1538,106.5640,146.5541,0.9120,0.7813,1.0624,0.8522
74,2011-11-09,46,65+,51.0000,56.2917,47.0681,66.8338,0.9491,0.8122,1.1078,0.8821
75,2011-11-10,46,0-5,37.2857,38.3033,32.0201,45.8324,1.2732,1.0803,1.5051,1.2234
75,2011-11-10,46,6-11,35.5714,33.7903,28.0732,40.4211,1.4605,1.2577,1.6979,1.4353
75,2011-11-10,46,12-17,26.2857,28.5437,23.6321,34.7490,1.4045,1.2079,1.6361,1.2704
75,2011-11-10,46,18-44,130.4286,137.4939,117.3305,161.9344,0.8849,0.7631,1.0311,0.8227
75,2011-11-10,46,45-64,119.5714,125.1292,106.3615,146.9423,0.9371,0.8036,1.0966,0.8645
75,2011-11-10,46,65+,51.0000,55.6155,46.7093,65.4731,0.9723,0.8330,1.1392,0.8969
76,2011-11-11,46,0-5,38.2857,37.9906,32.0234,45.4044,1.2822,1.0854,1.5163,1.2830
76,2011-11-11,46,6-11,37.0000,33.7827,28.3288,40.6242,1.4672,1.2630,1.7028,1.5084
76,2011-11-11,46,12-17,26.8571,28.4220,23.5304,34.6164,1.4375,1.2347,1.6707,1.3510
76,2011-11-11,46,18-44,136.7143,138.3877,117.9721,162.0003,0.8982,0.7722,1.0458,0.8765
76,2011-11-11,46,45-64,127.2857,125.3830,106.5488,146.9291,0.9537,0.8145,1.1148,0.9294
76,2011-11-11,46,65+,56.0000,55.1914,46.4191,65.3250,0.9904,0.8469,1.1600,0.9764
77,2011-11-12,46,0-5,38.5714,37.6256,31.6915,44.8105,1.2754,1.0829,1.5054,1.3002
77,2011-11-12,46,6-11,34.2857,33.6223,28.3939,40.2709,1.4603,1.2565,1.6927,1.4735
77,2011-11-12,46,12-17,28.7143,28.6371,23.6425,34.9510,1.4551,1.2541,1.6902,1.4046
77,2011-11-12,46,18-44,142.2857,139.7008,118.9524,163.9406,0.8983,0.7743,1.0437,0.8920
77,2011-11-12,46,45-64,128.1429,125.4995,106.9306,147.0967,0.9543,0.8193,1.1114,0.9456
77,2011-11-12,46,65+,56.2857,54.9920,46.4955,64.9796,0.9916,0.8499,1.1577,0.9879
78,2011-11-13,47,0-5,38.0000,37.2179,31.3136,44.4783,1.2656,1.0705,1.4984,1.2845
78,2011-11-13,47,6-11,33.8571,33.4048,27.8833,39.9836,1.4474,1.2460,1.6848,1.4572
78,2011-11-13,47,12-17,29.0000,29.1323,23.9503,35.3670,1.4644,1.2610,1.6967,1.4090
78,2011-11-13,47,18-44,143.0000,141.4037,120.3255,165.3966,0.8918,0.7687,1.0399,0.8888
78,2011-11-13,47,45-64,129.5714,125.8206,107.6380,147.9734,0.9475,0.8144,1.1028,0.9446
78,2011-11-13,47,65+,56.1429,55.0559,46.6671,65.0128,0.9852,0.8431,1.1475,0.9841
79,2011-11-14,47,0-5,37.1429,36.9201,30.9091,44.1903,1.2469,1.0582,1.4741,1.2940
79,2011-11-14,47,6-11,34.1429,33.1081,27.4556,39.5364,1.4268,1.2326,1.6586,1.4896
79,2011-11-14,47,12-17,32.1429,29.9054,24.8543,36.4714,1.4546,1.2491,1.6957,1.4867
79,2011-11-14,47,18-44,151.1429,143.3184,122.7020,167.6043,0.8773,0.7587,1.0220,0.9150
79,2011-11-14,47,45-64,131.7143,126.3031,107.6719,148.2124,0.9314,0.8018,1.0873,0.9723
79,2011-11-14,47,65+,59.4286,55.4218,46.6695,65.5545,0.9719,0.8329,1.1374,1.0173
80,2011-11-15,47,0-5,36.5714,36.6717,30.6500,43.9062,1.2282,1.0422,1.4481,1.2662
80,2011-11-15,47,6-11,34.8571,32.8433,27.2497,39.3599,1.4113,1.2158,1.6379,1.4767
80,2011-11-15,47,12-17,32.8571,30.9917,25.6484,37.6096,1.4432,1.2367,1.6821,1.4684
80,2011-11-15,47,18-44,149.2857,145.0103,123.7928,169.5861,0.8628,0.7421,1.0044,0.8952
80,2011-11-15,47,45-64,130.8571,126.9805,108.8477,147.2250,0.9157,0.7838,1.0670,0.9504
80,2011-11-15,47,65+,58.4286,56.0654,47.1231,66.2164,0.9583,0.8197,1.1214,0.9912
81,2011-11-16,47,0-5,37.5714,36.3333,30.4067,43.6275,1.2111,1.0244,1.4221,1.2760
81,2011-11-16,47,6-11,32.1429,32.7071,27.0743,39.2677,1.4015,1.2078,1.6275,1.4234
81,2011-11-16,47,12-17,33.2857,32.1457,26.8238,38.9733,1.4340,1.2288,1.6630,1.4469
81,2011-11-16,47,18-44,152.4286,145.9729,125.5169,170.5356,0.8513,0.7314,0.9886,0.8858
81,2011-11-16,47,45-64,128.5714,127.0520,108.2845,147.8321,0.9028,0.7736,1.0555,0.9338
81,2011-11-16,47,65+,57.5714,56.5148,47.5936,67.1157,0.9490,0.8093,1.1089,0.9701
82,2011-11-17,47,0-5,35.7143,36.0864,30.0995,43.4127,1.1991,1.0175,1.4117,1.2323
82,2011-11-17,47,6-11,30.0000,32.6891,27.2110,39.2713,1.4033,1.2108,1.6323,1.3719
82,2011-11-17,47,12-17,33.7143,33.3338,27.8695,40.2753,1.4308,1.2277,1.6611,1.4275
82,2011-11-17,47,18-44,151.2857,146.6626,126.3772,171.8095,0.8442,0.7270,0.9791,0.8680
82,2011-11-17,47,45-64,127.8571,127.3326,108.6388,148.5971,0.8954,0.7685,1.0423,0.9191
82,2011-11-17,47,65+,57.5714,57.3422,48.3057,67.7103,0.9443,0.8096,1.1042,0.9567
83,2011-11-18,47,0-5,36.1429,35.9662,30.0534,43.0413,1.1960,1.0106,1.4100,1.2121
83,2011-11-18,47,6-11,31.1429,32.8738,27.3785,39.8310,1.4118,1.2171,1.6438,1.3629
83,2011-11-18,47,12-17,34.4286,34.6226,28.8168,41.7469,1.4314,1.2313,1.6659,1.4008
83,2011-11-18,47,18-44,143.7143,147.0195,126.2189,172.5007,0.8432,0.7287,0.9826,0.8380
83,2011-11-18,47,45-64,124.8571,127.4317,109.5020,149.7595,0.8957,0.7696,1.0452,0.8850
83,2011-11-18,47,65+,54.1429,58.2593,48.9807,68.7384,0.9515,0.8132,1.1114,0.9135
84,2011-11-19,47,0-5,36.1429,35.7053,29.9011,42.6780,1.1987,1.0172,1.4141,1.2243
84,2011-11-19,47,6-11,34.0000,33.3111,27.6527,40.4391,1.4296,1.2316,1.6640,1.4257
84,2011-11-19,47,12-17,35.0000,35.7546,29.7798,42.8952,1.4416,1.2404,1.6806,1.4174
84,2011-11-19,47,18-44,143.2857,147.1645,126.5853,172.3830,0.8497,0.7347,0.9883,0.8501
84,2011-11-19,47,45-64,126.5714,127.3651,109.2401,149.7301,0.9028,0.7777,1.0530,0.8993
84,2011-11-19,47,65+,56.1429,59.4273,49.9697,70.2291,0.9666,0.8272,1.1295,0.9366
85,2011-11-20,48,0-5,34.5714,35.3698,29.5504,42.1479,1.2047,1.0227,1.4220,1.2082
85,2011-11-20,48,6-11,33.7143,33.8469,28.2513,41.0538,1.4515,1.2533,1.6873,1.4247
85,2011-11-20,48,12-17,35.4286,36.8853,30.8675,44.1565,1.4565,1.2517,1.6960,1.4167
85,2011-11-20,48,18-44,144.7143,147.0895,127.4351,172.2381,0.8603,0.7431,0.9972,0.8510
85,2011-11-20,48,45-64,123.4286,127.2892,108.9744,149.8481,0.9152,0.7887,1.0633,0.9011
85,2011-11-20,48,65+,59.5714,60.6155,51.1401,71.9563,0.9866,0.8460,1.1516,0.9567
86,2011-11-21,48,0-5,35.4286,34.8837,29.1118,41.7956,1.2116,1.0297,1.4317,1.2125
86,2011-11-21,48,6-11,33.7143,34.4086,28.6872,41.7809,1.4730,1.2681,1.7138,1.4149
86,2011-11-21,48,12-17,38.1429,37.8145,31.6179,45.1344,1.4652,1.2605,1.7018,1.4506
86,2011-11-21,48,18-44,139.5714,147.3230,126.6073,172.7979,0.8703,0.7533,1.0101,0.8447
86,2011-11-21,48,45-64,124.2857,127.1004,108.8249,150.1475,0.9269,0.8004,1.0753,0.8998
86,2011-11-21,48,65+,60.0000,62.3267,52.4760,73.7840,1.0043,0.8599,1.1764,0.9574
87,2011-11-22,48,0-5,35.1429,34.5323,28.6325,41.4945,1.2231,1.0434,1.4382,1.2316
87,2011-11-22,48,6-11,33.7143,35.0760,29.3602,42.5888,1.4974,1.2894,1.7370,1.4362
87,2011-11-22,48,12-17,38.5714,38.6084,32.0941,46.2467,1.4682,1.2636,1.7054,1.4690
87,2011-11-22,48,18-44,144.4286,147.9960,126.3358,173.4397,0.8803,0.7615,1.0206,0.8661
87,2011-11-22,48,45-64,126.5714,127.0603,108.9030,148.9448,0.9366,0.8083,1.0877,0.9230
87,2011-11-22,48,65+,62.8571,64.0157,53.8595,75.3301,1.0168,0.8725,1.1915,0.9883
88,2011-11-23,48,0-5,35.0000,34.0364,28.2086,41.2792,1.2378,1.0530,1.4510,1.2477
88,2011-11-23,48,6-11,35.8571,35.8243,30.0023,43.3556,1.5182,1.3086,1.7633,1.4860
88,2011-11-23,48,12-17,41.0000,39.1783,32.5467,46.8490,1.4640,1.2604,1.7028,1.5066
88,2011-11-23,48,18-44,148.7143,149.2721,127.4141,174.1453,0.8887,0.7677,1.0283,0.8807
88,2011-11-23,48,45-64,125.5714,127.5885,109.3279,149.1840,0.9453,0.8135,1.0962,0.9335
88,2011-11-23,48,65+,65.1429,65.7657,55.4396,77.7815,1.0295,0.8793,1.2046,1.0040
89,2011-11-24,48,0-5,33.8571,33.7963,28.0480,40.8891,1.2473,1.0627,1.4660,1.2389
89,2011-11-24,48,6-11,38.0000,36.8001,30.6867,44.0836,1.5295,1.3170,1.7719,1.5181
89,2011-11-24,48,12-17,40.1429,39.5357,32.7434,47.2983,1.4554,1.2523,1.6863,1.4860
89,2011-11-24,48,18-44,152.2857,150.6038,129.3664,175.3814,0.8920,0.7705,1.0322,0.8863
89,2011-11-24,48,45-64,127.5714,128.3746,109.7696,150.2328,0.9474,0.8146,1.0953,0.9367
89,2011-11-24,48,65+,65.0000,67.5867,57.1563,79.7891,1.0319,0.8815,1.2043,1.0018
90,2011-11-25,48,0-5,31.8571,33.7002,27.8724,40.8527,1.2555,1.0667,1.4816,1.2236
90,2011-11-25,48,6-11,39.0000,37.8463,31.5688,45.4539,1.5282,1.3151,1.7712,1.5425
90,2011-11-25,48,12-17,41.8571,39.5872,32.7754,47.3422,1.4389,1.2365,1.6718,1.5244
90,2011-11-25,48,18-44,156.0000,152.6251,130.5212,178.3252,0.8871,0.7659,1.0281,0.9066
90,2011-11-25,48,45-64,132.0000,129.6202,110.2508,151.6952,0.9400,0.8097,1.0958,0.9718
90,2011-11-25,48,65+,75.2857,69.2474,58.7107,81.3087,1.0198,0.8735,1.1919,1.0750
91,2011-11-26,48,0-5,32.0000,33.9137,27.9577,40.8759,1.2667,1.0764,1.4929,1.2079
91,2011-11-26,48,6-11,38.4286,39.0808,32.6248,46.9613,1.5301,1.3176,1.7790,1.4954
91,2011-11-26,48,12-17,40.4286,39.4710,32.7331,47.1878,1.4231,1.2259,1.6551,1.4667
91,2011-11-26,48,18-44,154.0000,154.0882,131.2718,179.8480,0.8824,0.7625,1.0219,0.8840
91,2011-11-26,48,45-64,131.7143,131.3665,111.9366,154.1807,0.9320,0.8030,1.0833,0.9470
91,2011-11-26,48,65+,75.2857,70.4788,60.0653,82.8671,1.0055,0.8611,1.1718,1.0480
92,2011-11-27,49,0-5,33.2857,34.4959,28.6880,41.8035,1.2766,1.0850,1.5055,1.2255
92,2011-11-27,49,6-11,40.2857,40.4774,33.8043,48.3356,1.5298,1.3152,1.7753,1.5091
92,2011-11-27,49,12-17,41.0000,39.4003,32.8292,47.1672,1.4137,1.2166,1.6343,1.4654
92,2011-11-27,49,18-44,154.0000,155.7687,133.0388,181.8636,0.8756,0.7582,1.0144,0.8823
92,2011-11-27,49,45-64,135.4286,133.4889,114.2039,157.5418,0.9225,0.7948,1.0720,0.9426
92,2011-11-27,49,65+,73.8571,71.3401,61.2528,83.6547,0.9886,0.8445,1.1571,1.0292
93,2011-11-28,49,0-5,36.1429,35.4436,29.7695,42.5348,1.2769,1.0835,1.5037,1.2811
93,2011-11-28,49,6-11,41.7143,41.8026,34.8971,50.0625,1.5215,1.3097,1.7656,1.5272
93,2011-11-28,49,12-17,38.0000,39.3450,32.9046,47.0534,1.4056,1.2117,1.6286,1.4125
93,2011-11-28,49,18-44,160.4286,156.7377,133.9161,183.3636,0.8656,0.7506,1.0006,0.8887
93,2011-11-28,49,45-64,134.8571,135.9434,116.0681,159.8535,0.9108,0.7865,1.0595,0.9334
93,2011-11-28,49,65+,71.8571,71.7354,61.3919,84.3079,0.9710,0.8328,1.1330,1.0070
94,2011-11-29,49,0-5,36.7143,36.6648,30.8506,43.7048,1.2711,1.0803,1.4992,1.2792
94,2011-11-29,49,6-11,42.4286,43.2493,36.2925,51.7067,1.5079,1.2985,1.7604,1.5217
94,2011-11-29,49,12-17,37.5714,39.3219,32.9485,47.1382,1.3995,1.2051,1.6238,1.4056
94,2011-11-29,49,18-44,161.1429,157.5106,135.5212,184.5364,0.8557,0.7412,0.9931,0.8869
94,2011-11-29,49,45-64,137.8571,138.2203,118.1840,162.2291,0.9014,0.7763,1.0489,0.9338
94,2011-11-29,49,65+,72.4286,71.7558,61.3487,84.3764,0.9579,0.8217,1.1172,1.0058
95,2011-11-30,49,0-5,38.0000,37.9721,31.7492,45.4902,1.2689,1.0785,1.4942,1.2814
95,2011-11-30,49,6-11,44.5714,44.7380,37.6347,53.3738,1.4946,1.2893,1.7492,1.5337
95,2011-11-30,49,12-17,36.5714,39.4913,32.9065,47.4249,1.3959,1.2034,1.6227,1.3953
95,2011-11-30,49,18-44,158.8571,157.7578,135.5593,185.2032,0.8477,0.7369,0.9846,0.8849
95,2011-11-30,49,45-64,142.8571,139.8306,120.3025,164.0502,0.8944,0.7724,1.0390,0.9376
95,2011-11-30,49,65+,73.8571,71.2182,60.6935,84.2770,0.9483,0.8136,1.1025,1.0128
96,2011-12-01,49,0-5,40.8571,39.4061,32.9757,47.2373,1.2622,1.0681,1.4920,1.3028
96,2011-12-01,49,6-11,46.4286,46.0321,38.6453,54.6822,1.4811,1.2730,1.7267,1.5385
96,2011-12-01,49,12-17,39.5714,39.7993,33.1807,47.8943,1.3958,1.2038,1.6234,1.4264
96,2011-12-01,49,18-44,157.2857,157.5138,135.6994,184.8018,0.8436,0.7283,0.9745,0.8764
96,2011-12-01,49,45-64,140.4286,141.7837,121.6643,166.0596,0.8906,0.7645,1.0347,0.9245
96,2011-12-01,49,65+,74.2857,70.7182,60.4077,83.8887,0.9419,0.8046,1.1020,1.0005
97,2011-12-02,49,0-5,42.2857,40.7413,33.9931,48.8836,1.2540,1.0621,1.4801,1.2910
97,2011-12-02,49,6-11,47.2857,47.1473,39.5029,55.8635,1.4605,1.2542,1.7010,1.5101
97,2011-12-02,49,12-17,38.1429,40.1015,33.7062,48.3487,1.3970,1.2069,1.6207,1.3801
97,2011-12-02,49,18-44,156.0000,157.2273,135.6390,184.7184,0.8380,0.7258,0.9714,0.8530
97,2011-12-02,49,45-64,139.4286,143.4129,123.4769,168.8210,0.8887,0.7650,1.0345,0.8909
97,2011-12-02,49,65+,65.4286,70.4169,59.9112,83.2579,0.9397,0.8060,1.1001,0.9328
98,2011-12-03,49,0-5,42.4286,41.9779,35.0282,50.1834,1.2457,1.0556,1.4711,1.2894
98,2011-12-03,49,6-11,50.0000,47.8580,40.0362,56.6601,1.4386,1.2368,1.6692,1.5480
98,2011-12-03,49,12-17,41.1429,40.6832,34.1216,48.9855,1.3975,1.2014,1.6240,1.4415
98,2011-12-03,49,18-44,159.0000,157.2063,135.5866,184.7584,0.8346,0.7214,0.9683,0.8686
98,2011-12-03,49,45-64,143.5714,144.8205,124.9143,169.6998,0.8892,0.7624,1.0331,0.9123
98,2011-12-03,49,65+,67.0000,70.1179,59.6253,82.7084,0.9423,0.8057,1.0996,0.9550
99,2011-12-04,50,0-5,43.7143,42.9410,36.0465,51.3790,1.2339,1.0393,1.4623,1.2909
99,2011-12-04,50,6-11,51.2857,48.0329,40.1568,56.9355,1.4164,1.2213,1.6458,1.5444
99,2011-12-04,50,12-17,39.8571,41.0667,34.5540,49.0819,1.3948,1.1999,1.6210,1.4168
99,2011-12-04,50,18-44,159.2857,156.7767,134.3552,183.5164,0.8315,0.7186,0.9661,0.8664
99,2011-12-04,50,45-64,145.5714,145.8571,125.2554,170.7553,0.8884,0.7646,1.0349,0.9112
99,2011-12-04,50,65+,66.8571,69.8907,59.5881,82.3070,0.9441,0.8099,1.1043,0.9549
100,2011-12-05,50,0-5,43.5714,43.8541,36.9117,52.1833,1.2307,1.0441,1.4493,1.2646
100,2011-12-05,50,6-11,50.1429,47.9350,40.0082,56.6613,1.3996,1.2080,1.6290,1.5077
100,2011-12-05,50,12-17,41.7143,41.5511,34.9353,49.7177,1.3904,1.1938,1.6130,1.4420
100,2011-12-05,50,18-44,155.4286,156.6342,133.9804,183.3968,0.8328,0.7199,0.9649,0.8628
100,2011-12-05,50,45-64,150.2857,147.3299,126.7058,172.1835,0.8913,0.7647,1.0391,0.9244
100,2011-12-05,50,65+,72.7143,69.7846,59.4675,81.9884,0.9455,0.8105,1.1039,0.9911
101,2011-12-06,50,0-5,45.0000,44.4396,37.3520,52.7467,1.2308,1.0437,1.4525,1.2611
101,2011-12-06,50,6-11,49.0000,47.4007,39.6439,55.9201,1.3908,1.1990,1.6148,1.4677
101,2011-12-06,50,12-17,43.7143,41.8343,34.9698,50.1932,1.3829,1.1916,1.6066,1.4407
101,2011-12-06,50,18-44,154.8571,156.7851,133.8905,185.2723,0.8345,0.7209,0.9681,0.8457
101,2011-12-06,50,45-64,146.4286,148.6626,127.3987,173.4495,0.8935,0.7688,1.0446,0.9009
101,2011-12-06,50,65+,70.1429,69.9812,59.6012,82.5049,0.9471,0.8126,1.1063,0.9588
102,2011-12-07,50,0-5,44.8571,45.0246,37.6915,53.3376,1.2339,1.0520,1.4560,1.2504
102,2011-12-07,50,6-11,47.7143,46.6745,39.2422,55.3690,1.3920,1.2023,1.6130,1.4470
102,2011-12-07,50,12-17,45.0000,41.9529,35.0456,49.9595,1.3784,1.1877,1.5982,1.4531
102,2011-12-07,50,18-44,156.2857,157.5674,134.5886,186.3615,0.8388,0.7249,0.9699,0.8467
102,2011-12-07,50,45-64,149.4286,149.9961,129.0482,175.5449,0.8982,0.7715,1.0452,0.9054
102,2011-12-07,50,65+,69.8571,70.0892,59.5653,83.0059,0.9495,0.8136,1.1068,0.9586
103,2011-12-08,50,0-5,45.8571,45.3964,37.7988,53.8926,1.2441,1.0579,1.4693,1.2505
103,2011-12-08,50,6-11,44.8571,45.8560,38.5564,54.6624,1.4055,1.2106,1.6318,1.4022
103,2011-12-08,50,12-17,43.0000,41.9345,35.0644,49.6906,1.3773,1.1883,1.5999,1.4092
103,2011-12-08,50,18-44,156.1429,159.1644,136.0619,187.1479,0.8454,0.7296,0.9780,0.8393
103,2011-12-08,50,45-64,150.7143,151.6974,130.8224,177.7397,0.9020,0.7758,1.0500,0.8985
103,2011-12-08,50,65+,69.4286,70.1297,59.5322,83.5426,0.9519,0.8158,1.1100,0.9512
104,2011-12-09,50,0-5,46.1429,45.7805,38.6028,54.2462,1.2592,1.0696,1.4744,1.2662
104,2011-12-09,50,6-11,43.2857,45.1664,38.0284,54.0592,1.4327,1.2326,1.6611,1.4052
104,2011-12-09,50,12-17,41.0000,41.6631,34.9448,49.8467,1.3828,1.1889,1.6043,1.3952
104,2011-12-09,50,18-44,162.2857,161.2578,137.9121,188.5198,0.8531,0.7348,0.9873,0.8570
104,2011-12-09,50,45-64,154.2857,153.3380,132.1537,179.3242,0.9066,0.7771,1.0556,0.9186
104,2011-12-09,50,65+,72.8571,70.2454,59.7730,83.7498,0.9538,0.8158,1.1117,0.9810
105,2011-12-10,50,0-5,46.5714,46.1106,39.2193,54.5811,1.2792,1.0842,1.5109,1.2598
105,2011-12-10,50,6-11,42.4286,45.0188,37.5737,53.9454,1.4682,1.2660,1.7056,1.3930
105,2011-12-10,50,12-17,39.8571,41.3831,34.7948,49.5388,1.3895,1.1982,1.6084,1.3772
105,2011-12-10,50,18-44,161.0000,162.8847,138.8324,191.0922,0.8600,0.7431,0.9937,0.8517
105,2011-12-10,50,45-64,157.2857,154.8952,132.7630,180.4425,0.9079,0.7803,1.0542,0.9144
105,2011-12-10,50,65+,70.8571,70.2467,59.6270,83.7660,0.9513,0.8169,1.1104,0.9675
106,2011-12-11,51,0-5,47.2857,46.7500,39.6220,55.1068,1.3033,1.1084,1.5380,1.2786
106,2011-12-11,51,6-11,43.2857,45.4163,37.7966,54.1984,1.5068,1.2977,1.7457,1.4292
106,2011-12-11,51,12-17,42.4286,41.2235,34.7033,48.9698,1.3950,1.2023,1.6182,1.4296
106,2011-12-11,51,18-44,165.7143,165.3859,141.1062,193.5719,0.8654,0.7477,1.0013,0.8686
106,2011-12-11,51,45-64,160.1429,155.5820,133.3538,181.6129,0.9084,0.7807,1.0553,0.9304
106,2011-12-11,51,65+,71.1429,70.2243,59.5528,83.3033,0.9528,0.8168,1.1118,0.9775
107,2011-12-12,51,0-5,45.1429,47.5936,40.1294,56.4232,1.3376,1.1358,1.5768,1.2424
107,2011-12-12,51,6-11,44.2857,46.5082,38.7564,55.5012,1.5535,1.3397,1.8033,1.4335
107,2011-12-12,51,12-17,40.4286,41.1609,34.6333,49.0828,1.4056,1.2114,1.6289,1.3878
107,2011-12-12,51,18-44,167.5714,167.9389,143.2919,195.9450,0.8738,0.7568,1.0131,0.8555
107,2011-12-12,51,45-64,157.2857,155.6602,133.2410,182.6286,0.9100,0.7825,1.0586,0.9103
107,2011-12-12,51,65+,68.0000,70.1948,59.6406,82.8867,0.9571,0.8199,1.1179,0.9473
108,2011-12-13,51,0-5,47.7143,48.9351,41.3515,58.4179,1.3810,1.1744,1.6252,1.2783
108,2011-12-13,51,6-11,47.8571,48.2841,40.3697,57.5473,1.6021,1.3803,1.8644,1.4887
108,2011-12-13,51,12-17,40.2857,41.2410,34.7970,49.3468,1.4221,1.2272,1.6467,1.3923
108,2011-12-13,51,18-44,167.7143,170.2981,145.9347,198.3839,0.8866,0.7680,1.0263,0.8645
108,2011-12-13,51,45-64,158.0000,155.6683,133.6327,182.2072,0.9170,0.7893,1.0663,0.9174
108,2011-12-13,51,65+,71.1429,70.5614,59.6328,82.9748,0.9663,0.8275,1.1276,0.9665
109,2011-12-14,51,0-5,47.8571,50.9336,42.7414,60.9304,1.4288,1.2155,1.6839,1.2748
109,2011-12-14,51,6-11,49.5714,50.8429,42.8183,60.6142,1.6476,1.4190,1.9186,1.5001
109,2011-12-14,51,12-17,39.4286,41.4683,34.9500,49.6326,1.4365,1.2411,1.6658,1.3707
109,2011-12-14,51,18-44,169.8571,172.9101,148.7180,202.2084,0.8973,0.7789,1.0376,0.8581
109,2011-12-14,51,45-64,154.2857,155.2926,132.1156,180.6966,0.9214,0.7941,1.0686,0.9033
109,2011-12-14,51,65+,69.8571,71.1152,60.3185,83.8699,0.9718,0.8351,1.1307,0.9494
110,2011-12-15,51,0-5,49.5714,53.7625,45.0758,64.3697,1.4716,1.2511,1.7439,1.3016
110,2011-12-15,51,6-11,54.0000,53.8311,45.4046,64.1785,1.6971,1.4573,1.9662,1.5579
110,2011-12-15,51,12-17,39.5714,42.0487,35.3154,50.0912,1.4485,1.2544,1.6756,1.3839
110,2011-12-15,51,18-44,173.2857,176.0077,151.8798,206.5821,0.9089,0.7902,1.0472,0.8701
110,2011-12-15,51,45-64,155.2857,154.3042,132.4304,180.3300,0.9275,0.8039,1.0758,0.9108
110,2011-12-15,51,65+,70.0000,71.7428,61.0794,85.2949,0.9803,0.8457,1.1402,0.9550
111,2011-12-16,51,0-5,58.1429,57.4016,48.1223,68.3757,1.5164,1.2891,1.7787,1.4103
111,2011-12-16,51,6-11,59.2857,57.7098,48.8022,68.8719,1.7369,1.4922,2.0258,1.6289
111,2011-12-16,51,12-17,45.1429,42.6695,36.0039,50.8368,1.4541,1.2566,1.6834,1.4646
111,2011-12-16,51,18-44,177.1429,178.9352,154.1007,209.5764,0.9171,0.7980,1.0580,0.8901
111,2011-12-16,51,45-64,152.4286,154.1954,132.0377,180.7095,0.9333,0.8081,1.0806,0.9175
111,2011-12-16,51,65+,70.8571,72.6570,61.5999,85.4152,0.9877,0.8527,1.1469,0.9610
112,2011-12-17,51,0-5,63.0000,62.0315,51.9659,73.6496,1.5432,1.3116,1.8177,1.4574
112,2011-12-17,51,6-11,63.7143,62.4610,52.6365,74.3667,1.7662,1.5184,2.0531,1.6671
112,2011-12-17,51,12-17,45.1429,43.3731,36.6878,51.5286,1.4483,1.2494,1.6774,1.4580
112,2011-12-17,51,18-44,184.8571,182.0471,156.1979,212.9711,0.9178,0.7987,1.0577,0.9014
112,2011-12-17,51,45-64,150.1429,154.3363,131.9665,181.8913,0.9320,0.8054,1.0808,0.9193
112,2011-12-17,51,65+,73.0000,73.7542,62.5009,86.7649,0.9904,0.8514,1.1534,0.9696
113,2011-12-18,52,0-5,68.0000,67.3900,57.0145,79.6901,1.5664,1.3331,1.8450,1.4779
113,2011-12-18,52,6-11,67.8571,68.0051,57.3141,80.7380,1.7866,1.5343,2.0762,1.6792
113,2011-12-18,52,12-17,44.8571,44.0229,37.3174,52.3334,1.4391,1.2425,1.6667,1.4430
113,2011-12-18,52,18-44,186.8571,185.3629,158.8713,216.9326,0.9162,0.7973,1.0538,0.9030
113,2011-12-18,52,45-64,151.7143,155.6172,132.6441,182.4597,0.9282,0.8018,1.0771,0.9232
113,2011-12-18,52,65+,78.2857,75.0658,63.8228,88.5271,0.9861,0.8487,1.1427,0.9926
114,2011-12-19,52,0-5,76.7143,73.7264,62.5790,86.9471,1.5880,1.3455,1.8632,1.5360
114,2011-12-19,52,6-11,72.5714,74.3337,62.7737,88.3435,1.7973,1.5445,2.0893,1.7014
114,2011-12-19,52,12-17,46.0000,44.6987,37.7444,53.4697,1.4268,1.2340,1.6483,1.4524
114,2011-12-19,52,18-44,192.8571,188.7024,161.2893,220.0231,0.9098,0.7936,1.0440,0.9129
114,2011-12-19,52,45-64,155.5714,157.4388,134.6198,185.0426,0.9202,0.7927,1.0651,0.9274
114,2011-12-19,52,65+,77.8571,76.2681,65.0398,90.3242,0.9780,0.8397,1.1355,0.9884
115,2011-12-20,52,0-5,81.4286,81.3873,68.5419,95.7567,1.6149,1.3658,1.9029,1.5390
115,2011-12-20,52,6-11,82.4286,81.6580,68.9755,96.8563,1.8068,1.5516,2.1013,1.7662
115,2011-12-20,52,12-17,46.2857,45.2708,38.0277,54.2137,1.4136,1.2217,1.6333,1.4591
115,2011-12-20,52,18-44,198.4286,192.3546,165.5001,223.9478,0.9020,0.7861,1.0358,0.9224
115,2011-12-20,52,45-64,163.8571,160.5748,138.0940,188.2170,0.9085,0.7846,1.0545,0.9388
115,2011-12-20,52,65+,78.1429,77.7101,66.3418,92.4420,0.9685,0.8296,1.1276,0.9921
116,2011-12-21,52,0-5,91.7143,90.2125,76.4380,106.2353,1.6439,1.3937,1.9333,1.5785
116,2011-12-21,52,6-11,90.7143,89.8194,75.6287,106.9260,1.8127,1.5631,2.1132,1.7906
116,2011-12-21,52,12-17,47.2857,46.0022,38.6385,54.8098,1.4001,1.2118,1.6210,1.4546
116,2011-12-21,52,18-44,201.7143,196.1446,168.4817,227.7273,0.8959,0.7822,1.0267,0.9214
116,2011-12-21,52,45-64,167.5714,164.1121,141.6819,192.5986,0.8982,0.7762,1.0412,0.9346
116,2011-12-21,52,65+,80.0000,79.2616,67.5114,93.9245,0.9582,0.8207,1.1168,0.9899
117,2011-12-22,52,0-5,92.5714,101.1254,85.5741,118.5695,1.6754,1.4168,1.9801,1.4931
117,2011-12-22,52,6-11,92.2857,98.9872,83.5160,118.2107,1.8096,1.5561,2.1232,1.7044
117,2011-12-22,52,12-17,46.7143,46.8108,39.2194,55.6094,1.3872,1.1992,1.6086,1.3992
117,2011-12-22,52,18-44,199.5714,200.1930,171.7862,233.3935,0.8872,0.7747,1.0200,0.8808
117,2011-12-22,52,45-64,167.0000,168.4854,144.8573,196.6032,0.8839,0.7643,1.0293,0.8990
117,2011-12-22,52,65+,79.7143,80.9866,68.5235,95.6912,0.9421,0.8099,1.0985,0.9549
118,2011-12-23,52,0-5,109.5714,113.9631,96.8160,134.1565,1.7041,1.4403,2.0138,1.5880
118,2011-12-23,52,6-11,110.5714,108.4846,92.1314,128.8596,1.8084,1.5506,2.1078,1.8179
118,2011-12-23,52,12-17,46.1429,47.8464,40.2396,56.6971,1.3812,1.1966,1.5974,1.3965
118,2011-12-23,52,18-44,199.2857,204.5734,175.7280,238.8077,0.8821,0.7718,1.0106,0.8965
118,2011-12-23,52,45-64,177.1429,172.5825,148.5223,201.8367,0.8743,0.7566,1.0136,0.9114
118,2011-12-23,52,65+,82.4286,82.9068,70.3547,97.8196,0.9325,0.8046,1.0847,0.9705
119,2011-12-24,52,0-5,129.7143,128.9505,109.5629,151.2705,1.7226,1.4599,2.0391,1.6789
119,2011-12-24,52,6-11,121.5714,118.6633,101.2215,140.7307,1.7816,1.5329,2.0840,1.8421
119,2011-12-24,52,12-17,46.5714,49.1823,41.3309,58.3920,1.3830,1.1928,1.6058,1.3850
119,2011-12-24,52,18-44,205.2857,210.1773,180.2298,245.4386,0.8764,0.7657,1.0018,0.9011
119,2011-12-24,52,45-64,178.2857,176.1300,151.9597,207.0634,0.8656,0.7474,1.0043,0.9057
119,2011-12-24,52,65+,85.8571,84.7545,72.1937,99.7109,0.9231,0.7936,1.0786,0.9719
120,2011-12-25,53,0-5,148.8571,146.4160,125.2639,171.9773,1.7247,1.4556,2.0402,1.7297
120,2011-12-25,53,6-11,130.7143,128.6060,110.1980,152.9081,1.7524,1.5097,2.0418,1.8417
120,2011-12-25,53,12-17,50.5714,50.8580,42.8584,60.2483,1.3792,1.1902,1.6001,1.4178
120,2011-12-25,53,18-44,216.7143,217.2148,185.3851,254.9050,0.8673,0.7603,0.9914,0.9064
120,2011-12-25,53,45-64,181.4286,179.8160,154.5339,212.8809,0.8574,0.7414,0.9914,0.9044
120,2011-12-25,53,65+,87.1429,86.6098,73.9315,102.6292,0.9159,0.7864,1.0648,0.9650
121,2011-12-26,53,0-5,164.1429,165.9489,142.8559,194.2872,1.7073,1.4400,2.0262,1.7199
121,2011-12-26,53,6-11,141.7143,138.4555,117.8998,164.2451,1.7164,1.4746,1.9939,1.8334
121,2011-12-26,53,12-17,52.4286,53.0204,44.7237,62.8987,1.3754,1.1868,1.6002,1.4137
121,2011-12-26,53,18-44,226.2857,225.3912,192.0552,263.0698,0.8543,0.7498,0.9783,0.8986
121,2011-12-26,53,45-64,185.1429,183.8223,157.5700,217.0389,0.8449,0.7323,0.9806,0.8957
121,2011-12-26,53,65+,89.5714,88.9415,75.9263,105.4581,0.9044,0.7765,1.0523,0.9565
122,2011-12-27,53,0-5,191.5714,186.1556,160.8795,219.1584,1.6864,1.4139,2.0079,1.7705
122,2011-12-27,53,6-11,149.7143,147.3931,125.0727,173.5908,1.6778,1.4433,1.9467,1.8062
122,2011-12-27,53,12-17,53.7143,55.4008,46.5991,66.0583,1.3687,1.1804,1.5839,1.3937
122,2011-12-27,53,18-44,238.2857,234.7912,201.0373,273.4769,0.8434,0.7396,0.9628,0.8925
122,2011-12-27,53,45-64,187.4286,188.2474,160.6987,221.4711,0.8372,0.7244,0.9676,0.8799
122,2011-12-27,53,65+,89.2857,91.4809,78.1755,108.3111,0.8971,0.7722,1.0409,0.9333
123,2011-12-28,53,0-5,214.4286,207.7700,179.0941,243.3558,1.6592,1.3906,1.9705,1.7588
123,2011-12-28,53,6-11,157.2857,155.5541,132.9343,182.1120,1.6406,1.4155,1.9145,1.7671
123,2011-12-28,53,12-17,57.8571,58.1354,48.8814,69.0795,1.3600,1.1750,1.5735,1.4013
123,2011-12-28,53,18-44,244.0000,245.3633,210.6253,286.2587,0.8353,0.7319,0.9534,0.8769
123,2011-12-28,53,45-64,192.4286,193.2994,164.4132,227.0945,0.8333,0.7202,0.9599,0.8669
123,2011-12-28,53,65+,91.7143,94.5286,80.3355,110.7095,0.8924,0.7669,1.0353,0.9209
124,2011-12-29,53,0-5,230.8571,229.3290,198.1789,270.0314,1.6303,1.3747,1.9442,1.7022
124,2011-12-29,53,6-11,163.1429,162.8912,139.2918,190.2988,1.6069,1.3880,1.8679,1.7136
124,2011-12-29,53,12-17,59.4286,60.8025,51.3312,72.4972,1.3416,1.1554,1.5598,1.3721
124,2011-12-29,53,18-44,248.8571,257.8126,221.6683,300.2374,0.8262,0.7237,0.9431,0.8520
124,2011-12-29,53,45-64,195.1429,200.0282,169.8717,233.9108,0.8268,0.7141,0.9553,0.8474
124,2011-12-29,53,65+,96.4286,97.8321,83.0372,114.6224,0.8842,0.7603,1.0270,0.9110
125,2011-12-30,53,0-5,262.7143,250.5772,217.8648,295.0213,1.6059,1.3474,1.8964,1.7535
125,2011-12-30,53,6-11,173.2857,169.0387,144.8298,196.5731,1.5773,1.3626,1.8411,1.7367
125,2011-12-30,53,12-17,65.7143,63.3849,53.7078,75.1484,1.3175,1.1374,1.5281,1.4231
125,2011-12-30,53,18-44,272.1429,271.3502,233.4065,316.1913,0.8172,0.7153,0.9358,0.8721
125,2011-12-30,53,45-64,203.0000,207.1815,177.2973,241.6812,0.8203,0.7090,0.9509,0.8643
125,2011-12-30,53,65+,102.8571,101.3861,86.1218,119.2152,0.8761,0.7559,1.0180,0.9307
126,2011-12-31,53,0-5,276.5714,271.5576,234.9948,319.2044,1.5850,1.3417,1.8873,1.6961
126,2011-12-31,53,6-11,177.8571,174.2276,149.2439,202.9969,1.5553,1.3390,1.8097,1.6998
126,2011-12-31,53,12-17,68.8571,65.4583,55.5402,77.9665,1.2928,1.1150,1.4983,1.4240
126,2011-12-31,53,18-44,286.7143,285.0467,245.8730,331.5364,0.8096,0.7101,0.9270,0.8649
126,2011-12-31,53,45-64,216.5714,215.6920,184.3412,251.5412,0.8143,0.7040,0.9434,0.8667
126,2011-12-31,53,65+,106.7143,104.8334,89.3231,123.3715,0.8679,0.7442,1.0083,0.9302
127,2012-01-01,1,0-5,294.1429,291.9798,251.6516,343.4405,1.5812,1.3252,1.8789,1.6579
127,2012-01-01,1,6-11,182.5714,179.1072,153.5896,209.0654,1.5490,1.3321,1.7990,1.6608
127,2012-01-01,1,12-17,69.0000,67.0335,56.8293,79.4877,1.2644,1.0939,1.4613,1.3813
127,2012-01-01,1,18-44,301.4286,300.4718,258.1432,349.7983,0.8044,0.7044,0.9176,0.8491
127,2012-01-01,1,45-64,224.0000,225.2812,192.9745,263.2540,0.8067,0.6979,0.9324,0.8506
127,2012-01-01,1,65+,108.0000,108.1876,92.4420,127.0404,0.8568,0.7366,0.9946,0.9086
128,2012-01-02,1,0-5,314.5714,313.2255,271.1658,366.8685,1.5966,1.3390,1.8942,1.6330
128,2012-01-02,1,6-11,180.8571,183.7534,157.2178,215.9042,1.5626,1.3465,1.8109,1.6015
128,2012-01-02,1,12-17,69.7143,68.3313,57.9491,80.3726,1.2426,1.0720,1.4392,1.3501
128,2012-01-02,1,18-44,312.2857,316.4814,271.9283,369.6727,0.8050,0.7050,0.9177,0.8352
128,2012-01-02,1,45-64,233.8571,236.1448,201.6110,275.3234,0.8028,0.6945,0.9278,0.8408
128,2012-01-02,1,65+,112.5714,111.3714,94.9366,130.6846,0.8483,0.7297,0.9850,0.9013
129,2012-01-03,1,0-5,331.4286,337.6079,290.8883,394.9756,1.6268,1.3750,1.9340,1.6168
129,2012-01-03,1,6-11,187.2857,190.1719,162.7686,222.1542,1.5916,1.3712,1.8525,1.6026
129,2012-01-03,1,12-17,72.0000,68.8851,58.2960,81.2052,1.2225,1.0585,1.4131,1.3552
129,2012-01-03,1,18-44,330.5714,333.3287,286.0441,387.9880,0.8080,0.7081,0.9248,0.8394
129,2012-01-03,1,45-64,249.0000,246.4013,210.9099,287.6190,0.7993,0.6917,0.9260,0.8496
129,2012-01-03,1,65+,118.1429,114.2442,97.4580,134.0113,0.8429,0.7249,0.9758,0.9097
130,2012-01-04,1,0-5,351.5714,364.0000,313.2007,424.2320,1.6805,1.4169,1.9951,1.6137
130,2012-01-04,1,6-11,194.7143,198.4729,169.9869,231.9163,1.6330,1.4094,1.8995,1.6057
130,2012-01-04,1,12-17,70.0000,68.8615,58.5215,81.3043,1.2133,1.0512,1.4025,1.3228
130,2012-01-04,1,18-44,351.1429,350.4109,300.4763,406.7800,0.8158,0.7153,0.9335,0.8407
130,2012-01-04,1,45-64,263.0000,256.5899,221.3450,300.6211,0.8001,0.6914,0.9240,0.8494
130,2012-01-04,1,65+,119.8571,117.0493,99.9273,137.6373,0.8415,0.7237,0.9766,0.9020
131,2012-01-05,1,0-5,373.0000,397.0934,339.5914,462.3521,1.7476,1.4666,2.0914,1.5923
131,2012-01-05,1,6-11,198.1429,209.6571,179.4114,244.1321,1.6895,1.4506,1.9699,1.5678
131,2012-01-05,1,12-17,70.0000,68.5204,58.1491,81.2760,1.2123,1.0503,1.4014,1.2799
131,2012-01-05,1,18-44,358.0000,368.0106,315.8604,426.5977,0.8305,0.7256,0.9487,0.8162
131,2012-01-05,1,45-64,264.5714,266.6099,229.3812,310.3431,0.8059,0.6966,0.9307,0.8191
131,2012-01-05,1,65+,118.1429,119.9367,101.5425,141.2047,0.8469,0.7302,0.9829,0.8642
132,2012-01-06,1,0-5,432.4286,438.2650,373.5075,510.7599,1.8118,1.5281,2.1552,1.6992
132,2012-01-06,1,6-11,221.2857,224.9258,192.8136,261.0483,1.7637,1.5098,2.0636,1.6467
132,2012-01-06,1,12-17,66.2857,68.2578,57.6091,80.2542,1.2263,1.0637,1.4123,1.2523
132,2012-01-06,1,18-44,382.2857,385.1324,329.1043,448.3104,0.8468,0.7420,0.9685,0.8366
132,2012-01-06,1,45-64,278.2857,276.3947,238.8383,319.9313,0.8165,0.7039,0.9429,0.8251
132,2012-01-06,1,65+,117.4286,122.9869,104.0380,144.6733,0.8581,0.7387,0.9941,0.8594
133,2012-01-07,1,0-5,490.5714,489.3354,418.6276,570.0856,1.8824,1.5762,2.2401,1.7575
133,2012-01-07,1,6-11,241.4286,245.5041,212.4347,286.7417,1.8393,1.5786,2.1576,1.6817
133,2012-01-07,1,12-17,65.0000,68.2638,57.6025,80.7691,1.2472,1.0857,1.4343,1.2261
133,2012-01-07,1,18-44,401.1429,403.5742,345.4047,473.4437,0.8649,0.7598,0.9895,0.8377
133,2012-01-07,1,45-64,282.2857,287.0288,246.8106,331.3695,0.8294,0.7185,0.9587,0.8153
133,2012-01-07,1,65+,121.2857,126.6215,107.4729,148.3559,0.8753,0.7549,1.0146,0.8524
134,2012-01-08,2,0-5,545.4286,554.4528,474.6530,648.3255,1.9388,1.6275,2.3035,1.7796
134,2012-01-08,2,6-11,268.0000,272.5258,234.6166,318.7276,1.9077,1.6432,2.2265,1.7223
134,2012-01-08,2,12-17,64.4286,68.8239,58.2253,81.9418,1.2695,1.1055,1.4658,1.2135
134,2012-01-08,2,18-44,422.7143,426.3691,363.4211,501.5010,0.8798,0.7742,0.9981,0.8397
134,2012-01-08,2,45-64,293.0000,299.5610,256.3378,345.8523,0.8389,0.7289,0.9698,0.8136
134,2012-01-08,2,65+,126.8571,131.9773,111.7129,154.4279,0.8899,0.7707,1.0300,0.8536
135,2012-01-09,2,0-5,623.5714,635.1209,543.5134,741.8534,1.9811,1.6629,2.3740,1.8300
135,2012-01-09,2,6-11,301.2857,306.6387,263.6070,361.7400,1.9741,1.6846,2.2994,1.7729
135,2012-01-09,2,12-17,66.7143,70.5191,59.5513,84.0464,1.2921,1.1171,1.4904,1.2239
135,2012-01-09,2,18-44,449.1429,452.5521,388.8484,527.9829,0.8901,0.7809,1.0145,0.8484
135,2012-01-09,2,45-64,306.7143,312.6625,268.2893,363.5857,0.8467,0.7321,0.9799,0.8173
135,2012-01-09,2,65+,133.8571,139.0544,117.4441,163.0331,0.9004,0.7773,1.0426,0.8595
136,2012-01-10,2,0-5,736.4286,732.5442,628.6479,860.9544,2.0151,1.6982,2.3956,1.9312
136,2012-01-10,2,6-11,354.4286,352.2376,300.7141,414.4521,2.0250,1.7499,2.3660,1.8846
136,2012-01-10,2,12-17,72.7143,73.4595,62.1595,87.0359,1.3084,1.1336,1.5104,1.2798
136,2012-01-10,2,18-44,493.8571,482.4568,414.2070,563.9816,0.8951,0.7903,1.0155,0.8837
136,2012-01-10,2,45-64,333.2857,328.7709,282.8080,383.2733,0.8478,0.7370,0.9777,0.8490
136,2012-01-10,2,65+,150.1429,147.7186,125.3006,172.5159,0.9022,0.7785,1.0420,0.9004
137,2012-01-11,2,0-5,847.1429,850.0179,729.6967,998.9458,2.0427,1.7180,2.4084,1.9573
137,2012-01-11,2,6-11,413.8571,409.4330,350.5928,482.0120,2.0733,1.7735,2.4046,1.9394
137,2012-01-11,2,12-17,77.0000,77.8690,66.2002,92.3976,1.3233,1.1548,1.5249,1.2819
137,2012-01-11,2,18-44,530.8571,521.1393,446.8011,612.1870,0.8998,0.7941,1.0213,0.8847
137,2012-01-11,2,45-64,350.5714,349.0223,301.7196,409.9945,0.8492,0.7380,0.9814,0.8461
137,2012-01-11,2,65+,165.2857,158.6738,134.2730,184.4947,0.8988,0.7773,1.0434,0.9072
138,2012-01-12,2,0-5,934.2857,988.7786,851.7274,1162.8827,2.0452,1.7125,2.4302,1.8837
138,2012-01-12,2,6-11,454.5714,480.1398,410.5871,562.1372,2.0899,1.7992,2.4357,1.8700
138,2012-01-12,2,12-17,79.4286,83.8776,70.9890,99.2713,1.3297,1.1583,1.5308,1.2258
138,2012-01-12,2,18-44,548.1429,568.8980,488.0396,669.4100,0.8962,0.7931,1.0151,0.8401
138,2012-01-12,2,45-64,358.0000,375.1199,323.7089,442.0916,0.8424,0.7332,0.9688,0.8001
138,2012-01-12,2,65+,167.7143,170.4620,144.7158,198.8618,0.8864,0.7694,1.0227,0.8558
139,2012-01-13,2,0-5,1173.4286,1155.0673,990.5687,1348.7728,2.0018,1.6751,2.3878,2.0558
139,2012-01-13,2,6-11,572.1429,565.5803,482.6214,668.6597,2.0665,1.7700,2.4152,2.0428
139,2012-01-13,2,12-17,89.4286,91.7307,77.4161,108.9629,1.3185,1.1456,1.5159,1.2916
139,2012-01-13,2,18-44,614.4286,629.2757,540.4061,736.9844,0.8781,0.7781,0.9924,0.8887
139,2012-01-13,2,45-64,403.0000,407.9971,350.6197,479.7819,0.8251,0.7172,0.9468,0.8390
139,2012-01-13,2,65+,191.2857,184.3572,156.7601,215.7544,0.8630,0.7490,0.9942,0.9015
140,2012-01-14,2,0-5,1340.0000,1337.2056,1151.9914,1572.0370,1.9419,1.6255,2.3067,2.0423
140,2012-01-14,2,6-11,667.7143,666.6563,572.1034,777.4539,1.9989,1.7070,2.3328,2.0641
140,2012-01-14,2,12-17,101.8571,101.2111,85.6576,120.3899,1.2764,1.1122,1.4626,1.3232
140,2012-01-14,2,18-44,692.0000,700.5946,599.2858,820.1318,0.8458,0.7505,0.9541,0.8912
140,2012-01-14,2,45-64,447.7143,444.7076,381.8608,519.3526,0.7927,0.6912,0.9059,0.8421
140,2012-01-14,2,65+,200.4286,198.6203,168.8386,232.7757,0.8267,0.7173,0.9474,0.8900
141,2012-01-15,3,0-5,1522.7143,1536.1152,1322.2372,1790.2581,1.8313,1.5255,2.1870,2.0154
141,2012-01-15,3,6-11,762.8571,775.5640,670.2536,907.5301,1.8872,1.6060,2.2123,2.0458
141,2012-01-15,3,12-17,116.8571,112.1952,95.7363,132.6369,1.2052,1.0503,1.3845,1.3403
141,2012-01-15,3,18-44,794.0000,778.0225,668.6615,905.9655,0.7957,0.7038,0.8999,0.8864
141,2012-01-15,3,45-64,488.4286,485.3480,417.3169,563.6706,0.7447,0.6483,0.8566,0.8359
141,2012-01-15,3,65+,214.2857,214.0085,182.6383,250.3408,0.7765,0.6746,0.8970,0.8750
142,2012-01-16,3,0-5,1736.2857,1731.9921,1500.8733,2026.9054,1.6932,1.4213,2.0251,2.0023
142,2012-01-16,3,6-11,896.1429,885.5222,768.9932,1030.8327,1.7315,1.4572,2.0422,2.0664
142,2012-01-16,3,12-17,132.0000,123.7151,105.7311,145.1305,1.1115,0.9629,1.2776,1.3529
142,2012-01-16,3,18-44,905.0000,862.0503,738.6934,1000.3478,0.7317,0.6464,0.8268,0.8889
142,2012-01-16,3,45-64,548.8571,527.8462,450.5166,613.3056,0.6835,0.5942,0.7832,0.8397
142,2012-01-16,3,65+,235.8571,230.5463,196.9280,268.4059,0.7160,0.6222,0.8269,0.8754
143,2012-01-17,3,0-5,1981.8571,1915.5020,1658.9004,2232.5609,1.5476,1.2904,1.8389,1.9809
143,2012-01-17,3,6-11,1037.4286,987.3773,856.3294,1139.9618,1.5688,1.3281,1.8424,2.0512
143,2012-01-17,3,12-17,145.7143,134.9734,115.8080,157.5111,1.0169,0.8803,1.1751,1.3307
143,2012-01-17,3,18-44,1002.7143,943.8915,811.3480,1089.5887,0.6664,0.5855,0.7578,0.8752
143,2012-01-17,3,45-64,607.2857,565.8350,484.6147,661.3460,0.6242,0.5397,0.7223,0.8266
143,2012-01-17,3,65+,261.0000,246.5436,211.1344,288.7968,0.6590,0.5695,0.7631,0.8640
144,2012-01-18,3,0-5,2245.8571,2067.0386,1789.1013,2390.4508,1.4079,1.1724,1.6940,1.9508
144,2012-01-18,3,6-11,1177.8571,1070.5683,929.8607,1232.1458,1.4114,1.2080,1.6606,2.0105
144,2012-01-18,3,12-17,161.2857,144.6376,124.3470,168.2666,0.9356,0.8133,1.0775,1.3035
144,2012-01-18,3,18-44,1112.4286,1011.1543,874.0090,1182.4009,0.6085,0.5368,0.6911,0.8562
144,2012-01-18,3,45-64,667.2857,600.5042,510.6838,699.3289,0.5725,0.4985,0.6609,0.8069
144,2012-01-18,3,65+,282.2857,262.9486,224.2008,309.8305,0.6096,0.5267,0.7065,0.8408
145,2012-01-19,3,0-5,2376.0000,2168.7170,1888.7350,2508.1664,1.3049,1.0871,1.5678,1.8012
145,2012-01-19,3,6-11,1246.8571,1124.6534,976.5080,1299.4907,1.2898,1.0976,1.5124,1.8488
145,2012-01-19,3,12-17,166.5714,153.4988,131.9496,179.6141,0.8835,0.7673,1.0267,1.1971
145,2012-01-19,3,18-44,1149.4286,1071.2494,919.7224,1258.8114,0.5698,0.5014,0.6453,0.7868
145,2012-01-19,3,45-64,685.8571,629.0454,530.9287,732.7123,0.5411,0.4699,0.6214,0.7422
145,2012-01-19,3,65+,299.1429,278.8697,240.1720,329.6997,0.5786,0.5000,0.6684,0.7807
146,2012-01-20,3,0-5,2177.8571,2237.9578,1950.6834,2574.5467,1.2398,1.0395,1.4826,1.4712
146,2012-01-20,3,6-11,1139.0000,1150.8531,997.0110,1318.4005,1.2166,1.0366,1.4390,1.5024
146,2012-01-20,3,12-17,151.7143,162.0720,139.5030,190.7195,0.8743,0.7560,1.0142,0.9772
146,2012-01-20,3,18-44,1043.2857,1127.9551,966.7954,1319.1363,0.5545,0.4890,0.6292,0.6396
146,2012-01-20,3,45-64,606.8571,657.0991,563.1834,765.4159,0.5331,0.4636,0.6149,0.6020
146,2012-01-20,3,65+,271.5714,296.8617,256.0417,348.9590,0.5744,0.4975,0.6655,0.6360
147,2012-01-21,3,0-5,2163.7143,2262.3409,1968.2986,2616.8457,1.2112,1.0063,1.4606,1.3598
147,2012-01-21,3,6-11,1109.1429,1151.3940,1000.7794,1321.3974,1.1816,1.0066,1.3903,1.3684
147,2012-01-21,3,12-17,144.7143,170.7449,147.7543,201.7556,0.8955,0.7737,1.0450,0.8833
147,2012-01-21,3,18-44,1010.1429,1184.7099,1013.4006,1378.9290,0.5593,0.4923,0.6389,0.5824
147,2012-01-21,3,45-64,568.8571,685.8801,587.4285,798.4408,0.5467,0.4759,0.6343,0.5451
147,2012-01-21,3,65+,267.8571,315.3325,271.1503,370.0719,0.5928,0.5132,0.6883,0.5821
148,2012-01-22,4,0-5,2316.2857,2256.6387,1961.9858,2609.5299,1.2086,1.0121,1.4499,1.4280
148,2012-01-22,4,6-11,1171.1429,1127.6172,979.0374,1298.7350,1.1808,1.0102,1.3833,1.4376
148,2012-01-22,4,12-17,164.8571,178.8699,153.9124,212.1224,0.9414,0.8127,1.0929,0.9829
148,2012-01-22,4,18-44,1144.5714,1231.6544,1059.5212,1431.1813,0.5807,0.5100,0.6608,0.6367
148,2012-01-22,4,45-64,667.2857,710.3189,611.7391,826.2853,0.5775,0.4998,0.6661,0.6111
148,2012-01-22,4,65+,318.0000,334.1803,287.4200,391.7147,0.6277,0.5395,0.7282,0.6586
149,2012-01-23,4,0-5,2281.0000,2228.4538,1947.0209,2575.1328,1.2292,1.0294,1.4714,1.3812
149,2012-01-23,4,6-11,1117.8571,1093.3277,944.3500,1259.6642,1.2029,1.0280,1.4006,1.3782
149,2012-01-23,4,12-17,177.4286,186.4577,160.5239,221.3122,0.9965,0.8623,1.1504,1.0030
149,2012-01-23,4,18-44,1208.1429,1274.0266,1096.4779,1491.0982,0.6094,0.5366,0.6943,0.6343
149,2012-01-23,4,45-64,691.8571,734.8418,633.3192,859.5935,0.6143,0.5329,0.7098,0.6164
149,2012-01-23,4,65+,336.8571,351.6580,301.5170,410.6573,0.6701,0.5782,0.7768,0.6664
150,2012-01-24,4,0-5,2163.8571,2196.6996,1919.3074,2542.9854,1.2711,1.0675,1.5199,1.3131
150,2012-01-24,4,6-11,1025.8571,1049.5867,905.8126,1214.5720,1.2468,1.0726,1.4514,1.3057
150,2012-01-24,4,12-17,193.2857,194.8756,167.5190,229.5443,1.0588,0.9185,1.2208,1.0318
150,2012-01-24,4,18-44,1273.8571,1318.3362,1142.8674,1537.8537,0.6477,0.5700,0.7385,0.6323
150,2012-01-24,4,45-64,729.0000,764.3246,660.0098,893.7824,0.6600,0.5736,0.7610,0.6265
150,2012-01-24,4,65+,358.4286,370.6261,318.6203,433.1220,0.7206,0.6233,0.8346,0.6782
151,2012-01-25,4,0-5,1994.8571,2165.7186,1885.2667,2519.4767,1.3241,1.1101,1.5838,1.2290
151,2012-01-25,4,6-11,904.5714,1006.6935,873.0074,1167.1683,1.3079,1.1224,1.5203,1.2126
151,2012-01-25,4,12-17,196.4286,203.7530,174.0158,237.9327,1.1156,0.9685,1.2913,1.0176
151,2012-01-25,4,18-44,1282.7143,1366.1636,1184.1984,1594.0162,0.6852,0.6029,0.7845,0.6168
151,2012-01-25,4,45-64,755.5714,799.9046,688.3875,934.6280,0.7025,0.6118,0.8142,0.6235
151,2012-01-25,4,65+,376.5714,392.2139,335.8476,457.6154,0.7701,0.6663,0.8928,0.6797
152,2012-01-26,4,0-5,1913.5714,2149.1227,1860.7310,2512.3345,1.3770,1.1559,1.6443,1.2031
152,2012-01-26,4,6-11,846.2857,975.6087,844.0157,1129.1496,1.3669,1.1780,1.5921,1.1822
152,2012-01-26,4,12-17,197.2857,212.3950,181.6278,247.2508,1.1579,1.0058,1.3350,1.0021
152,2012-01-26,4,18-44,1294.8571,1416.3872,1222.3442,1642.6217,0.7173,0.6295,0.8182,0.6095
152,2012-01-26,4,45-64,757.7143,845.3045,728.9845,978.8002,0.7385,0.6405,0.8525,0.6155
152,2012-01-26,4,65+,374.0000,416.2388,355.3203,485.6510,0.8129,0.6997,0.9405,0.6673
153,2012-01-27,4,0-5,2200.5714,2142.4906,1854.4885,2502.1109,1.4129,1.1860,1.6834,1.4286
153,2012-01-27,4,6-11,969.5714,955.0367,822.4473,1108.0377,1.4070,1.2131,1.6482,1.4152
153,2012-01-27,4,12-17,233.7143,219.7284,188.0277,256.4387,1.1620,1.0097,1.3452,1.1980
153,2012-01-27,4,18-44,1541.8571,1452.9556,1255.8623,1688.1678,0.7306,0.6422,0.8341,0.7358
153,2012-01-27,4,45-64,948.5714,887.8123,767.4166,1033.1299,0.7494,0.6496,0.8697,0.7492
153,2012-01-27,4,65+,458.8571,439.5577,378.4052,510.8665,0.8299,0.7127,0.9624,0.8119
154,2012-01-28,4,0-5,2245.5714,2155.2971,1860.6730,2503.6144,1.4336,1.2040,1.7071,1.4703
154,2012-01-28,4,6-11,992.7143,945.2053,815.1876,1091.0926,1.4342,1.2361,1.6750,1.4734
154,2012-01-28,4,12-17,255.1429,225.1572,193.4738,264.2080,1.1452,0.9925,1.3189,1.2575
154,2012-01-28,4,18-44,1642.5714,1477.1404,1273.9041,1713.9637,0.7279,0.6392,0.8311,0.7701
154,2012-01-28,4,45-64,1045.8571,924.8457,802.2229,1077.6343,0.7416,0.6419,0.8579,0.7891
154,2012-01-28,4,65+,505.7143,463.0564,399.2739,539.1152,0.8245,0.7094,0.9567,0.8562
155,2012-01-29,5,0-5,2115.7143,2186.5851,1886.5167,2538.8465,1.4469,1.2081,1.7205,1.3634
155,2012-01-29,5,6-11,915.8571,946.9342,818.0264,1099.7164,1.4528,1.2471,1.6990,1.3577
155,2012-01-29,5,12-17,240.4286,229.8923,197.8572,268.8815,1.1198,0.9718,1.2894,1.1434
155,2012-01-29,5,18-44,1571.7143,1497.2288,1290.5926,1733.6576,0.7172,0.6300,0.8154,0.7123
155,2012-01-29,5,45-64,1016.4286,959.9178,835.5603,1113.7546,0.7230,0.6277,0.8336,0.7301
155,2012-01-29,5,65+,509.5714,487.9054,422.1692,567.6426,0.8073,0.6949,0.9373,0.8005
156,2012-01-30,5,0-5,2168.4286,2238.0466,1925.5019,2599.1538,1.4488,1.2183,1.7287,1.3699
156,2012-01-30,5,6-11,939.7143,967.3301,837.8204,1121.9159,1.4750,1.2611,1.7262,1.3644
156,2012-01-30,5,12-17,244.2857,235.1449,201.8628,272.4171,1.1031,0.9554,1.2778,1.1176
156,2012-01-30,5,18-44,1558.8571,1515.7568,1307.6422,1750.1696,0.7062,0.6201,0.8042,0.7012
156,2012-01-30,5,45-64,1025.8571,991.0591,862.3892,1147.5835,0.7051,0.6116,0.8160,0.7141
156,2012-01-30,5,65+,529.1429,512.9115,442.7291,595.8954,0.7888,0.6781,0.9178,0.7880
157,2012-01-31,5,0-5,2282.7143,2302.7361,1979.9635,2671.2847,1.4438,1.2106,1.7185,1.4013
157,2012-01-31,5,6-11,994.1429,1002.6748,869.2847,1161.9038,1.4898,1.2759,1.7473,1.3929
157,2012-01-31,5,12-17,236.8571,241.2075,207.2273,280.9858,1.0953,0.9514,1.2651,1.0769
157,2012-01-31,5,18-44,1525.7143,1528.0947,1319.9242,1762.0846,0.6938,0.6118,0.7886,0.6923
157,2012-01-31,5,45-64,1025.0000,1014.6887,885.2497,1174.5733,0.6877,0.5999,0.7932,0.6979
157,2012-01-31,5,65+,546.7143,537.8826,463.6580,623.7615,0.7693,0.6651,0.8932,0.7772
158,2012-02-01,5,0-5,2395.4286,2374.8960,2047.8451,2749.7261,1.4248,1.1959,1.7004,1.4321
158,2012-02-01,5,6-11,1062.1429,1052.7627,908.2312,1221.8785,1.5069,1.2903,1.7599,1.4332
158,2012-02-01,5,12-17,237.4286,249.1770,213.7465,290.5177,1.1012,0.9537,1.2727,1.0638
158,2012-02-01,5,18-44,1526.2857,1535.2463,1332.0034,1784.2370,0.6821,0.6012,0.7746,0.6912
158,2012-02-01,5,45-64,1027.2857,1033.5324,898.4659,1196.7191,0.6734,0.5858,0.7751,0.6898
158,2012-02-01,5,65+,558.5714,558.8200,480.4438,648.0265,0.7508,0.6465,0.8708,0.7701
159,2012-02-02,5,0-5,2436.8571,2442.7607,2111.1991,2827.4136,1.3990,1.1718,1.6693,1.4199
159,2012-02-02,5,6-11,1092.5714,1115.5052,960.3558,1294.2926,1.5182,1.3010,1.7767,1.4291
159,2012-02-02,5,12-17,242.1429,259.2988,222.2026,303.1380,1.1201,0.9657,1.2900,1.0547
159,2012-02-02,5,18-44,1520.2857,1541.1676,1337.4506,1788.8795,0.6720,0.5925,0.7622,0.6809
159,2012-02-02,5,45-64,1026.0000,1044.9165,907.7868,1212.7940,0.6622,0.5750,0.7656,0.6776
159,2012-02-02,5,65+,563.1429,573.8659,496.8901,666.3432,0.7359,0.6326,0.8563,0.7564
160,2012-02-03,5,0-5,2546.0000,2501.7435,2176.0439,2885.9361,1.3627,1.1528,1.6302,1.4477
160,2012-02-03,5,6-11,1206.5714,1186.5597,1026.1449,1378.0827,1.5162,1.2884,1.7733,1.4984
160,2012-02-03,5,12-17,258.2857,273.4985,235.0561,319.4938,1.1416,0.9871,1.3235,1.0860
160,2012-02-03,5,18-44,1554.1429,1546.6612,1341.6461,1796.4836,0.6594,0.5819,0.7480,0.6924
160,2012-02-03,5,45-64,1045.5714,1052.0679,912.1728,1221.2471,0.6503,0.5645,0.7508,0.6865
160,2012-02-03,5,65+,590.1429,584.9625,507.4001,678.8959,0.7190,0.6172,0.8391,0.7695
161,2012-02-04,5,0-5,2616.5714,2543.1440,2207.3065,2938.6764,1.3270,1.1082,1.5838,1.4462
161,2012-02-04,5,6-11,1298.2857,1268.5247,1094.4051,1472.4723,1.5061,1.2772,1.7818,1.5279
161,2012-02-04,5,12-17,282.5714,292.0732,251.5941,342.5348,1.1694,1.0034,1.3552,1.1159
161,2012-02-04,5,18-44,1575.1429,1551.1406,1341.1002,1799.7798,0.6478,0.5708,0.7371,0.6915
161,2012-02-04,5,45-64,1051.1429,1057.1713,912.2552,1227.8214,0.6408,0.5569,0.7408,0.6839
161,2012-02-04,5,65+,602.5714,592.6021,512.0650,685.2572,0.7074,0.6088,0.8231,0.7658
162,2012-02-05,6,0-5,2641.2857,2570.8067,2227.7314,2971.2050,1.2941,1.0792,1.5488,1.4169
162,2012-02-05,6,6-11,1379.4286,1350.9175,1161.1846,1570.2475,1.5062,1.2800,1.7775,1.5282
162,2012-02-05,6,12-17,315.4286,317.1616,273.5302,370.5630,1.1985,1.0291,1.3853,1.1433
162,2012-02-05,6,18-44,1571.7143,1559.2913,1351.5603,1801.2045,0.6391,0.5637,0.7250,0.6787
162,2012-02-05,6,45-64,1045.8571,1057.8368,913.4977,1229.9336,0.6342,0.5512,0.7312,0.6700
162,2012-02-05,6,65+,595.2857,597.8531,517.5211,694.6914,0.6971,0.6002,0.8122,0.7443
163,2012-02-06,6,0-5,2607.0000,2573.7498,2232.7737,2976.4869,1.2681,1.0684,1.5164,1.3700
163,2012-02-06,6,6-11,1443.7143,1438.2169,1240.0635,1669.9755,1.5063,1.2836,1.7747,1.5116
163,2012-02-06,6,12-17,341.7143,348.7647,301.2124,407.9371,1.2227,1.0543,1.4127,1.1557
163,2012-02-06,6,18-44,1565.0000,1567.6782,1354.4157,1813.1178,0.6342,0.5601,0.7187,0.6655
163,2012-02-06,6,45-64,1057.8571,1061.6589,918.6141,1233.8660,0.6311,0.5493,0.7258,0.6603
163,2012-02-06,6,65+,597.1429,601.7220,520.7977,701.0224,0.6916,0.5948,0.8037,0.7314
164,2012-02-07,6,0-5,2561.1429,2564.8882,2225.1134,2964.4557,1.2524,1.0524,1.4961,1.3290
164,2012-02-07,6,6-11,1521.5714,1529.7512,1316.5506,1792.5185,1.4992,1.2812,1.7665,1.5056
164,2012-02-07,6,12-17,382.1429,385.7465,333.2281,447.8076,1.2366,1.0593,1.4438,1.1853
164,2012-02-07,6,18-44,1558.7143,1575.4604,1362.6640,1832.8799,0.6292,0.5572,0.7117,0.6544
164,2012-02-07,6,45-64,1059.7143,1071.7904,919.0537,1247.4237,0.6277,0.5483,0.7207,0.6516
164,2012-02-07,6,65+,598.5714,605.6451,524.3433,708.7993,0.6880,0.5938,0.8001,0.7195
165,2012-02-08,6,0-5,2517.5714,2553.8658,2219.1386,2951.0730,1.2354,1.0339,1.4805,1.3007
165,2012-02-08,6,6-11,1620.1429,1621.4205,1393.7550,1904.9206,1.4923,1.2749,1.7523,1.5168
165,2012-02-08,6,12-17,440.8571,424.3773,364.7748,491.7998,1.2446,1.0661,1.4508,1.2387
165,2012-02-08,6,18-44,1559.7143,1586.7668,1366.8725,1843.7104,0.6255,0.5535,0.7072,0.6493
165,2012-02-08,6,45-64,1063.7143,1080.2019,926.4706,1262.4589,0.6259,0.5443,0.7173,0.6482
165,2012-02-08,6,65+,600.0000,611.5071,525.8898,718.3083,0.6883,0.5924,0.8008,0.7118
166,2012-02-09,6,0-5,2483.0000,2521.4352,2191.6685,2911.4278,1.2323,1.0306,1.4621,1.2779
166,2012-02-09,6,6-11,1659.2857,1710.5820,1478.0974,1981.2581,1.4898,1.2654,1.7558,1.4876
166,2012-02-09,6,12-17,454.8571,465.4638,400.7800,539.3414,1.2403,1.0639,1.4550,1.2126
166,2012-02-09,6,18-44,1560.0000,1598.7859,1380.8611,1857.2069,0.6239,0.5526,0.7055,0.6386
166,2012-02-09,6,45-64,1071.5714,1089.3422,936.2022,1271.4348,0.6235,0.5441,0.7149,0.6383
166,2012-02-09,6,65+,600.5714,618.7213,534.2343,721.7750,0.6885,0.5932,0.7992,0.7015
167,2012-02-10,6,0-5,2422.8571,2488.0641,2164.8635,2895.0768,1.2246,1.0325,1.4636,1.2623
167,2012-02-10,6,6-11,1800.1429,1793.0381,1547.6484,2074.6674,1.4763,1.2525,1.7445,1.5289
167,2012-02-10,6,12-17,518.5714,504.2911,435.7143,586.6081,1.2192,1.0469,1.4308,1.2691
167,2012-02-10,6,18-44,1578.4286,1607.7107,1392.0809,1864.5098,0.6202,0.5481,0.7020,0.6435
167,2012-02-10,6,45-64,1090.5714,1098.8467,947.5728,1280.0321,0.6192,0.5409,0.7101,0.6458
167,2012-02-10,6,65+,621.0000,626.9363,541.0172,730.7832,0.6861,0.5904,0.7954,0.7109
168,2012-02-11,6,0-5,2410.0000,2457.5486,2141.8486,2848.0315,1.2131,1.0146,1.4545,1.2620
168,2012-02-11,6,6-11,1885.7143,1871.8961,1614.7637,2163.1474,1.4455,1.2283,1.7205,1.5328
168,2012-02-11,6,12-17,560.2857,537.0361,463.1427,622.3247,1.1874,1.0192,1.3856,1.2814
168,2012-02-11,6,18-44,1603.4286,1617.7722,1405.9967,1876.6549,0.6121,0.5400,0.6939,0.6442
168,2012-02-11,6,45-64,1106.2857,1107.5647,959.8490,1284.8617,0.6107,0.5326,0.7008,0.6464
168,2012-02-11,6,65+,634.7143,633.9610,548.8382,735.3093,0.6775,0.5806,0.7855,0.7127
169,2012-02-12,7,0-5,2428.2857,2425.0336,2112.4443,2799.5210,1.2010,1.0073,1.4297,1.2738
169,2012-02-12,7,6-11,1956.0000,1932.7570,1667.6154,2242.2425,1.4104,1.1931,1.6680,1.5289
169,2012-02-12,7,12-17,587.8571,564.3629,488.9811,651.4177,1.1460,0.9892,1.3394,1.2730
169,2012-02-12,7,18-44,1642.5714,1630.2569,1421.8885,1888.4779,0.6023,0.5315,0.6821,0.6461
169,2012-02-12,7,45-64,1124.0000,1114.9656,965.5201,1292.4663,0.5996,0.5228,0.6878,0.6472
169,2012-02-12,7,65+,656.8571,641.8118,556.9881,744.0183,0.6664,0.5719,0.7779,0.7178
170,2012-02-13,7,0-5,2421.8571,2395.2464,2087.1397,2752.9893,1.1849,0.9961,1.4207,1.2722
170,2012-02-13,7,6-11,2007.0000,1974.4782,1698.5262,2297.5449,1.3719,1.1685,1.6213,1.5121
170,2012-02-13,7,12-17,601.2857,581.5412,506.4069,672.6899,1.1034,0.9485,1.2885,1.2472
170,2012-02-13,7,18-44,1678.8571,1647.9142,1429.3479,1909.7456,0.5905,0.5210,0.6709,0.6431
170,2012-02-13,7,45-64,1143.1429,1121.0884,969.9739,1297.9486,0.5869,0.5105,0.6750,0.6433
170,2012-02-13,7,65+,668.4286,646.7630,560.2735,748.9629,0.6524,0.5610,0.7611,0.7148
171,2012-02-14,7,0-5,2369.2857,2354.7914,2038.6062,2726.1887,1.1679,0.9752,1.3963,1.2454
171,2012-02-14,7,6-11,2023.0000,1998.2335,1728.6528,2318.5869,1.3330,1.1307,1.5692,1.4721
171,2012-02-14,7,12-17,602.7143,590.3768,511.1277,682.8896,1.0648,0.9116,1.2402,1.2041
171,2012-02-14,7,18-44,1683.1429,1655.8675,1435.6734,1922.8949,0.5797,0.5114,0.6588,0.6283
171,2012-02-14,7,45-64,1143.8571,1125.2465,971.4559,1304.8874,0.5759,0.5005,0.6633,0.6272
171,2012-02-14,7,65+,658.4286,651.8946,562.6162,759.0123,0.6413,0.5520,0.7478,0.6948
172,2012-02-15,7,0-5,2318.4286,2325.2831,2009.5980,2671.8544,1.1536,0.9660,1.3778,1.2189
172,2012-02-15,7,6-11,2005.4286,2005.1017,1728.7055,2322.5968,1.2965,1.1005,1.5250,1.4229
172,2012-02-15,7,12-17,580.8571,590.8778,510.8856,682.1387,1.0238,0.8839,1.1995,1.1438
172,2012-02-15,7,18-44,1668.2857,1665.4667,1445.5059,1941.7708,0.5703,0.5026,0.6487,0.6113
172,2012-02-15,7,45-64,1135.2857,1129.6063,978.5052,1311.7325,0.5661,0.4922,0.6535,0.6096
172,2012-02-15,7,65+,655.0000,652.3325,562.3687,759.3525,0.6326,0.5439,0.7371,0.6780
173,2012-02-16,7,0-5,2294.5714,2282.9568,1985.3941,2620.3546,1.1458,0.9600,1.3707,1.2090
173,2012-02-16,7,6-11,1980.4286,1985.7649,1705.3567,2305.4408,1.2667,1.0803,1.4828,1.3880
173,2012-02-16,7,12-17,575.8571,581.8057,503.3066,670.2495,0.9965,0.8579,1.1632,1.1167
173,2012-02-16,7,18-44,1660.8571,1669.8457,1443.4084,1943.7255,0.5652,0.4981,0.6428,0.6017
173,2012-02-16,7,45-64,1127.0000,1132.2463,981.5261,1317.5520,0.5611,0.4888,0.6443,0.5992
173,2012-02-16,7,65+,651.5714,653.6185,564.2949,760.7447,0.6286,0.5405,0.7310,0.6673
174,2012-02-17,7,0-5,2208.1429,2239.1467,1942.9229,2565.1964,1.1437,0.9584,1.3663,1.1767
174,2012-02-17,7,6-11,1913.2857,1953.0852,1689.2013,2250.4626,1.2432,1.0584,1.4671,1.3391
174,2012-02-17,7,12-17,560.0000,566.3543,491.2889,654.1873,0.9727,0.8326,1.1336,1.0819
174,2012-02-17,7,18-44,1642.7143,1675.6301,1438.2593,1955.8277,0.5622,0.4952,0.6405,0.5871
174,2012-02-17,7,45-64,1106.0000,1129.1244,979.0012,1310.5068,0.5586,0.4850,0.6433,0.5848
174,2012-02-17,7,65+,636.5714,652.9577,564.0863,760.5206,0.6265,0.5371,0.7335,0.6505
175,2012-02-18,7,0-5,2152.5714,2197.5619,1898.4182,2506.5244,1.1402,0.9573,1.3680,1.1660
175,2012-02-18,7,6-11,1870.7143,1903.0470,1652.7809,2191.9481,1.2189,1.0413,1.4315,1.3182
175,2012-02-18,7,12-17,536.1429,545.7523,476.5002,631.0413,0.9505,0.8187,1.1051,1.0548
175,2012-02-18,7,18-44,1636.8571,1667.6825,1437.9993,1951.0794,0.5610,0.4951,0.6367,0.5828
175,2012-02-18,7,45-64,1097.1429,1123.7322,971.0526,1300.5087,0.5571,0.4858,0.6414,0.5811
175,2012-02-18,7,65+,638.0000,651.4590,560.5846,754.2329,0.6281,0.5394,0.7317,0.6495
176,2012-02-19,8,0-5,2101.8571,2152.6007,1858.5874,2470.4614,1.1424,0.9553,1.3643,1.1601
176,2012-02-19,8,6-11,1829.4286,1834.8146,1594.4159,2104.5008,1.1883,1.0189,1.3909,1.3048
176,2012-02-19,8,12-17,514.1429,520.2243,454.2654,602.8468,0.9241,0.7942,1.0714,1.0371
176,2012-02-19,8,18-44,1623.7143,1655.8408,1437.8374,1936.1098,0.5576,0.4911,0.6344,0.5809
176,2012-02-19,8,45-64,1099.5714,1114.1568,963.0367,1281.2958,0.5548,0.4813,0.6395,0.5795
176,2012-02-19,8,65+,622.4286,645.8004,556.6253,747.5178,0.6279,0.5390,0.7331,0.6445
177,2012-02-20,8,0-5,2063.4286,2108.3607,1828.8764,2435.5208,1.1305,0.9451,1.3569,1.1601
177,2012-02-20,8,6-11,1766.8571,1756.5765,1535.2735,2016.7555,1.1530,0.9876,1.3561,1.2870
177,2012-02-20,8,12-17,488.8571,490.7624,425.5602,564.7332,0.8931,0.7704,1.0420,1.0162
177,2012-02-20,8,18-44,1611.1429,1637.3808,1427.2633,1906.4981,0.5521,0.4856,0.6289,0.5785
177,2012-02-20,8,45-64,1076.8571,1095.9526,947.9247,1266.8038,0.5499,0.4776,0.6340,0.5766
177,2012-02-20,8,65+,623.7143,638.7434,551.9701,737.1248,0.6246,0.5356,0.7283,0.6454
178,2012-02-21,8,0-5,2048.7143,2064.1708,1788.0631,2393.3216,1.1124,0.9335,1.3385,1.1725
178,2012-02-21,8,6-11,1678.1429,1663.8008,1449.0186,1908.4070,1.1158,0.9549,1.3074,1.2677
178,2012-02-21,8,12-17,462.4286,456.7987,396.4330,524.3503,0.8584,0.7441,0.9965,1.0032
178,2012-02-21,8,18-44,1608.5714,1612.7273,1408.7097,1869.5242,0.5419,0.4765,0.6183,0.5825
178,2012-02-21,8,45-64,1073.7143,1072.7657,930.6424,1240.1131,0.5415,0.4695,0.6240,0.5820
178,2012-02-21,8,65+,635.5714,629.5936,545.5132,729.8217,0.6163,0.5283,0.7198,0.6569
179,2012-02-22,8,0-5,2016.1429,2011.6785,1747.4210,2333.0779,1.0903,0.9138,1.3146,1.1767
179,2012-02-22,8,6-11,1574.2857,1557.8660,1355.7552,1785.9154,1.0804,0.9268,1.2615,1.2426
179,2012-02-22,8,12-17,433.8571,421.2714,366.7419,483.3419,0.8245,0.7085,0.9534,0.9859
179,2012-02-22,8,18-44,1612.5714,1574.1025,1375.7971,1820.9783,0.5297,0.4655,0.6047,0.5834
179,2012-02-22,8,45-64,1056.1429,1048.7274,911.0117,1214.7652,0.5289,0.4589,0.6120,0.5827
179,2012-02-22,8,65+,633.8571,618.6307,536.3084,716.6695,0.6026,0.5187,0.7058,0.6597
180,2012-02-23,8,0-5,1981.7143,1952.6907,1703.4374,2253.3753,1.0597,0.8850,1.2731,1.1826
180,2012-02-23,8,6-11,1527.7143,1447.3656,1257.1156,1660.8813,1.0427,0.8875,1.2225,1.2489
180,2012-02-23,8,12-17,417.7143,383.8714,334.6300,438.8026,0.7873,0.6823,0.9157,0.9895
180,2012-02-23,8,18-44,1608.5714,1527.9963,1340.0122,1766.2339,0.5140,0.4498,0.5862,0.5894
180,2012-02-23,8,45-64,1054.2857,1016.8894,878.9117,1182.2084,0.5139,0.4446,0.5946,0.5894
180,2012-02-23,8,65+,631.0000,603.0695,524.7503,695.4990,0.5862,0.5020,0.6867,0.6665
181,2012-02-24,8,0-5,1901.8571,1886.3375,1644.3708,2170.3531,1.0310,0.8526,1.2370,1.1463
181,2012-02-24,8,6-11,1360.2857,1336.3004,1166.0310,1532.5116,1.0106,0.8629,1.1850,1.1706
181,2012-02-24,8,12-17,360.5714,346.9975,302.1546,399.1697,0.7639,0.6586,0.8856,0.9167
181,2012-02-24,8,18-44,1520.7143,1471.1445,1277.8277,1696.7284,0.5008,0.4385,0.5714,0.5639
181,2012-02-24,8,45-64,996.8571,982.9139,849.2957,1133.1734,0.5024,0.4356,0.5813,0.5630
181,2012-02-24,8,65+,596.7143,583.1718,507.6522,673.6226,0.5745,0.4929,0.6731,0.6380
182,2012-02-25,8,0-5,1833.1429,1803.4436,1568.1957,2069.9233,1.0028,0.8386,1.2064,1.1237
182,2012-02-25,8,6-11,1229.1429,1223.9028,1070.5953,1410.4745,0.9946,0.8541,1.1770,1.1208
182,2012-02-25,8,12-17,318.0000,311.7631,271.2564,358.9070,0.7566,0.6533,0.8762,0.8718
182,2012-02-25,8,18-44,1441.5714,1406.1304,1214.7408,1613.5028,0.4941,0.4326,0.5645,0.5482
182,2012-02-25,8,45-64,956.2857,944.9927,819.9268,1093.9170,0.4980,0.4308,0.5769,0.5470
182,2012-02-25,8,65+,559.5714,561.7764,491.1269,652.1159,0.5690,0.4877,0.6681,0.6174
183,2012-02-26,9,0-5,1764.4286,1711.0501,1487.7706,1974.0249,0.9866,0.8191,1.1765,1.1091
183,2012-02-26,9,6-11,1134.5714,1120.3056,976.1008,1301.6056,0.9932,0.8502,1.1642,1.0979
183,2012-02-26,9,12-17,282.4286,281.2668,244.2179,323.4356,0.7630,0.6585,0.8862,0.8439
183,2012-02-26,9,18-44,1355.8571,1335.7873,1155.0288,1540.3858,0.4917,0.4308,0.5613,0.5401
183,2012-02-26,9,45-64,920.2857,906.2352,787.5441,1048.6234,0.4978,0.4306,0.5759,0.5415
183,2012-02-26,9,65+,549.8571,538.6114,467.5581,626.5144,0.5682,0.4865,0.6655,0.6172
184,2012-02-27,9,0-5,1599.5714,1612.0940,1402.2532,1852.0714,0.9800,0.8146,1.1767,1.0293
184,2012-02-27,9,6-11,990.7143,1027.3235,890.5483,1191.8165,1.0005,0.8596,1.1744,1.0128
184,2012-02-27,9,12-17,239.0000,254.7656,220.7573,292.9105,0.7834,0.6758,0.9060,0.7683
184,2012-02-27,9,18-44,1181.1429,1264.2211,1093.3621,1453.3604,0.4972,0.4356,0.5668,0.4948
184,2012-02-27,9,45-64,808.5714,864.7109,755.5085,1002.4154,0.5051,0.4375,0.5831,0.4942
184,2012-02-27,9,65+,479.0000,514.7364,445.6139,598.8429,0.5758,0.4934,0.6736,0.5616
185,2012-02-28,9,0-5,1521.8571,1509.0930,1319.1422,1730.9682,0.9748,0.8117,1.1706,1.0348
185,2012-02-28,9,6-11,919.2857,938.0926,815.3593,1089.3693,1.0163,0.8679,1.1919,1.0236
185,2012-02-28,9,12-17,214.1429,232.8669,201.9962,269.2236,0.8106,0.6984,0.9418,0.7739
185,2012-02-28,9,18-44,1144.4286,1195.2830,1041.4476,1380.5900,0.5040,0.4408,0.5764,0.5064
185,2012-02-28,9,45-64,798.5714,823.7973,716.3907,952.6252,0.5136,0.4434,0.5943,0.5104
185,2012-02-28,9,65+,474.5714,491.3377,423.8638,569.9871,0.5827,0.4986,0.6823,0.5828
186,2012-02-29,9,0-5,1415.7143,1406.4704,1226.0006,1619.5369,0.9815,0.8166,1.1803,1.0219
186,2012-02-29,9,6-11,859.2857,864.6819,750.6941,996.9279,1.0401,0.8860,1.2188,1.0308
186,2012-02-29,9,12-17,204.4286,216.0466,185.3751,251.7647,0.8511,0.7327,0.9845,0.7896
186,2012-02-29,9,18-44,1080.7143,1129.9669,982.2866,1306.8725,0.5141,0.4501,0.5885,0.5078
186,2012-02-29,9,45-64,757.2857,779.9930,678.8629,901.8926,0.5241,0.4533,0.6072,0.5136
186,2012-02-29,9,65+,449.0000,466.7703,403.4377,538.6613,0.5910,0.5043,0.6926,0.5849
187,2012-03-01,9,0-5,1366.7143,1306.3381,1137.5676,1504.8434,0.9937,0.8269,1.1847,1.0532
187,2012-03-01,9,6-11,837.7143,800.0973,697.6054,921.1483,1.0804,0.9213,1.2728,1.0829
187,2012-03-01,9,12-17,203.2857,204.4085,175.5006,238.1452,0.9022,0.7752,1.0500,0.8386
187,2012-03-01,9,18-44,1065.2857,1066.4252,926.2994,1232.3513,0.5270,0.4615,0.6024,0.5311
187,2012-03-01,9,45-64,745.4286,737.0296,639.8984,849.5558,0.5362,0.4636,0.6211,0.5387
187,2012-03-01,9,65+,443.4286,440.2943,382.3319,508.9541,0.5979,0.5106,0.7018,0.6124
188,2012-03-02,9,0-5,1210.2857,1213.5522,1051.2874,1395.6860,1.0153,0.8512,1.2193,1.0044
188,2012-03-02,9,6-11,732.0000,744.7522,653.0982,859.4972,1.1283,0.9649,1.3171,1.0387
188,2012-03-02,9,12-17,183.0000,196.8565,169.6441,228.6849,0.9643,0.8261,1.1277,0.8199
188,2012-03-02,9,18-44,1007.1429,1010.7792,875.6113,1172.7023,0.5418,0.4747,0.6181,0.5202
188,2012-03-02,9,45-64,693.7143,693.4168,604.1634,801.4449,0.5489,0.4753,0.6349,0.5311
188,2012-03-02,9,65+,419.0000,414.4038,360.7486,478.4142,0.6035,0.5161,0.7054,0.6054
189,2012-03-03,9,0-5,1111.0000,1130.5432,981.4108,1299.0138,1.0495,0.8833,1.2577,0.9906
189,2012-03-03,9,6-11,682.0000,702.2447,614.8656,813.9752,1.1903,1.0132,1.3966,1.0414
189,2012-03-03,9,12-17,181.2857,194.7513,167.7843,227.8184,1.0373,0.8859,1.2111,0.8421
189,2012-03-03,9,18-44,948.8571,960.2831,832.1872,1113.2893,0.5572,0.4892,0.6375,0.5200
189,2012-03-03,9,45-64,654.0000,653.9549,570.7378,755.9243,0.5609,0.4864,0.6486,0.5321
189,2012-03-03,9,65+,395.0000,388.2169,338.2012,450.1289,0.6072,0.5200,0.7068,0.6043
190,2012-03-04,10,0-5,996.2857,1057.9879,916.7806,1225.3017,1.0933,0.9169,1.3109,0.9639
190,2012-03-04,10,6-11,632.5714,678.9343,586.0026,784.2363,1.2609,1.0796,1.4769,1.0375
190,2012-03-04,10,12-17,188.5714,197.9445,170.4367,232.0501,1.1092,0.9454,1.3012,0.8747
190,2012-03-04,10,18-44,893.1429,912.7833,797.8853,1054.2107,0.5730,0.5037,0.6533,0.5136
190,2012-03-04,10,45-64,598.2857,618.7196,539.1879,714.0613,0.5719,0.4960,0.6593,0.5234
190,2012-03-04,10,65+,353.5714,361.6053,316.2647,416.2747,0.6098,0.5226,0.7124,0.5845
191,2012-03-05,10,0-5,1006.2857,1002.0754,872.3260,1168.1175,1.1477,0.9564,1.3697,1.0569
191,2012-03-05,10,6-11,661.2857,666.1862,572.6731,771.8215,1.3421,1.1458,1.5802,1.1614
191,2012-03-05,10,12-17,214.2857,205.4057,176.7703,240.9342,1.1802,1.0074,1.3822,1.0093
191,2012-03-05,10,18-44,919.1429,866.8421,756.6391,1003.8969,0.5873,0.5161,0.6690,0.5700
191,2012-03-05,10,45-64,627.4286,585.8014,508.6715,675.5787,0.5778,0.5019,0.6664,0.5824
191,2012-03-05,10,65+,361.8571,336.3510,293.6251,388.2842,0.6066,0.5208,0.7079,0.6443
192,2012-03-06,10,0-5,921.1429,962.7946,836.6164,1116.0734,1.2048,1.0053,1.4485,1.0227
192,2012-03-06,10,6-11,644.1429,666.7697,576.5435,772.8641,1.4229,1.2128,1.6838,1.1541
192,2012-03-06,10,12-17,221.0000,218.2072,187.3481,256.5237,1.2464,1.0655,1.4687,1.0057
192,2012-03-06,10,18-44,828.5714,822.7760,716.8573,952.7502,0.6014,0.5288,0.6846,0.5409
192,2012-03-06,10,45-64,539.2857,552.6251,478.1312,636.3099,0.5834,0.5076,0.6707,0.5422
192,2012-03-06,10,65+,305.5714,311.3172,270.3095,358.9700,0.6044,0.5203,0.7010,0.5883
193,2012-03-07,10,0-5,905.8571,942.2823,817.0166,1091.1024,1.2640,1.0549,1.5122,1.0585
193,2012-03-07,10,6-11,664.0000,683.8165,590.1291,789.1953,1.5016,1.2756,1.7701,1.2150
193,2012-03-07,10,12-17,236.4286,235.5998,202.6829,277.9085,1.3123,1.1151,1.5542,1.0594
193,2012-03-07,10,18-44,782.5714,782.2097,682.0380,907.3588,0.6145,0.5415,0.6999,0.5513
193,2012-03-07,10,45-64,516.1429,523.0838,452.5046,600.8395,0.5878,0.5111,0.6761,0.5488
193,2012-03-07,10,65+,285.4286,288.0490,249.6289,332.5328,0.6006,0.5180,0.6958,0.5898
194,2012-03-08,10,0-5,912.2857,938.1558,809.3842,1086.4383,1.3182,1.1108,1.5854,1.1161
194,2012-03-08,10,6-11,679.2857,714.7429,618.1905,832.4743,1.5699,1.3350,1.8429,1.2769
194,2012-03-08,10,12-17,248.5714,257.7152,221.4269,302.6843,1.3737,1.1538,1.6210,1.1122
194,2012-03-08,10,18-44,764.5714,748.0554,651.9820,866.5796,0.6256,0.5507,0.7101,0.5737
194,2012-03-08,10,45-64,512.8571,496.2424,428.1089,572.9562,0.5900,0.5151,0.6766,0.5698
194,2012-03-08,10,65+,278.0000,265.8894,229.9154,307.3656,0.5960,0.5138,0.6891,0.6105
195,2012-03-09,10,0-5,944.7143,950.5053,817.4102,1095.5827,1.3680,1.1431,1.6389,1.1738
195,2012-03-09,10,6-11,765.8571,757.2966,656.4117,881.4304,1.6258,1.3853,1.9317,1.3879
195,2012-03-09,10,12-17,288.8571,283.9634,242.9000,332.8764,1.4233,1.2007,1.6815,1.2002
195,2012-03-09,10,18-44,715.7143,719.6544,625.4813,835.3453,0.6335,0.5595,0.7189,0.5782
195,2012-03-09,10,45-64,469.8571,472.1765,405.3918,545.9409,0.5901,0.5164,0.6770,0.5597
195,2012-03-09,10,65+,239.5714,246.1492,212.5259,285.5653,0.5908,0.5124,0.6836,0.5817
196,2012-03-10,10,0-5,977.0000,977.4709,846.1279,1126.3607,1.4077,1.1743,1.6847,1.2289
196,2012-03-10,10,6-11,838.7143,814.7464,703.4318,941.8743,1.6634,1.4134,1.9794,1.4748
196,2012-03-10,10,12-17,325.0000,315.5793,269.3255,368.0137,1.4532,1.2333,1.7248,1.2743
196,2012-03-10,10,18-44,699.1429,699.4876,605.3973,815.8872,0.6383,0.5646,0.7230,0.5918
196,2012-03-10,10,45-64,449.8571,451.3697,385.1634,521.0485,0.5883,0.5156,0.6735,0.5655
196,2012-03-10,10,65+,225.4286,228.8137,197.7603,267.2078,0.5837,0.5075,0.6759,0.5815
197,2012-03-11,11,0-5,1030.1429,1016.3984,875.5786,1170.3051,1.4226,1.1968,1.7154,1.2811
197,2012-03-11,11,6-11,912.2857,883.4042,760.1450,1021.7137,1.6757,1.4278,1.9755,1.5296
197,2012-03-11,11,12-17,352.8571,352.3911,299.9966,411.2300,1.4708,1.2443,1.7375,1.3005
197,2012-03-11,11,18-44,681.4286,689.0206,598.1832,801.3365,0.6369,0.5651,0.7195,0.5948
197,2012-03-11,11,45-64,426.2857,434.5111,373.8513,505.1676,0.5830,0.5124,0.6650,0.5589
197,2012-03-11,11,65+,209.5714,214.5590,184.8373,249.7892,0.5744,0.4994,0.6613,0.5697
198,2012-03-12,11,0-5,1083.8571,1068.0101,923.3585,1229.0447,1.4262,1.1962,1.7057,1.3266
198,2012-03-12,11,6-11,973.4286,962.3597,826.1568,1114.1610,1.6888,1.4288,1.9984,1.5632
198,2012-03-12,11,12-17,396.0000,393.4884,337.1359,458.5262,1.4772,1.2444,1.7489,1.3582
198,2012-03-12,11,18-44,694.0000,692.4220,595.5018,802.7368,0.6313,0.5599,0.7136,0.6069
198,2012-03-12,11,45-64,421.8571,422.2742,365.2046,495.4436,0.5733,0.5035,0.6557,0.5670
198,2012-03-12,11,65+,204.1429,203.1899,175.3457,237.6419,0.5605,0.4883,0.6472,0.5744
199,2012-03-13,11,0-5,1142.5714,1125.7258,968.4755,1303.3502,1.4286,1.1877,1.7271,1.3608
199,2012-03-13,11,6-11,1050.4286,1050.1625,898.4656,1218.0231,1.6855,1.4241,2.0004,1.5956
199,2012-03-13,11,12-17,447.1429,438.3485,377.3987,512.0287,1.4741,1.2434,1.7559,1.4113
199,2012-03-13,11,18-44,713.5714,703.1152,606.9642,817.2240,0.6236,0.5535,0.7040,0.6149
199,2012-03-13,11,45-64,417.7143,417.1475,357.6449,487.9755,0.5628,0.4945,0.6417,0.5699
199,2012-03-13,11,65+,195.5714,194.4686,167.2876,228.0324,0.5472,0.4771,0.6280,0.5704
200,2012-03-14,11,0-5,1206.4286,1193.6477,1028.3712,1382.2693,1.4184,1.1829,1.7030,1.3850
200,2012-03-14,11,6-11,1143.7143,1147.5519,983.4308,1328.3191,1.6800,1.4187,1.9910,1.6266
200,2012-03-14,11,12-17,502.1429,486.9818,421.4931,569.5898,1.4677,1.2359,1.7403,1.4502
200,2012-03-14,11,18-44,736.0000,722.7922,625.6972,842.2799,0.6136,0.5440,0.6920,0.6192
200,2012-03-14,11,45-64,417.8571,415.4483,357.2998,485.9522,0.5499,0.4837,0.6258,0.5694
200,2012-03-14,11,65+,187.5714,188.2984,162.4962,220.2925,0.5313,0.4644,0.6087,0.5626
201,2012-03-15,11,0-5,1227.8571,1261.5498,1088.3231,1471.7803,1.4017,1.1708,1.6887,1.3546
201,2012-03-15,11,6-11,1182.8571,1252.8723,1076.1290,1447.8150,1.6672,1.4069,1.9739,1.5803
201,2012-03-15,11,12-17,521.4286,540.4838,468.7159,629.1643,1.4450,1.2110,1.7279,1.3979
201,2012-03-15,11,18-44,749.0000,749.4410,646.0453,873.5601,0.6001,0.5322,0.6752,0.6044
201,2012-03-15,11,45-64,419.4286,417.6039,360.8382,488.1399,0.5340,0.4702,0.6051,0.5559
201,2012-03-15,11,65+,187.1429,184.3672,158.9840,215.5111,0.5133,0.4491,0.5871,0.5519
202,2012-03-16,11,0-5,1339.8571,1339.4725,1153.5707,1563.4158,1.3818,1.1442,1.6693,1.4114
202,2012-03-16,11,6-11,1357.7143,1364.1956,1177.5622,1580.0862,1.6393,1.3843,1.9454,1.6736
202,2012-03-16,11,12-17,594.5714,596.7831,514.5310,694.5230,1.4202,1.1913,1.6802,1.4592
202,2012-03-16,11,18-44,785.1429,778.0986,668.5304,905.1357,0.5845,0.5192,0.6565,0.6198
202,2012-03-16,11,45-64,430.7143,423.1459,365.8114,490.8283,0.5165,0.4559,0.5851,0.5628
202,2012-03-16,11,65+,182.0000,181.8302,157.0234,211.9479,0.4948,0.4332,0.5663,0.5497
203,2012-03-17,11,0-5,1423.8571,1419.6541,1220.3150,1654.7570,1.3561,1.1244,1.6248,1.4242
203,2012-03-17,11,6-11,1509.5714,1480.4368,1284.2229,1727.8801,1.5921,1.3407,1.8915,1.7085
203,2012-03-17,11,12-17,658.0000,653.8365,562.8727,761.9514,1.3776,1.1584,1.6454,1.4743
203,2012-03-17,11,18-44,819.8571,804.4188,695.4025,936.7026,0.5644,0.5010,0.6359,0.6193
203,2012-03-17,11,45-64,435.7143,429.1233,370.1265,493.8092,0.4959,0.4370,0.5635,0.5567
203,2012-03-17,11,65+,179.0000,180.1814,155.8825,210.3489,0.4742,0.4139,0.5420,0.5386
204,2012-03-18,12,0-5,1527.5714,1493.1916,1289.2791,1740.0769,1.3246,1.0985,1.5909,1.4354
204,2012-03-18,12,6-11,1647.5714,1597.0718,1383.7319,1856.5390,1.5433,1.2969,1.8309,1.7112
204,2012-03-18,12,12-17,734.1429,709.3287,613.7233,826.6963,1.3299,1.1190,1.5829,1.4911
204,2012-03-18,12,18-44,849.1429,831.5737,717.1230,961.9879,0.5445,0.4830,0.6141,0.6162
204,2012-03-18,12,45-64,447.5714,434.8974,376.2197,504.2029,0.4754,0.4191,0.5406,0.5523
204,2012-03-18,12,65+,186.7143,179.3408,154.8093,210.1793,0.4542,0.3976,0.5216,0.5362
205,2012-03-19,12,0-5,1597.5714,1566.2775,1359.5070,1826.8710,1.2954,1.0709,1.5635,1.4067
205,2012-03-19,12,6-11,1763.2857,1709.2176,1480.3986,1983.9550,1.4935,1.2650,1.7732,1.6723
205,2012-03-19,12,12-17,786.4286,762.0228,660.9896,886.6838,1.2851,1.0732,1.5293,1.4499
205,2012-03-19,12,18-44,874.7143,862.0919,737.5833,997.8404,0.5275,0.4683,0.5958,0.5962
205,2012-03-19,12,45-64,445.0000,439.9171,379.4148,510.9716,0.4590,0.4037,0.5206,0.5294
205,2012-03-19,12,65+,183.7143,179.8480,155.3621,211.2022,0.4386,0.3829,0.5026,0.5111
206,2012-03-20,12,0-5,1655.2857,1641.7622,1427.8435,1914.2448,1.2757,1.0562,1.5449,1.3670
206,2012-03-20,12,6-11,1841.8571,1810.0173,1566.0052,2090.4477,1.4511,1.2170,1.7388,1.6087
206,2012-03-20,12,12-17,829.2857,811.6488,704.8274,942.8442,1.2424,1.0396,1.4938,1.3969
206,2012-03-20,12,18-44,894.0000,891.1189,764.1566,1037.1620,0.5135,0.4550,0.5785,0.5723
206,2012-03-20,12,45-64,444.1429,447.2590,384.9733,518.2522,0.4445,0.3920,0.5041,0.5047
206,2012-03-20,12,65+,178.2857,181.2474,155.6321,212.0069,0.4246,0.3718,0.4857,0.4834
207,2012-03-21,12,0-5,1709.2857,1718.4149,1504.6263,1997.8734,1.2643,1.0477,1.5299,1.3315
207,2012-03-21,12,6-11,1896.1429,1904.3561,1639.9652,2203.5226,1.4207,1.1946,1.6909,1.5440
207,2012-03-21,12,12-17,851.2857,854.5187,742.1039,992.0322,1.2088,1.0075,1.4438,1.3329
207,2012-03-21,12,18-44,911.5714,922.5220,790.4288,1073.2183,0.5034,0.4471,0.5681,0.5512
207,2012-03-21,12,45-64,445.7143,454.7908,391.8997,528.1399,0.4339,0.3833,0.4927,0.4843
207,2012-03-21,12,65+,180.0000,183.4668,157.0490,214.5443,0.4150,0.3636,0.4741,0.4654
208,2012-03-22,12,0-5,1740.4286,1793.0580,1568.1321,2086.2683,1.2598,1.0386,1.5083,1.2882
208,2012-03-22,12,6-11,1921.4286,1985.0147,1704.9564,2297.5972,1.3938,1.1700,1.6582,1.4759
208,2012-03-22,12,12-17,853.2857,891.5730,772.3466,1038.2140,1.1828,0.9889,1.4163,1.2626
208,2012-03-22,12,18-44,917.2857,952.7009,815.6803,1108.8758,0.4978,0.4410,0.5609,0.5289
208,2012-03-22,12,45-64,447.5714,463.9429,399.4905,538.5718,0.4282,0.3768,0.4857,0.4639
208,2012-03-22,12,65+,180.1429,185.9852,159.1900,217.7020,0.4090,0.3575,0.4673,0.4474
209,2012-03-23,12,0-5,1844.5714,1868.1989,1631.1921,2178.4330,1.2472,1.0296,1.5030,1.3087
209,2012-03-23,12,6-11,2026.4286,2045.9036,1768.8100,2369.4866,1.3615,1.1474,1.6341,1.4875
209,2012-03-23,12,12-17,915.7143,922.9306,798.1183,1064.0920,1.1566,0.9707,1.3887,1.2845
209,2012-03-23,12,18-44,964.8571,980.0376,841.4336,1138.7013,0.4921,0.4360,0.5562,0.5339
209,2012-03-23,12,45-64,459.2857,471.9537,404.3561,549.7334,0.4234,0.3730,0.4821,0.4666
209,2012-03-23,12,65+,186.0000,188.2875,160.8632,220.0653,0.4040,0.3536,0.4630,0.4492
210,2012-03-24,12,0-5,1924.1429,1937.8099,1692.9372,2257.6743,1.2339,1.0196,1.5009,1.3031
210,2012-03-24,12,6-11,2063.2857,2097.5752,1816.8605,2418.5619,1.3401,1.1272,1.6014,1.4546
210,2012-03-24,12,12-17,936.8571,944.9791,815.8031,1091.6169,1.1384,0.9504,1.3609,1.2576
210,2012-03-24,12,18-44,979.8571,1004.7584,864.5394,1169.5063,0.4881,0.4324,0.5516,0.5258
210,2012-03-24,12,45-64,469.2857,478.5096,410.5023,558.9536,0.4202,0.3704,0.4775,0.4595
210,2012-03-24,12,65+,193.0000,189.7013,162.8458,220.2294,0.4014,0.3515,0.4582,0.4453
211,2012-03-25,13,0-5,1995.5714,2001.8847,1742.4782,2329.5593,1.2255,1.0141,1.4926,1.2953
211,2012-03-25,13,6-11,2092.5714,2135.8255,1844.6422,2451.1649,1.3152,1.1070,1.5634,1.4249
211,2012-03-25,13,12-17,942.0000,960.2173,830.0653,1106.5047,1.1163,0.9342,1.3335,1.2210
211,2012-03-25,13,18-44,1017.7143,1029.2680,886.3279,1201.2863,0.4842,0.4292,0.5467,0.5182
211,2012-03-25,13,45-64,473.0000,485.3579,416.1603,565.8270,0.4178,0.3677,0.4758,0.4498
211,2012-03-25,13,65+,189.7143,190.6514,163.5294,222.5934,0.3990,0.3488,0.4579,0.4330
212,2012-03-26,13,0-5,2062.7143,2066.2891,1798.8595,2392.2343,1.2080,1.0009,1.4618,1.2856
212,2012-03-26,13,6-11,2130.1429,2154.0402,1870.4813,2481.9533,1.2821,1.0740,1.5373,1.4053
212,2012-03-26,13,12-17,952.8571,965.7281,836.3072,1116.1772,1.0886,0.9142,1.3048,1.1983
212,2012-03-26,13,18-44,1042.7143,1053.4621,901.3889,1224.3235,0.4774,0.4225,0.5410,0.5119
212,2012-03-26,13,45-64,480.8571,493.2647,423.9405,572.0792,0.4129,0.3627,0.4710,0.4433
212,2012-03-26,13,65+,189.7143,192.0398,164.5183,224.6430,0.3958,0.3458,0.4534,0.4254
213,2012-03-27,13,0-5,2130.2857,2118.2300,1842.1079,2468.1599,1.1884,0.9844,1.4489,1.2811
213,2012-03-27,13,6-11,2160.4286,2158.5542,1873.0965,2495.2899,1.2405,1.0467,1.4743,1.3922
213,2012-03-27,13,12-17,959.7143,964.7765,836.7290,1120.1729,1.0515,0.8831,1.2627,1.1841
213,2012-03-27,13,18-44,1080.8571,1073.5575,921.7970,1246.4002,0.4690,0.4150,0.5304,0.5114
213,2012-03-27,13,45-64,503.2857,499.8646,429.9027,581.4936,0.4072,0.3575,0.4636,0.4436
213,2012-03-27,13,65+,189.5714,193.1512,165.4346,226.1862,0.3917,0.3421,0.4486,0.4230
214,2012-03-28,13,0-5,2179.2857,2162.2923,1886.2418,2518.5756,1.1594,0.9527,1.4080,1.2667
214,2012-03-28,13,6-11,2154.1429,2140.6291,1843.8250,2467.6959,1.1954,1.0067,1.4173,1.3641
214,2012-03-28,13,12-17,964.5714,953.7821,833.5776,1104.3531,1.0191,0.8519,1.2231,1.1671
214,2012-03-28,13,18-44,1110.5714,1089.0626,938.3649,1264.1724,0.4593,0.4051,0.5192,0.5063
214,2012-03-28,13,45-64,511.2857,506.5195,434.7815,590.4739,0.4005,0.3508,0.4560,0.4397
214,2012-03-28,13,65+,193.7143,194.3294,166.8017,227.5027,0.3864,0.3372,0.4435,0.4202
215,2012-03-29,13,0-5,2199.4286,2184.0465,1902.1730,2552.6486,1.1260,0.9314,1.3747,1.2398
215,2012-03-29,13,6-11,2148.5714,2097.4070,1820.3468,2431.8885,1.1524,0.9767,1.3748,1.3364
215,2012-03-29,13,12-17,964.2857,936.6661,816.3255,1079.2764,0.9793,0.8270,1.1679,1.1464
215,2012-03-29,13,18-44,1116.0000,1101.4078,950.0712,1278.8845,0.4485,0.3964,0.5078,0.4966
215,2012-03-29,13,45-64,513.7143,511.5776,439.7967,593.9862,0.3929,0.3452,0.4481,0.4320
215,2012-03-29,13,65+,195.4286,195.5942,168.2719,229.5911,0.3815,0.3328,0.4387,0.4134
216,2012-03-30,13,0-5,2224.5714,2198.6675,1897.1832,2555.4208,1.0981,0.9047,1.3356,1.2212
216,2012-03-30,13,6-11,2081.8571,2040.2913,1775.9566,2357.5853,1.1130,0.9395,1.3201,1.2915
216,2012-03-30,13,12-17,924.2857,908.7256,790.4747,1048.4639,0.9444,0.7945,1.1256,1.1013
216,2012-03-30,13,18-44,1128.5714,1109.0476,954.2074,1280.9321,0.4383,0.3874,0.4958,0.4885
216,2012-03-30,13,45-64,525.1429,517.1652,446.0436,597.9817,0.3860,0.3393,0.4404,0.4263
216,2012-03-30,13,65+,197.7143,197.0785,169.2395,229.8046,0.3772,0.3288,0.4333,0.4095
217,2012-03-31,13,0-5,2197.8571,2196.2446,1900.1661,2526.5764,1.0759,0.8836,1.3042,1.1836
217,2012-03-31,13,6-11,1975.2857,1963.6963,1706.3781,2265.9187,1.0817,0.9117,1.2862,1.2335
217,2012-03-31,13,12-17,880.2857,870.4251,758.2551,1004.9408,0.9113,0.7653,1.0875,1.0552
217,2012-03-31,13,18-44,1123.2857,1106.8557,958.4068,1279.2908,0.4305,0.3804,0.4866,0.4743
217,2012-03-31,13,45-64,521.8571,520.2712,449.9090,598.3862,0.3807,0.3336,0.4342,0.4150
217,2012-03-31,13,65+,194.5714,198.3204,169.6875,230.2792,0.3741,0.3262,0.4305,0.3989
218,2012-04-01,14,0-5,2161.5714,2171.9561,1877.3460,2502.0271,1.0560,0.8695,1.2845,1.1504
218,2012-04-01,14,6-11,1872.5714,1873.8308,1633.8875,2153.1984,1.0564,0.8878,1.2586,1.1870
218,2012-04-01,14,12-17,827.7143,827.2426,722.8146,955.1986,0.8886,0.7517,1.0539,1.0126
218,2012-04-01,14,18-44,1097.7143,1101.5693,955.1770,1269.2057,0.4258,0.3753,0.4834,0.4621
218,2012-04-01,14,45-64,520.1429,521.1912,449.2303,601.2470,0.3789,0.3317,0.4334,0.4066
218,2012-04-01,14,65+,196.0000,198.9522,171.1233,233.1027,0.3746,0.3265,0.4309,0.3940
219,2012-04-02,14,0-5,2122.8571,2133.7398,1851.9658,2464.4553,1.0395,0.8559,1.2543,1.1263
219,2012-04-02,14,6-11,1759.8571,1774.9914,1548.3427,2045.7873,1.0373,0.8722,1.2336,1.1477
219,2012-04-02,14,12-17,778.0000,779.6753,682.2096,899.9783,0.8742,0.7370,1.0386,0.9810
219,2012-04-02,14,18-44,1071.7143,1085.2242,940.5119,1249.7682,0.4232,0.3735,0.4796,0.4534
219,2012-04-02,14,45-64,515.2857,519.5437,451.1542,600.1445,0.3786,0.3309,0.4335,0.4014
219,2012-04-02,14,65+,198.5714,199.7389,171.6107,233.9635,0.3758,0.3264,0.4332,0.3928
220,2012-04-03,14,0-5,2060.0000,2084.8326,1807.9818,2418.8421,1.0274,0.8436,1.2516,1.0997
220,2012-04-03,14,6-11,1642.2857,1672.5082,1453.3470,1929.4550,1.0180,0.8631,1.2131,1.1116
220,2012-04-03,14,12-17,720.0000,730.7487,637.1089,841.0481,0.8609,0.7252,1.0223,0.9477
220,2012-04-03,14,18-44,1040.1429,1068.5777,922.1958,1226.7440,0.4222,0.3716,0.4796,0.4450
220,2012-04-03,14,45-64,506.0000,514.4633,447.1692,592.6459,0.3797,0.3318,0.4345,0.3964
220,2012-04-03,14,65+,200.2857,199.1596,171.6040,232.5677,0.3787,0.3283,0.4359,0.3920
221,2012-04-04,14,0-5,1988.5714,2020.9073,1763.6582,2330.3525,1.0151,0.8381,1.2395,1.0777
221,2012-04-04,14,6-11,1539.4286,1568.0571,1361.8327,1803.5613,1.0063,0.8494,1.1888,1.0872
221,2012-04-04,14,12-17,660.4286,681.2134,590.7570,782.9088,0.8516,0.7162,1.0127,0.9176
221,2012-04-04,14,18-44,1012.8571,1042.9117,902.1586,1206.2291,0.4222,0.3719,0.4798,0.4386
221,2012-04-04,14,45-64,494.2857,506.5484,438.1261,586.8660,0.3822,0.3336,0.4383,0.3915
221,2012-04-04,14,65+,192.5714,197.2680,168.9691,230.0348,0.3820,0.3315,0.4401,0.3867
222,2012-04-05,14,0-5,1952.0000,1950.2160,1704.8546,2243.3908,1.0019,0.8286,1.2213,1.0837
222,2012-04-05,14,6-11,1486.8571,1462.3900,1271.0828,1682.3628,0.9955,0.8413,1.1803,1.1014
222,2012-04-05,14,12-17,644.4286,631.2216,548.6901,725.9365,0.8403,0.7099,0.9978,0.9385
222,2012-04-05,14,18-44,1007.4286,1015.7168,881.1875,1173.1691,0.4232,0.3728,0.4811,0.4459
222,2012-04-05,14,45-64,488.8571,496.2126,430.0970,573.9750,0.3857,0.3367,0.4424,0.3996
222,2012-04-05,14,65+,192.7143,194.3640,166.0558,225.8711,0.3864,0.3349,0.4456,0.3951
223,2012-04-06,14,0-5,1842.7143,1873.4523,1639.5274,2153.2290,0.9923,0.8185,1.2114,1.0499
223,2012-04-06,14,6-11,1327.1429,1354.7532,1186.0234,1556.3896,0.9862,0.8333,1.1694,1.0489
223,2012-04-06,14,12-17,580.5714,582.6107,507.2700,670.1200,0.8320,0.7033,0.9878,0.9020
223,2012-04-06,14,18-44,970.1429,983.1583,850.0180,1133.4615,0.4249,0.3741,0.4839,0.4363
223,2012-04-06,14,45-64,475.4286,484.0412,415.9281,557.7019,0.3905,0.3406,0.4488,0.3943
223,2012-04-06,14,65+,188.2857,189.8723,163.6713,220.7577,0.3928,0.3413,0.4532,0.3920
224,2012-04-07,14,0-5,1790.0000,1786.6742,1559.5583,2048.5479,0.9805,0.8108,1.1841,1.0532
224,2012-04-07,14,6-11,1254.7143,1251.5642,1097.8213,1440.1048,0.9769,0.8241,1.1578,1.0511
224,2012-04-07,14,12-17,535.2857,533.7700,462.7991,615.3517,0.8249,0.6951,0.9739,0.8926
224,2012-04-07,14,18-44,950.4286,949.7059,820.4409,1095.4663,0.4261,0.3741,0.4852,0.4401
224,2012-04-07,14,45-64,466.2857,470.7887,403.4949,545.1305,0.3952,0.3441,0.4548,0.3987
224,2012-04-07,14,65+,186.7143,185.5351,159.3630,215.5401,0.3996,0.3462,0.4634,0.3983
225,2012-04-08,15,0-5,1648.4286,1693.7209,1484.2163,1952.4238,0.9692,0.7959,1.1770,1.0082
225,2012-04-08,15,6-11,1122.2857,1154.8386,1007.4559,1330.5432,0.9622,0.8155,1.1399,1.0060
225,2012-04-08,15,12-17,478.8571,487.0661,423.8499,561.6045,0.8185,0.6920,0.9648,0.8585
225,2012-04-08,15,18-44,895.4286,912.4301,791.5709,1049.6310,0.4266,0.3743,0.4853,0.4274
225,2012-04-08,15,45-64,446.5714,458.0381,395.3765,531.0954,0.3998,0.3474,0.4603,0.3901
225,2012-04-08,15,65+,175.4286,180.7902,154.3600,210.1133,0.4063,0.3509,0.4702,0.3893
226,2012-04-09,15,0-5,1604.5714,1598.2895,1398.1252,1839.2718,0.9567,0.7891,1.1665,1.0258
226,2012-04-09,15,6-11,1055.7143,1056.6142,919.4725,1218.4327,0.9479,0.8001,1.1150,1.0180
226,2012-04-09,15,12-17,431.7143,443.7710,385.1697,512.1526,0.8136,0.6864,0.9643,0.8522
226,2012-04-09,15,18-44,878.2857,872.2686,756.8728,1007.3207,0.4272,0.3750,0.4874,0.4377
226,2012-04-09,15,45-64,447.0000,446.2911,385.8191,518.2560,0.4044,0.3513,0.4668,0.4017
226,2012-04-09,15,65+,176.0000,176.2060,151.5799,205.1144,0.4130,0.3568,0.4791,0.4036
227,2012-04-10,15,0-5,1512.2857,1502.0171,1313.0875,1726.5238,0.9404,0.7764,1.1498,1.0155
227,2012-04-10,15,6-11,975.4286,964.4343,839.1306,1111.2547,0.9304,0.7879,1.0980,1.0126
227,2012-04-10,15,12-17,400.2857,402.7155,350.1985,463.3305,0.8072,0.6863,0.9567,0.8550
227,2012-04-10,15,18-44,842.8571,831.8469,718.2976,957.1660,0.4262,0.3739,0.4860,0.4394
227,2012-04-10,15,45-64,436.2857,433.4969,376.3902,501.6997,0.4077,0.3536,0.4698,0.4061
227,2012-04-10,15,65+,169.5714,171.7577,147.7458,199.6873,0.4192,0.3612,0.4858,0.4075
228,2012-04-11,15,0-5,1419.8571,1404.5207,1231.3351,1613.0990,0.9222,0.7674,1.1162,1.0026
228,2012-04-11,15,6-11,900.1429,877.2136,760.6767,1008.6667,0.9104,0.7718,1.0758,1.0045
228,2012-04-11,15,12-17,363.7143,365.0632,315.4937,418.8137,0.7993,0.6773,0.9454,0.8463
228,2012-04-11,15,18-44,795.7143,787.5239,682.5590,910.5925,0.4240,0.3725,0.4827,0.4385
228,2012-04-11,15,45-64,421.2857,420.4027,364.4832,487.0652,0.4094,0.3554,0.4725,0.4084
228,2012-04-11,15,65+,168.2857,167.2169,143.2016,194.0688,0.4239,0.3647,0.4918,0.4139
229,2012-04-12,15,0-5,1365.2857,1303.8155,1140.1600,1505.4464,0.9051,0.7524,1.0966,1.0182
229,2012-04-12,15,6-11,865.8571,792.6439,691.3150,911.8025,0.8917,0.7585,1.0534,1.0345
229,2012-04-12,15,12-17,351.1429,330.1717,285.1705,379.5701,0.7930,0.6726,0.9394,0.8789
229,2012-04-12,15,18-44,770.1429,744.9371,645.0538,859.7986,0.4222,0.3708,0.4818,0.4508
229,2012-04-12,15,45-64,418.1429,406.1599,351.4000,470.4196,0.4113,0.3572,0.4752,0.4225
229,2012-04-12,15,65+,165.1429,162.3899,138.9701,188.1918,0.4279,0.3698,0.4978,0.4273
230,2012-04-13,15,0-5,1194.2857,1206.1698,1056.1753,1383.4796,0.8936,0.7447,1.0844,0.9407
230,2012-04-13,15,6-11,702.8571,712.3283,622.5916,820.9224,0.8798,0.7486,1.0391,0.9282
230,2012-04-13,15,12-17,289.8571,298.3812,257.8659,342.9446,0.7923,0.6730,0.9361,0.8009
230,2012-04-13,15,18-44,689.4286,699.8825,608.7685,807.6150,0.4223,0.3702,0.4828,0.4214
230,2012-04-13,15,45-64,383.0000,391.1545,339.1299,453.5278,0.4148,0.3593,0.4796,0.4002
230,2012-04-13,15,65+,157.4286,158.0182,135.4096,182.9048,0.4336,0.3730,0.5034,0.4115
231,2012-04-14,15,0-5,1073.7143,1110.0306,971.7970,1273.5188,0.8906,0.7355,1.0747,0.9074
231,2012-04-14,15,6-11,599.8571,637.6775,555.9654,735.4856,0.8758,0.7448,1.0326,0.8838
231,2012-04-14,15,12-17,254.7143,269.8335,234.2746,311.4313,0.7911,0.6730,0.9406,0.7799
231,2012-04-14,15,18-44,636.7143,656.4359,570.3502,759.0186,0.4241,0.3720,0.4847,0.4145
231,2012-04-14,15,45-64,369.7143,376.8958,328.0540,434.4396,0.4196,0.3634,0.4859,0.3995
231,2012-04-14,15,65+,149.7143,153.4339,132.1393,178.1299,0.4406,0.3780,0.5134,0.4119
232,2012-04-15,16,0-5,1031.8571,1018.4042,890.3536,1164.7716,0.8883,0.7322,1.0706,0.9451
232,2012-04-15,16,6-11,567.5714,570.9941,495.3056,653.6256,0.8722,0.7432,1.0268,0.9267
232,2012-04-15,16,12-17,245.5714,243.8315,212.4380,281.4725,0.7933,0.6758,0.9369,0.8267
232,2012-04-15,16,18-44,622.7143,613.0181,533.0776,708.1628,0.4268,0.3745,0.4865,0.4377
232,2012-04-15,16,45-64,368.4286,361.2167,313.2610,418.1375,0.4245,0.3686,0.4912,0.4248
232,2012-04-15,16,65+,151.1429,148.7791,127.3778,172.2332,0.4474,0.3851,0.5207,0.4397
233,2012-04-16,16,0-5,901.1429,931.9414,814.7206,1065.5989,0.8861,0.7350,1.0641,0.9008
233,2012-04-16,16,6-11,490.0000,508.4613,440.8300,584.2441,0.8710,0.7460,1.0227,0.8936
233,2012-04-16,16,12-17,223.1429,219.9980,192.1220,254.6916,0.7942,0.6753,0.9330,0.8191
233,2012-04-16,16,18-44,568.1429,570.1336,495.6910,657.7967,0.4297,0.3768,0.4900,0.4284
233,2012-04-16,16,45-64,343.5714,344.0280,297.6301,396.6712,0.4295,0.3720,0.4977,0.4205
233,2012-04-16,16,65+,142.4286,142.9358,123.1310,166.2620,0.4536,0.3912,0.5295,0.4366
234,2012-04-17,16,0-5,826.8571,849.4075,742.7595,973.0639,0.8840,0.7312,1.0682,0.8958
234,2012-04-17,16,6-11,437.0000,451.9431,392.7593,520.7049,0.8678,0.7406,1.0245,0.8845
234,2012-04-17,16,12-17,195.2857,198.2674,172.9459,230.0083,0.7920,0.6745,0.9344,0.7983
234,2012-04-17,16,18-44,517.8571,528.4203,458.5845,608.2537,0.4310,0.3765,0.4924,0.4255
234,2012-04-17,16,45-64,318.5714,326.4913,283.0407,374.7636,0.4324,0.3726,0.5017,0.4192
234,2012-04-17,16,65+,139.1429,136.7570,117.4305,159.3971,0.4573,0.3916,0.5342,0.4421
235,2012-04-18,16,0-5,763.7143,773.1100,674.6776,885.2064,0.8787,0.7323,1.0632,0.9008
235,2012-04-18,16,6-11,388.7143,401.9251,348.6181,461.2228,0.8659,0.7412,1.0234,0.8819
235,2012-04-18,16,12-17,176.0000,178.5462,155.4778,206.2763,0.7915,0.6725,0.9323,0.7999
235,2012-04-18,16,18-44,477.0000,486.6599,421.4073,561.4435,0.4325,0.3784,0.4950,0.4294
235,2012-04-18,16,45-64,307.0000,308.1153,268.5326,354.6823,0.4359,0.3757,0.5072,0.4253
235,2012-04-18,16,65+,128.5714,129.8637,111.4527,151.4486,0.4619,0.3952,0.5391,0.4454
236,2012-04-19,16,0-5,728.5714,703.5678,613.3890,807.8290,0.8782,0.7229,1.0600,0.9430
236,2012-04-19,16,6-11,370.0000,357.4697,310.8153,412.0705,0.8632,0.7374,1.0190,0.9326
236,2012-04-19,16,12-17,168.1429,160.5828,139.3803,185.8149,0.7873,0.6710,0.9289,0.8432
236,2012-04-19,16,18-44,464.4286,446.3111,386.4006,513.5001,0.4340,0.3799,0.4964,0.4534
236,2012-04-19,16,45-64,299.2857,289.9687,253.0266,334.2555,0.4389,0.3781,0.5098,0.4498
236,2012-04-19,16,65+,128.1429,122.5126,105.7114,142.8366,0.4669,0.3994,0.5450,0.4728
237,2012-04-20,16,0-5,646.1429,638.1473,558.4043,735.2139,0.8733,0.7234,1.0595,0.9105
237,2012-04-20,16,6-11,325.1429,317.2633,275.2469,365.3704,0.8586,0.7315,1.0151,0.9058
237,2012-04-20,16,12-17,147.8571,144.1680,125.1059,166.7178,0.7882,0.6711,0.9285,0.8178
237,2012-04-20,16,18-44,414.7143,408.4606,353.3607,471.1169,0.4350,0.3798,0.4991,0.4416
237,2012-04-20,16,45-64,276.0000,271.4617,235.5073,313.3551,0.4416,0.3798,0.5145,0.4404
237,2012-04-20,16,65+,117.5714,115.4093,99.2901,134.4090,0.4719,0.4027,0.5528,0.4634
238,2012-04-21,16,0-5,581.1429,577.8145,505.2557,666.5289,0.8751,0.7229,1.0577,0.8958
238,2012-04-21,16,6-11,291.1429,281.2596,245.3320,324.7423,0.8570,0.7334,1.0066,0.8972
238,2012-04-21,16,12-17,132.8571,129.4158,112.0782,150.3065,0.7944,0.6769,0.9355,0.8093
238,2012-04-21,16,18-44,380.0000,374.9073,323.4882,433.1912,0.4398,0.3847,0.5037,0.4382
238,2012-04-21,16,45-64,256.0000,253.6994,219.9628,293.3090,0.4480,0.3864,0.5226,0.4380
238,2012-04-21,16,65+,108.4286,109.1405,93.2827,126.8190,0.4812,0.4106,0.5637,0.4601
239,2012-04-22,17,0-5,511.0000,523.8877,455.5292,605.9293,0.8849,0.7313,1.0675,0.8646
239,2012-04-22,17,6-11,244.4286,249.9232,217.1295,289.0202,0.8612,0.7370,1.0131,0.8525
239,2012-04-22,17,12-17,112.8571,116.4434,100.4043,134.9529,0.8063,0.6851,0.9476,0.7713
239,2012-04-22,17,18-44,341.2857,344.1903,297.7381,397.0853,0.4490,0.3904,0.5165,0.4258
239,2012-04-22,17,45-64,231.2857,237.2437,205.0319,274.7206,0.4591,0.3940,0.5348,0.4283
239,2012-04-22,17,65+,102.7143,102.9981,88.2321,120.0815,0.4937,0.4219,0.5794,0.4564
240,2012-04-23,17,0-5,459.1429,473.7296,413.2110,548.0729,0.8942,0.7437,1.0902,0.8531
240,2012-04-23,17,6-11,213.7143,221.6056,193.0942,256.2774,0.8683,0.7417,1.0141,0.8351
240,2012-04-23,17,12-17,98.7143,104.9218,90.1898,121.3625,0.8197,0.6974,0.9624,0.7544
240,2012-04-23,17,18-44,305.4286,317.2389,275.1279,366.8203,0.4593,0.4001,0.5278,0.4197
240,2012-04-23,17,45-64,212.1429,221.0086,191.4003,257.1593,0.4719,0.4054,0.5489,0.4228
240,2012-04-23,17,65+,92.0000,97.3639,83.7195,114.5152,0.5107,0.4355,0.5966,0.4483
241,2012-04-24,17,0-5,413.8571,428.8724,375.5639,495.5941,0.9012,0.7487,1.0907,0.8549
241,2012-04-24,17,6-11,189.2857,195.9919,170.9630,225.1927,0.8697,0.7450,1.0194,0.8376
241,2012-04-24,17,12-17,87.2857,94.6850,81.2603,110.2768,0.8309,0.7074,0.9789,0.7574
241,2012-04-24,17,18-44,278.8571,293.7609,254.7515,339.0887,0.4680,0.4075,0.5398,0.4258
241,2012-04-24,17,45-64,200.8571,206.5916,178.8816,240.4699,0.4830,0.4150,0.5647,0.4329
241,2012-04-24,17,65+,88.0000,92.4069,79.3127,108.1220,0.5270,0.4499,0.6192,0.4622
242,2012-04-25,17,0-5,383.0000,388.1783,339.2696,447.5133,0.9062,0.7564,1.0903,0.8809
242,2012-04-25,17,6-11,171.7143,172.6322,150.3683,199.2427,0.8724,0.7455,1.0213,0.8637
242,2012-04-25,17,12-17,85.0000,85.7187,73.5220,99.9710,0.8387,0.7148,0.9949,0.8049
242,2012-04-25,17,18-44,262.4286,271.8346,234.5903,314.2319,0.4761,0.4150,0.5470,0.4429
242,2012-04-25,17,45-64,189.1429,192.7758,167.2574,224.9787,0.4932,0.4241,0.5750,0.4523
242,2012-04-25,17,65+,86.4286,87.7637,75.1427,102.9811,0.5411,0.4601,0.6369,0.4866
243,2012-04-26,17,0-5,368.5714,350.4873,308.1118,404.1814,0.9092,0.7521,1.0902,0.9416
243,2012-04-26,17,6-11,164.4286,151.9961,132.7551,175.5569,0.8717,0.7449,1.0182,0.9287
243,2012-04-26,17,12-17,83.5714,77.5476,66.2341,90.2789,0.8467,0.7198,0.9988,0.8725
243,2012-04-26,17,18-44,257.8571,251.4465,216.7320,290.7125,0.4836,0.4201,0.5562,0.4769
243,2012-04-26,17,45-64,186.8571,179.2739,155.2277,207.5542,0.5029,0.4318,0.5857,0.4870
243,2012-04-26,17,65+,83.7143,83.3316,71.5413,97.3362,0.5563,0.4718,0.6561,0.5198
244,2012-04-27,17,0-5,325.8571,316.2353,279.1262,364.6774,0.9050,0.7569,1.0854,0.9182
244,2012-04-27,17,6-11,138.7143,133.8181,116.2691,154.7012,0.8705,0.7442,1.0148,0.8936
244,2012-04-27,17,12-17,74.0000,70.0481,59.7272,82.0688,0.8529,0.7265,1.0037,0.8533
244,2012-04-27,17,18-44,235.4286,232.7863,201.6360,270.2566,0.4896,0.4255,0.5632,0.4702
244,2012-04-27,17,45-64,170.7143,166.6246,143.5110,192.6329,0.5116,0.4382,0.5980,0.4831
244,2012-04-27,17,65+,79.8571,79.4556,67.9381,92.8529,0.5693,0.4826,0.6723,0.5217
245,2012-04-28,17,0-5,287.8571,285.3415,250.0991,328.9875,0.9037,0.7519,1.0870,0.9001
245,2012-04-28,17,6-11,116.1429,117.4003,101.5045,135.6085,0.8724,0.7491,1.0172,0.8626
245,2012-04-28,17,12-17,64.0000,63.5419,54.0707,74.4536,0.8588,0.7328,1.0109,0.8276
245,2012-04-28,17,18-44,219.8571,217.4261,187.8794,252.7500,0.4958,0.4305,0.5705,0.4675
245,2012-04-28,17,45-64,155.7143,155.1671,133.6093,180.0102,0.5211,0.4464,0.6072,0.4828
245,2012-04-28,17,65+,78.4286,76.0698,64.9624,89.3549,0.5833,0.4931,0.6874,0.5316
246,2012-04-29,18,0-5,259.2857,257.6041,224.4984,296.8003,0.9113,0.7572,1.0933,0.9032
246,2012-04-29,18,6-11,102.5714,103.2171,88.8987,118.4561,0.8812,0.7586,1.0275,0.8687
246,2012-04-29,18,12-17,58.5714,57.6862,48.9455,67.9475,0.8703,0.7426,1.0291,0.8430
246,2012-04-29,18,18-44,206.5714,203.3420,175.9209,236.0216,0.5046,0.4390,0.5807,0.4789
246,2012-04-29,18,45-64,150.5714,145.2737,125.0467,168.5481,0.5318,0.4572,0.6189,0.4987
246,2012-04-29,18,65+,75.1429,72.9820,62.1313,86.1288,0.5969,0.5077,0.7066,0.5488
247,2012-04-30,18,0-5,232.5714,231.6873,201.2907,266.3716,0.9171,0.7624,1.0979,0.9018
247,2012-04-30,18,6-11,88.7143,90.8943,77.6835,104.8908,0.8922,0.7704,1.0414,0.8610
247,2012-04-30,18,12-17,51.2857,52.4461,44.2943,61.9813,0.8879,0.7565,1.0464,0.8310
247,2012-04-30,18,18-44,193.4286,189.5582,164.5607,220.7386,0.5151,0.4481,0.5932,0.4823
247,2012-04-30,18,45-64,139.4286,136.0384,117.5757,158.3536,0.5461,0.4687,0.6376,0.5030
247,2012-04-30,18,65+,72.1429,70.3437,59.9054,82.9417,0.6162,0.5224,0.7274,0.5582
248,2012-05-01,18,0-5,206.1429,208.4854,181.1090,239.0252,0.9270,0.7746,1.1141,0.8925
248,2012-05-01,18,6-11,79.4286,80.2264,68.7769,92.6522,0.9114,0.7838,1.0633,0.8650
248,2012-05-01,18,12-17,48.5714,47.8739,40.6399,56.9054,0.9109,0.7777,1.0743,0.8465
248,2012-05-01,18,18-44,178.5714,177.4976,153.7135,206.2867,0.5289,0.4601,0.6094,0.4829
248,2012-05-01,18,45-64,127.0000,128.3167,110.4447,149.1756,0.5646,0.4838,0.6578,0.5032
248,2012-05-01,18,65+,67.5714,67.8662,57.6815,80.3712,0.6383,0.5406,0.7526,0.5589
249,2012-05-02,18,0-5,181.1429,187.7808,162.7289,215.5104,0.9433,0.7890,1.1283,0.8730
249,2012-05-02,18,6-11,70.5714,71.1692,61.1251,82.7950,0.9360,0.8033,1.0940,0.8541
249,2012-05-02,18,12-17,41.7143,43.9101,37.1565,52.3215,0.9438,0.8061,1.1065,0.8130
249,2012-05-02,18,18-44,160.8571,166.2286,143.6855,191.9915,0.5472,0.4744,0.6315,0.4723
249,2012-05-02,18,45-64,112.5714,121.8965,104.5575,141.9373,0.5889,0.5033,0.6870,0.4903
249,2012-05-02,18,65+,62.4286,65.6550,55.7425,77.6793,0.6663,0.5629,0.7884,0.5489
250,2012-05-03,18,0-5,175.4286,168.9089,146.1252,194.6760,0.9588,0.8041,1.1448,0.9389
250,2012-05-03,18,6-11,65.2857,63.4987,54.3234,74.0800,0.9642,0.8285,1.1302,0.9042
250,2012-05-03,18,12-17,39.7143,40.5825,34.0665,48.4945,0.9800,0.8350,1.1482,0.8658
250,2012-05-03,18,18-44,156.5714,155.0443,133.5428,179.2594,0.5663,0.4920,0.6547,0.5076
250,2012-05-03,18,45-64,112.4286,116.4358,99.6571,135.6627,0.6145,0.5258,0.7178,0.5286
250,2012-05-03,18,65+,62.1429,63.4677,54.0256,75.1003,0.6938,0.5877,0.8199,0.5918
251,2012-05-04,18,0-5,151.4286,152.4304,131.9162,176.6057,0.9828,0.8203,1.1795,0.9115
251,2012-05-04,18,6-11,55.0000,57.0766,48.7680,66.9233,1.0027,0.8605,1.1716,0.8795
251,2012-05-04,18,12-17,34.8571,37.6801,31.4827,45.1873,1.0219,0.8710,1.1999,0.8578
251,2012-05-04,18,18-44,142.4286,144.7412,124.4232,168.2181,0.5899,0.5122,0.6804,0.5078
251,2012-05-04,18,45-64,107.8571,111.8546,96.1898,130.4097,0.6424,0.5517,0.7547,0.5373
251,2012-05-04,18,65+,59.8571,61.5335,52.2786,72.5838,0.7250,0.6153,0.8567,0.6060
252,2012-05-05,18,0-5,139.1429,138.0200,119.2443,159.7408,1.0087,0.8435,1.2041,0.9413
252,2012-05-05,18,6-11,50.2857,51.7416,43.9597,61.0987,1.0412,0.8960,1.2149,0.9186
252,2012-05-05,18,12-17,35.2857,35.2167,29.4030,42.1826,1.0608,0.9041,1.2477,0.9357
252,2012-05-05,18,18-44,136.5714,135.5677,116.3598,157.6431,0.6127,0.5321,0.7079,0.5398
252,2012-05-05,18,45-64,109.8571,108.5696,93.0044,126.5807,0.6698,0.5735,0.7818,0.5791
252,2012-05-05,18,65+,59.5714,59.6108,50.6990,70.7070,0.7545,0.6389,0.8881,0.6504
253,2012-05-06,19,0-5,123.7143,125.3143,107.7041,146.4246,1.0353,0.8709,1.2341,0.9319
253,2012-05-06,19,6-11,44.4286,47.4176,40.1632,56.3246,1.0818,0.9296,1.2623,0.9138
253,2012-05-06,19,12-17,32.5714,33.1916,27.7334,39.7949,1.0982,0.9369,1.2865,0.9399
253,2012-05-06,19,18-44,125.0000,127.3745,109.4103,149.1864,0.6358,0.5518,0.7329,0.5416
253,2012-05-06,19,45-64,103.7143,105.4853,90.0463,123.6887,0.6950,0.5943,0.8106,0.5855
253,2012-05-06,19,65+,58.4286,57.9740,49.2538,68.7847,0.7791,0.6584,0.9215,0.6652
254,2012-05-07,19,0-5,111.5714,114.3454,98.4239,133.0036,1.0696,0.8962,1.2794,0.9381
254,2012-05-07,19,6-11,41.7143,43.9693,37.1003,52.2677,1.1188,0.9630,1.2995,0.9421
254,2012-05-07,19,12-17,31.0000,31.5606,26.4253,37.8158,1.1282,0.9636,1.3177,0.9698
254,2012-05-07,19,18-44,115.4286,120.7697,103.4660,141.9841,0.6563,0.5696,0.7567,0.5558
254,2012-05-07,19,45-64,102.2857,103.1596,88.3113,120.9392,0.7153,0.6127,0.8354,0.6075
254,2012-05-07,19,65+,58.0000,56.5077,47.8384,67.0240,0.7975,0.6754,0.9391,0.6940
255,2012-05-08,19,0-5,103.1429,105.0644,90.1293,123.0684,1.0976,0.9173,1.3092,0.9599
255,2012-05-08,19,6-11,38.1429,41.0811,34.6882,48.6396,1.1449,0.9860,1.3296,0.9603
255,2012-05-08,19,12-17,29.1429,30.0905,25.2490,36.1476,1.1468,0.9779,1.3486,0.9901
255,2012-05-08,19,18-44,109.4286,115.0722,98.5710,135.1845,0.6705,0.5815,0.7737,0.5707
255,2012-05-08,19,45-64,100.4286,100.9295,86.2709,118.5689,0.7267,0.6231,0.8507,0.6245
255,2012-05-08,19,65+,55.0000,55.0016,46.0512,64.7370,0.8080,0.6840,0.9537,0.7063
256,2012-05-09,19,0-5,98.7143,97.2631,82.9179,113.7601,1.1176,0.9392,1.3483,1.0341
256,2012-05-09,19,6-11,39.7143,38.7658,32.6645,46.0362,1.1593,0.9950,1.3539,1.0744
256,2012-05-09,19,12-17,30.5714,28.9043,24.0474,34.6631,1.1534,0.9854,1.3565,1.1006
256,2012-05-09,19,18-44,112.8571,110.4304,94.6170,129.9792,0.6764,0.5859,0.7806,0.6287
256,2012-05-09,19,45-64,104.5714,98.7165,84.3001,115.5908,0.7298,0.6238,0.8516,0.6877
256,2012-05-09,19,65+,56.2857,53.4248,44.7952,63.0560,0.8087,0.6849,0.9510,0.7708
257,2012-05-10,19,0-5,89.8571,90.7021,77.1094,105.9869,1.1379,0.9549,1.3600,1.0554
257,2012-05-10,19,6-11,41.0000,36.6716,30.8627,43.5808,1.1638,0.9981,1.3529,1.1543
257,2012-05-10,19,12-17,30.8571,27.8401,23.1074,33.4357,1.1586,0.9873,1.3569,1.1583
257,2012-05-10,19,18-44,112.5714,106.1379,90.8279,124.6153,0.6794,0.5896,0.7838,0.6580
257,2012-05-10,19,45-64,103.7143,95.9719,82.4617,112.7066,0.7290,0.6249,0.8533,0.7185
257,2012-05-10,19,65+,56.5714,51.7354,43.4310,61.4510,0.8074,0.6844,0.9496,0.8045
258,2012-05-11,19,0-5,82.1429,85.1710,72.7070,99.5978,1.1618,0.9796,1.3865,1.0382
258,2012-05-11,19,6-11,38.4286,35.0005,29.2685,41.7336,1.1660,1.0023,1.3603,1.1280
258,2012-05-11,19,12-17,27.7143,26.9097,22.5185,32.5568,1.1608,0.9895,1.3623,1.0943
258,2012-05-11,19,18-44,106.4286,102.7712,88.1558,120.3832,0.6816,0.5912,0.7880,0.6355
258,2012-05-11,19,45-64,95.0000,93.4051,79.9670,109.5739,0.7275,0.6229,0.8511,0.6835
258,2012-05-11,19,65+,50.0000,50.1735,42.1189,59.7152,0.8054,0.6828,0.9515,0.7529
259,2012-05-12,19,0-5,76.8571,80.7915,68.7995,94.9482,1.1828,0.9909,1.4036,1.0409
259,2012-05-12,19,6-11,33.5714,33.4807,27.7708,40.0377,1.1709,1.0057,1.3645,1.0828
259,2012-05-12,19,12-17,24.7143,26.1966,21.7704,31.6714,1.1695,1.0007,1.3748,1.0528
259,2012-05-12,19,18-44,101.0000,99.6386,85.8317,116.7381,0.6851,0.5945,0.7903,0.6303
259,2012-05-12,19,45-64,91.0000,90.9347,77.4107,106.5106,0.7291,0.6258,0.8497,0.6793
259,2012-05-12,19,65+,49.5714,49.1042,41.1576,58.2558,0.8091,0.6888,0.9545,0.7578
260,2012-05-13,20,0-5,76.8571,77.5761,65.9579,91.2471,1.1949,1.0036,1.4267,1.0942
260,2012-05-13,20,6-11,32.1429,32.0419,26.4638,38.5438,1.1822,1.0176,1.3771,1.1000
260,2012-05-13,20,12-17,24.5714,25.7388,21.3761,31.0975,1.1856,1.0134,1.3962,1.0734
260,2012-05-13,20,18-44,98.7143,97.0575,82.9078,114.1735,0.6892,0.5996,0.7969,0.6398
260,2012-05-13,20,45-64,86.7143,88.4309,75.3572,103.6996,0.7332,0.6307,0.8562,0.6789
260,2012-05-13,20,65+,45.1429,47.9541,40.2438,57.0541,0.8180,0.6941,0.9621,0.7425
261,2012-05-14,20,0-5,75.2857,74.9460,63.6368,88.4791,1.2033,1.0066,1.4341,1.1249
261,2012-05-14,20,6-11,29.8571,30.7562,25.3261,36.8865,1.1951,1.0262,1.3907,1.1008
261,2012-05-14,20,12-17,25.0000,25.3840,20.9920,30.6980,1.2039,1.0266,1.4122,1.1109
261,2012-05-14,20,18-44,93.8571,94.1042,80.2331,111.5513,0.6954,0.6039,0.7995,0.6486
261,2012-05-14,20,45-64,84.5714,85.9460,73.2344,100.3024,0.7387,0.6338,0.8604,0.6898
261,2012-05-14,20,65+,44.1429,47.0682,39.5423,56.3052,0.8275,0.6998,0.9720,0.7551
262,2012-05-15,20,0-5,72.7143,72.5161,61.4501,85.1605,1.2053,1.0110,1.4366,1.1431
262,2012-05-15,20,6-11,29.1429,29.6737,24.4864,35.4516,1.2106,1.0422,1.4076,1.1234
262,2012-05-15,20,12-17,25.1429,25.1448,20.6845,30.6144,1.2175,1.0401,1.4256,1.1385
262,2012-05-15,20,18-44,90.0000,91.3309,77.8658,107.9232,0.6994,0.6069,0.8038,0.6563
262,2012-05-15,20,45-64,80.7143,83.3549,71.1526,97.7990,0.7408,0.6359,0.8630,0.6982
262,2012-05-15,20,65+,44.7143,46.3155,38.7340,55.3585,0.8304,0.7047,0.9801,0.7757
263,2012-05-16,20,0-5,72.8571,70.1310,59.3153,82.3781,1.2068,1.0069,1.4361,1.1898
263,2012-05-16,20,6-11,28.8571,28.7266,23.9214,34.4504,1.2257,1.0508,1.4259,1.1616
263,2012-05-16,20,12-17,24.2857,25.0131,20.4459,30.3123,1.2339,1.0529,1.4543,1.1558
263,2012-05-16,20,18-44,87.8571,89.2146,76.0981,104.9216,0.7040,0.6107,0.8120,0.6760
263,2012-05-16,20,45-64,79.8571,80.8484,68.8784,94.7482,0.7444,0.6393,0.8674,0.7197
263,2012-05-16,20,65+,45.7143,45.7501,38.1000,54.4650,0.8356,0.7082,0.9899,0.8090
264,2012-05-17,20,0-5,71.2857,67.8287,57.5697,80.0227,1.1990,1.0040,1.4335,1.2058
264,2012-05-17,20,6-11,26.0000,28.0500,23.3324,33.6237,1.2403,1.0617,1.4455,1.1412
264,2012-05-17,20,12-17,23.5714,24.9331,20.4406,30.0532,1.2446,1.0587,1.4651,1.1620
264,2012-05-17,20,18-44,86.2857,87.2619,74.4802,102.7681,0.7053,0.6100,0.8166,0.6832
264,2012-05-17,20,45-64,78.2857,77.8467,66.3065,91.3794,0.7431,0.6377,0.8694,0.7287
264,2012-05-17,20,65+,45.1429,45.1202,37.4876,53.5618,0.8326,0.7047,0.9874,0.8205
265,2012-05-18,20,0-5,67.5714,65.2925,55.6927,77.0834,1.1923,0.9974,1.4150,1.2037
265,2012-05-18,20,6-11,27.0000,27.5396,22.7780,33.1148,1.2493,1.0697,1.4602,1.1928
265,2012-05-18,20,12-17,23.8571,24.8784,20.5366,29.9942,1.2473,1.0637,1.4683,1.1955
265,2012-05-18,20,18-44,85.7143,85.6997,73.2509,100.9352,0.7032,0.6089,0.8124,0.6960
265,2012-05-18,20,45-64,76.4286,75.1943,63.9835,88.4344,0.7385,0.6353,0.8579,0.7420
265,2012-05-18,20,65+,45.2857,44.2668,36.8701,52.4863,0.8245,0.7004,0.9737,0.8383
266,2012-05-19,20,0-5,65.2857,62.8738,53.5051,74.4404,1.1910,0.9975,1.4234,1.2039
266,2012-05-19,20,6-11,27.2857,27.1724,22.5249,32.7997,1.2535,1.0768,1.4591,1.2197
266,2012-05-19,20,12-17,25.5714,24.9101,20.6194,30.0353,1.2450,1.0595,1.4649,1.2465
266,2012-05-19,20,18-44,83.7143,84.4740,72.0519,99.6074,0.7004,0.6083,0.8070,0.6986
266,2012-05-19,20,45-64,73.7143,72.5975,61.4289,85.4063,0.7323,0.6315,0.8488,0.7418
266,2012-05-19,20,65+,43.4286,43.3641,36.0121,51.6545,0.8147,0.6936,0.9571,0.8302
267,2012-05-20,21,0-5,60.0000,60.3976,51.3421,71.3483,1.1935,1.0002,1.4321,1.1688
267,2012-05-20,21,6-11,25.7143,26.9296,22.3492,32.5387,1.2528,1.0763,1.4676,1.2018
267,2012-05-20,21,12-17,25.2857,24.8639,20.6059,30.0905,1.2307,1.0448,1.4478,1.2477
267,2012-05-20,21,18-44,82.0000,83.3183,71.0093,98.4770,0.6942,0.6026,0.8026,0.6967
267,2012-05-20,21,45-64,72.1429,69.9165,59.3484,82.5821,0.7212,0.6194,0.8379,0.7456
267,2012-05-20,21,65+,43.8571,42.2249,35.2353,50.5880,0.7998,0.6777,0.9398,0.8419
268,2012-05-21,21,0-5,56.5714,58.1722,49.5071,68.7514,1.1971,0.9975,1.4332,1.1802
268,2012-05-21,21,6-11,28.2857,26.7315,22.2744,32.1835,1.2438,1.0653,1.4604,1.2885
268,2012-05-21,21,12-17,26.2857,24.7704,20.5895,30.0523,1.2128,1.0263,1.4252,1.2867
268,2012-05-21,21,18-44,85.2857,82.0018,69.8902,97.0290,0.6854,0.5951,0.7917,0.7150
268,2012-05-21,21,45-64,68.4286,67.2989,57.1574,79.3194,0.7075,0.6085,0.8234,0.7531
268,2012-05-21,21,65+,43.0000,40.9280,34.3652,48.7147,0.7810,0.6623,0.9236,0.8460
269,2012-05-22,21,0-5,53.8571,56.3207,47.7520,66.6820,1.2024,1.0086,1.4439,1.1764
269,2012-05-22,21,6-11,28.2857,26.5531,22.0235,31.9683,1.2301,1.0508,1.4388,1.2937
269,2012-05-22,21,12-17,25.1429,24.6283,20.3652,29.8130,1.1916,1.0112,1.4011,1.2574
269,2012-05-22,21,18-44,84.4286,80.6829,68.6352,95.0119,0.6778,0.5870,0.7819,0.7123
269,2012-05-22,21,45-64,66.4286,64.8464,54.8815,76.2301,0.6956,0.5983,0.8066,0.7452
269,2012-05-22,21,65+,40.7143,39.4707,33.2788,47.1851,0.7633,0.6480,0.8980,0.8295
270,2012-05-23,21,0-5,53.7143,54.8382,46.1579,65.0444,1.2163,1.0134,1.4561,1.1993
270,2012-05-23,21,6-11,26.5714,26.2377,21.7866,31.7382,1.2137,1.0377,1.4228,1.2650
270,2012-05-23,21,12-17,25.7143,24.3444,19.9929,29.5509,1.1739,0.9984,1.3799,1.2686
270,2012-05-23,21,18-44,83.0000,78.7155,67.6164,92.5175,0.6723,0.5824,0.7764,0.7113
270,2012-05-23,21,45-64,64.4286,62.5744,52.9132,73.4476,0.6868,0.5896,0.8008,0.7407
270,2012-05-23,21,65+,39.0000,37.7857,31.7870,45.1656,0.7510,0.6364,0.8877,0.8190
271,2012-05-24,21,0-5,52.4286,53.9318,45.2842,63.4974,1.2319,1.0286,1.4757,1.2179
271,2012-05-24,21,6-11,27.8571,25.8743,21.3324,31.4346,1.2051,1.0297,1.4149,1.3119
271,2012-05-24,21,12-17,26.0000,23.9114,19.7686,29.1191,1.1605,0.9845,1.3738,1.2948
271,2012-05-24,21,18-44,82.1429,76.7755,65.5861,90.1627,0.6720,0.5811,0.7781,0.7264
271,2012-05-24,21,45-64,65.1429,60.4365,50.9655,71.0556,0.6847,0.5859,0.8001,0.7579
271,2012-05-24,21,65+,38.8571,36.1264,30.3275,43.0908,0.7460,0.6329,0.8812,0.8375
272,2012-05-25,21,0-5,49.0000,53.2911,44.7275,63.0292,1.2518,1.0409,1.4963,1.0997
272,2012-05-25,21,6-11,24.5714,25.3570,20.8745,30.8216,1.2022,1.0273,1.4034,1.1283
272,2012-05-25,21,12-17,23.1429,23.2806,19.3099,28.3880,1.1521,0.9805,1.3614,1.1027
272,2012-05-25,21,18-44,66.2857,74.9217,63.6841,88.1417,0.6760,0.5859,0.7843,0.6067
272,2012-05-25,21,45-64,50.5714,58.3799,49.2027,69.0958,0.6874,0.5903,0.8021,0.6185
272,2012-05-25,21,65+,30.7143,34.5596,28.9210,41.2970,0.7466,0.6339,0.8798,0.6801
273,2012-05-26,21,0-5,52.7143,52.9940,44.6848,62.7369,1.2614,1.0512,1.5101,1.2253
273,2012-05-26,21,6-11,24.8571,24.7167,20.4027,30.0354,1.2056,1.0303,1.4083,1.2139
273,2012-05-26,21,12-17,21.7143,22.6531,18.7264,27.5587,1.1521,0.9775,1.3581,1.1518
273,2012-05-26,21,18-44,70.5714,73.0435,61.9085,85.8584,0.6841,0.5914,0.7903,0.6741
273,2012-05-26,21,45-64,56.8571,56.8942,47.9761,67.6836,0.6955,0.5962,0.8119,0.6917
273,2012-05-26,21,65+,31.7143,33.0226,27.5902,39.5934,0.7522,0.6383,0.8888,0.7549
274,2012-05-27,22,0-5,53.1429,52.8381,44.6381,62.6273,1.2681,1.0593,1.5228,1.2632
274,2012-05-27,22,6-11,24.4286,23.9375,19.6982,29.0899,1.2161,1.0396,1.4236,1.2367
274,2012-05-27,22,12-17,21.5714,21.8819,17.9990,26.6512,1.1570,0.9829,1.3699,1.1774
274,2012-05-27,22,18-44,70.2857,71.2317,60.5532,84.1889,0.6951,0.5996,0.8047,0.6902
274,2012-05-27,22,45-64,54.8571,55.3794,46.9291,65.7651,0.7085,0.6056,0.8294,0.7064
274,2012-05-27,22,65+,31.8571,31.4906,26.2845,37.5836,0.7657,0.6458,0.9042,0.7783
275,2012-05-28,22,0-5,53.7143,52.3568,44.0682,62.1138,1.2648,1.0625,1.5132,1.2695
275,2012-05-28,22,6-11,21.1429,23.2275,19.0159,28.2145,1.2206,1.0478,1.4269,1.1596
275,2012-05-28,22,12-17,18.8571,20.9555,17.3085,25.5424,1.1595,0.9849,1.3676,1.1074
275,2012-05-28,22,18-44,67.8571,69.7511,59.1634,82.3271,0.7007,0.6077,0.8110,0.6737
275,2012-05-28,22,45-64,52.4286,54.0300,45.7238,64.3073,0.7176,0.6160,0.8368,0.6844
275,2012-05-28,22,65+,28.1429,30.0752,25.1239,36.0824,0.7740,0.6569,0.9145,0.7404
276,2012-05-29,22,0-5,54.0000,51.8554,43.7259,61.3763,1.2590,1.0548,1.5115,1.2917
276,2012-05-29,22,6-11,21.7143,22.4797,18.2492,27.2831,1.2263,1.0488,1.4307,1.2021
276,2012-05-29,22,12-17,19.0000,19.9904,16.5659,24.5378,1.1614,0.9876,1.3630,1.1401
276,2012-05-29,22,18-44,67.5714,68.5356,58.1191,80.9376,0.7071,0.6119,0.8185,0.6850
276,2012-05-29,22,45-64,50.4286,53.0613,44.8186,62.9818,0.7288,0.6244,0.8528,0.6913
276,2012-05-29,22,65+,26.8571,28.8948,24.0905,34.6642,0.7862,0.6664,0.9273,0.7430
277,2012-05-30,22,0-5,50.5714,51.0091,42.9840,60.2044,1.2450,1.0468,1.4940,1.2467
277,2012-05-30,22,6-11,21.5714,21.8166,17.6708,26.5401,1.2239,1.0450,1.4304,1.2120
277,2012-05-30,22,12-17,18.2857,19.0021,15.6750,23.4184,1.1507,0.9756,1.3528,1.1471
277,2012-05-30,22,18-44,65.7143,67.2769,57.0965,79.7224,0.7072,0.6118,0.8199,0.6838
277,2012-05-30,22,45-64,49.8571,52.1782,43.8578,61.7241,0.7337,0.6276,0.8598,0.6963
277,2012-05-30,22,65+,25.7143,27.8702,23.2760,33.7130,0.7933,0.6710,0.9364,0.7456
278,2012-05-31,22,0-5,51.2857,49.8439,42.3936,59.0271,1.2244,1.0248,1.4642,1.2800
278,2012-05-31,22,6-11,21.7143,21.1109,17.1609,25.7827,1.2128,1.0324,1.4197,1.2483
278,2012-05-31,22,12-17,18.2857,18.0178,14.8123,22.0522,1.1293,0.9646,1.3282,1.1815
278,2012-05-31,22,18-44,65.7143,66.1263,55.8992,78.2217,0.6998,0.6043,0.8104,0.7009
278,2012-05-31,22,45-64,49.0000,51.5286,43.2990,60.8502,0.7305,0.6239,0.8553,0.7127
278,2012-05-31,22,65+,25.5714,26.9681,22.3662,32.6781,0.7898,0.6664,0.9364,0.7654
279,2012-06-01,22,0-5,52.5714,48.6549,41.2681,57.6098,1.2003,1.0039,1.4376,1.3925
279,2012-06-01,22,6-11,21.8571,20.4776,16.5650,24.9991,1.1964,1.0212,1.4052,1.3769
279,2012-06-01,22,12-17,20.0000,16.9963,13.8392,20.8150,1.1057,0.9404,1.3026,1.3723
279,2012-06-01,22,18-44,74.8571,64.2930,54.5709,76.1466,0.6878,0.5937,0.7972,0.8142
279,2012-06-01,22,45-64,58.8571,50.9129,42.8174,60.2402,0.7218,0.6155,0.8452,0.8516
279,2012-06-01,22,65+,30.5714,26.1146,21.6418,31.7550,0.7818,0.6624,0.9268,0.9250
280,2012-06-02,22,0-5,48.0000,47.2460,39.8549,56.0346,1.1820,0.9906,1.4190,1.2654
280,2012-06-02,22,6-11,20.0000,19.9137,16.0938,24.3063,1.1896,1.0187,1.3908,1.2536
280,2012-06-02,22,12-17,18.7143,15.9303,12.9494,19.6025,1.0835,0.9195,1.2760,1.2555
280,2012-06-02,22,18-44,67.4286,62.2718,52.9870,73.2822,0.6787,0.5861,0.7856,0.7335
280,2012-06-02,22,45-64,51.8571,50.2004,42.4188,59.5394,0.7150,0.6097,0.8383,0.7645
280,2012-06-02,22,65+,28.2857,25.3600,21.0307,30.8617,0.7781,0.6558,0.9201,0.8382
281,2012-06-03,23,0-5,43.8571,45.8520,38.6187,54.3640,1.1791,0.9875,1.4130,1.1419
281,2012-06-03,23,6-11,18.1429,19.4280,15.7093,23.8584,1.1905,1.0127,1.3950,1.1208
281,2012-06-03,23,12-17,16.0000,14.9579,11.9959,18.4722,1.0710,0.9102,1.2636,1.0931
281,2012-06-03,23,18-44,57.8571,60.4958,51.2862,71.0438,0.6749,0.5823,0.7808,0.6437
281,2012-06-03,23,45-64,46.0000,50.0074,42.2836,59.2748,0.7123,0.6076,0.8365,0.6656
281,2012-06-03,23,65+,22.8571,24.8264,20.5340,30.2408,0.7779,0.6573,0.9228,0.7132
282,2012-06-04,23,0-5,42.1429,44.4963,37.4190,53.0999,1.1789,0.9840,1.4142,1.1562
282,2012-06-04,23,6-11,19.0000,19.1108,15.3951,23.4499,1.1982,1.0206,1.4066,1.1887
282,2012-06-04,23,12-17,15.1429,14.0149,11.2534,17.4115,1.0658,0.9067,1.2565,1.1331
282,2012-06-04,23,18-44,56.4286,58.4835,49.0762,68.4875,0.6732,0.5825,0.7809,0.6790
282,2012-06-04,23,45-64,51.1429,49.7488,41.9611,59.0955,0.7124,0.6075,0.8379,0.7206
282,2012-06-04,23,65+,24.2857,24.4052,20.1062,29.7490,0.7826,0.6603,0.9230,0.7779
283,2012-06-05,23,0-5,42.0000,43.1915,36.1908,51.5122,1.1826,0.9853,1.4205,1.1814
283,2012-06-05,23,6-11,18.1429,18.8116,15.2647,23.0576,1.2107,1.0358,1.4270,1.1839
283,2012-06-05,23,12-17,13.4286,13.1538,10.5567,16.4383,1.0744,0.9102,1.2668,1.0978
283,2012-06-05,23,18-44,54.8571,56.2105,47.3349,66.0539,0.6766,0.5857,0.7853,0.6814
283,2012-06-05,23,45-64,50.0000,49.3767,41.4800,58.7184,0.7165,0.6100,0.8392,0.7206
283,2012-06-05,23,65+,23.4286,24.0209,19.8443,29.3212,0.7884,0.6673,0.9318,0.7777
284,2012-06-06,23,0-5,40.2857,41.8299,35.0946,50.1554,1.1854,0.9849,1.4258,1.1784
284,2012-06-06,23,6-11,18.1429,18.5591,15.1020,22.6940,1.2263,1.0440,1.4418,1.1966
284,2012-06-06,23,12-17,11.4286,12.3521,9.9592,15.5235,1.0895,0.9262,1.2812,1.0487
284,2012-06-06,23,18-44,53.1429,54.0580,45.6797,63.5252,0.6813,0.5894,0.7930,0.6786
284,2012-06-06,23,45-64,48.2857,48.6092,40.8957,57.8132,0.7225,0.6153,0.8489,0.7148
284,2012-06-06,23,65+,22.5714,23.7034,19.5400,28.6785,0.7989,0.6749,0.9488,0.7730
285,2012-06-07,23,0-5,41.8571,40.4722,34.1007,48.5888,1.1879,0.9880,1.4253,1.2394
285,2012-06-07,23,6-11,17.7143,18.3779,14.8772,22.4445,1.2446,1.0608,1.4672,1.2167
285,2012-06-07,23,12-17,10.4286,11.7068,9.3013,14.7523,1.1166,0.9469,1.3160,1.0534
285,2012-06-07,23,18-44,51.8571,52.0016,43.8837,61.5801,0.6885,0.5948,0.7983,0.6967
285,2012-06-07,23,45-64,48.5714,47.5500,39.9050,56.6346,0.7308,0.6236,0.8574,0.7341
285,2012-06-07,23,65+,22.5714,23.4087,19.3091,28.2900,0.8110,0.6849,0.9652,0.7961
286,2012-06-08,23,0-5,40.0000,39.1525,33.0157,46.8474,1.1914,0.9952,1.4319,1.2149
286,2012-06-08,23,6-11,18.2857,18.1770,14.6670,22.2206,1.2589,1.0767,1.4851,1.2315
286,2012-06-08,23,12-17,9.1429,11.2517,8.9430,14.2790,1.1483,0.9744,1.3460,1.0092
286,2012-06-08,23,18-44,48.7143,50.0972,42.3170,59.5455,0.6960,0.6017,0.8057,0.6803
286,2012-06-08,23,45-64,44.8571,46.2776,38.8839,55.1525,0.7398,0.6319,0.8697,0.7149
286,2012-06-08,23,65+,23.0000,23.1206,18.9389,28.1342,0.8242,0.6930,0.9764,0.7956
287,2012-06-09,23,0-5,38.5714,37.9030,31.8595,45.2655,1.1922,0.9880,1.4366,1.1885
287,2012-06-09,23,6-11,18.1429,17.9568,14.6100,22.0409,1.2763,1.0897,1.5076,1.2138
287,2012-06-09,23,12-17,8.5714,10.9504,8.7359,13.8881,1.1781,0.9988,1.3916,0.9784
287,2012-06-09,23,18-44,45.5714,48.2204,40.8086,57.8441,0.7016,0.6058,0.8117,0.6534
287,2012-06-09,23,45-64,40.4286,44.9972,37.7895,53.4681,0.7470,0.6387,0.8776,0.6787
287,2012-06-09,23,65+,21.1429,22.8493,18.7095,28.0002,0.8319,0.7025,0.9873,0.7532
288,2012-06-10,24,0-5,37.7143,36.6010,30.7319,43.7037,1.1930,0.9962,1.4402,1.2552
288,2012-06-10,24,6-11,19.5714,17.8141,14.5126,21.8670,1.2843,1.0958,1.5136,1.3551
288,2012-06-10,24,12-17,9.5714,10.8324,8.6190,13.6357,1.2046,1.0178,1.4249,1.1480
288,2012-06-10,24,18-44,49.4286,46.7419,39.2631,56.1440,0.7052,0.6098,0.8183,0.7407
288,2012-06-10,24,45-64,46.5714,43.6311,36.5362,51.8132,0.7520,0.6413,0.8844,0.7884
288,2012-06-10,24,65+,23.4286,22.6930,18.5529,27.7145,0.8370,0.7051,0.9940,0.8700
289,2012-06-11,24,0-5,36.2857,35.3993,29.7220,42.1504,1.2020,1.0019,1.4367,1.2199
289,2012-06-11,24,6-11,18.0000,17.6470,14.4646,21.7921,1.2966,1.1069,1.5300,1.2827
289,2012-06-11,24,12-17,10.4286,10.8149,8.5168,13.5384,1.2249,1.0371,1.4505,1.1714
289,2012-06-11,24,18-44,46.2857,45.4116,37.9453,54.3010,0.7098,0.6143,0.8226,0.7111
289,2012-06-11,24,45-64,42.7143,42.3210,35.3932,50.4804,0.7556,0.6447,0.8882,0.7566
289,2012-06-11,24,65+,22.7143,22.4000,18.3156,27.1969,0.8379,0.7072,0.9963,0.8398
290,2012-06-12,24,0-5,34.1429,34.2131,28.5270,40.7923,1.2151,1.0122,1.4646,1.1794
290,2012-06-12,24,6-11,17.5714,17.5121,14.3334,21.5681,1.3048,1.1166,1.5397,1.2603
290,2012-06-12,24,12-17,11.5714,10.8633,8.5605,13.6106,1.2336,1.0415,1.4633,1.2242
290,2012-06-12,24,18-44,43.1429,44.3441,36.9729,52.9113,0.7132,0.6171,0.8277,0.6960
290,2012-06-12,24,45-64,41.1429,41.0966,34.2167,49.0715,0.7564,0.6437,0.8907,0.7477
290,2012-06-12,24,65+,22.7143,22.1186,18.1383,26.9361,0.8336,0.7013,0.9951,0.8357
291,2012-06-13,24,0-5,33.7143,33.0893,27.7957,40.0855,1.2338,1.0237,1.4767,1.1990
291,2012-06-13,24,6-11,17.2857,17.4174,14.2023,21.4613,1.3176,1.1240,1.5524,1.2692
291,2012-06-13,24,12-17,11.7143,10.9600,8.6550,13.7824,1.2343,1.0438,1.4613,1.2404
291,2012-06-13,24,18-44,42.8571,43.4043,36.4603,51.7934,0.7146,0.6177,0.8298,0.7039
291,2012-06-13,24,45-64,40.4286,40.0972,33.4076,47.7004,0.7534,0.6418,0.8875,0.7544
291,2012-06-13,24,65+,22.5714,21.7457,17.7372,26.5297,0.8263,0.6948,0.9814,0.8430
292,2012-06-14,24,0-5,31.2857,32.2564,26.9610,39.1406,1.2596,1.0496,1.5048,1.1738
292,2012-06-14,24,6-11,16.2857,17.4061,14.1515,21.3920,1.3381,1.1394,1.5749,1.2503
292,2012-06-14,24,12-17,12.1429,11.0191,8.7271,13.8894,1.2348,1.0416,1.4631,1.2642
292,2012-06-14,24,18-44,42.7143,42.6664,35.9528,50.7876,0.7189,0.6215,0.8309,0.7063
292,2012-06-14,24,45-64,39.7143,39.1768,32.7268,46.5416,0.7527,0.6415,0.8828,0.7604
292,2012-06-14,24,65+,22.5714,21.3262,17.3176,26.0784,0.8215,0.6910,0.9742,0.8507
293,2012-06-15,24,0-5,30.2857,31.8264,26.6800,38.4778,1.2854,1.0657,1.5472,1.1626
293,2012-06-15,24,6-11,15.8571,17.3705,14.1028,21.5773,1.3480,1.1420,1.5930,1.2317
293,2012-06-15,24,12-17,12.1429,11.0928,8.8115,13.9642,1.2276,1.0359,1.4592,1.2439
293,2012-06-15,24,18-44,40.5714,42.0358,35.3052,50.2132,0.7189,0.6218,0.8319,0.6901
293,2012-06-15,24,45-64,38.1429,38.2769,32.1325,45.7889,0.7476,0.6363,0.8772,0.7395
293,2012-06-15,24,65+,21.0000,20.7640,16.9511,25.4292,0.8120,0.6844,0.9628,0.8184
294,2012-06-16,24,0-5,30.2857,31.6274,26.4412,38.2538,1.3078,1.0864,1.5761,1.2093
294,2012-06-16,24,6-11,16.5714,17.4376,14.1134,21.5902,1.3529,1.1458,1.5957,1.2962
294,2012-06-16,24,12-17,11.7143,11.1349,8.8342,14.1055,1.2189,1.0295,1.4431,1.2527
294,2012-06-16,24,18-44,41.2857,41.3426,34.7861,49.4329,0.7186,0.6205,0.8349,0.7180
294,2012-06-16,24,45-64,39.7143,37.4714,31.2743,44.9619,0.7425,0.6334,0.8732,0.7667
294,2012-06-16,24,65+,20.1429,20.1152,16.3896,24.7612,0.8042,0.6788,0.9562,0.8331
295,2012-06-17,25,0-5,31.2857,31.7771,26.4046,38.4202,1.3226,1.0991,1.5979,1.2707
295,2012-06-17,25,6-11,17.5714,17.5032,14.1666,21.7168,1.3463,1.1425,1.5862,1.3550
295,2012-06-17,25,12-17,11.5714,11.0992,8.7447,14.1096,1.2044,1.0159,1.4243,1.2361
295,2012-06-17,25,18-44,42.8571,40.6325,34.2698,48.6177,0.7151,0.6169,0.8269,0.7251
295,2012-06-17,25,45-64,36.1429,36.7707,30.5163,43.9295,0.7359,0.6269,0.8629,0.7503
295,2012-06-17,25,65+,19.1429,19.5155,15.8470,24.0222,0.7964,0.6721,0.9470,0.8121
296,2012-06-18,25,0-5,31.2857,32.0789,26.4263,38.8047,1.3409,1.1069,1.6063,1.2754
296,2012-06-18,25,6-11,19.1429,17.5345,14.1218,21.8097,1.3373,1.1296,1.5814,1.4030
296,2012-06-18,25,12-17,10.7143,11.0079,8.6022,13.9936,1.1926,1.0032,1.4176,1.1969
296,2012-06-18,25,18-44,40.1429,39.9515,33.6097,47.6879,0.7124,0.6154,0.8256,0.7200
296,2012-06-18,25,45-64,36.1429,35.9011,29.8887,42.8399,0.7306,0.6221,0.8597,0.7479
296,2012-06-18,25,65+,19.1429,18.8835,15.3041,23.1329,0.7906,0.6661,0.9433,0.8190
297,2012-06-19,25,0-5,32.0000,32.5503,26.7937,39.7222,1.3409,1.1095,1.6119,1.2993
297,2012-06-19,25,6-11,18.4286,17.5547,14.1738,21.6874,1.3211,1.1160,1.5558,1.3696
297,2012-06-19,25,12-17,10.2857,10.8939,8.4735,13.9131,1.1780,0.9953,1.4014,1.1734
297,2012-06-19,25,18-44,40.2857,39.3411,32.9705,46.9122,0.7072,0.6097,0.8181,0.7159
297,2012-06-19,25,45-64,34.8571,35.1189,29.3529,42.1802,0.7241,0.6156,0.8503,0.7357
297,2012-06-19,25,65+,17.7143,18.3147,14.8325,22.4284,0.7828,0.6601,0.9286,0.7943
298,2012-06-20,25,0-5,32.0000,33.1417,27.3893,39.9852,1.3310,1.1051,1.6091,1.2901
298,2012-06-20,25,6-11,17.7143,17.5132,14.1406,21.4271,1.3023,1.1055,1.5398,1.3292
298,2012-06-20,25,12-17,10.4286,10.7375,8.2840,13.6507,1.1649,0.9798,1.3831,1.1770
298,2012-06-20,25,18-44,38.5714,38.7449,32.2582,46.0058,0.6999,0.6050,0.8088,0.7043
298,2012-06-20,25,45-64,33.4286,34.3638,28.6643,41.1149,0.7168,0.6099,0.8424,0.7279
298,2012-06-20,25,65+,18.1429,17.7395,14.4243,21.7158,0.7741,0.6505,0.9232,0.8011
299,2012-06-21,25,0-5,34.1429,33.6668,27.8311,40.3973,1.3089,1.0783,1.5852,1.3558
299,2012-06-21,25,6-11,18.5714,17.3328,14.0517,21.1535,1.2877,1.0939,1.5176,1.3790
299,2012-06-21,25,12-17,10.2857,10.4855,8.1285,13.3624,1.1510,0.9690,1.3677,1.1987
299,2012-06-21,25,18-44,38.5714,38.1671,31.7492,45.2601,0.6933,0.5997,0.8044,0.7251
299,2012-06-21,25,45-64,34.0000,33.5702,27.9250,40.4175,0.7125,0.6068,0.8403,0.7474
299,2012-06-21,25,65+,18.0000,17.1925,13.9256,21.1052,0.7686,0.6482,0.9169,0.8199
300,2012-06-22,25,0-5,36.1429,33.8998,28.2554,40.8475,1.2733,1.0611,1.5400,1.3793
300,2012-06-22,25,6-11,18.2857,17.0574,13.8201,21.0036,1.2731,1.0792,1.5009,1.3510
300,2012-06-22,25,12-17,10.5714,10.2528,7.9335,13.0884,1.1356,0.9557,1.3450,1.2005
300,2012-06-22,25,18-44,36.8571,37.5966,31.2712,44.7091,0.6855,0.5911,0.7956,0.7090
300,2012-06-22,25,45-64,32.5714,32.9561,27.4586,39.6495,0.7074,0.6011,0.8338,0.7236
300,2012-06-22,25,65+,16.2857,16.6654,13.4982,20.5809,0.7643,0.6412,0.9088,0.7795
301,2012-06-23,25,0-5,34.8571,33.9484,28.1429,40.6307,1.2449,1.0349,1.5042,1.3331
301,2012-06-23,25,6-11,18.0000,16.8458,13.6710,20.7110,1.2671,1.0740,1.5034,1.3358
301,2012-06-23,25,12-17,10.4286,9.9526,7.7593,12.6610,1.1145,0.9363,1.3284,1.2007
301,2012-06-23,25,18-44,36.7143,36.9290,30.7319,44.0945,0.6797,0.5849,0.7902,0.7053
301,2012-06-23,25,45-64,32.1429,32.3591,26.9825,38.9268,0.7036,0.5958,0.8315,0.7264
301,2012-06-23,25,65+,16.4286,16.2208,13.1036,20.0353,0.7599,0.6376,0.9086,0.7887
302,2012-06-24,26,0-5,35.5714,33.6808,28.0566,40.3412,1.2094,1.0092,1.4629,1.3266
302,2012-06-24,26,6-11,16.0000,16.6182,13.5423,20.4230,1.2623,1.0766,1.4922,1.2609
302,2012-06-24,26,12-17,10.5714,9.6411,7.5182,12.2834,1.0968,0.9213,1.3038,1.2153
302,2012-06-24,26,18-44,35.0000,36.5503,30.5860,43.8426,0.6736,0.5800,0.7825,0.7008
302,2012-06-24,26,45-64,32.8571,31.8733,26.3711,38.4349,0.7011,0.5942,0.8283,0.7356
302,2012-06-24,26,65+,16.8571,15.8295,12.6860,19.5177,0.7595,0.6384,0.9058,0.8076
303,2012-06-25,26,0-5,34.8571,33.0420,27.5127,39.4098,1.1808,0.9825,1.4224,1.3133
303,2012-06-25,26,6-11,15.1429,16.4940,13.4667,20.2874,1.2723,1.0764,1.5082,1.2417
303,2012-06-25,26,12-17,10.4286,9.2603,7.1819,11.7010,1.0812,0.9124,1.2856,1.1985
303,2012-06-25,26,18-44,37.4286,36.1668,30.1371,43.4376,0.6691,0.5763,0.7793,0.6960
303,2012-06-25,26,45-64,30.2857,31.4792,25.9550,37.8459,0.6991,0.5933,0.8275,0.7136
303,2012-06-25,26,65+,15.0000,15.4498,12.4137,19.2094,0.7598,0.6386,0.9057,0.7628
304,2012-06-26,26,0-5,32.8571,32.1010,26.8757,38.2514,1.1542,0.9605,1.3916,1.2576
304,2012-06-26,26,6-11,16.4286,16.4123,13.4467,20.1865,1.2863,1.0881,1.5262,1.2901
304,2012-06-26,26,12-17,10.1429,8.8368,6.8477,11.2479,1.0732,0.9030,1.2681,1.1943
304,2012-06-26,26,18-44,35.2857,35.8215,29.7613,43.0890,0.6670,0.5763,0.7747,0.6902
304,2012-06-26,26,45-64,30.7143,31.0818,25.5836,37.5828,0.7004,0.5957,0.8272,0.7183
304,2012-06-26,26,65+,15.1429,15.1668,12.1109,18.7865,0.7658,0.6434,0.9146,0.7753
305,2012-06-27,26,0-5,32.4286,30.9041,25.7988,36.7802,1.1382,0.9478,1.3639,1.2545
305,2012-06-27,26,6-11,15.7143,16.4502,13.4400,20.2008,1.3049,1.1052,1.5428,1.2706
305,2012-06-27,26,12-17,9.0000,8.4078,6.4917,10.7214,1.0686,0.8982,1.2698,1.1391
305,2012-06-27,26,18-44,35.4286,35.3343,29.4757,42.4879,0.6660,0.5740,0.7724,0.6878
305,2012-06-27,26,45-64,30.5714,30.6374,25.3087,37.0256,0.7018,0.5937,0.8261,0.7124
305,2012-06-27,26,65+,13.8571,14.9164,11.9168,18.4962,0.7716,0.6458,0.9218,0.7551
306,2012-06-28,26,0-5,30.5714,29.4525,24.6338,35.2790,1.1310,0.9469,1.3648,1.2225
306,2012-06-28,26,6-11,15.4286,16.6347,13.4098,20.4717,1.3227,1.1186,1.5649,1.2680
306,2012-06-28,26,12-17,8.4286,7.9723,6.1688,10.2696,1.0717,0.9027,1.2676,1.1203
306,2012-06-28,26,18-44,35.1429,34.7721,29.0255,41.4948,0.6670,0.5747,0.7722,0.6860
306,2012-06-28,26,45-64,30.0000,30.2886,25.1693,36.2547,0.7051,0.5969,0.8312,0.7137
306,2012-06-28,26,65+,13.8571,14.7366,11.8151,18.5184,0.7808,0.6550,0.9298,0.7623
307,2012-06-29,26,0-5,27.1429,28.0969,23.3249,33.4945,1.1387,0.9503,1.3671,1.1750
307,2012-06-29,26,6-11,15.8571,16.8495,13.5366,20.7031,1.3455,1.1388,1.5998,1.3096
307,2012-06-29,26,12-17,7.2857,7.5907,5.8535,9.8387,1.0829,0.9088,1.2865,1.0975
307,2012-06-29,26,18-44,35.8571,33.8976,28.2843,40.4741,0.6690,0.5768,0.7773,0.7030
307,2012-06-29,26,45-64,30.8571,29.8579,24.6780,35.7855,0.7082,0.6011,0.8391,0.7419
307,2012-06-29,26,65+,14.7143,14.6281,11.7668,18.2965,0.7884,0.6623,0.9476,0.8060
308,2012-06-30,26,0-5,25.4286,26.7521,22.2592,32.2434,1.1556,0.9610,1.3900,1.1350
308,2012-06-30,26,6-11,15.7143,17.1224,13.7894,21.1766,1.3668,1.1574,1.6167,1.2846
308,2012-06-30,26,12-17,6.1429,7.2796,5.5608,9.4432,1.1020,0.9256,1.3120,1.0260
308,2012-06-30,26,18-44,33.2857,33.0102,27.5853,39.3887,0.6737,0.5830,0.7814,0.6779
308,2012-06-30,26,45-64,29.8571,29.4019,24.3135,35.3096,0.7139,0.6069,0.8441,0.7173
308,2012-06-30,26,65+,14.0000,14.5650,11.7360,18.2063,0.7995,0.6711,0.9551,0.7810
309,2012-07-01,27,0-5,23.8571,25.6817,21.2822,31.0711,1.1790,0.9816,1.4267,1.1299
309,2012-07-01,27,6-11,18.4286,17.4714,14.0231,21.6128,1.3817,1.1668,1.6434,1.4035
309,2012-07-01,27,12-17,5.8571,7.0634,5.3610,9.0886,1.1299,0.9493,1.3433,1.0311
309,2012-07-01,27,18-44,32.0000,31.7819,26.5761,38.1119,0.6816,0.5886,0.7906,0.6824
309,2012-07-01,27,45-64,28.5714,28.8538,23.9091,34.6997,0.7235,0.6123,0.8543,0.7180
309,2012-07-01,27,65+,14.4286,14.5669,11.7312,18.2208,0.8120,0.6772,0.9700,0.7959
310,2012-07-02,27,0-5,23.4286,24.8365,20.5940,30.2248,1.2129,1.0069,1.4548,1.1406
310,2012-07-02,27,6-11,19.4286,17.8364,14.3186,21.9119,1.3901,1.1784,1.6570,1.4342
310,2012-07-02,27,12-17,5.8571,6.9349,5.2243,9.0174,1.1626,0.9807,1.3928,1.0449
310,2012-07-02,27,18-44,29.7143,30.5966,25.4196,36.7169,0.6900,0.5984,0.8010,0.6786
310,2012-07-02,27,45-64,27.4286,28.2713,23.3810,34.2777,0.7332,0.6226,0.8642,0.7168
310,2012-07-02,27,65+,15.2857,14.5317,11.6700,18.2370,0.8234,0.6884,0.9804,0.8170
311,2012-07-03,27,0-5,23.0000,24.3567,20.0972,29.5261,1.2469,1.0348,1.5075,1.1497
311,2012-07-03,27,6-11,18.7143,18.0878,14.6198,22.1137,1.3980,1.1764,1.6731,1.3883
311,2012-07-03,27,12-17,5.7143,6.9004,5.2313,8.9757,1.2012,1.0071,1.4353,1.0420
311,2012-07-03,27,18-44,28.7143,29.3414,24.4451,35.5712,0.7011,0.6061,0.8152,0.6708
311,2012-07-03,27,45-64,26.2857,27.7420,22.8448,33.6438,0.7439,0.6320,0.8795,0.7075
311,2012-07-03,27,65+,15.0000,14.5081,11.6914,18.1439,0.8345,0.6959,0.9968,0.8079
312,2012-07-04,27,0-5,24.7143,24.1560,19.9198,29.1559,1.2791,1.0624,1.5420,1.2407
312,2012-07-04,27,6-11,20.2857,18.2360,14.7273,22.3390,1.4067,1.1822,1.6738,1.4700
312,2012-07-04,27,12-17,6.4286,6.9411,5.2473,9.1760,1.2347,1.0337,1.4742,1.1382
312,2012-07-04,27,18-44,28.0000,28.2977,23.4727,34.4352,0.7105,0.6139,0.8250,0.7022
312,2012-07-04,27,45-64,27.1429,27.2289,22.3421,32.9459,0.7535,0.6386,0.8884,0.7408
312,2012-07-04,27,65+,15.2857,14.5230,11.6391,18.0947,0.8409,0.7041,1.0070,0.8413
313,2012-07-05,27,0-5,21.5714,24.1183,19.7391,29.1767,1.3120,1.0914,1.5835,1.1573
313,2012-07-05,27,6-11,19.0000,18.2846,14.8184,22.4945,1.4138,1.1945,1.6787,1.3989
313,2012-07-05,27,12-17,6.4286,7.0966,5.3946,9.3723,1.2686,1.0647,1.5203,1.1467
313,2012-07-05,27,18-44,27.8571,27.4975,22.8121,33.5457,0.7218,0.6234,0.8353,0.6927
313,2012-07-05,27,45-64,27.0000,26.8801,22.0493,32.3779,0.7628,0.6475,0.8999,0.7428
313,2012-07-05,27,65+,15.2857,14.4494,11.4865,17.9848,0.8478,0.7104,1.0097,0.8434
314,2012-07-06,27,0-5,22.7143,24.3719,19.8721,29.5444,1.3362,1.1099,1.6204,1.1948
314,2012-07-06,27,6-11,18.4286,18.2857,14.8496,22.4278,1.4231,1.2027,1.6898,1.3607
314,2012-07-06,27,12-17,7.0000,7.3366,5.6225,9.6276,1.2889,1.0826,1.5334,1.1767
314,2012-07-06,27,18-44,26.2857,26.9250,22.3494,32.7591,0.7291,0.6307,0.8438,0.6805
314,2012-07-06,27,45-64,26.2857,26.6390,21.8805,32.0866,0.7682,0.6517,0.9061,0.7238
314,2012-07-06,27,65+,13.8571,14.3279,11.4226,17.9702,0.8509,0.7124,1.0203,0.8015
315,2012-07-07,27,0-5,25.0000,24.7585,20.2972,29.9709,1.3522,1.1208,1.6285,1.2957
315,2012-07-07,27,6-11,18.8571,18.2290,14.7409,22.4247,1.4279,1.2101,1.6932,1.4104
315,2012-07-07,27,12-17,8.5714,7.6115,5.8513,9.9654,1.2975,1.0885,1.5496,1.3172
315,2012-07-07,27,18-44,26.0000,26.6742,22.0352,32.3830,0.7333,0.6345,0.8489,0.7111
315,2012-07-07,27,45-64,26.8571,26.3505,21.7875,31.8994,0.7681,0.6538,0.9027,0.7554
315,2012-07-07,27,65+,14.1429,14.2472,11.3599,17.8532,0.8520,0.7100,1.0186,0.8319
316,2012-07-08,28,0-5,26.5714,25.2003,20.6685,30.6677,1.3550,1.1280,1.6390,1.3355
316,2012-07-08,28,6-11,16.7143,18.1338,14.7394,22.3500,1.4373,1.2215,1.7018,1.3270
316,2012-07-08,28,12-17,8.4286,7.8946,6.1155,10.2209,1.2950,1.0872,1.5452,1.2896
316,2012-07-08,28,18-44,24.7143,26.6589,22.0514,32.3162,0.7345,0.6354,0.8492,0.7089
316,2012-07-08,28,45-64,27.2857,26.0799,21.5501,31.4835,0.7641,0.6507,0.8977,0.7627
316,2012-07-08,28,65+,15.1429,14.1313,11.2615,17.7796,0.8487,0.7108,1.0125,0.8620
317,2012-07-09,28,0-5,27.0000,25.6684,21.0897,31.0989,1.3470,1.1176,1.6262,1.3486
317,2012-07-09,28,6-11,17.1429,18.1373,14.6369,22.4646,1.4423,1.2177,1.7115,1.3603
317,2012-07-09,28,12-17,8.8571,8.1747,6.3325,10.4578,1.2795,1.0726,1.5224,1.3119
317,2012-07-09,28,18-44,25.5714,26.8893,22.2209,32.5944,0.7300,0.6309,0.8438,0.7168
317,2012-07-09,28,45-64,27.4286,25.7488,21.2687,31.2712,0.7541,0.6423,0.8846,0.7629
317,2012-07-09,28,65+,13.8571,14.0936,11.2955,17.6955,0.8385,0.7043,0.9978,0.8354
318,2012-07-10,28,0-5,27.2857,26.0272,21.4300,31.5518,1.3295,1.1034,1.6210,1.3723
318,2012-07-10,28,6-11,17.5714,18.2295,14.6168,22.7246,1.4421,1.2184,1.7120,1.4165
318,2012-07-10,28,12-17,9.8571,8.3938,6.4787,10.7957,1.2512,1.0511,1.4938,1.3804
318,2012-07-10,28,18-44,28.1429,27.3590,22.5164,33.2657,0.7217,0.6220,0.8360,0.7419
318,2012-07-10,28,45-64,26.7143,25.2706,20.9482,30.7015,0.7411,0.6298,0.8705,0.7802
318,2012-07-10,28,65+,14.2857,14.0850,11.2937,17.5143,0.8266,0.6918,0.9888,0.8555
319,2012-07-11,28,0-5,26.8571,26.3235,21.7368,32.0165,1.3170,1.0899,1.5932,1.3425
319,2012-07-11,28,6-11,17.0000,18.4022,14.8123,22.9388,1.4326,1.2099,1.7033,1.3868
319,2012-07-11,28,12-17,9.5714,8.5205,6.5801,10.9511,1.2263,1.0276,1.4616,1.3142
319,2012-07-11,28,18-44,29.1429,27.9477,23.1127,33.9080,0.7117,0.6135,0.8248,0.7262
319,2012-07-11,28,45-64,24.7143,24.7989,20.5469,30.0259,0.7264,0.6168,0.8529,0.7551
319,2012-07-11,28,65+,14.7143,14.0782,11.2654,17.4603,0.8122,0.6798,0.9722,0.8462
320,2012-07-12,28,0-5,28.0000,26.4821,21.9125,32.1717,1.2888,1.0753,1.5621,1.3755
320,2012-07-12,28,6-11,18.2857,18.6418,14.9611,22.9519,1.4147,1.1953,1.6811,1.4505
320,2012-07-12,28,12-17,9.5714,8.6259,6.6326,11.0274,1.1953,1.0041,1.4272,1.3086
320,2012-07-12,28,18-44,29.7143,28.6560,23.7687,34.5021,0.6967,0.6025,0.8082,0.7386
320,2012-07-12,28,45-64,25.1429,24.2921,20.0319,29.3490,0.7082,0.6044,0.8308,0.7633
320,2012-07-12,28,65+,14.7143,14.0265,11.2789,17.4781,0.7939,0.6667,0.9498,0.8529
321,2012-07-13,28,0-5,27.2857,26.5376,22.0168,32.0550,1.2705,1.0568,1.5429,1.3420
321,2012-07-13,28,6-11,19.8571,18.7974,15.2058,23.0812,1.3958,1.1758,1.6651,1.4992
321,2012-07-13,28,12-17,9.1429,8.6577,6.6816,11.0563,1.1762,0.9867,1.4081,1.2654
321,2012-07-13,28,18-44,30.0000,29.2078,24.1258,35.1016,0.6855,0.5927,0.7956,0.7330
321,2012-07-13,28,45-64,24.8571,23.7786,19.5024,28.8684,0.6940,0.5925,0.8180,0.7547
321,2012-07-13,28,65+,14.7143,14.0161,11.2869,17.4576,0.7805,0.6558,0.9347,0.8467
322,2012-07-14,28,0-5,26.2857,26.4624,21.9780,32.1727,1.2592,1.0430,1.5188,1.3056
322,2012-07-14,28,6-11,19.8571,18.9980,15.3819,23.1288,1.3808,1.1618,1.6436,1.4764
322,2012-07-14,28,12-17,8.5714,8.6627,6.6859,11.0761,1.1651,0.9771,1.3954,1.2075
322,2012-07-14,28,18-44,31.4286,29.6723,24.4385,35.8305,0.6775,0.5851,0.7863,0.7212
322,2012-07-14,28,45-64,23.5714,23.2878,19.1485,28.2926,0.6844,0.5850,0.8052,0.7343
322,2012-07-14,28,65+,14.4286,13.9709,11.2774,17.4119,0.7731,0.6475,0.9217,0.8246
323,2012-07-15,29,0-5,24.8571,26.2594,21.8971,31.9402,1.2506,1.0327,1.5035,1.2393
323,2012-07-15,29,6-11,20.7143,19.1355,15.5641,23.3668,1.3665,1.1578,1.6241,1.4555
323,2012-07-15,29,12-17,8.2857,8.6496,6.6641,11.1385,1.1674,0.9754,1.3939,1.1477
323,2012-07-15,29,18-44,30.8571,30.0880,24.9201,36.3913,0.6749,0.5829,0.7800,0.6818
323,2012-07-15,29,45-64,21.4286,22.8153,18.7097,27.5771,0.6814,0.5815,0.7990,0.6793
323,2012-07-15,29,65+,12.2857,13.9571,11.2390,17.4427,0.7710,0.6451,0.9215,0.7398
324,2012-07-16,29,0-5,26.4286,26.1479,21.6591,31.9138,1.2409,1.0329,1.4939,1.2864
324,2012-07-16,29,6-11,19.5714,19.2026,15.5924,23.5007,1.3558,1.1470,1.6021,1.4059
324,2012-07-16,29,12-17,8.4286,8.6591,6.6175,11.2447,1.1735,0.9847,1.4061,1.1615
324,2012-07-16,29,18-44,30.1429,30.3335,25.1523,36.7168,0.6734,0.5811,0.7802,0.6865
324,2012-07-16,29,45-64,21.0000,22.3900,18.4326,27.1345,0.6803,0.5798,0.7971,0.6919
324,2012-07-16,29,65+,14.1429,13.9527,11.2677,17.4307,0.7692,0.6433,0.9180,0.7920
325,2012-07-17,29,0-5,27.7143,25.9846,21.5388,31.6109,1.2360,1.0277,1.4904,1.3182
325,2012-07-17,29,6-11,18.7143,19.1794,15.5876,23.4125,1.3503,1.1435,1.6035,1.3604
325,2012-07-17,29,12-17,7.4286,8.7237,6.7083,11.2447,1.1877,0.9949,1.4193,1.0943
325,2012-07-17,29,18-44,29.7143,30.5775,25.3634,36.8328,0.6739,0.5806,0.7786,0.6789
325,2012-07-17,29,45-64,20.7143,22.0161,18.0803,26.6203,0.6799,0.5807,0.7951,0.6800
325,2012-07-17,29,65+,13.5714,13.9451,11.2304,17.3679,0.7636,0.6399,0.9140,0.7762
326,2012-07-18,29,0-5,27.5714,25.8137,21.4335,31.2511,1.2445,1.0307,1.4974,1.3172
326,2012-07-18,29,6-11,19.5714,19.0440,15.3579,23.3229,1.3537,1.1434,1.6111,1.4052
326,2012-07-18,29,12-17,7.8571,8.7696,6.8392,11.4059,1.2041,1.0067,1.4338,1.1540
326,2012-07-18,29,18-44,29.4286,30.7387,25.4374,36.9857,0.6767,0.5841,0.7845,0.6938
326,2012-07-18,29,45-64,21.5714,21.6366,17.7622,26.0844,0.6811,0.5815,0.7982,0.7036
326,2012-07-18,29,65+,13.8571,13.8305,11.1393,17.2890,0.7616,0.6370,0.9110,0.8023
327,2012-07-19,29,0-5,25.7143,25.6288,21.2549,30.7225,1.2575,1.0462,1.5281,1.2490
327,2012-07-19,29,6-11,18.2857,18.9051,15.1294,23.2636,1.3620,1.1519,1.6181,1.3480
327,2012-07-19,29,12-17,8.2857,8.8898,6.9593,11.4477,1.2085,1.0095,1.4443,1.1848
327,2012-07-19,29,18-44,29.0000,30.8949,25.5623,36.9213,0.6797,0.5871,0.7910,0.6818
327,2012-07-19,29,45-64,21.2857,21.2730,17.3457,25.7574,0.6804,0.5806,0.7970,0.7008
327,2012-07-19,29,65+,13.8571,13.6735,10.9493,17.0354,0.7567,0.6337,0.9045,0.8003
328,2012-07-20,29,0-5,24.8571,25.4070,21.1614,30.6673,1.2814,1.0634,1.5415,1.2459
328,2012-07-20,29,6-11,18.5714,18.7692,15.1416,23.1771,1.3711,1.1582,1.6349,1.3850
328,2012-07-20,29,12-17,9.5714,9.0635,7.0727,11.5627,1.2096,1.0118,1.4495,1.2862
328,2012-07-20,29,18-44,30.5714,31.0649,25.7736,37.2978,0.6825,0.5873,0.7932,0.6973
328,2012-07-20,29,45-64,20.7143,20.7597,17.0020,25.3034,0.6780,0.5772,0.7973,0.7114
328,2012-07-20,29,65+,13.4286,13.4534,10.7455,16.6856,0.7514,0.6282,0.9002,0.7970
329,2012-07-21,29,0-5,23.1429,25.3687,21.1572,30.7887,1.3029,1.0861,1.5755,1.2045
329,2012-07-21,29,6-11,17.5714,18.6613,15.1192,22.9854,1.3854,1.1724,1.6497,1.3497
329,2012-07-21,29,12-17,9.4286,9.1465,7.0956,11.6366,1.2015,1.0036,1.4413,1.2652
329,2012-07-21,29,18-44,30.8571,31.2115,25.9680,37.4666,0.6826,0.5903,0.7899,0.6917
329,2012-07-21,29,45-64,20.2857,20.3084,16.6343,24.7801,0.6736,0.5749,0.7892,0.7091
329,2012-07-21,29,65+,13.7143,13.1805,10.4808,16.3558,0.7430,0.6226,0.8894,0.8030
330,2012-07-22,30,0-5,25.7143,25.5451,21.1862,30.7619,1.3384,1.1076,1.6155,1.3190
330,2012-07-22,30,6-11,18.4286,18.6519,15.0375,22.9444,1.3985,1.1846,1.6564,1.4275
330,2012-07-22,30,12-17,10.2857,9.2394,7.1534,11.7403,1.1872,0.9886,1.4222,1.3403
330,2012-07-22,30,18-44,31.5714,31.1207,25.9576,37.4745,0.6814,0.5900,0.7887,0.7281
330,2012-07-22,30,45-64,21.0000,19.8327,16.1959,24.3011,0.6666,0.5697,0.7789,0.7414
330,2012-07-22,30,65+,14.2857,12.8137,10.2117,15.8938,0.7330,0.6167,0.8757,0.8404
331,2012-07-23,30,0-5,24.1429,26.0270,21.4584,31.5541,1.3747,1.1373,1.6665,1.2693
331,2012-07-23,30,6-11,17.8571,18.7389,15.1791,22.9663,1.4170,1.1982,1.6835,1.3864
331,2012-07-23,30,12-17,9.7143,9.2490,7.1606,11.7574,1.1716,0.9777,1.4025,1.2553
331,2012-07-23,30,18-44,32.4286,30.9183,25.7714,37.0812,0.6821,0.5898,0.7950,0.7010
331,2012-07-23,30,45-64,19.1429,19.3915,15.8979,23.7141,0.6617,0.5652,0.7779,0.6974
331,2012-07-23,30,65+,12.7143,12.4465,9.9038,15.5160,0.7254,0.6086,0.8698,0.7730
332,2012-07-24,30,0-5,23.1429,26.7946,22.0434,32.5176,1.4080,1.1657,1.7138,1.2327
332,2012-07-24,30,6-11,18.8571,18.8836,15.3760,23.2685,1.4292,1.2069,1.7058,1.4134
332,2012-07-24,30,12-17,10.2857,9.1977,7.1266,11.8292,1.1532,0.9637,1.3789,1.2787
332,2012-07-24,30,18-44,31.0000,30.5359,25.3660,36.7858,0.6807,0.5871,0.7941,0.6903
332,2012-07-24,30,45-64,19.5714,19.0084,15.5590,23.3857,0.6558,0.5585,0.7708,0.6895
332,2012-07-24,30,65+,11.7143,12.1297,9.5894,15.0334,0.7173,0.6008,0.8586,0.7469
333,2012-07-25,30,0-5,25.4286,27.8633,22.7986,33.5746,1.4165,1.1747,1.7110,1.3085
333,2012-07-25,30,6-11,18.5714,19.1718,15.5284,23.6705,1.4402,1.2134,1.7185,1.4006
333,2012-07-25,30,12-17,9.8571,9.0410,7.0236,11.6757,1.1307,0.9451,1.3499,1.2324
333,2012-07-25,30,18-44,30.7143,30.0429,25.0327,36.2828,0.6758,0.5846,0.7848,0.6880
333,2012-07-25,30,45-64,19.1429,18.7267,15.2793,22.8912,0.6491,0.5524,0.7634,0.6746
333,2012-07-25,30,65+,10.7143,11.7160,9.3251,14.5121,0.7100,0.5941,0.8532,0.7188
334,2012-07-26,30,0-5,29.7143,29.0371,23.9854,34.9005,1.4013,1.1551,1.6949,1.4485
334,2012-07-26,30,6-11,20.0000,19.5417,15.8317,24.0366,1.4444,1.2171,1.7236,1.4705
334,2012-07-26,30,12-17,9.8571,8.8377,6.8212,11.4007,1.1136,0.9344,1.3338,1.2315
334,2012-07-26,30,18-44,30.4286,29.5104,24.5216,35.7586,0.6713,0.5807,0.7779,0.7053
334,2012-07-26,30,45-64,18.7143,18.4558,15.0490,22.6373,0.6454,0.5495,0.7572,0.6775
334,2012-07-26,30,65+,10.7143,11.3417,9.0213,14.1551,0.7050,0.5880,0.8446,0.7275
335,2012-07-27,30,0-5,31.4286,30.2297,24.9313,36.1837,1.3644,1.1267,1.6495,1.4540
335,2012-07-27,30,6-11,19.1429,20.0082,16.1891,24.6499,1.4468,1.2170,1.7221,1.4020
335,2012-07-27,30,12-17,8.2857,8.6176,6.6738,11.0828,1.1022,0.9263,1.3234,1.1021
335,2012-07-27,30,18-44,29.2857,28.9686,23.9446,35.2311,0.6656,0.5753,0.7715,0.6790
335,2012-07-27,30,45-64,17.2857,18.1898,14.8988,22.4828,0.6433,0.5483,0.7569,0.6480
335,2012-07-27,30,65+,11.2857,11.0040,8.6880,13.8523,0.7020,0.5872,0.8440,0.7262
336,2012-07-28,30,0-5,34.0000,31.0564,25.8827,37.0474,1.3134,1.0912,1.5897,1.4814
336,2012-07-28,30,6-11,19.7143,20.4980,16.7946,25.3167,1.4375,1.2082,1.7111,1.4095
336,2012-07-28,30,12-17,8.0000,8.3585,6.4243,10.7422,1.0978,0.9191,1.3142,1.0899
336,2012-07-28,30,18-44,28.2857,28.5339,23.4553,34.8429,0.6594,0.5696,0.7650,0.6747
336,2012-07-28,30,45-64,17.4286,18.1289,14.8061,22.3047,0.6440,0.5470,0.7563,0.6432
336,2012-07-28,30,65+,10.8571,10.7352,8.4526,13.5350,0.7011,0.5861,0.8446,0.7173
337,2012-07-29,31,0-5,33.8571,31.4776,26.1274,37.5416,1.2583,1.0382,1.5198,1.4284
337,2012-07-29,31,6-11,20.0000,21.1042,17.2365,26.1317,1.4260,1.2019,1.7010,1.4040
337,2012-07-29,31,12-17,8.0000,8.0898,6.2590,10.4137,1.0957,0.9184,1.3148,1.0932
337,2012-07-29,31,18-44,28.5714,28.2737,23.3626,34.4873,0.6549,0.5648,0.7599,0.6641
337,2012-07-29,31,45-64,16.4286,18.1379,14.7203,22.3202,0.6473,0.5493,0.7626,0.6332
337,2012-07-29,31,65+,10.8571,10.5035,8.2850,13.3131,0.7031,0.5872,0.8477,0.7118
338,2012-07-30,31,0-5,35.0000,31.4192,26.0847,37.2081,1.1991,0.9940,1.4541,1.4269
338,2012-07-30,31,6-11,21.8571,21.6198,17.6449,26.7174,1.4103,1.1859,1.6811,1.4735
338,2012-07-30,31,12-17,7.7143,7.8309,6.0226,10.1216,1.0937,0.9175,1.3118,1.1235
338,2012-07-30,31,18-44,28.0000,28.2814,23.4110,34.2919,0.6493,0.5589,0.7533,0.6836
338,2012-07-30,31,45-64,19.0000,18.2248,14.8025,22.4022,0.6496,0.5499,0.7631,0.6669
338,2012-07-30,31,65+,10.4286,10.3190,8.0538,13.1558,0.7051,0.5888,0.8486,0.7301
339,2012-07-31,31,0-5,34.8571,30.6675,25.5595,36.5283,1.1613,0.9605,1.4083,1.3923
339,2012-07-31,31,6-11,24.5714,22.1064,17.9577,27.0586,1.3886,1.1639,1.6557,1.5444
339,2012-07-31,31,12-17,7.1429,7.6009,5.8322,9.8153,1.1015,0.9228,1.3182,1.0924
339,2012-07-31,31,18-44,28.2857,28.3958,23.4393,34.4796,0.6477,0.5575,0.7515,0.6782
339,2012-07-31,31,45-64,18.5714,18.4797,14.9464,22.7226,0.6544,0.5545,0.7717,0.6564
339,2012-07-31,31,65+,10.0000,10.1938,7.9172,12.9763,0.7113,0.5931,0.8555,0.7140
340,2012-08-01,31,0-5,31.8571,29.6039,24.5004,35.2908,1.1329,0.9423,1.3668,1.2867
340,2012-08-01,31,6-11,23.5714,22.4923,18.2479,27.2527,1.3637,1.1503,1.6279,1.4661
340,2012-08-01,31,12-17,7.1429,7.4143,5.6814,9.5870,1.1054,0.9282,1.3228,1.0983
340,2012-08-01,31,18-44,29.0000,28.7429,23.8033,34.6943,0.6471,0.5576,0.7506,0.6648
340,2012-08-01,31,45-64,18.7143,18.8047,15.2014,22.9877,0.6600,0.5598,0.7769,0.6552
340,2012-08-01,31,65+,10.0000,10.1054,7.9158,12.9591,0.7185,0.5993,0.8597,0.7118
341,2012-08-02,31,0-5,27.5714,28.2883,23.3221,33.9450,1.1217,0.9347,1.3556,1.1709
341,2012-08-02,31,6-11,22.8571,22.6591,18.4653,27.5762,1.3478,1.1344,1.6025,1.4080
341,2012-08-02,31,12-17,7.1429,7.2966,5.6152,9.4440,1.1131,0.9318,1.3272,1.1062
341,2012-08-02,31,18-44,29.4286,29.2586,24.1785,35.1896,0.6498,0.5601,0.7546,0.6525
341,2012-08-02,31,45-64,19.0000,19.2742,15.4856,23.4094,0.6674,0.5660,0.7867,0.6563
341,2012-08-02,31,65+,10.0000,10.1626,7.9251,13.0360,0.7289,0.6099,0.8725,0.7116
342,2012-08-03,31,0-5,24.8571,26.9066,22.2942,32.5099,1.1223,0.9340,1.3568,1.1212
342,2012-08-03,31,6-11,22.4286,22.6266,18.3825,27.5790,1.3381,1.1290,1.5871,1.3903
342,2012-08-03,31,12-17,7.5714,7.2367,5.5731,9.3467,1.1220,0.9394,1.3481,1.1629
342,2012-08-03,31,18-44,29.7143,29.8493,24.5700,35.9858,0.6551,0.5636,0.7619,0.6605
342,2012-08-03,31,45-64,20.4286,19.7317,15.8250,23.9228,0.6768,0.5732,0.7957,0.6769
342,2012-08-03,31,65+,9.5714,10.2856,8.0647,13.1107,0.7432,0.6218,0.8859,0.7158
343,2012-08-04,31,0-5,25.2857,25.6426,21.2339,31.0188,1.1376,0.9475,1.3697,1.1518
343,2012-08-04,31,6-11,23.2857,22.3658,18.1867,27.3081,1.3371,1.1252,1.5896,1.4124
343,2012-08-04,31,12-17,7.5714,7.1999,5.5391,9.2735,1.1351,0.9518,1.3625,1.1571
343,2012-08-04,31,18-44,28.4286,30.0848,24.9964,36.4724,0.6641,0.5698,0.7735,0.6574
343,2012-08-04,31,45-64,19.8571,20.1197,16.2246,24.5166,0.6876,0.5833,0.8116,0.6717
343,2012-08-04,31,65+,10.1429,10.4732,8.1719,13.2557,0.7592,0.6347,0.9080,0.7283
344,2012-08-05,32,0-5,23.1429,24.4969,20.2709,29.7909,1.1646,0.9668,1.4014,1.1320
344,2012-08-05,32,6-11,22.7143,21.9663,17.8429,26.7653,1.3357,1.1310,1.5815,1.4034
344,2012-08-05,32,12-17,7.4286,7.1727,5.4476,9.2337,1.1537,0.9694,1.3804,1.1635
344,2012-08-05,32,18-44,29.2857,30.1586,25.1636,36.4906,0.6756,0.5820,0.7856,0.6690
344,2012-08-05,32,45-64,20.5714,20.4198,16.5456,25.0213,0.7025,0.5951,0.8256,0.6890
344,2012-08-05,32,65+,10.2857,10.7001,8.4066,13.4073,0.7751,0.6504,0.9299,0.7450
345,2012-08-06,32,0-5,22.4286,23.6346,19.4074,28.6893,1.1964,0.9882,1.4439,1.1435
345,2012-08-06,32,6-11,22.2857,21.4692,17.4534,26.2222,1.3395,1.1366,1.5986,1.3921
345,2012-08-06,32,12-17,7.1429,7.1438,5.4463,9.3260,1.1745,0.9880,1.4038,1.1359
345,2012-08-06,32,18-44,29.7143,30.0765,25.0207,36.4528,0.6876,0.5930,0.7992,0.6678
345,2012-08-06,32,45-64,19.7143,20.8194,16.7798,25.5097,0.7165,0.6096,0.8440,0.6808
345,2012-08-06,32,65+,10.4286,10.9048,8.5632,13.7171,0.7936,0.6660,0.9511,0.7430
346,2012-08-07,32,0-5,21.1429,22.9756,18.9290,27.8793,1.2329,1.0171,1.4890,1.1334
346,2012-08-07,32,6-11,19.4286,20.8726,16.9169,25.6751,1.3554,1.1429,1.6169,1.3112
346,2012-08-07,32,12-17,6.7143,7.1656,5.4651,9.4026,1.1998,1.0088,1.4257,1.1242
346,2012-08-07,32,18-44,29.2857,29.7934,24.7757,36.0177,0.7000,0.6030,0.8118,0.6764
346,2012-08-07,32,45-64,20.8571,21.1315,17.0618,25.9907,0.7315,0.6213,0.8628,0.7090
346,2012-08-07,32,65+,12.0000,11.1849,8.7940,14.0422,0.8104,0.6782,0.9689,0.8032
347,2012-08-08,32,0-5,20.2857,22.6936,18.6732,27.4830,1.2667,1.0487,1.5347,1.1539
347,2012-08-08,32,6-11,19.4286,20.3140,16.5053,24.7822,1.3713,1.1642,1.6333,1.3433
347,2012-08-08,32,12-17,6.2857,7.1985,5.4606,9.4651,1.2256,1.0295,1.4569,1.1095
347,2012-08-08,32,18-44,30.5714,29.4593,24.4467,35.6107,0.7110,0.6130,0.8264,0.6905
347,2012-08-08,32,45-64,20.5714,21.4863,17.3757,26.3620,0.7460,0.6328,0.8823,0.7152
347,2012-08-08,32,65+,12.0000,11.3748,8.9948,14.4036,0.8255,0.6902,0.9873,0.8065
348,2012-08-09,32,0-5,23.1429,22.5673,18.4846,27.4199,1.2962,1.0722,1.5649,1.2721
348,2012-08-09,32,6-11,19.7143,19.7991,16.1395,24.2741,1.3912,1.1770,1.6487,1.3833
348,2012-08-09,32,12-17,6.5714,7.2734,5.5132,9.5158,1.2523,1.0541,1.4947,1.1400
348,2012-08-09,32,18-44,29.5714,28.8790,23.9156,34.8404,0.7214,0.6228,0.8355,0.7029
348,2012-08-09,32,45-64,20.4286,21.8585,17.7573,26.9672,0.7599,0.6448,0.8944,0.7170
348,2012-08-09,32,65+,12.0000,11.5711,9.1853,14.5742,0.8390,0.7019,1.0050,0.8065
349,2012-08-10,32,0-5,23.7143,22.7219,18.5955,27.5998,1.3168,1.0897,1.5889,1.3035
349,2012-08-10,32,6-11,19.8571,19.3393,15.6384,23.9285,1.4029,1.1860,1.6627,1.4084
349,2012-08-10,32,12-17,6.8571,7.4031,5.6146,9.6311,1.2770,1.0700,1.5224,1.1789
349,2012-08-10,32,18-44,28.8571,28.0893,23.1854,33.7095,0.7269,0.6275,0.8413,0.7115
349,2012-08-10,32,45-64,21.2857,22.3007,18.1575,27.5508,0.7685,0.6505,0.9046,0.7274
349,2012-08-10,32,65+,11.7143,11.7368,9.2978,14.8639,0.8460,0.7076,1.0129,0.8051
350,2012-08-11,32,0-5,22.2857,23.0642,18.8104,28.0927,1.3363,1.1090,1.6216,1.2803
350,2012-08-11,32,6-11,19.2857,18.9535,15.3442,23.3759,1.4155,1.1971,1.6800,1.4327
350,2012-08-11,32,12-17,7.8571,7.5668,5.7691,9.7005,1.2939,1.0862,1.5472,1.3135
350,2012-08-11,32,18-44,29.5714,27.2550,22.5518,32.9608,0.7318,0.6336,0.8477,0.7503
350,2012-08-11,32,45-64,24.5714,22.8804,18.6237,28.1122,0.7742,0.6570,0.9127,0.7929
350,2012-08-11,32,65+,12.4286,11.8643,9.3457,14.9667,0.8536,0.7157,1.0193,0.8663
351,2012-08-12,33,0-5,22.7143,23.5646,19.3291,28.4845,1.3520,1.1140,1.6273,1.2280
351,2012-08-12,33,6-11,17.0000,18.7079,15.2240,23.2215,1.4297,1.2050,1.6929,1.2764
351,2012-08-12,33,12-17,7.2857,7.7531,5.9039,9.9290,1.3041,1.0942,1.5588,1.1754
351,2012-08-12,33,18-44,25.4286,26.6106,22.0010,32.2072,0.7333,0.6343,0.8481,0.6688
351,2012-08-12,33,45-64,22.1429,23.4506,19.1622,28.8140,0.7748,0.6594,0.9136,0.6992
351,2012-08-12,33,65+,10.8571,12.0058,9.5147,15.0032,0.8571,0.7194,1.0278,0.7583
352,2012-08-13,33,0-5,23.0000,24.1154,19.8551,29.0771,1.3565,1.1226,1.6526,1.2696
352,2012-08-13,33,6-11,17.7143,18.6041,15.1235,22.8871,1.4393,1.2162,1.7059,1.3633
352,2012-08-13,33,12-17,8.1429,7.9619,6.1000,10.1389,1.3034,1.0949,1.5625,1.2946
352,2012-08-13,33,18-44,25.5714,26.0651,21.5107,31.6591,0.7315,0.6327,0.8476,0.7170
352,2012-08-13,33,45-64,24.8571,23.9534,19.5880,29.2543,0.7700,0.6548,0.9132,0.7692
352,2012-08-13,33,65+,12.5714,12.2114,9.6422,15.3213,0.8544,0.7141,1.0255,0.8509
353,2012-08-14,33,0-5,26.1429,24.6699,20.2746,29.7602,1.3454,1.1160,1.6347,1.4076
353,2012-08-14,33,6-11,19.0000,18.5795,15.0245,22.8704,1.4440,1.2213,1.7154,1.4735
353,2012-08-14,33,12-17,9.2857,8.1712,6.2676,10.3947,1.3018,1.0941,1.5535,1.4020
353,2012-08-14,33,18-44,27.0000,25.6210,21.1472,31.1802,0.7269,0.6291,0.8430,0.7621
353,2012-08-14,33,45-64,25.7143,24.2382,19.8808,29.4823,0.7628,0.6489,0.9005,0.8040
353,2012-08-14,33,65+,12.7143,12.3934,9.8309,15.6214,0.8480,0.7087,1.0180,0.8767
354,2012-08-15,33,0-5,27.7143,25.2438,20.7136,30.3063,1.3356,1.1064,1.6034,1.4080
354,2012-08-15,33,6-11,19.2857,18.6280,15.0966,22.9960,1.4468,1.2199,1.7201,1.4531
354,2012-08-15,33,12-17,9.5714,8.3770,6.4409,10.7331,1.2965,1.0872,1.5489,1.3722
354,2012-08-15,33,18-44,24.1429,25.4812,21.0383,30.8928,0.7225,0.6250,0.8347,0.7335
354,2012-08-15,33,45-64,25.8571,24.2701,19.9651,29.5670,0.7548,0.6411,0.8869,0.7776
354,2012-08-15,33,65+,12.7143,12.5384,9.9410,15.9358,0.8410,0.7034,1.0041,0.8542
355,2012-08-16,33,0-5,25.8571,25.6052,21.0319,30.7330,1.3211,1.1003,1.6019,1.3194
355,2012-08-16,33,6-11,18.8571,18.7845,15.2399,23.1524,1.4430,1.2173,1.7104,1.4173
355,2012-08-16,33,12-17,9.0000,8.6233,6.6392,11.1077,1.2868,1.0798,1.5323,1.3015
355,2012-08-16,33,18-44,24.8571,25.5663,21.1257,31.0320,0.7171,0.6193,0.8286,0.7179
355,2012-08-16,33,45-64,26.0000,24.2555,20.1465,29.5485,0.7457,0.6321,0.8727,0.7653
355,2012-08-16,33,65+,12.7143,12.7590,10.1113,16.1044,0.8324,0.6950,0.9905,0.8413
356,2012-08-17,33,0-5,26.0000,25.8462,21.3521,31.3672,1.3098,1.0941,1.5832,1.3016
356,2012-08-17,33,6-11,19.2857,18.9753,15.3789,23.4379,1.4439,1.2259,1.7091,1.4138
356,2012-08-17,33,12-17,8.5714,8.8349,6.7762,11.3595,1.2885,1.0833,1.5354,1.2318
356,2012-08-17,33,18-44,24.8571,26.0249,21.3861,31.6305,0.7151,0.6189,0.8247,0.6981
356,2012-08-17,33,45-64,24.2857,24.2005,20.0884,29.4022,0.7388,0.6287,0.8671,0.7352
356,2012-08-17,33,65+,13.1429,12.9700,10.3017,16.3482,0.8244,0.6909,0.9802,0.8266
357,2012-08-18,33,0-5,25.7143,26.0761,21.2883,31.7667,1.2984,1.0794,1.5554,1.2718
357,2012-08-18,33,6-11,18.4286,19.2382,15.6138,23.6343,1.4442,1.2202,1.7139,1.3580
357,2012-08-18,33,12-17,8.2857,9.1016,7.0134,11.6537,1.2905,1.0842,1.5377,1.1775
357,2012-08-18,33,18-44,25.0000,26.7629,22.0105,32.4688,0.7121,0.6167,0.8238,0.6733
357,2012-08-18,33,45-64,22.5714,24.0686,19.8990,29.2036,0.7322,0.6248,0.8589,0.6999
357,2012-08-18,33,65+,12.5714,13.2223,10.4652,16.5061,0.8161,0.6853,0.9724,0.7855
358,2012-08-19,34,0-5,26.8571,26.1125,21.4274,31.6253,1.2857,1.0732,1.5502,1.3709
358,2012-08-19,34,6-11,20.8571,19.5110,15.7520,23.9047,1.4382,1.2186,1.7020,1.5358
358,2012-08-19,34,12-17,9.0000,9.3599,7.2674,11.9350,1.2919,1.0847,1.5333,1.3164
358,2012-08-19,34,18-44,28.7143,27.5944,22.7681,33.4042,0.7088,0.6144,0.8206,0.7595
358,2012-08-19,34,45-64,25.7143,23.7971,19.5248,28.9545,0.7250,0.6196,0.8501,0.7955
358,2012-08-19,34,65+,14.1429,13.4352,10.6448,16.7159,0.8067,0.6773,0.9610,0.8903
359,2012-08-20,34,0-5,27.2857,26.0180,21.5000,31.4722,1.2774,1.0591,1.5457,1.3577
359,2012-08-20,34,6-11,19.5714,19.6510,15.9758,24.1244,1.4265,1.2072,1.6941,1.4545
359,2012-08-20,34,12-17,9.4286,9.6334,7.5138,12.1986,1.2948,1.0884,1.5516,1.2976
359,2012-08-20,34,18-44,29.2857,28.4275,23.3411,34.3466,0.7064,0.6102,0.8191,0.7307
359,2012-08-20,34,45-64,23.5714,23.4477,19.2207,28.5392,0.7195,0.6150,0.8443,0.7504
359,2012-08-20,34,65+,13.1429,13.5151,10.8071,16.7236,0.7982,0.6702,0.9541,0.8283
360,2012-08-21,34,0-5,24.7143,25.8601,21.3861,31.2529,1.2707,1.0558,1.5376,1.2457
360,2012-08-21,34,6-11,19.2857,19.7862,16.0985,24.2047,1.4148,1.1956,1.6816,1.4012
360,2012-08-21,34,12-17,9.7143,9.9382,7.7714,12.5742,1.2933,1.0833,1.5506,1.2734
360,2012-08-21,34,18-44,28.1429,29.2831,24.1670,35.3760,0.7048,0.6099,0.8166,0.6944
360,2012-08-21,34,45-64,22.0000,23.0661,18.9266,28.1748,0.7164,0.6132,0.8397,0.7203
360,2012-08-21,34,65+,14.0000,13.5506,10.8944,16.8041,0.7928,0.6655,0.9471,0.8214
361,2012-08-22,34,0-5,24.5714,25.7508,21.2218,31.2152,1.2629,1.0495,1.5342,1.2620
361,2012-08-22,34,6-11,19.8571,19.9263,16.2268,24.3113,1.3968,1.1836,1.6598,1.4378
361,2012-08-22,34,12-17,9.8571,10.2476,8.0458,12.9722,1.2907,1.0784,1.5456,1.2850
361,2012-08-22,34,18-44,29.8571,30.1325,24.9200,36.3249,0.7016,0.6068,0.8132,0.7099
361,2012-08-22,34,45-64,21.8571,22.7325,18.6865,27.7630,0.7136,0.6095,0.8348,0.7307
361,2012-08-22,34,65+,14.2857,13.5729,10.9310,16.9679,0.7870,0.6610,0.9404,0.8331
362,2012-08-23,34,0-5,27.4286,25.5527,20.9971,31.0515,1.2607,1.0444,1.5292,1.3765
362,2012-08-23,34,6-11,22.0000,19.8708,16.1555,24.3415,1.3800,1.1658,1.6348,1.5453
362,2012-08-23,34,12-17,11.0000,10.4918,8.2246,13.3710,1.2836,1.0756,1.5307,1.3629
362,2012-08-23,34,18-44,31.2857,30.7915,25.4379,37.1869,0.6990,0.6030,0.8101,0.7404
362,2012-08-23,34,45-64,21.5714,22.5177,18.5397,27.5706,0.7106,0.6066,0.8319,0.7461
362,2012-08-23,34,65+,14.4286,13.5718,10.8803,16.9343,0.7831,0.6569,0.9334,0.8444
363,2012-08-24,34,0-5,25.8571,25.3407,20.8134,30.8155,1.2605,1.0445,1.5185,1.3246
363,2012-08-24,34,6-11,20.5714,19.7262,15.9900,24.2009,1.3605,1.1510,1.6129,1.4833
363,2012-08-24,34,12-17,11.8571,10.7307,8.3321,13.6345,1.2758,1.0708,1.5252,1.4102
363,2012-08-24,34,18-44,32.5714,31.2637,25.7885,37.6915,0.6957,0.5992,0.8073,0.7451
363,2012-08-24,34,45-64,23.1429,22.3584,18.3208,27.3013,0.7089,0.6048,0.8306,0.7622
363,2012-08-24,34,65+,14.0000,13.5144,10.7613,16.8644,0.7812,0.6558,0.9317,0.8412
364,2012-08-25,34,0-5,24.8571,25.2170,20.6558,30.7631,1.2645,1.0478,1.5263,1.2689
364,2012-08-25,34,6-11,20.2857,19.4698,15.7994,23.8351,1.3497,1.1407,1.5988,1.4258
364,2012-08-25,34,12-17,11.5714,10.9353,8.4697,13.8874,1.2707,1.0662,1.5180,1.3212
364,2012-08-25,34,18-44,32.5714,31.6197,26.0994,38.0905,0.6951,0.6002,0.8056,0.7050
364,2012-08-25,34,45-64,21.0000,22.3817,18.3654,27.2701,0.7103,0.6065,0.8339,0.7068
364,2012-08-25,34,65+,12.7143,13.4146,10.6746,16.8021,0.7838,0.6587,0.9361,0.7704
365,2012-08-26,35,0-5,24.2857,25.2118,20.6039,30.6805,1.2718,1.0529,1.5340,1.2449
365,2012-08-26,35,6-11,19.0000,19.1567,15.6070,23.5286,1.3415,1.1330,1.5960,1.3693
365,2012-08-26,35,12-17,11.4286,11.1130,8.6342,14.1025,1.2686,1.0591,1.5217,1.2951
365,2012-08-26,35,18-44,32.0000,31.9042,26.3573,38.3167,0.6955,0.5992,0.8078,0.6989
365,2012-08-26,35,45-64,21.7143,22.5901,18.5874,27.4845,0.7129,0.6078,0.8381,0.7120
365,2012-08-26,35,65+,13.4286,13.4181,10.6649,16.7360,0.7887,0.6601,0.9470,0.7906
366,2012-08-27,35,0-5,23.1429,25.3064,20.6615,30.7521,1.2831,1.0533,1.5614,1.2078
366,2012-08-27,35,6-11,18.5714,18.8357,15.3752,23.1605,1.3425,1.1256,1.6061,1.3440
366,2012-08-27,35,12-17,11.0000,11.2386,8.7511,14.2465,1.2738,1.0539,1.5400,1.2532
366,2012-08-27,35,18-44,31.2857,31.9395,26.4091,38.3285,0.6986,0.5988,0.8151,0.6862
366,2012-08-27,35,45-64,21.8571,22.8897,18.8217,27.9340,0.7184,0.6074,0.8492,0.7026
366,2012-08-27,35,65+,13.1429,13.4474,10.6393,16.8088,0.7975,0.6596,0.9623,0.7798
367,2012-08-28,35,0-5,24.8571,25.4467,20.8206,30.9727,1.2948,1.0469,1.6019,1.2892
367,2012-08-28,35,6-11,17.8571,18.5035,15.0227,22.8112,1.3499,1.1150,1.6336,1.3528
367,2012-08-28,35,12-17,10.4286,11.3411,8.8156,14.4052,1.2778,1.0409,1.5718,1.2389
367,2012-08-28,35,18-44,32.4286,31.7708,26.2215,38.1913,0.7018,0.5946,0.8277,0.7107
367,2012-08-28,35,45-64,22.7143,23.1979,19.0470,28.3705,0.7229,0.6032,0.8652,0.7238
367,2012-08-28,35,65+,13.2857,13.5012,10.6656,16.8792,0.8059,0.6580,0.9855,0.8013
368,2012-08-29,35,0-5,26.8571,25.6475,20.9343,31.4808,1.3017,1.0248,1.6542,1.3666
368,2012-08-29,35,6-11,17.8571,18.2034,14.6332,22.6792,1.3588,1.0944,1.6891,1.3919
368,2012-08-29,35,12-17,12.0000,11.4376,8.8038,14.6509,1.2805,1.0161,1.6189,1.3559
368,2012-08-29,35,18-44,32.4286,31.4272,25.7661,38.0875,0.7037,0.5863,0.8463,0.7390
368,2012-08-29,35,45-64,24.1429,23.4943,19.1135,28.9008,0.7258,0.5936,0.8884,0.7563
368,2012-08-29,35,65+,13.4286,13.5739,10.6437,17.1604,0.8125,0.6468,1.0208,0.8273
369,2012-08-30,35,0-5,25.4286,25.9456,20.7871,32.3796,1.3116,0.9919,1.7401,1.2955
369,2012-08-30,35,6-11,15.2857,17.9678,14.1263,22.8793,1.3706,1.0687,1.7679,1.2825
369,2012-08-30,35,12-17,11.2857,11.4897,8.6230,15.0868,1.2869,0.9878,1.6846,1.2980
369,2012-08-30,35,18-44,31.4286,30.9654,25.0723,38.2272,0.7080,0.5730,0.8766,0.7167
369,2012-08-30,35,45-64,24.8571,23.6701,18.9280,29.5775,0.7305,0.5783,0.9219,0.7468
369,2012-08-30,35,65+,13.4286,13.6691,10.4853,17.7060,0.8205,0.6289,1.0709,0.8201
370,2012-08-31,35,0-5,27.2857,26.2444,20.2230,34.1365,1.3197,0.9495,1.8453,1.3463
370,2012-08-31,35,6-11,18.2857,17.8232,13.4299,23.6169,1.3808,1.0339,1.8669,1.4094
370,2012-08-31,35,12-17,12.0000,11.5489,8.2931,15.8733,1.2925,0.9551,1.7704,1.3247
370,2012-08-31,35,18-44,29.8571,30.6026,24.0481,39.0170,0.7126,0.5576,0.9165,0.7167
370,2012-08-31,35,45-64,23.5714,23.7714,18.3895,30.7363,0.7344,0.5618,0.9661,0.7370
370,2012-08-31,35,65+,14.2857,13.8173,10.1924,18.5595,0.8266,0.6107,1.1265,0.8315
371,2012-09-01,35,0-5,28.1429,26.5215,19.2342,37.1406,1.3269,0.9123,1.9637,1.3745
371,2012-09-01,35,6-11,20.4286,17.6897,12.5014,25.3031,1.3898,1.0056,1.9701,1.5100
371,2012-09-01,35,12-17,12.1429,11.5855,7.8008,17.1394,1.2994,0.9229,1.8685,1.3429
371,2012-09-01,35,18-44,29.7143,30.2027,22.6271,40.7167,0.7181,0.5425,0.9614,0.7337
371,2012-09-01,35,45-64,24.0000,23.7622,17.4875,32.5918,0.7398,0.5450,1.0148,0.7565
371,2012-09-01,35,65+,15.7143,13.9744,9.7132,19.9796,0.8321,0.5912,1.1895,0.8753
