Np,L,sigma_rw,resample,day,age_group,true_Rj,Rj_med,Rj_lo,Rj_hi,true_dR,dR_med,dR_lo,dR_hi
100000,16,0.15,every,1,0-5,1.339049,1.3611942180802927,1.1083883415773876,1.6627735222506521,330.93133,331.5571544624163,310.2555666230008,353.6312749454796
100000,16,0.15,every,1,6-11,2.311691,1.8620527331530685,1.579790762018945,2.080779227440004,263.808763,262.4034814267801,245.3585636204814,270.6442491879556
100000,16,0.15,every,1,12-17,1.442413,1.3811256895459991,1.1310568095418296,1.6745964451770536,106.22455,106.85857103534858,95.7372788298495,118.19848538461063
100000,16,0.15,every,1,18-44,0.716412,0.7644386160812959,0.6260523233658553,0.923941877222336,378.044663,381.10463627625006,359.34949615170007,404.88254417061677
100000,16,0.15,every,1,45-64,0.585959,0.650603740159195,0.5308734114871206,0.7867320032940464,166.399298,166.51997791498056,151.80198756880066,181.37305345261586
100000,16,0.15,every,1,65+,0.477594,0.5330458936194447,0.4366852559780939,0.6447595695313136,120.274235,119.96233516899571,108.42823390121058,132.5765516879358
100000,16,0.15,every,2,0-5,1.349362,1.4120661663183773,1.1880577115422302,1.6694298923611488,328.081813,326.1516968595297,303.82312553529624,349.8349694955023
100000,16,0.15,every,2,6-11,2.32493,2.2270326690131217,1.9589532317492542,2.630308364818322,319.737799,286.1837538173182,275.65963384633665,295.20071420561885
100000,16,0.15,every,2,12-17,1.454397,1.4783046981219545,1.2501470400636945,1.7279300736146213,114.303266,111.3829623311874,101.13977659085151,124.53261400946079
100000,16,0.15,every,2,18-44,0.722411,0.7896464697362289,0.6751639803878082,0.9235084562517369,387.435862,405.8489666086188,372.38692035590225,444.78021466714637
100000,16,0.15,every,2,45-64,0.591069,0.6558484284549974,0.558794688273905,0.7676827221319675,160.825,164.53678205770615,151.7141258114858,180.06517338470752
100000,16,0.15,every,2,65+,0.481464,0.5368170507899517,0.45745311503243735,0.6273701054817321,105.073442,105.93325097442644,97.49097967967657,114.83753386696719
100000,16,0.15,every,3,0-5,1.35966,1.443453945472357,1.2340139325579154,1.6917156539853317,325.648649,321.5626660310239,290.73765804541074,358.1192867222178
100000,16,0.15,every,3,6-11,2.337983,2.5218670364124334,2.1598973891503683,2.869530787928916,404.900079,347.3048367785706,324.2292459123232,352.32164139003464
100000,16,0.15,every,3,12-17,1.466397,1.5386049548269605,1.3162884994832116,1.786929966078405,126.230268,120.33702206299256,106.92095496564237,139.47243199560273
100000,16,0.15,every,3,18-44,0.728456,0.8019488069114559,0.6994721227580878,0.9222080013543635,403.551557,429.3861182999318,375.6232470755101,491.3097319362862
100000,16,0.15,every,3,45-64,0.596248,0.6577314181180752,0.5708824467112809,0.7580581295653647,154.978536,160.99654201648912,143.22329320807802,183.6790827630499
100000,16,0.15,every,3,65+,0.485405,0.5359312536728367,0.4658177918385095,0.6166764441481911,86.724254,88.26144687436425,80.37410629270178,97.71861645581197
100000,16,0.15,every,4,0-5,1.369933,1.4611917968751147,1.2470461053790072,1.711647767963956,325.535413,319.3286035744766,280.3883495620023,367.2351252594765
100000,16,0.15,every,4,6-11,2.350811,2.6010462552635953,2.208300776094785,3.041398445789412,511.765541,447.7258388673372,400.8052662769427,474.8294030948349
100000,16,0.15,every,4,12-17,1.478402,1.5749948968099385,1.348037265778593,1.8446014444739924,140.616838,133.29577564877025,115.09158867326568,157.16616166854328
100000,16,0.15,every,4,18-44,0.734541,0.8050390033530797,0.7019902547119156,0.9293735684046615,426.652422,443.64382085343186,380.0204334588618,519.723111835304
100000,16,0.15,every,4,45-64,0.601493,0.6564361930855585,0.5717860597737322,0.7585969614742368,151.630782,157.15807658491428,135.10626269035276,183.64814378971147
100000,16,0.15,every,4,65+,0.489412,0.5332817889004968,0.4658327043338741,0.613210069491562,70.729754,72.41552577235899,64.63767216405546,82.19065424959587
100000,16,0.15,every,5,0-5,1.380172,1.4605362852958252,1.2381201656120473,1.7182856697822753,328.803048,321.839035007632,277.53757951498415,374.51860548686386
100000,16,0.15,every,5,6-11,2.363382,2.593547584812142,2.222623373475552,3.061554922988534,641.288651,582.6046659754038,505.7942845632492,646.3197227980731
100000,16,0.15,every,5,12-17,1.490403,1.5834322844728086,1.3447962009825885,1.8556380744706142,157.442095,149.49580019902032,126.9450452451265,176.40462748717
100000,16,0.15,every,5,18-44,0.740661,0.799435841016338,0.6958713445438349,0.9224739121572021,458.18697,460.9040679840275,393.20428872112575,542.4126342587847
100000,16,0.15,every,5,45-64,0.606798,0.6511421263955726,0.5654730027699483,0.7507481186037261,151.953184,155.22327389842087,131.25559823381877,182.9654367091332
100000,16,0.15,every,5,65+,0.493482,0.5278259619993868,0.46134970881780574,0.6041780480624579,58.632153,59.8611004295567,51.85260199085195,69.41821610887416
100000,16,0.15,every,6,0-5,1.390367,1.4418021183880958,1.226795242203768,1.6938945035508297,336.258969,329.4599517266788,280.39484735865904,385.47074672855433
100000,16,0.15,every,6,6-11,2.375661,2.541685055504381,2.1435919257723035,2.9971709274743734,797.509134,755.7236903425046,645.8662417964524,859.6351451433723
100000,16,0.15,every,6,12-17,1.502389,1.5710898446205006,1.3402267439234063,1.8489249390061258,177.211626,169.60031508658972,144.6752519064073,199.9901365357956
100000,16,0.15,every,6,18-44,0.746809,0.7857195956354004,0.6855678337168637,0.9047470467702237,500.142645,493.28116278884954,419.988664231465,582.3217679244362
100000,16,0.15,every,6,45-64,0.612161,0.6412747582958325,0.5583455720030994,0.7378917292432345,156.522133,157.31184310950823,132.40673815570096,185.9735098177913
100000,16,0.15,every,6,65+,0.497614,0.51919098242953,0.4551649491426665,0.5926737286942325,50.434243,50.93107730580999,43.24877359314644,60.48181744347954
100000,16,0.15,every,7,0-5,1.400506,1.423818380510291,1.2123419129279933,1.6807764677775037,348.722026,343.0687875046656,292.1077654789401,402.35900772385185
100000,16,0.15,every,7,6-11,2.387607,2.4797503391770443,2.1030408492620283,2.9397608177546357,986.178421,965.8599857873987,826.9129137318041,1113.706906676895
100000,16,0.15,every,7,12-17,1.514351,1.552751809699398,1.3244433058331893,1.827205712551051,200.705671,194.20843448508697,165.6603170169376,230.18126455157687
100000,16,0.15,every,7,18-44,0.75298,0.773175965267026,0.6742767987592367,0.886467780834963,554.951997,547.0023478543767,466.74394865187696,644.0779205680174
100000,16,0.15,every,7,45-64,0.617576,0.6318418913019861,0.55077398009833,0.7250117711058012,165.778997,165.0879171570615,139.5449499438164,195.95409288158612
100000,16,0.15,every,7,65+,0.501802,0.5117635752504974,0.4493381574468854,0.5824028427157735,45.661614,45.70066318748172,38.28122077995988,54.91701478335722
100000,16,0.15,every,8,0-5,1.410578,1.4109212486098466,1.1947149804261628,1.661233621665955,367.150294,363.32371963377363,309.2195048668941,427.3787138104952
100000,16,0.15,every,8,6-11,2.399174,2.4338410708927567,2.044330896812121,2.889038063199372,1214.55463,1213.0053016742845,1041.576514320881,1402.7739005410267
100000,16,0.15,every,8,12-17,1.526277,1.5332456985664058,1.3056366541889286,1.798275170153471,228.921981,225.14929048335694,191.78576673049076,265.1074213844752
100000,16,0.15,every,8,18-44,0.759166,0.7627278232699264,0.6645091317722811,0.8763759482433633,625.557947,623.4853957685809,531.1487875754437,729.2587905345249
100000,16,0.15,every,8,45-64,0.62304,0.6242115177438067,0.5442706657774266,0.7161331329087057,180.240433,179.74942409129085,152.1696556765247,212.7478545152601
100000,16,0.15,every,8,65+,0.506044,0.5056854689624117,0.44384629539491494,0.5760863406775344,43.799297,43.817019458788764,36.36828972184071,52.923528705215176
100000,16,0.15,every,9,0-5,1.420567,1.397125392448209,1.1893116570731628,1.6488180227530613,392.719535,391.1295149600619,335.4073940518524,457.6014842884083
100000,16,0.15,every,9,6-11,2.410305,2.3988155856065383,2.0086159329178375,2.848619823969496,1491.567128,1505.8676001505764,1283.0218915617306,1745.5800285909645
100000,16,0.15,every,9,12-17,1.538152,1.5176157927589071,1.2975683533215745,1.7884079457277884,263.089568,262.383730590117,224.434939989364,307.2842585119349
100000,16,0.15,every,9,18-44,0.765359,0.7549188328740126,0.6576775912872344,0.8687228009037976,715.545323,723.0035479459066,613.1749227162641,848.4039152525638
100000,16,0.15,every,9,45-64,0.628547,0.6185224799664265,0.5393059212003889,0.7094471320217586,200.604819,201.77026264534015,171.25758675388374,239.02822975192112
100000,16,0.15,every,9,65+,0.510336,0.5017385088080234,0.4408589423128094,0.570635039102169,44.451362,44.679188319399145,37.01138207959457,54.02781166047612
100000,16,0.15,every,10,0-5,1.430456,1.401244637967841,1.1991383251201289,1.6456304634068102,426.889988,427.4946732636017,367.4426967065301,502.8122803686542
100000,16,0.15,every,10,6-11,2.420932,2.3908647144878525,2.0128547822593785,2.8571942386242415,1828.130648,1851.8135587998468,1588.6469937802585,2157.0913659890566
100000,16,0.15,every,10,12-17,1.549963,1.5154247791296585,1.2951071882778602,1.7904957783723872,304.714202,306.6161145053911,262.0080187297933,358.73623931265934
100000,16,0.15,every,10,18-44,0.771548,0.7551538875859019,0.6592386938715675,0.8698067793433126,829.317096,844.2673063509483,715.4847347908099,992.0089108984066
100000,16,0.15,every,10,45-64,0.634091,0.6188192363755038,0.5403646077856515,0.7098906798990117,227.82135,231.4650916662349,196.0146189667214,271.68390114317253
100000,16,0.15,every,10,65+,0.514671,0.5025679954676475,0.44170438989498595,0.5713631050667652,47.385134,48.048833721002495,39.91198782766628,57.760594128073876
100000,16,0.15,every,11,0-5,1.440226,1.408657406811248,1.197840540447679,1.6546228129711544,471.477637,473.46775497271256,408.4008484893029,558.903228255439
100000,16,0.15,every,11,6-11,2.430973,2.3934722191638915,2.009658533131406,2.8454471740714147,2237.552162,2264.983584400761,1934.6953475493656,2648.6568721765925
100000,16,0.15,every,11,12-17,1.56169,1.525138569097507,1.2956650740889604,1.7983492133851242,355.644121,358.7187568558895,306.8400134350113,420.2139928757447
100000,16,0.15,every,11,18-44,0.777724,0.7593930563283278,0.6618408338136631,0.8739709240676532,972.312685,992.7167213465227,847.738636088221,1168.9249295030168
100000,16,0.15,every,11,45-64,0.639665,0.6231716042338271,0.5438929439951398,0.7160493626639529,263.151482,267.495123410167,228.58625735823352,315.7812704292962
100000,16,0.15,every,11,65+,0.519046,0.5057622996552977,0.4447025285760865,0.5753861869201231,52.533007,53.58741502718635,44.45715897772959,64.35211340180956
100000,16,0.15,every,12,0-5,1.449854,1.4198445975477896,1.211570169991188,1.6733801433406454,528.737681,532.0946204166671,460.37548087982805,627.770473471156
100000,16,0.15,every,12,6-11,2.44033,2.3931364217996993,2.020749285334247,2.862968726222985,2736.019,2765.641023016855,2371.82986266618,3217.952252586065
100000,16,0.15,every,12,12-17,1.573314,1.5375403539744856,1.3129300850504926,1.8054461967469781,418.153866,422.0620899542196,359.9940821985674,495.3205800779474
100000,16,0.15,every,12,18-44,0.783872,0.7653379666841207,0.6692317285147935,0.8829307469304897,1151.272675,1173.5105582376782,998.3882336369752,1379.2966010982836
100000,16,0.15,every,12,45-64,0.645262,0.629015499095795,0.5490772263109345,0.7237980493625029,308.236594,313.20366847204787,267.4158825395332,368.4299885680366
100000,16,0.15,every,12,65+,0.523452,0.5107576030297483,0.44936497461419606,0.5814124339979168,59.98351,61.240082996726926,50.69618674471121,73.27486805021158
100000,16,0.15,every,13,0-5,1.459311,1.437277103925354,1.2221776652445404,1.6911620411903878,601.464871,604.9868157235378,522.9807777811711,713.3559532946629
100000,16,0.15,every,13,6-11,2.448882,2.4166100407067748,2.0418547131787803,2.8758239589089554,3343.167296,3373.3358647776404,2895.2180428092543,3925.0653423247477
100000,16,0.15,every,13,12-17,1.584811,1.5594553695340487,1.3312299824835194,1.8205713355144342,495.047755,500.2641498792191,426.36599067597035,582.5098504541215
100000,16,0.15,every,13,18-44,0.789978,0.7752380896123662,0.6768328265838041,0.8946445249422517,1374.557951,1395.6439920912853,1191.3060507901755,1629.982854277201
100000,16,0.15,every,13,45-64,0.650872,0.6384741551866788,0.5571757648485599,0.7348512912383746,365.179311,370.7871997357056,314.55637267507245,435.0169786149845
100000,16,0.15,every,13,65+,0.527885,0.5182436612006711,0.4560762041440366,0.5907273981298297,69.974553,71.11237835084239,59.35050961531772,85.27316704664224
100000,16,0.15,every,14,0-5,1.468566,1.4481142216368958,1.2345482369003544,1.705174396171154,693.114377,697.6027989139084,599.3856174518469,819.8464587284907
100000,16,0.15,every,14,6-11,2.456486,2.427912314309158,2.043581042532977,2.9044576547256953,4082.728327,4110.509713440322,3547.0093772801847,4792.620850433719
100000,16,0.15,every,14,12-17,1.596151,1.5752553395342166,1.3449138580629247,1.8523743755364535,589.785973,594.4137345119884,508.19677061551556,691.9815834595033
100000,16,0.15,every,14,18-44,0.796023,0.7851118673381274,0.6829983093596361,0.9021882862675548,1652.533292,1662.9133764467933,1433.7755956679175,1958.6841225078642
100000,16,0.15,every,14,45-64,0.656485,0.6471941950816834,0.563584816617884,0.7425832722700396,436.643561,440.1238451619888,375.40010034131546,517.7414236978989
100000,16,0.15,every,14,65+,0.532333,0.5250504055848166,0.4617696327574178,0.5965251038917784,82.893616,83.75832086813398,70.41059428053882,100.5905674402959
100000,16,0.15,every,15,0-5,1.47758,1.4619321394268459,1.2392705582707395,1.7150199480489567,807.946377,811.9269768538511,695.5920396818537,956.1804530953705
100000,16,0.15,every,15,6-11,2.462969,2.4435023338058572,2.051145569362178,2.91541335199462,4983.241971,5009.352707668946,4311.482020108408,5850.812577451346
100000,16,0.15,every,15,12-17,1.607303,1.5886125572506256,1.35409589019026,1.8629397967372037,706.636978,709.6980571183099,603.2928891811603,829.9681246173132
100000,16,0.15,every,15,18-44,0.801986,0.7933028376553009,0.6911323058611247,0.9124131347096811,1998.026374,2003.20117043543,1713.949673056508,2360.9506428400073
100000,16,0.15,every,15,45-64,0.662089,0.6550899482127974,0.5708917356499944,0.7528453945694443,525.977613,527.6225197086483,452.6209712594855,624.0549185551622
100000,16,0.15,every,15,65+,0.536789,0.5319802428192222,0.46772597171620095,0.6057534661615087,99.286285,99.60284180290239,83.6796761197511,118.93288754569005
100000,16,0.15,every,16,0-5,1.486304,1.47665747289015,1.2600306610983798,1.7372310167467304,951.197058,951.723959589589,814.5557273730428,1132.239100871805
100000,16,0.15,every,16,6-11,2.468122,2.4487599635234814,2.0623317474414944,2.930180592472587,6078.81127,6099.425663572805,5245.923957960127,7139.777784842176
100000,16,0.15,every,16,12-17,1.618224,1.6093953257742433,1.37462532385841,1.8769112730976505,850.860069,852.8774093064312,725.5070817817614,1002.4456364260595
100000,16,0.15,every,16,18-44,0.80784,0.8021698784486603,0.7006587790226853,0.9265249323722914,2426.872612,2428.486906589893,2073.8094772745226,2839.348482652329
100000,16,0.15,every,16,45-64,0.66767,0.6631945603625639,0.5801516815340829,0.7635349787146766,637.364016,636.9084738769898,547.7182721871964,747.816254691696
100000,16,0.15,every,16,65+,0.541239,0.5383427062927948,0.4748952337105012,0.6134976520136944,119.873309,120.06682617100955,100.60729688200263,141.95847001164861
100000,16,0.15,every,17,0-5,1.494685,1.4842655511556808,1.2641634313912407,1.7509731906743482,1129.277698,1131.0824628853243,963.6774081694939,1342.4316536867236
100000,16,0.15,every,17,6-11,2.471696,2.450416536126218,2.0497588339044057,2.9116530647501038,7409.847775,7413.754223077238,6383.5215738376355,8681.222803766937
100000,16,0.15,every,17,12-17,1.628868,1.6172991856672465,1.3819158326183385,1.9005229360664526,1028.921606,1029.4343917981732,873.2319001980695,1209.9164575862014
100000,16,0.15,every,17,18-44,0.813555,0.8075852541336335,0.7033658702672875,0.9331598916050886,2958.553836,2961.2206645391434,2522.1993830621923,3476.260714679831
100000,16,0.15,every,17,45-64,0.673209,0.6691550059219281,0.5836921110895211,0.7693709960418075,776.000016,773.4618558767315,664.2253274578898,907.5442099168804
100000,16,0.15,every,17,65+,0.54567,0.5433670269935157,0.47827360061890944,0.6178884625223647,145.575978,145.7906537585268,122.99055288316254,171.8763570328706
100000,16,0.15,every,18,0-5,1.502654,1.497459894065867,1.2706833145759364,1.7569310300397105,1350.001486,1352.5604042750565,1160.1580297125238,1596.2491882310042
100000,16,0.15,every,18,6-11,2.473394,2.4560118424045343,2.0651579233550583,2.931067821704837,9023.720946,9011.43262133978,7785.7578112627525,10552.14145820283
100000,16,0.15,every,18,12-17,1.639178,1.6328856390740336,1.39773837808896,1.9124865893950245,1248.747198,1246.5361562134922,1058.5582897050735,1460.3132926343196
100000,16,0.15,every,18,18-44,0.819096,0.8152267750717335,0.7108962060600071,0.9405125256887624,3616.933377,3621.2397849908193,3078.7446574343594,4273.623164709996
100000,16,0.15,every,18,45-64,0.678688,0.6755938200567203,0.5901769710709103,0.7758822018386414,948.311106,945.1734109441168,811.6172265018768,1108.5515626244242
100000,16,0.15,every,18,65+,0.550065,0.5481893948434438,0.4828529743808374,0.6228364859495445,177.549463,177.9564589338031,150.319109723064,210.34004026175216
100000,16,0.15,every,19,0-5,1.510132,1.502905339102422,1.280302091792041,1.7660553330032014,1622.834336,1626.8439797887331,1395.2497838838044,1924.0028338368684
100000,16,0.15,every,19,6-11,2.472868,2.4555286896928896,2.0697824526753084,2.8981114783320803,10975.172743,10957.391259586235,9454.221598843877,12817.011274072302
100000,16,0.15,every,19,12-17,1.649086,1.639502367171193,1.4048353538678249,1.9397214317940814,1520.009766,1519.6055057555423,1293.8420119676066,1787.1134253199343
100000,16,0.15,every,19,18-44,0.824418,0.8197487750905708,0.7147656530811652,0.9471261625191958,4431.080289,4444.334734311222,3771.0590385521755,5217.838899816859
100000,16,0.15,every,19,45-64,0.684081,0.6805328396977184,0.593815871683248,0.7828834064875011,1162.198633,1158.6444895209906,991.938684323186,1363.1468455603522
100000,16,0.15,every,19,65+,0.554406,0.5517526617131325,0.48569384406936095,0.6277687407770137,217.223561,217.4488034915778,184.50012552081012,257.80731626446754
100000,16,0.15,every,20,0-5,1.517023,1.5051491386047338,1.2828797366367939,1.7634079461417724,1959.160279,1963.5891987156447,1680.0042896324176,2298.204497388062
100000,16,0.15,every,20,6-11,2.469709,2.4453741959542015,2.063815125999893,2.8822234935427535,13326.287852,13302.289831263915,11440.123237229382,15659.637489146873
100000,16,0.15,every,20,12-17,1.65851,1.644124184271225,1.4050993694041662,1.9264818082410327,1854.449136,1857.1291575255727,1586.357776334391,2188.7290817766534
100000,16,0.15,every,20,18-44,0.829473,0.822699473343097,0.7165274657356716,0.9490853574449359,5436.159,5457.029869833426,4641.669955877736,6399.882192987749
100000,16,0.15,every,20,45-64,0.689363,0.6841345838215314,0.5963219705864591,0.7874711952671853,1427.319119,1424.6648052912124,1218.5427656449738,1673.9626330691194
100000,16,0.15,every,20,65+,0.558669,0.554746600233295,0.4881356793531742,0.6321762066052441,266.34977,266.76723585253717,225.84060920435604,315.4903769223588
100000,16,0.15,every,21,0-5,1.523216,1.5059989383439247,1.2880968955386178,1.7676725651037513,2372.543472,2376.0766689949733,2037.622446774687,2772.845961071179
100000,16,0.15,every,21,6-11,2.463448,2.435412288048224,2.056569404843394,2.88697223981787,16145.720016,16150.085399120682,13861.667389853998,19093.579647181396
100000,16,0.15,every,21,12-17,1.667356,1.6511945401377606,1.4117318782953268,1.9498254493398754,2266.211961,2267.063962919985,1935.3506626156504,2666.6780157128214
100000,16,0.15,every,21,18-44,0.8342,0.8252647878289794,0.7210969950783711,0.9542736130984355,6674.335155,6683.424002971216,5724.524619812568,7895.5148107311325
100000,16,0.15,every,21,45-64,0.694499,0.6884196441076841,0.601336014737942,0.7923176871028431,1755.387594,1752.7480804329152,1498.3358747079492,2076.417820944029
100000,16,0.15,every,21,65+,0.56283,0.5582924863409455,0.49218853901106757,0.6349091725707104,327.052749,327.3855415923481,278.6380561368476,386.31474516583967
100000,16,0.15,every,22,0-5,1.528579,1.5128551991534103,1.2917950421162208,1.7708216659330034,2878.956344,2887.3858151094573,2464.967990906367,3380.5378396917804
100000,16,0.15,every,22,6-11,2.453554,2.424381820811372,2.0482951623640346,2.870867303299274,19506.770976,19475.99805913915,16821.523929894058,22999.357074667598
100000,16,0.15,every,22,12-17,1.675512,1.6618141658341123,1.4183693237822355,1.9508499168700488,2772.190309,2766.107128727368,2365.723213990581,3278.7890340439662
100000,16,0.15,every,22,18-44,0.838535,0.8316949345745024,0.7251654642943139,0.9569293646233591,8195.610922,8217.781711146054,7044.430822885624,9661.969288243534
100000,16,0.15,every,22,45-64,0.699454,0.6946673973085766,0.6061675150306935,0.7975357076667186,2160.488931,2159.3460977489885,1837.3080349075644,2538.256031607798
100000,16,0.15,every,22,65+,0.566857,0.563262790908517,0.49644485825419116,0.6398503851399202,401.882688,401.9883397435751,343.93854061081765,473.29806803926294
100000,16,0.15,every,23,0-5,1.532962,1.5169506252355147,1.2931749914968482,1.7773820849660067,3496.926404,3509.738098264206,2996.0062144706826,4107.954473131871
100000,16,0.15,every,23,6-11,2.439441,2.4138236187273727,2.035534493252045,2.8711636501696347,23483.816704,23454.406742461724,20191.414311883942,27737.789795002725
100000,16,0.15,every,23,12-17,1.682849,1.6682683771444111,1.4312432743773595,1.9415304635806794,3392.32232,3390.639271681146,2898.040375656178,4038.2853319952337
100000,16,0.15,every,23,18-44,0.842399,0.8348986067371147,0.7278074207533163,0.9624060179464788,10058.451204,10088.089181842108,8574.155442151074,11811.313569085978
100000,16,0.15,every,23,45-64,0.704184,0.6988732372168209,0.6100097155598379,0.8022773768649518,2659.369155,2659.066954588945,2276.2323793519245,3121.926739100065
100000,16,0.15,every,23,65+,0.570717,0.5668703484406934,0.4995041300043951,0.6433868730597855,493.862942,494.46634311036405,422.61563980483515,578.4362300211023
100000,16,0.15,every,24,0-5,1.536191,1.518483372539264,1.29636288367164,1.778809941153133,4247.53248,4258.844798787271,3650.376443714311,4997.578930972097
100000,16,0.15,every,24,6-11,2.420485,2.379703794018412,2.0167621423424853,2.8132214699832696,28146.510063,28201.416365515353,24181.110908559524,33346.48328396975
100000,16,0.15,every,24,12-17,1.68922,1.6689024288629286,1.4338782524423987,1.9559065957180892,4149.798326,4148.847099927996,3530.576288508193,4910.877440693657
100000,16,0.15,every,24,18-44,0.84571,0.8369440115675392,0.727202385675976,0.9679836681804238,12329.995522,12392.172693958106,10543.721630761378,14509.293674785957
100000,16,0.15,every,24,45-64,0.708641,0.7026826349307469,0.6111832060881839,0.8086370197253125,3271.66235,3278.923182958726,2801.903546041345,3844.0644038122336
100000,16,0.15,every,24,65+,0.574373,0.5696020301795113,0.5005520081895665,0.6484445293582036,606.524284,607.463627117093,519.1043674747084,714.8482515207825
100000,16,0.15,every,25,0-5,1.538076,1.5162664179049248,1.2952159026233223,1.7829380737785154,5154.156091,5166.723294362677,4429.420005590633,6086.340947977653
100000,16,0.15,every,25,6-11,2.396044,2.3464473442361635,1.984605191158323,2.756816261884641,33551.219506,33603.47521045542,28897.294646000286,39622.28751403166
100000,16,0.15,every,25,12-17,1.694459,1.6737731209324702,1.4359475293500872,1.9716202917756527,5071.091004,5067.921935659066,4341.422920323748,5965.75337466432
100000,16,0.15,every,25,18-44,0.848378,0.8378189977926274,0.728835041090906,0.9647057670791639,15085.572494,15148.88718676113,12918.975261919259,17763.01732279484
100000,16,0.15,every,25,45-64,0.712775,0.7054243927017829,0.6149822245096149,0.8104544662421067,4019.988369,4036.323381143251,3455.8906690250224,4747.441079750188
100000,16,0.15,every,25,65+,0.577785,0.5722082278854803,0.5033423264665237,0.6504587128208542,743.91342,746.2600742569748,637.0786911530718,878.1284782787102
100000,16,0.15,every,26,0-5,1.538409,1.5140424755881927,1.2893551061985535,1.7784396760987577,6241.868991,6245.816029676396,5386.686453537579,7320.48741082663
100000,16,0.15,every,26,6-11,2.365505,2.300815787940947,1.9557862025882393,2.7137578384305736,39729.377274,39827.11202124116,34301.30042040546,46993.09375853423
100000,16,0.15,every,26,12-17,1.698384,1.678798705733831,1.4418088839769199,1.9649386778738431,6185.700699,6197.434643275868,5304.532643880066,7259.664701249185
100000,16,0.15,every,26,18-44,0.850308,0.8390881347629152,0.7289309293854636,0.9706700841393159,18407.156202,18461.144731909386,15809.708114591485,21699.461872421438
100000,16,0.15,every,26,45-64,0.716529,0.7089478018449471,0.6177879759013268,0.8149551494791782,4929.833728,4937.298347620843,4208.244417032791,5820.581135617169
100000,16,0.15,every,26,65+,0.58091,0.5747398670147117,0.5053354689798567,0.6538211061463571,910.559366,912.9906895122413,778.6570267368425,1073.6147470566184
100000,16,0.15,every,27,0-5,1.536973,1.5085680116166063,1.289359821789132,1.7689054010840728,7536.321247,7541.677754084645,6467.4531289484585,8811.312380191346
100000,16,0.15,every,27,6-11,2.328335,2.2619776069981823,1.9174253200215303,2.6642374051304896,46672.912574,46786.05015005972,40423.3581543749,54781.36247281608
100000,16,0.15,every,27,12-17,1.700803,1.6819639704307305,1.4425354802826023,1.9640002143592663,7525.482085,7538.345340282744,6457.209105467219,8821.94320938168
100000,16,0.15,every,27,18-44,0.851409,0.8384752953553323,0.7270817263486651,0.9700528082074104,22380.349545,22465.51813717473,19230.95665414493,26352.8969232269
100000,16,0.15,every,27,45-64,0.719848,0.7113985293657507,0.6187349467477754,0.8197035709208351,6029.107041,6040.834852090706,5156.268011705975,7113.776183162365
100000,16,0.15,every,27,65+,0.583707,0.5769293866945471,0.506867772123019,0.6576189064378086,1111.377766,1112.4731348074356,950.8622489625241,1307.178730398552
100000,16,0.15,every,28,0-5,1.533549,1.503296521425246,1.2796400148274503,1.7681379407363886,9061.997971,9068.997998026112,7783.761466314245,10591.725477719534
100000,16,0.15,every,28,6-11,2.284154,2.2090848243736536,1.8684605579358704,2.6054443913219387,54317.819328,54449.12911985605,46989.294240929186,63765.96640383813
100000,16,0.15,every,28,12-17,1.701519,1.6776867575682752,1.437424290294079,1.9640016393914412,9123.405142,9122.54494075397,7860.304652737766,10670.88365734859
100000,16,0.15,every,28,18-44,0.851597,0.8347920351476015,0.7263059411161369,0.9669108902589922,27089.486627,27270.73966794736,23367.615701456,31862.072647406516
100000,16,0.15,every,28,45-64,0.722678,0.7117673188120912,0.6201230121248222,0.8203220854358135,7347.248756,7383.490819106217,6286.1814239832165,8636.497187488705
100000,16,0.15,every,28,65+,0.586138,0.5778885092367422,0.5084557681102851,0.6588434005120988,1351.491718,1349.272172383221,1150.837515054448,1585.9201117704024
100000,16,0.15,every,29,0-5,1.527933,1.4960572961638676,1.2774452087439854,1.7486765880841715,10839.753381,10840.101555864028,9254.960718021302,12768.862816361347
100000,16,0.15,every,29,6-11,2.232815,2.158434331075247,1.8302303010448584,2.5339790728234384,62528.143683,62523.44894973468,54019.110963632585,73125.0839661024
100000,16,0.15,every,29,12-17,1.700336,1.6780350834733275,1.4369251281900386,1.9631985805271008,11011.615446,11010.516542621568,9455.226703488523,12949.09879464197
100000,16,0.15,every,29,18-44,0.850805,0.8345897463783809,0.7270424581163876,0.9654261896358568,32610.565163,32751.089032712072,28014.97197877682,38416.903853937794
100000,16,0.15,every,29,45-64,0.724969,0.7143911036796659,0.6230694296683399,0.821515382274779,8913.784102,8928.099713712341,7624.0161732281995,10504.826014556958
100000,16,0.15,every,29,65+,0.588169,0.5802547318894873,0.5107634781135344,0.6601455601022671,1635.950409,1630.1884690378338,1391.765376474391,1926.2876964770367
100000,16,0.15,every,30,0-5,1.51995,1.4888362446659826,1.2776533200731712,1.7401906433526582,12883.625658,12871.556322893826,11026.791940628842,15123.920423752395
100000,16,0.15,every,30,6-11,2.174479,2.092923558423548,1.780200821547708,2.4709314750389093,71084.065893,71123.63897073828,61550.031582002586,82813.75735105446
100000,16,0.15,every,30,12-17,1.697079,1.6709918046284553,1.4312930688283183,1.9562936828595952,13218.712345,13236.31868382718,11338.921222116245,15560.035905992452
100000,16,0.15,every,30,18-44,0.848988,0.8326443067007225,0.7260565136855693,0.9616170359651942,39002.002914,39079.31493286244,33508.445395078335,45733.45998366218
100000,16,0.15,every,30,45-64,0.726683,0.7163196551034761,0.6255574321557226,0.8227073834330609,10756.25137,10774.489473049296,9200.791018802433,12713.582704921726
100000,16,0.15,every,30,65+,0.589777,0.5823904729511246,0.5134066373868653,0.6622994706949564,1969.336221,1967.8617316533582,1686.3473164034676,2314.1777583982876
100000,16,0.15,every,31,0-5,1.509469,1.4804257756845138,1.2638650691002051,1.7399090605635636,15197.094747,15188.994430780222,13061.181716622712,17812.74809467727
100000,16,0.15,every,31,6-11,2.109682,2.0260193035566374,1.7319217468782298,2.3749109489818947,79678.808818,79950.02890551242,68557.01720769133,92886.79978530976
100000,16,0.15,every,31,12-17,1.691596,1.6602293606810294,1.420920617587347,1.9424616824526382,15766.27182,15781.752998155098,13551.18538629156,18447.698599656404
100000,16,0.15,every,31,18-44,0.846135,0.8289336904609463,0.7227779740917162,0.9571366489009182,46293.687618,46272.64178223448,39910.080723905354,54201.256622384186
100000,16,0.15,every,31,45-64,0.727795,0.7163881732121258,0.6252685400581356,0.8228073971431596,12897.525822,12905.597319598623,11127.048409495575,15245.798367233874
100000,16,0.15,every,31,65+,0.590954,0.5828804013000717,0.5131942488094204,0.663150749641648,2355.268916,2356.65448511668,2025.553399546221,2771.88100769443
100000,16,0.15,every,32,0-5,1.496425,1.4687607236015596,1.2492449528065077,1.7168860757937847,17769.158643,17827.436251412393,15340.960563573375,20853.21962566217
100000,16,0.15,every,32,6-11,2.039356,1.955980787349627,1.6669750298502126,2.2835854975105345,87929.104962,88280.46334696491,75700.45976559422,102354.96733685338
100000,16,0.15,every,32,12-17,1.68378,1.6559232248740436,1.4148982469853681,1.9354111657942685,18664.8059,18713.59391454066,16053.171633818929,21823.411318538143
100000,16,0.15,every,32,18-44,0.842273,0.8275508969073987,0.7175973232772233,0.9562719251175593,54475.424374,54466.007074738794,46837.4368000261,63282.721637991315
100000,16,0.15,every,32,45-64,0.728298,0.7185296187403949,0.6245287930100955,0.8261562832166559,15352.693484,15386.240151346981,13132.84512366794,17973.177484368556
100000,16,0.15,every,32,65+,0.591705,0.5844610641185503,0.5131991566596767,0.6647577218491866,2795.841638,2804.5656972861343,2408.8473213933885,3287.7927764966807
100000,16,0.15,every,33,0-5,1.480829,1.4467397032246798,1.23718458389305,1.6929921770935614,20570.831334,20592.75788915345,17768.27091959119,24264.626442756853
100000,16,0.15,every,33,6-11,1.964809,1.8737560100755233,1.5984386024656092,2.1961803151790495,95402.189379,96036.64146147936,82495.65303267585,111820.03145149804
100000,16,0.15,every,33,12-17,1.673573,1.6475557883191725,1.4122226233664235,1.9226965588360259,21909.552418,21952.379918050647,18756.620097864725,25576.980897201705
100000,16,0.15,every,33,18-44,0.83747,0.8211255008615653,0.712394393672879,0.9493478835605035,63486.547941,63446.17549923726,54617.388829115545,73941.47392426839
100000,16,0.15,every,33,45-64,0.728206,0.717999212262366,0.6249779725707095,0.8251526174139138,18125.790738,18164.016000608943,15565.359448526375,21226.27852247611
100000,16,0.15,every,33,65+,0.592053,0.5842350404249048,0.5134202424339059,0.6653188223872745,3291.053781,3306.36181897228,2831.305938133446,3864.3417139187986
100000,16,0.15,every,34,0-5,1.462781,1.4240522571246323,1.2159285954668178,1.6692510015318145,23552.833856,23616.816860774095,20301.837766019555,27747.01269704156
100000,16,0.15,every,34,6-11,1.887639,1.7947699474018202,1.5362208655845457,2.091876841709823,101658.549787,102353.40266733943,88031.70006080298,118824.01117696427
100000,16,0.15,every,34,12-17,1.660977,1.6259247794727285,1.396011523039454,1.9012924059286935,25476.681038,25566.41612631711,21856.75730234287,29932.119841998152
100000,16,0.15,every,34,18-44,0.83183,0.8128955280314389,0.7037494287447994,0.9418368253426769,73208.929413,73259.08888276303,63089.67124119616,85536.59907683445
100000,16,0.15,every,34,45-64,0.727549,0.7149281044163571,0.6220475844966935,0.8244896076756724,21206.87399,21200.363161100424,18191.02206830337,24813.09004802337
100000,16,0.15,every,34,65+,0.592035,0.5830422653192454,0.5115712585974123,0.6657239904631792,3838.331698,3856.8712247791664,3312.7988693724146,4480.598146074921
100000,16,0.15,every,35,0-5,1.442463,1.4020403341085965,1.200237509098344,1.6374352509941503,26645.268355,26654.777403250977,22898.13273382999,31042.84077254217
100000,16,0.15,every,35,6-11,1.809602,1.719236205380285,1.475357163939892,2.0029549217416767,106304.720836,106921.63636197138,92568.90510511014,124119.32800141454
100000,16,0.15,every,35,12-17,1.646053,1.6087255543149819,1.3801219485767493,1.8799737862566304,29320.616863,29456.496945810446,25352.40822061256,34300.695874754965
100000,16,0.15,every,35,18-44,0.825488,0.8067407078036413,0.7008371321545208,0.9325727365917205,83465.594545,83389.4123729284,71873.90351649927,97683.34776762576
100000,16,0.15,every,35,45-64,0.726377,0.714095015642396,0.6226766187890582,0.8202730138521085,24569.961263,24564.693790409037,21109.803365939515,28641.025571303966
100000,16,0.15,every,35,65+,0.591703,0.5829811653047117,0.5121936875422377,0.6646761197711372,4432.23845,4443.267747856084,3821.5241356830193,5202.022516863395
100000,16,0.15,every,36,0-5,1.420138,1.3794479961594566,1.1816793417751312,1.612114479803733,29759.863711,29723.224158879777,25604.887758940575,34727.59711611582
100000,16,0.15,every,36,6-11,1.732447,1.644849631775127,1.4114146586285305,1.9184279124719414,109046.030685,109975.03917264368,94736.09822434653,127111.62647700659
100000,16,0.15,every,36,12-17,1.628921,1.5904074754218802,1.355141594994854,1.8562571908064238,33373.156777,33458.28374129356,28900.093422315666,38860.978067137214
100000,16,0.15,every,36,18-44,0.818595,0.8004976225376733,0.6932563852347767,0.9260331681010664,94026.494436,94078.85795232828,81164.87191169942,109939.21408510418
100000,16,0.15,every,36,45-64,0.724752,0.7125642020637004,0.6192074273927902,0.8196430657628098,28172.341504,28130.579261400213,24378.207228397194,33147.562105419056
100000,16,0.15,every,36,65+,0.591115,0.5826596954120818,0.5107627209112618,0.6638583806914675,5064.458606,5081.361810762995,4366.548539433963,5943.26823163154
100000,16,0.15,every,37,0-5,1.396133,1.356219662480029,1.1590221050474983,1.593351811793597,32794.956334,32730.63811798446,28320.884663858364,38261.51296530233
100000,16,0.15,every,37,6-11,1.657761,1.5765996774909319,1.3546329697171506,1.8292865173656045,109727.494748,110499.5766294247,95840.94127217738,127492.29044359433
100000,16,0.15,every,37,12-17,1.609753,1.5722945696777142,1.348090078666844,1.837069798353362,37544.855439,37549.93298399431,32480.519586975046,43617.053105718485
100000,16,0.15,every,37,18-44,0.811312,0.7937658937733993,0.686910012421565,0.9254187914526979,104621.660832,104796.71517490735,90636.63588750502,121677.34114553861
100000,16,0.15,every,37,45-64,0.722744,0.7117745155852204,0.6183852137742246,0.8219022231779296,31955.558439,31845.273137757496,27643.744824344554,37505.737761798315
100000,16,0.15,every,37,65+,0.590333,0.5827462652061217,0.510636998817963,0.665541911615911,5724.101281,5745.441414246619,4946.064757438609,6684.512681964727
100000,16,0.15,every,38,0-5,1.370818,1.331571865168573,1.1349869532530843,1.5573506986146806,35642.80832,35580.537678361085,31005.869092594134,41436.930840839515
100000,16,0.15,every,38,6-11,1.586842,1.5089656575489943,1.3004495875218962,1.748492847626677,108353.242562,109320.45593259274,94962.46548080444,125695.89469312504
100000,16,0.15,every,38,12-17,1.588767,1.551522059577948,1.3218698415825922,1.8151353808544282,41728.814362,41816.134526036854,36214.59968909112,48436.914705832954
100000,16,0.15,every,38,18-44,0.803791,0.7863480147692672,0.6775876006330604,0.9127749435278115,114960.356943,115165.91025275097,99148.7585112137,133783.2755640921
100000,16,0.15,every,38,45-64,0.720427,0.7098303265457842,0.6143301292968633,0.8176377464613143,35848.07833,35764.97449358215,31056.06773387082,42235.27495531234
100000,16,0.15,every,38,65+,0.589417,0.5820752937183176,0.5086421826857576,0.6639344461094995,6398.302853,6428.0438174211085,5511.286618676524,7478.285613910877
100000,16,0.15,every,39,0-5,1.344588,1.3063742754749677,1.1134072590700685,1.531832652927346,38198.327169,38116.41917449492,33232.643507379806,44139.361575765884
100000,16,0.15,every,39,6-11,1.520628,1.4459313428748004,1.2484600230291354,1.6792516957008747,105080.431697,105982.97555841878,92397.3428267301,121756.47306115786
100000,16,0.15,every,39,12-17,1.566216,1.522014506601145,1.3077262396248377,1.7723251784176255,45806.601451,45898.5141275223,39538.515634368465,53309.00346352835
100000,16,0.15,every,39,18-44,0.796173,0.7781281560412494,0.6719071094768544,0.906290278874457,124753.416688,125136.07441504486,107795.25103919662,144690.52844480844
100000,16,0.15,every,39,45-64,0.717872,0.7052477007668194,0.6113805397908242,0.816050285985836,39769.328538,39796.466827037686,34348.65848545468,46603.23973630124
100000,16,0.15,every,39,65+,0.588422,0.5799933760837088,0.5071324947527466,0.6642397219590405,7073.048443,7096.71199275714,6127.794003909679,8268.816386308165
100000,16,0.15,every,40,0-5,1.31784,1.2781658127764968,1.0900239621056727,1.4992514874527811,40367.907543,40365.41424230323,35154.3205998302,46595.36443739821
100000,16,0.15,every,40,6-11,1.459686,1.389681022989215,1.1987662800509788,1.6137296811682298,100190.381818,100961.3442932195,88103.20645252848,115948.58264884679
100000,16,0.15,every,40,12-17,1.542381,1.5040038106150413,1.2826810030293994,1.7512370740071814,49655.666788,49622.35649732768,42732.03386483033,57444.34138890909
100000,16,0.15,every,40,18-44,0.788577,0.7692873974988821,0.6624185588671746,0.9025761872747496,133735.243112,133800.7925033786,116056.99261325668,154621.67253774754
100000,16,0.15,every,40,45-64,0.715149,0.7015796908878313,0.606998955357409,0.8154250040516416,43634.545662,43701.44925171207,37530.465815238334,50921.438185795036
100000,16,0.15,every,40,65+,0.587398,0.5781625477905931,0.5049636922591884,0.6637021555257776,7734.088427,7768.496574664903,6713.656714067016,9088.911008972616
100000,16,0.15,every,41,0-5,1.290953,1.2540502732795007,1.0612915444235704,1.471435742682879,42077.074294,42101.677256043884,36650.53735201096,48658.37849593023
100000,16,0.15,every,41,6-11,1.404245,1.3403606200231475,1.1525633955399275,1.5576698524711015,94045.014405,94678.03485856554,82581.99219077313,108794.96736904327
100000,16,0.15,every,41,12-17,1.517563,1.4747268449831599,1.2645466713616011,1.7242721351402817,53157.392016,53154.85014958121,45906.73646345083,61401.52392997703
100000,16,0.15,every,41,18-44,0.781104,0.7625877848706741,0.6517385442295427,0.891927621961561,141682.145304,141707.5980451326,122779.62335810158,164181.11606609216
100000,16,0.15,every,41,45-64,0.712322,0.6992837273404839,0.6026560795706263,0.8101785007682452,47359.769739,47416.40836716516,40955.67906637775,55610.26061715133
100000,16,0.15,every,41,65+,0.586383,0.5773931563162855,0.5024933802756862,0.6618187627541425,8367.815995,8410.241634246253,7253.6474972847645,9775.442590731327
100000,16,0.15,every,42,0-5,1.264279,1.227880490008788,1.045583069165646,1.438889067404415,43275.869579,43345.94805700373,37682.1472453567,50232.08799324499
100000,16,0.15,every,42,6-11,1.354261,1.2980970056639776,1.1190299951045648,1.5062646256186947,87038.883809,87772.21164433844,76602.26372074732,100593.7243714761
100000,16,0.15,every,42,12-17,1.492072,1.4551414664365114,1.2372027084872514,1.6993794571900478,56204.854036,56291.4420065874,48632.65264592378,64843.89298376464
100000,16,0.15,every,42,18-44,0.773835,0.7569516155028955,0.6502749308179817,0.8832418374474756,148424.708036,148384.80658744846,129060.44574657409,171935.91036934685
100000,16,0.15,every,42,45-64,0.709447,0.6978422362889929,0.6025294041748582,0.8074630014491255,50866.378694,50954.55179725413,43943.22672819445,59540.90707709809
100000,16,0.15,every,42,65+,0.585414,0.5771283622915666,0.5034768156972615,0.6610611884923855,8961.994575,9011.781414147816,7744.4206326508665,10445.494464118776
100000,16,0.15,every,43,0-5,1.238125,1.2020623388393135,1.0240013631148515,1.4084795726439612,43941.398862,43977.48294519732,38448.524302206235,51226.579480303044
100000,16,0.15,every,43,6-11,1.309493,1.257517716574433,1.085096804917861,1.4587005187970092,79556.000048,80057.11215284932,69928.20790753746,92009.09817284532
100000,16,0.15,every,43,12-17,1.46622,1.4278467681828961,1.221344500958367,1.6723699101244103,58709.484516,58702.22831015452,50938.73133960058,67825.8412732943
100000,16,0.15,every,43,18-44,0.766831,0.7495261060364283,0.6439124042519629,0.8814669844366398,153853.31109,153392.9511278912,133539.1532776414,178544.22200878267
100000,16,0.15,every,43,45-64,0.706578,0.695138916643238,0.5996280815351925,0.8080123894295002,54084.732826,54170.761411938816,46703.494819433545,62838.30665312923
100000,16,0.15,every,43,65+,0.584516,0.5766743310515117,0.5026269330283748,0.6623504429981938,9506.268457,9560.4024997401,8163.455622633526,11065.075417657717
100000,16,0.15,every,44,0-5,1.212753,1.1776565218948922,1.0018458191654322,1.3866021276443827,44077.485298,44162.61517897993,38683.46220311965,51227.878520098166
100000,16,0.15,every,44,6-11,1.269576,1.2243042572290606,1.0557135204715156,1.4216510257920774,71937.426081,72417.16892962018,62992.13795933011,83353.09353958233
100000,16,0.15,every,44,12-17,1.440311,1.4032843630457597,1.2051367984009964,1.6416397513051628,60606.016309,60644.91727947118,52451.90436044126,70773.54299707501
100000,16,0.15,every,44,18-44,0.760141,0.7445276425966142,0.6381598764244802,0.8742347361695709,157917.275974,157764.03352983762,136499.61162472097,182356.63543665665
100000,16,0.15,every,44,45-64,0.70376,0.6926032648998611,0.5979282410692612,0.8040298975297929,56956.72138,57062.73027490429,49299.10126862308,65798.88193803659
100000,16,0.15,every,44,65+,0.583713,0.5762821429813779,0.5021364215777239,0.6613883951553878,9992.439961,10030.517550521196,8611.405170243714,11617.36918558288
100000,16,0.15,every,45,0-5,1.188372,1.1567373280719755,0.9824763491871096,1.3605266124983628,43711.842688,43839.428514553234,38395.71710644255,50763.55188148178
100000,16,0.15,every,45,6-11,1.234079,1.1961246175089877,1.0310550093182598,1.3879215432620158,64461.862813,64856.99641419551,56356.92360594869,74843.54809036804
100000,16,0.15,every,45,12-17,1.414631,1.3811293841831382,1.1751851781243325,1.6067591211298204,61855.36882,61982.209587953286,53829.05160775676,72377.70155021502
100000,16,0.15,every,45,18-44,0.7538,0.740304387867748,0.6325918589334775,0.8656014026648056,160619.070436,160484.84270335338,139468.98131556483,185738.5484216211
100000,16,0.15,every,45,45-64,0.701036,0.6910565709976726,0.5953319723945801,0.8024077626489029,59437.204628,59505.13297815551,51561.26055746758,68781.19376629987
100000,16,0.15,every,45,65+,0.583021,0.5768062847265876,0.5019185731321121,0.6624402905506706,10414.537539,10456.120192044837,9001.296775729861,12175.69857719056
100000,16,0.15,every,46,0-5,1.165143,1.1381012222934999,0.9653536772636144,1.3366867317812587,42891.476896,43022.98075940728,37657.29785320826,49900.77565729024
100000,16,0.15,every,46,6-11,1.202554,1.1685087813067696,1.0080725351290196,1.35239437274974,57338.351483,57653.35463172919,50041.177483257605,66662.53122527315
100000,16,0.15,every,46,12-17,1.389444,1.3591186647378424,1.1642146867759122,1.582144448552211,62445.388529,62565.885574386804,54518.44492502953,72472.86316649301
100000,16,0.15,every,46,18-44,0.747835,0.7369140145506499,0.6274116077039879,0.864167148644002,162005.414982,161631.3101924474,141084.12640526122,187255.88460663453
100000,16,0.15,every,46,45-64,0.698441,0.6906771367243633,0.5932940073180564,0.8003898773241674,61494.484575,61522.53212621703,53606.48655077012,71287.52068874474
100000,16,0.15,every,46,65+,0.582457,0.5774241054040266,0.5010799702779122,0.6619813164594897,10768.723727,10801.23596833687,9314.89540676985,12510.48245170743
100000,16,0.15,every,47,0-5,1.143177,1.1137217034355655,0.9457430429282031,1.309815096476662,41677.13921,41855.36032182374,36680.76639821241,48447.38518209022
100000,16,0.15,every,47,6-11,1.174563,1.1404448741710884,0.9833430619101645,1.3219151994021987,50708.389506,51021.860321233515,44299.965995859355,58697.1273277381
100000,16,0.15,every,47,12-17,1.364981,1.3333940727031173,1.140280625558751,1.5548859647351996,62389.594496,62560.2311240728,54453.555521672824,72445.43932794733
100000,16,0.15,every,47,18-44,0.742263,0.7293464166053051,0.6234439570672473,0.8544222638847372,162157.074215,162103.14279185142,141614.71728205495,187319.98616523854
100000,16,0.15,every,47,45-64,0.696005,0.6868110004186248,0.5909178039615839,0.7963369494169561,63110.00566,63087.22684846108,54868.83626879682,73417.40676815878
100000,16,0.15,every,47,65+,0.582032,0.5759202271950127,0.5002206963672045,0.6603116654741773,11053.099209,11096.294704851374,9644.370643835922,12802.501496705605
100000,16,0.15,every,48,0-5,1.122545,1.096790100113496,0.9301614408613142,1.287353312434102,40137.607332,40272.690666070324,35240.75656391389,46296.787742495304
100000,16,0.15,every,48,6-11,1.149695,1.1193400440876786,0.9666481043342864,1.2968070295065097,44654.143321,44927.69694446004,39173.76686970447,51666.24720037659
100000,16,0.15,every,48,12-17,1.341439,1.3118043452655457,1.1235209155908985,1.531206424424856,61724.260962,62012.998498903005,53750.10180814285,71693.73780890566
100000,16,0.15,every,48,18-44,0.737094,0.7256489410036757,0.6204098780127946,0.8520812112002795,161178.750037,161087.4895711462,140838.61096767755,186218.69572070474
100000,16,0.15,every,48,45-64,0.693755,0.6855540598342218,0.590243709472019,0.7976563480625347,64277.496826,64341.3242620246,55344.15769786399,74867.67112146225
100000,16,0.15,every,48,65+,0.581754,0.576183058548394,0.5010239859718761,0.6630403443276017,11267.4537,11295.955737796408,9802.040438434778,13082.954013789276
100000,16,0.15,every,49,0-5,1.103279,1.0769383800280579,0.9107308065772933,1.267266529582754,38344.413372,38586.5801506096,33597.70264609391,44407.125751024345
100000,16,0.15,every,49,6-11,1.127582,1.09954296389146,0.9468909391675486,1.2758993496792324,39209.697264,39430.931851872476,34305.58634932246,45198.98822781909
100000,16,0.15,every,49,12-17,1.318977,1.290683846033907,1.1026180357780269,1.504878890608988,60504.288709,60656.19880932942,52655.049163842574,70148.71243031463
100000,16,0.15,every,49,18-44,0.732333,0.7211209978319798,0.6150334188640647,0.8475454325130886,159190.010563,159301.403041258,138463.39608105272,183093.7253508279
100000,16,0.15,every,49,45-64,0.691711,0.6837678725943783,0.5878231154874548,0.7979914783997937,65001.740923,65057.510020479094,56287.948875077534,75756.62467253592
100000,16,0.15,every,49,65+,0.581631,0.5764431938289969,0.5007290297475198,0.6652146190854203,11413.001947,11435.963154669502,9938.15150118593,13300.488062079385
100000,16,0.15,every,50,0-5,1.085382,1.057719434244909,0.8974317548045262,1.2462179511515525,36367.431967,36587.85254575161,31812.861780830543,42156.637659532484
100000,16,0.15,every,50,6-11,1.107894,1.079624445123926,0.9285802251113269,1.2554606121618852,34372.979525,34554.0944743664,30127.740719753318,39543.77845429536
100000,16,0.15,every,50,12-17,1.297714,1.2661122129179854,1.0813502848573726,1.473550779131236,58798.369678,59085.44413729018,51293.35683466459,68641.84201019211
100000,16,0.15,every,50,18-44,0.727981,0.714830664655763,0.6070040344733546,0.8447795632499173,156317.730636,156943.81085742265,135906.0496873334,179479.42155123455
100000,16,0.15,every,50,45-64,0.689889,0.6809539499608641,0.5832407800156233,0.7938538389891634,65297.118419,65369.72708580841,56862.96475637599,76233.5431198678
100000,16,0.15,every,50,65+,0.581667,0.5761213473101678,0.4992596451451285,0.6634402094021633,11492.12915,11523.352229028795,9972.455478132533,13266.44586001875
100000,16,0.15,every,51,0-5,1.068832,1.0412241706006031,0.8822803034687456,1.2289351567570805,34271.53494,34447.26447535842,29878.664543173276,39554.15014594118
100000,16,0.15,every,51,6-11,1.090343,1.0623972217883333,0.9146689390994963,1.2390517261159244,30116.818226,30260.09076884284,26359.9944648745,34647.666980226524
100000,16,0.15,every,51,12-17,1.277736,1.2440654395703337,1.0660796046057814,1.4471611954245942,56683.939143,56802.29679958639,49440.03163701994,65943.67372365133
100000,16,0.15,every,51,18-44,0.724031,0.7106289313162963,0.6046567650928678,0.8400168425407009,152690.165767,153176.07226563198,132910.63294396363,176626.39299161406
100000,16,0.15,every,51,45-64,0.6883,0.6782119513066848,0.5821064382339856,0.7906088207823154,65186.034642,65228.95830611396,56811.307958880905,75959.78885077464
100000,16,0.15,every,51,65+,0.581864,0.5749557340093312,0.4988061481836184,0.6621789504951432,11508.15811,11534.66723325933,9996.960111246764,13229.685593718867
100000,16,0.15,every,52,0-5,1.053589,1.0297792087020157,0.8726461933034375,1.2131393536234136,32114.344848,32201.226688116207,28136.60750703572,37014.66077743552
100000,16,0.15,every,52,6-11,1.074677,1.0497409930194168,0.9025808817941093,1.2240212263436057,26398.298433,26506.05757689639,23119.522773064906,30177.80889417138
100000,16,0.15,every,52,12-17,1.259092,1.228442646666415,1.0535227478097589,1.433871521685677,54242.347223,54227.152756749885,46932.20449850545,62736.57205360965
100000,16,0.15,every,52,18-44,0.720478,0.7080308293248532,0.6018658976542778,0.8387119896811664,148432.553379,148988.0240134336,129535.11512442492,170954.81386376778
100000,16,0.15,every,52,45-64,0.68695,0.6776522669291178,0.5803926552997897,0.7913452834841651,64697.310534,64772.957583401,56232.80915748724,75288.22786860145
100000,16,0.15,every,52,65+,0.582224,0.5758220696916276,0.4988522584823292,0.6645037912189546,11465.141901,11483.220844590716,9953.880931022344,13228.751424171613
100000,16,0.15,every,53,0-5,1.039599,1.0174938290546875,0.8621143602349866,1.1973244930173685,29944.994064,29999.11586281634,26210.31273378362,34473.54474429658
100000,16,0.15,every,53,6-11,1.060681,1.041709177555124,0.8947247987732668,1.210434054574221,23166.127966,23234.82128827367,20302.160798270255,26506.249794473406
100000,16,0.15,every,53,12-17,1.241802,1.217288624991648,1.0416529754898338,1.4167586111104968,51554.583054,51491.31110407133,44989.662710923,59471.15492435708
100000,16,0.15,every,53,18-44,0.71731,0.7070914824348136,0.5991431821375092,0.8343312966317574,143664.019026,143924.64174557198,125821.3817877341,165639.94686944643
100000,16,0.15,every,53,45-64,0.685844,0.677376641368872,0.5803267251001997,0.7891967768681756,63864.5971,64106.82595597673,55511.110386259155,74198.89123640629
100000,16,0.15,every,53,65+,0.582745,0.5767292548719503,0.4988896029823824,0.6646646031209166,11367.681002,11372.620140870073,9836.43153717558,13111.302338856302
100000,16,0.15,every,54,0-5,1.026798,1.0060145640934537,0.8519077567331146,1.1855249493898208,27803.721099,27810.85412381566,24341.355609154794,32064.33579295008
100000,16,0.15,every,54,6-11,1.048166,1.0278588969181597,0.8854900695517713,1.1970709987075612,20366.067748,20427.297952974215,17849.728074898478,23496.218425153776
100000,16,0.15,every,54,12-17,1.225861,1.2016011807530669,1.030005420691471,1.4003264116002234,48697.769472,48697.127615857404,42527.97776987753,55904.11437216611
100000,16,0.15,every,54,18-44,0.714513,0.7030965662820692,0.5976792215889002,0.8309441325819765,138495.530571,138456.34039209783,120557.6405393933,159948.23576143663
100000,16,0.15,every,54,45-64,0.684979,0.6760542707916933,0.57914940323137,0.7901528029364736,62724.861136,62921.63751574373,54732.06041140505,72557.01645238046
100000,16,0.15,every,54,65+,0.583425,0.5774931451770016,0.5001640274717075,0.6666438743172171,11220.76182,11230.766133420635,9719.454898470081,13026.188538499817
100000,16,0.15,every,55,0-5,1.015117,0.9980551088160488,0.8464882664478848,1.1756064912969721,25722.104644,25764.371659321245,22392.473721263465,29658.96083527489
100000,16,0.15,every,55,6-11,1.036969,1.018495203129551,0.8766223503222856,1.1833158564102315,17944.672611,18020.55424554972,15684.15282853553,20726.033562029712
100000,16,0.15,every,55,12-17,1.211241,1.190243657121647,1.0194281799623823,1.3806184452934176,45742.531416,45718.86281331442,39941.53574844217,52832.25998202176
100000,16,0.15,every,55,18-44,0.712073,0.7017233279758865,0.5964092717298944,0.8275723743364806,133028.657862,133002.72844206868,115931.46877042158,153351.34869222762
100000,16,0.15,every,55,45-64,0.684354,0.6757350938875464,0.5781898057665005,0.788312488671169,61316.981241,61522.708962943405,53537.76586199715,70772.17474137037
100000,16,0.15,every,55,65+,0.58426,0.578413767870446,0.5001141450837734,0.6673170689305177,11029.613424,11017.205143910687,9575.097139732738,12853.25363271858
100000,16,0.15,every,56,0-5,1.004483,0.9868837614114603,0.8348547589822095,1.1648994018539274,23723.73735,23782.375976907206,20593.87471273041,27231.749863727717
100000,16,0.15,every,56,6-11,1.026948,1.0098219891889286,0.868894689965639,1.1777001115390577,15851.665114,15901.138198907487,13904.992416108493,18244.03937001247
100000,16,0.15,every,56,12-17,1.1979,1.1788396407955832,1.0107111142528715,1.3723716544286721,42751.241664,42716.55556284613,37478.31869742973,49329.50974606039
100000,16,0.15,every,56,18-44,0.709973,0.6996543057947517,0.5929000984692934,0.8301753050693219,127354.933341,127214.03135983739,111054.74907136243,146226.31567026116
100000,16,0.15,every,56,45-64,0.683962,0.6756018164548014,0.5776533147036143,0.7919628394551376,59680.485659,59930.59046187904,52042.50484147994,68938.76316653495
100000,16,0.15,every,56,65+,0.585245,0.5792777022458797,0.5008812780437308,0.6697623497695098,10799.58013,10784.419112728792,9350.125314744277,12591.19879265048
100000,16,0.15,every,57,0-5,0.994825,0.9788101012134147,0.8270853258836427,1.1554362513765155,21825.163845,21891.041222081403,19117.194921857794,25066.39205617865
100000,16,0.15,every,57,6-11,1.01798,1.0029292282542719,0.8584863090347404,1.1711955218623396,14041.269589,14110.696749488357,12344.747553335503,16180.285244759638
100000,16,0.15,every,57,12-17,1.18578,1.166058686813249,0.999793088899783,1.3570243211324975,39777.071365,39802.742533586104,34852.81936539919,45601.9339604571
100000,16,0.15,every,57,18-44,0.708196,0.6984179889629947,0.589515910854565,0.8283641452756464,121555.65262,121530.49316305062,105834.75611891551,140128.70070625236
100000,16,0.15,every,57,45-64,0.683795,0.6760167555147372,0.5765785631579192,0.7936689768311856,57854.455716,58007.400540054776,50294.26965539064,66667.77558424696
100000,16,0.15,every,57,65+,0.586376,0.5812492500586961,0.5010238169213345,0.6727809527528853,10536.0086,10539.182825905475,9101.033796006774,12220.772690712183
100000,16,0.15,every,58,0-5,0.986069,0.9724125451886594,0.8214800648717101,1.1458460090364897,20036.940543,20079.254884471535,17577.965040972806,22995.15764168033
100000,16,0.15,every,58,6-11,1.009957,0.9967498271274686,0.8557847340765328,1.1611019199732817,12472.799024,12527.678322535474,10979.554264912847,14393.761692337226
100000,16,0.15,every,58,12-17,1.174817,1.1564161803027995,0.993942456250694,1.3533607053613108,36863.723446,36891.590132307494,32321.146862535737,42303.68427626067
100000,16,0.15,every,58,18-44,0.706722,0.6991378747323913,0.5915306774835496,0.8258315520185469,115701.993678,115647.41982821655,101437.35439848481,133125.03003218863
100000,16,0.15,every,58,45-64,0.683844,0.6776466289443789,0.5777904603535863,0.7936780043259536,55876.60998,55975.74733805237,48637.55584878775,64507.49067759467
100000,16,0.15,every,58,65+,0.587644,0.5834954348535661,0.5031649844232458,0.6752685069570405,10244.149047,10245.221521873435,8888.358844768227,11860.967372240411
100000,16,0.15,every,59,0-5,0.978144,0.9646594267324358,0.813779349466649,1.1433523078621606,18364.710692,18404.04203679622,16126.449497760972,21069.025421631057
100000,16,0.15,every,59,6-11,1.002781,0.9886481106575112,0.8501800061737189,1.1575369859818345,11110.736004,11164.309984212741,9730.256404906977,12849.678134963382
100000,16,0.15,every,59,12-17,1.164941,1.1479033044280018,0.9841344216584809,1.3372061117056289,34045.702638,34077.95050146128,29796.06204142701,38936.63519405527
100000,16,0.15,every,59,18-44,0.705534,0.6972785404495083,0.5909261046957444,0.8305415748199426,109855.364973,109780.56740102032,96207.95214279462,126047.76915398147
100000,16,0.15,every,59,45-64,0.684097,0.6774509966909269,0.5787008699096979,0.795262186901873,53782.575099,53895.416126244,46838.69145789114,62550.611942117524
100000,16,0.15,every,59,65+,0.589042,0.5850464246462961,0.5050145062981717,0.6778149029612651,9929.070622,9930.712884190812,8591.239795581467,11448.006633747427
100000,16,0.15,every,60,0-5,0.970985,0.9578716503441601,0.807111625676027,1.1344067815543029,16810.22173,16838.558992631617,14707.651944528217,19402.525548457517
100000,16,0.15,every,60,6-11,0.996369,0.9818606747761476,0.8388401310896575,1.151236534340277,9924.494838,9974.515316287521,8688.346297171433,11471.72725762194
100000,16,0.15,every,60,12-17,1.156077,1.140828013169513,0.9768240248393855,1.3267426198334276,31348.972317,31348.02435423527,27430.408553140704,35928.337941870326
100000,16,0.15,every,60,18-44,0.704613,0.6966949165612449,0.5854775900843617,0.8299259803970347,104067.916027,104031.62886884669,90742.78334027855,119535.3530501267
100000,16,0.15,every,60,45-64,0.684545,0.6790550989361961,0.5769272490529445,0.7958744421969767,51605.340472,51741.59553138865,44815.353863081895,60186.25611825241
100000,16,0.15,every,60,65+,0.590564,0.5875188040110622,0.5054753487456131,0.6798116655601654,9595.59122,9595.375320137362,8324.985513713367,11060.486542377621
100000,16,0.15,every,61,0-5,0.964526,0.9520457324530216,0.8015331917692772,1.1217162903872162,15372.240465,15404.68698611157,13449.957512121648,17694.138535919716
100000,16,0.15,every,61,6-11,0.990644,0.9786020881832751,0.8344833814798083,1.1406607578844017,8888.002624,8910.580348723102,7776.372470229189,10263.638198903762
100000,16,0.15,every,61,12-17,1.14815,1.1343848157744412,0.9730893145861033,1.3222209268817238,28791.859684,28748.943215667736,25100.853102174588,33107.68018847075
100000,16,0.15,every,61,18-44,0.703939,0.6974612774669713,0.5851415623332513,0.826358684066937,98383.160257,98432.98350347439,86029.27874049405,113029.52019694634
100000,16,0.15,every,61,45-64,0.685173,0.6794519302902706,0.5780767183377877,0.7968789348007402,49374.886077,49560.63906429103,42806.863526440924,57337.75945593044
100000,16,0.15,every,61,65+,0.592201,0.5884869575152878,0.5074439227618779,0.6819185584502864,9248.22181,9264.473249749164,8054.804275305243,10639.140061916376
100000,16,0.15,every,62,0-5,0.958707,0.9465109564326188,0.8008298746630103,1.1216988542622253,14047.343937,14089.768242523423,12268.47169339459,16160.202705830103
100000,16,0.15,every,62,6-11,0.985538,0.9735064897216449,0.8357862201114791,1.139614567419409,7979.195779,7974.996180674527,6973.635672953911,9220.448426684365
100000,16,0.15,every,62,12-17,1.141086,1.128432816908084,0.9692708554308046,1.3148121010118565,26386.091245,26365.36049349187,23004.397621325217,30318.89772632951
100000,16,0.15,every,62,18-44,0.703495,0.6960568555929119,0.5893281063608121,0.8273745385976732,92836.6709,92777.94764401997,81201.89583203895,106845.06790028233
100000,16,0.15,every,62,45-64,0.685971,0.6797608891967093,0.580662903090574,0.7990183153753533,47117.966628,47226.53204186878,40884.45806654566,54374.56732797972
100000,16,0.15,every,62,65+,0.593945,0.5897634478357289,0.5092619270680357,0.6846593306392588,8891.125032,8909.876364546828,7758.926842555695,10280.14774669509
100000,16,0.15,every,63,0-5,0.95347,0.9399102520823277,0.7927580275259448,1.114849835655089,12830.579981,12876.507140513277,11229.583269984345,14698.404141527368
100000,16,0.15,every,63,6-11,0.98099,0.9692606203775671,0.8297927055377411,1.1355700274198803,7179.496144,7178.143882242497,6259.641991417855,8297.6060576858
100000,16,0.15,every,63,12-17,1.134813,1.123438519882276,0.9637109188506284,1.311428560866065,24137.865017,24131.892238066997,21079.721310028806,27708.167652757606
100000,16,0.15,every,63,18-44,0.703262,0.6948771620544203,0.5870742392601284,0.8279046418613019,87456.81861,87513.39634671481,76455.85365081253,100543.55788285797
100000,16,0.15,every,63,45-64,0.686924,0.6804799473548275,0.5791647184970142,0.7986952307122852,44858.031087,44957.28753125528,39072.65891762101,51657.78729784698
100000,16,0.15,every,63,65+,0.595787,0.5909134945658141,0.5095135752379013,0.6840843917234078,8528.087415,8560.575361030642,7438.058887564868,9890.804484560387
100000,16,0.15,every,64,0-5,0.948763,0.9361690349910469,0.7909440486185515,1.1100660156999573,11716.002434,11739.239964252338,10274.235589699121,13422.09961144859
100000,16,0.15,every,64,6-11,0.976944,0.9655961409764229,0.8250908836861446,1.129004213230227,6473.306487,6485.587638391182,5616.027910181542,7479.045224469621
100000,16,0.15,every,64,12-17,1.129261,1.1180000115761501,0.9587241917470044,1.3037101088673106,22048.89064,22051.71682652156,19333.106583392713,25350.21101081674
100000,16,0.15,every,64,18-44,0.703222,0.6954571987211939,0.5859058397058907,0.8258865706788172,82265.525056,82240.60282937251,72166.33926156815,94535.40458778106
100000,16,0.15,every,64,45-64,0.688021,0.6811696626439572,0.5794740987839674,0.7996040938488296,42615.254318,42588.89988675527,37155.06151636806,49133.75165048009
100000,16,0.15,every,64,65+,0.59772,0.5928772705412443,0.5107241959348081,0.6867707505652623,8162.504165,8180.897790986288,7144.731415341899,9387.424480132235
100000,16,0.15,every,65,0-5,0.944537,0.9354699276081491,0.783832798890304,1.1111235126966408,10697.092399,10738.923622271046,9335.372837633826,12263.977686882718
100000,16,0.15,every,65,6-11,0.97335,0.9653712037602373,0.8196815867772106,1.1317503317320747,5847.547901,5851.522120506037,5084.831273441483,6730.087874752004
100000,16,0.15,every,65,12-17,1.124363,1.1162296520156918,0.9554713329179771,1.3031834244031248,20117.351102,20134.30160081829,17663.742243404267,23089.958684860416
100000,16,0.15,every,65,18-44,0.70336,0.6985707976944326,0.5835270102389434,0.8315073091895544,77279.011456,77336.34426779673,67690.8873231588,88983.83542010188
100000,16,0.15,every,65,45-64,0.689248,0.6858223993242406,0.5803395282521487,0.8045462698390928,40406.657293,40415.281034412095,35247.15418189159,46508.91037472384
100000,16,0.15,every,65,65+,0.599735,0.5974112643077658,0.5129970309126931,0.6912910474887978,7797.375142,7807.799667316547,6795.185057271039,8984.80124667607
100000,16,0.15,every,66,0-5,0.940745,0.9304306185145769,0.7866412432796505,1.0989897656941499,9767.080342,9780.16043152404,8523.92097770283,11186.445558819221
100000,16,0.15,every,66,6-11,0.970162,0.960417829157318,0.8238461538994173,1.121974408049644,5291.249659,5296.957591556711,4600.113854406867,6096.61269209953
100000,16,0.15,every,66,12-17,1.120057,1.1129051005664536,0.9521735706692382,1.2914837830331753,18338.758705,18391.262553569395,16017.853914145147,21077.141861619195
100000,16,0.15,every,66,18-44,0.703657,0.6974467946681104,0.5897791676816373,0.8275942380142816,72508.525132,72525.23048814293,63379.36431555357,83585.39511694666
100000,16,0.15,every,66,45-64,0.690594,0.6857199657632177,0.5859562844976212,0.8051048447638671,38246.293234,38319.75805138424,33454.00884122588,44063.490735531086
100000,16,0.15,every,66,65+,0.601824,0.5983342011231315,0.5163875063081342,0.6940166490992085,7435.310428,7444.017769485363,6478.60806922114,8571.500272860467
100000,16,0.15,every,67,0-5,0.937344,0.9270634210021373,0.7818861620554992,1.0977241422229094,8919.184744,8928.19524656306,7762.209854984889,10214.215753396042
100000,16,0.15,every,67,6-11,0.967338,0.9572597079191975,0.8186679829311694,1.1193450651909818,4795.1944,4789.116333017591,4176.1350875152275,5505.251089730766
100000,16,0.15,every,67,12-17,1.116285,1.1077730861804742,0.9504593066998098,1.2869169368893933,16706.692753,16735.650774531066,14577.043920209631,19380.410483411048
100000,16,0.15,every,67,18-44,0.7041,0.6975670504343099,0.5882144434791768,0.8291431543249822,67961.03084,67936.36775871553,59593.4290117342,78269.63075287454
100000,16,0.15,every,67,45-64,0.692047,0.6868888190241634,0.5847295665135379,0.8050926828392602,36145.479168,36194.45734761702,31589.688820287123,41559.736304285005
100000,16,0.15,every,67,65+,0.603978,0.6000519573529023,0.5170480534236326,0.6944599573177901,7078.543787,7081.553615388926,6174.455688265734,8165.406018459587
100000,16,0.15,every,68,0-5,0.934296,0.9251920764108932,0.7803157495008067,1.0978197833821246,8146.782586,8165.635365445167,7075.352956483606,9345.935091417283
100000,16,0.15,every,68,6-11,0.964841,0.9575644766197023,0.8193217470095036,1.123624148004698,4351.616738,4349.595969505608,3810.3751890775748,4997.146748146508
100000,16,0.15,every,68,12-17,1.112991,1.1058398719837805,0.9486622143186221,1.2882744784390798,15213.417348,15250.252736660419,13288.561138883932,17557.5072051459
100000,16,0.15,every,68,18-44,0.704672,0.6998296016285275,0.5900162405968374,0.8344686144084663,63639.857119,63609.79459860921,55624.36655652523,73325.76455976348
100000,16,0.15,every,68,45-64,0.693594,0.6905289112525208,0.5872978747047589,0.8136154963242191,34113.055047,34199.730462795356,29798.258781177225,39242.65067157479
100000,16,0.15,every,68,65+,0.606191,0.6038171180559573,0.5197129705213831,0.7020449487399015,6728.952287,6720.172157312743,5867.8008211967535,7763.404496074654
100000,16,0.15,every,69,0-5,0.931564,0.9245987699972602,0.7820199740855903,1.097389487498205,7443.525576,7447.2461678572,6467.24761781632,8568.591497841757
100000,16,0.15,every,69,6-11,0.962634,0.9572446594450059,0.8205106165141076,1.1232453621200835,3953.950807,3955.1735149263404,3454.0107059883885,4538.996342130937
100000,16,0.15,every,69,12-17,1.110126,1.1037045052733423,0.9480665806231754,1.2843145343359312,13850.385101,13888.932951635681,12065.502898646286,15925.679310086649
100000,16,0.15,every,69,18-44,0.705361,0.7016890577253008,0.5927302501139501,0.8377239010646906,59545.291032,59621.64890463743,52144.512178452685,68935.67586120218
100000,16,0.15,every,69,45-64,0.695226,0.6916705756114173,0.5897327157541986,0.8149691724241371,32155.655579,32238.10373071977,27970.298436845886,37275.15709126135
100000,16,0.15,every,69,65+,0.608455,0.6054780485138935,0.521779178487597,0.7038193181644129,6388.080458,6390.553408318781,5562.302082919574,7367.680579079606
100000,16,0.15,every,70,0-5,0.929115,0.9229013234985017,0.7784914722970953,1.0921642213752165,6803.414233,6795.022790784715,5912.973493908532,7861.35954586952
100000,16,0.15,every,70,6-11,0.960687,0.9540525523828711,0.8173316466403028,1.1122808624028242,3596.621004,3597.8961117342114,3140.580522038508,4139.506604411174
100000,16,0.15,every,70,12-17,1.107642,1.0993308131874584,0.9428124075311447,1.278398689852151,12608.637085,12653.903237886494,11007.97788620554,14484.604817792773
100000,16,0.15,every,70,18-44,0.706151,0.7014057024903689,0.5925489141908845,0.8305314998180878,55675.117432,55670.648850248195,48817.21268091723,64424.79685563687
100000,16,0.15,every,70,45-64,0.696931,0.6922527334600795,0.5896452928387723,0.8109925525484385,30277.982938,30361.90761626931,26338.354561418295,35191.31427037087
100000,16,0.15,every,70,65+,0.610762,0.6074735980456427,0.5234274279900356,0.7028144874416344,6057.167489,6061.5930676832795,5250.701466667291,6993.8912325427655
100000,16,0.15,every,71,0-5,0.926917,0.919513273660876,0.7732245803261363,1.0882402466855956,6220.840038,6226.336593800923,5430.189327724278,7172.55015636608
100000,16,0.15,every,71,6-11,0.958969,0.9503079554442435,0.8119823475008527,1.1104376463014685,3274.86989,3280.4837283235975,2856.6463333833963,3767.048335208092
100000,16,0.15,every,71,12-17,1.105496,1.094662986501549,0.9416419746646214,1.269807342650124,11479.111743,11528.397672979161,10026.057125677587,13233.358402180951
100000,16,0.15,every,71,18-44,0.707032,0.7009905576358149,0.589185048528425,0.8321129741427604,52025.101273,52145.67678008042,45675.600644188,60085.83859723341
100000,16,0.15,every,71,45-64,0.698699,0.6926697235361923,0.5894133517946758,0.8129669846454413,28483.071358,28588.164834584808,24643.68238056102,33054.762077895226
100000,16,0.15,every,71,65+,0.613105,0.6087856879003827,0.523762473271893,0.7061556819771,5737.176142,5733.5588820208795,4984.399570119742,6645.351639541739
100000,16,0.15,every,72,0-5,0.924943,0.9176173895023569,0.7701527130941248,1.089587620873388,5690.604007,5689.61063959985,4984.722556601977,6556.737004831899
100000,16,0.15,every,72,6-11,0.957455,0.9508202673720363,0.8096972978506655,1.115188790594983,2984.61745,2991.494515796192,2608.758926196024,3435.9201081702486
100000,16,0.15,every,72,12-17,1.103649,1.0947664116119997,0.9403024255597573,1.2723248637208382,10452.876198,10490.782373693539,9126.174409079365,12012.421887039905
100000,16,0.15,every,72,18-44,0.70799,0.7027308011510973,0.5891721441779079,0.8374530919013052,48589.413382,48751.48457751796,42713.525791542605,56474.77140759118
100000,16,0.15,every,72,45-64,0.70052,0.6959115841891816,0.5905530364641989,0.8189599826385523,26772.537159,26835.5864875142,23186.829329278553,30979.521910747048
100000,16,0.15,every,72,65+,0.615478,0.6123694070441255,0.5259580650069249,0.7110948473545072,5428.822293,5436.560137388471,4737.059989057132,6275.941230121884
100000,16,0.15,every,73,0-5,0.923165,0.9123011970257138,0.7672508332486125,1.08645298934217,5207.918358,5210.1345807691105,4561.9585803172085,5994.809920893982
100000,16,0.15,every,73,6-11,0.956118,0.9468621685489809,0.8071975915040873,1.113702529366039,2722.346386,2729.4433127373923,2377.18693483714,3131.584727906622
100000,16,0.15,every,73,12-17,1.102064,1.0926392433163528,0.9377187443492155,1.272427010346965,9521.293105,9560.246523248265,8284.28301733872,10950.116000949638
100000,16,0.15,every,73,18-44,0.709014,0.7011379839221217,0.5883032767031156,0.8374635373386474,45361.001664,45531.04849112127,39744.49465143215,52375.87528850231
100000,16,0.15,every,73,45-64,0.702385,0.6958406291913488,0.590160135646625,0.8205160625062807,25146.809907,25197.248590826755,21845.19693495962,28975.774199537
100000,16,0.15,every,73,65+,0.617875,0.6131731872472421,0.5265142811553045,0.7128494084539403,5132.604168,5139.094567636552,4476.383094620367,5930.594256002514
100000,16,0.15,every,74,0-5,0.921561,0.9131403682409991,0.7652478720346197,1.0836939486266923,4768.396491,4763.9998328995425,4161.105426483322,5484.785357352113
100000,16,0.15,every,74,6-11,0.954937,0.9472847487973994,0.8061010868198741,1.110461726323354,2485.008817,2493.5661284015514,2178.3906907686032,2856.5532947252505
100000,16,0.15,every,74,12-17,1.100708,1.0921040986734496,0.9385555077603507,1.2701046922874606,8676.135176,8702.804150938988,7549.888030991424,9995.025469579967
100000,16,0.15,every,74,18-44,0.710094,0.7043224573886357,0.5888770253795256,0.8381739551584806,42331.91077,42419.026713375,37194.8851745408,48794.24933548737
100000,16,0.15,every,74,45-64,0.704286,0.7002144359349816,0.5929680767887733,0.8225383860575097,23605.342246,23657.04070078954,20598.23917484563,27263.93965232768
100000,16,0.15,every,74,65+,0.620288,0.6172115964425663,0.529912343615072,0.7145392833448398,4848.830609,4851.1928445016965,4238.0205325357965,5618.292921359651
100000,16,0.15,every,75,0-5,0.920107,0.9105362845914453,0.7648289244548592,1.0853551137690383,4368.035253,4360.992288700305,3820.53357929457,5039.49470237433
100000,16,0.15,every,75,6-11,0.953891,0.943807941061504,0.8037860117424734,1.1135454360704355,2269.950396,2282.652938384097,1993.3776659318246,2613.592855947558
100000,16,0.15,every,75,12-17,1.09955,1.0920801086881264,0.9358515738922519,1.271354069011434,7909.658184,7917.624714951264,6871.78474965482,9133.924192097737
100000,16,0.15,every,75,18-44,0.71122,0.703546664423383,0.590431177638439,0.8420488290075228,39493.554038,39619.352778197266,34681.96882421896,45497.916289510205
100000,16,0.15,every,75,45-64,0.706214,0.7002312104330151,0.5939982802633185,0.8262360699926167,22146.797279,22194.739415282616,19349.941533227917,25449.790972352726
100000,16,0.15,every,75,65+,0.622713,0.6185015230181949,0.5309971468939411,0.7197384493976151,4577.647816,4586.012594839034,3979.5152771790745,5278.719278413861
100000,16,0.15,every,76,0-5,0.918783,0.9094866960277308,0.7630963475718807,1.0794517989204768,4003.192494,4000.294656399172,3490.5398434486706,4608.613164487295
100000,16,0.15,every,76,6-11,0.952961,0.9428834439703171,0.8040763016079255,1.1051260009803878,2074.848527,2085.59722040873,1816.8239149670117,2392.0322394645773
100000,16,0.15,every,76,12-17,1.098564,1.0907065992749083,0.9368998831602772,1.2709897818822902,7214.641744,7225.989086581394,6269.859618183691,8319.17333384743
100000,16,0.15,every,76,18-44,0.712382,0.7052018935658588,0.5915732814366266,0.8390849293834776,36836.941958,36899.534529411234,32171.910993206315,42358.97794446442
100000,16,0.15,every,76,45-64,0.708162,0.7027428705031148,0.5956903174999802,0.8249090593238753,20769.213518,20833.147557682125,18181.13019832759,23931.21993604931
100000,16,0.15,every,76,65+,0.625143,0.620812398144237,0.5330813907515143,0.7183047710896441,4319.064232,4324.422136732552,3762.303124258993,4974.147337596747
100000,16,0.15,every,77,0-5,0.917571,0.9100142469308294,0.7673787347723654,1.0763553353592992,3670.562094,3677.33535526786,3194.8256024459843,4229.263514398364
100000,16,0.15,every,77,6-11,0.952128,0.9439031789514157,0.8062642553748858,1.1016015641792534,1897.661917,1905.2330930735916,1657.2967527015135,2190.9310209602118
100000,16,0.15,every,77,12-17,1.097722,1.0893816928174522,0.9355149180484951,1.2651744445043343,6584.405666,6605.421594436513,5748.977192203782,7614.2732364805415
100000,16,0.15,every,77,18-44,0.713572,0.7073254991045845,0.5963543181681261,0.8375167260081693,34352.871619,34362.009500717744,29844.198836857453,39795.206257310696
100000,16,0.15,every,77,45-64,0.710121,0.7049784582071443,0.599681668097848,0.8267576848852056,19470.148163,19536.773345818045,17103.04355770885,22460.12298028171
100000,16,0.15,every,77,65+,0.627574,0.623521591201068,0.5369485619296891,0.7216098522700295,4072.973328,4075.4387179111945,3542.975819299463,4718.037435259728
100000,16,0.15,every,78,0-5,0.916454,0.9107949858862995,0.7673171546897916,1.0815189515594426,3367.148007,3377.7011512205936,2938.4272987078875,3872.8616281391587
100000,16,0.15,every,78,6-11,0.951377,0.9439476320708505,0.8059810781100287,1.1081657347881186,1736.589252,1740.1567540718243,1518.3774211378768,2006.1845386903733
100000,16,0.15,every,78,12-17,1.097002,1.090820606080059,0.9352708184557317,1.2676259758086552,6012.808321,6051.083690086845,5260.37720401166,6961.834913172061
100000,16,0.15,every,78,18-44,0.71478,0.7097221375986419,0.5977502983531352,0.8459027112768739,32032.081574,32006.470147738233,27934.281629841775,37263.63543683477
100000,16,0.15,every,78,45-64,0.712086,0.7082377904064796,0.6012051241225587,0.8329190247822408,18246.79999,18331.581622503232,16003.868731787894,21067.297717725858
100000,16,0.15,every,78,65+,0.629999,0.6273070186619619,0.5389297990809617,0.727896468029309,3839.174205,3845.5203055432066,3323.7036527156015,4423.117516064027
100000,16,0.15,every,79,0-5,0.915414,0.9090909583750524,0.7627548630172623,1.0768875779851437,3090.23844,3101.1859541481826,2691.2123182204086,3550.3885017007124
100000,16,0.15,every,79,6-11,0.950693,0.9441272093785539,0.8040683181784738,1.1052079974508968,1590.035166,1592.2384629375301,1393.521251782775,1832.2107307664119
100000,16,0.15,every,79,12-17,1.096383,1.0875158259860278,0.9342514441919483,1.2656879156141851,5494.232166,5513.415902353823,4798.7915465103,6360.953881915659
100000,16,0.15,every,79,18-44,0.716001,0.7115451284922927,0.5964876076854679,0.8439181332288931,29865.376471,29833.363027320243,26122.281666140072,34623.09205821622
100000,16,0.15,every,79,45-64,0.714049,0.7093529062060704,0.6011184451667473,0.8325583991757316,17096.113497,17151.803303169552,14969.269395046635,19684.18216068484
100000,16,0.15,every,79,65+,0.632415,0.6287688240736281,0.5398900222616366,0.7286761172092537,3617.389964,3626.730442680593,3138.8208991506253,4182.32679523906
100000,16,0.15,every,80,0-5,0.914439,0.9109976035867481,0.7663359997795323,1.082192316004144,2837.380848,2847.579091449734,2466.0259183675516,3259.514849292347
100000,16,0.15,every,80,6-11,0.950063,0.9451441016791666,0.8081512292991178,1.1108752762419187,1456.582078,1459.5121649703942,1271.1484235739335,1678.407259783242
100000,16,0.15,every,80,12-17,1.095845,1.0888841284952624,0.9345674889465279,1.2622662949654022,5023.560512,5039.649133165134,4396.78241090104,5796.081497937208
100000,16,0.15,every,80,18-44,0.717225,0.7139123244713259,0.601278942034201,0.8499910863403797,27843.725495,27827.800674782135,24436.59856952075,32045.995898148045
100000,16,0.15,every,80,45-64,0.716005,0.7118742999430813,0.6058787415640129,0.8367345404839681,16014.866088,16085.613795609679,14010.04389475938,18495.369823177112
100000,16,0.15,every,80,65+,0.634817,0.631949015460683,0.5437933292501221,0.7320761993737318,3407.283915,3418.414777261438,2955.5971943172626,3941.474686408823
100000,16,0.15,every,81,0-5,0.913513,0.9094221503072465,0.763415111121479,1.0756624264920682,2606.35823,2613.631406283239,2264.04978530691,2996.847783148987
100000,16,0.15,every,81,6-11,0.949472,0.9449955442316131,0.805461068247341,1.105162989022805,1334.966727,1335.9085923759267,1159.8678038571961,1540.1817543619416
100000,16,0.15,every,81,12-17,1.095371,1.0884585649891785,0.9339133797902069,1.2605741102227888,4596.148715,4610.810998522909,4001.399996450171,5292.10378634464
100000,16,0.15,every,81,18-44,0.718448,0.71515898987297,0.6001770306908938,0.8480043284912728,25958.338424,25980.80907275062,22701.231236231513,29967.852121819742
100000,16,0.15,every,81,45-64,0.717947,0.7137625828916003,0.6053680802328337,0.8392881388545137,14999.740158,15047.6315351245,13147.330202819314,17321.60638618935
100000,16,0.15,every,81,65+,0.6372,0.6331091068612614,0.5440618787958061,0.7360965814621586,3208.473716,3222.427383459464,2786.45822519192,3705.810087697697
100000,16,0.15,every,82,0-5,0.912626,0.9053817986573374,0.763654911470192,1.069560563991508,2395.166974,2398.4537273929454,2079.8800420050975,2753.802041580435
100000,16,0.15,every,82,6-11,0.948911,0.9419594799150154,0.8054597584417842,1.1007910220538655,1224.060502,1223.8418362676166,1070.910429947544,1409.6894163032994
100000,16,0.15,every,82,12-17,1.094944,1.0866260953932847,0.9349193121021582,1.261002817541502,4207.792174,4216.677259124117,3662.4388549043797,4845.113271422322
100000,16,0.15,every,82,18-44,0.719661,0.7138556821644715,0.6012020224028828,0.8458548640727981,24200.722704,24272.895531130023,21103.22779132519,27954.530168278143
100000,16,0.15,every,82,45-64,0.71987,0.7142393304101478,0.6069956806187422,0.8401031403020243,14047.381915,14068.088890602812,12232.972592433449,16226.744125981815
100000,16,0.15,every,82,65+,0.639561,0.635007543187261,0.5450976208698857,0.7372627001503987,3020.543563,3029.774549758178,2624.4797617194126,3490.3168891692767
100000,16,0.15,every,83,0-5,0.911765,0.9032571273640779,0.76218174662345,1.0745559988508864,2201.996369,2204.6514913600404,1915.7715068256948,2535.382492751511
100000,16,0.15,every,83,6-11,0.948368,0.9388817854025034,0.8017411539039497,1.1061561095127113,1122.852833,1123.6688632471487,979.5969846104272,1297.3200746672228
100000,16,0.15,every,83,12-17,1.09455,1.0861726966079979,0.9331903243010353,1.2613901188333805,3854.692944,3858.360023565823,3349.4519926444627,4424.751712638419
100000,16,0.15,every,83,18-44,0.720859,0.7128689356729826,0.6000201768146167,0.8519070245735267,22562.72463,22672.648813164793,19711.058453151025,26007.946152454242
100000,16,0.15,every,83,45-64,0.721769,0.7147309902269832,0.6075749186534206,0.8415625369029155,13154.448672,13163.059010095429,11459.4448448224,15187.938015457941
100000,16,0.15,every,83,65+,0.641895,0.6364050103366861,0.547558781869193,0.7398180200120111,2843.054607,2848.958310828428,2466.7075735399267,3279.9318357668235
100000,16,0.15,every,84,0-5,0.91092,0.9033082474612737,0.7616335815674271,1.0710966276742777,2025.209824,2028.861474637175,1768.722716006916,2346.8174810716882
100000,16,0.15,every,84,6-11,0.947834,0.9403992536473162,0.8032021136446665,1.1041764348327814,1030.437079,1033.451445220504,898.4232833832502,1191.4423108552583
100000,16,0.15,every,84,12-17,1.094175,1.0888525530929858,0.9342790303374644,1.2624793748853873,3533.426253,3531.3027020858135,3075.9087510848885,4064.004482879536
100000,16,0.15,every,84,18-44,0.722038,0.7160865206926981,0.6026722294568244,0.8513591177168318,21036.557339,21137.90597607661,18392.74049745314,24382.940966706723
100000,16,0.15,every,84,45-64,0.723639,0.7191794050013816,0.6116527759467796,0.8439333281303676,12317.646236,12338.71266776044,10721.436639914755,14217.67921165144
100000,16,0.15,every,84,65+,0.644198,0.6408182237925527,0.5514224862955158,0.7431351672107002,2675.553738,2678.458776694082,2327.2936162459664,3080.2627623630106
100000,16,0.15,every,85,0-5,0.910081,0.9035926661358734,0.7601628236119138,1.071809322623306,1863.327747,1869.5975692907814,1623.5578086262103,2149.3037851906847
100000,16,0.15,every,85,6-11,0.9473,0.9410961059651,0.8019236225640644,1.105174926781207,945.998449,949.1792404702865,825.2854272718541,1094.8129350468516
100000,16,0.15,every,85,12-17,1.093807,1.0899684522175932,0.9365646871028082,1.2662935494765597,3240.907839,3240.9395646629855,2825.7755834448617,3727.497994577512
100000,16,0.15,every,85,18-44,0.72319,0.7189788380916041,0.6038029432234054,0.8555031360632233,19614.818001,19687.44122331869,17147.57499007322,22723.679821118712
100000,16,0.15,every,85,45-64,0.725476,0.7223325817275801,0.6137574149749553,0.8487532521763156,11533.757881,11537.53762859432,10006.564546210691,13285.599612493534
100000,16,0.15,every,85,65+,0.646468,0.6438975219546831,0.5543785148319693,0.7466665630526913,2517.580922,2520.02424387238,2181.909674156923,2903.4836578064715
100000,16,0.15,every,86,0-5,0.909241,0.9024413979684047,0.7589303844539786,1.0749120383511357,1715.012017,1719.2213195997756,1499.1016284427606,1979.051366567146
100000,16,0.15,every,86,6-11,0.946757,0.9392160103129703,0.8008635294515163,1.1074526146843358,868.803605,870.6078579756431,757.7337903920561,1008.9053621650673
100000,16,0.15,every,86,12-17,1.093435,1.087062525305826,0.9349752295679318,1.2601067989575276,2974.362717,2978.3624546469655,2589.2543312250637,3410.2530830826145
100000,16,0.15,every,86,18-44,0.724313,0.7188619438706252,0.6046444897559533,0.859157602701276,18290.496243,18336.423585448414,15977.804493397474,21102.37097589206
100000,16,0.15,every,86,45-64,0.727275,0.7227582669034023,0.6149769302162857,0.8498925776144086,10799.666217,10815.558205703739,9406.34343271004,12449.956500577275
100000,16,0.15,every,86,65+,0.6487,0.6452322050329619,0.5555432717562944,0.7489788217729065,2368.675246,2368.8782094001654,2056.8521509390557,2728.702183856978
100000,16,0.15,every,87,0-5,0.90839,0.9001336903413687,0.7591207400440082,1.0726878552495367,1579.051949,1582.4003545430023,1379.963668080978,1822.359555185074
100000,16,0.15,every,87,6-11,0.946198,0.9365440034585705,0.8000106050572109,1.1040787568733865,798.191647,798.9197359373793,696.7688339954243,929.5371688562445
100000,16,0.15,every,87,12-17,1.093047,1.0823169112415254,0.9329115464818964,1.256713276275697,2731.295777,2737.7646169732325,2384.278144379845,3137.9835143471137
100000,16,0.15,every,87,18-44,0.7254,0.7179384431863944,0.6047916354456337,0.8587187964956111,17056.975586,17094.88840996381,14869.808662704192,19645.22294927761
100000,16,0.15,every,87,45-64,0.729032,0.7217945292850532,0.614857462962294,0.849937332016614,10112.369144,10137.48473593546,8833.182122623548,11613.565424352884
100000,16,0.15,every,87,65+,0.650892,0.645600488415754,0.5561632792707636,0.7498961326792465,2228.379826,2229.582373629033,1936.8677010623505,2571.659408352163
100000,16,0.15,every,88,0-5,0.907521,0.897607222001134,0.7565362567111982,1.0697362678677622,1454.351632,1459.0101937016007,1269.158857440576,1684.7917739860713
100000,16,0.15,every,88,6-11,0.945615,0.9356145061553276,0.7989434783104773,1.1030576638379035,733.566273,734.3731694407761,640.0015441332944,852.8651953767985
100000,16,0.15,every,88,12-17,1.092636,1.0826981183314617,0.9327855156783352,1.254173299434464,2509.464408,2512.582510992419,2186.655221508583,2881.715180612169
100000,16,0.15,every,88,18-44,0.726449,0.7181619103433801,0.6050496551004859,0.8583807882019702,15908.029376,15939.632767650299,13900.823220157996,18299.34693129547
100000,16,0.15,every,88,45-64,0.730743,0.7229419508151567,0.6157824789263229,0.8522073535308929,9468.990915,9486.82625615457,8290.90958724916,10856.200867658015
100000,16,0.15,every,88,65+,0.65304,0.6469620520066637,0.557984436584121,0.751797423352585,2096.245738,2095.2877733445494,1827.2699049934163,2421.8106550155208
100000,16,0.15,every,89,0-5,0.906628,0.900216056867416,0.758696512889071,1.0714582797422125,1339.91854,1343.6573358257301,1167.6906989165582,1548.3670739317313
100000,16,0.15,every,89,6-11,0.945004,0.9373815075469478,0.7984645060102005,1.104922418865965,674.388904,674.2681827386841,588.8008888172917,781.9819700201042
100000,16,0.15,every,89,12-17,1.092192,1.0832847447292928,0.933465897191765,1.2583423270671583,2306.853268,2311.3373078694567,2011.5856431969441,2653.2233626914676
100000,16,0.15,every,89,18-44,0.727454,0.7214427644615292,0.6061370366432786,0.8631172739778689,14837.812471,14868.170372381806,12975.24634001311,17043.45015145652
100000,16,0.15,every,89,45-64,0.732405,0.7267049698630913,0.6177843700643288,0.856849227972785,8866.789195,8882.49135400122,7752.811525085475,10146.413338535
100000,16,0.15,every,89,65+,0.655142,0.6506462580101247,0.5603632082365818,0.7561247445637156,1971.835097,1970.9550354382955,1716.929638266447,2286.289834371186
100000,16,0.15,every,90,0-5,0.905703,0.8981707165817023,0.7574994171728318,1.0630806925462868,1234.853285,1238.809241679497,1079.2860635481775,1426.9156274897978
100000,16,0.15,every,90,6-11,0.944357,0.9356214252101867,0.7997251783083087,1.0958745957487739,620.172649,619.6434402130544,541.4410177683458,717.7500400543213
100000,16,0.15,every,90,12-17,1.091708,1.0816641790898895,0.9335913130015591,1.2529951936025596,2121.651185,2124.889018101152,1850.0897046790924,2449.6741200336255
100000,16,0.15,every,90,18-44,0.728412,0.7206644063876333,0.6079944566633864,0.8549040575637787,13840.849731,13864.992158322595,12097.24672548566,15969.445591792464
100000,16,0.15,every,90,45-64,0.734015,0.7269664200462194,0.6199244204479738,0.8521619631354054,8303.158879,8315.48451620806,7242.191232615616,9508.544814290479
100000,16,0.15,every,90,65+,0.657195,0.6519722606949669,0.5622948693342147,0.7555604223741851,1854.723408,1853.7856547748088,1616.2962915790267,2136.522226364643
100000,16,0.15,every,91,0-5,0.904742,0.8967765544291998,0.7495987903218961,1.065489083265145,1138.340422,1141.9869882427156,997.9718097038567,1322.0072614864912
100000,16,0.15,every,91,6-11,0.943669,0.9345228091384723,0.7935060356931716,1.0992615404574215,570.476969,568.9861929472536,497.74048497574404,660.6022403524257
100000,16,0.15,every,91,12-17,1.091175,1.0831501166160218,0.9313679459973444,1.2572522799799208,1952.230143,1953.1126629766077,1702.5831714349333,2252.564967652783
100000,16,0.15,every,91,18-44,0.729321,0.7219613781658839,0.604170927729455,0.8600910371463707,12912.022179,12916.80694242753,11266.640984632075,14870.221746720374
100000,16,0.15,every,91,45-64,0.735569,0.7285041633581708,0.6184061621283738,0.8548302750181708,7775.633331,7777.908490171656,6765.667197012808,8888.465213062707
100000,16,0.15,every,91,65+,0.659196,0.6535401881607591,0.5628687698641992,0.7578846912344009,1744.501307,1744.163263696304,1515.7246170578874,2008.7484265109524
100000,16,0.15,every,92,0-5,0.90374,0.8980208303131305,0.7557805881795301,1.068394539944452,1049.640184,1054.5114384156186,918.8467608725186,1217.9903208573814
100000,16,0.15,every,92,6-11,0.942936,0.9373256371604792,0.7994482384990294,1.103691718897863,524.902963,525.4396797595546,455.8718614168465,606.3123934110627
100000,16,0.15,every,92,12-17,1.090589,1.0864210864959696,0.9343400176027464,1.2597868857189503,1797.126258,1798.9214755890425,1567.4340544247534,2074.5972914632875
100000,16,0.15,every,92,18-44,0.730176,0.7255167205893802,0.6101600483804611,0.8656283381732798,12046.551547,12043.68622895144,10519.086799750105,13954.439094442874
100000,16,0.15,every,92,45-64,0.737065,0.733021641158629,0.6209949373808379,0.8628926008241886,7281.883578,7270.0315320719965,6352.348724287935,8344.286945203203
100000,16,0.15,every,92,65+,0.661143,0.6581329762474397,0.5635197820284431,0.764502338622532,1640.775786,1641.1260231263004,1423.7464075506432,1893.993912675709
100000,16,0.15,every,93,0-5,0.902691,0.8980905499955902,0.7567526337034104,1.0653567570873312,968.081065,972.8876234537456,844.7156853904016,1123.5683186289389
100000,16,0.15,every,93,6-11,0.942153,0.9380831343276299,0.8001163532153475,1.1005566704232723,483.089165,483.06325626559556,418.0001652962528,556.3199753426713
100000,16,0.15,every,93,12-17,1.089942,1.0874170766285531,0.9349865780422575,1.2601170908048984,1655.022618,1654.4985086426605,1445.4271744838916,1915.8549272108357
100000,16,0.15,every,93,18-44,0.730974,0.7271297193431017,0.6116660197907973,0.8640421151809112,11239.983776,11239.709748880006,9824.266014348716,13030.937417078763
100000,16,0.15,every,93,45-64,0.738499,0.7351994255864763,0.6230951484628012,0.8625487645294904,6819.71592,6802.250220639631,5959.572047748137,7862.564903483726
100000,16,0.15,every,93,65+,0.663033,0.6604344901501954,0.5667360119598621,0.7662967812635594,1543.17099,1546.6389314853004,1339.42255374277,1786.7612689991365
100000,16,0.15,every,94,0-5,0.901591,0.8959227008331687,0.7528143469850586,1.0646706848369394,893.053167,898.5672252622899,775.7411835808307,1037.527474410599
100000,16,0.15,every,94,6-11,0.941316,0.9364865801911055,0.796648322837056,1.101322633495213,444.707816,445.4917663736269,386.14574472326785,512.0620459252968
100000,16,0.15,every,94,12-17,1.089229,1.0858863098148022,0.9326044688515085,1.2577742550661657,1524.733851,1527.1100460777525,1334.0694953401107,1755.2043557879515
100000,16,0.15,every,94,18-44,0.731714,0.727604519544857,0.6103117845246093,0.8663765699789604,10488.171941,10478.033078673296,9141.129856981337,12126.044456376694
100000,16,0.15,every,94,45-64,0.739869,0.7361209010485227,0.6237804634990082,0.8656066039496919,6387.068348,6376.970318824984,5561.932944828644,7384.989943939727
100000,16,0.15,every,94,65+,0.664866,0.662389879447294,0.5689135775140445,0.7684207197036641,1451.328661,1458.9029287263402,1262.767288524832,1677.0874928224948
100000,16,0.15,every,95,0-5,0.900436,0.8934649210275364,0.7527744761171394,1.0633235313501728,824.002213,827.1190537069924,714.438998691272,956.2766346791759
100000,16,0.15,every,95,6-11,0.940421,0.9330339797097429,0.7951494220704995,1.1005120878884675,409.461528,410.5124356127344,354.0612431038171,474.29919864051044
100000,16,0.15,every,95,12-17,1.088446,1.0798237992982953,0.9302327321269221,1.2535803439741635,1405.19229,1407.4746634736657,1230.4069428027142,1619.1420091865584
100000,16,0.15,every,95,18-44,0.732392,0.7265345913310188,0.6107169856994158,0.8674156349475033,9787.258972,9777.817850478925,8559.349392125383,11335.298469641246
100000,16,0.15,every,95,45-64,0.741173,0.7350864221815853,0.6247688012987033,0.8673775782116355,5982.006074,5976.846606652718,5234.244345593732,6901.1519984854385
100000,16,0.15,every,95,65+,0.666637,0.6620936332727002,0.5695522573660178,0.7692090510283288,1364.908291,1371.2613623460056,1186.4157674627495,1575.5201951610507
100000,16,0.15,every,96,0-5,0.899222,0.8953363079945189,0.7510368994156185,1.0586762140821997,760.424181,762.650187128922,660.5966843858187,884.0321277128533
100000,16,0.15,every,96,6-11,0.939465,0.9340272266510388,0.7942713457201878,1.0949907956993163,377.080302,377.98586440086365,325.67786328680813,437.34969843830913
100000,16,0.15,every,96,12-17,1.087587,1.0791444198102549,0.9286705408100876,1.2503765130683404,1295.435588,1297.9461401780136,1134.8028009103145,1493.3057445192244
100000,16,0.15,every,96,18-44,0.733005,0.7287971275652407,0.6113927231506378,0.8643698748166164,9133.660439,9138.98804658372,7989.6247788686305,10525.982814471237
100000,16,0.15,every,96,45-64,0.742408,0.7372895586783517,0.6253567612152999,0.8669147706915121,5602.716436,5595.862902394962,4882.35337950848,6482.786570187192
100000,16,0.15,every,96,65+,0.668346,0.6644040911299777,0.5713534978067695,0.7715349842173009,1283.587053,1289.7180853800674,1120.3488340735785,1479.1707047655364
100000,16,0.15,every,97,0-5,0.897947,0.889839070618182,0.7520185861885498,1.0580842350702886,701.860473,704.0204730513506,606.8057582965121,813.8697641703766
100000,16,0.15,every,97,6-11,0.938445,0.931028064554648,0.7970049620741184,1.0969435621560788,347.318863,348.1522058106493,299.893894280307,403.97700008330867
100000,16,0.15,every,97,12-17,1.086649,1.0785799293675014,0.9298139323035233,1.2476734977582102,1194.595641,1199.3298800266348,1042.479745925637,1378.8843053202145
100000,16,0.15,every,97,18-44,0.733553,0.7278323719241304,0.6150342593837773,0.8674345960202801,8524.047648,8552.50541125238,7404.079125608318,9851.248675572686
100000,16,0.15,every,97,45-64,0.743572,0.7385823792286348,0.6285717998141196,0.8676573922245545,5247.503381,5238.736331283115,4569.9135040869005,6067.312893792987
100000,16,0.15,every,97,65+,0.66999,0.6654147532460869,0.5727817278440779,0.7728153576802937,1207.059539,1214.2371497837012,1054.0484263636172,1400.0316953814472
100000,16,0.15,every,98,0-5,0.896607,0.8866898963962719,0.7451452201851034,1.0562539891826226,647.893577,649.6734177032486,559.9053242730442,749.7228071370628
100000,16,0.15,every,98,6-11,0.937357,0.9283172838029058,0.7898195447984504,1.093421346261873,319.954262,320.6577353463508,276.263510257937,372.1716651939787
100000,16,0.15,every,98,12-17,1.085628,1.0774369922286138,0.9252678882102344,1.2504177620939212,1101.888713,1104.9872751818039,959.4865418123605,1269.0802032903302
100000,16,0.15,every,98,18-44,0.734032,0.726417247327811,0.6105735148193434,0.8662752481404803,7955.331194,7988.370467103086,6921.236043200828,9185.503171808086
100000,16,0.15,every,98,45-64,0.744663,0.7381222759460702,0.6255760062423085,0.8689376453502027,4914.781706,4906.493062634487,4275.427519728895,5670.0517262313515
100000,16,0.15,every,98,65+,0.671568,0.6653777924171933,0.5707024909958895,0.7744711631971063,1135.037362,1140.8190247497987,989.891859289899,1318.8961262857192
100000,16,0.15,every,99,0-5,0.895199,0.8863555225148412,0.7458815993310588,1.0574485682090224,598.143158,598.7028532610275,520.1654288605787,688.0548289315775
100000,16,0.15,every,99,6-11,0.9362,0.928184911928208,0.7910266236687875,1.0954430415600367,294.783728,295.784204877913,255.26093862205744,340.6822604755871
100000,16,0.15,every,99,12-17,1.08452,1.0775389967823998,0.9281422334835943,1.2495139864130584,1016.606612,1015.8138715743553,888.1924313243944,1171.1935460695531
100000,16,0.15,every,99,18-44,0.73444,0.7274105850203229,0.6118467271935363,0.86892913589584,7424.645107,7445.372570939362,6487.785380607471,8535.36712585017
100000,16,0.15,every,99,45-64,0.74568,0.7392101454603175,0.6271760245736686,0.8707648779990422,4603.071171,4595.762166637462,3993.576988456771,5308.159414989408
100000,16,0.15,every,99,65+,0.673078,0.6672804195138162,0.5735389296650987,0.7751461684822152,1067.248648,1071.2768773556454,928.6486316758092,1242.3846641814453
100000,16,0.15,every,100,0-5,0.893721,0.886009067055973,0.7441600223058709,1.0542611218097644,552.262545,552.3416259952355,480.23956629494205,636.6047972016968
100000,16,0.15,every,100,6-11,0.934972,0.9280776562750465,0.7889019071268313,1.0919256516411737,271.622741,272.2346427086741,235.48847327550175,314.9078424819745
100000,16,0.15,every,100,12-17,1.083323,1.0756463739436577,0.925847802311543,1.2457745369732984,938.108836,938.3805377108511,820.5903216139413,1079.9758302958217
100000,16,0.15,every,100,18-44,0.734777,0.7287087355340117,0.6120734189462144,0.8678298463422696,6929.33166,6949.777973305434,6053.0510242227465,7967.305291578174
100000,16,0.15,every,100,45-64,0.74662,0.739465062277243,0.6278367446490145,0.8711655952775126,4310.990614,4306.646667669527,3739.016103935428,4990.106896961108
100000,16,0.15,every,100,65+,0.674518,0.6678323132849413,0.5739367684626498,0.7766817102560084,1003.437446,1005.0564194387989,875.038751946413,1172.7485262961127
100000,16,0.15,every,101,0-5,0.892172,0.8873486044144989,0.7458310594811112,1.0564404005679413,509.935566,509.35265738121234,444.34826191328466,591.9057513533626
100000,16,0.15,every,101,6-11,0.933669,0.9281817415387736,0.7905635169117835,1.0957521395815626,250.30329,251.23031520703807,216.45487067941576,291.4483267143369
100000,16,0.15,every,101,12-17,1.082034,1.077553886692204,0.9275645726825033,1.2495086315889739,865.815563,864.95041082846,756.0882167911623,995.7707922654226
100000,16,0.15,every,101,18-44,0.735039,0.7305543099797364,0.6142457335377426,0.8727313853357381,6466.926908,6482.832124965265,5660.920250128023,7455.228722706437
100000,16,0.15,every,101,45-64,0.747482,0.7433417622677942,0.6306292149598358,0.8757704631273827,4037.252123,4035.8426237683743,3508.362740044482,4684.883387904149
100000,16,0.15,every,101,65+,0.675888,0.6711228932290683,0.5763808065510768,0.7804325044814355,943.363086,941.1580533730448,821.978016439185,1096.344553562696
100000,16,0.15,every,102,0-5,0.890549,0.8848497639036075,0.7419427213021458,1.0503459749944777,470.873693,470.0552567152772,408.1725858517457,547.4686377439648
100000,16,0.15,every,102,6-11,0.932291,0.9263244111231921,0.7871494960070239,1.0875642973160355,230.67231,231.37269051652402,199.64993419824168,267.893637844827
100000,16,0.15,every,102,12-17,1.080649,1.0740484863780946,0.9265166946837444,1.2423645851431222,799.201407,799.8670733266044,699.5855142048094,922.6663786587305
100000,16,0.15,every,102,18-44,0.735227,0.7304531847818432,0.6129431678923615,0.8672298813535436,6035.146988,6042.973877340555,5292.588326261379,6981.206276600249
100000,16,0.15,every,102,45-64,0.748264,0.7428906882594586,0.6307726715968803,0.8733075944002446,3780.655345,3781.43328870181,3301.8808687212877,4375.955403494183
100000,16,0.15,every,102,65+,0.677185,0.6720849260946918,0.5781483288590568,0.7796113978009085,886.799497,884.6336799415876,772.0388849049341,1027.3856172417873
100000,16,0.15,every,103,0-5,0.88885,0.8817950172153513,0.7405077846284834,1.0473879823564718,434.813468,434.34472824144177,376.1135770257097,505.5822533376049
100000,16,0.15,every,103,6-11,0.930835,0.9237562395880055,0.7858607703653678,1.086034441100818,212.590278,212.83325530495495,183.35407814430073,247.57328160339966
100000,16,0.15,every,103,12-17,1.079168,1.0725697489153316,0.9235331293452743,1.2398038889027208,737.78986,738.8044162555598,644.8058282451238,848.9308986489195
100000,16,0.15,every,103,18-44,0.735338,0.7299381166768973,0.6129956637837763,0.8666511454321418,5631.875185,5643.994716461748,4961.5321173891425,6504.612106457353
100000,16,0.15,every,103,45-64,0.748965,0.743540083414699,0.6305217370538225,0.8727251154456988,3540.081974,3540.0618811468594,3092.131697542267,4080.408631507773
100000,16,0.15,every,103,65+,0.678408,0.6727700954639523,0.5776321997741597,0.7820255662323646,833.534501,830.6188508151099,724.7224020555732,960.4160663649673
100000,16,0.15,every,104,0-5,0.887073,0.878448265514006,0.7379989372786105,1.0439706549357326,401.514187,401.261488402728,346.59398708166555,466.5300885173492
100000,16,0.15,every,104,6-11,0.929301,0.9205189326500385,0.7843961183132958,1.0843624010450266,195.929937,196.27492457535118,168.5638967915438,227.4128701883017
100000,16,0.15,every,104,12-17,1.077588,1.0707733173148593,0.9230052635414526,1.239834548408284,681.148319,683.1620832226472,594.7391996867955,783.2681968936231
100000,16,0.15,every,104,18-44,0.735371,0.7286633921755119,0.6135315744711168,0.8670116975682992,5255.149775,5265.108881693333,4614.906148062088,6065.1629392569885
100000,16,0.15,every,104,45-64,0.749584,0.7442512236352506,0.6322707363521657,0.8723090855180309,3314.490442,3311.5353595884517,2894.7470643301494,3819.341046942398
100000,16,0.15,every,104,65+,0.679557,0.6750205637560023,0.579662991162954,0.7819712030513291,783.369109,780.2767557091429,682.1191082125879,903.8013103628764
100000,16,0.15,every,105,0-5,0.885219,0.8773466804511483,0.736356028975285,1.0373040877700215,370.755798,370.62826557736844,319.94909905153327,431.3701374558732
100000,16,0.15,every,105,6-11,0.927687,0.9194071687972103,0.7817278199116562,1.0769138831484735,180.575156,180.61100357118994,155.88705643545836,209.76344936573878
100000,16,0.15,every,105,12-17,1.075908,1.0675080618765433,0.9203331709742578,1.2365824268882506,628.883674,629.7654310474172,548.495960328728,724.6910824186634
100000,16,0.15,every,105,18-44,0.735325,0.729402237727039,0.6124883222117297,0.8636557032692821,4903.152624,4915.397474610247,4322.205068717711,5666.857827668078
100000,16,0.15,every,105,45-64,0.750119,0.7444415355724849,0.6343698480479477,0.8741250270715158,3102.910852,3101.1534438743256,2709.6357750305906,3560.5157813248225
100000,16,0.15,every,105,65+,0.680629,0.6759409604539595,0.5817665414791597,0.7849289484414784,736.116803,733.5866977241822,639.191595113487,848.1040915448684
100000,16,0.15,every,106,0-5,0.883285,0.8763114077400969,0.7361092183464926,1.0464157502290574,342.337016,342.14603563421406,296.00360761443153,396.91676398878917
100000,16,0.15,every,106,6-11,0.925991,0.9169659755729966,0.7797431585366108,1.0839409431129354,166.419894,166.51901394873857,142.82957910792902,193.78055541496724
100000,16,0.15,every,106,12-17,1.074125,1.0650667505186573,0.9175613468721645,1.235644680511899,580.638349,581.6904338011518,504.4669824335724,671.1956422936637
100000,16,0.15,every,106,18-44,0.735199,0.7281750683586826,0.6121263941693449,0.8710431244053339,4574.198534,4590.922946305014,4028.9139394623694,5268.5053297625855
100000,16,0.15,every,106,45-64,0.750569,0.7439464170955554,0.6321442426689531,0.8765263218208466,2904.440141,2901.5580227547325,2529.694764002145,3338.743904262781
100000,16,0.15,every,106,65+,0.681624,0.6765080647422278,0.580737585453895,0.787386692910537,691.602843,690.0083483739872,599.9298484722967,794.4746489736135
100000,16,0.15,every,107,0-5,0.88127,0.8735794907007781,0.7350183143530279,1.0393224102193883,316.073606,315.815596106695,272.4287981595844,367.3699443563819
100000,16,0.15,every,107,6-11,0.924214,0.9145381872899161,0.7780805045725171,1.0781142128251224,153.367272,153.32872699620202,132.06505307881162,178.3318857755512
100000,16,0.15,every,107,12-17,1.072239,1.0628762312920426,0.916071176408545,1.230401171741791,536.086786,536.3493505686056,464.97033261018805,618.3943907455541
100000,16,0.15,every,107,18-44,0.734992,0.7274048297751502,0.6124053304367947,0.8666889939214322,4266.725293,4277.892756706104,3754.879401244223,4920.485278745182
100000,16,0.15,every,107,45-64,0.750934,0.7432663262134329,0.6328026848219412,0.8741296355578225,2718.237517,2717.068783438299,2373.500935499661,3150.759505920112
100000,16,0.15,every,107,65+,0.682541,0.6763632123340458,0.5822126943332374,0.7860533706088458,649.66358,649.7136847811635,562.4770327588776,747.0065208051819
100000,16,0.15,every,108,0-5,0.879174,0.873420403206347,0.7326756830777311,1.0404501241975845,291.796842,291.49813250196166,252.29018871532753,339.7964304732159
100000,16,0.15,every,108,6-11,0.922355,0.9144055343941613,0.7766499945920623,1.0791730610239973,141.328724,141.2657430227846,121.9024909841828,163.73020828096196
100000,16,0.15,every,108,12-17,1.070249,1.0613084119399119,0.9142156910924195,1.2288348240913167,494.93229,494.77351392712444,428.85417236876674,572.4141593012027
100000,16,0.15,every,108,18-44,0.734703,0.728810294707789,0.6118747758310209,0.8687212195822542,3979.284421,3994.610221467912,3490.581360064447,4595.948297081515
100000,16,0.15,every,108,45-64,0.751212,0.74509558623978,0.6316345032015708,0.8776405265565981,2543.52013,2540.1276579317637,2227.86104427604,2932.2736709713936
100000,16,0.15,every,108,65+,0.683379,0.6782415756104332,0.5813781623815012,0.7892806003835386,610.145792,610.9445774486521,527.8137150529074,707.9709058310837
100000,16,0.15,every,109,0-5,0.876996,0.8675850476257209,0.7312222105814736,1.034421227535331,269.352107,269.16610714199487,233.9688693867065,313.96876584528945
100000,16,0.15,every,109,6-11,0.920412,0.9095952892336638,0.7765924104989324,1.0738198094416844,130.223243,129.91217558877543,111.5547322453931,151.56579799065366
100000,16,0.15,every,109,12-17,1.068153,1.0585345507265924,0.912177005136413,1.227275778397715,456.904218,456.2005107360892,394.93008648976684,529.7571221608669
100000,16,0.15,every,109,18-44,0.734332,0.7257033544950467,0.6129828258747734,0.8658047751260068,3710.532561,3725.3396898349747,3246.0935091499473,4294.804817537777
100000,16,0.15,every,109,45-64,0.751402,0.7429733578329856,0.6321272881558684,0.8750631507402868,2379.559015,2375.077545587439,2076.7385489386506,2746.6855223109014
100000,16,0.15,every,109,65+,0.684136,0.6776100329985255,0.582281727181186,0.7868955789015238,572.906045,573.3725821701228,497.3315323184361,666.593403761799
100000,16,0.15,every,110,0-5,0.874736,0.8677349300961064,0.7278955718631892,1.0353079540244063,248.597626,248.5902740638703,215.66805134923197,290.4008650179021
100000,16,0.15,every,110,6-11,0.918385,0.9100913875924734,0.7725267118966024,1.075102812210131,119.976688,119.7919788477011,102.82830432942137,140.4077199320309
100000,16,0.15,every,110,12-17,1.065951,1.059466929187632,0.9110238320299541,1.2254176098428926,421.755459,421.7015949934721,364.3625751484651,485.9053137181327
100000,16,0.15,every,110,18-44,0.733877,0.727595883027003,0.6106405583599712,0.8683454400805569,3459.223492,3474.069842529483,3020.149394805543,3997.233339860104
100000,16,0.15,every,110,45-64,0.751505,0.7458388185291307,0.6329089393458877,0.8775776049142532,2225.675271,2218.7093637580983,1940.2947735454422,2567.2962146471255
100000,16,0.15,every,110,65+,0.684813,0.6799422790542253,0.583005490527008,0.7916075116645303,537.810079,538.5718416009331,467.4254127819877,626.2555027769995
100000,16,0.15,every,111,0-5,0.872393,0.8658235792509855,0.7265089547475584,1.0356587383339015,229.403323,229.7491861761082,199.15200754464604,267.33262238418683
100000,16,0.15,every,111,6-11,0.916275,0.9089091504914871,0.7722749083634619,1.0781064496459296,110.521164,110.16642492823303,95.03675698442385,129.2512666261755
100000,16,0.15,every,111,12-17,1.063643,1.0575909988994767,0.9093961554714706,1.2307055751524059,389.260177,388.7691407466773,337.2553269029595,447.1719227277208
100000,16,0.15,every,111,18-44,0.733339,0.7278953673123931,0.6111971872305301,0.8717443503399771,3224.200722,3228.9225067980587,2817.8725686417893,3718.913168501109
100000,16,0.15,every,111,45-64,0.751518,0.7465025927004911,0.6337406904137363,0.8811383982089865,2081.236489,2078.6140070832334,1819.42800009856,2408.0221407269128
100000,16,0.15,every,111,65+,0.685408,0.6817455595113013,0.58467009426014,0.7941793193124534,504.732223,505.17599349463126,439.31209249264793,586.1862232742133
100000,16,0.15,every,112,0-5,0.869967,0.8613385464800146,0.7251829430813446,1.0296806189365435,211.649779,212.24299636483192,183.360341651598,246.4081312455237
100000,16,0.15,every,112,6-11,0.91408,0.9049320333817674,0.7710561726400234,1.0715057490993019,101.794461,101.77626418368891,87.34898121096194,118.24189535807818
100000,16,0.15,every,112,12-17,1.061227,1.0547322611565684,0.908680137121382,1.2216610361421072,359.211796,359.6929234066047,311.456173383398,414.00084070535377
100000,16,0.15,every,112,18-44,0.732717,0.7261284798387695,0.6122453700983036,0.8676027661043785,3004.390634,3005.887010670267,2617.900174376555,3469.630388864316
100000,16,0.15,every,112,45-64,0.751442,0.7465641969515848,0.6348658232431054,0.8774326324708046,1945.653407,1941.2667740806937,1703.0796276596375,2260.2968493830413
100000,16,0.15,every,112,65+,0.685921,0.6818174234449508,0.5857261153797318,0.7921314069422334,473.554834,474.7852210944402,408.92702595022274,550.6322219315334
100000,16,0.15,every,113,0-5,0.867459,0.8596735094620802,0.7207652933918274,1.0230963537133422,195.227296,195.86298954649828,169.40766953327693,226.90740309554323
100000,16,0.15,every,113,6-11,0.911801,0.9033828213830584,0.7673569182561293,1.065806069832721,93.73954,93.68237495655194,79.77762663410977,109.13612997019663
100000,16,0.15,every,113,12-17,1.058705,1.051518146939051,0.9041499173620643,1.2177528699051428,331.421179,331.5436226951424,286.72010980942287,382.50284725637175
100000,16,0.15,every,113,18-44,0.73201,0.7262432010542711,0.6098359543954379,0.8643836132462737,2798.79614,2804.594834062271,2429.5572534389794,3216.5965252006426
100000,16,0.15,every,113,45-64,0.751275,0.7464167265471839,0.6331985315827289,0.878357531663283,1818.376799,1815.4524877653457,1596.4572084210813,2114.2807627576403
100000,16,0.15,every,113,65+,0.686351,0.6819329703739077,0.5851198591572079,0.7921115380592071,444.167771,444.8412580398144,384.4762504318496,517.591419930628
100000,16,0.15,every,114,0-5,0.864867,0.8557328013214728,0.7174790745053053,1.0210143633699766,180.035041,180.59667037939653,156.1259016848635,208.62675394536927
100000,16,0.15,every,114,6-11,0.909438,0.8998080472681949,0.7630038221632348,1.06249166617912,86.304077,86.16156512638554,73.41752680530772,100.79199812188745
100000,16,0.15,every,114,12-17,1.056074,1.04717677575167,0.9002644805446848,1.2128237837040043,305.71501,305.64478091173805,265.6715781870298,351.5855355549138
100000,16,0.15,every,114,18-44,0.731218,0.7240168187130231,0.6068987783056347,0.8634852731658897,2606.490821,2614.3874695757404,2270.3411386338994,3009.6356514459476
100000,16,0.15,every,114,45-64,0.751019,0.7444653897751008,0.6303356115675975,0.8763277052345594,1698.894558,1699.9843109985813,1488.1200352851301,1973.7407122268341
100000,16,0.15,every,114,65+,0.686697,0.6806071769902772,0.5836175542099724,0.7899643822429494,416.467898,416.96197987312917,359.9938570741797,484.1804218913894
100000,16,0.15,every,115,0-5,0.862192,0.8550697607264746,0.7158136860949427,1.018690680098939,165.980273,166.46808799891733,144.00827079545707,192.80373532348312
100000,16,0.15,every,115,6-11,0.90699,0.8988839913838241,0.7606032664476977,1.062818859681978,79.440042,79.21276308503002,67.49451295658946,92.56256532110274
100000,16,0.15,every,115,12-17,1.053337,1.0453163817830806,0.8983240936509677,1.216230410655182,281.934324,282.08472409681417,245.45288881792223,324.7359860606957
100000,16,0.15,every,115,18-44,0.730341,0.7241722985012289,0.6058969615575119,0.8644898290870612,2426.613508,2431.886704530567,2107.62610467989,2813.3735364712775
100000,16,0.15,every,115,45-64,0.750671,0.7443799296998745,0.6296515683857845,0.88057237405476,1586.729004,1590.7699165912345,1386.4426364670508,1840.183433353901
100000,16,0.15,every,115,65+,0.68696,0.6811786984207039,0.5830970757001497,0.7946671032634823,390.358607,390.9811315285624,337.7949652867974,453.14307711360743
100000,16,0.15,every,116,0-5,0.859434,0.8523271722735764,0.7167074528154818,1.0171753940522474,152.977641,153.52505981596187,132.3822158551775,177.19696698710322
100000,16,0.15,every,116,6-11,0.904458,0.8969061324361515,0.7632136899323243,1.0596507556751011,73.103323,73.00093432376161,62.14103257097304,85.85732161486521
100000,16,0.15,every,116,12-17,1.050492,1.0426883729420102,0.8971491361699574,1.2066309221942737,259.9332,259.9789962731302,226.0893730027601,299.29837732847636
100000,16,0.15,every,116,18-44,0.729378,0.7230331265231664,0.6085492113122566,0.8622324086528217,2258.36329,2260.164056925103,1962.6446937049043,2619.2710043103434
100000,16,0.15,every,116,45-64,0.750232,0.7431001073901865,0.6312558676692929,0.8729250495992423,1481.434361,1484.0850072642788,1291.92125848867,1720.4436294166371
100000,16,0.15,every,116,65+,0.687138,0.6809859434875332,0.5848564615325493,0.790443037333297,365.749378,366.68948149011703,317.27722136018565,424.98089871922275
100000,16,0.15,every,117,0-5,0.856595,0.8501756785747959,0.7112795796800825,1.0145743384822095,140.948547,141.41654650261626,122.13014063448645,163.52848692098632
100000,16,0.15,every,117,6-11,0.901843,0.894819377023055,0.7580295805464162,1.0575742038119262,67.253379,67.05731431394815,57.05204466627911,79.06832233024761
100000,16,0.15,every,117,12-17,1.04754,1.0397444442686838,0.8960240449098235,1.204428008277504,239.577569,239.676646448439,207.6507447399199,276.2105966580566
100000,16,0.15,every,117,18-44,0.72833,0.7227073769008234,0.605698126263523,0.8621495277764425,2100.994901,2106.5394747760147,1824.6823035757989,2422.6085737301037
100000,16,0.15,every,117,45-64,0.749702,0.7437277818511521,0.6314000431120115,0.8757225537182864,1382.59443,1387.5529710194096,1196.8957038293593,1593.346053794492
100000,16,0.15,every,117,65+,0.687231,0.6819980382960837,0.5862130925754078,0.7931972924363984,342.555365,343.3347386161622,296.906368870812,397.09116567944875
100000,16,0.15,every,118,0-5,0.853673,0.8451481388172988,0.7108029417926307,1.0094712910143429,129.820569,130.1096308939159,112.28494018013589,150.39129663445055
100000,16,0.15,every,118,6-11,0.899145,0.8892826724875402,0.757323895760061,1.0517405161106652,61.852934,61.82622839510441,52.34407058171928,72.87006545020267
100000,16,0.15,every,118,12-17,1.044481,1.0342656961931296,0.8918914468305295,1.1983024245449656,220.744158,220.6750247082673,192.3258446068503,256.29873085860163
100000,16,0.15,every,118,18-44,0.727197,0.7195821552355028,0.6052065080192942,0.8584416967591327,1953.814466,1957.1691721901298,1700.4502371953101,2256.532768547535
100000,16,0.15,every,118,45-64,0.74908,0.7414385367849096,0.6294317702444606,0.8713946640162376,1289.820418,1290.3868245724589,1117.5724470550194,1489.6996061950922
100000,16,0.15,every,118,65+,0.687239,0.6809295141580538,0.5845276997140914,0.791363504490126,320.697,320.9562088975217,278.08853658422595,371.6903713820502
100000,16,0.15,every,119,0-5,0.85067,0.8400302229702148,0.7038023012445803,1.0026436727943118,119.526931,119.64162720390595,103.09932373650372,138.58461861801334
100000,16,0.15,every,119,6-11,0.896363,0.8848955302208722,0.7499139443993017,1.0458886073516025,56.867689,56.898034173529595,47.98313922714442,66.73161535337567
100000,16,0.15,every,119,12-17,1.041317,1.0307573971943729,0.8873094845173786,1.1956172969483272,203.319519,203.48423672677018,176.52869359427132,235.9766878366936
100000,16,0.15,every,119,18-44,0.725979,0.7171769168981516,0.6013649705111357,0.855107687061314,1816.175591,1821.1526255225763,1583.319260707125,2103.142310339026
100000,16,0.15,every,119,45-64,0.748366,0.7399437305091745,0.6269340469935045,0.8710696981864313,1202.748939,1202.7548485719599,1044.526838106569,1387.9130634949543
100000,16,0.15,every,119,65+,0.687161,0.6806909271281261,0.5835679065906674,0.7910574665332214,300.099633,301.36881629010895,260.3444170675357,347.2228850432439
100000,16,0.15,every,120,0-5,0.847586,0.8381591653948315,0.7028131416698278,0.9995930454461234,110.006028,110.2608049553819,94.4518136153929,127.87545202230103
100000,16,0.15,every,120,6-11,0.8935,0.8831015647887841,0.7499475625462705,1.0438104264405796,52.266069,52.20460107456893,44.12731137312949,61.46202956326306
100000,16,0.15,every,120,12-17,1.038046,1.0275649272236436,0.8845744750919502,1.1918174097672087,187.199169,187.648435421288,162.16703330725431,216.5947659702506
100000,16,0.15,every,120,18-44,0.724675,0.7165749586511976,0.6020131063282802,0.8540569780677328,1687.475749,1692.1073127985,1464.2198606142774,1952.9488314511254
100000,16,0.15,every,120,45-64,0.74756,0.7394231650119253,0.6274900545331767,0.8698726148587178,1121.040146,1120.2075540809892,977.1565163983032,1293.2695809630677
100000,16,0.15,every,120,65+,0.686998,0.6799746216928446,0.5830884751592927,0.7912131139861556,280.693191,281.5656035382417,243.87882526399335,325.24883824266726
100000,16,0.15,every,121,0-5,0.844423,0.8343762898016048,0.7004707538190884,0.9941388577836551,101.200993,101.49572609993629,87.05850517307408,117.8711382385809
100000,16,0.15,every,121,6-11,0.890555,0.8789271085791495,0.7471522380851696,1.0378219911113422,48.018993,47.99149864632636,40.49038230900187,56.6295829876326
100000,16,0.15,every,121,12-17,1.034671,1.02442858872481,0.8808061610343595,1.187224830660715,172.286804,172.47856226284057,149.1361409618985,200.44641692447476
100000,16,0.15,every,121,18-44,0.723286,0.7146555092100166,0.6012131875886257,0.8509244625784607,1567.152957,1571.8967723343521,1361.255085929297,1804.7755060875788
100000,16,0.15,every,121,45-64,0.746663,0.7381241762051658,0.6268656798756668,0.8708098658570256,1044.37602,1045.1795958140865,910.5082190595567,1200.938859648537
100000,16,0.15,every,121,65+,0.686749,0.6792008097220679,0.5817005066529457,0.7916783787728513,262.411853,263.89926151157124,228.20402545225807,305.3245606839191
100000,16,0.15,every,122,0-5,0.84118,0.8327199260435547,0.6986403446407414,0.9933415273259321,93.059298,93.10811914154328,80.1667594939936,108.59261112776585
100000,16,0.15,every,122,6-11,0.887529,0.8776158133586051,0.7449185579733791,1.038930751268161,44.099655,44.10947679262608,37.09404847957194,51.96700369520113
100000,16,0.15,every,122,12-17,1.031192,1.0218820058727434,0.877030660322957,1.1861613951588843,158.493589,158.5960125650745,137.28477519354783,184.47971818572842
100000,16,0.15,every,122,18-44,0.721812,0.7142609257979846,0.5999980157524517,0.8516719384718034,1454.682719,1456.8673938931897,1261.2015458634123,1682.714883632958
100000,16,0.15,every,122,45-64,0.745674,0.7387904151021376,0.6260334189959521,0.8699706549171936,972.45877,974.3669636365958,848.3234821287915,1121.7186744394712
100000,16,0.15,every,122,65+,0.686414,0.6802785739712254,0.5831972499221022,0.7917199793431652,245.193762,246.101886460674,213.21573052025633,285.30804197433747
100000,16,0.15,every,123,0-5,0.837858,0.8307515957523294,0.6958181759780913,0.985905023164018,85.532395,85.65303256572224,73.64843178517185,99.82910331292078
100000,16,0.15,every,123,6-11,0.884423,0.8764529837578747,0.74311839449203,1.0296999927052348,40.483338,40.376689137425274,34.04900868656114,47.82248546043411
100000,16,0.15,every,123,12-17,1.027609,1.0196844115921662,0.8770557561349367,1.1798993852238415,145.737521,145.67941580852494,125.67870970536023,169.32698782905936
100000,16,0.15,every,123,18-44,0.720253,0.71451564905225,0.5989773154559144,0.8464026825626777,1349.575211,1349.6998751461506,1171.6403199266642,1562.975094402209
100000,16,0.15,every,123,45-64,0.744593,0.7387226881447879,0.6251053828218094,0.8672665912374548,905.00937,906.0036842897534,785.6853783326223,1043.3277431344613
100000,16,0.15,every,123,65+,0.685993,0.6798919606942286,0.5820995810269869,0.7889351376847022,228.980744,229.97434771200642,198.0008102749125,266.50476506997506
100000,16,0.15,every,124,0-5,0.834459,0.827111586188091,0.6933569906077163,0.9878108265531872,78.575391,78.69520986056887,67.66113804094493,91.79040436958894
100000,16,0.15,every,124,6-11,0.881238,0.8717563569824712,0.7391912994092165,1.0318759338542,37.147238,36.96962883230299,31.008833315223455,44.246531216427684
100000,16,0.15,every,124,12-17,1.023924,1.0141350755536587,0.8725565359465315,1.178156188428084,133.942846,133.8947533509927,115.10344814695418,155.1130613265559
100000,16,0.15,every,124,18-44,0.71861,0.7117197101067851,0.5977133798296552,0.8492931201695743,1251.372683,1251.5651795826852,1085.6117160478607,1446.9023100128397
100000,16,0.15,every,124,45-64,0.743421,0.736594132555827,0.6254132008779474,0.8675853230519893,841.766194,841.1335798581131,732.3338229143992,973.3655191459693
100000,16,0.15,every,124,65+,0.685486,0.6791200207225607,0.5818020272912326,0.789860387865583,213.718051,214.36550251831068,184.41280132572865,249.29093269928126
100000,16,0.15,every,125,0-5,0.830984,0.8245080995820204,0.6890071351112341,0.9821566116652847,72.146747,72.2863336740993,62.06324094161391,84.56014518067241
100000,16,0.15,every,125,6-11,0.877975,0.8697111442921797,0.7346066422191221,1.0263328459893555,34.070303,33.91903154272586,28.391582026146352,40.70424228115007
100000,16,0.15,every,125,12-17,1.020138,1.0113753274031878,0.8682477593247969,1.1728382353463338,123.039536,122.93503076629713,105.72769631026313,142.45718040247448
100000,16,0.15,every,125,18-44,0.716884,0.7106845167015869,0.5945146686947411,0.8457897591925079,1159.647087,1161.0426702741534,1009.0465075485408,1339.4657500078902
100000,16,0.15,every,125,45-64,0.742158,0.7359755835362845,0.6218804029696205,0.8658164929869171,782.483763,782.1692127049901,680.5688411808574,906.3620652961545
100000,16,0.15,every,125,65+,0.684892,0.6786026631093933,0.5801240201519109,0.7905638343184764,199.354122,199.523928840179,171.80399601039244,232.47431150765624
100000,16,0.15,every,126,0-5,0.827433,0.8200293735541899,0.6872004379302389,0.9811221237294011,66.208008,66.447016910417,56.7051918648649,78.15860464726575
100000,16,0.15,every,126,6-11,0.874635,0.8653170914419615,0.732920121474679,1.0263819544380601,31.233092,31.150932841468602,26.01506850356236,37.41768510196124
100000,16,0.15,every,126,12-17,1.016252,1.007022571793638,0.8639941247118883,1.1697797082346584,112.962808,112.89239272265695,97.0034009097144,130.79361440241337
100000,16,0.15,every,126,18-44,0.715074,0.7081552001454061,0.5946361537723803,0.8463408868729032,1073.997876,1074.1365381563082,934.3356481157243,1243.2225768407807
100000,16,0.15,every,126,45-64,0.740804,0.7335245188779482,0.6218271224207367,0.8654132307294997,726.931589,726.6808041734621,633.2879614178091,842.8349646870047
100000,16,0.15,every,126,65+,0.684213,0.677039123392418,0.5802592361175096,0.7874360677873905,185.840366,186.30093822529307,160.16547432058724,216.31971071608132
100000,16,0.15,every,127,0-5,0.823808,0.8181713064183769,0.6837209864551043,0.9741270472838723,60.723552,60.93696837499738,51.88523781020194,71.56923747737892
100000,16,0.15,every,127,6-11,0.871218,0.8641064214555209,0.7309683560408199,1.0201787820693997,28.617638,28.54211909417063,23.851343424525112,34.515944263432175
100000,16,0.15,every,127,12-17,1.012266,1.005213396332612,0.862483259158128,1.166763456935672,103.652698,103.46029713959433,89.29203722230159,120.30649060034193
100000,16,0.15,every,127,18-44,0.713181,0.7080972857983339,0.5932203148682839,0.8413722177409545,994.049992,995.3090146863833,861.9629700258374,1142.6794720990583
100000,16,0.15,every,127,45-64,0.73936,0.7336637083205475,0.6209936078855818,0.8627385770399709,674.893101,675.4885747167282,586.688859065529,781.746491081547
100000,16,0.15,every,127,65+,0.683448,0.6780393703988947,0.580050455770566,0.7893329108605404,173.130951,173.19608518609311,149.07268735062098,201.54353306698613
100000,16,0.15,every,128,0-5,0.82011,0.8130903064459836,0.6814723711997795,0.9736775960348741,55.66037,55.96880733384751,47.261735478648916,65.71447309595533
100000,16,0.15,every,128,6-11,0.867726,0.8605413959775435,0.7295658743465531,1.0197534886443183,26.207334,26.129648473113775,21.832987929694355,31.765329584479332
100000,16,0.15,every,128,12-17,1.008184,1.002180411325992,0.8602863173448201,1.1653907469535172,95.053661,95.1054593839217,81.69705004058778,110.40274731232785
100000,16,0.15,every,128,18-44,0.711206,0.7056461153700713,0.5934830311913705,0.8417147948527144,919.452012,920.4881381941959,796.5806884448975,1063.009526294656
100000,16,0.15,every,128,45-64,0.737825,0.7328190649672992,0.6203097746497749,0.8632325984832456,626.164663,627.5581015199423,542.0149544289685,724.0648682503961
100000,16,0.15,every,128,65+,0.682598,0.6782794210226255,0.5803965815031267,0.7894027977776975,161.182615,161.63958912459202,139.2243742698338,188.16808660089737
100000,16,0.15,every,129,0-5,0.81634,0.8068094468191298,0.6733546568806437,0.9720360847431894,50.987854,51.25385018112138,43.32210320373997,60.56938423192466
100000,16,0.15,every,129,6-11,0.864161,0.8551868247691561,0.7202574750349684,1.018958961560253,23.986818,23.928695027250797,19.93720233347267,28.827720291912556
100000,16,0.15,every,129,12-17,1.004005,0.9946534507921547,0.8511003253934618,1.157350678830831,87.114221,87.14035517605953,74.6069099844026,101.99664204707369
100000,16,0.15,every,129,18-44,0.709149,0.701706757544345,0.5859280654131567,0.8421109240454941,849.874446,851.63175104931,738.7860960997641,979.527209578082
100000,16,0.15,every,129,45-64,0.736201,0.7290855229836539,0.6154723455185905,0.862962469191316,580.554668,582.3913769009523,503.2016501398757,670.6433601859026
100000,16,0.15,every,129,65+,0.681662,0.6754900083602209,0.576644261445843,0.7896312317221789,149.954495,150.46661123179365,129.49116168223554,175.15267521498026
100000,16,0.15,every,130,0-5,0.812499,0.8047745798070551,0.6701023032968545,0.9640668157193986,46.677609,46.977247865637764,39.53280566521572,55.61940431268886
100000,16,0.15,every,130,6-11,0.860523,0.8526531149089366,0.7187288630344237,1.0120110027083649,21.941877,21.929264997597784,18.17565814172849,26.504821996204555
100000,16,0.15,every,130,12-17,0.999731,0.9903226685385914,0.849890279093872,1.1498361666607133,79.786639,79.9134756415151,68.07465691282414,93.87552040000446
100000,16,0.15,every,130,18-44,0.707012,0.7007277312721756,0.5856475873246367,0.8373007570617628,785.008172,788.0982889449224,685.3425289439037,905.857194003649
100000,16,0.15,every,130,45-64,0.734487,0.7282167248440397,0.6156602817653959,0.8579880634189899,537.882695,539.3017784955446,466.9102647206746,623.781449500937
100000,16,0.15,every,130,65+,0.68064,0.6750060018387443,0.5750028378208614,0.7876100190885751,139.407956,139.80181875266135,120.35798045457341,162.56972256023437
100000,16,0.15,every,131,0-5,0.808589,0.8013897621862488,0.6690561573312096,0.9591762195633106,42.703286,42.98409694759175,36.259710918646306,51.10813720757142
100000,16,0.15,every,131,6-11,0.856814,0.8497597731152282,0.718207751577485,1.0075603458430915,20.059354,20.066468291915953,16.563311482034628,24.369362224359065
100000,16,0.15,every,131,12-17,0.995364,0.9836071025755591,0.8446761851358792,1.1435965242630608,73.026623,73.23496243078262,62.23824171232991,85.98253450985067
100000,16,0.15,every,131,18-44,0.704794,0.698729340126006,0.5855003670130102,0.834546152207815,724.562992,727.4093173062429,631.3897150075063,835.296912888065
100000,16,0.15,every,131,45-64,0.732686,0.7254821989581061,0.6148157544614599,0.8559218506346552,497.978743,499.6804937531706,432.8518839040771,578.048966110684
100000,16,0.15,every,131,65+,0.679534,0.6729280218747191,0.5751754000495497,0.7849987026876337,129.506448,129.86138078663498,111.43274535378441,150.95527216844494
100000,16,0.15,every,132,0-5,0.804612,0.7966325070098044,0.6618035675956428,0.9560065854002533,39.040421,39.19957465794869,32.999767646193504,46.56387077202089
100000,16,0.15,every,132,6-11,0.853034,0.8456198786529792,0.7107299355168084,1.0041538479836283,18.327067,18.41314963484183,15.017835617705714,22.372959604952484
100000,16,0.15,every,132,12-17,0.990905,0.9800759247495365,0.8391337448074717,1.139541180339126,66.793057,66.80059745162725,57.11036536959,78.51092391065322
100000,16,0.15,every,132,18-44,0.702497,0.6957208222708534,0.579593537855618,0.8317232167481972,668.266317,671.8273160038516,584.4096555849537,771.6018484719098
100000,16,0.15,every,132,45-64,0.730796,0.7227038155271863,0.609721571334442,0.8545463854617117,460.68252,462.2126388750039,399.55392771493644,533.6779807284474
100000,16,0.15,every,132,65+,0.678343,0.6707442414882647,0.5726587580748189,0.7838218292530181,120.215363,120.68769828922814,103.38329599477584,140.11139087978518
100000,16,0.15,every,133,0-5,0.800568,0.7914319791296847,0.6583445329960014,0.9500663154227013,35.66629,35.80201979796402,29.966294981073588,42.54136798996478
100000,16,0.15,every,133,6-11,0.849187,0.8409185679618387,0.7085479200915812,0.9998746692710017,16.733732,16.855592479463667,13.696705434471369,20.534547223243862
100000,16,0.15,every,133,12-17,0.986356,0.9734336090082061,0.8349788053561582,1.1346321463165314,61.047753,61.070477723376825,51.84724596492015,71.72139683226123
100000,16,0.15,every,133,18-44,0.700121,0.6917719422720697,0.5778515282880284,0.828491043711016,615.861947,618.7098532076925,538.3345846422017,709.9696258883923
100000,16,0.15,every,133,45-64,0.728819,0.7192105730674923,0.6084738252178215,0.85269437238376,425.842792,426.93407468497753,370.46575960470363,490.7616557837464
100000,16,0.15,every,133,65+,0.677069,0.6686489101819006,0.5717778564222796,0.7833440100985646,111.501909,111.74851519346703,95.82987744768616,130.41731001459993
100000,16,0.15,every,134,0-5,0.796459,0.7855726659599543,0.6547416561733298,0.9433013342932123,32.559783,32.66262556030415,27.332385018927756,38.93997266253572
100000,16,0.15,every,134,6-11,0.845272,0.8354265769470663,0.70444385830828,0.99336877474101,15.268889,15.394184567965567,12.462434935383499,18.87589629786089
100000,16,0.15,every,134,12-17,0.981719,0.9691371590482403,0.8302255402556674,1.131049478510822,55.75523,55.733596310252324,47.18858814262785,65.39683886991111
100000,16,0.15,every,134,18-44,0.697667,0.6885468803161808,0.5761907012610775,0.8240000236731385,567.108956,570.3439599312842,494.4207058707252,652.8575594956055
100000,16,0.15,every,134,45-64,0.726755,0.7171840081206645,0.6063509350009498,0.8501266251881588,393.316777,393.9633039343171,341.60816006176174,454.0452478913241
100000,16,0.15,every,134,65+,0.67571,0.6677247424266368,0.5703794127455755,0.7815429073664585,103.334991,103.43709066454903,88.99609004257945,120.96133003791329
100000,16,0.15,every,135,0-5,0.792287,0.781178762733626,0.6528867153203389,0.937392275600788,29.701277,29.775929225841537,24.805398563854396,35.53910457552411
100000,16,0.15,every,135,6-11,0.841291,0.8314818254543106,0.7033754363688678,0.9883434366675083,13.922849,14.091165767982602,11.295344427693635,17.31037990981713
100000,16,0.15,every,135,12-17,0.976995,0.964702210530064,0.8273624436614964,1.1248464231011228,50.88251,50.853433704935014,43.07754532294348,59.8730807043612
100000,16,0.15,every,135,18-44,0.695137,0.6860611536466112,0.5758774643206216,0.820504077762679,521.780665,524.8172402223572,455.7632980979979,602.6622806134633
100000,16,0.15,every,135,45-64,0.724606,0.7152824438229601,0.6058827971429207,0.8464927966951257,362.969601,363.2755327243358,315.13284842995927,420.8415026953444
100000,16,0.15,every,135,65+,0.674269,0.6664141279826444,0.5697178785394499,0.7790787740349787,95.685104,95.73284144420177,82.03699840873014,112.37631847831653
100000,16,0.15,every,136,0-5,0.788053,0.7749734284784846,0.6448688852876766,0.9322667217421166,27.072531,27.055759351700544,22.41252471669577,32.544084067689255
100000,16,0.15,every,136,6-11,0.837247,0.8259157787193534,0.6964839340194864,0.9826701003773282,12.686625,12.84049689071253,10.280082498211414,15.900996756274253
100000,16,0.15,every,136,12-17,0.972187,0.9579291363164375,0.8200062962160088,1.1178812378320488,46.398926,46.31172412750311,39.121857061516494,54.63577245478518
100000,16,0.15,every,136,18-44,0.69253,0.6823546521264745,0.5712939512502422,0.8174163775112844,479.663699,482.3160594627261,418.0144337452948,553.4432534044608
100000,16,0.15,every,136,45-64,0.722372,0.7126725264842155,0.60226158975351,0.8418058921694612,334.673781,334.6474184826948,291.34391950722784,389.21077339863405
100000,16,0.15,every,136,65+,0.672745,0.6639529494688426,0.5675139334390016,0.7755394758661792,88.524231,88.78024265047861,76.14563018304761,103.96396763372468
100000,16,0.15,every,137,0-5,0.783759,0.7731637679205126,0.6407569515853231,0.9284113219911512,24.656583,24.608390777837485,20.486855887109414,29.94802983268164
100000,16,0.15,every,137,6-11,0.83314,0.8235490431206954,0.6907310336551318,0.9792862674966986,11.551884,11.677653149235994,9.336283217649907,14.597484432160854
100000,16,0.15,every,137,12-17,0.967295,0.954804181473252,0.8171037009475263,1.1140509395617522,42.275956,42.12554725073278,35.40008778311312,49.91939527611248
100000,16,0.15,every,137,18-44,0.689849,0.6813371282498142,0.5678572358870054,0.8151250619927638,440.557122,442.7288838205859,384.7181988200173,509.6474992465228
100000,16,0.15,every,137,45-64,0.720053,0.7111853755442366,0.6008188723058012,0.8411081956148917,308.308765,308.12024374725297,268.6899525425397,358.10219770343974
100000,16,0.15,every,137,65+,0.671138,0.6625758420226933,0.5656632859740344,0.7744968977250429,81.825754,82.09718236519257,70.17906581761781,95.71049220730927
100000,16,0.15,every,138,0-5,0.779407,0.766208857177398,0.6382600480716975,0.9241479471878056,22.437656,22.391460394253954,18.61783277266659,27.12921827030368
100000,16,0.15,every,138,6-11,0.828972,0.8164140641748567,0.6885439569854634,0.973384273164926,10.5109,10.631284430623055,8.468246834352612,13.33991401316598
100000,16,0.15,every,138,12-17,0.962323,0.9500059676990437,0.8132887965785272,1.1080992932657492,38.487065,38.2504730981309,32.232767251785845,45.52118020039052
100000,16,0.15,every,138,18-44,0.687094,0.6765885790456889,0.5672399183410403,0.8115911683610757,404.271635,405.4995453171432,352.4547199094901,467.7010554531589
100000,16,0.15,every,138,45-64,0.717652,0.7076213932263553,0.5992215443451849,0.8366712578124682,283.760499,283.8470191680826,246.4919950622134,330.12439460121095
100000,16,0.15,every,138,65+,0.669451,0.6607106995220569,0.5639759224506603,0.7724337389593432,75.564369,75.88066475017695,64.57693592610303,88.51454304886283
100000,16,0.15,every,139,0-5,0.774999,0.763217471201344,0.6343385242740163,0.919719025964815,20.401075,20.36606538039632,16.7786693375092,24.62238177517429
100000,16,0.15,every,139,6-11,0.824745,0.8136568071950978,0.6848950158169261,0.9707622304780694,9.556504,9.663446549326181,7.619817427359521,12.174343151971698
100000,16,0.15,every,139,12-17,0.957272,0.9452460680415922,0.807400947421142,1.103740400281313,35.00756,34.80640436336398,29.283497743541375,41.56507965293713
100000,16,0.15,every,139,18-44,0.684266,0.6755002034894393,0.56405739865968,0.8097653501569496,370.628847,371.24775060405955,323.4399590389803,428.40835090819746
100000,16,0.15,every,139,45-64,0.715168,0.7062674051112188,0.5946883916979803,0.8347801152462768,260.921034,261.26763870194554,225.9201760776341,303.68767030211166
100000,16,0.15,every,139,65+,0.667682,0.6586758874190761,0.5610320197479478,0.7699192778933729,69.716007,69.9198337464477,59.50007313292008,81.91538598545594
100000,16,0.15,every,140,0-5,0.770536,0.75688837121651,0.6245452136357522,0.9153064076821454,18.533188,18.45468578930013,15.148201022762805,22.42782556801103
100000,16,0.15,every,140,6-11,0.82046,0.8074129993318572,0.6759380049911321,0.9655158170872129,8.682046,8.761139535345137,6.856603572610766,11.115384622476995
100000,16,0.15,every,140,12-17,0.952143,0.9380197234549654,0.79867060751412,1.0955664543490617,31.814459,31.642992853187025,26.60882780351676,37.90599947888404
100000,16,0.15,every,140,18-44,0.681367,0.6705643092304745,0.5582364104172137,0.8054244362757101,339.460598,339.84637334384024,295.6122804628685,392.75117614585906
100000,16,0.15,every,140,45-64,0.712603,0.7020078989169851,0.590782410780886,0.8313724228744274,239.688162,240.0594006665051,208.0022946530953,278.3927652137354
100000,16,0.15,every,140,65+,0.665834,0.6562881629463686,0.557574581293976,0.7689379391802724,64.257765,64.36651901289588,54.739928066090215,75.64589626895031
100000,16,0.15,every,141,0-5,0.766019,0.752457784061818,0.6229599623451079,0.9091938454599124,16.821292,16.712438598275185,13.66779326973483,20.522106871008873
100000,16,0.15,every,141,6-11,0.816119,0.8037338791763633,0.6747534069277182,0.9591196230569652,7.88136,7.933030201820657,6.171507373917848,10.14244891250273
100000,16,0.15,every,141,12-17,0.94694,0.9332960101207011,0.7943332776534028,1.090713288556173,28.886373,28.73613400897011,23.992458731867373,34.59149654582143
100000,16,0.15,every,141,18-44,0.678397,0.6684200146932189,0.5576843250435554,0.8025268653991365,310.608334,310.27968572918326,270.1490890281275,361.1374655999243
100000,16,0.15,every,141,45-64,0.709958,0.6999931704004021,0.5897683380218562,0.8298322589129428,219.96508,220.2898572939448,190.51866460468156,254.9668911411427
100000,16,0.15,every,141,65+,0.663906,0.6545772942322898,0.5560202197634919,0.7682498056344473,59.16784,59.22908143498353,50.32569118763786,69.64221541758161
100000,16,0.15,every,142,0-5,0.761452,0.746381734411437,0.617488101627924,0.9053732729982583,15.253572,15.149472530465573,12.283555297000566,18.63332746946253
100000,16,0.15,every,142,6-11,0.811725,0.798783632696412,0.6693872730403998,0.9574953130803864,7.148721,7.1813982324674726,5.536696828901768,9.252102497965097
100000,16,0.15,every,142,12-17,0.941664,0.9270315861659,0.7887260381981456,1.0883938035090364,26.203389,26.067277444759384,21.640422116499394,31.43093493487686
100000,16,0.15,every,142,18-44,0.675358,0.6644943767452451,0.5548206792417789,0.7997098480354239,283.92254,283.85137218330055,246.96665072110483,329.4681489095092
100000,16,0.15,every,142,45-64,0.707233,0.6961185202704343,0.5867473722544965,0.8279748444975804,201.66009,201.89064720040187,174.27250537457877,233.26652390835807
100000,16,0.15,every,142,65+,0.661899,0.6520510050795288,0.5529472690301277,0.7658914979139433,54.42547,54.43209714407567,46.061252787243575,64.17731610185001
100000,16,0.15,every,143,0-5,0.756835,0.7411468499268675,0.6118586652965419,0.8989166698343408,13.819034,13.682558957138099,11.012217311031419,16.941590763395652
100000,16,0.15,every,143,6-11,0.807278,0.7950000734078634,0.6656225372868696,0.9533916703796499,6.478823,6.499374346341938,4.948520651750732,8.439061340410262
100000,16,0.15,every,143,12-17,0.936317,0.9221385574991321,0.7824931713195498,1.0837245373964097,23.746972,23.63123210449703,19.53614136436954,28.53230536985211
100000,16,0.15,every,143,18-44,0.67225,0.6609328127178519,0.5511957780051946,0.7945271623136403,259.262205,259.0147871822119,225.24139972538688,300.82106715538515
100000,16,0.15,every,143,45-64,0.70443,0.6931957466696053,0.5829121845429299,0.8232621335367238,184.686306,184.86912727402523,159.19473238894716,214.3818637863733
100000,16,0.15,every,143,65+,0.659815,0.6486487854655786,0.5497082005143192,0.7627034185076309,50.01088,49.99198418686865,42.271770473240764,59.09742575511336
100000,16,0.15,every,144,0-5,0.752171,0.7379872870242641,0.6013991452438503,0.9019886947124882,12.507451,12.359027770580724,9.810503303771839,15.418643174192395
100000,16,0.15,every,144,6-11,0.802781,0.7931279157512965,0.6570784275127003,0.9567717947796558,5.86674,5.874512029346079,4.429300375748426,7.754825783264814
100000,16,0.15,every,144,12-17,0.930902,0.9189921185218951,0.773941021017809,1.0900545001631472,21.499872,21.372986955568194,17.596949667716398,25.970209508901462
100000,16,0.15,every,144,18-44,0.669076,0.6592191708942772,0.5442502704634538,0.7974607643480254,236.494338,236.32694345247,204.8812495553866,274.06133838556707
100000,16,0.15,every,144,45-64,0.701551,0.6912213300186836,0.5770427451446728,0.8277252335237044,168.961403,168.98337578726932,145.55635020509362,196.34379365108907
100000,16,0.15,every,144,65+,0.657654,0.6464869446721175,0.5443583062923728,0.766118492550906,45.905229,45.82288936624536,38.68623929028399,54.1911701518693
100000,16,0.15,every,145,0-5,0.747461,0.734399057567674,0.5873472039894692,0.9110028367537218,11.309312,11.149657921399921,8.723372592165834,14.094235086371187
100000,16,0.15,every,145,6-11,0.798236,0.7907396188475863,0.643866216728807,0.9683767203886612,5.307907,5.335085636936128,3.9322804637253284,7.148455263138742
100000,16,0.15,every,145,12-17,0.925421,0.9159809917657262,0.7581306679483267,1.1007643907173543,19.446032,19.310992241837084,15.773315568920225,23.64555063447915
100000,16,0.15,every,145,18-44,0.665837,0.6568595284770427,0.5328225382641802,0.8058552215215553,215.493513,215.35236637759954,186.28519455851057,250.22650830447674
100000,16,0.15,every,145,45-64,0.698596,0.6892550449674804,0.5663218542510277,0.8350599858118324,154.407369,154.4247626210563,132.9214401729405,179.5851956824772
100000,16,0.15,every,145,65+,0.655417,0.6447807856731024,0.5338891296790546,0.7734723955274172,42.090568,41.97135313937906,35.3204238233302,49.797628319227066
100000,16,0.15,every,146,0-5,0.742708,0.7319305770034844,0.5702385438194736,0.9388622566488776,10.215773,10.048749765381217,7.727577314281371,12.941182682412908
100000,16,0.15,every,146,6-11,0.793643,0.7891430994697568,0.6272765835294298,0.9955110302709828,4.798089,4.841010382398963,3.4792014095000923,6.655431625305209
100000,16,0.15,every,146,12-17,0.919875,0.914380327084391,0.7367841347550644,1.1254026590520771,17.57051,17.486008969834074,14.06515065766871,21.707794135203585
100000,16,0.15,every,146,18-44,0.662533,0.654936588809647,0.5177469196993417,0.8289655224039268,196.141451,195.90463588107377,169.13763607479632,228.66545547319106
100000,16,0.15,every,146,45-64,0.695566,0.6877924324302527,0.5502812253799688,0.8559512041062304,140.950286,140.99806316243485,121.01498033758253,164.91243061349957
100000,16,0.15,every,146,65+,0.653105,0.6440655037269502,0.5191689400912952,0.7924932583080996,38.549793,38.33492862660205,32.02472800668329,46.010039928686446
100000,16,0.15,every,147,0-5,0.737913,0.7323421318762252,0.5472416938282563,0.9801580460362554,9.218612,9.055390760069713,6.748361543298233,12.005437504162547
100000,16,0.15,every,147,6-11,0.789006,0.7895017892191478,0.604640527959128,1.0373978951819207,4.333361,4.394774475134909,3.052282201847993,6.266214939299971
100000,16,0.15,every,147,12-17,0.914269,0.9154672988111354,0.71194294563478,1.1668678755532111,15.859408,15.819103761692531,12.403891756740633,20.17469529883819
100000,16,0.15,every,147,18-44,0.659167,0.6550505075330568,0.4967438638836365,0.8644383170554611,178.326635,178.22748087067157,151.82413657661527,211.0213258574018
100000,16,0.15,every,147,45-64,0.692463,0.6881702791260635,0.5283780142999538,0.8897016138715286,128.520122,128.50443402375095,108.93173440825194,152.50501106772572
100000,16,0.15,every,147,65+,0.650718,0.6447530561361525,0.5014647685672285,0.8218475732785372,35.266612,34.98794642672874,28.697346308795385,42.8148995268275
100000,16,0.15,every,148,0-5,0.733079,0.7342255442534418,0.5257167050023612,1.035557767910566,8.310187,8.16301694442518,5.822426088619977,11.284149753005474
100000,16,0.15,every,148,6-11,0.784327,0.7934111181859449,0.5816115289540152,1.09204472927152,3.910085,3.994783178670332,2.6605266630649567,5.940420316532254
100000,16,0.15,every,148,12-17,0.908603,0.9199729587338001,0.6873317871418079,1.2207845038517713,14.299798,14.324341296334751,10.786299074534327,19.04685763665475
100000,16,0.15,every,148,18-44,0.65574,0.6576269348005677,0.47571802710880573,0.9132807235615829,161.943946,161.8718946883455,134.3047685958445,197.8950622919947
100000,16,0.15,every,148,45-64,0.689288,0.6915269405507916,0.50767685619852,0.9366797445061741,117.050545,117.05374805768952,96.45051535947714,143.23086423503702
100000,16,0.15,every,148,65+,0.648259,0.6478305308139721,0.4827933972332381,0.8630507454179973,32.225503,31.945910834998358,25.35731251037214,40.42245276569592
100000,16,0.15,every,149,0-5,0.728208,0.7375570234358413,0.503494833149514,1.1034251044194818,7.4834,7.365203142049722,5.00735524832271,10.781376274890496
100000,16,0.15,every,149,6-11,0.779606,0.7973331129173864,0.560980864651557,1.1622687461701697,3.524892,3.63000251702033,2.301196720788721,5.694411630742251
100000,16,0.15,every,149,12-17,0.90288,0.9265827537750704,0.6648505617988939,1.288133323796704,12.87966,12.969780948129483,9.285288597189355,18.284718204173256
100000,16,0.15,every,149,18-44,0.652252,0.6609815500107038,0.45741258493656467,0.973655092199126,146.894326,147.13947320356965,116.46564666982741,190.2372544091195
100000,16,0.15,every,149,45-64,0.686043,0.6958344294918765,0.4883918500065787,0.995239983213105,106.478739,106.62759547075257,83.67846878053388,137.4068641079822
100000,16,0.15,every,149,65+,0.645728,0.6528676309601035,0.46608513453531,0.9119477221743828,29.411685,29.09704810002586,22.052527781575918,38.83430309430696
1000000,16,0.15,every,1,0-5,1.339049,1.3753775549089609,1.1193001941012388,1.6736308524044794,330.93133,331.1031520982741,310.5378957267138,351.95339948627185
1000000,16,0.15,every,1,6-11,2.311691,2.0590686019306847,1.7090918531730743,2.4934137417365987,263.808763,261.8880793484797,243.43985028613392,283.2155633552715
1000000,16,0.15,every,1,12-17,1.442413,1.3986826188328823,1.1533968348243313,1.6911895276468931,106.22455,106.6772185594631,95.6133604439883,118.05754304780693
1000000,16,0.15,every,1,18-44,0.716412,0.7792623523570096,0.642922151469964,0.9431018025827036,378.044663,381.53297274513716,358.99975624005356,404.662194243283
1000000,16,0.15,every,1,45-64,0.585959,0.655569093236412,0.5384111452880634,0.7944961683633219,166.399298,166.89171845514764,152.98428264825407,181.48291360787442
1000000,16,0.15,every,1,65+,0.477594,0.5389296746637544,0.44275232305039275,0.6523447448615631,120.274235,120.26175376595931,108.51022217248638,132.43530345080214
1000000,16,0.15,every,2,0-5,1.349362,1.4090132705222929,1.1862738470061334,1.6664050888967128,328.081813,325.75452494558795,304.0656094469154,349.6539051391533
1000000,16,0.15,every,2,6-11,2.32493,2.3118497828723568,1.949655532910336,2.7419849363106548,319.737799,300.0505007434098,272.46459223088135,324.9321448446125
1000000,16,0.15,every,2,12-17,1.454397,1.4778337198530065,1.2497565261750876,1.738782190900164,114.303266,111.6644566537507,101.17635713089727,123.05256543078568
1000000,16,0.15,every,2,18-44,0.722411,0.7883202756598027,0.6750273160200069,0.9220855533580061,387.435862,404.9162463569109,372.01778814980884,444.0259754503703
1000000,16,0.15,every,2,45-64,0.591069,0.6534259307681622,0.5566407097081778,0.7653832094498633,160.825,164.81600541363318,151.34096191749066,180.272710185702
1000000,16,0.15,every,2,65+,0.481464,0.534670865522866,0.4549621739000364,0.6266036255083087,105.073442,106.0395467923413,97.44167588455963,115.23174249644343
1000000,16,0.15,every,3,0-5,1.35966,1.4338863148611876,1.2217969794506645,1.6798681433090976,325.648649,320.97698485767853,290.2857744771817,357.39081758656084
1000000,16,0.15,every,3,6-11,2.337983,2.448214166465273,2.090277042730302,2.8643614855766684,404.900079,372.83600689664786,325.63101181338413,424.0851285895543
1000000,16,0.15,every,3,12-17,1.466397,1.5289366172196213,1.3078961950091663,1.7937226431316982,126.230268,120.9947261879447,106.70675318579231,137.45754341310155
1000000,16,0.15,every,3,18-44,0.728456,0.7938167995487728,0.6889153261203051,0.919963201210672,403.551557,427.03701446268536,375.84740554123016,489.5216063240392
1000000,16,0.15,every,3,45-64,0.596248,0.6524565943164602,0.5638540681765261,0.7559763079562493,154.978536,160.99652839632822,142.77039903800755,183.3236748576055
1000000,16,0.15,every,3,65+,0.485405,0.5317094057742466,0.4598892739658368,0.6143935260916037,86.724254,88.43838910230568,80.42233502059301,97.55572901095962
1000000,16,0.15,every,4,0-5,1.369933,1.4442743521401489,1.2321059292501748,1.6941143252681927,325.535413,318.8956401118603,280.0500423932872,365.4521130159219
1000000,16,0.15,every,4,6-11,2.350811,2.500017196771706,2.1180304912926156,2.955659203074718,511.765541,473.84992642701786,404.6699890861689,552.3885582145786
1000000,16,0.15,every,4,12-17,1.478402,1.5578142073270445,1.3329972227161981,1.8260596343784636,140.616838,133.41197582465293,114.71708800252503,155.1635779098417
1000000,16,0.15,every,4,18-44,0.734541,0.7933958681745836,0.6893955823543314,0.9159239538171744,426.652422,441.5215055123924,378.04845337106,518.0275373268228
1000000,16,0.15,every,4,45-64,0.601493,0.6493964966202094,0.5633197593036969,0.7494239294283654,151.630782,156.82128029677546,134.8197609928951,183.72797332287337
1000000,16,0.15,every,4,65+,0.489412,0.5274285300106571,0.4590520416479465,0.6056638417203379,70.729754,72.44078862506268,64.44354016181347,82.40500125277771
1000000,16,0.15,every,5,0-5,1.380172,1.4450336704266908,1.228539508483725,1.6974289279684347,328.803048,320.9671006255261,277.1455443099778,374.2581397771519
1000000,16,0.15,every,5,6-11,2.363382,2.500331669265291,2.1058781577849044,2.9731969474794555,641.288651,607.1425175715192,515.4393864348899,708.9072071387777
1000000,16,0.15,every,5,12-17,1.490403,1.5662228941421406,1.3339651648893704,1.8412130048196595,157.442095,149.21439435874902,127.07561513324885,175.8230101920317
1000000,16,0.15,every,5,18-44,0.740661,0.7877492100492627,0.6852031409489914,0.909003758757345,458.18697,460.3738670683956,390.6792714243677,543.9351003715437
1000000,16,0.15,every,5,45-64,0.606798,0.6439646538911069,0.5596053321723526,0.7424836148130569,151.953184,154.67483012823595,130.93522514824167,183.26870170490884
1000000,16,0.15,every,5,65+,0.493482,0.5220452236221138,0.45607915253273856,0.5980872092786178,58.632153,59.81888849326549,51.87619452419102,69.94045129253999
1000000,16,0.15,every,6,0-5,1.390367,1.4347040830156743,1.2174926570091147,1.6906458024603692,336.258969,328.5458392636572,281.6646341630801,384.78574359100094
1000000,16,0.15,every,6,6-11,2.375661,2.475953696735122,2.077658422033172,2.946479592090088,797.509134,771.4240096563371,656.3424604671479,901.8239375704352
1000000,16,0.15,every,6,12-17,1.502389,1.5593457985030776,1.3288384519766414,1.8353024612535216,177.211626,169.5450876224545,143.91943166435533,200.05870399061644
1000000,16,0.15,every,6,18-44,0.746809,0.7784368028589355,0.6774315248593108,0.8976395991549736,500.142645,495.083200271632,420.6196785115003,584.2939725346173
1000000,16,0.15,every,6,45-64,0.612161,0.6365655328522546,0.553865367498612,0.7332680837805807,156.522133,157.09716502728043,132.6151242382398,186.309036004493
1000000,16,0.15,every,6,65+,0.497614,0.5157486799599803,0.45157943300012293,0.589751812448899,50.434243,51.10562500295919,43.21144125803265,60.92412822121872
1000000,16,0.15,every,7,0-5,1.400506,1.42394692760641,1.2072126624001798,1.6793048911145494,348.722026,342.4922884161256,293.34672028052773,400.96846909417434
1000000,16,0.15,every,7,6-11,2.387607,2.443778754639891,2.056227759187214,2.908795487746771,986.178421,970.4111695893694,828.8404340617649,1133.7732870646364
1000000,16,0.15,every,7,12-17,1.514351,1.545866937147513,1.3166003587727761,1.8221100692815602,200.705671,194.77882851077766,165.3395924907294,230.07183352562038
1000000,16,0.15,every,7,18-44,0.75298,0.7689503279301206,0.6701346877652931,0.8853353033755685,554.951997,550.1421462838134,467.7825914268569,648.2359791900963
1000000,16,0.15,every,7,45-64,0.617576,0.6291982673308717,0.5480098532880231,0.7234536254372468,165.778997,165.3648238253686,140.03827746084494,196.17839845425567
1000000,16,0.15,every,7,65+,0.501802,0.5099682965752977,0.447166160809067,0.5816874189576128,45.661614,46.011287405823396,38.27356940099128,55.47417028055963
1000000,16,0.15,every,8,0-5,1.410578,1.4146247212913976,1.1994679655132507,1.6657371414806201,367.150294,363.3102000719323,311.1047400304501,425.1400049844174
1000000,16,0.15,every,8,6-11,2.399174,2.4193701162736136,2.035932386534956,2.879025505998269,1214.55463,1209.322082100679,1036.9527617673766,1413.6208188492749
1000000,16,0.15,every,8,12-17,1.526277,1.5342192346998307,1.3067488508359213,1.8046589409582179,228.921981,225.4567648609177,191.6484122737961,265.8331566948423
1000000,16,0.15,every,8,18-44,0.759166,0.7621054401299968,0.6642441388481295,0.8778856648627356,625.557947,625.7011279280564,533.4856911862994,734.5743258719673
1000000,16,0.15,every,8,45-64,0.62304,0.6239915649693717,0.5435955072177564,0.7174236018727181,180.240433,180.3847266320364,153.1751026301829,213.2624064812078
1000000,16,0.15,every,8,65+,0.506044,0.5060059960855905,0.44404896018129103,0.5769135846770939,43.799297,44.10444136146248,36.44287611181221,53.36341480560678
1000000,16,0.15,every,9,0-5,1.420567,1.4079019388237621,1.1957562918376303,1.66209117484181,392.719535,391.77064483317827,335.189062592809,458.7665609650691
1000000,16,0.15,every,9,6-11,2.410305,2.401776387570274,2.022714255672337,2.862270436768704,1491.567128,1496.4369156611265,1284.153694008045,1747.6827138331591
1000000,16,0.15,every,9,12-17,1.538152,1.526057764853305,1.3009028591535738,1.7979330852475734,263.089568,262.3891383693867,223.60463441644015,308.769017700253
1000000,16,0.15,every,9,18-44,0.765359,0.7582551338480015,0.6610903029205792,0.8742374823196561,715.545323,721.6190139656364,615.0611871589472,847.5371585266121
1000000,16,0.15,every,9,45-64,0.628547,0.6214896760239015,0.54175890176936,0.7149335968470203,200.604819,201.79340261438256,171.62082765048808,238.5720574521722
1000000,16,0.15,every,9,65+,0.510336,0.5043321480910259,0.4430054717077042,0.574802707335046,44.451362,44.87288951921357,37.06961863612196,54.31194533097678
1000000,16,0.15,every,10,0-5,1.430456,1.4097579629487056,1.1984963288170147,1.6592513092708983,426.889988,428.315527452623,366.2420826733792,501.822272549251
1000000,16,0.15,every,10,6-11,2.420932,2.401404058511482,2.01913372734681,2.8527248185077383,1828.130648,1840.654362922388,1579.9611191370686,2149.878972318641
1000000,16,0.15,every,10,12-17,1.549963,1.5289538436373022,1.3035077394587702,1.796335896838709,304.714202,306.27397183347716,261.5000001013045,360.7823340027369
1000000,16,0.15,every,10,18-44,0.771548,0.7594028109520313,0.6624646768391043,0.8753656947074241,829.317096,840.7212957173706,717.5786524885652,989.037695298688
1000000,16,0.15,every,10,45-64,0.634091,0.6229615520984454,0.5435166235731923,0.7164262286100598,227.82135,230.49926975468247,196.00894990605843,272.14516510865724
1000000,16,0.15,every,10,65+,0.514671,0.5056103399620653,0.4445446223401073,0.5759192178051474,47.385134,48.034740700285056,39.747149586898765,57.9234999863105
1000000,16,0.15,every,11,0-5,1.440226,1.415530725463988,1.2040521552745893,1.6641271824028077,471.477637,474.5330188069506,405.194241689574,556.4295867035198
1000000,16,0.15,every,11,6-11,2.430973,2.4035717721800474,2.0228032656324424,2.859257187632897,2237.552162,2257.2409577274148,1935.9122666154708,2636.28762646637
1000000,16,0.15,every,11,12-17,1.56169,1.5357855971579057,1.3088800287618616,1.8051554688041722,355.644121,358.79325345133884,305.93516901724433,422.5222474247114
1000000,16,0.15,every,11,18-44,0.777724,0.7635582151341094,0.6660285193779824,0.8800420806793657,972.312685,986.4280352109836,841.9537059904214,1162.9899232379057
1000000,16,0.15,every,11,45-64,0.639665,0.627151193531972,0.5470960502671891,0.7211839626191324,263.151482,266.9406723518823,226.69226001888183,314.84028302530146
1000000,16,0.15,every,11,65+,0.519046,0.5090976196374182,0.4478542183491949,0.5798180411311274,52.533007,53.35127039338249,44.33023316806941,64.11230486996772
1000000,16,0.15,every,12,0-5,1.449854,1.4266222652161575,1.2132246208480573,1.6802326052736465,528.737681,533.0030155466911,456.19504982435683,625.2702005436855
1000000,16,0.15,every,12,6-11,2.44033,2.412520170265764,2.027071544330924,2.871789826418392,2736.019,2756.685867619184,2365.1274697667836,3218.6020955255517
1000000,16,0.15,every,12,12-17,1.573314,1.5475003641064662,1.3206716868803852,1.820067127631839,418.153866,422.3070950076735,360.07577524082126,497.78470397090905
1000000,16,0.15,every,12,18-44,0.783872,0.7709430660295415,0.6715910500373711,0.8889626529061958,1151.272675,1166.104030477265,994.5695129237974,1373.816913231367
1000000,16,0.15,every,12,45-64,0.645262,0.6339891659360506,0.5524823201612404,0.7292895136873888,308.236594,312.1538322086408,265.21663009584336,368.5847827799439
1000000,16,0.15,every,12,65+,0.523452,0.5145915374250216,0.45229354561873036,0.5860485156734582,59.98351,60.84042163408105,50.85365478614153,72.93329278792862
1000000,16,0.15,every,13,0-5,1.459311,1.4392372078551008,1.2239424331845268,1.693533665619934,601.464871,606.1183581600808,518.4947268925334,711.6567542171852
1000000,16,0.15,every,13,6-11,2.448882,2.4238916060150517,2.0417000216622347,2.8846448537942835,3343.167296,3364.753154639111,2885.334004778875,3936.824219842998
1000000,16,0.15,every,13,12-17,1.584811,1.5636488270660958,1.3327049577181542,1.8384018065000034,495.047755,499.4026656940273,425.23908281063495,586.238645335457
1000000,16,0.15,every,13,18-44,0.789978,0.7792242884236601,0.6792133439381048,0.8982339938057917,1374.557951,1387.5160309484718,1183.008362206142,1636.2140454081145
1000000,16,0.15,every,13,45-64,0.650872,0.6416379196037836,0.5595549595237029,0.7377097972895839,365.179311,368.6167336973508,314.14278221449496,434.8036610657268
1000000,16,0.15,every,13,65+,0.527885,0.5207362092341141,0.45798833948371137,0.5928661205966791,69.974553,70.74260402776974,59.29400438687958,84.79800609047936
1000000,16,0.15,every,14,0-5,1.468566,1.4502746316879902,1.2351876670581488,1.7096490607791779,693.114377,697.2013743842554,595.5981081046602,818.9693224954308
1000000,16,0.15,every,14,6-11,2.456486,2.4340680093895712,2.0464441547703625,2.898800492389689,4082.728327,4105.463936618649,3521.8907718419287,4806.284644977888
1000000,16,0.15,every,14,12-17,1.596151,1.5776248840883396,1.3490832569140065,1.8480730193463928,589.785973,594.1844404093895,507.26957870368915,696.8028045603996
1000000,16,0.15,every,14,18-44,0.796023,0.7871839032079064,0.6863180267352705,0.9064162179927183,1652.533292,1663.3245440652918,1417.556392956296,1961.0371228228887
1000000,16,0.15,every,14,45-64,0.656485,0.6492136683815122,0.566333961489592,0.7457395620325199,436.643561,438.94599649921565,374.09623457949374,518.3514565144728
1000000,16,0.15,every,14,65+,0.532333,0.5268601519207254,0.4635998700528037,0.5994333393243744,82.893616,83.49989897874275,70.05534942409429,99.7124307801638
1000000,16,0.15,every,15,0-5,1.47758,1.463662493432695,1.2469305208431347,1.7207809206266678,807.946377,811.2062346660196,692.2669692528834,952.8365626888362
1000000,16,0.15,every,15,6-11,2.462969,2.4444839984228723,2.057439931996821,2.9067273878459825,4983.241971,5002.5643485440705,4292.922578152466,5851.841236201801
1000000,16,0.15,every,15,12-17,1.607303,1.593169663502008,1.3603707715430242,1.8686158207767165,706.636978,709.6730573556306,606.6183517586514,833.7162733866157
1000000,16,0.15,every,15,18-44,0.801986,0.7954176814461915,0.6931657259647361,0.9158511415485638,1998.026374,2005.3770398659126,1708.000647046682,2365.86725590035
1000000,16,0.15,every,15,45-64,0.662089,0.6570525806779561,0.5730191134810882,0.7549040095140694,525.977613,527.276147912446,449.26120828129297,621.7408975161193
1000000,16,0.15,every,15,65+,0.536789,0.5332006832693379,0.46902718484885486,0.606631195371297,99.286285,99.63253363396416,83.70860037982186,118.83924860503203
1000000,16,0.15,every,16,0-5,1.486304,1.4753629929288299,1.2565868572787628,1.7335646113669068,951.197058,952.032060784948,814.159161650703,1121.6587918504456
1000000,16,0.15,every,16,6-11,2.468122,2.4501180518431993,2.063882886752174,2.913260478452025,6078.81127,6096.617637826323,5232.592004943213,7136.834934471757
1000000,16,0.15,every,16,12-17,1.618224,1.6072854899745452,1.3739109607869713,1.884788636718317,850.860069,852.7931328933964,729.7520285789451,1000.8117122633676
1000000,16,0.15,every,16,18-44,0.80784,0.8022385517030013,0.7000595229496588,0.925403318475106,2426.872612,2430.2766251108987,2072.6222547649595,2862.6580406726625
1000000,16,0.15,every,16,45-64,0.66767,0.6636786590913544,0.5796159629157328,0.7628321407870331,637.364016,637.6808290876338,543.8254710844394,753.7947144175696
1000000,16,0.15,every,16,65+,0.541239,0.5385625273488668,0.4743432273199216,0.6125016279675926,119.873309,120.02460805293163,101.19089719016529,142.99823761780976
1000000,16,0.15,every,17,0-5,1.494685,1.4843163646522675,1.2646381107152944,1.7438248743323375,1129.277698,1129.930392309313,964.6324012107307,1327.8970455677027
1000000,16,0.15,every,17,6-11,2.471696,2.4523234045972298,2.0678976272084855,2.9181653572590305,7409.847775,7424.299717997979,6385.4550906262375,8687.355032809472
1000000,16,0.15,every,17,12-17,1.628868,1.6180188329749994,1.3822537858409654,1.8995447746578988,1028.921606,1029.8541190498504,881.1567235538278,1208.5843648385671
1000000,16,0.15,every,17,18-44,0.813555,0.8085932670359219,0.7054217923393751,0.9311602307655934,2958.553836,2961.2829644655903,2526.5867335735347,3487.9060586139603
1000000,16,0.15,every,17,45-64,0.673209,0.6697495003130924,0.5845731781034691,0.7692345805705127,776.000016,775.9022674530224,661.9892244076045,916.0020594667576
1000000,16,0.15,every,17,65+,0.54567,0.5432597558888511,0.47825997907607626,0.6178224364509046,145.575978,145.5635412178899,122.94848022322026,173.01386593916573
1000000,16,0.15,every,18,0-5,1.502654,1.492905136580404,1.2729627368873728,1.7510762280958592,1350.001486,1349.643963424308,1151.365768638434,1584.3289367085254
1000000,16,0.15,every,18,6-11,2.473394,2.454813182561826,2.068147560307694,2.9165710956592377,9023.720946,9042.751902358243,7774.407653964925,10563.99095888823
1000000,16,0.15,every,18,12-17,1.639178,1.6296190218900093,1.3935250978561153,1.9114017237792094,1248.747198,1248.9527457217828,1068.1773846789483,1465.9612992528328
1000000,16,0.15,every,18,18-44,0.819096,0.8142354414216375,0.7098891200016765,0.9380963672746496,3616.933377,3616.1441233479163,3086.236202354212,4258.1541830108
1000000,16,0.15,every,18,45-64,0.678688,0.6753599345049617,0.5894505496676719,0.7758690663655184,948.311106,948.4345989817102,808.8748139989775,1115.6496461212791
1000000,16,0.15,every,18,65+,0.550065,0.5477998063015103,0.4823583065344032,0.6228208574935732,177.549463,177.6144089623424,149.94816114706236,210.50853694071748
1000000,16,0.15,every,19,0-5,1.510132,1.4990201065149533,1.2782313335554627,1.758976213836249,1622.834336,1621.9395132450209,1387.832538813709,1903.0957440639795
1000000,16,0.15,every,19,6-11,2.472868,2.449993256976229,2.0633531244740686,2.910952982128691,10975.172743,10999.532131768654,9438.697182360353,12818.801482887255
1000000,16,0.15,every,19,12-17,1.649086,1.6381161053527724,1.4019560208800432,1.9189616298738972,1520.009766,1519.5643144062624,1299.7145409012646,1786.6754827124323
1000000,16,0.15,every,19,18-44,0.824418,0.8190460169975904,0.7138365891946497,0.9438161835644298,4431.080289,4436.715137111954,3787.034508734432,5222.8462656723605
1000000,16,0.15,every,19,45-64,0.684081,0.6803826627709113,0.5935376960002876,0.7812948626968953,1162.198633,1162.4919331196616,991.4487911568258,1368.4585418225768
1000000,16,0.15,every,19,65+,0.554406,0.5519165755416239,0.48593128674810027,0.627518189889157,217.223561,217.37819030042942,184.16022642885832,257.17775730992435
1000000,16,0.15,every,20,0-5,1.517023,1.5042616701431326,1.2825634116031128,1.7638843536309157,1959.160279,1958.493584250211,1680.2744443629256,2294.84849068322
1000000,16,0.15,every,20,6-11,2.469709,2.4441094450247567,2.06474978943154,2.9017815581817614,13326.287852,13357.476613283943,11469.22477741733,15578.098461138943
1000000,16,0.15,every,20,12-17,1.65851,1.6464168602721347,1.4098216566216208,1.9263526938869495,1854.449136,1855.1825769264651,1587.8123664522227,2180.5620184514864
1000000,16,0.15,every,20,18-44,0.829473,0.8231372559834855,0.7171799848667122,0.9486797652061812,5436.159,5443.985278333243,4640.336018237544,6415.383495535307
1000000,16,0.15,every,20,45-64,0.689363,0.6849490395048968,0.5973605246349911,0.7871599630834425,1427.319119,1428.9989569232075,1217.6940467702416,1682.032176124524
1000000,16,0.15,every,20,65+,0.558669,0.5556483205617839,0.4890787150305519,0.6319690485362619,266.34977,266.81258476429093,226.29446437919978,315.32147872667383
1000000,16,0.15,every,21,0-5,1.523216,1.5108334740777836,1.2873600474830929,1.770115461489104,2372.543472,2372.5252370157687,2035.099200356617,2785.1351599967165
1000000,16,0.15,every,21,6-11,2.463448,2.4363254847548745,2.0555615655097608,2.8903475810742445,16145.720016,16179.404036464257,13884.728475510332,18919.194167266454
1000000,16,0.15,every,21,12-17,1.667356,1.6559126442537555,1.4154964052985273,1.939892896672975,2266.211961,2268.057107727147,1940.5868111292893,2665.246662286536
1000000,16,0.15,every,21,18-44,0.8342,0.8276931005594348,0.7210680571489897,0.9557586197321468,6674.335155,6685.748779608695,5708.645392922481,7863.27391546069
1000000,16,0.15,every,21,45-64,0.694499,0.6901688413988071,0.6018523336607355,0.7941148699670781,1755.387594,1759.2612501636177,1498.69672644624,2068.6262382474215
1000000,16,0.15,every,21,65+,0.56283,0.5597809280615283,0.4927651558624962,0.6370583779914715,327.052749,327.771237471924,278.477363588486,387.2488449655725
1000000,16,0.15,every,22,0-5,1.528579,1.5134707995812668,1.291379909927166,1.7735229768407557,2878.956344,2883.1915751264532,2465.6786043875436,3385.297273792228
1000000,16,0.15,every,22,6-11,2.453554,2.419586894993507,2.041714094459181,2.8711710900461136,19506.770976,19554.11433794396,16784.05887018454,22873.058498658807
1000000,16,0.15,every,22,12-17,1.675512,1.6614399713368444,1.420608122717342,1.943865160578269,2772.190309,2778.905361635294,2374.043396210047,3256.010847519741
1000000,16,0.15,every,22,18-44,0.838535,0.8303395078087901,0.7233201775009804,0.9590809801605915,8195.610922,8212.771799509595,7022.317990245028,9662.45056101522
1000000,16,0.15,every,22,45-64,0.699454,0.6938298369285512,0.6051644167174142,0.7978954960573723,2160.488931,2165.265412461338,1849.999349530768,2549.4753954992175
1000000,16,0.15,every,22,65+,0.566857,0.562819075011399,0.4954809381329157,0.640342647631364,401.882688,403.47941354311615,342.92435806720823,475.2359021128327
1000000,16,0.15,every,23,0-5,1.532962,1.5156480610074845,1.2946350114734597,1.7763576565058745,3496.926404,3500.495819224532,2997.1197736509384,4110.35369550141
1000000,16,0.15,every,23,6-11,2.439441,2.402062972709537,2.0304616277225684,2.8411043166789014,23483.816704,23544.63881446168,20204.718860560286,27528.861779238097
1000000,16,0.15,every,23,12-17,1.682849,1.6682217899327603,1.4275760773746193,1.9511976601005139,3392.32232,3399.653689398201,2904.998012753138,3982.968309054737
1000000,16,0.15,every,23,18-44,0.842399,0.833702022521005,0.7265298106482335,0.9613354393172047,10058.451204,10081.857259052522,8603.6258342347,11860.163964626794
1000000,16,0.15,every,23,45-64,0.704184,0.6982522987820983,0.6092603328080797,0.8021847879989021,2659.369155,2664.8939377388015,2275.7256634653004,3141.62914282987
1000000,16,0.15,every,23,65+,0.570717,0.5663924802956659,0.4987766642643604,0.6439172522968886,493.862942,495.6333431545877,421.7280973388929,584.3482508486723
1000000,16,0.15,every,24,0-5,1.536191,1.5177220639109386,1.2969062784360015,1.7774167691762945,4247.53248,4252.693391499361,3642.4841850272787,4983.916566682641
1000000,16,0.15,every,24,6-11,2.420485,2.378738696073661,2.0137449667243734,2.8121628044100135,28146.510063,28213.091176343703,24267.02882981606,32947.58693718638
1000000,16,0.15,every,24,12-17,1.68922,1.671836260321438,1.4303220365042106,1.9589228895279582,4149.798326,4157.172213398342,3562.439544794426,4873.336571783788
1000000,16,0.15,every,24,18-44,0.84571,0.8361529564262202,0.7285631086286682,0.9647869367724002,12329.995522,12353.724258713097,10548.914577288131,14547.728966587936
1000000,16,0.15,every,24,45-64,0.708641,0.7020596459545065,0.6122993722788808,0.8068852328707625,3271.66235,3280.1157426862483,2802.787890699583,3853.493983853008
1000000,16,0.15,every,24,65+,0.574373,0.5694605065114716,0.5013595234471236,0.6476586084073638,606.524284,608.3605782134373,518.3539259763156,717.654007369707
1000000,16,0.15,every,25,0-5,1.538076,1.518460102295328,1.297040760098813,1.7783137183244198,5154.156091,5160.847231767351,4420.04714291617,6051.150571071386
1000000,16,0.15,every,25,6-11,2.396044,2.347947004940569,1.9876270047742577,2.7717139038943435,33551.219506,33644.87612932641,28932.24632372652,39314.21341532715
1000000,16,0.15,every,25,12-17,1.694459,1.6748523311421528,1.434917305900052,1.9600255631003087,5071.091004,5082.807445203904,4349.180433859281,5964.688203365313
1000000,16,0.15,every,25,18-44,0.848378,0.8382166072036761,0.7295686848896654,0.9677805580738478,15085.572494,15117.315070541503,12914.467079590948,17761.115166348856
1000000,16,0.15,every,25,45-64,0.712775,0.7056933586235236,0.6152508216838771,0.811681985123807,4019.988369,4027.7474795790768,3448.814097394177,4731.099914618619
1000000,16,0.15,every,25,65+,0.577785,0.5725099049221617,0.5038897050604838,0.6513161872602702,743.91342,745.8446927636996,635.4992227764851,878.1236688076351
1000000,16,0.15,every,26,0-5,1.538409,1.5177289799798663,1.2946152892287113,1.7768435603461603,6241.868991,6248.085743033716,5359.684693238989,7337.821991273522
1000000,16,0.15,every,26,6-11,2.365505,2.3105554325533717,1.9591780384581599,2.7290333911784277,39729.377274,39861.226620980946,34260.00339222158,46579.31972951876
1000000,16,0.15,every,26,12-17,1.698384,1.6788251689949671,1.4379189003337733,1.9631442170481976,6185.700699,6199.23322394981,5303.2847207441555,7260.54922766675
1000000,16,0.15,every,26,18-44,0.850308,0.8393008902693386,0.7302525943322382,0.968996592109633,18407.156202,18445.98981213369,15786.732279984732,21674.881557066226
1000000,16,0.15,every,26,45-64,0.716529,0.7090879740706306,0.6179685341499908,0.8154129157554774,4929.833728,4941.708345130875,4228.867246196543,5809.619465962471
1000000,16,0.15,every,26,65+,0.58091,0.5753292375281158,0.5062839207827777,0.6545966334634306,910.559366,913.0910156482714,779.9518263583859,1072.3184189770564
1000000,16,0.15,every,27,0-5,1.536973,1.5143167034884835,1.2917967719916965,1.773765624014982,7536.321247,7541.582024773248,6474.448726980758,8850.188464576633
1000000,16,0.15,every,27,6-11,2.328335,2.264868296937763,1.9227022450219082,2.677326667383828,46672.912574,46872.99899041408,40263.39838297336,54652.402993766766
1000000,16,0.15,every,27,12-17,1.700803,1.6795999734653433,1.4403318137008556,1.9631609685136417,7525.482085,7542.219138864173,6456.939395554968,8835.586503131482
1000000,16,0.15,every,27,18-44,0.851409,0.839155636870361,0.7301439483971394,0.9693280767144682,22380.349545,22430.097318625616,19131.74722819362,26378.284427447186
1000000,16,0.15,every,27,45-64,0.719848,0.7117242443365897,0.6201095890329911,0.8183373021641697,6029.107041,6044.908549900796,5164.166956068806,7105.477736252062
1000000,16,0.15,every,27,65+,0.583707,0.5775295846243288,0.5080716389622274,0.6571343108890075,1111.377766,1114.0476909802328,953.030344985702,1308.692202110712
1000000,16,0.15,every,28,0-5,1.533549,1.5107223909231295,1.2877443102214332,1.7682065547878008,9061.997971,9068.090546788713,7779.655640682002,10615.33950412189
1000000,16,0.15,every,28,6-11,2.284154,2.216215694273269,1.8828492696087966,2.6108153016049274,54317.819328,54559.38783561764,46838.572467448015,63631.80307383195
1000000,16,0.15,every,28,12-17,1.701519,1.6801630979999436,1.4400507303086232,1.9627191996317968,9123.405142,9144.015578178114,7850.548819202719,10683.794884055897
1000000,16,0.15,every,28,18-44,0.851597,0.8387390481626019,0.7296897684038273,0.9698402776405779,27089.486627,27145.866622088142,23162.727863827924,31840.42708007843
1000000,16,0.15,every,28,45-64,0.722678,0.7142626930544853,0.6226388173142869,0.8219109159719471,7347.248756,7367.766749993221,6292.260652264045,8660.626837419986
1000000,16,0.15,every,28,65+,0.586138,0.5798548969883007,0.5101320979355018,0.6600289575014939,1351.491718,1355.0548470534086,1158.3011051788826,1590.6509242937245
1000000,16,0.15,every,29,0-5,1.527933,1.5021324653897352,1.2826956053996084,1.7600580829266852,10839.753381,10861.302562009805,9320.599441505132,12697.18035535756
1000000,16,0.15,every,29,6-11,2.232815,2.1588195779978534,1.833665319906447,2.5406523319092265,62528.143683,62798.34470698284,53938.59785001399,73204.56552265637
1000000,16,0.15,every,29,12-17,1.700336,1.6768104975160094,1.4365486658815403,1.9614032762938056,11011.615446,11036.17178082178,9489.316576151316,12882.390666800668
1000000,16,0.15,every,29,18-44,0.850805,0.8369035062214124,0.7276208824309668,0.9677038755672821,32610.565163,32673.231892345357,27934.630527764355,38282.29869115559
1000000,16,0.15,every,29,45-64,0.724969,0.7159737687830767,0.6237052238602594,0.824172484167466,8913.784102,8934.817995891928,7637.716860269313,10473.501460513333
1000000,16,0.15,every,29,65+,0.588169,0.5814669083748312,0.5112703965894789,0.6623941530816064,1635.950409,1639.0952435566414,1404.960512250227,1922.9256369213253
1000000,16,0.15,every,30,0-5,1.51995,1.4913882052070888,1.2751132931643006,1.7445254044049674,12883.625658,12911.677710789681,11071.873526331845,15069.979774623134
1000000,16,0.15,every,30,6-11,2.174479,2.0935729957771647,1.7813356100639643,2.462163084898195,71084.065893,71380.99188290955,61487.85569318704,83183.26668441616
1000000,16,0.15,every,30,12-17,1.697079,1.6709607377453717,1.432525783506335,1.9535081176658762,13218.712345,13251.981512283033,11392.398786501042,15456.467794052398
1000000,16,0.15,every,30,18-44,0.848988,0.8345994100073795,0.7248833844430093,0.9641443282569313,39002.002914,39089.92489427593,33408.52261371317,45810.25098922511
1000000,16,0.15,every,30,45-64,0.726683,0.717537327020407,0.6248900333931268,0.8249353037635297,10756.25137,10778.450312489149,9216.628287958367,12624.112414376214
1000000,16,0.15,every,30,65+,0.589777,0.5826906760560879,0.5123599328059204,0.6629517261002235,1969.336221,1973.6045644535752,1692.1217149426575,2313.899573163111
1000000,16,0.15,every,31,0-5,1.509469,1.478594936262116,1.2629192795876525,1.7307179009571405,15197.094747,15225.886954865127,13064.701872526886,17796.383145824002
1000000,16,0.15,every,31,6-11,2.109682,2.024162901771358,1.7250412189300388,2.378106375393792,79678.808818,80027.23851687327,69084.475824314,93196.97502069233
1000000,16,0.15,every,31,12-17,1.691596,1.6623322860817533,1.4262731297812088,1.943825759121096,15766.27182,15802.529716127421,13578.488880376637,18463.988987347635
1000000,16,0.15,every,31,18-44,0.846135,0.8305853351620829,0.72123646564533,0.9608284701216073,46293.687618,46410.677449136565,39731.14195267754,54360.97135412565
1000000,16,0.15,every,31,45-64,0.727795,0.7178783077607,0.6249848215938816,0.8258072038242551,12897.525822,12932.860622704713,11078.530226115618,15156.461116113205
1000000,16,0.15,every,31,65+,0.590954,0.5835898976010657,0.5129145108805828,0.6642929388946105,2355.268916,2359.855121581186,2022.8592231578841,2761.4903366903254
1000000,16,0.15,every,32,0-5,1.496425,1.4641508824359835,1.250084959722703,1.7144432548807589,17769.158643,17805.6276363714,15268.661265795075,20813.937782608424
1000000,16,0.15,every,32,6-11,2.039356,1.950240516988739,1.666532476877252,2.2854532193239274,87929.104962,88357.27915171231,76233.5458895684,102813.70124782459
1000000,16,0.15,every,32,12-17,1.68378,1.6544161252902996,1.4177156067857661,1.9313386683964233,18664.8059,18703.49408878635,16054.641665621777,21870.204752428235
1000000,16,0.15,every,32,18-44,0.842273,0.8257948755732265,0.7159255262018996,0.9570914845659749,54475.424374,54606.520805076,46836.403245586785,63964.555656929966
1000000,16,0.15,every,32,45-64,0.728298,0.7177796263086529,0.6240515954143203,0.8268270772654782,15352.693484,15399.908916563756,13219.911816281368,18028.240509407144
1000000,16,0.15,every,32,65+,0.591705,0.5839030191786856,0.5126835366170653,0.6653767587787031,2795.841638,2802.4665402924766,2405.0019983636394,3278.5462338609304
1000000,16,0.15,every,33,0-5,1.480829,1.4460720759026475,1.2357975868690556,1.691463048089042,20570.831334,20608.100805758644,17721.549800685214,24063.883278022913
1000000,16,0.15,every,33,6-11,1.964809,1.8725689781699284,1.6015259720184498,2.1884133773693084,95402.189379,95895.95324695634,82755.35345012245,111612.56593260623
1000000,16,0.15,every,33,12-17,1.673573,1.6423782180845232,1.4071355156700207,1.921018330105004,21909.552418,21946.252585871727,18890.18222927561,25606.145960087815
1000000,16,0.15,every,33,18-44,0.83747,0.8202409047106579,0.7115989853680347,0.9493278973247147,63486.547941,63617.98386483721,54595.89389952109,74500.31569519948
1000000,16,0.15,every,33,45-64,0.728206,0.717306332171212,0.6239308438077823,0.825773736216023,18125.790738,18181.192376850435,15592.760045414863,21227.6002022061
1000000,16,0.15,every,33,65+,0.592053,0.5839318943511851,0.5127598974741359,0.6652812689275532,3291.053781,3298.7859212393632,2832.053862312525,3855.8914021665805
1000000,16,0.15,every,34,0-5,1.462781,1.4269442732110804,1.2191310875488985,1.67045637592218,23552.833856,23587.772237605444,20333.5934589947,27541.64541552117
1000000,16,0.15,every,34,6-11,1.887639,1.7955953546398917,1.5367661554552323,2.0971914696909573,101658.549787,102242.74815999356,88284.73777548294,118761.97701585176
1000000,16,0.15,every,34,12-17,1.660977,1.628445441556634,1.3959722288176897,1.9002629810126204,25476.681038,25527.611049835046,21983.21902536742,29844.694160498213
1000000,16,0.15,every,34,18-44,0.83183,0.8141917765722573,0.7058645544129184,0.9454446944029308,73208.929413,73354.31964553587,63052.051853137964,85731.06780197815
1000000,16,0.15,every,34,45-64,0.727549,0.7163924296799189,0.6229111550903864,0.8262531574263234,21206.87399,21263.36225596568,18280.494603204104,24808.435000982587
1000000,16,0.15,every,34,65+,0.592035,0.5837898998488243,0.512255357948899,0.6659646120074907,3838.331698,3847.1568804400376,3306.141379161858,4493.513711942265
1000000,16,0.15,every,35,0-5,1.442463,1.405644596216126,1.1999837673873222,1.6457603120017286,26645.268355,26686.243840095252,23019.88699454954,31097.705682241998
1000000,16,0.15,every,35,6-11,1.809602,1.7184464051232442,1.473494907704492,2.005482928895658,106304.720836,106904.91835021903,92485.14597654017,123774.06415508932
1000000,16,0.15,every,35,12-17,1.646053,1.6118347795043446,1.3810814327348904,1.8830090184364094,29320.616863,29388.36353087568,25325.457682559296,34350.54392434299
1000000,16,0.15,every,35,18-44,0.825488,0.8076866115969794,0.699666281298121,0.936926411850529,83465.594545,83679.29365248742,72017.23374762578,97526.82564157818
1000000,16,0.15,every,35,45-64,0.726377,0.7148976668136098,0.6214436388843695,0.8234680013532415,24569.961263,24623.18870356353,21165.89362574213,28716.698109451594
1000000,16,0.15,every,35,65+,0.591703,0.5832564178549062,0.5117557628205706,0.6648891056635318,4432.23845,4443.639699370811,3823.2676701876035,5186.457100822303
1000000,16,0.15,every,36,0-5,1.420138,1.3823428598189675,1.1786657761454162,1.6188273752959317,29759.863711,29824.321304453042,25724.97850609204,34659.9376788043
1000000,16,0.15,every,36,6-11,1.732447,1.6444153070744758,1.4109194539019714,1.9163558524125583,109046.030685,109691.1786832728,94875.39437766629,126951.20249621803
1000000,16,0.15,every,36,12-17,1.628921,1.5926791236948348,1.3646243960367805,1.8636288425865095,33373.156777,33437.655362456484,28834.448854978808,38981.65552181809
1000000,16,0.15,every,36,18-44,0.818595,0.8005231142780371,0.6924449359937997,0.9302170122402338,94026.494436,94270.99032382667,81247.14233359555,109737.27467121731
1000000,16,0.15,every,36,45-64,0.724752,0.7130691237470533,0.6191097278148012,0.8227087527746731,28172.341504,28252.489457587653,24283.395616778784,32926.2557563748
1000000,16,0.15,every,36,65+,0.591115,0.5826165625600672,0.5106652247332734,0.66505551018452,5064.458606,5074.719881578036,4366.233783979307,5918.96594257986
1000000,16,0.15,every,37,0-5,1.396133,1.3575242566050587,1.1582450387074763,1.5896493694135811,32794.956334,32886.55298553078,28356.688045877614,38175.231565249094
1000000,16,0.15,every,37,6-11,1.657761,1.5734851508122878,1.351918624839909,1.830393347526049,109727.494748,110404.6113164837,95661.54567739787,127539.81153959618
1000000,16,0.15,every,37,12-17,1.609753,1.5731063477211116,1.3466429390243746,1.8340640188479045,37544.855439,37634.451808903454,32471.007503425266,43817.62438614419
1000000,16,0.15,every,37,18-44,0.811312,0.7929703927567544,0.6850514775162169,0.9211188129055938,104621.660832,104782.70170115028,90440.1109937469,122073.75563070562
1000000,16,0.15,every,37,45-64,0.722744,0.7107341779685309,0.6165269941313682,0.8196371793049391,31955.558439,32035.11009097722,27593.348629756016,37323.66398268347
1000000,16,0.15,every,37,65+,0.590333,0.5817760774165139,0.5093535125973646,0.6637468208116964,5724.101281,5735.329238966715,4937.963199573413,6679.431170819786
1000000,16,0.15,every,38,0-5,1.370818,1.3304174844888745,1.133369403302998,1.5581720796750065,35642.80832,35737.012746315624,30872.849210923276,41455.28141550376
1000000,16,0.15,every,38,6-11,1.586842,1.5078148863690994,1.2967060057069733,1.752020954064515,108353.242562,109012.95790970721,94639.88325683656,126022.59062658716
1000000,16,0.15,every,38,12-17,1.588767,1.5505931448542483,1.3275541033178173,1.8113566866874022,41728.814362,41825.029972758784,36064.98797519514,48633.14527518785
1000000,16,0.15,every,38,18-44,0.803791,0.7855131538154845,0.6774550965989611,0.9142530901994039,114960.356943,115148.7309893868,99440.30837222748,133895.60972477484
1000000,16,0.15,every,38,45-64,0.720427,0.7085490784318798,0.6141442303917568,0.8180822365663853,35848.07833,35919.35848894899,30945.351378031744,41818.6657605354
1000000,16,0.15,every,38,65+,0.589417,0.5810777775463527,0.5083847257987647,0.663917274045981,6398.302853,6410.288765823316,5527.851030888232,7469.734970423473
1000000,16,0.15,every,39,0-5,1.344588,1.3049777993077503,1.112951828686146,1.5301003460823734,38198.327169,38291.99938308471,33103.648417012766,44470.86217945418
1000000,16,0.15,every,39,6-11,1.520628,1.4479904497474867,1.2475711817285633,1.6802593940234742,105080.431697,105728.87018009298,91894.85438566166,122012.84048406244
1000000,16,0.15,every,39,12-17,1.566216,1.5270708786273657,1.30670867267274,1.7862886683369168,45806.601451,45910.105367073615,39678.42881961074,53321.70276785957
1000000,16,0.15,every,39,18-44,0.796173,0.7785616070669961,0.6708607598178533,0.9087920492999876,124753.416688,124926.45992761943,107928.30265118461,145087.58684046287
1000000,16,0.15,every,39,45-64,0.717872,0.7062886713544227,0.6116036142324797,0.8167652063956692,39769.328538,39853.95101757173,34379.652637177496,46318.08788553963
1000000,16,0.15,every,39,65+,0.588422,0.5803886957302371,0.507440280305012,0.663881420952004,7073.048443,7087.962849244112,6105.80112178468,8262.527516598217
1000000,16,0.15,every,40,0-5,1.31784,1.278647753526034,1.0892281525921446,1.4997892902800891,40367.907543,40469.22589719237,35001.78489738348,47015.70473855821
1000000,16,0.15,every,40,6-11,1.459686,1.3917692605967495,1.199128327954252,1.6136826301188034,100190.381818,100764.68527118303,87601.4941080627,116150.23252735264
1000000,16,0.15,every,40,12-17,1.542381,1.5040766189048447,1.285591155403099,1.7573348136687823,49655.666788,49787.537430995086,42948.99720740551,57752.43968439539
1000000,16,0.15,every,40,18-44,0.788577,0.7712777650972806,0.663292092302996,0.9002272761716067,133735.243112,133995.4804329723,115830.87661480275,155469.43941857386
1000000,16,0.15,every,40,45-64,0.715149,0.7036506183082065,0.6083982822450733,0.813788838689149,43634.545662,43720.7079109897,37748.92176612798,50750.16344920598
1000000,16,0.15,every,40,65+,0.587398,0.5794511439625054,0.5058673565295754,0.6631737230357124,7734.088427,7752.7312059469405,6685.839887439339,9018.792554498155
1000000,16,0.15,every,41,0-5,1.290953,1.2519443987919177,1.064606661216938,1.4689619597584134,42077.074294,42187.86151387455,36508.209978367144,49023.711195147655
1000000,16,0.15,every,41,6-11,1.404245,1.342431005336124,1.156694753065912,1.5578415670814076,94045.014405,94513.59047882422,82358.52313228045,108882.31747017265
1000000,16,0.15,every,41,12-17,1.517563,1.4791506511203258,1.2651429345135867,1.7267294068705,53157.392016,53274.440894200234,46023.76827912545,61782.3051369203
1000000,16,0.15,every,41,18-44,0.781104,0.7643388173939611,0.6563099383800964,0.8918524363216859,141682.145304,141912.44830777775,122764.73755411245,164578.70429317374
1000000,16,0.15,every,41,45-64,0.712322,0.7009219466688281,0.6057718580953972,0.8106137163890794,47359.769739,47473.97334088135,40983.769212933665,55173.78938801336
1000000,16,0.15,every,41,65+,0.586383,0.5785493790988097,0.5049601868957279,0.6623840045089225,8367.815995,8389.113819887702,7234.202349578569,9739.292597008825
1000000,16,0.15,every,42,0-5,1.264279,1.2275087564553402,1.0427672659669234,1.4404278713162932,43275.869579,43382.655750387465,37603.243276675246,50316.2155760859
1000000,16,0.15,every,42,6-11,1.354261,1.2980157774289722,1.1190035266563352,1.5050841476642056,87038.883809,87456.31550795236,76303.4813861826,100748.3627360051
1000000,16,0.15,every,42,12-17,1.492072,1.4540754894102057,1.2447065384438942,1.6963097083863152,56204.854036,56302.80739272735,48779.48616285953,65301.788538930414
1000000,16,0.15,every,42,18-44,0.773835,0.7575646026501995,0.6498044251850466,0.8860518365494122,148424.708036,148725.66403240408,128759.94443199241,172270.33790381486
1000000,16,0.15,every,42,45-64,0.709447,0.698283483728101,0.6032027086868098,0.8085546008538214,50866.378694,50979.94777058135,44010.71424472309,59180.220768748666
1000000,16,0.15,every,42,65+,0.585414,0.5777495984906114,0.5040627496162541,0.6619325578985766,8961.994575,8987.66069885077,7762.623876658276,10421.656849022926
1000000,16,0.15,every,43,0-5,1.238125,1.2022405245972125,1.021090421894563,1.4126174936765419,43941.398862,44074.548438313475,38227.53520216304,50960.72901688801
1000000,16,0.15,every,43,6-11,1.309493,1.258239999518253,1.0847025572366853,1.4587737813175354,79556.000048,79888.98054253729,69764.30458908994,92061.48795913214
1000000,16,0.15,every,43,12-17,1.46622,1.4284266419600187,1.2221694918776125,1.6700934498628135,58709.484516,58829.92045922764,51002.159002923116,68247.53693070024
1000000,16,0.15,every,43,18-44,0.766831,0.7507932149114211,0.6425087611159588,0.8803188400953342,153853.31109,154136.2511591951,133663.70634640497,178274.26103189448
1000000,16,0.15,every,43,45-64,0.706578,0.6952527390291156,0.5995477556521851,0.8071855071930997,54084.732826,54196.1812655449,46849.722656390106,62777.254475290945
1000000,16,0.15,every,43,65+,0.584516,0.5767708770919651,0.5025801003346089,0.6621987558303946,9506.268457,9538.832293888336,8239.824090781214,11049.04780798679
1000000,16,0.15,every,44,0-5,1.212753,1.1781747262060358,1.0005314372106844,1.3839083174617202,44077.485298,44177.340729371295,38410.02469415218,51080.03478077252
1000000,16,0.15,every,44,6-11,1.269576,1.2238269504189063,1.0547809903059109,1.4191137025008407,71937.426081,72205.31928393268,63013.24153414229,83073.18547204812
1000000,16,0.15,every,44,12-17,1.440311,1.4035366038519446,1.2015729527509342,1.6402322707615689,60606.016309,60727.49205258163,52657.44569921971,70463.74665424519
1000000,16,0.15,every,44,18-44,0.760141,0.7449940368721915,0.636670999848319,0.8739112084953244,157917.275974,158259.28924246226,137301.66304781009,182964.9163747013
1000000,16,0.15,every,44,45-64,0.70376,0.6931984432538182,0.5968240372752218,0.8044536951095209,56956.72138,57089.15490899375,49398.130417915585,66100.99571470049
1000000,16,0.15,every,44,65+,0.583713,0.5765824918141813,0.5016489844441074,0.6616180848881684,9992.439961,10020.11227455891,8667.229373762762,11603.194673963619
1000000,16,0.15,every,45,0-5,1.188372,1.155211124333142,0.9814217820512685,1.357963911045034,43711.842688,43794.81270596257,38110.91662953462,50643.045757137006
1000000,16,0.15,every,45,6-11,1.234079,1.1930831625467424,1.029043070510053,1.3833213328782104,64461.862813,64667.35464212508,56451.41046453989,74342.96144195995
1000000,16,0.15,every,45,12-17,1.414631,1.3782908908978744,1.1801779063814541,1.609841885983323,61855.36882,62012.2439888817,53809.3020423071,71759.05603555322
1000000,16,0.15,every,45,18-44,0.7538,0.7391689153209874,0.6319809843609006,0.8681571716183051,160619.070436,160864.06235668412,139588.2863613614,185760.69536601892
1000000,16,0.15,every,45,45-64,0.701036,0.6906981681923294,0.5945122875231651,0.8028805047723173,59437.204628,59564.08868731721,51589.54644830467,68989.65459634294
1000000,16,0.15,every,45,65+,0.583021,0.5761147764058553,0.5009079857157367,0.6620972342490128,10414.537539,10443.058723220194,9027.53350633494,12095.632798294726
1000000,16,0.15,every,46,0-5,1.165143,1.1336637781789785,0.9609957212506937,1.3341000733935184,42891.476896,42981.79957570112,37410.47972853179,49714.3672193184
1000000,16,0.15,every,46,6-11,1.202554,1.1651177633574068,1.0039141155812277,1.3520039483267936,57338.351483,57520.96014384786,50234.37563633965,66083.67717621732
1000000,16,0.15,every,46,12-17,1.389444,1.3539006556382067,1.158071915004171,1.5822172573277635,62445.388529,62615.850514035206,54379.000256184954,72420.09222244087
1000000,16,0.15,every,46,18-44,0.747835,0.7337790164041293,0.6255791443132114,0.8619511404574747,162005.414982,162257.52709472552,140893.98723825463,187489.77734136535
1000000,16,0.15,every,46,45-64,0.698441,0.6881013825361408,0.5913614542160464,0.8000951485975839,61494.484575,61587.395540359896,53375.841993522714,71475.46059131902
1000000,16,0.15,every,46,65+,0.582457,0.575572412706447,0.4998179895324024,0.6619197865907036,10768.723727,10803.702788638475,9342.509584431551,12508.052178215206
1000000,16,0.15,every,47,0-5,1.143177,1.114372813687114,0.945676787412292,1.3117165768781538,41677.13921,41778.643748716684,36317.68000111077,48200.49118061771
1000000,16,0.15,every,47,6-11,1.174563,1.1410423457445529,0.9831714186523695,1.3237994349781805,50708.389506,50842.22487753793,44438.16494629532,58448.647374421824
1000000,16,0.15,every,47,12-17,1.364981,1.3304228456489016,1.1403954723537484,1.5519384656301733,62389.594496,62579.776794984005,54281.054558818345,72266.71939754179
1000000,16,0.15,every,47,18-44,0.742263,0.728809270081685,0.6217620073199676,0.8580619577536087,162157.074215,162422.1458087482,141028.67040750594,187663.3526527488
1000000,16,0.15,every,47,45-64,0.696005,0.6860513811755646,0.5895515258895004,0.7988093362493509,63110.00566,63217.262686288566,54796.147884689504,73285.56390787743
1000000,16,0.15,every,47,65+,0.582032,0.5755172253775238,0.4998390338643395,0.6622828848199508,11053.099209,11084.628872691217,9581.868151642004,12828.305459688068
1000000,16,0.15,every,48,0-5,1.122545,1.094905766626028,0.9285889178412333,1.2887924788157088,40137.607332,40233.66713473725,35001.520104166586,46460.646728603286
1000000,16,0.15,every,48,6-11,1.149695,1.1187143632326608,0.9637452170067313,1.2980700900698927,44654.143321,44777.01939789066,39166.387949191965,51399.21792017599
1000000,16,0.15,every,48,12-17,1.341439,1.3088821255763712,1.1211473501263047,1.5278316398599452,61724.260962,61898.84145836369,53730.927355924505,71358.0534614349
1000000,16,0.15,every,48,18-44,0.737094,0.7242310891562742,0.6173855537601011,0.8521700746634603,161178.750037,161430.2697737706,140420.58161504276,186496.61060837004
1000000,16,0.15,every,48,45-64,0.693755,0.684069775041718,0.5879447676387766,0.7962374790736502,64277.496826,64376.030434604385,55799.90799392224,74620.25749800916
1000000,16,0.15,every,48,65+,0.581754,0.5753700930155203,0.49988340019405897,0.6619337905419486,11267.4537,11296.802739934254,9765.484679925226,13075.54111619867
1000000,16,0.15,every,49,0-5,1.103279,1.0760800784110724,0.9118014193321846,1.2680783254302717,38344.413372,38432.82712847192,33456.86603725236,44378.62834508123
1000000,16,0.15,every,49,6-11,1.127582,1.0987336622001267,0.9460754487893906,1.2776590353634942,39209.697264,39326.744031737326,34398.61817418621,45050.66189152608
1000000,16,0.15,every,49,12-17,1.318977,1.287097596083722,1.1024657783589493,1.5031804637361414,60504.288709,60685.02660069894,52748.29528848478,69900.66114976467
1000000,16,0.15,every,49,18-44,0.732333,0.7191011098822055,0.6119416280916861,0.8491747575820442,159190.010563,159421.5037833359,138723.50832956983,184103.75967117166
1000000,16,0.15,every,49,45-64,0.691711,0.6817764217572206,0.5851289161632648,0.7951603953593306,65001.740923,65137.5567798547,56452.50954529818,75370.49571953854
1000000,16,0.15,every,49,65+,0.581631,0.5751261698051682,0.49882788265770317,0.6624738513409997,11413.001947,11443.454223532273,9917.230571001011,13250.773789596336
1000000,16,0.15,every,50,0-5,1.085382,1.0601724184218193,0.8969420676716622,1.2507140556917882,36367.431967,36461.768400635454,31738.64147345035,42089.99330689921
1000000,16,0.15,every,50,6-11,1.107894,1.0818124246658385,0.9307164882655901,1.257753998228619,34372.979525,34464.66903982987,30149.405631388305,39504.55415883148
1000000,16,0.15,every,50,12-17,1.297714,1.268551430792125,1.0858811647195292,1.482141908242416,58798.369678,58976.79671664722,51260.29662166594,67899.63114052615
1000000,16,0.15,every,50,18-44,0.727981,0.7158344975908284,0.608177372679243,0.8453580137327378,156317.730636,156533.17322269315,136171.4672572636,180531.67195801018
1000000,16,0.15,every,50,45-64,0.689889,0.6805480019143129,0.583069658778545,0.7941469574987529,65297.118419,65423.77681289916,56627.89337122592,75616.82907952205
1000000,16,0.15,every,50,65+,0.581667,0.5754010750453264,0.4985918790016452,0.6632376794163163,11492.12915,11521.429562748526,9989.599519066134,13337.848313466668
1000000,16,0.15,every,51,0-5,1.068832,1.0461073518358197,0.8858495844260468,1.2328973676375896,34271.53494,34345.65499348007,29902.17548098904,39689.84483107121
1000000,16,0.15,every,51,6-11,1.090343,1.0673653024364582,0.9179597965266453,1.2411643128276013,30116.818226,30196.40694867866,26388.73517982522,34647.088910011575
1000000,16,0.15,every,51,12-17,1.277736,1.251039359157149,1.0709345496461111,1.4611865075332575,56683.939143,56863.98618607945,49457.83798236621,65474.57240189635
1000000,16,0.15,every,51,18-44,0.724031,0.7132515455607495,0.6055146179310104,0.8417049005265103,152690.165767,152898.25228331191,133214.5014457889,176357.49330493016
1000000,16,0.15,every,51,45-64,0.6883,0.6800885055591447,0.5825672514072981,0.7935163993326135,65186.034642,65282.659705804545,56587.200574895716,75502.54541590984
1000000,16,0.15,every,51,65+,0.581864,0.5764706056941105,0.4993993050518847,0.66446685830435,11508.15811,11532.544097663194,10009.582670911826,13350.71612300264
1000000,16,0.15,every,52,0-5,1.053589,1.031938943564637,0.8732386575301714,1.217086444627032,32114.344848,32191.122614260647,28051.34478327341,37116.53304678097
1000000,16,0.15,every,52,6-11,1.074677,1.0525932806032168,0.9048908268355411,1.2254815119532978,26398.298433,26470.423320458736,23125.885203561746,30392.72051044088
1000000,16,0.15,every,52,12-17,1.259092,1.2330180099253258,1.0564564850268412,1.4382978961401836,54242.347223,54411.57941134239,47336.91112401802,62645.71347542759
1000000,16,0.15,every,52,18-44,0.720478,0.7093154761386384,0.601637298528941,0.8391850605206311,148432.553379,148641.3835074529,129406.02079218859,171317.31097932765
1000000,16,0.15,every,52,45-64,0.68695,0.6785092509156433,0.5805773273731921,0.7929599794236428,64697.310534,64793.087178151705,56254.823616965325,74955.90513778117
1000000,16,0.15,every,52,65+,0.582224,0.5766701724409298,0.4990547141337964,0.6658381845552521,11465.141901,11486.098847725923,9978.34715384664,13281.157845836482
1000000,16,0.15,every,53,0-5,1.039599,1.0184874599645095,0.8606714035768881,1.202735458139636,29944.994064,30022.47097469261,26173.89412918326,34629.294457462966
1000000,16,0.15,every,53,6-11,1.060681,1.039928561611393,0.8932811046383228,1.210085461039004,23166.127966,23229.432200032286,20287.415394660085,26676.495126529597
1000000,16,0.15,every,53,12-17,1.241802,1.2168726035617379,1.0426460956904642,1.4190013196982152,51554.583054,51699.48356938409,45060.14563021879,59463.67387682805
1000000,16,0.15,every,53,18-44,0.71731,0.7064117118245701,0.5986378596889355,0.8351703594602158,143664.019026,143928.54398575495,125232.79136972595,166033.44741985388
1000000,16,0.15,every,53,45-64,0.685844,0.6776240698772642,0.5794641954802986,0.7914003884123898,63864.5971,63976.73527848022,55583.53304198093,74014.3971019215
1000000,16,0.15,every,53,65+,0.582745,0.5773236362182919,0.49945283961819537,0.6661203901033299,11367.681002,11396.28550729141,9878.54162200715,13161.047943678073
1000000,16,0.15,every,54,0-5,1.026798,1.0072151970446694,0.8517529617608963,1.1882866025733172,27803.721099,27879.9557247482,24285.99254404893,32141.495808735723
1000000,16,0.15,every,54,6-11,1.048166,1.0288484510872795,0.8839089400112611,1.1982721399393836,20366.067748,20413.71149422112,17817.69061657181,23454.478370470926
1000000,16,0.15,every,54,12-17,1.225861,1.2018834835745489,1.0297740005103824,1.4016720100804008,48697.769472,48850.81074085762,42574.63842251594,56139.96442244062
1000000,16,0.15,every,54,18-44,0.714513,0.7040499157712334,0.5964552363253692,0.8328122910821981,138495.530571,138727.21109666722,120781.42975213192,160120.54229426198
1000000,16,0.15,every,54,45-64,0.684979,0.6767402999952146,0.5790288161439602,0.7906712541950716,62724.861136,62834.785165013745,54615.14269347838,72628.56948190508
1000000,16,0.15,every,54,65+,0.583425,0.5779019025508396,0.5000688412516165,0.6669069936576495,11220.76182,11251.417354534875,9753.958798995212,12977.136682646116
1000000,16,0.15,every,55,0-5,1.015117,0.9961761587482696,0.8420168270246137,1.1760627441625784,25722.104644,25792.672441444476,22475.077183905174,29688.013943613623
1000000,16,0.15,every,55,6-11,1.036969,1.018558102154075,0.8748302890459256,1.1869862723980131,17944.672611,17979.601146510802,15712.95988340443,20681.72598096868
1000000,16,0.15,every,55,12-17,1.211241,1.1891246850226767,1.0195275804061816,1.3869385667414451,45742.531416,45876.460891964845,40007.942691829754,52716.80790731555
1000000,16,0.15,every,55,18-44,0.712073,0.7019554314543114,0.594773834685343,0.8304600950966299,133028.657862,133231.65637237811,115851.46302378736,153781.6239836067
1000000,16,0.15,every,55,45-64,0.684354,0.6766617354679687,0.5781882633999692,0.790916531839336,61316.981241,61444.556509407936,53348.25647480157,70952.40227424423
1000000,16,0.15,every,55,65+,0.58426,0.5790898544990072,0.5004315346578863,0.6685419163981999,11029.613424,11059.405916645686,9588.134170350648,12739.891040016775
1000000,16,0.15,every,56,0-5,1.004483,0.9862459718160375,0.8337642685750515,1.1645367813917584,23723.73735,23781.97675549856,20724.004994222312,27359.583970565
1000000,16,0.15,every,56,6-11,1.026948,1.0090488853386437,0.867563981949382,1.1755955632652277,15851.665114,15883.71635076264,13877.811656547245,18310.51525594527
1000000,16,0.15,every,56,12-17,1.1979,1.1767014946788128,1.0083996018598724,1.3728417545195266,42751.241664,42865.76286443509,37409.19280955801,49258.39473005198
1000000,16,0.15,every,56,18-44,0.709973,0.6996734270657617,0.5929978607273931,0.8285569880527652,127354.933341,127605.04536569724,111022.9158745897,146975.52136369934
1000000,16,0.15,every,56,45-64,0.683962,0.6759407310284145,0.5777432417738145,0.7906358513710402,59680.485659,59803.60928120045,51922.18617499829,68916.91557563818
1000000,16,0.15,every,56,65+,0.585245,0.5798777319212374,0.5013263278384898,0.669774441956645,10799.58013,10823.148122034792,9398.439893370902,12476.549910052767
1000000,16,0.15,every,57,0-5,0.994825,0.9777233643961962,0.8260789440098413,1.1555715103959752,21825.163845,21877.426223417046,19089.508709406597,25154.425685683847
1000000,16,0.15,every,57,6-11,1.01798,1.001607505005334,0.8605446880431654,1.16757111600803,14041.269589,14070.468456463423,12281.903784832451,16191.896517776884
1000000,16,0.15,every,57,12-17,1.18578,1.1653395348133277,0.999301846184462,1.3602148667832812,39777.071365,39896.52157454798,34824.04394669621,45886.491202003555
1000000,16,0.15,every,57,18-44,0.708196,0.6984253281607746,0.5911885692239872,0.8273325911285669,121555.65262,121718.86522174673,105956.52655981528,140181.36581063597
1000000,16,0.15,every,57,45-64,0.683795,0.6758692661169514,0.5772993881097104,0.790865084404573,57854.455716,57971.65236767591,50407.55015766225,66833.88417836791
1000000,16,0.15,every,57,65+,0.586376,0.5809884857721268,0.5019556233891248,0.6713989559123008,10536.0086,10552.519091157272,9172.517369070294,12186.847521277727
1000000,16,0.15,every,58,0-5,0.986069,0.970670643808861,0.819948368870149,1.146114768047974,20036.940543,20079.931893389206,17503.68335745161,23107.868979741354
1000000,16,0.15,every,58,6-11,1.009957,0.9949080433459916,0.8540066798334136,1.1590244539541714,12472.799024,12504.403655436356,10916.114999916404,14382.966483707074
1000000,16,0.15,every,58,12-17,1.174817,1.1557511418731043,0.9906019710174846,1.3479483039267888,36863.723446,36952.39977524546,32244.769576615654,42499.654464240186
1000000,16,0.15,every,58,18-44,0.706722,0.6977395577742663,0.5901516895251734,0.8255337407292831,115701.993678,115828.53172604181,100881.87331509544,133277.771651458
1000000,16,0.15,every,58,45-64,0.683844,0.6766320241516097,0.577500805004264,0.7911606815311496,55876.60998,55965.658673960716,48658.18617063016,64556.57648682501
1000000,16,0.15,every,58,65+,0.587644,0.5827564559702214,0.5030776379681686,0.6731374729539343,10244.149047,10261.092873441929,8905.565155961434,11860.139085188537
1000000,16,0.15,every,59,0-5,0.978144,0.9630802662100808,0.8128776527469352,1.1382726539284347,18364.710692,18394.66228712618,16033.199961041799,21178.513046567445
1000000,16,0.15,every,59,6-11,1.002781,0.9886521769145646,0.8478048400413786,1.153035042658352,11110.736004,11132.428162320983,9711.316461808037,12820.283848788124
1000000,16,0.15,every,59,12-17,1.164941,1.1470616809456007,0.9843170337212253,1.336786503827565,34045.702638,34112.829546816414,29796.185774022248,39246.74276626273
1000000,16,0.15,every,59,18-44,0.705534,0.6968384212165466,0.5889038876092992,0.8261431640130926,109855.364973,110021.71983984997,95659.22924477421,126445.60944031924
1000000,16,0.15,every,59,45-64,0.684097,0.6770992470905692,0.577492388517399,0.7928621366524412,53782.575099,53870.623646453256,46821.0280006168,62120.737132899
1000000,16,0.15,every,59,65+,0.589042,0.5842612736098285,0.5041495166064168,0.6755965664382433,9929.070622,9941.086093171907,8630.461861058662,11481.586210164212
1000000,16,0.15,every,60,0-5,0.970985,0.9569192744596802,0.807526185880743,1.1325190651982457,16810.22173,16838.28549100482,14667.227921167389,19377.646762918564
1000000,16,0.15,every,60,6-11,0.996369,0.9830765938317041,0.8425927080908922,1.1485807508583425,9924.494838,9944.604808455333,8679.111490907613,11453.633758583106
1000000,16,0.15,every,60,12-17,1.156077,1.1399867794124277,0.9777582394756759,1.3277800761334784,31348.972317,31388.352862983942,27411.213103607064,36098.467971965205
1000000,16,0.15,every,60,18-44,0.704613,0.6963126692144306,0.5876003744039998,0.8269245608191642,104067.916027,104212.37107932335,90688.07739674766,119812.02818120737
1000000,16,0.15,every,60,45-64,0.684545,0.6779912953397648,0.5775425052571919,0.7946895540781141,51605.340472,51659.365806500195,44930.05691040162,59589.47054304322
1000000,16,0.15,every,60,65+,0.590564,0.5859689487666583,0.5053473943563856,0.6780660000043323,9595.59122,9605.491143904917,8343.595965061075,11085.277696465026
1000000,16,0.15,every,61,0-5,0.964526,0.9519196772165504,0.8032755157250729,1.1265672910266453,15372.240465,15394.64640819095,13425.203403992144,17712.288772825268
1000000,16,0.15,every,61,6-11,0.990644,0.9785308763978091,0.8387588770667976,1.142718848596566,8888.002624,8909.811473030597,7776.027779009659,10237.015674919356
1000000,16,0.15,every,61,12-17,1.14815,1.1334976176021248,0.9720451506139582,1.3197437191385246,28791.859684,28829.267080162652,25210.651356286835,33158.322737060254
1000000,16,0.15,every,61,18-44,0.703939,0.6963062542723824,0.5883461982892784,0.8263866326693047,98383.160257,98543.6527798986,85773.43162144767,113434.8582256767
1000000,16,0.15,every,61,45-64,0.685173,0.6789940731003821,0.5792994835646393,0.795387951817657,49374.886077,49445.132414721884,42962.07266624109,57008.17207308978
1000000,16,0.15,every,61,65+,0.592201,0.5880244442977651,0.507550758176118,0.6800996884458672,9248.22181,9257.098177579523,8036.912252215785,10683.228573143657
1000000,16,0.15,every,62,0-5,0.958707,0.9467027561524608,0.7998220846023698,1.1205399903716446,14047.343937,14064.9286393472,12265.227543589892,16180.888933676302
1000000,16,0.15,every,62,6-11,0.985538,0.9739227857371899,0.8351026943368905,1.1385400008622855,7979.195779,7997.92246600939,6977.494670112617,9185.802654181607
1000000,16,0.15,every,62,12-17,1.141086,1.1273503630599246,0.9678457585047303,1.311600712280949,26386.091245,26437.456298066536,23104.137159187812,30377.15577139682
1000000,16,0.15,every,62,18-44,0.703495,0.6958582534170695,0.5878847405210287,0.8270188504290495,92836.6709,92928.38096322911,81041.41464925837,107078.27910926286
1000000,16,0.15,every,62,45-64,0.685971,0.679769349896969,0.5799211331777058,0.7974158800781289,47117.966628,47202.39090287755,40970.95232456806,54408.98577060993
1000000,16,0.15,every,62,65+,0.593945,0.5896425802143457,0.5089058454288197,0.682482040809843,8891.125032,8899.518863833626,7732.664754677971,10278.64236636943
1000000,16,0.15,every,63,0-5,0.95347,0.9421539629796606,0.7950660785821809,1.1139575649862956,12830.579981,12848.942148954375,11214.471338991076,14783.483897677972
1000000,16,0.15,every,63,6-11,0.98099,0.9702400382687053,0.83161959209678,1.1325078908296393,7179.496144,7197.984414788894,6282.283476230666,8272.577548079193
1000000,16,0.15,every,63,12-17,1.134813,1.1214428342662985,0.9625622590689961,1.3060284984070476,24137.865017,24186.79176063044,21140.313102864893,27772.227072980488
1000000,16,0.15,every,63,18-44,0.703262,0.6963087745701564,0.5879659961763125,0.8259182553213253,87456.81861,87518.33971806476,76297.3238544059,100920.56869988609
1000000,16,0.15,every,63,45-64,0.686924,0.6813558207407538,0.5806601634288215,0.7983475300627596,44858.031087,44947.38376944582,39046.45030512777,51792.14329391322
1000000,16,0.15,every,63,65+,0.595787,0.5920679013839679,0.5105110421675774,0.6848800540464771,8528.087415,8537.330742742692,7423.180876368482,9846.46906730649
1000000,16,0.15,every,64,0-5,0.948763,0.9383931442937993,0.7906712261827293,1.1126916763780255,11716.002434,11736.816317444667,10233.50521806674,13510.664591035573
1000000,16,0.15,every,64,6-11,0.976944,0.9663771257793918,0.8273165524950072,1.131817696370707,6473.306487,6488.051700121723,5658.9666038802825,7457.229137094226
1000000,16,0.15,every,64,12-17,1.129261,1.1170592482641455,0.9591575919964299,1.3012408362915504,22048.89064,22075.182823180687,19294.91079395474,25391.562127523124
1000000,16,0.15,every,64,18-44,0.703222,0.6962311711206699,0.5871487722231987,0.8288501175961116,82265.525056,82336.11276821699,71836.35574238561,94876.54028674308
1000000,16,0.15,every,64,45-64,0.688021,0.6825703596056862,0.5812789897376374,0.8009440096260517,42615.254318,42699.337179961614,37120.67457539402,49227.424241828965
1000000,16,0.15,every,64,65+,0.59772,0.5941809594843609,0.5120858620484597,0.6880510793212505,8162.504165,8171.901026161911,7099.095188115782,9416.844297168602
1000000,16,0.15,every,65,0-5,0.944537,0.9342702091316535,0.7877302782209029,1.1079139667513376,10697.092399,10713.447061044397,9348.703567507677,12324.961041048635
1000000,16,0.15,every,65,6-11,0.97335,0.9631969339020081,0.8243073853342454,1.1279932069430747,5847.547901,5863.212487714365,5107.894231992308,6732.100460388698
1000000,16,0.15,every,65,12-17,1.124363,1.1127244337332134,0.954086047940326,1.2947476927902433,20117.351102,20137.8831000044,17622.751423159847,23180.883278353373
1000000,16,0.15,every,65,18-44,0.70336,0.6964028740157402,0.5871624489891069,0.8288456351475832,77279.011456,77351.57519280072,67479.24083203729,89189.15502767824
1000000,16,0.15,every,65,45-64,0.689248,0.6835416065503821,0.5819779227799142,0.8027417209210138,40406.657293,40485.41762572434,35212.811816545436,46661.29382522078
1000000,16,0.15,every,65,65+,0.599735,0.595801388598509,0.5134186193927662,0.690492498012407,7797.375142,7808.355970793171,6782.927050700702,9005.289950621838
1000000,16,0.15,every,66,0-5,0.940745,0.9308554457347602,0.783831773963409,1.1024178669865827,9767.080342,9785.734221254475,8538.874041144038,11255.768945903983
1000000,16,0.15,every,66,6-11,0.970162,0.9604762116131511,0.821235289704867,1.1238754165152645,5291.249659,5304.216365630273,4623.04599241307,6091.873968614731
1000000,16,0.15,every,66,12-17,1.120057,1.1093708628593744,0.9522615506308697,1.290305748165528,18338.758705,18365.055068955757,16052.546055829618,21109.216409273446
1000000,16,0.15,every,66,18-44,0.703657,0.6971877830270518,0.5865932944237889,0.8283724514960781,72508.525132,72612.25680306088,63254.52040889859,83671.4089262262
1000000,16,0.15,every,66,45-64,0.690594,0.6852937477660637,0.5831444273616008,0.8040502666532205,38246.293234,38324.97592317802,33337.45774166938,44168.8986152946
1000000,16,0.15,every,66,65+,0.601824,0.5981180466246918,0.515206301881003,0.69260181514035,7435.310428,7447.626341915282,6479.877768111357,8599.371126865502
1000000,16,0.15,every,67,0-5,0.937344,0.9278358371519666,0.7818015447328381,1.0994973257412748,8919.184744,8935.474459866993,7789.589811235433,10269.96222023596
1000000,16,0.15,every,67,6-11,0.967338,0.9575432195306018,0.8195017238690031,1.1208903025370776,4795.1944,4807.4342444092035,4185.610435013194,5515.88966255961
1000000,16,0.15,every,67,12-17,1.116285,1.106195159339852,0.9491466338113529,1.2856066025555053,16706.692753,16736.11905044387,14627.13029875583,19219.21620554221
1000000,16,0.15,every,67,18-44,0.7041,0.697535598510179,0.5877598079193561,0.8293578095316233,67961.03084,68035.0570137985,59334.571569523774,78411.86587421224
1000000,16,0.15,every,67,45-64,0.692047,0.686782253915291,0.5844310553781469,0.8070504872740398,36145.479168,36207.2986285768,31515.56708451151,41740.01321307081
1000000,16,0.15,every,67,65+,0.603978,0.6003283152011181,0.5173275389496886,0.6961690970820611,7078.543787,7089.687216135149,6163.837634253216,8187.432053967845
1000000,16,0.15,every,68,0-5,0.934296,0.9247765251172433,0.7789772508974864,1.0973169865295063,8146.782586,8162.360018919455,7115.901630463079,9383.110025289468
1000000,16,0.15,every,68,6-11,0.964841,0.9555237630971958,0.8174433891988382,1.1204953664660482,4351.616738,4362.066851561423,3798.226324903383,5005.480571852531
1000000,16,0.15,every,68,12-17,1.112991,1.103409109577453,0.947133476797353,1.2832074174652774,15213.417348,15244.17711262335,13307.150366073161,17474.276999013964
1000000,16,0.15,every,68,18-44,0.704672,0.6981729469206993,0.5881606318803362,0.8318495804594606,63639.857119,63714.5932511501,55575.84211334027,73482.46376155969
1000000,16,0.15,every,68,45-64,0.693594,0.6885772548196291,0.5857394216601385,0.8094767209004728,34113.055047,34169.262321739225,29707.682805449935,39392.85038093757
1000000,16,0.15,every,68,65+,0.606191,0.6028798037551045,0.5192060563117238,0.6992004827447731,6728.952287,6743.188921772875,5862.4600686202175,7784.641366578988
1000000,16,0.15,every,69,0-5,0.931564,0.9220446509714812,0.7767792197927429,1.0932637809559034,7443.525576,7456.532703782897,6508.393800270278,8582.314005139982
1000000,16,0.15,every,69,6-11,0.962634,0.9535423238802924,0.8149077910937971,1.1171477096946327,3953.950807,3962.8551574372686,3450.9322944204323,4553.05459938664
1000000,16,0.15,every,69,12-17,1.110126,1.1005748776485262,0.9456624135861876,1.279705496463258,13850.385101,13888.368949920638,12123.829621678451,15899.877610957716
1000000,16,0.15,every,69,18-44,0.705361,0.6989467457175538,0.5885714339048904,0.8314696718632569,59545.291032,59594.63945739437,51937.90744484775,68722.09780726302
1000000,16,0.15,every,69,45-64,0.695226,0.6899996544257784,0.5872182867369962,0.8107413572957661,32155.655579,32226.054191234056,28056.629795295186,37098.91995062423
1000000,16,0.15,every,69,65+,0.608455,0.6049486919615708,0.5209888514255399,0.70158436150729,6388.080458,6401.583929802699,5572.296347038064,7368.527545248624
1000000,16,0.15,every,70,0-5,0.929115,0.9199110671313175,0.7745546661281191,1.0911323232329178,6803.414233,6818.135725434637,5948.151599241188,7842.835734853055
1000000,16,0.15,every,70,6-11,0.960687,0.951398812020673,0.8130828554923991,1.1146951923233777,3596.621004,3604.148790777661,3135.7565096202306,4142.27750662202
1000000,16,0.15,every,70,12-17,1.107642,1.0982687001795237,0.9430143944513816,1.2774200329929388,12608.637085,12639.838899518829,11048.234748060117,14484.120989677263
1000000,16,0.15,every,70,18-44,0.706151,0.699614621732919,0.58880569331528,0.8322900957828757,55675.117432,55734.627264929935,48590.49055274669,64214.90299380105
1000000,16,0.15,every,70,45-64,0.696931,0.6915093331143127,0.5880967892086987,0.8124663339435625,30277.982938,30320.27040822478,26423.154921320267,34920.17486290634
1000000,16,0.15,every,70,65+,0.610762,0.6069704521628909,0.5224247306807783,0.7036811274253233,6057.167489,6072.95569234225,5280.903558477119,6988.07624828635
1000000,16,0.15,every,71,0-5,0.926917,0.9185290211682084,0.7730737455893907,1.0889285027704265,6220.840038,6234.4902739203535,5428.143860512646,7167.080348295625
1000000,16,0.15,every,71,6-11,0.958969,0.9501591815365449,0.8119351228963957,1.112278784047113,3274.86989,3282.4742770474404,2858.218019011896,3773.706942458637
1000000,16,0.15,every,71,12-17,1.105496,1.0960698380811416,0.9410691393779748,1.2735390449870334,11479.111743,11508.70404539886,10056.430707067717,13210.81903879135
1000000,16,0.15,every,71,18-44,0.707032,0.700805119125092,0.5896396590878399,0.8330533600612013,52025.101273,52074.70372552611,45379.997984820046,60022.091714729555
1000000,16,0.15,every,71,45-64,0.698699,0.69313834323746,0.5893965162840396,0.8139646465539111,28483.071358,28530.499158182647,24855.751755370526,32863.395291786816
1000000,16,0.15,every,71,65+,0.613105,0.6090128275709937,0.5241374763734901,0.7058035007642071,5737.176142,5754.288280193694,5006.191366116924,6624.987117915996
1000000,16,0.15,every,72,0-5,0.924943,0.9166898791198828,0.7722530350561798,1.0854921399977202,5690.604007,5701.447115371469,4964.511672387598,6564.3011851578485
1000000,16,0.15,every,72,6-11,0.957455,0.9491318536308913,0.8112721235391338,1.110341501757264,2984.61745,2990.119255913887,2604.3639153772965,3440.6186233321205
1000000,16,0.15,every,72,12-17,1.103649,1.0944636268245653,0.9406124166668272,1.271720511930609,10452.876198,10475.83790363837,9141.879748194246,12040.724473663373
1000000,16,0.15,every,72,18-44,0.70799,0.7018589630007022,0.5910792823024793,0.8337101351622546,48589.413382,48647.01531043416,42428.07411869895,55933.87613567617
1000000,16,0.15,every,72,45-64,0.70052,0.6950280363101957,0.5914119007394102,0.8160783462162141,26772.537159,26817.035616793903,23332.579664203804,30859.89310249011
1000000,16,0.15,every,72,65+,0.615478,0.6114529353861988,0.526503314381311,0.7084322259379945,5428.822293,5443.230340422364,4733.262816503052,6274.025112425152
1000000,16,0.15,every,73,0-5,0.923165,0.9151735950893888,0.7705262917327985,1.0857529380696085,5207.918358,5215.975485948147,4544.834009451326,6006.540783020668
1000000,16,0.15,every,73,6-11,0.956118,0.9482788747947919,0.8102350405122294,1.1117355365778419,2722.346386,2727.3013215595856,2378.0111742275767,3139.736973775085
1000000,16,0.15,every,73,12-17,1.102064,1.0935984529379015,0.9392445797027456,1.270486050664366,9521.293105,9535.254494153429,8328.775827837642,10967.364704961423
1000000,16,0.15,every,73,18-44,0.709014,0.7031303307972603,0.5915310857277043,0.8368238617363265,45361.001664,45410.74084670935,39558.32859768346,52226.63787695486
1000000,16,0.15,every,73,45-64,0.702385,0.6971923233215074,0.5925975116034123,0.81922758900274,25146.809907,25187.875746607082,21936.943272687495,28984.72673401353
1000000,16,0.15,every,73,65+,0.617875,0.6138974645005735,0.5282909271094306,0.7119069704388625,5132.604168,5146.549366991327,4479.849598030793,5930.212988484302
1000000,16,0.15,every,74,0-5,0.921561,0.9135354144375876,0.7700078981352272,1.0848800228919229,4768.396491,4776.078994747251,4160.3276961161755,5509.816379079595
1000000,16,0.15,every,74,6-11,0.954937,0.9471024058006268,0.8098254485724649,1.1111175624702279,2485.008817,2488.1497435537167,2168.85796395177,2863.2844029385597
1000000,16,0.15,every,74,12-17,1.100708,1.092713536959281,0.9389464588461319,1.2697168534980612,8676.135176,8685.455750556197,7588.276780725922,9999.568977226736
1000000,16,0.15,every,74,18-44,0.710094,0.7042964947231327,0.5931881789861045,0.8388098827305503,42331.91077,42370.79973414354,36892.5048088748,48713.87355287373
1000000,16,0.15,every,74,45-64,0.704286,0.6995095543867822,0.5945940947262542,0.8220177365245883,23605.342246,23643.892513277242,20563.743448499823,27229.20898013469
1000000,16,0.15,every,74,65+,0.620288,0.6167239138305354,0.5306944908905465,0.7151425348718026,4848.830609,4860.510891391605,4224.708680990851,5604.985802709591
1000000,16,0.15,every,75,0-5,0.920107,0.9129683406596529,0.7693177999306715,1.083860207978993,4368.035253,4374.985006973846,3810.8279704265296,5041.702161789872
1000000,16,0.15,every,75,6-11,0.953891,0.9464121340586215,0.809210008580527,1.111241176232182,2269.950396,2274.735771949403,1981.360282895621,2612.616738756653
1000000,16,0.15,every,75,12-17,1.09955,1.0922199770915064,0.9390051203211441,1.2683963847674218,7909.658184,7915.8457510524895,6913.604975983233,9119.642133791698
1000000,16,0.15,every,75,18-44,0.71122,0.7058315276497817,0.5945560038033433,0.8414078738328578,39493.554038,39530.22133718617,34458.07871047687,45411.64112044312
1000000,16,0.15,every,75,45-64,0.706214,0.7017196861272499,0.5967901360792041,0.8250324250264088,22146.797279,22175.67184306984,19320.309363855748,25517.420461639063
1000000,16,0.15,every,75,65+,0.622713,0.6193908869982798,0.5330452048642992,0.7185900067307703,4577.647816,4587.446911866544,3988.6617073667585,5293.013811859728
1000000,16,0.15,every,76,0-5,0.918783,0.9108913204291397,0.7669911429111974,1.0815946640548406,4003.192494,4007.619344852632,3492.847620470682,4613.950325800572
1000000,16,0.15,every,76,6-11,0.952961,0.9450329219015942,0.8070727487150541,1.1088114046818915,2074.848527,2080.0741611933336,1811.001150783617,2384.6017747651786
1000000,16,0.15,every,76,12-17,1.098564,1.0912075607000231,0.9366053622946194,1.2678803679385537,7214.641744,7222.743246950908,6296.328937126324,8314.032077646807
1000000,16,0.15,every,76,18-44,0.712382,0.7065624933949041,0.5943618069535046,0.841043997382316,36836.941958,36880.40772649925,32185.06871610228,42368.81703457143
1000000,16,0.15,every,76,45-64,0.708162,0.7032306446971979,0.5975595924656067,0.826857271773029,20769.213518,20790.294402961154,18112.395308515523,23951.34210632695
1000000,16,0.15,every,76,65+,0.625143,0.6212898373588573,0.534626094477603,0.7207158576323465,4319.064232,4327.094953051419,3767.1372663196526,4988.978438592807
1000000,16,0.15,every,77,0-5,0.917571,0.9096771023674508,0.766321013801684,1.0791304052483235,3670.562094,3674.857048767153,3204.0267328913324,4230.540795546491
1000000,16,0.15,every,77,6-11,0.952128,0.9444678739957537,0.8076501968704147,1.1080875782122284,1897.661917,1900.3787115365267,1657.142904466018,2184.618036075495
1000000,16,0.15,every,77,12-17,1.097722,1.090558650861681,0.9376422303044205,1.266698833414579,6584.405666,6594.386853906326,5738.5717472610995,7579.622429902665
1000000,16,0.15,every,77,18-44,0.713572,0.7078024081512095,0.596437902581567,0.8426453538548742,34352.871619,34393.00729541294,29989.689051805995,39548.830720202066
1000000,16,0.15,every,77,45-64,0.710121,0.705307207398063,0.5998372805448123,0.828989590964662,19470.148163,19501.4916945789,16979.397390457336,22473.279906691052
1000000,16,0.15,every,77,65+,0.627574,0.6238829327970805,0.5368202393499553,0.7235912527782274,4072.973328,4079.2919496361865,3552.31132118206,4708.969118469569
1000000,16,0.15,every,78,0-5,0.916454,0.9084904430209135,0.7657128927798317,1.079059832982205,3367.148007,3370.7395988740027,2936.3720472172427,3883.2049342021346
1000000,16,0.15,every,78,6-11,0.951377,0.9435389497770352,0.8066208672908803,1.1089458535413546,1736.589252,1738.329500300344,1515.9982177121565,2002.1792865833268
1000000,16,0.15,every,78,12-17,1.097002,1.0903435845880907,0.9373929313038145,1.266616433082677,6012.808321,6023.3375939719845,5248.466734224465,6919.68638558127
1000000,16,0.15,every,78,18-44,0.71478,0.7087357735835271,0.597244499641906,0.8449780471414777,32032.081574,32069.075355831534,27960.124881357886,36864.16497004777
1000000,16,0.15,every,78,45-64,0.712086,0.7071188662426888,0.6013078200741195,0.8313810974186098,18246.79999,18280.360487703467,15887.830498401187,21055.841577209532
1000000,16,0.15,every,78,65+,0.629999,0.6262859228051457,0.5390103840640647,0.7265862680898004,3839.174205,3843.015162197291,3350.7028850589413,4438.376082006667
1000000,16,0.15,every,79,0-5,0.915414,0.907391218289329,0.764324491115539,1.0780457358022904,3090.23844,3093.772929835599,2696.526694269618,3569.6954186267685
1000000,16,0.15,every,79,6-11,0.950693,0.9429262843825947,0.8057940566926384,1.1078508667504692,1590.035166,1592.4399104067124,1387.48387776874,1834.4564924635924
1000000,16,0.15,every,79,12-17,1.096383,1.0892688404319006,0.9356833813072114,1.2652509848329951,5494.232166,5505.20741247572,4796.125923953485,6321.7102666944265
1000000,16,0.15,every,79,18-44,0.716001,0.7100271252498913,0.5977224518121467,0.8462201003147137,29865.376471,29881.913565519266,26058.678018520586,34441.342769047245
1000000,16,0.15,every,79,45-64,0.714049,0.709106097539334,0.6024612222166096,0.833991750852787,17096.113497,17126.852289089,14907.213506811531,19744.43756730808
1000000,16,0.15,every,79,65+,0.632415,0.6287171704707148,0.5406231088906325,0.7295216575097974,3617.389964,3622.3410474563716,3153.8317711447016,4178.148722830054
1000000,16,0.15,every,80,0-5,0.914439,0.90667341468596,0.7641101876463132,1.0763165785181408,2837.380848,2840.8039416554384,2474.95445418451,3275.814741995884
1000000,16,0.15,every,80,6-11,0.950063,0.9424443303543457,0.8052551660969116,1.106954735438759,1456.582078,1458.3876783950254,1270.055145570077,1682.421998969745
1000000,16,0.15,every,80,12-17,1.095845,1.0883353261351418,0.935481302412072,1.263715559225998,5023.560512,5032.994991577463,4384.818557396531,5785.961518429918
1000000,16,0.15,every,80,18-44,0.717225,0.7110635278670884,0.5988430114375743,0.8470487892662928,27843.725495,27871.34676895663,24311.813536082394,32100.893548411317
1000000,16,0.15,every,80,45-64,0.716005,0.7105231251864235,0.6040358215379361,0.835701370368872,16014.866088,16040.503849557601,13964.496898169164,18493.664323144825
1000000,16,0.15,every,80,65+,0.634817,0.6306374405628639,0.5424182048178973,0.7317359227137343,3407.283915,3411.2570023607113,2971.9194401098066,3938.7731440804782
1000000,16,0.15,every,81,0-5,0.913513,0.906466072680066,0.762808614194976,1.077159012834513,2606.35823,2608.2031510456,2275.116384099005,3006.132384863682
1000000,16,0.15,every,81,6-11,0.949472,0.9427332415851608,0.8040998672100246,1.1080870788396702,1334.966727,1336.9235512954183,1163.6955716647208,1541.6959800482728
1000000,16,0.15,every,81,12-17,1.095371,1.0886844182304363,0.9353838883407675,1.2641113446413814,4596.148715,4604.3554491035175,4012.16151455394,5291.995957584819
1000000,16,0.15,every,81,18-44,0.718448,0.7128395876509712,0.5989708948519862,0.8501105630729945,25958.338424,25976.209022418596,22648.307864082046,29875.40894334484
1000000,16,0.15,every,81,45-64,0.717947,0.7127886500618696,0.6053160755053637,0.838655664842994,14999.740158,15017.512598558329,13070.581747793825,17308.204531496856
1000000,16,0.15,every,81,65+,0.6372,0.6332558242680523,0.5443745317976704,0.7351515783617405,3208.473716,3213.911339192884,2795.984917342372,3709.2615387024125
1000000,16,0.15,every,82,0-5,0.912626,0.9066518101450298,0.7629535972963624,1.07685557782903,2395.166974,2397.1508365368936,2089.4898296529427,2761.1945900856517
1000000,16,0.15,every,82,6-11,0.948911,0.9426289313239851,0.8042182882560276,1.1078049419235532,1224.060502,1226.9329401748255,1066.8770344150253,1412.377280229237
1000000,16,0.15,every,82,12-17,1.094944,1.0895760330349644,0.9367998627215478,1.2643055233974714,4207.792174,4214.60963796475,3672.5048586700577,4845.527882704977
1000000,16,0.15,every,82,18-44,0.719661,0.7147394788451051,0.6008275499770876,0.8518422135515764,24200.722704,24205.92080448661,21086.556526072323,27910.589465231635
1000000,16,0.15,every,82,45-64,0.71987,0.7155308457571733,0.6079611431010171,0.8413690606357732,14047.381915,14068.873513624072,12238.355140272062,16224.479722935706
1000000,16,0.15,every,82,65+,0.639561,0.6360500786465273,0.5471380221292158,0.7379248205007068,3020.543563,3026.6278554977034,2631.0152333001024,3487.672841659747
1000000,16,0.15,every,83,0-5,0.911765,0.905723023298948,0.7619179639327636,1.0761016198368383,2201.996369,2203.5754618190695,1920.2804057104513,2541.9009235668927
1000000,16,0.15,every,83,6-11,0.948368,0.9418452998358176,0.803027464756194,1.1069605659644761,1122.852833,1125.6473365835845,978.1253069210798,1294.8325779750012
1000000,16,0.15,every,83,12-17,1.09455,1.0881287078259183,0.9366270935563351,1.2620000896883823,3854.692944,3862.424901382532,3365.3868999420665,4441.90861856984
1000000,16,0.15,every,83,18-44,0.720859,0.7157317231077112,0.6014435039268329,0.8530967861766239,22562.72463,22591.104118268006,19635.415998954326,26001.686278832145
1000000,16,0.15,every,83,45-64,0.721769,0.717048354731177,0.609208074233004,0.8430171364607858,13154.448672,13180.186377578415,11467.309549350524,15189.300811841153
1000000,16,0.15,every,83,65+,0.641895,0.6382182926450337,0.5490274111427175,0.7404681731882332,2843.054607,2847.4135130419163,2480.074264260824,3282.8188232626417
1000000,16,0.15,every,84,0-5,0.91092,0.9046913877839143,0.7616393514346482,1.0735338597393445,2025.209824,2026.3495050696656,1765.2117585332599,2339.7791259542573
1000000,16,0.15,every,84,6-11,0.947834,0.9411955459182623,0.8030483269216336,1.1049969451901176,1030.437079,1033.001344034914,898.1752408938482,1188.5519888452254
1000000,16,0.15,every,84,12-17,1.094175,1.0879346669932337,0.9357923576024619,1.2617850083833364,3533.426253,3538.8410605904646,3080.9085575717036,4073.1208807269577
1000000,16,0.15,every,84,18-44,0.722038,0.716803544611327,0.6031157089655919,0.8530352809611452,21036.557339,21064.633914224803,18317.651012475602,24278.51658228971
1000000,16,0.15,every,84,45-64,0.723639,0.7189680420742971,0.6109801492356963,0.8449123269995527,12317.646236,12336.55881036073,10717.181365735363,14216.141118933447
1000000,16,0.15,every,84,65+,0.644198,0.6405518039629384,0.5508677099584512,0.7429928181959202,2675.553738,2679.2841071116272,2332.0482195803197,3089.8904080375214
1000000,16,0.15,every,85,0-5,0.910081,0.9031838440591295,0.7602368797024519,1.0736640129949162,1863.327747,1864.9008306651376,1625.5569425961003,2151.5844215888064
1000000,16,0.15,every,85,6-11,0.9473,0.9402101190408807,0.8020078647271344,1.1061265224351124,945.998449,948.3762700702064,825.6412146859802,1091.1399518507533
1000000,16,0.15,every,85,12-17,1.093807,1.0877343699389892,0.9359486055368794,1.2621516925258127,3240.907839,3246.037771418458,2828.445242940914,3734.2409905040117
1000000,16,0.15,every,85,18-44,0.72319,0.717691959539182,0.6038899466771241,0.8557117262039898,19614.818001,19643.154920171946,17089.81290655583,22616.99656327907
1000000,16,0.15,every,85,45-64,0.725476,0.7206003503166377,0.6123984241972124,0.8474381090510571,11533.757881,11552.255148503464,10043.169207234867,13298.56946561439
1000000,16,0.15,every,85,65+,0.646468,0.6427068419712765,0.5528406655727826,0.745789609372942,2517.580922,2523.2857613172964,2191.919252472755,2905.297417487309
1000000,16,0.15,every,86,0-5,0.909241,0.9025193387434333,0.7593647633107246,1.072363636813791,1715.012017,1717.5981845152564,1495.7790847180877,1982.3344969796017
1000000,16,0.15,every,86,6-11,0.946757,0.9395076839422571,0.8014781838460155,1.1046303579528074,868.803605,871.0374402040616,756.5565962125547,1002.2299950895831
1000000,16,0.15,every,86,12-17,1.093435,1.0871529330450365,0.9349134436188177,1.2607521099870422,2974.362717,2979.791186740389,2594.225618495373,3425.9824577947147
1000000,16,0.15,every,86,18-44,0.724313,0.7186752428908114,0.6043599460312288,0.8558507269582976,18290.496243,18313.320662779734,15956.813337793574,21108.006537420675
1000000,16,0.15,every,86,45-64,0.727275,0.722337034945053,0.6134396978206511,0.8489763296556103,10799.666217,10816.345325218514,9406.110793013591,12467.229534200858
1000000,16,0.15,every,86,65+,0.6487,0.6448463859609566,0.5544545318212142,0.7478598865618779,2368.675246,2373.747851475375,2064.428089653491,2732.552164292312
1000000,16,0.15,every,87,0-5,0.90839,0.9014773565325723,0.7587573359920872,1.0706889266432205,1579.051949,1581.2948605190031,1377.7062842543237,1823.5669792252593
1000000,16,0.15,every,87,6-11,0.946198,0.9386871234609517,0.8006306970989691,1.1025219962766288,798.191647,800.5601163199171,695.0378580032848,920.8887851890177
1000000,16,0.15,every,87,12-17,1.093047,1.0868209006498084,0.9348425186976392,1.2595762694975767,2731.295777,2735.6447564023547,2384.686584057519,3148.551430999767
1000000,16,0.15,every,87,18-44,0.7254,0.7196166173439575,0.6055053794905344,0.8564730643799028,17056.975586,17075.863089445047,14894.886830754904,19699.69203787204
1000000,16,0.15,every,87,45-64,0.729032,0.7240650972517441,0.6151115610350584,0.8507445537468107,10112.369144,10126.340357513167,8808.328995244112,11664.771455446724
1000000,16,0.15,every,87,65+,0.650892,0.6468681246062054,0.5562634297735072,0.7500075561637531,2228.379826,2232.341024239664,1938.4629442634177,2573.815942964342
1000000,16,0.15,every,88,0-5,0.907521,0.9002142436229787,0.7584332496348868,1.0701127197026528,1454.351632,1456.6034223583993,1268.2123465070035,1678.770655577071
1000000,16,0.15,every,88,6-11,0.945615,0.9377402426535049,0.8012516051329942,1.1029712983108215,733.566273,734.7971258047037,638.2490876987576,847.6210190965794
1000000,16,0.15,every,88,12-17,1.092636,1.0859116120989278,0.9346130412455911,1.259890243315094,2509.464408,2513.2285863878205,2190.7786574729253,2903.281450152397
1000000,16,0.15,every,88,18-44,0.726449,0.7203519531322209,0.6069649205320662,0.8583743507496439,15908.029376,15929.310818470083,13884.76324899029,18349.773734124377
1000000,16,0.15,every,88,45-64,0.730743,0.725321562924075,0.6172493327521098,0.8526705191334663,9468.990915,9483.033522990067,8259.109005448874,10914.860527527519
1000000,16,0.15,every,88,65+,0.65304,0.6488207469227948,0.5586239896109475,0.752870844322092,2096.245738,2100.0019521987997,1827.19599501614,2423.608766173478
1000000,16,0.15,every,89,0-5,0.906628,0.8995096772661317,0.7564289668085662,1.0683842340300254,1339.91854,1342.8808068125509,1167.5125795232598,1548.7906198226847
1000000,16,0.15,every,89,6-11,0.945004,0.9376038597926641,0.7990912988506703,1.102163643545391,674.388904,674.9167227935977,586.3312063091435,779.7589331576601
1000000,16,0.15,every,89,12-17,1.092192,1.0850058334528532,0.9336165033317011,1.2594251820161464,2306.853268,2310.8136856956407,2012.234415244311,2669.520712478319
1000000,16,0.15,every,89,18-44,0.727454,0.7217298780856819,0.6067905844167476,0.8594827273279598,14837.812471,14853.86970449239,12948.084748278372,17090.67634686982
1000000,16,0.15,every,89,45-64,0.732405,0.7273906833784543,0.6179337498038759,0.8560960085605833,8866.789195,8877.984925196506,7728.903685058467,10216.734669000376
1000000,16,0.15,every,89,65+,0.655142,0.6512432689338445,0.5596606488388217,0.7558908384322387,1971.835097,1975.157569882227,1720.747988474206,2275.55023859418
1000000,16,0.15,every,90,0-5,0.905703,0.898382544614512,0.7559828981443392,1.066971700597676,1234.853285,1237.9247910664417,1076.2562611754984,1426.6227868050337
1000000,16,0.15,every,90,6-11,0.944357,0.9367357216523351,0.7983123754424517,1.101198732574845,620.172649,620.7564730080776,538.8499210490845,716.380941785872
1000000,16,0.15,every,90,12-17,1.091708,1.084677480054586,0.9337108084423457,1.2580855350181035,2121.651185,2127.066134918947,1850.2809191911947,2451.670222220011
1000000,16,0.15,every,90,18-44,0.728412,0.7224375562283389,0.6071835875188945,0.8606769286561562,13840.849731,13856.246409174055,12083.69087749254,15926.30439254921
1000000,16,0.15,every,90,45-64,0.734015,0.7287378968217224,0.618788584530145,0.8573444963962994,8303.158879,8316.215381975286,7233.5341008957475,9563.428322618794
1000000,16,0.15,every,90,65+,0.657195,0.6530989194548225,0.5609498366979941,0.7585660194517033,1854.723408,1856.145316015114,1618.154346700292,2140.4281670321943
1000000,16,0.15,every,91,0-5,0.904742,0.8970770371543859,0.7557565826737249,1.0651209979945107,1138.340422,1140.6643695547245,992.8152967612259,1315.9045206787996
1000000,16,0.15,every,91,6-11,0.943669,0.9360487296323872,0.7986189777643444,1.0995621147393646,570.476969,571.0432750317268,495.4702370692976,658.3899531350471
1000000,16,0.15,every,91,12-17,1.091175,1.0842438730815331,0.9329600634088602,1.2567021812231172,1952.230143,1955.847190280212,1702.5326686585322,2255.010862424504
1000000,16,0.15,every,91,18-44,0.729321,0.7232823627138729,0.6088013227059964,0.8606089250410167,12912.022179,12924.518247839995,11272.70892416779,14847.149512317032
1000000,16,0.15,every,91,45-64,0.735569,0.7303743355045612,0.6206566077623398,0.8584571574121669,7775.633331,7785.609949484002,6771.98788820114,8954.82225287985
1000000,16,0.15,every,91,65+,0.659196,0.6550511912252888,0.5629563831296079,0.7604844342131332,1744.501307,1747.463108321128,1521.4296413083212,2013.0397324669757
1000000,16,0.15,every,92,0-5,0.90374,0.8968128286199855,0.7541504890980011,1.064954165893861,1049.640184,1052.1025905052666,914.7856478386093,1213.6022992052604
1000000,16,0.15,every,92,6-11,0.942936,0.9356557436680372,0.7967957006118495,1.099682433673763,524.902963,525.6036939676851,455.5480791851878,606.7043846421875
1000000,16,0.15,every,92,12-17,1.090589,1.0837503752568098,0.9328797600502479,1.2555324915343142,1797.126258,1800.7392265445087,1568.2258112954441,2075.169744448038
1000000,16,0.15,every,92,18-44,0.730176,0.7245082652405281,0.6085804581724592,0.8620437632315936,12046.551547,12047.85717581492,10522.407195924781,13852.409276115708
1000000,16,0.15,every,92,45-64,0.737065,0.7319950610451731,0.6208582622236002,0.8598401817008494,7281.883578,7288.098430555314,6343.250322628301,8396.61639435077
1000000,16,0.15,every,92,65+,0.661143,0.6568008391226822,0.5639613738608513,0.761766178515941,1640.775786,1643.6633185679093,1430.0970042662811,1894.2712508403188
1000000,16,0.15,every,93,0-5,0.902691,0.8948816796314732,0.7535687681128858,1.0635729286325948,968.081065,970.1645630043931,842.8432984955143,1119.1070720583666
1000000,16,0.15,every,93,6-11,0.942153,0.9337375570861549,0.7960595416500548,1.0985111668496275,483.089165,483.6955161700025,419.31876390520483,558.3556004683487
1000000,16,0.15,every,93,12-17,1.089942,1.0823273483279703,0.9312603211306926,1.2549325604762374,1655.022618,1657.1531397942454,1444.9603522106074,1908.1122621723916
1000000,16,0.15,every,93,18-44,0.730974,0.7243301270894211,0.6093671645355917,0.8628017896885651,11239.983776,11241.761282976717,9819.20225029625,12934.07269176105
1000000,16,0.15,every,93,45-64,0.738499,0.7326636593481075,0.6223485109645812,0.8615070905347462,6819.71592,6828.792642536107,5945.246465878561,7869.655457510147
1000000,16,0.15,every,93,65+,0.663033,0.6582064043246657,0.5658432517883994,0.7637771277243263,1543.17099,1545.374147970113,1343.3619792766403,1781.7244070782908
1000000,16,0.15,every,94,0-5,0.901591,0.8946984488823181,0.7516433551538226,1.0640946295057576,893.053167,894.3977646143176,778.2702848459594,1031.7718927341048
1000000,16,0.15,every,94,6-11,0.941316,0.9338561907921223,0.7948985544269016,1.1001690012622676,444.707816,445.410038060043,385.62445039022714,515.2265922836959
1000000,16,0.15,every,94,12-17,1.089229,1.0828644543016446,0.9316725162153618,1.2553138881986752,1524.733851,1525.5215333057567,1330.7629130962305,1757.1634773178957
1000000,16,0.15,every,94,18-44,0.731714,0.7259939908216486,0.6097809085509956,0.8660125624158866,10488.171941,10494.723179001361,9155.526841379702,12063.175772178918
1000000,16,0.15,every,94,45-64,0.739869,0.7346164982271588,0.6236676209340468,0.8644186829721379,6387.068348,6393.372827101499,5566.198238181882,7367.965624153614
1000000,16,0.15,every,94,65+,0.664866,0.6602860396012105,0.5673924714716347,0.7670093585262303,1451.328661,1453.3415972311632,1264.1058364673518,1673.449509414204
1000000,16,0.15,every,95,0-5,0.900436,0.8925398065282983,0.7504094240330555,1.061360263926584,824.002213,825.3602569787763,717.8925983447116,952.1953366687521
1000000,16,0.15,every,95,6-11,0.940421,0.9323526899482621,0.794423707258499,1.097121393480895,409.461528,409.97816780395806,355.0850125979632,473.95740819722414
1000000,16,0.15,every,95,12-17,1.088446,1.0811494844845155,0.9305831519728731,1.252918893763039,1405.19229,1406.2832298818976,1227.043018006254,1619.63135417155
1000000,16,0.15,every,95,18-44,0.732392,0.725931297306917,0.6102816926234859,0.8647415874574668,9787.258972,9798.778503461741,8534.69540700689,11244.11650377512
1000000,16,0.15,every,95,45-64,0.741173,0.7351473653061731,0.624446898935566,0.8645156417491258,5982.006074,5988.473147272598,5213.102283818647,6899.11436362844
1000000,16,0.15,every,95,65+,0.666637,0.6616297104180708,0.5685857328120393,0.7680183857492435,1364.908291,1365.9534736355417,1189.8512928063283,1574.1666804651031
1000000,16,0.15,every,96,0-5,0.899222,0.8919401264837135,0.7505637737165236,1.061355508048783,760.424181,761.2355338761117,661.7597378580831,878.2816078173928
1000000,16,0.15,every,96,6-11,0.939465,0.9321319341802188,0.7951013680442309,1.0980032215018698,377.080302,377.572272606194,327.0333482963033,436.3678524903953
1000000,16,0.15,every,96,12-17,1.087587,1.0816813186236645,0.9316528447124411,1.253416422365273,1295.435588,1297.2027722867206,1129.5930410341825,1493.845489925472
1000000,16,0.15,every,96,18-44,0.733005,0.7269246104508303,0.6119608497349908,0.8667490120386525,9133.660439,9143.613664279692,7957.789274951443,10494.856273879297
1000000,16,0.15,every,96,45-64,0.742408,0.7367794086511565,0.6264996047945962,0.8672006619201794,5602.716436,5606.764906278811,4879.907958866097,6463.482367821503
1000000,16,0.15,every,96,65+,0.668346,0.6636073078409668,0.5710710549666511,0.7707986975087658,1283.587053,1283.803233049286,1118.1773085366003,1482.4257197374245
1000000,16,0.15,every,97,0-5,0.897947,0.8914959247216383,0.7506130807509795,1.0611436435522523,701.860473,702.2768767934758,610.8821890738327,811.4106593176257
1000000,16,0.15,every,97,6-11,0.938445,0.9313356954571603,0.7942215039559224,1.0973250576920401,347.318863,347.84876414202154,301.2371681490913,401.7509340560064
1000000,16,0.15,every,97,12-17,1.086649,1.0806974271024266,0.9303729981585369,1.2526084237128896,1194.595641,1196.2874766592868,1042.385726032313,1376.7997320888098
1000000,16,0.15,every,97,18-44,0.733553,0.7278179595550751,0.6125873622024866,0.8679795874999113,8524.047648,8532.278828633018,7427.096265369095,9805.14097063709
1000000,16,0.15,every,97,45-64,0.743572,0.738680661827309,0.6275854302610243,0.868892206774085,5247.503381,5248.26748980023,4571.234317306429,6043.48462311551
1000000,16,0.15,every,97,65+,0.66999,0.6661046898222853,0.5728075450881233,0.7731473165680189,1207.059539,1207.3536724824808,1049.8897773952922,1394.153380019532
1000000,16,0.15,every,98,0-5,0.896607,0.8899716530580042,0.7486722124326038,1.058851650707142,647.893577,648.7545240963809,563.9962250299286,750.0446386078838
1000000,16,0.15,every,98,6-11,0.937357,0.9302645808684566,0.7927004636809901,1.0955586950041083,319.954262,320.50696337921545,277.5671164118685,369.98981550941244
1000000,16,0.15,every,98,12-17,1.085628,1.07959063475435,0.9293309024682451,1.2517652409780893,1101.888713,1103.1842560807709,961.7036349729169,1270.0714669344015
1000000,16,0.15,every,98,18-44,0.734032,0.728250033887627,0.612537639461402,0.8679444577341644,7955.331194,7961.861818254925,6928.896384505555,9169.671392482705
1000000,16,0.15,every,98,45-64,0.744663,0.7393118819557105,0.6278852144310059,0.8704581332307946,4914.781706,4918.5060823499225,4285.31545775244,5664.372630566824
1000000,16,0.15,every,98,65+,0.671568,0.6671857313400273,0.573319982924447,0.7751771008989392,1135.037362,1135.364025408111,987.0443557141116,1311.965848060674
1000000,16,0.15,every,99,0-5,0.895199,0.8885513533177243,0.7469010520432142,1.0580709927675793,598.143158,599.0575657594018,520.0876679492649,691.7812274948228
1000000,16,0.15,every,99,6-11,0.9362,0.9292021479251429,0.7911869236609466,1.0957141304684805,294.783728,295.24168400419876,255.67544070072472,341.3186557018198
1000000,16,0.15,every,99,12-17,1.08452,1.0782968581346433,0.9281027532275518,1.2501519756831578,1016.606612,1018.1915628693532,887.2137908763252,1171.923945399467
1000000,16,0.15,every,99,18-44,0.73444,0.7288631338936742,0.6125876892145464,0.8697366494874773,7424.645107,7427.407015098259,6467.12148841843,8551.932543338276
1000000,16,0.15,every,99,45-64,0.74568,0.7405202513933691,0.6289646119143947,0.8719733996278,4603.071171,4608.0907417009585,4008.354124392383,5310.6880058669485
1000000,16,0.15,every,99,65+,0.673078,0.6687389942277029,0.5747324671364102,0.7768527459064642,1067.248648,1067.9604226428783,928.622218086035,1232.4107100350084
1000000,16,0.15,every,100,0-5,0.893721,0.88761877086901,0.7458772197774386,1.0559328529040417,552.262545,552.9573994397651,480.06468858895823,638.8246966265142
1000000,16,0.15,every,100,6-11,0.934972,0.9285330461706683,0.7901614871901697,1.0937640055697486,271.622741,272.0242469054647,235.42422827082922,314.76552392402664
1000000,16,0.15,every,100,12-17,1.083323,1.0769434165554883,0.9272482543654347,1.2490095662289609,938.108836,939.9248653098475,818.0030459370464,1082.1950460418593
1000000,16,0.15,every,100,18-44,0.734777,0.7297561904379458,0.613169279696719,0.8695232711954072,6929.33166,6935.206158822402,6046.766795290634,7986.667801669799
1000000,16,0.15,every,100,45-64,0.74662,0.7416336306873672,0.629900992385818,0.8726527451015081,4310.990614,4315.546675012447,3751.0011540660635,4970.141953109298
1000000,16,0.15,every,100,65+,0.674518,0.6702727027887905,0.5762085226216082,0.7781520380897757,1003.437446,1003.9538072287687,872.994521564513,1159.1977437949972
1000000,16,0.15,every,101,0-5,0.892172,0.8855294017797473,0.7432935226386842,1.0515192850933688,509.935566,510.6414002624806,443.41052980395034,589.4160697513726
1000000,16,0.15,every,101,6-11,0.933669,0.9268847937919149,0.7877820862949596,1.0895210302291733,250.30329,250.54938031872734,217.06130837230012,290.5628096149303
1000000,16,0.15,every,101,12-17,1.082034,1.0748756245719915,0.9251539181821774,1.2452124412367906,865.815563,867.1687619960867,755.1991606780794,999.422289365204
1000000,16,0.15,every,101,18-44,0.735039,0.7296111924366433,0.6122096145936341,0.8674272441277701,6466.926908,6472.397922640666,5640.657172120176,7445.509985215031
1000000,16,0.15,every,101,45-64,0.747482,0.7421390135616022,0.6295534382503349,0.872343207315883,4037.252123,4041.9627261091955,3518.9388665976003,4653.294333592989
1000000,16,0.15,every,101,65+,0.675888,0.6712839640523847,0.5764478093431629,0.7791889909407602,943.363086,944.0641816278803,820.5700930386083,1089.7876736936742
1000000,16,0.15,every,102,0-5,0.890549,0.8832600723822073,0.743007206851711,1.0516128505223905,470.873693,471.49765289830975,409.4548089413438,544.6454642133322
1000000,16,0.15,every,102,6-11,0.932291,0.9247832695430983,0.7878966205175126,1.0903104433955255,230.67231,230.8903298205696,199.95722994860262,267.8495963383466
1000000,16,0.15,every,102,12-17,1.080649,1.073658029466391,0.9245616627726475,1.2443294230802866,799.201407,800.738784807967,696.9070024648681,922.5784295138437
1000000,16,0.15,every,102,18-44,0.735227,0.7294066453609847,0.6138373385069507,0.8697920146158611,6035.146988,6044.434328345582,5266.693728438579,6954.429991943762
1000000,16,0.15,every,102,45-64,0.748264,0.7429326983569564,0.6312065716667425,0.8744050193783539,3780.655345,3786.1779777165502,3295.507513290271,4360.61237055948
1000000,16,0.15,every,102,65+,0.677185,0.6727245753058101,0.5783278007723156,0.7809875086190764,886.799497,887.8283054446802,771.4360511786072,1024.7601337396773
1000000,16,0.15,every,103,0-5,0.88885,0.8818165132670913,0.7413223726236338,1.0496470056444243,434.813468,435.48784704250284,377.71766505390406,503.4674332179129
1000000,16,0.15,every,103,6-11,0.930835,0.9233334329704294,0.7864181734210967,1.0880898871849372,212.590278,212.87612841883674,184.18988852389157,247.26685868250206
1000000,16,0.15,every,103,12-17,1.079168,1.0721218858423753,0.9231158295675496,1.2423168582621864,737.78986,738.8941677820403,642.4960573483258,852.3550826741848
1000000,16,0.15,every,103,18-44,0.735338,0.7294486222317695,0.613480016573265,0.86919055193928,5631.875185,5643.350730495527,4914.35841681622,6490.9399819057435
1000000,16,0.15,every,103,45-64,0.748965,0.743238445134664,0.631426477482739,0.8744851118203041,3540.081974,3545.077793405624,3087.023642790504,4086.2570865885355
1000000,16,0.15,every,103,65+,0.678408,0.6735127862729198,0.5786812981794612,0.7824801112725609,833.534501,834.9339512548759,726.4245228131767,963.9508042192901
1000000,16,0.15,every,104,0-5,0.887073,0.8789609518522932,0.739512446758074,1.0472671669115579,401.514187,401.9810375100933,348.55513289174996,465.3078602408059
1000000,16,0.15,every,104,6-11,0.929301,0.9209634518918833,0.7844256662296998,1.086067998051635,195.929937,196.23016539867967,169.5756173809059,228.19481407478452
1000000,16,0.15,every,104,12-17,1.077588,1.0698997784363051,0.9210179281205705,1.2399864329404087,681.148319,681.970246699173,592.8142287398223,786.9877595503349
1000000,16,0.15,every,104,18-44,0.735371,0.7286190674688844,0.6128312242683331,0.8688187991656284,5255.149775,5267.349850742146,4584.175625039265,6060.624182113446
1000000,16,0.15,every,104,45-64,0.749584,0.7432092683297575,0.6308698706338643,0.8745808409102909,3314.490442,3319.230521226302,2885.5678660133854,3826.4506688802057
1000000,16,0.15,every,104,65+,0.679557,0.6739570831069942,0.5788845167491755,0.7833189785950172,783.369109,784.7526771276025,682.6437087245286,906.205748192966
1000000,16,0.15,every,105,0-5,0.885219,0.8780203654138647,0.7371729972508609,1.046160206570074,370.755798,371.1487147518201,321.3915168347303,429.88093439815566
1000000,16,0.15,every,105,6-11,0.927687,0.919932999278652,0.7819588383035285,1.0856700458907944,180.575156,180.88093731878325,156.30319712619533,210.11722447909415
1000000,16,0.15,every,105,12-17,1.075908,1.0685010485795483,0.9197300946767737,1.238825563212617,628.883674,629.6507376858499,547.6307708979584,726.9731088713743
1000000,16,0.15,every,105,18-44,0.735325,0.7294088649708861,0.6124600657899397,0.8702168872192186,4903.152624,4914.396666952409,4279.146495342255,5650.491155242547
1000000,16,0.15,every,105,45-64,0.750119,0.7445200831360106,0.6316848366940107,0.8765182971504213,3102.910852,3107.325821069535,2699.5154053713195,3577.5790735739283
1000000,16,0.15,every,105,65+,0.680629,0.675897122809523,0.5802784873567909,0.7852916113408881,736.116803,737.3270932041924,641.5670646675862,851.517064600368
1000000,16,0.15,every,106,0-5,0.883285,0.8748983453574968,0.7345342149629284,1.0441391339414983,342.337016,342.69269135431387,296.63816434610635,397.47994188147146
1000000,16,0.15,every,106,6-11,0.925991,0.9171000753467164,0.779577577232926,1.0843153172955187,166.419894,166.71758233336732,143.81242542754626,193.6744449515827
1000000,16,0.15,every,106,12-17,1.074125,1.0660215060926768,0.917824780892051,1.2363915354511743,580.638349,581.2684028616641,505.8635288185848,670.5843894085847
1000000,16,0.15,every,106,18-44,0.735199,0.7282538844734232,0.6113325024431822,0.8702919254288779,4574.198534,4584.143973208964,3995.007893138565,5273.414237126708
1000000,16,0.15,every,106,45-64,0.750569,0.7438602181500356,0.6310691156203067,0.876708613614465,2904.440141,2908.9020994696766,2528.0805674782023,3346.8748442279175
1000000,16,0.15,every,106,65+,0.681624,0.6760155107382451,0.5802542887874894,0.7860644007988696,691.602843,693.2221753945341,602.3667460988509,802.0662089188118
1000000,16,0.15,every,107,0-5,0.88127,0.8727992968587148,0.7337694120004291,1.0392816758450993,316.073606,316.31235113204457,274.39377027610317,366.640248558484
1000000,16,0.15,every,107,6-11,0.924214,0.9151286623294522,0.7786140315006939,1.0787828452966615,153.367272,153.61509303562343,132.48431609291583,178.31927724787965
1000000,16,0.15,every,107,12-17,1.072239,1.064281350377628,0.9163685415111558,1.2325800360211128,536.086786,536.7011097322684,467.34002198302187,619.4286347439047
1000000,16,0.15,every,107,18-44,0.734992,0.7278905195051293,0.6119987374457192,0.8669190124822711,4266.725293,4276.021052317694,3726.235686619766,4917.814427126199
1000000,16,0.15,every,107,45-64,0.750934,0.7443711255727838,0.6318464662641371,0.8753076054971572,2718.237517,2722.730666980613,2366.332090213429,3131.222568202298
1000000,16,0.15,every,107,65+,0.682541,0.6768470468155732,0.5810762406602482,0.7861666202898335,649.66358,651.0788178595831,565.6054315924994,752.2705362127163
1000000,16,0.15,every,108,0-5,0.879174,0.870475149517336,0.7309792554309176,1.0380669666057485,291.796842,291.9912146504503,252.89088688674383,338.08130274596624
1000000,16,0.15,every,108,6-11,0.922355,0.9133582447514214,0.7765819221594477,1.07848781419493,141.328724,141.50117857847363,121.99686883529648,164.56022633239627
1000000,16,0.15,every,108,12-17,1.070249,1.0621836072470061,0.9140469888972608,1.2314067179806987,494.93229,495.68605927191675,431.0863865215797,571.5199395783711
1000000,16,0.15,every,108,18-44,0.734703,0.7276011922170611,0.6111757859280299,0.8682520221315062,3979.284421,3984.8316048905253,3477.8180153053254,4586.678873230703
1000000,16,0.15,every,108,45-64,0.751212,0.7445750128881956,0.6317548334565904,0.8761169772523223,2543.52013,2546.996960776625,2215.0749393743463,2932.35118650645
1000000,16,0.15,every,108,65+,0.683379,0.6775563807631962,0.5815511568258597,0.7873370841715782,610.145792,611.4771640302497,530.3906752059702,706.487967455294
1000000,16,0.15,every,109,0-5,0.876996,0.8693181237056743,0.7305229257853089,1.0355518770875267,269.352107,269.52935682213865,233.60860935947858,312.3193333456293
1000000,16,0.15,every,109,6-11,0.920412,0.9125112600498151,0.7760893898365052,1.0766257605500609,130.223243,130.37921026186086,112.20933269290254,151.8296249145642
1000000,16,0.15,every,109,12-17,1.068153,1.0606224615899051,0.9133406153196798,1.2283168490550604,456.904218,457.9544227081351,397.733565709088,527.7264326827135
1000000,16,0.15,every,109,18-44,0.734332,0.7280800411385075,0.6120519945372054,0.8679297568888478,3710.532561,3712.922031261027,3245.3286127103493,4283.446972743608
1000000,16,0.15,every,109,45-64,0.751402,0.7454128837159013,0.6328066274677592,0.8767374474109006,2379.559015,2382.1670196019113,2072.6833969000727,2744.976869730279
1000000,16,0.15,every,109,65+,0.684136,0.6787126823669921,0.5825769542679718,0.7882804266743643,572.906045,573.9941031456692,497.8675287477672,664.6196741765598
1000000,16,0.15,every,110,0-5,0.874736,0.8679727334316478,0.7283180421757027,1.033733316327362,248.597626,248.76842309068888,215.42326414654963,288.2646491084481
1000000,16,0.15,every,110,6-11,0.918385,0.9105153090766458,0.7733372670263122,1.0737408344952655,119.976688,120.05540792876855,103.36104948585853,139.90463815473504
1000000,16,0.15,every,110,12-17,1.065951,1.057990600320399,0.910770514728518,1.2248742735199205,421.755459,422.1986578912474,367.0125430927146,486.540011449717
1000000,16,0.15,every,110,18-44,0.733877,0.727841918508195,0.6112000947596072,0.866734214063704,3459.223492,3462.4080305211246,3021.1709451563656,3994.9415907412767
1000000,16,0.15,every,110,45-64,0.751505,0.745389451914685,0.6327238884744787,0.8760378421081889,2225.675271,2228.5774264265783,1938.1825762959197,2564.936723179184
1000000,16,0.15,every,110,65+,0.684813,0.6792064261751999,0.58298246483685,0.788514027378421,537.810079,538.621576931153,466.41983853507554,623.6876438722829
1000000,16,0.15,every,111,0-5,0.872393,0.8646715407552115,0.7251250119494949,1.031387072024097,229.403323,229.5989555582637,198.59162874845788,266.36085552955046
1000000,16,0.15,every,111,6-11,0.916275,0.9075030779059601,0.770740394887427,1.072303219165769,110.521164,110.556990259327,95.16340879490599,129.0094452709891
1000000,16,0.15,every,111,12-17,1.063643,1.055421019390442,0.908020059381634,1.2230249606973398,389.260177,389.7164183720015,338.6118073405232,449.1459154332988
1000000,16,0.15,every,111,18-44,0.733339,0.7266454962443905,0.6099117452887443,0.8670838115348896,3224.200722,3227.906235645525,2814.2695416826755,3721.7434349656105
1000000,16,0.15,every,111,45-64,0.751518,0.7450318613589141,0.6320914263444712,0.8767772624095665,2081.236489,2083.3314413144253,1813.4127229014412,2395.008630943019
1000000,16,0.15,every,111,65+,0.685408,0.6795613568290573,0.5835099595725775,0.7897284119219088,504.732223,505.52260608877987,438.33262908644974,584.1434449282242
1000000,16,0.15,every,112,0-5,0.869967,0.8621646339375142,0.723234766426464,1.0275291408293605,211.649779,211.8708878629841,182.90352522279136,246.154016262386
1000000,16,0.15,every,112,6-11,0.91408,0.9055566843178608,0.7688816244588598,1.0694183238705184,101.794461,101.77741017844528,87.54962897534715,118.80117465369403
1000000,16,0.15,every,112,12-17,1.061227,1.053579843539142,0.9072351008680787,1.222270896170627,359.211796,359.5261032783892,312.3158798897639,414.98872825619765
1000000,16,0.15,every,112,18-44,0.732717,0.726263100038422,0.6097374696138294,0.8659629766286968,3004.390634,3010.446838222444,2619.885098609142,3470.0431315004826
1000000,16,0.15,every,112,45-64,0.751442,0.7453300166743471,0.6325580699305424,0.8772076390706571,1945.653407,1947.2901773978956,1697.9978333963081,2238.8528478411026
1000000,16,0.15,every,112,65+,0.685921,0.6805557036479968,0.5841841673286255,0.7910811079832994,473.554834,474.1912674360792,410.7531189841684,547.5364628180396
1000000,16,0.15,every,113,0-5,0.867459,0.8593876436734346,0.7217035106297306,1.0227470480086334,195.227296,195.4383112397045,168.65889694029465,226.9090782648418
1000000,16,0.15,every,113,6-11,0.911801,0.9031449479981712,0.7679747494287714,1.064295482805339,93.73954,93.69776124041528,80.45353552466258,109.48524117749184
1000000,16,0.15,every,113,12-17,1.058705,1.0516454750153934,0.9051783518732001,1.218526281755819,331.421179,331.8516014406923,287.48534527490847,383.0409237248823
1000000,16,0.15,every,113,18-44,0.73201,0.7256334188077058,0.6100122405149553,0.8633606498178457,2798.79614,2803.3124940646812,2439.1838988028467,3233.8711991030723
1000000,16,0.15,every,113,45-64,0.751275,0.7453010076001663,0.6328040659345228,0.876708347180869,1818.376799,1819.9138387246057,1586.7848050035536,2096.101993523538
1000000,16,0.15,every,113,65+,0.686351,0.6808446758372677,0.5844602328213804,0.7917513614961486,444.167771,444.71122096839827,385.7914458824089,513.4621877686004
1000000,16,0.15,every,114,0-5,0.864867,0.8572998911615043,0.719211005893469,1.0219149579250169,180.035041,180.1080512336921,155.74362790816812,209.46846569422632
1000000,16,0.15,every,114,6-11,0.909438,0.900848193801804,0.7648075987477522,1.0642813920158913,86.304077,86.23088579415344,73.9073644420132,100.72467898519244
1000000,16,0.15,every,114,12-17,1.056074,1.0485765523954425,0.9023676334730387,1.2158171827801103,305.71501,305.944191549439,264.80983292032033,353.3701852939557
1000000,16,0.15,every,114,18-44,0.731218,0.7248525302869857,0.6085749233900237,0.8644566025667374,2606.490821,2609.875974778086,2272.9386906092986,3010.132290687412
1000000,16,0.15,every,114,45-64,0.751019,0.744996548844212,0.6323151541556554,0.8774554835453826,1698.894558,1700.5899723549373,1481.1833805334754,1960.742310210131
1000000,16,0.15,every,114,65+,0.686697,0.6814047757538697,0.5847454766102723,0.7924131850072547,416.467898,417.0623340397142,361.5310437338194,481.7148706607986
1000000,16,0.15,every,115,0-5,0.862192,0.8548734701319625,0.7169109261136598,1.0187949540651415,165.980273,166.11087081441656,143.2867619835306,193.05590768135153
1000000,16,0.15,every,115,6-11,0.90699,0.8986924724704097,0.7622769101688912,1.0616142621967832,79.440042,79.3237429400906,67.85173204634339,92.88590339850634
1000000,16,0.15,every,115,12-17,1.053337,1.0450712544697782,0.8992877804655469,1.2124152794025984,281.934324,282.20751515682787,244.28663416812196,326.1619727467187
1000000,16,0.15,every,115,18-44,0.730341,0.724016964968812,0.6074262914793461,0.8632639606852764,2426.613508,2430.219754854217,2117.3805426666513,2797.6079577179626
1000000,16,0.15,every,115,45-64,0.750671,0.7441015520181413,0.6307809601618437,0.8771494684091306,1586.729004,1588.926076860167,1384.3095465241931,1833.5375981340185
1000000,16,0.15,every,115,65+,0.68696,0.6811386515757014,0.5841426330271295,0.7925164695845428,390.358607,390.97760444908636,338.35073221073253,452.1519871923956
1000000,16,0.15,every,116,0-5,0.859434,0.8513098871253545,0.7129997378146132,1.0167389597332455,152.977641,153.18880633451045,132.12594066536985,177.8660813344177
1000000,16,0.15,every,116,6-11,0.904458,0.8952902694068211,0.7587175676483692,1.0592118983967933,73.103323,72.98949405970052,62.330325750634074,85.58800997072831
1000000,16,0.15,every,116,12-17,1.050492,1.0411788320149737,0.8953001988872868,1.208363123077522,259.9332,260.09731269674376,225.2485259550158,300.74308594088075
1000000,16,0.15,every,116,18-44,0.729378,0.722109494372065,0.6053391867732102,0.8622582420441128,2258.36329,2262.513932217844,1971.7481249850243,2601.916968747042
1000000,16,0.15,every,116,45-64,0.750232,0.7430715800163376,0.629360850996412,0.8761309212291412,1481.434361,1483.4285878734663,1292.4744871067815,1713.0847176900133
1000000,16,0.15,every,116,65+,0.687138,0.6806722328365693,0.5835851847217267,0.7921613776282614,365.749378,366.34419343667105,317.24058674648404,423.80526682327036
1000000,16,0.15,every,117,0-5,0.856595,0.8481642692618547,0.7119274288291285,1.0135996525897732,140.948547,141.21442139009014,121.73828000575304,164.04376999964006
1000000,16,0.15,every,117,6-11,0.901843,0.8921390871098301,0.7580516737905527,1.0557828720819338,67.253379,67.1260394169949,57.226810614112765,78.84805206302553
1000000,16,0.15,every,117,12-17,1.04754,1.0384348251881912,0.8938713728237224,1.204272215190536,239.577569,239.66724845091812,207.4976457997691,277.22250421578065
1000000,16,0.15,every,117,18-44,0.72833,0.7207826652484735,0.6061157905142255,0.8610109038926452,2100.994901,2104.721559436992,1834.084124759771,2418.57710906025
1000000,16,0.15,every,117,45-64,0.749702,0.742444423830886,0.6303431137301764,0.8747725808486468,1382.59443,1384.3815746307373,1205.7097881794907,1596.690709963441
1000000,16,0.15,every,117,65+,0.687231,0.6808445048207086,0.584323879420684,0.7922850389894504,342.555365,342.97496976010734,296.62660515110474,396.73275261133676
1000000,16,0.15,every,118,0-5,0.853673,0.844600443809169,0.7080700908173488,1.0070302284316233,129.820569,130.08963899908122,112.0922241837252,151.373812725069
1000000,16,0.15,every,118,6-11,0.899145,0.8888811353116114,0.754184795308307,1.0498000846082196,61.852934,61.71438887203112,52.47144721681252,72.65968607459217
1000000,16,0.15,every,118,12-17,1.044481,1.035308903291774,0.891117559781941,1.2003369013632688,220.744158,220.87382311094552,190.8533155915793,255.48175460263155
1000000,16,0.15,every,118,18-44,0.727197,0.7193382925247853,0.6041979986687825,0.8569617421342154,1953.814466,1956.596653573215,1703.6190612474456,2251.0969474613667
1000000,16,0.15,every,118,45-64,0.74908,0.7416133748915468,0.6294563804031442,0.8727259349018482,1289.820418,1291.5284196049906,1124.0327606392093,1489.0695035164244
1000000,16,0.15,every,118,65+,0.687239,0.680647890261328,0.5839380967395648,0.7909510476283904,320.697,321.1396351495641,277.50674276199425,371.4665062803542
1000000,16,0.15,every,119,0-5,0.85067,0.8415423834813185,0.7058920746222968,1.0038797549053633,119.526931,119.80983627960086,102.9635837287642,139.57566689839587
1000000,16,0.15,every,119,6-11,0.896363,0.8859058373331444,0.7519171038412718,1.0466191919038408,56.867689,56.767479453235865,48.17636853316799,66.93293610448018
1000000,16,0.15,every,119,12-17,1.041317,1.0323653806960706,0.8879137136498491,1.1982329011279553,203.319519,203.50611244770698,175.58480745600536,235.36960766045377
1000000,16,0.15,every,119,18-44,0.725979,0.718162166526161,0.6032215716618253,0.85581823211328,1816.175591,1819.496100676246,1581.714115693234,2095.1539740720764
1000000,16,0.15,every,119,45-64,0.748366,0.7408496255887873,0.6285528890268572,0.8723675133464682,1202.748939,1204.4406639491208,1047.6610286240466,1388.5483707953244
1000000,16,0.15,every,119,65+,0.687161,0.6803901955968802,0.5837345159552004,0.7913351742659608,300.099633,300.19451089116046,259.66226443497,347.6309508145205
1000000,16,0.15,every,120,0-5,0.847586,0.8385917331398287,0.7032080476223215,1.0008400348113742,110.006028,110.25714020757005,94.698912672,128.72878281679004
1000000,16,0.15,every,120,6-11,0.8935,0.8833967982389346,0.749423589060986,1.0446883770481614,52.266069,52.17163602076471,44.16292618634179,61.6338050160557
1000000,16,0.15,every,120,12-17,1.038046,1.0288471566117336,0.8842075988633459,1.193678221196389,187.199169,187.31737144407816,161.9617582061328,216.75174150196835
1000000,16,0.15,every,120,18-44,0.724675,0.717024312638516,0.6020923465396136,0.8554474810000955,1687.475749,1689.9299438484013,1469.7777684200555,1945.8667833972722
1000000,16,0.15,every,120,45-64,0.74756,0.7400777820442666,0.6273312117884294,0.8729229018557791,1121.040146,1121.6834874087945,976.2468285690993,1295.0488411053084
1000000,16,0.15,every,120,65+,0.686998,0.6804101765946308,0.5830177492525943,0.7918433799487348,280.693191,280.857848825166,243.30240320938174,325.31832331139594
1000000,16,0.15,every,121,0-5,0.844423,0.8357087926816034,0.6999662785733337,0.997040773012641,101.200993,101.40705838706344,87.06329661491327,118.48835108033381
1000000,16,0.15,every,121,6-11,0.890555,0.8808573042926926,0.7464919980086813,1.0407943203632544,48.018993,47.91520605189726,40.42238730954705,56.76532543776557
1000000,16,0.15,every,121,12-17,1.034671,1.0257070551455152,0.8820955178431645,1.1909166083481872,172.286804,172.30623333808035,148.8807986136526,199.9933924220968
1000000,16,0.15,every,121,18-44,0.723286,0.7158610740963817,0.6006512688190182,0.8531980256351271,1567.152957,1568.2297689449042,1364.6746057330631,1804.887572302483
1000000,16,0.15,every,121,45-64,0.746663,0.7392190404627603,0.6266428428931523,0.8709333158941788,1044.37602,1045.5701329861768,910.3380378908478,1206.7614047857933
1000000,16,0.15,every,121,65+,0.686749,0.6802065323344594,0.5828367163149887,0.7916525097825228,262.411853,262.45584679651074,227.24054815986892,304.25292396516306
1000000,16,0.15,every,122,0-5,0.84118,0.8321471608978022,0.6974131716842445,0.9956659793153584,93.059298,93.23229327541776,79.96855443483219,109.05783650791273
1000000,16,0.15,every,122,6-11,0.887529,0.8776134973044325,0.7439397631070697,1.040192707635284,44.099655,43.95947802020237,37.04474290739745,52.21650172537193
1000000,16,0.15,every,122,12-17,1.031192,1.0222103798523288,0.8786420512075368,1.1867879466625986,158.493589,158.58190661505796,136.91627759346738,184.21563070244156
1000000,16,0.15,every,122,18-44,0.721812,0.7140361881508995,0.5994522026714546,0.8534496569540422,1454.682719,1455.2306352239102,1267.8219833858311,1674.0260339360684
1000000,16,0.15,every,122,45-64,0.745674,0.7380930525475775,0.6253497771961266,0.8710756834176631,972.45877,973.352064281702,847.3291072705761,1123.5525393225253
1000000,16,0.15,every,122,65+,0.686414,0.6798691237132464,0.5823072052032519,0.7924302659285513,245.193762,245.39629301129025,212.3769083665684,284.39301009924384
1000000,16,0.15,every,123,0-5,0.837858,0.8287985070437043,0.6942173973374345,0.9913915466363729,85.532395,85.66943242959678,73.37374348775484,100.3140040349681
1000000,16,0.15,every,123,6-11,0.884423,0.8746643132999709,0.7412570683175418,1.0366256152393598,40.483338,40.36502074310556,33.913072580937296,48.06767379492521
1000000,16,0.15,every,123,12-17,1.027609,1.0193711467347795,0.8759616793656347,1.182769489661061,145.737521,145.8425413458608,125.83152430993505,169.4008066172246
1000000,16,0.15,every,123,18-44,0.720253,0.7128043660781301,0.5984554540966069,0.8516154955052057,1349.575211,1349.9161827778444,1176.1934968791902,1552.4024521140382
1000000,16,0.15,every,123,45-64,0.744593,0.7376376453912321,0.6252470434068949,0.8692782916722805,905.00937,905.7945284787565,787.9460274190642,1044.1124347369187
1000000,16,0.15,every,123,65+,0.685993,0.6798203190236917,0.5822757245902972,0.7913342338468509,228.980744,229.25895349751227,198.3391088094795,265.53728323383257
1000000,16,0.15,every,124,0-5,0.834459,0.8264950386970193,0.6911526933267593,0.9875553770166087,78.575391,78.701234490145,67.28976872679777,92.23684111400507
1000000,16,0.15,every,124,6-11,0.881238,0.8726743834361881,0.738409893506298,1.0329079765060423,37.147238,37.030456498265266,31.045373489148915,44.167560275644064
1000000,16,0.15,every,124,12-17,1.023924,1.0160309498772109,0.8728408616975588,1.1788874995252399,133.942846,134.1863476058934,115.59620459005237,156.05635110731237
1000000,16,0.15,every,124,18-44,0.71861,0.7121324131859255,0.5969888761871278,0.8495894195806668,1251.372683,1251.9145612670109,1089.8053682381287,1440.7807868849486
1000000,16,0.15,every,124,45-64,0.743421,0.7370742381954483,0.6241304105843742,0.8687876270267574,841.766194,842.3474054667167,733.0786806885153,971.2589669823647
1000000,16,0.15,every,124,65+,0.685486,0.6795836142251088,0.5820233299834041,0.7913881917161611,213.718051,214.1331317887525,185.0252634846256,248.07474050321616
1000000,16,0.15,every,125,0-5,0.830984,0.8236323887386416,0.6880058996921066,0.9846443599781627,72.146747,72.2406064774841,61.64097248436883,84.8557567265816
1000000,16,0.15,every,125,6-11,0.877975,0.869624746161533,0.7349958701039856,1.029414228724715,34.070303,33.96521009504795,28.444608826190233,40.512740095146
1000000,16,0.15,every,125,12-17,1.020138,1.012200010058557,0.8691882124868325,1.1749764273037806,123.039536,123.28740466292948,106.11905831727199,143.4742792705074
1000000,16,0.15,every,125,18-44,0.716884,0.7106664091889081,0.5949944366464176,0.8475672046240759,1159.647087,1160.219912298955,1010.1029446814209,1337.0300560100004
1000000,16,0.15,every,125,45-64,0.742158,0.7358654461943043,0.6226231406322209,0.8674185755469535,782.483763,783.6871302942745,681.6840432169847,903.2204838059843
1000000,16,0.15,every,125,65+,0.684892,0.6791143212521371,0.581110882368294,0.7909484016740828,199.354122,199.63559925276786,172.61951147741638,231.46757471421733
1000000,16,0.15,every,126,0-5,0.827433,0.8200615839361719,0.685028138322511,0.9802900928568555,66.208008,66.34700220450759,56.45567630510777,77.95586395589635
1000000,16,0.15,every,126,6-11,0.874635,0.8660744759021457,0.7315504359308077,1.0256259552508065,31.233092,31.144388229586184,26.004210570361465,37.25314707541838
1000000,16,0.15,every,126,12-17,1.016252,1.0078612669702713,0.8651609880317696,1.1699628733609286,112.962808,113.09601117554121,97.32463269028813,131.67278282297775
1000000,16,0.15,every,126,18-44,0.715074,0.70849369896402,0.5931177678303836,0.8454748609464197,1073.997876,1074.675470020622,936.7223577527329,1237.927490803413
1000000,16,0.15,every,126,45-64,0.740804,0.7340839851444532,0.6208728989346927,0.865116392451824,726.931589,728.0542611572891,633.1260479195043,840.4029555083252
1000000,16,0.15,every,126,65+,0.684213,0.6778510958344587,0.5799003545278331,0.7898811311948174,185.840366,186.05169147159904,160.94340319535695,216.21087335417403
1000000,16,0.15,every,127,0-5,0.823808,0.8156925425697863,0.682133233349322,0.9751247196353543,60.723552,60.89669720781967,51.743367444723845,71.50242152344435
1000000,16,0.15,every,127,6-11,0.871218,0.8615179476165747,0.7292000183093574,1.020062217455849,28.617638,28.549534734338522,23.765261417720467,34.28581649297848
1000000,16,0.15,every,127,12-17,1.012266,1.002674322362912,0.8606054758790673,1.1652259341211781,103.652698,103.83778595970944,89.16223167185672,120.92449401528575
1000000,16,0.15,every,127,18-44,0.713181,0.7055679680974781,0.59166504215763,0.8416390430596986,994.049992,994.9301204029471,866.6389528317377,1146.4232817795128
1000000,16,0.15,every,127,45-64,0.73936,0.7317754340657168,0.6193550205784405,0.8630844126231444,674.893101,675.7093482268974,588.3709035040811,780.4214706644416
1000000,16,0.15,every,127,65+,0.683448,0.6766205055767884,0.5789928810479982,0.7881374162561435,173.130951,173.3717610433814,149.74450232635718,201.31357194698649
1000000,16,0.15,every,128,0-5,0.82011,0.8120281664518124,0.6783939716697199,0.9713669505716004,55.66037,55.8587877061218,47.33260068669915,65.58316736109555
1000000,16,0.15,every,128,6-11,0.867726,0.8584168111123511,0.7255385876704957,1.0168901417834921,26.207334,26.160777463577688,21.724390336312354,31.57257774285972
1000000,16,0.15,every,128,12-17,1.008184,0.9988156822648881,0.8566512743269458,1.1601382580391864,95.053661,95.19760137842968,81.61402752320282,111.0721965066623
1000000,16,0.15,every,128,18-44,0.711206,0.7037275942616732,0.5893772771813004,0.8399930568805349,919.452012,920.4947827765718,801.2562292953953,1059.008717091754
1000000,16,0.15,every,128,45-64,0.737825,0.7305048323633975,0.6177674154920417,0.8613391775747907,626.164663,626.913036220707,545.3755479734391,723.619644919876
1000000,16,0.15,every,128,65+,0.682598,0.6758605654153669,0.5779014477399448,0.7873505925425089,161.182615,161.40500130061992,139.3427387564443,187.53212263761088
1000000,16,0.15,every,129,0-5,0.81634,0.8079776369144305,0.6746704747574415,0.9677471409587907,50.987854,51.24616246880032,43.37346676061861,60.29270805411508
1000000,16,0.15,every,129,6-11,0.864161,0.8550039346307235,0.7228836218680008,1.0141894737137176,23.986818,23.954023315105587,19.852612050715834,28.96212841430679
1000000,16,0.15,every,129,12-17,1.004005,0.993991428803845,0.8532807315391945,1.1553796052614536,87.114221,87.24007282615639,74.72372135706246,101.92489470215514
1000000,16,0.15,every,129,18-44,0.709149,0.7015574619095746,0.5879452661074974,0.8381449418543417,849.874446,850.8555425414816,740.7884535370395,981.3238134328276
1000000,16,0.15,every,129,45-64,0.736201,0.7285086649386886,0.6163920398388036,0.8597042240524141,580.554668,581.4394689523615,505.59567890362814,670.7687953310087
1000000,16,0.15,every,129,65+,0.681662,0.6748370716554555,0.5771197160922759,0.7869939588929146,149.954495,150.17449719063006,129.53473540139385,174.43349944782676
1000000,16,0.15,every,130,0-5,0.812499,0.8036620656257055,0.6713453060454538,0.9623098739845919,46.677609,46.912742380052805,39.677942228037864,55.50087798316963
1000000,16,0.15,every,130,6-11,0.860523,0.8509800734461912,0.7193836002532216,1.0090425887875512,21.941877,21.915141471661627,18.105535006150603,26.551361520309
1000000,16,0.15,every,130,12-17,0.999731,0.9890672697677447,0.8491557168111543,1.1501999033947587,79.786639,79.87163913878612,68.36852948088199,93.44760795496404
1000000,16,0.15,every,130,18-44,0.707012,0.6989953448077347,0.5860571641949042,0.8344993536730655,785.008172,785.4404750522226,684.0511712720153,905.9586982717738
1000000,16,0.15,every,130,45-64,0.734487,0.7264174693244383,0.6152057557647763,0.8576122741313081,537.882695,538.9572197282687,467.7771119447425,620.7919389917515
1000000,16,0.15,every,130,65+,0.68064,0.6734127655919762,0.5761340120432795,0.7861330683175565,139.407956,139.64433574915165,120.24319893184148,162.34705396043137
1000000,16,0.15,every,131,0-5,0.808589,0.8001518961240495,0.6666938200014334,0.9592051069391749,42.703286,42.90841605584137,36.24957720562816,50.949481604853645
1000000,16,0.15,every,131,6-11,0.856814,0.8481531606270365,0.7151606014348905,1.0067159918284805,20.059354,20.06352535635233,16.499236184172332,24.380789064336568
1000000,16,0.15,every,131,12-17,0.995364,0.9849937704109615,0.8438749510562639,1.1458824057195138,73.026623,73.05892745801248,62.36508823162876,85.5066468261648
1000000,16,0.15,every,131,18-44,0.704794,0.6971343911588757,0.582822622034159,0.8333487902119757,724.562992,725.1192561443895,630.9755021501333,835.869807086885
1000000,16,0.15,every,131,45-64,0.732686,0.7249015078111867,0.6123505659527659,0.8563996071282318,497.978743,498.8768121083267,432.84937304165214,575.6377455862239
1000000,16,0.15,every,131,65+,0.679534,0.6725135188863698,0.5744193959399754,0.7847273455586617,129.506448,129.83140661392827,111.68346756423125,150.87411997804884
1000000,16,0.15,every,132,0-5,0.804612,0.796087540349492,0.6638398826907905,0.9554154257299629,39.040421,39.26489666872658,33.01913786283694,46.694143602391705
1000000,16,0.15,every,132,6-11,0.853034,0.8448785505601641,0.7128103962706841,1.003980333643814,18.327067,18.362102474551648,15.020198311191052,22.37094256374985
1000000,16,0.15,every,132,12-17,0.990905,0.9803740918838926,0.839942417016779,1.1413890938765676,66.793057,66.78231232753024,57.06188593595289,78.39897127193399
1000000,16,0.15,every,132,18-44,0.702497,0.6950360142223995,0.5817120431896232,0.8314437843741967,668.266317,668.7930615209043,581.7915803687647,771.8460441371426
1000000,16,0.15,every,132,45-64,0.730796,0.7231414739690902,0.6111473503691116,0.8544502883071671,460.68252,461.6257102112286,400.51251664431766,532.497293938417
1000000,16,0.15,every,132,65+,0.678343,0.6714202114783931,0.5736554768668217,0.7843674070749989,120.215363,120.47252460377058,103.58106398879318,140.33796285407152
1000000,16,0.15,every,133,0-5,0.800568,0.7915038265615435,0.6586905864982902,0.9505646019291932,35.66629,35.86723012034781,30.0762270395644,42.791250206530094
1000000,16,0.15,every,133,6-11,0.849187,0.8407413350929969,0.7085946611243701,0.9998037531999883,16.733732,16.788957895711064,13.674138172063977,20.556655381340533
1000000,16,0.15,every,133,12-17,0.986356,0.9750845320637742,0.8350273255754812,1.1354790289635406,61.047753,61.00695755169727,51.9563274437096,71.7297812406905
1000000,16,0.15,every,133,18-44,0.700121,0.6921816488675054,0.5785731665889876,0.8283271530716567,615.861947,616.8036414911039,536.4402989326045,711.1560795269907
1000000,16,0.15,every,133,45-64,0.728819,0.720650336843486,0.6089201796881296,0.8513255582766472,425.842792,426.70039931312203,370.06062807841226,493.0019776914269
1000000,16,0.15,every,133,65+,0.677069,0.670037859491302,0.571976396037455,0.7819699453675576,111.501909,111.76056009921012,95.97044586291304,130.35002172959503
1000000,16,0.15,every,134,0-5,0.796459,0.7870085270062818,0.6554425617645844,0.9445304968954029,32.559783,32.73244306410197,27.360789008671418,39.13356578606181
1000000,16,0.15,every,134,6-11,0.845272,0.836826753642268,0.7061164776530131,0.9942260906094638,15.268889,15.347486775368452,12.43375150160864,18.90251949103549
1000000,16,0.15,every,134,12-17,0.981719,0.9700861819818654,0.8307968526540174,1.130216497318504,55.75523,55.64976623351686,47.34904042049311,65.66121620777994
1000000,16,0.15,every,134,18-44,0.697667,0.6897315100452999,0.5772838513429454,0.824546440544031,567.108956,567.6949660200626,493.6710101971403,654.3179926779121
1000000,16,0.15,every,134,45-64,0.726755,0.7185410430989327,0.6074972918707299,0.8489723598924412,393.316777,393.8293814584613,341.5233133714646,454.95521381450817
1000000,16,0.15,every,134,65+,0.67571,0.6684306295411905,0.5710318019318474,0.7809423449488293,103.334991,103.63365546095883,88.93747218645876,120.85807177657261
1000000,16,0.15,every,135,0-5,0.792287,0.7824175217441127,0.6519051663634221,0.9406277781806534,29.701277,29.856972141657025,24.85130215692334,35.74822334595956
1000000,16,0.15,every,135,6-11,0.841291,0.8329320904755154,0.7028279695163678,0.9909628733614213,13.922849,14.021324873436242,11.317084968090057,17.326461979257875
1000000,16,0.15,every,135,12-17,0.976995,0.9658392482414261,0.826533852050155,1.1261276156483115,50.88251,50.73736253613606,43.013727463549,60.013733906578345
1000000,16,0.15,every,135,18-44,0.695137,0.6874157010390075,0.5754325912722265,0.8229775490725899,521.780665,522.4520506216213,454.31505157426,602.3407466849312
1000000,16,0.15,every,135,45-64,0.724606,0.7169515018274073,0.6057912992246401,0.8475536563025362,362.969601,363.2966033583507,315.56543326564133,419.8658094187267
1000000,16,0.15,every,135,65+,0.674269,0.6675299448581667,0.5698584323398113,0.7797923039344425,95.685104,95.94745112780947,82.36592941416893,111.99357493920252
1000000,16,0.15,every,136,0-5,0.788053,0.7779681529616926,0.6469421617152937,0.9342658188525961,27.072531,27.181735783116892,22.535448350245133,32.635179651435465
1000000,16,0.15,every,136,6-11,0.837247,0.8288059817341711,0.6979293332485035,0.9850429227617532,12.686625,12.805668349843472,10.264689907431602,15.902698733378202
1000000,16,0.15,every,136,12-17,0.972187,0.9611789296864885,0.8221193632589935,1.1206794926946215,46.398926,46.26084448490292,39.09082743222825,54.783597907749936
1000000,16,0.15,every,136,18-44,0.69253,0.6847896675435017,0.5724311016731112,0.8188605830946825,479.663699,480.6137418150902,417.2614506268175,553.1692197760567
1000000,16,0.15,every,136,45-64,0.722372,0.7146565616964299,0.6034766304536796,0.8444976968028952,334.673781,334.99479420436546,291.2847283403389,386.92178057087585
1000000,16,0.15,every,136,65+,0.672745,0.6655772851945573,0.5677959765306264,0.7780550101906162,88.524231,88.78040063311346,76.14019041857682,103.54197461961303
1000000,16,0.15,every,137,0-5,0.783759,0.7730322806911236,0.6426236042855041,0.9303056923619235,24.656583,24.703426686348394,20.413106913445517,29.78488826798275
1000000,16,0.15,every,137,6-11,0.83314,0.8238444334334114,0.6938496018907666,0.980864778795357,11.551884,11.66953126899898,9.312304189428687,14.567298164591193
1000000,16,0.15,every,137,12-17,0.967295,0.9563601568971669,0.8180183297469126,1.1153902293535136,42.275956,42.12966329231858,35.498045049607754,49.917740086559206
1000000,16,0.15,every,137,18-44,0.689849,0.681872572381569,0.5701815862479532,0.8163673144396302,440.557122,441.3936802819371,383.44432133156806,508.1236595874652
1000000,16,0.15,every,137,45-64,0.720053,0.712100439132595,0.6015643779345714,0.8418418811086033,308.308765,308.5446801497601,268.308019741904,356.44134282460436
1000000,16,0.15,every,137,65+,0.671138,0.6634390693480722,0.5659444468048004,0.7757895101995069,81.825754,82.07303215831053,70.19212331430754,95.91772869805573
1000000,16,0.15,every,138,0-5,0.779407,0.767640503087027,0.6368934929307666,0.9242673030008961,22.437656,22.439077195012942,18.482298479415476,27.168550786329433
1000000,16,0.15,every,138,6-11,0.828972,0.8181180262297545,0.6879418024780665,0.9745769106503317,10.5109,10.616714267525822,8.432072525843978,13.32870755251497
1000000,16,0.15,every,138,12-17,0.962323,0.9507438204663706,0.8123414250905453,1.1101095648221582,38.487065,38.325172220822424,32.25089591671713,45.58198756445199
1000000,16,0.15,every,138,18-44,0.687094,0.6781502861774398,0.5662810210558655,0.8121087898227678,404.271635,405.0688220579177,351.6160938953981,466.5465434808284
1000000,16,0.15,every,138,45-64,0.717652,0.7087303615240431,0.5986912563615405,0.8385312934239494,283.760499,284.0252983868122,246.44884350243956,328.07759251538664
1000000,16,0.15,every,138,65+,0.669451,0.6608334032521173,0.5635541326052124,0.7731275880431737,75.564369,75.73467947472818,64.7428648538189,88.67173143738182
1000000,16,0.15,every,139,0-5,0.774999,0.7624787018733585,0.6330555310551257,0.9198783624335879,20.401075,20.372945751529187,16.734499452868477,24.782724168151617
1000000,16,0.15,every,139,6-11,0.824745,0.8128556406469378,0.6835005148230014,0.9700736094139872,9.556504,9.643011671956629,7.609379270579666,12.176184991840273
1000000,16,0.15,every,139,12-17,0.957272,0.9450829057139059,0.8069926581054588,1.1038016701879283,35.00756,34.869096441194415,29.260349913866957,41.543790851254016
1000000,16,0.15,every,139,18-44,0.684266,0.6748898080913035,0.5640591572903518,0.8098015757985452,370.628847,371.231348823756,322.27769354823977,427.70292632933706
1000000,16,0.15,every,139,45-64,0.715168,0.7060897033436684,0.5958308261100855,0.8358445113174656,260.921034,261.1922079930082,226.52717384370044,301.8036491009407
1000000,16,0.15,every,139,65+,0.667682,0.6587309394258711,0.5613321322999423,0.7713776307878989,69.716007,69.85951701155864,59.5755565148429,81.93529977352591
1000000,16,0.15,every,140,0-5,0.770536,0.7574290397083934,0.6284349418157008,0.9136732067502248,18.533188,18.47020526486449,15.116373819299042,22.578299452277136
1000000,16,0.15,every,140,6-11,0.82046,0.8080809323640383,0.6792930847710137,0.9641935540331178,8.682046,8.739742381963879,6.85847546858713,11.09684808505699
1000000,16,0.15,every,140,12-17,0.952143,0.9390974701513934,0.8017811118439906,1.0980128986480868,31.814459,31.663922778097913,26.46539882104844,37.869766901480034
1000000,16,0.15,every,140,18-44,0.681367,0.6717157629444268,0.5613928384039035,0.8054520717344371,339.460598,339.9033162603155,294.8802290568128,392.23731318768114
1000000,16,0.15,every,140,45-64,0.712603,0.7030894033604673,0.5933905009940001,0.833056177791927,239.688162,239.99722062749788,208.0301255644299,277.4115064977668
1000000,16,0.15,every,140,65+,0.665834,0.6563349484976841,0.5591752336476292,0.7693497528095462,64.257765,64.28752306633396,54.75089757394744,75.67893813812407
1000000,16,0.15,every,141,0-5,0.766019,0.7512330084786009,0.6223383711641723,0.9081625356675642,16.821292,16.729751713341102,13.643796069314703,20.525438303593546
1000000,16,0.15,every,141,6-11,0.816119,0.8026938185005643,0.6737517247351844,0.9595562795341381,7.88136,7.917730578687042,6.160242608748376,10.107414972549313
1000000,16,0.15,every,141,12-17,0.94694,0.9326932460363178,0.7954362030280491,1.0916335753704873,28.886373,28.742538414429873,23.92431136709638,34.48275020881556
1000000,16,0.15,every,141,18-44,0.678397,0.667681692390515,0.5575506884787983,0.80173359395802,310.608334,310.94818852934986,269.3437461068388,359.4297346267849
1000000,16,0.15,every,141,45-64,0.709958,0.6995350374171144,0.5900410062635162,0.8293316295560964,219.96508,220.39137548115104,190.7180869798176,255.00860954495147
1000000,16,0.15,every,141,65+,0.663906,0.6539076281589588,0.5563850550123316,0.7670876369452517,59.16784,59.154900181281846,50.23560205666581,69.64087442163145
1000000,16,0.15,every,142,0-5,0.761452,0.7464423948062722,0.6167516993344463,0.9032127958258159,15.253572,15.131505658617243,12.27600331628928,18.65663528209552
1000000,16,0.15,every,142,6-11,0.811725,0.7989658237568406,0.6690350013117299,0.9555831856752773,7.148721,7.162747254129499,5.520061425399035,9.218796434346586
1000000,16,0.15,every,142,12-17,0.941664,0.9273650845683015,0.7888689971056114,1.0869443498953946,26.203389,26.060084216529503,21.634514393284917,31.357991259079427
1000000,16,0.15,every,142,18-44,0.675358,0.664666216988618,0.5542374653945215,0.7983971051265226,283.92254,284.092446395196,245.83036922104657,328.8757905187085
1000000,16,0.15,every,142,45-64,0.707233,0.6965482008746022,0.5865890900473221,0.826611036973266,201.66009,202.04945593886077,174.56431103870273,233.87445128615946
1000000,16,0.15,every,142,65+,0.661899,0.6514267945095511,0.5534857588997382,0.7651100983314114,54.42547,54.354268642375246,46.108567089017015,64.12454938487791
1000000,16,0.15,every,143,0-5,0.756835,0.7409754100247159,0.610102539583697,0.8996945745022632,13.819034,13.672171789221466,11.022101296810433,16.950948662433078
1000000,16,0.15,every,143,6-11,0.807278,0.7950626688741279,0.6638277071528976,0.9533937145156002,6.478823,6.485040623694658,4.939850578550249,8.43659289041534
1000000,16,0.15,every,143,12-17,0.936317,0.9220770828159806,0.7816658472137519,1.0852123528796966,23.746972,23.608673149254173,19.514115006430075,28.489051551790908
1000000,16,0.15,every,143,18-44,0.67225,0.6612686104224065,0.5499975780232409,0.7958041866202087,259.262205,259.32078753970563,224.34437149576843,300.18465193274903
1000000,16,0.15,every,143,45-64,0.70443,0.6934994368672773,0.5826303977756687,0.8245176769559709,184.686306,184.91310015972704,159.7199587756535,214.24326854152605
1000000,16,0.15,every,143,65+,0.659815,0.6490276941755915,0.5498427122587946,0.7644940540528803,50.01088,49.90899861510843,42.2798796131392,58.984240104677156
1000000,16,0.15,every,144,0-5,0.752171,0.7367177699254287,0.6014446265986082,0.9017314575385589,12.507451,12.339884822722524,9.857385807670653,15.425807747989893
1000000,16,0.15,every,144,6-11,0.802781,0.7920414239776171,0.6566510353363484,0.9566413527138065,5.86674,5.872289376100525,4.407981465570629,7.737982621358244
1000000,16,0.15,every,144,12-17,0.930902,0.9182737942912218,0.7722621925511675,1.088459594097615,21.499872,21.368071631761268,17.55865516969352,25.94520394387655
1000000,16,0.15,every,144,18-44,0.669076,0.6583605943049942,0.5441844887460907,0.7973844487052942,236.494338,236.48390781879425,204.52694682218134,273.64492804929614
1000000,16,0.15,every,144,45-64,0.701551,0.6907552071702499,0.5766227392789657,0.8263461288316786,168.961403,169.09174386179075,145.97636999376118,196.1873309799587
1000000,16,0.15,every,144,65+,0.657654,0.6466825302120363,0.5441056598026761,0.7663420272283715,45.905229,45.762059781409334,38.67163323692512,54.264468473615125
1000000,16,0.15,every,145,0-5,0.747461,0.7335496394091948,0.5877621799180363,0.9130654895304082,11.309312,11.12137287738733,8.755232359282672,14.079593185568228
1000000,16,0.15,every,145,6-11,0.798236,0.7897688669392953,0.6442539068459756,0.9686491127060357,5.307907,5.325032631400973,3.9107952434569597,7.13877827860415
1000000,16,0.15,every,145,12-17,0.925421,0.9151674703609016,0.7575214333892382,1.1007683416812373,19.446032,19.33687035087496,15.741018414136487,23.688349237601507
1000000,16,0.15,every,145,18-44,0.665837,0.6559318814433095,0.5333867959246358,0.8062790352730422,215.493513,215.40465803816915,186.12902627605945,249.3552587057464
1000000,16,0.15,every,145,45-64,0.698596,0.6884151112264384,0.5658199358711344,0.8349668128114662,154.407369,154.385371807497,133.20017460361123,179.58221939532086
1000000,16,0.15,every,145,65+,0.655417,0.6446634691924227,0.5339692958054525,0.7746381655901665,42.090568,41.9138456597575,35.26697378687095,49.946391261182725
1000000,16,0.15,every,146,0-5,0.742708,0.7323053558931927,0.5689868062054664,0.9380699628765315,10.215773,10.02366352127865,7.729466071818024,12.940187006257474
1000000,16,0.15,every,146,6-11,0.793643,0.7893697180460364,0.6263098644794758,0.9942135925147142,4.798089,4.832967346999794,3.453313996328507,6.647203138563782
1000000,16,0.15,every,146,12-17,0.919875,0.9140597534548979,0.737228554528991,1.1267966134295626,17.57051,17.491863849572837,14.023935411823913,21.76645147940144
1000000,16,0.15,every,146,18-44,0.662533,0.6549779134934077,0.5168656519882198,0.8280154990230715,196.141451,195.8930682633072,168.69239493831992,228.24970747996122
1000000,16,0.15,every,146,45-64,0.695566,0.6874607008406716,0.549157786145511,0.8555428853669986,140.950286,140.86905125901103,121.04750347677619,164.75000616302714
1000000,16,0.15,every,146,65+,0.653105,0.6440202319103124,0.5195834979833749,0.7929740093342803,38.549793,38.32883711386239,31.951785236480646,46.090020528691824
1000000,16,0.15,every,147,0-5,0.737913,0.7331941723417952,0.5468365318435405,0.9778398867036817,9.218612,9.03094175341539,6.754139541881159,12.016832490684465
1000000,16,0.15,every,147,6-11,0.789006,0.7909669258063072,0.6045329859400923,1.035355208745206,4.333361,4.389665221329778,3.0291837378288617,6.2520456300117075
1000000,16,0.15,every,147,12-17,0.914269,0.9163915948031167,0.7133531312962814,1.1683638084466341,15.859408,15.823078939691186,12.357575917383656,20.21875361615676
1000000,16,0.15,every,147,18-44,0.659167,0.6558980855932146,0.49717070281042197,0.8635216429851909,178.326635,178.14733452815562,151.48224932607263,210.54438083446587
1000000,16,0.15,every,147,45-64,0.692463,0.6886405663500096,0.5295277251831315,0.8904170048576012,128.520122,128.32902619754896,108.83322261180729,152.42401876626536
1000000,16,0.15,every,147,65+,0.650718,0.6454159832275599,0.5021525939503552,0.823113979350056,35.266612,35.01253905694466,28.623275666795962,42.89650434100332
1000000,16,0.15,every,148,0-5,0.733079,0.7352906145572349,0.5243239504875273,1.0344207488148682,8.310187,8.142724818084389,5.841275763697922,11.310678501892836
1000000,16,0.15,every,148,6-11,0.784327,0.7938289989904292,0.5819163507843861,1.0934467021765604,3.910085,3.987974561750889,2.638796131592244,5.941690981783907
1000000,16,0.15,every,148,12-17,0.908603,0.9210959471003866,0.6886550819558384,1.2256308575156247,14.299798,14.318951297784224,10.75628989818506,19.079386747907847
1000000,16,0.15,every,148,18-44,0.65574,0.6578190620390565,0.4765127963795207,0.9141015257114282,161.943946,161.95951524656266,133.8966353341704,197.6545536937192
1000000,16,0.15,every,148,45-64,0.689288,0.6914351772340668,0.5085349512144767,0.938907653777516,117.050545,116.89393377909437,96.26245705810143,143.3091473421082
1000000,16,0.15,every,148,65+,0.648259,0.6485404490238984,0.48381746733897835,0.8639700696164944,32.225503,31.944879237329587,25.26690883660922,40.51497654869163
1000000,16,0.15,every,149,0-5,0.728208,0.7385626128275236,0.5034412798489513,1.0991272434156851,7.4834,7.346079573268071,5.005435824906454,10.796182178001619
1000000,16,0.15,every,149,6-11,0.779606,0.797889588945958,0.5607414108202422,1.16003757756645,3.524892,3.6243406084831804,2.28517564246431,5.707847526576372
1000000,16,0.15,every,149,12-17,0.90288,0.9273001716434255,0.6652180630492484,1.289364711189093,12.87966,12.970222708536312,9.25005236127763,18.337399826711046
1000000,16,0.15,every,149,18-44,0.652252,0.660934931657057,0.4565705158419215,0.9723481424392906,146.894326,147.27193594165146,116.10631407953333,189.67006169254893
1000000,16,0.15,every,149,45-64,0.686043,0.6954528263186535,0.4882392694865106,0.9946654694925331,106.478739,106.43205833970569,83.70180774583714,137.51856250419516
1000000,16,0.15,every,149,65+,0.645728,0.6527632572064395,0.4664253559030732,0.9110655612079971,29.411685,29.13048137477017,21.972094123830903,38.981797483051196
