Np,L,day,age_group,uniq
100000,16,1,0-5,3221
100000,16,1,6-11,28
100000,16,1,12-17,723
100000,16,1,18-44,5024
100000,16,1,45-64,3809
100000,16,1,65+,2893
100000,16,2,0-5,3530
100000,16,2,6-11,33
100000,16,2,12-17,904
100000,16,2,18-44,5191
100000,16,2,45-64,4306
100000,16,2,65+,3347
100000,16,3,0-5,4155
100000,16,3,6-11,132
100000,16,3,12-17,1590
100000,16,3,18-44,5517
100000,16,3,45-64,5269
100000,16,3,65+,4185
100000,16,4,0-5,5048
100000,16,4,6-11,2776
100000,16,4,12-17,4215
100000,16,4,18-44,5858
100000,16,4,45-64,5932
100000,16,4,65+,5146
100000,16,5,0-5,5420
100000,16,5,6-11,4602
100000,16,5,12-17,5133
100000,16,5,18-44,5947
100000,16,5,45-64,6159
100000,16,5,65+,5757
100000,16,6,0-5,5559
100000,16,6,6-11,4786
100000,16,6,12-17,5330
100000,16,6,18-44,5978
100000,16,6,45-64,6226
100000,16,6,65+,6161
100000,16,7,0-5,5642
100000,16,7,6-11,4838
100000,16,7,12-17,5416
100000,16,7,18-44,5994
100000,16,7,45-64,6242
100000,16,7,65+,6330
100000,16,8,0-5,5683
100000,16,8,6-11,4863
100000,16,8,12-17,5485
100000,16,8,18-44,6022
100000,16,8,45-64,6224
100000,16,8,65+,6396
100000,16,9,0-5,5709
100000,16,9,6-11,4846
100000,16,9,12-17,5510
100000,16,9,18-44,6008
100000,16,9,45-64,6236
100000,16,9,65+,6382
100000,16,10,0-5,5673
100000,16,10,6-11,4844
100000,16,10,12-17,5512
100000,16,10,18-44,6081
100000,16,10,45-64,6207
100000,16,10,65+,6367
100000,16,11,0-5,5665
100000,16,11,6-11,4864
100000,16,11,12-17,5511
100000,16,11,18-44,6084
100000,16,11,45-64,6244
100000,16,11,65+,6337
100000,16,12,0-5,5709
100000,16,12,6-11,4875
100000,16,12,12-17,5499
100000,16,12,18-44,6023
100000,16,12,45-64,6257
100000,16,12,65+,6340
100000,16,13,0-5,5715
100000,16,13,6-11,4917
100000,16,13,12-17,5486
100000,16,13,18-44,6006
100000,16,13,45-64,6263
100000,16,13,65+,6373
100000,16,14,0-5,5675
100000,16,14,6-11,4956
100000,16,14,12-17,5462
100000,16,14,18-44,6047
100000,16,14,45-64,6252
100000,16,14,65+,6375
100000,16,15,0-5,5675
100000,16,15,6-11,5005
100000,16,15,12-17,5457
100000,16,15,18-44,6007
100000,16,15,45-64,6244
100000,16,15,65+,6372
100000,16,16,0-5,5686
100000,16,16,6-11,5017
100000,16,16,12-17,5472
100000,16,16,18-44,6033
100000,16,16,45-64,6253
100000,16,16,65+,6407
100000,16,17,0-5,5665
100000,16,17,6-11,5044
100000,16,17,12-17,5473
100000,16,17,18-44,6026
100000,16,17,45-64,6265
100000,16,17,65+,6390
100000,16,18,0-5,5658
100000,16,18,6-11,5087
100000,16,18,12-17,5473
100000,16,18,18-44,6017
100000,16,18,45-64,6259
100000,16,18,65+,6399
100000,16,19,0-5,5682
100000,16,19,6-11,5125
100000,16,19,12-17,5466
100000,16,19,18-44,6039
100000,16,19,45-64,6260
100000,16,19,65+,6399
100000,16,20,0-5,5707
100000,16,20,6-11,5194
100000,16,20,12-17,5482
100000,16,20,18-44,6000
100000,16,20,45-64,6224
100000,16,20,65+,6351
100000,16,21,0-5,5694
100000,16,21,6-11,5218
100000,16,21,12-17,5481
100000,16,21,18-44,6029
100000,16,21,45-64,6263
100000,16,21,65+,6356
100000,16,22,0-5,5659
100000,16,22,6-11,5287
100000,16,22,12-17,5504
100000,16,22,18-44,6010
100000,16,22,45-64,6233
100000,16,22,65+,6356
100000,16,23,0-5,5671
100000,16,23,6-11,5358
100000,16,23,12-17,5503
100000,16,23,18-44,6033
100000,16,23,45-64,6259
100000,16,23,65+,6354
100000,16,24,0-5,5722
100000,16,24,6-11,5415
100000,16,24,12-17,5541
100000,16,24,18-44,6058
100000,16,24,45-64,6236
100000,16,24,65+,6328
100000,16,25,0-5,5749
100000,16,25,6-11,5481
100000,16,25,12-17,5554
100000,16,25,18-44,6037
100000,16,25,45-64,6278
100000,16,25,65+,6275
100000,16,26,0-5,5777
100000,16,26,6-11,5550
100000,16,26,12-17,5532
100000,16,26,18-44,6025
100000,16,26,45-64,6271
100000,16,26,65+,6275
100000,16,27,0-5,5759
100000,16,27,6-11,5601
100000,16,27,12-17,5536
100000,16,27,18-44,6007
100000,16,27,45-64,6301
100000,16,27,65+,6293
100000,16,28,0-5,5759
100000,16,28,6-11,5673
100000,16,28,12-17,5534
100000,16,28,18-44,5981
100000,16,28,45-64,6263
100000,16,28,65+,6303
100000,16,29,0-5,5810
100000,16,29,6-11,5724
100000,16,29,12-17,5489
100000,16,29,18-44,5983
100000,16,29,45-64,6214
100000,16,29,65+,6307
100000,16,30,0-5,5856
100000,16,30,6-11,5852
100000,16,30,12-17,5526
100000,16,30,18-44,5985
100000,16,30,45-64,6220
100000,16,30,65+,6293
100000,16,31,0-5,5888
100000,16,31,6-11,5928
100000,16,31,12-17,5505
100000,16,31,18-44,5924
100000,16,31,45-64,6177
100000,16,31,65+,6312
100000,16,32,0-5,5862
100000,16,32,6-11,5975
100000,16,32,12-17,5532
100000,16,32,18-44,5922
100000,16,32,45-64,6158
100000,16,32,65+,6294
100000,16,33,0-5,5822
100000,16,33,6-11,5989
100000,16,33,12-17,5507
100000,16,33,18-44,5944
100000,16,33,45-64,6180
100000,16,33,65+,6307
100000,16,34,0-5,5870
100000,16,34,6-11,6026
100000,16,34,12-17,5531
100000,16,34,18-44,5941
100000,16,34,45-64,6153
100000,16,34,65+,6264
100000,16,35,0-5,5880
100000,16,35,6-11,6031
100000,16,35,12-17,5509
100000,16,35,18-44,5917
100000,16,35,45-64,6151
100000,16,35,65+,6255
100000,16,36,0-5,5887
100000,16,36,6-11,6033
100000,16,36,12-17,5521
100000,16,36,18-44,5890
100000,16,36,45-64,6130
100000,16,36,65+,6228
100000,16,37,0-5,5867
100000,16,37,6-11,6077
100000,16,37,12-17,5539
100000,16,37,18-44,5930
100000,16,37,45-64,6102
100000,16,37,65+,6200
100000,16,38,0-5,5949
100000,16,38,6-11,6082
100000,16,38,12-17,5559
100000,16,38,18-44,5932
100000,16,38,45-64,6084
100000,16,38,65+,6176
100000,16,39,0-5,5928
100000,16,39,6-11,6078
100000,16,39,12-17,5576
100000,16,39,18-44,5886
100000,16,39,45-64,6088
100000,16,39,65+,6155
100000,16,40,0-5,5937
100000,16,40,6-11,6083
100000,16,40,12-17,5591
100000,16,40,18-44,5855
100000,16,40,45-64,6047
100000,16,40,65+,6152
100000,16,41,0-5,5888
100000,16,41,6-11,6064
100000,16,41,12-17,5567
100000,16,41,18-44,5836
100000,16,41,45-64,6040
100000,16,41,65+,6148
100000,16,42,0-5,5890
100000,16,42,6-11,6075
100000,16,42,12-17,5548
100000,16,42,18-44,5757
100000,16,42,45-64,6047
100000,16,42,65+,6175
100000,16,43,0-5,5883
100000,16,43,6-11,6091
100000,16,43,12-17,5549
100000,16,43,18-44,5760
100000,16,43,45-64,5992
100000,16,43,65+,6124
100000,16,44,0-5,5884
100000,16,44,6-11,6070
100000,16,44,12-17,5526
100000,16,44,18-44,5725
100000,16,44,45-64,6012
100000,16,44,65+,6090
100000,16,45,0-5,5899
100000,16,45,6-11,6022
100000,16,45,12-17,5530
100000,16,45,18-44,5685
100000,16,45,45-64,5988
100000,16,45,65+,6104
100000,16,46,0-5,5877
100000,16,46,6-11,6003
100000,16,46,12-17,5536
100000,16,46,18-44,5652
100000,16,46,45-64,5969
100000,16,46,65+,6072
100000,16,47,0-5,5827
100000,16,47,6-11,5992
100000,16,47,12-17,5539
100000,16,47,18-44,5654
100000,16,47,45-64,5949
100000,16,47,65+,6057
100000,16,48,0-5,5807
100000,16,48,6-11,6012
100000,16,48,12-17,5533
100000,16,48,18-44,5638
100000,16,48,45-64,5949
100000,16,48,65+,6070
100000,16,49,0-5,5813
100000,16,49,6-11,5995
100000,16,49,12-17,5524
100000,16,49,18-44,5633
100000,16,49,45-64,5931
100000,16,49,65+,6037
100000,16,50,0-5,5824
100000,16,50,6-11,5990
100000,16,50,12-17,5537
100000,16,50,18-44,5596
100000,16,50,45-64,5889
100000,16,50,65+,6045
100000,16,51,0-5,5790
100000,16,51,6-11,5985
100000,16,51,12-17,5515
100000,16,51,18-44,5585
100000,16,51,45-64,5868
100000,16,51,65+,6072
100000,16,52,0-5,5771
100000,16,52,6-11,5975
100000,16,52,12-17,5517
100000,16,52,18-44,5591
100000,16,52,45-64,5865
100000,16,52,65+,6047
100000,16,53,0-5,5747
100000,16,53,6-11,5982
100000,16,53,12-17,5523
100000,16,53,18-44,5585
100000,16,53,45-64,5858
100000,16,53,65+,6020
100000,16,54,0-5,5754
100000,16,54,6-11,5980
100000,16,54,12-17,5474
100000,16,54,18-44,5565
100000,16,54,45-64,5822
100000,16,54,65+,6066
100000,16,55,0-5,5809
100000,16,55,6-11,5921
100000,16,55,12-17,5486
100000,16,55,18-44,5523
100000,16,55,45-64,5823
100000,16,55,65+,6100
100000,16,56,0-5,5842
100000,16,56,6-11,5928
100000,16,56,12-17,5451
100000,16,56,18-44,5541
100000,16,56,45-64,5795
100000,16,56,65+,6047
100000,16,57,0-5,5842
100000,16,57,6-11,5937
100000,16,57,12-17,5468
100000,16,57,18-44,5577
100000,16,57,45-64,5819
100000,16,57,65+,5992
100000,16,58,0-5,5845
100000,16,58,6-11,5912
100000,16,58,12-17,5496
100000,16,58,18-44,5603
100000,16,58,45-64,5824
100000,16,58,65+,6005
100000,16,59,0-5,5840
100000,16,59,6-11,5935
100000,16,59,12-17,5552
100000,16,59,18-44,5582
100000,16,59,45-64,5813
100000,16,59,65+,6041
100000,16,60,0-5,5845
100000,16,60,6-11,5952
100000,16,60,12-17,5547
100000,16,60,18-44,5573
100000,16,60,45-64,5813
100000,16,60,65+,6044
100000,16,61,0-5,5842
100000,16,61,6-11,5928
100000,16,61,12-17,5508
100000,16,61,18-44,5563
100000,16,61,45-64,5791
100000,16,61,65+,6015
100000,16,62,0-5,5795
100000,16,62,6-11,5922
100000,16,62,12-17,5487
100000,16,62,18-44,5563
100000,16,62,45-64,5828
100000,16,62,65+,6015
100000,16,63,0-5,5745
100000,16,63,6-11,5926
100000,16,63,12-17,5481
100000,16,63,18-44,5581
100000,16,63,45-64,5802
100000,16,63,65+,5987
100000,16,64,0-5,5759
100000,16,64,6-11,5926
100000,16,64,12-17,5466
100000,16,64,18-44,5585
100000,16,64,45-64,5832
100000,16,64,65+,6017
100000,16,65,0-5,5771
100000,16,65,6-11,5884
100000,16,65,12-17,5456
100000,16,65,18-44,5615
100000,16,65,45-64,5866
100000,16,65,65+,5997
100000,16,66,0-5,5767
100000,16,66,6-11,5927
100000,16,66,12-17,5431
100000,16,66,18-44,5577
100000,16,66,45-64,5820
100000,16,66,65+,6001
100000,16,67,0-5,5810
100000,16,67,6-11,5955
100000,16,67,12-17,5439
100000,16,67,18-44,5561
100000,16,67,45-64,5840
100000,16,67,65+,5994
100000,16,68,0-5,5827
100000,16,68,6-11,5947
100000,16,68,12-17,5442
100000,16,68,18-44,5552
100000,16,68,45-64,5839
100000,16,68,65+,5963
100000,16,69,0-5,5796
100000,16,69,6-11,5919
100000,16,69,12-17,5439
100000,16,69,18-44,5555
100000,16,69,45-64,5792
100000,16,69,65+,5962
100000,16,70,0-5,5731
100000,16,70,6-11,5906
100000,16,70,12-17,5497
100000,16,70,18-44,5533
100000,16,70,45-64,5792
100000,16,70,65+,5957
100000,16,71,0-5,5792
100000,16,71,6-11,5928
100000,16,71,12-17,5528
100000,16,71,18-44,5500
100000,16,71,45-64,5769
100000,16,71,65+,5990
100000,16,72,0-5,5823
100000,16,72,6-11,5953
100000,16,72,12-17,5515
100000,16,72,18-44,5486
100000,16,72,45-64,5793
100000,16,72,65+,6015
100000,16,73,0-5,5843
100000,16,73,6-11,6003
100000,16,73,12-17,5503
100000,16,73,18-44,5489
100000,16,73,45-64,5757
100000,16,73,65+,5999
100000,16,74,0-5,5790
100000,16,74,6-11,6031
100000,16,74,12-17,5526
100000,16,74,18-44,5510
100000,16,74,45-64,5778
100000,16,74,65+,5965
100000,16,75,0-5,5771
100000,16,75,6-11,6024
100000,16,75,12-17,5530
100000,16,75,18-44,5544
100000,16,75,45-64,5774
100000,16,75,65+,5973
100000,16,76,0-5,5791
100000,16,76,6-11,6060
100000,16,76,12-17,5556
100000,16,76,18-44,5527
100000,16,76,45-64,5730
100000,16,76,65+,5938
100000,16,77,0-5,5799
100000,16,77,6-11,6000
100000,16,77,12-17,5554
100000,16,77,18-44,5536
100000,16,77,45-64,5770
100000,16,77,65+,5957
100000,16,78,0-5,5812
100000,16,78,6-11,5989
100000,16,78,12-17,5578
100000,16,78,18-44,5500
100000,16,78,45-64,5804
100000,16,78,65+,5978
100000,16,79,0-5,5783
100000,16,79,6-11,5959
100000,16,79,12-17,5587
100000,16,79,18-44,5504
100000,16,79,45-64,5825
100000,16,79,65+,6006
100000,16,80,0-5,5793
100000,16,80,6-11,5966
100000,16,80,12-17,5581
100000,16,80,18-44,5560
100000,16,80,45-64,5784
100000,16,80,65+,6006
100000,16,81,0-5,5834
100000,16,81,6-11,5946
100000,16,81,12-17,5543
100000,16,81,18-44,5519
100000,16,81,45-64,5772
100000,16,81,65+,6036
100000,16,82,0-5,5850
100000,16,82,6-11,5931
100000,16,82,12-17,5612
100000,16,82,18-44,5521
100000,16,82,45-64,5774
100000,16,82,65+,6006
100000,16,83,0-5,5814
100000,16,83,6-11,5957
100000,16,83,12-17,5636
100000,16,83,18-44,5551
100000,16,83,45-64,5740
100000,16,83,65+,5980
100000,16,84,0-5,5830
100000,16,84,6-11,5972
100000,16,84,12-17,5582
100000,16,84,18-44,5554
100000,16,84,45-64,5776
100000,16,84,65+,5982
100000,16,85,0-5,5840
100000,16,85,6-11,5958
100000,16,85,12-17,5572
100000,16,85,18-44,5524
100000,16,85,45-64,5760
100000,16,85,65+,6010
100000,16,86,0-5,5877
100000,16,86,6-11,5924
100000,16,86,12-17,5590
100000,16,86,18-44,5532
100000,16,86,45-64,5737
100000,16,86,65+,6009
100000,16,87,0-5,5902
100000,16,87,6-11,5965
100000,16,87,12-17,5551
100000,16,87,18-44,5531
100000,16,87,45-64,5724
100000,16,87,65+,6025
100000,16,88,0-5,5895
100000,16,88,6-11,6041
100000,16,88,12-17,5559
100000,16,88,18-44,5525
100000,16,88,45-64,5740
100000,16,88,65+,6026
100000,16,89,0-5,5883
100000,16,89,6-11,6027
100000,16,89,12-17,5577
100000,16,89,18-44,5548
100000,16,89,45-64,5764
100000,16,89,65+,6050
100000,16,90,0-5,5861
100000,16,90,6-11,6020
100000,16,90,12-17,5608
100000,16,90,18-44,5522
100000,16,90,45-64,5766
100000,16,90,65+,6058
100000,16,91,0-5,5905
100000,16,91,6-11,6064
100000,16,91,12-17,5578
100000,16,91,18-44,5522
100000,16,91,45-64,5788
100000,16,91,65+,6054
100000,16,92,0-5,5906
100000,16,92,6-11,6058
100000,16,92,12-17,5582
100000,16,92,18-44,5491
100000,16,92,45-64,5797
100000,16,92,65+,6063
100000,16,93,0-5,5928
100000,16,93,6-11,6097
100000,16,93,12-17,5617
100000,16,93,18-44,5512
100000,16,93,45-64,5801
100000,16,93,65+,6035
100000,16,94,0-5,5943
100000,16,94,6-11,6164
100000,16,94,12-17,5624
100000,16,94,18-44,5522
100000,16,94,45-64,5836
100000,16,94,65+,6065
100000,16,95,0-5,5965
100000,16,95,6-11,6177
100000,16,95,12-17,5628
100000,16,95,18-44,5483
100000,16,95,45-64,5801
100000,16,95,65+,6067
100000,16,96,0-5,5951
100000,16,96,6-11,6231
100000,16,96,12-17,5634
100000,16,96,18-44,5497
100000,16,96,45-64,5800
100000,16,96,65+,6052
100000,16,97,0-5,5948
100000,16,97,6-11,6283
100000,16,97,12-17,5648
100000,16,97,18-44,5496
100000,16,97,45-64,5765
100000,16,97,65+,6053
100000,16,98,0-5,5955
100000,16,98,6-11,6282
100000,16,98,12-17,5607
100000,16,98,18-44,5487
100000,16,98,45-64,5714
100000,16,98,65+,6070
100000,16,99,0-5,5985
100000,16,99,6-11,6300
100000,16,99,12-17,5614
100000,16,99,18-44,5505
100000,16,99,45-64,5657
100000,16,99,65+,6055
100000,16,100,0-5,5973
100000,16,100,6-11,6335
100000,16,100,12-17,5649
100000,16,100,18-44,5479
100000,16,100,45-64,5662
100000,16,100,65+,6080
100000,16,101,0-5,5982
100000,16,101,6-11,6354
100000,16,101,12-17,5655
100000,16,101,18-44,5461
100000,16,101,45-64,5701
100000,16,101,65+,6082
100000,16,102,0-5,6032
100000,16,102,6-11,6378
100000,16,102,12-17,5686
100000,16,102,18-44,5478
100000,16,102,45-64,5725
100000,16,102,65+,6080
100000,16,103,0-5,6035
100000,16,103,6-11,6404
100000,16,103,12-17,5687
100000,16,103,18-44,5453
100000,16,103,45-64,5735
100000,16,103,65+,6135
100000,16,104,0-5,6084
100000,16,104,6-11,6433
100000,16,104,12-17,5701
100000,16,104,18-44,5496
100000,16,104,45-64,5729
100000,16,104,65+,6107
100000,16,105,0-5,6065
100000,16,105,6-11,6442
100000,16,105,12-17,5726
100000,16,105,18-44,5479
100000,16,105,45-64,5738
100000,16,105,65+,6092
100000,16,106,0-5,6051
100000,16,106,6-11,6472
100000,16,106,12-17,5772
100000,16,106,18-44,5502
100000,16,106,45-64,5775
100000,16,106,65+,6121
100000,16,107,0-5,6071
100000,16,107,6-11,6419
100000,16,107,12-17,5784
100000,16,107,18-44,5485
100000,16,107,45-64,5810
100000,16,107,65+,6076
100000,16,108,0-5,6032
100000,16,108,6-11,6415
100000,16,108,12-17,5786
100000,16,108,18-44,5473
100000,16,108,45-64,5792
100000,16,108,65+,6054
100000,16,109,0-5,6050
100000,16,109,6-11,6437
100000,16,109,12-17,5763
100000,16,109,18-44,5493
100000,16,109,45-64,5765
100000,16,109,65+,6009
100000,16,110,0-5,6047
100000,16,110,6-11,6435
100000,16,110,12-17,5768
100000,16,110,18-44,5528
100000,16,110,45-64,5800
100000,16,110,65+,5982
100000,16,111,0-5,6088
100000,16,111,6-11,6507
100000,16,111,12-17,5795
100000,16,111,18-44,5570
100000,16,111,45-64,5772
100000,16,111,65+,5967
100000,16,112,0-5,6070
100000,16,112,6-11,6530
100000,16,112,12-17,5807
100000,16,112,18-44,5593
100000,16,112,45-64,5784
100000,16,112,65+,5971
100000,16,113,0-5,6138
100000,16,113,6-11,6554
100000,16,113,12-17,5783
100000,16,113,18-44,5593
100000,16,113,45-64,5752
100000,16,113,65+,5909
100000,16,114,0-5,6183
100000,16,114,6-11,6577
100000,16,114,12-17,5840
100000,16,114,18-44,5581
100000,16,114,45-64,5746
100000,16,114,65+,5970
100000,16,115,0-5,6201
100000,16,115,6-11,6645
100000,16,115,12-17,5853
100000,16,115,18-44,5578
100000,16,115,45-64,5731
100000,16,115,65+,5953
100000,16,116,0-5,6183
100000,16,116,6-11,6687
100000,16,116,12-17,5884
100000,16,116,18-44,5565
100000,16,116,45-64,5758
100000,16,116,65+,6001
100000,16,117,0-5,6244
100000,16,117,6-11,6740
100000,16,117,12-17,5928
100000,16,117,18-44,5612
100000,16,117,45-64,5707
100000,16,117,65+,5995
100000,16,118,0-5,6291
100000,16,118,6-11,6777
100000,16,118,12-17,5944
100000,16,118,18-44,5540
100000,16,118,45-64,5710
100000,16,118,65+,6019
100000,16,119,0-5,6278
100000,16,119,6-11,6858
100000,16,119,12-17,5961
100000,16,119,18-44,5551
100000,16,119,45-64,5708
100000,16,119,65+,6046
100000,16,120,0-5,6298
100000,16,120,6-11,6893
100000,16,120,12-17,6007
100000,16,120,18-44,5567
100000,16,120,45-64,5733
100000,16,120,65+,6019
100000,16,121,0-5,6420
100000,16,121,6-11,6934
100000,16,121,12-17,5980
100000,16,121,18-44,5567
100000,16,121,45-64,5735
100000,16,121,65+,6058
100000,16,122,0-5,6476
100000,16,122,6-11,7047
100000,16,122,12-17,6034
100000,16,122,18-44,5593
100000,16,122,45-64,5736
100000,16,122,65+,6098
100000,16,123,0-5,6515
100000,16,123,6-11,7126
100000,16,123,12-17,6041
100000,16,123,18-44,5593
100000,16,123,45-64,5688
100000,16,123,65+,6131
100000,16,124,0-5,6539
100000,16,124,6-11,7189
100000,16,124,12-17,6068
100000,16,124,18-44,5636
100000,16,124,45-64,5683
100000,16,124,65+,6187
100000,16,125,0-5,6551
100000,16,125,6-11,7204
100000,16,125,12-17,6106
100000,16,125,18-44,5610
100000,16,125,45-64,5714
100000,16,125,65+,6201
100000,16,126,0-5,6580
100000,16,126,6-11,7276
100000,16,126,12-17,6164
100000,16,126,18-44,5592
100000,16,126,45-64,5753
100000,16,126,65+,6229
100000,16,127,0-5,6630
100000,16,127,6-11,7296
100000,16,127,12-17,6237
100000,16,127,18-44,5577
100000,16,127,45-64,5753
100000,16,127,65+,6265
100000,16,128,0-5,6734
100000,16,128,6-11,7357
100000,16,128,12-17,6310
100000,16,128,18-44,5570
100000,16,128,45-64,5786
100000,16,128,65+,6291
100000,16,129,0-5,6762
100000,16,129,6-11,7390
100000,16,129,12-17,6351
100000,16,129,18-44,5578
100000,16,129,45-64,5845
100000,16,129,65+,6313
100000,16,130,0-5,6799
100000,16,130,6-11,7466
100000,16,130,12-17,6343
100000,16,130,18-44,5569
100000,16,130,45-64,5879
100000,16,130,65+,6291
100000,16,131,0-5,6897
100000,16,131,6-11,7538
100000,16,131,12-17,6404
100000,16,131,18-44,5566
100000,16,131,45-64,5825
100000,16,131,65+,6316
100000,16,132,0-5,6974
100000,16,132,6-11,7579
100000,16,132,12-17,6396
100000,16,132,18-44,5587
100000,16,132,45-64,5824
100000,16,132,65+,6346
100000,16,133,0-5,7032
100000,16,133,6-11,7634
100000,16,133,12-17,6467
100000,16,133,18-44,5584
100000,16,133,45-64,5835
100000,16,133,65+,6407
100000,16,134,0-5,7504
100000,16,134,6-11,8135
100000,16,134,12-17,6913
100000,16,134,18-44,5971
100000,16,134,45-64,6226
100000,16,134,65+,6822
100000,16,135,0-5,8054
100000,16,135,6-11,8730
100000,16,135,12-17,7423
100000,16,135,18-44,6380
100000,16,135,45-64,6697
100000,16,135,65+,7302
100000,16,136,0-5,8691
100000,16,136,6-11,9415
100000,16,136,12-17,8018
100000,16,136,18-44,6889
100000,16,136,45-64,7219
100000,16,136,65+,7845
100000,16,137,0-5,9404
100000,16,137,6-11,10217
100000,16,137,12-17,8699
100000,16,137,18-44,7456
100000,16,137,45-64,7787
100000,16,137,65+,8492
100000,16,138,0-5,10275
100000,16,138,6-11,11123
100000,16,138,12-17,9455
100000,16,138,18-44,8105
100000,16,138,45-64,8441
100000,16,138,65+,9209
100000,16,139,0-5,11267
100000,16,139,6-11,12218
100000,16,139,12-17,10387
100000,16,139,18-44,8886
100000,16,139,45-64,9222
100000,16,139,65+,10077
100000,16,140,0-5,12374
100000,16,140,6-11,13463
100000,16,140,12-17,11473
100000,16,140,18-44,9858
100000,16,140,45-64,10216
100000,16,140,65+,11121
100000,16,141,0-5,13800
100000,16,141,6-11,14995
100000,16,141,12-17,12908
100000,16,141,18-44,11108
100000,16,141,45-64,11473
100000,16,141,65+,12384
100000,16,142,0-5,15535
100000,16,142,6-11,16843
100000,16,142,12-17,14615
100000,16,142,18-44,12633
100000,16,142,45-64,13030
100000,16,142,65+,14054
100000,16,143,0-5,17784
100000,16,143,6-11,19051
100000,16,143,12-17,16867
100000,16,143,18-44,14600
100000,16,143,45-64,15026
100000,16,143,65+,16156
100000,16,144,0-5,20561
100000,16,144,6-11,21856
100000,16,144,12-17,19646
100000,16,144,18-44,17247
100000,16,144,45-64,17651
100000,16,144,65+,18916
100000,16,145,0-5,24100
100000,16,145,6-11,25337
100000,16,145,12-17,23365
100000,16,145,18-44,20791
100000,16,145,45-64,21235
100000,16,145,65+,22574
100000,16,146,0-5,28949
100000,16,146,6-11,29995
100000,16,146,12-17,28244
100000,16,146,18-44,25768
100000,16,146,45-64,26213
100000,16,146,65+,27624
100000,16,147,0-5,35551
100000,16,147,6-11,36485
100000,16,147,12-17,35045
100000,16,147,18-44,32882
100000,16,147,45-64,33265
100000,16,147,65+,34616
100000,16,148,0-5,45556
100000,16,148,6-11,46180
100000,16,148,12-17,45181
100000,16,148,18-44,43710
100000,16,148,45-64,43779
100000,16,148,65+,44815
100000,16,149,0-5,62409
100000,16,149,6-11,62628
100000,16,149,12-17,62420
100000,16,149,18-44,61637
100000,16,149,45-64,61442
100000,16,149,65+,62084
100000,24,1,0-5,2531
100000,24,1,6-11,27
100000,24,1,12-17,660
100000,24,1,18-44,3602
100000,24,1,45-64,2945
100000,24,1,65+,2348
100000,24,2,0-5,2720
100000,24,2,6-11,32
100000,24,2,12-17,816
100000,24,2,18-44,3701
100000,24,2,45-64,3235
100000,24,2,65+,2637
100000,24,3,0-5,3080
100000,24,3,6-11,121
100000,24,3,12-17,1375
100000,24,3,18-44,3867
100000,24,3,45-64,3797
100000,24,3,65+,3174
100000,24,4,0-5,3566
100000,24,4,6-11,2171
100000,24,4,12-17,3042
100000,24,4,18-44,4029
100000,24,4,45-64,4122
100000,24,4,65+,3687
100000,24,5,0-5,3751
100000,24,5,6-11,3169
100000,24,5,12-17,3536
100000,24,5,18-44,4064
100000,24,5,45-64,4229
100000,24,5,65+,4014
100000,24,6,0-5,3792
100000,24,6,6-11,3313
100000,24,6,12-17,3649
100000,24,6,18-44,4092
100000,24,6,45-64,4234
100000,24,6,65+,4199
100000,24,7,0-5,3818
100000,24,7,6-11,3336
100000,24,7,12-17,3657
100000,24,7,18-44,4077
100000,24,7,45-64,4253
100000,24,7,65+,4290
100000,24,8,0-5,3835
100000,24,8,6-11,3353
100000,24,8,12-17,3661
100000,24,8,18-44,4090
100000,24,8,45-64,4272
100000,24,8,65+,4331
100000,24,9,0-5,3834
100000,24,9,6-11,3367
100000,24,9,12-17,3653
100000,24,9,18-44,4081
100000,24,9,45-64,4270
100000,24,9,65+,4338
100000,24,10,0-5,3821
100000,24,10,6-11,3386
100000,24,10,12-17,3645
100000,24,10,18-44,4091
100000,24,10,45-64,4253
100000,24,10,65+,4355
100000,24,11,0-5,3833
100000,24,11,6-11,3389
100000,24,11,12-17,3645
100000,24,11,18-44,4095
100000,24,11,45-64,4251
100000,24,11,65+,4319
100000,24,12,0-5,3851
100000,24,12,6-11,3420
100000,24,12,12-17,3669
100000,24,12,18-44,4074
100000,24,12,45-64,4229
100000,24,12,65+,4305
100000,24,13,0-5,3840
100000,24,13,6-11,3458
100000,24,13,12-17,3671
100000,24,13,18-44,4056
100000,24,13,45-64,4245
100000,24,13,65+,4315
100000,24,14,0-5,3804
100000,24,14,6-11,3481
100000,24,14,12-17,3668
100000,24,14,18-44,4055
100000,24,14,45-64,4257
100000,24,14,65+,4316
100000,24,15,0-5,3812
100000,24,15,6-11,3510
100000,24,15,12-17,3655
100000,24,15,18-44,4069
100000,24,15,45-64,4247
100000,24,15,65+,4324
100000,24,16,0-5,3836
100000,24,16,6-11,3532
100000,24,16,12-17,3679
100000,24,16,18-44,4081
100000,24,16,45-64,4219
100000,24,16,65+,4355
100000,24,17,0-5,3818
100000,24,17,6-11,3535
100000,24,17,12-17,3694
100000,24,17,18-44,4063
100000,24,17,45-64,4224
100000,24,17,65+,4347
100000,24,18,0-5,3851
100000,24,18,6-11,3582
100000,24,18,12-17,3730
100000,24,18,18-44,4080
100000,24,18,45-64,4230
100000,24,18,65+,4342
100000,24,19,0-5,3853
100000,24,19,6-11,3608
100000,24,19,12-17,3736
100000,24,19,18-44,4085
100000,24,19,45-64,4242
100000,24,19,65+,4314
100000,24,20,0-5,3863
100000,24,20,6-11,3619
100000,24,20,12-17,3747
100000,24,20,18-44,4042
100000,24,20,45-64,4232
100000,24,20,65+,4304
100000,24,21,0-5,3870
100000,24,21,6-11,3642
100000,24,21,12-17,3730
100000,24,21,18-44,4039
100000,24,21,45-64,4225
100000,24,21,65+,4307
100000,24,22,0-5,3891
100000,24,22,6-11,3718
100000,24,22,12-17,3736
100000,24,22,18-44,4020
100000,24,22,45-64,4230
100000,24,22,65+,4272
100000,24,23,0-5,3891
100000,24,23,6-11,3780
100000,24,23,12-17,3739
100000,24,23,18-44,3997
100000,24,23,45-64,4210
100000,24,23,65+,4255
100000,24,24,0-5,3893
100000,24,24,6-11,3787
100000,24,24,12-17,3751
100000,24,24,18-44,3979
100000,24,24,45-64,4216
100000,24,24,65+,4252
100000,24,25,0-5,3910
100000,24,25,6-11,3789
100000,24,25,12-17,3740
100000,24,25,18-44,3993
100000,24,25,45-64,4261
100000,24,25,65+,4226
100000,24,26,0-5,3898
100000,24,26,6-11,3808
100000,24,26,12-17,3730
100000,24,26,18-44,3988
100000,24,26,45-64,4244
100000,24,26,65+,4229
100000,24,27,0-5,3905
100000,24,27,6-11,3841
100000,24,27,12-17,3711
100000,24,27,18-44,3985
100000,24,27,45-64,4244
100000,24,27,65+,4233
100000,24,28,0-5,3914
100000,24,28,6-11,3891
100000,24,28,12-17,3694
100000,24,28,18-44,3995
100000,24,28,45-64,4193
100000,24,28,65+,4249
100000,24,29,0-5,3941
100000,24,29,6-11,3920
100000,24,29,12-17,3676
100000,24,29,18-44,4006
100000,24,29,45-64,4175
100000,24,29,65+,4249
100000,24,30,0-5,3998
100000,24,30,6-11,3931
100000,24,30,12-17,3701
100000,24,30,18-44,4006
100000,24,30,45-64,4161
100000,24,30,65+,4233
100000,24,31,0-5,4006
100000,24,31,6-11,3978
100000,24,31,12-17,3731
100000,24,31,18-44,3988
100000,24,31,45-64,4154
100000,24,31,65+,4214
100000,24,32,0-5,3987
100000,24,32,6-11,4005
100000,24,32,12-17,3739
100000,24,32,18-44,3984
100000,24,32,45-64,4126
100000,24,32,65+,4207
100000,24,33,0-5,3977
100000,24,33,6-11,3999
100000,24,33,12-17,3744
100000,24,33,18-44,3980
100000,24,33,45-64,4113
100000,24,33,65+,4190
100000,24,34,0-5,3973
100000,24,34,6-11,4025
100000,24,34,12-17,3747
100000,24,34,18-44,3973
100000,24,34,45-64,4082
100000,24,34,65+,4190
100000,24,35,0-5,3955
100000,24,35,6-11,4040
100000,24,35,12-17,3715
100000,24,35,18-44,3960
100000,24,35,45-64,4074
100000,24,35,65+,4150
100000,24,36,0-5,3912
100000,24,36,6-11,4057
100000,24,36,12-17,3721
100000,24,36,18-44,3929
100000,24,36,45-64,4089
100000,24,36,65+,4127
100000,24,37,0-5,3910
100000,24,37,6-11,4066
100000,24,37,12-17,3727
100000,24,37,18-44,3914
100000,24,37,45-64,4098
100000,24,37,65+,4136
100000,24,38,0-5,3907
100000,24,38,6-11,4073
100000,24,38,12-17,3725
100000,24,38,18-44,3869
100000,24,38,45-64,4060
100000,24,38,65+,4112
100000,24,39,0-5,3904
100000,24,39,6-11,4060
100000,24,39,12-17,3702
100000,24,39,18-44,3854
100000,24,39,45-64,4039
100000,24,39,65+,4123
100000,24,40,0-5,3909
100000,24,40,6-11,4048
100000,24,40,12-17,3683
100000,24,40,18-44,3843
100000,24,40,45-64,4022
100000,24,40,65+,4115
100000,24,41,0-5,3876
100000,24,41,6-11,4028
100000,24,41,12-17,3659
100000,24,41,18-44,3840
100000,24,41,45-64,4001
100000,24,41,65+,4112
100000,24,42,0-5,3872
100000,24,42,6-11,4018
100000,24,42,12-17,3676
100000,24,42,18-44,3801
100000,24,42,45-64,4017
100000,24,42,65+,4099
100000,24,43,0-5,3867
100000,24,43,6-11,4012
100000,24,43,12-17,3651
100000,24,43,18-44,3778
100000,24,43,45-64,3995
100000,24,43,65+,4091
100000,24,44,0-5,3885
100000,24,44,6-11,3988
100000,24,44,12-17,3654
100000,24,44,18-44,3779
100000,24,44,45-64,3959
100000,24,44,65+,4073
100000,24,45,0-5,3879
100000,24,45,6-11,3959
100000,24,45,12-17,3633
100000,24,45,18-44,3740
100000,24,45,45-64,3967
100000,24,45,65+,4049
100000,24,46,0-5,3898
100000,24,46,6-11,3933
100000,24,46,12-17,3653
100000,24,46,18-44,3743
100000,24,46,45-64,3931
100000,24,46,65+,4055
100000,24,47,0-5,3894
100000,24,47,6-11,3927
100000,24,47,12-17,3658
100000,24,47,18-44,3722
100000,24,47,45-64,3935
100000,24,47,65+,4052
100000,24,48,0-5,3917
100000,24,48,6-11,3923
100000,24,48,12-17,3648
100000,24,48,18-44,3723
100000,24,48,45-64,3933
100000,24,48,65+,4063
100000,24,49,0-5,3925
100000,24,49,6-11,3944
100000,24,49,12-17,3655
100000,24,49,18-44,3717
100000,24,49,45-64,3929
100000,24,49,65+,3988
100000,24,50,0-5,3915
100000,24,50,6-11,3947
100000,24,50,12-17,3629
100000,24,50,18-44,3709
100000,24,50,45-64,3920
100000,24,50,65+,4011
100000,24,51,0-5,3890
100000,24,51,6-11,3961
100000,24,51,12-17,3642
100000,24,51,18-44,3734
100000,24,51,45-64,3876
100000,24,51,65+,4016
100000,24,52,0-5,3868
100000,24,52,6-11,3955
100000,24,52,12-17,3631
100000,24,52,18-44,3742
100000,24,52,45-64,3874
100000,24,52,65+,4038
100000,24,53,0-5,3906
100000,24,53,6-11,3970
100000,24,53,12-17,3666
100000,24,53,18-44,3735
100000,24,53,45-64,3888
100000,24,53,65+,4024
100000,24,54,0-5,3901
100000,24,54,6-11,3952
100000,24,54,12-17,3648
100000,24,54,18-44,3720
100000,24,54,45-64,3900
100000,24,54,65+,4056
100000,24,55,0-5,3904
100000,24,55,6-11,3945
100000,24,55,12-17,3644
100000,24,55,18-44,3694
100000,24,55,45-64,3900
100000,24,55,65+,4064
100000,24,56,0-5,3894
100000,24,56,6-11,3937
100000,24,56,12-17,3668
100000,24,56,18-44,3699
100000,24,56,45-64,3905
100000,24,56,65+,4047
100000,24,57,0-5,3899
100000,24,57,6-11,3930
100000,24,57,12-17,3657
100000,24,57,18-44,3730
100000,24,57,45-64,3923
100000,24,57,65+,4042
100000,24,58,0-5,3898
100000,24,58,6-11,3924
100000,24,58,12-17,3668
100000,24,58,18-44,3714
100000,24,58,45-64,3940
100000,24,58,65+,4035
100000,24,59,0-5,3909
100000,24,59,6-11,3928
100000,24,59,12-17,3680
100000,24,59,18-44,3699
100000,24,59,45-64,3912
100000,24,59,65+,4038
100000,24,60,0-5,3900
100000,24,60,6-11,3949
100000,24,60,12-17,3648
100000,24,60,18-44,3716
100000,24,60,45-64,3911
100000,24,60,65+,4016
100000,24,61,0-5,3866
100000,24,61,6-11,3929
100000,24,61,12-17,3657
100000,24,61,18-44,3727
100000,24,61,45-64,3895
100000,24,61,65+,4022
100000,24,62,0-5,3830
100000,24,62,6-11,3955
100000,24,62,12-17,3667
100000,24,62,18-44,3701
100000,24,62,45-64,3902
100000,24,62,65+,3999
100000,24,63,0-5,3862
100000,24,63,6-11,3985
100000,24,63,12-17,3653
100000,24,63,18-44,3693
100000,24,63,45-64,3897
100000,24,63,65+,3978
100000,24,64,0-5,3878
100000,24,64,6-11,3979
100000,24,64,12-17,3659
100000,24,64,18-44,3694
100000,24,64,45-64,3891
100000,24,64,65+,4014
100000,24,65,0-5,3903
100000,24,65,6-11,3991
100000,24,65,12-17,3673
100000,24,65,18-44,3674
100000,24,65,45-64,3890
100000,24,65,65+,4035
100000,24,66,0-5,3896
100000,24,66,6-11,3972
100000,24,66,12-17,3651
100000,24,66,18-44,3694
100000,24,66,45-64,3887
100000,24,66,65+,4051
100000,24,67,0-5,3893
100000,24,67,6-11,3978
100000,24,67,12-17,3640
100000,24,67,18-44,3674
100000,24,67,45-64,3912
100000,24,67,65+,4036
100000,24,68,0-5,3889
100000,24,68,6-11,3978
100000,24,68,12-17,3649
100000,24,68,18-44,3691
100000,24,68,45-64,3878
100000,24,68,65+,4013
100000,24,69,0-5,3899
100000,24,69,6-11,3955
100000,24,69,12-17,3645
100000,24,69,18-44,3706
100000,24,69,45-64,3870
100000,24,69,65+,4020
100000,24,70,0-5,3893
100000,24,70,6-11,3954
100000,24,70,12-17,3679
100000,24,70,18-44,3701
100000,24,70,45-64,3859
100000,24,70,65+,4030
100000,24,71,0-5,3886
100000,24,71,6-11,3981
100000,24,71,12-17,3695
100000,24,71,18-44,3689
100000,24,71,45-64,3842
100000,24,71,65+,4023
100000,24,72,0-5,3898
100000,24,72,6-11,4002
100000,24,72,12-17,3704
100000,24,72,18-44,3685
100000,24,72,45-64,3856
100000,24,72,65+,4027
100000,24,73,0-5,3904
100000,24,73,6-11,4008
100000,24,73,12-17,3704
100000,24,73,18-44,3655
100000,24,73,45-64,3843
100000,24,73,65+,4033
100000,24,74,0-5,3902
100000,24,74,6-11,4006
100000,24,74,12-17,3728
100000,24,74,18-44,3669
100000,24,74,45-64,3855
100000,24,74,65+,3994
100000,24,75,0-5,3881
100000,24,75,6-11,4008
100000,24,75,12-17,3738
100000,24,75,18-44,3695
100000,24,75,45-64,3833
100000,24,75,65+,4011
100000,24,76,0-5,3901
100000,24,76,6-11,4034
100000,24,76,12-17,3726
100000,24,76,18-44,3702
100000,24,76,45-64,3827
100000,24,76,65+,4008
100000,24,77,0-5,3904
100000,24,77,6-11,4014
100000,24,77,12-17,3706
100000,24,77,18-44,3683
100000,24,77,45-64,3829
100000,24,77,65+,4034
100000,24,78,0-5,3913
100000,24,78,6-11,3995
100000,24,78,12-17,3709
100000,24,78,18-44,3681
100000,24,78,45-64,3840
100000,24,78,65+,4069
100000,24,79,0-5,3938
100000,24,79,6-11,4021
100000,24,79,12-17,3686
100000,24,79,18-44,3699
100000,24,79,45-64,3831
100000,24,79,65+,4090
100000,24,80,0-5,3933
100000,24,80,6-11,4042
100000,24,80,12-17,3693
100000,24,80,18-44,3698
100000,24,80,45-64,3851
100000,24,80,65+,4085
100000,24,81,0-5,3960
100000,24,81,6-11,4011
100000,24,81,12-17,3684
100000,24,81,18-44,3692
100000,24,81,45-64,3850
100000,24,81,65+,4075
100000,24,82,0-5,3945
100000,24,82,6-11,4012
100000,24,82,12-17,3701
100000,24,82,18-44,3702
100000,24,82,45-64,3847
100000,24,82,65+,4054
100000,24,83,0-5,3943
100000,24,83,6-11,4035
100000,24,83,12-17,3710
100000,24,83,18-44,3719
100000,24,83,45-64,3838
100000,24,83,65+,4063
100000,24,84,0-5,3946
100000,24,84,6-11,4037
100000,24,84,12-17,3717
100000,24,84,18-44,3706
100000,24,84,45-64,3851
100000,24,84,65+,4062
100000,24,85,0-5,3960
100000,24,85,6-11,4056
100000,24,85,12-17,3731
100000,24,85,18-44,3716
100000,24,85,45-64,3847
100000,24,85,65+,4053
100000,24,86,0-5,3995
100000,24,86,6-11,4099
100000,24,86,12-17,3741
100000,24,86,18-44,3674
100000,24,86,45-64,3845
100000,24,86,65+,4075
100000,24,87,0-5,3997
100000,24,87,6-11,4116
100000,24,87,12-17,3747
100000,24,87,18-44,3664
100000,24,87,45-64,3830
100000,24,87,65+,4057
100000,24,88,0-5,4001
100000,24,88,6-11,4158
100000,24,88,12-17,3718
100000,24,88,18-44,3690
100000,24,88,45-64,3826
100000,24,88,65+,4038
100000,24,89,0-5,3980
100000,24,89,6-11,4161
100000,24,89,12-17,3735
100000,24,89,18-44,3686
100000,24,89,45-64,3838
100000,24,89,65+,4074
100000,24,90,0-5,3941
100000,24,90,6-11,4164
100000,24,90,12-17,3748
100000,24,90,18-44,3685
100000,24,90,45-64,3855
100000,24,90,65+,4102
100000,24,91,0-5,3947
100000,24,91,6-11,4188
100000,24,91,12-17,3731
100000,24,91,18-44,3672
100000,24,91,45-64,3850
100000,24,91,65+,4102
100000,24,92,0-5,3970
100000,24,92,6-11,4198
100000,24,92,12-17,3738
100000,24,92,18-44,3666
100000,24,92,45-64,3832
100000,24,92,65+,4123
100000,24,93,0-5,3985
100000,24,93,6-11,4219
100000,24,93,12-17,3750
100000,24,93,18-44,3670
100000,24,93,45-64,3829
100000,24,93,65+,4129
100000,24,94,0-5,4025
100000,24,94,6-11,4235
100000,24,94,12-17,3781
100000,24,94,18-44,3682
100000,24,94,45-64,3854
100000,24,94,65+,4125
100000,24,95,0-5,4021
100000,24,95,6-11,4240
100000,24,95,12-17,3776
100000,24,95,18-44,3669
100000,24,95,45-64,3871
100000,24,95,65+,4123
100000,24,96,0-5,4025
100000,24,96,6-11,4273
100000,24,96,12-17,3796
100000,24,96,18-44,3687
100000,24,96,45-64,3859
100000,24,96,65+,4131
100000,24,97,0-5,4015
100000,24,97,6-11,4272
100000,24,97,12-17,3801
100000,24,97,18-44,3662
100000,24,97,45-64,3836
100000,24,97,65+,4103
100000,24,98,0-5,4002
100000,24,98,6-11,4269
100000,24,98,12-17,3790
100000,24,98,18-44,3652
100000,24,98,45-64,3833
100000,24,98,65+,4087
100000,24,99,0-5,4025
100000,24,99,6-11,4274
100000,24,99,12-17,3811
100000,24,99,18-44,3636
100000,24,99,45-64,3838
100000,24,99,65+,4056
100000,24,100,0-5,4009
100000,24,100,6-11,4294
100000,24,100,12-17,3857
100000,24,100,18-44,3626
100000,24,100,45-64,3842
100000,24,100,65+,4035
100000,24,101,0-5,4028
100000,24,101,6-11,4293
100000,24,101,12-17,3836
100000,24,101,18-44,3640
100000,24,101,45-64,3851
100000,24,101,65+,4015
100000,24,102,0-5,4026
100000,24,102,6-11,4284
100000,24,102,12-17,3843
100000,24,102,18-44,3673
100000,24,102,45-64,3851
100000,24,102,65+,4011
100000,24,103,0-5,4033
100000,24,103,6-11,4298
100000,24,103,12-17,3852
100000,24,103,18-44,3677
100000,24,103,45-64,3819
100000,24,103,65+,4023
100000,24,104,0-5,4042
100000,24,104,6-11,4306
100000,24,104,12-17,3860
100000,24,104,18-44,3675
100000,24,104,45-64,3832
100000,24,104,65+,3994
100000,24,105,0-5,4050
100000,24,105,6-11,4298
100000,24,105,12-17,3853
100000,24,105,18-44,3660
100000,24,105,45-64,3842
100000,24,105,65+,4026
100000,24,106,0-5,4062
100000,24,106,6-11,4334
100000,24,106,12-17,3868
100000,24,106,18-44,3679
100000,24,106,45-64,3853
100000,24,106,65+,4056
100000,24,107,0-5,4097
100000,24,107,6-11,4346
100000,24,107,12-17,3870
100000,24,107,18-44,3674
100000,24,107,45-64,3864
100000,24,107,65+,4043
100000,24,108,0-5,4092
100000,24,108,6-11,4367
100000,24,108,12-17,3878
100000,24,108,18-44,3675
100000,24,108,45-64,3872
100000,24,108,65+,4048
100000,24,109,0-5,4154
100000,24,109,6-11,4416
100000,24,109,12-17,3885
100000,24,109,18-44,3692
100000,24,109,45-64,3833
100000,24,109,65+,4036
100000,24,110,0-5,4156
100000,24,110,6-11,4433
100000,24,110,12-17,3897
100000,24,110,18-44,3686
100000,24,110,45-64,3841
100000,24,110,65+,4018
100000,24,111,0-5,4177
100000,24,111,6-11,4505
100000,24,111,12-17,3909
100000,24,111,18-44,3708
100000,24,111,45-64,3834
100000,24,111,65+,4023
100000,24,112,0-5,4198
100000,24,112,6-11,4542
100000,24,112,12-17,3932
100000,24,112,18-44,3717
100000,24,112,45-64,3847
100000,24,112,65+,4001
100000,24,113,0-5,4237
100000,24,113,6-11,4574
100000,24,113,12-17,3945
100000,24,113,18-44,3731
100000,24,113,45-64,3837
100000,24,113,65+,4007
100000,24,114,0-5,4259
100000,24,114,6-11,4588
100000,24,114,12-17,3959
100000,24,114,18-44,3728
100000,24,114,45-64,3833
100000,24,114,65+,4022
100000,24,115,0-5,4262
100000,24,115,6-11,4641
100000,24,115,12-17,3972
100000,24,115,18-44,3738
100000,24,115,45-64,3808
100000,24,115,65+,4034
100000,24,116,0-5,4277
100000,24,116,6-11,4671
100000,24,116,12-17,3993
100000,24,116,18-44,3757
100000,24,116,45-64,3828
100000,24,116,65+,4081
100000,24,117,0-5,4295
100000,24,117,6-11,4688
100000,24,117,12-17,4025
100000,24,117,18-44,3734
100000,24,117,45-64,3809
100000,24,117,65+,4091
100000,24,118,0-5,4319
100000,24,118,6-11,4750
100000,24,118,12-17,4065
100000,24,118,18-44,3711
100000,24,118,45-64,3791
100000,24,118,65+,4133
100000,24,119,0-5,4330
100000,24,119,6-11,4783
100000,24,119,12-17,4089
100000,24,119,18-44,3721
100000,24,119,45-64,3837
100000,24,119,65+,4164
100000,24,120,0-5,4363
100000,24,120,6-11,4838
100000,24,120,12-17,4127
100000,24,120,18-44,3708
100000,24,120,45-64,3876
100000,24,120,65+,4191
100000,24,121,0-5,4415
100000,24,121,6-11,4862
100000,24,121,12-17,4135
100000,24,121,18-44,3708
100000,24,121,45-64,3911
100000,24,121,65+,4194
100000,24,122,0-5,4457
100000,24,122,6-11,4926
100000,24,122,12-17,4117
100000,24,122,18-44,3714
100000,24,122,45-64,3913
100000,24,122,65+,4201
100000,24,123,0-5,4519
100000,24,123,6-11,4956
100000,24,123,12-17,4150
100000,24,123,18-44,3695
100000,24,123,45-64,3896
100000,24,123,65+,4250
100000,24,124,0-5,4538
100000,24,124,6-11,5016
100000,24,124,12-17,4154
100000,24,124,18-44,3717
100000,24,124,45-64,3896
100000,24,124,65+,4273
100000,24,125,0-5,4559
100000,24,125,6-11,5043
100000,24,125,12-17,4184
100000,24,125,18-44,3712
100000,24,125,45-64,3900
100000,24,125,65+,4279
100000,24,126,0-5,4767
100000,24,126,6-11,5253
100000,24,126,12-17,4387
100000,24,126,18-44,3888
100000,24,126,45-64,4078
100000,24,126,65+,4448
100000,24,127,0-5,5000
100000,24,127,6-11,5503
100000,24,127,12-17,4627
100000,24,127,18-44,4058
100000,24,127,45-64,4256
100000,24,127,65+,4647
100000,24,128,0-5,5270
100000,24,128,6-11,5767
100000,24,128,12-17,4849
100000,24,128,18-44,4249
100000,24,128,45-64,4461
100000,24,128,65+,4864
100000,24,129,0-5,5560
100000,24,129,6-11,6101
100000,24,129,12-17,5126
100000,24,129,18-44,4446
100000,24,129,45-64,4702
100000,24,129,65+,5108
100000,24,130,0-5,5859
100000,24,130,6-11,6456
100000,24,130,12-17,5407
100000,24,130,18-44,4686
100000,24,130,45-64,4948
100000,24,130,65+,5368
100000,24,131,0-5,6229
100000,24,131,6-11,6814
100000,24,131,12-17,5717
100000,24,131,18-44,4950
100000,24,131,45-64,5201
100000,24,131,65+,5666
100000,24,132,0-5,6626
100000,24,132,6-11,7197
100000,24,132,12-17,6048
100000,24,132,18-44,5261
100000,24,132,45-64,5506
100000,24,132,65+,6011
100000,24,133,0-5,7032
100000,24,133,6-11,7634
100000,24,133,12-17,6467
100000,24,133,18-44,5584
100000,24,133,45-64,5835
100000,24,133,65+,6407
100000,24,134,0-5,7504
100000,24,134,6-11,8135
100000,24,134,12-17,6913
100000,24,134,18-44,5971
100000,24,134,45-64,6226
100000,24,134,65+,6822
100000,24,135,0-5,8054
100000,24,135,6-11,8730
100000,24,135,12-17,7423
100000,24,135,18-44,6380
100000,24,135,45-64,6697
100000,24,135,65+,7302
100000,24,136,0-5,8691
100000,24,136,6-11,9415
100000,24,136,12-17,8018
100000,24,136,18-44,6889
100000,24,136,45-64,7219
100000,24,136,65+,7845
100000,24,137,0-5,9404
100000,24,137,6-11,10217
100000,24,137,12-17,8699
100000,24,137,18-44,7456
100000,24,137,45-64,7787
100000,24,137,65+,8492
100000,24,138,0-5,10275
100000,24,138,6-11,11123
100000,24,138,12-17,9455
100000,24,138,18-44,8105
100000,24,138,45-64,8441
100000,24,138,65+,9209
100000,24,139,0-5,11267
100000,24,139,6-11,12218
100000,24,139,12-17,10387
100000,24,139,18-44,8886
100000,24,139,45-64,9222
100000,24,139,65+,10077
100000,24,140,0-5,12374
100000,24,140,6-11,13463
100000,24,140,12-17,11473
100000,24,140,18-44,9858
100000,24,140,45-64,10216
100000,24,140,65+,11121
100000,24,141,0-5,13800
100000,24,141,6-11,14995
100000,24,141,12-17,12908
100000,24,141,18-44,11108
100000,24,141,45-64,11473
100000,24,141,65+,12384
100000,24,142,0-5,15535
100000,24,142,6-11,16843
100000,24,142,12-17,14615
100000,24,142,18-44,12633
100000,24,142,45-64,13030
100000,24,142,65+,14054
100000,24,143,0-5,17784
100000,24,143,6-11,19051
100000,24,143,12-17,16867
100000,24,143,18-44,14600
100000,24,143,45-64,15026
100000,24,143,65+,16156
100000,24,144,0-5,20561
100000,24,144,6-11,21856
100000,24,144,12-17,19646
100000,24,144,18-44,17247
100000,24,144,45-64,17651
100000,24,144,65+,18916
100000,24,145,0-5,24100
100000,24,145,6-11,25337
100000,24,145,12-17,23365
100000,24,145,18-44,20791
100000,24,145,45-64,21235
100000,24,145,65+,22574
100000,24,146,0-5,28949
100000,24,146,6-11,29995
100000,24,146,12-17,28244
100000,24,146,18-44,25768
100000,24,146,45-64,26213
100000,24,146,65+,27624
100000,24,147,0-5,35551
100000,24,147,6-11,36485
100000,24,147,12-17,35045
100000,24,147,18-44,32882
100000,24,147,45-64,33265
100000,24,147,65+,34616
100000,24,148,0-5,45556
100000,24,148,6-11,46180
100000,24,148,12-17,45181
100000,24,148,18-44,43710
100000,24,148,45-64,43779
100000,24,148,65+,44815
100000,24,149,0-5,62409
100000,24,149,6-11,62628
100000,24,149,12-17,62420
100000,24,149,18-44,61637
100000,24,149,45-64,61442
100000,24,149,65+,62084
100000,32,1,0-5,2071
100000,32,1,6-11,25
100000,32,1,12-17,594
100000,32,1,18-44,2787
100000,32,1,45-64,2411
100000,32,1,65+,1968
100000,32,2,0-5,2195
100000,32,2,6-11,29
100000,32,2,12-17,722
100000,32,2,18-44,2848
100000,32,2,45-64,2627
100000,32,2,65+,2160
100000,32,3,0-5,2449
100000,32,3,6-11,115
100000,32,3,12-17,1196
100000,32,3,18-44,2953
100000,32,3,45-64,2970
100000,32,3,65+,2519
100000,32,4,0-5,2741
100000,32,4,6-11,1837
100000,32,4,12-17,2361
100000,32,4,18-44,3040
100000,32,4,45-64,3147
100000,32,4,65+,2862
100000,32,5,0-5,2848
100000,32,5,6-11,2489
100000,32,5,12-17,2667
100000,32,5,18-44,3063
100000,32,5,45-64,3211
100000,32,5,65+,3078
100000,32,6,0-5,2863
100000,32,6,6-11,2570
100000,32,6,12-17,2724
100000,32,6,18-44,3059
100000,32,6,45-64,3227
100000,32,6,65+,3183
100000,32,7,0-5,2866
100000,32,7,6-11,2594
100000,32,7,12-17,2738
100000,32,7,18-44,3082
100000,32,7,45-64,3226
100000,32,7,65+,3264
100000,32,8,0-5,2867
100000,32,8,6-11,2614
100000,32,8,12-17,2759
100000,32,8,18-44,3085
100000,32,8,45-64,3225
100000,32,8,65+,3301
100000,32,9,0-5,2868
100000,32,9,6-11,2624
100000,32,9,12-17,2764
100000,32,9,18-44,3089
100000,32,9,45-64,3220
100000,32,9,65+,3287
100000,32,10,0-5,2872
100000,32,10,6-11,2651
100000,32,10,12-17,2782
100000,32,10,18-44,3056
100000,32,10,45-64,3201
100000,32,10,65+,3292
100000,32,11,0-5,2870
100000,32,11,6-11,2668
100000,32,11,12-17,2789
100000,32,11,18-44,3059
100000,32,11,45-64,3224
100000,32,11,65+,3263
100000,32,12,0-5,2892
100000,32,12,6-11,2665
100000,32,12,12-17,2782
100000,32,12,18-44,3057
100000,32,12,45-64,3224
100000,32,12,65+,3284
100000,32,13,0-5,2900
100000,32,13,6-11,2682
100000,32,13,12-17,2794
100000,32,13,18-44,3032
100000,32,13,45-64,3203
100000,32,13,65+,3273
100000,32,14,0-5,2910
100000,32,14,6-11,2706
100000,32,14,12-17,2782
100000,32,14,18-44,3027
100000,32,14,45-64,3197
100000,32,14,65+,3259
100000,32,15,0-5,2916
100000,32,15,6-11,2725
100000,32,15,12-17,2772
100000,32,15,18-44,3021
100000,32,15,45-64,3184
100000,32,15,65+,3247
100000,32,16,0-5,2933
100000,32,16,6-11,2734
100000,32,16,12-17,2792
100000,32,16,18-44,3022
100000,32,16,45-64,3187
100000,32,16,65+,3260
100000,32,17,0-5,2929
100000,32,17,6-11,2726
100000,32,17,12-17,2781
100000,32,17,18-44,3030
100000,32,17,45-64,3199
100000,32,17,65+,3235
100000,32,18,0-5,2931
100000,32,18,6-11,2735
100000,32,18,12-17,2799
100000,32,18,18-44,3047
100000,32,18,45-64,3185
100000,32,18,65+,3239
100000,32,19,0-5,2942
100000,32,19,6-11,2757
100000,32,19,12-17,2793
100000,32,19,18-44,3037
100000,32,19,45-64,3196
100000,32,19,65+,3228
100000,32,20,0-5,2949
100000,32,20,6-11,2770
100000,32,20,12-17,2787
100000,32,20,18-44,3013
100000,32,20,45-64,3168
100000,32,20,65+,3226
100000,32,21,0-5,2961
100000,32,21,6-11,2794
100000,32,21,12-17,2773
100000,32,21,18-44,3022
100000,32,21,45-64,3173
100000,32,21,65+,3230
100000,32,22,0-5,2993
100000,32,22,6-11,2835
100000,32,22,12-17,2781
100000,32,22,18-44,3020
100000,32,22,45-64,3159
100000,32,22,65+,3201
100000,32,23,0-5,2985
100000,32,23,6-11,2863
100000,32,23,12-17,2811
100000,32,23,18-44,3026
100000,32,23,45-64,3151
100000,32,23,65+,3184
100000,32,24,0-5,2984
100000,32,24,6-11,2872
100000,32,24,12-17,2832
100000,32,24,18-44,3021
100000,32,24,45-64,3133
100000,32,24,65+,3189
100000,32,25,0-5,2980
100000,32,25,6-11,2880
100000,32,25,12-17,2826
100000,32,25,18-44,3022
100000,32,25,45-64,3155
100000,32,25,65+,3170
100000,32,26,0-5,2956
100000,32,26,6-11,2905
100000,32,26,12-17,2814
100000,32,26,18-44,3011
100000,32,26,45-64,3140
100000,32,26,65+,3174
100000,32,27,0-5,2937
100000,32,27,6-11,2926
100000,32,27,12-17,2816
100000,32,27,18-44,3004
100000,32,27,45-64,3133
100000,32,27,65+,3162
100000,32,28,0-5,2912
100000,32,28,6-11,2955
100000,32,28,12-17,2801
100000,32,28,18-44,2982
100000,32,28,45-64,3108
100000,32,28,65+,3157
100000,32,29,0-5,2936
100000,32,29,6-11,2951
100000,32,29,12-17,2794
100000,32,29,18-44,2972
100000,32,29,45-64,3108
100000,32,29,65+,3144
100000,32,30,0-5,2943
100000,32,30,6-11,2961
100000,32,30,12-17,2792
100000,32,30,18-44,2954
100000,32,30,45-64,3110
100000,32,30,65+,3139
100000,32,31,0-5,2958
100000,32,31,6-11,2990
100000,32,31,12-17,2789
100000,32,31,18-44,2948
100000,32,31,45-64,3086
100000,32,31,65+,3134
100000,32,32,0-5,2939
100000,32,32,6-11,3002
100000,32,32,12-17,2796
100000,32,32,18-44,2938
100000,32,32,45-64,3065
100000,32,32,65+,3144
100000,32,33,0-5,2921
100000,32,33,6-11,3001
100000,32,33,12-17,2801
100000,32,33,18-44,2939
100000,32,33,45-64,3020
100000,32,33,65+,3130
100000,32,34,0-5,2926
100000,32,34,6-11,3008
100000,32,34,12-17,2794
100000,32,34,18-44,2927
100000,32,34,45-64,3022
100000,32,34,65+,3118
100000,32,35,0-5,2928
100000,32,35,6-11,3014
100000,32,35,12-17,2787
100000,32,35,18-44,2909
100000,32,35,45-64,3018
100000,32,35,65+,3107
100000,32,36,0-5,2905
100000,32,36,6-11,3016
100000,32,36,12-17,2789
100000,32,36,18-44,2901
100000,32,36,45-64,3028
100000,32,36,65+,3097
100000,32,37,0-5,2890
100000,32,37,6-11,3011
100000,32,37,12-17,2778
100000,32,37,18-44,2863
100000,32,37,45-64,3030
100000,32,37,65+,3076
100000,32,38,0-5,2896
100000,32,38,6-11,3012
100000,32,38,12-17,2771
100000,32,38,18-44,2842
100000,32,38,45-64,3001
100000,32,38,65+,3074
100000,32,39,0-5,2923
100000,32,39,6-11,3013
100000,32,39,12-17,2747
100000,32,39,18-44,2823
100000,32,39,45-64,3002
100000,32,39,65+,3092
100000,32,40,0-5,2948
100000,32,40,6-11,3012
100000,32,40,12-17,2719
100000,32,40,18-44,2825
100000,32,40,45-64,2990
100000,32,40,65+,3064
100000,32,41,0-5,2925
100000,32,41,6-11,2999
100000,32,41,12-17,2706
100000,32,41,18-44,2828
100000,32,41,45-64,2980
100000,32,41,65+,3025
100000,32,42,0-5,2917
100000,32,42,6-11,2994
100000,32,42,12-17,2713
100000,32,42,18-44,2813
100000,32,42,45-64,2981
100000,32,42,65+,3036
100000,32,43,0-5,2919
100000,32,43,6-11,2983
100000,32,43,12-17,2737
100000,32,43,18-44,2819
100000,32,43,45-64,2960
100000,32,43,65+,3034
100000,32,44,0-5,2932
100000,32,44,6-11,2973
100000,32,44,12-17,2737
100000,32,44,18-44,2820
100000,32,44,45-64,2962
100000,32,44,65+,3041
100000,32,45,0-5,2947
100000,32,45,6-11,2965
100000,32,45,12-17,2744
100000,32,45,18-44,2799
100000,32,45,45-64,2962
100000,32,45,65+,3020
100000,32,46,0-5,2969
100000,32,46,6-11,2962
100000,32,46,12-17,2742
100000,32,46,18-44,2805
100000,32,46,45-64,2959
100000,32,46,65+,3022
100000,32,47,0-5,2945
100000,32,47,6-11,2972
100000,32,47,12-17,2753
100000,32,47,18-44,2798
100000,32,47,45-64,2962
100000,32,47,65+,3025
100000,32,48,0-5,2940
100000,32,48,6-11,2956
100000,32,48,12-17,2758
100000,32,48,18-44,2782
100000,32,48,45-64,2961
100000,32,48,65+,3024
100000,32,49,0-5,2955
100000,32,49,6-11,2961
100000,32,49,12-17,2745
100000,32,49,18-44,2779
100000,32,49,45-64,2969
100000,32,49,65+,3009
100000,32,50,0-5,2948
100000,32,50,6-11,2966
100000,32,50,12-17,2725
100000,32,50,18-44,2765
100000,32,50,45-64,2973
100000,32,50,65+,3011
100000,32,51,0-5,2924
100000,32,51,6-11,2949
100000,32,51,12-17,2727
100000,32,51,18-44,2762
100000,32,51,45-64,2948
100000,32,51,65+,3017
100000,32,52,0-5,2899
100000,32,52,6-11,2935
100000,32,52,12-17,2684
100000,32,52,18-44,2773
100000,32,52,45-64,2957
100000,32,52,65+,3025
100000,32,53,0-5,2905
100000,32,53,6-11,2924
100000,32,53,12-17,2720
100000,32,53,18-44,2785
100000,32,53,45-64,2967
100000,32,53,65+,3023
100000,32,54,0-5,2883
100000,32,54,6-11,2935
100000,32,54,12-17,2743
100000,32,54,18-44,2784
100000,32,54,45-64,2948
100000,32,54,65+,3033
100000,32,55,0-5,2909
100000,32,55,6-11,2945
100000,32,55,12-17,2749
100000,32,55,18-44,2760
100000,32,55,45-64,2928
100000,32,55,65+,3029
100000,32,56,0-5,2913
100000,32,56,6-11,2955
100000,32,56,12-17,2758
100000,32,56,18-44,2759
100000,32,56,45-64,2925
100000,32,56,65+,3030
100000,32,57,0-5,2928
100000,32,57,6-11,2969
100000,32,57,12-17,2770
100000,32,57,18-44,2755
100000,32,57,45-64,2920
100000,32,57,65+,3051
100000,32,58,0-5,2919
100000,32,58,6-11,2959
100000,32,58,12-17,2764
100000,32,58,18-44,2779
100000,32,58,45-64,2921
100000,32,58,65+,3032
100000,32,59,0-5,2917
100000,32,59,6-11,2966
100000,32,59,12-17,2763
100000,32,59,18-44,2770
100000,32,59,45-64,2932
100000,32,59,65+,3041
100000,32,60,0-5,2909
100000,32,60,6-11,3000
100000,32,60,12-17,2757
100000,32,60,18-44,2788
100000,32,60,45-64,2919
100000,32,60,65+,3030
100000,32,61,0-5,2892
100000,32,61,6-11,2990
100000,32,61,12-17,2754
100000,32,61,18-44,2793
100000,32,61,45-64,2931
100000,32,61,65+,3041
100000,32,62,0-5,2883
100000,32,62,6-11,2980
100000,32,62,12-17,2761
100000,32,62,18-44,2783
100000,32,62,45-64,2935
100000,32,62,65+,3025
100000,32,63,0-5,2876
100000,32,63,6-11,2973
100000,32,63,12-17,2750
100000,32,63,18-44,2782
100000,32,63,45-64,2935
100000,32,63,65+,3007
100000,32,64,0-5,2881
100000,32,64,6-11,2955
100000,32,64,12-17,2757
100000,32,64,18-44,2773
100000,32,64,45-64,2913
100000,32,64,65+,3027
100000,32,65,0-5,2891
100000,32,65,6-11,2973
100000,32,65,12-17,2755
100000,32,65,18-44,2756
100000,32,65,45-64,2912
100000,32,65,65+,3042
100000,32,66,0-5,2905
100000,32,66,6-11,2961
100000,32,66,12-17,2774
100000,32,66,18-44,2754
100000,32,66,45-64,2901
100000,32,66,65+,3026
100000,32,67,0-5,2926
100000,32,67,6-11,2974
100000,32,67,12-17,2776
100000,32,67,18-44,2750
100000,32,67,45-64,2910
100000,32,67,65+,3026
100000,32,68,0-5,2937
100000,32,68,6-11,2974
100000,32,68,12-17,2771
100000,32,68,18-44,2762
100000,32,68,45-64,2903
100000,32,68,65+,3035
100000,32,69,0-5,2946
100000,32,69,6-11,2987
100000,32,69,12-17,2759
100000,32,69,18-44,2757
100000,32,69,45-64,2881
100000,32,69,65+,3048
100000,32,70,0-5,2953
100000,32,70,6-11,2995
100000,32,70,12-17,2768
100000,32,70,18-44,2764
100000,32,70,45-64,2880
100000,32,70,65+,3034
100000,32,71,0-5,2958
100000,32,71,6-11,3015
100000,32,71,12-17,2771
100000,32,71,18-44,2785
100000,32,71,45-64,2870
100000,32,71,65+,3037
100000,32,72,0-5,2970
100000,32,72,6-11,3044
100000,32,72,12-17,2778
100000,32,72,18-44,2793
100000,32,72,45-64,2885
100000,32,72,65+,3037
100000,32,73,0-5,2979
100000,32,73,6-11,3055
100000,32,73,12-17,2779
100000,32,73,18-44,2774
100000,32,73,45-64,2880
100000,32,73,65+,3025
100000,32,74,0-5,2962
100000,32,74,6-11,3061
100000,32,74,12-17,2785
100000,32,74,18-44,2774
100000,32,74,45-64,2886
100000,32,74,65+,3012
100000,32,75,0-5,2971
100000,32,75,6-11,3052
100000,32,75,12-17,2778
100000,32,75,18-44,2791
100000,32,75,45-64,2866
100000,32,75,65+,3021
100000,32,76,0-5,2961
100000,32,76,6-11,3061
100000,32,76,12-17,2788
100000,32,76,18-44,2775
100000,32,76,45-64,2861
100000,32,76,65+,3020
100000,32,77,0-5,2964
100000,32,77,6-11,3043
100000,32,77,12-17,2777
100000,32,77,18-44,2784
100000,32,77,45-64,2861
100000,32,77,65+,3042
100000,32,78,0-5,2967
100000,32,78,6-11,3047
100000,32,78,12-17,2770
100000,32,78,18-44,2773
100000,32,78,45-64,2878
100000,32,78,65+,3083
100000,32,79,0-5,2983
100000,32,79,6-11,3067
100000,32,79,12-17,2776
100000,32,79,18-44,2780
100000,32,79,45-64,2856
100000,32,79,65+,3085
100000,32,80,0-5,2961
100000,32,80,6-11,3104
100000,32,80,12-17,2778
100000,32,80,18-44,2784
100000,32,80,45-64,2842
100000,32,80,65+,3064
100000,32,81,0-5,2988
100000,32,81,6-11,3113
100000,32,81,12-17,2786
100000,32,81,18-44,2781
100000,32,81,45-64,2846
100000,32,81,65+,3059
100000,32,82,0-5,2976
100000,32,82,6-11,3122
100000,32,82,12-17,2791
100000,32,82,18-44,2803
100000,32,82,45-64,2865
100000,32,82,65+,3056
100000,32,83,0-5,2972
100000,32,83,6-11,3142
100000,32,83,12-17,2792
100000,32,83,18-44,2798
100000,32,83,45-64,2851
100000,32,83,65+,3079
100000,32,84,0-5,2976
100000,32,84,6-11,3147
100000,32,84,12-17,2793
100000,32,84,18-44,2802
100000,32,84,45-64,2856
100000,32,84,65+,3071
100000,32,85,0-5,2968
100000,32,85,6-11,3155
100000,32,85,12-17,2794
100000,32,85,18-44,2787
100000,32,85,45-64,2853
100000,32,85,65+,3087
100000,32,86,0-5,2977
100000,32,86,6-11,3172
100000,32,86,12-17,2793
100000,32,86,18-44,2762
100000,32,86,45-64,2850
100000,32,86,65+,3070
100000,32,87,0-5,2986
100000,32,87,6-11,3163
100000,32,87,12-17,2783
100000,32,87,18-44,2748
100000,32,87,45-64,2866
100000,32,87,65+,3062
100000,32,88,0-5,3012
100000,32,88,6-11,3168
100000,32,88,12-17,2772
100000,32,88,18-44,2756
100000,32,88,45-64,2862
100000,32,88,65+,3077
100000,32,89,0-5,3001
100000,32,89,6-11,3154
100000,32,89,12-17,2791
100000,32,89,18-44,2754
100000,32,89,45-64,2852
100000,32,89,65+,3096
100000,32,90,0-5,2982
100000,32,90,6-11,3156
100000,32,90,12-17,2814
100000,32,90,18-44,2739
100000,32,90,45-64,2854
100000,32,90,65+,3098
100000,32,91,0-5,2983
100000,32,91,6-11,3179
100000,32,91,12-17,2828
100000,32,91,18-44,2717
100000,32,91,45-64,2862
100000,32,91,65+,3085
100000,32,92,0-5,2990
100000,32,92,6-11,3172
100000,32,92,12-17,2856
100000,32,92,18-44,2712
100000,32,92,45-64,2860
100000,32,92,65+,3089
100000,32,93,0-5,3010
100000,32,93,6-11,3178
100000,32,93,12-17,2860
100000,32,93,18-44,2733
100000,32,93,45-64,2881
100000,32,93,65+,3075
100000,32,94,0-5,3016
100000,32,94,6-11,3173
100000,32,94,12-17,2858
100000,32,94,18-44,2743
100000,32,94,45-64,2896
100000,32,94,65+,3072
100000,32,95,0-5,3036
100000,32,95,6-11,3182
100000,32,95,12-17,2880
100000,32,95,18-44,2750
100000,32,95,45-64,2886
100000,32,95,65+,3054
100000,32,96,0-5,3036
100000,32,96,6-11,3198
100000,32,96,12-17,2888
100000,32,96,18-44,2752
100000,32,96,45-64,2890
100000,32,96,65+,3047
100000,32,97,0-5,3040
100000,32,97,6-11,3207
100000,32,97,12-17,2888
100000,32,97,18-44,2750
100000,32,97,45-64,2869
100000,32,97,65+,3037
100000,32,98,0-5,3039
100000,32,98,6-11,3229
100000,32,98,12-17,2872
100000,32,98,18-44,2745
100000,32,98,45-64,2876
100000,32,98,65+,3036
100000,32,99,0-5,3064
100000,32,99,6-11,3244
100000,32,99,12-17,2892
100000,32,99,18-44,2734
100000,32,99,45-64,2879
100000,32,99,65+,3023
100000,32,100,0-5,3044
100000,32,100,6-11,3260
100000,32,100,12-17,2905
100000,32,100,18-44,2719
100000,32,100,45-64,2884
100000,32,100,65+,3037
100000,32,101,0-5,3055
100000,32,101,6-11,3281
100000,32,101,12-17,2891
100000,32,101,18-44,2729
100000,32,101,45-64,2864
100000,32,101,65+,3036
100000,32,102,0-5,3074
100000,32,102,6-11,3286
100000,32,102,12-17,2886
100000,32,102,18-44,2735
100000,32,102,45-64,2865
100000,32,102,65+,3039
100000,32,103,0-5,3058
100000,32,103,6-11,3307
100000,32,103,12-17,2898
100000,32,103,18-44,2734
100000,32,103,45-64,2862
100000,32,103,65+,3050
100000,32,104,0-5,3082
100000,32,104,6-11,3343
100000,32,104,12-17,2918
100000,32,104,18-44,2747
100000,32,104,45-64,2865
100000,32,104,65+,3007
100000,32,105,0-5,3099
100000,32,105,6-11,3381
100000,32,105,12-17,2939
100000,32,105,18-44,2748
100000,32,105,45-64,2868
100000,32,105,65+,3018
100000,32,106,0-5,3116
100000,32,106,6-11,3415
100000,32,106,12-17,2953
100000,32,106,18-44,2767
100000,32,106,45-64,2868
100000,32,106,65+,3034
100000,32,107,0-5,3144
100000,32,107,6-11,3412
100000,32,107,12-17,2961
100000,32,107,18-44,2753
100000,32,107,45-64,2877
100000,32,107,65+,3056
100000,32,108,0-5,3167
100000,32,108,6-11,3420
100000,32,108,12-17,2953
100000,32,108,18-44,2771
100000,32,108,45-64,2890
100000,32,108,65+,3066
100000,32,109,0-5,3179
100000,32,109,6-11,3445
100000,32,109,12-17,2941
100000,32,109,18-44,2767
100000,32,109,45-64,2869
100000,32,109,65+,3051
100000,32,110,0-5,3175
100000,32,110,6-11,3475
100000,32,110,12-17,2963
100000,32,110,18-44,2773
100000,32,110,45-64,2871
100000,32,110,65+,3048
100000,32,111,0-5,3197
100000,32,111,6-11,3517
100000,32,111,12-17,2982
100000,32,111,18-44,2769
100000,32,111,45-64,2876
100000,32,111,65+,3077
100000,32,112,0-5,3236
100000,32,112,6-11,3535
100000,32,112,12-17,3012
100000,32,112,18-44,2771
100000,32,112,45-64,2887
100000,32,112,65+,3101
100000,32,113,0-5,3239
100000,32,113,6-11,3557
100000,32,113,12-17,3020
100000,32,113,18-44,2799
100000,32,113,45-64,2907
100000,32,113,65+,3105
100000,32,114,0-5,3272
100000,32,114,6-11,3558
100000,32,114,12-17,3001
100000,32,114,18-44,2791
100000,32,114,45-64,2912
100000,32,114,65+,3106
100000,32,115,0-5,3286
100000,32,115,6-11,3598
100000,32,115,12-17,3033
100000,32,115,18-44,2773
100000,32,115,45-64,2913
100000,32,115,65+,3131
100000,32,116,0-5,3300
100000,32,116,6-11,3634
100000,32,116,12-17,3041
100000,32,116,18-44,2761
100000,32,116,45-64,2922
100000,32,116,65+,3146
100000,32,117,0-5,3324
100000,32,117,6-11,3634
100000,32,117,12-17,3069
100000,32,117,18-44,2770
100000,32,117,45-64,2915
100000,32,117,65+,3155
100000,32,118,0-5,3445
100000,32,118,6-11,3769
100000,32,118,12-17,3186
100000,32,118,18-44,2845
100000,32,118,45-64,2998
100000,32,118,65+,3274
100000,32,119,0-5,3562
100000,32,119,6-11,3909
100000,32,119,12-17,3307
100000,32,119,18-44,2953
100000,32,119,45-64,3123
100000,32,119,65+,3398
100000,32,120,0-5,3683
100000,32,120,6-11,4084
100000,32,120,12-17,3433
100000,32,120,18-44,3070
100000,32,120,45-64,3240
100000,32,120,65+,3519
100000,32,121,0-5,3877
100000,32,121,6-11,4238
100000,32,121,12-17,3561
100000,32,121,18-44,3165
100000,32,121,45-64,3363
100000,32,121,65+,3639
100000,32,122,0-5,4049
100000,32,122,6-11,4439
100000,32,122,12-17,3680
100000,32,122,18-44,3292
100000,32,122,45-64,3484
100000,32,122,65+,3787
100000,32,123,0-5,4218
100000,32,123,6-11,4626
100000,32,123,12-17,3835
100000,32,123,18-44,3416
100000,32,123,45-64,3596
100000,32,123,65+,3953
100000,32,124,0-5,4374
100000,32,124,6-11,4845
100000,32,124,12-17,4002
100000,32,124,18-44,3579
100000,32,124,45-64,3742
100000,32,124,65+,4124
100000,32,125,0-5,4559
100000,32,125,6-11,5043
100000,32,125,12-17,4184
100000,32,125,18-44,3712
100000,32,125,45-64,3900
100000,32,125,65+,4279
100000,32,126,0-5,4767
100000,32,126,6-11,5253
100000,32,126,12-17,4387
100000,32,126,18-44,3888
100000,32,126,45-64,4078
100000,32,126,65+,4448
100000,32,127,0-5,5000
100000,32,127,6-11,5503
100000,32,127,12-17,4627
100000,32,127,18-44,4058
100000,32,127,45-64,4256
100000,32,127,65+,4647
100000,32,128,0-5,5270
100000,32,128,6-11,5767
100000,32,128,12-17,4849
100000,32,128,18-44,4249
100000,32,128,45-64,4461
100000,32,128,65+,4864
100000,32,129,0-5,5560
100000,32,129,6-11,6101
100000,32,129,12-17,5126
100000,32,129,18-44,4446
100000,32,129,45-64,4702
100000,32,129,65+,5108
100000,32,130,0-5,5859
100000,32,130,6-11,6456
100000,32,130,12-17,5407
100000,32,130,18-44,4686
100000,32,130,45-64,4948
100000,32,130,65+,5368
100000,32,131,0-5,6229
100000,32,131,6-11,6814
100000,32,131,12-17,5717
100000,32,131,18-44,4950
100000,32,131,45-64,5201
100000,32,131,65+,5666
100000,32,132,0-5,6626
100000,32,132,6-11,7197
100000,32,132,12-17,6048
100000,32,132,18-44,5261
100000,32,132,45-64,5506
100000,32,132,65+,6011
100000,32,133,0-5,7032
100000,32,133,6-11,7634
100000,32,133,12-17,6467
100000,32,133,18-44,5584
100000,32,133,45-64,5835
100000,32,133,65+,6407
100000,32,134,0-5,7504
100000,32,134,6-11,8135
100000,32,134,12-17,6913
100000,32,134,18-44,5971
100000,32,134,45-64,6226
100000,32,134,65+,6822
100000,32,135,0-5,8054
100000,32,135,6-11,8730
100000,32,135,12-17,7423
100000,32,135,18-44,6380
100000,32,135,45-64,6697
100000,32,135,65+,7302
100000,32,136,0-5,8691
100000,32,136,6-11,9415
100000,32,136,12-17,8018
100000,32,136,18-44,6889
100000,32,136,45-64,7219
100000,32,136,65+,7845
100000,32,137,0-5,9404
100000,32,137,6-11,10217
100000,32,137,12-17,8699
100000,32,137,18-44,7456
100000,32,137,45-64,7787
100000,32,137,65+,8492
100000,32,138,0-5,10275
100000,32,138,6-11,11123
100000,32,138,12-17,9455
100000,32,138,18-44,8105
100000,32,138,45-64,8441
100000,32,138,65+,9209
100000,32,139,0-5,11267
100000,32,139,6-11,12218
100000,32,139,12-17,10387
100000,32,139,18-44,8886
100000,32,139,45-64,9222
100000,32,139,65+,10077
100000,32,140,0-5,12374
100000,32,140,6-11,13463
100000,32,140,12-17,11473
100000,32,140,18-44,9858
100000,32,140,45-64,10216
100000,32,140,65+,11121
100000,32,141,0-5,13800
100000,32,141,6-11,14995
100000,32,141,12-17,12908
100000,32,141,18-44,11108
100000,32,141,45-64,11473
100000,32,141,65+,12384
100000,32,142,0-5,15535
100000,32,142,6-11,16843
100000,32,142,12-17,14615
100000,32,142,18-44,12633
100000,32,142,45-64,13030
100000,32,142,65+,14054
100000,32,143,0-5,17784
100000,32,143,6-11,19051
100000,32,143,12-17,16867
100000,32,143,18-44,14600
100000,32,143,45-64,15026
100000,32,143,65+,16156
100000,32,144,0-5,20561
100000,32,144,6-11,21856
100000,32,144,12-17,19646
100000,32,144,18-44,17247
100000,32,144,45-64,17651
100000,32,144,65+,18916
100000,32,145,0-5,24100
100000,32,145,6-11,25337
100000,32,145,12-17,23365
100000,32,145,18-44,20791
100000,32,145,45-64,21235
100000,32,145,65+,22574
100000,32,146,0-5,28949
100000,32,146,6-11,29995
100000,32,146,12-17,28244
100000,32,146,18-44,25768
100000,32,146,45-64,26213
100000,32,146,65+,27624
100000,32,147,0-5,35551
100000,32,147,6-11,36485
100000,32,147,12-17,35045
100000,32,147,18-44,32882
100000,32,147,45-64,33265
100000,32,147,65+,34616
100000,32,148,0-5,45556
100000,32,148,6-11,46180
100000,32,148,12-17,45181
100000,32,148,18-44,43710
100000,32,148,45-64,43779
100000,32,148,65+,44815
100000,32,149,0-5,62409
100000,32,149,6-11,62628
100000,32,149,12-17,62420
100000,32,149,18-44,61637
100000,32,149,45-64,61442
100000,32,149,65+,62084
100000,wh,1,0-5,629
100000,wh,1,6-11,20
100000,wh,1,12-17,293
100000,wh,1,18-44,604
100000,wh,1,45-64,607
100000,wh,1,65+,573
100000,wh,2,0-5,644
100000,wh,2,6-11,23
100000,wh,2,12-17,348
100000,wh,2,18-44,616
100000,wh,2,45-64,622
100000,wh,2,65+,594
100000,wh,3,0-5,670
100000,wh,3,6-11,77
100000,wh,3,12-17,468
100000,wh,3,18-44,626
100000,wh,3,45-64,643
100000,wh,3,65+,623
100000,wh,4,0-5,687
100000,wh,4,6-11,599
100000,wh,4,12-17,582
100000,wh,4,18-44,632
100000,wh,4,45-64,651
100000,wh,4,65+,647
100000,wh,5,0-5,698
100000,wh,5,6-11,663
100000,wh,5,12-17,604
100000,wh,5,18-44,639
100000,wh,5,45-64,655
100000,wh,5,65+,664
100000,wh,6,0-5,702
100000,wh,6,6-11,680
100000,wh,6,12-17,610
100000,wh,6,18-44,643
100000,wh,6,45-64,658
100000,wh,6,65+,673
100000,wh,7,0-5,704
100000,wh,7,6-11,688
100000,wh,7,12-17,612
100000,wh,7,18-44,644
100000,wh,7,45-64,661
100000,wh,7,65+,680
100000,wh,8,0-5,710
100000,wh,8,6-11,691
100000,wh,8,12-17,621
100000,wh,8,18-44,651
100000,wh,8,45-64,671
100000,wh,8,65+,690
100000,wh,9,0-5,713
100000,wh,9,6-11,698
100000,wh,9,12-17,626
100000,wh,9,18-44,657
100000,wh,9,45-64,673
100000,wh,9,65+,694
100000,wh,10,0-5,721
100000,wh,10,6-11,705
100000,wh,10,12-17,632
100000,wh,10,18-44,660
100000,wh,10,45-64,677
100000,wh,10,65+,697
100000,wh,11,0-5,728
100000,wh,11,6-11,713
100000,wh,11,12-17,636
100000,wh,11,18-44,664
100000,wh,11,45-64,679
100000,wh,11,65+,701
100000,wh,12,0-5,732
100000,wh,12,6-11,721
100000,wh,12,12-17,639
100000,wh,12,18-44,669
100000,wh,12,45-64,682
100000,wh,12,65+,709
100000,wh,13,0-5,739
100000,wh,13,6-11,727
100000,wh,13,12-17,643
100000,wh,13,18-44,674
100000,wh,13,45-64,684
100000,wh,13,65+,710
100000,wh,14,0-5,742
100000,wh,14,6-11,729
100000,wh,14,12-17,646
100000,wh,14,18-44,677
100000,wh,14,45-64,686
100000,wh,14,65+,719
100000,wh,15,0-5,746
100000,wh,15,6-11,739
100000,wh,15,12-17,654
100000,wh,15,18-44,680
100000,wh,15,45-64,692
100000,wh,15,65+,723
100000,wh,16,0-5,755
100000,wh,16,6-11,747
100000,wh,16,12-17,660
100000,wh,16,18-44,682
100000,wh,16,45-64,699
100000,wh,16,65+,728
100000,wh,17,0-5,764
100000,wh,17,6-11,751
100000,wh,17,12-17,665
100000,wh,17,18-44,687
100000,wh,17,45-64,702
100000,wh,17,65+,736
100000,wh,18,0-5,765
100000,wh,18,6-11,757
100000,wh,18,12-17,673
100000,wh,18,18-44,693
100000,wh,18,45-64,713
100000,wh,18,65+,743
100000,wh,19,0-5,771
100000,wh,19,6-11,766
100000,wh,19,12-17,678
100000,wh,19,18-44,699
100000,wh,19,45-64,721
100000,wh,19,65+,750
100000,wh,20,0-5,775
100000,wh,20,6-11,774
100000,wh,20,12-17,682
100000,wh,20,18-44,703
100000,wh,20,45-64,729
100000,wh,20,65+,753
100000,wh,21,0-5,779
100000,wh,21,6-11,780
100000,wh,21,12-17,686
100000,wh,21,18-44,710
100000,wh,21,45-64,736
100000,wh,21,65+,761
100000,wh,22,0-5,784
100000,wh,22,6-11,786
100000,wh,22,12-17,691
100000,wh,22,18-44,717
100000,wh,22,45-64,744
100000,wh,22,65+,767
100000,wh,23,0-5,794
100000,wh,23,6-11,796
100000,wh,23,12-17,697
100000,wh,23,18-44,728
100000,wh,23,45-64,749
100000,wh,23,65+,773
100000,wh,24,0-5,805
100000,wh,24,6-11,802
100000,wh,24,12-17,704
100000,wh,24,18-44,734
100000,wh,24,45-64,754
100000,wh,24,65+,779
100000,wh,25,0-5,809
100000,wh,25,6-11,811
100000,wh,25,12-17,710
100000,wh,25,18-44,739
100000,wh,25,45-64,764
100000,wh,25,65+,786
100000,wh,26,0-5,815
100000,wh,26,6-11,819
100000,wh,26,12-17,719
100000,wh,26,18-44,743
100000,wh,26,45-64,767
100000,wh,26,65+,788
100000,wh,27,0-5,818
100000,wh,27,6-11,830
100000,wh,27,12-17,725
100000,wh,27,18-44,747
100000,wh,27,45-64,773
100000,wh,27,65+,799
100000,wh,28,0-5,827
100000,wh,28,6-11,837
100000,wh,28,12-17,729
100000,wh,28,18-44,754
100000,wh,28,45-64,774
100000,wh,28,65+,805
100000,wh,29,0-5,832
100000,wh,29,6-11,848
100000,wh,29,12-17,733
100000,wh,29,18-44,759
100000,wh,29,45-64,779
100000,wh,29,65+,807
100000,wh,30,0-5,838
100000,wh,30,6-11,856
100000,wh,30,12-17,739
100000,wh,30,18-44,760
100000,wh,30,45-64,784
100000,wh,30,65+,817
100000,wh,31,0-5,847
100000,wh,31,6-11,864
100000,wh,31,12-17,748
100000,wh,31,18-44,767
100000,wh,31,45-64,788
100000,wh,31,65+,826
100000,wh,32,0-5,859
100000,wh,32,6-11,873
100000,wh,32,12-17,753
100000,wh,32,18-44,776
100000,wh,32,45-64,792
100000,wh,32,65+,831
100000,wh,33,0-5,867
100000,wh,33,6-11,879
100000,wh,33,12-17,762
100000,wh,33,18-44,780
100000,wh,33,45-64,796
100000,wh,33,65+,840
100000,wh,34,0-5,871
100000,wh,34,6-11,886
100000,wh,34,12-17,774
100000,wh,34,18-44,788
100000,wh,34,45-64,799
100000,wh,34,65+,844
100000,wh,35,0-5,881
100000,wh,35,6-11,896
100000,wh,35,12-17,783
100000,wh,35,18-44,795
100000,wh,35,45-64,809
100000,wh,35,65+,848
100000,wh,36,0-5,889
100000,wh,36,6-11,902
100000,wh,36,12-17,787
100000,wh,36,18-44,799
100000,wh,36,45-64,816
100000,wh,36,65+,857
100000,wh,37,0-5,902
100000,wh,37,6-11,911
100000,wh,37,12-17,792
100000,wh,37,18-44,807
100000,wh,37,45-64,826
100000,wh,37,65+,866
100000,wh,38,0-5,908
100000,wh,38,6-11,922
100000,wh,38,12-17,798
100000,wh,38,18-44,813
100000,wh,38,45-64,832
100000,wh,38,65+,872
100000,wh,39,0-5,920
100000,wh,39,6-11,934
100000,wh,39,12-17,806
100000,wh,39,18-44,818
100000,wh,39,45-64,839
100000,wh,39,65+,883
100000,wh,40,0-5,929
100000,wh,40,6-11,944
100000,wh,40,12-17,811
100000,wh,40,18-44,826
100000,wh,40,45-64,850
100000,wh,40,65+,890
100000,wh,41,0-5,940
100000,wh,41,6-11,958
100000,wh,41,12-17,823
100000,wh,41,18-44,829
100000,wh,41,45-64,854
100000,wh,41,65+,900
100000,wh,42,0-5,947
100000,wh,42,6-11,967
100000,wh,42,12-17,831
100000,wh,42,18-44,834
100000,wh,42,45-64,866
100000,wh,42,65+,912
100000,wh,43,0-5,954
100000,wh,43,6-11,976
100000,wh,43,12-17,839
100000,wh,43,18-44,845
100000,wh,43,45-64,873
100000,wh,43,65+,920
100000,wh,44,0-5,966
100000,wh,44,6-11,988
100000,wh,44,12-17,847
100000,wh,44,18-44,850
100000,wh,44,45-64,880
100000,wh,44,65+,926
100000,wh,45,0-5,974
100000,wh,45,6-11,996
100000,wh,45,12-17,859
100000,wh,45,18-44,856
100000,wh,45,45-64,887
100000,wh,45,65+,933
100000,wh,46,0-5,983
100000,wh,46,6-11,1002
100000,wh,46,12-17,864
100000,wh,46,18-44,869
100000,wh,46,45-64,893
100000,wh,46,65+,942
100000,wh,47,0-5,990
100000,wh,47,6-11,1014
100000,wh,47,12-17,878
100000,wh,47,18-44,879
100000,wh,47,45-64,901
100000,wh,47,65+,954
100000,wh,48,0-5,998
100000,wh,48,6-11,1028
100000,wh,48,12-17,885
100000,wh,48,18-44,888
100000,wh,48,45-64,905
100000,wh,48,65+,965
100000,wh,49,0-5,1014
100000,wh,49,6-11,1041
100000,wh,49,12-17,898
100000,wh,49,18-44,894
100000,wh,49,45-64,917
100000,wh,49,65+,976
100000,wh,50,0-5,1021
100000,wh,50,6-11,1048
100000,wh,50,12-17,903
100000,wh,50,18-44,901
100000,wh,50,45-64,926
100000,wh,50,65+,983
100000,wh,51,0-5,1027
100000,wh,51,6-11,1062
100000,wh,51,12-17,911
100000,wh,51,18-44,914
100000,wh,51,45-64,937
100000,wh,51,65+,997
100000,wh,52,0-5,1038
100000,wh,52,6-11,1073
100000,wh,52,12-17,921
100000,wh,52,18-44,923
100000,wh,52,45-64,946
100000,wh,52,65+,1009
100000,wh,53,0-5,1050
100000,wh,53,6-11,1082
100000,wh,53,12-17,940
100000,wh,53,18-44,929
100000,wh,53,45-64,956
100000,wh,53,65+,1014
100000,wh,54,0-5,1058
100000,wh,54,6-11,1095
100000,wh,54,12-17,952
100000,wh,54,18-44,937
100000,wh,54,45-64,965
100000,wh,54,65+,1027
100000,wh,55,0-5,1072
100000,wh,55,6-11,1108
100000,wh,55,12-17,961
100000,wh,55,18-44,943
100000,wh,55,45-64,976
100000,wh,55,65+,1037
100000,wh,56,0-5,1083
100000,wh,56,6-11,1127
100000,wh,56,12-17,975
100000,wh,56,18-44,953
100000,wh,56,45-64,989
100000,wh,56,65+,1049
100000,wh,57,0-5,1093
100000,wh,57,6-11,1145
100000,wh,57,12-17,986
100000,wh,57,18-44,963
100000,wh,57,45-64,998
100000,wh,57,65+,1060
100000,wh,58,0-5,1104
100000,wh,58,6-11,1156
100000,wh,58,12-17,997
100000,wh,58,18-44,973
100000,wh,58,45-64,1011
100000,wh,58,65+,1070
100000,wh,59,0-5,1120
100000,wh,59,6-11,1164
100000,wh,59,12-17,1006
100000,wh,59,18-44,986
100000,wh,59,45-64,1020
100000,wh,59,65+,1082
100000,wh,60,0-5,1138
100000,wh,60,6-11,1180
100000,wh,60,12-17,1016
100000,wh,60,18-44,994
100000,wh,60,45-64,1036
100000,wh,60,65+,1094
100000,wh,61,0-5,1148
100000,wh,61,6-11,1191
100000,wh,61,12-17,1030
100000,wh,61,18-44,1003
100000,wh,61,45-64,1053
100000,wh,61,65+,1114
100000,wh,62,0-5,1158
100000,wh,62,6-11,1198
100000,wh,62,12-17,1041
100000,wh,62,18-44,1019
100000,wh,62,45-64,1063
100000,wh,62,65+,1123
100000,wh,63,0-5,1168
100000,wh,63,6-11,1211
100000,wh,63,12-17,1051
100000,wh,63,18-44,1040
100000,wh,63,45-64,1069
100000,wh,63,65+,1132
100000,wh,64,0-5,1187
100000,wh,64,6-11,1231
100000,wh,64,12-17,1060
100000,wh,64,18-44,1053
100000,wh,64,45-64,1076
100000,wh,64,65+,1157
100000,wh,65,0-5,1202
100000,wh,65,6-11,1246
100000,wh,65,12-17,1070
100000,wh,65,18-44,1059
100000,wh,65,45-64,1089
100000,wh,65,65+,1171
100000,wh,66,0-5,1221
100000,wh,66,6-11,1253
100000,wh,66,12-17,1081
100000,wh,66,18-44,1075
100000,wh,66,45-64,1102
100000,wh,66,65+,1184
100000,wh,67,0-5,1239
100000,wh,67,6-11,1268
100000,wh,67,12-17,1099
100000,wh,67,18-44,1087
100000,wh,67,45-64,1115
100000,wh,67,65+,1198
100000,wh,68,0-5,1255
100000,wh,68,6-11,1290
100000,wh,68,12-17,1113
100000,wh,68,18-44,1102
100000,wh,68,45-64,1127
100000,wh,68,65+,1211
100000,wh,69,0-5,1268
100000,wh,69,6-11,1311
100000,wh,69,12-17,1126
100000,wh,69,18-44,1116
100000,wh,69,45-64,1144
100000,wh,69,65+,1223
100000,wh,70,0-5,1286
100000,wh,70,6-11,1333
100000,wh,70,12-17,1146
100000,wh,70,18-44,1124
100000,wh,70,45-64,1157
100000,wh,70,65+,1237
100000,wh,71,0-5,1301
100000,wh,71,6-11,1352
100000,wh,71,12-17,1167
100000,wh,71,18-44,1144
100000,wh,71,45-64,1168
100000,wh,71,65+,1254
100000,wh,72,0-5,1322
100000,wh,72,6-11,1378
100000,wh,72,12-17,1190
100000,wh,72,18-44,1157
100000,wh,72,45-64,1181
100000,wh,72,65+,1276
100000,wh,73,0-5,1335
100000,wh,73,6-11,1397
100000,wh,73,12-17,1208
100000,wh,73,18-44,1173
100000,wh,73,45-64,1193
100000,wh,73,65+,1299
100000,wh,74,0-5,1350
100000,wh,74,6-11,1423
100000,wh,74,12-17,1225
100000,wh,74,18-44,1187
100000,wh,74,45-64,1217
100000,wh,74,65+,1321
100000,wh,75,0-5,1370
100000,wh,75,6-11,1442
100000,wh,75,12-17,1246
100000,wh,75,18-44,1202
100000,wh,75,45-64,1234
100000,wh,75,65+,1336
100000,wh,76,0-5,1385
100000,wh,76,6-11,1467
100000,wh,76,12-17,1268
100000,wh,76,18-44,1216
100000,wh,76,45-64,1255
100000,wh,76,65+,1350
100000,wh,77,0-5,1401
100000,wh,77,6-11,1491
100000,wh,77,12-17,1284
100000,wh,77,18-44,1232
100000,wh,77,45-64,1273
100000,wh,77,65+,1376
100000,wh,78,0-5,1418
100000,wh,78,6-11,1511
100000,wh,78,12-17,1297
100000,wh,78,18-44,1243
100000,wh,78,45-64,1286
100000,wh,78,65+,1393
100000,wh,79,0-5,1440
100000,wh,79,6-11,1530
100000,wh,79,12-17,1311
100000,wh,79,18-44,1265
100000,wh,79,45-64,1309
100000,wh,79,65+,1410
100000,wh,80,0-5,1458
100000,wh,80,6-11,1557
100000,wh,80,12-17,1337
100000,wh,80,18-44,1285
100000,wh,80,45-64,1325
100000,wh,80,65+,1428
100000,wh,81,0-5,1488
100000,wh,81,6-11,1570
100000,wh,81,12-17,1359
100000,wh,81,18-44,1309
100000,wh,81,45-64,1356
100000,wh,81,65+,1457
100000,wh,82,0-5,1504
100000,wh,82,6-11,1595
100000,wh,82,12-17,1389
100000,wh,82,18-44,1330
100000,wh,82,45-64,1380
100000,wh,82,65+,1479
100000,wh,83,0-5,1524
100000,wh,83,6-11,1625
100000,wh,83,12-17,1414
100000,wh,83,18-44,1347
100000,wh,83,45-64,1392
100000,wh,83,65+,1505
100000,wh,84,0-5,1556
100000,wh,84,6-11,1651
100000,wh,84,12-17,1432
100000,wh,84,18-44,1366
100000,wh,84,45-64,1410
100000,wh,84,65+,1529
100000,wh,85,0-5,1578
100000,wh,85,6-11,1679
100000,wh,85,12-17,1457
100000,wh,85,18-44,1386
100000,wh,85,45-64,1428
100000,wh,85,65+,1551
100000,wh,86,0-5,1601
100000,wh,86,6-11,1710
100000,wh,86,12-17,1479
100000,wh,86,18-44,1409
100000,wh,86,45-64,1448
100000,wh,86,65+,1577
100000,wh,87,0-5,1627
100000,wh,87,6-11,1744
100000,wh,87,12-17,1500
100000,wh,87,18-44,1430
100000,wh,87,45-64,1470
100000,wh,87,65+,1600
100000,wh,88,0-5,1662
100000,wh,88,6-11,1782
100000,wh,88,12-17,1527
100000,wh,88,18-44,1451
100000,wh,88,45-64,1494
100000,wh,88,65+,1626
100000,wh,89,0-5,1686
100000,wh,89,6-11,1808
100000,wh,89,12-17,1559
100000,wh,89,18-44,1480
100000,wh,89,45-64,1512
100000,wh,89,65+,1669
100000,wh,90,0-5,1713
100000,wh,90,6-11,1845
100000,wh,90,12-17,1594
100000,wh,90,18-44,1498
100000,wh,90,45-64,1545
100000,wh,90,65+,1703
100000,wh,91,0-5,1751
100000,wh,91,6-11,1881
100000,wh,91,12-17,1622
100000,wh,91,18-44,1517
100000,wh,91,45-64,1584
100000,wh,91,65+,1733
100000,wh,92,0-5,1780
100000,wh,92,6-11,1915
100000,wh,92,12-17,1660
100000,wh,92,18-44,1548
100000,wh,92,45-64,1616
100000,wh,92,65+,1760
100000,wh,93,0-5,1811
100000,wh,93,6-11,1950
100000,wh,93,12-17,1681
100000,wh,93,18-44,1577
100000,wh,93,45-64,1648
100000,wh,93,65+,1795
100000,wh,94,0-5,1857
100000,wh,94,6-11,1988
100000,wh,94,12-17,1716
100000,wh,94,18-44,1600
100000,wh,94,45-64,1680
100000,wh,94,65+,1824
100000,wh,95,0-5,1895
100000,wh,95,6-11,2020
100000,wh,95,12-17,1747
100000,wh,95,18-44,1638
100000,wh,95,45-64,1711
100000,wh,95,65+,1856
100000,wh,96,0-5,1934
100000,wh,96,6-11,2066
100000,wh,96,12-17,1791
100000,wh,96,18-44,1672
100000,wh,96,45-64,1747
100000,wh,96,65+,1886
100000,wh,97,0-5,1973
100000,wh,97,6-11,2111
100000,wh,97,12-17,1827
100000,wh,97,18-44,1701
100000,wh,97,45-64,1780
100000,wh,97,65+,1921
100000,wh,98,0-5,2007
100000,wh,98,6-11,2157
100000,wh,98,12-17,1854
100000,wh,98,18-44,1733
100000,wh,98,45-64,1814
100000,wh,98,65+,1962
100000,wh,99,0-5,2049
100000,wh,99,6-11,2208
100000,wh,99,12-17,1903
100000,wh,99,18-44,1773
100000,wh,99,45-64,1860
100000,wh,99,65+,1999
100000,wh,100,0-5,2087
100000,wh,100,6-11,2265
100000,wh,100,12-17,1947
100000,wh,100,18-44,1804
100000,wh,100,45-64,1889
100000,wh,100,65+,2036
100000,wh,101,0-5,2135
100000,wh,101,6-11,2314
100000,wh,101,12-17,1979
100000,wh,101,18-44,1847
100000,wh,101,45-64,1929
100000,wh,101,65+,2079
100000,wh,102,0-5,2184
100000,wh,102,6-11,2371
100000,wh,102,12-17,2016
100000,wh,102,18-44,1883
100000,wh,102,45-64,1961
100000,wh,102,65+,2125
100000,wh,103,0-5,2222
100000,wh,103,6-11,2430
100000,wh,103,12-17,2065
100000,wh,103,18-44,1910
100000,wh,103,45-64,2003
100000,wh,103,65+,2177
100000,wh,104,0-5,2284
100000,wh,104,6-11,2505
100000,wh,104,12-17,2117
100000,wh,104,18-44,1952
100000,wh,104,45-64,2053
100000,wh,104,65+,2219
100000,wh,105,0-5,2331
100000,wh,105,6-11,2582
100000,wh,105,12-17,2170
100000,wh,105,18-44,1993
100000,wh,105,45-64,2115
100000,wh,105,65+,2275
100000,wh,106,0-5,2387
100000,wh,106,6-11,2649
100000,wh,106,12-17,2223
100000,wh,106,18-44,2051
100000,wh,106,45-64,2161
100000,wh,106,65+,2335
100000,wh,107,0-5,2460
100000,wh,107,6-11,2707
100000,wh,107,12-17,2273
100000,wh,107,18-44,2090
100000,wh,107,45-64,2214
100000,wh,107,65+,2400
100000,wh,108,0-5,2522
100000,wh,108,6-11,2777
100000,wh,108,12-17,2332
100000,wh,108,18-44,2149
100000,wh,108,45-64,2272
100000,wh,108,65+,2458
100000,wh,109,0-5,2602
100000,wh,109,6-11,2853
100000,wh,109,12-17,2379
100000,wh,109,18-44,2200
100000,wh,109,45-64,2318
100000,wh,109,65+,2509
100000,wh,110,0-5,2668
100000,wh,110,6-11,2924
100000,wh,110,12-17,2441
100000,wh,110,18-44,2256
100000,wh,110,45-64,2381
100000,wh,110,65+,2562
100000,wh,111,0-5,2751
100000,wh,111,6-11,3023
100000,wh,111,12-17,2515
100000,wh,111,18-44,2328
100000,wh,111,45-64,2442
100000,wh,111,65+,2634
100000,wh,112,0-5,2837
100000,wh,112,6-11,3117
100000,wh,112,12-17,2595
100000,wh,112,18-44,2406
100000,wh,112,45-64,2517
100000,wh,112,65+,2715
100000,wh,113,0-5,2917
100000,wh,113,6-11,3208
100000,wh,113,12-17,2680
100000,wh,113,18-44,2485
100000,wh,113,45-64,2597
100000,wh,113,65+,2793
100000,wh,114,0-5,3022
100000,wh,114,6-11,3294
100000,wh,114,12-17,2746
100000,wh,114,18-44,2544
100000,wh,114,45-64,2673
100000,wh,114,65+,2882
100000,wh,115,0-5,3112
100000,wh,115,6-11,3414
100000,wh,115,12-17,2844
100000,wh,115,18-44,2611
100000,wh,115,45-64,2740
100000,wh,115,65+,2972
100000,wh,116,0-5,3203
100000,wh,116,6-11,3535
100000,wh,116,12-17,2945
100000,wh,116,18-44,2688
100000,wh,116,45-64,2835
100000,wh,116,65+,3066
100000,wh,117,0-5,3324
100000,wh,117,6-11,3634
100000,wh,117,12-17,3069
100000,wh,117,18-44,2770
100000,wh,117,45-64,2915
100000,wh,117,65+,3155
100000,wh,118,0-5,3445
100000,wh,118,6-11,3769
100000,wh,118,12-17,3186
100000,wh,118,18-44,2845
100000,wh,118,45-64,2998
100000,wh,118,65+,3274
100000,wh,119,0-5,3562
100000,wh,119,6-11,3909
100000,wh,119,12-17,3307
100000,wh,119,18-44,2953
100000,wh,119,45-64,3123
100000,wh,119,65+,3398
100000,wh,120,0-5,3683
100000,wh,120,6-11,4084
100000,wh,120,12-17,3433
100000,wh,120,18-44,3070
100000,wh,120,45-64,3240
100000,wh,120,65+,3519
100000,wh,121,0-5,3877
100000,wh,121,6-11,4238
100000,wh,121,12-17,3561
100000,wh,121,18-44,3165
100000,wh,121,45-64,3363
100000,wh,121,65+,3639
100000,wh,122,0-5,4049
100000,wh,122,6-11,4439
100000,wh,122,12-17,3680
100000,wh,122,18-44,3292
100000,wh,122,45-64,3484
100000,wh,122,65+,3787
100000,wh,123,0-5,4218
100000,wh,123,6-11,4626
100000,wh,123,12-17,3835
100000,wh,123,18-44,3416
100000,wh,123,45-64,3596
100000,wh,123,65+,3953
100000,wh,124,0-5,4374
100000,wh,124,6-11,4845
100000,wh,124,12-17,4002
100000,wh,124,18-44,3579
100000,wh,124,45-64,3742
100000,wh,124,65+,4124
100000,wh,125,0-5,4559
100000,wh,125,6-11,5043
100000,wh,125,12-17,4184
100000,wh,125,18-44,3712
100000,wh,125,45-64,3900
100000,wh,125,65+,4279
100000,wh,126,0-5,4767
100000,wh,126,6-11,5253
100000,wh,126,12-17,4387
100000,wh,126,18-44,3888
100000,wh,126,45-64,4078
100000,wh,126,65+,4448
100000,wh,127,0-5,5000
100000,wh,127,6-11,5503
100000,wh,127,12-17,4627
100000,wh,127,18-44,4058
100000,wh,127,45-64,4256
100000,wh,127,65+,4647
100000,wh,128,0-5,5270
100000,wh,128,6-11,5767
100000,wh,128,12-17,4849
100000,wh,128,18-44,4249
100000,wh,128,45-64,4461
100000,wh,128,65+,4864
100000,wh,129,0-5,5560
100000,wh,129,6-11,6101
100000,wh,129,12-17,5126
100000,wh,129,18-44,4446
100000,wh,129,45-64,4702
100000,wh,129,65+,5108
100000,wh,130,0-5,5859
100000,wh,130,6-11,6456
100000,wh,130,12-17,5407
100000,wh,130,18-44,4686
100000,wh,130,45-64,4948
100000,wh,130,65+,5368
100000,wh,131,0-5,6229
100000,wh,131,6-11,6814
100000,wh,131,12-17,5717
100000,wh,131,18-44,4950
100000,wh,131,45-64,5201
100000,wh,131,65+,5666
100000,wh,132,0-5,6626
100000,wh,132,6-11,7197
100000,wh,132,12-17,6048
100000,wh,132,18-44,5261
100000,wh,132,45-64,5506
100000,wh,132,65+,6011
100000,wh,133,0-5,7032
100000,wh,133,6-11,7634
100000,wh,133,12-17,6467
100000,wh,133,18-44,5584
100000,wh,133,45-64,5835
100000,wh,133,65+,6407
100000,wh,134,0-5,7504
100000,wh,134,6-11,8135
100000,wh,134,12-17,6913
100000,wh,134,18-44,5971
100000,wh,134,45-64,6226
100000,wh,134,65+,6822
100000,wh,135,0-5,8054
100000,wh,135,6-11,8730
100000,wh,135,12-17,7423
100000,wh,135,18-44,6380
100000,wh,135,45-64,6697
100000,wh,135,65+,7302
100000,wh,136,0-5,8691
100000,wh,136,6-11,9415
100000,wh,136,12-17,8018
100000,wh,136,18-44,6889
100000,wh,136,45-64,7219
100000,wh,136,65+,7845
100000,wh,137,0-5,9404
100000,wh,137,6-11,10217
100000,wh,137,12-17,8699
100000,wh,137,18-44,7456
100000,wh,137,45-64,7787
100000,wh,137,65+,8492
100000,wh,138,0-5,10275
100000,wh,138,6-11,11123
100000,wh,138,12-17,9455
100000,wh,138,18-44,8105
100000,wh,138,45-64,8441
100000,wh,138,65+,9209
100000,wh,139,0-5,11267
100000,wh,139,6-11,12218
100000,wh,139,12-17,10387
100000,wh,139,18-44,8886
100000,wh,139,45-64,9222
100000,wh,139,65+,10077
100000,wh,140,0-5,12374
100000,wh,140,6-11,13463
100000,wh,140,12-17,11473
100000,wh,140,18-44,9858
100000,wh,140,45-64,10216
100000,wh,140,65+,11121
100000,wh,141,0-5,13800
100000,wh,141,6-11,14995
100000,wh,141,12-17,12908
100000,wh,141,18-44,11108
100000,wh,141,45-64,11473
100000,wh,141,65+,12384
100000,wh,142,0-5,15535
100000,wh,142,6-11,16843
100000,wh,142,12-17,14615
100000,wh,142,18-44,12633
100000,wh,142,45-64,13030
100000,wh,142,65+,14054
100000,wh,143,0-5,17784
100000,wh,143,6-11,19051
100000,wh,143,12-17,16867
100000,wh,143,18-44,14600
100000,wh,143,45-64,15026
100000,wh,143,65+,16156
100000,wh,144,0-5,20561
100000,wh,144,6-11,21856
100000,wh,144,12-17,19646
100000,wh,144,18-44,17247
100000,wh,144,45-64,17651
100000,wh,144,65+,18916
100000,wh,145,0-5,24100
100000,wh,145,6-11,25337
100000,wh,145,12-17,23365
100000,wh,145,18-44,20791
100000,wh,145,45-64,21235
100000,wh,145,65+,22574
100000,wh,146,0-5,28949
100000,wh,146,6-11,29995
100000,wh,146,12-17,28244
100000,wh,146,18-44,25768
100000,wh,146,45-64,26213
100000,wh,146,65+,27624
100000,wh,147,0-5,35551
100000,wh,147,6-11,36485
100000,wh,147,12-17,35045
100000,wh,147,18-44,32882
100000,wh,147,45-64,33265
100000,wh,147,65+,34616
100000,wh,148,0-5,45556
100000,wh,148,6-11,46180
100000,wh,148,12-17,45181
100000,wh,148,18-44,43710
100000,wh,148,45-64,43779
100000,wh,148,65+,44815
100000,wh,149,0-5,62409
100000,wh,149,6-11,62628
100000,wh,149,12-17,62420
100000,wh,149,18-44,61637
100000,wh,149,45-64,61442
100000,wh,149,65+,62084
1000000,16,1,0-5,31686
1000000,16,1,6-11,316
1000000,16,1,12-17,7087
1000000,16,1,18-44,50017
1000000,16,1,45-64,38768
1000000,16,1,65+,28862
1000000,16,2,0-5,34998
1000000,16,2,6-11,378
1000000,16,2,12-17,8809
1000000,16,2,18-44,52006
1000000,16,2,45-64,43835
1000000,16,2,65+,33450
1000000,16,3,0-5,41316
1000000,16,3,6-11,1593
1000000,16,3,12-17,15694
1000000,16,3,18-44,55495
1000000,16,3,45-64,52884
1000000,16,3,65+,41906
1000000,16,4,0-5,49825
1000000,16,4,6-11,32387
1000000,16,4,12-17,42373
1000000,16,4,18-44,58557
1000000,16,4,45-64,58964
1000000,16,4,65+,51723
1000000,16,5,0-5,53664
1000000,16,5,6-11,46407
1000000,16,5,12-17,52222
1000000,16,5,18-44,59830
1000000,16,5,45-64,61293
1000000,16,5,65+,57800
1000000,16,6,0-5,55107
1000000,16,6,6-11,47421
1000000,16,6,12-17,54411
1000000,16,6,18-44,60234
1000000,16,6,45-64,62077
1000000,16,6,65+,61088
1000000,16,7,0-5,55710
1000000,16,7,6-11,47492
1000000,16,7,12-17,54910
1000000,16,7,18-44,60405
1000000,16,7,45-64,62384
1000000,16,7,65+,62722
1000000,16,8,0-5,56142
1000000,16,8,6-11,47605
1000000,16,8,12-17,54959
1000000,16,8,18-44,60609
1000000,16,8,45-64,62443
1000000,16,8,65+,63482
1000000,16,9,0-5,56213
1000000,16,9,6-11,47730
1000000,16,9,12-17,54949
1000000,16,9,18-44,60706
1000000,16,9,45-64,62511
1000000,16,9,65+,63884
1000000,16,10,0-5,56278
1000000,16,10,6-11,47776
1000000,16,10,12-17,55010
1000000,16,10,18-44,60771
1000000,16,10,45-64,62481
1000000,16,10,65+,64102
1000000,16,11,0-5,56318
1000000,16,11,6-11,47805
1000000,16,11,12-17,54912
1000000,16,11,18-44,60973
1000000,16,11,45-64,62436
1000000,16,11,65+,63985
1000000,16,12,0-5,56564
1000000,16,12,6-11,47944
1000000,16,12,12-17,54959
1000000,16,12,18-44,60976
1000000,16,12,45-64,62557
1000000,16,12,65+,63936
1000000,16,13,0-5,56739
1000000,16,13,6-11,48108
1000000,16,13,12-17,55006
1000000,16,13,18-44,60819
1000000,16,13,45-64,62473
1000000,16,13,65+,63772
1000000,16,14,0-5,56813
1000000,16,14,6-11,48352
1000000,16,14,12-17,54995
1000000,16,14,18-44,60853
1000000,16,14,45-64,62499
1000000,16,14,65+,63784
1000000,16,15,0-5,56919
1000000,16,15,6-11,48676
1000000,16,15,12-17,55140
1000000,16,15,18-44,60786
1000000,16,15,45-64,62573
1000000,16,15,65+,63804
1000000,16,16,0-5,56945
1000000,16,16,6-11,49076
1000000,16,16,12-17,55241
1000000,16,16,18-44,60647
1000000,16,16,45-64,62634
1000000,16,16,65+,63879
1000000,16,17,0-5,57127
1000000,16,17,6-11,49481
1000000,16,17,12-17,55393
1000000,16,17,18-44,60695
1000000,16,17,45-64,62687
1000000,16,17,65+,63789
1000000,16,18,0-5,57297
1000000,16,18,6-11,49933
1000000,16,18,12-17,55456
1000000,16,18,18-44,60638
1000000,16,18,45-64,62863
1000000,16,18,65+,63742
1000000,16,19,0-5,57313
1000000,16,19,6-11,50453
1000000,16,19,12-17,55354
1000000,16,19,18-44,60733
1000000,16,19,45-64,62691
1000000,16,19,65+,63716
1000000,16,20,0-5,57374
1000000,16,20,6-11,51084
1000000,16,20,12-17,55292
1000000,16,20,18-44,60590
1000000,16,20,45-64,62676
1000000,16,20,65+,63687
1000000,16,21,0-5,57354
1000000,16,21,6-11,51910
1000000,16,21,12-17,55245
1000000,16,21,18-44,60666
1000000,16,21,45-64,62528
1000000,16,21,65+,63617
1000000,16,22,0-5,57579
1000000,16,22,6-11,52584
1000000,16,22,12-17,55164
1000000,16,22,18-44,60693
1000000,16,22,45-64,62432
1000000,16,22,65+,63627
1000000,16,23,0-5,57591
1000000,16,23,6-11,53368
1000000,16,23,12-17,55156
1000000,16,23,18-44,60526
1000000,16,23,45-64,62383
1000000,16,23,65+,63449
1000000,16,24,0-5,57736
1000000,16,24,6-11,54184
1000000,16,24,12-17,55161
1000000,16,24,18-44,60450
1000000,16,24,45-64,62386
1000000,16,24,65+,63360
1000000,16,25,0-5,57730
1000000,16,25,6-11,54942
1000000,16,25,12-17,55229
1000000,16,25,18-44,60321
1000000,16,25,45-64,62321
1000000,16,25,65+,63370
1000000,16,26,0-5,57901
1000000,16,26,6-11,55752
1000000,16,26,12-17,55186
1000000,16,26,18-44,60232
1000000,16,26,45-64,62200
1000000,16,26,65+,63212
1000000,16,27,0-5,57934
1000000,16,27,6-11,56616
1000000,16,27,12-17,55307
1000000,16,27,18-44,60080
1000000,16,27,45-64,61994
1000000,16,27,65+,63219
1000000,16,28,0-5,57994
1000000,16,28,6-11,57469
1000000,16,28,12-17,55355
1000000,16,28,18-44,59933
1000000,16,28,45-64,61873
1000000,16,28,65+,63183
1000000,16,29,0-5,58144
1000000,16,29,6-11,58124
1000000,16,29,12-17,55376
1000000,16,29,18-44,59811
1000000,16,29,45-64,61743
1000000,16,29,65+,63050
1000000,16,30,0-5,58371
1000000,16,30,6-11,58762
1000000,16,30,12-17,55412
1000000,16,30,18-44,59607
1000000,16,30,45-64,61664
1000000,16,30,65+,62997
1000000,16,31,0-5,58668
1000000,16,31,6-11,59333
1000000,16,31,12-17,55459
1000000,16,31,18-44,59445
1000000,16,31,45-64,61594
1000000,16,31,65+,62767
1000000,16,32,0-5,58665
1000000,16,32,6-11,59798
1000000,16,32,12-17,55521
1000000,16,32,18-44,59318
1000000,16,32,45-64,61524
1000000,16,32,65+,62758
1000000,16,33,0-5,58667
1000000,16,33,6-11,60328
1000000,16,33,12-17,55558
1000000,16,33,18-44,59076
1000000,16,33,45-64,61415
1000000,16,33,65+,62625
1000000,16,34,0-5,58741
1000000,16,34,6-11,60713
1000000,16,34,12-17,55615
1000000,16,34,18-44,58776
1000000,16,34,45-64,61420
1000000,16,34,65+,62652
1000000,16,35,0-5,58950
1000000,16,35,6-11,61025
1000000,16,35,12-17,55671
1000000,16,35,18-44,58639
1000000,16,35,45-64,61304
1000000,16,35,65+,62317
1000000,16,36,0-5,59065
1000000,16,36,6-11,61181
1000000,16,36,12-17,55684
1000000,16,36,18-44,58504
1000000,16,36,45-64,61199
1000000,16,36,65+,62321
1000000,16,37,0-5,59122
1000000,16,37,6-11,61215
1000000,16,37,12-17,55605
1000000,16,37,18-44,58449
1000000,16,37,45-64,60989
1000000,16,37,65+,62272
1000000,16,38,0-5,59213
1000000,16,38,6-11,61061
1000000,16,38,12-17,55641
1000000,16,38,18-44,58366
1000000,16,38,45-64,60876
1000000,16,38,65+,62266
1000000,16,39,0-5,59288
1000000,16,39,6-11,60912
1000000,16,39,12-17,55665
1000000,16,39,18-44,58209
1000000,16,39,45-64,60773
1000000,16,39,65+,62255
1000000,16,40,0-5,59167
1000000,16,40,6-11,60848
1000000,16,40,12-17,55640
1000000,16,40,18-44,58091
1000000,16,40,45-64,60536
1000000,16,40,65+,62130
1000000,16,41,0-5,59184
1000000,16,41,6-11,60742
1000000,16,41,12-17,55723
1000000,16,41,18-44,57957
1000000,16,41,45-64,60289
1000000,16,41,65+,62082
1000000,16,42,0-5,59005
1000000,16,42,6-11,60535
1000000,16,42,12-17,55730
1000000,16,42,18-44,57911
1000000,16,42,45-64,60226
1000000,16,42,65+,61991
1000000,16,43,0-5,58919
1000000,16,43,6-11,60447
1000000,16,43,12-17,55606
1000000,16,43,18-44,57594
1000000,16,43,45-64,60004
1000000,16,43,65+,61936
1000000,16,44,0-5,58842
1000000,16,44,6-11,60250
1000000,16,44,12-17,55725
1000000,16,44,18-44,57460
1000000,16,44,45-64,59744
1000000,16,44,65+,61850
1000000,16,45,0-5,58763
1000000,16,45,6-11,60138
1000000,16,45,12-17,55700
1000000,16,45,18-44,57248
1000000,16,45,45-64,59578
1000000,16,45,65+,61729
1000000,16,46,0-5,58756
1000000,16,46,6-11,60109
1000000,16,46,12-17,55797
1000000,16,46,18-44,57125
1000000,16,46,45-64,59409
1000000,16,46,65+,61627
1000000,16,47,0-5,58809
1000000,16,47,6-11,60066
1000000,16,47,12-17,55669
1000000,16,47,18-44,56884
1000000,16,47,45-64,59307
1000000,16,47,65+,61506
1000000,16,48,0-5,58907
1000000,16,48,6-11,60062
1000000,16,48,12-17,55620
1000000,16,48,18-44,56847
1000000,16,48,45-64,59305
1000000,16,48,65+,61388
1000000,16,49,0-5,58684
1000000,16,49,6-11,60025
1000000,16,49,12-17,55533
1000000,16,49,18-44,56772
1000000,16,49,45-64,59140
1000000,16,49,65+,61314
1000000,16,50,0-5,58537
1000000,16,50,6-11,60017
1000000,16,50,12-17,55491
1000000,16,50,18-44,56746
1000000,16,50,45-64,58923
1000000,16,50,65+,61229
1000000,16,51,0-5,58491
1000000,16,51,6-11,59919
1000000,16,51,12-17,55488
1000000,16,51,18-44,56632
1000000,16,51,45-64,58719
1000000,16,51,65+,61076
1000000,16,52,0-5,58473
1000000,16,52,6-11,59874
1000000,16,52,12-17,55262
1000000,16,52,18-44,56485
1000000,16,52,45-64,58662
1000000,16,52,65+,60978
1000000,16,53,0-5,58309
1000000,16,53,6-11,59726
1000000,16,53,12-17,55076
1000000,16,53,18-44,56252
1000000,16,53,45-64,58644
1000000,16,53,65+,60921
1000000,16,54,0-5,58285
1000000,16,54,6-11,59676
1000000,16,54,12-17,54953
1000000,16,54,18-44,56292
1000000,16,54,45-64,58699
1000000,16,54,65+,60850
1000000,16,55,0-5,58252
1000000,16,55,6-11,59660
1000000,16,55,12-17,54854
1000000,16,55,18-44,56184
1000000,16,55,45-64,58652
1000000,16,55,65+,60911
1000000,16,56,0-5,58169
1000000,16,56,6-11,59712
1000000,16,56,12-17,54756
1000000,16,56,18-44,56192
1000000,16,56,45-64,58565
1000000,16,56,65+,60838
1000000,16,57,0-5,58026
1000000,16,57,6-11,59616
1000000,16,57,12-17,54741
1000000,16,57,18-44,56063
1000000,16,57,45-64,58424
1000000,16,57,65+,60645
1000000,16,58,0-5,58030
1000000,16,58,6-11,59607
1000000,16,58,12-17,54788
1000000,16,58,18-44,56172
1000000,16,58,45-64,58263
1000000,16,58,65+,60576
1000000,16,59,0-5,58117
1000000,16,59,6-11,59623
1000000,16,59,12-17,54847
1000000,16,59,18-44,56064
1000000,16,59,45-64,58244
1000000,16,59,65+,60415
1000000,16,60,0-5,57860
1000000,16,60,6-11,59685
1000000,16,60,12-17,54745
1000000,16,60,18-44,56048
1000000,16,60,45-64,58222
1000000,16,60,65+,60273
1000000,16,61,0-5,57805
1000000,16,61,6-11,59634
1000000,16,61,12-17,54851
1000000,16,61,18-44,55845
1000000,16,61,45-64,58043
1000000,16,61,65+,60121
1000000,16,62,0-5,57778
1000000,16,62,6-11,59697
1000000,16,62,12-17,54833
1000000,16,62,18-44,55737
1000000,16,62,45-64,58099
1000000,16,62,65+,60113
1000000,16,63,0-5,57825
1000000,16,63,6-11,59713
1000000,16,63,12-17,54771
1000000,16,63,18-44,55626
1000000,16,63,45-64,58133
1000000,16,63,65+,60175
1000000,16,64,0-5,57787
1000000,16,64,6-11,59704
1000000,16,64,12-17,54793
1000000,16,64,18-44,55561
1000000,16,64,45-64,58072
1000000,16,64,65+,60028
1000000,16,65,0-5,57992
1000000,16,65,6-11,59868
1000000,16,65,12-17,54800
1000000,16,65,18-44,55404
1000000,16,65,45-64,58053
1000000,16,65,65+,60004
1000000,16,66,0-5,58032
1000000,16,66,6-11,59931
1000000,16,66,12-17,54774
1000000,16,66,18-44,55580
1000000,16,66,45-64,58084
1000000,16,66,65+,59989
1000000,16,67,0-5,57904
1000000,16,67,6-11,60045
1000000,16,67,12-17,54752
1000000,16,67,18-44,55372
1000000,16,67,45-64,58074
1000000,16,67,65+,60016
1000000,16,68,0-5,57865
1000000,16,68,6-11,60005
1000000,16,68,12-17,54802
1000000,16,68,18-44,55408
1000000,16,68,45-64,58170
1000000,16,68,65+,60034
1000000,16,69,0-5,57934
1000000,16,69,6-11,59882
1000000,16,69,12-17,54766
1000000,16,69,18-44,55427
1000000,16,69,45-64,58093
1000000,16,69,65+,59862
1000000,16,70,0-5,57906
1000000,16,70,6-11,59912
1000000,16,70,12-17,54755
1000000,16,70,18-44,55397
1000000,16,70,45-64,58005
1000000,16,70,65+,59964
1000000,16,71,0-5,57919
1000000,16,71,6-11,59865
1000000,16,71,12-17,54896
1000000,16,71,18-44,55229
1000000,16,71,45-64,57865
1000000,16,71,65+,60021
1000000,16,72,0-5,57848
1000000,16,72,6-11,59931
1000000,16,72,12-17,54915
1000000,16,72,18-44,55190
1000000,16,72,45-64,57728
1000000,16,72,65+,60069
1000000,16,73,0-5,57821
1000000,16,73,6-11,59891
1000000,16,73,12-17,54925
1000000,16,73,18-44,55201
1000000,16,73,45-64,57684
1000000,16,73,65+,60133
1000000,16,74,0-5,57771
1000000,16,74,6-11,59906
1000000,16,74,12-17,55070
1000000,16,74,18-44,55266
1000000,16,74,45-64,57687
1000000,16,74,65+,60043
1000000,16,75,0-5,57848
1000000,16,75,6-11,59949
1000000,16,75,12-17,55246
1000000,16,75,18-44,55256
1000000,16,75,45-64,57635
1000000,16,75,65+,60039
1000000,16,76,0-5,57966
1000000,16,76,6-11,60050
1000000,16,76,12-17,55196
1000000,16,76,18-44,55178
1000000,16,76,45-64,57724
1000000,16,76,65+,60121
1000000,16,77,0-5,58144
1000000,16,77,6-11,60013
1000000,16,77,12-17,55273
1000000,16,77,18-44,55178
1000000,16,77,45-64,57696
1000000,16,77,65+,60120
1000000,16,78,0-5,58204
1000000,16,78,6-11,60072
1000000,16,78,12-17,55412
1000000,16,78,18-44,55221
1000000,16,78,45-64,57561
1000000,16,78,65+,60114
1000000,16,79,0-5,58124
1000000,16,79,6-11,60327
1000000,16,79,12-17,55414
1000000,16,79,18-44,55232
1000000,16,79,45-64,57508
1000000,16,79,65+,59879
1000000,16,80,0-5,58172
1000000,16,80,6-11,60426
1000000,16,80,12-17,55480
1000000,16,80,18-44,55158
1000000,16,80,45-64,57512
1000000,16,80,65+,59763
1000000,16,81,0-5,58242
1000000,16,81,6-11,60542
1000000,16,81,12-17,55539
1000000,16,81,18-44,54997
1000000,16,81,45-64,57585
1000000,16,81,65+,59789
1000000,16,82,0-5,58264
1000000,16,82,6-11,60574
1000000,16,82,12-17,55559
1000000,16,82,18-44,55064
1000000,16,82,45-64,57518
1000000,16,82,65+,59804
1000000,16,83,0-5,58174
1000000,16,83,6-11,60513
1000000,16,83,12-17,55605
1000000,16,83,18-44,55079
1000000,16,83,45-64,57404
1000000,16,83,65+,59849
1000000,16,84,0-5,58202
1000000,16,84,6-11,60566
1000000,16,84,12-17,55584
1000000,16,84,18-44,55043
1000000,16,84,45-64,57385
1000000,16,84,65+,59781
1000000,16,85,0-5,58111
1000000,16,85,6-11,60578
1000000,16,85,12-17,55737
1000000,16,85,18-44,55024
1000000,16,85,45-64,57388
1000000,16,85,65+,59811
1000000,16,86,0-5,58297
1000000,16,86,6-11,60608
1000000,16,86,12-17,55913
1000000,16,86,18-44,55020
1000000,16,86,45-64,57612
1000000,16,86,65+,59888
1000000,16,87,0-5,58163
1000000,16,87,6-11,60748
1000000,16,87,12-17,55960
1000000,16,87,18-44,55155
1000000,16,87,45-64,57388
1000000,16,87,65+,59922
1000000,16,88,0-5,58142
1000000,16,88,6-11,60813
1000000,16,88,12-17,55800
1000000,16,88,18-44,55233
1000000,16,88,45-64,57516
1000000,16,88,65+,60005
1000000,16,89,0-5,58132
1000000,16,89,6-11,60772
1000000,16,89,12-17,55915
1000000,16,89,18-44,55222
1000000,16,89,45-64,57380
1000000,16,89,65+,59974
1000000,16,90,0-5,58109
1000000,16,90,6-11,60680
1000000,16,90,12-17,55843
1000000,16,90,18-44,55114
1000000,16,90,45-64,57189
1000000,16,90,65+,60005
1000000,16,91,0-5,58293
1000000,16,91,6-11,60818
1000000,16,91,12-17,55985
1000000,16,91,18-44,55057
1000000,16,91,45-64,57205
1000000,16,91,65+,59987
1000000,16,92,0-5,58476
1000000,16,92,6-11,61035
1000000,16,92,12-17,56135
1000000,16,92,18-44,55107
1000000,16,92,45-64,57197
1000000,16,92,65+,60035
1000000,16,93,0-5,58677
1000000,16,93,6-11,61008
1000000,16,93,12-17,56132
1000000,16,93,18-44,55050
1000000,16,93,45-64,57281
1000000,16,93,65+,60055
1000000,16,94,0-5,58748
1000000,16,94,6-11,61148
1000000,16,94,12-17,56277
1000000,16,94,18-44,55081
1000000,16,94,45-64,57306
1000000,16,94,65+,59954
1000000,16,95,0-5,58829
1000000,16,95,6-11,61261
1000000,16,95,12-17,56356
1000000,16,95,18-44,55063
1000000,16,95,45-64,57255
1000000,16,95,65+,60017
1000000,16,96,0-5,58919
1000000,16,96,6-11,61412
1000000,16,96,12-17,56489
1000000,16,96,18-44,55174
1000000,16,96,45-64,57275
1000000,16,96,65+,59947
1000000,16,97,0-5,59255
1000000,16,97,6-11,61592
1000000,16,97,12-17,56604
1000000,16,97,18-44,55167
1000000,16,97,45-64,57199
1000000,16,97,65+,59850
1000000,16,98,0-5,59302
1000000,16,98,6-11,61747
1000000,16,98,12-17,56618
1000000,16,98,18-44,55253
1000000,16,98,45-64,57103
1000000,16,98,65+,59842
1000000,16,99,0-5,59454
1000000,16,99,6-11,61876
1000000,16,99,12-17,56751
1000000,16,99,18-44,55175
1000000,16,99,45-64,57285
1000000,16,99,65+,59695
1000000,16,100,0-5,59602
1000000,16,100,6-11,62042
1000000,16,100,12-17,56719
1000000,16,100,18-44,55176
1000000,16,100,45-64,57341
1000000,16,100,65+,59743
1000000,16,101,0-5,59613
1000000,16,101,6-11,62268
1000000,16,101,12-17,56810
1000000,16,101,18-44,55212
1000000,16,101,45-64,57416
1000000,16,101,65+,59780
1000000,16,102,0-5,59680
1000000,16,102,6-11,62488
1000000,16,102,12-17,56949
1000000,16,102,18-44,55263
1000000,16,102,45-64,57517
1000000,16,102,65+,59949
1000000,16,103,0-5,59762
1000000,16,103,6-11,62636
1000000,16,103,12-17,57170
1000000,16,103,18-44,55269
1000000,16,103,45-64,57437
1000000,16,103,65+,60108
1000000,16,104,0-5,59845
1000000,16,104,6-11,62789
1000000,16,104,12-17,57102
1000000,16,104,18-44,55286
1000000,16,104,45-64,57344
1000000,16,104,65+,60168
1000000,16,105,0-5,59939
1000000,16,105,6-11,63122
1000000,16,105,12-17,57042
1000000,16,105,18-44,55397
1000000,16,105,45-64,57305
1000000,16,105,65+,60311
1000000,16,106,0-5,59986
1000000,16,106,6-11,63294
1000000,16,106,12-17,57221
1000000,16,106,18-44,55389
1000000,16,106,45-64,57230
1000000,16,106,65+,60381
1000000,16,107,0-5,60206
1000000,16,107,6-11,63543
1000000,16,107,12-17,57266
1000000,16,107,18-44,55222
1000000,16,107,45-64,57246
1000000,16,107,65+,60454
1000000,16,108,0-5,60443
1000000,16,108,6-11,63755
1000000,16,108,12-17,57395
1000000,16,108,18-44,55213
1000000,16,108,45-64,57329
1000000,16,108,65+,60504
1000000,16,109,0-5,60748
1000000,16,109,6-11,64091
1000000,16,109,12-17,57446
1000000,16,109,18-44,55208
1000000,16,109,45-64,57317
1000000,16,109,65+,60414
1000000,16,110,0-5,60987
1000000,16,110,6-11,64312
1000000,16,110,12-17,57620
1000000,16,110,18-44,55064
1000000,16,110,45-64,57260
1000000,16,110,65+,60604
1000000,16,111,0-5,61150
1000000,16,111,6-11,64694
1000000,16,111,12-17,57846
1000000,16,111,18-44,55105
1000000,16,111,45-64,57394
1000000,16,111,65+,60727
1000000,16,112,0-5,61381
1000000,16,112,6-11,65230
1000000,16,112,12-17,57911
1000000,16,112,18-44,55067
1000000,16,112,45-64,57354
1000000,16,112,65+,60750
1000000,16,113,0-5,61709
1000000,16,113,6-11,65469
1000000,16,113,12-17,58060
1000000,16,113,18-44,55052
1000000,16,113,45-64,57359
1000000,16,113,65+,60803
1000000,16,114,0-5,61957
1000000,16,114,6-11,65854
1000000,16,114,12-17,58242
1000000,16,114,18-44,54973
1000000,16,114,45-64,57354
1000000,16,114,65+,60919
1000000,16,115,0-5,62209
1000000,16,115,6-11,66328
1000000,16,115,12-17,58709
1000000,16,115,18-44,54933
1000000,16,115,45-64,57420
1000000,16,115,65+,60877
1000000,16,116,0-5,62519
1000000,16,116,6-11,66777
1000000,16,116,12-17,58923
1000000,16,116,18-44,55094
1000000,16,116,45-64,57512
1000000,16,116,65+,60837
1000000,16,117,0-5,62818
1000000,16,117,6-11,67155
1000000,16,117,12-17,59135
1000000,16,117,18-44,55110
1000000,16,117,45-64,57498
1000000,16,117,65+,60888
1000000,16,118,0-5,62987
1000000,16,118,6-11,67507
1000000,16,118,12-17,59410
1000000,16,118,18-44,55197
1000000,16,118,45-64,57417
1000000,16,118,65+,60896
1000000,16,119,0-5,63213
1000000,16,119,6-11,68080
1000000,16,119,12-17,59687
1000000,16,119,18-44,55439
1000000,16,119,45-64,57494
1000000,16,119,65+,60994
1000000,16,120,0-5,63613
1000000,16,120,6-11,68436
1000000,16,120,12-17,59852
1000000,16,120,18-44,55477
1000000,16,120,45-64,57660
1000000,16,120,65+,61001
1000000,16,121,0-5,63974
1000000,16,121,6-11,69112
1000000,16,121,12-17,60135
1000000,16,121,18-44,55453
1000000,16,121,45-64,57784
1000000,16,121,65+,61235
1000000,16,122,0-5,64236
1000000,16,122,6-11,69480
1000000,16,122,12-17,60383
1000000,16,122,18-44,55550
1000000,16,122,45-64,57643
1000000,16,122,65+,61490
1000000,16,123,0-5,64623
1000000,16,123,6-11,69985
1000000,16,123,12-17,60714
1000000,16,123,18-44,55389
1000000,16,123,45-64,57678
1000000,16,123,65+,61621
1000000,16,124,0-5,64972
1000000,16,124,6-11,70554
1000000,16,124,12-17,61053
1000000,16,124,18-44,55346
1000000,16,124,45-64,57745
1000000,16,124,65+,61770
1000000,16,125,0-5,65365
1000000,16,125,6-11,71244
1000000,16,125,12-17,61364
1000000,16,125,18-44,55403
1000000,16,125,45-64,57718
1000000,16,125,65+,61985
1000000,16,126,0-5,65930
1000000,16,126,6-11,71806
1000000,16,126,12-17,61621
1000000,16,126,18-44,55569
1000000,16,126,45-64,57695
1000000,16,126,65+,62084
1000000,16,127,0-5,66456
1000000,16,127,6-11,72231
1000000,16,127,12-17,62100
1000000,16,127,18-44,55594
1000000,16,127,45-64,57765
1000000,16,127,65+,62423
1000000,16,128,0-5,67174
1000000,16,128,6-11,72796
1000000,16,128,12-17,62379
1000000,16,128,18-44,55648
1000000,16,128,45-64,57884
1000000,16,128,65+,62660
1000000,16,129,0-5,67769
1000000,16,129,6-11,73340
1000000,16,129,12-17,62748
1000000,16,129,18-44,55789
1000000,16,129,45-64,57925
1000000,16,129,65+,62972
1000000,16,130,0-5,68231
1000000,16,130,6-11,74088
1000000,16,130,12-17,63273
1000000,16,130,18-44,55933
1000000,16,130,45-64,58007
1000000,16,130,65+,63233
1000000,16,131,0-5,68899
1000000,16,131,6-11,74806
1000000,16,131,12-17,63946
1000000,16,131,18-44,56001
1000000,16,131,45-64,58064
1000000,16,131,65+,63446
1000000,16,132,0-5,69381
1000000,16,132,6-11,75523
1000000,16,132,12-17,64261
1000000,16,132,18-44,56119
1000000,16,132,45-64,58316
1000000,16,132,65+,63671
1000000,16,133,0-5,69942
1000000,16,133,6-11,76332
1000000,16,133,12-17,64850
1000000,16,133,18-44,56107
1000000,16,133,45-64,58398
1000000,16,133,65+,64034
1000000,16,134,0-5,74859
1000000,16,134,6-11,81597
1000000,16,134,12-17,69390
1000000,16,134,18-44,59823
1000000,16,134,45-64,62289
1000000,16,134,65+,68212
1000000,16,135,0-5,80223
1000000,16,135,6-11,87660
1000000,16,135,12-17,74552
1000000,16,135,18-44,64002
1000000,16,135,45-64,66745
1000000,16,135,65+,73213
1000000,16,136,0-5,86385
1000000,16,136,6-11,94203
1000000,16,136,12-17,80321
1000000,16,136,18-44,68900
1000000,16,136,45-64,71833
1000000,16,136,65+,78838
1000000,16,137,0-5,93492
1000000,16,137,6-11,101777
1000000,16,137,12-17,87266
1000000,16,137,18-44,74732
1000000,16,137,45-64,77826
1000000,16,137,65+,85366
1000000,16,138,0-5,101764
1000000,16,138,6-11,110689
1000000,16,138,12-17,95237
1000000,16,138,18-44,81460
1000000,16,138,45-64,84788
1000000,16,138,65+,93019
1000000,16,139,0-5,111830
1000000,16,139,6-11,121078
1000000,16,139,12-17,104644
1000000,16,139,18-44,89627
1000000,16,139,45-64,92936
1000000,16,139,65+,102129
1000000,16,140,0-5,123725
1000000,16,140,6-11,133470
1000000,16,140,12-17,116055
1000000,16,140,18-44,99294
1000000,16,140,45-64,102977
1000000,16,140,65+,112812
1000000,16,141,0-5,138097
1000000,16,141,6-11,148677
1000000,16,141,12-17,130103
1000000,16,141,18-44,111384
1000000,16,141,45-64,115388
1000000,16,141,65+,125790
1000000,16,142,0-5,155663
1000000,16,142,6-11,167038
1000000,16,142,12-17,147401
1000000,16,142,18-44,126492
1000000,16,142,45-64,130839
1000000,16,142,65+,142101
1000000,16,143,0-5,177822
1000000,16,143,6-11,189478
1000000,16,143,12-17,169361
1000000,16,143,18-44,146098
1000000,16,143,45-64,150774
1000000,16,143,65+,163223
1000000,16,144,0-5,205581
1000000,16,144,6-11,217542
1000000,16,144,12-17,197357
1000000,16,144,18-44,172437
1000000,16,144,45-64,177360
1000000,16,144,65+,190503
1000000,16,145,0-5,241196
1000000,16,145,6-11,252966
1000000,16,145,12-17,234019
1000000,16,145,18-44,208249
1000000,16,145,45-64,213148
1000000,16,145,65+,226711
1000000,16,146,0-5,289421
1000000,16,146,6-11,299361
1000000,16,146,12-17,282833
1000000,16,146,18-44,258147
1000000,16,146,45-64,262553
1000000,16,146,65+,275801
1000000,16,147,0-5,356581
1000000,16,147,6-11,363660
1000000,16,147,12-17,350297
1000000,16,147,18-44,329026
1000000,16,147,45-64,332896
1000000,16,147,65+,344558
1000000,16,148,0-5,456754
1000000,16,148,6-11,461106
1000000,16,148,12-17,452065
1000000,16,148,18-44,435266
1000000,16,148,45-64,438279
1000000,16,148,65+,447556
1000000,16,149,0-5,626497
1000000,16,149,6-11,628234
1000000,16,149,12-17,623470
1000000,16,149,18-44,614237
1000000,16,149,45-64,615769
1000000,16,149,65+,620560
1000000,24,1,0-5,24705
1000000,24,1,6-11,289
1000000,24,1,12-17,6278
1000000,24,1,18-44,35823
1000000,24,1,45-64,29775
1000000,24,1,65+,23363
1000000,24,2,0-5,26884
1000000,24,2,6-11,343
1000000,24,2,12-17,7751
1000000,24,2,18-44,36973
1000000,24,2,45-64,32794
1000000,24,2,65+,26561
1000000,24,3,0-5,30561
1000000,24,3,6-11,1463
1000000,24,3,12-17,13526
1000000,24,3,18-44,38832
1000000,24,3,45-64,37747
1000000,24,3,65+,31885
1000000,24,4,0-5,35047
1000000,24,4,6-11,24341
1000000,24,4,12-17,30796
1000000,24,4,18-44,40376
1000000,24,4,45-64,40774
1000000,24,4,65+,37323
1000000,24,5,0-5,37072
1000000,24,5,6-11,31459
1000000,24,5,12-17,35791
1000000,24,5,18-44,40976
1000000,24,5,45-64,41825
1000000,24,5,65+,40480
1000000,24,6,0-5,37783
1000000,24,6,6-11,32052
1000000,24,6,12-17,36839
1000000,24,6,18-44,41245
1000000,24,6,45-64,42227
1000000,24,6,65+,42095
1000000,24,7,0-5,38028
1000000,24,7,6-11,32225
1000000,24,7,12-17,37119
1000000,24,7,18-44,41352
1000000,24,7,45-64,42339
1000000,24,7,65+,42879
1000000,24,8,0-5,38179
1000000,24,8,6-11,32401
1000000,24,8,12-17,37203
1000000,24,8,18-44,41400
1000000,24,8,45-64,42456
1000000,24,8,65+,43277
1000000,24,9,0-5,38317
1000000,24,9,6-11,32621
1000000,24,9,12-17,37284
1000000,24,9,18-44,41386
1000000,24,9,45-64,42558
1000000,24,9,65+,43452
1000000,24,10,0-5,38368
1000000,24,10,6-11,32824
1000000,24,10,12-17,37302
1000000,24,10,18-44,41365
1000000,24,10,45-64,42609
1000000,24,10,65+,43557
1000000,24,11,0-5,38377
1000000,24,11,6-11,33060
1000000,24,11,12-17,37244
1000000,24,11,18-44,41330
1000000,24,11,45-64,42652
1000000,24,11,65+,43447
1000000,24,12,0-5,38452
1000000,24,12,6-11,33262
1000000,24,12,12-17,37226
1000000,24,12,18-44,41292
1000000,24,12,45-64,42713
1000000,24,12,65+,43363
1000000,24,13,0-5,38466
1000000,24,13,6-11,33517
1000000,24,13,12-17,37210
1000000,24,13,18-44,41267
1000000,24,13,45-64,42536
1000000,24,13,65+,43253
1000000,24,14,0-5,38568
1000000,24,14,6-11,33848
1000000,24,14,12-17,37173
1000000,24,14,18-44,41234
1000000,24,14,45-64,42417
1000000,24,14,65+,43280
1000000,24,15,0-5,38680
1000000,24,15,6-11,34190
1000000,24,15,12-17,37227
1000000,24,15,18-44,41152
1000000,24,15,45-64,42479
1000000,24,15,65+,43277
1000000,24,16,0-5,38746
1000000,24,16,6-11,34580
1000000,24,16,12-17,37234
1000000,24,16,18-44,41140
1000000,24,16,45-64,42435
1000000,24,16,65+,43283
1000000,24,17,0-5,38880
1000000,24,17,6-11,34994
1000000,24,17,12-17,37355
1000000,24,17,18-44,41017
1000000,24,17,45-64,42318
1000000,24,17,65+,43255
1000000,24,18,0-5,38925
1000000,24,18,6-11,35411
1000000,24,18,12-17,37348
1000000,24,18,18-44,41089
1000000,24,18,45-64,42369
1000000,24,18,65+,43252
1000000,24,19,0-5,38986
1000000,24,19,6-11,35743
1000000,24,19,12-17,37350
1000000,24,19,18-44,41026
1000000,24,19,45-64,42301
1000000,24,19,65+,43288
1000000,24,20,0-5,39010
1000000,24,20,6-11,36220
1000000,24,20,12-17,37284
1000000,24,20,18-44,40883
1000000,24,20,45-64,42304
1000000,24,20,65+,43278
1000000,24,21,0-5,39016
1000000,24,21,6-11,36668
1000000,24,21,12-17,37288
1000000,24,21,18-44,40821
1000000,24,21,45-64,42202
1000000,24,21,65+,43225
1000000,24,22,0-5,39100
1000000,24,22,6-11,36942
1000000,24,22,12-17,37288
1000000,24,22,18-44,40760
1000000,24,22,45-64,42162
1000000,24,22,65+,43100
1000000,24,23,0-5,39220
1000000,24,23,6-11,37366
1000000,24,23,12-17,37327
1000000,24,23,18-44,40606
1000000,24,23,45-64,42010
1000000,24,23,65+,42959
1000000,24,24,0-5,39307
1000000,24,24,6-11,37711
1000000,24,24,12-17,37383
1000000,24,24,18-44,40524
1000000,24,24,45-64,41994
1000000,24,24,65+,42828
1000000,24,25,0-5,39321
1000000,24,25,6-11,38102
1000000,24,25,12-17,37315
1000000,24,25,18-44,40481
1000000,24,25,45-64,42045
1000000,24,25,65+,42763
1000000,24,26,0-5,39332
1000000,24,26,6-11,38474
1000000,24,26,12-17,37359
1000000,24,26,18-44,40300
1000000,24,26,45-64,41991
1000000,24,26,65+,42662
1000000,24,27,0-5,39438
1000000,24,27,6-11,38823
1000000,24,27,12-17,37354
1000000,24,27,18-44,40168
1000000,24,27,45-64,41876
1000000,24,27,65+,42560
1000000,24,28,0-5,39419
1000000,24,28,6-11,39174
1000000,24,28,12-17,37354
1000000,24,28,18-44,39993
1000000,24,28,45-64,41693
1000000,24,28,65+,42537
1000000,24,29,0-5,39518
1000000,24,29,6-11,39428
1000000,24,29,12-17,37354
1000000,24,29,18-44,39862
1000000,24,29,45-64,41620
1000000,24,29,65+,42411
1000000,24,30,0-5,39569
1000000,24,30,6-11,39567
1000000,24,30,12-17,37319
1000000,24,30,18-44,39731
1000000,24,30,45-64,41572
1000000,24,30,65+,42317
1000000,24,31,0-5,39648
1000000,24,31,6-11,39745
1000000,24,31,12-17,37219
1000000,24,31,18-44,39595
1000000,24,31,45-64,41436
1000000,24,31,65+,42288
1000000,24,32,0-5,39672
1000000,24,32,6-11,39898
1000000,24,32,12-17,37127
1000000,24,32,18-44,39379
1000000,24,32,45-64,41289
1000000,24,32,65+,42222
1000000,24,33,0-5,39640
1000000,24,33,6-11,40141
1000000,24,33,12-17,37143
1000000,24,33,18-44,39263
1000000,24,33,45-64,41165
1000000,24,33,65+,42268
1000000,24,34,0-5,39551
1000000,24,34,6-11,40209
1000000,24,34,12-17,37141
1000000,24,34,18-44,39174
1000000,24,34,45-64,41116
1000000,24,34,65+,42322
1000000,24,35,0-5,39515
1000000,24,35,6-11,40329
1000000,24,35,12-17,37100
1000000,24,35,18-44,39057
1000000,24,35,45-64,41028
1000000,24,35,65+,42123
1000000,24,36,0-5,39508
1000000,24,36,6-11,40354
1000000,24,36,12-17,37071
1000000,24,36,18-44,38914
1000000,24,36,45-64,40919
1000000,24,36,65+,42096
1000000,24,37,0-5,39457
1000000,24,37,6-11,40406
1000000,24,37,12-17,36999
1000000,24,37,18-44,38775
1000000,24,37,45-64,40774
1000000,24,37,65+,42070
1000000,24,38,0-5,39480
1000000,24,38,6-11,40435
1000000,24,38,12-17,37040
1000000,24,38,18-44,38730
1000000,24,38,45-64,40622
1000000,24,38,65+,42032
1000000,24,39,0-5,39457
1000000,24,39,6-11,40370
1000000,24,39,12-17,37051
1000000,24,39,18-44,38508
1000000,24,39,45-64,40530
1000000,24,39,65+,41976
1000000,24,40,0-5,39382
1000000,24,40,6-11,40373
1000000,24,40,12-17,37009
1000000,24,40,18-44,38404
1000000,24,40,45-64,40383
1000000,24,40,65+,41834
1000000,24,41,0-5,39348
1000000,24,41,6-11,40346
1000000,24,41,12-17,37055
1000000,24,41,18-44,38311
1000000,24,41,45-64,40152
1000000,24,41,65+,41776
1000000,24,42,0-5,39214
1000000,24,42,6-11,40237
1000000,24,42,12-17,37012
1000000,24,42,18-44,38278
1000000,24,42,45-64,39986
1000000,24,42,65+,41618
1000000,24,43,0-5,39257
1000000,24,43,6-11,40222
1000000,24,43,12-17,36968
1000000,24,43,18-44,38182
1000000,24,43,45-64,39879
1000000,24,43,65+,41587
1000000,24,44,0-5,39153
1000000,24,44,6-11,40180
1000000,24,44,12-17,36859
1000000,24,44,18-44,38208
1000000,24,44,45-64,39731
1000000,24,44,65+,41484
1000000,24,45,0-5,39050
1000000,24,45,6-11,40151
1000000,24,45,12-17,36788
1000000,24,45,18-44,38012
1000000,24,45,45-64,39649
1000000,24,45,65+,41465
1000000,24,46,0-5,39027
1000000,24,46,6-11,40089
1000000,24,46,12-17,36767
1000000,24,46,18-44,37954
1000000,24,46,45-64,39580
1000000,24,46,65+,41360
1000000,24,47,0-5,39090
1000000,24,47,6-11,40007
1000000,24,47,12-17,36705
1000000,24,47,18-44,37804
1000000,24,47,45-64,39511
1000000,24,47,65+,41263
1000000,24,48,0-5,39143
1000000,24,48,6-11,40040
1000000,24,48,12-17,36636
1000000,24,48,18-44,37729
1000000,24,48,45-64,39443
1000000,24,48,65+,41208
1000000,24,49,0-5,39039
1000000,24,49,6-11,39975
1000000,24,49,12-17,36615
1000000,24,49,18-44,37645
1000000,24,49,45-64,39337
1000000,24,49,65+,41110
1000000,24,50,0-5,39003
1000000,24,50,6-11,39991
1000000,24,50,12-17,36662
1000000,24,50,18-44,37660
1000000,24,50,45-64,39219
1000000,24,50,65+,41072
1000000,24,51,0-5,38989
1000000,24,51,6-11,39984
1000000,24,51,12-17,36634
1000000,24,51,18-44,37546
1000000,24,51,45-64,39198
1000000,24,51,65+,40931
1000000,24,52,0-5,38894
1000000,24,52,6-11,39893
1000000,24,52,12-17,36531
1000000,24,52,18-44,37505
1000000,24,52,45-64,39246
1000000,24,52,65+,40785
1000000,24,53,0-5,38818
1000000,24,53,6-11,39848
1000000,24,53,12-17,36426
1000000,24,53,18-44,37488
1000000,24,53,45-64,39228
1000000,24,53,65+,40769
1000000,24,54,0-5,38793
1000000,24,54,6-11,39890
1000000,24,54,12-17,36426
1000000,24,54,18-44,37392
1000000,24,54,45-64,39218
1000000,24,54,65+,40727
1000000,24,55,0-5,38770
1000000,24,55,6-11,39880
1000000,24,55,12-17,36459
1000000,24,55,18-44,37399
1000000,24,55,45-64,39175
1000000,24,55,65+,40723
1000000,24,56,0-5,38781
1000000,24,56,6-11,39882
1000000,24,56,12-17,36424
1000000,24,56,18-44,37297
1000000,24,56,45-64,39152
1000000,24,56,65+,40591
1000000,24,57,0-5,38838
1000000,24,57,6-11,40005
1000000,24,57,12-17,36400
1000000,24,57,18-44,37284
1000000,24,57,45-64,39072
1000000,24,57,65+,40457
1000000,24,58,0-5,38878
1000000,24,58,6-11,40064
1000000,24,58,12-17,36343
1000000,24,58,18-44,37277
1000000,24,58,45-64,38995
1000000,24,58,65+,40416
1000000,24,59,0-5,38807
1000000,24,59,6-11,40091
1000000,24,59,12-17,36282
1000000,24,59,18-44,37162
1000000,24,59,45-64,38928
1000000,24,59,65+,40343
1000000,24,60,0-5,38659
1000000,24,60,6-11,40141
1000000,24,60,12-17,36352
1000000,24,60,18-44,37124
1000000,24,60,45-64,38957
1000000,24,60,65+,40229
1000000,24,61,0-5,38651
1000000,24,61,6-11,40077
1000000,24,61,12-17,36422
1000000,24,61,18-44,37025
1000000,24,61,45-64,38936
1000000,24,61,65+,40129
1000000,24,62,0-5,38629
1000000,24,62,6-11,40097
1000000,24,62,12-17,36435
1000000,24,62,18-44,36974
1000000,24,62,45-64,38907
1000000,24,62,65+,40131
1000000,24,63,0-5,38720
1000000,24,63,6-11,40055
1000000,24,63,12-17,36471
1000000,24,63,18-44,36844
1000000,24,63,45-64,38866
1000000,24,63,65+,40138
1000000,24,64,0-5,38704
1000000,24,64,6-11,40127
1000000,24,64,12-17,36488
1000000,24,64,18-44,36840
1000000,24,64,45-64,38784
1000000,24,64,65+,40165
1000000,24,65,0-5,38646
1000000,24,65,6-11,40109
1000000,24,65,12-17,36502
1000000,24,65,18-44,36781
1000000,24,65,45-64,38746
1000000,24,65,65+,40164
1000000,24,66,0-5,38729
1000000,24,66,6-11,40111
1000000,24,66,12-17,36439
1000000,24,66,18-44,36780
1000000,24,66,45-64,38680
1000000,24,66,65+,40261
1000000,24,67,0-5,38734
1000000,24,67,6-11,40162
1000000,24,67,12-17,36502
1000000,24,67,18-44,36744
1000000,24,67,45-64,38684
1000000,24,67,65+,40317
1000000,24,68,0-5,38710
1000000,24,68,6-11,40143
1000000,24,68,12-17,36451
1000000,24,68,18-44,36732
1000000,24,68,45-64,38682
1000000,24,68,65+,40359
1000000,24,69,0-5,38782
1000000,24,69,6-11,40107
1000000,24,69,12-17,36515
1000000,24,69,18-44,36746
1000000,24,69,45-64,38656
1000000,24,69,65+,40352
1000000,24,70,0-5,38790
1000000,24,70,6-11,40173
1000000,24,70,12-17,36573
1000000,24,70,18-44,36780
1000000,24,70,45-64,38650
1000000,24,70,65+,40379
1000000,24,71,0-5,38720
1000000,24,71,6-11,40315
1000000,24,71,12-17,36583
1000000,24,71,18-44,36802
1000000,24,71,45-64,38575
1000000,24,71,65+,40292
1000000,24,72,0-5,38697
1000000,24,72,6-11,40375
1000000,24,72,12-17,36565
1000000,24,72,18-44,36776
1000000,24,72,45-64,38538
1000000,24,72,65+,40275
1000000,24,73,0-5,38766
1000000,24,73,6-11,40410
1000000,24,73,12-17,36664
1000000,24,73,18-44,36711
1000000,24,73,45-64,38563
1000000,24,73,65+,40276
1000000,24,74,0-5,38758
1000000,24,74,6-11,40492
1000000,24,74,12-17,36662
1000000,24,74,18-44,36702
1000000,24,74,45-64,38565
1000000,24,74,65+,40257
1000000,24,75,0-5,38746
1000000,24,75,6-11,40488
1000000,24,75,12-17,36739
1000000,24,75,18-44,36780
1000000,24,75,45-64,38519
1000000,24,75,65+,40239
1000000,24,76,0-5,38741
1000000,24,76,6-11,40527
1000000,24,76,12-17,36747
1000000,24,76,18-44,36765
1000000,24,76,45-64,38542
1000000,24,76,65+,40214
1000000,24,77,0-5,38765
1000000,24,77,6-11,40621
1000000,24,77,12-17,36871
1000000,24,77,18-44,36786
1000000,24,77,45-64,38515
1000000,24,77,65+,40175
1000000,24,78,0-5,38887
1000000,24,78,6-11,40604
1000000,24,78,12-17,36962
1000000,24,78,18-44,36730
1000000,24,78,45-64,38410
1000000,24,78,65+,40195
1000000,24,79,0-5,38858
1000000,24,79,6-11,40718
1000000,24,79,12-17,37049
1000000,24,79,18-44,36663
1000000,24,79,45-64,38352
1000000,24,79,65+,40218
1000000,24,80,0-5,38869
1000000,24,80,6-11,40757
1000000,24,80,12-17,37094
1000000,24,80,18-44,36673
1000000,24,80,45-64,38433
1000000,24,80,65+,40170
1000000,24,81,0-5,38900
1000000,24,81,6-11,40691
1000000,24,81,12-17,37105
1000000,24,81,18-44,36633
1000000,24,81,45-64,38470
1000000,24,81,65+,40212
1000000,24,82,0-5,38822
1000000,24,82,6-11,40637
1000000,24,82,12-17,37052
1000000,24,82,18-44,36671
1000000,24,82,45-64,38394
1000000,24,82,65+,40206
1000000,24,83,0-5,38859
1000000,24,83,6-11,40670
1000000,24,83,12-17,37165
1000000,24,83,18-44,36675
1000000,24,83,45-64,38360
1000000,24,83,65+,40204
1000000,24,84,0-5,38978
1000000,24,84,6-11,40775
1000000,24,84,12-17,37199
1000000,24,84,18-44,36753
1000000,24,84,45-64,38316
1000000,24,84,65+,40181
1000000,24,85,0-5,39011
1000000,24,85,6-11,40691
1000000,24,85,12-17,37287
1000000,24,85,18-44,36765
1000000,24,85,45-64,38266
1000000,24,85,65+,40191
1000000,24,86,0-5,39052
1000000,24,86,6-11,40755
1000000,24,86,12-17,37331
1000000,24,86,18-44,36829
1000000,24,86,45-64,38355
1000000,24,86,65+,40166
1000000,24,87,0-5,39051
1000000,24,87,6-11,40885
1000000,24,87,12-17,37383
1000000,24,87,18-44,36976
1000000,24,87,45-64,38316
1000000,24,87,65+,40139
1000000,24,88,0-5,39016
1000000,24,88,6-11,40938
1000000,24,88,12-17,37357
1000000,24,88,18-44,36950
1000000,24,88,45-64,38338
1000000,24,88,65+,40122
1000000,24,89,0-5,39138
1000000,24,89,6-11,41019
1000000,24,89,12-17,37400
1000000,24,89,18-44,36946
1000000,24,89,45-64,38354
1000000,24,89,65+,40117
1000000,24,90,0-5,39238
1000000,24,90,6-11,41104
1000000,24,90,12-17,37450
1000000,24,90,18-44,36831
1000000,24,90,45-64,38222
1000000,24,90,65+,40119
1000000,24,91,0-5,39310
1000000,24,91,6-11,41271
1000000,24,91,12-17,37484
1000000,24,91,18-44,36811
1000000,24,91,45-64,38297
1000000,24,91,65+,40087
1000000,24,92,0-5,39382
1000000,24,92,6-11,41337
1000000,24,92,12-17,37567
1000000,24,92,18-44,36779
1000000,24,92,45-64,38262
1000000,24,92,65+,40068
1000000,24,93,0-5,39492
1000000,24,93,6-11,41441
1000000,24,93,12-17,37631
1000000,24,93,18-44,36815
1000000,24,93,45-64,38303
1000000,24,93,65+,40072
1000000,24,94,0-5,39593
1000000,24,94,6-11,41501
1000000,24,94,12-17,37718
1000000,24,94,18-44,36797
1000000,24,94,45-64,38290
1000000,24,94,65+,40100
1000000,24,95,0-5,39624
1000000,24,95,6-11,41542
1000000,24,95,12-17,37925
1000000,24,95,18-44,36829
1000000,24,95,45-64,38236
1000000,24,95,65+,40297
1000000,24,96,0-5,39668
1000000,24,96,6-11,41690
1000000,24,96,12-17,37939
1000000,24,96,18-44,36818
1000000,24,96,45-64,38142
1000000,24,96,65+,40293
1000000,24,97,0-5,39790
1000000,24,97,6-11,41893
1000000,24,97,12-17,38001
1000000,24,97,18-44,36827
1000000,24,97,45-64,38164
1000000,24,97,65+,40276
1000000,24,98,0-5,39779
1000000,24,98,6-11,41987
1000000,24,98,12-17,38055
1000000,24,98,18-44,36929
1000000,24,98,45-64,38097
1000000,24,98,65+,40250
1000000,24,99,0-5,39983
1000000,24,99,6-11,42137
1000000,24,99,12-17,38087
1000000,24,99,18-44,36919
1000000,24,99,45-64,38094
1000000,24,99,65+,40219
1000000,24,100,0-5,40159
1000000,24,100,6-11,42320
1000000,24,100,12-17,38125
1000000,24,100,18-44,36893
1000000,24,100,45-64,38250
1000000,24,100,65+,40269
1000000,24,101,0-5,40337
1000000,24,101,6-11,42402
1000000,24,101,12-17,38058
1000000,24,101,18-44,36911
1000000,24,101,45-64,38320
1000000,24,101,65+,40327
1000000,24,102,0-5,40534
1000000,24,102,6-11,42558
1000000,24,102,12-17,38143
1000000,24,102,18-44,36897
1000000,24,102,45-64,38335
1000000,24,102,65+,40459
1000000,24,103,0-5,40697
1000000,24,103,6-11,42834
1000000,24,103,12-17,38262
1000000,24,103,18-44,36815
1000000,24,103,45-64,38389
1000000,24,103,65+,40586
1000000,24,104,0-5,40831
1000000,24,104,6-11,42951
1000000,24,104,12-17,38261
1000000,24,104,18-44,36788
1000000,24,104,45-64,38434
1000000,24,104,65+,40647
1000000,24,105,0-5,40928
1000000,24,105,6-11,43127
1000000,24,105,12-17,38304
1000000,24,105,18-44,36716
1000000,24,105,45-64,38408
1000000,24,105,65+,40748
1000000,24,106,0-5,41056
1000000,24,106,6-11,43334
1000000,24,106,12-17,38372
1000000,24,106,18-44,36641
1000000,24,106,45-64,38351
1000000,24,106,65+,40816
1000000,24,107,0-5,41208
1000000,24,107,6-11,43645
1000000,24,107,12-17,38560
1000000,24,107,18-44,36717
1000000,24,107,45-64,38359
1000000,24,107,65+,40743
1000000,24,108,0-5,41278
1000000,24,108,6-11,43856
1000000,24,108,12-17,38735
1000000,24,108,18-44,36736
1000000,24,108,45-64,38354
1000000,24,108,65+,40677
1000000,24,109,0-5,41423
1000000,24,109,6-11,44161
1000000,24,109,12-17,38915
1000000,24,109,18-44,36651
1000000,24,109,45-64,38308
1000000,24,109,65+,40653
1000000,24,110,0-5,41492
1000000,24,110,6-11,44296
1000000,24,110,12-17,39020
1000000,24,110,18-44,36698
1000000,24,110,45-64,38278
1000000,24,110,65+,40789
1000000,24,111,0-5,41673
1000000,24,111,6-11,44628
1000000,24,111,12-17,39161
1000000,24,111,18-44,36802
1000000,24,111,45-64,38315
1000000,24,111,65+,40766
1000000,24,112,0-5,41839
1000000,24,112,6-11,44983
1000000,24,112,12-17,39315
1000000,24,112,18-44,36796
1000000,24,112,45-64,38318
1000000,24,112,65+,40864
1000000,24,113,0-5,42162
1000000,24,113,6-11,45273
1000000,24,113,12-17,39517
1000000,24,113,18-44,36812
1000000,24,113,45-64,38390
1000000,24,113,65+,41037
1000000,24,114,0-5,42353
1000000,24,114,6-11,45604
1000000,24,114,12-17,39632
1000000,24,114,18-44,36844
1000000,24,114,45-64,38360
1000000,24,114,65+,41173
1000000,24,115,0-5,42537
1000000,24,115,6-11,45935
1000000,24,115,12-17,39874
1000000,24,115,18-44,36771
1000000,24,115,45-64,38381
1000000,24,115,65+,41153
1000000,24,116,0-5,42864
1000000,24,116,6-11,46285
1000000,24,116,12-17,40058
1000000,24,116,18-44,36887
1000000,24,116,45-64,38441
1000000,24,116,65+,41189
1000000,24,117,0-5,43124
1000000,24,117,6-11,46688
1000000,24,117,12-17,40159
1000000,24,117,18-44,36869
1000000,24,117,45-64,38376
1000000,24,117,65+,41282
1000000,24,118,0-5,43325
1000000,24,118,6-11,47051
1000000,24,118,12-17,40323
1000000,24,118,18-44,36881
1000000,24,118,45-64,38288
1000000,24,118,65+,41423
1000000,24,119,0-5,43649
1000000,24,119,6-11,47356
1000000,24,119,12-17,40511
1000000,24,119,18-44,36961
1000000,24,119,45-64,38386
1000000,24,119,65+,41565
1000000,24,120,0-5,44032
1000000,24,120,6-11,47676
1000000,24,120,12-17,40722
1000000,24,120,18-44,36984
1000000,24,120,45-64,38468
1000000,24,120,65+,41587
1000000,24,121,0-5,44267
1000000,24,121,6-11,48095
1000000,24,121,12-17,40932
1000000,24,121,18-44,37132
1000000,24,121,45-64,38493
1000000,24,121,65+,41694
1000000,24,122,0-5,44555
1000000,24,122,6-11,48433
1000000,24,122,12-17,41252
1000000,24,122,18-44,37193
1000000,24,122,45-64,38526
1000000,24,122,65+,41881
1000000,24,123,0-5,44901
1000000,24,123,6-11,48803
1000000,24,123,12-17,41634
1000000,24,123,18-44,37119
1000000,24,123,45-64,38537
1000000,24,123,65+,41997
1000000,24,124,0-5,45146
1000000,24,124,6-11,49258
1000000,24,124,12-17,41871
1000000,24,124,18-44,37181
1000000,24,124,45-64,38667
1000000,24,124,65+,42155
1000000,24,125,0-5,45463
1000000,24,125,6-11,49718
1000000,24,125,12-17,42203
1000000,24,125,18-44,37165
1000000,24,125,45-64,38669
1000000,24,125,65+,42312
1000000,24,126,0-5,47620
1000000,24,126,6-11,52041
1000000,24,126,12-17,44160
1000000,24,126,18-44,38802
1000000,24,126,45-64,40338
1000000,24,126,65+,44148
1000000,24,127,0-5,49939
1000000,24,127,6-11,54533
1000000,24,127,12-17,46327
1000000,24,127,18-44,40623
1000000,24,127,45-64,42282
1000000,24,127,65+,46312
1000000,24,128,0-5,52546
1000000,24,128,6-11,57341
1000000,24,128,12-17,48627
1000000,24,128,18-44,42548
1000000,24,128,45-64,44355
1000000,24,128,65+,48611
1000000,24,129,0-5,55371
1000000,24,129,6-11,60369
1000000,24,129,12-17,51258
1000000,24,129,18-44,44735
1000000,24,129,45-64,46609
1000000,24,129,65+,51128
1000000,24,130,0-5,58467
1000000,24,130,6-11,63765
1000000,24,130,12-17,54132
1000000,24,130,18-44,47194
1000000,24,130,45-64,49113
1000000,24,130,65+,53865
1000000,24,131,0-5,61902
1000000,24,131,6-11,67587
1000000,24,131,12-17,57354
1000000,24,131,18-44,49897
1000000,24,131,45-64,51857
1000000,24,131,65+,56863
1000000,24,132,0-5,65700
1000000,24,132,6-11,71714
1000000,24,132,12-17,60791
1000000,24,132,18-44,52828
1000000,24,132,45-64,54988
1000000,24,132,65+,60199
1000000,24,133,0-5,69942
1000000,24,133,6-11,76332
1000000,24,133,12-17,64850
1000000,24,133,18-44,56107
1000000,24,133,45-64,58398
1000000,24,133,65+,64034
1000000,24,134,0-5,74859
1000000,24,134,6-11,81597
1000000,24,134,12-17,69390
1000000,24,134,18-44,59823
1000000,24,134,45-64,62289
1000000,24,134,65+,68212
1000000,24,135,0-5,80223
1000000,24,135,6-11,87660
1000000,24,135,12-17,74552
1000000,24,135,18-44,64002
1000000,24,135,45-64,66745
1000000,24,135,65+,73213
1000000,24,136,0-5,86385
1000000,24,136,6-11,94203
1000000,24,136,12-17,80321
1000000,24,136,18-44,68900
1000000,24,136,45-64,71833
1000000,24,136,65+,78838
1000000,24,137,0-5,93492
1000000,24,137,6-11,101777
1000000,24,137,12-17,87266
1000000,24,137,18-44,74732
1000000,24,137,45-64,77826
1000000,24,137,65+,85366
1000000,24,138,0-5,101764
1000000,24,138,6-11,110689
1000000,24,138,12-17,95237
1000000,24,138,18-44,81460
1000000,24,138,45-64,84788
1000000,24,138,65+,93019
1000000,24,139,0-5,111830
1000000,24,139,6-11,121078
1000000,24,139,12-17,104644
1000000,24,139,18-44,89627
1000000,24,139,45-64,92936
1000000,24,139,65+,102129
1000000,24,140,0-5,123725
1000000,24,140,6-11,133470
1000000,24,140,12-17,116055
1000000,24,140,18-44,99294
1000000,24,140,45-64,102977
1000000,24,140,65+,112812
1000000,24,141,0-5,138097
1000000,24,141,6-11,148677
1000000,24,141,12-17,130103
1000000,24,141,18-44,111384
1000000,24,141,45-64,115388
1000000,24,141,65+,125790
1000000,24,142,0-5,155663
1000000,24,142,6-11,167038
1000000,24,142,12-17,147401
1000000,24,142,18-44,126492
1000000,24,142,45-64,130839
1000000,24,142,65+,142101
1000000,24,143,0-5,177822
1000000,24,143,6-11,189478
1000000,24,143,12-17,169361
1000000,24,143,18-44,146098
1000000,24,143,45-64,150774
1000000,24,143,65+,163223
1000000,24,144,0-5,205581
1000000,24,144,6-11,217542
1000000,24,144,12-17,197357
1000000,24,144,18-44,172437
1000000,24,144,45-64,177360
1000000,24,144,65+,190503
1000000,24,145,0-5,241196
1000000,24,145,6-11,252966
1000000,24,145,12-17,234019
1000000,24,145,18-44,208249
1000000,24,145,45-64,213148
1000000,24,145,65+,226711
1000000,24,146,0-5,289421
1000000,24,146,6-11,299361
1000000,24,146,12-17,282833
1000000,24,146,18-44,258147
1000000,24,146,45-64,262553
1000000,24,146,65+,275801
1000000,24,147,0-5,356581
1000000,24,147,6-11,363660
1000000,24,147,12-17,350297
1000000,24,147,18-44,329026
1000000,24,147,45-64,332896
1000000,24,147,65+,344558
1000000,24,148,0-5,456754
1000000,24,148,6-11,461106
1000000,24,148,12-17,452065
1000000,24,148,18-44,435266
1000000,24,148,45-64,438279
1000000,24,148,65+,447556
1000000,24,149,0-5,626497
1000000,24,149,6-11,628234
1000000,24,149,12-17,623470
1000000,24,149,18-44,614237
1000000,24,149,45-64,615769
1000000,24,149,65+,620560
1000000,32,1,0-5,20341
1000000,32,1,6-11,268
1000000,32,1,12-17,5751
1000000,32,1,18-44,28015
1000000,32,1,45-64,24175
1000000,32,1,65+,19817
1000000,32,2,0-5,21856
1000000,32,2,6-11,322
1000000,32,2,12-17,7063
1000000,32,2,18-44,28722
1000000,32,2,45-64,26180
1000000,32,2,65+,22121
1000000,32,3,0-5,24307
1000000,32,3,6-11,1373
1000000,32,3,12-17,11989
1000000,32,3,18-44,29788
1000000,32,3,45-64,29341
1000000,32,3,65+,25757
1000000,32,4,0-5,27054
1000000,32,4,6-11,19844
1000000,32,4,12-17,24356
1000000,32,4,18-44,30612
1000000,32,4,45-64,31239
1000000,32,4,65+,29251
1000000,32,5,0-5,28283
1000000,32,5,6-11,24491
1000000,32,5,12-17,27311
1000000,32,5,18-44,31017
1000000,32,5,45-64,31847
1000000,32,5,65+,31158
1000000,32,6,0-5,28692
1000000,32,6,6-11,24927
1000000,32,6,12-17,27893
1000000,32,6,18-44,31103
1000000,32,6,45-64,32023
1000000,32,6,65+,32124
1000000,32,7,0-5,28878
1000000,32,7,6-11,25153
1000000,32,7,12-17,28029
1000000,32,7,18-44,31118
1000000,32,7,45-64,32123
1000000,32,7,65+,32593
1000000,32,8,0-5,28969
1000000,32,8,6-11,25361
1000000,32,8,12-17,28033
1000000,32,8,18-44,31150
1000000,32,8,45-64,32208
1000000,32,8,65+,32768
1000000,32,9,0-5,29052
1000000,32,9,6-11,25615
1000000,32,9,12-17,28074
1000000,32,9,18-44,31185
1000000,32,9,45-64,32154
1000000,32,9,65+,32893
1000000,32,10,0-5,29078
1000000,32,10,6-11,25836
1000000,32,10,12-17,28059
1000000,32,10,18-44,31193
1000000,32,10,45-64,32133
1000000,32,10,65+,32956
1000000,32,11,0-5,29140
1000000,32,11,6-11,26001
1000000,32,11,12-17,28114
1000000,32,11,18-44,31109
1000000,32,11,45-64,32097
1000000,32,11,65+,32884
1000000,32,12,0-5,29177
1000000,32,12,6-11,26206
1000000,32,12,12-17,28140
1000000,32,12,18-44,31036
1000000,32,12,45-64,32153
1000000,32,12,65+,32808
1000000,32,13,0-5,29264
1000000,32,13,6-11,26396
1000000,32,13,12-17,28099
1000000,32,13,18-44,30973
1000000,32,13,45-64,32048
1000000,32,13,65+,32686
1000000,32,14,0-5,29314
1000000,32,14,6-11,26606
1000000,32,14,12-17,28122
1000000,32,14,18-44,30881
1000000,32,14,45-64,31971
1000000,32,14,65+,32655
1000000,32,15,0-5,29400
1000000,32,15,6-11,26839
1000000,32,15,12-17,28165
1000000,32,15,18-44,30779
1000000,32,15,45-64,31970
1000000,32,15,65+,32601
1000000,32,16,0-5,29404
1000000,32,16,6-11,27053
1000000,32,16,12-17,28165
1000000,32,16,18-44,30787
1000000,32,16,45-64,31974
1000000,32,16,65+,32615
1000000,32,17,0-5,29435
1000000,32,17,6-11,27271
1000000,32,17,12-17,28200
1000000,32,17,18-44,30762
1000000,32,17,45-64,31947
1000000,32,17,65+,32532
1000000,32,18,0-5,29463
1000000,32,18,6-11,27509
1000000,32,18,12-17,28173
1000000,32,18,18-44,30708
1000000,32,18,45-64,32015
1000000,32,18,65+,32507
1000000,32,19,0-5,29557
1000000,32,19,6-11,27677
1000000,32,19,12-17,28190
1000000,32,19,18-44,30605
1000000,32,19,45-64,31914
1000000,32,19,65+,32462
1000000,32,20,0-5,29597
1000000,32,20,6-11,27918
1000000,32,20,12-17,28162
1000000,32,20,18-44,30517
1000000,32,20,45-64,31843
1000000,32,20,65+,32474
1000000,32,21,0-5,29554
1000000,32,21,6-11,28123
1000000,32,21,12-17,28148
1000000,32,21,18-44,30457
1000000,32,21,45-64,31787
1000000,32,21,65+,32399
1000000,32,22,0-5,29630
1000000,32,22,6-11,28215
1000000,32,22,12-17,28123
1000000,32,22,18-44,30409
1000000,32,22,45-64,31730
1000000,32,22,65+,32256
1000000,32,23,0-5,29692
1000000,32,23,6-11,28477
1000000,32,23,12-17,28116
1000000,32,23,18-44,30320
1000000,32,23,45-64,31606
1000000,32,23,65+,32188
1000000,32,24,0-5,29779
1000000,32,24,6-11,28671
1000000,32,24,12-17,28000
1000000,32,24,18-44,30212
1000000,32,24,45-64,31497
1000000,32,24,65+,32117
1000000,32,25,0-5,29786
1000000,32,25,6-11,28836
1000000,32,25,12-17,27925
1000000,32,25,18-44,30145
1000000,32,25,45-64,31410
1000000,32,25,65+,32138
1000000,32,26,0-5,29751
1000000,32,26,6-11,28983
1000000,32,26,12-17,27913
1000000,32,26,18-44,30089
1000000,32,26,45-64,31297
1000000,32,26,65+,32059
1000000,32,27,0-5,29704
1000000,32,27,6-11,29169
1000000,32,27,12-17,27848
1000000,32,27,18-44,30023
1000000,32,27,45-64,31226
1000000,32,27,65+,32004
1000000,32,28,0-5,29636
1000000,32,28,6-11,29352
1000000,32,28,12-17,27842
1000000,32,28,18-44,29815
1000000,32,28,45-64,31065
1000000,32,28,65+,31975
1000000,32,29,0-5,29569
1000000,32,29,6-11,29452
1000000,32,29,12-17,27829
1000000,32,29,18-44,29656
1000000,32,29,45-64,30988
1000000,32,29,65+,31926
1000000,32,30,0-5,29561
1000000,32,30,6-11,29566
1000000,32,30,12-17,27793
1000000,32,30,18-44,29538
1000000,32,30,45-64,30905
1000000,32,30,65+,31920
1000000,32,31,0-5,29594
1000000,32,31,6-11,29686
1000000,32,31,12-17,27719
1000000,32,31,18-44,29417
1000000,32,31,45-64,30835
1000000,32,31,65+,31860
1000000,32,32,0-5,29578
1000000,32,32,6-11,29850
1000000,32,32,12-17,27718
1000000,32,32,18-44,29273
1000000,32,32,45-64,30773
1000000,32,32,65+,31837
1000000,32,33,0-5,29507
1000000,32,33,6-11,29998
1000000,32,33,12-17,27685
1000000,32,33,18-44,29152
1000000,32,33,45-64,30621
1000000,32,33,65+,31841
1000000,32,34,0-5,29456
1000000,32,34,6-11,30083
1000000,32,34,12-17,27639
1000000,32,34,18-44,29056
1000000,32,34,45-64,30544
1000000,32,34,65+,31861
1000000,32,35,0-5,29491
1000000,32,35,6-11,30141
1000000,32,35,12-17,27636
1000000,32,35,18-44,29035
1000000,32,35,45-64,30469
1000000,32,35,65+,31722
1000000,32,36,0-5,29425
1000000,32,36,6-11,30207
1000000,32,36,12-17,27554
1000000,32,36,18-44,29008
1000000,32,36,45-64,30365
1000000,32,36,65+,31657
1000000,32,37,0-5,29455
1000000,32,37,6-11,30195
1000000,32,37,12-17,27507
1000000,32,37,18-44,28893
1000000,32,37,45-64,30298
1000000,32,37,65+,31592
1000000,32,38,0-5,29465
1000000,32,38,6-11,30166
1000000,32,38,12-17,27492
1000000,32,38,18-44,28854
1000000,32,38,45-64,30219
1000000,32,38,65+,31576
1000000,32,39,0-5,29415
1000000,32,39,6-11,30121
1000000,32,39,12-17,27471
1000000,32,39,18-44,28722
1000000,32,39,45-64,30144
1000000,32,39,65+,31492
1000000,32,40,0-5,29395
1000000,32,40,6-11,30061
1000000,32,40,12-17,27444
1000000,32,40,18-44,28653
1000000,32,40,45-64,30015
1000000,32,40,65+,31404
1000000,32,41,0-5,29358
1000000,32,41,6-11,30025
1000000,32,41,12-17,27445
1000000,32,41,18-44,28569
1000000,32,41,45-64,29908
1000000,32,41,65+,31309
1000000,32,42,0-5,29279
1000000,32,42,6-11,30065
1000000,32,42,12-17,27455
1000000,32,42,18-44,28511
1000000,32,42,45-64,29806
1000000,32,42,65+,31209
1000000,32,43,0-5,29299
1000000,32,43,6-11,30027
1000000,32,43,12-17,27467
1000000,32,43,18-44,28448
1000000,32,43,45-64,29772
1000000,32,43,65+,31211
1000000,32,44,0-5,29198
1000000,32,44,6-11,29966
1000000,32,44,12-17,27376
1000000,32,44,18-44,28402
1000000,32,44,45-64,29691
1000000,32,44,65+,31138
1000000,32,45,0-5,29147
1000000,32,45,6-11,29970
1000000,32,45,12-17,27389
1000000,32,45,18-44,28335
1000000,32,45,45-64,29614
1000000,32,45,65+,31073
1000000,32,46,0-5,29105
1000000,32,46,6-11,30010
1000000,32,46,12-17,27423
1000000,32,46,18-44,28266
1000000,32,46,45-64,29537
1000000,32,46,65+,31000
1000000,32,47,0-5,29138
1000000,32,47,6-11,29981
1000000,32,47,12-17,27337
1000000,32,47,18-44,28177
1000000,32,47,45-64,29494
1000000,32,47,65+,30902
1000000,32,48,0-5,29149
1000000,32,48,6-11,29944
1000000,32,48,12-17,27308
1000000,32,48,18-44,28164
1000000,32,48,45-64,29543
1000000,32,48,65+,30814
1000000,32,49,0-5,29136
1000000,32,49,6-11,29979
1000000,32,49,12-17,27282
1000000,32,49,18-44,28194
1000000,32,49,45-64,29482
1000000,32,49,65+,30703
1000000,32,50,0-5,29146
1000000,32,50,6-11,30011
1000000,32,50,12-17,27320
1000000,32,50,18-44,28153
1000000,32,50,45-64,29454
1000000,32,50,65+,30651
1000000,32,51,0-5,29097
1000000,32,51,6-11,30038
1000000,32,51,12-17,27266
1000000,32,51,18-44,28102
1000000,32,51,45-64,29394
1000000,32,51,65+,30573
1000000,32,52,0-5,29072
1000000,32,52,6-11,30024
1000000,32,52,12-17,27268
1000000,32,52,18-44,28015
1000000,32,52,45-64,29473
1000000,32,52,65+,30447
1000000,32,53,0-5,29076
1000000,32,53,6-11,30012
1000000,32,53,12-17,27259
1000000,32,53,18-44,27984
1000000,32,53,45-64,29480
1000000,32,53,65+,30397
1000000,32,54,0-5,29095
1000000,32,54,6-11,30078
1000000,32,54,12-17,27259
1000000,32,54,18-44,27920
1000000,32,54,45-64,29420
1000000,32,54,65+,30394
1000000,32,55,0-5,29083
1000000,32,55,6-11,30033
1000000,32,55,12-17,27274
1000000,32,55,18-44,27825
1000000,32,55,45-64,29386
1000000,32,55,65+,30388
1000000,32,56,0-5,29111
1000000,32,56,6-11,30043
1000000,32,56,12-17,27243
1000000,32,56,18-44,27770
1000000,32,56,45-64,29300
1000000,32,56,65+,30324
1000000,32,57,0-5,29045
1000000,32,57,6-11,30055
1000000,32,57,12-17,27255
1000000,32,57,18-44,27736
1000000,32,57,45-64,29197
1000000,32,57,65+,30301
1000000,32,58,0-5,29072
1000000,32,58,6-11,30074
1000000,32,58,12-17,27243
1000000,32,58,18-44,27728
1000000,32,58,45-64,29134
1000000,32,58,65+,30291
1000000,32,59,0-5,29083
1000000,32,59,6-11,30084
1000000,32,59,12-17,27263
1000000,32,59,18-44,27650
1000000,32,59,45-64,29104
1000000,32,59,65+,30336
1000000,32,60,0-5,29016
1000000,32,60,6-11,30138
1000000,32,60,12-17,27264
1000000,32,60,18-44,27556
1000000,32,60,45-64,29099
1000000,32,60,65+,30257
1000000,32,61,0-5,29070
1000000,32,61,6-11,30130
1000000,32,61,12-17,27312
1000000,32,61,18-44,27455
1000000,32,61,45-64,29091
1000000,32,61,65+,30198
1000000,32,62,0-5,29080
1000000,32,62,6-11,30152
1000000,32,62,12-17,27328
1000000,32,62,18-44,27521
1000000,32,62,45-64,29129
1000000,32,62,65+,30177
1000000,32,63,0-5,29110
1000000,32,63,6-11,30261
1000000,32,63,12-17,27322
1000000,32,63,18-44,27476
1000000,32,63,45-64,29033
1000000,32,63,65+,30205
1000000,32,64,0-5,29066
1000000,32,64,6-11,30296
1000000,32,64,12-17,27357
1000000,32,64,18-44,27510
1000000,32,64,45-64,28938
1000000,32,64,65+,30218
1000000,32,65,0-5,29045
1000000,32,65,6-11,30282
1000000,32,65,12-17,27409
1000000,32,65,18-44,27433
1000000,32,65,45-64,28960
1000000,32,65,65+,30227
1000000,32,66,0-5,29071
1000000,32,66,6-11,30359
1000000,32,66,12-17,27342
1000000,32,66,18-44,27459
1000000,32,66,45-64,28991
1000000,32,66,65+,30325
1000000,32,67,0-5,29055
1000000,32,67,6-11,30408
1000000,32,67,12-17,27382
1000000,32,67,18-44,27463
1000000,32,67,45-64,29007
1000000,32,67,65+,30311
1000000,32,68,0-5,29088
1000000,32,68,6-11,30349
1000000,32,68,12-17,27386
1000000,32,68,18-44,27466
1000000,32,68,45-64,28992
1000000,32,68,65+,30301
1000000,32,69,0-5,29077
1000000,32,69,6-11,30328
1000000,32,69,12-17,27438
1000000,32,69,18-44,27521
1000000,32,69,45-64,28940
1000000,32,69,65+,30323
1000000,32,70,0-5,29111
1000000,32,70,6-11,30312
1000000,32,70,12-17,27456
1000000,32,70,18-44,27507
1000000,32,70,45-64,28907
1000000,32,70,65+,30339
1000000,32,71,0-5,29088
1000000,32,71,6-11,30412
1000000,32,71,12-17,27498
1000000,32,71,18-44,27483
1000000,32,71,45-64,28856
1000000,32,71,65+,30356
1000000,32,72,0-5,29102
1000000,32,72,6-11,30456
1000000,32,72,12-17,27529
1000000,32,72,18-44,27473
1000000,32,72,45-64,28885
1000000,32,72,65+,30371
1000000,32,73,0-5,29122
1000000,32,73,6-11,30462
1000000,32,73,12-17,27539
1000000,32,73,18-44,27444
1000000,32,73,45-64,28840
1000000,32,73,65+,30333
1000000,32,74,0-5,29082
1000000,32,74,6-11,30402
1000000,32,74,12-17,27569
1000000,32,74,18-44,27450
1000000,32,74,45-64,28801
1000000,32,74,65+,30306
1000000,32,75,0-5,29045
1000000,32,75,6-11,30417
1000000,32,75,12-17,27655
1000000,32,75,18-44,27533
1000000,32,75,45-64,28772
1000000,32,75,65+,30322
1000000,32,76,0-5,29089
1000000,32,76,6-11,30514
1000000,32,76,12-17,27688
1000000,32,76,18-44,27569
1000000,32,76,45-64,28781
1000000,32,76,65+,30331
1000000,32,77,0-5,29196
1000000,32,77,6-11,30471
1000000,32,77,12-17,27782
1000000,32,77,18-44,27566
1000000,32,77,45-64,28719
1000000,32,77,65+,30285
1000000,32,78,0-5,29248
1000000,32,78,6-11,30465
1000000,32,78,12-17,27853
1000000,32,78,18-44,27557
1000000,32,78,45-64,28691
1000000,32,78,65+,30236
1000000,32,79,0-5,29232
1000000,32,79,6-11,30509
1000000,32,79,12-17,27875
1000000,32,79,18-44,27549
1000000,32,79,45-64,28740
1000000,32,79,65+,30239
1000000,32,80,0-5,29252
1000000,32,80,6-11,30575
1000000,32,80,12-17,27975
1000000,32,80,18-44,27548
1000000,32,80,45-64,28768
1000000,32,80,65+,30156
1000000,32,81,0-5,29336
1000000,32,81,6-11,30606
1000000,32,81,12-17,27957
1000000,32,81,18-44,27552
1000000,32,81,45-64,28818
1000000,32,81,65+,30134
1000000,32,82,0-5,29355
1000000,32,82,6-11,30733
1000000,32,82,12-17,27908
1000000,32,82,18-44,27658
1000000,32,82,45-64,28761
1000000,32,82,65+,30130
1000000,32,83,0-5,29358
1000000,32,83,6-11,30795
1000000,32,83,12-17,27927
1000000,32,83,18-44,27607
1000000,32,83,45-64,28770
1000000,32,83,65+,30146
1000000,32,84,0-5,29414
1000000,32,84,6-11,30808
1000000,32,84,12-17,27986
1000000,32,84,18-44,27623
1000000,32,84,45-64,28725
1000000,32,84,65+,30093
1000000,32,85,0-5,29429
1000000,32,85,6-11,30903
1000000,32,85,12-17,28083
1000000,32,85,18-44,27622
1000000,32,85,45-64,28734
1000000,32,85,65+,30061
1000000,32,86,0-5,29443
1000000,32,86,6-11,30986
1000000,32,86,12-17,28167
1000000,32,86,18-44,27634
1000000,32,86,45-64,28731
1000000,32,86,65+,30061
1000000,32,87,0-5,29448
1000000,32,87,6-11,31071
1000000,32,87,12-17,28247
1000000,32,87,18-44,27732
1000000,32,87,45-64,28669
1000000,32,87,65+,30207
1000000,32,88,0-5,29480
1000000,32,88,6-11,31072
1000000,32,88,12-17,28155
1000000,32,88,18-44,27747
1000000,32,88,45-64,28670
1000000,32,88,65+,30247
1000000,32,89,0-5,29580
1000000,32,89,6-11,31176
1000000,32,89,12-17,28178
1000000,32,89,18-44,27736
1000000,32,89,45-64,28623
1000000,32,89,65+,30279
1000000,32,90,0-5,29605
1000000,32,90,6-11,31223
1000000,32,90,12-17,28269
1000000,32,90,18-44,27703
1000000,32,90,45-64,28552
1000000,32,90,65+,30253
1000000,32,91,0-5,29714
1000000,32,91,6-11,31335
1000000,32,91,12-17,28303
1000000,32,91,18-44,27634
1000000,32,91,45-64,28551
1000000,32,91,65+,30261
1000000,32,92,0-5,29803
1000000,32,92,6-11,31468
1000000,32,92,12-17,28350
1000000,32,92,18-44,27616
1000000,32,92,45-64,28596
1000000,32,92,65+,30293
1000000,32,93,0-5,29993
1000000,32,93,6-11,31607
1000000,32,93,12-17,28334
1000000,32,93,18-44,27644
1000000,32,93,45-64,28642
1000000,32,93,65+,30316
1000000,32,94,0-5,30051
1000000,32,94,6-11,31680
1000000,32,94,12-17,28425
1000000,32,94,18-44,27656
1000000,32,94,45-64,28615
1000000,32,94,65+,30359
1000000,32,95,0-5,30119
1000000,32,95,6-11,31796
1000000,32,95,12-17,28574
1000000,32,95,18-44,27624
1000000,32,95,45-64,28630
1000000,32,95,65+,30448
1000000,32,96,0-5,30271
1000000,32,96,6-11,31936
1000000,32,96,12-17,28603
1000000,32,96,18-44,27603
1000000,32,96,45-64,28594
1000000,32,96,65+,30399
1000000,32,97,0-5,30375
1000000,32,97,6-11,32023
1000000,32,97,12-17,28680
1000000,32,97,18-44,27565
1000000,32,97,45-64,28594
1000000,32,97,65+,30402
1000000,32,98,0-5,30455
1000000,32,98,6-11,32159
1000000,32,98,12-17,28735
1000000,32,98,18-44,27567
1000000,32,98,45-64,28565
1000000,32,98,65+,30430
1000000,32,99,0-5,30601
1000000,32,99,6-11,32336
1000000,32,99,12-17,28831
1000000,32,99,18-44,27623
1000000,32,99,45-64,28605
1000000,32,99,65+,30313
1000000,32,100,0-5,30736
1000000,32,100,6-11,32487
1000000,32,100,12-17,28900
1000000,32,100,18-44,27647
1000000,32,100,45-64,28677
1000000,32,100,65+,30336
1000000,32,101,0-5,30852
1000000,32,101,6-11,32658
1000000,32,101,12-17,28966
1000000,32,101,18-44,27601
1000000,32,101,45-64,28718
1000000,32,101,65+,30354
1000000,32,102,0-5,30950
1000000,32,102,6-11,32799
1000000,32,102,12-17,28956
1000000,32,102,18-44,27632
1000000,32,102,45-64,28700
1000000,32,102,65+,30418
1000000,32,103,0-5,31099
1000000,32,103,6-11,32988
1000000,32,103,12-17,29041
1000000,32,103,18-44,27683
1000000,32,103,45-64,28769
1000000,32,103,65+,30501
1000000,32,104,0-5,31172
1000000,32,104,6-11,33105
1000000,32,104,12-17,29087
1000000,32,104,18-44,27644
1000000,32,104,45-64,28842
1000000,32,104,65+,30587
1000000,32,105,0-5,31255
1000000,32,105,6-11,33335
1000000,32,105,12-17,29146
1000000,32,105,18-44,27612
1000000,32,105,45-64,28884
1000000,32,105,65+,30737
1000000,32,106,0-5,31280
1000000,32,106,6-11,33537
1000000,32,106,12-17,29189
1000000,32,106,18-44,27573
1000000,32,106,45-64,28833
1000000,32,106,65+,30869
1000000,32,107,0-5,31384
1000000,32,107,6-11,33760
1000000,32,107,12-17,29334
1000000,32,107,18-44,27555
1000000,32,107,45-64,28889
1000000,32,107,65+,30845
1000000,32,108,0-5,31470
1000000,32,108,6-11,33987
1000000,32,108,12-17,29496
1000000,32,108,18-44,27575
1000000,32,108,45-64,28794
1000000,32,108,65+,30842
1000000,32,109,0-5,31623
1000000,32,109,6-11,34228
1000000,32,109,12-17,29534
1000000,32,109,18-44,27497
1000000,32,109,45-64,28755
1000000,32,109,65+,30865
1000000,32,110,0-5,31766
1000000,32,110,6-11,34435
1000000,32,110,12-17,29630
1000000,32,110,18-44,27476
1000000,32,110,45-64,28736
1000000,32,110,65+,30952
1000000,32,111,0-5,31969
1000000,32,111,6-11,34671
1000000,32,111,12-17,29794
1000000,32,111,18-44,27524
1000000,32,111,45-64,28729
1000000,32,111,65+,31015
1000000,32,112,0-5,32217
1000000,32,112,6-11,34974
1000000,32,112,12-17,29959
1000000,32,112,18-44,27589
1000000,32,112,45-64,28758
1000000,32,112,65+,31105
1000000,32,113,0-5,32510
1000000,32,113,6-11,35172
1000000,32,113,12-17,30088
1000000,32,113,18-44,27705
1000000,32,113,45-64,28798
1000000,32,113,65+,31169
1000000,32,114,0-5,32708
1000000,32,114,6-11,35453
1000000,32,114,12-17,30281
1000000,32,114,18-44,27750
1000000,32,114,45-64,28792
1000000,32,114,65+,31308
1000000,32,115,0-5,32952
1000000,32,115,6-11,35700
1000000,32,115,12-17,30508
1000000,32,115,18-44,27716
1000000,32,115,45-64,28791
1000000,32,115,65+,31308
1000000,32,116,0-5,33197
1000000,32,116,6-11,36017
1000000,32,116,12-17,30634
1000000,32,116,18-44,27741
1000000,32,116,45-64,28867
1000000,32,116,65+,31354
1000000,32,117,0-5,33446
1000000,32,117,6-11,36316
1000000,32,117,12-17,30824
1000000,32,117,18-44,27762
1000000,32,117,45-64,28879
1000000,32,117,65+,31500
1000000,32,118,0-5,34573
1000000,32,118,6-11,37638
1000000,32,118,12-17,31954
1000000,32,118,18-44,28692
1000000,32,118,45-64,29747
1000000,32,118,65+,32583
1000000,32,119,0-5,35830
1000000,32,119,6-11,38987
1000000,32,119,12-17,33128
1000000,32,119,18-44,29712
1000000,32,119,45-64,30770
1000000,32,119,65+,33721
1000000,32,120,0-5,37170
1000000,32,120,6-11,40487
1000000,32,120,12-17,34343
1000000,32,120,18-44,30737
1000000,32,120,45-64,31871
1000000,32,120,65+,34852
1000000,32,121,0-5,38562
1000000,32,121,6-11,42148
1000000,32,121,12-17,35662
1000000,32,121,18-44,31836
1000000,32,121,45-64,33028
1000000,32,121,65+,36122
1000000,32,122,0-5,40124
1000000,32,122,6-11,43821
1000000,32,122,12-17,37122
1000000,32,122,18-44,33021
1000000,32,122,45-64,34256
1000000,32,122,65+,37521
1000000,32,123,0-5,41773
1000000,32,123,6-11,45618
1000000,32,123,12-17,38678
1000000,32,123,18-44,34284
1000000,32,123,45-64,35602
1000000,32,123,65+,39010
1000000,32,124,0-5,43534
1000000,32,124,6-11,47601
1000000,32,124,12-17,40384
1000000,32,124,18-44,35689
1000000,32,124,45-64,37147
1000000,32,124,65+,40590
1000000,32,125,0-5,45463
1000000,32,125,6-11,49718
1000000,32,125,12-17,42203
1000000,32,125,18-44,37165
1000000,32,125,45-64,38669
1000000,32,125,65+,42312
1000000,32,126,0-5,47620
1000000,32,126,6-11,52041
1000000,32,126,12-17,44160
1000000,32,126,18-44,38802
1000000,32,126,45-64,40338
1000000,32,126,65+,44148
1000000,32,127,0-5,49939
1000000,32,127,6-11,54533
1000000,32,127,12-17,46327
1000000,32,127,18-44,40623
1000000,32,127,45-64,42282
1000000,32,127,65+,46312
1000000,32,128,0-5,52546
1000000,32,128,6-11,57341
1000000,32,128,12-17,48627
1000000,32,128,18-44,42548
1000000,32,128,45-64,44355
1000000,32,128,65+,48611
1000000,32,129,0-5,55371
1000000,32,129,6-11,60369
1000000,32,129,12-17,51258
1000000,32,129,18-44,44735
1000000,32,129,45-64,46609
1000000,32,129,65+,51128
1000000,32,130,0-5,58467
1000000,32,130,6-11,63765
1000000,32,130,12-17,54132
1000000,32,130,18-44,47194
1000000,32,130,45-64,49113
1000000,32,130,65+,53865
1000000,32,131,0-5,61902
1000000,32,131,6-11,67587
1000000,32,131,12-17,57354
1000000,32,131,18-44,49897
1000000,32,131,45-64,51857
1000000,32,131,65+,56863
1000000,32,132,0-5,65700
1000000,32,132,6-11,71714
1000000,32,132,12-17,60791
1000000,32,132,18-44,52828
1000000,32,132,45-64,54988
1000000,32,132,65+,60199
1000000,32,133,0-5,69942
1000000,32,133,6-11,76332
1000000,32,133,12-17,64850
1000000,32,133,18-44,56107
1000000,32,133,45-64,58398
1000000,32,133,65+,64034
1000000,32,134,0-5,74859
1000000,32,134,6-11,81597
1000000,32,134,12-17,69390
1000000,32,134,18-44,59823
1000000,32,134,45-64,62289
1000000,32,134,65+,68212
1000000,32,135,0-5,80223
1000000,32,135,6-11,87660
1000000,32,135,12-17,74552
1000000,32,135,18-44,64002
1000000,32,135,45-64,66745
1000000,32,135,65+,73213
1000000,32,136,0-5,86385
1000000,32,136,6-11,94203
1000000,32,136,12-17,80321
1000000,32,136,18-44,68900
1000000,32,136,45-64,71833
1000000,32,136,65+,78838
1000000,32,137,0-5,93492
1000000,32,137,6-11,101777
1000000,32,137,12-17,87266
1000000,32,137,18-44,74732
1000000,32,137,45-64,77826
1000000,32,137,65+,85366
1000000,32,138,0-5,101764
1000000,32,138,6-11,110689
1000000,32,138,12-17,95237
1000000,32,138,18-44,81460
1000000,32,138,45-64,84788
1000000,32,138,65+,93019
1000000,32,139,0-5,111830
1000000,32,139,6-11,121078
1000000,32,139,12-17,104644
1000000,32,139,18-44,89627
1000000,32,139,45-64,92936
1000000,32,139,65+,102129
1000000,32,140,0-5,123725
1000000,32,140,6-11,133470
1000000,32,140,12-17,116055
1000000,32,140,18-44,99294
1000000,32,140,45-64,102977
1000000,32,140,65+,112812
1000000,32,141,0-5,138097
1000000,32,141,6-11,148677
1000000,32,141,12-17,130103
1000000,32,141,18-44,111384
1000000,32,141,45-64,115388
1000000,32,141,65+,125790
1000000,32,142,0-5,155663
1000000,32,142,6-11,167038
1000000,32,142,12-17,147401
1000000,32,142,18-44,126492
1000000,32,142,45-64,130839
1000000,32,142,65+,142101
1000000,32,143,0-5,177822
1000000,32,143,6-11,189478
1000000,32,143,12-17,169361
1000000,32,143,18-44,146098
1000000,32,143,45-64,150774
1000000,32,143,65+,163223
1000000,32,144,0-5,205581
1000000,32,144,6-11,217542
1000000,32,144,12-17,197357
1000000,32,144,18-44,172437
1000000,32,144,45-64,177360
1000000,32,144,65+,190503
1000000,32,145,0-5,241196
1000000,32,145,6-11,252966
1000000,32,145,12-17,234019
1000000,32,145,18-44,208249
1000000,32,145,45-64,213148
1000000,32,145,65+,226711
1000000,32,146,0-5,289421
1000000,32,146,6-11,299361
1000000,32,146,12-17,282833
1000000,32,146,18-44,258147
1000000,32,146,45-64,262553
1000000,32,146,65+,275801
1000000,32,147,0-5,356581
1000000,32,147,6-11,363660
1000000,32,147,12-17,350297
1000000,32,147,18-44,329026
1000000,32,147,45-64,332896
1000000,32,147,65+,344558
1000000,32,148,0-5,456754
1000000,32,148,6-11,461106
1000000,32,148,12-17,452065
1000000,32,148,18-44,435266
1000000,32,148,45-64,438279
1000000,32,148,65+,447556
1000000,32,149,0-5,626497
1000000,32,149,6-11,628234
1000000,32,149,12-17,623470
1000000,32,149,18-44,614237
1000000,32,149,45-64,615769
1000000,32,149,65+,620560
1000000,wh,1,0-5,5926
1000000,wh,1,6-11,193
1000000,wh,1,12-17,3038
1000000,wh,1,18-44,6073
1000000,wh,1,45-64,6156
1000000,wh,1,65+,6013
1000000,wh,2,0-5,6108
1000000,wh,2,6-11,230
1000000,wh,2,12-17,3539
1000000,wh,2,18-44,6138
1000000,wh,2,45-64,6307
1000000,wh,2,65+,6276
1000000,wh,3,0-5,6304
1000000,wh,3,6-11,949
1000000,wh,3,12-17,4741
1000000,wh,3,18-44,6221
1000000,wh,3,45-64,6514
1000000,wh,3,65+,6601
1000000,wh,4,0-5,6532
1000000,wh,4,6-11,6223
1000000,wh,4,12-17,5953
1000000,wh,4,18-44,6278
1000000,wh,4,45-64,6642
1000000,wh,4,65+,6851
1000000,wh,5,0-5,6649
1000000,wh,5,6-11,6620
1000000,wh,5,12-17,6141
1000000,wh,5,18-44,6329
1000000,wh,5,45-64,6707
1000000,wh,5,65+,6996
1000000,wh,6,0-5,6723
1000000,wh,6,6-11,6691
1000000,wh,6,12-17,6220
1000000,wh,6,18-44,6368
1000000,wh,6,45-64,6752
1000000,wh,6,65+,7106
1000000,wh,7,0-5,6780
1000000,wh,7,6-11,6766
1000000,wh,7,12-17,6274
1000000,wh,7,18-44,6416
1000000,wh,7,45-64,6799
1000000,wh,7,65+,7179
1000000,wh,8,0-5,6830
1000000,wh,8,6-11,6831
1000000,wh,8,12-17,6324
1000000,wh,8,18-44,6455
1000000,wh,8,45-64,6838
1000000,wh,8,65+,7226
1000000,wh,9,0-5,6881
1000000,wh,9,6-11,6881
1000000,wh,9,12-17,6364
1000000,wh,9,18-44,6502
1000000,wh,9,45-64,6888
1000000,wh,9,65+,7265
1000000,wh,10,0-5,6932
1000000,wh,10,6-11,6961
1000000,wh,10,12-17,6419
1000000,wh,10,18-44,6539
1000000,wh,10,45-64,6933
1000000,wh,10,65+,7307
1000000,wh,11,0-5,7000
1000000,wh,11,6-11,7026
1000000,wh,11,12-17,6458
1000000,wh,11,18-44,6580
1000000,wh,11,45-64,6991
1000000,wh,11,65+,7356
1000000,wh,12,0-5,7048
1000000,wh,12,6-11,7092
1000000,wh,12,12-17,6496
1000000,wh,12,18-44,6617
1000000,wh,12,45-64,7033
1000000,wh,12,65+,7402
1000000,wh,13,0-5,7121
1000000,wh,13,6-11,7164
1000000,wh,13,12-17,6540
1000000,wh,13,18-44,6653
1000000,wh,13,45-64,7073
1000000,wh,13,65+,7451
1000000,wh,14,0-5,7181
1000000,wh,14,6-11,7220
1000000,wh,14,12-17,6595
1000000,wh,14,18-44,6698
1000000,wh,14,45-64,7107
1000000,wh,14,65+,7498
1000000,wh,15,0-5,7242
1000000,wh,15,6-11,7293
1000000,wh,15,12-17,6657
1000000,wh,15,18-44,6740
1000000,wh,15,45-64,7163
1000000,wh,15,65+,7549
1000000,wh,16,0-5,7295
1000000,wh,16,6-11,7360
1000000,wh,16,12-17,6709
1000000,wh,16,18-44,6788
1000000,wh,16,45-64,7210
1000000,wh,16,65+,7609
1000000,wh,17,0-5,7351
1000000,wh,17,6-11,7433
1000000,wh,17,12-17,6760
1000000,wh,17,18-44,6835
1000000,wh,17,45-64,7257
1000000,wh,17,65+,7653
1000000,wh,18,0-5,7416
1000000,wh,18,6-11,7502
1000000,wh,18,12-17,6814
1000000,wh,18,18-44,6885
1000000,wh,18,45-64,7311
1000000,wh,18,65+,7707
1000000,wh,19,0-5,7474
1000000,wh,19,6-11,7586
1000000,wh,19,12-17,6865
1000000,wh,19,18-44,6942
1000000,wh,19,45-64,7354
1000000,wh,19,65+,7763
1000000,wh,20,0-5,7534
1000000,wh,20,6-11,7651
1000000,wh,20,12-17,6911
1000000,wh,20,18-44,6984
1000000,wh,20,45-64,7404
1000000,wh,20,65+,7815
1000000,wh,21,0-5,7607
1000000,wh,21,6-11,7721
1000000,wh,21,12-17,6962
1000000,wh,21,18-44,7034
1000000,wh,21,45-64,7459
1000000,wh,21,65+,7878
1000000,wh,22,0-5,7666
1000000,wh,22,6-11,7785
1000000,wh,22,12-17,7018
1000000,wh,22,18-44,7084
1000000,wh,22,45-64,7521
1000000,wh,22,65+,7923
1000000,wh,23,0-5,7745
1000000,wh,23,6-11,7868
1000000,wh,23,12-17,7082
1000000,wh,23,18-44,7134
1000000,wh,23,45-64,7572
1000000,wh,23,65+,7980
1000000,wh,24,0-5,7810
1000000,wh,24,6-11,7962
1000000,wh,24,12-17,7142
1000000,wh,24,18-44,7199
1000000,wh,24,45-64,7617
1000000,wh,24,65+,8049
1000000,wh,25,0-5,7881
1000000,wh,25,6-11,8054
1000000,wh,25,12-17,7200
1000000,wh,25,18-44,7265
1000000,wh,25,45-64,7664
1000000,wh,25,65+,8106
1000000,wh,26,0-5,7951
1000000,wh,26,6-11,8130
1000000,wh,26,12-17,7250
1000000,wh,26,18-44,7306
1000000,wh,26,45-64,7715
1000000,wh,26,65+,8167
1000000,wh,27,0-5,8008
1000000,wh,27,6-11,8215
1000000,wh,27,12-17,7299
1000000,wh,27,18-44,7378
1000000,wh,27,45-64,7771
1000000,wh,27,65+,8236
1000000,wh,28,0-5,8071
1000000,wh,28,6-11,8320
1000000,wh,28,12-17,7367
1000000,wh,28,18-44,7442
1000000,wh,28,45-64,7820
1000000,wh,28,65+,8303
1000000,wh,29,0-5,8147
1000000,wh,29,6-11,8421
1000000,wh,29,12-17,7430
1000000,wh,29,18-44,7498
1000000,wh,29,45-64,7884
1000000,wh,29,65+,8363
1000000,wh,30,0-5,8209
1000000,wh,30,6-11,8514
1000000,wh,30,12-17,7480
1000000,wh,30,18-44,7557
1000000,wh,30,45-64,7942
1000000,wh,30,65+,8436
1000000,wh,31,0-5,8286
1000000,wh,31,6-11,8608
1000000,wh,31,12-17,7546
1000000,wh,31,18-44,7610
1000000,wh,31,45-64,8002
1000000,wh,31,65+,8490
1000000,wh,32,0-5,8355
1000000,wh,32,6-11,8699
1000000,wh,32,12-17,7604
1000000,wh,32,18-44,7664
1000000,wh,32,45-64,8060
1000000,wh,32,65+,8558
1000000,wh,33,0-5,8427
1000000,wh,33,6-11,8774
1000000,wh,33,12-17,7676
1000000,wh,33,18-44,7724
1000000,wh,33,45-64,8118
1000000,wh,33,65+,8624
1000000,wh,34,0-5,8502
1000000,wh,34,6-11,8857
1000000,wh,34,12-17,7754
1000000,wh,34,18-44,7771
1000000,wh,34,45-64,8175
1000000,wh,34,65+,8688
1000000,wh,35,0-5,8577
1000000,wh,35,6-11,8949
1000000,wh,35,12-17,7822
1000000,wh,35,18-44,7837
1000000,wh,35,45-64,8247
1000000,wh,35,65+,8762
1000000,wh,36,0-5,8644
1000000,wh,36,6-11,9055
1000000,wh,36,12-17,7889
1000000,wh,36,18-44,7896
1000000,wh,36,45-64,8321
1000000,wh,36,65+,8839
1000000,wh,37,0-5,8725
1000000,wh,37,6-11,9126
1000000,wh,37,12-17,7959
1000000,wh,37,18-44,7951
1000000,wh,37,45-64,8383
1000000,wh,37,65+,8900
1000000,wh,38,0-5,8791
1000000,wh,38,6-11,9201
1000000,wh,38,12-17,8042
1000000,wh,38,18-44,8017
1000000,wh,38,45-64,8464
1000000,wh,38,65+,8985
1000000,wh,39,0-5,8865
1000000,wh,39,6-11,9289
1000000,wh,39,12-17,8113
1000000,wh,39,18-44,8083
1000000,wh,39,45-64,8549
1000000,wh,39,65+,9044
1000000,wh,40,0-5,8932
1000000,wh,40,6-11,9383
1000000,wh,40,12-17,8184
1000000,wh,40,18-44,8139
1000000,wh,40,45-64,8618
1000000,wh,40,65+,9121
1000000,wh,41,0-5,9012
1000000,wh,41,6-11,9461
1000000,wh,41,12-17,8274
1000000,wh,41,18-44,8218
1000000,wh,41,45-64,8676
1000000,wh,41,65+,9217
1000000,wh,42,0-5,9092
1000000,wh,42,6-11,9570
1000000,wh,42,12-17,8368
1000000,wh,42,18-44,8288
1000000,wh,42,45-64,8747
1000000,wh,42,65+,9280
1000000,wh,43,0-5,9185
1000000,wh,43,6-11,9657
1000000,wh,43,12-17,8455
1000000,wh,43,18-44,8359
1000000,wh,43,45-64,8814
1000000,wh,43,65+,9369
1000000,wh,44,0-5,9282
1000000,wh,44,6-11,9761
1000000,wh,44,12-17,8534
1000000,wh,44,18-44,8433
1000000,wh,44,45-64,8882
1000000,wh,44,65+,9454
1000000,wh,45,0-5,9365
1000000,wh,45,6-11,9866
1000000,wh,45,12-17,8635
1000000,wh,45,18-44,8499
1000000,wh,45,45-64,8958
1000000,wh,45,65+,9534
1000000,wh,46,0-5,9466
1000000,wh,46,6-11,9966
1000000,wh,46,12-17,8736
1000000,wh,46,18-44,8579
1000000,wh,46,45-64,9043
1000000,wh,46,65+,9620
1000000,wh,47,0-5,9572
1000000,wh,47,6-11,10078
1000000,wh,47,12-17,8819
1000000,wh,47,18-44,8642
1000000,wh,47,45-64,9106
1000000,wh,47,65+,9711
1000000,wh,48,0-5,9677
1000000,wh,48,6-11,10175
1000000,wh,48,12-17,8911
1000000,wh,48,18-44,8734
1000000,wh,48,45-64,9193
1000000,wh,48,65+,9809
1000000,wh,49,0-5,9790
1000000,wh,49,6-11,10283
1000000,wh,49,12-17,8991
1000000,wh,49,18-44,8824
1000000,wh,49,45-64,9281
1000000,wh,49,65+,9895
1000000,wh,50,0-5,9906
1000000,wh,50,6-11,10386
1000000,wh,50,12-17,9102
1000000,wh,50,18-44,8917
1000000,wh,50,45-64,9369
1000000,wh,50,65+,9995
1000000,wh,51,0-5,10011
1000000,wh,51,6-11,10494
1000000,wh,51,12-17,9203
1000000,wh,51,18-44,8999
1000000,wh,51,45-64,9452
1000000,wh,51,65+,10102
1000000,wh,52,0-5,10109
1000000,wh,52,6-11,10603
1000000,wh,52,12-17,9298
1000000,wh,52,18-44,9092
1000000,wh,52,45-64,9549
1000000,wh,52,65+,10193
1000000,wh,53,0-5,10213
1000000,wh,53,6-11,10707
1000000,wh,53,12-17,9393
1000000,wh,53,18-44,9189
1000000,wh,53,45-64,9643
1000000,wh,53,65+,10289
1000000,wh,54,0-5,10319
1000000,wh,54,6-11,10832
1000000,wh,54,12-17,9488
1000000,wh,54,18-44,9281
1000000,wh,54,45-64,9745
1000000,wh,54,65+,10406
1000000,wh,55,0-5,10440
1000000,wh,55,6-11,10949
1000000,wh,55,12-17,9613
1000000,wh,55,18-44,9372
1000000,wh,55,45-64,9848
1000000,wh,55,65+,10500
1000000,wh,56,0-5,10543
1000000,wh,56,6-11,11083
1000000,wh,56,12-17,9717
1000000,wh,56,18-44,9459
1000000,wh,56,45-64,9941
1000000,wh,56,65+,10607
1000000,wh,57,0-5,10652
1000000,wh,57,6-11,11213
1000000,wh,57,12-17,9820
1000000,wh,57,18-44,9562
1000000,wh,57,45-64,10025
1000000,wh,57,65+,10701
1000000,wh,58,0-5,10762
1000000,wh,58,6-11,11354
1000000,wh,58,12-17,9929
1000000,wh,58,18-44,9669
1000000,wh,58,45-64,10148
1000000,wh,58,65+,10815
1000000,wh,59,0-5,10900
1000000,wh,59,6-11,11491
1000000,wh,59,12-17,10052
1000000,wh,59,18-44,9769
1000000,wh,59,45-64,10257
1000000,wh,59,65+,10931
1000000,wh,60,0-5,11034
1000000,wh,60,6-11,11636
1000000,wh,60,12-17,10179
1000000,wh,60,18-44,9879
1000000,wh,60,45-64,10370
1000000,wh,60,65+,11035
1000000,wh,61,0-5,11183
1000000,wh,61,6-11,11790
1000000,wh,61,12-17,10306
1000000,wh,61,18-44,9986
1000000,wh,61,45-64,10492
1000000,wh,61,65+,11164
1000000,wh,62,0-5,11316
1000000,wh,62,6-11,11942
1000000,wh,62,12-17,10431
1000000,wh,62,18-44,10095
1000000,wh,62,45-64,10635
1000000,wh,62,65+,11291
1000000,wh,63,0-5,11458
1000000,wh,63,6-11,12112
1000000,wh,63,12-17,10544
1000000,wh,63,18-44,10228
1000000,wh,63,45-64,10754
1000000,wh,63,65+,11437
1000000,wh,64,0-5,11596
1000000,wh,64,6-11,12273
1000000,wh,64,12-17,10687
1000000,wh,64,18-44,10358
1000000,wh,64,45-64,10870
1000000,wh,64,65+,11583
1000000,wh,65,0-5,11729
1000000,wh,65,6-11,12413
1000000,wh,65,12-17,10825
1000000,wh,65,18-44,10492
1000000,wh,65,45-64,10988
1000000,wh,65,65+,11709
1000000,wh,66,0-5,11871
1000000,wh,66,6-11,12568
1000000,wh,66,12-17,10969
1000000,wh,66,18-44,10635
1000000,wh,66,45-64,11129
1000000,wh,66,65+,11863
1000000,wh,67,0-5,12014
1000000,wh,67,6-11,12739
1000000,wh,67,12-17,11123
1000000,wh,67,18-44,10778
1000000,wh,67,45-64,11282
1000000,wh,67,65+,12002
1000000,wh,68,0-5,12182
1000000,wh,68,6-11,12909
1000000,wh,68,12-17,11279
1000000,wh,68,18-44,10919
1000000,wh,68,45-64,11418
1000000,wh,68,65+,12164
1000000,wh,69,0-5,12359
1000000,wh,69,6-11,13079
1000000,wh,69,12-17,11439
1000000,wh,69,18-44,11070
1000000,wh,69,45-64,11552
1000000,wh,69,65+,12316
1000000,wh,70,0-5,12518
1000000,wh,70,6-11,13265
1000000,wh,70,12-17,11584
1000000,wh,70,18-44,11217
1000000,wh,70,45-64,11712
1000000,wh,70,65+,12473
1000000,wh,71,0-5,12689
1000000,wh,71,6-11,13457
1000000,wh,71,12-17,11755
1000000,wh,71,18-44,11351
1000000,wh,71,45-64,11862
1000000,wh,71,65+,12643
1000000,wh,72,0-5,12873
1000000,wh,72,6-11,13673
1000000,wh,72,12-17,11915
1000000,wh,72,18-44,11492
1000000,wh,72,45-64,12011
1000000,wh,72,65+,12830
1000000,wh,73,0-5,13049
1000000,wh,73,6-11,13850
1000000,wh,73,12-17,12074
1000000,wh,73,18-44,11628
1000000,wh,73,45-64,12147
1000000,wh,73,65+,12996
1000000,wh,74,0-5,13233
1000000,wh,74,6-11,14038
1000000,wh,74,12-17,12268
1000000,wh,74,18-44,11799
1000000,wh,74,45-64,12291
1000000,wh,74,65+,13150
1000000,wh,75,0-5,13440
1000000,wh,75,6-11,14266
1000000,wh,75,12-17,12444
1000000,wh,75,18-44,11955
1000000,wh,75,45-64,12461
1000000,wh,75,65+,13348
1000000,wh,76,0-5,13625
1000000,wh,76,6-11,14494
1000000,wh,76,12-17,12650
1000000,wh,76,18-44,12133
1000000,wh,76,45-64,12649
1000000,wh,76,65+,13508
1000000,wh,77,0-5,13823
1000000,wh,77,6-11,14718
1000000,wh,77,12-17,12853
1000000,wh,77,18-44,12308
1000000,wh,77,45-64,12812
1000000,wh,77,65+,13696
1000000,wh,78,0-5,14001
1000000,wh,78,6-11,14944
1000000,wh,78,12-17,13061
1000000,wh,78,18-44,12469
1000000,wh,78,45-64,12970
1000000,wh,78,65+,13879
1000000,wh,79,0-5,14228
1000000,wh,79,6-11,15195
1000000,wh,79,12-17,13264
1000000,wh,79,18-44,12652
1000000,wh,79,45-64,13170
1000000,wh,79,65+,14079
1000000,wh,80,0-5,14441
1000000,wh,80,6-11,15438
1000000,wh,80,12-17,13457
1000000,wh,80,18-44,12836
1000000,wh,80,45-64,13345
1000000,wh,80,65+,14260
1000000,wh,81,0-5,14661
1000000,wh,81,6-11,15693
1000000,wh,81,12-17,13626
1000000,wh,81,18-44,12993
1000000,wh,81,45-64,13539
1000000,wh,81,65+,14475
1000000,wh,82,0-5,14867
1000000,wh,82,6-11,15980
1000000,wh,82,12-17,13822
1000000,wh,82,18-44,13202
1000000,wh,82,45-64,13723
1000000,wh,82,65+,14700
1000000,wh,83,0-5,15128
1000000,wh,83,6-11,16241
1000000,wh,83,12-17,14069
1000000,wh,83,18-44,13390
1000000,wh,83,45-64,13925
1000000,wh,83,65+,14945
1000000,wh,84,0-5,15372
1000000,wh,84,6-11,16494
1000000,wh,84,12-17,14318
1000000,wh,84,18-44,13597
1000000,wh,84,45-64,14127
1000000,wh,84,65+,15175
1000000,wh,85,0-5,15654
1000000,wh,85,6-11,16765
1000000,wh,85,12-17,14578
1000000,wh,85,18-44,13802
1000000,wh,85,45-64,14338
1000000,wh,85,65+,15433
1000000,wh,86,0-5,15909
1000000,wh,86,6-11,17062
1000000,wh,86,12-17,14810
1000000,wh,86,18-44,14033
1000000,wh,86,45-64,14560
1000000,wh,86,65+,15673
1000000,wh,87,0-5,16161
1000000,wh,87,6-11,17401
1000000,wh,87,12-17,15070
1000000,wh,87,18-44,14247
1000000,wh,87,45-64,14753
1000000,wh,87,65+,15912
1000000,wh,88,0-5,16439
1000000,wh,88,6-11,17698
1000000,wh,88,12-17,15297
1000000,wh,88,18-44,14452
1000000,wh,88,45-64,14989
1000000,wh,88,65+,16183
1000000,wh,89,0-5,16746
1000000,wh,89,6-11,18032
1000000,wh,89,12-17,15568
1000000,wh,89,18-44,14692
1000000,wh,89,45-64,15247
1000000,wh,89,65+,16464
1000000,wh,90,0-5,17016
1000000,wh,90,6-11,18362
1000000,wh,90,12-17,15877
1000000,wh,90,18-44,14931
1000000,wh,90,45-64,15517
1000000,wh,90,65+,16759
1000000,wh,91,0-5,17377
1000000,wh,91,6-11,18716
1000000,wh,91,12-17,16194
1000000,wh,91,18-44,15182
1000000,wh,91,45-64,15829
1000000,wh,91,65+,17038
1000000,wh,92,0-5,17697
1000000,wh,92,6-11,19087
1000000,wh,92,12-17,16471
1000000,wh,92,18-44,15433
1000000,wh,92,45-64,16109
1000000,wh,92,65+,17341
1000000,wh,93,0-5,18060
1000000,wh,93,6-11,19482
1000000,wh,93,12-17,16794
1000000,wh,93,18-44,15698
1000000,wh,93,45-64,16412
1000000,wh,93,65+,17663
1000000,wh,94,0-5,18411
1000000,wh,94,6-11,19870
1000000,wh,94,12-17,17117
1000000,wh,94,18-44,16026
1000000,wh,94,45-64,16705
1000000,wh,94,65+,17975
1000000,wh,95,0-5,18754
1000000,wh,95,6-11,20242
1000000,wh,95,12-17,17464
1000000,wh,95,18-44,16313
1000000,wh,95,45-64,17010
1000000,wh,95,65+,18311
1000000,wh,96,0-5,19129
1000000,wh,96,6-11,20661
1000000,wh,96,12-17,17852
1000000,wh,96,18-44,16617
1000000,wh,96,45-64,17355
1000000,wh,96,65+,18669
1000000,wh,97,0-5,19545
1000000,wh,97,6-11,21116
1000000,wh,97,12-17,18236
1000000,wh,97,18-44,16956
1000000,wh,97,45-64,17706
1000000,wh,97,65+,19033
1000000,wh,98,0-5,19961
1000000,wh,98,6-11,21560
1000000,wh,98,12-17,18632
1000000,wh,98,18-44,17337
1000000,wh,98,45-64,18068
1000000,wh,98,65+,19451
1000000,wh,99,0-5,20429
1000000,wh,99,6-11,22033
1000000,wh,99,12-17,19017
1000000,wh,99,18-44,17696
1000000,wh,99,45-64,18424
1000000,wh,99,65+,19810
1000000,wh,100,0-5,20932
1000000,wh,100,6-11,22526
1000000,wh,100,12-17,19458
1000000,wh,100,18-44,18050
1000000,wh,100,45-64,18807
1000000,wh,100,65+,20252
1000000,wh,101,0-5,21386
1000000,wh,101,6-11,23063
1000000,wh,101,12-17,19848
1000000,wh,101,18-44,18413
1000000,wh,101,45-64,19210
1000000,wh,101,65+,20696
1000000,wh,102,0-5,21942
1000000,wh,102,6-11,23606
1000000,wh,102,12-17,20264
1000000,wh,102,18-44,18798
1000000,wh,102,45-64,19654
1000000,wh,102,65+,21128
1000000,wh,103,0-5,22500
1000000,wh,103,6-11,24214
1000000,wh,103,12-17,20726
1000000,wh,103,18-44,19218
1000000,wh,103,45-64,20087
1000000,wh,103,65+,21658
1000000,wh,104,0-5,23027
1000000,wh,104,6-11,24790
1000000,wh,104,12-17,21229
1000000,wh,104,18-44,19635
1000000,wh,104,45-64,20518
1000000,wh,104,65+,22189
1000000,wh,105,0-5,23585
1000000,wh,105,6-11,25445
1000000,wh,105,12-17,21726
1000000,wh,105,18-44,20058
1000000,wh,105,45-64,20985
1000000,wh,105,65+,22749
1000000,wh,106,0-5,24128
1000000,wh,106,6-11,26106
1000000,wh,106,12-17,22293
1000000,wh,106,18-44,20531
1000000,wh,106,45-64,21447
1000000,wh,106,65+,23343
1000000,wh,107,0-5,24750
1000000,wh,107,6-11,26832
1000000,wh,107,12-17,22879
1000000,wh,107,18-44,21051
1000000,wh,107,45-64,21991
1000000,wh,107,65+,23886
1000000,wh,108,0-5,25380
1000000,wh,108,6-11,27553
1000000,wh,108,12-17,23520
1000000,wh,108,18-44,21555
1000000,wh,108,45-64,22492
1000000,wh,108,65+,24436
1000000,wh,109,0-5,26080
1000000,wh,109,6-11,28294
1000000,wh,109,12-17,24167
1000000,wh,109,18-44,22075
1000000,wh,109,45-64,23060
1000000,wh,109,65+,25037
1000000,wh,110,0-5,26792
1000000,wh,110,6-11,29085
1000000,wh,110,12-17,24832
1000000,wh,110,18-44,22627
1000000,wh,110,45-64,23675
1000000,wh,110,65+,25694
1000000,wh,111,0-5,27591
1000000,wh,111,6-11,29965
1000000,wh,111,12-17,25577
1000000,wh,111,18-44,23261
1000000,wh,111,45-64,24282
1000000,wh,111,65+,26384
1000000,wh,112,0-5,28377
1000000,wh,112,6-11,30905
1000000,wh,112,12-17,26318
1000000,wh,112,18-44,23912
1000000,wh,112,45-64,24930
1000000,wh,112,65+,27107
1000000,wh,113,0-5,29309
1000000,wh,113,6-11,31847
1000000,wh,113,12-17,27139
1000000,wh,113,18-44,24605
1000000,wh,113,45-64,25648
1000000,wh,113,65+,27908
1000000,wh,114,0-5,30260
1000000,wh,114,6-11,32883
1000000,wh,114,12-17,27977
1000000,wh,114,18-44,25320
1000000,wh,114,45-64,26363
1000000,wh,114,65+,28762
1000000,wh,115,0-5,31239
1000000,wh,115,6-11,33952
1000000,wh,115,12-17,28878
1000000,wh,115,18-44,26081
1000000,wh,115,45-64,27162
1000000,wh,115,65+,29576
1000000,wh,116,0-5,32341
1000000,wh,116,6-11,35106
1000000,wh,116,12-17,29835
1000000,wh,116,18-44,26905
1000000,wh,116,45-64,28033
1000000,wh,116,65+,30463
1000000,wh,117,0-5,33446
1000000,wh,117,6-11,36316
1000000,wh,117,12-17,30824
1000000,wh,117,18-44,27762
1000000,wh,117,45-64,28879
1000000,wh,117,65+,31500
1000000,wh,118,0-5,34573
1000000,wh,118,6-11,37638
1000000,wh,118,12-17,31954
1000000,wh,118,18-44,28692
1000000,wh,118,45-64,29747
1000000,wh,118,65+,32583
1000000,wh,119,0-5,35830
1000000,wh,119,6-11,38987
1000000,wh,119,12-17,33128
1000000,wh,119,18-44,29712
1000000,wh,119,45-64,30770
1000000,wh,119,65+,33721
1000000,wh,120,0-5,37170
1000000,wh,120,6-11,40487
1000000,wh,120,12-17,34343
1000000,wh,120,18-44,30737
1000000,wh,120,45-64,31871
1000000,wh,120,65+,34852
1000000,wh,121,0-5,38562
1000000,wh,121,6-11,42148
1000000,wh,121,12-17,35662
1000000,wh,121,18-44,31836
1000000,wh,121,45-64,33028
1000000,wh,121,65+,36122
1000000,wh,122,0-5,40124
1000000,wh,122,6-11,43821
1000000,wh,122,12-17,37122
1000000,wh,122,18-44,33021
1000000,wh,122,45-64,34256
1000000,wh,122,65+,37521
1000000,wh,123,0-5,41773
1000000,wh,123,6-11,45618
1000000,wh,123,12-17,38678
1000000,wh,123,18-44,34284
1000000,wh,123,45-64,35602
1000000,wh,123,65+,39010
1000000,wh,124,0-5,43534
1000000,wh,124,6-11,47601
1000000,wh,124,12-17,40384
1000000,wh,124,18-44,35689
1000000,wh,124,45-64,37147
1000000,wh,124,65+,40590
1000000,wh,125,0-5,45463
1000000,wh,125,6-11,49718
1000000,wh,125,12-17,42203
1000000,wh,125,18-44,37165
1000000,wh,125,45-64,38669
1000000,wh,125,65+,42312
1000000,wh,126,0-5,47620
1000000,wh,126,6-11,52041
1000000,wh,126,12-17,44160
1000000,wh,126,18-44,38802
1000000,wh,126,45-64,40338
1000000,wh,126,65+,44148
1000000,wh,127,0-5,49939
1000000,wh,127,6-11,54533
1000000,wh,127,12-17,46327
1000000,wh,127,18-44,40623
1000000,wh,127,45-64,42282
1000000,wh,127,65+,46312
1000000,wh,128,0-5,52546
1000000,wh,128,6-11,57341
1000000,wh,128,12-17,48627
1000000,wh,128,18-44,42548
1000000,wh,128,45-64,44355
1000000,wh,128,65+,48611
1000000,wh,129,0-5,55371
1000000,wh,129,6-11,60369
1000000,wh,129,12-17,51258
1000000,wh,129,18-44,44735
1000000,wh,129,45-64,46609
1000000,wh,129,65+,51128
1000000,wh,130,0-5,58467
1000000,wh,130,6-11,63765
1000000,wh,130,12-17,54132
1000000,wh,130,18-44,47194
1000000,wh,130,45-64,49113
1000000,wh,130,65+,53865
1000000,wh,131,0-5,61902
1000000,wh,131,6-11,67587
1000000,wh,131,12-17,57354
1000000,wh,131,18-44,49897
1000000,wh,131,45-64,51857
1000000,wh,131,65+,56863
1000000,wh,132,0-5,65700
1000000,wh,132,6-11,71714
1000000,wh,132,12-17,60791
1000000,wh,132,18-44,52828
1000000,wh,132,45-64,54988
1000000,wh,132,65+,60199
1000000,wh,133,0-5,69942
1000000,wh,133,6-11,76332
1000000,wh,133,12-17,64850
1000000,wh,133,18-44,56107
1000000,wh,133,45-64,58398
1000000,wh,133,65+,64034
1000000,wh,134,0-5,74859
1000000,wh,134,6-11,81597
1000000,wh,134,12-17,69390
1000000,wh,134,18-44,59823
1000000,wh,134,45-64,62289
1000000,wh,134,65+,68212
1000000,wh,135,0-5,80223
1000000,wh,135,6-11,87660
1000000,wh,135,12-17,74552
1000000,wh,135,18-44,64002
1000000,wh,135,45-64,66745
1000000,wh,135,65+,73213
1000000,wh,136,0-5,86385
1000000,wh,136,6-11,94203
1000000,wh,136,12-17,80321
1000000,wh,136,18-44,68900
1000000,wh,136,45-64,71833
1000000,wh,136,65+,78838
1000000,wh,137,0-5,93492
1000000,wh,137,6-11,101777
1000000,wh,137,12-17,87266
1000000,wh,137,18-44,74732
1000000,wh,137,45-64,77826
1000000,wh,137,65+,85366
1000000,wh,138,0-5,101764
1000000,wh,138,6-11,110689
1000000,wh,138,12-17,95237
1000000,wh,138,18-44,81460
1000000,wh,138,45-64,84788
1000000,wh,138,65+,93019
1000000,wh,139,0-5,111830
1000000,wh,139,6-11,121078
1000000,wh,139,12-17,104644
1000000,wh,139,18-44,89627
1000000,wh,139,45-64,92936
1000000,wh,139,65+,102129
1000000,wh,140,0-5,123725
1000000,wh,140,6-11,133470
1000000,wh,140,12-17,116055
1000000,wh,140,18-44,99294
1000000,wh,140,45-64,102977
1000000,wh,140,65+,112812
1000000,wh,141,0-5,138097
1000000,wh,141,6-11,148677
1000000,wh,141,12-17,130103
1000000,wh,141,18-44,111384
1000000,wh,141,45-64,115388
1000000,wh,141,65+,125790
1000000,wh,142,0-5,155663
1000000,wh,142,6-11,167038
1000000,wh,142,12-17,147401
1000000,wh,142,18-44,126492
1000000,wh,142,45-64,130839
1000000,wh,142,65+,142101
1000000,wh,143,0-5,177822
1000000,wh,143,6-11,189478
1000000,wh,143,12-17,169361
1000000,wh,143,18-44,146098
1000000,wh,143,45-64,150774
1000000,wh,143,65+,163223
1000000,wh,144,0-5,205581
1000000,wh,144,6-11,217542
1000000,wh,144,12-17,197357
1000000,wh,144,18-44,172437
1000000,wh,144,45-64,177360
1000000,wh,144,65+,190503
1000000,wh,145,0-5,241196
1000000,wh,145,6-11,252966
1000000,wh,145,12-17,234019
1000000,wh,145,18-44,208249
1000000,wh,145,45-64,213148
1000000,wh,145,65+,226711
1000000,wh,146,0-5,289421
1000000,wh,146,6-11,299361
1000000,wh,146,12-17,282833
1000000,wh,146,18-44,258147
1000000,wh,146,45-64,262553
1000000,wh,146,65+,275801
1000000,wh,147,0-5,356581
1000000,wh,147,6-11,363660
1000000,wh,147,12-17,350297
1000000,wh,147,18-44,329026
1000000,wh,147,45-64,332896
1000000,wh,147,65+,344558
1000000,wh,148,0-5,456754
1000000,wh,148,6-11,461106
1000000,wh,148,12-17,452065
1000000,wh,148,18-44,435266
1000000,wh,148,45-64,438279
1000000,wh,148,65+,447556
1000000,wh,149,0-5,626497
1000000,wh,149,6-11,628234
1000000,wh,149,12-17,623470
1000000,wh,149,18-44,614237
1000000,wh,149,45-64,615769
1000000,wh,149,65+,620560
