weight,day,age_group,true_Rj,Rj_med,Rj_lo,Rj_hi,true_dR,dR_med,dR_lo,dR_hi,obs
Poisson,1,0-5,1.339049,1.2166305890081988,1.2077633820128222,1.2285718334908267,330.93133,370.3141467544046,370.3141467544046,370.3141467544046,495
Poisson,1,6-11,2.311691,1.7495622339543337,1.7221935093774838,1.7700696081358338,263.808763,265.39320896474374,265.39320896474374,265.39320896474374,252
Poisson,1,12-17,1.442413,1.2601314061596303,1.0327503090297867,1.3031346636523253,106.22455,110.43481878467645,102.0162366970991,110.43481878467645,107
Poisson,1,18-44,0.716412,0.597581945371425,0.5738557113901348,0.6236564987207577,378.044663,365.4041520848668,365.4041520848668,365.4041520848668,311
Poisson,1,45-64,0.585959,0.5134178459776246,0.4758594353309097,0.5562842378158868,166.399298,158.4648555737404,151.5616198705268,168.82755733424656,161
Poisson,1,65+,0.477594,0.4548100194153507,0.4270764145574708,0.5236758987543954,120.274235,127.88369481973703,116.91842170857234,127.88369481973703,92
Poisson,2,0-5,1.349362,1.2581467794094536,1.2527165702262193,1.2718682541931996,328.081813,358.1126153587182,358.1126153587182,358.1126153587182,426
Poisson,2,6-11,2.32493,2.0254513677677863,2.009243259827334,2.051590059790024,319.737799,296.97600452100664,296.97600452100664,296.97600452100664,492
Poisson,2,12-17,1.454397,1.291731368888445,1.1396696352631794,1.3381107074980307,114.303266,113.23265832611298,105.91715013552339,113.23265832611298,92
Poisson,2,18-44,0.722411,0.6377504882353937,0.6242137538027432,0.6702174007528217,387.435862,363.259947204537,363.259947204537,363.259947204537,395
Poisson,2,45-64,0.591069,0.531840787857659,0.5114841369257129,0.5874063586716212,160.825,155.44937492628816,148.3767663712572,162.0404256792393,123
Poisson,2,65+,0.481464,0.4475489428820047,0.42486539471427137,0.5117892764681872,105.073442,112.7071876261729,107.40929235471083,112.7071876261729,159
Poisson,3,0-5,1.35966,1.2455158033453597,1.237432580899712,1.2551736356666099,325.648649,347.900246348652,347.900246348652,347.900246348652,253
Poisson,3,6-11,2.337983,2.620139825748243,2.6058865159495275,2.637240315465407,404.900079,365.35001288895,365.35001288895,365.35001288895,447
Poisson,3,12-17,1.466397,1.3504073068694227,1.2517818710304107,1.3842414257931503,126.230268,119.31765295010524,107.67001372648605,119.31765295010524,116
Poisson,3,18-44,0.728456,0.6932744598162266,0.6741620671315854,0.7146243316504505,403.551557,362.59949656709273,362.59949656709273,362.59949656709273,375
Poisson,3,45-64,0.596248,0.5746719769437068,0.5427639993261278,0.6108841646150414,154.978536,150.99043572743045,146.06705871786437,160.3448572747891,140
Poisson,3,65+,0.485405,0.4801630012844101,0.4471897697104021,0.5208856589351853,86.724254,92.6511143724752,92.49790287459564,94.32349050300371,83
Poisson,4,0-5,1.369933,1.1820810834055484,1.1699905233571612,1.1925573692684164,325.535413,334.59724352696526,334.59724352696526,334.59724352696526,477
Poisson,4,6-11,2.350811,2.4385927350855163,2.4150254333381733,2.4573634087774723,511.765541,484.873175713348,484.873175713348,484.873175713348,503
Poisson,4,12-17,1.478402,1.3645065065242616,1.3141145194818984,1.5337692759298356,140.616838,126.45951012681257,113.00191843910534,126.45951012681257,136
Poisson,4,18-44,0.734541,0.7669805107242255,0.7381305477559842,0.7909871328874284,426.652422,376.50111039815647,376.50111039815647,376.50111039815647,329
Poisson,4,45-64,0.601493,0.6496893563525243,0.6014104657567158,0.6911259547790667,151.630782,152.01572202005838,147.46920715767175,161.22721508126574,161
Poisson,4,65+,0.489412,0.5273574851198299,0.480351023031936,0.5713131312389328,70.729754,74.29033247288817,73.91928228937536,82.28965604216307,48
Poisson,5,0-5,1.380172,1.2501058719222171,1.2459715746396995,1.2573170324763354,328.803048,314.9118531516217,314.9118531516217,314.9118531516217,252
Poisson,5,6-11,2.363382,2.158423772406514,2.150682960473289,2.1719255198269907,641.288651,615.4791897599948,615.4791897599948,615.4791897599948,665
Poisson,5,12-17,1.490403,1.2439373369581406,1.2276851872880348,1.2728256259146502,157.442095,131.84359295338402,131.84359295338402,131.84359295338402,142
Poisson,5,18-44,0.740661,0.7273322729845428,0.7169753006065834,0.7454596415581375,458.18697,419.11615426178423,419.11615426178423,419.11615426178423,424
Poisson,5,45-64,0.606798,0.6068391334592766,0.5895102703814896,0.6370646362073893,151.953184,156.76793588859232,152.30946553209617,169.81985112422888,122
Poisson,5,65+,0.493482,0.4877127756440711,0.4747821011647072,0.5116400727986006,58.632153,59.49994878265056,59.49994878265056,64.4285451530398,51
Poisson,6,0-5,1.390367,1.5066211126536042,1.5057952613577628,1.5091153359684482,336.258969,304.6891472846887,304.6891472846887,304.6891472846887,299
Poisson,6,6-11,2.375661,2.4253053582814497,2.4240115245846314,2.4292129748080384,797.509134,747.5601220707913,747.5601220707913,747.5601220707913,736
Poisson,6,12-17,1.502389,1.3354861997015983,1.3332403555394599,1.3389781123423798,177.211626,136.4956639845975,136.4956639845975,136.4956639845975,128
Poisson,6,18-44,0.746809,0.8007592870782378,0.799342123382343,0.8045006220505038,500.142645,487.3370199760543,487.3370199760543,487.3370199760543,507
Poisson,6,45-64,0.612161,0.6312934287620642,0.6289274859816296,0.6381941132664657,156.522133,159.32417103354078,159.32417103354078,174.37773508552425,176
Poisson,6,65+,0.497614,0.5011118140552725,0.4959630640548093,0.5218970083456387,50.434243,49.380288146460884,49.380288146460884,57.65043923973769,72
Poisson,7,0-5,1.400506,1.5813251746237451,1.5808011375789122,1.5839380103153786,348.722026,313.6494191511815,313.6494191511815,313.6494191511815,264
Poisson,7,6-11,2.387607,2.911115263547498,2.9102942721772598,2.915385949812548,986.178421,933.8640249904934,933.8640249904934,933.8640249904934,798
Poisson,7,12-17,1.514351,1.4481614238569367,1.447238275590183,1.4528991969423448,200.705671,147.0811836408143,147.0811836408143,147.0811836408143,164
Poisson,7,18-44,0.75298,0.7991332645098481,0.7981441770811835,0.8032450070815339,554.951997,573.9083893791253,573.9083893791253,573.9083893791253,612
Poisson,7,45-64,0.617576,0.6033637382960724,0.6017510484545676,0.6111592460107695,165.778997,172.31062307380319,172.31062307380319,179.2100212792077,227
Poisson,7,65+,0.501802,0.48254911247446497,0.47882922394705163,0.5028818793731118,45.661614,46.53462863715163,42.28207087046417,51.260014000897286,61
Poisson,8,0-5,1.410578,1.6532473596536235,1.6532473596536235,1.6532473596536235,367.150294,340.8492144304755,340.8492144304755,340.8492144304755,291
Poisson,8,6-11,2.399174,3.727047789927522,3.727047789927522,3.727047789927522,1214.55463,1287.763690118868,1287.763690118868,1287.763690118868,1550
Poisson,8,12-17,1.526277,1.7916392975798114,1.7916392975798114,1.7916392975798114,228.921981,169.37275115777084,169.37275115777084,169.37275115777084,115
Poisson,8,18-44,0.759166,0.8536960857710489,0.8536960857710489,0.8536960857710489,625.557947,650.0181213536816,650.0181213536816,650.0181213536816,532
Poisson,8,45-64,0.62304,0.6255782175591219,0.6255782175591219,0.6255782175591219,180.240433,179.12710619248742,179.12710619248742,179.12710619248742,125
Poisson,8,65+,0.506044,0.5023902095710316,0.5023902095710316,0.5023902095710316,43.799297,42.20635081759349,42.20635081759349,42.20635081759349,27
Poisson,9,0-5,1.420567,1.6710678254367437,1.6692795633032453,1.6710678254367437,392.719535,390.20033358645424,390.20033358645424,390.20033358645424,518
Poisson,9,6-11,2.410305,2.0303471304025296,2.0275455197267154,2.0303471304025296,1491.567128,1838.800630633128,1838.800630633128,1838.800630633128,889
Poisson,9,12-17,1.538152,1.6614330267235595,1.658929459736662,1.6614330267235595,263.089568,213.38365948736805,213.38365948736805,213.38365948736805,230
Poisson,9,18-44,0.765359,0.6995589170219919,0.6968765238217444,0.6995589170219919,715.545323,713.4657229028694,713.4657229028694,713.4657229028694,879
Poisson,9,45-64,0.628547,0.5439806861708442,0.539033160934832,0.5439806861708442,200.604819,176.3851518309109,176.3851518309109,176.3851518309109,175
Poisson,9,65+,0.510336,0.4347589401750547,0.419856755729235,0.4347589401750547,44.451362,40.44523155121601,36.8758977697147,40.44523155121601,31
Poisson,10,0-5,1.430456,1.3475189290689484,1.3475189290689484,1.3483191512755004,426.889988,472.640702963638,472.640702963638,472.640702963638,497
Poisson,10,6-11,2.420932,1.3886338200004225,1.3886338200004225,1.3898875014573542,1828.130648,2177.880732946891,2177.880732946891,2177.880732946891,1552
Poisson,10,12-17,1.549963,1.4499129225733425,1.4499129225733425,1.4510332336625154,304.714202,278.77083633821917,278.77083633821917,278.77083633821917,361
Poisson,10,18-44,0.771548,0.6385267630014183,0.6385267630014183,0.6397270963112465,829.317096,803.7861710524876,803.7861710524876,803.7861710524876,607
Poisson,10,45-64,0.634091,0.5393544268310122,0.5393544268310122,0.5415683749358063,227.82135,183.50627849213402,183.50627849213402,183.50627849213402,219
Poisson,10,65+,0.514671,0.42949061137259326,0.42949061137259326,0.4361591297605277,47.385134,42.41753733583721,38.40389024024353,42.41753733583721,55
Poisson,11,0-5,1.440226,1.0887713275417097,1.0887713275417097,1.0904895915791795,471.477637,540.8091240900008,540.8091240900008,540.8091240900008,435
Poisson,11,6-11,2.430973,1.5376043610251517,1.5376043610251517,1.5402963080171874,2237.552162,2246.46436144998,2246.46436144998,2246.46436144998,2236
Poisson,11,12-17,1.56169,1.6997404244809973,1.6997404244809973,1.702145994133455,355.644121,353.58397422634516,353.58397422634516,353.58397422634516,261
Poisson,11,18-44,0.777724,0.7086733330434634,0.7086733330434634,0.7112507290996678,972.312685,956.1585166081204,956.1585166081204,956.1585166081204,1122
Poisson,11,45-64,0.639665,0.6423486008539027,0.6423486008539027,0.6471024646909022,263.151482,216.88497537177113,216.88497537177113,216.88497537177113,168
Poisson,11,65+,0.519046,0.5077227399509678,0.5077227399509678,0.522041606929882,52.533007,48.433633683916355,45.6304812966016,48.433633683916355,53
Poisson,12,0-5,1.449854,1.254641559402903,1.254641559402903,1.254641559402903,528.737681,561.123435286298,561.123435286298,561.123435286298,499
Poisson,12,6-11,2.44033,1.7287629304268815,1.7287629304268815,1.7287629304268815,2736.019,2233.045572707775,2233.045572707775,2233.045572707775,1977
Poisson,12,12-17,1.573314,1.6172709195928285,1.6172709195928285,1.6172709195928285,418.153866,439.3402600193408,439.3402600193408,439.3402600193408,534
Poisson,12,18-44,0.783872,0.7908939261280067,0.7908939261280067,0.7908939261280067,1151.272675,1181.7618720972969,1181.7618720972969,1181.7618720972969,993
Poisson,12,45-64,0.645262,0.7054013353118904,0.7054013353118904,0.7054013353118904,308.236594,280.85490131391634,280.85490131391634,280.85490131391634,299
Poisson,12,65+,0.523452,0.5618505590120982,0.5618505590120982,0.5618505590120982,59.98351,57.62548552447447,57.62548552447447,57.62548552447447,43
Poisson,13,0-5,1.459311,1.231464038010387,1.231464038010387,1.231464038010387,601.464871,571.4771260009729,571.4771260009729,571.4771260009729,591
Poisson,13,6-11,2.448882,1.5518190682214272,1.5518190682214272,1.5518190682214272,3343.167296,2227.9785585786576,2227.9785585786576,2227.9785585786576,2778
Poisson,13,12-17,1.584811,1.4210136527577726,1.4210136527577726,1.4210136527577726,495.047755,515.3497962523688,515.3497962523688,515.3497962523688,489
Poisson,13,18-44,0.789978,0.7071305773684348,0.7071305773684348,0.7071305773684348,1374.557951,1410.6138405806541,1410.6138405806541,1410.6138405806541,1762
Poisson,13,45-64,0.650872,0.6415210614803563,0.6415210614803563,0.6415210614803563,365.179311,358.1584737098433,358.1584737098433,358.1584737098433,364
Poisson,13,65+,0.527885,0.5465576299097191,0.5465576299097191,0.5465576299097191,69.974553,68.77436876025331,68.77436876025331,68.77436876025331,62
Poisson,14,0-5,1.468566,1.7016218064023905,1.7016218064023905,1.7016218064023905,693.114377,606.5592008200911,606.5592008200911,606.5592008200911,547
Poisson,14,6-11,2.456486,2.302233209477317,2.302233209477317,2.302233209477317,4082.728327,2276.632496858856,2276.632496858856,2276.632496858856,4035
Poisson,14,12-17,1.596151,1.642185776930672,1.642185776930672,1.642185776930672,589.785973,576.2289554857507,576.2289554857507,576.2289554857507,592
Poisson,14,18-44,0.796023,0.8218785189793221,0.8218785189793221,0.8218785189793221,1652.533292,1563.6395936960653,1563.6395936960653,1563.6395936960653,1291
Poisson,14,45-64,0.656485,0.6963879036576707,0.6963879036576707,0.6963879036576707,436.643561,431.6980735284892,431.6980735284892,431.6980735284892,390
Poisson,14,65+,0.532333,0.6084933317148826,0.6084933317148826,0.6084933317148826,82.893616,83.77262458324321,83.77262458324321,83.77262458324321,110
Poisson,15,0-5,1.47758,2.2129597601130344,2.2129597601130344,2.2129597601130344,807.946377,723.6812616081197,723.6812616081197,723.6812616081197,937
Poisson,15,6-11,2.462969,3.934663620487431,3.934663620487431,3.934663620487431,4983.241971,2719.426456535395,2719.426456535395,2719.426456535395,5328
Poisson,15,12-17,1.607303,2.049633380082158,2.049633380082158,2.049633380082158,706.636978,659.8409526181454,659.8409526181454,659.8409526181454,545
Poisson,15,18-44,0.801986,1.1362468567951602,1.1362468567951602,1.1362468567951602,1998.026374,1725.3706498781303,1725.3706498781303,1725.3706498781303,1586
Poisson,15,45-64,0.662089,0.9036125193359646,0.9036125193359646,0.9036125193359646,525.977613,511.7393830541232,511.7393830541232,511.7393830541232,626
Poisson,15,65+,0.536789,0.7593855737606019,0.7593855737606019,0.7593855737606019,99.286285,105.23922025602394,105.23922025602394,105.23922025602394,114
Poisson,16,0-5,1.486304,2.946283687242579,2.946283687242579,2.946283687242579,951.197058,948.969410935264,948.969410935264,948.969410935264,1381
Poisson,16,6-11,2.468122,6.96548287260484,6.96548287260484,6.96548287260484,6078.81127,4452.186061360248,4452.186061360248,4452.186061360248,6047
Poisson,16,12-17,1.618224,2.4360452331527385,2.4360452331527385,2.4360452331527385,850.860069,789.6718740604888,789.6718740604888,789.6718740604888,968
Poisson,16,18-44,0.80784,1.4745474752105412,1.4745474752105412,1.4745474752105412,2426.872612,2069.3333153417025,2069.3333153417025,2069.3333153417025,3033
Poisson,16,45-64,0.66767,1.0381766013983718,1.0381766013983718,1.0381766013983718,637.364016,602.7087537330112,602.7087537330112,602.7087537330112,483
Poisson,16,65+,0.541239,0.8554079625938229,0.8554079625938229,0.8554079625938229,119.873309,127.80390115402724,127.80390115402724,127.80390115402724,112
Poisson,17,0-5,1.494685,1.9993518899375435,1.9993518899375435,1.9993518899375435,1129.277698,1353.0854752200012,1353.0854752200012,1353.0854752200012,1075
Poisson,17,6-11,2.471696,3.781570223906106,3.781570223906106,3.781570223906106,7409.847775,8819.151409166494,8819.151409166494,8819.151409166494,6226
Poisson,17,12-17,1.628868,1.9436547711904129,1.9436547711904129,1.9436547711904129,1028.921606,1005.4793323349977,1005.4793323349977,1005.4793323349977,945
Poisson,17,18-44,0.813555,0.9026326165976881,0.9026326165976881,0.9026326165976881,2958.553836,2644.3454101662137,2644.3454101662137,2644.3454101662137,2038
Poisson,17,45-64,0.673209,0.7025351821820468,0.7025351821820468,0.7025351821820468,776.000016,715.7140978402904,715.7140978402904,715.7140978402904,739
Poisson,17,65+,0.54567,0.5940735700233486,0.5940735700233486,0.5940735700233486,145.575978,155.314686279336,155.314686279336,155.314686279336,130
Poisson,18,0-5,1.502654,1.0758769721423913,1.0758769721423913,1.0758769721423913,1350.001486,1873.2930990498808,1873.2930990498808,1873.2930990498808,1562
Poisson,18,6-11,2.473394,2.031539697864567,2.031539697864567,2.031539697864567,9023.720946,13705.746227686534,13705.746227686534,13705.746227686534,7951
Poisson,18,12-17,1.639178,1.6936183992817737,1.6936183992817737,1.6936183992817737,1248.747198,1383.969086165027,1383.969086165027,1383.969086165027,1300
Poisson,18,18-44,0.819096,0.5595250066560734,0.5595250066560734,0.5595250066560734,3616.933377,3187.311463483722,3187.311463483722,3187.311463483722,2372
Poisson,18,45-64,0.678688,0.5030587324932982,0.5030587324932982,0.5030587324932982,948.311106,935.5472164541061,935.5472164541061,935.5472164541061,1003
Poisson,18,65+,0.550065,0.4066980809089577,0.4066980809089577,0.4066980809089577,177.549463,202.95110985843667,202.95110985843667,202.95110985843667,251
Poisson,19,0-5,1.510132,0.6436018844468233,0.6436018844468233,0.6436018844468233,1622.834336,2214.8906052739367,2214.8906052739367,2214.8906052739367,1411
Poisson,19,6-11,2.472868,1.1834463548238883,1.1834463548238883,1.1834463548238883,10975.172743,16867.39402255798,16867.39402255798,16867.39402255798,7755
Poisson,19,12-17,1.649086,1.1078846005110194,1.1078846005110194,1.1078846005110194,1520.009766,1878.0289730909399,1878.0289730909399,1878.0289730909399,1974
Poisson,19,18-44,0.824418,0.381438553967823,0.381438553967823,0.381438553967823,4431.080289,3465.377291190951,3465.377291190951,3465.377291190951,2854
Poisson,19,45-64,0.684081,0.3812506810031717,0.3812506810031717,0.3812506810031717,1162.198633,1226.6692391511478,1226.6692391511478,1226.6692391511478,1189
Poisson,19,65+,0.554406,0.31652086913641186,0.31652086913641186,0.31652086913641186,217.223561,249.29762478812586,249.29762478812586,249.29762478812586,257
Poisson,20,0-5,1.517023,0.6260079938486414,0.6260079938486414,0.6260079938486414,1959.160279,2288.9314213951475,2288.9314213951475,2288.9314213951475,1125
Poisson,20,6-11,2.469709,0.7989389698465563,0.7989389698465563,0.7989389698465563,13326.287852,17538.469736062027,17538.469736062027,17538.469736062027,10251
Poisson,20,12-17,1.65851,0.9536332907126479,0.9536332907126479,0.9536332907126479,1854.449136,2243.6617864331893,2243.6617864331893,2243.6617864331893,1875
Poisson,20,18-44,0.829473,0.3635763000185307,0.3635763000185307,0.3635763000185307,5436.159,3547.577995076106,3547.577995076106,3547.577995076106,3333
Poisson,20,45-64,0.689363,0.35317052015771566,0.35317052015771566,0.35317052015771566,1427.319119,1527.1591750821763,1527.1591750821763,1527.1591750821763,1546
Poisson,20,65+,0.558669,0.29078024569034977,0.29078024569034977,0.29078024569034977,266.34977,285.50671309060476,285.50671309060476,285.50671309060476,267
Poisson,21,0-5,1.523216,0.8257005029297477,0.8257005029297477,0.8257005029297477,2372.543472,2247.3354234741164,2247.3354234741164,2247.3354234741164,2425
Poisson,21,6-11,2.463448,0.8273484759171317,0.8273484759171317,0.8273484759171317,16145.720016,16157.55844203569,16157.55844203569,16157.55844203569,13429
Poisson,21,12-17,1.667356,1.2283041098016105,1.2283041098016105,1.2283041098016105,2266.211961,2490.6649268818346,2490.6649268818346,2490.6649268818346,2103
Poisson,21,18-44,0.8342,0.4625634749563937,0.4625634749563937,0.4625634749563937,6674.335155,3770.729236435305,3770.729236435305,3770.729236435305,8512
Poisson,21,45-64,0.694499,0.4544406560070845,0.4544406560070845,0.4544406560070845,1755.387594,1771.8927611074178,1771.8927611074178,1771.8927611074178,1592
Poisson,21,65+,0.56283,0.361101789644026,0.361101789644026,0.361101789644026,327.052749,312.5011034480549,312.5011034480549,312.5011034480549,271
Poisson,22,0-5,1.528579,1.4378474407846062,1.4378474407846062,1.4378474407846062,2878.956344,2295.112022039106,2295.112022039106,2295.112022039106,3148
Poisson,22,6-11,2.453554,1.3529882146760621,1.3529882146760621,1.3529882146760621,19506.770976,14026.056259080986,14026.056259080986,14026.056259080986,20641
Poisson,22,12-17,1.675512,1.7321390298473858,1.7321390298473858,1.7321390298473858,2772.190309,2802.5641559446594,2802.5641559446594,2802.5641559446594,2771
Poisson,22,18-44,0.838535,0.7711386183470527,0.7711386183470527,0.7711386183470527,8195.610922,4344.111770543666,4344.111770543666,4344.111770543666,9233
Poisson,22,45-64,0.699454,0.7140566483837443,0.7140566483837443,0.7140566483837443,2160.488931,2053.01517368647,2053.01517368647,2053.01517368647,3257
Poisson,22,65+,0.566857,0.5679656251866119,0.5679656251866119,0.5679656251866119,401.882688,337.8825398126596,337.8825398126596,337.8825398126596,383
Poisson,23,0-5,1.532962,2.6248910218431,2.6248910218431,2.6248910218431,3496.926404,2704.6080925754322,2704.6080925754322,2704.6080925754322,4388
Poisson,23,6-11,2.439441,2.358075229972667,2.358075229972667,2.358075229972667,23483.816704,12482.550789825851,12482.550789825851,12482.550789825851,18396
Poisson,23,12-17,1.682849,2.6150155869988425,2.6150155869988425,2.6150155869988425,3392.32232,3389.4393593551613,3389.4393593551613,3389.4393593551613,3371
Poisson,23,18-44,0.842399,1.2321122889406089,1.2321122889406089,1.2321122889406089,10058.451204,5824.408926362434,5824.408926362434,5824.408926362434,9591
Poisson,23,45-64,0.704184,0.979485112186622,0.979485112186622,0.979485112186622,2659.369155,2388.69156590943,2388.69156590943,2388.69156590943,2688
Poisson,23,65+,0.570717,0.7620154442004127,0.7620154442004127,0.7620154442004127,493.862942,382.90078451893123,382.90078451893123,382.90078451893123,300
Poisson,24,0-5,1.536191,4.719426717127718,4.719426717127718,4.719426717127718,4247.53248,4093.720400344104,4093.720400344104,4093.720400344104,5167
Poisson,24,6-11,2.420485,4.11428521274668,4.11428521274668,4.11428521274668,28146.510063,12645.941321334481,12645.941321334481,12645.941321334481,28095
Poisson,24,12-17,1.68922,3.3983318187446194,3.3983318187446194,3.3983318187446194,4149.798326,4606.04541160159,4606.04541160159,4606.04541160159,5040
Poisson,24,18-44,0.84571,2.055272165220594,2.055272165220594,2.055272165220594,12329.995522,9473.845880827517,9473.845880827517,9473.845880827517,10481
Poisson,24,45-64,0.708641,1.4810304087899033,1.4810304087899033,1.4810304087899033,3271.66235,2604.534349785128,2604.534349785128,2604.534349785128,2132
Poisson,24,65+,0.574373,1.1267345685543155,1.1267345685543155,1.1267345685543155,606.524284,466.1950513360189,466.1950513360189,466.1950513360189,618
Poisson,25,0-5,1.538076,5.2111896978551,5.2111896978551,5.2111896978551,5154.156091,7142.614883062026,7142.614883062026,7142.614883062026,4399
Poisson,25,6-11,2.396044,7.100686841257754,7.100686841257754,7.100686841257754,33551.219506,16542.335450023762,16542.335450023762,16542.335450023762,36326
Poisson,25,12-17,1.694459,4.354479096310166,4.354479096310166,4.354479096310166,5071.091004,6569.761005291941,6569.761005291941,6569.761005291941,4725
Poisson,25,18-44,0.848378,3.2970952866510954,3.2970952866510954,3.2970952866510954,15085.572494,19518.937208101474,19518.937208101474,19518.937208101474,24166
Poisson,25,45-64,0.712775,2.3928945451293586,2.3928945451293586,2.3928945451293586,4019.988369,2882.8219230342947,2882.8219230342947,2882.8219230342947,2560
Poisson,25,65+,0.577785,1.7427708027455482,1.7427708027455482,1.7427708027455482,743.91342,607.9870948757989,607.9870948757989,607.9870948757989,521
Poisson,26,0-5,1.538409,3.009078920072432,3.009078920072432,3.009078920072432,6241.868991,10562.884929886939,10562.884929886939,10562.884929886939,5006
Poisson,26,6-11,2.365505,7.125808262330124,7.125808262330124,7.125808262330124,39729.377274,30772.36017728789,30772.36017728789,30772.36017728789,31574
Poisson,26,12-17,1.698384,2.5976266419912726,2.5976266419912726,2.5976266419912726,6185.700699,8884.459097265313,8884.459097265313,8884.459097265313,4891
Poisson,26,18-44,0.850308,2.0427391196488154,2.0427391196488154,2.0427391196488154,18407.156202,41536.01458590367,41536.01458590367,41536.01458590367,12223
Poisson,26,45-64,0.716529,1.5105469752435279,1.5105469752435279,1.5105469752435279,4929.833728,3835.813845574081,3835.813845574081,3835.813845574081,5062
Poisson,26,65+,0.58091,1.1736895789047985,1.1736895789047985,1.1736895789047985,910.559366,837.0249724407686,837.0249724407686,837.0249724407686,852
Poisson,27,0-5,1.536973,1.968056600143772,1.968056600143772,1.968056600143772,7536.321247,13556.136585399065,13556.136585399065,13556.136585399065,6060
Poisson,27,6-11,2.328335,4.512170996642386,4.512170996642386,4.512170996642386,46672.912574,65350.78102977591,65350.78102977591,65350.78102977591,54682
Poisson,27,12-17,1.700803,1.730166298496411,1.730166298496411,1.730166298496411,7525.482085,10396.485349171548,10396.485349171548,10396.485349171548,5777
Poisson,27,18-44,0.851409,1.3588304667239552,1.3588304667239552,1.3588304667239552,22380.349545,63812.424471012724,63812.424471012724,63812.424471012724,29791
Poisson,27,45-64,0.719848,1.1767386044470236,1.1767386044470236,1.1767386044470236,6029.107041,7170.667836576413,7170.667836576413,7170.667836576413,7752
Poisson,27,65+,0.583707,0.9180239369535023,0.9180239369535023,0.9180239369535023,1111.377766,1192.0288749134133,1192.0288749134133,1192.0288749134133,1282
Poisson,28,0-5,1.533549,1.002847400163891,1.002847400163891,1.002847400163891,9061.997971,16195.556954364467,16195.556954364467,16195.556954364467,10006
Poisson,28,6-11,2.284154,2.230260950504675,2.230260950504675,2.230260950504675,54317.819328,109798.8880840037,109798.8880840037,109798.8880840037,43608
Poisson,28,12-17,1.701519,0.9288952860223437,0.9288952860223437,0.9288952860223437,9123.405142,10766.46653589946,10766.46653589946,10766.46653589946,6770
Poisson,28,18-44,0.851597,0.7238439170486418,0.7238439170486418,0.7238439170486418,27089.486627,79970.06674443602,79970.06674443602,79970.06674443602,24184
Poisson,28,45-64,0.722678,0.6610656051284,0.6610656051284,0.6610656051284,7347.248756,14779.127907738988,14779.127907738988,14779.127907738988,10254
Poisson,28,65+,0.586138,0.5380633719825992,0.5380633719825992,0.5380633719825992,1351.491718,1621.1418409078015,1621.1418409078015,1621.1418409078015,835
Poisson,29,0-5,1.527933,0.5166466973188363,0.5166466973188363,0.5166466973188363,10839.753381,17005.564369198895,17005.564369198895,17005.564369198895,9731
Poisson,29,6-11,2.232815,1.0441993107527041,1.0441993107527041,1.0441993107527041,62528.143683,140178.23676416825,140178.23676416825,140178.23676416825,65516
Poisson,29,12-17,1.700336,0.6452016084918785,0.6452016084918785,0.6452016084918785,11011.615446,10261.263953275193,10261.263953275193,10261.263953275193,9714
Poisson,29,18-44,0.850805,0.37923521442300767,0.37923521442300767,0.37923521442300767,32610.565163,86132.59341418772,86132.59341418772,86132.59341418772,36598
Poisson,29,45-64,0.724969,0.3562131552600407,0.3562131552600407,0.3562131552600407,8913.784102,21795.624532805254,21795.624532805254,21795.624532805254,14148
Poisson,29,65+,0.588169,0.28370280759985494,0.28370280759985494,0.28370280759985494,1635.950409,2066.842608959166,2066.842608959166,2066.842608959166,1649
Poisson,30,0-5,1.51995,0.2970767936636491,0.2970767936636491,0.2970767936636491,12883.625658,15868.292414397962,15868.292414397962,15868.292414397962,7810
Poisson,30,6-11,2.174479,0.5737876255113138,0.5737876255113138,0.5737876255113138,71084.065893,145102.8570398928,145102.8570398928,145102.8570398928,67054
Poisson,30,12-17,1.697079,0.6383185900597376,0.6383185900597376,0.6383185900597376,13218.712345,9952.381123160972,9952.381123160972,9952.381123160972,16339
Poisson,30,18-44,0.848988,0.2274711301438822,0.2274711301438822,0.2274711301438822,39002.002914,82284.54913730716,82284.54913730716,82284.54913730716,45006
Poisson,30,45-64,0.726683,0.22513984459003236,0.22513984459003236,0.22513984459003236,10756.25137,24667.489246044745,24667.489246044745,24667.489246044745,9346
Poisson,30,65+,0.589777,0.18885857596874717,0.18885857596874717,0.18885857596874717,1969.336221,2314.013308215468,2314.013308215468,2314.013308215468,2294
Poisson,31,0-5,1.509469,0.29704371114357003,0.29704371114357003,0.29704371114357003,15197.094747,13750.409332515279,13750.409332515279,13750.409332515279,13608
Poisson,31,6-11,2.109682,0.37966126621851093,0.37966126621851093,0.37966126621851093,79678.808818,130724.5660812693,130724.5660812693,130724.5660812693,68840
Poisson,31,12-17,1.691596,1.0637857650439118,1.0637857650439118,1.0637857650439118,15766.27182,10921.290929721348,10921.290929721348,10921.290929721348,18329
Poisson,31,18-44,0.846135,0.18179403522403575,0.18179403522403575,0.18179403522403575,46293.687618,71391.14902857586,71391.14902857586,71391.14902857586,46164
Poisson,31,45-64,0.727795,0.19226503242574022,0.19226503242574022,0.19226503242574022,12897.525822,23550.722766737163,23550.722766737163,23550.722766737163,15541
Poisson,31,65+,0.590954,0.15401940800382186,0.15401940800382186,0.15401940800382186,2355.268916,2469.4837378123666,2469.4837378123666,2469.4837378123666,2560
Poisson,32,0-5,1.496425,0.32885761497909044,0.32885761497909044,0.32885761497909044,17769.158643,11858.241918001877,11858.241918001877,11858.241918001877,20400
Poisson,32,6-11,2.039356,0.4257586644833663,0.4257586644833663,0.4257586644833663,87929.104962,107390.86508633487,107390.86508633487,107390.86508633487,98077
Poisson,32,12-17,1.68378,1.9424168224576621,1.9424168224576621,1.9424168224576621,18664.8059,14951.717962812545,14951.717962812545,14951.717962812545,17298
Poisson,32,18-44,0.842273,0.2341109582115259,0.2341109582115259,0.2341109582115259,54475.424374,57402.574010892014,57402.574010892014,57402.574010892014,43140
Poisson,32,45-64,0.728298,0.2796138224010747,0.2796138224010747,0.2796138224010747,15352.693484,20294.411747931095,20294.411747931095,20294.411747931095,19290
Poisson,32,65+,0.591705,0.2038534744049862,0.2038534744049862,0.2038534744049862,2795.841638,2578.1714316917933,2578.1714316917933,2578.1714316917933,2402
Poisson,33,0-5,1.480829,0.5673565828259539,0.5673565828259539,0.5673565828259539,20570.831334,10601.852540715598,10601.852540715598,10601.852540715598,18296
Poisson,33,6-11,1.964809,0.45369649613584206,0.45369649613584206,0.45369649613584206,95402.189379,83586.65868794627,83586.65868794627,83586.65868794627,125278
Poisson,33,12-17,1.673573,1.8021695652726621,1.8021695652726621,1.8021695652726621,21909.552418,22886.175273178058,22886.175273178058,22886.175273178058,23371
Poisson,33,18-44,0.83747,0.272022789284938,0.272022789284938,0.272022789284938,63486.547941,43868.853831776534,43868.853831776534,43868.853831776534,73909
Poisson,33,45-64,0.728206,0.3007570249708987,0.3007570249708987,0.3007570249708987,18125.790738,16993.190981511376,16993.190981511376,16993.190981511376,26242
Poisson,33,65+,0.592053,0.23945646765177167,0.23945646765177167,0.23945646765177167,3291.053781,2676.461352909806,2676.461352909806,2676.461352909806,4376
Poisson,34,0-5,1.462781,1.0606372865410336,1.0606372865410336,1.0606372865410336,23552.833856,10637.97904975916,10637.97904975916,10637.97904975916,18529
Poisson,34,6-11,1.887639,0.7018566280104863,0.7018566280104863,0.7018566280104863,101658.549787,63548.839492763625,63548.839492763625,63548.839492763625,99695
Poisson,34,12-17,1.660977,1.3522456872424475,1.3522456872424475,1.3522456872424475,25476.681038,31114.71282057163,31114.71282057163,31114.71282057163,30831
Poisson,34,18-44,0.83183,0.3963675893903927,0.3963675893903927,0.3963675893903927,73208.929413,33086.03853221703,33086.03853221703,33086.03853221703,80671
Poisson,34,45-64,0.727549,0.3995936185556926,0.3995936185556926,0.3995936185556926,21206.87399,14664.920757208107,14664.920757208107,14664.920757208107,26422
Poisson,34,65+,0.592035,0.3948284175161665,0.3948284175161665,0.3948284175161665,3838.331698,2871.3602175898086,2871.3602175898086,2871.3602175898086,3314
Poisson,35,0-5,1.442463,1.9600887696344456,1.9600887696344456,1.9600887696344456,26645.268355,12792.622847528575,12792.622847528575,12792.622847528575,29957
Poisson,35,6-11,1.809602,1.1783922128388102,1.1783922128388102,1.1783922128388102,106304.720836,49614.66447006201,49614.66447006201,49614.66447006201,103880
Poisson,35,12-17,1.646053,1.149820409317814,1.149820409317814,1.149820409317814,29320.616863,35734.13762003207,35734.13762003207,35734.13762003207,23315
Poisson,35,18-44,0.825488,0.656016054009114,0.656016054009114,0.656016054009114,83465.594545,26137.997345151147,26137.997345151147,26137.997345151147,90481
Poisson,35,45-64,0.726377,0.6280016350088449,0.6280016350088449,0.6280016350088449,24569.961263,14425.102359041077,14425.102359041077,14425.102359041077,22938
Poisson,35,65+,0.591703,0.6797801620426785,0.6797801620426785,0.6797801620426785,4432.23845,3486.003007783227,3486.003007783227,3486.003007783227,3464
Poisson,36,0-5,1.420138,3.4450476029007615,3.4450476029007615,3.4450476029007615,29759.863711,19019.07671247638,19019.07671247638,19019.07671247638,25023
Poisson,36,6-11,1.732447,2.205813634783649,2.205813634783649,2.205813634783649,109046.030685,42516.15224891179,42516.15224891179,42516.15224891179,146577
Poisson,36,12-17,1.628921,2.0828542743312206,2.0828542743312206,2.0828542743312206,33373.156777,36873.38798278599,36873.38798278599,36873.38798278599,51590
Poisson,36,18-44,0.818595,1.183141973392132,1.183141973392132,1.183141973392132,94026.494436,23534.61424416059,23534.61424416059,23534.61424416059,109589
Poisson,36,45-64,0.724752,1.1217279364719825,1.1217279364719825,1.1217279364719825,28172.341504,17649.253400575806,17649.253400575806,17649.253400575806,26699
Poisson,36,65+,0.591115,1.0434223842035597,1.0434223842035597,1.0434223842035597,5064.458606,4603.221396874716,4603.221396874716,4603.221396874716,4956
Poisson,37,0-5,1.396133,2.3774260118178434,2.3774260118178434,2.3774260118178434,32794.956334,30229.925998083578,30229.925998083578,30229.925998083578,24962
Poisson,37,6-11,1.657761,3.093586312749449,3.093586312749449,3.093586312749449,109727.494748,43965.87202776829,43965.87202776829,43965.87202776829,97160
Poisson,37,12-17,1.609753,1.6976705450036034,1.6976705450036034,1.6976705450036034,37544.855439,38034.22150224357,38034.22150224357,38034.22150224357,35264
Poisson,37,18-44,0.811312,1.2444319295326305,1.2444319295326305,1.2444319295326305,104621.660832,27093.90307950368,27093.90307950368,27093.90307950368,109085
Poisson,37,45-64,0.722744,1.1085159002665779,1.1085159002665779,1.1085159002665779,31955.558439,24660.653141584276,24660.653141584276,24660.653141584276,23835
Poisson,37,65+,0.590333,0.9561983456071161,0.9561983456071161,0.9561983456071161,5724.101281,5715.949263889201,5715.949263889201,5715.949263889201,5380
Poisson,38,0-5,1.370818,3.1932877567505153,3.1932877567505153,3.1932877567505153,35642.80832,40415.22515766637,40415.22515766637,40415.22515766637,41306
Poisson,38,6-11,1.586842,4.825050234182814,4.825050234182814,4.825050234182814,108353.242562,59633.003890568856,59633.003890568856,59633.003890568856,130937
Poisson,38,12-17,1.588767,2.3171477890689682,2.3171477890689682,2.3171477890689682,41728.814362,37011.7229900877,37011.7229900877,37011.7229900877,35446
Poisson,38,18-44,0.803791,1.9036980084377149,1.9036980084377149,1.9036980084377149,114960.356943,43324.86443518801,43324.86443518801,43324.86443518801,114549
Poisson,38,45-64,0.720427,1.6419005734626855,1.6419005734626855,1.6419005734626855,35848.07833,33192.05056753298,33192.05056753298,33192.05056753298,44961
Poisson,38,65+,0.589417,1.3114865799489661,1.3114865799489661,1.3114865799489661,6398.302853,6463.239142726932,6463.239142726932,6463.239142726932,5413
Poisson,39,0-5,1.344588,3.4465366901385828,3.4465366901385828,3.4465366901385828,38198.327169,50696.678845319664,50696.678845319664,50696.678845319664,47558
Poisson,39,6-11,1.520628,5.611279493264052,5.611279493264052,5.611279493264052,105080.431697,105632.60061832471,105632.60061832471,105632.60061832471,113404
Poisson,39,12-17,1.566216,2.7661958766637307,2.7661958766637307,2.7661958766637307,45806.601451,35458.131475590344,35458.131475590344,35458.131475590344,47960
Poisson,39,18-44,0.796173,2.5126474695381233,2.5126474695381233,2.5126474695381233,124753.416688,90888.99218298309,90888.99218298309,90888.99218298309,135005
Poisson,39,45-64,0.717872,1.9529349851015503,1.9529349851015503,1.9529349851015503,39769.328538,43995.212838330335,43995.212838330335,43995.212838330335,21926
Poisson,39,65+,0.588422,1.55420766689584,1.55420766689584,1.55420766689584,7073.048443,7265.321289982479,7265.321289982479,7265.321289982479,9651
Poisson,40,0-5,1.31784,1.6917769483378198,1.6917769483378198,1.6917769483378198,40367.907543,56878.262349787925,56878.262349787925,56878.262349787925,44700
Poisson,40,6-11,1.459686,2.2610132686939908,2.2610132686939908,2.2610132686939908,100190.381818,179974.00312955235,179974.00312955235,179974.00312955235,130846
Poisson,40,12-17,1.542381,2.2885372683860243,2.2885372683860243,2.2885372683860243,49655.666788,37074.64755958837,37074.64755958837,37074.64755958837,52154
Poisson,40,18-44,0.788577,1.2615760490460382,1.2615760490460382,1.2615760490460382,133735.243112,190506.28962771117,190506.28962771117,190506.28962771117,124414
Poisson,40,45-64,0.715149,1.0367064120253358,1.0367064120253358,1.0367064120253358,43634.545662,51523.427926697186,51523.427926697186,51523.427926697186,42415
Poisson,40,65+,0.587398,0.7929051625214812,0.7929051625214812,0.7929051625214812,7734.088427,9019.333982728524,9019.333982728524,9019.333982728524,7288
Poisson,41,0-5,1.290953,0.8705377382390125,0.8705377382390125,0.8705377382390125,42077.074294,57225.69117826037,57225.69117826037,57225.69117826037,32352
Poisson,41,6-11,1.404245,1.081035214786249,1.081035214786249,1.081035214786249,94045.014405,217505.469354311,217505.469354311,217505.469354311,106298
Poisson,41,12-17,1.517563,1.2440016051290024,1.2440016051290024,1.2440016051290024,53157.392016,45380.9807701729,45380.9807701729,45380.9807701729,42436
Poisson,41,18-44,0.781104,0.69940309734245,0.69940309734245,0.69940309734245,141682.145304,280055.6964493082,280055.6964493082,280055.6964493082,103501
Poisson,41,45-64,0.712322,0.6279108956416948,0.6279108956416948,0.6279108956416948,47359.769739,55922.509424843825,55922.509424843825,55922.509424843825,54771
Poisson,41,65+,0.586383,0.47913290454577484,0.47913290454577484,0.47913290454577484,8367.815995,10589.45540469086,10589.45540469086,10589.45540469086,6882
Poisson,42,0-5,1.264279,0.47546035223867705,0.47546035223867705,0.47546035223867705,43275.869579,51800.78064534417,51800.78064534417,51800.78064534417,35293
Poisson,42,6-11,1.354261,0.5782416269126377,0.5782416269126377,0.5782416269126377,87038.883809,209303.8557333895,209303.8557333895,209303.8557333895,85922
Poisson,42,12-17,1.492072,0.7715662059998758,0.7715662059998758,0.7715662059998758,56204.854036,50339.0362322859,50339.0362322859,50339.0362322859,35361
Poisson,42,18-44,0.773835,0.4408264814696144,0.4408264814696144,0.4408264814696144,148424.708036,319069.8152578946,319069.8152578946,319069.8152578946,152466
Poisson,42,45-64,0.709447,0.4603309680689184,0.4603309680689184,0.4603309680689184,50866.378694,61540.19847036409,61540.19847036409,61540.19847036409,63570
Poisson,42,65+,0.585414,0.3480536157625946,0.3480536157625946,0.3480536157625946,8961.994575,10955.610572757156,10955.610572757156,10955.610572757156,5722
Poisson,43,0-5,1.238125,0.3321772314251097,0.3321772314251097,0.3321772314251097,43941.398862,43226.669864469266,43226.669864469266,43226.669864469266,41018
Poisson,43,6-11,1.309493,0.36115473746412846,0.36115473746412846,0.36115473746412846,79556.000048,175350.65228393208,175350.65228393208,175350.65228393208,102078
Poisson,43,12-17,1.46622,0.923080371435084,0.923080371435084,0.923080371435084,58709.484516,50493.077422098955,50493.077422098955,50493.077422098955,54760
Poisson,43,18-44,0.766831,0.28344071758216177,0.28344071758216177,0.28344071758216177,153853.31109,307014.5214758229,307014.5214758229,307014.5214758229,139415
Poisson,43,45-64,0.706578,0.30950085870393035,0.30950085870393035,0.30950085870393035,54084.732826,67852.05054888187,67852.05054888187,67852.05054888187,52730
Poisson,43,65+,0.584516,0.2592169893848871,0.2592169893848871,0.2592169893848871,9506.268457,10341.661762076707,10341.661762076707,10341.661762076707,10379
Poisson,44,0-5,1.212753,0.33544357947724207,0.33544357947724207,0.33544357947724207,44077.485298,34919.63072464737,34919.63072464737,34919.63072464737,45105
Poisson,44,6-11,1.269576,0.3545997375996384,0.3545997375996384,0.3545997375996384,71937.426081,134787.53408192983,134787.53408192983,134787.53408192983,68179
Poisson,44,12-17,1.440311,1.521561209327847,1.521561209327847,1.521561209327847,60606.016309,54066.10507960408,54066.10507960408,54066.10507960408,83702
Poisson,44,18-44,0.760141,0.3126537243472621,0.3126537243472621,0.3126537243472621,157917.275974,263582.52027304145,263582.52027304145,263582.52027304145,117401
Poisson,44,45-64,0.70376,0.4054577839887094,0.4054577839887094,0.4054577839887094,56956.72138,68798.08169029641,68798.08169029641,68798.08169029641,70530
Poisson,44,65+,0.583713,0.33967584024093067,0.33967584024093067,0.33967584024093067,9992.439961,10073.052609408885,10073.052609408885,10073.052609408885,10543
Poisson,45,0-5,1.188372,0.4684842549323291,0.4684842549323291,0.4684842549323291,43711.842688,28755.729751999723,28755.729751999723,28755.729751999723,37330
Poisson,45,6-11,1.234079,0.39256380914757516,0.39256380914757516,0.39256380914757516,64461.862813,97903.04289911827,97903.04289911827,97903.04289911827,77280
Poisson,45,12-17,1.414631,2.4066334862357195,2.4066334862357195,2.4066334862357195,61855.36882,69021.2607593612,69021.2607593612,69021.2607593612,73171
Poisson,45,18-44,0.7538,0.3366228863648649,0.3366228863648649,0.3366228863648649,160619.070436,208888.68653984787,208888.68653984787,208888.68653984787,165971
Poisson,45,45-64,0.701036,0.4414249221714313,0.4414249221714313,0.4414249221714313,59437.204628,68360.67618914042,68360.67618914042,68360.67618914042,53168
Poisson,45,65+,0.583021,0.41605316291759065,0.41605316291759065,0.41605316291759065,10414.537539,10704.559290629884,10704.559290629884,10704.559290629884,10790
Poisson,46,0-5,1.165143,0.8266803728709193,0.8266803728709193,0.8266803728709193,42891.476896,26020.134625116014,26020.134625116014,26020.134625116014,31855
Poisson,46,6-11,1.202554,0.478274202688146,0.478274202688146,0.478274202688146,57338.351483,68363.46253023064,68363.46253023064,68363.46253023064,37835
Poisson,46,12-17,1.389444,2.625751985938624,2.625751985938624,2.625751985938624,62445.388529,104158.14664050133,104158.14664050133,104158.14664050133,105380
Poisson,46,18-44,0.747835,0.39806228617591727,0.39806228617591727,0.39806228617591727,162005.414982,157147.17298136652,157147.17298136652,157147.17298136652,183425
Poisson,46,45-64,0.698441,0.4589042929367503,0.4589042929367503,0.4589042929367503,61494.484575,63946.69209334371,63946.69209334371,63946.69209334371,43618
Poisson,46,65+,0.582457,0.4984444558196719,0.4984444558196719,0.4984444558196719,10768.723727,12957.522346892074,12957.522346892074,12957.522346892074,13753
Poisson,47,0-5,1.143177,1.4835291996890558,1.4835291996890558,1.4835291996890558,41677.13921,27899.511107025202,27899.511107025202,27899.511107025202,32304
Poisson,47,6-11,1.174563,0.5589816188030957,0.5589816188030957,0.5589816188030957,50708.389506,46472.34736612346,46472.34736612346,46472.34736612346,43935
Poisson,47,12-17,1.364981,1.65826036438825,1.65826036438825,1.65826036438825,62389.594496,152902.76364149048,152902.76364149048,152902.76364149048,63897
Poisson,47,18-44,0.742263,0.4992776599618833,0.4992776599618833,0.4992776599618833,162157.074215,117549.97492187284,117549.97492187284,117549.97492187284,177422
Poisson,47,45-64,0.696005,0.4843470514523053,0.4843470514523053,0.4843470514523053,63110.00566,56794.896866239025,56794.896866239025,56794.896866239025,102860
Poisson,47,65+,0.582032,0.48916414446495904,0.48916414446495904,0.48916414446495904,11053.099209,16116.678450253836,16116.678450253836,16116.678450253836,10590
Poisson,48,0-5,1.122545,1.3277745405457226,1.3277745405457226,1.3277745405457226,40137.607332,34084.94368548435,34084.94368548435,34084.94368548435,34673
Poisson,48,6-11,1.149695,0.6583033474216704,0.6583033474216704,0.6583033474216704,44654.143321,31061.754260018002,31061.754260018002,31061.754260018002,51193
Poisson,48,12-17,1.341439,1.1032722518676288,1.1032722518676288,1.1032722518676288,61724.260962,183730.28090814408,183730.28090814408,183730.28090814408,83626
Poisson,48,18-44,0.737094,0.6217295047573732,0.6217295047573732,0.6217295047573732,161178.750037,93904.65649035154,93904.65649035154,93904.65649035154,146378
Poisson,48,45-64,0.693755,0.6282276032590897,0.6282276032590897,0.6282276032590897,64277.496826,55123.58412734757,55123.58412734757,55123.58412734757,69225
Poisson,48,65+,0.581754,0.5318630630803503,0.5318630630803503,0.5318630630803503,11267.4537,17848.0227911704,17848.0227911704,17848.0227911704,10153
Poisson,49,0-5,1.103279,1.3203029151210286,1.3203029151210286,1.3203029151210286,38344.413372,38672.63413325057,38672.63413325057,38672.63413325057,38746
Poisson,49,6-11,1.127582,1.0216914008924864,1.0216914008924864,1.0216914008924864,39209.697264,20586.342312121298,20586.342312121298,20586.342312121298,34395
Poisson,49,12-17,1.318977,1.2790270755223323,1.2790270755223323,1.2790270755223323,60504.288709,182253.41279566707,182253.41279566707,182253.41279566707,65484
Poisson,49,18-44,0.732333,0.971923233009541,0.971923233009541,0.971923233009541,159190.010563,89250.08168296423,89250.08168296423,89250.08168296423,162347
Poisson,49,45-64,0.691711,1.0266201591793025,1.0266201591793025,1.0266201591793025,65001.740923,66218.7392164527,66218.7392164527,66218.7392164527,74075
Poisson,49,65+,0.581631,0.7782969415921102,0.7782969415921102,0.7782969415921102,11413.001947,17193.126840767276,17193.126840767276,17193.126840767276,9179
Poisson,50,0-5,1.085382,1.5859130758311848,1.5859130758311848,1.5859130758311848,36367.431967,38864.2038981457,38864.2038981457,38864.2038981457,29411
Poisson,50,6-11,1.107894,1.464506735517152,1.464506735517152,1.464506735517152,34372.979525,13757.365256559104,13757.365256559104,13757.365256559104,32012
Poisson,50,12-17,1.297714,1.242561185226038,1.242561185226038,1.242561185226038,58798.369678,159158.21979823196,159158.21979823196,159158.21979823196,46930
Poisson,50,18-44,0.727981,1.2563312787400105,1.2563312787400105,1.2563312787400105,156317.730636,111026.56804286223,111026.56804286223,111026.56804286223,175180
Poisson,50,45-64,0.689889,1.064134824195436,1.064134824195436,1.064134824195436,65297.118419,87758.91558086546,87758.91558086546,87758.91558086546,62680
Poisson,50,65+,0.581667,0.7587766006319102,0.7587766006319102,0.7587766006319102,11492.12915,14898.04575853137,14898.04575853137,14898.04575853137,13324
Poisson,51,0-5,1.068832,2.693422249562736,2.693422249562736,2.693422249562736,34271.53494,36268.92085588153,36268.92085588153,36268.92085588153,41904
Poisson,51,6-11,1.090343,2.374122280797003,2.374122280797003,2.374122280797003,30116.818226,9604.401021846104,9604.401021846104,9604.401021846104,28062
Poisson,51,12-17,1.277736,1.6134618828771432,1.6134618828771432,1.6134618828771432,56683.939143,127410.26040094066,127410.26040094066,127410.26040094066,55664
Poisson,51,18-44,0.724031,1.9480496826043248,1.9480496826043248,1.9480496826043248,152690.165767,176024.28658303153,176024.28658303153,176024.28658303153,199634
Poisson,51,45-64,0.6883,1.4396231394274117,1.4396231394274117,1.4396231394274117,65186.034642,97662.89565088716,97662.89565088716,97662.89565088716,79189
Poisson,51,65+,0.581864,0.9987841189144991,0.9987841189144991,0.9987841189144991,11508.15811,12046.64522926943,12046.64522926943,12046.64522926943,7792
Poisson,52,0-5,1.053589,1.4627817508934107,1.4627817508934107,1.4627817508934107,32114.344848,34641.22912283067,34641.22912283067,34641.22912283067,33672
Poisson,52,6-11,1.074677,1.3832570868664797,1.3832570868664797,1.3832570868664797,26398.298433,7581.6721407352015,7581.6721407352015,7581.6721407352015,26583
Poisson,52,12-17,1.259092,0.8463801733770728,0.8463801733770728,0.8463801733770728,54242.347223,95850.79309685575,95850.79309685575,95850.79309685575,48757
Poisson,52,18-44,0.720478,1.022287124556734,1.022287124556734,1.022287124556734,148432.553379,279547.8517940501,279547.8517940501,279547.8517940501,130272
Poisson,52,45-64,0.68695,0.7581160353521283,0.7581160353521283,0.7581160353521283,64697.310534,92763.93511156715,92763.93511156715,92763.93511156715,87007
Poisson,52,65+,0.582224,0.5470295127634329,0.5470295127634329,0.5470295127634329,11465.141901,9510.312722662231,9510.312722662231,9510.312722662231,10034
Poisson,53,0-5,1.039599,0.7805597026311236,0.7805597026311236,0.7805597026311236,29944.994064,32689.6687852178,32689.6687852178,32689.6687852178,33378
Poisson,53,6-11,1.060681,0.9346442480020102,0.9346442480020102,0.9346442480020102,23166.127966,7689.699077999219,7689.699077999219,7689.699077999219,25618
Poisson,53,12-17,1.241802,0.4963614772185024,0.4963614772185024,0.4963614772185024,51554.583054,68882.0189550356,68882.0189550356,68882.0189550356,43214
Poisson,53,18-44,0.71731,0.5455214438592749,0.5455214438592749,0.5455214438592749,143664.019026,339907.524816731,339907.524816731,339907.524816731,145860
Poisson,53,45-64,0.685844,0.45906613047120715,0.45906613047120715,0.45906613047120715,63864.5971,81395.14032231085,81395.14032231085,81395.14032231085,97722
Poisson,53,65+,0.582745,0.37802409314930063,0.37802409314930063,0.37802409314930063,11367.681002,7866.294473085989,7866.294473085989,7866.294473085989,9775
Poisson,54,0-5,1.026798,0.5650642667062821,0.5650642667062821,0.5650642667062821,27803.721099,29677.55184269545,29677.55184269545,29677.55184269545,26827
Poisson,54,6-11,1.048166,0.9367824554715731,0.9367824554715731,0.9367824554715731,20366.067748,10062.323473667726,10062.323473667726,10062.323473667726,21244
Poisson,54,12-17,1.225861,0.5069712859445724,0.5069712859445724,0.5069712859445724,48697.769472,47899.876106862444,47899.876106862444,47899.876106862444,42173
Poisson,54,18-44,0.714513,0.4550697715601752,0.4550697715601752,0.4550697715601752,138495.530571,335627.077579136,335627.077579136,335627.077579136,138282
Poisson,54,45-64,0.684979,0.47791085312610976,0.47791085312610976,0.47791085312610976,62724.861136,73295.0492718746,73295.0492718746,73295.0492718746,84933
Poisson,54,65+,0.583425,0.4451990574301283,0.4451990574301283,0.4451990574301283,11220.76182,7523.159029970237,7523.159029970237,7523.159029970237,9664
Poisson,55,0-5,1.015117,0.33498952731497117,0.33498952731497117,0.33498952731497117,25722.104644,25766.794261465897,25766.794261465897,25766.794261465897,16773
Poisson,55,6-11,1.036969,0.8271927784279609,0.8271927784279609,0.8271927784279609,17944.672611,14471.832322779112,14471.832322779112,14471.832322779112,22384
Poisson,55,12-17,1.211241,0.30754774496768483,0.30754774496768483,0.30754774496768483,45742.531416,32685.083696939982,32685.083696939982,32685.083696939982,39136
Poisson,55,18-44,0.712073,0.27359161865702675,0.27359161865702675,0.27359161865702675,133028.657862,291269.426850419,291269.426850419,291269.426850419,130173
Poisson,55,45-64,0.684354,0.28856883100863273,0.28856883100863273,0.28856883100863273,61316.981241,70577.43569280673,70577.43569280673,70577.43569280673,37629
Poisson,55,65+,0.58426,0.35840150398948656,0.35840150398948656,0.35840150398948656,11029.613424,8603.126980004832,8603.126980004832,8603.126980004832,9543
Poisson,56,0-5,1.004483,0.2800910176055142,0.2800910176055142,0.2800910176055142,23723.73735,21330.649014574243,21330.649014574243,21330.649014574243,28055
Poisson,56,6-11,1.026948,0.3916947594900895,0.3916947594900895,0.3916947594900895,15851.665114,18775.70584137086,18775.70584137086,18775.70584137086,17433
Poisson,56,12-17,1.1979,0.21291980460585486,0.21291980460585486,0.21291980460585486,42751.241664,22091.45819512289,22091.45819512289,22091.45819512289,37650
Poisson,56,18-44,0.709973,0.16563781394232763,0.16563781394232763,0.16563781394232763,127354.933341,231597.02475032862,231597.02475032862,231597.02475032862,127163
Poisson,56,45-64,0.683962,0.1823216487129115,0.1823216487129115,0.1823216487129115,59680.485659,63931.45013074344,63931.45013074344,63931.45013074344,52020
Poisson,56,65+,0.585245,0.27578917702511985,0.27578917702511985,0.27578917702511985,10799.58013,10556.081476512365,10556.081476512365,10556.081476512365,8798
Poisson,57,0-5,0.994825,0.4147817230965174,0.4147817230965174,0.4147817230965174,21825.163845,17694.99552517291,17694.99552517291,17694.99552517291,22816
Poisson,57,6-11,1.01798,0.3085180926129819,0.3085180926129819,0.3085180926129819,14041.269589,19163.990750230383,19163.990750230383,19163.990750230383,11765
Poisson,57,12-17,1.18578,0.3172970093518824,0.3172970093518824,0.3172970093518824,39777.071365,15080.294818035793,15080.294818035793,15080.294818035793,54915
Poisson,57,18-44,0.708196,0.20743163149241375,0.20743163149241375,0.20743163149241375,121555.65262,173193.2991967909,173193.2991967909,173193.2991967909,130618
Poisson,57,45-64,0.683795,0.26553567041965986,0.26553567041965986,0.26553567041965986,57854.455716,53849.590157107916,53849.590157107916,53849.590157107916,66170
Poisson,57,65+,0.586376,0.419763236230551,0.419763236230551,0.419763236230551,10536.0086,12423.723180884437,12423.723180884437,12423.723180884437,12790
Poisson,58,0-5,0.986069,0.3844409061961668,0.3844409061961668,0.3844409061961668,20036.940543,15307.531955482322,15307.531955482322,15307.531955482322,12977
Poisson,58,6-11,1.009957,0.4256853744579996,0.4256853744579996,0.4256853744579996,12472.799024,16902.31251064362,16902.31251064362,16902.31251064362,17727
Poisson,58,12-17,1.174817,0.5340842836314643,0.5340842836314643,0.5340842836314643,36863.723446,10742.888007537695,10742.888007537695,10742.888007537695,28475
Poisson,58,18-44,0.706722,0.28137132379130986,0.28137132379130986,0.28137132379130986,115701.993678,124247.68880156055,124247.68880156055,124247.68880156055,135083
Poisson,58,45-64,0.683844,0.3684505498019436,0.3684505498019436,0.3684505498019436,55876.60998,45438.7041682757,45438.7041682757,45438.7041682757,77466
Poisson,58,65+,0.587644,0.4137041878421156,0.4137041878421156,0.4137041878421156,10244.149047,14059.495694801386,14059.495694801386,14059.495694801386,14413
Poisson,59,0-5,0.978144,0.5689468572880011,0.5689468572880011,0.5689468572880011,18364.710692,13279.376461907872,13279.376461907872,13279.376461907872,20869
Poisson,59,6-11,1.002781,0.5689177980576361,0.5689177980576361,0.5689177980576361,11110.736004,14124.787429979071,14124.787429979071,14124.787429979071,16571
Poisson,59,12-17,1.164941,0.9353440861509169,0.9353440861509169,0.9353440861509169,34045.702638,8391.235506708035,8391.235506708035,8391.235506708035,39259
Poisson,59,18-44,0.705534,0.4474231943566466,0.4474231943566466,0.4474231943566466,109855.364973,87540.69934215583,87540.69934215583,87540.69934215583,131076
Poisson,59,45-64,0.684097,0.5962547699006244,0.5962547699006244,0.5962547699006244,53782.575099,41432.67778277071,41432.67778277071,41432.67778277071,69133
Poisson,59,65+,0.589042,0.5266558080941592,0.5266558080941592,0.5266558080941592,9929.070622,14078.99059848924,14078.99059848924,14078.99059848924,10857
Poisson,60,0-5,0.970985,1.0425955997260135,1.0425955997260135,1.0425955997260135,16810.22173,11987.291302355938,11987.291302355938,11987.291302355938,12903
Poisson,60,6-11,0.996369,0.86973771648537,0.86973771648537,0.86973771648537,9924.494838,11469.582306213211,11469.582306213211,11469.582306213211,10361
Poisson,60,12-17,1.156077,1.8313103024528785,1.8313103024528785,1.8313103024528785,31348.972317,7683.721929848427,7683.721929848427,7683.721929848427,25322
Poisson,60,18-44,0.704613,0.8282858556843006,0.8282858556843006,0.8282858556843006,104067.916027,62099.355093512684,62099.355093512684,62099.355093512684,70649
Poisson,60,45-64,0.684545,1.1161857815364309,1.1161857815364309,1.1161857815364309,51605.340472,43659.914998263586,43659.914998263586,43659.914998263586,61738
Poisson,60,65+,0.590564,0.8558737676513394,0.8558737676513394,0.8558737676513394,9595.59122,12620.666886541992,12620.666886541992,12620.666886541992,12613
Poisson,61,0-5,0.964526,1.7198149191335668,1.7198149191335668,1.7198149191335668,15372.240465,12253.049734299304,12253.049734299304,12253.049734299304,18732
Poisson,61,6-11,0.990644,0.9922541370690412,0.9922541370690412,0.9922541370690412,8888.002624,9077.359724606387,9077.359724606387,9077.359724606387,7484
Poisson,61,12-17,1.14815,2.2111055399193376,2.2111055399193376,2.2111055399193376,28791.859684,8886.019012052799,8886.019012052799,8886.019012052799,21754
Poisson,61,18-44,0.703939,0.8265527843714982,0.8265527843714982,0.8265527843714982,98383.160257,46373.949978888966,46373.949978888966,46373.949978888966,134597
Poisson,61,45-64,0.685173,0.8675154778725302,0.8675154778725302,0.8675154778725302,49374.886077,50867.696573680965,50867.696573680965,50867.696573680965,29482
Poisson,61,65+,0.592201,0.640385176564284,0.640385176564284,0.640385176564284,9248.22181,10421.704894492752,10421.704894492752,10421.704894492752,4768
Poisson,62,0-5,0.958707,1.5621929359731765,1.5621929359731765,1.5621929359731765,14047.343937,14033.662514467724,14033.662514467724,14033.662514467724,12634
Poisson,62,6-11,0.985538,1.5528923032714508,1.5528923032714508,1.5528923032714508,7979.195779,7163.969068270177,7163.969068270177,7163.969068270177,9127
Poisson,62,12-17,1.141086,3.966491099743073,3.966491099743073,3.966491099743073,26386.091245,13321.27657746803,13321.27657746803,13321.27657746803,22413
Poisson,62,18-44,0.703495,1.3350229374987908,1.3350229374987908,1.3350229374987908,92836.6709,39813.69346976373,39813.69346976373,39813.69346976373,154888
Poisson,62,45-64,0.685971,1.5332129440716198,1.5332129440716198,1.5332129440716198,47117.966628,55338.38412602036,55338.38412602036,55338.38412602036,58534
Poisson,62,65+,0.593945,1.0783106606737642,1.0783106606737642,1.0783106606737642,8891.125032,8239.999896159861,8239.999896159861,8239.999896159861,6524
Poisson,63,0-5,0.95347,1.7357644994172046,1.7357644994172046,1.7357644994172046,12830.579981,14627.235707964515,14627.235707964515,14627.235707964515,10678
Poisson,63,6-11,0.98099,1.845903719430219,1.845903719430219,1.845903719430219,7179.496144,5796.585632239934,5796.585632239934,5796.585632239934,7095
Poisson,63,12-17,1.134813,2.7200443391709066,2.7200443391709066,2.7200443391709066,24137.865017,21614.891535275383,21614.891535275383,21614.891535275383,14587
Poisson,63,18-44,0.703262,1.5413188231437631,1.5413188231437631,1.5413188231437631,87456.81861,44070.16061766725,44070.16061766725,44070.16061766725,67393
Poisson,63,45-64,0.686924,1.4906177016707969,1.4906177016707969,1.4906177016707969,44858.031087,61361.45736268256,61361.45736268256,61361.45736268256,49398
Poisson,63,65+,0.595787,1.0702179745400346,1.0702179745400346,1.0702179745400346,8528.087415,6438.090047839098,6438.090047839098,6438.090047839098,9840
Poisson,64,0-5,0.948763,2.533135066744271,2.533135066744271,2.533135066744271,11716.002434,13610.376429385738,13610.376429385738,13610.376429385738,13661
Poisson,64,6-11,0.976944,2.7402572256495863,2.7402572256495863,2.7402572256495863,6473.306487,4934.427317524329,4934.427317524329,4934.427317524329,10997
Poisson,64,12-17,1.129261,2.493348527038004,2.493348527038004,2.493348527038004,22048.89064,27751.60242110351,27751.60242110351,27751.60242110351,16797
Poisson,64,18-44,0.703222,2.203345140800302,2.203345140800302,2.203345140800302,82265.525056,67041.95136353746,67041.95136353746,67041.95136353746,106041
Poisson,64,45-64,0.688021,1.7776979811345455,1.7776979811345455,1.7776979811345455,42615.254318,64586.59725998575,64586.59725998575,64586.59725998575,38230
Poisson,64,65+,0.59772,1.2998883086171995,1.2998883086171995,1.2998883086171995,8162.504165,5295.536138415628,5295.536138415628,5295.536138415628,6193
Poisson,65,0-5,0.944537,1.4061242586804596,1.4061242586804596,1.4061242586804596,10697.092399,11760.670407062164,11760.670407062164,11760.670407062164,10599
Poisson,65,6-11,0.97335,1.435049286994612,1.435049286994612,1.435049286994612,5847.547901,4642.676997920964,4642.676997920964,4642.676997920964,6826
Poisson,65,12-17,1.124363,1.2670429524819704,1.2670429524819704,1.2670429524819704,20117.351102,29381.60305319773,29381.60305319773,29381.60305319773,21310
Poisson,65,18-44,0.70336,1.1394015441035432,1.1394015441035432,1.1394015441035432,77279.011456,110468.24631722458,110468.24631722458,110468.24631722458,64149
Poisson,65,45-64,0.689248,0.9481041836707411,0.9481041836707411,0.9481041836707411,40406.657293,61794.55357767339,61794.55357767339,61794.55357767339,37928
Poisson,65,65+,0.599735,0.8167860172057497,0.8167860172057497,0.8167860172057497,7797.375142,5206.838989869051,5206.838989869051,5206.838989869051,7303
Poisson,66,0-5,0.940745,0.9633517632782918,0.9633517632782918,0.9633517632782918,9767.080342,10258.279063881608,10258.279063881608,10258.279063881608,10609
Poisson,66,6-11,0.970162,0.7680033991710372,0.7680033991710372,0.7680033991710372,5291.249659,4527.631602937821,4527.631602937821,4527.631602937821,5108
Poisson,66,12-17,1.120057,0.6814838747446196,0.6814838747446196,0.6814838747446196,18338.758705,27141.077686098404,27141.077686098404,27141.077686098404,17929
Poisson,66,18-44,0.703657,0.6377441988455855,0.6377441988455855,0.6377441988455855,72508.525132,139323.20584107842,139323.20584107842,139323.20584107842,72778
Poisson,66,45-64,0.690594,0.521499139635173,0.521499139635173,0.521499139635173,38246.293234,54673.35851927684,54673.35851927684,54673.35851927684,40050
Poisson,66,65+,0.601824,0.47208344820891857,0.47208344820891857,0.47208344820891857,7435.310428,6195.068604229426,6195.068604229426,6195.068604229426,5875
Poisson,67,0-5,0.937344,0.9969885459762082,0.9969885459762082,0.9969885459762082,8919.184744,9974.180012225639,9974.180012225639,9974.180012225639,11777
Poisson,67,6-11,0.967338,0.46002294301423574,0.46002294301423574,0.46002294301423574,4795.1944,4000.1975976666436,4000.1975976666436,4000.1975976666436,4282
Poisson,67,12-17,1.116285,0.37279627644275487,0.37279627644275487,0.37279627644275487,16706.692753,22773.56239042245,22773.56239042245,22773.56239042245,23463
Poisson,67,18-44,0.7041,0.3956698435233709,0.3956698435233709,0.3956698435233709,67961.03084,143654.99429530278,143654.99429530278,143654.99429530278,67945
Poisson,67,45-64,0.692047,0.29670650555613776,0.29670650555613776,0.29670650555613776,36145.479168,45205.6595054667,45205.6595054667,45205.6595054667,27500
Poisson,67,65+,0.603978,0.28037079293151834,0.28037079293151834,0.28037079293151834,7078.543787,6931.062156923348,6931.062156923348,6931.062156923348,7158
Poisson,68,0-5,0.934296,0.5333216684258829,0.5333216684258829,0.5333216684258829,8146.782586,10994.45621163724,10994.45621163724,10994.45621163724,5598
Poisson,68,6-11,0.964841,0.26774587493699337,0.26774587493699337,0.26774587493699337,4351.616738,3215.4460887415335,3215.4460887415335,3215.4460887415335,2981
Poisson,68,12-17,1.112991,0.3097711551069939,0.3097711551069939,0.3097711551069939,15213.417348,17875.28371946956,17875.28371946956,17875.28371946956,11170
Poisson,68,18-44,0.704672,0.245313137161433,0.245313137161433,0.245313137161433,63639.857119,129346.47142659966,129346.47142659966,129346.47142659966,53389
Poisson,68,45-64,0.693594,0.22549772822909311,0.22549772822909311,0.22549772822909311,34113.055047,35658.98971438012,35658.98971438012,35658.98971438012,48956
Poisson,68,65+,0.606191,0.21931570507256526,0.21931570507256526,0.21931570507256526,6728.952287,6881.36097414844,6881.36097414844,6881.36097414844,6818
Poisson,69,0-5,0.931564,0.30804184595290546,0.30804184595290546,0.30804184595290546,7443.525576,11105.376527885674,11105.376527885674,11105.376527885674,7843
Poisson,69,6-11,0.962634,0.20166466686209658,0.20166466686209658,0.20166466686209658,3953.950807,2411.1879063644446,2411.1879063644446,2411.1879063644446,5120
Poisson,69,12-17,1.110126,0.3775853686428436,0.3775853686428436,0.3775853686428436,13850.385101,13603.59709880664,13603.59709880664,13603.59709880664,12618
Poisson,69,18-44,0.705361,0.20712995304114823,0.20712995304114823,0.20712995304114823,59545.291032,105861.70048687048,105861.70048687048,105861.70048687048,52473
Poisson,69,45-64,0.695226,0.2490378824551442,0.2490378824551442,0.2490378824551442,32155.655579,28443.64950131951,28443.64950131951,28443.64950131951,44990
Poisson,69,65+,0.608455,0.21182242028651455,0.21182242028651455,0.21182242028651455,6388.080458,6243.961825967359,6243.961825967359,6243.961825967359,5170
Poisson,70,0-5,0.929115,0.21548124335235974,0.21548124335235974,0.21548124335235974,6803.414233,9943.800013269065,9943.800013269065,9943.800013269065,7192
Poisson,70,6-11,0.960687,0.22837483677571296,0.22837483677571296,0.22837483677571296,3596.621004,1718.5062349261716,1718.5062349261716,1718.5062349261716,4705
Poisson,70,12-17,1.107642,0.5533880363767804,0.5533880363767804,0.5533880363767804,12608.637085,10363.530907999957,10363.530907999957,10363.530907999957,14551
Poisson,70,18-44,0.706151,0.2658784243426593,0.2658784243426593,0.2658784243426593,55675.117432,80897.16248668451,80897.16248668451,80897.16248668451,50168
Poisson,70,45-64,0.696931,0.3960060364769018,0.3960060364769018,0.3960060364769018,30277.982938,24662.28897814639,24662.28897814639,24662.28897814639,44575
Poisson,70,65+,0.610762,0.33347251460556376,0.33347251460556376,0.33347251460556376,6057.167489,5262.393949953548,5262.393949953548,5262.393949953548,4357
Poisson,71,0-5,0.926917,0.2847308058196317,0.2847308058196317,0.2847308058196317,6220.840038,8095.277755404124,8095.277755404124,8095.277755404124,8227
Poisson,71,6-11,0.958969,0.40322369077281783,0.40322369077281783,0.40322369077281783,3274.86989,1181.616587754339,1181.616587754339,1181.616587754339,2829
Poisson,71,12-17,1.105496,0.9938613830889191,0.9938613830889191,0.9938613830889191,11479.111743,8105.633552357322,8105.633552357322,8105.633552357322,10690
Poisson,71,18-44,0.707032,0.47877928774778983,0.47877928774778983,0.47877928774778983,52025.101273,58934.86536169052,58934.86536169052,58934.86536169052,57967
Poisson,71,45-64,0.698699,0.7313777406861325,0.7313777406861325,0.7313777406861325,28483.071358,24795.2024624669,24795.2024624669,24795.2024624669,37772
Poisson,71,65+,0.613105,0.5954678482633232,0.5954678482633232,0.5954678482633232,5737.176142,4329.980725508474,4329.980725508474,4329.980725508474,6791
Poisson,72,0-5,0.924943,0.22957227844824865,0.22957227844824865,0.22957227844824865,5690.604007,6172.5292555575725,6172.5292555575725,6172.5292555575725,5064
Poisson,72,6-11,0.957455,0.31091330426841113,0.31091330426841113,0.31091330426841113,2984.61745,791.2858844450675,791.2858844450675,791.2858844450675,2076
Poisson,72,12-17,1.103649,1.013560989250953,1.013560989250953,1.013560989250953,10452.876198,6826.673763718223,6826.673763718223,6826.673763718223,8431
Poisson,72,18-44,0.70799,0.33182746095672866,0.33182746095672866,0.33182746095672866,48589.413382,41970.38653172832,41970.38653172832,41970.38653172832,47275
Poisson,72,45-64,0.70052,0.47575134688208853,0.47575134688208853,0.47575134688208853,26772.537159,27343.58551153401,27343.58551153401,27343.58551153401,25001
Poisson,72,65+,0.615478,0.43006000563439933,0.43006000563439933,0.43006000563439933,5428.822293,3646.985906348971,3646.985906348971,3646.985906348971,4612
Poisson,73,0-5,0.923165,0.2994363135499301,0.2994363135499301,0.2994363135499301,5207.918358,4528.270626049722,4528.270626049722,4528.270626049722,3752
Poisson,73,6-11,0.956118,0.3779203647849713,0.3779203647849713,0.3779203647849713,2722.346386,519.4246342019178,519.4246342019178,519.4246342019178,2240
Poisson,73,12-17,1.102064,1.4224274430933868,1.4224274430933868,1.4224274430933868,9521.293105,6654.086200981401,6654.086200981401,6654.086200981401,9426
Poisson,73,18-44,0.709014,0.3511653876815615,0.3511653876815615,0.3511653876815615,45361.001664,29820.402743829414,29820.402743829414,29820.402743829414,48129
Poisson,73,45-64,0.702385,0.4448605313041512,0.4448605313041512,0.4448605313041512,25146.809907,27086.351674166042,27086.351674166042,27086.351674166042,27008
Poisson,73,65+,0.617875,0.48113251713056293,0.48113251713056293,0.48113251713056293,5132.604168,3352.325282648322,3352.325282648322,3352.325282648322,6108
Poisson,74,0-5,0.921561,0.47421216350084194,0.47421216350084194,0.47421216350084194,4768.396491,3266.90411990555,3266.90411990555,3266.90411990555,6039
Poisson,74,6-11,0.954937,0.5967208732268647,0.5967208732268647,0.5967208732268647,2485.008817,335.7652354785241,335.7652354785241,335.7652354785241,2440
Poisson,74,12-17,1.100708,2.1447904189240865,2.1447904189240865,2.1447904189240865,8676.135176,7817.0644443118945,7817.0644443118945,7817.0644443118945,8784
Poisson,74,18-44,0.710094,0.5222404538042247,0.5222404538042247,0.5222404538042247,42331.91077,21958.065327861346,21958.065327861346,21958.065327861346,36058
Poisson,74,45-64,0.704286,0.608499385258014,0.608499385258014,0.608499385258014,23605.342246,23916.113298137207,23916.113298137207,23916.113298137207,23666
Poisson,74,65+,0.620288,0.741946132417047,0.741946132417047,0.741946132417047,4848.830609,3636.0395170311094,3636.0395170311094,3636.0395170311094,5627
Poisson,75,0-5,0.920107,0.8255341967065903,0.8255341967065903,0.8255341967065903,4368.035253,2360.773801811738,2360.773801811738,2360.773801811738,4531
Poisson,75,6-11,0.953891,0.8665832900051835,0.8665832900051835,0.8665832900051835,2269.950396,214.43289567017928,214.43289567017928,214.43289567017928,1880
Poisson,75,12-17,1.09955,1.8301081410056455,1.8301081410056455,1.8301081410056455,7909.658184,10127.575519551057,10127.575519551057,10127.575519551057,8990
Poisson,75,18-44,0.71122,0.7629882244608011,0.7629882244608011,0.7629882244608011,39493.554038,17951.987144549377,17951.987144549377,17951.987144549377,51617
Poisson,75,45-64,0.706214,0.7785376457804164,0.7785376457804164,0.7785376457804164,22146.797279,19703.77048743004,19703.77048743004,19703.77048743004,16975
Poisson,75,65+,0.622713,0.9205675455200737,0.9205675455200737,0.9205675455200737,4577.647816,4538.50161304744,4538.50161304744,4538.50161304744,4973
Poisson,76,0-5,0.918783,1.4477264694678365,1.4477264694678365,1.4477264694678365,4003.192494,1782.0468572680838,1782.0468572680838,1782.0468572680838,2842
Poisson,76,6-11,0.952961,1.335630441503608,1.335630441503608,1.335630441503608,2074.848527,135.63650374254212,135.63650374254212,135.63650374254212,1539
Poisson,76,12-17,1.098564,1.5724685559037879,1.5724685559037879,1.5724685559037879,7214.641744,11817.314384562429,11817.314384562429,11817.314384562429,7595
Poisson,76,18-44,0.712382,1.1655196817704752,1.1655196817704752,1.1655196817704752,36836.941958,17913.82253591437,17913.82253591437,17913.82253591437,28066
Poisson,76,45-64,0.708162,1.0087794093273987,1.0087794093273987,1.0087794093273987,20769.213518,15903.524992587976,15903.524992587976,15903.524992587976,28170
Poisson,76,65+,0.625143,0.9893001766805947,0.9893001766805947,0.9893001766805947,4319.064232,5509.984015912109,5509.984015912109,5509.984015912109,5613
Poisson,77,0-5,0.917571,2.914110141599177,2.914110141599177,2.914110141599177,3670.562094,1521.7146105964202,1521.7146105964202,1521.7146105964202,3891
Poisson,77,6-11,0.952128,2.6284346061186747,2.6284346061186747,2.6284346061186747,1897.661917,85.14112121425569,85.14112121425569,85.14112121425569,1259
Poisson,77,12-17,1.097722,2.1893265000368114,2.1893265000368114,2.1893265000368114,6584.405666,11883.278557942715,11883.278557942715,11883.278557942715,6000
Poisson,77,18-44,0.713572,2.290533862711882,2.290533862711882,2.290533862711882,34352.871619,23592.23983987514,23592.23983987514,23592.23983987514,46680
Poisson,77,45-64,0.710121,1.8274833272459035,1.8274833272459035,1.8274833272459035,19470.148163,13191.91562152328,13191.91562152328,13191.91562152328,24337
Poisson,77,65+,0.627574,1.424559091738757,1.424559091738757,1.424559091738757,4072.973328,5958.786498940608,5958.786498940608,5958.786498940608,5138
Poisson,78,0-5,0.916454,2.3049531000742833,2.3049531000742833,2.3049531000742833,3367.148007,1689.5151964710094,1689.5151964710094,1689.5151964710094,3243
Poisson,78,6-11,0.951377,1.6668470833066515,1.6668470833066515,1.6668470833066515,1736.589252,53.12444497598335,53.12444497598335,53.12444497598335,1658
Poisson,78,12-17,1.097002,1.563090738201722,1.563090738201722,1.563090738201722,6012.808321,10594.949963141233,10594.949963141233,10594.949963141233,5750
Poisson,78,18-44,0.71478,1.5420965343749178,1.5420965343749178,1.5420965343749178,32032.081574,35831.101147336885,35831.101147336885,35831.101147336885,30090
Poisson,78,45-64,0.712086,1.3967602489208195,1.3967602489208195,1.3967602489208195,18246.79999,12606.497336174361,12606.497336174361,12606.497336174361,23107
Poisson,78,65+,0.629999,1.075324424364994,1.075324424364994,1.075324424364994,3839.174205,5727.326904651418,5727.326904651418,5727.326904651418,3320
Poisson,79,0-5,0.915414,2.5795834412573924,2.5795834412573924,2.5795834412573924,3090.23844,2772.8969039539807,2772.8969039539807,2772.8969039539807,4160
Poisson,79,6-11,0.950693,1.3376699207970772,1.3376699207970772,1.3376699207970772,1590.035166,33.00566595746204,33.00566595746204,33.00566595746204,1526
Poisson,79,12-17,1.096383,1.5345506156797326,1.5345506156797326,1.5345506156797326,5494.232166,8674.066137713846,8674.066137713846,8674.066137713846,6082
Poisson,79,18-44,0.716001,1.380205322957613,1.380205322957613,1.380205322957613,29865.376471,44442.51030332316,44442.51030332316,44442.51030332316,34523
Poisson,79,45-64,0.714049,1.5011269066376056,1.5011269066376056,1.5011269066376056,17096.113497,15947.05359715037,15947.05359715037,15947.05359715037,28949
Poisson,79,65+,0.632415,1.14472738571037,1.14472738571037,1.14472738571037,3617.389964,5016.665890564851,5016.665890564851,5016.665890564851,4424
Poisson,80,0-5,0.914439,1.245485911653205,1.245485911653205,1.245485911653205,2837.380848,4905.127099422971,4905.127099422971,4905.127099422971,1473
Poisson,80,6-11,0.950063,0.6691423828169942,0.6691423828169942,0.6691423828169942,1456.582078,20.445861608721316,20.445861608721316,20.445861608721316,2094
Poisson,80,12-17,1.095845,0.8133272155507166,0.8133272155507166,0.8133272155507166,5023.560512,6685.417313098442,6685.417313098442,6685.417313098442,7132
Poisson,80,18-44,0.717225,0.6933894879957418,0.6933894879957418,0.6933894879957418,27843.725495,45936.59145189449,45936.59145189449,45936.59145189449,28382
Poisson,80,45-64,0.716005,0.7699796016365869,0.7699796016365869,0.7699796016365869,16014.866088,23087.17346515786,23087.17346515786,23087.17346515786,16235
Poisson,80,65+,0.634817,0.6018068712403021,0.6018068712403021,0.6018068712403021,3407.283915,4114.695377162716,4114.695377162716,4114.695377162716,2885
Poisson,81,0-5,0.913513,0.6394822516141646,0.6394822516141646,0.6394822516141646,2606.35823,6341.303237593966,6341.303237593966,6341.303237593966,2222
Poisson,81,6-11,0.949472,0.36224684382552264,0.36224684382552264,0.36224684382552264,1334.966727,12.633752969559282,12.633752969559282,12.633752969559282,1061
Poisson,81,12-17,1.095371,0.45836764048916956,0.45836764048916956,0.45836764048916956,4596.148715,4973.8233900517225,4973.8233900517225,4973.8233900517225,4377
Poisson,81,18-44,0.718448,0.37337622305130885,0.37337622305130885,0.37337622305130885,25958.338424,41864.64349321369,41864.64349321369,41864.64349321369,19599
Poisson,81,45-64,0.717947,0.421298025753202,0.421298025753202,0.421298025753202,14999.740158,27259.17398276925,27259.17398276925,27259.17398276925,15299
Poisson,81,65+,0.6372,0.36031349596043566,0.36031349596043566,0.36031349596043566,3208.473716,3298.9371803544345,3298.9371803544345,3298.9371803544345,2984
Poisson,82,0-5,0.912626,0.33981344608317027,0.33981344608317027,0.33981344608317027,2395.166974,6546.384951794986,6546.384951794986,6546.384951794986,2589
Poisson,82,6-11,0.948911,0.20133281268271372,0.20133281268271372,0.20133281268271372,1224.060502,7.78538231831044,7.78538231831044,7.78538231831044,561
Poisson,82,12-17,1.094944,0.3087870044075629,0.3087870044075629,0.3087870044075629,4207.792174,3634.837935175281,3634.837935175281,3634.837935175281,2716
Poisson,82,18-44,0.719661,0.2056401501008676,0.2056401501008676,0.2056401501008676,24200.722704,34891.92108030338,34891.92108030338,34891.92108030338,25671
Poisson,82,45-64,0.71987,0.2423154774424392,0.2423154774424392,0.2423154774424392,14047.381915,26817.653634445276,26817.653634445276,26817.653634445276,15385
Poisson,82,65+,0.639561,0.2506108702535208,0.2506108702535208,0.2506108702535208,3020.543563,2722.0267500435,2722.0267500435,2722.0267500435,2648
Poisson,83,0-5,0.911765,0.23546036299074577,0.23546036299074577,0.23546036299074577,2201.996369,5862.293780140346,5862.293780140346,5862.293780140346,1921
Poisson,83,6-11,0.948368,0.17287606755432924,0.17287606755432924,0.17287606755432924,1122.852833,4.785996760707349,4.785996760707349,4.785996760707349,870
Poisson,83,12-17,1.09455,0.2791440603146482,0.2791440603146482,0.2791440603146482,3854.692944,2675.786209756974,2675.786209756974,2675.786209756974,3654
Poisson,83,18-44,0.720859,0.16401939397187323,0.16401939397187323,0.16401939397187323,22562.72463,27249.91508765705,27249.91508765705,27249.91508765705,23488
Poisson,83,45-64,0.721769,0.17583299740776714,0.17583299740776714,0.17583299740776714,13154.448672,23261.405636306386,23261.405636306386,23261.405636306386,7933
Poisson,83,65+,0.641895,0.18718251714576062,0.18718251714576062,0.18718251714576062,2843.054607,2361.5194974839687,2361.5194974839687,2361.5194974839687,3021
Poisson,84,0-5,0.91092,0.230689533087064,0.230689533087064,0.230689533087064,2025.209824,4768.0450404835865,4768.0450404835865,4768.0450404835865,2173
Poisson,84,6-11,0.947834,0.21778007512364833,0.21778007512364833,0.21778007512364833,1030.437079,2.9356520823203027,2.9356520823203027,2.9356520823203027,1004
Poisson,84,12-17,1.094175,0.4148124426097016,0.4148124426097016,0.4148124426097016,3533.426253,2040.4596669552848,2040.4596669552848,2040.4596669552848,4170
Poisson,84,18-44,0.722038,0.19588393595410034,0.19588393595410034,0.19588393595410034,21036.557339,20638.701002586633,20638.701002586633,20638.701002586633,22894
Poisson,84,45-64,0.723639,0.19982824429466484,0.19982824429466484,0.19982824429466484,12317.646236,18509.65599137172,18509.65599137172,18509.65599137172,11100
Poisson,84,65+,0.644198,0.21965787394878206,0.21965787394878206,0.21965787394878206,2675.553738,2079.925095579005,2079.925095579005,2079.925095579005,1435
Poisson,85,0-5,0.910081,0.37798669824682124,0.37798669824682124,0.37798669824682124,1863.327747,3627.111436168896,3627.111436168896,3627.111436168896,1268
Poisson,85,6-11,0.9473,0.4094853493600039,0.4094853493600039,0.4094853493600039,945.998449,1.7974891113117337,1.7974891113117337,1.7974891113117337,788
Poisson,85,12-17,1.093807,0.7626895754310606,0.7626895754310606,0.7626895754310606,3240.907839,1702.570424019359,1702.570424019359,1702.570424019359,3002
Poisson,85,18-44,0.72319,0.35910953799998013,0.35910953799998013,0.35910953799998013,19614.818001,15762.20052426029,15762.20052426029,15762.20052426029,19101
Poisson,85,45-64,0.725476,0.3421857529256388,0.3421857529256388,0.3421857529256388,11533.757881,13956.151611679234,13956.151611679234,13956.151611679234,13051
Poisson,85,65+,0.646468,0.3370459780164322,0.3370459780164322,0.3370459780164322,2517.580922,1870.8949066881905,1870.8949066881905,1870.8949066881905,2000
Poisson,86,0-5,0.909241,0.6930379737416223,0.6930379737416223,0.6930379737416223,1715.012017,2634.9824076655786,2634.9824076655786,2634.9824076655786,1791
Poisson,86,6-11,0.946757,0.7664724597722601,0.7664724597722601,0.7664724597722601,868.803605,1.0992701528593898,1.0992701528593898,1.0992701528593898,573
Poisson,86,12-17,1.093435,1.3766588923977094,1.3766588923977094,1.3766588923977094,2974.362717,1645.1421314249747,1645.1421314249747,1645.1421314249747,3554
Poisson,86,18-44,0.724313,0.6611445806055168,0.6611445806055168,0.6611445806055168,18290.496243,12906.16866030544,12906.16866030544,12906.16866030544,17440
Poisson,86,45-64,0.727275,0.6062175133918437,0.6062175133918437,0.6062175133918437,10799.666217,10254.952265769243,10254.952265769243,10254.952265769243,10371
Poisson,86,65+,0.6487,0.6106951757614285,0.6106951757614285,0.6106951757614285,2368.675246,1758.6807047449402,1758.6807047449402,1758.6807047449402,2734
Poisson,87,0-5,0.90839,1.2794823090519676,1.2794823090519676,1.2794823090519676,1579.051949,1861.4949722653255,1861.4949722653255,1861.4949722653255,1366
Poisson,87,6-11,0.946198,1.430094576473852,1.430094576473852,1.430094576473852,798.191647,0.6718014138750732,0.6718014138750732,0.6718014138750732,662
Poisson,87,12-17,1.093047,2.5921182318353,2.5921182318353,2.5921182318353,2731.295777,1923.9529749550857,1923.9529749550857,1923.9529749550857,2731
Poisson,87,18-44,0.7254,1.2254286676792914,1.2254286676792914,1.2254286676792914,17056.975586,12154.363408964127,12154.363408964127,12154.363408964127,12923
Poisson,87,45-64,0.729032,1.0797201875611155,1.0797201875611155,1.0797201875611155,10112.369144,7514.090031020343,7514.090031020343,7514.090031020343,11323
Poisson,87,65+,0.650892,0.9459645258820368,0.9459645258820368,0.9459645258820368,2228.379826,1789.916849393514,1789.916849393514,1789.916849393514,2245
Poisson,88,0-5,0.907521,2.125251630888853,2.125251630888853,2.125251630888853,1454.351632,1298.0734183725435,1298.0734183725435,1298.0734183725435,1113
Poisson,88,6-11,0.945615,2.3201080108329446,2.3201080108329446,2.3201080108329446,733.566273,0.41046337131410837,0.41046337131410837,0.41046337131410837,585
Poisson,88,12-17,1.092636,3.5289994757844196,3.5289994757844196,3.5289994757844196,2509.464408,2685.5015302654356,2685.5015302654356,2685.5015302654356,3054
Poisson,88,18-44,0.726449,2.0001323495886236,2.0001323495886236,2.0001323495886236,15908.029376,13947.467179775238,13947.467179775238,13947.467179775238,15392
Poisson,88,45-64,0.730743,1.6960987721605472,1.6960987721605472,1.6960987721605472,9468.990915,5762.2195573160425,5762.2195573160425,5762.2195573160425,7873
Poisson,88,65+,0.65304,1.289937108529186,1.289937108529186,1.289937108529186,2096.245738,1850.090063421987,1850.090063421987,1850.090063421987,1618
Poisson,89,0-5,0.906628,1.5628139448787348,1.5628139448787348,1.5628139448787348,1339.91854,911.2810377553105,911.2810377553105,911.2810377553105,1389
Poisson,89,6-11,0.945004,1.7691680316009952,1.7691680316009952,1.7691680316009952,674.388904,0.25088898837566376,0.25088898837566376,0.25088898837566376,639
Poisson,89,12-17,1.092192,3.130309650460596,3.130309650460596,3.130309650460596,2306.853268,3882.6699131922796,3882.6699131922796,3882.6699131922796,1804
Poisson,89,18-44,0.727454,1.591065574441057,1.591065574441057,1.591065574441057,14837.812471,18178.998449871317,18178.998449871317,18178.998449871317,14884
Poisson,89,45-64,0.732405,1.5379457506782894,1.5379457506782894,1.5379457506782894,8866.789195,5191.821867321618,5191.821867321618,5191.821867321618,6143
Poisson,89,65+,0.655142,1.2238138707208028,1.2238138707208028,1.2238138707208028,1971.835097,1847.5484388385084,1847.5484388385084,1847.5484388385084,2083
Poisson,90,0-5,0.905703,1.0467345393413494,1.0467345393413494,1.0467345393413494,1234.853285,667.0339956595562,667.0339956595562,667.0339956595562,1078
Poisson,90,6-11,0.944357,1.2499091768346258,1.2499091768346258,1.2499091768346258,620.172649,0.1537937051616609,0.1537937051616609,0.1537937051616609,494
Poisson,90,12-17,1.091708,2.3461567067521383,2.3461567067521383,2.3461567067521383,2121.651185,5174.4838177994825,5174.4838177994825,5174.4838177994825,1951
Poisson,90,18-44,0.728412,1.2681444328738734,1.2681444328738734,1.2681444328738734,13840.849731,21566.15204695426,21566.15204695426,21566.15204695426,13249
Poisson,90,45-64,0.734015,1.544984924651196,1.544984924651196,1.544984924651196,8303.158879,6560.739262661431,6560.739262661431,6560.739262661431,7921
Poisson,90,65+,0.657195,1.2730046156365238,1.2730046156365238,1.2730046156365238,1854.723408,1870.346142645867,1870.346142645867,1870.346142645867,1721
Poisson,91,0-5,0.904742,0.6319863997494357,0.6319863997494357,0.6319863997494357,1138.340422,542.1251347742509,542.1251347742509,542.1251347742509,787
Poisson,91,6-11,0.943669,0.6328123891021394,0.6328123891021394,0.6328123891021394,570.476969,0.09470399050042033,0.09470399050042033,0.09470399050042033,679
Poisson,91,12-17,1.091175,1.2034160920854813,1.2034160920854813,1.2034160920854813,1952.230143,5846.937648145948,5846.937648145948,5846.937648145948,2655
Poisson,91,18-44,0.729321,0.6484795801448997,0.6484795801448997,0.6484795801448997,12912.022179,22052.059209727682,22052.059209727682,22052.059209727682,8718
Poisson,91,45-64,0.735569,0.7948091013416017,0.7948091013416017,0.7948091013416017,7775.633331,9976.494663053658,9976.494663053658,9976.494663053658,7670
Poisson,91,65+,0.659196,0.6615571920141019,0.6615571920141019,0.6615571920141019,1744.501307,1893.7985739440774,1893.7985739440774,1893.7985739440774,2049
Poisson,92,0-5,0.90374,0.5361542403257673,0.5361542403257673,0.5361542403257673,1049.640184,524.0121181146242,524.0121181146242,524.0121181146242,908
Poisson,92,6-11,0.942936,0.3802598896030341,0.3802598896030341,0.3802598896030341,524.902963,0.05855497717857361,0.05855497717857361,0.05855497717857361,461
Poisson,92,12-17,1.090589,0.665098400913037,0.665098400913037,0.665098400913037,1797.126258,5720.940392268822,5720.940392268822,5720.940392268822,1481
Poisson,92,18-44,0.730176,0.3866507918811245,0.3866507918811245,0.3866507918811245,12046.551547,19970.245337106287,19970.245337106287,19970.245337106287,10016
Poisson,92,45-64,0.737065,0.4654218467120743,0.4654218467120743,0.4654218467120743,7281.883578,12197.83078298578,12197.83078298578,12197.83078298578,5011
Poisson,92,65+,0.661143,0.46689394806169693,0.46689394806169693,0.46689394806169693,1640.775786,1844.2378974516178,1844.2378974516178,1844.2378974516178,1081
Poisson,93,0-5,0.902691,0.53422046272812,0.53422046272812,0.53422046272812,968.081065,595.1722651224118,595.1722651224118,595.1722651224118,1213
Poisson,93,6-11,0.942153,0.25544528783988385,0.25544528783988385,0.25544528783988385,483.089165,0.03629864938557148,0.03629864938557148,0.03629864938557148,610
Poisson,93,12-17,1.089942,0.37527648420338866,0.37527648420338866,0.37527648420338866,1655.022618,5020.6013075844385,5020.6013075844385,5020.6013075844385,2014
Poisson,93,18-44,0.730974,0.2553088903538463,0.2553088903538463,0.2553088903538463,11239.983776,16567.488191275857,16567.488191275857,16567.488191275857,11443
Poisson,93,45-64,0.738499,0.2952692345383768,0.2952692345383768,0.2952692345383768,6819.71592,12289.779599732254,12289.779599732254,12289.779599732254,9335
Poisson,93,65+,0.663033,0.3871971624628733,0.3871971624628733,0.3871971624628733,1543.17099,1842.2283640017267,1842.2283640017267,1842.2283640017267,1601
Poisson,94,0-5,0.901591,0.5117711654212849,0.5117711654212849,0.5117711654212849,893.053167,711.4393264048267,711.4393264048267,711.4393264048267,450
Poisson,94,6-11,0.941316,0.17559082812188004,0.17559082812188004,0.17559082812188004,444.707816,0.02251501940190792,0.02251501940190792,0.02251501940190792,203
Poisson,94,12-17,1.089229,0.22051341800766677,0.22051341800766677,0.22051341800766677,1524.733851,4058.3740683868527,4058.3740683868527,4058.3740683868527,1525
Poisson,94,18-44,0.731714,0.17362503369247898,0.17362503369247898,0.17362503369247898,10488.171941,12881.584290018305,12881.584290018305,12881.584290018305,11008
Poisson,94,45-64,0.739869,0.18199030129756044,0.18199030129756044,0.18199030129756044,6387.068348,10844.869455152191,10844.869455152191,10844.869455152191,8087
Poisson,94,65+,0.664866,0.25232113069859985,0.25232113069859985,0.25232113069859985,1451.328661,1876.074740538781,1876.074740538781,1876.074740538781,2080
Poisson,95,0-5,0.900436,0.47165076367231584,0.47165076367231584,0.47165076367231584,824.002213,811.5660723871551,811.5660723871551,811.5660723871551,1246
Poisson,95,6-11,0.940421,0.16594871466279287,0.16594871466279287,0.16594871466279287,409.461528,0.013948900159448385,0.013948900159448385,0.013948900159448385,222
Poisson,95,12-17,1.088446,0.18244063393632204,0.18244063393632204,0.18244063393632204,1405.19229,3087.1487144757994,3087.1487144757994,3087.1487144757994,1691
Poisson,95,18-44,0.732392,0.16299825487479036,0.16299825487479036,0.16299825487479036,9787.258972,9561.361368077807,9561.361368077807,9561.361368077807,8882
Poisson,95,45-64,0.741173,0.16411498417595322,0.16411498417595322,0.16411498417595322,5982.006074,8770.653805726208,8770.653805726208,8770.653805726208,4812
Poisson,95,65+,0.666637,0.21257042690228425,0.21257042690228425,0.21257042690228425,1364.908291,1793.473754712264,1793.473754712264,1793.473754712264,1833
Poisson,96,0-5,0.899222,0.3773304512380922,0.3773304512380922,0.3773304512380922,760.424181,843.5174637343735,843.5174637343735,843.5174637343735,732
Poisson,96,6-11,0.939465,0.18289994170083526,0.18289994170083526,0.18289994170083526,377.080302,0.008633308578282595,0.008633308578282595,0.008633308578282595,357
Poisson,96,12-17,1.087587,0.20286778568368213,0.20286778568368213,0.20286778568368213,1295.435588,2247.354795554187,2247.354795554187,2247.354795554187,1118
Poisson,96,18-44,0.733005,0.176390474264088,0.176390474264088,0.176390474264088,9133.660439,6932.040785526857,6932.040785526857,6932.040785526857,6487
Poisson,96,45-64,0.742408,0.17819946811762277,0.17819946811762277,0.17819946811762277,5602.716436,6747.3164995484985,6747.3164995484985,6747.3164995484985,6592
Poisson,96,65+,0.668346,0.20143972964192824,0.20143972964192824,0.20143972964192824,1283.587053,1594.6809960741084,1594.6809960741084,1594.6809960741084,1658
Poisson,97,0-5,0.897947,0.29458016128741477,0.29458016128741477,0.29458016128741477,701.860473,786.9721127327066,786.9721127327066,786.9721127327066,579
Poisson,97,6-11,0.938445,0.18256279308232176,0.18256279308232176,0.18256279308232176,347.318863,0.00534082343801856,0.00534082343801856,0.00534082343801856,426
Poisson,97,12-17,1.086649,0.2143863084443331,0.2143863084443331,0.2143863084443331,1194.595641,1591.022003897,1591.022003897,1591.022003897,1182
Poisson,97,18-44,0.733553,0.17180769414084882,0.17180769414084882,0.17180769414084882,8524.047648,5021.395017588511,5021.395017588511,5021.395017588511,12519
Poisson,97,45-64,0.743572,0.17428338914899974,0.17428338914899974,0.17428338914899974,5247.503381,5049.515733120963,5049.515733120963,5049.515733120963,5653
Poisson,97,65+,0.66999,0.20298693981051016,0.20298693981051016,0.20298693981051016,1207.059539,1339.7653401638381,1339.7653401638381,1339.7653401638381,1112
Poisson,98,0-5,0.896607,0.45804358572148635,0.45804358572148635,0.45804358572148635,647.893577,674.9992634141818,674.9992634141818,674.9992634141818,524
Poisson,98,6-11,0.937357,0.3216429903613016,0.3216429903613016,0.3216429903613016,319.954262,0.00330372154712677,0.00330372154712677,0.00330372154712677,385
Poisson,98,12-17,1.085628,0.3403666390700914,0.3403666390700914,0.3403666390700914,1101.888713,1111.7969981436618,1111.7969981436618,1111.7969981436618,902
Poisson,98,18-44,0.734032,0.29688907706942536,0.29688907706942536,0.29688907706942536,7955.331194,3700.591555580497,3700.591555580497,3700.591555580497,9024
Poisson,98,45-64,0.744663,0.2843989271232001,0.2843989271232001,0.2843989271232001,4914.781706,3710.4693947187625,3710.4693947187625,3710.4693947187625,3533
Poisson,98,65+,0.671568,0.29842008405156006,0.29842008405156006,0.29842008405156006,1135.037362,1093.9155671106419,1093.9155671106419,1093.9155671106419,655
Poisson,99,0-5,0.895199,0.7748143729768479,0.7748143729768479,0.7748143729768479,598.143158,560.4049451143946,560.4049451143946,560.4049451143946,475
Poisson,99,6-11,0.9362,0.6146370484242559,0.6146370484242559,0.6146370484242559,294.783728,0.0020435028709471226,0.0020435028709471226,0.0020435028709471226,286
Poisson,99,12-17,1.08452,0.5686250258933729,0.5686250258933729,0.5686250258933729,1016.606612,775.5013949759305,775.5013949759305,775.5013949759305,834
Poisson,99,18-44,0.73444,0.5544254190727791,0.5544254190727791,0.5544254190727791,7424.645107,2919.3270253483206,2919.3270253483206,2919.3270253483206,9002
Poisson,99,45-64,0.74568,0.4993308862695973,0.4993308862695973,0.4993308862695973,4603.071171,2732.325949897524,2732.325949897524,2732.325949897524,2500
Poisson,99,65+,0.673078,0.49165960115020635,0.49165960115020635,0.49165960115020635,1067.248648,894.3755896937218,894.3755896937218,894.3755896937218,939
Poisson,100,0-5,0.893721,1.3006398298583484,1.3006398298583484,1.3006398298583484,552.262545,467.23676222236827,467.23676222236827,467.23676222236827,441
Poisson,100,6-11,0.934972,1.0714764464695161,1.0714764464695161,1.0714764464695161,271.622741,0.0012643835507333279,0.0012643835507333279,0.0012643835507333279,280
Poisson,100,12-17,1.083323,0.9170522965986068,0.9170522965986068,0.9170522965986068,938.108836,544.8004940263927,544.8004940263927,544.8004940263927,965
Poisson,100,18-44,0.734777,0.9453425317490878,0.9453425317490878,0.9453425317490878,6929.33166,2638.3436982231215,2638.3436982231215,2638.3436982231215,6988
Poisson,100,45-64,0.74662,0.8011112721859599,0.8011112721859599,0.8011112721859599,4310.990614,2051.2371162776835,2051.2371162776835,2051.2371162776835,3988
Poisson,100,65+,0.674518,0.777866637259649,0.777866637259649,0.777866637259649,1003.437446,755.6614874939551,755.6614874939551,755.6614874939551,1131
Poisson,101,0-5,0.892172,2.402707069947377,2.402707069947377,2.402707069947377,509.935566,407.81939587695524,407.81939587695524,407.81939587695524,475
Poisson,101,6-11,0.933669,2.0893133813313973,2.0893133813313973,2.0893133813313973,250.30329,0.0007834332063794136,0.0007834332063794136,0.0007834332063794136,284
Poisson,101,12-17,1.082034,1.7556235267487306,1.7556235267487306,1.7556235267487306,865.815563,393.3333523203619,393.3333523203619,393.3333523203619,792
Poisson,101,18-44,0.735039,1.8387828654609786,1.8387828654609786,1.8387828654609786,6466.926908,2887.6374531136826,2887.6374531136826,2887.6374531136826,6344
Poisson,101,45-64,0.747482,1.5396881237386868,1.5396881237386868,1.5396881237386868,4037.252123,1597.9651402146555,1597.9651402146555,1597.9651402146555,6427
Poisson,101,65+,0.675888,1.4041033261950828,1.4041033261950828,1.4041033261950828,943.363086,685.9910122742294,685.9910122742294,685.9910122742294,761
Poisson,102,0-5,0.890549,4.367551309128235,4.367551309128235,4.367551309128235,470.873693,390.3832218409516,390.3832218409516,390.3832218409516,437
Poisson,102,6-11,0.932291,4.047815044781652,4.047815044781652,4.047815044781652,230.67231,0.00048722466453909874,0.00048722466453909874,0.00048722466453909874,218
Poisson,102,12-17,1.080649,3.3087167557512487,3.3087167557512487,3.3087167557512487,799.201407,302.9974768734537,302.9974768734537,302.9974768734537,780
Poisson,102,18-44,0.735227,3.5525252278864916,3.5525252278864916,3.5525252278864916,6035.146988,4098.184897283092,4098.184897283092,4098.184897283092,7238
Poisson,102,45-64,0.748264,2.924364658374816,2.924364658374816,2.924364658374816,3780.655345,1404.4434264223091,1404.4434264223091,1404.4434264223091,3943
Poisson,102,65+,0.677185,2.4255915029277317,2.4255915029277317,2.4255915029277317,886.799497,690.7291336261551,690.7291336261551,690.7291336261551,1014
Poisson,103,0-5,0.88885,2.9425827632313712,2.9425827632313712,2.9425827632313712,434.813468,412.4541111669969,412.4541111669969,412.4541111669969,494
Poisson,103,6-11,0.930835,2.8720348398666053,2.8720348398666053,2.8720348398666053,212.590278,0.0003058151341974735,0.0003058151341974735,0.0003058151341974735,182
Poisson,103,12-17,1.079168,3.2021864474567616,3.2021864474567616,3.2021864474567616,737.78986,268.016582491342,268.016582491342,268.016582491342,669
Poisson,103,18-44,0.735338,2.6840351398116917,2.6840351398116917,2.6840351398116917,5631.875185,6701.6521927360445,6701.6521927360445,6701.6521927360445,6897
Poisson,103,45-64,0.748965,2.6423360718933866,2.6423360718933866,2.6423360718933866,3540.081974,1678.1251217797399,1678.1251217797399,1678.1251217797399,4012
Poisson,103,65+,0.678408,2.164212492560658,2.164212492560658,2.164212492560658,833.534501,751.3047512265039,751.3047512265039,751.3047512265039,831
Poisson,104,0-5,0.887073,2.1524482641781852,2.1524482641781852,2.1524482641781852,401.514187,453.3271424958948,453.3271424958948,453.3271424958948,500
Poisson,104,6-11,0.929301,2.2859990859541917,2.2859990859541917,2.2859990859541917,195.929937,0.00019576959311962128,0.00019576959311962128,0.00019576959311962128,260
Poisson,104,12-17,1.077588,3.47217005195661,3.47217005195661,3.47217005195661,681.148319,331.22238194104284,331.22238194104284,331.22238194104284,865
Poisson,104,18-44,0.735371,2.2220596385538034,2.2220596385538034,2.2220596385538034,5255.149775,9315.53409877047,9315.53409877047,9315.53409877047,7840
Poisson,104,45-64,0.749584,2.440956362609374,2.440956362609374,2.440956362609374,3314.490442,2999.9153744727373,2999.9153744727373,2999.9153744727373,3319
Poisson,104,65+,0.679557,1.968192803775103,1.968192803775103,1.968192803775103,783.369109,835.3902233900735,835.3902233900735,835.3902233900735,686
Poisson,105,0-5,0.885219,1.2710086373865552,1.2710086373865552,1.2710086373865552,370.755798,485.784907666035,485.784907666035,485.784907666035,397
Poisson,105,6-11,0.927687,1.442208730548814,1.442208730548814,1.442208730548814,180.575156,0.0001287851482629776,0.0001287851482629776,0.0001287851482629776,209
Poisson,105,12-17,1.075908,3.2469934900486352,3.2469934900486352,3.2469934900486352,628.883674,607.2141813319176,607.2141813319176,607.2141813319176,845
Poisson,105,18-44,0.735325,1.4499801704372346,1.4499801704372346,1.4499801704372346,4903.152624,11223.923477821983,11223.923477821983,11223.923477821983,3959
Poisson,105,45-64,0.750119,1.7737091401970853,1.7737091401970853,1.7737091401970853,3102.910852,5399.228905304335,5399.228905304335,5399.228905304335,3528
Poisson,105,65+,0.680629,1.4523661365083416,1.4523661365083416,1.4523661365083416,736.116803,963.9701350750402,963.9701350750402,963.9701350750402,1077
Poisson,106,0-5,0.883285,0.6748281306977253,0.6748281306977253,0.6748281306977253,342.337016,491.29547139420174,491.29547139420174,491.29547139420174,368
Poisson,106,6-11,0.925991,0.7808696638056218,0.7808696638056218,0.7808696638056218,166.419894,8.590659126639366e-5,8.590659126639366e-5,8.590659126639366e-5,207
Poisson,106,12-17,1.074125,1.9764352218334897,1.9764352218334897,1.9764352218334897,580.638349,1127.6459842193872,1127.6459842193872,1127.6459842193872,511
Poisson,106,18-44,0.735199,0.7739178387679339,0.7739178387679339,0.7739178387679339,4574.198534,11777.497809200548,11777.497809200548,11777.497809200548,3579
Poisson,106,45-64,0.750569,0.944289306904303,0.944289306904303,0.944289306904303,2904.440141,7766.124079799745,7766.124079799745,7766.124079799745,2993
Poisson,106,65+,0.681624,0.7775088564873371,0.7775088564873371,0.7775088564873371,691.602843,1098.5612090092618,1098.5612090092618,1098.5612090092618,870
Poisson,107,0-5,0.88127,0.35823567126917766,0.35823567126917766,0.35823567126917766,316.073606,455.73204023530707,455.73204023530707,455.73204023530707,356
Poisson,107,6-11,0.924214,0.3898508874327651,0.3898508874327651,0.3898508874327651,153.367272,5.765492096543312e-5,5.765492096543312e-5,5.765492096543312e-5,115
Poisson,107,12-17,1.072239,1.042158595398416,1.042158595398416,1.042158595398416,536.086786,1619.788386898581,1619.788386898581,1619.788386898581,380
Poisson,107,18-44,0.734992,0.38444668040260893,0.38444668040260893,0.38444668040260893,4266.725293,10989.388178778812,10989.388178778812,10989.388178778812,3985
Poisson,107,45-64,0.750934,0.47147706846069726,0.47147706846069726,0.47147706846069726,2718.237517,8862.610152272508,8862.610152272508,8862.610152272508,2028
Poisson,107,65+,0.682541,0.40800183211212593,0.40800183211212593,0.40800183211212593,649.66358,1137.615137029381,1137.615137029381,1137.615137029381,587
Poisson,108,0-5,0.879174,0.2226374422278362,0.2226374422278362,0.2226374422278362,291.796842,396.09774302714504,396.09774302714504,396.09774302714504,256
Poisson,108,6-11,0.922355,0.20555830915675743,0.20555830915675743,0.20555830915675743,141.328724,3.853254020214081e-5,3.853254020214081e-5,3.853254020214081e-5,92
Poisson,108,12-17,1.070249,0.5416546780222748,0.5416546780222748,0.5416546780222748,494.93229,1847.496865907684,1847.496865907684,1847.496865907684,516
Poisson,108,18-44,0.734703,0.20137896400621874,0.20137896400621874,0.20137896400621874,3979.284421,9311.434894962236,9311.434894962236,9311.434894962236,2839
Poisson,108,45-64,0.751212,0.24099271530814487,0.24099271530814487,0.24099271530814487,2543.52013,8514.873830499593,8514.873830499593,8514.873830499593,2727
Poisson,108,65+,0.683379,0.20935432004596213,0.20935432004596213,0.20935432004596213,610.145792,1069.7075846390799,1069.7075846390799,1069.7075846390799,479
Poisson,109,0-5,0.876996,0.17148963469665396,0.17148963469665396,0.17148963469665396,269.352107,332.4085565498099,332.4085565498099,332.4085565498099,238
Poisson,109,6-11,0.920412,0.11621066684726256,0.11621066684726256,0.11621066684726256,130.223243,2.551637589931488e-5,2.551637589931488e-5,2.551637589931488e-5,129
Poisson,109,12-17,1.068153,0.28123747009609573,0.28123747009609573,0.28123747009609573,456.904218,1784.4993343655951,1784.4993343655951,1784.4993343655951,510
Poisson,109,18-44,0.734332,0.11369590231133209,0.11369590231133209,0.11369590231133209,3710.532561,7335.803532355465,7335.803532355465,7335.803532355465,3936
Poisson,109,45-64,0.751402,0.13147392043871448,0.13147392043871448,0.13147392043871448,2379.559015,7271.001562201418,7271.001562201418,7271.001562201418,2021
Poisson,109,65+,0.684136,0.1230125466276056,0.1230125466276056,0.1230125466276056,572.906045,919.9028534584795,919.9028534584795,919.9028534584795,630
Poisson,110,0-5,0.874736,0.23057696092237964,0.23057696092237964,0.23057696092237964,248.597626,278.7849790053442,278.7849790053442,278.7849790053442,216
Poisson,110,6-11,0.918385,0.10285805308940714,0.10285805308940714,0.10285805308940714,119.976688,1.6717705875635147e-5,1.6717705875635147e-5,1.6717705875635147e-5,113
Poisson,110,12-17,1.065951,0.17508615916268386,0.17508615916268386,0.17508615916268386,421.755459,1533.055205753073,1533.055205753073,1533.055205753073,326
Poisson,110,18-44,0.733877,0.09741104879898459,0.09741104879898459,0.09741104879898459,3459.223492,5478.604947048239,5478.604947048239,5478.604947048239,3660
Poisson,110,45-64,0.751505,0.09777365385073997,0.09777365385073997,0.09777365385073997,2225.675271,5724.525392857846,5724.525392857846,5724.525392857846,2223
Poisson,110,65+,0.684813,0.11267285919348771,0.11267285919348771,0.11267285919348771,537.810079,745.9957572356216,745.9957572356216,745.9957572356216,357
Poisson,111,0-5,0.872393,0.2509603294631961,0.2509603294631961,0.2509603294631961,229.403323,241.8790013936814,241.8790013936814,241.8790013936814,258
Poisson,111,6-11,0.916275,0.11550471358354016,0.11550471358354016,0.11550471358354016,110.521164,1.0845251381397247e-5,1.0845251381397247e-5,1.0845251381397247e-5,78
Poisson,111,12-17,1.063643,0.14971293587336934,0.14971293587336934,0.14971293587336934,389.260177,1214.879144481849,1214.879144481849,1214.879144481849,430
Poisson,111,18-44,0.733339,0.10733429609093596,0.10733429609093596,0.10733429609093596,3224.200722,3958.259249858558,3958.259249858558,3958.259249858558,3644
Poisson,111,45-64,0.751518,0.10169668280860207,0.10169668280860207,0.10169668280860207,2081.236489,4257.115368145984,4257.115368145984,4257.115368145984,2613
Poisson,111,65+,0.685408,0.12387392507446973,0.12387392507446973,0.12387392507446973,504.732223,593.5858278817614,593.5858278817614,593.5858278817614,455
Poisson,112,0-5,0.869967,0.3706612962099929,0.34675184375525797,0.3706612962099929,211.649779,214.2670932598412,213.62701349472627,214.2670932598412,258
Poisson,112,6-11,0.91408,0.1583071676890859,0.15545433529391867,0.1583071676890859,101.794461,6.981659680604935e-6,6.981659680604935e-6,6.981659680604935e-6,105
Poisson,112,12-17,1.061227,0.17658452778756323,0.1656519408785282,0.17658452778756323,359.211796,911.9900074796751,911.3616673937067,911.9900074796751,345
Poisson,112,18-44,0.732717,0.1472579584601745,0.14454097522668188,0.1472579584601745,3004.390634,2819.751181039959,2819.751181039959,2819.751181039959,2642
Poisson,112,45-64,0.751442,0.13594586457466218,0.13501734349471672,0.13594586457466218,1945.653407,3050.133601310663,3050.133601310663,3050.133601310663,2226
Poisson,112,65+,0.685921,0.1701337340503288,0.16945448824195564,0.1701337340503288,473.554834,473.41644358838676,473.41644358838676,473.41644358838676,565
Poisson,113,0-5,0.867459,0.4274640046648969,0.36777376762391095,0.4274640046648969,195.227296,195.80558130214922,192.0148417686578,195.80558130214922,256
Poisson,113,6-11,0.911801,0.18859100185624772,0.181468871300221,0.18859100185624772,93.73954,4.4675543904304504e-6,4.4675543904304504e-6,4.4675543904304504e-6,72
Poisson,113,12-17,1.058705,0.2190374923803168,0.2095600637336074,0.2190374923803168,331.421179,661.9880318841897,659.105043752119,661.9880318841897,346
Poisson,113,18-44,0.73201,0.1789335347372422,0.17215055325531198,0.1789335347372422,2798.79614,2008.5365672558546,2008.5365672558546,2008.5365672558546,2383
Poisson,113,45-64,0.751275,0.17835412800691902,0.1766583826364365,0.17835412800691902,1818.376799,2143.491892346181,2143.491892346181,2143.491892346181,1989
Poisson,113,65+,0.686351,0.23581150128151665,0.2341157559110341,0.23581150128151665,444.167771,386.31525524763856,386.31525524763856,386.31525524763856,441
Poisson,114,0-5,0.864867,0.5865524591099502,0.5707903448148002,0.5865524591099502,180.035041,181.87107675056905,173.77372911036946,181.87107675056905,190
Poisson,114,6-11,0.909438,0.2960644195506043,0.2941837127312966,0.2960644195506043,86.304077,2.847053110599518e-6,2.847053110599518e-6,2.847053110599518e-6,129
Poisson,114,12-17,1.056074,0.3316085851239301,0.3179388449572863,0.3316085851239301,305.71501,472.30360938049853,467.39120185142383,472.30360938049853,307
Poisson,114,18-44,0.731218,0.2774099522703948,0.2756188029186732,0.2774099522703948,2606.490821,1444.3613457316533,1444.3613457316533,1444.3613457316533,2781
Poisson,114,45-64,0.751019,0.27460850716599355,0.2734475155354019,0.27460850716599355,1698.894558,1502.6283063162118,1502.6283063162118,1502.6283063162118,1410
Poisson,114,65+,0.686697,0.3573235213343351,0.3568741052192673,0.3573235213343351,416.467898,328.5582215983304,328.5582215983304,328.5582215983304,399
Poisson,115,0-5,0.862192,0.8288532089433741,0.7870893711450505,0.8393694194278692,165.980273,172.4195277732797,163.20230427128263,172.4195277732797,153
Poisson,115,6-11,0.90699,0.4303267695351497,0.42534358434330427,0.431581544649777,79.440042,1.8142163753509521e-6,1.8142163753509521e-6,1.8142163753509521e-6,75
Poisson,115,12-17,1.053337,0.42477179963371875,0.4240599160348837,0.4327294904739613,281.934324,336.0869460706599,330.1917911558412,336.0869460706599,286
Poisson,115,18-44,0.730341,0.39181405247642187,0.38706816181752146,0.3930090763951145,2426.613508,1077.6107461461797,1077.6107461461797,1077.6107461461797,1858
Poisson,115,45-64,0.750671,0.3559110958010633,0.3547246231363381,0.3565869544751661,1586.729004,1063.10145793017,1063.10145793017,1063.10145793017,1421
Poisson,115,65+,0.68696,0.44966807874491,0.44848160608018495,0.4499668347245832,390.358607,293.5862428729888,293.5862428729888,293.5862428729888,459
Poisson,116,0-5,0.859434,1.143372972366046,1.1226082897354495,1.228887524697986,152.977641,168.49961339100264,160.52587862988003,168.49961339100264,134
Poisson,116,6-11,0.904458,0.6984583749951754,0.6959807708176611,0.7086618158984184,73.103323,1.1580996215343475e-6,1.1580996215343475e-6,1.1580996215343475e-6,76
Poisson,116,12-17,1.050492,0.6614061278545392,0.6524396191439162,0.6628637622692882,259.9332,240.46122863842174,235.3270248444751,240.46122863842174,222
Poisson,116,18-44,0.729378,0.6361751392227369,0.6338155161965328,0.6458927019877302,2258.36329,863.811610089615,863.811610089615,863.811610089615,2280
Poisson,116,45-64,0.750232,0.5995572081702218,0.5987956690742511,0.6019865988614701,1481.434361,761.9377304883674,761.9377304883674,761.9377304883674,1517
Poisson,116,65+,0.687138,0.7718186525298498,0.7712287467732988,0.7742480432210982,365.749378,275.0669397233287,275.0669397233287,275.0669397233287,257
Poisson,117,0-5,0.856595,1.569860656927295,1.414001899440031,1.5968970219768615,140.948547,167.78267021127976,157.06419685995206,167.78267021127976,187
Poisson,117,6-11,0.901843,1.1544397229071812,1.13584293934336,1.1576656528278682,67.253379,7.404014468193054e-7,7.404014468193054e-7,7.404014468193054e-7,50
Poisson,117,12-17,1.04754,1.0456759169641392,1.043019233597879,1.0553204665894995,239.577569,174.02940260991454,169.72149450145662,174.02940260991454,208
Poisson,117,18-44,0.72833,1.047801272307764,1.0300900498660295,1.050873586517942,2100.994901,778.5726049803197,778.5726049803197,778.5726049803197,2227
Poisson,117,45-64,0.749702,0.9729560107169362,0.9685282051065025,0.9737751368495009,1382.59443,570.7126729153097,570.7126729153097,570.7126729153097,879
Poisson,117,65+,0.687231,1.0935246578178341,1.0890968522074005,1.0942927363703787,342.555365,277.63004467624705,277.63004467624705,277.63004467624705,321
Poisson,118,0-5,0.853673,2.16580892543929,2.1658089254363504,2.2728075911382124,129.820569,164.46843000338413,149.60133763612248,166.5097295229789,234
Poisson,118,6-11,0.899145,2.040384908122836,2.040384908089433,2.053151794371003,61.852934,4.754401743412018e-7,4.754401743412018e-7,4.754401743412018e-7,70
Poisson,118,12-17,1.044481,1.848748663361127,1.848748663358455,1.8569849081891272,220.744158,128.7331967810169,125.69886355288327,128.7331967810169,240
Poisson,118,18-44,0.727197,1.8232074251297088,1.8232074251269474,1.835366364413677,1953.814466,839.5336790457368,839.5336790457368,839.5336790457368,2061
Poisson,118,45-64,0.74908,1.638717017280125,1.638717017278878,1.6417567521011174,1289.820418,470.0580769511871,470.0580769511871,470.0580769511871,1544
Poisson,118,65+,0.687239,1.6121982924991063,1.6121982924979483,1.6152380273200984,320.697,291.77960492967395,291.77960492967395,291.77960492967395,305
Poisson,119,0-5,0.85067,3.7099732785282753,3.6745243092247457,3.7906636454283595,119.526931,152.0790748829022,139.83292061882094,159.0506509100087,114
Poisson,119,6-11,0.896363,3.7195496138811976,3.7144708627529086,3.729177441749958,56.867689,3.096647560596466e-7,3.0873343348503113e-7,3.1013041734695435e-7,68
Poisson,119,12-17,1.041317,3.3143954757529976,3.2714090468392896,3.318453457135618,203.319519,101.73383761383593,99.94474001321942,101.73383761383593,176
Poisson,119,18-44,0.725979,3.3170432732379247,3.313014981271615,3.3262126331129345,1816.175591,1178.359272067435,1178.359272067435,1178.359272067435,2096
Poisson,119,45-64,0.748366,2.89733121925726,2.893680317075548,2.8996235592260122,1202.748939,459.74678468937054,459.74678468937054,459.74678468937054,979
Poisson,119,65+,0.687161,2.4161038384126434,2.414538031377037,2.418396178381396,300.099633,312.46710633457405,312.46710633457405,312.46710633457405,436
Poisson,120,0-5,0.847586,2.2751021562368035,2.2415900152588577,2.310943365919005,110.006028,136.77336364169605,130.53990554786287,144.54137277929112,129
Poisson,120,6-11,0.8935,2.4719456109470657,2.4630940301664146,2.4856589800965474,52.266069,2.086162567138672e-7,2.0815059542655945e-7,2.100132405757904e-7,70
Poisson,120,12-17,1.038046,3.0107660305324537,2.9293436020721773,3.2059818045472515,187.199169,90.8797363131307,89.53844430344179,92.89958802843466,240
Poisson,120,18-44,0.724675,2.408999921452748,2.4017552310477925,2.4190780391526685,1687.475749,1893.8965834686533,1893.8965834686533,1893.8965834686533,1253
Poisson,120,45-64,0.74756,2.6247738713814006,2.6176860280696443,2.6407220386545656,1121.040146,631.4720195513219,631.4720195513219,631.4720195513219,1182
Poisson,120,65+,0.686998,2.1943902428393685,2.19127739070712,2.2001356910144976,280.693191,332.325746515824,332.325746515824,332.325746515824,217
Poisson,121,0-5,0.844423,1.4491882787597121,1.4457090668897485,1.479562388180254,101.200993,122.10801248229109,121.38635643222369,128.50358595349826,104
Poisson,121,6-11,0.890555,1.6039757303066355,1.596692891928819,1.6118830558166921,48.018993,1.5320256352424622e-7,1.5133991837501526e-7,1.5459954738616943e-7,82
Poisson,121,12-17,1.034671,2.148482083642678,2.0813819949762435,2.2375424396786325,172.286804,94.70350763620809,90.19512934237719,103.92806594166905,143
Poisson,121,18-44,0.723286,1.5938814302255362,1.5882926060559792,1.6001019206176064,1567.152957,2505.6961573436856,2505.6961573436856,2505.6961573436856,2364
Poisson,121,45-64,0.746663,1.805012563993058,1.7965763435041529,1.813322132791407,1044.37602,1114.798976618331,1114.798976618331,1114.798976618331,1234
Poisson,121,65+,0.686749,1.4683088513080267,1.4552951875385225,1.4772379797669701,262.411853,347.3868524439167,346.88789573381655,347.61320847581374,177
Poisson,122,0-5,0.84118,0.9935512212179447,0.9596221307606496,1.022239735290378,93.059298,109.32144893915392,107.94988661003299,114.60407336312346,79
Poisson,122,6-11,0.887529,1.086333048387159,1.079256082224581,1.093807891239191,44.099655,1.2200325727462769e-7,1.2014061212539673e-7,1.2386590242385864e-7,42
Poisson,122,12-17,1.031192,1.5448913811695262,1.485891424385137,1.629875633896903,158.493589,109.14402837725356,100.2232715236023,118.74702086346224,82
Poisson,122,18-44,0.721812,1.0779836847505806,1.072085708155159,1.0838356084609888,1454.682719,2839.1857874002308,2839.1857874002308,2839.1857874002308,1118
Poisson,122,45-64,0.745674,1.221456417867149,1.2153612020148001,1.2285665286038647,972.45877,1680.4375754664652,1680.4375754664652,1680.4375754664652,758
Poisson,122,65+,0.686414,0.982677034815742,0.9766412597149706,0.9919514343758775,245.193762,345.8559221299947,344.1109733203193,346.5378799169557,245
Poisson,123,0-5,0.837858,0.5677106836786782,0.5418660599247793,0.5928947514728886,85.532395,97.6126847686246,93.0941769531928,103.27441453724168,96
Poisson,123,6-11,0.884423,0.5876078158695635,0.5811414013943956,0.5948353664800722,40.483338,1.0011717677116394e-7,9.96515154838562e-8,1.0384246706962585e-7,63
Poisson,123,12-17,1.027609,0.9448881964590381,0.8940164417287598,1.0149903355324255,145.737521,126.75253455340862,116.3790852916427,138.30809439485893,124
Poisson,123,18-44,0.720253,0.584732160784867,0.57927506503308,0.5905009577736882,1349.575211,2885.008769597858,2885.008769597858,2885.008769597858,2249
Poisson,123,45-64,0.744593,0.6730257316197155,0.6651097501257067,0.6807985585252297,905.00937,2061.7889194693416,2061.7889194693416,2061.7889194693416,977
Poisson,123,65+,0.685993,0.5519784868648885,0.5349089805286452,0.5674690427763186,228.980744,326.3190344903269,324.9623301133979,327.96187831420684,260
Poisson,124,0-5,0.834459,0.38684476216780794,0.36602554125430425,0.41245132841516163,78.575391,86.47752069868147,79.65984819014557,93.17191518982872,75
Poisson,124,6-11,0.881238,0.3613058189107038,0.35518925323722034,0.368460578938616,37.147238,8.381903171539307e-8,8.149072527885437e-8,8.614733815193176e-8,50
Poisson,124,12-17,1.023924,0.6147513431039405,0.5644713336308338,0.6776375564633633,133.942846,139.45989767741412,129.7060273718089,151.64273805450648,152
Poisson,124,18-44,0.71861,0.35356644926463193,0.3483864137799464,0.3596749214383797,1251.372683,2644.3883917266503,2644.3883917266503,2644.3883917266503,915
Poisson,124,45-64,0.743421,0.3997007413992296,0.3924238437270601,0.40886282770162813,841.766194,2122.117941907607,2122.117941907607,2122.117941907607,798
Poisson,124,65+,0.685486,0.35411411175042457,0.3377951802495802,0.3783759644845813,213.718051,292.9940022174269,288.1564016479533,297.12335427006474,166
Poisson,125,0-5,0.830984,0.2942549827551685,0.2684456921801605,0.33562224489423975,72.146747,77.06818742095493,69.6378736004699,83.55889310850762,81
Poisson,125,6-11,0.877975,0.23779628502438016,0.2310567646936393,0.2453350864861626,34.070303,6.705522537231445e-8,6.51925802230835e-8,6.798654794692993e-8,19
Poisson,125,12-17,1.020138,0.45085591846232387,0.39864010651385834,0.4947719603639128,123.039536,141.23048057733104,130.84184130327776,151.67839353065938,162
Poisson,125,18-44,0.716884,0.23046020357002012,0.22468763132171893,0.2372547597387505,1159.647087,2232.0477122450247,2232.0477122450247,2232.0477122450247,876
Poisson,125,45-64,0.742158,0.2628333089133523,0.2545162556946514,0.2726405891464415,782.483763,1921.2020249571651,1921.2020249571651,1921.2020249571651,596
Poisson,125,65+,0.684892,0.2690705241654174,0.24837331707022994,0.2976082289871553,199.354122,256.76978243672056,248.36347676161677,265.959727780486,294
Poisson,126,0-5,0.827433,0.27464618915365535,0.24327009250803922,0.3097408806129338,66.208008,69.02026929170825,62.844128279713914,74.36030495003797,63
Poisson,126,6-11,0.874635,0.1909567593756879,0.18256497433424662,0.19941049702798674,31.233092,5.075708031654358e-8,4.936009645462036e-8,5.122274160385132e-8,36
Poisson,126,12-17,1.016252,0.3778946227621618,0.3211514411106172,0.42900855497608137,112.962808,134.66975122969598,125.37459949357435,144.18481907015666,147
Poisson,126,18-44,0.715074,0.18148086914197215,0.17393625961227857,0.189082700252986,1073.997876,1769.2679903339595,1769.2679903339595,1769.2679903339595,782
Poisson,126,45-64,0.740804,0.20584648514052423,0.19465757722157218,0.21717050095316007,726.931589,1591.6919116945937,1591.6919116945937,1591.6919116945937,629
Poisson,126,65+,0.684213,0.25260563019571874,0.2225748661148944,0.2857707331026282,185.840366,226.06345955346478,215.1839765633922,239.52824364538537,160
Poisson,127,0-5,0.823808,0.30464475705992033,0.2652060498110343,0.36655498618286175,60.723552,62.59955779858865,56.679326553829014,67.84018585411832,48
Poisson,127,6-11,0.871218,0.19313147983234635,0.18476124152705264,0.20419459680077598,28.617638,3.771856427192688e-8,3.585591912269592e-8,3.771856427192688e-8,26
Poisson,127,12-17,1.012266,0.37495895906013094,0.3334240921732128,0.4351553442246902,103.652698,123.27274864539504,113.78266990929842,131.79540217714384,96
Poisson,127,18-44,0.713181,0.1796302789298561,0.17205348728259084,0.18974837335305617,994.049992,1342.8002651240677,1342.8002651240677,1342.8002651240677,1437
Poisson,127,45-64,0.73936,0.19748364854950373,0.18710233809547958,0.21348749926011434,674.893101,1238.8575115562417,1238.8575115562417,1238.8575115562417,527
Poisson,127,65+,0.683448,0.2668231194883653,0.2380836117402766,0.3116887257991442,173.130951,204.8250889154151,192.1044141218299,218.794643830508,207
Poisson,128,0-5,0.82011,0.34083566619694206,0.2944847679088445,0.3901469459477147,55.66037,57.102011003298685,51.36887969216332,62.02210684563033,48
Poisson,128,6-11,0.867726,0.2149614013290394,0.2041562231772733,0.22624158034189262,26.207334,2.7008354663848877e-8,2.514570951461792e-8,2.7474015951156616e-8,29
Poisson,128,12-17,1.008184,0.44222327066419037,0.3846273074603042,0.5071283545082125,95.053661,110.1329688038677,99.40385395055637,119.65171076124534,104
Poisson,128,18-44,0.711206,0.20536676167823842,0.19550674257381412,0.21561454255344437,919.452012,993.3115229522809,993.3115229522809,993.3115229522809,753
Poisson,128,45-64,0.737825,0.23972866594762585,0.22531725896036303,0.25409264496777934,626.164663,926.0884631718509,926.0884631718509,926.0884631718509,493
Poisson,128,65+,0.682598,0.32296798280517025,0.28089817504246223,0.3618135054185381,161.182615,188.64055764267687,176.35853483196115,197.99555100419093,209
Poisson,129,0-5,0.81634,0.3816892763081454,0.3359950397363995,0.44907649625208385,50.987854,52.40745293931104,47.040222122799605,57.427230736473575,74
Poisson,129,6-11,0.864161,0.24681232531841074,0.23479718436970148,0.26024406730947597,23.986818,1.862645149230957e-8,1.7229467630386353e-8,1.955777406692505e-8,30
Poisson,129,12-17,1.004005,0.508875760435525,0.4476413171945987,0.5778381095893945,87.114221,97.97669674223289,88.45061992947012,108.13545748218894,77
Poisson,129,18-44,0.709149,0.23630184728280484,0.22543608128565745,0.24860403171694384,849.874446,723.9496956486255,723.9496956486255,723.9496956486255,542
Poisson,129,45-64,0.736201,0.27740209587090014,0.26122338323067995,0.29565372868674394,580.554668,682.5126196611673,682.5126196611673,682.5126196611673,494
Poisson,129,65+,0.681662,0.3725920880916581,0.32821716949316343,0.4249581148440246,149.954495,174.81412719603395,163.30971247749403,186.4467387003242,157
Poisson,130,0-5,0.812499,0.45466073719751,0.3902795142304059,0.532319247412027,46.677609,47.8170796635095,42.753444510977715,52.39629499102011,26
Poisson,130,6-11,0.860523,0.3067639004052752,0.2924734386646305,0.3229398827528212,21.941877,1.257285475730896e-8,1.1641532182693481e-8,1.3504177331924438e-8,18
Poisson,130,12-17,0.999731,0.6018298241864419,0.5241050214020889,0.6890105723588563,79.786639,86.93133512558416,78.68320399848744,95.30548285786062,101
Poisson,130,18-44,0.707012,0.29547009466363716,0.2825403901040353,0.31023177925366097,785.008172,526.0124209569767,526.0124209569767,526.0124209569767,718
Poisson,130,45-64,0.734487,0.3443583435735011,0.32568317054448526,0.3656153184311384,537.882695,504.176723823417,504.176723823417,504.176723823417,619
Poisson,130,65+,0.68064,0.43344226555741144,0.38259544594518213,0.49251001560001634,139.407956,161.23806931474246,150.72024077206152,172.29257608554326,159
Poisson,131,0-5,0.808589,0.5834414783986057,0.513595208212312,0.666122287935042,42.703286,42.97322019166313,38.503033133922145,47.71773434872739,49
Poisson,131,6-11,0.856814,0.4460153614016593,0.43027092243040826,0.46359951298559027,20.059354,8.381903171539307e-9,7.450580596923828e-9,9.313225746154785e-9,20
Poisson,131,12-17,0.995364,0.7901102530768098,0.7101855767019865,0.8915777342041948,73.026623,77.30127707030624,70.30936312815174,83.94521343987435,74
Poisson,131,18-44,0.704794,0.43455609518681787,0.4202389014477286,0.4504939731756586,724.562992,388.3028312763199,388.3028312763199,388.3028312763199,708
Poisson,131,45-64,0.732686,0.49997968614881994,0.4789368890192845,0.5236995134562278,497.978743,381.0407273378223,381.0407273378223,381.0407273378223,494
Poisson,131,65+,0.679534,0.5447540669799182,0.4853809726036095,0.6118176298223023,129.506448,147.10404513095273,136.6701443902566,157.74884861015016,145
Poisson,132,0-5,0.804612,0.7498810488706263,0.6800483853695657,0.8370464390030842,39.040421,38.50636772811413,34.21958261705004,43.413389437133446,45
Poisson,132,6-11,0.853034,0.644869662519252,0.6290209660178541,0.6629541300592022,18.327067,5.587935447692871e-9,5.122274160385132e-9,6.05359673500061e-9,18
Poisson,132,12-17,0.990905,1.032902320256007,0.9477833415779765,1.1368715174458295,66.793057,68.87064362317324,62.259324117098004,74.83845049561933,63
Poisson,132,18-44,0.702497,0.6323979844792599,0.6180726300821272,0.6486514114701154,668.266317,301.40687401313335,301.40687401313335,301.40687401313335,658
Poisson,132,45-64,0.730796,0.7174707081186034,0.6971459536765421,0.7406642721763763,460.68252,306.67730797221884,306.67730797221884,306.67730797221884,627
Poisson,132,65+,0.678343,0.688102251370667,0.6314725883061068,0.7539484701473905,120.215363,131.1869282941916,122.12298416148406,141.34277373418445,141
Poisson,133,0-5,0.800568,1.0994713101891163,1.0246604044118015,1.1855394731837343,35.66629,34.083864375250414,30.05983106745407,38.63748075813055,29
Poisson,133,6-11,0.849187,1.0751271034831014,1.0374869491207293,1.0992742640759001,16.733732,3.725290298461914e-9,3.259629011154175e-9,4.190951585769653e-9,18
Poisson,133,12-17,0.986356,1.537192490784964,1.4161951947106264,1.6564396393982932,61.047753,61.590767668094486,55.241443627048284,67.06990467058495,66
Poisson,133,18-44,0.700121,1.0667878864758427,1.021372173312158,1.0933499304573173,615.861947,257.73728928901255,257.73728928901255,257.73728928901255,531
Poisson,133,45-64,0.728819,1.208506086306413,1.1362482744697027,1.2505110356836966,425.842792,274.1533634569496,273.50771225010976,274.6912615816109,437
Poisson,133,65+,0.677069,1.0228509982839775,0.9464662225230215,1.092877808057332,111.501909,114.68400030664634,105.89599220303353,123.96677066583652,135
Poisson,134,0-5,0.796459,1.5397902365307914,1.4722807677477157,1.6276144662496548,32.559783,29.830130613874644,25.878194914665073,34.069887516321614,34
Poisson,134,6-11,0.845272,1.5234681038620443,1.4757531660921472,1.56081586722524,15.268889,2.3283064365386963e-9,1.862645149230957e-9,2.7939677238464355e-9,14
Poisson,134,12-17,0.981719,1.762358390580207,1.6251897865030285,1.9040737873716254,55.75523,55.52485045418143,49.78615361452103,60.53076153388247,40
Poisson,134,18-44,0.697667,1.4258028238222984,1.365738246598046,1.4714345970544376,567.108956,259.2494773035869,259.2494773035869,259.2494773035869,600
Poisson,134,45-64,0.726755,1.4112698459257917,1.3129537618396006,1.485527097335787,393.316777,278.9132406776771,274.0747028826736,281.81870238063857,368
Poisson,134,65+,0.67571,1.1398199354531895,1.0474176136881512,1.225650184769837,103.334991,98.53679547377396,90.032987947925,107.13819911109749,91
Poisson,135,0-5,0.792287,2.4500599946190684,2.390342077562498,2.5243731072130275,29.701277,25.918384157354012,22.399092802545056,29.891585861565545,31
Poisson,135,6-11,0.841291,2.4375149383762156,2.4061279102261066,2.475603860963975,13.922849,1.862645149230957e-9,1.3969838619232178e-9,1.862645149230957e-9,15
Poisson,135,12-17,0.976995,2.2317217140043826,2.134443724696713,2.3535464147228584,50.88251,50.09369163773954,44.23506118962541,55.86746727209538,76
Poisson,135,18-44,0.695137,2.162553012454333,2.1238041856462613,2.2131789350454345,521.780665,330.3368728477508,330.3368728477508,330.3368728477508,497
Poisson,135,45-64,0.724606,1.8428325586824428,1.7803010852150098,1.9275805167778066,362.969601,290.07575898384675,276.4152170144953,296.7305170428008,302
Poisson,135,65+,0.674269,1.4126249665764374,1.3472626524150622,1.4877937593393737,95.685104,84.0354792511207,76.15941256139195,91.95194180228282,93
Poisson,136,0-5,0.788053,1.7156235989063933,1.6652643019151854,1.781720474471986,27.072531,22.819517199881375,19.527911853510886,26.46097087021917,24
Poisson,136,6-11,0.837247,1.6895612215362488,1.659859017476866,1.7211799347254972,12.686625,9.313225746154785e-10,9.313225746154785e-10,1.3969838619232178e-9,18
Poisson,136,12-17,0.972187,1.6382378304604828,1.5416853008332994,1.7479808745886525,46.398926,45.29852284537628,40.061830619350076,51.116430659778416,31
Poisson,136,18-44,0.69253,1.5122854386976405,1.4725453300732139,1.5517438096621732,479.663699,489.4466293537989,489.4466293537989,489.4466293537989,533
Poisson,136,45-64,0.722372,1.3287076175292736,1.2616769970600727,1.3936013024651277,334.673781,292.57035402813926,277.71512559615076,303.8069913322106,309
Poisson,136,65+,0.672745,1.0526283251566415,0.9920184340782221,1.1216469430055542,88.524231,73.00367044698214,66.04270821687533,80.46750653500203,62
Poisson,137,0-5,0.783759,1.3190511696313618,1.2754599198447685,1.3739268932589637,24.656583,20.96009782492183,17.916846030164745,24.575915104709566,28
Poisson,137,6-11,0.83314,1.2887929760076355,1.263568281394679,1.3222338338924224,11.551884,9.313225746154785e-10,4.656612873077393e-10,9.313225746154785e-10,16
Poisson,137,12-17,0.967295,1.3027912071447316,1.220194091606261,1.403481877118189,42.275956,41.74464534828439,36.54326543956995,47.227948491927236,65
Poisson,137,18-44,0.689849,1.1604310065539647,1.1290260824977252,1.2026591711828134,440.557122,637.1524244351313,637.1524244351313,637.1524244351313,677
Poisson,137,45-64,0.720053,1.0431886464895221,0.9914870595718024,1.112786997120977,308.308765,288.4546473152004,273.41370686516166,303.10691356891766,265
Poisson,137,65+,0.671138,0.8575786407804162,0.799443010261219,0.9272567855064704,81.825754,66.09153064305428,59.70748805382755,73.158221548656,70
Poisson,138,0-5,0.779407,1.0493645005550847,1.007898459769309,1.0986507876754856,22.437656,20.391287201549858,17.36451174854301,23.928537245607004,21
Poisson,138,6-11,0.828972,1.0149442715242207,0.9897054278497899,1.0396771011351855,10.5109,4.656612873077393e-10,4.656612873077393e-10,9.313225746154785e-10,13
Poisson,138,12-17,0.962323,1.0616691012970225,0.9854201904880219,1.1444760726634047,38.487065,38.89397996477783,34.08691127598286,44.44387286156416,35
Poisson,138,18-44,0.687094,0.9193075704212412,0.8869212960331598,0.9501727526221437,404.271635,727.4382721018046,727.4382721018046,727.4382721018046,493
Poisson,138,45-64,0.717652,0.8440163037038855,0.7902712669040525,0.8949592975393137,283.760499,285.42501146905124,267.83120454335585,299.95126832230017,298
Poisson,138,65+,0.669451,0.7155984380578264,0.6619834473687254,0.7747053900894999,75.564369,63.200655704014935,56.877156023168936,70.03423034743173,52
Poisson,139,0-5,0.774999,0.6901794494809461,0.6515497218215677,0.7381129026116959,20.401075,20.261988683836535,17.308162075001746,23.795565504813567,19
Poisson,139,6-11,0.824745,0.6460528731078843,0.6290573842191217,0.6708400666547966,9.556504,4.656612873077393e-10,0.0,4.656612873077393e-10,3
Poisson,139,12-17,0.957272,0.7839802635808399,0.7193905437821889,0.8625191548835005,35.00756,36.23983421642333,31.81566288555041,41.35595295019448,40
Poisson,139,18-44,0.684266,0.6001816581211461,0.5802871878534768,0.6325323232541722,370.628847,747.9390766583383,747.9390766583383,747.9390766583383,395
Poisson,139,45-64,0.715168,0.5965621048043994,0.5640912329402195,0.6506267716275888,260.921034,276.75547602027655,264.421283820644,289.33656695857644,246
Poisson,139,65+,0.667682,0.5449273149907494,0.49985755658596054,0.6004699810386305,69.716007,61.577970124955755,55.36036620975938,68.3685170468525,67
Poisson,140,0-5,0.770536,0.517099022662229,0.478313109066391,0.5664932691322623,18.533188,19.801969009451568,16.847639293177053,23.335386412683874,11
Poisson,140,6-11,0.82046,0.4673379028204667,0.44568853301014977,0.4970560559303826,8.682046,4.656612873077393e-10,0.0,4.656612873077393e-10,5
Poisson,140,12-17,0.952143,0.6411399189034743,0.5722857619543968,0.7264245549532198,31.814459,33.28708032844588,28.845989354420453,37.92875138716772,22
Poisson,140,18-44,0.681367,0.4453979314172579,0.4185925954423753,0.48376619463655224,339.460598,694.9166163904592,694.9166163904592,694.9166163904592,291
Poisson,140,45-64,0.712603,0.47447929468734656,0.43037071063758386,0.5382585324142863,239.688162,259.7101639569737,250.90230322768912,275.03934706468135,330
Poisson,140,65+,0.665834,0.4567371642057304,0.40728987182245857,0.5183846532450666,64.257765,59.64282134803943,53.547474887396675,66.21591066860128,82
Poisson,141,0-5,0.766019,0.3901329619959322,0.34988945471128713,0.43963229017178607,16.821292,18.983400439610705,16.12946320208721,22.331668702652678,24
Poisson,141,6-11,0.816119,0.341818452558028,0.31816863673422996,0.36546574070647847,7.88136,4.656612873077393e-10,0.0,4.656612873077393e-10,8
Poisson,141,12-17,0.94694,0.5548758304477355,0.4840805935127683,0.6329585113444404,28.886373,30.026164184324443,26.052211619447917,34.31599644292146,37
Poisson,141,18-44,0.678397,0.3413538850491319,0.3111818756198137,0.3705801251668611,310.608334,594.6927331574261,594.6927331574261,594.6927331574261,276
Poisson,141,45-64,0.709958,0.4057035975712819,0.3555208006701409,0.4538280830191638,219.96508,238.80571489874274,227.92974599730223,254.8079776368104,195
Poisson,141,65+,0.663906,0.4138424347370794,0.3607777998434969,0.47035854973446584,59.16784,56.80366135528311,50.88719269365538,63.230391269142274,45
Poisson,142,0-5,0.761452,0.36351899237637963,0.31330406530045274,0.418696901172128,15.253572,17.808831852627918,15.109610134270042,20.982419134583324,14
Poisson,142,6-11,0.811725,0.32388574348303645,0.28614681561639066,0.35665702001502175,7.148721,0.0,0.0,4.656612873077393e-10,5
Poisson,142,12-17,0.941664,0.5607496973265628,0.48757683259644874,0.6504682995180975,26.203389,26.877764524891973,23.239123755134642,30.825331993866712,21
Poisson,142,18-44,0.675358,0.3330564087634543,0.29552379374947146,0.3747767931831198,283.92254,478.05251984577626,477.38289070595056,478.05251984577626,191
Poisson,142,45-64,0.707233,0.41970385888286965,0.36695652544858215,0.48736863424545585,201.66009,219.43283272255212,200.03321951581165,231.6965342485346,197
Poisson,142,65+,0.661899,0.4327644365777368,0.3759205236879955,0.5011687674248724,54.42547,53.79893352295039,48.16350782796508,60.01994463248411,32
Poisson,143,0-5,0.756835,0.41067024246858197,0.3592467442544007,0.47118450543422824,13.819034,16.261968560749665,13.704971858742647,19.22723984811455,15
Poisson,143,6-11,0.807278,0.3780936282081884,0.34075838953938736,0.41187257422481305,6.478823,0.0,0.0,4.656612873077393e-10,3
Poisson,143,12-17,0.936317,0.6134774493502155,0.5315303422074127,0.706197766346161,23.746972,23.623519457876682,20.312417907640338,27.26541461609304,20
Poisson,143,18-44,0.67225,0.3858465968626323,0.34428039349244616,0.4273948575295997,259.262205,369.589550729841,366.38867349084467,369.589550729841,215
Poisson,143,45-64,0.70443,0.4747914035753025,0.4112284278461073,0.542135005559985,184.686306,199.6074488107115,180.34986117621884,214.31119280681014,169
Poisson,143,65+,0.659815,0.4748455452760611,0.41222270547927614,0.5449916511557008,50.01088,49.91980962373782,44.53427950234618,55.90147254084139,70
Poisson,144,0-5,0.752171,0.4400069820739697,0.3875853084022059,0.5058209164791054,12.507451,14.439114659558982,12.065296228043735,17.191199681255966,18
Poisson,144,6-11,0.802781,0.41195757677281675,0.3759564001691366,0.44772090720129243,5.86674,0.0,0.0,0.0,3
Poisson,144,12-17,0.930902,0.6439272270969941,0.5537056641067958,0.7439288242368183,21.499872,20.394058745354414,17.410872417036444,23.76103136083111,22
Poisson,144,18-44,0.669076,0.41820986524749526,0.3753662490412497,0.46283156840750234,236.494338,282.3469855664298,276.7980234026909,282.3469855664298,194
Poisson,144,45-64,0.701551,0.5085602556277244,0.4405619896609898,0.5809220629978425,168.961403,181.43280895613134,166.8986174846068,196.9345327951014,217
Poisson,144,65+,0.657654,0.5019546939128885,0.43194233530282544,0.5787325643054331,45.905229,45.42892374971416,40.419659233943094,50.824681956728455,34
Poisson,145,0-5,0.747461,0.5698614192702103,0.4657539211872711,0.6512294833922377,11.309312,12.498471484519541,10.264432959025726,15.127356530167162,14
Poisson,145,6-11,0.798236,0.551896196762425,0.4564980475892995,0.5947507328479701,5.307907,0.0,0.0,0.0,8
Poisson,145,12-17,0.925421,0.7399287613137797,0.632572925753349,0.8581846006401159,19.446032,17.342438449151814,14.647340244147927,20.50992320245132,20
Poisson,145,18-44,0.665837,0.5379324996577153,0.45066728224923785,0.5922230777887451,215.493513,218.54303454235196,210.807680320926,218.54303454235196,196
Poisson,145,45-64,0.698596,0.6010285328894727,0.515073109380361,0.6880275831435583,154.407369,164.24868616787717,153.4578249361366,178.23945035785437,185
Poisson,145,65+,0.655417,0.5665461205008376,0.486111922888245,0.6562914567584948,42.090568,40.67253753572004,36.008617064217106,45.74777902930509,40
Poisson,146,0-5,0.742708,0.5678832417121522,0.4959326898396013,0.678360406919042,10.215773,10.619625829858705,8.518679828150198,13.110309621319175,7
Poisson,146,6-11,0.793643,0.5515191680495448,0.5033154896884446,0.6396199485607353,4.798089,0.0,0.0,0.0,6
Poisson,146,12-17,0.919875,0.7829548867968414,0.6641983300954707,0.9198162703020387,17.57051,14.669627868104726,12.120296795282048,17.680009573383717,16
Poisson,146,18-44,0.662533,0.5543001468539401,0.4932659160759501,0.6385893633816281,196.141451,176.8961252560839,166.68087237142026,176.8961252560839,173
Poisson,146,45-64,0.695566,0.6465036032755704,0.5526925376011116,0.7504396785665456,140.950286,148.82770227873698,138.0723079922609,160.83314115786925,131
Poisson,146,65+,0.653105,0.6020124115667596,0.5103013477060085,0.7058503896510246,38.549793,36.1931874207221,31.76394301687833,41.10334412463123,48
Poisson,147,0-5,0.737913,0.6897001492599318,0.6038148897589632,0.8535317605916988,9.218612,8.890026807785034,6.912776236888021,11.308182758046314,8
Poisson,147,6-11,0.789006,0.6831220619523416,0.619443349874211,0.8334557589990997,4.333361,0.0,0.0,0.0,7
Poisson,147,12-17,0.914269,0.9085973344950284,0.7594475640815089,1.1031254798027839,15.859408,12.37457501119934,9.94347610976547,15.337737149989692,7
Poisson,147,18-44,0.659167,0.6787720660614707,0.5970765814146399,0.8180537341915896,178.326635,147.89742971770465,141.21295879036188,147.89742971770465,249
Poisson,147,45-64,0.692463,0.7673488261785781,0.6420954879509643,0.9355765595556439,128.520122,135.5280896089971,125.48740638699383,145.54683341598138,104
Poisson,147,65+,0.650718,0.6885334462124872,0.5703474623798515,0.8385752919679276,35.266612,32.0818910318776,27.612730357446708,37.11376208951697,24
Poisson,148,0-5,0.733079,0.8183326070768551,0.6302797936574444,1.0598760458189498,8.310187,7.385047726798803,5.52395493700169,9.818379109108355,7
Poisson,148,6-11,0.784327,0.8220047383403578,0.6391437279901395,1.0580236960432476,3.910085,0.0,0.0,0.0,4
Poisson,148,12-17,0.908603,1.0175124484070164,0.7996802772245719,1.2806267724762477,14.299798,10.419831758365035,8.053576386522035,13.491491665132344,11
Poisson,148,18-44,0.65574,0.7995573574226268,0.6261734511516611,1.0153417589584663,161.943946,129.29076699074358,127.90825026202947,130.77071751095355,156
Poisson,148,45-64,0.689288,0.8675181282390375,0.6760506980976266,1.1035893813733104,117.050545,125.26491159107536,113.89226373890415,135.98554783966392,134
Poisson,148,65+,0.648259,0.7607460854726471,0.5965219228411759,0.9605287350753111,32.225503,28.212957073934376,23.543443617061712,33.64368736954347,29
Poisson,149,0-5,0.728208,0.8463350019875886,0.6052700276877555,1.1876132587103083,7.4834,6.1792874676175416,4.395966042735381,8.706070569343863,8
Poisson,149,6-11,0.779606,0.8505099494571629,0.6128246232188453,1.192837011970604,3.524892,0.0,0.0,0.0,5
Poisson,149,12-17,0.90288,1.0452545834033782,0.777536132318062,1.3926196755238867,12.87966,8.790072995470837,6.464972043875605,12.063791918568313,10
Poisson,149,18-44,0.652252,0.826463313395901,0.6020994530104258,1.1331347581928806,146.894326,118.84918003436178,111.9166798838647,130.54213657975197,169
Poisson,149,45-64,0.686043,0.8919159263864551,0.6528217027289586,1.2111057170899708,106.478739,117.89698858279735,102.82250282171881,135.14098749356344,134
Poisson,149,65+,0.645728,0.7790465568155728,0.5791809763647903,1.0400940154605365,29.411685,24.76489830200444,19.775153178721666,30.975747171508555,27
NB20,1,0-5,1.339049,1.3174762017056632,1.0559238499078396,1.6349528219955816,330.93133,335.08775621815414,313.05412295194856,354.98581373592833,495
NB20,1,6-11,2.311691,1.9294091040424548,1.706421841342539,2.24450027197751,263.808763,275.1054478425882,245.3585636204814,280.03240235009054,252
NB20,1,12-17,1.442413,1.245221734336703,1.0130423467653826,1.517217439402588,106.22455,105.045925627275,92.62648688999703,115.16060759239998,107
NB20,1,18-44,0.716412,0.7320625106512879,0.5969233902607185,0.9007783872780031,378.044663,378.6768991853195,356.5512429243088,403.45410534517225,311
NB20,1,45-64,0.585959,0.6200374616784731,0.5009953701921094,0.764431526170995,166.399298,165.83211115957332,150.6550425394505,180.60369294093522,161
NB20,1,65+,0.477594,0.5213103841573019,0.4218943047076004,0.6416459138459452,120.274235,120.27244539403132,108.54629059088678,133.60286739337084,92
NB20,2,0-5,1.349362,1.345047101014948,1.1138990225983063,1.622374047120639,328.081813,327.37163574359914,303.82001903144777,353.2144672839478,426
NB20,2,6-11,2.32493,2.143257141370202,1.9169962660696696,2.5020581713499537,319.737799,304.3183694732649,276.5493902812492,311.9525420981896,492
NB20,2,12-17,1.454397,1.3123241519038142,1.09630198033668,1.5655456612975338,114.303266,106.62982602902646,96.72743020112189,117.33764846388183,92
NB20,2,18-44,0.722411,0.7420487343882514,0.6286662974506277,0.886400206281223,387.435862,396.7549830221652,363.0249237294904,437.59676314289754,395
NB20,2,45-64,0.591069,0.6206212568386407,0.5208861945840796,0.7415238042308211,160.825,163.49202523102832,149.22685490786333,180.31819001471686,123
NB20,2,65+,0.481464,0.5188864912297917,0.43573058459004865,0.6180752649278891,105.073442,106.52036092576267,97.47987630806,116.74964405881619,159
NB20,3,0-5,1.35966,1.3698556150870693,1.1527698189356053,1.626688442604007,325.648649,320.19949682242395,287.2571752437018,361.2044892380477,253
NB20,3,6-11,2.337983,2.310710478959245,1.9654288213063722,2.7416289352652665,404.900079,364.1923895303903,325.14271745251403,374.5013424040569,447
NB20,3,12-17,1.466397,1.3745483365238544,1.1513364389392762,1.617633070622811,126.230268,110.05860989917565,96.738955954797,125.85828313629423,116
NB20,3,18-44,0.728456,0.7593018886090527,0.6499545313508388,0.8917448677634336,403.551557,412.2348046212634,358.11922569855847,481.8442581744587,375
NB20,3,45-64,0.596248,0.6283082323855081,0.5353695582927038,0.7384916144846259,154.978536,160.02729482960814,140.09880286189366,183.28852484384396,140
NB20,3,65+,0.485405,0.5217734160447505,0.445133369588626,0.6102187902042113,86.724254,89.14917264892057,80.99535499447938,99.38557972332916,83
NB20,4,0-5,1.369933,1.3911257146049265,1.1761705702555354,1.6381513080311467,325.535413,314.54129708634525,273.0953425742289,367.7072665738158,477
NB20,4,6-11,2.350811,2.412145660152788,2.035725710188944,2.8478771628357813,511.765541,449.0744092745806,396.2904975317597,489.95505555365673,503
NB20,4,12-17,1.478402,1.4135082569968105,1.1974606372102519,1.6679192091911565,140.616838,116.66139136613708,98.63016285515886,137.79146066967456,136
NB20,4,18-44,0.734541,0.7737108813711637,0.66491094859933,0.9018533201598311,426.652422,425.1375914520074,358.35587831118255,512.9458036819497,329
NB20,4,45-64,0.601493,0.6361597369277083,0.5458652130443176,0.7414919918510899,151.630782,157.5473179232414,133.22701026385818,184.9224994999862,161
NB20,4,65+,0.489412,0.5244391701521578,0.45202300239509424,0.6078336181814145,70.729754,73.27327865154169,65.3137669020856,84.20541096732012,48
NB20,5,0-5,1.380172,1.4281045248898154,1.2047981910294931,1.6900879623469247,328.803048,312.70150843994406,265.7643767209154,373.61954329932405,252
NB20,5,6-11,2.363382,2.443914285344068,2.070989174602576,2.903518981915116,641.288651,561.9458297366245,490.65389956795,642.8054287354164,665
NB20,5,12-17,1.490403,1.4547951182471204,1.229029339073351,1.7165764140344446,157.442095,125.65422866301765,103.0379868217326,150.6028888817342,142
NB20,5,18-44,0.740661,0.7856024408305067,0.6769227385368589,0.919636681690728,458.18697,444.9915261859196,368.7867217350447,543.1667052058162,424
NB20,5,45-64,0.606798,0.642547641011893,0.5517003049484998,0.7501253635413079,151.953184,156.04139480707016,129.52237880412565,186.42806616472956,122
NB20,5,65+,0.493482,0.5258235553967863,0.4547681370279294,0.609827620032929,58.632153,60.89388013318177,52.64239152324933,72.00639342785958,51
NB20,6,0-5,1.390367,1.4585030327669806,1.230869581824438,1.7374625440971387,336.258969,314.164124878763,265.2582712404428,381.53948294134625,299
NB20,6,6-11,2.375661,2.4496766611915417,2.0531764753074526,2.8882371717550686,797.509134,704.7340181241971,603.1269926768923,826.4297268897999,736
NB20,6,12-17,1.502389,1.4972704563506616,1.2645062491298003,1.7789257267100602,177.211626,137.79295345741468,112.02129566322219,167.2592040363453,128
NB20,6,18-44,0.746809,0.7907274663400121,0.6846807348935822,0.9182234245142851,500.142645,486.264669914211,405.72446351303915,594.6381584754972,507
NB20,6,45-64,0.612161,0.6428575015785092,0.5541181413777518,0.7466558580534449,156.522133,157.0491597546146,129.7585687888236,188.1496471809999,176
NB20,6,65+,0.497614,0.5225857817253137,0.4535899866940732,0.6023102347900936,50.434243,51.982451634583185,43.47898586651752,62.801701381338546,72
NB20,7,0-5,1.400506,1.4901611163744684,1.2539308649132004,1.7726833124276131,348.722026,325.6578066844413,273.62165212226387,397.59299964202273,264
NB20,7,6-11,2.387607,2.427282424781711,2.0349506039166374,2.8984534458068447,986.178421,876.94129714871,742.6372898415584,1042.1847563696992,798
NB20,7,12-17,1.514351,1.5475934336140469,1.3079149545902435,1.8461568472645826,200.705671,155.87035492084715,126.27068179728838,191.19851927672732,164
NB20,7,18-44,0.75298,0.7923197737106333,0.6821447137785,0.9198844345347824,554.951997,544.4372673872635,454.1435156071311,665.9628751565933,612
NB20,7,45-64,0.617576,0.6414480440044583,0.5517798019251462,0.743471682702469,165.778997,161.42463323564266,133.77579138538812,193.98195126223936,227
NB20,7,65+,0.501802,0.5184941274707071,0.44944328028300784,0.5968758047073578,45.661614,46.14370728117217,37.59355128717588,56.819538655980864,61
NB20,8,0-5,1.410578,1.5031582486062045,1.2693983572228937,1.795024730895798,367.150294,347.52061914227943,291.0075165623848,419.6676320728902,291
NB20,8,6-11,2.399174,2.40523674405865,2.020310400451924,2.8584672285720742,1214.55463,1080.6543854609818,909.1155780631261,1285.2094641375816,1550
NB20,8,12-17,1.526277,1.6097152757823983,1.356920299770029,1.9121357532831214,228.921981,182.9333998752968,149.57835106827122,223.08331677757513,115
NB20,8,18-44,0.759166,0.79308802475957,0.6867809823162461,0.9194384723356676,625.557947,618.8674294813732,515.7198462212991,763.0266470885072,532
NB20,8,45-64,0.62304,0.6436710793481302,0.5570273605888345,0.7453656765069456,180.240433,169.94155295868677,141.022727514782,203.35400648085442,125
NB20,8,65+,0.506044,0.5187722438045692,0.4517888237000133,0.5961083458728215,43.799297,43.10700477307728,34.710346672298556,53.896674339964875,27
NB20,9,0-5,1.420567,1.50027426150514,1.2634491617910224,1.775543815386864,392.719535,381.6135581478534,319.0970661314268,458.9407224812453,518
NB20,9,6-11,2.410305,2.4267044771844795,2.0419177601969736,2.9099513961234966,1491.567128,1321.9986713369144,1109.2382875939766,1586.8336681263818,889
NB20,9,12-17,1.538152,1.6560349376468189,1.3993935446765802,1.9649045155429707,263.089568,221.1449658592095,182.54376684209547,268.81673042709053,230
NB20,9,18-44,0.765359,0.7971836520408737,0.6894693728641629,0.932471360547224,715.545323,714.2953944161095,596.3823769178239,865.0832654504252,879
NB20,9,45-64,0.628547,0.6491601122434004,0.5612310854799368,0.7557376841506958,200.604819,183.97293129969353,153.06398223731276,221.77083260929226,175
NB20,9,65+,0.510336,0.5234739656438765,0.455515779922608,0.6033859982250762,44.451362,43.114171182773816,34.55006826125987,53.944744449288464,31
NB20,10,0-5,1.430456,1.4974755881029278,1.2542045849621613,1.7777973801365963,426.889988,425.9985534298394,357.52729186218085,512.8075582297124,497
NB20,10,6-11,2.420932,2.455327621469285,2.0546687966014376,2.9496940318319393,1828.130648,1607.9386224723366,1356.7974060003735,1943.6152543738935,1552
NB20,10,12-17,1.549963,1.6645044898940358,1.4017338144694862,1.9783742125916166,304.714202,274.2830344373233,228.6322586451413,334.2953688868977,361
NB20,10,18-44,0.771548,0.802532745795252,0.6915111275553342,0.9299229230283025,829.317096,844.4495238037871,692.5229157863769,1014.575806699253,607
NB20,10,45-64,0.634091,0.6562986728436466,0.5662757491374109,0.7592288794534167,227.82135,207.74979015649592,171.50029078134253,250.4921329105548,219
NB20,10,65+,0.514671,0.5307807719151789,0.46221920448295245,0.6089602466844889,47.385134,46.10472664076508,37.32480902339728,57.880364647799524,55
NB20,11,0-5,1.440226,1.5046071791344133,1.2660840086222325,1.7881593081234495,471.477637,475.1521639376642,394.4533247143154,576.2697434891788,435
NB20,11,6-11,2.430973,2.481464200946936,2.0650538547137245,2.978179102414613,2237.552162,1979.123886887669,1655.6298895660875,2395.3579285765686,2236
NB20,11,12-17,1.56169,1.6606918780448345,1.4061827007431165,1.9713626707276855,355.644121,337.5421076153625,281.09827940737296,408.26992080481637,261
NB20,11,18-44,0.777724,0.8027925516100745,0.6950325324422975,0.9348645766271522,972.312685,983.2553636337134,811.8678184323608,1191.2588749455354,1122
NB20,11,45-64,0.639665,0.6597049386882873,0.571189895729955,0.7661620979430114,263.151482,238.55437503829398,197.91846539587004,286.803234193957,168
NB20,11,65+,0.519046,0.5370913264242769,0.4686954400344735,0.6173773441145886,52.533007,51.364259049318775,41.72875967418338,64.5115660595211,53
NB20,12,0-5,1.449854,1.5185133932398704,1.281217328544723,1.8071784397122546,528.737681,538.6333189762358,445.3338029738984,652.4720407545901,499
NB20,12,6-11,2.44033,2.4998264016228546,2.081062965452053,3.014184271236088,2736.019,2446.692256723847,2031.3901825511712,2944.795588537805,1977
NB20,12,12-17,1.573314,1.6418291531865563,1.393292149596194,1.9509883255391922,418.153866,408.9168582673051,341.2932868089961,495.1257166380617,534
NB20,12,18-44,0.783872,0.8003270930257328,0.6953255696673227,0.9314839750668288,1151.272675,1157.1665612486904,960.8204062196128,1393.9708044106956,993
NB20,12,45-64,0.645262,0.6602005396515964,0.5728693438448088,0.7651540843921895,308.236594,281.3220385283221,234.44374377015083,340.7000925825914,299
NB20,12,65+,0.523452,0.5426973880397714,0.4745294627516118,0.6227621356277291,59.98351,59.09948426652056,48.33485864946795,73.46862412939743,43
NB20,13,0-5,1.459311,1.51514015810596,1.2713776717890308,1.8028836714783667,601.464871,620.5461133861095,516.1920114966179,746.7064763757598,591
NB20,13,6-11,2.448882,2.4797957928759287,2.0607323686122894,2.96059648581072,3343.167296,3023.315865622706,2532.559512841117,3647.694117863237,2778
NB20,13,12-17,1.584811,1.6245528122615118,1.3669120396885495,1.927913805299596,495.047755,493.34528131130264,410.6358323070476,593.7965446466615,489
NB20,13,18-44,0.789978,0.7872720104693828,0.6839235856044767,0.9177275861079924,1374.557951,1351.3160213242154,1127.3449913482964,1605.84680263283,1762
NB20,13,45-64,0.650872,0.6521847986206396,0.5657765601137816,0.7570400311871014,365.179311,339.6778507970721,283.407349620451,412.94256213809285,364
NB20,13,65+,0.527885,0.5408787106657613,0.4725560693895249,0.6210818599692147,69.974553,70.50328187400123,57.65996613867969,86.82141235892789,62
NB20,14,0-5,1.468566,1.5035390550720278,1.2597183460456385,1.79229225328615,693.114377,719.7134813461053,603.6416029215334,863.849063146341,547
NB20,14,6-11,2.456486,2.412678392449536,2.0053598289369603,2.904232245832839,4082.728327,3721.0913253235067,3140.395848282855,4497.079310961406,4035
NB20,14,12-17,1.596151,1.6190252703019796,1.3648780663651339,1.9185409566548153,589.785973,589.4126628396898,490.11064913126165,714.0042067192603,592
NB20,14,18-44,0.796023,0.7745447100752014,0.672023579665681,0.9019901553798787,1652.533292,1547.0865978227102,1294.8617446219323,1860.885532008575,1291
NB20,14,45-64,0.656485,0.6455489745972717,0.560030724493538,0.7499707176607272,436.643561,411.967715651097,344.1456969492024,496.1015233379253,390
NB20,14,65+,0.532333,0.5364662472814441,0.4692505560137315,0.6165757549122323,82.893616,84.89011483220963,69.79571950952425,104.80085404773263,110
NB20,15,0-5,1.47758,1.4702263460828444,1.227637359484039,1.7644140602478569,807.946377,846.8583697060467,706.2851564607745,1013.1757885081788,937
NB20,15,6-11,2.462969,2.345995707809598,1.9392512585506492,2.8064523392664866,4983.241971,4559.144821102971,3868.108852770667,5481.471498589639,5328
NB20,15,12-17,1.607303,1.629709022878802,1.376092088146476,1.9351001503638074,706.636978,706.291299228109,590.5159306325927,850.8101651171264,545
NB20,15,18-44,0.801986,0.7623956684792935,0.6615766122743886,0.8847214131368502,1998.026374,1778.4110348998001,1490.4034080368183,2165.7699011834247,1586
NB20,15,45-64,0.662089,0.6418379692788347,0.5563607879434179,0.7443031556315225,525.977613,500.96300424157107,418.84629819989505,601.2063231222141,626
NB20,15,65+,0.536789,0.532546922798907,0.4648246720485409,0.6108728211061828,99.286285,103.0099612186134,84.80089251685092,126.9792270782309,114
NB20,16,0-5,1.486304,1.428446060930225,1.1917797008533475,1.7008843026076625,951.197058,1001.94969623611,837.9590514309475,1199.6126918450082,1381
NB20,16,6-11,2.468122,2.2922066916734263,1.917892283944757,2.7375308325314673,6078.81127,5507.545524877096,4594.300790864894,6607.388355942425,6047
NB20,16,12-17,1.618224,1.6454433820034158,1.3923017101309831,1.9411168872554776,850.860069,857.3235984534422,720.3632903698881,1037.1095499353178,968
NB20,16,18-44,0.80784,0.7530978056789704,0.6534541962362603,0.8786470718172931,2426.872612,2074.3516190928494,1732.092904670444,2505.5375176338803,3033
NB20,16,45-64,0.66767,0.6431232901010069,0.5566164599944732,0.7461186218839717,637.364016,613.34891379699,516.990409766302,737.1154476243246,483
NB20,16,65+,0.541239,0.5323325190172554,0.4644411371884185,0.6108847710214446,119.873309,125.79076255044276,103.95882328967639,154.87568000618626,112
NB20,17,0-5,1.494685,1.4270548420884215,1.2045658294986594,1.7063271308916999,1129.277698,1189.0371677346875,985.5694844327209,1432.9788370048618,1075
NB20,17,6-11,2.471696,2.3018615303026033,1.921214603786989,2.7623138670788245,7409.847775,6580.980235821407,5533.366686959045,7938.665781873453,6226
NB20,17,12-17,1.628868,1.6733653577083771,1.4114931246323277,1.995485368400071,1028.921606,1064.2544031123862,889.3461097595327,1288.4376773010426,945
NB20,17,18-44,0.813555,0.7692294530162087,0.6670206424384045,0.8913589496337212,2958.553836,2487.4320325486988,2032.1902170163776,2995.335454989239,2038
NB20,17,45-64,0.673209,0.6604488766679614,0.5721425359574612,0.7640721549591931,776.000016,769.8952870756216,643.8459969878222,923.6368294483254,739
NB20,17,65+,0.54567,0.5429486856144801,0.4744731300271137,0.6220726038491117,145.575978,156.90753311190952,130.01486316408864,191.46958691592044,130
NB20,18,0-5,1.502654,1.476367908781711,1.2512306728034357,1.746999478189843,1350.001486,1416.67619822308,1178.0375735225543,1707.034321602101,1562
NB20,18,6-11,2.473394,2.3706387379567397,1.976226040210566,2.8228964295105734,9023.720946,7839.425123579924,6584.559255160162,9475.240537867881,7951
NB20,18,12-17,1.639178,1.706492401376727,1.4433161787946422,2.033841066603614,1248.747198,1331.8008891608379,1114.6422942760664,1595.482061339856,1300
NB20,18,18-44,0.819096,0.8068012597827061,0.699511218949877,0.9350595243461701,3616.933377,3040.2989086321104,2468.6662460551543,3677.1001014240283,2372
NB20,18,45-64,0.678688,0.6895794071357788,0.5965737058823558,0.7995315604270535,948.311106,987.9949580147813,818.0553406150348,1193.2384824878054,1003
NB20,18,65+,0.550065,0.5606012725777784,0.4890787975546465,0.6429279417893977,177.549463,196.0177119014911,162.79066519429284,237.84855475235986,251
NB20,19,0-5,1.510132,1.5703054933554892,1.3323708678795376,1.8639048303612065,1622.834336,1686.0189263690518,1390.7375470568404,2035.6042660605744,1411
NB20,19,6-11,2.472868,2.478702921611797,2.0828984074400183,2.998951370795117,10975.172743,9441.149979403162,7906.797310944457,11301.348599785415,7755
NB20,19,12-17,1.649086,1.734621305964919,1.48223759215904,2.0516403609073106,1520.009766,1644.0865586160644,1377.8709708320148,1966.6831599897087,1974
NB20,19,18-44,0.824418,0.8615099258334744,0.7422046093604494,0.9997350353366884,4431.080289,3796.774724753279,3113.8354938947086,4634.257408972706,2854
NB20,19,45-64,0.684081,0.726908697933525,0.6258521960924553,0.8409138781887502,1162.198633,1240.3486213427532,1025.3820579248186,1509.2073287616222,1189
NB20,19,65+,0.554406,0.5835478097175371,0.508146379541696,0.6680183281948505,217.223561,235.1827898117392,195.9913274869616,286.2242795669433,257
NB20,20,0-5,1.517023,1.6749846960456352,1.4171578959063449,1.976314269210444,1959.160279,2010.8699353505071,1664.5912526586344,2429.642625482178,1125
NB20,20,6-11,2.469709,2.6027079054879847,2.186176752942306,3.1209110243035685,13326.287852,11435.252789415164,9553.244332042246,13646.43593432525,10251
NB20,20,12-17,1.65851,1.7646252915032323,1.498378288729295,2.078032810352492,1854.449136,1987.6359560908768,1663.9171132181673,2389.4218649469312,1875
NB20,20,18-44,0.829473,0.914061964427239,0.783848922608631,1.0638098805709537,5436.159,4869.3486577238145,4047.059896034014,5851.465598724753,3333
NB20,20,45-64,0.689363,0.7588755421086921,0.6518332411615574,0.8808976945174758,1427.319119,1526.8475112878295,1264.4020814712778,1863.20890109425,1546
NB20,20,65+,0.558669,0.6045323592117176,0.5247323855097235,0.6940228057550514,266.34977,273.6159606774788,228.09434521222965,330.27649330800887,267
NB20,21,0-5,1.523216,1.7116909942337402,1.4444070589611415,2.025110597647324,2372.543472,2402.911263398668,1997.5008030107438,2920.2349693936394,2425
NB20,21,6-11,2.463448,2.64752445813907,2.2196563198220094,3.170027920779246,16145.720016,13999.632373429551,11694.45572794581,16809.124180645464,13429
NB20,21,12-17,1.667356,1.761308708435589,1.486367402815439,2.07295044352658,2266.211961,2367.6989747763237,1974.934473308449,2842.3502302147044,2103
NB20,21,18-44,0.8342,0.931182910876952,0.799840974479886,1.093202653752455,6674.335155,6283.907018015965,5215.0456949276995,7535.106869354713,8512
NB20,21,45-64,0.694499,0.7671677799661606,0.6581501572935259,0.8971830727247906,1755.387594,1818.747636521146,1525.3212386975629,2197.8823444878453,1592
NB20,21,65+,0.56283,0.609759937062194,0.5290949870441845,0.7042960547883416,327.052749,310.01465188967495,258.21523161163435,373.04199859513074,271
NB20,22,0-5,1.528579,1.6800695433778476,1.4232280445829757,1.9888589024207937,2878.956344,2886.169818262264,2411.9215172931945,3470.0340106115764,3148
NB20,22,6-11,2.453554,2.628752751236461,2.197136268852953,3.139616271297014,19506.770976,17216.062204991045,14429.723304022074,20841.078175112998,20641
NB20,22,12-17,1.675512,1.7350569894588501,1.472383518449858,2.053487869983091,2772.190309,2786.1983702642738,2343.109276880863,3330.189826410806,2771
NB20,22,18-44,0.838535,0.9239929259946604,0.7950046859563665,1.084254506744448,8195.610922,7916.471035312381,6521.789270372545,9435.172028358196,9233
NB20,22,45-64,0.699454,0.7584833503849251,0.652215834215129,0.8877970196480893,2160.488931,2128.941647660309,1791.1998152761153,2580.1071668225413,3257
NB20,22,65+,0.566857,0.6037149407032278,0.5246816425221814,0.697808881595376,401.882688,351.31518431393397,292.84636345159595,421.347616748546,383
NB20,23,0-5,1.532962,1.6212772074271675,1.3695694963244411,1.9199847421230922,3496.926404,3462.3489496859183,2913.757796053378,4154.560932960376,4388
NB20,23,6-11,2.439441,2.5892195681359125,2.1727716562123707,3.089913413224679,23483.816704,21222.845775915266,17796.70352859328,25570.46598557626,18396
NB20,23,12-17,1.682849,1.696059715432347,1.4457486933308952,1.999696729904471,3392.32232,3296.5853292347238,2779.9137181281912,3957.479547460156,3371
NB20,23,18-44,0.842399,0.9142940450313528,0.7860060988830023,1.0715660159577574,10058.451204,9929.009816001657,8160.564531936005,11941.268071366358,9591
NB20,23,45-64,0.704184,0.7534725218084986,0.6476999661318402,0.8787993344734525,2659.369155,2521.8979681238907,2106.093740224427,3045.3835819757987,2688
NB20,23,65+,0.570717,0.6011350219551934,0.5226258339901074,0.6927665304490587,493.862942,412.48684367521946,343.63638443702166,499.4301962902173,300
NB20,24,0-5,1.536191,1.5598393894772071,1.3201785711910343,1.8416687138928156,4247.53248,4167.163264684295,3527.7069000886477,5017.879131513815,5167
NB20,24,6-11,2.420485,2.5174622905003865,2.1068479989429343,2.9901114577092356,28146.510063,26053.23658186136,21784.449622190892,31302.972958155093,28095
NB20,24,12-17,1.68922,1.6671837162277723,1.4172967672478771,1.9628901831288772,4149.798326,3927.5836944612674,3307.1691601913844,4689.801606602083,5040
NB20,24,18-44,0.84571,0.903067714089284,0.7743229533498691,1.0583292471916972,12329.995522,12686.513554828998,10468.66014619272,15221.779355673316,10481
NB20,24,45-64,0.708641,0.7559079342664279,0.6492232581900582,0.8830344557245582,3271.66235,3082.7837054675038,2543.144592076096,3772.673769795274,2132
NB20,24,65+,0.574373,0.6048442486731676,0.5249480541456828,0.6980524308732984,606.524284,510.7732334249945,423.0438033540645,622.7741919183813,618
NB20,25,0-5,1.538076,1.5060897614859345,1.2741834219363233,1.775905834123857,5154.156091,4928.822839564182,4145.967622885761,5976.227471732494,4399
NB20,25,6-11,2.396044,2.442478704634482,2.0484641669777752,2.9189760109683816,33551.219506,31656.19693234199,26570.821435121296,37757.96632878526,36326
NB20,25,12-17,1.694459,1.6622035524405097,1.4108668443428223,1.963783865820949,5071.091004,4652.262406321246,3915.666565336938,5600.529136994923,4725
NB20,25,18-44,0.848378,0.8894681368956681,0.7619021639045123,1.0364492088158617,15085.572494,15922.714418522373,13319.096333233712,19291.15433790315,24166
NB20,25,45-64,0.712775,0.7609214039362486,0.6539993751912313,0.8828055483843453,4019.988369,3891.2333785407063,3195.8713137529594,4767.882043754336,2560
NB20,25,65+,0.577785,0.6104679705349387,0.5307566061632878,0.7008427580762993,743.91342,643.0790144309324,531.4039500967697,777.4688162789971,521
NB20,26,0-5,1.538409,1.4863930550298852,1.2564255476831008,1.754577353740485,6241.868991,5815.8543433329905,4866.008596566719,7079.4138894306525,5006
NB20,26,6-11,2.365505,2.384434739770678,1.9969007486240027,2.8437295908185773,39729.377274,38112.68611647395,32016.7167691667,45236.866351067525,31574
NB20,26,12-17,1.698384,1.6897539655697846,1.441726577646699,1.989792281074011,6185.700699,5567.04546361,4661.5173412914955,6744.923327923021,4891
NB20,26,18-44,0.850308,0.8876373184996789,0.7627323683933444,1.035363784712488,18407.156202,19822.855421207234,16565.11009089592,24033.19029940205,12223
NB20,26,45-64,0.716529,0.7723428150924893,0.6651369140553333,0.8958011745213573,4929.833728,5141.886128508944,4228.948930360373,6266.930688198456,5062
NB20,26,65+,0.58091,0.6198795140538699,0.5392135178492995,0.7112561319973421,910.559366,817.1939668634468,676.8217998508917,989.6848241883581,852
NB20,27,0-5,1.536973,1.4708208820091766,1.251520855120307,1.733725030009648,7536.321247,6952.704358103954,5787.992285558008,8409.532479466412,6060
NB20,27,6-11,2.328335,2.325346544991916,1.9670992235419935,2.769617650718254,46672.912574,45358.737150004454,38194.85157315558,54157.474105087225,54682
NB20,27,12-17,1.700803,1.7370001576531116,1.4801410354613622,2.0397889302202437,7525.482085,6792.295199957123,5657.258373148699,8303.638111394837,5777
NB20,27,18-44,0.851409,0.8838387470346647,0.7639965127637598,1.0255067084028937,22380.349545,24357.225468344433,20355.430350941344,29453.238906680286,29791
NB20,27,45-64,0.719848,0.7780256569611047,0.6721541331572345,0.8993316799098574,6029.107041,6976.726799761098,5787.744760214169,8406.585745185414,7752
NB20,27,65+,0.583707,0.6238748088230555,0.5436095907421201,0.7143166820250086,1111.377766,1042.7484042728956,867.849384627908,1266.868897706111,1282
NB20,28,0-5,1.533549,1.4556084564730847,1.2369887672326136,1.7156130154481661,9061.997971,8249.06905999095,6840.556530207985,9974.142284986141,10006
NB20,28,6-11,2.284154,2.2869723675364515,1.9272835819334813,2.7091322002363776,54317.819328,53340.06251350418,44821.806445159105,63850.879383710795,43608
NB20,28,12-17,1.701519,1.7793711997051185,1.5188858934734535,2.0904283738468337,9123.405142,8415.111082809795,6988.077553373827,10193.737516185014,6770
NB20,28,18-44,0.851597,0.8779799243222842,0.7573935891729766,1.0221395413515013,27089.486627,29333.450342455006,24456.105621045863,35524.64983962952,24184
NB20,28,45-64,0.722678,0.7753353618585725,0.6692319380906856,0.8989168224074812,7347.248756,9014.565997967751,7443.820655266001,10749.748662250691,10254
NB20,28,65+,0.586138,0.6226686846896765,0.5419891175182752,0.7147034570258667,1351.491718,1301.845257372367,1075.9673095031558,1589.2017963832013,835
NB20,29,0-5,1.527933,1.4609519546904646,1.235785767804092,1.7290538299343723,10839.753381,9811.203894509104,8183.358485652083,11848.898264622432,9731
NB20,29,6-11,2.232815,2.2459138213565635,1.8960355290873854,2.6562440488842713,62528.143683,62068.16651475773,52181.03032382717,74278.21910970652,65516
NB20,29,12-17,1.700336,1.8058911323703473,1.5396458592686828,2.14863897346365,11011.615446,10545.836360544497,8768.407870487237,12807.240967872007,9714
NB20,29,18-44,0.850805,0.8746329548918017,0.7530333544132767,1.0208805260832359,32610.565163,35209.23959557037,29298.589427067636,42098.794924099755,36598
NB20,29,45-64,0.724969,0.7719173000193431,0.6648233578219552,0.8963880704088674,8913.784102,11264.683485211543,9375.304427022129,13428.439917010517,14148
NB20,29,65+,0.588169,0.6195414935370398,0.5392799300982422,0.711439034512381,1635.950409,1631.2533842425364,1352.69280282389,1998.971079001972,1649
NB20,30,0-5,1.51995,1.4736522473972364,1.2492173850590833,1.7357162743102605,12883.625658,11594.02563909498,9646.474718128135,13920.727682401339,7810
NB20,30,6-11,2.174479,2.1996911060013593,1.8631792005082244,2.6050238021655874,71084.065893,71817.89230330277,60430.07024510502,86011.9107134752,67054
NB20,30,12-17,1.697079,1.7940010810068907,1.5193289402198797,2.1105554875702426,13218.712345,13202.793544545406,11053.72431851265,15865.986157843974,16339
NB20,30,18-44,0.848988,0.8684700105217238,0.7507140037025559,1.0128456717011203,39002.002914,41525.8335812905,34481.6750590282,49778.14623086981,45006
NB20,30,45-64,0.726683,0.764152157049526,0.6605527771544312,0.8859149314475733,10756.25137,13487.136730468308,11212.951150887835,16016.789726495139,9346
NB20,30,65+,0.589777,0.6131024014864503,0.5347891792432214,0.7037797999094239,1969.336221,2004.276343005904,1670.1704956500598,2412.6623904464213,2294
NB20,31,0-5,1.509469,1.4771216671085414,1.2538879733248358,1.7408941108724332,15197.094747,13752.953932471952,11564.127699246863,16481.003550631896,13608
NB20,31,6-11,2.109682,2.141878695252172,1.8144766462200344,2.536617940955158,79678.808818,82160.78061555146,69030.31149140041,98376.04404397204,68840
NB20,31,12-17,1.691596,1.7590430976248985,1.4974926420268524,2.06249539200163,15766.27182,16320.06895890343,13712.479461112947,19585.914989598168,18329
NB20,31,18-44,0.846135,0.8628514366080171,0.7444458974045853,1.005570830154784,46293.687618,48807.783946083975,40656.18530966295,58984.80487838661,46164
NB20,31,45-64,0.727795,0.7542810426320223,0.6515310765702674,0.8752697746536777,12897.525822,15907.783053616193,13363.142525547337,18867.833320117817,15541
NB20,31,65+,0.590954,0.6045962172811999,0.5267205123521722,0.6942301558659502,2355.268916,2423.4919368886767,2029.5576285845036,2896.461101604891,2560
NB20,32,0-5,1.496425,1.4693213790692097,1.2431252056570845,1.7404319077123023,17769.158643,16270.141208407062,13576.666093234337,19534.841763591234,20400
NB20,32,6-11,2.039356,2.0530899906925613,1.7396127914463537,2.43237158938776,87929.104962,92569.28487946949,77876.59943338617,110597.14691210176,98077
NB20,32,12-17,1.68378,1.7147551791393303,1.463257022186768,2.0319057949203914,18664.8059,19840.692293920074,16536.795622026213,23971.126957009794,17298
NB20,32,18-44,0.842273,0.8521200115385583,0.7304545833136808,1.0008624686577745,54475.424374,56896.11888341891,47623.4985195584,68339.20028011501,43140
NB20,32,45-64,0.728298,0.739693096700593,0.6368320060670254,0.8616995043275976,15352.693484,18539.463367868113,15739.374417446248,22035.85099713618,19290
NB20,32,65+,0.591705,0.5917842431517465,0.5146797019401546,0.6815422022374852,2795.841638,2851.8987349683084,2385.28171582522,3416.711079912815,2402
NB20,33,0-5,1.480829,1.4432927940036593,1.2178483384399184,1.694911162521328,20570.831334,18967.91905447957,15783.677946948606,22690.12738980152,18296
NB20,33,6-11,1.964809,1.9449582157198166,1.6416285658454637,2.301355022169469,95402.189379,102914.76055766351,86941.88328454038,121781.7290094425,125278
NB20,33,12-17,1.673573,1.65142538689026,1.4070964454821764,1.9485370325543578,21909.552418,23538.359105827898,19690.63344843997,28370.120006585028,23371
NB20,33,18-44,0.83747,0.8269116313982143,0.707805660733112,0.9681248019635544,63486.547941,66014.0097363044,55389.30687130516,79312.90013554005,73909
NB20,33,45-64,0.728206,0.7129713172157854,0.6126987249154474,0.8317265874508595,18125.790738,21117.465648026235,17917.120021934083,25046.640721136442,26242
NB20,33,65+,0.592053,0.5709524419484958,0.49551761089440466,0.6584907759774398,3291.053781,3280.4846626092367,2743.189108745273,3924.048076886702,4376
NB20,34,0-5,1.462781,1.4051438383722306,1.1898022910780164,1.6532222563507348,23552.833856,21877.805696723633,18376.588756578247,26172.312596231946,18529
NB20,34,6-11,1.887639,1.8273023078966832,1.5440453776292145,2.168733133642616,101658.549787,111597.9910149317,94296.0730453371,131941.15874773148,99695
NB20,34,12-17,1.660977,1.581599912617615,1.3444122540625363,1.8661054359621017,25476.681038,27284.85718163752,23026.851572801417,32937.831426830875,30831
NB20,34,18-44,0.83183,0.795113468620176,0.6835892206261911,0.934015158809474,73208.929413,76726.11672225804,64425.0339757239,91719.13970102742,80671
NB20,34,45-64,0.727549,0.6846360860484523,0.590653966119439,0.7983909627699162,21206.87399,23466.36467324599,19805.619947829095,27796.165437919088,26422
NB20,34,65+,0.592035,0.5506358593377438,0.4796481483223344,0.6349308415609531,3838.331698,3737.24037576696,3115.6276386767786,4486.276194888698,3314
NB20,35,0-5,1.442463,1.359415692332667,1.152748639400907,1.6131864499084727,26645.268355,25193.308005761064,21169.210341716956,30014.30736698286,29957
NB20,35,6-11,1.809602,1.71311412140164,1.4495893278270449,2.025760247938129,106304.720836,118597.87079639791,100140.2301616501,140555.17843672168,103880
NB20,35,12-17,1.646053,1.5150679565253324,1.2873806435675264,1.7753646415626558,29320.616863,31303.75179526872,26636.339071233844,37465.38324876584,23315
NB20,35,18-44,0.825488,0.7648378110236174,0.6586135249695018,0.8961647575587705,83465.594545,88726.12057337345,74006.25116562715,105792.55199263047,90481
NB20,35,45-64,0.726377,0.6624569338935491,0.5715226525235996,0.7705810109083233,24569.961263,25939.250858608866,21890.191479141213,30895.892622338375,22938
NB20,35,65+,0.591703,0.5373087654383022,0.4676206001411304,0.6177446315390549,4432.23845,4283.557010310051,3582.3761638262513,5134.696882577158,3464
NB20,36,0-5,1.420138,1.3246136067099903,1.1154431682365709,1.5646195102685367,29759.863711,28678.726304704847,24221.493910799676,34094.059864024224,25023
NB20,36,6-11,1.732447,1.6058464475082062,1.3657800972479799,1.8931620375693032,109046.030685,123199.11536625866,103983.06559361529,145696.90455193026,146577
NB20,36,12-17,1.628921,1.4512157916800024,1.2302631171767904,1.7132300483111091,33373.156777,35297.377740994765,30122.096001290192,42127.24758926456,51590
NB20,36,18-44,0.818595,0.7419105182659353,0.6361502025767374,0.8689442979288207,94026.494436,99730.7025401066,83697.65818114078,118981.69690278289,109589
NB20,36,45-64,0.724752,0.6482502660061924,0.5575164344282687,0.7555335750585944,28172.341504,28551.24111688818,24077.714531063917,34508.722686662746,26699
NB20,36,65+,0.591115,0.5301157339181921,0.46032261106621725,0.6112564302992498,5064.458606,4909.235414977666,4101.29513968703,5928.729932681654,4956
NB20,37,0-5,1.396133,1.280472047031791,1.079912538495868,1.5150228695960806,32794.956334,32154.721088033082,27131.60790574958,38304.17048366176,24962
NB20,37,6-11,1.657761,1.5079965801778892,1.2849000214507098,1.7734473201017509,109727.494748,125151.28468502057,105517.37565650337,147501.0711974362,97160
NB20,37,12-17,1.609753,1.4226154559317608,1.2091924202050561,1.67992069073039,37544.855439,38823.71990253538,32925.4524499742,46126.83481750311,35264
NB20,37,18-44,0.811312,0.7239380421286139,0.6212400474494059,0.849207399051692,104621.660832,109155.80130739749,92172.20647687512,129795.81670260406,109085
NB20,37,45-64,0.722744,0.6424257702585021,0.5538219328998922,0.7482096628969127,31955.558439,31414.130559853307,26415.737170134264,37859.46660526894,23835
NB20,37,65+,0.590333,0.5277876546971076,0.4593105655968451,0.6077986881109824,5724.101281,5594.043645623766,4667.08766454348,6715.808284408515,5380
NB20,38,0-5,1.370818,1.2269785691330783,1.0376400937347687,1.4543820952997204,35642.80832,35509.84708196964,30094.425359219895,42146.45043836281,41306
NB20,38,6-11,1.586842,1.4181522475967423,1.2086201162063726,1.6657497910908774,108353.242562,124233.70340054552,105154.9910847363,146128.52593237045,130937
NB20,38,12-17,1.588767,1.4227481126273163,1.2018783652128666,1.6834036495756033,41728.814362,42189.34809145337,35571.4593090273,50081.055193305074,35446
NB20,38,18-44,0.803791,0.7139800908254929,0.6121178177579307,0.8440279266639357,114960.356943,117266.1530844603,100088.09704252926,138778.7156329162,114549
NB20,38,45-64,0.720427,0.6466899504070274,0.556382427665417,0.755451101129362,35848.07833,35240.078140819794,29826.305968589702,42385.29393241773,44961
NB20,38,65+,0.589417,0.5322896580091822,0.46215636090497103,0.6140253383116236,6398.302853,6322.832348754157,5287.777093483863,7585.128848429722,5413
NB20,39,0-5,1.344588,1.178106409871944,0.9936573576688782,1.3972091031000704,38198.327169,38097.9163634156,32445.119569012953,45177.78628618026,47558
NB20,39,6-11,1.520628,1.34454759540079,1.1443829437983906,1.5771723290469146,105080.431697,120010.5432813731,102170.47055517719,140146.85956467292,113404
NB20,39,12-17,1.566216,1.4477822093609636,1.228080267176507,1.7280696883473292,45806.601451,45422.967168798146,38194.01759293303,54038.40589808149,47960
NB20,39,18-44,0.796173,0.7126501638362394,0.6097717904193758,0.8377673781642675,124753.416688,123580.68309123022,104833.32120887504,146552.8374107529,135005
NB20,39,45-64,0.717872,0.6602609209611076,0.5669461857894865,0.770090762918795,39769.328538,39516.378517328616,33477.32055007876,47229.98655347573,21926
NB20,39,65+,0.588422,0.541602914316156,0.46974817519538486,0.6251570886148513,7073.048443,6982.226670721575,5876.3956577353165,8350.942429939802,9651
NB20,40,0-5,1.31784,1.150273114218848,0.967656148448239,1.3663656821384467,40367.907543,39795.453574521525,33933.03101994406,47164.936965627014,44700
NB20,40,6-11,1.459686,1.2928182652708244,1.0990545723191538,1.516572355964157,100190.381818,113399.23468757514,97064.55785109336,133069.23881602683,130846
NB20,40,12-17,1.542381,1.4931878605165032,1.2635452582103166,1.774828910076269,49655.666788,49048.776558781916,41221.20515822392,58453.2592862171,52154
NB20,40,18-44,0.788577,0.7218911719167999,0.6132503888967747,0.8503807961672393,133735.243112,128734.0855152813,108885.83303678746,153722.1481535558,124414
NB20,40,45-64,0.715149,0.6800117182893757,0.5811892899305708,0.7943811637983771,43634.545662,44234.16132407164,37368.98664722417,52692.35777279455,42415
NB20,40,65+,0.587398,0.556885343925863,0.4808138606891633,0.6440885609992028,7734.088427,7593.325634794812,6387.343642007574,9109.153931003159,7288
NB20,41,0-5,1.290953,1.1432379532018349,0.9649680663326097,1.3483209753578311,42077.074294,40655.542903809226,34531.7285128755,48237.532015500125,32352
NB20,41,6-11,1.404245,1.2593098420935593,1.0781378379009905,1.473152973524442,94045.014405,105443.39983799565,90382.82205035421,122844.33114663116,106298
NB20,41,12-17,1.517563,1.5478219271627358,1.3118338406730303,1.8399023586544747,53157.392016,53007.96404070011,43896.38810204127,63749.83460779389,42436
NB20,41,18-44,0.781104,0.7359196348176852,0.6289082536944357,0.8660409794238871,141682.145304,134083.90152032347,113060.89415725856,160334.91344706877,103501
NB20,41,45-64,0.712322,0.7007934709968021,0.6013079487696577,0.8161344054341696,47359.769739,49237.68241409806,41660.64518658101,58433.59895554127,54771
NB20,41,65+,0.586383,0.5748756087083657,0.49790560049300864,0.6625346656003276,8367.815995,8165.630656357731,6860.156695848098,9754.633886122057,6882
NB20,42,0-5,1.264279,1.1446211822236683,0.966672310184402,1.3553248529751234,43275.869579,40716.5045590793,34403.07101416832,48317.63138362486,35293
NB20,42,6-11,1.354261,1.237339248086966,1.0626024591296435,1.4468097975598637,87038.883809,94945.88359089522,81928.39167387318,110362.9425992039,85922
NB20,42,12-17,1.492072,1.5941286201338873,1.3529362974270418,1.8780924090687612,56204.854036,57363.91337929736,47531.585196213855,68827.74531110295,35361
NB20,42,18-44,0.773835,0.7507965561139024,0.6426783179333367,0.8833490764872238,148424.708036,140031.48855897528,117725.28616569098,168234.3237749422,152466
NB20,42,45-64,0.709447,0.7175778318127908,0.6160071737816458,0.8384642358779074,50866.378694,54138.40679816238,45713.80053540843,63928.64399923978,63570
NB20,42,65+,0.585414,0.5902812069147458,0.5110772990896503,0.683457622886031,8961.994575,8746.114598136366,7345.940140480641,10449.027840233874,5722
NB20,43,0-5,1.238125,1.1552543008284628,0.9712775632019556,1.371087023716202,43941.398862,40266.30266143801,34226.180923892185,47619.49829758372,41018
NB20,43,6-11,1.309493,1.2235061787644677,1.0488814067048073,1.4292009403020585,79556.000048,84122.78611914488,72762.73341579991,97879.66807380179,102078
NB20,43,12-17,1.46622,1.5981328428299606,1.3670164463391246,1.9007840827635871,58709.484516,62388.58063484228,52148.40803202143,74376.88026427827,54760
NB20,43,18-44,0.766831,0.7676252148597591,0.6525438084784196,0.9096776020280916,153853.31109,145541.8842661539,121982.84415708901,175081.7465148901,139415
NB20,43,45-64,0.706578,0.7339446451105854,0.6268471968996687,0.8610836787503942,54084.732826,57862.85799985647,48779.85650237952,68665.35761064308,52730
NB20,43,65+,0.584516,0.6044399485459744,0.5211275962507955,0.70168091861918,9506.268457,9327.286768120248,7889.013648170439,11007.401574576506,10379
NB20,44,0-5,1.212753,1.1657056995202542,0.9824528979938875,1.379074153116549,44077.485298,39566.94683425396,33558.2732145171,46603.0679158874,45105
NB20,44,6-11,1.269576,1.2149961331564523,1.0435077076643329,1.4138552639823936,71937.426081,73840.64570736536,63436.1394271187,86173.04343992495,68179
NB20,44,12-17,1.440311,1.5501233369308207,1.3109008086732103,1.8415399337909237,60606.016309,67232.88066899718,56840.98619859805,79256.47310745949,83702
NB20,44,18-44,0.760141,0.7795977820180368,0.6630731305508911,0.9194900474649638,157917.275974,150203.23077685945,126484.2791768238,179027.21034260164,117401
NB20,44,45-64,0.70376,0.7428245576405637,0.63614709880707,0.8708502742552425,56956.72138,60497.44533202669,50775.39459271415,72413.57015875174,70530
NB20,44,65+,0.583713,0.6109269057448314,0.5280268329456009,0.7090605795658714,9992.439961,9869.251872959445,8379.968612852623,11598.534938529498,10543
NB20,45,0-5,1.188372,1.1742853043794814,0.9864977768647109,1.3922913895009599,43711.842688,38584.03694970289,32532.11198556755,45692.04579652636,37330
NB20,45,6-11,1.234079,1.2043987117652364,1.0276162564737712,1.4121910317839828,64461.862813,64451.12829522579,55205.552775857504,75287.25942676468,77280
NB20,45,12-17,1.414631,1.474610553424475,1.2484094237446899,1.747710805950183,61855.36882,70979.15765841457,59779.09591866669,83791.10221601394,73171
NB20,45,18-44,0.7538,0.7838021025155347,0.6614631985639401,0.9358903131530406,160619.070436,154802.99340412137,131308.77985201753,184875.10263427394,165971
NB20,45,45-64,0.701036,0.7464172835982278,0.6353709128782181,0.8766367898203171,59437.204628,62868.58877499809,53491.07370147435,74775.87517137418,53168
NB20,45,65+,0.583021,0.6118642062174168,0.5275358208469235,0.7100618654870309,10414.537539,10312.791555059666,8787.055388335153,12147.965163048677,10790
NB20,46,0-5,1.165143,1.175473767831045,0.9876790659850537,1.391428478040409,42891.476896,37474.339749246836,31599.275767594983,44591.98291070422,31855
NB20,46,6-11,1.202554,1.1852426223280386,1.0084550367958178,1.3902960969283877,57338.351483,55875.15917033586,47793.53341338504,65256.327711047605,37835
NB20,46,12-17,1.389444,1.3868413687353087,1.1761252908888278,1.632993221253512,62445.388529,72571.00942574139,61310.635004100506,85420.34584657173,105380
NB20,46,18-44,0.747835,0.7770477219482799,0.6545528694231393,0.9241635745753329,162005.414982,159826.36338635837,136140.60450426373,189791.13882231247,183425
NB20,46,45-64,0.698441,0.7381468510223802,0.6278211605685381,0.8688502496056351,61494.484575,65560.30872733193,55560.989494901965,78042.64544802904,43618
NB20,46,65+,0.582457,0.6039394713690014,0.5201413680274926,0.7023707306791153,10768.723727,10539.927582369899,8973.913050560222,12493.54435403971,13753
NB20,47,0-5,1.143177,1.1654115420730018,0.9798771211894988,1.3776904563140282,41677.13921,36635.64587750798,31023.069594865316,43609.34158931265,32304
NB20,47,6-11,1.174563,1.162980478158183,0.9903687555861752,1.3603642925322992,50708.389506,48515.0265042563,41432.14385283389,56785.70634230506,43935
NB20,47,12-17,1.364981,1.3133632469748568,1.1117346918902844,1.5460043402507173,62389.594496,71781.35829859693,61008.071194702294,85045.67339654244,63897
NB20,47,18-44,0.742263,0.7643394570522017,0.6444349793149007,0.9067231990189426,162157.074215,163496.7481294698,139206.0841374062,193391.4900329283,177422
NB20,47,45-64,0.696005,0.7234793036263152,0.615465539800543,0.8503717752798149,63110.00566,68947.44338367728,58299.66293621063,81289.20953139116,102860
NB20,47,65+,0.582032,0.5920224038916143,0.5094959066446171,0.6872104488304525,11053.099209,10638.251015076065,9033.967549873152,12624.39882687472,10590
NB20,48,0-5,1.122545,1.1418115466648722,0.9610038104673364,1.3509496729857662,40137.607332,35933.500235576066,30333.372577923932,42660.15100887045,34673
NB20,48,6-11,1.149695,1.1364583621372741,0.9703877648949973,1.3270976632922324,44654.143321,42268.47291866038,36155.21270513395,49620.83619379066,51193
NB20,48,12-17,1.341439,1.2548783286708247,1.0641721549724594,1.4723055011761994,61724.260962,69341.46503707161,59328.281977164326,82438.69390574773,83626
NB20,48,18-44,0.737094,0.7483211262751959,0.632155493410796,0.8851955279468497,161178.750037,165154.98920066375,140199.42624615435,195677.93115300266,146378
NB20,48,45-64,0.693755,0.7092089991674004,0.6026222320959849,0.8329898172362393,64277.496826,72632.11160082428,61748.532704838435,85239.89999999746,69225
NB20,48,65+,0.581754,0.5809083963427271,0.4998907501843068,0.6741192888282965,11267.4537,10630.766939768539,8969.076968206078,12558.929210238057,10153
NB20,49,0-5,1.103279,1.1152089383061177,0.9354470882878465,1.323063567143051,38344.413372,35338.16967305227,29880.47799247323,41958.81453001185,38746
NB20,49,6-11,1.127582,1.1194623737437919,0.9550781740832577,1.3105546926220137,39209.697264,37221.76834748639,31785.12576822564,43854.84168369789,34395
NB20,49,12-17,1.318977,1.216711874116816,1.0368464271031326,1.4292336629739386,60504.288709,65724.61876468023,55920.640348196845,77575.15535432287,65484
NB20,49,18-44,0.732333,0.7370643184499768,0.6213508548820394,0.8763392819618702,159190.010563,165206.74920160882,139921.6117448872,195454.33619912667,162347
NB20,49,45-64,0.691711,0.7007744103684463,0.5943750987407702,0.8274158576153114,65001.740923,75743.25890134403,64171.680305939284,88999.5748323095,74075
NB20,49,65+,0.581631,0.5748112401002315,0.49329601842437554,0.6702542277334617,11413.001947,10632.632538159203,9041.323350581239,12560.53538517974,9179
NB20,50,0-5,1.085382,1.0773267085958458,0.9047336424836809,1.278297860109742,36367.431967,34350.55720484082,29257.26447462011,40732.50578018825,29411
NB20,50,6-11,1.107894,1.1002014208810689,0.9393412007339209,1.2907111549750767,34372.979525,33061.7002157839,28271.193113853224,38962.0864940919,32012
NB20,50,12-17,1.297714,1.1955825106530944,1.0192471807127923,1.4038104583933741,58798.369678,61411.71751612343,52096.059168160195,72765.68119695887,46930
NB20,50,18-44,0.727981,0.7225434043991683,0.6097293523179125,0.8606283013550892,156317.730636,164240.8375032763,138555.89122519968,193716.6228858363,175180
NB20,50,45-64,0.689889,0.6915159604774459,0.5863646955342362,0.8171643028502755,65297.118419,77886.41791058681,66406.47183783853,91692.32952303975,62680
NB20,50,65+,0.581667,0.5691026569874185,0.48842668072641493,0.664758790469313,11492.12915,10617.073278473807,8940.57608450303,12583.862607528135,13324
NB20,51,0-5,1.068832,1.037198477207924,0.8693810827732726,1.2323050178300183,34271.53494,33016.851001890376,28085.811117199948,39143.491997759906,41904
NB20,51,6-11,1.090343,1.0852465821191855,0.924460438423912,1.270526630629319,30116.818226,29691.596020138357,25311.317920664325,34861.6390190837,28062
NB20,51,12-17,1.277736,1.18584381302761,1.0083467266419397,1.390055021166645,56683.939143,57176.873829806456,48426.25836687139,67750.35368931899,55664
NB20,51,18-44,0.724031,0.7102151486856119,0.5958876501098849,0.8433317850660883,152690.165767,161511.6125002713,136092.16736930795,188827.78977344232,199634
NB20,51,45-64,0.6883,0.6825045388208318,0.5770748178277892,0.803133538462508,65186.034642,78890.65358504187,67240.52435566008,93721.13772587106,79189
NB20,51,65+,0.581864,0.5656897916892516,0.4845493698277826,0.6583367949484189,11508.15811,10511.602898587676,8880.675593698921,12530.741242811433,7792
NB20,52,0-5,1.053589,1.0106875301671943,0.8496331707530007,1.2016341236371253,32114.344848,31409.17714475945,26825.162154491292,37166.740746288095,33672
NB20,52,6-11,1.074677,1.077489288773168,0.9199926900268651,1.2617281902675626,26398.298433,26779.397358361166,22807.277958765626,31430.121074932627,26583
NB20,52,12-17,1.259092,1.1795548466676502,1.000159479659332,1.3892647770226612,54242.347223,52955.64234791184,44840.67324029328,62528.54910961469,48757
NB20,52,18-44,0.720478,0.7050606573668816,0.5923839845846105,0.8418526378976974,148432.553379,156068.31532281963,132163.16977751208,182961.53530894686,130272
NB20,52,45-64,0.68695,0.6766717893118728,0.5718140881752686,0.8016406334106038,64697.310534,78491.0652683822,67256.7427412332,92852.97329760902,87007
NB20,52,65+,0.582224,0.5654517290654373,0.48402442603122003,0.6603128673723566,11465.141901,10429.689425896271,8761.16662897513,12383.56088256772,10034
NB20,53,0-5,1.039599,0.9977267763283201,0.8378974661465444,1.1835506604113368,29944.994064,29585.922395824688,25357.524426867953,34879.954699944006,33378
NB20,53,6-11,1.060681,1.0740273745946645,0.9158277495665128,1.2568969122755305,23166.127966,24154.724581471644,20535.847832320724,28591.754173577297,25618
NB20,53,12-17,1.241802,1.1854945968327937,1.0081765034553265,1.3938094150635678,51554.583054,49305.59796750732,41897.47084673913,57914.26469576266,43214
NB20,53,18-44,0.71731,0.7076618168244478,0.5941477755111915,0.8423086133316738,143664.019026,150240.36216703942,127779.09796031323,176102.44014720153,145860
NB20,53,45-64,0.685844,0.6787740241173353,0.5740002222669058,0.7997354184454462,63864.5971,77063.03321915888,65458.42412065249,90844.21757640154,97722
NB20,53,65+,0.582745,0.5719720507730885,0.4900661231974438,0.6658249636955977,11367.681002,10446.262076480663,8737.641563991085,12392.868529945466,9775
NB20,54,0-5,1.026798,0.9984815676885237,0.8387363291371228,1.1869862181260604,27803.721099,27411.510697922087,23395.62684174953,32313.85708972707,26827
NB20,54,6-11,1.048166,1.0758414695388168,0.9164272151599256,1.26367527582341,20366.067748,21885.029681755695,18633.38638348505,25841.530670150183,21244
NB20,54,12-17,1.225861,1.1856724016449918,1.0091681955359257,1.3913537872249349,48697.769472,45878.96328177815,39051.91221143608,54141.476281895535,42173
NB20,54,18-44,0.714513,0.7158054213170404,0.6016172363961914,0.8542902637538543,138495.530571,144989.0648570829,122939.32589543052,170085.5589915421,138282
NB20,54,45-64,0.684979,0.6867340405271598,0.5817542503851572,0.8109952799081585,62724.861136,74267.12163427658,63141.48366539506,87879.07764121797,84933
NB20,54,65+,0.583425,0.5843971467702763,0.5012255284742122,0.6806827897911986,11220.76182,10524.160626566008,8830.56147488585,12581.495011691157,9664
NB20,55,0-5,1.015117,1.000467284545268,0.8404058907410483,1.1926808385393899,25722.104644,25252.243600196554,21574.743816221366,29848.421165607753,16773
NB20,55,6-11,1.036969,1.0779412936424144,0.9217917083280405,1.2659848868249715,17944.672611,19847.101442205254,16924.660725665744,23413.7179563595,22384
NB20,55,12-17,1.211241,1.1859845094050703,1.0104226198043997,1.3979697116755085,45742.531416,42856.68716972321,36513.653104346944,50763.260368901305,39136
NB20,55,18-44,0.712073,0.7276633982523675,0.6129122134951008,0.8709650318607199,133028.657862,140797.11442308966,119404.91202083696,164985.86688062316,130173
NB20,55,45-64,0.684354,0.699674204417478,0.5934679677391851,0.8269428176923876,61316.981241,70836.17527250736,60071.144087116,84528.41180811427,37629
NB20,55,65+,0.58426,0.5981584321763121,0.5128228095387126,0.6976939367181071,11029.613424,10718.882439833018,9132.789509090042,12835.127066520305,9543
NB20,56,0-5,1.004483,1.0050995230858173,0.8418875931864784,1.203344408734574,23723.73735,23106.75863259565,19676.953701540362,27213.519142732373,28055
NB20,56,6-11,1.026948,1.0786474850218948,0.9175914654411748,1.2742394599396991,15851.665114,17905.962451227475,15332.13964206446,21277.394895647652,17433
NB20,56,12-17,1.1979,1.1767416688475576,1.0034414539962262,1.3828120968751625,42751.241664,39900.24352354184,34232.96432567062,46957.7004308186,37650
NB20,56,18-44,0.709973,0.7369742321539927,0.6174064197328971,0.8880933148692887,127354.933341,136521.97967144568,115514.11376241874,159959.23963362072,127163
NB20,56,45-64,0.683962,0.7100035517646794,0.5987572640550628,0.8416727575141046,59680.485659,67320.62462139572,57387.51804624731,80318.33229117421,52020
NB20,56,65+,0.585245,0.606978979820755,0.5187755070201117,0.7095581999174251,10799.58013,10861.32738649624,9274.232283743244,12940.466934286582,8798
NB20,57,0-5,0.994825,1.0070374101180062,0.8421805971092761,1.2048230338861687,21825.163845,21041.50756628299,17889.305473961867,24776.194761776016,22816
NB20,57,6-11,1.01798,1.0685674715646725,0.9089921988209773,1.2596043402445856,14041.269589,16081.877068383154,13784.917515421752,19004.75699748518,11765
NB20,57,12-17,1.18578,1.1543809921550294,0.9845432865567589,1.3518099465308524,39777.071365,36758.08625119366,31714.45435847505,43320.14707260369,54915
NB20,57,18-44,0.708196,0.7374786219084621,0.6166593437489845,0.8857094701034138,121555.65262,131494.49930318166,111006.90061187683,155154.53345359676,130618
NB20,57,45-64,0.683795,0.7073841788357114,0.5964501107725435,0.8392362651889648,57854.455716,64161.75997357536,54825.68661809317,76006.98778237915,66170
NB20,57,65+,0.586376,0.6019002842684671,0.5137231814967697,0.703323638765141,10536.0086,10783.797647853004,9217.161623884109,12778.418260213279,12790
NB20,58,0-5,0.986069,0.9995377474463949,0.8360629852426039,1.19327823685341,20036.940543,19150.344107641722,16237.362389217247,22585.524185270187,12977
NB20,58,6-11,1.009957,1.046776655455997,0.8899388620139155,1.2316818226411737,12472.799024,14390.5689422125,12339.93166819727,17025.601780100726,17727
NB20,58,12-17,1.174817,1.1249575927348272,0.9568395855318408,1.3196897687213662,36863.723446,33604.554961195914,28920.493929770077,39737.765851535136,28475
NB20,58,18-44,0.706722,0.7280361132242743,0.6082904973901174,0.871611076349904,115701.993678,125872.69758603023,106969.70888295583,149312.76276464108,135083
NB20,58,45-64,0.683844,0.6935544825054338,0.5856035412740817,0.8208458264060411,55876.60998,60922.90572705469,52249.507258684374,71569.8052900522,77466
NB20,58,65+,0.587644,0.5851100784029628,0.5006347104406415,0.6827764139626333,10244.149047,10409.506325339607,8886.550317162386,12313.269441351702,14413
NB20,59,0-5,0.978144,0.9843346051073599,0.8230516231368006,1.1729917302776858,18364.710692,17492.119958849275,14840.490311567439,20641.891047099838,20869
NB20,59,6-11,1.002781,1.0204561237600704,0.8687090764700952,1.202443398556625,11110.736004,12852.132597161923,11053.567139046267,15234.94944758201,16571
NB20,59,12-17,1.164941,1.1003952598054676,0.9369493602491255,1.2928180624791243,34045.702638,30498.242174424,25913.42493678257,35914.26113405451,39259
NB20,59,18-44,0.705534,0.7135258431404975,0.5969996145151716,0.8553479205061576,109855.364973,120580.465641296,103280.40534172999,143816.75143190753,131076
NB20,59,45-64,0.684097,0.6785958651030418,0.5732562477900747,0.8040473382787516,53782.575099,57777.37904446409,49572.404235596536,68166.45136246481,69133
NB20,59,65+,0.589042,0.5691811341984028,0.4872886196627475,0.6650311123378819,9929.070622,9881.426055838645,8473.439533192606,11649.588956295222,10857
NB20,60,0-5,0.970985,0.9691176348509167,0.8095636200306642,1.1559323628017661,16810.22173,16122.34110633703,13725.566101566656,19080.254857804626,12903
NB20,60,6-11,0.996369,0.9987451397917597,0.847988878066418,1.17561305054864,9924.494838,11512.87233574409,9798.126920320094,13626.909623588901,10361
NB20,60,12-17,1.156077,1.0914444598243491,0.9279330252509806,1.2800983485771469,31348.972317,27633.12290960597,23318.680524614872,32538.420020180987,25322
NB20,60,18-44,0.704613,0.7008523817748278,0.5842592042221667,0.8390400680306423,104067.916027,115440.63208906772,98994.05958602019,137709.93733031163,70649
NB20,60,45-64,0.684545,0.6691876407723605,0.5641376737649794,0.7918446368674198,51605.340472,54830.66721456614,46916.564689387335,64800.45111557236,61738
NB20,60,65+,0.590564,0.5604574724194524,0.4785197884573998,0.6544897572823527,9595.59122,9380.214649994508,7970.745015228778,11032.439454921638,12613
NB20,61,0-5,0.964526,0.9418862010768391,0.7875456932345709,1.1224398363529213,15372.240465,14930.191492067534,12713.069631958962,17699.50455940119,18732
NB20,61,6-11,0.990644,0.9708724866328269,0.8232406155296343,1.142604643113394,8888.002624,10314.272432336584,8789.55389799038,12178.329422136303,7484
NB20,61,12-17,1.14815,1.0895019813393327,0.9258876094251957,1.2776402828164717,28791.859684,25225.44845561264,21394.042345309863,29753.303203815827,21754
NB20,61,18-44,0.703939,0.6826993172394411,0.5691899153457581,0.8168133913537277,98383.160257,110142.91120026913,94347.10887082852,130559.64678261243,134597
NB20,61,45-64,0.685173,0.6580686437493174,0.555134007460691,0.7791180029799997,49374.886077,51942.841517212335,44372.10253666551,61947.33472803212,29482
NB20,61,65+,0.592201,0.5535618316884923,0.47279980232128427,0.6465469422884862,9248.22181,8869.833470842917,7541.230431954609,10391.289352052816,4768
NB20,62,0-5,0.958707,0.9171663845137816,0.764641009502679,1.0943297720375662,14047.343937,13736.661269966862,11696.079412618885,16373.58593864052,12634
NB20,62,6-11,0.985538,0.9412717695017969,0.7966025802473352,1.107935096092085,7979.195779,9223.02037773747,7838.660907488782,10805.757969250903,9127
NB20,62,12-17,1.141086,1.0939670303565987,0.9315382981755465,1.2822888334169016,26386.091245,23001.141123489477,19419.330865038093,27289.451163823716,22413
NB20,62,18-44,0.703495,0.666731058401898,0.554313498369427,0.7985435899401255,92836.6709,104039.1810949361,88973.96303820284,123079.51260820124,154888
NB20,62,45-64,0.685971,0.651221937292823,0.5457585315190397,0.7756316222219009,47117.966628,49011.806069782935,41757.80228180392,58760.97218313743,58534
NB20,62,65+,0.593945,0.5510881968502612,0.46863527389636944,0.6470924231300496,8891.125032,8340.573770450894,7116.970484403311,9786.233169406129,6524
NB20,63,0-5,0.95347,0.8983391486149741,0.750735161543744,1.0708801242722452,12830.579981,12709.061149147106,10860.48854371917,15190.021793270367,10678
NB20,63,6-11,0.98099,0.9178154387414852,0.7761879820164078,1.0800075377501661,7179.496144,8254.419500689022,7007.361139239546,9662.53372600954,7095
NB20,63,12-17,1.134813,1.1099022618683987,0.9404500910497493,1.300987735073909,24137.865017,21237.87217317312,17895.58852163283,25101.411473247223,14587
NB20,63,18-44,0.703262,0.6590042974803773,0.5483956856087475,0.7877093269225072,87456.81861,96393.28025444597,82229.68374874908,114020.82635089103,67393
NB20,63,45-64,0.686924,0.6522107705307274,0.5467940990425343,0.7736653700498776,44858.031087,46527.401727443794,39890.453085150104,55895.30151131004,49398
NB20,63,65+,0.595787,0.5534557668902972,0.4711059776155206,0.6478762667375665,8528.087415,7858.307143213984,6680.399121314413,9241.27369509294,9840
NB20,64,0-5,0.948763,0.8941851597145919,0.746768067296736,1.0633598373398034,11716.002434,11936.207292440464,10157.624183870037,14182.793695445405,13661
NB20,64,6-11,0.976944,0.9084072333520445,0.773081538803556,1.0657912875228974,6473.306487,7431.016120085493,6302.929389164317,8700.405712678097,10997
NB20,64,12-17,1.129261,1.1237091144265263,0.9571050193178193,1.3199748751588614,22048.89064,19827.922788123833,16764.507903807098,23373.47491958062,16797
NB20,64,18-44,0.703222,0.663501874519882,0.5565577600628739,0.7897224085969073,82265.525056,88347.76630145079,75084.93248453084,103913.37445982173,106041
NB20,64,45-64,0.688021,0.6661083049812211,0.5634262087811336,0.7864271396646797,42615.254318,44841.902162833605,38199.25366211496,53145.7631836026,38230
NB20,64,65+,0.59772,0.5669134759655547,0.4850804074135566,0.6611642382169107,8162.504165,7469.152958549967,6367.93109573063,8806.352843423316,6193
NB20,65,0-5,0.944537,0.89410005930678,0.7488238682664675,1.0687255601532768,10697.092399,11140.604146571015,9484.52875894471,13141.67593872454,10599
NB20,65,6-11,0.97335,0.9090683559104205,0.77451460810986,1.069372740463134,5847.547901,6586.540959414095,5621.822781857103,7725.0309570766985,6826
NB20,65,12-17,1.124363,1.1336229271704594,0.9647427400165001,1.3358958474036209,20117.351102,18583.930049548857,15810.662940123584,21865.21717288252,21310
NB20,65,18-44,0.70336,0.674683389480617,0.5658650180579385,0.8070789438588326,77279.011456,80329.86671913695,68312.17625270691,94420.18235350866,64149
NB20,65,45-64,0.689248,0.6857014565394397,0.5783693883108894,0.8131799646228912,40406.657293,43119.841412408045,36378.219695642125,51350.29337013862,37928
NB20,65,65+,0.599735,0.5856904331605449,0.4997086632683669,0.6859297684399049,7797.375142,7120.147340851952,6084.074720451783,8431.14623384591,7303
NB20,66,0-5,0.940745,0.8999011404027797,0.7505381830638126,1.0723102679767456,9767.080342,10338.03085389221,8845.649614516995,12155.975616592914,10609
NB20,66,6-11,0.970162,0.9187207900907304,0.7786297077321598,1.0808129812787575,5291.249659,5811.542135694064,4965.863511515781,6903.012404296547,5108
NB20,66,12-17,1.120057,1.1419985604421523,0.9725919327751801,1.3361484939998143,18338.758705,17381.30659358017,14889.955809896346,20471.346025062026,17929
NB20,66,18-44,0.703657,0.6896429215658756,0.5757143884148155,0.8237606885749954,72508.525132,73110.43644374982,61861.099547482096,85979.0203180192,72778
NB20,66,45-64,0.690594,0.7061662985120214,0.5935530730523667,0.8382895763424101,38246.293234,41764.9160726578,35082.40052901395,49705.7731329815,40050
NB20,66,65+,0.601824,0.6049552629442074,0.5154897912009324,0.7087918625021937,7435.310428,6809.68600566627,5781.243621567963,8025.40768598055,5875
NB20,67,0-5,0.937344,0.9073871211653861,0.761223344517856,1.0812305357037528,8919.184744,9506.430210594903,8065.213200752507,11245.616113905562,11777
NB20,67,6-11,0.967338,0.9281973140077437,0.7916605942284572,1.090212592291107,4795.1944,5129.037992234342,4403.17898073839,6100.929418832995,4282
NB20,67,12-17,1.116285,1.1434369453739839,0.9762972467338088,1.3326108855880685,16706.692753,16143.70031521027,13920.937029009452,18964.599227731815,23463
NB20,67,18-44,0.7041,0.7025847301190291,0.5907235602789311,0.8385602937058615,67961.03084,66888.79400186054,56871.50136366207,78800.92741267476,67945
NB20,67,45-64,0.692047,0.722397380848231,0.6103033465479514,0.8558492847215426,36145.479168,40476.43307156442,33957.948952618055,48545.370286085876,27500
NB20,67,65+,0.603978,0.6216300746092245,0.531983426422068,0.7275056989144827,7078.543787,6480.841186218953,5499.797489411023,7633.308378565765,7158
NB20,68,0-5,0.934296,0.9197301527677824,0.7709351805940498,1.0976713656379955,8146.782586,8661.464388170745,7361.965379479108,10269.970669215476,5598
NB20,68,6-11,0.964841,0.9356860872355032,0.7957661386639107,1.1044952549689657,4351.616738,4507.9080860493705,3876.5929826400243,5298.933360181543,2981
NB20,68,12-17,1.112991,1.1390862055453326,0.9691895799978503,1.3370661968984188,15213.417348,14879.366295478074,12821.270384560106,17460.950107691577,11170
NB20,68,18-44,0.704672,0.7125281339546505,0.5987563917129611,0.853913499593762,63639.857119,61661.38141926192,52119.923645155504,72446.34431450907,53389
NB20,68,45-64,0.693594,0.7270815734770295,0.6147614846850035,0.8631942252237266,34113.055047,39363.43606644822,33451.000392361544,46911.15687391441,48956
NB20,68,65+,0.606191,0.6301031598563105,0.5383621967415668,0.7373624343347828,6728.952287,6176.0082746542175,5234.945961901278,7341.128866467159,6818
NB20,69,0-5,0.931564,0.9241891794240331,0.7735662991332368,1.1044108693419503,7443.525576,7848.893015717855,6669.468377595302,9287.936053687241,7843
NB20,69,6-11,0.962634,0.9355381063610729,0.79468999151099,1.1059786011226882,3953.950807,3968.1747623812407,3397.3273383774795,4676.719105908647,5120
NB20,69,12-17,1.110126,1.1343571733975797,0.9624091668901094,1.3294649707837232,13850.385101,13604.555858539417,11633.829892152455,15916.058064236771,12618
NB20,69,18-44,0.705361,0.7167423143346053,0.5995717231624468,0.8583609017468407,59545.291032,57109.503557610326,48265.315552147105,67070.01243110932,52473
NB20,69,45-64,0.695226,0.7264232054298692,0.6106038574350234,0.8632225147829662,32155.655579,37735.48373083421,32424.433228244074,44784.69486439973,44990
NB20,69,65+,0.608455,0.635009069858387,0.5409409909574232,0.7444078281493911,6388.080458,5897.655563942331,4953.120863309945,7009.107841392164,5170
NB20,70,0-5,0.929115,0.9259114355670657,0.772865517948292,1.106546392373778,6803.414233,7091.3500282599125,6054.1300218947,8387.457212497946,7192
NB20,70,6-11,0.960687,0.9348378458219463,0.7934274403587207,1.103711510094492,3596.621004,3487.548220875673,2961.570090711117,4081.248602543492,4705
NB20,70,12-17,1.107642,1.1234912365024998,0.9568430281912249,1.3136086926475847,12608.637085,12405.1274318574,10549.700114282314,14459.9395094411,14551
NB20,70,18-44,0.706151,0.7191274705493751,0.6012265149158343,0.8607840648992892,55675.117432,53487.77987621259,45271.53508531302,62795.86985017918,50168
NB20,70,45-64,0.696931,0.7244203405043013,0.6072967159410102,0.8618708095651146,30277.982938,35796.281841699034,30601.28950351267,42426.260438498575,44575
NB20,70,65+,0.610762,0.6401533793867764,0.5439936969157693,0.750485894721338,6057.167489,5689.337677968433,4792.375509459409,6720.267790950311,4357
NB20,71,0-5,0.926917,0.9238887167203358,0.7725327023843382,1.1022850571848761,6220.840038,6402.533605067292,5462.455010950565,7552.043831028044,8227
NB20,71,6-11,0.958969,0.9358754713717048,0.7928929549562018,1.104365039317106,3274.86989,3048.7549375779927,2599.1184923388064,3587.040892958256,2829
NB20,71,12-17,1.105496,1.1225953827819026,0.9581405715336573,1.3100125315725628,11479.111743,11325.718152321759,9601.044701090781,13211.737748983083,10690
NB20,71,18-44,0.707032,0.7210958257566258,0.6017005468458602,0.8624621752183323,52025.101273,50471.069579036906,43223.741021336056,59269.223785840906,57967
NB20,71,45-64,0.698699,0.724465901884797,0.6100892738573268,0.8566758240928457,28483.071358,33526.079014238436,28338.800706103444,39665.52426385833,37772
NB20,71,65+,0.613105,0.6436829968866806,0.5498471959321959,0.7507342214602234,5737.176142,5569.299462114635,4737.040897190396,6603.722893938539,6791
NB20,72,0-5,0.924943,0.9225116397774507,0.7704065973495493,1.1041094715330964,5690.604007,5763.079513254808,4908.390369594097,6747.5146086819,5064
NB20,72,6-11,0.957455,0.9383350353480664,0.7947019966307083,1.110679515037712,2984.61745,2683.3685595775023,2282.842838239856,3176.102172637824,2076
NB20,72,12-17,1.103649,1.1266472316109528,0.9623591166745212,1.3171507439277064,10452.876198,10373.543521472951,8799.95511681796,12197.181391944876,8431
NB20,72,18-44,0.70799,0.7235991487220983,0.6044019617681529,0.8684228692806781,48589.413382,48142.17149046343,41431.35991631728,56583.81546871059,47275
NB20,72,45-64,0.70052,0.7274361628127725,0.6132249192109347,0.8642955389851693,26772.537159,31004.235346793197,26248.0724491477,36718.0357498643,25001
NB20,72,65+,0.615478,0.6473008427433216,0.552702655850945,0.7575034392597377,5428.822293,5521.255395678163,4676.559939085448,6543.879903550551,4612
NB20,73,0-5,0.923165,0.9187254862811779,0.7680697684668163,1.098315054921986,5207.918358,5211.905628537526,4437.990431099082,6139.1865063398145,3752
NB20,73,6-11,0.956118,0.9416033761430058,0.7987144412212763,1.1123091620190908,2722.346386,2395.957893420942,2040.0053766882047,2838.251051066909,2240
NB20,73,12-17,1.102064,1.132979902824844,0.9670525830450449,1.3231217802589452,9521.293105,9547.59540280141,8133.05008847639,11266.344529557275,9426
NB20,73,18-44,0.709014,0.7279473916799644,0.608583066178492,0.8717079177147308,45361.001664,46103.74428706523,39600.757472732104,53993.640777942725,48129
NB20,73,45-64,0.702385,0.7356357738628259,0.6180891112079192,0.8738339192925892,25146.809907,28825.014946697513,24413.907265503425,34295.01550327102,27008
NB20,73,65+,0.617875,0.6508838347534693,0.5543861922260691,0.7610850956778673,5132.604168,5480.333847296599,4654.729074791016,6459.44480989076,6108
NB20,74,0-5,0.921561,0.9091893795551695,0.7600324438404114,1.0884864175572304,4768.396491,4722.613329276675,4049.1193502342794,5577.667917944025,6039
NB20,74,6-11,0.954937,0.9393252810983097,0.797188750964086,1.1089385327238093,2485.008817,2152.773523474112,1827.1539371283725,2549.5736645865254,2440
NB20,74,12-17,1.100708,1.131810523793384,0.9693476322556104,1.320911881321802,8676.135176,8779.890811806312,7472.140868653776,10362.24643513211,8784
NB20,74,18-44,0.710094,0.7263741730713585,0.6080251198357688,0.8691757213534314,42331.91077,43819.98750815075,37508.259193395264,51432.29078308586,36058
NB20,74,45-64,0.704286,0.7368228311818653,0.6224812378910038,0.8719523598297314,23605.342246,26933.795663555153,22824.34827984823,32202.48455184698,23666
NB20,74,65+,0.620288,0.6475404151305565,0.5534628460726103,0.75701312222328,4848.830609,5346.30295838532,4533.265098933654,6291.419394717086,5627
NB20,75,0-5,0.920107,0.899113940056617,0.7488547908400957,1.0747015418094223,4368.035253,4285.3100980676245,3660.596064603422,5080.889221444493,4531
NB20,75,6-11,0.953891,0.9345608848934226,0.7887744835339886,1.1031543978911975,2269.950396,1955.9052600204013,1653.7474408247508,2299.694779536221,1880
NB20,75,12-17,1.09955,1.124916102055458,0.9596246173377494,1.3105047883927454,7909.658184,8075.349268772174,6872.491660431959,9494.3952744212,8990
NB20,75,18-44,0.71122,0.7225674724757802,0.6008386018058145,0.863631175961402,39493.554038,41195.66708627343,35141.30449302774,48581.12449444377,51617
NB20,75,45-64,0.706214,0.7346682696946322,0.6187788348646628,0.8664687597322669,22146.797279,25381.25812175055,21508.117768979166,30352.713552735746,16975
NB20,75,65+,0.622713,0.6408364141768106,0.546091659647066,0.7464921718538271,4577.647816,5113.548032677907,4323.96850564098,5975.832511919783,4973
NB20,76,0-5,0.918783,0.8838203032066926,0.7384745981930476,1.0600306229166028,4003.192494,3896.9460094049573,3308.478397961473,4625.066748791141,2842
NB20,76,6-11,0.952961,0.9225568243036133,0.7828843652760089,1.09340369851219,2074.848527,1777.8263628468849,1502.0728418845683,2105.1243659416214,1539
NB20,76,12-17,1.098564,1.108219083930761,0.9451906703022872,1.2992719427950687,7214.641744,7385.321140971733,6325.6000112770125,8685.196480604354,7595
NB20,76,18-44,0.712382,0.7103769324361835,0.5944858510547546,0.8542174464718575,36836.941958,38617.92681290675,32832.207764072344,45395.30172206927,28066
NB20,76,45-64,0.708162,0.7217195891606218,0.6079593965705239,0.8586573990157956,20769.213518,24001.72207226744,20458.73438942386,28571.342782455962,28170
NB20,76,65+,0.625143,0.6246631082318083,0.5322549000971797,0.7320076048313626,4319.064232,4796.712262615678,4065.936854694737,5584.034800902067,5613
NB20,77,0-5,0.917571,0.8597646586799178,0.7161658339945064,1.0325331927343915,3670.562094,3551.4795127348043,3010.223302279599,4182.146020048298,3891
NB20,77,6-11,0.952128,0.8975691596690469,0.7569688438603157,1.0649239380844542,1897.661917,1635.3979935920797,1386.1468534716405,1940.1912889913656,1259
NB20,77,12-17,1.097722,1.0732051272846541,0.9149696618783573,1.2574848457260734,6584.405666,6746.406446479261,5748.967261083191,7895.79496409907,6000
NB20,77,18-44,0.713572,0.6876401479288294,0.5706746612382415,0.8289641548796995,34352.871619,35911.854149843566,30357.081132429652,42014.56071619131,46680
NB20,77,45-64,0.710121,0.6945069944443127,0.5815896083107581,0.8267831076301028,19470.148163,22786.038111197762,19504.511263104156,26706.4857616676,24337
NB20,77,65+,0.627574,0.598965535054001,0.5078414363598477,0.7034344052099368,4072.973328,4401.433620511321,3751.7113087920407,5124.713801453058,5138
NB20,78,0-5,0.916454,0.8367326864136082,0.696124716708767,1.0042087922008578,3367.148007,3216.668122617295,2723.706187479198,3799.122799184639,3243
NB20,78,6-11,0.951377,0.8674687986652962,0.7325894350312055,1.0280241170516908,1736.589252,1506.2501487415284,1291.3369029754776,1764.9774341433156,1658
NB20,78,12-17,1.097002,1.038359749437501,0.8834089609058666,1.2193226850669714,6012.808321,6152.940848992672,5265.170579164289,7218.326298492961,5750
NB20,78,18-44,0.71478,0.6630736869910938,0.5509635373108062,0.7981544796353,32032.081574,33101.73735529836,27984.40473025758,38792.790600722656,30090
NB20,78,45-64,0.712086,0.6649148638066757,0.5582625714621613,0.7912262049153131,18246.79999,21296.618272231426,18162.721841156017,24838.13756438298,23107
NB20,78,65+,0.629999,0.5728489335892563,0.48719840228034933,0.6733690520793635,3839.174205,4005.0558367737685,3429.1982633337925,4680.38324296684,3320
NB20,79,0-5,0.915414,0.8217488990370876,0.6841461396770582,0.9830608508249269,3090.23844,2930.031440732302,2495.847997762263,3442.8563506132923,4160
NB20,79,6-11,0.950693,0.8444122603238269,0.7138954417521229,0.9999844204705924,1590.035166,1387.3839609250426,1193.9571430040523,1609.67141657928,1526
NB20,79,12-17,1.096383,1.0070701934217792,0.858037563915161,1.1798286223701808,5494.232166,5621.769053877797,4820.699531535851,6615.407677158713,6082
NB20,79,18-44,0.716001,0.6465653024101294,0.5384152983108702,0.775830893505108,29865.376471,30581.41961918492,25959.819416549988,35842.86786443833,34523
NB20,79,45-64,0.714049,0.6424747834531086,0.540768391058703,0.761921170698486,17096.113497,19700.448212174233,16897.914266073145,23199.746741143987,28949
NB20,79,65+,0.632415,0.5546394562821445,0.4722146985862792,0.648985874981137,3617.389964,3632.0125651221024,3110.0352228497504,4279.3457191939815,4424
NB20,80,0-5,0.914439,0.817411070717518,0.6806655223697177,0.9790777438551176,2837.380848,2666.6973617461044,2266.9627530081198,3135.448507182533,1473
NB20,80,6-11,0.950063,0.8321862145635242,0.7024982458693096,0.9871464114369819,1456.582078,1272.3864086000249,1083.5899002957158,1484.0827932343818,2094
NB20,80,12-17,1.095845,0.9916251121097515,0.8463442594392966,1.1620826675431501,5023.560512,5134.4081861854065,4389.521297942381,6042.747936586157,7132
NB20,80,18-44,0.717225,0.6397351063199168,0.532207078604939,0.7683870990750084,27843.725495,28204.379736620933,24043.430083193816,33222.982294810936,28382
NB20,80,45-64,0.716005,0.632823621958746,0.5321494912681866,0.7494365389336576,16014.866088,18004.76749013667,15486.76580883842,21327.198173239827,16235
NB20,80,65+,0.634817,0.5472035461212166,0.46593814735769123,0.6407062061461178,3407.283915,3315.381312576472,2821.3926682434394,3924.8068009195267,2885
NB20,81,0-5,0.913513,0.8196099417154834,0.6820704272501987,0.978897028905104,2606.35823,2436.3770611211658,2077.1299933965784,2884.8125335667246,2222
NB20,81,6-11,0.949472,0.8321309918102118,0.7009798979995185,0.9844198300745215,1334.966727,1162.9909586724825,989.1296487944201,1356.337029674556,1061
NB20,81,12-17,1.095371,0.9964114578106205,0.8507889647984567,1.166173681143964,4596.148715,4723.304294464178,4040.786061733961,5558.82630294119,4377
NB20,81,18-44,0.718448,0.6415741221954869,0.5328377086424683,0.7688360876125285,25958.338424,26296.164328920655,22556.296578940935,30850.48211049009,19599
NB20,81,45-64,0.717947,0.6340605173329024,0.533309920352293,0.750978793773581,14999.740158,16306.79934842838,14010.918306315783,19362.46543199895,15299
NB20,81,65+,0.6372,0.550110751009202,0.4687471500752101,0.6436152752160035,3208.473716,3081.0132453592378,2624.976595276501,3631.63842424663,2984
NB20,82,0-5,0.912626,0.8221906479204564,0.6833317796953954,0.9842433595525095,2395.166974,2234.311039149761,1903.1286303815432,2647.1315905011725,2589
NB20,82,6-11,0.948911,0.8387182944429643,0.7076530522214152,0.9926769456643268,1224.060502,1058.5160180563107,892.4089464680292,1240.646281070076,561
NB20,82,12-17,1.094944,1.0168459783938764,0.864509349661173,1.1896314713991687,4207.792174,4333.19396654726,3728.786159598967,5094.181148772128,2716
NB20,82,18-44,0.719661,0.647139456393059,0.5380600999817846,0.7766136750970856,24200.722704,24440.973821465857,21081.238832627423,28740.450119138695,25671
NB20,82,45-64,0.71987,0.6428035194261772,0.5418393173488171,0.7610141716638278,14047.381915,14811.722868476063,12621.631150307356,17566.354734161403,15385
NB20,82,65+,0.639561,0.5612026930275757,0.4794228839486914,0.655724847620844,3020.543563,2858.869728221849,2440.3215771505493,3385.0852562848013,2648
NB20,83,0-5,0.911765,0.8266656129320427,0.6832061197631428,0.9918265724262594,2201.996369,2038.5205772991758,1739.345296913525,2415.1479109195207,1921
NB20,83,6-11,0.948368,0.850128630647055,0.7119211523786707,1.0082757096816748,1122.852833,959.9842021916993,808.1685629435815,1126.0658050659113,870
NB20,83,12-17,1.09455,1.0384566212646502,0.880298530173926,1.2149962891471395,3854.692944,3981.969939775765,3424.582000082126,4649.772543160478,3654
NB20,83,18-44,0.720859,0.656138766206926,0.5412543626198828,0.7877566961529505,22562.72463,22661.03446848225,19626.238127822988,26657.24960762728,23488
NB20,83,45-64,0.721769,0.6573194566216111,0.550452041786042,0.779076030437158,13154.448672,13424.137845152058,11406.802656128537,15968.701304824091,7933
NB20,83,65+,0.641895,0.5787151629964241,0.49170840661641996,0.6771327616044137,2843.054607,2652.4584488804685,2260.0404012670624,3136.12332498288,3021
NB20,84,0-5,0.91092,0.8319024508069252,0.6917285522543455,0.9982130910425456,2025.209824,1861.9464698038064,1573.683134525019,2189.3045432309154,2173
NB20,84,6-11,0.947834,0.8598552260886041,0.7263907696150607,1.022249800531552,1030.437079,868.568461287301,729.3646438373253,1025.2814323483035,1004
NB20,84,12-17,1.094175,1.0515172333766367,0.8944583593746136,1.232982435883003,3533.426253,3664.7596313038375,3142.5643549640663,4276.422082407633,4170
NB20,84,18-44,0.722038,0.6627684853268925,0.5518016809611324,0.799616113433566,21036.557339,20900.53085173387,17970.20581931807,24432.578637204562,22894
NB20,84,45-64,0.723639,0.6693485018144231,0.5646460744339857,0.7961153837268758,12317.646236,12183.89820501348,10340.420067397878,14419.599269007798,11100
NB20,84,65+,0.644198,0.5969449297035909,0.5092207043089619,0.6991758240662617,2675.553738,2460.808027215535,2095.878140778339,2958.8220450531226,1435
NB20,85,0-5,0.910081,0.8417892332096999,0.6968675433055161,1.0108522120863248,1863.327747,1693.2136193669867,1439.8162436846178,1991.4494150199462,1268
NB20,85,6-11,0.9473,0.8767598847041869,0.7382608771062146,1.0391652350591412,945.998449,790.6254258237313,663.53118239576,939.2932730913162,788
NB20,85,12-17,1.093807,1.066731272687339,0.9060627847412213,1.249541279767149,3240.907839,3371.8476343714865,2873.1179784119595,3931.6825419974048,3002
NB20,85,18-44,0.72319,0.6733729147414829,0.5581702725174572,0.8100431582179829,19614.818001,19086.748515420593,16322.1105454918,22320.66205466073,19101
NB20,85,45-64,0.725476,0.6825637649768719,0.5723486261245858,0.8105338631082292,11533.757881,11136.361017312389,9445.58036157582,13105.668610501103,13051
NB20,85,65+,0.646468,0.6153864942694747,0.5226749297221128,0.7203258528000529,2517.580922,2296.7055178222945,1959.887232406938,2743.9465817250893,2000
NB20,86,0-5,0.909241,0.856741884008662,0.7111562767958458,1.029612912738401,1715.012017,1545.2272701885086,1318.1744815583806,1823.2886152458377,1791
NB20,86,6-11,0.946757,0.897002099602201,0.7577770818415067,1.0616592546464376,868.803605,724.2546489597298,609.9792397012934,860.5699505973607,573
NB20,86,12-17,1.093435,1.0796597221720106,0.9189887638128009,1.2658128650857117,2974.362717,3095.0451883554924,2650.1301049226895,3652.681013325928,3554
NB20,86,18-44,0.724313,0.6867320026398833,0.5709868419320666,0.824006785985046,18290.496243,17347.34804695472,14765.2319472339,20453.089773615822,17440
NB20,86,45-64,0.727275,0.6971099149750721,0.584156070791255,0.8245381591249187,10799.666217,10281.78904538136,8704.952770513948,12104.787912908476,10371
NB20,86,65+,0.6487,0.6325126338810114,0.5369865450611543,0.73877408802756,2368.675246,2164.2321550634806,1835.335081329802,2587.401379488874,2734
NB20,87,0-5,0.90839,0.8727112183019359,0.726894835808293,1.049909953944684,1579.051949,1421.2173853977583,1208.3800763709005,1679.6857070736587,1366
NB20,87,6-11,0.946198,0.9163681363769537,0.7748412329849989,1.0880181058954979,798.191647,672.1235137404874,564.5173853687011,796.6375273242593,662
NB20,87,12-17,1.093047,1.0947640050464718,0.9336893261789235,1.2796919380814618,2731.295777,2849.1971631248016,2445.55102609843,3381.006687844405,2731
NB20,87,18-44,0.7254,0.7003244073117786,0.5836197858071379,0.8442406086731601,17056.975586,15818.593505225144,13447.496545950882,18782.573736445047,12923
NB20,87,45-64,0.729032,0.7127139789190982,0.59852314811399,0.8458090942822534,10112.369144,9503.66319479281,8027.449968276545,11268.334686261136,11323
NB20,87,65+,0.650892,0.6510063745170781,0.5523408573311124,0.7622058903926936,2228.379826,2064.7707645579358,1741.4819706169656,2461.5087495045736,2245
NB20,88,0-5,0.907521,0.8902832364377364,0.743265347339307,1.0656462904063708,1454.351632,1305.026395623805,1103.021490987623,1545.1323668474797,1113
NB20,88,6-11,0.945615,0.933807195216487,0.7921574648113416,1.1070742985532478,733.566273,628.1604404277168,528.4355444931425,740.4498710893095,585
NB20,88,12-17,1.092636,1.110695155718159,0.9497190952451597,1.2980389658407299,2509.464408,2624.0147379923146,2240.0296337755863,3090.1231464080047,3054
NB20,88,18-44,0.726449,0.7161854691787286,0.5987592396111983,0.8601474261935568,15908.029376,14530.130289385095,12341.703563529067,17190.690412461758,15392
NB20,88,45-64,0.730743,0.733024014849216,0.6189700826971871,0.8665398146858143,9468.990915,8858.969301964622,7463.796648918185,10465.070023904089,7873
NB20,88,65+,0.65304,0.673370762593473,0.5734099479186372,0.7874657418494744,2096.245738,1985.4400498253526,1673.3992526974762,2377.4968648815993,1618
NB20,89,0-5,0.906628,0.9102428550007933,0.761132736101923,1.0897997866901286,1339.91854,1199.3876366738696,1015.0145392238628,1422.8625643909909,1389
NB20,89,6-11,0.945004,0.9539431731319427,0.8106630920242914,1.1297609729391638,674.388904,586.2210616166703,493.8414695840329,691.2845689384267,639
NB20,89,12-17,1.092192,1.1311651614723381,0.9675413153800123,1.321677365692149,2306.853268,2419.253856458701,2066.4564155205153,2835.778358212905,1804
NB20,89,18-44,0.727454,0.736584905176973,0.6168760174630359,0.8838827845812633,14837.812471,13452.599824337289,11378.773548585365,15837.027235382237,14884
NB20,89,45-64,0.732405,0.7569895600180448,0.6393080784078427,0.8924677871276382,8866.789195,8286.803993732203,7039.819710991345,9744.568372369744,6143
NB20,89,65+,0.655142,0.6954457000151866,0.5944653770523441,0.8114865275103893,1971.835097,1915.0674035283155,1605.5408253010246,2287.9352121712873,2083
NB20,90,0-5,0.905703,0.9362290612425539,0.7850140392559621,1.1226009045281053,1234.853285,1109.1376992384903,942.9534144662321,1312.487989047775,1078
NB20,90,6-11,0.944357,0.975522314927417,0.8295219382313668,1.1594619736035052,620.172649,546.6892342055216,464.3791636764072,641.2556704753187,494
NB20,90,12-17,1.091708,1.1534148762554157,0.9864039818908498,1.3457968091702117,2121.651185,2226.410000593867,1899.4411080048885,2599.3030387763865,1951
NB20,90,18-44,0.728412,0.7597197717734776,0.6371761062166339,0.9135384610979759,13840.849731,12496.476725512184,10577.048970027827,14764.524748646654,13249
NB20,90,45-64,0.734015,0.7805123703409403,0.659816089968233,0.9227763022541334,8303.158879,7826.597405317472,6623.01706438465,9136.19464262994,7921
NB20,90,65+,0.657195,0.7165421029231644,0.612959374389974,0.8382926802381947,1854.723408,1843.7696579063195,1550.7241294599953,2194.9754683915526,1721
NB20,91,0-5,0.904742,0.9592660046751184,0.8018980502652459,1.152174617233968,1138.340422,1033.466938355472,884.0042274668813,1214.9364862744696,787
NB20,91,6-11,0.943669,0.9931049927162648,0.8406945195167423,1.182374470097938,570.476969,508.1416455907747,431.5247313748114,596.7969673322514,679
NB20,91,12-17,1.091175,1.160824016357013,0.990834650998594,1.356203129975138,1952.230143,2042.3559676150326,1749.5401623907965,2383.8595063271932,2655
NB20,91,18-44,0.729321,0.7797790206330297,0.6524625157005742,0.9400993940826049,12912.022179,11627.84857475292,9875.202724432573,13763.264950744808,8718
NB20,91,45-64,0.735569,0.7979696939125807,0.6726814788092829,0.9449218545005934,7775.633331,7458.833828271832,6351.736460370943,8662.560693648644,7670
NB20,91,65+,0.659196,0.7327269082231441,0.6254281857270408,0.8550144479241782,1744.501307,1769.930990490364,1497.2439131823485,2099.140046102053,2049
NB20,92,0-5,0.90374,0.9793859643251326,0.8149163162323371,1.1720529238470467,1049.640184,966.9399292685557,819.7345858132467,1134.4952749283984,908
NB20,92,6-11,0.942936,1.0126988258649092,0.8513721410729409,1.1997775669576063,524.902963,470.19249459612183,400.68867341894656,557.6549482252449,461
NB20,92,12-17,1.090589,1.162632570239925,0.9892876617591968,1.3592897802891355,1797.126258,1869.2258215057664,1603.465216808254,2182.81828664802,1481
NB20,92,18-44,0.730176,0.7981885370766975,0.6617125079944103,0.9588082232264378,12046.551547,10925.193963829428,9286.146795923822,12958.128620757721,10016
NB20,92,45-64,0.737065,0.809599795133449,0.6798870170964141,0.9615569720128821,7281.883578,7112.088481292594,6075.657900310587,8250.137290351093,5011
NB20,92,65+,0.661143,0.7390739865778231,0.6300301853684961,0.8646166395127624,1640.775786,1698.0737763862708,1433.5918222399778,2009.0269088086789,1081
NB20,93,0-5,0.902691,0.975268384325185,0.8112149190338712,1.1666767120148778,968.081065,898.275408300804,763.3630744447645,1045.3722334182821,1213
NB20,93,6-11,0.942153,1.0140990972942352,0.8517884592156958,1.201456153612584,483.089165,431.7064116606489,368.1680240496062,514.073358297348,610
NB20,93,12-17,1.089942,1.1407913278766162,0.9713910065336038,1.3301655637187153,1655.022618,1700.5626802146435,1457.9279976743273,1994.2992968880571,2014
NB20,93,18-44,0.730974,0.7960491220646806,0.6596452288678788,0.9546247574221908,11239.983776,10362.406575563364,8838.995900276117,12310.084882325704,11443
NB20,93,45-64,0.738499,0.7991602517953346,0.6700964860411591,0.9493594066300637,6819.71592,6753.670466257259,5770.755962604657,7869.328870219644,9335
NB20,93,65+,0.663033,0.7248406652922013,0.6155257806828337,0.8490858249649293,1543.17099,1619.8799076669384,1383.2457960193278,1903.1269229300087,1601
NB20,94,0-5,0.901591,0.9670210042082319,0.8060603252449655,1.1613875833138743,893.053167,825.5089439158328,702.8618312217295,962.8091209334312,450
NB20,94,6-11,0.941316,1.0145940177824464,0.8572996179898759,1.2048095903571154,444.707816,395.7232025368139,333.4927790481597,474.15524771111086,203
NB20,94,12-17,1.089229,1.1174691436835835,0.9547892262488974,1.3046671713405804,1524.733851,1532.3940405740868,1312.1241646769922,1808.2514501288533,1525
NB20,94,18-44,0.731714,0.7893830301948979,0.6572804612594116,0.9491335248119805,10488.171941,9902.366987609304,8446.3959100442,11812.302204555832,11008
NB20,94,45-64,0.739869,0.782514912598024,0.6584020255615299,0.9310102408973483,6387.068348,6324.555933122989,5403.955550676677,7430.072402650025,8087
NB20,94,65+,0.664866,0.7012118930841633,0.5974231458327416,0.8233958374861244,1451.328661,1522.7547973273322,1302.3241225960664,1780.075418474935,2080
NB20,95,0-5,0.900436,0.9554695237817514,0.7890683500238931,1.146761907642181,824.002213,760.9354141920339,647.140334488824,886.8823390596081,1246
NB20,95,6-11,0.940421,1.0203819193936834,0.8542550713567373,1.2114537355854438,409.461528,367.78409151919186,310.8060679757036,440.9758112267591,222
NB20,95,12-17,1.088446,1.1030560339119377,0.9372323524039913,1.2906005606792559,1405.19229,1387.1920667721424,1184.1895631258376,1654.570123102516,1691
NB20,95,18-44,0.732392,0.7870540943989822,0.6485522738622013,0.948257393117371,9787.258972,9570.27045966126,8177.964172368869,11394.700124122202,8882
NB20,95,45-64,0.741173,0.7727791151095988,0.6462233407700626,0.9203034992288369,5982.006074,5909.889609839302,5011.17938301852,7022.482726195827,4812
NB20,95,65+,0.666637,0.6829471549642653,0.5794834532871334,0.8022836541273846,1364.908291,1425.8196135916514,1216.83814733912,1670.8027392036165,1833
NB20,96,0-5,0.899222,0.9448776795850224,0.7844792683914935,1.132378676688142,760.424181,698.4822265228722,591.859763411805,820.1505868013483,732
NB20,96,6-11,0.939465,1.016042840908078,0.8550981737064779,1.2050516293287445,377.080302,349.1586251100525,296.9017835194245,415.49965269397944,357
NB20,96,12-17,1.087587,1.0928318373819395,0.9300814949133008,1.277336666418131,1295.435588,1264.2485514262225,1073.8166179929337,1507.3128735222854,1118
NB20,96,18-44,0.733005,0.7826987618603627,0.6486936846354238,0.9400442981342852,9133.660439,9321.809496291913,7974.537428342737,11035.570950125344,6487
NB20,96,45-64,0.742408,0.7661389812368837,0.6438156865294737,0.9099084183645566,5602.716436,5507.934322766494,4689.834071205463,6554.084866699297,6592
NB20,96,65+,0.668346,0.6718591258958813,0.5724806547410701,0.7869690229288768,1283.587053,1334.3850179914152,1136.4128805139917,1573.9762348168879,1658
NB20,97,0-5,0.897947,0.9262796254995,0.7633898256108225,1.109166551810571,701.860473,641.0191714605317,540.3503044995014,754.2470310374629,579
NB20,97,6-11,0.938445,0.9964224717512675,0.8337007474300498,1.1791187725591423,347.318863,333.9860176630318,283.98324131639674,395.55833383696154,426
NB20,97,12-17,1.086649,1.0868227938860948,0.9266419395618442,1.2688159252909172,1194.595641,1151.7422303864732,972.8710370010231,1374.6942538926378,1182
NB20,97,18-44,0.733553,0.7706154528663632,0.6346309769428566,0.9235925512844779,8524.047648,9070.993265643716,7725.569452132098,10809.18301430624,12519
NB20,97,45-64,0.743572,0.7587916549974532,0.6362745056775296,0.8988162506365521,5247.503381,5144.709950262215,4334.353748303838,6165.963530544657,5653
NB20,97,65+,0.66999,0.6663254283582558,0.5670246536517155,0.7790817585082046,1207.059539,1235.7663497215253,1051.0431232560659,1472.581947722123,1112
NB20,98,0-5,0.896607,0.9091357544815927,0.7522074825685521,1.100344016322542,647.893577,585.8636015753727,491.39490543771535,692.4486537526827,524
NB20,98,6-11,0.937357,0.971440005833111,0.8158985959517836,1.1633248404884042,319.954262,317.38839910319075,270.41668217116967,375.0431769934945,385
NB20,98,12-17,1.085628,1.0915148998206659,0.9333234585493349,1.2738062754690398,1101.888713,1054.3374072262086,886.3400597996078,1259.4094725898467,902
NB20,98,18-44,0.734032,0.7580966574207201,0.6279585498813496,0.9194614444002597,7955.331194,8804.168552845716,7475.853964632377,10382.902008141391,9024
NB20,98,45-64,0.744663,0.7590653013555746,0.6388001357691728,0.9022004577121803,4914.781706,4797.4183595767245,4028.441887035966,5771.480047173332,3533
NB20,98,65+,0.671568,0.6710191855142421,0.573099898137582,0.7852600139152517,1135.037362,1142.180359181133,967.3220944789355,1364.7151813511155,655
NB20,99,0-5,0.895199,0.9042410178466326,0.7522500404000516,1.0838228042770766,598.143158,544.1797374004964,455.612847071141,650.1749077173881,475
NB20,99,6-11,0.9362,0.958398583876712,0.8076447392124367,1.1353581275116371,294.783728,301.73477023560554,256.1071486044675,356.4738537417725,286
NB20,99,12-17,1.08452,1.099741143524871,0.9392206098379998,1.2836567725265704,1016.606612,976.9297871449962,824.7194784877356,1159.67238504719,834
NB20,99,18-44,0.73444,0.7551906758701641,0.6291038907502637,0.9051152029780569,7424.645107,8439.606702344492,7185.784322474152,9874.649678476155,9002
NB20,99,45-64,0.74568,0.7647047063279331,0.644443430436621,0.9065565590305132,4603.071171,4554.546825446654,3839.506039617583,5437.776322134305,2500
NB20,99,65+,0.673078,0.6804841392015004,0.5799799994286877,0.7971834852088227,1067.248648,1068.64608835947,902.7591581908739,1283.3844709668774,939
NB20,100,0-5,0.893721,0.8951212846879564,0.7383907425581374,1.0746251184744895,552.262545,512.9870150885545,431.63772991346195,613.0354447546415,441
NB20,100,6-11,0.934972,0.9370004616434022,0.7836097524563359,1.1136523567208645,271.622741,284.7991406638175,241.01628947770223,337.1151595218107,280
NB20,100,12-17,1.083323,1.0913986007643943,0.9298803177548363,1.2753894375078492,938.108836,911.0977537252475,768.7793088280596,1075.590821347665,965
NB20,100,18-44,0.734777,0.7419687892408761,0.6112173430120545,0.8926041600223985,6929.33166,7916.99679876212,6747.156679845415,9262.559658793733,6988
NB20,100,45-64,0.74662,0.7556223852400781,0.632782168887522,0.8993434092237675,4310.990614,4371.812698111869,3720.1949679255486,5180.116360369138,3988
NB20,100,65+,0.674518,0.678112359646666,0.575438798164917,0.7957712515444962,1003.437446,1007.8640823911992,854.7272379369242,1197.5386517115985,1131
NB20,101,0-5,0.892172,0.8734753938703235,0.7255703800121783,1.0473601401612522,509.935566,490.056825887179,411.2248086973559,584.5477532360237,475
NB20,101,6-11,0.933669,0.9067245621319195,0.7618926089388824,1.0761666818600548,250.30329,266.0037661304232,224.71112775523216,315.15631830552593,284
NB20,101,12-17,1.082034,1.0691318459413073,0.9136874844700716,1.2500405582714356,865.815563,848.211169987917,721.6724903087597,1000.0624306439422,792
NB20,101,18-44,0.735039,0.7187684906208287,0.5962389757195687,0.8631610948465508,6466.926908,7317.377339881845,6273.561182008125,8520.61504836753,6344
NB20,101,45-64,0.747482,0.7345363829362139,0.6173123730050376,0.8737497286075504,4037.252123,4215.737229460385,3594.2858876897953,4966.094033300411,6427
NB20,101,65+,0.675888,0.6663234882178166,0.5660402660418498,0.7824760062771082,943.363086,947.4019689780544,805.971325935272,1127.7919588914374,761
NB20,102,0-5,0.890549,0.8423242838305626,0.7017554857418115,1.0142482515965587,470.873693,465.30829106620513,391.74362125853077,549.0403335059527,437
NB20,102,6-11,0.932291,0.8710132657636188,0.735373289880358,1.038322969600226,230.67231,244.8108891150914,207.9225116316229,290.2005563778803,218
NB20,102,12-17,1.080649,1.0383560311326017,0.8852787488829431,1.2170782800095348,799.201407,789.048185595544,669.4733582932968,929.6989981760271,780
NB20,102,18-44,0.735227,0.6907041543459216,0.5746761008721474,0.8334287329050195,6035.146988,6691.730654623359,5751.394545656629,7770.27421826683,7238
NB20,102,45-64,0.748264,0.7096024210967133,0.5957363177912599,0.8450032571461225,3780.655345,4008.253294943832,3414.746970067732,4682.239317947999,3943
NB20,102,65+,0.677185,0.6493276057136378,0.5523268591418311,0.7627014637877128,886.799497,891.7939529846772,761.9234256732161,1064.0314303020714,1014
NB20,103,0-5,0.88885,0.8152096771291051,0.6769981017033692,0.9816801379733904,434.813468,438.48223075224087,371.69926702277735,519.4552988185715,494
NB20,103,6-11,0.930835,0.8390063313021751,0.7070238963866882,0.9987864954558073,212.590278,223.59851422486827,188.6161037948914,265.31362917879596,182
NB20,103,12-17,1.079168,1.005214953689399,0.8568226664588796,1.1800886072111572,737.78986,736.0868840161711,624.2393414613325,864.9768628743477,669
NB20,103,18-44,0.735338,0.6663252126292787,0.5535204854249709,0.8030144118909699,5631.875185,6094.183258764446,5200.315506102517,7117.7522444287315,6897
NB20,103,45-64,0.748965,0.6867638654102952,0.5768757726685513,0.8196630252914037,3540.081974,3752.8535682554357,3197.002099457197,4398.223815771285,4012
NB20,103,65+,0.678408,0.6316570505785812,0.5373280387244603,0.7423930824861661,833.534501,848.2450484779547,717.4172783558024,999.363266322529,831
NB20,104,0-5,0.887073,0.7945649154767043,0.661633343347847,0.956151397796469,401.514187,411.8743775631301,351.2636678023264,489.48915107920766,500
NB20,104,6-11,0.929301,0.8142879310921198,0.6881248296149759,0.9709563995313398,195.929937,203.25308383628726,172.34042346896604,242.33831016533077,260
NB20,104,12-17,1.077588,0.9793344486579466,0.835679351051483,1.1474224781008309,681.148319,687.758764603408,582.3242406027857,807.7289289573673,865
NB20,104,18-44,0.735371,0.6508863345898612,0.5424904776315503,0.7836184228867108,5255.149775,5550.013966617174,4727.510883635841,6498.817399519496,7840
NB20,104,45-64,0.749584,0.6732194117545192,0.5658723631322423,0.7991638775086605,3314.490442,3493.5770758874714,2975.5768270036206,4091.417255511973,3319
NB20,104,65+,0.679557,0.6186518633602891,0.525977077534238,0.7251636512232622,783.369109,808.9667713312956,685.2772171302349,953.6378465289017,686
NB20,105,0-5,0.885219,0.792515675697929,0.6611731110589383,0.9446126327797698,370.755798,386.2537015543785,329.2377367974259,458.03231751243584,397
NB20,105,6-11,0.927687,0.8103782408333886,0.6850467015302951,0.9552195900896927,180.575156,184.61676939064637,157.43295363616198,219.46153077762574,209
NB20,105,12-17,1.075908,0.9720564585297399,0.8315320215247359,1.1333958326624045,628.883674,640.8696050436702,543.4168786886148,751.9748954586685,845
NB20,105,18-44,0.735325,0.651961654644484,0.5444145499336287,0.7759210935245726,4903.152624,5030.281657706015,4239.475027133711,5925.066049505025,3959
NB20,105,45-64,0.750119,0.6727216644607998,0.5672623059345284,0.7935702125988106,3102.910852,3243.225411004387,2777.9156552967615,3806.272657614667,3528
NB20,105,65+,0.680629,0.6131026414914699,0.5229349757162817,0.7157852007443628,736.116803,770.1546926689916,650.793257007259,907.8659141739481,1077
NB20,106,0-5,0.883285,0.8070115331700828,0.6740624000070379,0.9651826460492463,342.337016,364.08920155256055,308.282171174651,431.0225103686098,368
NB20,106,6-11,0.925991,0.8254767563975263,0.6990167008168001,0.9781943848739562,166.419894,167.8018870409578,143.18751718103886,200.08216415066272,207
NB20,106,12-17,1.074125,0.9896777410594746,0.844600398863742,1.1544494991416603,580.638349,595.8847917045932,502.51729249651544,699.0083436754066,511
NB20,106,18-44,0.735199,0.6665478595014698,0.5578339453688027,0.7974967551660568,4574.198534,4569.900035680272,3886.169370449148,5385.659153947607,3579
NB20,106,45-64,0.750569,0.686912864024521,0.578753977831521,0.8125637252294091,2904.440141,3036.1346484324895,2604.269660516642,3589.7970732916147,2993
NB20,106,65+,0.681624,0.6213260639760767,0.5291054051071915,0.7266717349259699,691.602843,728.1602389017935,614.2265311664087,864.1572685495485,870
NB20,107,0-5,0.88127,0.8290174606393271,0.6888148497548826,0.9977008468764001,316.073606,338.32578432606533,287.47890811716206,401.17042668303475,356
NB20,107,6-11,0.924214,0.8477599391645296,0.7139590044904065,1.0111528518241097,153.367272,152.5267251781188,129.1427162294276,182.12042533047497,115
NB20,107,12-17,1.072239,1.0113963626100846,0.862217528654991,1.1827362317750507,536.086786,551.7566712829284,464.87529702624306,647.8134167294484,380
NB20,107,18-44,0.734992,0.6854672523228325,0.5704009558976146,0.8254815717831747,4266.725293,4207.072518715635,3582.4469962893054,4949.606981634162,3985
NB20,107,45-64,0.750934,0.7057033455622834,0.5932627448539544,0.8395961241544289,2718.237517,2845.8735951902345,2436.312395409681,3364.084742043633,2028
NB20,107,65+,0.682541,0.6359541859160991,0.5405803654056673,0.7459549758465444,649.66358,681.0265570717165,575.49610022665,811.4905470947269,587
NB20,108,0-5,0.879174,0.8584423335701361,0.7135247976152295,1.0287155035920967,291.796842,311.61178675829433,263.7861752754543,369.9621793341357,256
NB20,108,6-11,0.922355,0.8778906565806373,0.7383860778137465,1.0434372688956526,141.328724,137.53900295263156,115.98603744618595,164.15680345427245,92
NB20,108,12-17,1.070249,1.0377557713524679,0.8845237109025427,1.2128569087350252,494.93229,506.43779350304976,428.9849242528435,593.1909832088277,516
NB20,108,18-44,0.734703,0.7089942660927878,0.5895080880207383,0.8507324618025167,3979.284421,3888.2679965384305,3310.046385251917,4578.723000482656,2839
NB20,108,45-64,0.751212,0.7301771870841358,0.6141264174071996,0.8637632161783496,2543.52013,2657.189120754134,2261.0325371380895,3125.0067548262887,2727
NB20,108,65+,0.683379,0.6579515464852437,0.5603712332588969,0.7698127130934633,610.145792,628.826849307341,534.9606557007646,748.2362664489774,479
NB20,109,0-5,0.876996,0.8827471841558341,0.7360503977573026,1.0648247679479932,269.352107,286.04275407572277,239.81995634315535,339.93975313403644,238
NB20,109,6-11,0.920412,0.9003593402580443,0.7597662877860968,1.0770590480779734,130.223243,123.98019073810428,104.22422205051407,147.65112844249234,129
NB20,109,12-17,1.068153,1.054882733854782,0.9003503261332817,1.2363491727435318,456.904218,461.7751875107642,390.63857108703814,541.550284035271,510
NB20,109,18-44,0.734332,0.7243551798824386,0.6044219815986956,0.8748470169659825,3710.532561,3600.8876463621855,3070.964461663738,4230.798468080349,3936
NB20,109,45-64,0.751402,0.7452774452309708,0.6270549718792252,0.8868949626283428,2379.559015,2467.078405176755,2100.772898227442,2914.2839162698947,2021
NB20,109,65+,0.684136,0.6743038438268543,0.5736533472259614,0.7905767433971864,572.906045,577.1520588161657,487.256878645916,685.0434059922118,630
NB20,110,0-5,0.874736,0.89762692723329,0.7481637686073385,1.0794048138897014,248.597626,262.08978228177875,220.81201080046594,310.4501395379193,216
NB20,110,6-11,0.918385,0.9136384045258901,0.7709065751876455,1.086860547629413,119.976688,111.93070081621408,93.28626972856,133.059422663413,113
NB20,110,12-17,1.065951,1.060239933296633,0.9049931626340267,1.2410357013400286,421.755459,420.6828723580111,355.245798103977,495.66822504927404,326
NB20,110,18-44,0.733877,0.7304666314948817,0.6091889557235587,0.878739914225643,3459.223492,3332.485736989416,2865.518953161314,3900.312526783906,3660
NB20,110,45-64,0.751505,0.7496796551936282,0.6301960816017002,0.8913201280020384,2225.675271,2282.245593825821,1941.9995359666646,2698.681724258233,2223
NB20,110,65+,0.684813,0.6827782593265964,0.580092438670164,0.8007350493096382,537.810079,528.0833424666198,448.4265963858925,628.2844009089749,357
NB20,111,0-5,0.872393,0.9011707263686191,0.7511859208052935,1.0859772017551774,229.403323,242.0499321159441,204.62986332247965,287.23823851160705,258
NB20,111,6-11,0.916275,0.9199547513368167,0.7757281588141771,1.0974742797805415,110.521164,101.9654250331223,85.07494099161121,121.53861943818629,78
NB20,111,12-17,1.063643,1.0553394257179893,0.8997054477824242,1.2362635506211657,389.260177,382.23525989148766,322.3644317300059,455.0831087259576,430
NB20,111,18-44,0.733339,0.7286814062548859,0.6079308345277756,0.8802992229924926,3224.200722,3088.5762000977993,2626.135541541502,3618.122674019076,3644
NB20,111,45-64,0.751518,0.7463748420952419,0.628332355439651,0.888092026465996,2081.236489,2110.978221249301,1793.7105952948332,2493.634624357801,2613
NB20,111,65+,0.685408,0.6845473014030334,0.5828592446254506,0.8032438477718595,504.732223,484.5530028208741,410.5437510240008,577.6739480324904,455
NB20,112,0-5,0.869967,0.9116472312027586,0.7551953685263385,1.0938302837144918,211.649779,225.54273725440726,189.87676200084388,269.5195179146249,258
NB20,112,6-11,0.91408,0.9326236454571956,0.7826264279723529,1.1091460895040632,101.794461,94.77114309510216,78.92582440562546,113.21346649061888,105
NB20,112,12-17,1.061227,1.0515154525276236,0.8958505737189304,1.2263238299363084,359.211796,349.80749245220795,294.26552191656083,417.3677993756719,345
NB20,112,18-44,0.732717,0.7342994722057969,0.6070553560805287,0.8832358151548075,3004.390634,2847.0991181358695,2420.2745732869953,3367.495627119206,2642
NB20,112,45-64,0.751442,0.7452113409591623,0.6239062306186949,0.8839262856434696,1945.653407,1951.4576429780573,1664.6082358309068,2292.9415820995346,2226
NB20,112,65+,0.685921,0.6828230450563753,0.5801073800521375,0.7987345661186854,473.554834,450.17379333113786,383.1722582166549,535.1765190045699,565
NB20,113,0-5,0.867459,0.9182493828849205,0.7677787694527008,1.097192132478787,195.227296,212.96986640337855,178.8669238956645,255.50782261625864,256
NB20,113,6-11,0.911801,0.9424948109270931,0.7979028782608492,1.1180157250058547,93.73954,89.77826404757798,74.7320954632014,106.99315462075174,72
NB20,113,12-17,1.058705,1.0501768700155185,0.8967695395784093,1.2240021506667742,331.421179,320.6307932047639,270.28508358146064,383.041109344922,346
NB20,113,18-44,0.73201,0.7401456086863292,0.618746449119649,0.8878710888310232,2798.79614,2652.9761919667944,2257.242739523761,3133.324121836573,2383
NB20,113,45-64,0.751275,0.7473581285648926,0.6303473327773135,0.8851114879794618,1818.376799,1802.0484278607182,1534.2751531475224,2124.8111037197523,1989
NB20,113,65+,0.686351,0.6834169896435107,0.5830393920513993,0.7989303520039801,444.167771,424.0578127010376,360.6372723628883,501.40000224951655,441
NB20,114,0-5,0.864867,0.9248843730606872,0.7711330568261753,1.1149474426801338,180.035041,200.81979630864225,167.77337010134943,240.05918765766546,190
NB20,114,6-11,0.909438,0.9530357090203546,0.803844556219013,1.1413243071237476,86.304077,85.65939270844683,71.68407049914822,102.19479098590091,129
NB20,114,12-17,1.056074,1.0506026896196208,0.8972597753878069,1.2289801517597418,305.71501,296.20577557221986,251.90737635758705,350.9648568434641,307
NB20,114,18-44,0.731218,0.7480045672605069,0.622967645588283,0.9072516440383227,2606.490821,2496.635667500086,2132.9231417281553,2943.271151298657,2781
NB20,114,45-64,0.751019,0.7533874503319992,0.6333368768482365,0.8976023752937466,1698.894558,1660.5014824708924,1409.1219344199635,1970.3644046963636,1410
NB20,114,65+,0.686697,0.6861313518451411,0.5846920989992715,0.8053171200236204,416.467898,402.58583935996285,343.43312301981496,474.6936005469761,399
NB20,115,0-5,0.862192,0.9372762602154292,0.7819567804776119,1.1242688857724763,165.980273,188.4082442971412,158.46021221508272,224.47247245698236,153
NB20,115,6-11,0.90699,0.970046299308106,0.8191776070835216,1.154058690445457,79.440042,81.49934555590153,68.38617363711819,98.48853577114642,75
NB20,115,12-17,1.053337,1.0597596570566856,0.9052290687599792,1.2387008323680773,281.934324,273.37275296240114,232.04279976617545,320.5413429415785,286
NB20,115,18-44,0.730341,0.7622218204754747,0.635717558728133,0.917639099790744,2426.613508,2368.2357919989154,2013.798406034708,2792.1807889416814,1858
NB20,115,45-64,0.750671,0.7652071538683378,0.6448852091682342,0.9096410315253625,1586.729004,1536.3434563511983,1305.4470196748152,1816.09600561345,1421
NB20,115,65+,0.68696,0.6944812434141008,0.5920151673026757,0.8139354229430067,390.358607,380.09697375196265,324.173389911477,447.8535841888515,459
NB20,116,0-5,0.859434,0.9329293627857809,0.775956042229856,1.1242703930770952,152.977641,176.4576065116562,148.07781688240357,208.91190765285864,134
NB20,116,6-11,0.904458,0.9776430347919414,0.8238857257176166,1.1675925541004972,73.103323,77.58954579848796,65.032548438292,94.13632737379521,76
NB20,116,12-17,1.050492,1.0619047277577884,0.9074633601896822,1.2424566580557985,259.9332,250.72958311694674,213.06542935222387,296.1717957248911,222
NB20,116,18-44,0.729378,0.7660286369850509,0.637217604778131,0.9257244980241462,2258.36329,2252.022566902451,1923.075100789778,2668.0541075412184,2280
NB20,116,45-64,0.750232,0.7682637924684991,0.6459643805390516,0.9152513138753012,1481.434361,1425.8385698315687,1210.5285831918009,1690.3745589344762,1517
NB20,116,65+,0.687138,0.6976050430496914,0.594045369248678,0.8185804644263752,365.749378,357.3081339044729,305.5371138199116,422.7651796862483,257
NB20,117,0-5,0.856595,0.9125429618776516,0.7584364579627103,1.094017736241407,140.948547,162.80049804388545,138.22129034704417,193.18029613001272,187
NB20,117,6-11,0.901843,0.9721851590483817,0.8187477308072821,1.152633258440143,67.253379,73.39853287301958,61.211598003748804,89.03423658106476,50
NB20,117,12-17,1.04754,1.0575967073994685,0.9050235942593092,1.2332009515440063,239.577569,229.41953153396025,194.4165229140781,271.0077103008516,208
NB20,117,18-44,0.72833,0.7601174287998298,0.6327753340933248,0.9128506369539685,2100.994901,2140.093433440663,1822.0006863065064,2548.8516272222623,2227
NB20,117,45-64,0.749702,0.765065904890353,0.6443675870300402,0.9057210145839815,1382.59443,1322.290843273513,1124.037961521186,1571.105541692522,879
NB20,117,65+,0.687231,0.6956258502780939,0.592903555147651,0.8149287842042521,342.555365,334.5255863927887,282.8835938034463,394.45865154993953,321
NB20,118,0-5,0.853673,0.883531973553331,0.7361984957618045,1.0590637479823108,129.820569,148.94325352832675,126.14731342159212,176.0522319364827,234
NB20,118,6-11,0.899145,0.954611628707273,0.806417973763279,1.1312059834809023,61.852934,69.59798103291541,58.086914556566626,83.81165280466652,70
NB20,118,12-17,1.044481,1.045169176577676,0.8923596664658874,1.2213079447051558,220.744158,209.9034540327266,177.73678397759795,247.15037229447626,240
NB20,118,18-44,0.727197,0.7462957375651582,0.6230595373354813,0.8951872761256838,1953.814466,2028.0229484280571,1730.369556109421,2409.7902610171586,2061
NB20,118,45-64,0.74908,0.7537280895043343,0.6361138469591395,0.8942735718257069,1289.820418,1226.5715425307862,1045.550604892429,1460.690591853112,1544
NB20,118,65+,0.687239,0.687550070238347,0.5859651633619454,0.8053589370677088,320.697,311.70218068070244,262.7339933238691,366.40138680912787,305
NB20,119,0-5,0.85067,0.853507260621183,0.7097344032597286,1.0342406556151296,119.526931,135.40161165804602,114.48744038678706,160.48021383211017,114
NB20,119,6-11,0.896363,0.9277980324107705,0.7832370283924588,1.1099598942891318,56.867689,65.72600284032524,54.8956513768062,78.39275309303775,68
NB20,119,12-17,1.041317,1.025321855502923,0.8745995829338324,1.2025717389901858,203.319519,191.67963118245825,163.32082338328473,227.05449439841323,176
NB20,119,18-44,0.725979,0.7277635120831223,0.6063603097389128,0.8822874458009816,1816.175591,1904.24008173123,1621.970482875593,2249.882615136914,2096
NB20,119,45-64,0.748366,0.7386700563782228,0.6207232334372327,0.8818187421035849,1202.748939,1140.9636613251641,973.4185900217853,1353.7780203241855,979
NB20,119,65+,0.687161,0.6779365818230465,0.5751203760181473,0.7988811957138704,300.099633,289.4187419801019,244.44213290180778,341.84537958394503,436
NB20,120,0-5,0.847586,0.8245958979583397,0.6778209543503242,1.004982706678989,110.006028,122.02527934126556,102.81885005487129,144.92524986201897,129
NB20,120,6-11,0.8935,0.8952312116463529,0.7469412955276179,1.0783406873661354,52.266069,61.858737313654274,51.86958299204707,73.44849360873923,70
NB20,120,12-17,1.038046,1.0062786754457278,0.8557987944303304,1.1787345900551534,187.199169,175.6377088893205,149.36206445819698,209.7030516602099,240
NB20,120,18-44,0.724675,0.704970110978804,0.5806583659938105,0.8585365367342087,1687.475749,1780.982359237969,1529.6800185069442,2094.420311395079,1253
NB20,120,45-64,0.74756,0.7181610590494449,0.601299898806738,0.8578167253921611,1121.040146,1062.1516695460305,906.1941156974062,1251.1007234235744,1182
NB20,120,65+,0.686998,0.6676758213039167,0.5657027348053298,0.7856921190896218,280.693191,270.16164825309534,228.72160730563337,320.97506359108957,217
NB20,121,0-5,0.844423,0.7926200301406536,0.6528378593304337,0.9624161119897742,101.200993,109.75882996874861,92.12483743857592,130.72659607464448,104
NB20,121,6-11,0.890555,0.8575824315926315,0.7185711534406247,1.0291242895833554,48.018993,57.558633454144,48.43917230516672,68.22446585306898,82
NB20,121,12-17,1.034671,0.9901505897589167,0.8446537874950548,1.156499160442777,172.286804,162.5735572213307,137.42468776041642,194.57890815893188,143
NB20,121,18-44,0.723286,0.6800622880382305,0.5623954815696544,0.8243966652815751,1567.152957,1652.4516208777204,1422.2696793051437,1925.7162568671629,2364
NB20,121,45-64,0.746663,0.6979054464452132,0.5854773192657232,0.8295615573872652,1044.37602,987.0505085564218,842.4593224958517,1164.0620115823112,1234
NB20,121,65+,0.686749,0.6589751776556125,0.5589032105553373,0.7744869163852948,262.411853,254.3593501954456,215.15867876907578,303.00317364704097,177
NB20,122,0-5,0.84118,0.7661219387757766,0.6378432459913965,0.9283545665059887,93.059298,98.41133125522174,82.72860436118208,117.47771750180982,79
NB20,122,6-11,0.887529,0.8250627675568347,0.6974238825089346,0.9878939929866866,44.099655,52.88404512917623,44.063871757127345,62.880764168687165,42
NB20,122,12-17,1.031192,0.9834952127185139,0.8384991952354715,1.150802113333214,158.493589,151.3377662000712,127.39649534155615,180.32189660565928,82
NB20,122,18-44,0.721812,0.6583255467047746,0.549537565003385,0.7974585185598764,1454.682719,1521.6990902479738,1300.6937795644626,1768.5451607098803,1118
NB20,122,45-64,0.745674,0.6816086811289421,0.5737147029354339,0.8121265803525746,972.45877,908.3705130079761,775.1925203399733,1066.0044322009198,758
NB20,122,65+,0.686414,0.653695726893083,0.5536173198528875,0.7696716486982783,245.193762,241.5615004975698,204.75803236092906,287.7806578578893,245
NB20,123,0-5,0.837858,0.7503485928213413,0.6207248055252783,0.9107465126063273,85.532395,88.69784353405703,74.52817727602087,106.69453142560087,96
NB20,123,6-11,0.884423,0.8057164792512097,0.6760997902494367,0.9669621203332471,40.483338,48.35824697976932,40.148101025260985,57.918241888750345,63
NB20,123,12-17,1.027609,0.9775449916937022,0.83407010067931,1.1451344340162695,145.737521,142.98117335839197,119.77862156671472,169.34023346286267,124
NB20,123,18-44,0.720253,0.6463285862035801,0.5357521760035318,0.7839961637294582,1349.575211,1390.476584199816,1187.5796558652073,1625.484469612129,2249
NB20,123,45-64,0.744593,0.6733156115952962,0.5659234704894479,0.8024011820310772,905.00937,836.9945382419974,709.8332935737332,985.6347233206034,977
NB20,123,65+,0.685993,0.6530620131208219,0.554278831578495,0.7672243492809686,228.980744,233.1579812259879,196.7337461792049,277.69693252129946,260
NB20,124,0-5,0.834459,0.7506235075900043,0.6208692609675914,0.9047483531593709,78.575391,80.56032566167414,67.605984385591,96.68706529727206,75
NB20,124,6-11,0.881238,0.8025884415503486,0.6733496214603928,0.9572954812442551,37.147238,43.669155401643366,36.40966895688325,52.39657880598679,50
NB20,124,12-17,1.023924,0.9764967574080028,0.8333256207566162,1.1430991822034196,133.942846,135.41422272333875,114.56898287637159,161.2498470996563,152
NB20,124,18-44,0.71861,0.6470365265485796,0.5367964341048042,0.7786346649109427,1251.372683,1264.673957630992,1075.8347618579865,1480.3786492874133,915
NB20,124,45-64,0.743421,0.6759765869172628,0.5693654397555096,0.8012234387475128,841.766194,769.2848876719363,646.6607899470255,911.221814898774,798
NB20,124,65+,0.685486,0.6583903511320541,0.5598856756464984,0.7744631171073912,213.718051,225.17042688466609,190.26095089124283,268.5658357241773,166
NB20,125,0-5,0.830984,0.7613071401227507,0.6325911295747533,0.9184881089766622,72.146747,74.22397949034348,62.038514198735356,88.90263511526277,81
NB20,125,6-11,0.877975,0.8143880189077275,0.6868830865613972,0.9703988998879153,34.070303,39.55861561000347,32.763600261416286,47.33591721765697,19
NB20,125,12-17,1.020138,0.9839765293946596,0.8402405115563537,1.15387382032464,123.039536,128.86296327481978,109.47909550718032,152.72147486326807,162
NB20,125,18-44,0.716884,0.6599552153679389,0.5515325725153705,0.79365976728967,1159.647087,1143.2495531416498,973.1227870471776,1353.2188327787444,876
NB20,125,45-64,0.742158,0.6932613585417085,0.5849307376122413,0.8218393429460377,782.483763,714.504487506114,599.5697669298388,842.7090567722917,596
NB20,125,65+,0.684892,0.6733238681874789,0.5731182295373941,0.7893388768499165,199.354122,219.38521919038612,185.39667702303268,259.4987463009893,294
NB20,126,0-5,0.827433,0.7795130770846774,0.6480385037895778,0.9459141481810687,66.208008,67.92109913239256,56.86581611959264,81.40557967452332,63
NB20,126,6-11,0.874635,0.8307510560400344,0.7016230823938132,0.9968311008279335,31.233092,35.613638278562576,29.354553344193846,42.84453018149361,36
NB20,126,12-17,1.016252,0.997235261411495,0.8518145671192998,1.1672410234741097,112.962808,121.55656064813957,103.84152907272801,144.10530745540746,147
NB20,126,18-44,0.715074,0.6775036765888204,0.5668113270891502,0.8196483502178944,1073.997876,1034.4339426988736,892.4765547690913,1227.880739716813,782
NB20,126,45-64,0.740804,0.7141673578580009,0.6025569338470064,0.8485667890283808,726.931589,664.3893227949739,557.7246373351663,789.1864068433642,629
NB20,126,65+,0.684213,0.6882037256590026,0.5864115953880952,0.8087842508825254,185.840366,211.70190172595903,179.35834943671944,250.30734232068062,160
NB20,127,0-5,0.823808,0.7937451535886509,0.6605919355899437,0.9535441762284894,60.723552,61.59960551513359,51.41355923539959,74.09678592951968,48
NB20,127,6-11,0.871218,0.8475395578967184,0.7149662724474775,1.0064433636992929,28.617638,31.918872500304133,26.244609894696623,38.62209292128682,26
NB20,127,12-17,1.012266,1.014832317012873,0.8661063405046515,1.1848602476033132,103.652698,112.41180335800163,95.49989411514252,133.53288773889653,96
NB20,127,18-44,0.713181,0.6943062062961027,0.5803681835854989,0.8315086533661193,994.049992,943.6468897499144,809.1857682988048,1118.7066422486678,1437
NB20,127,45-64,0.73936,0.7352939670419312,0.619609440444674,0.8718787310504469,674.893101,619.5874896864407,521.4564233506098,735.5633896812797,527
NB20,127,65+,0.683448,0.7012452443263048,0.5958645208129147,0.8223457112865038,173.130951,199.92512439162238,169.38957456545904,236.3320473221247,207
NB20,128,0-5,0.82011,0.8175566778965937,0.6800066067102527,0.978280155598597,55.66037,55.429203344741836,46.40525492792949,66.66821051971056,48
NB20,128,6-11,0.867726,0.8720948451659344,0.734543054234981,1.0323781151273388,26.207334,28.52007238706574,23.216181142721325,34.29239540826529,29
NB20,128,12-17,1.008184,1.0359054599010582,0.8832810943420228,1.2068045034773631,95.053661,102.79475979064591,86.79567593382671,122.43906375183724,104
NB20,128,18-44,0.711206,0.7178200691610048,0.6000253158850412,0.8561084323064065,919.452012,859.3029017429799,737.7512209685519,1015.6372994445264,753
NB20,128,45-64,0.737825,0.7582066743639175,0.6386719242885529,0.8948429813038514,626.164663,580.3638130757026,491.53777078166604,686.2274074056186,493
NB20,128,65+,0.682598,0.7127608190068861,0.6059841859665347,0.834334179616458,161.182615,185.64800280041527,157.78484523418592,219.0132351886714,209
NB20,129,0-5,0.81634,0.83882096574239,0.69594425730932,1.0036569731020764,50.987854,50.53673017397523,42.34219405730255,60.77982882130891,74
NB20,129,6-11,0.864161,0.8943437194813566,0.7511855202319827,1.0592333038848551,23.986818,25.465743298176676,20.6967265275307,30.987270451616496,30
NB20,129,12-17,1.004005,1.0507779770362875,0.8942426102025047,1.2287918024005928,87.114221,93.41088121500798,79.22386835888028,111.280885765329,77
NB20,129,18-44,0.709149,0.7375032729354145,0.6145958710449523,0.8795252442328836,849.874446,786.7322109062225,674.3281823312864,925.1825027642772,542
NB20,129,45-64,0.736201,0.7729549883867574,0.6497166918877,0.9148487590534062,580.554668,551.8083195891231,468.3435344318859,649.9854656378739,494
NB20,129,65+,0.681662,0.716550958573545,0.6089138790340978,0.8382054826747707,149.954495,171.20391249266686,145.19799009064445,202.47518248972483,157
NB20,130,0-5,0.812499,0.8526938270006652,0.7069604801334441,1.0329039011619559,46.677609,46.16062166215852,38.440436670091,55.55724883452058,26
NB20,130,6-11,0.860523,0.9069438759098539,0.7616342504794877,1.0869228281151453,21.941877,22.865199383813888,18.58280803123489,28.058270470704883,18
NB20,130,12-17,0.999731,1.0525127186226464,0.8953496117878319,1.233223832111643,79.786639,84.76709606754594,71.37713264417835,101.00035902042873,101
NB20,130,18-44,0.707012,0.7471359125365056,0.6211397959742055,0.9018932363526764,785.008172,725.8256310103461,622.2414997853339,849.8894407451153,718
NB20,130,45-64,0.734487,0.7758953486264413,0.6503120298342445,0.9227568480287399,537.882695,524.04950361792,444.7875321903266,622.4025229783729,619
NB20,130,65+,0.68064,0.710051206291782,0.6022230590743922,0.8335172627634243,139.407956,155.60521085426444,131.49119030777365,184.97040466975886,159
NB20,131,0-5,0.808589,0.8554884149896455,0.7035054618796074,1.0405852370088402,42.703286,41.75356294144876,34.85885447380133,50.41380177484825,49
NB20,131,6-11,0.856814,0.9087338111493655,0.7579595710369239,1.0946336088613309,20.059354,20.43784109596163,16.60758741153404,25.21321190847084,20
NB20,131,12-17,0.995364,1.0461110920404186,0.8898403855900644,1.2293763521453096,73.026623,76.57229125313461,64.37145017692819,91.48844535206445,74
NB20,131,18-44,0.704794,0.7460792263456296,0.6172175122985373,0.9059002968593461,724.562992,677.016266843304,579.1332134325057,799.7259363811463,708
NB20,131,45-64,0.732686,0.7661844164469377,0.6426875264902984,0.9166663910752438,497.978743,493.3638161586132,418.47866722242907,583.3360522193834,494
NB20,131,65+,0.679534,0.694849040781846,0.5899418342152852,0.8189191760764422,129.506448,139.55372686107876,117.50790003442671,166.19709786574822,145
NB20,132,0-5,0.804612,0.8527300891885359,0.7036794844431437,1.036429226526623,39.040421,37.6821467296686,31.44601421081461,45.65286569762975,45
NB20,132,6-11,0.853034,0.9036039348101048,0.7553714199997305,1.085982138488244,18.327067,18.358723843470216,14.880794900469482,22.539567517116666,18
NB20,132,12-17,0.990905,1.033464096641287,0.880224773899581,1.2095867595410914,66.793057,69.17661756882444,57.93931638170034,82.95225559803657,63
NB20,132,18-44,0.702497,0.7403647640647062,0.6143834021449751,0.8964583091483115,668.266317,639.1896336851642,542.6338073015213,747.9133612047881,658
NB20,132,45-64,0.730796,0.7525076603547609,0.6309089246228825,0.8961949861775265,460.68252,458.4781955080107,387.72946885623975,539.9654275674021,627
NB20,132,65+,0.678343,0.6766012817799725,0.572694053059255,0.7962504188706045,120.215363,124.74627719033742,105.65128820249811,147.97367013426265,141
NB20,133,0-5,0.800568,0.8452043137524116,0.6959985516456364,1.0187147267534047,35.66629,34.14210664993152,28.216340977000073,41.384610830107704,29
NB20,133,6-11,0.849187,0.8912917059652539,0.7440722763469277,1.062792359213966,16.733732,16.668720858637244,13.405522014480084,20.429369356657833,18
NB20,133,12-17,0.986356,1.0176797529680655,0.8657000176361058,1.191645531214147,61.047753,62.954318712232634,52.65239202720113,75.30660383938812,66
NB20,133,18-44,0.700121,0.7317867000783141,0.6053796527915994,0.8790439915358207,615.861947,604.5531123830006,516.5690146745416,704.8556502321735,531
NB20,133,45-64,0.728819,0.7400255665466386,0.6198807574096799,0.8794961595804338,425.842792,421.5169376595877,356.5639065951109,495.4198641125113,437
NB20,133,65+,0.677069,0.6613605890516014,0.5599609425695856,0.7773783931741269,111.501909,111.58400733285816,94.60326136730146,131.86294954438927,135
NB20,134,0-5,0.796459,0.8247569212909196,0.6825486602157846,0.9956240186409482,32.559783,31.15155992214568,25.48344860970974,37.9659166992642,34
NB20,134,6-11,0.845272,0.8696319937580008,0.7281900662043347,1.0386157322523368,15.268889,15.125460686162114,12.203764208592474,18.654657632112503,14
NB20,134,12-17,0.981719,0.9981224151126176,0.850715248062323,1.16650620025135,55.75523,57.7208799358923,48.255639374721795,69.02171187987551,40
NB20,134,18-44,0.697667,0.7161188665805163,0.5946871924406629,0.8623526857507245,567.108956,575.2245960207656,491.8198663536459,668.62686044164,600
NB20,134,45-64,0.726755,0.7270454425507753,0.6094415239146632,0.8649714715032004,393.316777,387.0864824927412,325.6414221278392,456.6446566958912,368
NB20,134,65+,0.67571,0.6492109389893798,0.5502133136825931,0.7640676165097307,103.334991,100.4200872888905,84.65622146404348,119.59571927867364,91
NB20,135,0-5,0.792287,0.7954647238991791,0.6597926985505058,0.9649036883642498,29.701277,28.485213325708173,23.107661604415625,34.760648109717295,31
NB20,135,6-11,0.841291,0.8369034745801807,0.7024118383732474,1.0058049896440522,13.922849,13.784786014351994,10.992324810940772,17.119444009382278,15
NB20,135,12-17,0.976995,0.9717943223719308,0.8297101525009342,1.1388479398932079,50.88251,53.09653665521182,44.196458702674136,63.288696840405464,76
NB20,135,18-44,0.695137,0.6939058691426936,0.5779591005267434,0.8387948811694703,521.780665,545.5636306097731,471.31442515645176,639.6060910383239,497
NB20,135,45-64,0.724606,0.711515763404916,0.5980138949275555,0.8497031065953062,362.969601,354.6685412628576,298.87534871604294,420.5055103856139,302
NB20,135,65+,0.674269,0.6396568255727666,0.5432144429850856,0.7537180491991898,95.685104,90.39688628504518,76.13212390145054,108.06177926406963,93
NB20,136,0-5,0.788053,0.7583958965007199,0.6287264947685717,0.9181462907574354,27.072531,26.068743312032893,21.11353427171707,31.944675710750744,24
NB20,136,6-11,0.837247,0.7974881678778285,0.6688037053113135,0.9569824356967246,12.686625,12.503194354940206,9.936892352066934,15.658056806307286,18
NB20,136,12-17,0.972187,0.9415086127046453,0.8012715992024522,1.104681702142423,46.398926,48.674728320213035,40.335166211938486,58.03381905797869,31
NB20,136,18-44,0.69253,0.6665351134524299,0.555085100090276,0.8038153476317154,479.663699,511.46898911334574,438.55282657500356,600.7425427539274,533
NB20,136,45-64,0.722372,0.6953465822620813,0.5827123091360754,0.8292320362206931,334.673781,326.4554300052114,275.9901205548085,385.94782109791413,309
NB20,136,65+,0.672745,0.6324342052336909,0.5367313943734743,0.743197669832083,88.524231,81.78219372307649,68.70610129204579,98.20397919608513,62
NB20,137,0-5,0.783759,0.7237215113374387,0.595173261872242,0.8807210960938752,24.656583,23.810513113159686,19.304275856353343,29.561769458680594,28
NB20,137,6-11,0.83314,0.7603922094616573,0.6338263637637467,0.9169367630230828,11.551884,11.229266473092139,8.862775794696063,14.243221226148307,16
NB20,137,12-17,0.967295,0.9090699274524436,0.7713546381754415,1.0700711767242717,42.275956,44.18883239105344,36.66528885392472,53.15427136654034,65
NB20,137,18-44,0.689849,0.6396462880574088,0.5293259940134734,0.7745538429537964,440.557122,468.57899953238666,402.64521046262234,549.1010040510446,677
NB20,137,45-64,0.720053,0.6779773766399151,0.5674278500397518,0.8109083588826046,308.308765,300.9851935317274,254.3555920436047,357.0078867310658,265
NB20,137,65+,0.671138,0.624706387119727,0.5287445123510659,0.7374160457168554,81.825754,74.4131789447274,62.10162915562978,89.60027128329966,70
NB20,138,0-5,0.779407,0.6966217566719595,0.5737097295822393,0.8451594912852555,22.437656,21.909169007325545,17.72395982942544,27.092441762099043,21
NB20,138,6-11,0.828972,0.731741667754181,0.6099926178226267,0.8783954066889024,10.5109,10.0674624084495,7.841880071442574,12.865957126021385,13
NB20,138,12-17,0.962323,0.8810712764570017,0.7478410680003503,1.0365239840844036,38.487065,39.756154171191156,33.098952777218074,47.89121324266307,35
NB20,138,18-44,0.687094,0.617306029378098,0.5109319321005669,0.7459447042504082,404.271635,422.0850788494572,363.01557301543653,496.4922309499234,493
NB20,138,45-64,0.717652,0.663142735082192,0.5542933668474946,0.7950144940426167,283.760499,279.8522001593374,236.3087928686291,331.71541449660435,298
NB20,138,65+,0.669451,0.6178766131798115,0.5215528348754324,0.7318405809363294,75.564369,67.96041856420925,56.75938717869576,81.90509379364084,52
NB20,139,0-5,0.774999,0.6872738165399067,0.5664437925835984,0.8335760967065866,20.401075,20.433083332143724,16.52963419817388,25.31371681811288,19
NB20,139,6-11,0.824745,0.7224470395602144,0.6030910814910864,0.8671675037084708,9.556504,9.119525904301554,7.120795242488384,11.718193879816681,3
NB20,139,12-17,0.957272,0.8649564998269303,0.7337667614464705,1.01772657385392,35.00756,35.794537336798385,29.637354476144537,43.19265172583982,40
NB20,139,18-44,0.684266,0.6091790551493835,0.5047396906943943,0.7341654683740962,370.628847,374.4004476526752,322.3233380112797,442.44413489382714,395
NB20,139,45-64,0.715168,0.6575218883404423,0.5494003675722025,0.7860069914561806,260.921034,262.75277004158124,222.85814234241843,311.31622837483883,246
NB20,139,65+,0.667682,0.6160785446802887,0.5206363444335856,0.7272848966766129,69.716007,62.96045809198404,52.60957414729201,75.82264491316164,67
NB20,140,0-5,0.770536,0.6900267046394073,0.5698000508223405,0.8393673482753994,18.533188,19.198610857129097,15.487234205938876,23.8290287416894,11
NB20,140,6-11,0.82046,0.7265229211485384,0.6075238025402796,0.8739292612365877,8.682046,8.356573690194637,6.395211783703417,10.73517080117017,5
NB20,140,12-17,0.952143,0.8580993545661344,0.7266864368607702,1.0121191980581234,31.814459,32.05230329581536,26.556594078196213,38.77653661184013,22
NB20,140,18-44,0.681367,0.6109911166434281,0.5066721902841875,0.738519098188562,339.460598,330.77494136150926,285.0345446811989,391.6168147139251,291
NB20,140,45-64,0.712603,0.6587003130637723,0.5504312013503511,0.789374690844464,239.688162,247.99838928412646,210.5317328670062,293.9079313362017,330
NB20,140,65+,0.665834,0.6173988315609078,0.5214069287721754,0.7287581960637672,64.257765,58.80124824139057,49.17727806803305,70.63360989140347,82
NB20,141,0-5,0.766019,0.7032983270280013,0.5809431434036232,0.8598159282063952,16.821292,17.924044219078496,14.401633373228833,22.22635548003018,24
NB20,141,6-11,0.816119,0.7460957911143689,0.6234100352444761,0.9004795887877775,7.88136,7.6816804790869355,5.851876141503453,9.976277040317655,8
NB20,141,12-17,0.94694,0.8627586337586002,0.729839089644927,1.0192766908844217,28.886373,28.627052462892607,23.67856443230994,34.596551237627864,37
NB20,141,18-44,0.678397,0.6248343934356573,0.518549472124112,0.7582198213433374,310.608334,293.1405198024586,251.51653068419546,348.4046807149425,276
NB20,141,45-64,0.709958,0.6708622788530699,0.5601519929931437,0.8041796024511493,219.96508,233.02767591224983,197.33422178635374,276.7812663335353,195
NB20,141,65+,0.663906,0.627586090755451,0.5302191085963481,0.7423928788198971,59.16784,55.05584422586253,45.94340418779757,66.4617820350104,45
NB20,142,0-5,0.761452,0.7293728459845442,0.5994827287893253,0.8885609659832824,15.253572,16.485759333940223,13.26368965394795,20.52151008020155,14
NB20,142,6-11,0.811725,0.7804053650894902,0.6497574636944947,0.9392228903830826,7.148721,7.0685617588460445,5.355072131380439,9.240730991121382,5
NB20,142,12-17,0.941664,0.8790055747819818,0.7417610383308398,1.0380947762460546,26.203389,25.444811917841434,20.978311793645844,30.91787539725192,21
NB20,142,18-44,0.675358,0.650415789081868,0.5386445058887942,0.786914189318824,283.92254,262.48243318963796,223.19060433469713,312.6454475512728,191
NB20,142,45-64,0.707233,0.6913999478644295,0.5772000625164156,0.8290237005035024,201.66009,216.33114629844204,182.5680620148778,256.7869966718019,197
NB20,142,65+,0.661899,0.6432839547255356,0.5426778640933376,0.7602762330884653,54.42547,51.507617046299856,42.957951489918926,61.95173953648191,32
NB20,143,0-5,0.756835,0.760515921792152,0.6215922121776822,0.9270176297807292,13.819034,14.910179443657398,11.947934831026942,18.658132674871013,15
NB20,143,6-11,0.807278,0.8211168192440642,0.6807850671632961,0.9875806160875682,6.478823,6.490191244054586,4.873252792749554,8.5522789680399,3
NB20,143,12-17,0.936317,0.8988409284623746,0.7554761186156955,1.0667554278996656,23.746972,22.40555373672396,18.385454033501446,27.35238155870465,20
NB20,143,18-44,0.67225,0.6807511067095191,0.5616703635176723,0.8229890133996873,259.262205,237.9267820585519,202.35319407840726,283.90373486373574,215
NB20,143,45-64,0.70443,0.715473898506527,0.5943538892001916,0.8602607012322311,184.686306,199.06733362656087,168.1639257548377,236.61893218137556,169
NB20,143,65+,0.659815,0.6589667209869615,0.5533057665941989,0.7830352337602476,50.01088,47.86129466787679,39.920824039319996,57.60134841292165,70
NB20,144,0-5,0.752171,0.7864886105750967,0.6358442448736283,0.9692196455979446,12.507451,13.23880004149396,10.52847557561472,16.783907408593222,18
NB20,144,6-11,0.802781,0.8553118236235328,0.7043135458328305,1.0390718342059708,5.86674,5.923993440810591,4.402827428188175,7.919700942933559,3
NB20,144,12-17,0.930902,0.916488680058735,0.7648854952343838,1.0966313962126912,21.499872,19.520998024614528,15.899668858619407,24.06844650577404,22
NB20,144,18-44,0.669076,0.7062221282372572,0.5788019710696546,0.8635755052920286,236.494338,218.53163681551814,185.63995763007551,260.50245631020516,194
NB20,144,45-64,0.701551,0.7355955262965268,0.6067976916454597,0.8926322091315384,168.961403,181.80298437690362,153.8068575351499,215.10716227674857,217
NB20,144,65+,0.657654,0.6724101623517293,0.5601566018508933,0.8064669427648595,45.905229,43.78266396687832,36.42083190611884,52.706117375637405,34
NB20,145,0-5,0.747461,0.8071698882316365,0.6390206191931967,1.013344125347745,11.309312,11.621916350442916,9.106340969214216,14.927525721024722,14
NB20,145,6-11,0.798236,0.8823743944506577,0.7100210347184002,1.0901674204943883,5.307907,5.403940244112164,3.9356698718853296,7.333038307342208,8
NB20,145,12-17,0.925421,0.9316180004486962,0.7638180042454128,1.1308806939518041,19.446032,16.899919029092416,13.525628746952862,21.07528809714131,20
NB20,145,18-44,0.665837,0.7271837180019673,0.58304911845493,0.9028902776236526,215.493513,203.04470893926919,171.86341433872005,242.57155397441238,196
NB20,145,45-64,0.698596,0.7530291243129417,0.6106296806420792,0.9255931147742132,154.407369,164.91018781019375,139.36351018352434,196.25640284409747,185
NB20,145,65+,0.655417,0.6838391798351715,0.5611470573413385,0.8307710709125428,42.090568,39.6345923357876,32.67690048570512,47.90788409854575,40
NB20,146,0-5,0.742708,0.8215494167778759,0.6287837613209611,1.0700256339681478,10.215773,10.165070662740618,7.779617832973599,13.294178365945116,7
NB20,146,6-11,0.793643,0.9007751334716594,0.704105761148856,1.1543828478047964,4.798089,4.947840179782361,3.5102806175127625,6.876501896034457,6
NB20,146,12-17,0.919875,0.946848005831312,0.754685900525929,1.1821565295286944,17.57051,14.608202125877142,11.46625579870306,18.56751524543506,16
NB20,146,18-44,0.662533,0.7427996110667507,0.5770176727734264,0.956742001786945,196.141451,190.9838633518666,161.2736829934409,229.21526700258255,173
NB20,146,45-64,0.695566,0.7695045473207636,0.6052746480906368,0.9760725412890776,140.950286,149.49210868915543,125.58682477199473,179.78132418869063,131
NB20,146,65+,0.653105,0.6946999643719789,0.5531441237184571,0.8673833763765105,38.549793,35.74341073544929,29.243224215693772,43.73292343784124,48
NB20,147,0-5,0.737913,0.8287331612712834,0.6091765521454281,1.127824156478605,9.218612,8.91537975159008,6.606263181194663,11.99872082006768,8
NB20,147,6-11,0.789006,0.910799303412165,0.6863474436133318,1.213819913574995,4.333361,4.55210801307112,3.1195312808500604,6.492435892205684,7
NB20,147,12-17,0.914269,0.9603815707177397,0.738283135243655,1.2395475573038484,15.859408,12.679751297226176,9.669361348031089,16.648745640879497,7
NB20,147,18-44,0.659167,0.7519778453394534,0.5604913865168841,1.0093853314436247,178.326635,180.94203626085073,150.49006242959294,220.17042874079198,249
NB20,147,45-64,0.692463,0.7813625893003834,0.5902463291771722,1.0286506008131928,128.520122,136.0455874525942,112.49505299028242,166.4802110097371,104
NB20,147,65+,0.650718,0.7041036472604505,0.5409932410450228,0.9089123606967955,35.266612,32.323361996677704,25.885059720758,40.54729365696402,24
NB20,148,0-5,0.733079,0.8340158809680971,0.5870385336194569,1.1973368573803995,8.310187,7.898465347941965,5.613394214387518,11.135902292793617,7
NB20,148,6-11,0.784327,0.9180715280996425,0.6626960814205068,1.288002325998917,3.910085,4.207473807968199,2.7469979161629454,6.279138022568077,4
NB20,148,12-17,0.908603,0.9709217798242797,0.7163711438387997,1.3084471325386269,14.299798,11.065148459980264,8.112115401076153,15.227126942714676,11
NB20,148,18-44,0.65574,0.7584334130429289,0.5389800392044662,1.0745975721081207,161.943946,171.06323003862053,137.58842390123755,216.14542377777397,156
NB20,148,45-64,0.689288,0.7897312530772425,0.5703254808921787,1.0933727496946404,117.050545,125.05326619790867,100.4065041347174,158.23922091443092,134
NB20,148,65+,0.648259,0.7117537129548124,0.5249559365031523,0.9581696147377436,32.225503,29.237853107915726,22.602643611456735,38.0732770889299,29
NB20,149,0-5,0.728208,0.838946832436897,0.5643967813695705,1.2695746167830109,7.4834,7.140237809391692,4.819392325123772,10.67227459803107,8
NB20,149,6-11,0.779606,0.9246673646304555,0.6392145639140232,1.3654857890841885,3.524892,3.929413318634033,2.4298352286568843,6.2248479668749495,5
NB20,149,12-17,0.90288,0.9777416165892089,0.6938214023402818,1.3783390260098691,12.87966,9.751716350321658,6.7657499253517015,14.261224027659038,10
NB20,149,18-44,0.652252,0.7638580271270369,0.518849305506266,1.1400802637882217,146.894326,160.4589194972068,122.36983183103148,215.41138735827988,169
NB20,149,45-64,0.686043,0.7955008647973469,0.5497859253814049,1.1579135974802668,106.478739,116.37965032714419,88.80123739270493,156.05243466754908,134
NB20,149,65+,0.645728,0.7174783682877324,0.5079652260677264,1.0120230774923753,29.411685,26.54488462250447,19.54138774273306,36.55741830538316,27
