weight,day,age_group,true_Rj,Rj_med,Rj_lo,Rj_hi,true_dR,dR_med,dR_lo,dR_hi,obs
Poisson,1,0-5,1.339049,0.8843157398542221,0.8269989223350298,1.0235767612404525,330.93133,340.4587819310993,336.6920771745026,340.4587819310993,293
Poisson,1,6-11,2.311691,1.2233116349999695,1.1924736698621472,1.3005287345963317,263.808763,277.6270179632274,277.6270179632274,277.6270179632274,337
Poisson,1,12-17,1.442413,1.178602371397453,1.1374725227596223,1.248441079008969,106.22455,104.60551784742044,104.60551784742044,104.60551784742044,97
Poisson,1,18-44,0.716412,0.5230097278879967,0.4851474977875667,0.5895895201249474,378.044663,377.77560060484,361.93616565798874,377.77560060484,443
Poisson,1,45-64,0.585959,0.5077506772431721,0.45918013435233634,0.5728415854599413,166.399298,174.77610049314612,163.418524490902,183.0735667408231,183
Poisson,1,65+,0.477594,0.417125732635003,0.3627396970388848,0.47423294593650756,120.274235,122.98988047380739,112.75063321873972,131.01316710295737,156
Poisson,2,0-5,1.349362,1.050978211731321,1.0223825816583532,1.1236374390899837,328.081813,312.14207786959213,312.14207786959213,318.95462211333614,377
Poisson,2,6-11,2.32493,1.5115180352987125,1.4820192197870357,1.5244590209208582,319.737799,275.7620642777884,275.7620642777884,275.7620642777884,209
Poisson,2,12-17,1.454397,1.4356681562914122,1.4174027098811628,1.4447694216035043,114.303266,108.47331088001384,108.47331088001384,108.47331088001384,85
Poisson,2,18-44,0.722411,0.6128559577855627,0.5874108750555754,0.6252030263828363,387.435862,360.94090720148535,357.96968786053986,362.491710039766,348
Poisson,2,45-64,0.591069,0.5519524079441551,0.5328354554043851,0.5665094118251696,160.825,177.95101679304474,167.62024836072675,177.95101679304474,173
Poisson,2,65+,0.481464,0.4436408054308564,0.40973968438100233,0.4785174004114287,105.073442,104.295963767846,95.98661822049081,111.27198544224106,104
Poisson,3,0-5,1.35966,1.371260637177393,1.215597877893055,1.3766393596433284,325.648649,290.1127649566455,290.1127649566455,302.4695778105694,265
Poisson,3,6-11,2.337983,1.7384570319809525,1.7188683726773597,1.7468836971775845,404.900079,286.1212667474706,286.1212667474706,286.1212667474706,402
Poisson,3,12-17,1.466397,1.8353591197159098,1.8299376051435696,1.8414554837952248,126.230268,123.06182088952616,123.06182088952616,123.06182088952616,127
Poisson,3,18-44,0.728456,0.7131602699688303,0.6944988367961168,0.7212283536677333,403.551557,352.541604989455,352.541604989455,352.541604989455,282
Poisson,3,45-64,0.596248,0.631002343983786,0.6205438289425543,0.6434981311950871,154.978536,176.58495926827885,176.58495926827885,176.58495926827885,177
Poisson,3,65+,0.485405,0.494728037095169,0.4668776467092164,0.5393173344755475,86.724254,85.02358720500831,79.36183033591163,91.42883685985657,57
Poisson,4,0-5,1.369933,1.6593095771293576,1.4360458662906797,1.664415966847728,325.535413,284.9465270133801,284.9465270133801,289.869830882569,233
Poisson,4,6-11,2.350811,2.726005383932589,2.6983399433938677,2.7340053944913696,511.765541,319.1390482106792,319.1390482106792,319.1390482106792,411
Poisson,4,12-17,1.478402,1.7537191023837848,1.7479094147507295,1.7598443636386105,140.616838,147.35521639568037,147.35521639568037,147.35521639568037,177
Poisson,4,18-44,0.734541,0.8009606642992556,0.7746069995270431,0.8086202488768114,426.652422,356.9250039280603,356.9250039280603,356.9250039280603,395
Poisson,4,45-64,0.601493,0.6445932151651159,0.6335598771229914,0.6563002178455842,151.630782,169.5157789355451,169.5157789355451,169.5157789355451,141
Poisson,4,65+,0.489412,0.5210650860375295,0.49537014789591255,0.5593390687285863,70.729754,67.88988357273229,62.897093794524494,74.19690655486556,52
Poisson,5,0-5,1.380172,1.6460370440469207,1.6429611384800886,1.6498728498861586,328.803048,294.45438470989643,294.45438470989643,294.45438470989643,381
Poisson,5,6-11,2.363382,4.4504703877003555,4.445651468978985,4.4564798168484945,641.288651,439.23892667210384,439.23892667210384,439.23892667210384,622
Poisson,5,12-17,1.490403,1.7301135057189176,1.7258072379253526,1.7354836338938506,157.442095,170.15089297704367,170.15089297704367,170.15089297704367,174
Poisson,5,18-44,0.740661,0.9981803312606294,0.9935664729103811,1.003934040019486,458.18697,370.6068675109209,370.6068675109209,370.6068675109209,625
Poisson,5,45-64,0.606798,0.7759955805281812,0.7674855751266121,0.7866079766834058,151.953184,160.69485967085632,160.69485967085632,160.69485967085632,194
Poisson,5,65+,0.493482,0.6368231800533601,0.6111906336630917,0.668788228713675,58.632153,55.39202664272307,49.55823888253485,60.94526583308459,63
Poisson,6,0-5,1.390367,1.5783890630579318,1.575244014755242,1.5821541578681169,336.258969,302.99471419491874,302.99471419491874,302.99471419491874,268
Poisson,6,6-11,2.375661,3.1134331485122435,3.108505906171363,3.1193317970482,797.509134,712.1498793160165,712.1498793160165,712.1498793160165,836
Poisson,6,12-17,1.502389,1.6080822533736086,1.6036791857498427,1.6133533861078677,177.211626,186.56618182759917,186.56618182759917,186.56618182759917,148
Poisson,6,18-44,0.746809,0.8810495595142062,0.8763319870601713,0.886697201729484,500.142645,404.0927535448059,404.0927535448059,404.0927535448059,331
Poisson,6,45-64,0.612161,0.7152480049703895,0.706546704666281,0.7256647672785685,156.522133,160.33437721435462,160.33437721435462,160.33437721435462,136
Poisson,6,65+,0.497614,0.585701186295492,0.5594924504397432,0.6170769763803683,50.434243,46.691525047956134,41.424024670740266,51.82059675145149,38
Poisson,7,0-5,1.400506,1.4900489541156134,1.487413009590684,1.4935091074909455,348.722026,321.2351697466329,321.2351697466329,321.2351697466329,357
Poisson,7,6-11,2.387607,2.794803489775574,2.790673843353184,2.8002243967302607,986.178421,1034.844052448092,1034.844052448092,1034.844052448092,748
Poisson,7,12-17,1.514351,1.6160804985686414,1.61239017623374,1.6209247132941063,200.705671,207.68285183568514,207.68285183568514,207.68285183568514,276
Poisson,7,18-44,0.75298,0.7880333484773303,0.7840794316899359,0.7932235785403283,554.951997,479.09016074363126,479.09016074363126,479.09016074363126,529
Poisson,7,45-64,0.617576,0.6386905104349433,0.6313977305826378,0.6482636014400285,165.778997,170.97019140896964,170.97019140896964,170.97019140896964,141
Poisson,7,65+,0.501802,0.5226978616836556,0.5007316573092415,0.5515324731447555,45.661614,42.86765652769469,37.73824211304361,48.23899165592877,47
Poisson,8,0-5,1.410578,1.2903125360561756,1.2882044193176025,1.2933647892541513,367.150294,355.0245044331332,355.0245044331332,355.0245044331332,316
Poisson,8,6-11,2.399174,1.7758133849141844,1.77251066869042,1.7805952482576797,1214.55463,1349.9206976226405,1349.9206976226405,1349.9206976226405,1246
Poisson,8,12-17,1.526277,1.7445280141394788,1.7415766507054766,1.7488011686166447,228.921981,246.58016022724019,246.58016022724019,246.58016022724019,218
Poisson,8,18-44,0.759166,0.6557472351751619,0.6525850600673024,0.6603256149721254,625.557947,584.8120126388717,584.8120126388717,584.8120126388717,503
Poisson,8,45-64,0.62304,0.5524098138761655,0.5465773575661136,0.5608543810572316,180.240433,186.45670768088803,186.45670768088803,186.45670768088803,216
Poisson,8,65+,0.506044,0.43801909794120286,0.4204514584530949,0.4634545412576674,43.799297,43.1666070861005,37.84744923726225,48.65377092793153,43
Poisson,9,0-5,1.420567,1.281127019039252,1.2792797969609124,1.2818287681506277,392.719535,389.4453153564855,389.4453153564855,389.4453153564855,434
Poisson,9,6-11,2.410305,1.8704180817573972,1.8675241005013314,1.8715174886985524,1491.567128,1548.8029917709828,1548.8029917709828,1548.8029917709828,1282
Poisson,9,12-17,1.538152,1.479070316662408,1.4764842057527323,1.480052765418334,263.089568,308.0224592838015,308.0224592838015,308.0224592838015,308
Poisson,9,18-44,0.765359,0.6715292516664404,0.6687584185489308,0.672581875333504,715.545323,692.6178660037754,692.6178660037754,692.6178660037754,772
Poisson,9,45-64,0.628547,0.5420377360388879,0.5369270882888145,0.5439792419136941,200.604819,199.35784850046844,199.35784850046844,199.35784850046844,215
Poisson,9,65+,0.510336,0.43010766121774235,0.4147141438982441,0.4359555704792063,44.451362,44.25735997888637,40.01319621634775,47.80313905887556,70
Poisson,10,0-5,1.430456,1.6317341498374722,1.6317341498374722,1.6317341498374722,426.889988,427.2513819498786,427.2513819498786,427.2513819498786,371
Poisson,10,6-11,2.420932,2.351721345236627,2.351721345236627,2.351721345236627,1828.130648,1737.972041827853,1737.972041827853,1737.972041827853,1728
Poisson,10,12-17,1.549963,1.283075426199729,1.283075426199729,1.283075426199729,304.714202,362.24128004792146,362.24128004792146,362.24128004792146,448
Poisson,10,18-44,0.771548,0.7594518395515099,0.7594518395515099,0.7594518395515099,829.317096,827.1936034690816,827.1936034690816,827.1936034690816,770
Poisson,10,45-64,0.634091,0.5596136305358385,0.5596136305358385,0.5596136305358385,227.82135,208.75256436688255,208.75256436688255,208.75256436688255,191
Poisson,10,65+,0.514671,0.4413266937780356,0.4413266937780356,0.4413266937780356,47.385134,46.778304487277865,46.778304487277865,46.778304487277865,44
Poisson,11,0-5,1.440226,1.7460766807319728,1.7460766807319728,1.7460766807319728,471.477637,489.96165858154836,489.96165858154836,489.96165858154836,492
Poisson,11,6-11,2.430973,3.4217530388164943,3.4217530388164943,3.4217530388164943,2237.552162,2135.841802857506,2135.841802857506,2135.841802857506,2077
Poisson,11,12-17,1.56169,1.2149819124754548,1.2149819124754548,1.2149819124754548,355.644121,388.85777252739854,388.85777252739854,388.85777252739854,321
Poisson,11,18-44,0.777724,0.8909695234068953,0.8909695234068953,0.8909695234068953,972.312685,994.7267229405779,994.7267229405779,994.7267229405779,1094
Poisson,11,45-64,0.639665,0.6363468389077782,0.6363468389077782,0.6363468389077782,263.151482,217.47782469527738,217.47782469527738,217.47782469527738,192
Poisson,11,65+,0.519046,0.5110218079993543,0.5110218079993543,0.5110218079993543,52.533007,47.80821841973193,47.80821841973193,47.80821841973193,38
Poisson,12,0-5,1.449854,1.6252411558226028,1.6252411558226028,1.6252411558226028,528.737681,568.8480284738766,568.8480284738766,568.8480284738766,568
Poisson,12,6-11,2.44033,3.368160058595001,3.368160058595001,3.368160058595001,2736.019,3010.75755919933,3010.75755919933,3010.75755919933,3334
Poisson,12,12-17,1.573314,1.2753983134291862,1.2753983134291862,1.2753983134291862,418.153866,390.5222077517392,390.5222077517392,390.5222077517392,294
Poisson,12,18-44,0.783872,0.8364426036013339,0.8364426036013339,0.8364426036013339,1151.272675,1193.9520411253816,1193.9520411253816,1193.9520411253816,1072
Poisson,12,45-64,0.645262,0.645298077151428,0.645298077151428,0.645298077151428,308.236594,243.25139552924566,243.25139552924566,243.25139552924566,206
Poisson,12,65+,0.523452,0.5421129291330552,0.5421129291330552,0.5421129291330552,59.98351,50.01704336786827,50.01704336786827,50.01704336786827,33
Poisson,13,0-5,1.459311,1.274639072869814,1.274639072869814,1.274639072869814,601.464871,663.1989765191693,663.1989765191693,663.1989765191693,782
Poisson,13,6-11,2.448882,2.7493785153238646,2.7493785153238646,2.7493785153238646,3343.167296,4307.11979757241,4307.11979757241,4307.11979757241,2093
Poisson,13,12-17,1.584811,1.4905412539869323,1.4905412539869323,1.4905412539869323,495.047755,409.0426080994248,409.0426080994248,409.0426080994248,371
Poisson,13,18-44,0.789978,0.7160415604406782,0.7160415604406782,0.7160415604406782,1374.557951,1399.4287021399214,1399.4287021399214,1399.4287021399214,1526
Poisson,13,45-64,0.650872,0.5785970731314862,0.5785970731314862,0.5785970731314862,365.179311,305.0487384729804,305.0487384729804,305.0487384729804,329
Poisson,13,65+,0.527885,0.4753340110872058,0.4753340110872058,0.4753340110872058,69.974553,58.55002585761588,58.55002585761588,58.55002585761588,76
Poisson,14,0-5,1.468566,1.0987607465769655,1.0987607465769655,1.0987607465769655,693.114377,755.2216471727961,755.2216471727961,755.2216471727961,756
Poisson,14,6-11,2.456486,1.7004083065092634,1.7004083065092634,1.7004083065092634,4082.728327,5595.798795719558,5595.798795719558,5595.798795719558,4126
Poisson,14,12-17,1.596151,1.6841532578090397,1.6841532578090397,1.6841532578090397,589.785973,514.0806520226538,514.0806520226538,514.0806520226538,595
Poisson,14,18-44,0.796023,0.5959446050868725,0.5959446050868725,0.5959446050868725,1652.533292,1680.5924861649037,1680.5924861649037,1680.5924861649037,1661
Poisson,14,45-64,0.656485,0.5120944227515023,0.5120944227515023,0.5120944227515023,436.643561,390.9340115270643,390.9340115270643,390.9340115270643,384
Poisson,14,65+,0.532333,0.4041618419641907,0.4041618419641907,0.4041618419641907,82.893616,75.49049368478529,75.49049368478529,75.49049368478529,87
Poisson,15,0-5,1.47758,1.3084034740908452,1.3084034740908452,1.3084034740908452,807.946377,860.0575900225458,860.0575900225458,860.0575900225458,738
Poisson,15,6-11,2.462969,1.384660032471128,1.384660032471128,1.384660032471128,4983.241971,6238.246001265819,6238.246001265819,6238.246001265819,3959
Poisson,15,12-17,1.607303,1.701673175155947,1.701673175155947,1.701673175155947,706.636978,724.4761786935264,724.4761786935264,724.4761786935264,946
Poisson,15,18-44,0.801986,0.656194810470523,0.656194810470523,0.656194810470523,1998.026374,2012.6993646451829,2012.6993646451829,2012.6993646451829,1916
Poisson,15,45-64,0.662089,0.5489606070696257,0.5489606070696257,0.5489606070696257,525.977613,473.77996732702104,473.77996732702104,473.77996732702104,539
Poisson,15,65+,0.536789,0.42209976275558847,0.42209976275558847,0.42209976275558847,99.286285,95.4577400900373,95.4577400900373,95.4577400900373,74
Poisson,16,0-5,1.486304,1.5054100251323121,1.5054100251323121,1.5054100251323121,951.197058,1010.995179496028,1010.995179496028,1010.995179496028,1098
Poisson,16,6-11,2.468122,1.8377628639545003,1.8377628639545003,1.8377628639545003,6078.81127,6309.5105029931765,6309.5105029931765,6309.5105029931765,8139
Poisson,16,12-17,1.618224,1.4868560404851356,1.4868560404851356,1.4868560404851356,850.860069,969.7993133246673,969.7993133246673,969.7993133246673,702
Poisson,16,18-44,0.80784,0.7797951268722686,0.7797951268722686,0.7797951268722686,2426.872612,2518.9841138164047,2518.9841138164047,2518.9841138164047,2519
Poisson,16,45-64,0.66767,0.6196869500540214,0.6196869500540214,0.6196869500540214,637.364016,544.5075632857993,544.5075632857993,544.5075632857993,586
Poisson,16,65+,0.541239,0.5031790269973773,0.5031790269973773,0.5031790269973773,119.873309,117.0400237526676,117.0400237526676,117.0400237526676,115
Poisson,17,0-5,1.494685,1.7411100997423863,1.7411100997423863,1.7411100997423863,1129.277698,1181.0072195488274,1181.0072195488274,1181.0072195488274,1187
Poisson,17,6-11,2.471696,2.7868411204545187,2.7868411204545187,2.7868411204545187,7409.847775,6609.4201645829235,6609.4201645829235,6609.4201645829235,8099
Poisson,17,12-17,1.628868,1.701483959618714,1.701483959618714,1.701483959618714,1028.921606,1162.5958056336322,1162.5958056336322,1162.5958056336322,691
Poisson,17,18-44,0.813555,1.067780006829159,1.067780006829159,1.067780006829159,2958.553836,3343.8095252283965,3343.8095252283965,3343.8095252283965,3231
Poisson,17,45-64,0.673209,0.8284347783101804,0.8284347783101804,0.8284347783101804,776.000016,619.4711663158423,619.4711663158423,619.4711663158423,478
Poisson,17,65+,0.54567,0.6473269790415818,0.6473269790415818,0.6473269790415818,145.575978,145.35716266746704,145.35716266746704,145.35716266746704,130
Poisson,18,0-5,1.502654,1.8090926741084983,1.8090926741084983,1.8090926741084983,1350.001486,1363.2523128119465,1363.2523128119465,1363.2523128119465,1355
Poisson,18,6-11,2.473394,3.1342938893588794,3.1342938893588794,3.1342938893588794,9023.720946,7847.7706409304155,7847.7706409304155,7847.7706409304155,8351
Poisson,18,12-17,1.639178,1.8579228799259202,1.8579228799259202,1.8579228799259202,1248.747198,1344.6041298678538,1344.6041298678538,1344.6041298678538,1324
Poisson,18,18-44,0.819096,0.9958495722912837,0.9958495722912837,0.9958495722912837,3616.933377,4597.012594937067,4597.012594937067,4597.012594937067,4905
Poisson,18,45-64,0.678688,0.7782198311161592,0.7782198311161592,0.7782198311161592,948.311106,734.1710841774429,734.1710841774429,734.1710841774429,904
Poisson,18,65+,0.550065,0.615369714460618,0.615369714460618,0.615369714460618,177.549463,174.7361813697471,174.7361813697471,174.7361813697471,179
Poisson,19,0-5,1.510132,1.9118472053326334,1.9118472053326334,1.9118472053326334,1622.834336,1690.1687807906019,1690.1687807906019,1690.1687807906019,1592
Poisson,19,6-11,2.472868,2.5862262961667692,2.5862262961667692,2.5862262961667692,10975.172743,10042.750376522948,10042.750376522948,10042.750376522948,8729
Poisson,19,12-17,1.649086,1.8132769950418572,1.8132769950418572,1.8132769950418572,1520.009766,1608.8153456709651,1608.8153456709651,1608.8153456709651,1548
Poisson,19,18-44,0.824418,1.0337212593225718,1.0337212593225718,1.0337212593225718,4431.080289,5858.871330561,5858.871330561,5858.871330561,3727
Poisson,19,45-64,0.684081,0.9004683652066812,0.9004683652066812,0.9004683652066812,1162.198633,996.3840816402972,996.3840816402972,996.3840816402972,1340
Poisson,19,65+,0.554406,0.7204615514344512,0.7204615514344512,0.7204615514344512,217.223561,211.77568242677467,211.77568242677467,211.77568242677467,197
Poisson,20,0-5,1.517023,1.3691382960147112,1.3691382960147112,1.3691382960147112,1959.160279,2227.3786981519934,2227.3786981519934,2227.3786981519934,2454
Poisson,20,6-11,2.469709,2.7101935244820705,2.7101935244820705,2.7101935244820705,13326.287852,12553.611221895851,12553.611221895851,12553.611221895851,12157
Poisson,20,12-17,1.65851,1.8121005075763654,1.8121005075763654,1.8121005075763654,1854.449136,1951.0790022320944,1951.0790022320944,1951.0790022320944,1922
Poisson,20,18-44,0.829473,0.8630674198005043,0.8630674198005043,0.8630674198005043,5436.159,7135.753919337651,7135.753919337651,7135.753919337651,6161
Poisson,20,45-64,0.689363,0.847343290768625,0.847343290768625,0.847343290768625,1427.319119,1706.0507469114382,1706.0507469114382,1706.0507469114382,2036
Poisson,20,65+,0.558669,0.6839019890868656,0.6839019890868656,0.6839019890868656,266.34977,278.1048505310971,278.1048505310971,278.1048505310971,292
Poisson,21,0-5,1.523216,1.442171332912613,1.442171332912613,1.442171332912613,2372.543472,2686.884416923187,2686.884416923187,2686.884416923187,2376
Poisson,21,6-11,2.463448,3.625243732316804,3.625243732316804,3.625243732316804,16145.720016,16749.314223254623,16749.314223254623,16749.314223254623,23094
Poisson,21,12-17,1.667356,2.1798082611559004,2.1798082611559004,2.1798082611559004,2266.211961,2443.661243567416,2443.661243567416,2443.661243567416,2226
Poisson,21,18-44,0.8342,0.9022454494309722,0.9022454494309722,0.9022454494309722,6674.335155,7740.609564064624,7740.609564064624,7740.609564064624,6826
Poisson,21,45-64,0.694499,0.8192232343049587,0.8192232343049587,0.8192232343049587,1755.387594,2708.680527263019,2708.680527263019,2708.680527263019,1547
Poisson,21,65+,0.56283,0.6699016273595437,0.6699016273595437,0.6699016273595437,327.052749,355.13766567971174,355.13766567971174,355.13766567971174,359
Poisson,22,0-5,1.528579,1.1591380141576881,1.1591380141576881,1.1591380141576881,2878.956344,3069.884898555607,3069.884898555607,3069.884898555607,3131
Poisson,22,6-11,2.453554,2.1079802081196366,2.1079802081196366,2.1079802081196366,19506.770976,23470.284124228463,23470.284124228463,23470.284124228463,14422
Poisson,22,12-17,1.675512,1.741388227927641,1.741388227927641,1.741388227927641,2772.190309,3252.1868566163394,3252.1868566163394,3252.1868566163394,3574
Poisson,22,18-44,0.838535,0.7684767303431687,0.7684767303431687,0.7684767303431687,8195.610922,8357.458469919307,8357.458469919307,8357.458469919307,12833
Poisson,22,45-64,0.699454,0.6729148335342077,0.6729148335342077,0.6729148335342077,2160.488931,3551.7202181603316,3551.7202181603316,3551.7202181603316,2667
Poisson,22,65+,0.566857,0.5737786593327769,0.5737786593327769,0.5737786593327769,401.882688,466.8124803761807,466.8124803761807,466.8124803761807,538
Poisson,23,0-5,1.532962,0.9634443203174613,0.9634443203174613,0.9634443203174613,3496.926404,3330.140382717982,3330.140382717982,3330.140382717982,3098
Poisson,23,6-11,2.439441,1.2365097355855286,1.2365097355855286,1.2365097355855286,23483.816704,27679.814000281418,27679.814000281418,27679.814000281418,25236
Poisson,23,12-17,1.682849,1.1019984139748786,1.1019984139748786,1.1019984139748786,3392.32232,4111.977400078962,4111.977400078962,4111.977400078962,2781
Poisson,23,18-44,0.842399,0.5216759508727035,0.5216759508727035,0.5216759508727035,10058.451204,9980.431438141852,9980.431438141852,9980.431438141852,8931
Poisson,23,45-64,0.704184,0.44159646262958613,0.44159646262958613,0.44159646262958613,2659.369155,3938.5448158782547,3938.5448158782547,3938.5448158782547,3062
Poisson,23,65+,0.570717,0.40029523558758,0.40029523558758,0.40029523558758,493.862942,644.8761063521811,644.8761063521811,644.8761063521811,619
Poisson,24,0-5,1.536191,1.4981191101073765,1.4981191101073765,1.4981191101073765,4247.53248,3708.3384993965446,3708.3384993965446,3708.3384993965446,3543
Poisson,24,6-11,2.420485,1.114595099236193,1.114595099236193,1.114595099236193,28146.510063,27860.378668229503,27860.378668229503,27860.378668229503,13809
Poisson,24,12-17,1.68922,0.9124400286384102,0.9124400286384102,0.9124400286384102,4149.798326,4594.243752883256,4594.243752883256,4594.243752883256,4307
Poisson,24,18-44,0.84571,0.669990484814896,0.669990484814896,0.669990484814896,12329.995522,11981.983797377645,11981.983797377645,11981.983797377645,12801
Poisson,24,45-64,0.708641,0.4906954608355102,0.4906954608355102,0.4906954608355102,3271.66235,3881.9603497120042,3881.9603497120042,3881.9603497120042,2700
Poisson,24,65+,0.574373,0.4040702396654455,0.4040702396654455,0.4040702396654455,606.524284,822.4471607533942,822.4471607533942,822.4471607533942,947
Poisson,25,0-5,1.538076,1.9209943634774047,1.9209943634774047,1.9209943634774047,5154.156091,4552.284446677859,4552.284446677859,4552.284446677859,5304
Poisson,25,6-11,2.396044,1.7709043923291534,1.7709043923291534,1.7709043923291534,33551.219506,25518.757846745517,25518.757846745517,25518.757846745517,35576
Poisson,25,12-17,1.694459,1.227009045112755,1.227009045112755,1.227009045112755,5071.091004,4635.628975845517,4635.628975845517,4635.628975845517,4316
Poisson,25,18-44,0.848378,0.9641806568901969,0.9641806568901969,0.9641806568901969,15085.572494,15472.669487895357,15472.669487895357,15472.669487895357,16260
Poisson,25,45-64,0.712775,0.6942071667883808,0.6942071667883808,0.6942071667883808,4019.988369,3528.7942719130406,3528.7942719130406,3528.7942719130406,2976
Poisson,25,65+,0.577785,0.521351504400209,0.521351504400209,0.521351504400209,743.91342,905.8979539511629,905.8979539511629,905.8979539511629,743
Poisson,26,0-5,1.538409,1.4494814446068192,1.4494814446068192,1.4494814446068192,6241.868991,5583.725822205939,5583.725822205939,5583.725822205939,3544
Poisson,26,6-11,2.365505,2.3259837948330775,2.3259837948330775,2.3259837948330775,39729.377274,24303.370902993396,24303.370902993396,24303.370902993396,33684
Poisson,26,12-17,1.698384,1.5572728559724258,1.5572728559724258,1.5572728559724258,6185.700699,4672.383500213877,4672.383500213877,4672.383500213877,5430
Poisson,26,18-44,0.850308,0.906313567258413,0.906313567258413,0.906313567258413,18407.156202,20505.51925646208,20505.51925646208,20505.51925646208,14952
Poisson,26,45-64,0.716529,0.6997418305652846,0.6997418305652846,0.6997418305652846,4929.833728,3250.7067893332787,3250.7067893332787,3250.7067893332787,4916
Poisson,26,65+,0.58091,0.522912603450552,0.522912603450552,0.522912603450552,910.559366,897.8822760682633,897.8822760682633,897.8822760682633,647
Poisson,27,0-5,1.536973,1.6981021347974323,1.6981021347974323,1.6981021347974323,7536.321247,6389.667697506549,6389.667697506549,6389.667697506549,10657
Poisson,27,6-11,2.328335,3.3541172058471296,3.3541172058471296,3.3541172058471296,46672.912574,27578.666030311782,27578.666030311782,27578.666030311782,39564
Poisson,27,12-17,1.700803,2.275727631325311,2.275727631325311,2.275727631325311,7525.482085,5342.963742124368,5342.963742124368,5342.963742124368,12569
Poisson,27,18-44,0.851409,0.9363930771340502,0.9363930771340502,0.9363930771340502,22380.349545,24632.81342784071,24632.81342784071,24632.81342784071,24376
Poisson,27,45-64,0.719848,0.7622748290390802,0.7622748290390802,0.7622748290390802,6029.107041,3424.4128564509447,3424.4128564509447,3424.4128564509447,7348
Poisson,27,65+,0.583707,0.5830629974216239,0.5830629974216239,0.5830629974216239,1111.377766,872.8180694035036,872.8180694035036,872.8180694035036,750
Poisson,28,0-5,1.533549,1.3430654253490848,1.3430654253490848,1.3430654253490848,9061.997971,7361.950383163283,7361.950383163283,7361.950383163283,5319
Poisson,28,6-11,2.284154,5.363151241647028,5.363151241647028,5.363151241647028,54317.819328,41727.57636418627,41727.57636418627,41727.57636418627,56235
Poisson,28,12-17,1.701519,3.81666362524776,3.81666362524776,3.81666362524776,9123.405142,7857.127051394054,7857.127051394054,7857.127051394054,12221
Poisson,28,18-44,0.851597,1.133500398488953,1.133500398488953,1.133500398488953,27089.486627,26486.82500078724,26486.82500078724,26486.82500078724,26380
Poisson,28,45-64,0.722678,1.0447405654915072,1.0447405654915072,1.0447405654915072,7347.248756,4572.682394818865,4572.682394818865,4572.682394818865,8191
Poisson,28,65+,0.586138,0.7957643906719174,0.7957643906719174,0.7957643906719174,1351.491718,913.7437938958437,913.7437938958437,913.7437938958437,1495
Poisson,29,0-5,1.527933,1.6808731685651892,1.6808731685651892,1.6808731685651892,10839.753381,8218.693438562354,8218.693438562354,8218.693438562354,9629
Poisson,29,6-11,2.232815,2.947009209058153,2.947009209058153,2.947009209058153,62528.143683,72719.6635671237,72719.6635671237,72719.6635671237,51545
Poisson,29,12-17,1.700336,2.9376981955494617,2.9376981955494617,2.9376981955494617,11011.615446,13588.54245263389,13588.54245263389,13588.54245263389,13944
Poisson,29,18-44,0.850805,1.1676969000922723,1.1676969000922723,1.1676969000922723,32610.565163,27505.22773015595,27505.22773015595,27505.22773015595,27441
Poisson,29,45-64,0.724969,1.3006673295385212,1.3006673295385212,1.3006673295385212,8913.784102,8578.695737376453,8578.695737376453,8578.695737376453,9583
Poisson,29,65+,0.588169,1.069226861240206,1.069226861240206,1.069226861240206,1635.950409,1199.6292817536469,1199.6292817536469,1199.6292817536469,1602
Poisson,30,0-5,1.51995,2.0499103749855303,2.0499103749855303,2.0499103749855303,12883.625658,10964.176029909228,10964.176029909228,10964.176029909228,11501
Poisson,30,6-11,2.174479,2.0038982624160666,2.0038982624160666,2.0038982624160666,71084.065893,98084.67961868533,98084.67961868533,98084.67961868533,65627
Poisson,30,12-17,1.697079,2.126915961313854,2.126915961313854,2.126915961313854,13218.712345,20420.144080663333,20420.144080663333,20420.144080663333,14680
Poisson,30,18-44,0.848988,1.0481218828429149,1.0481218828429149,1.0481218828429149,39002.002914,32014.556185628753,32014.556185628753,32014.556185628753,31595
Poisson,30,45-64,0.726683,0.9818197965806906,0.9818197965806906,0.9818197965806906,10756.25137,17656.653996644534,17656.653996644534,17656.653996644534,9280
Poisson,30,65+,0.589777,0.8184949382291236,0.8184949382291236,0.8184949382291236,1969.336221,2034.5100613983432,2034.5100613983432,2034.5100613983432,2261
Poisson,31,0-5,1.509469,1.8352889469218794,1.8352889469218794,1.8352889469218794,15197.094747,16065.823089031066,16065.823089031066,16065.823089031066,14989
Poisson,31,6-11,2.109682,1.4996170367726538,1.4996170367726538,1.4996170367726538,79678.808818,107297.00664147432,107297.00664147432,107297.00664147432,80701
Poisson,31,12-17,1.691596,1.3774582325878202,1.3774582325878202,1.3774582325878202,15766.27182,25963.412805949614,25963.412805949614,25963.412805949614,12821
Poisson,31,18-44,0.846135,0.9458181116928148,0.9458181116928148,0.9458181116928148,46293.687618,45393.30638016865,45393.30638016865,45393.30638016865,46627
Poisson,31,45-64,0.727795,0.7880566965688063,0.7880566965688063,0.7880566965688063,12897.525822,25406.835469086967,25406.835469086967,25406.835469086967,10032
Poisson,31,65+,0.590954,0.6518745346811584,0.6518745346811584,0.6518745346811584,2355.268916,3154.548455079408,3154.548455079408,3154.548455079408,2465
Poisson,32,0-5,1.496425,1.1134174915720987,1.1134174915720987,1.1134174915720987,17769.158643,20931.542963501255,20931.542963501255,20931.542963501255,15680
Poisson,32,6-11,2.039356,1.5102828840881544,1.5102828840881544,1.5102828840881544,87929.104962,104506.58193096402,104506.58193096402,104506.58193096402,131372
Poisson,32,12-17,1.68378,0.8276709352118615,0.8276709352118615,0.8276709352118615,18664.8059,27701.386024266714,27701.386024266714,27701.386024266714,20628
Poisson,32,18-44,0.842273,0.6197740261814898,0.6197740261814898,0.6197740261814898,54475.424374,64891.57506973785,64891.57506973785,64891.57506973785,46571
Poisson,32,45-64,0.728298,0.48216597470862843,0.48216597470862843,0.48216597470862843,15352.693484,28517.972907345815,28517.972907345815,28517.972907345815,16021
Poisson,32,65+,0.591705,0.393607235994911,0.393607235994911,0.393607235994911,2795.841638,4059.110834449948,4059.110834449948,4059.110834449948,2602
Poisson,33,0-5,1.480829,1.3756784367191859,1.3756784367191859,1.3756784367191859,20570.831334,24317.877011428267,24317.877011428267,24317.877011428267,29296
Poisson,33,6-11,1.964809,1.123080662249858,1.123080662249858,1.123080662249858,95402.189379,101910.24978327064,101910.24978327064,101910.24978327064,100057
Poisson,33,12-17,1.673573,0.8258605321696842,0.8258605321696842,0.8258605321696842,21909.552418,26482.474938407424,26482.474938407424,26482.474938407424,25806
Poisson,33,18-44,0.83747,0.4526952233323718,0.4526952233323718,0.4526952233323718,63486.547941,76960.09055828484,76960.09055828484,76960.09055828484,50397
Poisson,33,45-64,0.728206,0.32024937623099686,0.32024937623099686,0.32024937623099686,18125.790738,27325.040190923202,27325.040190923202,27325.040190923202,22007
Poisson,33,65+,0.592053,0.27217393823337194,0.27217393823337194,0.27217393823337194,3291.053781,4380.567821709821,4380.567821709821,4380.567821709821,2976
Poisson,34,0-5,1.462781,0.7339338428276694,0.7339338428276694,0.7339338428276694,23552.833856,28635.6312699088,28635.6312699088,28635.6312699088,15443
Poisson,34,6-11,1.887639,1.0610920745375851,1.0610920745375851,1.0610920745375851,101658.549787,98072.10919627373,98072.10919627373,98072.10919627373,129985
Poisson,34,12-17,1.660977,0.7021229484622937,0.7021229484622937,0.7021229484622937,25476.681038,25172.070542954025,25172.070542954025,25172.070542954025,29430
Poisson,34,18-44,0.83183,0.2904443325296107,0.2904443325296107,0.2904443325296107,73208.929413,76572.0147746487,76572.0147746487,76572.0147746487,74041
Poisson,34,45-64,0.727549,0.21993102308876059,0.21993102308876059,0.21993102308876059,21206.87399,23669.858119275654,23669.858119275654,23669.858119275654,18417
Poisson,34,65+,0.592035,0.19627739434100694,0.19627739434100694,0.19627739434100694,3838.331698,4318.817542250024,4318.817542250024,4318.817542250024,4940
Poisson,35,0-5,1.442463,0.48365079470475725,0.48365079470475725,0.48365079470475725,26645.268355,29748.83480958722,29748.83480958722,29748.83480958722,19143
Poisson,35,6-11,1.809602,0.9621305388842211,0.9621305388842211,0.9621305388842211,106304.720836,94847.83916724694,94847.83916724694,94847.83916724694,93082
Poisson,35,12-17,1.646053,1.0918636517796105,1.0918636517796105,1.0918636517796105,29320.616863,24515.99255936063,24515.99255936063,24515.99255936063,29344
Poisson,35,18-44,0.825488,0.2759405109420181,0.2759405109420181,0.2759405109420181,83465.594545,67580.69020425412,67580.69020425412,67580.69020425412,64025
Poisson,35,45-64,0.726377,0.24737319484537842,0.24737319484537842,0.24737319484537842,24569.961263,19422.77191012338,19422.77191012338,19422.77191012338,30508
Poisson,35,65+,0.591703,0.21068706892142972,0.21068706892142972,0.21068706892142972,4432.23845,4078.8874968782984,4078.8874968782984,4078.8874968782984,3491
Poisson,36,0-5,1.420138,0.7431640152098214,0.7431640152098214,0.7431640152098214,29759.863711,27980.911421338154,27980.911421338154,27980.911421338154,31556
Poisson,36,6-11,1.732447,1.1537631880517027,1.1537631880517027,1.1537631880517027,109046.030685,91139.21338038135,91139.21338038135,91139.21338038135,109180
Poisson,36,12-17,1.628921,1.8918788389033887,1.8918788389033887,1.8918788389033887,33373.156777,27066.87077525616,27066.87077525616,27066.87077525616,37943
Poisson,36,18-44,0.818595,0.38658131550816727,0.38658131550816727,0.38658131550816727,94026.494436,56271.883269873215,56271.883269873215,56271.883269873215,124313
Poisson,36,45-64,0.724752,0.3736299890449603,0.3736299890449603,0.3736299890449603,28172.341504,15989.621080748562,15989.621080748562,15989.621080748562,29415
Poisson,36,65+,0.591115,0.2840641481963618,0.2840641481963618,0.2840641481963618,5064.458606,3835.609558304426,3835.609558304426,3835.609558304426,4597
Poisson,37,0-5,1.396133,1.4535936367557623,1.4535936367557623,1.4535936367557623,32794.956334,27272.98526008561,27272.98526008561,27272.98526008561,38394
Poisson,37,6-11,1.657761,2.0304518803986515,2.0304518803986515,2.0304518803986515,109727.494748,90537.35499758949,90537.35499758949,90537.35499758949,104277
Poisson,37,12-17,1.609753,3.3362256441615816,3.3362256441615816,3.3362256441615816,37544.855439,37012.172564676934,37012.172564676934,37012.172564676934,49845
Poisson,37,18-44,0.811312,0.7164832720459295,0.7164832720459295,0.7164832720459295,104621.660832,46677.29571129987,46677.29571129987,46677.29571129987,91754
Poisson,37,45-64,0.722744,0.6865278997231167,0.6865278997231167,0.6865278997231167,31955.558439,14578.45126302255,14578.45126302255,14578.45126302255,25060
Poisson,37,65+,0.590333,0.5286071965025028,0.5286071965025028,0.5286071965025028,5724.101281,3693.4867871202077,3693.4867871202077,3693.4867871202077,6017
Poisson,38,0-5,1.370818,2.474812172781749,2.474812172781749,2.474812172781749,35642.80832,31730.99606448211,31730.99606448211,31730.99606448211,39100
Poisson,38,6-11,1.586842,2.5107010556085725,2.5107010556085725,2.5107010556085725,108353.242562,100392.39759086934,100392.39759086934,100392.39759086934,101796
Poisson,38,12-17,1.588767,2.2511057593772743,2.2511057593772743,2.2511057593772743,41728.814362,56349.076635853504,56349.076635853504,56349.076635853504,42868
Poisson,38,18-44,0.803791,1.009529871827142,1.009529871827142,1.009529871827142,114960.356943,43048.57026305667,43048.57026305667,43048.57026305667,115827
Poisson,38,45-64,0.720427,0.9147218725731653,0.9147218725731653,0.9147218725731653,35848.07833,16795.097153008945,16795.097153008945,16795.097153008945,38618
Poisson,38,65+,0.589417,0.8311878176979391,0.8311878176979391,0.8311878176979391,6398.302853,4144.861845469706,4144.861845469706,4144.861845469706,8223
Poisson,39,0-5,1.344588,1.9176841926458181,1.9176841926458181,1.9176841926458181,38198.327169,42159.63279706292,42159.63279706292,42159.63279706292,39572
Poisson,39,6-11,1.520628,2.1932614623015465,2.1932614623015465,2.1932614623015465,105080.431697,117182.99994533672,117182.99994533672,117182.99994533672,116798
Poisson,39,12-17,1.566216,1.9351768860895395,1.9351768860895395,1.9351768860895395,45806.601451,70590.86829369498,70590.86829369498,70590.86829369498,57501
Poisson,39,18-44,0.796173,1.286728714758341,1.286728714758341,1.286728714758341,124753.416688,51617.26373050769,51617.26373050769,51617.26373050769,166931
Poisson,39,45-64,0.717872,1.3294767481918146,1.3294767481918146,1.3294767481918146,39769.328538,27041.83453263546,27041.83453263546,27041.83453263546,43212
Poisson,39,65+,0.588422,1.1518660835273133,1.1518660835273133,1.1518660835273133,7073.048443,5746.037204143169,5746.037204143169,5746.037204143169,6166
Poisson,40,0-5,1.31784,1.9035314436665338,1.9035314436665338,1.9035314436665338,40367.907543,49097.197455630405,49097.197455630405,49097.197455630405,35840
Poisson,40,6-11,1.459686,2.0320312391735547,2.0320312391735547,2.0320312391735547,100190.381818,124889.73769273632,124889.73769273632,124889.73769273632,86860
Poisson,40,12-17,1.542381,1.580196734169408,1.580196734169408,1.580196734169408,49655.666788,73230.93218928907,73230.93218928907,73230.93218928907,51591
Poisson,40,18-44,0.788577,1.4481075482186145,1.4481075482186145,1.4481075482186145,133735.243112,86577.17987343483,86577.17987343483,86577.17987343483,138680
Poisson,40,45-64,0.715149,1.253826171334865,1.253826171334865,1.253826171334865,43634.545662,46949.771476039634,46949.771476039634,46949.771476039634,33242
Poisson,40,65+,0.587398,1.0298422125628877,1.0298422125628877,1.0298422125628877,7734.088427,8171.565449343056,8171.565449343056,8171.565449343056,6866
Poisson,41,0-5,1.290953,0.9744362474612159,0.9744362474612159,0.9744362474612159,42077.074294,49278.4059742199,49278.4059742199,49278.4059742199,48429
Poisson,41,6-11,1.404245,1.0619290206289294,1.0619290206289294,1.0619290206289294,94045.014405,117575.75084113493,117575.75084113493,117575.75084113493,101720
Poisson,41,12-17,1.517563,0.8482136561581151,0.8482136561581151,0.8482136561581151,53157.392016,66505.87764960562,66505.87764960562,66505.87764960562,59085
Poisson,41,18-44,0.781104,0.7567424470047409,0.7567424470047409,0.7567424470047409,141682.145304,148717.6604133743,148717.6604133743,148717.6604133743,121993
Poisson,41,45-64,0.712322,0.656973348009943,0.656973348009943,0.656973348009943,47359.769739,60898.55240350048,60898.55240350048,60898.55240350048,50772
Poisson,41,65+,0.586383,0.5394385323856035,0.5394385323856035,0.5394385323856035,8367.815995,10382.929004086858,10382.929004086858,10382.929004086858,7169
Poisson,42,0-5,1.264279,0.5992392674722149,0.5992392674722149,0.5992392674722149,43275.869579,44175.86183024832,44175.86183024832,44175.86183024832,37168
Poisson,42,6-11,1.354261,0.6468546932773518,0.6468546932773518,0.6468546932773518,87038.883809,100169.74846738973,100169.74846738973,100169.74846738973,93472
Poisson,42,12-17,1.492072,0.7863708173020577,0.7863708173020577,0.7863708173020577,56204.854036,55829.97292385914,55829.97292385914,55829.97292385914,75890
Poisson,42,18-44,0.773835,0.5304850906765596,0.5304850906765596,0.5304850906765596,148424.708036,188593.8923993701,188593.8923993701,188593.8923993701,122750
Poisson,42,45-64,0.709447,0.5615536392627476,0.5615536392627476,0.5615536392627476,50866.378694,66530.15963717719,66530.15963717719,66530.15963717719,68036
Poisson,42,65+,0.585414,0.4392205220104113,0.4392205220104113,0.4392205220104113,8961.994575,11194.665736160037,11194.665736160037,11194.665736160037,7379
Poisson,43,0-5,1.238125,0.45233073615604974,0.45233073615604974,0.45233073615604974,43941.398862,37097.163076283876,37097.163076283876,37097.163076283876,50466
Poisson,43,6-11,1.309493,0.4106230859150602,0.4106230859150602,0.4106230859150602,79556.000048,78937.82607717393,78937.82607717393,78937.82607717393,53716
Poisson,43,12-17,1.46622,0.7884942868111618,0.7884942868111618,0.7884942868111618,58709.484516,46319.195635821205,46319.195635821205,46319.195635821205,101619
Poisson,43,18-44,0.766831,0.3513978433071633,0.3513978433071633,0.3513978433071633,153853.31109,192317.51148214377,192317.51148214377,192317.51148214377,153151
Poisson,43,45-64,0.706578,0.3894333410847332,0.3894333410847332,0.3894333410847332,54084.732826,70934.50782332756,70934.50782332756,70934.50782332756,38807
Poisson,43,65+,0.584516,0.29217907526831377,0.29217907526831377,0.29217907526831377,9506.268457,10491.103691554687,10491.103691554687,10491.103691554687,9668
Poisson,44,0-5,1.212753,0.5242924712684109,0.5242924712684109,0.5242924712684109,44077.485298,30981.192842193355,30981.192842193355,30981.192842193355,43903
Poisson,44,6-11,1.269576,0.3658202050903231,0.3658202050903231,0.3658202050903231,71937.426081,58931.64394593169,58931.64394593169,58931.64394593169,83466
Poisson,44,12-17,1.440311,1.0222336967324093,1.0222336967324093,1.0222336967324093,60606.016309,41199.5607537505,41199.5607537505,41199.5607537505,59721
Poisson,44,18-44,0.760141,0.25728718124579864,0.25728718124579864,0.25728718124579864,157917.275974,170933.50443132967,170933.50443132967,170933.50443132967,134297
Poisson,44,45-64,0.70376,0.2648635410636458,0.2648635410636458,0.2648635410636458,56956.72138,70158.46634597337,70158.46634597337,70158.46634597337,59601
Poisson,44,65+,0.583713,0.19529850654369219,0.19529850654369219,0.19529850654369219,9992.439961,8938.669758848948,8938.669758848948,8938.669758848948,6911
Poisson,45,0-5,1.188372,0.9110847552367446,0.9110847552367446,0.9110847552367446,43711.842688,27928.91468501289,27928.91468501289,27928.91468501289,36343
Poisson,45,6-11,1.234079,0.5467469011582944,0.5467469011582944,0.5467469011582944,64461.862813,43017.07035342767,43017.07035342767,43017.07035342767,62409
Poisson,45,12-17,1.414631,1.8650765296553866,1.8650765296553866,1.8650765296553866,61855.36882,42995.08077908843,42995.08077908843,42995.08077908843,64275
Poisson,45,18-44,0.7538,0.4026902373562565,0.4026902373562565,0.4026902373562565,160619.070436,139086.3849376773,139086.3849376773,139086.3849376773,134348
Poisson,45,45-64,0.701036,0.43644651579865695,0.43644651579865695,0.43644651579865695,59437.204628,63576.117136392626,63576.117136392626,63576.117136392626,65110
Poisson,45,65+,0.583021,0.3101696143225112,0.3101696143225112,0.3101696143225112,10414.537539,7320.295631420668,7320.295631420668,7320.295631420668,9829
Poisson,46,0-5,1.165143,1.6533557062356972,1.6533557062356972,1.6533557062356972,42891.476896,29602.300905031036,29602.300905031036,29602.300905031036,44149
Poisson,46,6-11,1.202554,0.9218565012381381,0.9218565012381381,0.9218565012381381,57338.351483,31543.414845785126,31543.414845785126,31543.414845785126,49494
Poisson,46,12-17,1.389444,3.180914646463339,3.180914646463339,3.180914646463339,62445.388529,56422.20291881077,56422.20291881077,56422.20291881077,70843
Poisson,46,18-44,0.747835,0.6761385723092118,0.6761385723092118,0.6761385723092118,162005.414982,108144.2099476445,108144.2099476445,108144.2099476445,186494
Poisson,46,45-64,0.698441,0.7474900687197978,0.7474900687197978,0.7474900687197978,61494.484575,58680.99387378001,58680.99387378001,58680.99387378001,79369
Poisson,46,65+,0.582457,0.5348855035530033,0.5348855035530033,0.5348855035530033,10768.723727,6050.964854840553,6050.964854840553,6050.964854840553,9588
Poisson,47,0-5,1.143177,2.755226605767751,2.755226605767751,2.755226605767751,41677.13921,39279.00432131498,39279.00432131498,39279.00432131498,47306
Poisson,47,6-11,1.174563,1.1522975790560044,1.1522975790560044,1.1522975790560044,50708.389506,24303.09623207408,24303.09623207408,24303.09623207408,46228
Poisson,47,12-17,1.364981,1.7268289585097651,1.7268289585097651,1.7268289585097651,62389.594496,82065.13889952516,82065.13889952516,82065.13889952516,66488
Poisson,47,18-44,0.742263,0.7164724641512733,0.7164724641512733,0.7164724641512733,162157.074215,83926.13411773392,83926.13411773392,83926.13411773392,155255
Poisson,47,45-64,0.696005,0.5674903231854532,0.5674903231854532,0.5674903231854532,63110.00566,57885.49404231808,57885.49404231808,57885.49404231808,58069
Poisson,47,65+,0.582032,0.50074071067565,0.50074071067565,0.50074071067565,11053.099209,5478.721736956475,5478.721736956475,5478.721736956475,10997
Poisson,48,0-5,1.122545,1.58760114927914,1.58760114927914,1.58760114927914,40137.607332,56963.540600004955,56963.540600004955,56963.540600004955,36567
Poisson,48,6-11,1.149695,1.466420159731066,1.466420159731066,1.466420159731066,44654.143321,21275.274805598892,21275.274805598892,21275.274805598892,47603
Poisson,48,12-17,1.341439,1.0988854573407572,1.0988854573407572,1.0988854573407572,61724.260962,98272.71097159886,98272.71097159886,98272.71097159886,65313
Poisson,48,18-44,0.737094,0.7007865213547303,0.7007865213547303,0.7007865213547303,161178.750037,71224.38015500898,71224.38015500898,71224.38015500898,118495
Poisson,48,45-64,0.693755,0.5829739590675971,0.5829739590675971,0.5829739590675971,64277.496826,54867.88351362094,54867.88351362094,54867.88351362094,47581
Poisson,48,65+,0.581754,0.6090384476518049,0.6090384476518049,0.6090384476518049,11267.4537,6180.056936280045,6180.056936280045,6180.056936280045,14143
Poisson,49,0-5,1.103279,1.5188419616894246,1.5188419616894246,1.5188419616894246,38344.413372,66530.9557530738,66530.9557530738,66530.9557530738,34040
Poisson,49,6-11,1.127582,2.3913654200557706,2.3913654200557706,2.3913654200557706,39209.697264,23255.94659591955,23255.94659591955,23255.94659591955,37208
Poisson,49,12-17,1.318977,1.2428925231570842,1.2428925231570842,1.2428925231570842,60504.288709,97827.34246199077,97827.34246199077,97827.34246199077,52017
Poisson,49,18-44,0.732333,1.0769841134534972,1.0769841134534972,1.0769841134534972,159190.010563,75821.38145415741,75821.38145415741,75821.38145415741,128363
Poisson,49,45-64,0.691711,0.9158802992539048,0.9158802992539048,0.9158802992539048,65001.740923,50616.99297561194,50616.99297561194,50616.99297561194,72874
Poisson,49,65+,0.581631,0.8311085776930078,0.8311085776930078,0.8311085776930078,11413.001947,8263.628799122424,8263.628799122424,8263.628799122424,8554
Poisson,50,0-5,1.085382,1.96070003275832,1.96070003275832,1.96070003275832,36367.431967,65182.32517069916,65182.32517069916,65182.32517069916,21371
Poisson,50,6-11,1.107894,2.3845828642030096,2.3845828642030096,2.3845828642030096,34372.979525,29289.635480551748,29289.635480551748,29289.635480551748,23486
Poisson,50,12-17,1.297714,1.4291390847731262,1.4291390847731262,1.4291390847731262,58798.369678,86088.18616182031,86088.18616182031,86088.18616182031,63853
Poisson,50,18-44,0.727981,1.5699435736851723,1.5699435736851723,1.5699435736851723,156317.730636,108497.20749102975,108497.20749102975,108497.20749102975,167199
Poisson,50,45-64,0.689889,1.2151719996137722,1.2151719996137722,1.2151719996137722,65297.118419,48502.174295665114,48502.174295665114,48502.174295665114,43147
Poisson,50,65+,0.581667,1.0089359030306957,1.0089359030306957,1.0089359030306957,11492.12915,10473.83098062058,10473.83098062058,10473.83098062058,10531
Poisson,51,0-5,1.068832,1.0518552132668533,1.0518552132668533,1.0518552132668533,34271.53494,56950.627273399616,56950.627273399616,56950.627273399616,34670
Poisson,51,6-11,1.090343,1.3151212165450583,1.3151212165450583,1.3151212165450583,30116.818226,32198.631485313876,32198.631485313876,32198.631485313876,32337
Poisson,51,12-17,1.277736,0.9270062963334567,0.9270062963334567,0.9270062963334567,56683.939143,69524.85173479374,69524.85173479374,69524.85173479374,37436
Poisson,51,18-44,0.724031,0.9345093920715327,0.9345093920715327,0.9345093920715327,152690.165767,168709.67638384784,168709.67638384784,168709.67638384784,162397
Poisson,51,45-64,0.6883,0.856696551899805,0.856696551899805,0.856696551899805,65186.034642,46320.97749154165,46320.97749154165,46320.97749154165,55482
Poisson,51,65+,0.581864,0.8281367765870029,0.8281367765870029,0.8281367765870029,11508.15811,12704.20950259015,12704.20950259015,12704.20950259015,12555
Poisson,52,0-5,1.053589,0.607154469968058,0.607154469968058,0.607154469968058,32114.344848,45909.994099638076,45909.994099638076,45909.994099638076,28394
Poisson,52,6-11,1.074677,0.8676305168797828,0.8676305168797828,0.8676305168797828,26398.298433,30900.83833552967,30900.83833552967,30900.83833552967,30471
Poisson,52,12-17,1.259092,0.7474584463054995,0.7474584463054995,0.7474584463054995,54242.347223,52896.468601987,52896.468601987,52896.468601987,45927
Poisson,52,18-44,0.720478,0.6342270647361952,0.6342270647361952,0.6342270647361952,148432.553379,204220.72212258307,204220.72212258307,204220.72212258307,129439
Poisson,52,45-64,0.68695,0.6863875787420861,0.6863875787420861,0.6863875787420861,64697.310534,49306.05967581854,49306.05967581854,49306.05967581854,48379
Poisson,52,65+,0.582224,0.6335085182475318,0.6335085182475318,0.6335085182475318,11465.141901,15272.44447685231,15272.44447685231,15272.44447685231,15703
Poisson,53,0-5,1.039599,0.3706200346074021,0.3706200346074021,0.3706200346074021,29944.994064,34863.01220824395,34863.01220824395,34863.01220824395,25849
Poisson,53,6-11,1.060681,0.5732172704686617,0.5732172704686617,0.5732172704686617,23166.127966,27236.06175310351,27236.06175310351,27236.06175310351,20243
Poisson,53,12-17,1.241802,0.7239585166006814,0.7239585166006814,0.7239585166006814,51554.583054,38958.021570927696,38958.021570927696,38958.021570927696,55971
Poisson,53,18-44,0.71731,0.49924020614986403,0.49924020614986403,0.49924020614986403,143664.019026,203101.6398281213,203101.6398281213,203101.6398281213,144011
Poisson,53,45-64,0.685844,0.6682820353508175,0.6682820353508175,0.6682820353508175,63864.5971,58853.1005965519,58853.1005965519,58853.1005965519,64012
Poisson,53,65+,0.582745,0.6253511091613305,0.6253511091613305,0.6253511091613305,11367.681002,16611.135731003655,16611.135731003655,16611.135731003655,9376
Poisson,54,0-5,1.026798,0.23191288364198062,0.23191288364198062,0.23191288364198062,27803.721099,25412.171447327244,25412.171447327244,25412.171447327244,23820
Poisson,54,6-11,1.048166,0.3245023834320543,0.3245023834320543,0.3245023834320543,20366.067748,22311.29561522929,22311.29561522929,22311.29561522929,16298
Poisson,54,12-17,1.225861,0.5322467900534182,0.5322467900534182,0.5322467900534182,48697.769472,28560.309598834952,28560.309598834952,28560.309598834952,71283
Poisson,54,18-44,0.714513,0.27864709495215434,0.27864709495215434,0.27864709495215434,138495.530571,176518.0862998371,176518.0862998371,176518.0862998371,109045
Poisson,54,45-64,0.684979,0.3688580276291125,0.3688580276291125,0.3688580276291125,62724.861136,70554.39635952841,70554.39635952841,70554.39635952841,46463
Poisson,54,65+,0.583425,0.337231474489073,0.337231474489073,0.337231474489073,11220.76182,16650.292752526206,16650.292752526206,16650.292752526206,10536
Poisson,55,0-5,1.015117,0.3011509582556893,0.3011509582556893,0.3011509582556893,25722.104644,18184.635812590946,18184.635812590946,18184.635812590946,22965
Poisson,55,6-11,1.036969,0.37614267866162554,0.37614267866162554,0.37614267866162554,17944.672611,17281.81682165712,17281.81682165712,17281.81682165712,15084
Poisson,55,12-17,1.211241,0.6358351880025747,0.6358351880025747,0.6358351880025747,45742.531416,21855.574186692946,21855.574186692946,21855.574186692946,49866
Poisson,55,18-44,0.712073,0.27520793842058383,0.27520793842058383,0.27520793842058383,133028.657862,141670.74298477592,141670.74298477592,141670.74298477592,152488
Poisson,55,45-64,0.684354,0.2873002206452321,0.2873002206452321,0.2873002206452321,61316.981241,72507.49705608469,72507.49705608469,72507.49705608469,72841
Poisson,55,65+,0.58426,0.23193056883262692,0.23193056883262692,0.23193056883262692,11029.613424,15114.489577892527,15114.489577892527,15114.489577892527,12742
Poisson,56,0-5,1.004483,0.29878244495724404,0.29878244495724404,0.29878244495724404,23723.73735,13057.10443346959,13057.10443346959,13057.10443346959,26420
Poisson,56,6-11,1.026948,0.39334098006422336,0.39334098006422336,0.39334098006422336,15851.665114,13081.413564495277,13081.413564495277,13081.413564495277,19120
Poisson,56,12-17,1.1979,0.9629341104229453,0.9629341104229453,0.9629341104229453,42751.241664,18693.285510899732,18693.285510899732,18693.285510899732,35991
Poisson,56,18-44,0.709973,0.24722979238646117,0.24722979238646117,0.24722979238646117,127354.933341,110719.11244808324,110719.11244808324,110719.11244808324,97894
Poisson,56,45-64,0.683962,0.26217526798284874,0.26217526798284874,0.26217526798284874,59680.485659,64933.07105311472,64933.07105311472,64933.07105311472,63727
Poisson,56,65+,0.585245,0.20240014446534196,0.20240014446534196,0.20240014446534196,10799.58013,12592.460265361762,12592.460265361762,12592.460265361762,9952
Poisson,57,0-5,0.994825,0.5921725338976483,0.5921725338976483,0.5921725338976483,21825.163845,9703.18862139131,9703.18862139131,9703.18862139131,19140
Poisson,57,6-11,1.01798,0.7396127091333811,0.7396127091333811,0.7396127091333811,14041.269589,10036.05438909866,10036.05438909866,10036.05438909866,10041
Poisson,57,12-17,1.18578,1.7957787850879212,1.7957787850879212,1.7957787850879212,39777.071365,19382.70305358409,19382.70305358409,19382.70305358409,50091
Poisson,57,18-44,0.708196,0.4617120788709674,0.4617120788709674,0.4617120788709674,121555.65262,85694.44103859412,85694.44103859412,85694.44103859412,113325
Poisson,57,45-64,0.683795,0.45958382669232667,0.45958382669232667,0.45958382669232667,57854.455716,53776.63167377538,53776.63167377538,53776.63167377538,52346
Poisson,57,65+,0.586376,0.34325670576325595,0.34325670576325595,0.34325670576325595,10536.0086,10044.606739748793,10044.606739748793,10044.606739748793,10330
Poisson,58,0-5,0.986069,1.090516264714167,1.090516264714167,1.090516264714167,20036.940543,7885.427141012158,7885.427141012158,7885.427141012158,20013
Poisson,58,6-11,1.009957,1.268234534410385,1.268234534410385,1.268234534410385,12472.799024,8170.836648510303,8170.836648510303,8170.836648510303,11246
Poisson,58,12-17,1.174817,3.188180036921263,3.188180036921263,3.188180036921263,36863.723446,25556.441527239513,25556.441527239513,25556.441527239513,35995
Poisson,58,18-44,0.706722,0.8038039367132085,0.8038039367132085,0.8038039367132085,115701.993678,69633.62019820604,69633.62019820604,69633.62019820604,143886
Poisson,58,45-64,0.683844,0.7630925671624872,0.7630925671624872,0.7630925671624872,55876.60998,43479.05056574009,43479.05056574009,43479.05056574009,58356
Poisson,58,65+,0.587644,0.5624279141285666,0.5624279141285666,0.5624279141285666,10244.149047,8075.28295226043,8075.28295226043,8075.28295226043,8251
Poisson,59,0-5,0.978144,2.01195764626456,2.01195764626456,2.01195764626456,18364.710692,7533.290087288246,7533.290087288246,7533.290087288246,12079
Poisson,59,6-11,1.002781,2.083233522051229,2.083233522051229,2.083233522051229,11110.736004,7478.511339944322,7478.511339944322,7478.511339944322,13750
Poisson,59,12-17,1.164941,2.2097179929974486,2.2097179929974486,2.2097179929974486,34045.702638,37288.48572131386,37288.48572131386,37288.48572131386,36304
Poisson,59,18-44,0.705534,1.2938423457902184,1.2938423457902184,1.2938423457902184,109855.364973,64758.92397549935,64758.92397549935,64758.92397549935,111921
Poisson,59,45-64,0.684097,1.111614149464683,1.111614149464683,1.111614149464683,53782.575099,36094.8197858457,36094.8197858457,36094.8197858457,62513
Poisson,59,65+,0.589042,0.8930188102973309,0.8930188102973309,0.8930188102973309,9929.070622,6914.079680773459,6914.079680773459,6914.079680773459,7609
Poisson,60,0-5,0.970985,3.4960076358252934,3.4960076358252934,3.4960076358252934,16810.22173,9190.18565738271,9190.18565738271,9190.18565738271,27158
Poisson,60,6-11,0.996369,2.906747917946306,2.906747917946306,2.906747917946306,9924.494838,8018.479539565276,8018.479539565276,8018.479539565276,7205
Poisson,60,12-17,1.156077,2.4151503022976026,2.4151503022976026,2.4151503022976026,31348.972317,44232.84479663335,44232.84479663335,44232.84479663335,36361
Poisson,60,18-44,0.704613,2.1479086305076387,2.1479086305076387,2.1479086305076387,104067.916027,76218.44620463438,76218.44620463438,76218.44620463438,77317
Poisson,60,45-64,0.684545,1.8575894414001306,1.8575894414001306,1.8575894414001306,51605.340472,34666.34970538947,34666.34970538947,34666.34970538947,61382
Poisson,60,65+,0.590564,1.5514270432768162,1.5514270432768162,1.5514270432768162,9595.59122,6757.603247702587,6757.603247702587,6757.603247702587,10536
Poisson,61,0-5,0.964526,2.218100373433973,2.218100373433973,2.218100373433973,15372.240465,13136.014812305919,13136.014812305919,13136.014812305919,13428
Poisson,61,6-11,0.990644,2.216803996789567,2.216803996789567,2.216803996789567,8888.002624,8895.285370350815,8895.285370350815,8895.285370350815,9440
Poisson,61,12-17,1.14815,2.174324388976004,2.174324388976004,2.174324388976004,28791.859684,44113.52402842883,44113.52402842883,44113.52402842883,23159
Poisson,61,18-44,0.703939,1.7906473625336428,1.7906473625336428,1.7906473625336428,98383.160257,104076.93397886166,104076.93397886166,104076.93397886166,97643
Poisson,61,45-64,0.685173,1.920293758264422,1.920293758264422,1.920293758264422,49374.886077,45051.83815050707,45051.83815050707,45051.83815050707,47999
Poisson,61,65+,0.592201,1.5062433689018901,1.5062433689018901,1.5062433689018901,9248.22181,7619.661585878726,7619.661585878726,7619.661585878726,7014
Poisson,62,0-5,0.958707,1.7371254777908913,1.7371254777908913,1.7371254777908913,14047.343937,16529.5819593356,16529.5819593356,16529.5819593356,12124
Poisson,62,6-11,0.985538,1.705430028189741,1.705430028189741,1.705430028189741,7979.195779,9660.546775423456,9660.546775423456,9660.546775423456,8122
Poisson,62,12-17,1.141086,1.3837387431550434,1.3837387431550434,1.3837387431550434,26386.091245,39058.258474920876,39058.258474920876,39058.258474920876,21070
Poisson,62,18-44,0.703495,1.2699855259276336,1.2699855259276336,1.2699855259276336,92836.6709,129524.14219668647,129524.14219668647,129524.14219668647,66314
Poisson,62,45-64,0.685971,1.2328517621956305,1.2328517621956305,1.2328517621956305,47117.966628,69555.79337193421,69555.79337193421,69555.79337193421,39116
Poisson,62,65+,0.593945,0.9726942063487388,0.9726942063487388,0.9726942063487388,8891.125032,8201.438161967671,8201.438161967671,8201.438161967671,6535
Poisson,63,0-5,0.95347,0.900135164405444,0.900135164405444,0.900135164405444,12830.579981,18599.013006149326,18599.013006149326,18599.013006149326,16220
Poisson,63,6-11,0.98099,0.8515066046657472,0.8515066046657472,0.8515066046657472,7179.496144,10061.104358495213,10061.104358495213,10061.104358495213,5187
Poisson,63,12-17,1.134813,0.7165645566830984,0.7165645566830984,0.7165645566830984,24137.865017,31831.380321614677,31831.380321614677,31831.380321614677,27894
Poisson,63,18-44,0.703262,0.6564802145924657,0.6564802145924657,0.6564802145924657,87456.81861,146459.5089607397,146459.5089607397,146459.5089607397,83645
Poisson,63,45-64,0.686924,0.6528597990256375,0.6528597990256375,0.6528597990256375,44858.031087,86858.58131656819,86858.58131656819,86858.58131656819,46636
Poisson,63,65+,0.595787,0.5682082091902844,0.5682082091902844,0.5682082091902844,8528.087415,8534.14403552824,8534.14403552824,8534.14403552824,9861
Poisson,64,0-5,0.948763,0.45263749997702885,0.45263749997702885,0.45263749997702885,11716.002434,18387.411061846884,18387.411061846884,18387.411061846884,13571
Poisson,64,6-11,0.976944,0.4454674980372717,0.4454674980372717,0.4454674980372717,6473.306487,9410.926129781175,9410.926129781175,9410.926129781175,6625
Poisson,64,12-17,1.129261,0.4158458398877033,0.4158458398877033,0.4158458398877033,22048.89064,24475.58305887063,24475.58305887063,24475.58305887063,19562
Poisson,64,18-44,0.703222,0.3413834871750439,0.3413834871750439,0.3413834871750439,82265.525056,144887.82234001672,144887.82234001672,144887.82234001672,63106
Poisson,64,45-64,0.688021,0.34838818681942785,0.34838818681942785,0.34838818681942785,42615.254318,89310.321825827,89310.321825827,89310.321825827,39278
Poisson,64,65+,0.59772,0.3350577880767057,0.3350577880767057,0.3350577880767057,8162.504165,8856.376416244544,8856.376416244544,8856.376416244544,7830
Poisson,65,0-5,0.944537,0.2553218108111206,0.2553218108111206,0.2553218108111206,10697.092399,16207.948723881971,16207.948723881971,16207.948723881971,12086
Poisson,65,6-11,0.97335,0.27070815151855426,0.27070815151855426,0.27070815151855426,5847.547901,8000.028279751539,8000.028279751539,8000.028279751539,6546
Poisson,65,12-17,1.124363,0.3231756266297714,0.3231756266297714,0.3231756266297714,20117.351102,18304.723373271758,18304.723373271758,18304.723373271758,18246
Poisson,65,18-44,0.70336,0.21075829747408148,0.21075829747408148,0.21075829747408148,77279.011456,127636.72072944231,127636.72072944231,127636.72072944231,57212
Poisson,65,45-64,0.689248,0.24384018994021778,0.24384018994021778,0.24384018994021778,40406.657293,80187.82476453157,80187.82476453157,80187.82476453157,39763
Poisson,65,65+,0.599735,0.3430077911742889,0.3430077911742889,0.3430077911742889,7797.375142,9209.234205281304,9209.234205281304,9209.234205281304,11783
Poisson,66,0-5,0.940745,0.13884316679684278,0.13884316679684278,0.13884316679684278,9767.080342,13113.89776579081,13113.89776579081,13113.89776579081,9256
Poisson,66,6-11,0.970162,0.16232101515128244,0.16232101515128244,0.16232101515128244,5291.249659,6337.018505957909,6337.018505957909,6337.018505957909,6020
Poisson,66,12-17,1.120057,0.2625028410305548,0.2625028410305548,0.2625028410305548,18338.758705,13702.14653487713,13702.14653487713,13702.14653487713,16136
Poisson,66,18-44,0.703657,0.11766607788994024,0.11766607788994024,0.11766607788994024,72508.525132,103014.94568528049,103014.94568528049,103014.94568528049,67106
Poisson,66,45-64,0.690594,0.13499901237873502,0.13499901237873502,0.13499901237873502,38246.293234,65567.79813187779,65567.79813187779,65567.79813187779,40979
Poisson,66,65+,0.601824,0.17833607463893256,0.17833607463893256,0.17833607463893256,7435.310428,9869.605456944613,9869.605456944613,9869.605456944613,6930
Poisson,67,0-5,0.937344,0.12095826103863967,0.12095826103863967,0.12095826103863967,8919.184744,9990.36464907974,9990.36464907974,9990.36464907974,6600
Poisson,67,6-11,0.967338,0.15593685210580882,0.15593685210580882,0.15593685210580882,4795.1944,4797.958238276187,4797.958238276187,4797.958238276187,4196
Poisson,67,12-17,1.116285,0.4134730365781616,0.4134730365781616,0.4134730365781616,16706.692753,10581.815807422856,10581.815807422856,10581.815807422856,14174
Poisson,67,18-44,0.7041,0.09132844076465527,0.09132844076465527,0.09132844076465527,67961.03084,78065.96425422607,78065.96425422607,78065.96425422607,52256
Poisson,67,45-64,0.692047,0.10027093311556667,0.10027093311556667,0.10027093311556667,36145.479168,50108.91255685827,50108.91255685827,50108.91255685827,40767
Poisson,67,65+,0.603978,0.10637548581833167,0.10637548581833167,0.10637548581833167,7078.543787,9465.492805404298,9465.492805404298,9465.492805404298,7916
Poisson,68,0-5,0.934296,0.1653094037623495,0.1653094037623495,0.1653094037623495,8146.782586,7371.47773349518,7371.47773349518,7371.47773349518,7216
Poisson,68,6-11,0.964841,0.22571118507266422,0.22571118507266422,0.22571118507266422,4351.616738,3572.570128546562,3572.570128546562,3572.570128546562,3427
Poisson,68,12-17,1.112991,0.7724714945521262,0.7724714945521262,0.7724714945521262,15213.417348,9032.406916899141,9032.406916899141,9032.406916899141,18688
Poisson,68,18-44,0.704672,0.13759057251947096,0.13759057251947096,0.13759057251947096,63639.857119,56711.60835817363,56711.60835817363,56711.60835817363,97240
Poisson,68,45-64,0.693594,0.15094903595837306,0.15094903595837306,0.15094903595837306,34113.055047,36481.621268929215,36481.621268929215,36481.621268929215,26908
Poisson,68,65+,0.606191,0.144069124324957,0.144069124324957,0.144069124324957,6728.952287,8149.746123524266,8149.746123524266,8149.746123524266,5849
Poisson,69,0-5,0.931564,0.2637062916742942,0.2637062916742942,0.2637062916742942,7443.525576,5378.991914605489,5378.991914605489,5378.991914605489,12837
Poisson,69,6-11,0.962634,0.3590770947066217,0.3590770947066217,0.3590770947066217,3953.950807,2662.019479509443,2662.019479509443,2662.019479509443,3459
Poisson,69,12-17,1.110126,1.3876997511816398,1.3876997511816398,1.3876997511816398,13850.385101,9081.870961676352,9081.870961676352,9081.870961676352,13443
Poisson,69,18-44,0.705361,0.2334469777776039,0.2334469777776039,0.2334469777776039,59545.291032,40491.888359295204,40491.888359295204,40491.888359295204,60660
Poisson,69,45-64,0.695226,0.24922488435927526,0.24922488435927526,0.24922488435927526,32155.655579,25788.824398627738,25788.824398627738,25788.824398627738,34857
Poisson,69,65+,0.608455,0.21260348648904603,0.21260348648904603,0.21260348648904603,6388.080458,6673.98299233889,6673.98299233889,6673.98299233889,8540
Poisson,70,0-5,0.929115,0.497325837108215,0.497325837108215,0.497325837108215,6803.414233,3968.251281472156,3968.251281472156,3968.251281472156,6353
Poisson,70,6-11,0.960687,0.685356680236573,0.685356680236573,0.685356680236573,3596.621004,2025.432426459156,2025.432426459156,2025.432426459156,4476
Poisson,70,12-17,1.107642,2.6049251071648993,2.6049251071648993,2.6049251071648993,12608.637085,11176.655534288147,11176.655534288147,11176.655534288147,13721
Poisson,70,18-44,0.706151,0.4458634641638971,0.4458634641638971,0.4458634641638971,55675.117432,29353.007855668664,29353.007855668664,29353.007855668664,73494
Poisson,70,45-64,0.696931,0.47510170807826774,0.47510170807826774,0.47510170807826774,30277.982938,18031.34979306371,18031.34979306371,18031.34979306371,41547
Poisson,70,65+,0.610762,0.4050732743356982,0.4050732743356982,0.4050732743356982,6057.167489,5438.810388088226,5438.810388088226,5438.810388088226,6480
Poisson,71,0-5,0.926917,0.8798064590045075,0.8798064590045075,0.8798064590045075,6220.840038,3077.3735904386267,3077.3735904386267,3077.3735904386267,9413
Poisson,71,6-11,0.958969,1.0028668269062921,1.0028668269062921,1.0028668269062921,3274.86989,1659.7922124019824,1659.7922124019824,1659.7922124019824,2526
Poisson,71,12-17,1.105496,1.6937921613077684,1.6937921613077684,1.6937921613077684,11479.111743,15329.013038479723,15329.013038479723,15329.013038479723,12720
Poisson,71,18-44,0.707032,0.6419746499392266,0.6419746499392266,0.6419746499392266,52025.101273,22719.80476502329,22719.80476502329,22719.80476502329,44066
Poisson,71,45-64,0.698699,0.6154823976353172,0.6154823976353172,0.6154823976353172,28483.071358,12882.33151493338,12882.33151493338,12882.33151493338,27841
Poisson,71,65+,0.613105,0.6325121542233942,0.6325121542233942,0.6325121542233942,5737.176142,4688.64248285658,4688.64248285658,4688.64248285658,5810
Poisson,72,0-5,0.924943,1.630612111115634,1.630612111115634,1.630612111115634,5690.604007,2667.8034073885065,2667.8034073885065,2667.8034073885065,5705
Poisson,72,6-11,0.957455,1.6900877876283666,1.6900877876283666,1.6900877876283666,2984.61745,1580.9602322666906,1580.9602322666906,1580.9602322666906,2710
Poisson,72,12-17,1.103649,1.5179178907496953,1.5179178907496953,1.5179178907496953,10452.876198,17863.333317270037,17863.333317270037,17863.333317270037,12213
Poisson,72,18-44,0.70799,1.0862173168512066,1.0862173168512066,1.0862173168512066,48589.413382,20327.15059785545,20327.15059785545,20327.15059785545,56092
Poisson,72,45-64,0.70052,0.9951610370504678,0.9951610370504678,0.9951610370504678,26772.537159,10014.254796920577,10014.254796920577,10014.254796920577,31039
Poisson,72,65+,0.615478,1.104535468327787,1.104535468327787,1.104535468327787,5428.822293,4574.806974314037,4574.806974314037,4574.806974314037,5268
Poisson,73,0-5,0.923165,3.044723224587252,3.044723224587252,3.044723224587252,5207.918358,2835.2887663305737,2835.2887663305737,2835.2887663305737,4366
Poisson,73,6-11,0.956118,3.1719225364585975,3.1719225364585975,3.1719225364585975,2722.346386,1901.151570701506,1901.151570701506,1901.151570701506,3576
Poisson,73,12-17,1.102064,1.9953504266854978,1.9953504266854978,1.9953504266854978,9521.293105,17721.31858545053,17721.31858545053,17721.31858545053,8892
Poisson,73,18-44,0.709014,1.9708507098017352,1.9708507098017352,1.9708507098017352,45361.001664,22850.876540400088,22850.876540400088,22850.876540400088,47881
Poisson,73,45-64,0.702385,1.7612602057141982,1.7612602057141982,1.7612602057141982,25146.809907,9330.074751734035,9330.074751734035,9330.074751734035,20248
Poisson,73,65+,0.617875,1.968096458501604,1.968096458501604,1.968096458501604,5132.604168,5386.265686675673,5386.265686675673,5386.265686675673,6070
Poisson,74,0-5,0.921561,4.258890902939539,4.258890902939539,4.258890902939539,4768.396491,3689.5544535114896,3689.5544535114896,3689.5544535114896,3974
Poisson,74,6-11,0.954937,4.184246488986874,4.184246488986874,4.184246488986874,2485.008817,2671.417852769606,2671.417852769606,2671.417852769606,2668
Poisson,74,12-17,1.100708,3.032021237977616,3.032021237977616,3.032021237977616,8676.135176,15637.109595159302,15637.109595159302,15637.109595159302,5805
Poisson,74,18-44,0.710094,3.272786968961215,3.272786968961215,3.272786968961215,42331.91077,34213.78477832489,34213.78477832489,34213.78477832489,40858
Poisson,74,45-64,0.704286,2.8293780339756145,2.8293780339756145,2.8293780339756145,23605.342246,11469.55459227576,11469.55459227576,11469.55459227576,31428
Poisson,74,65+,0.620288,2.4027561248983087,2.4027561248983087,2.4027561248983087,4848.830609,7123.995828695595,7123.995828695595,7123.995828695595,4443
Poisson,75,0-5,0.920107,2.5317379277827787,2.5317379277827787,2.5317379277827787,4368.035253,4820.908627871657,4820.908627871657,4820.908627871657,3389
Poisson,75,6-11,0.953891,2.6902018254233004,2.6902018254233004,2.6902018254233004,2269.950396,3295.97105719056,3295.97105719056,3295.97105719056,2685
Poisson,75,12-17,1.09955,2.5831797774578753,2.5831797774578753,2.5831797774578753,7909.658184,12690.22561205132,12690.22561205132,12690.22561205132,8049
Poisson,75,18-44,0.71122,2.3135332582058905,2.3135332582058905,2.3135332582058905,39493.554038,57544.24045701418,57544.24045701418,57544.24045701418,27566
Poisson,75,45-64,0.706214,2.5409665548411318,2.5409665548411318,2.5409665548411318,22146.797279,19896.043328326894,19896.043328326894,19896.043328326894,22851
Poisson,75,65+,0.622713,2.0534919517163712,2.0534919517163712,2.0534919517163712,4577.647816,8441.871133370441,8441.871133370441,8441.871133370441,6677
Poisson,76,0-5,0.918783,1.2522928372812878,1.2522928372812878,1.2522928372812878,4003.192494,5803.4789079076145,5803.4789079076145,5803.4789079076145,3544
Poisson,76,6-11,0.952961,1.3221691617608333,1.3221691617608333,1.3221691617608333,2074.848527,3647.285231792368,3647.285231792368,3647.285231792368,1780
Poisson,76,12-17,1.098564,1.2869612386197182,1.2869612386197182,1.2869612386197182,7214.641744,9708.626861864235,9708.626861864235,9708.626861864235,10109
Poisson,76,18-44,0.712382,1.1402019429317813,1.1402019429317813,1.1402019429317813,36836.941958,75894.93124589138,75894.93124589138,75894.93124589138,28510
Poisson,76,45-64,0.708162,1.2551783154835001,1.2551783154835001,1.2551783154835001,20769.213518,37888.033661032096,37888.033661032096,37888.033661032096,14916
Poisson,76,65+,0.625143,1.0146500428491758,1.0146500428491758,1.0146500428491758,4319.064232,8856.49145291088,8856.49145291088,8856.49145291088,3799
Poisson,77,0-5,0.917571,0.6405353597102986,0.6405353597102986,0.6405353597102986,3670.562094,6101.769321254222,6101.769321254222,6101.769321254222,3305
Poisson,77,6-11,0.952128,0.679788430786585,0.679788430786585,0.679788430786585,1897.661917,3585.109317107592,3585.109317107592,3585.109317107592,1760
Poisson,77,12-17,1.097722,0.699622465084482,0.699622465084482,0.699622465084482,6584.405666,7162.725141931558,7162.725141931558,7162.725141931558,4987
Poisson,77,18-44,0.713572,0.5861166572297242,0.5861166572297242,0.5861166572297242,34352.871619,82002.93263503443,82002.93263503443,82002.93263503443,37101
Poisson,77,45-64,0.710121,0.6522085547139971,0.6522085547139971,0.6522085547139971,19470.148163,51530.57428744575,51530.57428744575,51530.57428744575,18640
Poisson,77,65+,0.627574,0.5256759593033303,0.5256759593033303,0.5256759593033303,4072.973328,8412.516085395706,8412.516085395706,8412.516085395706,5933
Poisson,78,0-5,0.916454,0.34176253037667575,0.34176253037667575,0.34176253037667575,3367.148007,5670.646868556505,5670.646868556505,5670.646868556505,2739
Poisson,78,6-11,0.951377,0.3737651292045675,0.3737651292045675,0.3737651292045675,1736.589252,3183.602122449316,3183.602122449316,3183.602122449316,2168
Poisson,78,12-17,1.097002,0.44181214515180844,0.44181214515180844,0.44181214515180844,6012.808321,5241.160613197833,5241.160613197833,5241.160613197833,5190
Poisson,78,18-44,0.71478,0.31662879303789143,0.31662879303789143,0.31662879303789143,32032.081574,76928.77098891884,76928.77098891884,76928.77098891884,42273
Poisson,78,45-64,0.712086,0.35147115777634347,0.35147115777634347,0.35147115777634347,18246.79999,55278.17332097702,55278.17332097702,55278.17332097702,18001
Poisson,78,65+,0.629999,0.2797208165735378,0.2797208165735378,0.2797208165735378,3839.174205,7332.165787467384,7332.165787467384,7332.165787467384,3620
Poisson,79,0-5,0.915414,0.17601280350511647,0.17601280350511647,0.17601280350511647,3090.23844,4781.394898022758,4781.394898022758,4781.394898022758,2995
Poisson,79,6-11,0.950693,0.2057462743233355,0.2057462743233355,0.2057462743233355,1590.035166,2616.070423189085,2616.070423189085,2616.070423189085,1943
Poisson,79,12-17,1.096383,0.3086772482049621,0.3086772482049621,0.3086772482049621,5494.232166,3938.22447269829,3938.22447269829,3938.22447269829,3961
Poisson,79,18-44,0.716001,0.17032991731662334,0.17032991731662334,0.17032991731662334,29865.376471,65259.99048993364,65259.99048993364,65259.99048993364,26373
Poisson,79,45-64,0.714049,0.1915279812269935,0.1915279812269935,0.1915279812269935,17096.113497,50926.10068191821,50926.10068191821,50926.10068191821,21133
Poisson,79,65+,0.632415,0.14919189370362138,0.14919189370362138,0.14919189370362138,3617.389964,5939.649659657443,5939.649659657443,5939.649659657443,3671
Poisson,80,0-5,0.914439,0.11925464109770346,0.11925464109770346,0.11925464109770346,2837.380848,3752.3370536970906,3752.3370536970906,3752.3370536970906,2259
Poisson,80,6-11,0.950063,0.15670785351770553,0.15670785351770553,0.15670785351770553,1456.582078,2038.8292563846335,2038.8292563846335,2038.8292563846335,1296
Poisson,80,12-17,1.095845,0.2957155076478689,0.2957155076478689,0.2957155076478689,5023.560512,3111.785785644548,3111.785785644548,3111.785785644548,6465
Poisson,80,18-44,0.717225,0.10015374668245364,0.10015374668245364,0.10015374668245364,27843.725495,51360.940650653094,51360.940650653094,51360.940650653094,28095
Poisson,80,45-64,0.716005,0.11152981581591843,0.11152981581591843,0.11152981581591843,16014.866088,42319.71107535949,42319.71107535949,42319.71107535949,15546
Poisson,80,65+,0.634817,0.08467629679366423,0.08467629679366423,0.08467629679366423,3407.283915,4535.636249295785,4535.636249295785,4535.636249295785,3492
Poisson,81,0-5,0.913513,0.11934381052445428,0.11934381052445428,0.11934381052445428,2606.35823,2836.0099718428683,2836.0099718428683,2836.0099718428683,2620
Poisson,81,6-11,0.949472,0.17327901180998226,0.17327901180998226,0.17327901180998226,1334.966727,1569.806239332538,1569.806239332538,1569.806239332538,1637
Poisson,81,12-17,1.095371,0.45311204626221085,0.45311204626221085,0.45311204626221085,4596.148715,2687.296568182064,2687.296568182064,2687.296568182064,4541
Poisson,81,18-44,0.718448,0.08207321453055866,0.08207321453055866,0.08207321453055866,25958.338424,38177.631734109484,38177.631734109484,38177.631734109484,22445
Poisson,81,45-64,0.717947,0.08962175588576445,0.08962175588576445,0.08962175588576445,14999.740158,32678.743563635275,32678.743563635275,32678.743563635275,12107
Poisson,81,65+,0.6372,0.06534531282156178,0.06534531282156178,0.06534531282156178,3208.473716,3320.006210195599,3320.006210195599,3320.006210195599,2824
Poisson,82,0-5,0.912626,0.16354262256535443,0.16354262256535443,0.16354262256535443,2395.166974,2127.391210072674,2127.391210072674,2127.391210072674,2241
Poisson,82,6-11,0.948911,0.25713554985205267,0.25713554985205267,0.25713554985205267,1224.060502,1236.2551555931568,1236.2551555931568,1236.2551555931568,1250
Poisson,82,12-17,1.094944,0.8004563877635152,0.8004563877635152,0.8004563877635152,4207.792174,2683.58836892643,2683.58836892643,2683.58836892643,2801
Poisson,82,18-44,0.719661,0.11399235460207396,0.11399235460207396,0.11399235460207396,24200.722704,27237.19903515838,27237.19903515838,27237.19903515838,22433
Poisson,82,45-64,0.71987,0.11807483526392325,0.11807483526392325,0.11807483526392325,14047.381915,23920.06563112745,23920.06563112745,23920.06563112745,10594
Poisson,82,65+,0.639561,0.08232860079973302,0.08232860079973302,0.08232860079973302,3020.543563,2377.1337990789325,2377.1337990789325,2377.1337990789325,1755
Poisson,83,0-5,0.911765,0.2463844404129946,0.2463844404129946,0.2463844404129946,2201.996369,1619.6354604142252,1619.6354604142252,1619.6354604142252,1839
Poisson,83,6-11,0.948368,0.3553962965719905,0.3553962965719905,0.3553962965719905,1122.852833,1019.848120088689,1019.848120088689,1019.848120088689,1402
Poisson,83,12-17,1.09455,0.8893463461420128,0.8893463461420128,0.8893463461420128,3854.692944,3034.607889794279,3034.607889794279,3034.607889794279,3437
Poisson,83,18-44,0.720859,0.14582318152719353,0.14582318152719353,0.14582318152719353,22562.72463,18995.98057783954,18995.98057783954,18995.98057783954,27224
Poisson,83,45-64,0.721769,0.14194522501290932,0.14194522501290932,0.14194522501290932,13154.448672,16843.57325893035,16843.57325893035,16843.57325893035,9484
Poisson,83,65+,0.641895,0.09854251711879461,0.09854251711879461,0.09854251711879461,2843.054607,1696.5432959314203,1696.5432959314203,1696.5432959314203,3082
Poisson,84,0-5,0.91092,0.3760752243458873,0.3760752243458873,0.3760752243458873,2025.209824,1285.2736553007271,1285.2736553007271,1285.2736553007271,2054
Poisson,84,6-11,0.947834,0.47900200917874663,0.47900200917874663,0.47900200917874663,1030.437079,895.6514618289657,895.6514618289657,895.6514618289657,981
Poisson,84,12-17,1.094175,0.7251699368277621,0.7251699368277621,0.7251699368277621,3533.426253,3390.2233108757064,3390.2233108757064,3390.2233108757064,3505
Poisson,84,18-44,0.722038,0.19644354034611944,0.19644354034611944,0.19644354034611944,21036.557339,13162.846526770853,13162.846526770853,13162.846526770853,25455
Poisson,84,45-64,0.723639,0.17391701618361988,0.17391701618361988,0.17391701618361988,12317.646236,11583.88223192608,11583.88223192608,11583.88223192608,17765
Poisson,84,65+,0.644198,0.1424487273108242,0.1424487273108242,0.1424487273108242,2675.553738,1218.5129567834665,1218.5129567834665,1218.5129567834665,1909
Poisson,85,0-5,0.910081,0.7267287923028835,0.7267287923028835,0.7267287923028835,1863.327747,1095.8672851196025,1095.8672851196025,1095.8672851196025,2167
Poisson,85,6-11,0.9473,0.7734931626646889,0.7734931626646889,0.7734931626646889,945.998449,843.60921762418,843.60921762418,843.60921762418,748
Poisson,85,12-17,1.093807,0.7259403131508753,0.7259403131508753,0.7259403131508753,3240.907839,3465.220469776541,3465.220469776541,3465.220469776541,2688
Poisson,85,18-44,0.72319,0.3367048024972913,0.3367048024972913,0.3367048024972913,19614.818001,9307.228014825843,9307.228014825843,9307.228014825843,12733
Poisson,85,45-64,0.725476,0.26898396809680486,0.26898396809680486,0.26898396809680486,11533.757881,7898.827200058382,7898.827200058382,7898.827200058382,10884
Poisson,85,65+,0.646468,0.2300463047342574,0.2300463047342574,0.2300463047342574,2517.580922,903.8094403923606,903.8094403923606,903.8094403923606,2035
Poisson,86,0-5,0.909241,1.2669165836649554,1.2669165836649554,1.2669165836649554,1715.012017,1057.882560290629,1057.882560290629,1057.882560290629,1854
Poisson,86,6-11,0.946757,1.06286177815103,1.06286177815103,1.06286177815103,868.803605,847.2248390507884,847.2248390507884,847.2248390507884,848
Poisson,86,12-17,1.093435,0.8980423292705079,0.8980423292705079,0.8980423292705079,2974.362717,3290.8042787625454,3290.8042787625454,3290.8042787625454,3038
Poisson,86,18-44,0.724313,0.5763647423766228,0.5763647423766228,0.5763647423766228,18290.496243,7052.588596212678,7052.588596212678,7052.588596212678,24683
Poisson,86,45-64,0.727275,0.4528296669147288,0.4528296669147288,0.4528296669147288,10799.666217,5432.650815234054,5432.650815234054,5432.650815234054,9819
Poisson,86,65+,0.6487,0.4021654085644339,0.4021654085644339,0.4021654085644339,2368.675246,712.2953216595924,712.2953216595924,712.2953216595924,1993
Poisson,87,0-5,0.90839,1.497390728135339,1.497390728135339,1.4991252864338211,1579.051949,1130.3775134582538,1130.3775134582538,1130.3775134582538,1500
Poisson,87,6-11,0.946198,1.4369430406332864,1.4369430406332864,1.4566539303887673,798.191647,856.2658556033857,856.2658556033857,857.7904399200343,783
Poisson,87,12-17,1.093047,1.100882527111533,1.100882527111533,1.1024593982919715,2731.295777,2980.079650887288,2980.079650887288,2980.079650887288,3235
Poisson,87,18-44,0.7254,0.9379269495500109,0.9379269495500109,0.9395563831031308,17056.975586,6132.3494588574395,6132.3494588574395,6132.3494588574395,20106
Poisson,87,45-64,0.729032,0.7795608168552539,0.7795608168552539,0.7802966900727919,10112.369144,3876.4689191994257,3876.4689191994257,3876.4689191994257,8802
Poisson,87,65+,0.650892,0.7060444352461221,0.7060444352461221,0.7067277460909789,2228.379826,625.6704659484676,625.6704659484676,625.6704659484676,3120
Poisson,88,0-5,0.907521,2.1950807308850084,2.1949908284627773,2.1977215461919495,1454.351632,1188.7977326805703,1188.7977326805703,1188.7977326805703,1133
Poisson,88,6-11,0.945615,2.085208007652444,2.084186389218,2.115217272504046,733.566273,840.3046990968287,811.6712326719426,846.2960486039519,889
Poisson,88,12-17,1.092636,1.6069512834528192,1.6068695539780637,1.6093520246409476,2509.464408,2564.9099356757943,2564.9099356757943,2564.9099356757943,1884
Poisson,88,18-44,0.726449,1.6013091425731332,1.6012246887825523,1.6037899084675322,15908.029376,6593.089943142608,6593.089943142608,6593.089943142608,15598
Poisson,88,45-64,0.730743,1.381027002877637,1.3809888624560844,1.38214734876543,9468.990915,3050.550257927738,3050.550257927738,3050.550257927738,10230
Poisson,88,65+,0.65304,1.2797136944237022,1.2796782783179748,1.2807540156052244,2096.245738,652.4549349818844,652.4549349818844,652.4549349818844,1677
Poisson,89,0-5,0.906628,3.310051311586633,3.310051311586633,3.3135593604354137,1339.91854,1210.8336743973196,1210.8336743973196,1210.8336743973196,1119
Poisson,89,6-11,0.945004,3.4732396590108947,3.4732396590108947,3.5131038504743115,674.388904,788.1900203595869,781.296888189856,795.8463979135267,860
Poisson,89,12-17,1.092192,2.8583015039214756,2.8583015039214756,2.861490639238549,2306.853268,2122.3220906495117,2122.3220906495117,2122.3220906495117,1305
Poisson,89,18-44,0.727454,2.922441660662344,2.922441660662344,2.9257371004899864,14837.812471,9161.00726201851,9161.00726201851,9161.00726201851,14166
Poisson,89,45-64,0.732405,2.5861928049834817,2.5861928049834817,2.5876810681314493,8866.789195,2955.1869545620866,2955.1869545620866,2955.1869545620866,11253
Poisson,89,65+,0.655142,2.409660193580232,2.409660193580232,2.41104215221763,1971.835097,867.455046527728,867.455046527728,867.455046527728,2336
Poisson,90,0-5,0.905703,1.9732403566448211,1.9710693495517746,1.9732403566448211,1234.853285,1152.247903792886,1152.247903792886,1152.247903792886,1106
Poisson,90,6-11,0.944357,2.335017306936443,2.3103467717881867,2.335017306936443,620.172649,711.172655407805,711.172655407805,721.7681617275812,531
Poisson,90,12-17,1.091708,2.6239664268109717,2.621992783999111,2.6239664268109717,2121.651185,1769.5129681027029,1769.5129681027029,1769.5129681027029,1745
Poisson,90,18-44,0.728412,2.0757436577059725,2.073704226800383,2.0757436577059725,13840.849731,14086.58343092911,14086.58343092911,14086.58343092911,12947
Poisson,90,45-64,0.734015,2.2912479964327206,2.2903269631205188,2.2912479964327206,8303.158879,4039.4401664612815,4039.4401664612815,4039.4401664612815,7899
Poisson,90,65+,0.657195,2.0761024322273816,2.0752471870089084,2.0761024322273816,1854.723408,1334.6280170264072,1334.6280170264072,1334.6280170264072,1524
Poisson,91,0-5,0.904742,1.0760528037763177,1.0733395553633194,1.0764423211421092,1138.340422,1053.9146969274152,1053.9146969274152,1053.9146969274152,1179
Poisson,91,6-11,0.943669,1.271529129303594,1.2406967609740691,1.275955463005772,570.476969,648.3832417633384,645.5564930094406,657.2324356213212,584
Poisson,91,12-17,1.091175,1.5656604790684499,1.5631938896020878,1.5660145857646242,1952.230143,1569.7010586953256,1569.7010586953256,1569.7010586953256,2159
Poisson,91,18-44,0.729321,1.1051172476596756,1.1025684385444348,1.105483157912389,12912.022179,17614.223612903617,17614.223612903617,17614.223612903617,17034
Poisson,91,45-64,0.735569,1.280613364407225,1.2794622893229228,1.280778614198773,7775.633331,6898.300769043155,6898.300769043155,6898.300769043155,7044
Poisson,91,65+,0.659196,1.3070992451031926,1.3060303896677692,1.3072526913382014,1744.501307,1890.922577387828,1890.922577387828,1890.922577387828,1316
Poisson,92,0-5,0.90374,0.7145415634709094,0.711456760012951,0.7156084208588988,1049.640184,959.1646777114365,959.1646777114365,959.1646777114365,813
Poisson,92,6-11,0.942936,0.8162226993365773,0.7811681145870508,0.8283460787455474,524.902963,590.835036628414,579.3903162558563,594.289470130112,619
Poisson,92,12-17,1.090589,1.184242233231702,1.1814378664517398,1.1852121035844196,1797.126258,1472.7552259557415,1472.7552259557415,1472.7552259557415,1300
Poisson,92,18-44,0.730176,0.7079400394947618,0.7050421938221344,0.7089422388592367,12046.551547,18321.09038704168,18321.09038704168,18321.09038704168,13048
Poisson,92,45-64,0.737065,0.8573054462386457,0.85599674174133,0.8577580524032472,7281.883578,9372.653091007378,9372.653091007378,9372.653091007378,5773
Poisson,92,65+,0.661143,0.809374507272878,0.8081592816682277,0.8097947844257223,1640.775786,2421.435906990082,2421.435906990082,2421.435906990082,1180
Poisson,93,0-5,0.902691,0.5792496325834624,0.5764112396479878,0.582029466720082,968.081065,896.8030190134887,896.8030190134887,896.8030190134887,936
Poisson,93,6-11,0.942153,0.5467032057916339,0.5144487406157864,0.5782922300714032,483.089165,536.6603681943379,509.055994159542,545.629902028013,476
Poisson,93,12-17,1.089942,0.8666892879372131,0.8641089307231453,0.8692164098795946,1655.022618,1446.4458834102843,1446.4458834102843,1446.4458834102843,1363
Poisson,93,18-44,0.730974,0.4154901944759461,0.4128238253547427,0.41810155381640707,11239.983776,16823.08818807639,16823.08818807639,16823.08818807639,10113
Poisson,93,45-64,0.738499,0.4754685706864116,0.47426440398651326,0.476647894259523,6819.71592,10618.949158579111,10618.949158579111,10618.949158579111,4638
Poisson,93,65+,0.663033,0.4350507657173719,0.4339326109246092,0.43614585189240385,1543.17099,2612.038102530467,2612.038102530467,2612.038102530467,1265
Poisson,94,0-5,0.901591,0.5142156435490615,0.5142017572812013,0.5169168330909651,893.053167,889.6694422708824,889.6694422708824,889.6694422708824,951
Poisson,94,6-11,0.941316,0.379762090302465,0.37960429180405414,0.41045742600591606,444.707816,480.82265921868384,452.6358004529029,507.00994437839836,476
Poisson,94,12-17,1.089229,0.5681833333458043,0.5681707094659315,0.5706389602020804,1524.733851,1446.873451036401,1446.873451036401,1446.873451036401,1644
Poisson,94,18-44,0.731714,0.2519533217677826,0.25194027709191397,0.25449080285260123,10488.171941,14107.682576142251,14107.682576142251,14107.682576142251,9150
Poisson,94,45-64,0.739869,0.26727151008053457,0.2672656189365939,0.2684174692801301,6387.068348,10308.00557212485,10308.00557212485,10308.00557212485,6554
Poisson,94,65+,0.664866,0.23318854611375994,0.23318307576581504,0.2342526510848129,1451.328661,2435.7233228700934,2435.7233228700934,2435.7233228700934,1670
Poisson,95,0-5,0.900436,0.5597600724248301,0.5580352809938569,0.5670538451933298,824.002213,912.8305301568471,912.8305301568471,912.8305301568471,839
Poisson,95,6-11,0.940421,0.41305283465180853,0.3934529320271134,0.49593661611203305,409.461528,438.9783837515861,414.6248064925894,460.1552572553046,338
Poisson,95,12-17,1.088446,0.4907859223081517,0.4892179300981761,0.4974166248249697,1405.19229,1389.5856802682392,1389.5856802682392,1389.5856802682392,1443
Poisson,95,18-44,0.732392,0.25896941332360063,0.25734915470662584,0.2658211392576459,9787.258972,11110.955205994658,11110.955205994658,11110.955205994658,10122
Poisson,95,45-64,0.741173,0.22953539964535746,0.22880366994736884,0.23262972748653915,5982.006074,8933.952186676674,8933.952186676674,8933.952186676674,4672
Poisson,95,65+,0.666637,0.18973472575198497,0.18905526246099552,0.19260803017593942,1364.908291,2040.6621981525677,2040.6621981525677,2040.6621981525677,1236
Poisson,96,0-5,0.899222,0.503223463895829,0.503220331246874,0.5077147104000719,760.424181,915.4321112812031,915.4321112812031,915.4321112812031,833
Poisson,96,6-11,0.939465,0.45302856840181843,0.45299297011824075,0.5040654604954887,377.080302,407.81524093914777,388.72563592065126,410.6165874674916,528
Poisson,96,12-17,1.087587,0.6685822786175486,0.6685794307548625,0.6726652299850424,1295.435588,1286.6815814396832,1286.6815814396832,1286.6815814396832,1048
Poisson,96,18-44,0.733005,0.2906876962324142,0.2906847534409718,0.29490674597882427,9133.660439,8583.76744733844,8583.76744733844,8583.76744733844,9423
Poisson,96,45-64,0.742408,0.28045270144503737,0.2804513724424505,0.28235807874986774,5602.716436,7189.7423829226755,7189.7423829226755,7189.7423829226755,7081
Poisson,96,65+,0.668346,0.22642645936696132,0.22642522529313058,0.2281957382928752,1283.587053,1599.6890854137018,1599.6890854137018,1599.6890854137018,1068
Poisson,97,0-5,0.897947,0.6683087938781166,0.6669278977642943,0.6688482238896665,701.860473,864.3721529084723,864.3721529084723,864.3721529084723,1010
Poisson,97,6-11,0.938445,0.697570088760531,0.6818780874670956,0.7036999752554154,347.318863,361.436437769793,359.4696565112099,361.90341969626024,319
Poisson,97,12-17,1.086649,1.031736485422127,1.030481125318652,1.0322268763417177,1194.595641,1218.3398196233902,1218.3398196233902,1218.3398196233902,1463
Poisson,97,18-44,0.733553,0.4762471480702203,0.47494994262996293,0.47675388535379737,8524.047648,6698.295091434382,6698.295091434382,6698.295091434382,8673
Poisson,97,45-64,0.743572,0.4524286253012381,0.45184279058628324,0.4526574743970472,5247.503381,5630.095410407521,5630.095410407521,5630.095410407521,5615
Poisson,97,65+,0.66999,0.3462161730776544,0.34567218369948194,0.346428675809477,1207.059539,1213.3454519939842,1213.3454519939842,1213.3454519939842,949
Poisson,98,0-5,0.896607,0.9839235491347343,0.9839235491347343,0.9854075262337743,647.893577,777.8302800983656,777.8302800983656,777.8302800983656,497
Poisson,98,6-11,0.937357,1.0440336324950954,1.0440336324950954,1.060897008620548,319.954262,323.5106546287425,323.5106546287425,326.9053764026612,371
Poisson,98,12-17,1.085628,1.200182077683108,1.200182077683108,1.201531147773144,1101.888713,1196.515142814489,1196.515142814489,1196.515142814489,1543
Poisson,98,18-44,0.734032,0.8143838478172449,0.8143838478172449,0.8157778869102823,7955.331194,5635.058065353893,5635.058065353893,5635.058065353893,7351
Poisson,98,45-64,0.744663,0.7486050310497466,0.7486050310497466,0.7492345970917635,4914.781706,4474.333293855656,4474.333293855656,4474.333293855656,4586
Poisson,98,65+,0.671568,0.5655043691845083,0.5655043691845083,0.5660889662235239,1135.037362,910.9336190245813,910.9336190245813,910.9336190245813,1489
Poisson,99,0-5,0.895199,1.8596243641540084,1.8573346671180582,1.8596243641540084,598.143158,677.9206830842886,677.9206830842886,677.9206830842886,479
Poisson,99,6-11,0.9362,1.9317626794448486,1.9057433949454137,1.9317626794448486,294.783728,287.5426843902096,287.5426843902096,294.0602193190716,233
Poisson,99,12-17,1.08452,1.941056303532462,1.9389747607725072,1.941056303532462,1016.606612,1152.0905467146076,1152.0905467146076,1152.0905467146076,688
Poisson,99,18-44,0.73444,1.5875403430280646,1.5853894155094448,1.5875403430280646,7424.645107,5657.931176492944,5657.931176492944,5657.931176492944,8198
Poisson,99,45-64,0.74568,1.3943748865657999,1.3934034999444875,1.3943748865657999,4603.071171,3787.1696721413173,3787.1696721413173,3787.1696721413173,4028
Poisson,99,65+,0.673078,1.0594136312576645,1.0585116293950174,1.0594136312576645,1067.248648,698.4526536448975,698.4526536448975,698.4526536448975,1122
Poisson,100,0-5,0.893721,3.0575306756866154,3.0565261671535087,3.0580146652135096,552.262545,598.6653988545295,598.6653988545295,598.6653988545295,461
Poisson,100,6-11,0.934972,3.1418768652564575,3.130461995562065,3.1473767462438893,271.622741,256.14078500913456,254.10434327321127,261.77304945886135,281
Poisson,100,12-17,1.083323,2.9898411361044803,2.988927946528929,2.990281126583475,938.108836,1117.1074842331,1117.1074842331,1117.1074842331,1068
Poisson,100,18-44,0.734777,2.673761932691504,2.672818303463434,2.6742165895197982,6929.33166,7302.661208837293,7302.661208837293,7302.661208837293,8412
Poisson,100,45-64,0.74662,2.2952588981253497,2.294832742990092,2.295464227015547,4310.990614,3602.1393141052686,3602.1393141052686,3602.1393141052686,3869
Poisson,100,65+,0.674518,1.7512928553446654,1.7508971398619264,1.751483517885563,1003.437446,589.5156867756159,589.5156867756159,589.5156867756159,716
Poisson,101,0-5,0.892172,2.1882320089573137,2.18809619627383,2.1882882215904216,509.935566,551.5356676173396,551.5356676173396,551.5356676173396,761
Poisson,101,6-11,0.933669,2.3347345183979287,2.3331911924492488,2.3353732983196096,250.30329,228.32906118733808,225.47218880522996,231.04054835997522,276
Poisson,101,12-17,1.082034,2.5098751317973607,2.509751665721466,2.509926234191095,865.815563,1116.762302197516,1116.762302197516,1116.762302197516,1606
Poisson,101,18-44,0.735039,2.0856455578446425,2.085517976232885,2.0856983636515016,6466.926908,10666.501548080705,10666.501548080705,10666.501548080705,6149
Poisson,101,45-64,0.747482,2.050645823598486,2.050588206096402,2.050669671382229,4037.252123,4029.0293247965164,4029.0293247965164,4029.0293247965164,3791
Poisson,101,65+,0.675888,1.7217933168772694,1.7217398149110485,1.7218154612478875,943.363086,607.1753419408924,607.1753419408924,607.1753419408924,1129
Poisson,102,0-5,0.890549,1.218505199252572,1.218505199252572,1.219981946285348,470.873693,527.8237767734099,527.8237767734099,527.8237767734099,434
Poisson,102,6-11,0.932291,1.2973702464916541,1.2973702464916541,1.3141514627732018,230.67231,205.34536679042503,202.5537900091149,207.01320835901424,172
Poisson,102,12-17,1.080649,1.509002393293581,1.509002393293581,1.5103448905961048,799.201407,1100.0954261338338,1100.0954261338338,1100.0954261338338,620
Poisson,102,18-44,0.735227,1.1940663581020279,1.1940663581020279,1.1954536053146358,6035.146988,13577.474997463636,13577.474997463636,13577.474997463636,6624
Poisson,102,45-64,0.748264,1.3001741247451746,1.3001741247451746,1.3008006234863523,3780.655345,5259.296290627681,5259.296290627681,5259.296290627681,5543
Poisson,102,65+,0.677185,1.0719388493621242,1.0719388493621242,1.072520598193218,886.799497,754.9531105097849,754.9531105097849,754.9531105097849,803
Poisson,103,0-5,0.88885,0.6930667669400618,0.6930667669400618,0.6940464268993882,434.813468,511.9825417557731,511.9825417557731,511.9825417557731,476
Poisson,103,6-11,0.930835,0.7940634892397832,0.7940634892397832,0.8051959887775838,212.590278,189.45598931238055,188.16886524064466,189.45598931238055,208
Poisson,103,12-17,1.079168,0.920173485523434,0.920173485523434,0.921064085486458,737.78986,1009.3096663493197,1009.3096663493197,1009.3096663493197,745
Poisson,103,18-44,0.735338,0.7049931693926552,0.7049931693926552,0.7059134560211133,5631.875185,14450.078321558423,14450.078321558423,14450.078321558423,6388
Poisson,103,45-64,0.748965,0.8128883700633566,0.8128883700633566,0.8133039833794343,3540.081974,6673.07969160052,6673.07969160052,6673.07969160052,3761
Poisson,103,65+,0.678408,0.7246264304187872,0.7246264304187872,0.7250123570694308,833.534501,871.378848172666,871.378848172666,871.378848172666,828
Poisson,104,0-5,0.887073,0.4011201219863556,0.4011201219863556,0.40215958828638887,401.514187,476.9155334967654,476.9155334967654,476.9155334967654,390
Poisson,104,6-11,0.929301,0.46655345680406296,0.46655345680406296,0.4783655738498959,195.929937,182.3920273296535,182.3920273296535,184.78661650558934,141
Poisson,104,12-17,1.077588,0.5334806746357267,0.5334806746357267,0.5344256439993933,681.148319,868.7355123495217,868.7355123495217,868.7355123495217,586
Poisson,104,18-44,0.735371,0.38340391619261555,0.38340391619261555,0.38438038453507106,5255.149775,13494.771446020342,13494.771446020342,13494.771446020342,5054
Poisson,104,45-64,0.749584,0.43696754857692893,0.43696754857692893,0.43740853427997334,3314.490442,7396.056310151238,7396.056310151238,7396.056310151238,3528
Poisson,104,65+,0.679557,0.396241015922595,0.396241015922595,0.39665050264685053,783.369109,947.0765002186527,947.0765002186527,947.0765002186527,617
Poisson,105,0-5,0.885219,0.24258120635371067,0.24258120635371067,0.24502958507353695,370.755798,421.98857434024103,421.98857434024103,421.98857434024103,433
Poisson,105,6-11,0.927687,0.284318654005084,0.284318654005084,0.31214113945765526,180.575156,175.17669562157243,175.17669562157243,182.92927220277488,216
Poisson,105,12-17,1.075908,0.358194899295595,0.358194899295595,0.3604206981318007,628.883674,720.5125114729162,720.5125114729162,720.5125114729162,612
Poisson,105,18-44,0.735325,0.20782511622441846,0.20782511622441846,0.21012510835516438,4903.152624,11438.763698558323,11438.763698558323,11438.763698558323,4637
Poisson,105,45-64,0.750119,0.23649468650240224,0.23649468650240224,0.23753339262596496,3102.910852,7095.2473366279155,7095.2473366279155,7095.2473366279155,2170
Poisson,105,65+,0.680629,0.21409877636709415,0.21409877636709415,0.2150632891961166,736.116803,923.7285118985455,923.7285118985455,923.7285118985455,577
Poisson,106,0-5,0.883285,0.20920707761135204,0.20920707761135204,0.2096435033214948,342.337016,361.18771811248735,361.18771811248735,361.18771811248735,254
Poisson,106,6-11,0.925991,0.23386577824437493,0.23386577824437493,0.23882516131417914,166.419894,164.78794743074104,164.78794743074104,178.87812186870724,147
Poisson,106,12-17,1.074125,0.3108345173466762,0.3108345173466762,0.3112312679922606,580.638349,595.6268576504663,595.6268576504663,595.6268576504663,513
Poisson,106,18-44,0.735199,0.13463484800638778,0.13463484800638778,0.1350448236734916,4574.198534,8999.627315047197,8999.627315047197,8999.627315047197,4011
Poisson,106,45-64,0.750569,0.1470006061762157,0.1470006061762157,0.14718575647748838,2904.440141,6089.9804331022315,6089.9804331022315,6089.9804331022315,2961
Poisson,106,65+,0.681624,0.15008379126443483,0.15008379126443483,0.15025571654418807,691.602843,816.2945023540524,816.2945023540524,816.2945023540524,717
Poisson,107,0-5,0.88127,0.2250421541291289,0.22154252613950434,0.2250421541291289,316.073606,308.6207140921615,308.6207140921615,308.6207140921615,270
Poisson,107,6-11,0.924214,0.2691092926244421,0.22934079274234476,0.2691092926244421,153.367272,155.0230130041018,155.0230130041018,168.98544701887295,182
Poisson,107,12-17,1.072239,0.4198794051497766,0.41669792515920884,0.4198794051497766,536.086786,508.73953790054657,508.73953790054657,508.73953790054657,552
Poisson,107,18-44,0.734992,0.13392731177793477,0.13063978245434804,0.13392731177793477,4266.725293,6709.02191874478,6709.02191874478,6709.02191874478,3927
Poisson,107,45-64,0.750934,0.13856364716599948,0.1370789565037345,0.13856364716599948,2718.237517,4820.709601366427,4820.709601366427,4820.709601366427,3611
Poisson,107,65+,0.682541,0.14464602411729757,0.1432673827880515,0.14464602411729757,649.66358,685.4839638917474,685.4839638917474,685.4839638917474,399
Poisson,108,0-5,0.879174,0.33964041598449507,0.3378952978002011,0.33964041598449507,291.796842,268.66009183600545,268.66009183600545,268.66009183600545,251
Poisson,108,6-11,0.922355,0.2876736834541396,0.2678427949962539,0.2876736834541396,141.328724,145.91316428640857,145.91316428640857,152.4206988895312,158
Poisson,108,12-17,1.070249,0.5545874178462121,0.5530009467695812,0.5545874178462121,494.93229,465.4468962557148,465.4468962557148,465.4468962557148,428
Poisson,108,18-44,0.734703,0.1637278698540551,0.16208851640820324,0.1637278698540551,3979.284421,4836.964680239558,4836.964680239558,4836.964680239558,4478
Poisson,108,45-64,0.751212,0.1669855294444474,0.16624517627535298,0.1669855294444474,2543.52013,3615.9529544571415,3615.9529544571415,3615.9529544571415,2948
Poisson,108,65+,0.683379,0.17151251680850774,0.17082504600863438,0.17151251680850774,610.145792,563.2594951291103,563.2594951291103,563.2594951291103,753
Poisson,109,0-5,0.876996,0.4169184472886235,0.4138799773925075,0.4169184472886235,269.352107,246.19444092013873,246.19444092013873,246.19444092013873,236
Poisson,109,6-11,0.920412,0.39018295646504103,0.3556548894637218,0.39018295646504103,130.223243,134.1305991159752,133.68367396341637,134.1305991159752,113
Poisson,109,12-17,1.068153,0.7000742536207691,0.6973120082606636,0.7000742536207691,456.904218,452.75499585364014,452.75499585364014,452.75499585364014,472
Poisson,109,18-44,0.734332,0.2069126750345855,0.20405835482914314,0.2069126750345855,3710.532561,3424.762552938424,3424.762552938424,3424.762552938424,2842
Poisson,109,45-64,0.751402,0.20969264711932706,0.2084035992846111,0.20969264711932706,2379.559015,2634.7855347734876,2634.7855347734876,2634.7855347734876,2245
Poisson,109,65+,0.684136,0.21224060489169627,0.21104363190231723,0.21224060489169627,572.906045,460.75855751673225,460.75855751673225,460.75855751673225,333
Poisson,110,0-5,0.874736,0.49994788989341954,0.4682881255525347,0.49994788989341954,248.597626,232.22211051126942,231.5455493030604,232.22211051126942,272
Poisson,110,6-11,0.918385,0.4653897397805016,0.4616121542625551,0.47326056020004703,119.976688,124.07140319608152,118.81383405998349,124.07140319608152,86
Poisson,110,12-17,1.065951,0.8304927784136064,0.829953123339614,0.8308849958146134,421.755459,456.1719685795251,456.1719685795251,456.1719685795251,454
Poisson,110,18-44,0.733877,0.23962275836719168,0.23602505787390934,0.23962275836719168,3459.223492,2410.588985832408,2410.588985832408,2410.588985832408,3213
Poisson,110,45-64,0.751505,0.24669118621317668,0.2457917610898561,0.24669118621317668,2225.675271,1897.8589685321786,1897.8589685321786,1897.8589685321786,2482
Poisson,110,65+,0.684813,0.27190112094106755,0.2710016958177469,0.27190112094106755,537.810079,380.67795254825614,380.67795254825614,380.67795254825614,454
Poisson,111,0-5,0.872393,0.6723276273792933,0.6723276273792933,0.6957148474084784,229.403323,221.932183543453,219.64255445147865,221.932183543453,248
Poisson,111,6-11,0.916275,0.6350209455957452,0.6350209455957452,0.6462550263283136,110.521164,116.12741936044767,110.33568679261953,116.12741936044767,106
Poisson,111,12-17,1.063643,0.7389706247909408,0.7389706247909408,0.7398693512495463,389.260177,457.6844688032288,457.6844688032288,457.6844688032288,593
Poisson,111,18-44,0.733339,0.36082609959668455,0.36082609959668455,0.3642291403409119,3224.200722,1705.1890748422593,1705.1890748422593,1705.1890748422593,3402
Poisson,111,45-64,0.751518,0.37337458405056984,0.37337458405056984,0.3742253442366266,2081.236489,1370.8096186812036,1370.8096186812036,1370.8096186812036,1434
Poisson,111,65+,0.685408,0.44477143983222045,0.44477143983222045,0.44562220001827724,504.732223,327.0362152628368,327.0362152628368,327.0362152628368,645
Poisson,112,0-5,0.869967,0.7877877194549229,0.7801242173988531,0.8988237897171582,211.649779,212.5447472995147,212.5447472995147,212.8870939037297,255
Poisson,112,6-11,0.91408,0.8834631262718948,0.8096264976546651,0.8967117482918207,101.794461,111.00876420969144,105.71914371056482,111.11538696289062,115
Poisson,112,12-17,1.061227,1.010435590715173,1.0053367865938847,1.012328251003734,359.211796,435.00669539906085,435.00669539906085,435.00669539906085,292
Poisson,112,18-44,0.732717,0.5318419372794441,0.5252672646577661,0.5444596725365163,3004.390634,1254.9827678911388,1254.9827678911388,1254.9827678911388,2661
Poisson,112,45-64,0.751442,0.570538640682304,0.5682272754587788,0.573693074496572,1945.653407,1026.2740445784293,1026.2740445784293,1026.2740445784293,1927
Poisson,112,65+,0.685921,0.6999433757905656,0.6977971080830067,0.7030978096048337,473.554834,304.9063098632614,304.9063098632614,304.9063098632614,553
Poisson,113,0-5,0.867459,1.0221254066297578,1.0182488273963664,1.1069835510369732,195.227296,198.45739843603224,198.45739843603224,206.63135644397698,222
Poisson,113,6-11,0.911801,1.1626518402915598,1.1222522757985094,1.1873807292238212,93.73954,107.9312095483765,101.13839000929147,108.56262252666056,121
Poisson,113,12-17,1.058705,1.1462626248327463,1.1419093227188708,1.2574094200336186,331.421179,400.65354693401605,400.65354693401605,403.1336162935477,287
Poisson,113,18-44,0.73201,0.857224339670973,0.8492386261042609,0.8675189235835881,2798.79614,1010.6943898014724,1010.6943898014724,1010.6943898014724,3337
Poisson,113,45-64,0.751275,0.9505351121862131,0.9471481120052405,0.9603097506135081,1818.376799,835.6574594289996,835.6574594289996,835.6574594289996,1538
Poisson,113,65+,0.686351,1.1284249616288962,1.1253884473779943,1.1323899640682913,444.167771,316.20249490306014,316.20249490306014,316.20249490306014,522
Poisson,114,0-5,0.864867,1.6130159979065828,1.5990225316957039,1.6203119088512434,180.035041,180.51094470499083,180.51094470499083,195.02473138761707,175
Poisson,114,6-11,0.909438,1.7022046458360192,1.6906990341768817,1.7764086446179799,86.304077,102.13223854731768,94.4485211726278,104.59960526879877,162
Poisson,114,12-17,1.056074,1.7848862628415976,1.765876380232523,1.9001258801926988,305.71501,350.1083899526857,350.1083899526857,362.86950312484987,252
Poisson,114,18-44,0.731218,1.443819250285876,1.440611513915905,1.4524642734990887,2606.490821,956.2854147003964,956.2854147003964,956.2854147003964,2942
Poisson,114,45-64,0.751019,1.5156606134686545,1.5130128658079056,1.5257466698439761,1698.894558,796.6011678655632,796.6011678655632,796.6011678655632,2245
Poisson,114,65+,0.686697,1.3668765533863878,1.3653945712062234,1.371192387705571,416.467898,346.1376765509485,346.1376765509485,346.1376765509485,420
Poisson,115,0-5,0.862192,2.641257026763015,2.578364109440772,2.644148035859254,165.980273,164.3550057914108,164.3550057914108,178.73917985986918,175
Poisson,115,6-11,0.90699,2.841961647350624,2.8310211528300515,2.904047170598147,79.440042,91.83325527748093,84.56293121725321,97.67338245874271,67
Poisson,115,12-17,1.053337,3.0914842223683077,2.9972910056042354,3.0981685712162004,281.934324,301.53236379497685,301.53236379497685,324.40007385914214,222
Poisson,115,18-44,0.730341,2.5896997266240804,2.5789247941640423,2.593086737987398,2426.613508,1177.0343406023458,1177.0343406023458,1177.0343406023458,2187
Poisson,115,45-64,0.750671,2.688178775581368,2.6808853277992153,2.690451912119509,1586.729004,962.1683638617396,962.1683638617396,962.1683638617396,2289
Poisson,115,65+,0.68696,2.1339848869349214,2.130201721416067,2.1355128623797226,390.358607,355.1088953720755,355.1088953720755,355.1088953720755,395
Poisson,116,0-5,0.859434,3.293015658954538,3.228963091462601,3.2974560717214447,152.977641,151.02524003130384,151.02524003130384,159.86889242031612,140
Poisson,116,6-11,0.904458,3.429415561802857,3.4166483365043483,3.4870493899779733,73.103323,79.61554275127128,74.88211638201028,86.91526259714738,89
Poisson,116,12-17,1.050492,3.038101272236231,3.012442489740114,3.045058614542876,259.9332,267.8851585262455,263.71647277334705,291.54083138424903,332
Poisson,116,18-44,0.729378,2.971818847416735,2.9632299672304425,2.9761314674054,2258.36329,1903.824314089492,1903.824314089492,1903.824314089492,2273
Poisson,116,45-64,0.750232,2.576551308333464,2.572949617671984,2.5785601876411692,1481.434361,1354.112480360549,1354.112480360549,1354.112480360549,1192
Poisson,116,65+,0.687138,1.958556341589291,1.955992832915655,1.9601950994982904,365.749378,346.95196721621323,346.95196721621323,346.95196721621323,321
Poisson,117,0-5,0.856595,2.3790065252653636,2.3754486026822277,2.3824059122573,140.948547,139.0369336376898,139.0369336376898,141.11661323998123,180
Poisson,117,6-11,0.901843,2.472189155270354,2.4619191655562784,2.49653878486004,67.253379,69.10324356844649,67.58310196176171,76.04099908936769,75
Poisson,117,12-17,1.04754,2.1631304201817074,2.111637842759922,2.2271614331036274,239.577569,247.4863939122297,241.7202752926387,265.81868221098557,200
Poisson,117,18-44,0.72833,2.1026102449296644,2.0971341272618287,2.1075035798050634,2100.994901,3303.0101206805557,3303.0101206805557,3303.0101206805557,2448
Poisson,117,45-64,0.749702,1.7650579369179187,1.7560744038726184,1.7715293164773829,1382.59443,1657.8584336820059,1657.8584336820059,1657.8584336820059,1659
Poisson,117,65+,0.687231,1.3428360318064905,1.318886908342048,1.3560938158221243,342.555365,335.25753223872744,333.40059436362935,335.7845282581402,282
Poisson,118,0-5,0.853673,1.3008821951304177,1.2962934151783199,1.3053579183981219,129.820569,130.52546501881443,130.1737579673063,130.52546501881443,98
Poisson,118,6-11,0.899145,1.3650426846684105,1.3530093482673988,1.382500729959378,61.852934,62.79806977324188,61.18452351959422,68.82812161184847,61
Poisson,118,12-17,1.044481,1.2542390900347937,1.2475798661542616,1.30539026048737,220.744158,237.12741438904777,232.57459586975165,248.5052662244998,237
Poisson,118,18-44,0.727197,1.1474081428715348,1.1410772284333341,1.1512834268429264,1953.814466,4760.552217315882,4760.552217315882,4760.552217315882,1524
Poisson,118,45-64,0.74908,0.9908734999061642,0.9784909643252877,0.9966672175791836,1289.820418,1795.0648370697163,1795.0648370697163,1795.0648370697163,1556
Poisson,118,65+,0.687239,0.8028157037270678,0.7673355149720003,0.8173591720821477,320.697,329.12861923791934,320.95440629165387,330.2693657615455,331
Poisson,119,0-5,0.85067,0.661432701122698,0.6508216085196618,0.6766035984890951,119.526931,121.54460108303465,121.07332618581131,122.12945450865664,105
Poisson,119,6-11,0.896363,0.7047737053789882,0.6938850094315097,0.7197060384907328,56.867689,58.02292003016919,56.86877089552581,62.11702294414863,38
Poisson,119,12-17,1.041317,0.7461158299626102,0.7155341812854351,0.7535491045178593,203.319519,226.54235082049854,226.54235082049854,236.2380783802364,298
Poisson,119,18-44,0.725979,0.5763724438847856,0.5729679440203899,0.581706912329318,1816.175591,5508.84545829799,5508.84545829799,5508.84545829799,1896
Poisson,119,45-64,0.748366,0.5203507733832959,0.5160523261139306,0.5291631739006386,1202.748939,1748.7530597206205,1748.7530597206205,1748.7530597206205,1318
Poisson,119,65+,0.687161,0.4787118590009467,0.4660671264550765,0.5037806612873776,300.099633,328.31207091076067,313.35363288235385,332.55915506382007,289
Poisson,120,0-5,0.847586,0.4044151115418839,0.38734220860375157,0.4218276516741444,110.006028,110.99531508400105,109.10229074116796,113.08729685423896,130
Poisson,120,6-11,0.8935,0.43930948769808603,0.4257752643912963,0.4554167174946634,52.266069,53.223497855011374,52.30286244582385,56.01094090845436,32
Poisson,120,12-17,1.038046,0.5436020470455931,0.515250763747866,0.598210098698424,187.199169,214.72251402447,214.72251402447,228.02898055245169,228
Poisson,120,18-44,0.724675,0.35412881865750545,0.3492812271670496,0.35976461615170097,1687.475749,5359.636254160665,5359.636254160665,5359.636254160665,1695
Poisson,120,45-64,0.74756,0.35182869699176134,0.34442446722990955,0.3607686942189418,1121.040146,1561.4961418625899,1561.4961418625899,1561.4961418625899,829
Poisson,120,65+,0.686998,0.36409845204489377,0.342652724116333,0.38561730714969894,280.693191,326.18429361085873,312.0906859501265,337.32830328145064,275
Poisson,121,0-5,0.844423,0.29307312947796094,0.27591199244404563,0.31184216410343024,101.200993,99.20019906200469,95.54102842253633,102.54539379570633,68
Poisson,121,6-11,0.890555,0.3263881501111876,0.3121798430601892,0.34376320410684374,48.018993,48.43553190352395,46.522312484215945,51.72771542519331,42
Poisson,121,12-17,1.034671,0.49390725025285304,0.44976725435842735,0.5374330564047998,172.286804,200.74411160778254,199.4204715702217,215.78150494839065,126
Poisson,121,18-44,0.723286,0.2634427222558808,0.2590998096385671,0.26906643113454065,1567.152957,4637.966049940325,4637.966049940325,4637.966049940325,1665
Poisson,121,45-64,0.746663,0.2982129633585081,0.2929766220887567,0.30714336465113135,1044.37602,1333.1967786015011,1333.1967786015011,1333.1967786015011,1234
Poisson,121,65+,0.686749,0.3087004586488244,0.30271201712955287,0.33271507998881766,262.411853,322.60964898904786,308.6595401186496,325.13920587848406,368
Poisson,122,0-5,0.84118,0.22955974867750228,0.205335569793362,0.2594971792068399,93.059298,87.27023911336437,84.95077333855443,92.40096774837002,73
Poisson,122,6-11,0.887529,0.2657870976682455,0.2485165906758056,0.2883807094508552,44.099655,43.6919602076523,40.76814600639045,47.23505718912929,26
Poisson,122,12-17,1.031192,0.473299775059395,0.4208471758299211,0.5245821149623028,158.493589,184.74674409488216,178.98828115849756,200.43415143107995,223
Poisson,122,18-44,0.721812,0.21392440796193513,0.20841273184490558,0.2204892621593428,1454.682719,3699.6507700942457,3699.6507700942457,3699.6507700942457,1222
Poisson,122,45-64,0.745674,0.27394866066199597,0.2674066581132641,0.2840004696204612,972.45877,1132.62244355632,1132.62244355632,1132.62244355632,982
Poisson,122,65+,0.686414,0.281016810406096,0.26487854557676255,0.30730800998470026,245.193762,300.87216326064663,291.59189307136694,307.1598227589857,352
Poisson,123,0-5,0.837858,0.23343421753943128,0.21660093949605527,0.2698405103999263,85.532395,77.06400777306408,74.61683006212115,82.39955016900785,57
Poisson,123,6-11,0.884423,0.275461082045389,0.2557501890204768,0.2968112602036754,40.483338,39.134931426495314,35.69922512769699,42.68605030607432,42
Poisson,123,12-17,1.027609,0.4976080397311936,0.444821817141974,0.5581456744854975,145.737521,169.16695600911044,159.82452999264933,184.55779129709117,161
Poisson,123,18-44,0.720253,0.22248921191946963,0.21723944136840875,0.2283413495297095,1349.575211,2780.32764183823,2780.32764183823,2780.32764183823,1251
Poisson,123,45-64,0.744593,0.2976150381136402,0.29066584689650726,0.30450805106460965,905.00937,975.9511498557404,975.9511498557404,975.9511498557404,1178
Poisson,123,65+,0.685993,0.3016216648864831,0.28603096826118746,0.31768227781804376,228.980744,266.7462047022418,261.2539218746242,275.9278589352616,252
Poisson,124,0-5,0.834459,0.2925399523160491,0.2606839653266992,0.3241403340740308,78.575391,68.6203706599772,64.91613017045893,74.1421407586895,92
Poisson,124,6-11,0.881238,0.3406317342910702,0.316824513076846,0.3693474395581563,37.147238,34.810575757175684,30.98427783884108,38.702398664783686,25
Poisson,124,12-17,1.023924,0.6092485752400392,0.5584984199340678,0.6987392928908425,133.942846,152.07307683466934,141.4818854124751,165.90079294284806,175
Poisson,124,18-44,0.71861,0.2880597207137598,0.2812412875977205,0.29507378700914977,1251.372683,2008.997284877114,2008.997284877114,2008.997284877114,1084
Poisson,124,45-64,0.743421,0.3987049745269232,0.3889546759526121,0.40790570983912694,841.766194,863.1769909700379,863.1769909700379,863.1769909700379,794
Poisson,124,65+,0.685486,0.3970080081967065,0.37072103801851114,0.4106837754159509,213.718051,230.8781113437144,228.60538852453465,239.1964966393425,197
Poisson,125,0-5,0.830984,0.3218639932041658,0.2810053800480344,0.35048503975680867,72.146747,61.385884017916396,56.95974652096629,66.44703171402216,51
Poisson,125,6-11,0.877975,0.360814872022264,0.3330146576194222,0.39223140681159496,34.070303,30.928330403286964,27.15373697131872,34.903859661426395,24
Poisson,125,12-17,1.020138,0.6209424202694251,0.5542110869330336,0.6903464494714302,123.039536,136.35789645975456,126.26542001054622,148.5239363128785,125
Poisson,125,18-44,0.716884,0.2873696778595717,0.2789019392968744,0.29529396010122255,1159.647087,1419.9530250867829,1419.9530250867829,1419.9530250867829,1150
Poisson,125,45-64,0.742158,0.380233427442743,0.36820363207303136,0.3907360508509595,782.483763,785.4236207744107,785.4236207744107,785.4236207744107,1037
Poisson,125,65+,0.684892,0.3933641549950856,0.3642255905704179,0.41658973826045387,199.354122,200.73282232135534,198.3229074633564,206.75211579393363,220
Poisson,126,0-5,0.827433,0.4424215472422117,0.3998496139496686,0.4686732093161406,66.208008,54.76475238520652,50.1715974106919,59.885522421915084,61
Poisson,126,6-11,0.874635,0.5080736106480264,0.4776692775085394,0.5466580538525988,31.233092,27.531413270160556,23.910388191696256,31.76242137188092,25
Poisson,126,12-17,1.016252,0.8695280186564898,0.8087852236688515,0.9450312296425518,112.962808,122.13671324844472,112.30756935756654,133.59849067870528,106
Poisson,126,18-44,0.715074,0.44841619123620147,0.44001467498849123,0.45612751628419884,1073.997876,996.802619443275,996.802619443275,996.802619443275,1169
Poisson,126,45-64,0.740804,0.6156027189474709,0.6048243680931293,0.6246943714436275,726.931589,715.9068026123568,715.9068026123568,715.9068026123568,581
Poisson,126,65+,0.684213,0.5946441776496334,0.5637414482529863,0.6067379840288913,185.840366,175.83633831777843,170.21052800992038,180.0635070981807,151
Poisson,127,0-5,0.823808,0.5682416580358298,0.5130376851775605,0.6153647525347327,60.723552,49.978130038129166,44.424389383988455,54.58464711345732,39
Poisson,127,6-11,0.871218,0.6364822348294443,0.6026880171284763,0.6777128467865888,28.617638,24.372616469860077,20.86989313736558,28.092172157485038,36
Poisson,127,12-17,1.012266,1.0554841654889624,0.9868634946006222,1.1492870550843675,103.652698,110.74940424179658,101.4256650088355,122.19763944041915,93
Poisson,127,18-44,0.713181,0.5816939888245864,0.571059795613123,0.591314425107958,994.049992,707.5374271469191,707.5374271469191,707.5374271469191,873
Poisson,127,45-64,0.73936,0.7955896362583514,0.7800918000361163,0.8064001671825703,674.893101,684.7678917385638,684.7678917385638,684.7678917385638,659
Poisson,127,65+,0.683448,0.7655419184696173,0.7211060005555288,0.781561669336529,173.130951,158.4988493823912,152.13031858653994,163.02472592372214,146
Poisson,128,0-5,0.82011,0.691030429038086,0.6228769511344882,0.7247618807969878,55.66037,45.479241205146536,40.02341748960316,49.477582703810185,30
Poisson,128,6-11,0.867726,0.7203692880051553,0.6812109369728172,0.7677886233176151,26.207334,21.348210965283215,18.263475438114256,24.959479381795973,14
Poisson,128,12-17,1.008184,1.0873367032925765,1.013698455808034,1.1718252061867644,95.053661,100.10561688710004,91.78344872128218,109.924522502115,123
Poisson,128,18-44,0.711206,0.6423300588208373,0.628198341663973,0.6586523226902272,919.452012,517.3459604391828,517.3459604391828,517.3459604391828,702
Poisson,128,45-64,0.737825,0.8216374577038115,0.8044011602606878,0.8473172381108656,626.164663,679.3391731176525,679.3391731176525,679.3391731176525,675
Poisson,128,65+,0.682598,0.7663906921414689,0.7241245526676501,0.8322313639058014,161.182615,144.4654626598931,138.54438469058368,150.1035785919521,117
Poisson,129,0-5,0.81634,0.8511395056797947,0.7544068599054248,0.9329038321126448,50.987854,41.54569546086714,36.252163076307625,44.34580213017762,42
Poisson,129,6-11,0.864161,0.8312996056267744,0.7909466059282377,0.8814669244887858,23.986818,18.62185466242954,15.802971820347011,21.962071599904448,19
Poisson,129,12-17,1.004005,1.039011083224584,0.9699016800180243,1.1249695040962437,87.114221,89.23079010425135,82.40378901781514,97.57618391420692,82
Poisson,129,18-44,0.709149,0.7034630483798707,0.6898571522387433,0.7157169347232392,849.874446,404.0540758250281,404.0540758250281,404.0540758250281,1025
Poisson,129,45-64,0.736201,0.7833176064529582,0.7695941756391517,0.7965909271322866,580.554668,665.9348815861158,665.9348815861158,665.9348815861158,796
Poisson,129,65+,0.681662,0.7420548342060175,0.7056464105643341,0.7801528465213161,149.954495,136.01038920454448,127.88251524959924,136.09897651011124,215
Poisson,130,0-5,0.812499,1.0864985665153655,1.007710540766857,1.1836191427589755,46.677609,38.7683885806473,33.49556329706684,41.7857548808679,39
Poisson,130,6-11,0.860523,1.0646822403003149,1.024183728327163,1.1137980175962756,21.941877,16.288071430753917,13.645224023144692,19.328370485454798,24
Poisson,130,12-17,0.999731,1.1188793688656642,1.0640357902215054,1.1997599087718263,79.786639,79.42657549702562,72.74659174121916,86.56723504583351,74
Poisson,130,18-44,0.707012,0.885368163695867,0.872096857136101,0.8998315320761331,785.008172,363.22585376538336,363.22585376538336,363.22585376538336,574
Poisson,130,45-64,0.734487,0.86910324742449,0.8530303291848065,0.8864102424832633,537.882695,622.7849991745315,622.7849991745315,622.7849991745315,507
Poisson,130,65+,0.68064,0.7747149828818265,0.7306692997559419,0.8239527617993896,139.407956,124.43248825764749,117.9955039783876,128.63139606663026,112
Poisson,131,0-5,0.808589,1.4645450609492954,1.3961183716611512,1.5502315834121672,42.703286,35.921046311501414,31.11313185864128,39.95866099605337,43
Poisson,131,6-11,0.856814,1.4731551042709834,1.4341639952807101,1.5201102422684722,20.059354,14.520974327344447,11.944366202689707,17.36746356310323,12
Poisson,131,12-17,0.995364,1.3796860317157598,1.3234495183868926,1.4615289789641401,73.026623,70.1970171877183,64.82572735473514,76.95502792461775,86
Poisson,131,18-44,0.704794,1.240885409169843,1.2285613716973043,1.2549515462899365,724.562992,400.62305540405214,400.62305540405214,400.62305540405214,735
Poisson,131,45-64,0.732686,1.1390808704739783,1.1241219237307623,1.1576703206507464,497.978743,562.7236685231328,562.7236685231328,562.7236685231328,485
Poisson,131,65+,0.679534,0.9459844922623817,0.905928889761687,0.9987311842665163,129.506448,116.32064689195249,108.72274950856809,122.9748588114744,138
Poisson,132,0-5,0.804612,1.695607483415556,1.6366332330455944,1.7664903405923804,39.040421,33.617226789705455,28.808487578760833,38.170944412006065,52
Poisson,132,6-11,0.853034,1.7572591625861822,1.7218207560134329,1.804175803465976,18.327067,13.085751831065863,10.739899795502424,15.866936185397208,13
Poisson,132,12-17,0.990905,1.638582388325449,1.5803148775394305,1.707264019260324,66.793057,61.39713268610649,56.19294346286915,68.31102218898013,84
Poisson,132,18-44,0.702497,1.5158367182724393,1.5040438103868903,1.5292268344585758,668.266317,506.459924928844,506.459924928844,506.459924928844,527
Poisson,132,45-64,0.730796,1.4146400360524374,1.398527247797188,1.4324134081192719,460.68252,512.736211440526,512.736211440526,512.736211440526,330
Poisson,132,65+,0.678343,1.1411096228210393,1.0958551913948105,1.1917733308400047,120.215363,107.25148777861614,98.83661671407754,115.41710428654915,105
Poisson,133,0-5,0.800568,1.3252248266213664,1.2686911869314696,1.3897613874134973,35.66629,31.362109649460763,26.899704198352993,35.96957294782624,28
Poisson,133,6-11,0.849187,1.3801734163249,1.3465730994903484,1.4223789672704232,16.733732,12.009306758642197,9.818899707403034,14.543729499913752,15
Poisson,133,12-17,0.986356,1.3347932984406943,1.2834380117824007,1.4085825035173847,61.047753,53.04226798587479,48.620355325285345,59.120524974307045,44
Poisson,133,18-44,0.700121,1.1872727157420164,1.1758099062532743,1.200766792808907,615.861947,644.2516671521589,644.2516671521589,644.2516671521589,764
Poisson,133,45-64,0.728819,1.1411014067426102,1.125647961125627,1.1616510466141912,425.842792,489.35769962798804,489.35769962798804,489.35769962798804,703
Poisson,133,65+,0.677069,0.9561623317517512,0.9131182416797303,1.0148436865111652,111.501909,98.86390911298804,90.09546145942295,106.0468767285347,84
Poisson,134,0-5,0.796459,0.97338298549475,0.9251707661672759,1.03060199713223,32.559783,29.784267121227458,25.700242875376716,34.26786255952902,26
Poisson,134,6-11,0.845272,0.9949391232278785,0.9643113147240342,1.0335014362509622,15.268889,11.41644440125674,9.284267918206751,13.821677756961435,17
Poisson,134,12-17,0.981719,0.9816390777282056,0.9319168486390096,1.0422960854686567,55.75523,45.98438734584488,41.248578483005986,51.05400492809713,34
Poisson,134,18-44,0.697667,0.8296086128049417,0.8190952609006922,0.8416638087951489,567.108956,739.5193360606208,739.5193360606208,739.5193360606208,557
Poisson,134,45-64,0.726755,0.7880102400939615,0.7728790974789335,0.8063279621148025,393.316777,471.66614413866773,471.66614413866773,471.66614413866773,552
Poisson,134,65+,0.67571,0.706098933340938,0.6648603762263247,0.7603424755375252,103.334991,92.66434956830926,84.59522196068428,101.81699038244551,62
Poisson,135,0-5,0.792287,0.608874243077306,0.5659148733586926,0.6640551385999803,29.701277,29.260124746942893,25.245262946933508,33.77230867743492,29
Poisson,135,6-11,0.841291,0.6185588942250921,0.5900423875584312,0.6548933029117491,13.922849,11.29550313577056,9.104599951766431,13.716733472258772,15
Poisson,135,12-17,0.976995,0.71543073773836,0.6620168929062573,0.7795454758722735,50.88251,41.189926367253065,37.05082390457392,46.31948131858371,37
Poisson,135,18-44,0.695137,0.5026748988599783,0.49293076212461173,0.5137206724518856,521.780665,758.9929959960282,758.9929959960282,758.9929959960282,434
Poisson,135,45-64,0.724606,0.5205521422418811,0.5066585686825913,0.5366366687759904,362.969601,440.20006513176486,440.20006513176486,440.20006513176486,403
Poisson,135,65+,0.674269,0.5097982573561751,0.4694886803001724,0.5550636352890244,95.685104,89.81182910851203,81.90015274879988,98.75621746480465,119
Poisson,136,0-5,0.788053,0.4916252443116763,0.43401261761694965,0.5525599499411725,27.072531,28.471358952345327,24.355502787278965,32.8173889759928,34
Poisson,136,6-11,0.837247,0.49733830516760424,0.4453894233091931,0.5433232899713023,12.686625,11.033949843607843,8.89469435531646,13.416328757535666,6
Poisson,136,12-17,0.972187,0.6301959930265078,0.5587351267770747,0.7092573053511689,46.398926,38.27315636537969,34.16426507150754,43.26313687255606,38
Poisson,136,18-44,0.69253,0.39247286256759933,0.35226084485074327,0.4227218012145233,479.663699,698.2961657252163,697.2274017212912,699.0174866737798,413
Poisson,136,45-64,0.722372,0.4147023198589126,0.37422954032774897,0.4579826193603791,334.673781,391.62973889289424,390.2476478894241,392.84053914714605,264
Poisson,136,65+,0.672745,0.42421602519246093,0.37695873001517843,0.4790085100810724,88.524231,87.70914567424916,80.0028313382063,96.46459480223712,107
Poisson,137,0-5,0.783759,0.49453301692396023,0.43409803841527295,0.5692529447253086,24.656583,27.15045800828375,23.358434555120766,31.396548556163907,24
Poisson,137,6-11,0.83314,0.5028534552288897,0.4502979786076555,0.5663098176435293,11.551884,10.626927489880472,8.47058988083154,12.946942077949643,9
Poisson,137,12-17,0.967295,0.6670923172151024,0.5848052870316139,0.7657923776943435,42.275956,36.420495733618736,32.17159991036169,41.18659886927344,35
Poisson,137,18-44,0.689849,0.39652241668348837,0.35732704681246474,0.44215375715927824,440.557122,596.7783316420391,591.3823556434363,600.719346457161,461
Poisson,137,45-64,0.720053,0.4219803969305309,0.3765934811688539,0.46920122738424275,308.308765,335.9847614746541,330.3231352623552,341.53175412816927,249
Poisson,137,65+,0.671138,0.42710127638982853,0.37690524969474876,0.4829309538321978,81.825754,83.20950771687785,76.03818853729172,91.17036084999563,74
Poisson,138,0-5,0.779407,0.5782526787720383,0.5005150807945251,0.6729581927703001,22.437656,25.229584550717846,21.62862185947597,29.286033754004166,26
Poisson,138,6-11,0.828972,0.5948357487831278,0.5257602079065022,0.6832860544793637,10.5109,9.942267779726535,7.949800132773817,12.143986023962498,10
Poisson,138,12-17,0.962323,0.7835093276320826,0.6844044729175964,0.8995668608840045,38.487065,34.90116726537235,30.8055591811426,39.17806036071852,28
Poisson,138,18-44,0.687094,0.48075657231768376,0.42699366778100417,0.5528534655633979,404.271635,494.4122225791216,485.7698106188327,502.9110239809379,424
Poisson,138,45-64,0.717652,0.503083699854191,0.4443366737890117,0.5686565960878963,283.760499,284.66532958764583,276.3216216494329,292.1193336476572,288
Poisson,138,65+,0.669451,0.4869022760730384,0.4275926347092554,0.5528882020859512,75.564369,76.8646530630067,70.04866336128907,84.58044726366643,63
Poisson,139,0-5,0.774999,0.684087311792661,0.5774251001176228,0.7768781606022467,20.401075,22.904496760340407,19.607065435964614,26.73278316692449,15
Poisson,139,6-11,0.824745,0.7100075965873427,0.6085109372566184,0.7934276947139877,9.556504,9.03769891615957,7.181229664944112,11.116756589151919,7
Poisson,139,12-17,0.957272,0.9132339704625368,0.7982612833079777,1.036470376940752,35.00756,33.50255384598859,29.392002443782985,37.96398529736325,27
Poisson,139,18-44,0.684266,0.5883856735023417,0.502548100774627,0.6548613148536141,370.628847,414.3384576095268,398.843746076338,427.0158004825935,483
Poisson,139,45-64,0.715168,0.6074291665457485,0.5283209254976945,0.676221428818906,260.921034,242.24527690419927,231.86228580307215,251.59552556602284,251
Poisson,139,65+,0.667682,0.5617685755136563,0.4937700366518561,0.6326285747210346,69.716007,69.56367473473074,62.82744218443986,76.28216789057478,62
Poisson,140,0-5,0.770536,0.7568459588526838,0.653562749579098,0.8874867197198247,18.533188,20.496990439947695,17.49393602949567,24.00776646635495,20
Poisson,140,6-11,0.82046,0.7938081615511337,0.6963934548599238,0.9213160568040972,8.682046,8.064497685991228,6.343347036046907,9.949962730053812,9
Poisson,140,12-17,0.952143,1.027355725393107,0.8935995677505703,1.1824146522047978,31.814459,32.123904370935634,27.89726627524942,36.7104502976872,33
Poisson,140,18-44,0.681367,0.6739347602597519,0.5884683268102382,0.7821065180890381,339.460598,352.7223739689216,336.1181645523757,366.85781853832304,287
Poisson,140,45-64,0.712603,0.7121014636430747,0.6170979605917892,0.8180755125680107,239.688162,211.8089636238292,198.89673381252214,219.84468993078917,166
Poisson,140,65+,0.665834,0.639681275243702,0.556965637700414,0.7323172857380232,64.257765,62.0273378547281,55.87086546601495,68.06411757564638,82
Poisson,141,0-5,0.766019,0.8000115348620493,0.7016361539048473,0.9211703043171888,16.821292,18.21643424849026,15.465895790141076,21.45295548093271,15
Poisson,141,6-11,0.816119,0.8469416195048909,0.7532994464546048,0.9628088495075355,7.88136,7.095656290650368,5.547698666341603,8.876893307082355,6
Poisson,141,12-17,0.94694,1.0761526602530394,0.9431248733399391,1.2302535928476357,28.886373,30.61870039976202,26.553788867313415,34.73149988777004,39
Poisson,141,18-44,0.678397,0.7268941436298659,0.6451544634872751,0.8262914232827411,310.608334,309.06112904381007,297.1825902685523,321.2576713897288,285
Poisson,141,45-64,0.709958,0.7696366719218182,0.6787618220878174,0.885184806848577,219.96508,191.71538195293397,179.36396426474676,199.40650706598535,182
Poisson,141,65+,0.663906,0.6909990685731637,0.607729747037136,0.7889014067636289,59.16784,54.928293224656954,49.299616865231656,60.79826633428456,56
Poisson,142,0-5,0.761452,0.7724165245250225,0.6912030431347368,0.8837413614459741,15.253572,16.06189297651872,13.504566818708554,19.00917019159533,23
Poisson,142,6-11,0.811725,0.816120808339631,0.7417748973144771,0.9237373107055089,7.148721,6.16837868001312,4.775045769754797,7.7997446046210825,8
Poisson,142,12-17,0.941664,1.0346189830553905,0.9048891353625728,1.1799300623887474,26.203389,28.46330014639534,24.78959030797705,32.52379839099012,21
Poisson,142,18-44,0.675358,0.6991146491197656,0.6317347458782565,0.7910058851610818,283.92254,273.2472895793617,258.33690191153437,287.56801960710436,320
Poisson,142,45-64,0.707233,0.7573006649141074,0.6637849050063269,0.8643000896943421,201.66009,178.34030925109982,165.52879516687244,192.08243927452713,198
Poisson,142,65+,0.661899,0.6949644004336246,0.6097211823353521,0.793513204690335,54.42547,48.2895690780133,43.2733016408165,53.83661249594297,38
Poisson,143,0-5,0.756835,0.7627409075269884,0.6764158493709246,0.8696305695842077,13.819034,14.132870875298977,11.79293139182846,16.863917134935036,14
Poisson,143,6-11,0.807278,0.8009417757355659,0.7220684198494404,0.9018533516839304,6.478823,5.381694268900901,4.1315267332829535,6.916404927149415,4
Poisson,143,12-17,0.936317,0.9734489472512562,0.8552584381865823,1.1079632785602713,23.746972,25.917869539698586,22.519929732661694,29.977385089732707,36
Poisson,143,18-44,0.67225,0.6774814550844618,0.6113092159698479,0.7600260654123161,259.262205,245.25944790244102,226.89508462697268,256.8862287979573,271
Poisson,143,45-64,0.70443,0.7276312358651362,0.6413753112347166,0.8240081455661881,184.686306,166.60055057005957,155.54304076731205,180.73698670463637,165
Poisson,143,65+,0.659815,0.6894771428453921,0.6049392279929645,0.784131055340161,50.01088,42.95910918305162,38.18410781916464,48.40245699917432,35
Poisson,144,0-5,0.752171,0.7665015035711704,0.6692591417224374,0.8671582841495937,12.507451,12.665285434573889,10.470440149772912,15.284163603855987,11
Poisson,144,6-11,0.802781,0.7973191525594285,0.7042450355253125,0.8853853734782043,5.86674,4.8176258485764265,3.6534886355511844,6.309997652389566,4
Poisson,144,12-17,0.930902,0.9128864600403518,0.8004472959609329,1.0393319716073035,21.499872,23.40193147258833,20.184698639204726,27.222294185310602,31
Poisson,144,18-44,0.669076,0.6635677027933998,0.5872971270111038,0.7323710520219591,236.494338,219.8513003392145,202.4457412129268,229.72144235111773,253
Poisson,144,45-64,0.701551,0.6947264800683988,0.6140813511529868,0.7827875736284213,168.961403,155.45920329215005,144.74068927019835,168.86885607149452,168
Poisson,144,65+,0.657654,0.6796192033860681,0.5966792381539725,0.7732622474684364,45.905229,39.536351689195726,34.941338840697426,44.87435319280485,53
Poisson,145,0-5,0.747461,0.7949982628546762,0.7058222001417437,0.9289535234177123,11.309312,11.591287209885195,9.470640876563266,14.206062088103492,8
Poisson,145,6-11,0.798236,0.8197536457014074,0.7424416845312652,0.9459755040582637,5.307907,4.449639449361712,3.29541138606146,5.982494925148785,3
Poisson,145,12-17,0.925421,0.8903892963775839,0.7817309336328927,1.0217293634361484,19.446032,20.91769916447811,17.71482440107502,24.505480542080477,23
Poisson,145,18-44,0.665837,0.672477938844616,0.6153658600104217,0.7723760851999147,215.493513,200.22637290507555,185.06955664604902,205.5178292291239,181
Poisson,145,45-64,0.698596,0.6892106232256455,0.6154238411060294,0.7805902348331193,154.407369,143.63285546097904,132.91362595418468,155.67472682334483,166
Poisson,145,65+,0.655417,0.6910664170544853,0.6051551212892955,0.7892352743274098,42.090568,37.85326097521465,33.211635444604326,43.16355850797845,21
Poisson,146,0-5,0.742708,0.8683059624665472,0.7175488835238892,1.0350952167028291,10.215773,10.77479829150252,8.622568482998759,13.41693356144242,13
Poisson,146,6-11,0.793643,0.8972096753277146,0.7549602528414681,1.0507898597037821,4.798089,4.210779138375074,3.0126191980438306,5.813597827323234,4
Poisson,146,12-17,0.919875,0.9183179926716817,0.7775768932978884,1.076894003014702,17.57051,18.548605722375214,15.568537908839062,22.0112404350657,20
Poisson,146,18-44,0.662533,0.7339531663097847,0.6219755707201717,0.8533069578744014,196.141451,184.76168687082827,173.2253133431077,190.43940005078912,113
Poisson,146,45-64,0.695566,0.7246890191918183,0.6197917881016117,0.8396733351064298,140.950286,130.53106378857046,120.42853359738365,141.33657920127735,138
Poisson,146,65+,0.653105,0.7231147967802978,0.6153126530463878,0.8442683406097213,38.549793,37.23572539392626,32.55708748176257,42.63249748310773,45
Poisson,147,0-5,0.737913,0.8360308718241717,0.6935931384139918,0.9931407014080027,9.218612,9.959912124322727,7.7103527875151485,12.778805350197928,15
Poisson,147,6-11,0.789006,0.8687074409587772,0.7347482472223638,1.0064135301124288,4.333361,3.9796132408082485,2.727811527019367,5.6733930497430265,5
Poisson,147,12-17,0.914269,0.9030089264782939,0.758206335673468,1.0743160633778426,15.859408,16.336028939811513,13.441259504528716,19.79491922082379,9
Poisson,147,18-44,0.659167,0.7083099754966853,0.6013461939133237,0.8090475635711618,178.326635,172.9980210084468,164.73611096013337,186.55715791974217,238
Poisson,147,45-64,0.692463,0.7151643973382795,0.6060620511311097,0.8340846319135199,128.520122,116.40348056517541,107.04667855938897,126.90298342797905,95
Poisson,147,65+,0.650718,0.7211162334726432,0.6002051101454507,0.8625361017789799,35.266612,36.93662828585366,31.926141184940935,42.42651244439185,38
Poisson,148,0-5,0.733079,0.7950124164204504,0.6391236707553875,0.9830547024173301,8.310187,9.085034296149388,6.766238023649203,12.131286952854127,4
Poisson,148,6-11,0.784327,0.8312851467268487,0.683390620769378,0.9964855693440475,3.910085,3.716020694701001,2.4386767302639782,5.509272653609514,0
Poisson,148,12-17,0.908603,0.8860496578879511,0.7149180897683964,1.1001362078757975,14.299798,14.252776648383588,11.36374268680811,17.88575757201761,12
Poisson,148,18-44,0.65574,0.6776077541152081,0.5574740452419741,0.8051941286412629,161.943946,162.53861536737531,156.63856126647443,181.66950390257406,211
Poisson,148,45-64,0.689288,0.6997020212698142,0.568773233041599,0.8615259852440346,117.050545,103.19100446626544,93.5446807413944,114.22050944529474,86
Poisson,148,65+,0.648259,0.7138103157106379,0.5677010328244977,0.8979552481326599,32.225503,36.14593557722401,30.473610152145557,42.577348955224444,40
Poisson,149,0-5,0.728208,0.8006878294721622,0.6219797730826869,1.052564207251808,7.4834,8.416073661996052,5.938695689913584,11.916265808977187,11
Poisson,149,6-11,0.779606,0.836585243292362,0.6675061035050759,1.0688017828044447,3.524892,3.5150263532996178,2.1836306868121027,5.509386170655489,9
Poisson,149,12-17,0.90288,0.8975482906643413,0.6959144711571263,1.1681895349680516,12.87966,12.487116583506577,9.520385339774657,16.532886386383325,12
Poisson,149,18-44,0.652252,0.6806450011065595,0.5413170424127125,0.8716914059051196,146.894326,149.28481582924724,144.7130611250177,170.35948681626468,93
Poisson,149,45-64,0.686043,0.709579059086421,0.5502899121683408,0.9240989482092494,106.478739,93.30475615523756,81.54922517202795,107.45973104471341,108
Poisson,149,65+,0.645728,0.7224126302739513,0.5480481618338137,0.956348871956708,29.411685,34.907771044934634,28.15316994128516,43.02754196791938,35
NB30,1,0-5,1.339049,1.268732752634762,1.034510231807825,1.5558716814631957,330.93133,328.6510168756706,306.53029490313145,348.9228881549683,293
NB30,1,6-11,2.311691,1.8884803908861179,1.7041438809438645,2.0699118808723926,263.808763,262.4034814267801,243.9218401246534,265.39320896474374,337
NB30,1,12-17,1.442413,1.4346369843266278,1.1884517591949757,1.7054181034432978,106.22455,105.54919899688103,92.40457119028488,116.92915889623623,97
NB30,1,18-44,0.716412,0.7475167754053369,0.6244952652900044,0.8984440046523672,378.044663,379.5939239255727,358.4687674553577,403.66271790845485,443
NB30,1,45-64,0.585959,0.6574627803972414,0.5429307572150771,0.7953637670172697,166.399298,168.87471756732404,153.92739690080236,183.48932034904266,183
NB30,1,65+,0.477594,0.5338328611206038,0.44233588608332697,0.644371331675158,120.274235,120.01745352345868,108.35557412140311,132.54632228355104,156
NB30,2,0-5,1.349362,1.3199124199641536,1.1112304022250972,1.5597479986223237,328.081813,318.8607472637683,297.86222852819907,342.6062007945784,377
NB30,2,6-11,2.32493,2.082645836354312,1.7925455557914298,2.2896855755177925,319.737799,276.6719116952086,271.7222963431101,296.72084859442054,209
NB30,2,12-17,1.454397,1.5665487939084326,1.320516219958687,1.8365505469458674,114.303266,111.01215697554963,101.05110289224694,124.3323027613946,85
NB30,2,18-44,0.722411,0.7648019812237864,0.6592323513202463,0.8906256390232322,387.435862,397.14285113411586,366.81502883384564,432.0099265419618,348
NB30,2,45-64,0.591069,0.6633215138525608,0.5681391388340586,0.7752947388263141,160.825,170.2378683827936,156.05091043788715,187.80626320740512,173
NB30,2,65+,0.481464,0.5352644111744441,0.45821268761939826,0.6262913432665407,105.073442,104.9081676823564,96.37406224566676,114.0448110938708,104
NB30,3,0-5,1.35966,1.3776035593711313,1.1768828870639685,1.6122079524979593,325.648649,308.94423796401566,280.74631014951046,343.7734031461946,265
NB30,3,6-11,2.337983,2.190196997173109,1.9785531159473528,2.399854384764598,404.900079,321.47024191820867,299.8596954316604,350.96323578852264,402
NB30,3,12-17,1.466397,1.6377188360506363,1.4089019431018643,1.941165097029732,126.230268,125.05964797868967,112.335927957212,147.3044583847921,127
NB30,3,18-44,0.728456,0.7795622314896549,0.6823015351297873,0.9016206827587541,403.551557,414.85732496895423,366.48220363097187,470.31914113290827,282
NB30,3,45-64,0.596248,0.6682676323783907,0.5799285263674306,0.7738249405865618,154.978536,170.74045655071075,151.09766990869434,195.32359927591716,177
NB30,3,65+,0.485405,0.5382884239969259,0.4670760183437403,0.6218744083786214,86.724254,86.93966214886504,79.35301009618567,96.21222010006952,57
NB30,4,0-5,1.369933,1.4516990421962492,1.241761559763211,1.7022253017637232,325.535413,303.519566258547,267.1174020066966,344.90754052251805,233
NB30,4,6-11,2.350811,2.4863489857761145,2.1229931314137476,2.905486421973819,511.765541,401.1847190422278,358.76920788975394,423.38763904263624,411
NB30,4,12-17,1.478402,1.702088829704171,1.4416505396180432,2.0015445782353307,140.616838,144.10200855727282,123.1901704774574,166.82567826359366,177
NB30,4,18-44,0.734541,0.8100992333203643,0.7055316752697134,0.9329141036447919,426.652422,426.683248749398,367.0845241126365,495.0862852928592,395
NB30,4,45-64,0.601493,0.6784645260723824,0.5883223889803186,0.7825975371319539,151.630782,168.70529088580986,144.0127978576905,197.74549104253276,141
NB30,4,65+,0.489412,0.5478744408696015,0.47625279487860994,0.6300164837216701,70.729754,70.88865934354868,63.66393284724046,80.51903562346354,52
NB30,5,0-5,1.380172,1.4889476943882194,1.272517684900292,1.7456417472773886,328.803048,301.9302537478152,260.3162337043575,347.83494412115715,381
NB30,5,6-11,2.363382,2.622361285880565,2.2240265432975903,3.071457964925597,641.288651,509.3712504459081,454.81807195680744,549.1381198631666,622
NB30,5,12-17,1.490403,1.7149864599205487,1.4630660348589115,2.0259500700636845,157.442095,164.09929420199353,139.2515929552218,190.365742528473,174
NB30,5,18-44,0.740661,0.8171296364245569,0.7131017356165565,0.9406895697636765,458.18697,438.4328768805599,375.4029613379821,515.5695444626583,625
NB30,5,45-64,0.606798,0.6743219452554419,0.5880540818305433,0.7770665989345731,151.953184,162.94886039784978,136.54720140265113,191.8523095779733,194
NB30,5,65+,0.493482,0.5464737137294365,0.47812867106400747,0.6264038758933291,58.632153,58.26030148414429,50.9897096922719,67.57572742806059,63
NB30,6,0-5,1.390367,1.5170245205082025,1.2915243709293844,1.7852348111115437,336.258969,307.1175585253334,263.80169464394135,357.6036745123588,268
NB30,6,6-11,2.375661,2.627038023072517,2.2246751276040206,3.1008303809405255,797.509134,654.2094719616778,575.7630907222083,734.9582515626273,836
NB30,6,12-17,1.502389,1.7063782665124694,1.448512601053932,2.022400785655041,177.211626,187.01800146169717,159.39484744990602,218.84270079114606,148
NB30,6,18-44,0.746809,0.8179114961270612,0.7136567398485983,0.9430140847641711,500.142645,457.49910873887893,394.00869883357086,540.1963314741947,331
NB30,6,45-64,0.612161,0.6691650218635322,0.5829274694663925,0.7691641187277769,156.522133,159.7434766020383,134.6873262831939,188.32837749276405,136
NB30,6,65+,0.497614,0.5426505781654651,0.4760121237680327,0.6193247855322237,50.434243,49.33498543053844,42.18900593272707,58.77383680696289,38
NB30,7,0-5,1.400506,1.5291408408988185,1.3033736192261223,1.8107575627793047,348.722026,322.32073525537226,274.64055615674056,376.350486785509,357
NB30,7,6-11,2.387607,2.6071697783358396,2.2110596329464016,3.062457527787047,986.178421,846.1000173142377,732.0068016205782,976.5439456180402,748
NB30,7,12-17,1.514351,1.6489529224866595,1.3990796444088092,1.9544587353044667,200.705671,216.6157447131635,183.00845824032444,253.42303186095592,276
NB30,7,18-44,0.75298,0.8126819648575814,0.70942878786385,0.9351466287072433,554.951997,500.6759296491632,429.6588842588235,588.3723215667947,529
NB30,7,45-64,0.617576,0.656518856300484,0.5727740858374744,0.7544634111400139,165.778997,163.82265429013887,138.82451492621158,192.76674881082863,141
NB30,7,65+,0.501802,0.5328080965512815,0.46793001409755725,0.606972543423066,45.661614,44.51025606076905,37.46853286510543,53.427838302370674,47
NB30,8,0-5,1.410578,1.5395785943084652,1.3068942712758247,1.8162759731599505,367.150294,346.97991243395336,296.9462826758622,405.8035574188708,316
NB30,8,6-11,2.399174,2.555898412085737,2.1562910799783497,3.022566181673667,1214.55463,1078.698853411869,922.4016008750186,1265.1885841588619,1246
NB30,8,12-17,1.526277,1.587005847866337,1.347059285582544,1.8529402558126153,228.921981,250.32681553793282,212.82352308209886,292.56560463493634,218
NB30,8,18-44,0.759166,0.8022531894086158,0.6994907635503441,0.924795682172987,625.557947,573.6562520029602,492.25348268792095,673.938920118193,503
NB30,8,45-64,0.62304,0.6393544236975488,0.5570403696764444,0.7353058256731845,180.240433,172.72097534448903,147.0700462677469,201.90844270018488,216
NB30,8,65+,0.506044,0.5169536987684226,0.45377707107961884,0.5901004369504356,43.799297,42.545842775678466,35.36456282536062,51.55170223505934,43
NB30,9,0-5,1.420567,1.5362413651209859,1.3076397707289529,1.8123509020671853,392.719535,381.3400212416309,325.9797294666978,447.66759366490305,434
NB30,9,6-11,2.410305,2.516327051772124,2.120962320171327,2.982083487172397,1491.567128,1366.337578867996,1177.4571963071207,1602.7195272539493,1282
NB30,9,12-17,1.538152,1.5033164540097248,1.2700513264169468,1.7719960202226905,263.089568,285.52553172585885,241.64229643531098,332.44158030924905,308
NB30,9,18-44,0.765359,0.7881319825375961,0.685774683167151,0.9127659566002614,715.545323,674.5287381969397,577.9402184991927,790.6581818885738,772
NB30,9,45-64,0.628547,0.6194024878099958,0.5383963885947324,0.7162218377502072,200.604819,185.5378066502958,157.97221181720033,217.80109724464637,215
NB30,9,65+,0.510336,0.49976681226725367,0.4381976179031658,0.5715951088389971,44.451362,42.63654292223771,35.48994057540165,51.83624400074723,70
NB30,10,0-5,1.430456,1.5406738984151418,1.31415716061348,1.8041097769638765,426.889988,429.10822631057545,362.51690345576344,504.6661892562324,371
NB30,10,6-11,2.420932,2.481089753796873,2.083538843301324,2.9484295127700455,1828.130648,1713.8950582986736,1473.3468595286822,1986.5438815621228,1728
NB30,10,12-17,1.549963,1.444442981052467,1.2288146027742097,1.701060214980151,304.714202,322.5896971238021,275.1232739411025,376.6827992042229,448
NB30,10,18-44,0.771548,0.7808499407152957,0.6790172654462183,0.8992086339708352,829.317096,811.5929410236822,692.0261861370163,951.7626981617686,770
NB30,10,45-64,0.634091,0.6100148407137225,0.5309690040208764,0.7013135086169078,227.82135,202.4955623255728,172.54369299666632,238.31253037053398,191
NB30,10,65+,0.514671,0.49183107521728625,0.43179287196682864,0.5599297548172034,47.385134,44.69021328664621,37.12942917957798,54.10074734704892,44
NB30,11,0-5,1.440226,1.5330228198293891,1.2964137679524321,1.8010124972207529,471.477637,489.9822443892008,418.326062383142,578.4070312257982,492
NB30,11,6-11,2.430973,2.446709567811399,2.0593750198226464,2.913279013013485,2237.552162,2135.1690995178315,1835.9852075438484,2477.094989613952,2077
NB30,11,12-17,1.56169,1.448534443482715,1.2319781100732903,1.688434088673365,355.644121,362.90298973697713,309.31679290114994,424.66978173400435,321
NB30,11,18-44,0.777724,0.7752931614174419,0.6760515724423699,0.8954194677833459,972.312685,983.7094853778444,837.4872818389313,1158.414474123353,1094
NB30,11,45-64,0.639665,0.6085677641764169,0.5309351123953429,0.7010319600505263,263.151482,226.94624493998117,193.03198694761613,269.8008735847643,192
NB30,11,65+,0.519046,0.49087219401226245,0.4321383320956197,0.55895175996381,52.533007,48.74553014522746,40.25903619093128,59.10524102489774,38
NB30,12,0-5,1.449854,1.5148141362232594,1.2876800953302245,1.7863162456800006,528.737681,567.9123612709564,486.2976366734906,664.8082526278831,568
NB30,12,6-11,2.44033,2.436890467224617,2.055075189444934,2.8879902261151797,2736.019,2635.1753623245186,2262.992605066973,3084.433059701436,3334
NB30,12,12-17,1.573314,1.4943816493199071,1.2770477510892104,1.7519285416921246,418.153866,411.1072580161426,350.22006264087804,479.9137541799336,294
NB30,12,18-44,0.783872,0.7821239776677835,0.6796469833316343,0.9070201400651419,1151.272675,1187.8861984313762,1006.7787308204506,1392.5732727033057,1072
NB30,12,45-64,0.645262,0.6218509591686489,0.5412234614737247,0.7184080159373695,308.236594,264.7807142188219,224.34764792495002,312.81037822135386,206
NB30,12,65+,0.523452,0.5009591694993272,0.4393968981155305,0.5717073477935241,59.98351,55.16847567807349,45.42224746311456,66.94230039829779,33
NB30,13,0-5,1.459311,1.499762633865781,1.2790816013630308,1.7618713651226412,601.464871,660.9765595281006,566.2158074477984,776.4644604528785,782
NB30,13,6-11,2.448882,2.4900842111400654,2.095018004638912,2.9444163181675855,3343.167296,3228.3775320602945,2771.2016605385434,3809.5993002805517,2093
NB30,13,12-17,1.584811,1.544503047917059,1.326536580228544,1.8033108611241475,495.047755,476.34614383642975,407.0455250097454,557.7159273762785,371
NB30,13,18-44,0.789978,0.7943967977675608,0.6928812920464361,0.9115179002498224,1374.557951,1437.6379072142927,1220.0166629665146,1683.4699028133036,1526
NB30,13,45-64,0.650872,0.6366018138186742,0.5561044014103209,0.7295167419450408,365.179311,317.2240796006122,269.8248960307242,374.3338915032941,329
NB30,13,65+,0.527885,0.5120423160193007,0.4511125756464093,0.581361264876776,69.974553,64.47206217311339,53.519041477758265,77.88674972531555,76
NB30,14,0-5,1.468566,1.5055745407494707,1.2753289757088426,1.7715985473940605,693.114377,770.8040416510858,659.2357460905441,905.129013888507,756
NB30,14,6-11,2.456486,2.5342731491591843,2.13854141691966,3.052166945898454,4082.728327,3992.9506133672585,3433.248020727784,4673.988995484,4126
NB30,14,12-17,1.596151,1.5775869745660493,1.3431098322658215,1.855310845726984,589.785973,567.9021573314849,485.24073756241296,662.4872359697001,595
NB30,14,18-44,0.796023,0.8105737876303183,0.7040951578065482,0.9370142598039954,1652.533292,1758.2156020816838,1489.1138287490348,2070.7947446015914,1661
NB30,14,45-64,0.656485,0.6528554477943056,0.5681566005882299,0.7522621344867461,436.643561,388.428074225174,331.8238922403152,457.4576317475394,384
NB30,14,65+,0.532333,0.5250394650003753,0.46076681477133136,0.5984491683781215,82.893616,77.19661447722387,64.38208501115969,93.20467351026798,87
NB30,15,0-5,1.47758,1.52300760210522,1.2938110816111177,1.7819172470393534,807.946377,887.3617983197419,763.365069562712,1039.514617121924,738
NB30,15,6-11,2.462969,2.5621952910649997,2.1419516425531806,3.0271640560284117,4983.241971,4960.930867347655,4256.471432553899,5775.697037311515,3959
NB30,15,12-17,1.607303,1.586533778162397,1.347936377073651,1.8651087000452768,706.636978,672.8427360130968,574.4090256877025,785.8166248577982,946
NB30,15,18-44,0.801986,0.8277042699872436,0.7180877084311741,0.9571338084170155,1998.026374,2112.476333905144,1801.4849925636845,2485.3714316622318,1916
NB30,15,45-64,0.662089,0.669139637577634,0.5808806076721348,0.770851396220397,525.977613,468.3748646932195,397.69739568143723,553.0164810185515,539
NB30,15,65+,0.536789,0.5392718055939782,0.4726030510638572,0.6146704304913662,99.286285,91.25692100498281,76.51601552726231,109.03418909910908,74
NB30,16,0-5,1.486304,1.5306188765280198,1.2988339570119183,1.7979510800420622,951.197058,1025.4981448451217,876.8982711680565,1202.2834569317874,1098
NB30,16,6-11,2.468122,2.51478066594238,2.10541198065885,2.9919254446117005,6078.81127,6143.7698343019365,5260.311782722903,7245.767464488883,8139
NB30,16,12-17,1.618224,1.6155397044109763,1.3807209723338605,1.8900133154106984,850.860069,798.400945888071,684.5520476477068,946.2620059106594,702
NB30,16,18-44,0.80784,0.8389396631271009,0.7280610070838123,0.9706163010761116,2426.872612,2554.443255823264,2163.6942853530945,3002.946371288128,2519
NB30,16,45-64,0.66767,0.6854332009460564,0.5962464293967059,0.790316414444808,637.364016,564.7605355434057,478.092470815418,668.2827370172754,586
NB30,16,65+,0.541239,0.5532753533171728,0.48599109450343064,0.6315683539789685,119.873309,109.25473150268635,92.16196581553868,129.5898828164395,115
NB30,17,0-5,1.494685,1.5294273374802658,1.298042220792768,1.7922790792031065,1129.277698,1190.9085512133015,1027.1617990160066,1402.1954263789357,1187
NB30,17,6-11,2.471696,2.4583857313831206,2.074176813162824,2.931448855318022,7409.847775,7526.113319944394,6468.147922047472,8913.701982224957,8099
NB30,17,12-17,1.628868,1.6693295764863252,1.4356292158605897,1.9495393448351892,1028.921606,957.4513839053261,813.7530424129227,1137.2635056489435,691
NB30,17,18-44,0.813555,0.8484615278203973,0.7371247999935668,0.98050726384645,2958.553836,3127.2715383722443,2657.753122268594,3692.713233658671,3231
NB30,17,45-64,0.673209,0.7056605680095662,0.613975395730275,0.8117097140074521,776.000016,699.7154513158239,590.9319522184906,829.928710177519,478
NB30,17,65+,0.54567,0.5700341729415457,0.5008361094037158,0.6486103818703388,145.575978,134.3005196568406,113.15858690780124,158.28856798472452,130
NB30,18,0-5,1.502654,1.5230706144825965,1.3076938095380384,1.774397782038665,1350.001486,1423.6447664655461,1219.0404059419907,1673.3460770456277,1355
NB30,18,6-11,2.473394,2.442283173906907,2.059384384240593,2.8992802245371303,9023.720946,9118.731286696835,7791.2021856707215,10649.66328818899,8351
NB30,18,12-17,1.639178,1.693931754835114,1.447232090815834,1.974355190107469,1248.747198,1190.6386329300922,1027.9632144867974,1403.929189988603,1324
NB30,18,18-44,0.819096,0.8535204481904004,0.7441825697921903,0.9788949107917505,3616.933377,3977.0316706544545,3372.7633766371073,4678.452825608063,4905
NB30,18,45-64,0.678688,0.7186449404236057,0.6278547129661448,0.8223547912314998,948.311106,919.3495413913743,778.4821831656482,1085.608871930207,904
NB30,18,65+,0.550065,0.5834709030184433,0.5145963624048641,0.6617172335941446,177.549463,172.70202235080023,146.00824449187098,204.74039152158048,179
NB30,19,0-5,1.510132,1.5170973871679878,1.2984849798766323,1.768178932937146,1622.834336,1729.3921297275883,1479.5906352411785,2016.5896956521028,1592
NB30,19,6-11,2.472868,2.435309503413334,2.0387808273179457,2.899360120577118,10975.172743,10980.671395506339,9395.035792289309,12837.686966430476,8729
NB30,19,12-17,1.649086,1.7042462203674824,1.4569341459329597,1.9772041004555638,1520.009766,1508.706334882595,1302.0951137669254,1766.5479612412955,1548
NB30,19,18-44,0.824418,0.8599358460566932,0.7457507268331325,0.9917094508213672,4431.080289,5031.918210950778,4262.312464242044,5946.246613877822,3727
NB30,19,45-64,0.684081,0.7259744576753777,0.6317570752805134,0.8333753838839284,1162.198633,1221.921250092263,1044.2184206082693,1432.611692329322,1340
NB30,19,65+,0.554406,0.5930826791895629,0.5206486965474865,0.6737014282123238,217.223561,227.8111800175684,191.33634760423706,269.47640394176165,197
NB30,20,0-5,1.517023,1.4855407093185615,1.2710250149224773,1.7473797853357105,1959.160279,2083.805885693,1772.58299453357,2420.044805570911,2454
NB30,20,6-11,2.469709,2.3858257306359403,2.0035267586799668,2.8229600127335885,13326.287852,13127.997501617756,11248.884015900694,15390.021267185599,12157
NB30,20,12-17,1.65851,1.690230497503948,1.4576233142113642,1.991598804830241,1854.449136,1883.6985256415392,1619.0327839766521,2203.950416084166,1922
NB30,20,18-44,0.829473,0.8502289004091046,0.7367795873339555,0.9903861489021171,5436.159,6243.446642259845,5314.538335741425,7338.8657028086745,6161
NB30,20,45-64,0.689363,0.7179788605804265,0.6242466527728322,0.8291366173411714,1427.319119,1573.527486285106,1353.5384699242159,1843.7420615864994,2036
NB30,20,65+,0.558669,0.5900626409073217,0.5177198475960886,0.6730715772741982,266.34977,295.507669856697,248.71603206695195,350.3931629196477,292
NB30,21,0-5,1.523216,1.4504764181004988,1.2363987518219044,1.7080865958036686,2372.543472,2438.104583688548,2088.128088334546,2852.6346516733356,2376
NB30,21,6-11,2.463448,2.3032388705954054,1.9349628544481738,2.725944785534177,16145.720016,15604.919329692682,13427.534100735633,18126.80930999176,23094
NB30,21,12-17,1.667356,1.676989104852923,1.4225848402870067,1.983438997766916,2266.211961,2303.6172360670535,1975.6861739379965,2720.6552007892824,2226
NB30,21,18-44,0.8342,0.8353499166273726,0.7198005544511596,0.96495361399791,6674.335155,7488.973016808479,6423.943391330395,8839.701555497973,6826
NB30,21,45-64,0.694499,0.7058583708629316,0.6108904475922522,0.8121324637536379,1755.387594,1919.837617321231,1630.4593212791733,2247.9047773208513,1547
NB30,21,65+,0.56283,0.5799489344048789,0.5077638335154336,0.660267933573002,327.052749,372.8475497575539,315.07810215568475,439.1579526343646,359
NB30,22,0-5,1.528579,1.41546991172007,1.204869346150217,1.6610733200414542,2878.956344,2836.456962592769,2446.7839193063483,3348.452518256534,3131
NB30,22,6-11,2.453554,2.245088147136805,1.8899859362010247,2.652852105271471,19506.770976,18271.918056954863,15772.712196443113,21240.36523258337,14422
NB30,22,12-17,1.675512,1.6532703672013331,1.4089227883563824,1.9381110975931004,2772.190309,2826.6052613475367,2416.5734317566203,3385.4879298641044,3574
NB30,22,18-44,0.838535,0.8117548581944517,0.7006315673508517,0.9372759994315113,8195.610922,9062.93101123166,7792.988274809904,10636.756532039908,12833
NB30,22,45-64,0.699454,0.6857190123126768,0.5953958658236933,0.7888406027003556,2160.488931,2299.075179946123,1953.800536071416,2672.168540806859,2667
NB30,22,65+,0.566857,0.5617246042072341,0.4932582933786965,0.6397046970087268,401.882688,465.75388101447925,396.87830153860887,549.9570832113704,538
NB30,23,0-5,1.532962,1.4183788644721003,1.215059056765057,1.6612591669182224,3496.926404,3372.767120462009,2875.9354178987815,3956.1823312129127,3098
NB30,23,6-11,2.439441,2.259465081974425,1.9107243274580392,2.659587602907934,23483.816704,21286.684463746205,18286.14932009489,24906.64002290989,25236
NB30,23,12-17,1.682849,1.690297743842852,1.4470444829961042,1.9766312606426895,3392.32232,3516.399562399517,3003.709619065974,4220.776093791475,2781
NB30,23,18-44,0.842399,0.809913031653553,0.7031407084541308,0.9354797657118561,10058.451204,11099.823517371362,9526.194064620875,13067.746057653341,8931
NB30,23,45-64,0.704184,0.6846969859031758,0.595985953425262,0.7872880808948709,2659.369155,2797.7709842527693,2358.715893294173,3277.4632896606618,3062
NB30,23,65+,0.570717,0.554749460149483,0.48720962039414145,0.6313137989860735,493.862942,584.433623170497,497.37210548709663,681.2157430647344,619
NB30,24,0-5,1.536191,1.450997304728876,1.241435120947551,1.6978905332785683,4247.53248,4022.089253289898,3444.6132360941447,4702.525957038761,3543
NB30,24,6-11,2.420485,2.3305118782251943,1.975933392147867,2.7807771435368793,28146.510063,24919.878048051338,21361.345522268384,29093.258739620476,13809
NB30,24,12-17,1.68922,1.7784545328213321,1.5263188028059784,2.076687867953768,4149.798326,4416.855761554674,3755.869519622418,5265.973278334288,4307
NB30,24,18-44,0.84571,0.8294766296134227,0.7188282249687731,0.9544338322873964,12329.995522,13352.255555815791,11474.675699143932,15709.544349541306,12801
NB30,24,45-64,0.708641,0.7037114487429001,0.6128597480170694,0.8062241222355506,3271.66235,3422.6027476577865,2889.6584499892524,4016.310395988363,2700
NB30,24,65+,0.574373,0.5628048638021117,0.4945748728201073,0.6397195996790535,606.524284,709.0534375898505,604.1702207422709,828.8016947180822,947
NB30,25,0-5,1.538076,1.487680159503426,1.2715744029332816,1.7389046023529822,5154.156091,4824.859457385075,4107.012266770507,5648.939530941265,5304
NB30,25,6-11,2.396044,2.391596902450611,2.0279430461086365,2.8211364048872114,33551.219506,29485.556060949108,25215.444912198756,34238.93935480231,35576
NB30,25,12-17,1.694459,1.8871989929954387,1.6109693618946084,2.2123250364342253,5071.091004,5590.554833099421,4757.447989995384,6589.830974541306,4316
NB30,25,18-44,0.848378,0.8521958429707666,0.7410411595159251,0.9843043928822991,15085.572494,15853.358096252108,13605.566635256866,18632.944564717734,16260
NB30,25,45-64,0.712775,0.7313456931429163,0.6385514073689437,0.8402790593599805,4019.988369,4169.366902771422,3530.3351298787966,4894.817342663413,2976
NB30,25,65+,0.577785,0.5814097340260729,0.5117657492389426,0.6622318949488395,743.91342,821.4968458194271,702.3702553509911,965.8731293692163,743
NB30,26,0-5,1.538409,1.5267455062602326,1.303067230732061,1.7985847668305834,6241.868991,5677.350253583667,4841.8733533427585,6658.201968134443,3544
NB30,26,6-11,2.365505,2.4256724358965776,2.056052458814106,2.8659254770208413,39729.377274,35193.00282004551,30028.615736446896,40876.66429383763,33684
NB30,26,12-17,1.698384,1.9319450000097826,1.6450480047930671,2.263343977103996,6185.700699,7027.802026023088,6021.519422760764,8232.26026707013,5430
NB30,26,18-44,0.850308,0.8700730108171271,0.761414196848389,1.0029152018178347,18407.156202,18191.56357266438,15593.034971801055,21440.571057433393,14952
NB30,26,45-64,0.716529,0.7504784725402591,0.6566439572675382,0.8604550315968493,4929.833728,5011.997500019919,4267.359220781054,5849.439729615828,4916
NB30,26,65+,0.58091,0.5998656947177732,0.5281532620593947,0.6816069536596644,910.559366,924.7311260111956,789.2226930731167,1085.7719905671865,647
NB30,27,0-5,1.536973,1.5186027790877166,1.2923927480602142,1.7867861914309302,7536.321247,6750.735441772798,5796.557246324926,7932.945361430917,10657
NB30,27,6-11,2.328335,2.4207383060131216,2.0535296381004344,2.8644228848757307,46672.912574,42155.89155420847,36040.32353398099,49252.12280328715,39564
NB30,27,12-17,1.700803,1.8672619768394905,1.5841987064669607,2.18640281976778,7525.482085,8790.335881688487,7626.633236734859,10344.791866591957,12569
NB30,27,18-44,0.851409,0.8616558817603723,0.7522013992124915,0.9915985422659974,22380.349545,21038.240952834007,18042.98417395384,24560.617639327465,24376
NB30,27,45-64,0.719848,0.7423698117875741,0.6485098076815615,0.8514701376749892,6029.107041,6066.357048074187,5232.784266639625,7052.157398299198,7348
NB30,27,65+,0.583707,0.602418731098558,0.5306694616191441,0.6844365317398037,1111.377766,1062.5885107881622,910.17601640459,1261.4322705692584,750
NB30,28,0-5,1.533549,1.5260836902963408,1.3045347192276304,1.7858119486370587,9061.997971,8040.894786076176,6902.675177334895,9522.088293674373,5319
NB30,28,6-11,2.284154,2.3894964178840947,2.032147613563284,2.8155073816371954,54317.819328,50643.71429003065,43423.000708670705,59348.9399515189,56235
NB30,28,12-17,1.701519,1.7611321710038985,1.5066792767667074,2.0628629966395313,9123.405142,10766.009986035955,9287.31722659344,12655.668087656974,12221
NB30,28,18-44,0.851597,0.8472881897136719,0.7424633683410571,0.9768234562275834,27089.486627,24527.4303957276,20943.06930634273,28518.75415362048,26380
NB30,28,45-64,0.722678,0.7250867558110642,0.6348721489232684,0.8310687462807227,7347.248756,7247.254660277009,6264.071128973112,8422.199362153857,8191
NB30,28,65+,0.586138,0.5963063619010105,0.5257186885951952,0.6767489988846023,1351.491718,1269.5719105721737,1082.016444961444,1507.8748195424969,1495
NB30,29,0-5,1.527933,1.5340899023170151,1.3107339495090748,1.7885848227235224,10839.753381,9672.473133799358,8277.34257622355,11566.942379083179,9629
NB30,29,6-11,2.232815,2.3452910949667705,1.9928912695703105,2.7697794614979876,62528.143683,60798.130701854185,51945.68122783303,71260.92004323011,51545
NB30,29,12-17,1.700336,1.6934302519117868,1.456024964676697,1.977844655651036,11011.615446,12840.290322938454,11051.562704253753,15031.14765153543,13944
NB30,29,18-44,0.850805,0.8388120340999177,0.7322711134206672,0.9648254064134694,32610.565163,28874.311190551,24696.81838374739,33758.117715227825,27441
NB30,29,45-64,0.724969,0.7138944657251374,0.6237929533523486,0.818148061685937,8913.784102,8740.409758745926,7527.035761784013,10167.835760738213,9583
NB30,29,65+,0.588169,0.5895502149586351,0.519890768775953,0.6688460216472282,1635.950409,1572.2976797086849,1343.7357338116826,1857.0089431736285,1602
NB30,30,0-5,1.51995,1.5227029731668094,1.3040001826219836,1.7815539820949484,12883.625658,11756.388013598837,10055.128738987696,13858.612572127735,11501
NB30,30,6-11,2.174479,2.2626522590378677,1.9204413324163265,2.650489993475595,71084.065893,72595.32361163839,62408.802833286405,84781.36466478766,65627
NB30,30,12-17,1.697079,1.6739983867737167,1.4334382601215419,1.9653315032904828,13218.712345,15086.65283825848,12937.796893861698,17733.29521865565,14680
NB30,30,18-44,0.848988,0.832795812754883,0.7270220589598363,0.9601978335032662,39002.002914,34516.178026160575,29540.289102400886,40330.173475797084,31595
NB30,30,45-64,0.726683,0.7129269391530999,0.6212334465247987,0.8186579260955908,10756.25137,10620.124630446531,9090.875544386305,12391.367227975352,9280
NB30,30,65+,0.589777,0.5864692271892595,0.5155011491292971,0.6671338890520642,1969.336221,1961.3257254803484,1682.988493619734,2307.8229423475004,2261
NB30,31,0-5,1.509469,1.4866531007929153,1.2698577339958088,1.743478101153689,15197.094747,14176.52545609868,12136.821136344195,16599.00755539602,14989
NB30,31,6-11,2.109682,2.116833080182939,1.7996193353638883,2.505868202738678,79678.808818,85039.47246175667,73373.49550043908,98715.41000905435,80701
NB30,31,12-17,1.691596,1.6850112605947318,1.4314194736872552,1.9742723194502527,15766.27182,17530.25697040785,15005.358390389549,20576.107945833282,12821
NB30,31,18-44,0.846135,0.8218903427167694,0.715878281312034,0.9485916677649339,46293.687618,40880.1849706113,34788.18548564456,48011.55029340921,46627
NB30,31,45-64,0.727795,0.7138696456210065,0.6220472105080028,0.8205031900428313,12897.525822,12796.38700046212,10969.840533596442,15010.52730207576,10032
NB30,31,65+,0.590954,0.584247622488396,0.5138318497014016,0.6649155814206186,2355.268916,2374.5385825812045,2034.7207680132924,2796.713963619608,2465
NB30,32,0-5,1.496425,1.4408078480314854,1.2242168959774058,1.691391477510437,17769.158643,16792.25488712621,14432.03721271819,19595.190710875715,15680
NB30,32,6-11,2.039356,1.9443265705883155,1.6627893743589266,2.2840279084974076,87929.104962,96845.88709543052,83859.78191024397,112468.2050599152,131372
NB30,32,12-17,1.68378,1.679343397475451,1.4306200524960426,1.9680362561526883,18664.8059,20412.308897482377,17470.775288660036,23847.16443746585,20628
NB30,32,18-44,0.842273,0.8083780983679071,0.7019335973891874,0.9353495273995074,54475.424374,48069.48156239983,40816.06674441032,56288.34628877253,46571
NB30,32,45-64,0.728298,0.709919677503104,0.6176566108066093,0.8179062128440254,15352.693484,15309.717053593326,13199.848002635685,17989.269644349988,16021
NB30,32,65+,0.591705,0.5779061143485327,0.5075494223480097,0.6587969521518675,2795.841638,2809.606659925359,2402.007157433385,3287.6953410938986,2602
NB30,33,0-5,1.480829,1.394307028276837,1.193144354194611,1.631351171492923,20570.831334,19561.567968692863,16966.47490756803,22842.27438244343,29296
NB30,33,6-11,1.964809,1.7954504218329417,1.533897363151279,2.0971626021528738,95402.189379,105900.65814457624,91524.86473362742,123048.39317489078,100057
NB30,33,12-17,1.673573,1.6580228661275007,1.4184372006806374,1.9456040010416065,21909.552418,23833.99778550453,20453.854844922607,28029.19198346266,25806
NB30,33,18-44,0.83747,0.7957030392990538,0.6921498598673431,0.9232393124885759,63486.547941,56831.49121254613,48394.044254617584,66398.18127661897,50397
NB30,33,45-64,0.728206,0.7030935966774218,0.613134425635534,0.8090989759924593,18125.790738,18270.21703857361,15720.553024761524,21284.295704982782,22007
NB30,33,65+,0.592053,0.5698812295642486,0.5013395469055947,0.6497538875140089,3291.053781,3279.043565562133,2818.8801651047597,3844.406118734263,2976
NB30,34,0-5,1.462781,1.3920075267092018,1.192463535076717,1.6261194324345742,23552.833856,22758.012452742885,19751.29051734759,26499.899856330143,15443
NB30,34,6-11,1.887639,1.694683334744696,1.457572006172326,1.9733843741303636,101658.549787,111923.90619416407,96988.94371499564,130185.52602359874,129985
NB30,34,12-17,1.660977,1.6437265782943922,1.4172910895760307,1.9174623400196549,25476.681038,28096.00891467018,24076.962858667684,33157.43281605482,29430
NB30,34,18-44,0.83183,0.7928296119413156,0.6909332571383638,0.9165229050048772,73208.929413,68940.09714877367,59018.87426301359,81052.49137838648,74041
NB30,34,45-64,0.727549,0.6995823363208755,0.6121523063076776,0.8035061131141245,21206.87399,21796.001614158333,18767.095240503637,25232.367667201004,18417
NB30,34,65+,0.592035,0.5648043449449441,0.4977799835800246,0.6420444129503073,3838.331698,3868.4253759002277,3321.7594212211843,4546.049987834456,4940
NB30,35,0-5,1.442463,1.403807763089651,1.200550206986744,1.6384321235683055,26645.268355,26198.769399775192,22640.315243001736,30560.952253347292,19143
NB30,35,6-11,1.809602,1.6321599349913538,1.404561860611972,1.9021201707254347,106304.720836,114331.71834141796,98884.79597911274,132678.1512012967,93082
NB30,35,12-17,1.646053,1.6436639127048025,1.4092730553669777,1.9281426177263146,29320.616863,32887.210568767216,28399.577586867294,38804.18737129733,29344
NB30,35,18-44,0.825488,0.7939843111502163,0.6898013912633535,0.9217675474114785,83465.594545,83128.66751874721,72118.83194265462,97585.3621319076,64025
NB30,35,45-64,0.726377,0.6990148641180527,0.6093437936427203,0.8051719104813476,24569.961263,25537.048052306738,21930.987887657146,29611.98891174732,30508
NB30,35,65+,0.591703,0.5635857642767981,0.4953506826501153,0.6420768668422451,4432.23845,4525.721369402199,3872.53636604028,5287.020368016432,3491
NB30,36,0-5,1.420138,1.384165323853821,1.1778792194505303,1.6253405497271474,29759.863711,30007.456228176394,26039.111361066025,34963.969581792335,31556
NB30,36,6-11,1.732447,1.57459466800153,1.350120499261204,1.8340324713451384,109046.030685,114165.036086482,99107.56339618436,132085.86222905316,109180
NB30,36,12-17,1.628921,1.6349744206825825,1.394652127206388,1.923284552600469,33373.156777,38220.84246900515,33063.80656965403,44920.98794625947,37943
NB30,36,18-44,0.818595,0.7861008992853527,0.6784813942765306,0.9104077635882954,94026.494436,97800.15276828804,85008.85637693346,114352.56650972588,124313
NB30,36,45-64,0.724752,0.6937091838560823,0.6027309459694422,0.7980318049675543,28172.341504,29240.803759974457,25306.174881817802,33964.7023390652,29415
NB30,36,65+,0.591115,0.5591098549585223,0.4905516570980789,0.6372051804139687,5064.458606,5209.004813510739,4472.196302331529,6054.263068781013,4597
NB30,37,0-5,1.396133,1.3469101280328435,1.1510868485750687,1.577148763990074,32794.956334,33543.367368565814,29148.363026593404,39051.0680998188,38394
NB30,37,6-11,1.657761,1.5146916268707482,1.3041396818756,1.7658567353434458,109727.494748,112516.84840169363,97252.11305998289,129763.45752863795,104277
NB30,37,12-17,1.609753,1.618056960640149,1.3832905798096125,1.8946508337708212,37544.855439,43704.97615604507,37917.87449742347,51417.630541075225,49845
NB30,37,18-44,0.811312,0.7745337598301214,0.6721650990150291,0.8994174975499348,104621.660832,110674.26542946865,96233.18576700555,128622.93869536254,91754
NB30,37,45-64,0.722744,0.6905431654128475,0.6011061200386028,0.7962093622936801,31955.558439,32582.91192516187,28156.5504039012,37989.46311262899,25060
NB30,37,65+,0.590333,0.5551074234716824,0.4870759139691963,0.6339848216905603,5724.101281,5820.299695572503,5025.549108374424,6731.676217470551,6017
NB30,38,0-5,1.370818,1.2992555767552239,1.1038801261966587,1.5160955944210546,35642.80832,36830.97910839983,31968.347999369056,42751.87093588564,39100
NB30,38,6-11,1.586842,1.447731444920523,1.246403234521929,1.6785638163091174,108353.242562,109384.22891196865,94740.93799225101,126410.27694430877,101796
NB30,38,12-17,1.588767,1.599231141086807,1.357567569188353,1.8828053515754613,41728.814362,49382.26985307055,43129.21130178741,58099.68162476842,42868
NB30,38,18-44,0.803791,0.7572304981218386,0.6530130484896919,0.8786777996778472,114960.356943,121175.93187571224,104691.15786183812,139946.4896855132,115827
NB30,38,45-64,0.720427,0.6827858431009312,0.5923151585345333,0.7881234301884125,35848.07833,36124.64916680733,31122.728684387577,42343.47935399288,38618
NB30,38,65+,0.589417,0.54707588068344,0.47882304005851023,0.6254987564741795,6398.302853,6366.965702001369,5521.4872329969585,7405.28015186431,8223
NB30,39,0-5,1.344588,1.251485027433243,1.064329841301302,1.4671297116425908,38198.327169,39434.64245175698,34165.51060487196,45746.51492900506,39572
NB30,39,6-11,1.520628,1.3740283404865945,1.1784966666089145,1.5978698396782964,105080.431697,104731.04042673949,90645.18388445464,120505.29361376469,116798
NB30,39,12-17,1.566216,1.5737451534928715,1.3436581385011892,1.8366915457560589,45806.601451,54943.810680204944,47470.98455630796,64642.48231270426,57501
NB30,39,18-44,0.796173,0.7347424332755542,0.6323686052226805,0.8589230989095715,124753.416688,129445.80634376022,111702.75743950554,148910.27626994776,166931
NB30,39,45-64,0.717872,0.6721013291936849,0.580783429347134,0.7781208360960035,39769.328538,39962.54603857407,34437.980116783845,46549.68542987702,43212
NB30,39,65+,0.588422,0.5391606922648003,0.46999335070644477,0.6182603605566419,7073.048443,6818.41913894489,5874.932297832216,7891.464592635639,6166
NB30,40,0-5,1.31784,1.2087174524895175,1.0307478579912674,1.4199950902139342,40367.907543,41533.935388464015,35773.243176386226,48099.419428840745,35840
NB30,40,6-11,1.459686,1.3112782772751554,1.127240143430423,1.524808292117521,100190.381818,98545.05408616574,85855.35766960541,113240.95578612108,86860
NB30,40,12-17,1.542381,1.5352437732492383,1.3137802656642832,1.8171132584784455,49655.666788,60228.867946040875,51972.37943778804,70358.33019334864,51591
NB30,40,18-44,0.788577,0.7204927196636386,0.6217290231666697,0.8375089517915377,133735.243112,134723.89690867392,116788.26640979014,154289.3793485039,138680
NB30,40,45-64,0.715149,0.6671541692869961,0.5776623669815579,0.7721835169343101,43634.545662,43719.68476970191,37791.16591950302,51267.102208869066,33242
NB30,40,65+,0.587398,0.5370906595098593,0.4689397010719495,0.6157141694627342,7734.088427,7187.778203638722,6197.965632357089,8352.737211429601,6866
NB30,41,0-5,1.290953,1.1813547426319206,1.0065386781080168,1.392274215874138,42077.074294,43284.67648704938,37226.44130989426,49877.68065658992,48429
NB30,41,6-11,1.404245,1.2645983999902985,1.089565472036393,1.4645130472245207,94045.014405,91973.62618424767,80546.70518971095,105853.1722433602,101720
NB30,41,12-17,1.517563,1.4864014797308815,1.2679198894181705,1.7460017275934614,53157.392016,65297.27892162977,56533.39843088761,75847.23371835344,59085
NB30,41,18-44,0.781104,0.7129449666608065,0.6154597405391299,0.8323502050069606,141682.145304,138165.62454942032,119678.38728446327,158905.46599678928,121993
NB30,41,45-64,0.712322,0.6643991713869396,0.5747729359387009,0.7699232624283332,47359.769739,48389.85256220738,41686.112078176055,56250.32928372966,50772
NB30,41,65+,0.586383,0.5385324694852074,0.4700242603953612,0.6172848620074942,8367.815995,7607.373578180377,6556.044106430156,8834.105520634155,7169
NB30,42,0-5,1.264279,1.1597382501104856,0.9851864620275833,1.3652223313169922,43275.869579,44287.116600993846,38419.140337999444,51268.32468457303,37168
NB30,42,6-11,1.354261,1.2244821927612666,1.0546481419312053,1.419585924436966,87038.883809,84561.79783541616,74197.8177035863,97033.52554000798,93472
NB30,42,12-17,1.492072,1.4103289349146992,1.2055957350456539,1.6527885823954849,56204.854036,69454.74268498813,60159.43706898322,80345.17829511152,75890
NB30,42,18-44,0.773835,0.7081449038629488,0.6087316707440964,0.8307760412324313,148424.708036,140408.51053625392,121994.06409714487,161979.98474696162,122750
NB30,42,45-64,0.709447,0.660132839556435,0.5695730642803377,0.7643110776613211,50866.378694,52518.92530479486,45594.5381906142,60701.68853208021,68036
NB30,42,65+,0.585414,0.5400342306813342,0.4705423080302644,0.6182570431405378,8961.994575,8007.701971934541,6953.0914348761435,9343.81529461118,7379
NB30,43,0-5,1.238125,1.1356346662349175,0.9639316208260374,1.3337173794917303,43941.398862,44568.225369400985,38849.53174598352,51684.97573430219,50466
NB30,43,6-11,1.309493,1.188870259973851,1.0260421723782633,1.3805355318783052,79556.000048,76580.74418313312,67483.1254383868,87494.45697476296,53716
NB30,43,12-17,1.46622,1.3404765407268893,1.1402210284321095,1.5735502955049536,58709.484516,71636.55171364872,62436.794060672284,82336.43469438434,101619
NB30,43,18-44,0.766831,0.703600329421685,0.6042634725866409,0.8249059608187416,153853.31109,142617.09408806963,124234.0305805523,165253.3649249822,153151
NB30,43,45-64,0.706578,0.6566347589655167,0.567436467382549,0.7627618981748685,54084.732826,55875.99961240892,48331.14741074131,64917.04347202013,38807
NB30,43,65+,0.584516,0.5433679996329022,0.4739650987604774,0.6242020648329699,9506.268457,8440.654674701378,7314.371769849444,9855.91932523351,9668
NB30,44,0-5,1.212753,1.1098987808546088,0.9436622729537002,1.3016333078869256,44077.485298,44108.06813056936,38537.141306996986,50483.73874367005,43903
NB30,44,6-11,1.269576,1.1600333010693404,0.9993112761905497,1.3453159460359856,71937.426081,69000.9925117977,60522.5007837233,78970.48313741293,83466
NB30,44,12-17,1.440311,1.2923027989390359,1.1093356619145627,1.5107349515492745,60606.016309,71978.70125054044,62779.454659892595,82832.54500163789,59721
NB30,44,18-44,0.760141,0.6989679258417492,0.5972724711568247,0.8185635904035453,157917.275974,145138.27945640986,126249.22853742912,168682.87445996027,134297
NB30,44,45-64,0.70376,0.6520217492265796,0.5616973866980159,0.757807902937001,56956.72138,58643.20113606186,50742.26575998531,67996.21288563113,59601
NB30,44,65+,0.583713,0.5465868950751999,0.47561684461711856,0.628090556061486,9992.439961,8932.552205122847,7698.6458805648,10379.705235206784,6911
NB30,45,0-5,1.188372,1.0860487568383732,0.9212001328195822,1.2807362189131957,43711.842688,43026.65290010418,37468.08468190016,49449.17437252647,36343
NB30,45,6-11,1.234079,1.1307902537587768,0.9742451572181313,1.314276790710403,64461.862813,61573.59763819608,54155.90062379092,70349.87291302881,62409
NB30,45,12-17,1.414631,1.2508926213431517,1.0675775753037515,1.461275603476212,61855.36882,70708.73187821545,61429.862445781124,81989.5254263716,64275
NB30,45,18-44,0.7538,0.6903263500723584,0.5878077480290307,0.81422157825042,160619.070436,147791.54479707312,128033.71605392196,171469.2538001351,134348
NB30,45,45-64,0.701036,0.6421929944261224,0.5512830196003714,0.7492715375280037,59437.204628,60850.65888265218,53028.22313305654,70492.85419172898,65110
NB30,45,65+,0.583021,0.5453228602432203,0.4738273131467431,0.6276695801442733,10414.537539,9489.547655618298,8161.247806547908,11043.757042883619,9829
NB30,46,0-5,1.165143,1.0588980474564604,0.8978960951831366,1.2477444156901247,42891.476896,41218.878179229796,35941.64658198587,47186.11884048348,44149
NB30,46,6-11,1.202554,1.106583233553749,0.9524712009948253,1.2864614116819466,57338.351483,54527.751992402365,47833.91188371391,62403.855466630775,49494
NB30,46,12-17,1.389444,1.2226322147227582,1.044640790388206,1.428016590168963,62445.388529,68585.13028719358,59228.8512103199,79845.96718559146,70843
NB30,46,18-44,0.747835,0.682564938089228,0.5812168012826201,0.8053250140143584,162005.414982,149556.8458738774,129426.11908873217,172652.84928896767,186494
NB30,46,45-64,0.698441,0.6334401586762621,0.5441681591242176,0.738032801391642,61494.484575,61733.05438788922,53881.211208622786,71188.17367232882,79369
NB30,46,65+,0.582457,0.5432351766325466,0.47201672717327114,0.6249244939121747,10768.723727,10041.693476539382,8699.774536430414,11673.39306106027,9588
NB30,47,0-5,1.143177,1.0399514285000326,0.8840900211497569,1.2257491832834109,41677.13921,39151.98874487879,34220.650846470846,44998.44586560631,47306
NB30,47,6-11,1.174563,1.0907672060632962,0.9412536972006025,1.267367437403026,50708.389506,48095.328901758185,42028.93896480494,54973.58325469773,46228
NB30,47,12-17,1.364981,1.2153031371609826,1.0370116212497336,1.4225880133399404,62389.594496,65825.83924934536,56876.07430464274,76440.99831125839,66488
NB30,47,18-44,0.742263,0.6822086437967121,0.5840005530570119,0.808260186241232,162157.074215,150067.63729072944,129149.92155586742,173457.41160781216,155255
NB30,47,45-64,0.696005,0.6343140997915074,0.5467071190488079,0.7390833102028507,63110.00566,61118.417343431036,53381.653827224625,70519.88225476933,58069
NB30,47,65+,0.582032,0.5473781424931642,0.47623547299769614,0.6299721704159018,11053.099209,10621.79905241671,9182.681651344901,12284.457542848337,10997
NB30,48,0-5,1.122545,1.0398789262757901,0.8822975860842515,1.225154522273777,40137.607332,36882.72709145199,32150.467196310405,42470.61892682256,36567
NB30,48,6-11,1.149695,1.0927538940276813,0.938115451263328,1.2727231953784863,44654.143321,42342.04235255183,36931.382257326506,48541.260775681585,47603
NB30,48,12-17,1.341439,1.2328834023426736,1.0538577294208265,1.4456480064425685,61724.260962,62870.323085669545,54574.37191456766,73439.27166158834,65313
NB30,48,18-44,0.737094,0.6963086409004053,0.5915027869984955,0.8236281228517756,161178.750037,149762.3281834377,129563.13404082553,173185.5291638698,118495
NB30,48,45-64,0.693755,0.6485526087411677,0.5564315758805518,0.7554286925655617,64277.496826,60219.21863617853,52315.45666037104,69548.41009258165,47581
NB30,48,65+,0.581754,0.559219724831951,0.4847185052253715,0.6434337039164074,11267.4537,11199.81390931223,9694.716657982412,12948.948081594717,14143
NB30,49,0-5,1.103279,1.0533101589963554,0.8907251574712317,1.2449642449246354,38344.413372,34596.639982076944,30105.65186682029,39711.08400960523,34040
NB30,49,6-11,1.127582,1.0993027427613118,0.9451118599460645,1.2807339445852184,39209.697264,37296.94532847963,32363.321371007478,42716.815500050085,37208
NB30,49,12-17,1.318977,1.2668571359421623,1.0791012311345323,1.4817154089027769,60504.288709,60282.83732655784,52113.85582530487,69642.55945375329,52017
NB30,49,18-44,0.732333,0.7128103621773931,0.605614364718578,0.843320753685269,159190.010563,149393.46879719803,129378.67929633195,173437.6964612268,128363
NB30,49,45-64,0.691711,0.666693017451393,0.5723088668151552,0.7786482327648895,65001.740923,59076.0889368481,51422.15133559308,68712.74997628795,72874
NB30,49,65+,0.581631,0.5749732013204969,0.4998091640230537,0.6633058404461426,11413.001947,11691.76827911113,10098.589843501919,13506.83856119329,8554
NB30,50,0-5,1.085382,1.0657902772069598,0.9018168543735736,1.259808344486006,36367.431967,32234.14897880936,28011.537865922437,37127.258680365514,21371
NB30,50,6-11,1.107894,1.1034606750173643,0.94619134185997,1.2839494131366835,34372.979525,32708.64009519946,28367.574263142888,37361.58835494844,23486
NB30,50,12-17,1.297714,1.3071146739152804,1.1203996613551321,1.5318098224762147,58798.369678,57891.45036252512,50017.132096293964,66799.70545385918,63853
NB30,50,18-44,0.727981,0.727649663713783,0.6174633011656283,0.8603183160758721,156317.730636,148692.953288062,128901.25839466788,171752.56357377282,167199
NB30,50,45-64,0.689889,0.6871807040208688,0.589911333579466,0.8003059008089904,65297.118419,57841.79745502421,50101.59982427594,67699.37293346552,43147
NB30,50,65+,0.581667,0.5918246396988098,0.5136105823500638,0.6814227356086621,11492.12915,11921.070690679655,10305.59226409506,13694.73084892222,10531
NB30,51,0-5,1.068832,1.0714399917590265,0.9057661300475047,1.2619322395289796,34271.53494,29989.01942442404,25968.771867859876,34811.75376043166,34670
NB30,51,6-11,1.090343,1.0967125424333903,0.9430909112043883,1.2756635929795712,30116.818226,28545.054806968197,24811.531806138577,32647.795505309477,32337
NB30,51,12-17,1.277736,1.3432028786764565,1.1534585108712834,1.5722493902174988,56683.939143,55828.958363043144,48542.46103134041,64272.76942769624,37436
NB30,51,18-44,0.724031,0.7371665629499927,0.6259639989560307,0.8671978139813662,152690.165767,146215.81681146193,126461.00128930248,169204.01738515496,162397
NB30,51,45-64,0.6883,0.7044196057836412,0.6036859085297732,0.8189718272839867,65186.034642,56788.856517668115,49225.570211517275,66414.46761506726,55482
NB30,51,65+,0.581864,0.6018109636583276,0.5209622784542833,0.693062015116755,11508.15811,11977.338910147431,10398.69541854228,13781.390106747596,12555
NB30,52,0-5,1.053589,1.0762227333110808,0.9088952786872286,1.271851849871842,32114.344848,28014.24509637186,24381.882389637525,32425.386185614392,28394
NB30,52,6-11,1.074677,1.09168895260429,0.9391734519986006,1.2706033917754656,26398.298433,24896.540599606815,21654.684133901494,28457.98887372762,30471
NB30,52,12-17,1.259092,1.3597448602752327,1.1634866312017913,1.5794334916790018,54242.347223,54449.51611645776,47210.32179854531,62633.841897695325,45927
NB30,52,18-44,0.720478,0.7475325564774564,0.6357687160200133,0.8839356819606422,148432.553379,143210.7136701052,122112.05634265486,162964.76991173765,129439
NB30,52,45-64,0.68695,0.7214909920051866,0.6182143800023516,0.8423539121022247,64697.310534,56513.43303237797,48989.08977442549,66067.07738380996,48379
NB30,52,65+,0.582224,0.6113305095560773,0.5292503718222116,0.7049011042120857,11465.141901,11793.14985394277,10308.397431603022,13651.835893512092,15703
NB30,53,0-5,1.039599,1.0725638643165731,0.9071535497711025,1.263967378440664,29944.994064,26437.62369629019,23251.268991182907,30617.13787443156,25849
NB30,53,6-11,1.060681,1.082162698102533,0.9317930088913116,1.2573884289985244,23166.127966,21797.629973978503,18996.207561199786,24909.19887766801,20243
NB30,53,12-17,1.241802,1.333783384582054,1.1396842815263797,1.5556157085739892,51554.583054,53096.33568141307,46095.08713790169,61032.23856524192,55971
NB30,53,18-44,0.71731,0.7500216283926402,0.6362576068268433,0.8845362296883108,143664.019026,137531.94542115368,118293.39683364565,157072.56938472064,144011
NB30,53,45-64,0.685844,0.7293537566885555,0.6239663337089314,0.8496770413146676,63864.5971,56974.51236190763,49484.53311840934,66066.26152891933,64012
NB30,53,65+,0.582745,0.6149864497200547,0.5323130911267776,0.7084976898291472,11367.681002,11503.70696551114,10043.472665428388,13418.43207709075,9376
NB30,54,0-5,1.026798,1.066843309713938,0.9016298908858416,1.2571748684329183,27803.721099,24949.2282864867,21844.533783505205,28860.829376071226,23820
NB30,54,6-11,1.048166,1.067451189980845,0.9148628720678601,1.241527491883328,20366.067748,19035.820774263237,16468.430086675846,21829.203898002394,16298
NB30,54,12-17,1.225861,1.2871547235926042,1.0998349125344584,1.4976260298784563,48697.769472,51231.82096684794,44677.53091194271,58552.97214471083,71283
NB30,54,18-44,0.714513,0.745219177732874,0.6307045319878624,0.8799776142051019,138495.530571,131428.83395043993,114643.70006927801,151745.78895691875,109045
NB30,54,45-64,0.684979,0.7262153150927371,0.6204141827248694,0.8465791593549371,62724.861136,57690.104657684686,50277.830571634695,66200.17431742442,46463
NB30,54,65+,0.583425,0.6106401078090361,0.5274882562665796,0.7038588491220954,11220.76182,11074.472898472275,9672.320508469042,12891.32890606072,10536
NB30,55,0-5,1.015117,1.0444919222866265,0.8800072034078531,1.2281740560545356,25722.104644,23561.870233125635,20490.895104586147,27206.665332998033,22965
NB30,55,6-11,1.036969,1.0382000487534941,0.8900361852389999,1.2053032842447888,17944.672611,16702.23706219485,14466.78258945793,19172.186365686357,15084
NB30,55,12-17,1.211241,1.2293042972372286,1.0501523005495157,1.435272921178249,45742.531416,48719.31936745718,42800.70730558201,55649.152878686786,49866
NB30,55,18-44,0.712073,0.72519871095492,0.6128181315500721,0.8526563350305362,133028.657862,125831.71793954773,110227.54884185689,144615.47004348785,152488
NB30,55,45-64,0.684354,0.7070161479085584,0.6023044534561663,0.8235398271591908,61316.981241,58609.312006491,50917.83974533132,67072.7058258988,72841
NB30,55,65+,0.58426,0.5937740748889395,0.5115698861245541,0.6840027623856122,11029.613424,10597.06971734442,9248.34960408046,12332.072081154241,12742
NB30,56,0-5,1.004483,1.0177162761698093,0.8572824620877915,1.201747095444011,23723.73735,22274.788378619705,19326.506161440397,25582.316475063097,26420
NB30,56,6-11,1.026948,1.0086712927803811,0.8619612159339608,1.1714033256740286,15851.665114,14737.853409497999,12865.021562064067,16929.85962061258,19120
NB30,56,12-17,1.1979,1.1773530424733873,1.0105897822295151,1.371188416820585,42751.241664,45512.171536692185,40110.451018292224,52288.992833642056,35991
NB30,56,18-44,0.709973,0.7052782511675602,0.5932593302324664,0.8296017992050357,127354.933341,120255.83939473843,105336.64566982444,138023.14814292686,97894
NB30,56,45-64,0.683962,0.6874513186485327,0.5854257063055719,0.7997648010539836,59680.485659,59189.2075281851,51304.434592483565,67971.48726369464,63727
NB30,56,65+,0.585245,0.5781404210102845,0.4985084748543574,0.6658744299844852,10799.58013,10105.594243018626,8778.203277215827,11714.9681834917,9952
NB30,57,0-5,0.994825,0.984700317208731,0.836122885198815,1.1606368935133304,21825.163845,21056.57135616336,18137.994951591827,24166.39515320526,19140
NB30,57,6-11,1.01798,0.9740802684302234,0.8433767784159063,1.1281618918754857,14041.269589,13107.682338037994,11442.092951593455,15084.184554079548,10041
NB30,57,12-17,1.18578,1.1233498867453553,0.9648034874666204,1.3045327844213288,39777.071365,42122.68183973385,37311.61618189071,48399.356662449194,50091
NB30,57,18-44,0.708196,0.6785033738066599,0.5805988941422022,0.7965478846556313,121555.65262,114821.48769453354,99952.67243531859,131461.76970994147,113325
NB30,57,45-64,0.683795,0.6630602806662431,0.5683622374206136,0.7739786780232373,57854.455716,58938.500720622484,51137.90794348926,67908.97725219768,52346
NB30,57,65+,0.586376,0.5622548471425017,0.48739640629781794,0.6496832559214422,10536.0086,9676.896980716876,8355.75419258399,11215.493805360631,10330
NB30,58,0-5,0.986069,0.9528649352596619,0.8059948151976357,1.1265656515484122,20036.940543,19772.321879019844,17019.21108989088,22684.48628686089,20013
NB30,58,6-11,1.009957,0.936710400186278,0.8059987459362163,1.0911512537779062,12472.799024,11704.451330039185,10234.655099269934,13510.589075140655,11246
NB30,58,12-17,1.174817,1.0716262648544987,0.9218768330226393,1.2504101304178281,36863.723446,38535.914220157545,33990.80056267321,44484.617275433615,35995
NB30,58,18-44,0.706722,0.6504875292827312,0.551946087684116,0.7695128822464097,115701.993678,109037.26722055022,94564.8083496904,125293.70919477334,143886
NB30,58,45-64,0.683844,0.6382914169688332,0.5448710091920572,0.748142525884577,55876.60998,57791.93136028643,50217.85858227918,66662.20258337213,58356
NB30,58,65+,0.587644,0.5478699194465426,0.47243128452066907,0.6350126687219333,10244.149047,9291.327214486839,8033.9594213776,10777.596050935303,8251
NB30,59,0-5,0.978144,0.9296717856613241,0.7877137967451947,1.1024617618758052,18364.710692,18496.242047502077,15907.161946763052,21362.84642510768,12079
NB30,59,6-11,1.002781,0.9105351161012258,0.781824252049993,1.0611349056565265,11110.736004,10485.165293229744,9163.882161284331,12095.740650387947,13750
NB30,59,12-17,1.164941,1.043097144935191,0.8958064003610537,1.2152521461115406,34045.702638,34960.88006563438,30382.30644457345,40507.703641203334,36304
NB30,59,18-44,0.705534,0.6330305355256385,0.5348038685731759,0.7491414431072206,109855.364973,102148.83664522367,89358.84971296461,116272.98587079532,111921
NB30,59,45-64,0.684097,0.6234354224511468,0.5299531906664569,0.7315592261951845,53782.575099,55785.133853192674,48638.82917204755,64324.26408420247,62513
NB30,59,65+,0.589042,0.5434727936290524,0.46825344005887326,0.6292154663287243,9929.070622,8945.717379176873,7741.024757838022,10396.947493857151,7609
NB30,60,0-5,0.970985,0.9175878376309872,0.7772910584286825,1.0811351220685563,16810.22173,17463.10610841855,15070.630644248682,19936.366076725535,27158
NB30,60,6-11,0.996369,0.9075356819690141,0.7844864245482118,1.0508821817037577,9924.494838,9473.620040930342,8302.665100738872,10919.936446454842,7205
NB30,60,12-17,1.156077,1.0384019404745302,0.8924331213684502,1.208736606355265,31348.972317,31559.60904883081,27391.255181823624,36470.77255743602,36361
NB30,60,18-44,0.704613,0.6333788134501983,0.539412746996905,0.7448099209824739,104067.916027,94731.59941665409,82981.31402303325,108947.73029862298,77317
NB30,60,45-64,0.684545,0.624981497742247,0.533619927418705,0.7318012768602197,51605.340472,53662.581404011464,46780.93167549948,62462.65827784804,61382
NB30,60,65+,0.590564,0.5516923352388248,0.47591129762938217,0.6377428881126814,9595.59122,8774.421411671647,7597.450200716354,10224.017094063078,10536
NB30,61,0-5,0.964526,0.9249443126614042,0.7800367498527816,1.096004898957361,15372.240465,16384.398585805553,14181.210998692899,18649.148621672066,13428
NB30,61,6-11,0.990644,0.9246782166818492,0.7954669817975892,1.0795120670531149,8888.002624,8596.323398758192,7538.525172621641,9916.75076203933,9440
NB30,61,12-17,1.14815,1.0636241493047298,0.912657017042069,1.2375883647983,28791.859684,28386.024696761975,24881.45602929592,32853.68579766946,23159
NB30,61,18-44,0.703939,0.6502143280480115,0.5504093004142464,0.7728273246350927,98383.160257,87871.76141107315,76584.93955954164,101206.21392424172,97643
NB30,61,45-64,0.685173,0.6438342259929963,0.5496473534386073,0.7542127674311057,49374.886077,51234.04263599985,44640.89866268844,59439.97298538312,47999
NB30,61,65+,0.592201,0.5742597985341311,0.4963264619473974,0.6634834990765736,9248.22181,8763.420764375827,7510.838412580721,10114.54461981621,7014
NB30,62,0-5,0.958707,0.9485135962497634,0.8043375433299874,1.1163998426892943,14047.343937,15205.963309547864,13188.637913578073,17408.87544423947,12124
NB30,62,6-11,0.985538,0.9535823908913956,0.8205294134620389,1.1073501169684383,7979.195779,7808.424040111713,6850.066379495896,8993.54332646681,8122
NB30,62,12-17,1.141086,1.1011010107893264,0.9440528328349282,1.2805780626846905,26386.091245,25634.85073002975,22490.44311502017,29558.604372449685,21070
NB30,62,18-44,0.703495,0.6772908619880194,0.5757714394008242,0.7978121239619684,92836.6709,82423.22763873078,71607.50623010751,95808.6100262655,66314
NB30,62,45-64,0.685971,0.6728540488939994,0.576504341142496,0.7844569539359842,47117.966628,48717.07910646335,42078.11032385379,56406.28778108093,39116
NB30,62,65+,0.593945,0.6033578134953169,0.5222898416214157,0.6946305853667547,8891.125032,8776.177016179136,7595.450901347445,10105.428098426724,6535
NB30,63,0-5,0.95347,0.974120289760386,0.8281864576592564,1.1568306968704851,12830.579981,14007.356611850555,12230.406490015906,16218.952566545573,16220
NB30,63,6-11,0.98099,0.9895245178207135,0.8535424144282409,1.1602014993057064,7179.496144,7099.465219573118,6222.577431424521,8116.906242236029,5187
NB30,63,12-17,1.134813,1.1441310800232265,0.9829580109165984,1.328671885256247,24137.865017,23285.586837287527,20416.70616372535,26847.489729116904,27894
NB30,63,18-44,0.703262,0.711403960404201,0.6063279334410925,0.8467543937197858,87456.81861,77539.3642695183,66738.09429900302,91321.26858472358,83645
NB30,63,45-64,0.686924,0.7058694281383859,0.6036871929862512,0.8286709839084098,44858.031087,45990.45693066204,39725.78007010813,53673.57867833716,46636
NB30,63,65+,0.595787,0.6320773844129827,0.5468608513478156,0.7315187391352042,8528.087415,8778.725324905943,7632.4297239059815,10103.773976428318,9861
NB30,64,0-5,0.948763,1.0149185288670826,0.86047815727738,1.2108713477565891,11716.002434,12842.471273060422,11184.348257017555,14815.299408814404,13571
NB30,64,6-11,0.976944,1.0321713931573453,0.8876567377682315,1.216274032993852,6473.306487,6400.894581766333,5582.424758770503,7304.582431890536,6625
NB30,64,12-17,1.129261,1.1914778885989894,1.0272152422625511,1.3822950268498972,22048.89064,21264.119336014614,18518.17739832541,24508.04126191698,19562
NB30,64,18-44,0.703222,0.7546811512932412,0.6396724143434841,0.9028913388579469,82265.525056,73437.69204984559,63388.3346330435,86094.79049322743,63106
NB30,64,45-64,0.688021,0.7456214170625912,0.6360056954429999,0.8782808992505302,42615.254318,43327.15888542053,37651.35580278677,50145.6840880122,39278
NB30,64,65+,0.59772,0.6613901407887084,0.5701780808667042,0.7672868853448856,8162.504165,8634.887086762406,7535.088769686292,9891.97965391411,7830
NB30,65,0-5,0.944537,1.0531079011208657,0.8913916790689514,1.244061271551131,10697.092399,11672.115365562495,10151.617682789685,13565.588727435097,12086
NB30,65,6-11,0.97335,1.0636117618868273,0.9149857407689005,1.2476914222608555,5847.547901,5770.462454251014,5017.753016645554,6574.705700637773,6546
NB30,65,12-17,1.124363,1.2327178473357636,1.0641574458233771,1.4341979599659362,20117.351102,19389.457479466917,16900.58070242079,22394.675362721784,18246
NB30,65,18-44,0.70336,0.7883098467170412,0.6693728064604854,0.9373119124422742,77279.011456,70311.45874098875,60439.00765733281,82176.24813831644,57212
NB30,65,45-64,0.689248,0.774950767672516,0.6620369815815791,0.9077147796561712,40406.657293,41157.003129132325,35820.74184775562,47574.049692107365,39763
NB30,65,65+,0.599735,0.6794502648617109,0.5859335646314942,0.7854993323957975,7797.375142,8406.1637515584,7369.039768132614,9620.117038790951,11783
NB30,66,0-5,0.940745,1.0780836745956774,0.9122333269976646,1.2694543900304271,9767.080342,10638.9844833815,9336.70999474707,12218.418121291557,9256
NB30,66,6-11,0.970162,1.0843421747267965,0.9297580536437081,1.2645407591698887,5291.249659,5155.46398992138,4494.469832533505,5923.084921078756,6020
NB30,66,12-17,1.120057,1.2570401763122874,1.0818072005068,1.4586465330092522,18338.758705,17793.46874446608,15537.354742201976,20559.316780390916,16136
NB30,66,18-44,0.703657,0.8098165736226621,0.6859528251191369,0.9559421473279602,72508.525132,68367.50488355663,59459.599344243295,79895.49020460341,67106
NB30,66,45-64,0.690594,0.7924513491423488,0.6768680044677367,0.9239133755691894,38246.293234,39005.922908360604,33942.741141558625,45144.31122791604,40979
NB30,66,65+,0.601824,0.6886434722485941,0.5951511952120027,0.7936037062649421,7435.310428,8055.543611962872,7061.390597749036,9230.000073501666,6930
NB30,67,0-5,0.937344,1.06199001453368,0.8912337327258822,1.2549245207601751,8919.184744,9695.405634948751,8498.698949928395,11143.982730371645,6600
NB30,67,6-11,0.967338,1.0708391624696982,0.9095368859918082,1.25251958533392,4795.1944,4598.3659046306275,4015.04620536929,5303.83655389921,4196
NB30,67,12-17,1.116285,1.2436716457372645,1.0674680270100194,1.4440241657591473,16706.692753,16365.192548844963,14398.663213704946,18791.708264819812,14174
NB30,67,18-44,0.7041,0.8004173292512574,0.6685553159827697,0.9489655884283046,67961.03084,66974.69823175902,58655.69850797858,77529.08473376278,52256
NB30,67,45-64,0.692047,0.7851652416596091,0.6645349457244616,0.919439547126509,36145.479168,36926.61921422649,32176.20605689916,42898.65380067518,40767
NB30,67,65+,0.603978,0.6819642753944777,0.585200308648386,0.7883163745801561,7078.543787,7609.1818456684705,6636.483813744679,8732.612117512384,7916
NB30,68,0-5,0.934296,0.9962944575923085,0.8357313441176882,1.1833742459401688,8146.782586,8821.79456937639,7712.029890981736,10074.574076917954,7216
NB30,68,6-11,0.964841,1.0244228320335385,0.8721345226840753,1.2033940440988335,4351.616738,4109.357200397644,3566.922172794584,4750.508002614602,3427
NB30,68,12-17,1.112991,1.1920163428836106,1.0234142722474275,1.3867120227144671,15213.417348,15111.472294237465,13203.57028607605,17295.161759803537,18688
NB30,68,18-44,0.704672,0.7590130827888971,0.6369216901713758,0.9048015687723043,63639.857119,65189.37159774266,56943.79109121207,75080.23143411148,97240
NB30,68,45-64,0.693594,0.7524904875007512,0.6378072262354895,0.8841203501165411,34113.055047,34997.906627225224,30444.970402114093,40552.01674445183,26908
NB30,68,65+,0.606191,0.6580411183823791,0.5645130162762504,0.7637556899829571,6728.952287,7176.03081495146,6246.7014343396295,8253.479787898832,5849
NB30,69,0-5,0.931564,0.9166461878722426,0.7685439154056063,1.0855443986797133,7443.525576,8017.458316865843,7023.093210371677,9120.902933802223,12837
NB30,69,6-11,0.962634,0.9709345509737408,0.8281770087077173,1.131536632862216,3953.950807,3706.4539628843777,3204.0618845578283,4278.877733715344,3459
NB30,69,12-17,1.110126,1.1296678729846248,0.9672741295641896,1.3109600880375971,13850.385101,13877.955834985478,12179.199468065985,15941.122503516497,13443
NB30,69,18-44,0.705361,0.7126868248204733,0.5982701184069737,0.8429541145003289,59545.291032,62130.994288934395,54554.03198090289,71480.76772124972,60660
NB30,69,45-64,0.695226,0.711807149291311,0.6040133746936699,0.8359722793378681,32155.655579,33000.76351155946,28837.61569122947,38200.68948492408,34857
NB30,69,65+,0.608455,0.627753565710692,0.5397644911865507,0.7281411933159673,6388.080458,6756.553534820268,5908.5666480981745,7770.9967200667015,8540
NB30,70,0-5,0.929115,0.8468446189187897,0.7124297160023998,1.0006034022383883,6803.414233,7229.672323386418,6363.959202854196,8252.548454816919,6353
NB30,70,6-11,0.960687,0.9191036291120328,0.7866122833453213,1.070531614172701,3596.621004,3422.986140151974,2968.1697614272125,3942.7928633121774,4476
NB30,70,12-17,1.107642,1.064583224260641,0.9137693198454421,1.2390650939518415,12608.637085,12766.335239521693,11198.230928522069,14627.25807634485,13721
NB30,70,18-44,0.706151,0.6674462539620648,0.5614384456275727,0.7894257212712846,55675.117432,58303.54205932096,51273.79288233258,66988.324455305,73494
NB30,70,45-64,0.696931,0.6704199474464272,0.5696529020674895,0.7870692670414875,30277.982938,31506.88279625238,27479.897897358984,36258.242018351564,41547
NB30,70,65+,0.610762,0.5971341160226491,0.514149225623725,0.69212712098635,6057.167489,6419.900077523489,5581.2948332236265,7435.951782276388,6480
NB30,71,0-5,0.926917,0.7992940097077446,0.6766290520131115,0.948094891790956,6220.840038,6506.007385593606,5734.87039614981,7453.411123858299,9413
NB30,71,6-11,0.958969,0.8868843676779161,0.7643077808365513,1.036756978893915,3274.86989,3207.787142649293,2778.8831232595257,3702.4264639052562,2526
NB30,71,12-17,1.105496,1.0191695032910393,0.8724818823050476,1.183671036920895,11479.111743,11684.638896537479,10220.083840416744,13436.789718804881,12720
NB30,71,18-44,0.707032,0.6382830283660794,0.5420343081685967,0.7573268118728332,52025.101273,53993.023483310826,47454.02292028256,61930.56147774402,44066
NB30,71,45-64,0.698699,0.6441311536037975,0.5486106864868341,0.7550217721092009,28483.071358,30076.846404735,26166.09965586639,34427.46030645934,27841
NB30,71,65+,0.613105,0.5785200733108974,0.4989616854676363,0.6691460774577972,5737.176142,6149.2525260333205,5327.354746276629,7126.063262099342,5810
NB30,72,0-5,0.924943,0.7770915574281374,0.6536466437632356,0.9222373139150033,5690.604007,5816.691144459648,5073.872186985798,6696.753235033248,5705
NB30,72,6-11,0.957455,0.8664821467589565,0.7416374682431744,1.0122658287477224,2984.61745,3040.25274971826,2643.9091286147013,3502.2737568430603,2710
NB30,72,12-17,1.103649,0.987889372178743,0.848998565903819,1.1472976993488468,10452.876198,10672.43032389041,9296.451921798754,12214.661189309554,12213
NB30,72,18-44,0.70799,0.6220470483379972,0.5242557975859337,0.7387001216998532,48589.413382,49779.444269680884,43660.445081542246,57264.206444123054,56092
NB30,72,45-64,0.70052,0.6273873402087862,0.5352210057478829,0.735746648205696,26772.537159,28613.87565904716,24971.84918460669,32777.61778487987,31039
NB30,72,65+,0.615478,0.5676453956130801,0.489899845266565,0.6567370049634025,5428.822293,5966.0768248542445,5158.339837956184,6886.226044900774,5268
NB30,73,0-5,0.923165,0.7821453851871718,0.6598463023454734,0.9283671919598249,5207.918358,5142.98488163529,4483.438647396397,5927.207461890532,4366
NB30,73,6-11,0.956118,0.8653179080383057,0.7440565923374575,1.0115771684033186,2722.346386,2868.2415418080054,2507.55879617529,3307.420177124183,3576
NB30,73,12-17,1.102064,0.987202540852969,0.8465589838905331,1.1473345984288297,9521.293105,9677.577468638076,8453.037237644196,11119.089178662747,8892
NB30,73,18-44,0.709014,0.6244012889669412,0.5282817488330687,0.7428404680962809,45361.001664,45769.98956110887,39906.849048117176,52870.703115765005,47881
NB30,73,45-64,0.702385,0.6271373476829692,0.5364735086792533,0.7386805636735424,25146.809907,26829.713597221766,23418.65191611601,30981.434565630276,20248
NB30,73,65+,0.617875,0.5673169217316014,0.4903245407174188,0.6586875037785416,5132.604168,5764.52433315001,4997.4066733192885,6647.574889630196,6070
NB30,74,0-5,0.921561,0.8078971941444175,0.6771957470510266,0.9593563870120062,4768.396491,4558.40841895598,3976.869638721226,5240.241547536338,3974
NB30,74,6-11,0.954937,0.883675897731481,0.7535646253837495,1.0349122149941516,2485.008817,2698.409266870003,2349.121043571271,3101.0580399315804,2668
NB30,74,12-17,1.100708,0.9992790584465308,0.8571347834807184,1.1612997487023424,8676.135176,8776.607970111072,7659.415380188497,10033.590281761251,5805
NB30,74,18-44,0.710094,0.6409255035456782,0.5381662029321845,0.7613338769743889,42331.91077,42132.16667990107,36742.588979731314,48794.47885717265,40858
NB30,74,45-64,0.704286,0.6383967383122968,0.5440810279931321,0.7483093685895801,23605.342246,24974.769296570215,21699.334379791748,28765.148954983335,31428
NB30,74,65+,0.620288,0.5737045737760059,0.49479814039217673,0.6643929103924511,4848.830609,5534.418844662869,4836.281071275065,6378.776223643334,4443
NB30,75,0-5,0.920107,0.8494695386363588,0.7124266525282608,1.0079443923276137,4368.035253,4069.2960055430885,3547.6548349561635,4667.9137336849235,3389
NB30,75,6-11,0.953891,0.9173256727802788,0.7805564177428516,1.0753425930107277,2269.950396,2506.5106903486885,2177.361329428386,2879.399531860836,2685
NB30,75,12-17,1.09955,1.021129205253363,0.8753137846447031,1.182954879624778,7909.658184,7919.572049209848,6908.532504688716,9065.071957609616,8049
NB30,75,18-44,0.71122,0.6699004831037282,0.5613806210270078,0.7967461548898583,39493.554038,38916.794333013706,33785.06701881997,45051.47866537701,27566
NB30,75,45-64,0.706214,0.660610812316046,0.5617888358740724,0.7753349929029623,22146.797279,23120.996263382258,20179.052967631025,26757.773517136695,22851
NB30,75,65+,0.622713,0.586468566574113,0.5046872113062038,0.6789345495597522,4577.647816,5248.412812034134,4575.045391678112,6009.937691700121,6677
NB30,76,0-5,0.918783,0.8863379834612798,0.7454434831134871,1.0601410393757327,4003.192494,3659.357679902343,3172.360659951577,4208.8879518050235,3544
NB30,76,6-11,0.952961,0.9483838301904952,0.8098501682956806,1.1199927436530448,2074.848527,2295.784061703831,1995.2373693543486,2655.382364943158,1780
NB30,76,12-17,1.098564,1.0419862433973994,0.894178479446572,1.2111414860710836,7214.641744,7142.110471328953,6257.921378972242,8191.628162004054,10109
NB30,76,18-44,0.712382,0.6946440715701037,0.5850296598333179,0.8343482063966192,36836.941958,36128.89851109218,31588.173836753704,41887.821162927896,28510
NB30,76,45-64,0.708162,0.681596323445169,0.5791717573401296,0.8041845251505041,20769.213518,21208.385186305502,18581.23397606355,24482.144233759027,14916
NB30,76,65+,0.625143,0.5973841028820726,0.5131645070611832,0.6946923358857406,4319.064232,4889.72620168532,4271.048815485206,5590.502720351098,3799
NB30,77,0-5,0.917571,0.9097844385771396,0.7657872812238872,1.088703699994685,3670.562094,3297.135271431878,2860.394526455784,3793.0280193244107,3305
NB30,77,6-11,0.952128,0.9643284200091284,0.8240665087305511,1.139795813873995,1897.661917,2086.2027411866,1817.6493730321179,2409.07804239681,1760
NB30,77,12-17,1.097722,1.0590732387950341,0.910359433071825,1.2339496958593164,6584.405666,6420.665993188275,5579.69164860538,7372.1776655972935,4987
NB30,77,18-44,0.713572,0.7082555243130073,0.5956978760380104,0.851879567816577,34352.871619,33897.734565658495,29390.970861900598,39020.42205553688,37101
NB30,77,45-64,0.710121,0.694472399191467,0.5877467076269088,0.8199226068737797,19470.148163,19375.767182274954,17015.41289226385,22250.212358975015,18640
NB30,77,65+,0.627574,0.6025523910963055,0.5158485096178302,0.7004530612355963,4072.973328,4480.283781636739,3884.7082124669687,5119.75905676285,5933
NB30,78,0-5,0.916454,0.924666931795516,0.773259672241097,1.1065340230894196,3367.148007,2975.5721861778293,2570.141799217323,3419.064724864904,2739
NB30,78,6-11,0.951377,0.9689974273505064,0.8236406291543868,1.144930081823785,1736.589252,1887.005264512729,1644.3414357304573,2170.696588382125,2168
NB30,78,12-17,1.097002,1.0704947082169862,0.915639385043407,1.248808584832657,6012.808321,5734.152890912723,5013.40279387054,6580.224043626105,5190
NB30,78,18-44,0.71478,0.7149646750864058,0.5973774621416915,0.8601559619199419,32032.081574,31704.788071095943,27609.61394060403,36756.09358573705,42273
NB30,78,45-64,0.712086,0.7000841502085418,0.5898149018726074,0.829628804668937,18246.79999,17783.477629187517,15476.841022430686,20348.49091887148,18001
NB30,78,65+,0.629999,0.6042297905909801,0.5159034244585261,0.7054959110948564,3839.174205,4022.468670077593,3502.780462404713,4591.737169858068,3620
NB30,79,0-5,0.915414,0.9378680001256626,0.7860967540999261,1.1138800507237223,3090.23844,2717.9757765196264,2351.4429716900922,3128.411272854777,2995
NB30,79,6-11,0.950693,0.9732469044900961,0.8276578237419633,1.1434054565447813,1590.035166,1706.602823017165,1487.8232145644724,1967.032681508921,1943
NB30,79,12-17,1.096383,1.0777436484577076,0.9222107486001722,1.2536607014732584,5494.232166,5155.13020448084,4508.20096181985,5898.6170650722925,3961
NB30,79,18-44,0.716001,0.7216614811935098,0.6041640817395881,0.8614234194570464,29865.376471,29596.65511638578,25747.39054121077,34360.16398140136,26373
NB30,79,45-64,0.714049,0.7040731045777064,0.5950287198506793,0.8303927376868363,17096.113497,16317.411822186317,14191.125653982861,18782.09700968,21133
NB30,79,65+,0.632415,0.6057436466809584,0.5187321621746852,0.7043791403804804,3617.389964,3583.7419023273396,3098.4484362695366,4084.6646050006966,3671
NB30,80,0-5,0.914439,0.9582873433880377,0.8044047016951701,1.136339402028407,2837.380848,2538.892230484402,2200.8888968490064,2918.333825274138,2259
NB30,80,6-11,0.950063,0.9846115462787575,0.8357101165949179,1.1554111654428318,1456.582078,1558.1094674570486,1363.375416778028,1791.5339034986682,1296
NB30,80,12-17,1.095845,1.0861544763861282,0.9313959843565655,1.2651711728990502,5023.560512,4676.35892921465,4090.117200806737,5391.1069661537185,6465
NB30,80,18-44,0.717225,0.7374592460195344,0.6169912016373956,0.8786778350110964,27843.725495,27655.98886609357,24175.12342588231,32120.252225395292,28095
NB30,80,45-64,0.716005,0.7183473259042253,0.6090747488767023,0.8438287051678811,16014.866088,15207.15523364069,13173.268905899953,17511.95242000604,15546
NB30,80,65+,0.634817,0.6178635842154551,0.5308689076572214,0.7168269310585785,3407.283915,3221.5569869774044,2795.50092074892,3698.6120707634254,3492
NB30,81,0-5,0.913513,0.9686731988522828,0.8161435172660947,1.145358359790728,2606.35823,2399.7307083404157,2068.4162910335,2762.1139326856937,2620
NB30,81,6-11,0.949472,0.9956859604854954,0.8492080418493857,1.1651989947418218,1334.966727,1421.6513056210242,1245.6583644030616,1630.43187636769,1637
NB30,81,12-17,1.095371,1.105017699924169,0.9526731019970833,1.2758125576328159,4596.148715,4252.94038400217,3723.715103640221,4879.210730501451,4541
NB30,81,18-44,0.718448,0.7550352694742921,0.6357954542024339,0.8950743460089418,25958.338424,26106.977072797716,22751.769196438603,30236.11520774197,22445
NB30,81,45-64,0.717947,0.7399916857021482,0.6300612099606856,0.8681574631552247,14999.740158,14197.300183045678,12307.56085737655,16514.965167844668,12107
NB30,81,65+,0.6372,0.6376304236751962,0.5491774497948947,0.7382115529049447,3208.473716,2936.9182564569055,2549.3718116827995,3383.04246624792,2824
NB30,82,0-5,0.912626,0.9697429194004163,0.8166947494631891,1.1526492854137333,2395.166974,2254.3644321414176,1948.0910453768447,2595.2739525421057,2241
NB30,82,6-11,0.948911,1.000638304214701,0.8515917167085613,1.1767714247822008,1224.060502,1298.115198883228,1133.0998411681503,1489.0573001243174,1250
NB30,82,12-17,1.094944,1.1183538449081238,0.9648212981950638,1.293140760003163,4207.792174,3879.626551801106,3399.339675496798,4436.859344110824,2801
NB30,82,18-44,0.719661,0.765389237330518,0.6432774606411849,0.9118357165570216,24200.722704,24749.982894785702,21577.73008365836,28602.23493948113,22433
NB30,82,45-64,0.71987,0.7562829766303658,0.6425903641033839,0.8888454500210158,14047.381915,13357.920246877242,11520.186220260337,15467.345271024853,10594
NB30,82,65+,0.639561,0.6562781447092267,0.5644146622516744,0.7599104323517968,3020.543563,2710.8067749215406,2342.848130892904,3137.791899302043,1755
NB30,83,0-5,0.911765,0.9601816154989434,0.8053897844333746,1.1405165015059555,2201.996369,2103.8060739573557,1824.2401151200756,2430.6347372543532,1839
NB30,83,6-11,0.948368,0.997794746216552,0.8475524835682972,1.171487508416743,1122.852833,1171.7638494265266,1025.8953307159245,1344.548241547041,1402
NB30,83,12-17,1.09455,1.1187218100343168,0.961057025396879,1.2979595464931124,3854.692944,3529.5108220695984,3082.2439344916493,4056.5842728216667,3437
NB30,83,18-44,0.720859,0.7665140227197405,0.6413990919758985,0.9132012178649005,22562.72463,23450.80513062142,20486.414700528607,27100.162915166467,27224
NB30,83,45-64,0.721769,0.7615496594425566,0.6436864047262469,0.8967742122120903,13154.448672,12608.006456541829,10919.845902731176,14544.379448943306,9484
NB30,83,65+,0.641895,0.6665562924084106,0.5718514383271336,0.7738960500936002,2843.054607,2519.2677793695475,2177.3670252031297,2921.3402632395737,3082
NB30,84,0-5,0.91092,0.937309185307249,0.7900723766759827,1.1189998012576976,2025.209824,1944.2428201576695,1690.8738675978966,2234.706183503149,2054
NB30,84,6-11,0.947834,0.9872340188914885,0.8428271197305456,1.1675016441331403,1030.437079,1055.9976765634492,921.3175925188698,1220.4567961813882,981
NB30,84,12-17,1.094175,1.0987452886408682,0.9463047477423875,1.2732716403525688,3533.426253,3206.486907304032,2801.2350426793564,3655.283122716006,3505
NB30,84,18-44,0.722038,0.7557761051455234,0.6366456201231843,0.9057456547751539,21036.557339,22039.56638836488,19172.64662144333,25441.775726125576,25455
NB30,84,45-64,0.723639,0.7528240468339491,0.6398349180024776,0.8870301175203887,12317.646236,11935.424496110529,10325.586778077297,13650.963522600709,17765
NB30,84,65+,0.644198,0.6657456690968329,0.5730287141266168,0.772463111236537,2675.553738,2353.8919759879936,2032.449300969136,2731.098523038323,1909
NB30,85,0-5,0.910081,0.9144492121276022,0.7634134580038802,1.0895311269191759,1863.327747,1791.341119226301,1554.3842984363437,2060.8706160266884,2167
NB30,85,6-11,0.9473,0.9795013286694083,0.8307930359012596,1.1526933216963389,945.998449,962.4874078230932,836.568722828757,1113.5865200874396,748
NB30,85,12-17,1.093807,1.076092862950059,0.923051053399901,1.248853322462194,3240.907839,2897.733762753196,2565.2164836362936,3313.633569280384,2688
NB30,85,18-44,0.72319,0.7462843009235218,0.6231268818904293,0.8916233640472849,19614.818001,20599.99631722644,17802.157169873826,23640.334279130213,12733
NB30,85,45-64,0.725476,0.7427757709774176,0.629821322700592,0.8741567066819408,11533.757881,11269.948013364337,9733.3396872757,12920.84110771399,10884
NB30,85,65+,0.646468,0.6608022406183517,0.5688849402408791,0.7655357173334909,2517.580922,2226.79565394338,1943.9475572245428,2573.6933982429327,2035
NB30,86,0-5,0.909241,0.8891674032123424,0.7461655510825361,1.0639418144270578,1715.012017,1641.8894260793459,1422.169561877381,1873.7380668707192,1854
NB30,86,6-11,0.946757,0.9605982905774318,0.8174359337166278,1.1349966702027754,868.803605,887.7514453716576,770.6678982921876,1022.2286284902715,848
NB30,86,12-17,1.093435,1.0449900355413468,0.8960685873420825,1.2163122115858642,2974.362717,2638.4462321205065,2318.540814826498,3011.3352397042327,3038
NB30,86,18-44,0.724313,0.7271406937784841,0.6099326635816477,0.8725439209646202,18290.496243,19336.029123025015,16715.68193923682,22212.485208667815,24683
NB30,86,45-64,0.727275,0.7234992312996983,0.6138380906084193,0.8542485529758581,10799.666217,10681.840445613489,9240.340796195902,12299.034263300244,9819
NB30,86,65+,0.6487,0.6436866506994277,0.5534331406153595,0.7477350587439751,2368.675246,2157.1086794378352,1883.1404997922946,2470.4011671338812,1993
NB30,87,0-5,0.90839,0.8695766286069734,0.731064159916566,1.0379120161958064,1579.051949,1487.6481228375342,1291.0569101076107,1704.4887806430925,1500
NB30,87,6-11,0.946198,0.938731927905166,0.7999329837304563,1.1060204586406026,798.191647,819.6356261554174,711.2317380341701,943.4825117685832,783
NB30,87,12-17,1.093047,1.0202943214414173,0.8789210384799435,1.1824721554651014,2731.295777,2391.266061411472,2083.172605174361,2742.555136169074,3235
NB30,87,18-44,0.7254,0.70884558862089,0.5947690701408125,0.8476678793715094,17056.975586,18132.769023140892,15693.440419971012,20865.756273152307,20106
NB30,87,45-64,0.729032,0.7037506872942608,0.5970052978517458,0.829304833620074,10112.369144,9965.800541504752,8622.13792784419,11502.473155325279,8802
NB30,87,65+,0.650892,0.6214163092601455,0.5344757697579284,0.7215779635343575,2228.379826,2067.4888483841787,1794.1258307406679,2369.225981035095,3120
NB30,88,0-5,0.907521,0.8645708057937992,0.7223272694877966,1.0309458103786187,1454.351632,1352.2003401329275,1174.6953166157473,1552.1633113338612,1133
NB30,88,6-11,0.945615,0.9241875810849609,0.7831257817339581,1.0886898139255918,733.566273,765.7176584280096,666.5461463476531,877.0663269301876,889
NB30,88,12-17,1.092636,1.0123134184800004,0.8736623805502481,1.175990326895828,2509.464408,2173.186424747575,1875.0313177125063,2504.7438520214055,1884
NB30,88,18-44,0.726449,0.6966352176094066,0.581389737896907,0.8325514489155634,15908.029376,16921.54627241846,14734.677521354519,19439.484146283008,15598
NB30,88,45-64,0.730743,0.687502051892896,0.5820704945387355,0.8092391393083929,9468.990915,9288.738636549562,8126.804854576476,10728.590735203587,10230
NB30,88,65+,0.65304,0.6033134373853796,0.5176021773030021,0.7001545740076746,2096.245738,1956.333683841338,1697.388421057898,2246.709254598827,1677
NB30,89,0-5,0.906628,0.8653750063082767,0.7250160980010546,1.0319473178493297,1339.91854,1240.8388057127595,1083.1936779038515,1433.0140571631491,1119
NB30,89,6-11,0.945004,0.9131341295510575,0.7762460891150684,1.0762856555337104,674.388904,714.815942629939,621.820623579435,822.9472389146686,860
NB30,89,12-17,1.092192,1.020102598137444,0.8764085953238742,1.1835561544163073,2306.853268,1978.7156034961808,1714.8600666685961,2278.256145460764,1305
NB30,89,18-44,0.727454,0.6882220696473564,0.5756180616186047,0.8241708881776761,14837.812471,15695.267056883313,13707.500805017538,18032.872053958476,14166
NB30,89,45-64,0.732405,0.6760050696693134,0.572184610420205,0.7962609742982426,8866.789195,8682.508235082962,7648.563920868561,9988.861657589208,11253
NB30,89,65+,0.655142,0.5924446686999383,0.5082411775749514,0.6886377878877596,1971.835097,1830.8556638570153,1592.7348072059685,2116.664240703045,2336
NB30,90,0-5,0.905703,0.8731468009667074,0.7297417710668395,1.0375906568184847,1234.853285,1147.3360224878415,994.2391120851971,1329.73857173766,1106
NB30,90,6-11,0.944357,0.9137838220880139,0.7740153379493009,1.0746569034700164,620.172649,663.778890740592,577.7006314522587,763.4472392159514,531
NB30,90,12-17,1.091708,1.0382378444562956,0.8897390281447823,1.2077734905092177,2121.651185,1829.6647831171285,1593.0476764645427,2111.6906915304717,1745
NB30,90,18-44,0.728412,0.68980068895275,0.5753261737369363,0.8229928171021629,13840.849731,14595.342658900656,12733.321360104717,16724.759382824413,12947
NB30,90,45-64,0.734015,0.6783736875527127,0.5749950105021517,0.7971223881187766,8303.158879,8044.780879520811,7024.463122419547,9214.035812509712,7899
NB30,90,65+,0.657195,0.5961740154892419,0.5118126342856415,0.6920341365914489,1854.723408,1703.0588468859787,1488.7847569370642,1978.2705205871025,1524
NB30,91,0-5,0.904742,0.8792198834184475,0.7391588889190552,1.0447499401497822,1138.340422,1069.5537623510463,921.9560911057051,1240.5401607153472,1179
NB30,91,6-11,0.943669,0.9136955309211154,0.7776203543932457,1.0763346069348443,570.476969,612.2470671057235,531.3977915025316,705.8813603101298,584
NB30,91,12-17,1.091175,1.0595217395093324,0.9090097343310825,1.229381697197986,1952.230143,1714.1115039114375,1484.5656304131262,1968.5119400629774,2159
NB30,91,18-44,0.729321,0.6930278699991219,0.5819548490114974,0.8273279435199493,12912.022179,13598.939546000212,11852.304467173293,15582.063736558892,17034
NB30,91,45-64,0.735569,0.6874876470335235,0.5843813300036022,0.8080432845963148,7775.633331,7367.426615642384,6418.1345980805345,8468.961699973792,7044
NB30,91,65+,0.659196,0.6102368087546998,0.5248057570954098,0.707149265670213,1744.501307,1589.4914159501204,1377.8131771563785,1852.4704153731582,1316
NB30,92,0-5,0.90374,0.9003766528125648,0.7569611542192614,1.0655328599922744,1049.640184,998.3315589830745,862.5218149733264,1161.89326221589,813
NB30,92,6-11,0.942936,0.9304828513351704,0.7946976898213535,1.0904918405970259,524.902963,564.4126520613208,488.2262674421072,650.2024544868618,619
NB30,92,12-17,1.090589,1.1026938140605784,0.9489052998497712,1.2814506170136302,1797.126258,1618.1371208853088,1388.955852130428,1860.7411035285331,1300
NB30,92,18-44,0.730176,0.7125906905583859,0.5993552134338426,0.84659094317799,12046.551547,12590.068803453818,10964.032760747708,14308.041090579703,13048
NB30,92,45-64,0.737065,0.7141923183993748,0.6081119113733846,0.838342788166198,7281.883578,6781.7135999524035,5877.407972166315,7812.596547430847,5773
NB30,92,65+,0.661143,0.6369245085959205,0.5486949709542118,0.7385517310850165,1640.775786,1492.026396709407,1296.092438090418,1735.5573141354835,1180
NB30,93,0-5,0.902691,0.9232764369713322,0.7754783765330316,1.1003531928200718,968.081065,945.707029979676,819.8263067030348,1096.691998938797,936
NB30,93,6-11,0.942153,0.9537187225648383,0.8105761851093793,1.1250587645353063,483.089165,520.4740970139392,451.39923686766997,597.3654169393703,476
NB30,93,12-17,1.089942,1.1504730127082616,0.9894567989816858,1.3330251259308137,1655.022618,1550.0602070230525,1329.884439484682,1775.6798189836554,1363
NB30,93,18-44,0.730974,0.7377908980847858,0.6181968903258332,0.881671227227925,11239.983776,11618.087244396098,10159.902571717277,13295.451412696391,10113
NB30,93,45-64,0.738499,0.7456434031884447,0.6331645442796349,0.8786955886080433,6819.71592,6330.596782205161,5497.459412886995,7286.378622600809,4638
NB30,93,65+,0.663033,0.6667097146916368,0.5732465356833788,0.7743852765494164,1543.17099,1419.7628585985512,1232.1746354608913,1646.7301065065549,1265
NB30,94,0-5,0.901591,0.9400324710346817,0.7854771141198162,1.1240997962204078,893.053167,899.4675422972068,781.2476667750161,1039.9845764772035,951
NB30,94,6-11,0.941316,0.9737535060081213,0.8258248138667412,1.152053786397389,444.707816,476.82990838959813,415.8662553508766,548.1256399583071,476
NB30,94,12-17,1.089229,1.1815553471015916,1.0120299024925403,1.3697380576011535,1524.733851,1485.3903618215118,1275.9120538791176,1712.3522757892497,1644
NB30,94,18-44,0.731714,0.7590178123182123,0.6346431273944038,0.9102173431144839,10488.171941,10734.482385005802,9328.518813811243,12325.277662493289,9150
NB30,94,45-64,0.739869,0.769438152726523,0.651054036971938,0.9109311292798613,6387.068348,5990.2448464012705,5207.2268600082025,6826.612238226458,6554
NB30,94,65+,0.664866,0.6880575442175381,0.5905005740237559,0.8028702442196496,1451.328661,1351.8973600591999,1172.002427588508,1560.3008413558127,1670
NB30,95,0-5,0.900436,0.9454534510178509,0.7967847141753066,1.1318064317266148,824.002213,849.8827304050792,735.8561496997718,980.7607091385871,839
NB30,95,6-11,0.940421,0.9835329199944783,0.839848640899825,1.1642340999653826,409.461528,434.9745277632028,378.42751370044425,498.48104439210147,338
NB30,95,12-17,1.088446,1.1960702124923626,1.029070257784913,1.3911913136328096,1405.19229,1420.8800244047306,1220.6192044490017,1644.4445789684542,1443
NB30,95,18-44,0.732392,0.7714462323820221,0.6504467016426297,0.9244903896123736,9787.258972,9929.846569953486,8612.012991573662,11408.888645198196,10122
NB30,95,45-64,0.741173,0.7828228499769029,0.6642647798235544,0.9227408345520245,5982.006074,5693.714101526886,4958.463151810691,6506.395222238731,4672
NB30,95,65+,0.666637,0.7008118287312834,0.6019077395088722,0.814813243048292,1364.908291,1279.3232835631934,1109.5670022587292,1473.5991395972087,1236
NB30,96,0-5,0.899222,0.9431420463623101,0.7915747260160971,1.1293520382865239,760.424181,788.243023653049,683.0561915640719,907.1737038767897,833
NB30,96,6-11,0.939465,0.9807530477374242,0.8338670234164951,1.1598373344239474,377.080302,393.6081718900241,341.56032014405355,452.2568007913767,528
NB30,96,12-17,1.087587,1.189879658333432,1.0275451571277765,1.3804360304858871,1295.435588,1347.9251843204256,1170.1090963373426,1548.0740072985645,1048
NB30,96,18-44,0.733005,0.7745270954954373,0.6506916729958655,0.9272034603611443,9133.660439,9228.062883567065,8017.990235336125,10692.50841397047,9423
NB30,96,45-64,0.742408,0.7847057393271513,0.6664130349279295,0.9247055396224324,5602.716436,5392.9241243945435,4710.831750120502,6200.64496921096,7081
NB30,96,65+,0.668346,0.7028193883726648,0.6037472728555142,0.8182389687526938,1283.587053,1208.061104786757,1050.3613841457409,1396.3781173620373,1068
NB30,97,0-5,0.897947,0.9355008210890331,0.7861961632990613,1.112525813949823,701.860473,725.6406163533684,628.9800839214586,834.507402338786,1010
NB30,97,6-11,0.938445,0.9730805192534994,0.8271584220483899,1.1463822221448283,347.318863,354.77668086625636,308.55012660333887,407.5371426381171,319
NB30,97,12-17,1.086649,1.1709816817840653,1.0108523521314927,1.3518817912812673,1194.595641,1272.341485099867,1106.9341243591625,1463.2911198283546,1463
NB30,97,18-44,0.733553,0.7722338100056432,0.6490450646120955,0.9190464556021414,8524.047648,8605.395716612227,7501.8382864668965,9971.576310596429,8673
NB30,97,45-64,0.743572,0.7795378298707896,0.6638234212322235,0.9153882744139824,5247.503381,5099.628509532195,4428.394597633742,5881.5310121923685,5615
NB30,97,65+,0.66999,0.696499848133952,0.6006643438789161,0.8092625946473054,1207.059539,1140.7165865632123,994.8477141871117,1318.1942315106862,949
NB30,98,0-5,0.896607,0.9261695869075348,0.7791607770146614,1.1021559020728242,647.893577,665.8691903080326,573.3077454585582,767.6488607595675,497
NB30,98,6-11,0.937357,0.9591779459561449,0.8158949266241676,1.1321622170881955,319.954262,318.72860901849344,277.3490229509771,370.0198645410128,371
NB30,98,12-17,1.085628,1.1410659505277032,0.9802230544760572,1.3244092353125847,1101.888713,1199.6807988265064,1046.8022401831113,1391.6565458958503,1543
NB30,98,18-44,0.734032,0.7650333493570901,0.6425193183344132,0.9120777194540487,7955.331194,8120.1824470749125,7069.04935472738,9396.349792470224,7351
NB30,98,45-64,0.744663,0.7739956196490425,0.6578173611108399,0.90978070814891,4914.781706,4819.257420902606,4188.779202528764,5568.268330584746,4586
NB30,98,65+,0.671568,0.6879741669081068,0.5924322912364285,0.7968800550615021,1135.037362,1084.4673139181104,940.1043293546536,1249.1819692240097,1489
NB30,99,0-5,0.895199,0.9049949968581947,0.7607600977092096,1.0770986631793995,598.143158,612.675390902441,530.8479369636625,711.2604130930267,479
NB30,99,6-11,0.9362,0.9336412537970331,0.7936863313813252,1.10036355122319,294.783728,289.3584055346437,250.54153414582834,334.29129480198026,233
NB30,99,12-17,1.08452,1.1084972551587318,0.9543387045728763,1.2836633261014896,1016.606612,1119.6243830581661,979.3062091530301,1290.0737979731057,688
NB30,99,18-44,0.73444,0.7475759188421232,0.6277905191853655,0.8899589886571052,7424.645107,7696.7481600847095,6719.512238509953,8876.059242783114,8198
NB30,99,45-64,0.74568,0.760555891473985,0.6457752768535434,0.8946863865751985,4603.071171,4560.022466872353,3957.4621089766733,5262.23906131601,4028
NB30,99,65+,0.673078,0.6726392783964421,0.5777820694865388,0.7811323892481606,1067.248648,1029.2144517645938,896.3769686752348,1177.490238481434,1122
NB30,100,0-5,0.893721,0.8750202227278266,0.7337257551550278,1.0411711272335138,552.262545,561.9422331459355,490.7641544130165,651.1339897997677,461
NB30,100,6-11,0.934972,0.9037583094584104,0.7667376491965051,1.0640853436071593,271.622741,261.9234165297821,227.09992442512885,303.22362339217216,281
NB30,100,12-17,1.083323,1.0669861968158667,0.9158348872498053,1.2383967805031035,938.108836,1032.5450842140708,906.9510360464919,1189.0556381542701,1068
NB30,100,18-44,0.734777,0.7255623856842404,0.6084318480834014,0.8637453199625377,6929.33166,7255.980370117351,6343.045557294041,8350.717950350605,8412
NB30,100,45-64,0.74662,0.7443051228993462,0.6302008616152249,0.8758759028375116,4310.990614,4349.841178100556,3780.2539645121433,5008.230545995291,3869
NB30,100,65+,0.674518,0.6572054523464133,0.5633525076605915,0.7635275815481876,1003.437446,965.2082453505136,843.9490649871877,1105.8330108933733,716
NB30,101,0-5,0.892172,0.8425747883734211,0.7083815805001605,1.0004247153265498,509.935566,518.7563035250641,452.6072439884301,598.022453059908,761
NB30,101,6-11,0.933669,0.8775043947177783,0.7458603368269192,1.0330113851528555,250.30329,237.9303384986706,205.8796935081482,275.0375131126493,276
NB30,101,12-17,1.082034,1.0233684251459194,0.8812150027025853,1.188477969809256,865.815563,941.4283914619591,834.372031448409,1080.9570743490476,1606
NB30,101,18-44,0.735039,0.7030614156366543,0.590638536218074,0.8363630283426469,6466.926908,6781.61938251555,5893.118407411501,7788.809523169883,6149
NB30,101,45-64,0.747482,0.7223352953496058,0.6121837116941932,0.8515183704027139,4037.252123,4151.984122808091,3608.0290785208344,4766.296035943087,3791
NB30,101,65+,0.675888,0.6368277814092475,0.5465712351291675,0.7412036868439424,943.363086,895.796789776592,783.7061226850711,1024.2402390146744,1129
NB30,102,0-5,0.890549,0.8138631004337229,0.6821264622013842,0.9698718656107583,470.873693,478.69998798379675,415.9829229165334,553.2444869147148,434
NB30,102,6-11,0.932291,0.8551913494811134,0.725073210138495,1.0083793060707946,230.67231,217.42442816961557,187.90150552382693,251.02382751181722,172
NB30,102,12-17,1.080649,0.9901825753004598,0.8501836998364143,1.1506920719275668,799.201407,851.6140103619546,753.5096159458626,980.5824579184409,620
NB30,102,18-44,0.735227,0.6806581861509428,0.5694943634331951,0.8124159614960847,6035.146988,6262.168058036827,5420.3554201722145,7191.919974830933,6624
NB30,102,45-64,0.748264,0.6992355789929159,0.5907915509267156,0.8276637136157992,3780.655345,3957.738228720613,3443.240925044287,4555.167718031444,5543
NB30,102,65+,0.677185,0.6177121943570558,0.5284106611918349,0.7202877731857792,886.799497,826.6088023106568,725.3946338625974,959.8612666903646,803
NB30,103,0-5,0.88885,0.7962676451899047,0.6700302939679202,0.9486120995245805,434.813468,438.32403359771706,379.9541333760135,507.66248093917966,476
NB30,103,6-11,0.930835,0.8458232247059467,0.720469348035515,0.9970174804111408,212.590278,200.91891928436235,172.8061113585718,231.66493358882144,208
NB30,103,12-17,1.079168,0.9820269962176178,0.844517986012583,1.1365918089547213,737.78986,764.5559958554804,676.2035975977778,880.3267325432971,745
NB30,103,18-44,0.735338,0.6691260285951999,0.5621367167847858,0.7977553481895419,5631.875185,5762.45143853128,4997.943938266486,6599.922275907043,6388
NB30,103,45-64,0.748965,0.6890440269720548,0.5831895844728164,0.8113084188450123,3540.081974,3759.36944480706,3254.7110747257248,4324.398434062023,3761
NB30,103,65+,0.678408,0.6103419273641151,0.5227719326706469,0.7093277807293696,833.534501,760.737063361099,666.9543376023648,887.357769171067,828
NB30,104,0-5,0.887073,0.7931997006782757,0.6694646793123682,0.9436370054884737,401.514187,399.4245121607091,348.71426421543583,462.76869869069196,390
NB30,104,6-11,0.929301,0.850130298069386,0.7266252232287443,0.9991345376346026,195.929937,186.157924501691,162.14701437670738,215.60136159462854,141
NB30,104,12-17,1.077588,0.9957235396342151,0.8567386200112884,1.1537916668291641,681.148319,690.8148976493394,608.2521803295706,801.3055269096512,586
NB30,104,18-44,0.735371,0.6695286910763628,0.5655615422912103,0.7962444352162393,5255.149775,5301.8116668295115,4615.404907695018,6060.428109653294,5054
NB30,104,45-64,0.749584,0.6914927013309671,0.5880150134678465,0.8156231338661383,3314.490442,3543.1286242436618,3074.0211518849246,4042.302267025225,3528
NB30,104,65+,0.679557,0.6150374038600139,0.5293268438270184,0.7158443275267171,783.369109,709.0631739600212,612.9790700824233,825.0204592148075,617
NB30,105,0-5,0.885219,0.8108607268277626,0.6825438946261142,0.9604980323125607,370.755798,365.36416065343656,318.1991469517816,423.09517394867726,433
NB30,105,6-11,0.927687,0.8703227632864532,0.7433260920260422,1.0167112851070295,180.575156,176.26902664033696,153.2315008463338,203.16386610036716,216
NB30,105,12-17,1.075908,1.022321702656577,0.8820687172352104,1.1849940561592436,628.883674,632.0273090042174,551.1677332096733,733.3669509489555,612
NB30,105,18-44,0.735325,0.6857828394111705,0.578380496008923,0.8103942037110065,4903.152624,4879.255269679241,4239.924559883773,5601.10590185225,4637
NB30,105,45-64,0.750119,0.709106288913834,0.6022308215130248,0.8317719609121014,3102.910852,3311.705267949961,2893.846924416721,3800.1478833737783,2170
NB30,105,65+,0.680629,0.6334695771713872,0.5449267727886427,0.7345561741000536,736.116803,668.6688692461466,576.0339275694569,774.4132940805866,577
NB30,106,0-5,0.883285,0.8385632201020492,0.7033902740869288,0.9988754654732321,342.337016,333.64787911227904,288.94767511240207,389.2022351908963,254
NB30,106,6-11,0.925991,0.8931232146341515,0.7591515822623658,1.051019245558747,166.419894,165.3272640928626,144.46077737445012,192.81180132739246,147
NB30,106,12-17,1.074125,1.0475420513244393,0.9022531847172897,1.2156493494353549,580.638349,582.4196423601825,504.39707412198186,675.8506055481266,513
NB30,106,18-44,0.735199,0.7026072872272247,0.5898600806224216,0.837116004009447,4574.198534,4497.925784776919,3891.7376932539046,5187.812301157042,4011
NB30,106,45-64,0.750569,0.7247001555056862,0.6151911388032179,0.8535630764678194,2904.440141,3096.826093337033,2712.4110814277083,3560.8593714302406,2961
NB30,106,65+,0.681624,0.6532316166150334,0.5609941660593109,0.7595064886882369,691.602843,629.2601824871381,543.7066218262771,729.3286369392881,717
NB30,107,0-5,0.88127,0.8708991465376642,0.7316573961358496,1.0358076110707424,316.073606,306.1673185711261,263.44571379967965,356.92115733167157,270
NB30,107,6-11,0.924214,0.9153445306519673,0.7782950057359802,1.0780190710037372,153.367272,154.51664923131466,134.34979811450467,179.47069567767903,182
NB30,107,12-17,1.072239,1.0653325756722238,0.918170759813916,1.2338731961476113,536.086786,537.5259733027779,463.4194422571454,619.0445323001234,552
NB30,107,18-44,0.734992,0.7194255229530603,0.6037262156560989,0.8572083683025992,4266.725293,4138.740371962078,3580.083014097996,4770.6430310718715,3927
NB30,107,45-64,0.750934,0.7363634473116125,0.6245834412279788,0.8682965799176678,2718.237517,2874.0212121009827,2526.103359702509,3299.18533947831,3611
NB30,107,65+,0.682541,0.6708033300921443,0.5758946610275391,0.7797972553509576,649.66358,592.9219301462872,510.91122307564365,686.8887342676753,399
NB30,108,0-5,0.879174,0.9046322340685339,0.7624651841031861,1.0766886795335282,291.796842,283.00584327755496,244.85912313265726,328.09776376513764,251
NB30,108,6-11,0.922355,0.9433724254100304,0.80467878374947,1.112098742696268,141.328724,143.16259892610833,123.94706951640546,168.35732586774975,158
NB30,108,12-17,1.070249,1.0815134400724964,0.9319092700880695,1.2558832862678013,494.93229,496.1605202732608,428.5243087776471,574.6396228091326,428
NB30,108,18-44,0.734703,0.7391641063070584,0.6226199437662282,0.8810386739274646,3979.284421,3825.567965755239,3323.331987960264,4389.70093038585,4478
NB30,108,45-64,0.751212,0.7532878499211167,0.6390840216463505,0.8878766427968532,2543.52013,2654.1995210056193,2322.6420232378878,3051.1109264376573,2948
NB30,108,65+,0.683379,0.6916872584475848,0.5940570681013128,0.804729479393126,610.145792,558.9893616894842,479.9854872293654,651.478033856838,753
NB30,109,0-5,0.876996,0.9310327621038756,0.7813471369668004,1.1053223295774632,269.352107,264.2193628703244,229.4476415135432,304.32776827248745,236
NB30,109,6-11,0.920412,0.9735449768550125,0.8262120971457876,1.143323698030407,130.223243,133.18651366746053,114.36888426241933,156.3692404194735,113
NB30,109,12-17,1.068153,1.0913157032931018,0.939655037388265,1.2644590320028715,456.904218,459.71091615827754,398.11243971507065,531.4445818453096,472
NB30,109,18-44,0.734332,0.7587960630597749,0.6355669334616785,0.9022547206182933,3710.532561,3568.46414851211,3105.404514652677,4118.818027338013,2842
NB30,109,45-64,0.751402,0.7722670990733578,0.6550629744326693,0.9076872957161105,2379.559015,2436.2358822184615,2130.795075063128,2821.1121400534175,2245
NB30,109,65+,0.684136,0.7145417994888105,0.6139679363244058,0.8287593922212272,572.906045,537.2508447795408,463.40431695187,621.3765162021737,333
NB30,110,0-5,0.874736,0.9436732874396012,0.79487273881557,1.1202046072889233,248.597626,249.87565130204894,217.23391118692234,287.62124230735935,272
NB30,110,6-11,0.918385,0.9970567488009232,0.850656995823035,1.1711410304227157,119.976688,125.64626958034933,107.60871374420822,147.23337993770838,86
NB30,110,12-17,1.065951,1.0992207889739738,0.9479938574216803,1.2753601730131405,421.755459,425.61870142561384,369.3540173934307,490.47815109346993,454
NB30,110,18-44,0.733877,0.775831282064462,0.6534149681599468,0.9228182823792659,3459.223492,3364.7304735099897,2932.9996037827805,3896.2134111160412,3213
NB30,110,45-64,0.751505,0.7915857853795987,0.6740524583439191,0.9307002291366965,2225.675271,2252.3692378303967,1962.0410097707063,2615.5764641365968,2482
NB30,110,65+,0.684813,0.730832600374445,0.6300452079450629,0.8485554010558491,537.810079,522.273055399186,452.6964130453998,602.2671690046554,454
NB30,111,0-5,0.872393,0.9379989227879459,0.7883845691265392,1.1183305737608067,229.403323,234.89579927618615,204.40038907993585,271.653396576643,248
NB30,111,6-11,0.916275,1.00167602514323,0.8546585042129258,1.1803856079372426,110.521164,119.30157985724509,102.44082600390539,138.91356737539172,106
NB30,111,12-17,1.063643,1.1068352480921813,0.9534813426941522,1.2823299580417018,389.260177,391.6880343633238,340.3966881057713,449.9845301617921,593
NB30,111,18-44,0.733339,0.7853809043485849,0.6606967255294337,0.9368714405318406,3224.200722,3182.1974667077884,2783.26261480432,3689.139266989194,3402
NB30,111,45-64,0.751518,0.8086740249795161,0.6861336459088485,0.9523347016806435,2081.236489,2089.31539819343,1811.24420757778,2419.543388065882,1434
NB30,111,65+,0.685408,0.7387028199158037,0.6338409063245759,0.8596295308538375,504.732223,505.27704698964953,438.04558029794134,581.1435310204397,645
NB30,112,0-5,0.869967,0.9131408526437165,0.7679789668053846,1.0898603307026735,211.649779,219.36619985289872,190.46607639454305,253.02748139132746,255
NB30,112,6-11,0.91408,0.9809559290543571,0.8364597893315787,1.1588879486631292,101.794461,112.81176221277565,97.43873859730087,130.83384816674516,115
NB30,112,12-17,1.061227,1.1088259388520971,0.9540209947684779,1.2864508700159474,359.211796,358.3186623249203,311.89621399040334,412.6107318608556,292
NB30,112,18-44,0.732717,0.7788115314796789,0.6555393891280181,0.9291930072701089,3004.390634,3010.3091137977317,2633.2234607562423,3461.6291092960164,2661
NB30,112,45-64,0.751442,0.8098875858812775,0.6862392579638935,0.9539662077210265,1945.653407,1962.0026753460988,1687.9389784601517,2269.0289703188464,1927
NB30,112,65+,0.685921,0.7311072057155714,0.6275000455091402,0.8502837933990911,473.554834,483.4022245721717,417.1422699398827,553.6893570909742,553
NB30,113,0-5,0.867459,0.8789497348949495,0.7375953094347157,1.0435986035507534,195.227296,202.65167846530676,176.03692401060835,234.4744676204864,222
NB30,113,6-11,0.911801,0.940345615103404,0.7997085853182957,1.1042345590674008,93.73954,105.74111166456714,92.27443574182689,122.75702051771805,121
NB30,113,12-17,1.058705,1.1029282908153832,0.9486171591622917,1.2791763890492034,331.421179,325.46324598859064,283.5684305559844,377.1038968365174,287
NB30,113,18-44,0.73201,0.7598754038276434,0.6389400709265797,0.9011238152677238,2798.79614,2830.6280753891915,2474.985101185739,3251.6342214038596,3337
NB30,113,45-64,0.751275,0.7945820041840126,0.6751451741404564,0.9342579988251298,1818.376799,1879.691217857413,1621.2971471482888,2164.5883782622404,1538
NB30,113,65+,0.686351,0.713143292575829,0.6116922543776515,0.8309262232181797,444.167771,451.73814506683266,390.113036305469,516.5000233551254,522
NB30,114,0-5,0.864867,0.8390036991192067,0.7063903061401658,0.9990645416399959,180.035041,185.42642539204098,161.8749409466982,214.84065964701585,175
NB30,114,6-11,0.909438,0.8917739888195769,0.757627789748479,1.0526843455841965,86.304077,96.93686287663877,84.99014662671834,113.42195416102186,162
NB30,114,12-17,1.056074,1.087510261670002,0.9340420057791969,1.2608943676225783,305.71501,298.06301567237824,256.804089874262,348.4551804640796,252
NB30,114,18-44,0.731218,0.7303193696693232,0.614216442059804,0.8700355770790421,2606.490821,2641.32602888532,2315.021460262127,3035.1348318485543,2942
NB30,114,45-64,0.751019,0.7667646842747217,0.6496632027191288,0.9042879145423584,1698.894558,1801.1956203910522,1566.555476872716,2065.9719566730782,2245
NB30,114,65+,0.686697,0.6912936745057127,0.5902165522813007,0.8052622897379842,416.467898,417.41473764937837,362.40953379456187,481.8163052873417,420
NB30,115,0-5,0.862192,0.8096321115793723,0.6815031167146204,0.9656976780933075,165.980273,169.458147672005,147.29950472479686,196.19697363954037,175
NB30,115,6-11,0.90699,0.8574665661825511,0.7297302595829012,1.0141802921290324,79.440042,87.61327515309677,76.41284060291946,101.85514841042459,67
NB30,115,12-17,1.053337,1.0745076380677725,0.9257601942556087,1.2460671709339914,281.934324,277.65732053644024,239.15431543276645,324.3251974291634,222
NB30,115,18-44,0.730341,0.7092388841031608,0.5975197061506347,0.8448520723085302,2426.613508,2449.000728018582,2134.9822864811867,2805.6710623586414,2187
NB30,115,45-64,0.750671,0.7446936080361577,0.6325122788760875,0.8743903314411593,1586.729004,1722.7676185583696,1501.7387199830264,1971.2894024057314,2289
NB30,115,65+,0.68696,0.6762828170388059,0.578953570325475,0.7845405885216491,390.358607,385.31138529410237,334.2737184673897,447.72439633036265,395
NB30,116,0-5,0.859434,0.7834212631719063,0.6588773064693271,0.9354616674386325,152.977641,155.07739336998202,134.6137005391065,179.67867050110362,140
NB30,116,6-11,0.904458,0.8289692873900798,0.7059428697811896,0.9823413637431191,73.103323,78.09665002138354,67.35861422680318,90.76743468362838,89
NB30,116,12-17,1.050492,1.0600699111700929,0.9120729706491685,1.231624126490604,259.9332,263.5378338119481,225.9635844293516,308.265247609932,332
NB30,116,18-44,0.729378,0.6912684241074585,0.5836082688537397,0.8241819484922929,2258.36329,2266.8709234958515,1978.9156749658287,2606.119785597548,2273
NB30,116,45-64,0.750232,0.7283543675335638,0.6186313163791023,0.8574400234646836,1481.434361,1629.761505829636,1432.5419291770086,1869.1612586537376,1192
NB30,116,65+,0.687138,0.6694179126754736,0.5741106373524125,0.7784524661566443,365.749378,362.2273028405034,312.9007340433309,423.1972667662776,321
NB30,117,0-5,0.856595,0.763262753954207,0.6413725202063317,0.9109857787288916,140.948547,140.39478768408298,121.9326244215481,162.18017196794972,180
NB30,117,6-11,0.901843,0.8094853086772488,0.6883383860809843,0.957820658115569,67.253379,68.67456762772053,58.304100738372654,80.23365070624277,75
NB30,117,12-17,1.04754,1.0472935043856075,0.9009155242120009,1.2153125555578639,239.577569,252.35077898483723,216.98814181797206,293.87041729176417,200
NB30,117,18-44,0.72833,0.6794215078809296,0.5721083162620343,0.8084177272045333,2100.994901,2110.9868391491473,1845.062736123521,2415.4742896212265,2448
NB30,117,45-64,0.749702,0.7196186710831256,0.6095734518459263,0.8466526695312282,1382.59443,1531.5964621030726,1334.1314938678406,1760.0989608382806,1659
NB30,117,65+,0.687231,0.6707119265844439,0.5738669181704373,0.7794935369441187,342.555365,346.2719553352217,298.1781079280772,403.1512913687038,282
NB30,118,0-5,0.853673,0.7534768097873984,0.6296652006754009,0.9047105766090148,129.820569,126.18109880085103,109.1926503512077,145.86053435341455,98
NB30,118,6-11,0.899145,0.8010679977571894,0.6782243824830082,0.9531944066436222,61.852934,59.84939329093322,50.58312629768625,70.21054642321542,61
NB30,118,12-17,1.044481,1.0354531839998256,0.8910187874273716,1.2004930232401825,220.744158,240.68269341927953,207.93367630103603,280.20417989534326,237
NB30,118,18-44,0.727197,0.6741258847343601,0.5661469423040304,0.8061057542613536,1953.814466,1951.367664241232,1699.3289018394426,2232.6181842535734,1524
NB30,118,45-64,0.74908,0.7148104624552136,0.6075223338111908,0.8399442627399353,1289.820418,1427.9851839384064,1244.420678941533,1638.5361353643239,1556
NB30,118,65+,0.687239,0.6734340861723553,0.5772137271090917,0.7816963325248202,320.697,333.06323127867654,286.1531670510303,386.4399720368092,331
NB30,119,0-5,0.85067,0.7489924711223238,0.6267805315467407,0.8974043515948624,119.526931,112.90704008587636,97.3803421696648,131.6078946844209,105
NB30,119,6-11,0.896363,0.8006849406356363,0.6776993326785081,0.9515578762898728,56.867689,52.124054783023894,43.81752555584535,61.326100413221866,38
NB30,119,12-17,1.041317,1.0266507777396967,0.8846035558852237,1.193909614271965,203.319519,228.5210273489356,198.29433627962135,265.7272070813924,298
NB30,119,18-44,0.725979,0.6748440283508084,0.5666127444502269,0.8064722515578874,1816.175591,1797.8444032520056,1564.6878424675904,2064.86169607006,1896
NB30,119,45-64,0.748366,0.7181870332292339,0.6092505024979096,0.8473580079287807,1202.748939,1322.818953242153,1146.6442240732722,1513.7572460388765,1318
NB30,119,65+,0.687161,0.6780718639582777,0.5810544709048516,0.7897451462368258,300.099633,321.02019299182575,276.1139822611003,373.89387669280404,289
NB30,120,0-5,0.847586,0.7463996576737797,0.6260782277580814,0.8948798257348698,110.006028,100.63635052088648,86.67854458955117,117.19319876562804,130
NB30,120,6-11,0.8935,0.803363476312482,0.6832738835486147,0.9519556079394501,52.266069,45.53480065357871,38.30995668610558,54.028251530602574,32
NB30,120,12-17,1.038046,1.0215415600368907,0.8795028107580468,1.1891494172906025,187.199169,215.2924376197625,185.7674224798102,250.213588579325,228
NB30,120,18-44,0.724675,0.6762973579035377,0.5702875942313586,0.8068638135657772,1687.475749,1653.836484413594,1447.6938668824732,1896.9949013367295,1695
NB30,120,45-64,0.74756,0.7211065618685526,0.6125193005560023,0.8530238773928347,1121.040146,1220.6324631809257,1057.3703701184131,1406.1662127706222,829
NB30,120,65+,0.686998,0.6768543709118713,0.5811034307183058,0.7887400711395475,280.693191,309.36159348179353,267.32576684386004,358.7714432232315,275
NB30,121,0-5,0.844423,0.7475080722760374,0.6265217273457057,0.8882207023691119,101.200993,89.31529127340764,77.10476199281402,103.83537260792218,68
NB30,121,6-11,0.890555,0.8069859325583777,0.6849126954769318,0.9489823552310749,48.018993,40.209491865709424,33.7821524515748,47.843671715352684,42
NB30,121,12-17,1.034671,1.01804750583146,0.8747005571635832,1.183859247600361,172.286804,199.71550861676224,172.81211992842145,229.68218703079037,126
NB30,121,18-44,0.723286,0.6770743852830998,0.569480006199024,0.8016028336426327,1567.152957,1522.514266227372,1329.3273324249312,1749.8543532416224,1665
NB30,121,45-64,0.746663,0.7207264605647987,0.6112932886382935,0.8484389052374941,1044.37602,1131.012570611667,975.9935861043632,1305.4395886668935,1234
NB30,121,65+,0.686749,0.6674644154998876,0.5712775701349793,0.7770251839960189,262.411853,293.8352336793323,254.32987478125142,337.40943752933526,368
NB30,122,0-5,0.84118,0.7565601514624842,0.6333125526329987,0.9050142620088384,93.059298,79.68305669329129,68.47029154933989,92.90435748896562,73
NB30,122,6-11,0.887529,0.8154907926353295,0.6920008382013002,0.9654838649056802,44.099655,35.91954677319154,30.219542484730482,43.103433050215244,26
NB30,122,12-17,1.031192,1.0085941279820003,0.8641127885455476,1.1725869090404442,158.493589,183.23785262810998,158.87918526050635,211.9445386710105,223
NB30,122,18-44,0.721812,0.6820419564907277,0.5725499463277817,0.8130102319427182,1454.682719,1392.6573870237917,1213.1801599180326,1604.8418596424162,1222
NB30,122,45-64,0.745674,0.7214460544565744,0.6087334447374163,0.8546201452629589,972.45877,1050.6481524514966,908.6684842910618,1214.541540990118,982
NB30,122,65+,0.686414,0.6588970006853669,0.5622297305772154,0.7696302417869846,245.193762,273.1818104041158,237.59377892489866,312.9418581202044,352
NB30,123,0-5,0.837858,0.761143302791688,0.636644948092031,0.9118777048491455,85.532395,71.38711614022031,61.29811714627432,83.55562254460528,57
NB30,123,6-11,0.884423,0.8211586612871948,0.695769067652311,0.9726989158409254,40.483338,32.58973398339003,27.276488553732634,39.17323911888525,42
NB30,123,12-17,1.027609,1.0007402474032974,0.8570659266358658,1.1646450466479386,145.737521,167.1199611830525,144.34023714764044,194.59001792636644,161
NB30,123,18-44,0.720253,0.6839588474097915,0.5743588996727825,0.81683773722213,1349.575211,1277.4060098528862,1111.417830065824,1472.8987102108076,1251
NB30,123,45-64,0.744593,0.7202186172152537,0.6082456922861176,0.8528674178788113,905.00937,975.567740379367,847.1613132813945,1129.139641982969,1178
NB30,123,65+,0.685993,0.6530035861304704,0.5575894044819453,0.762903189818014,228.980744,250.19225946191,215.5238430185127,287.5064890955109,252
NB30,124,0-5,0.834459,0.7668014789159618,0.6406421880725561,0.9213501137273441,78.575391,64.15511433850043,54.67182727763429,75.74859802634455,92
NB30,124,6-11,0.881238,0.8274986377671485,0.7009844296100826,0.9836023819006011,37.147238,29.759077625349164,24.91877187928185,35.84433477977291,25
NB30,124,12-17,1.023924,0.9963149904782078,0.8537678864555642,1.157701894532384,133.942846,151.2332682146225,130.30953493225388,176.19815354584716,175
NB30,124,18-44,0.71861,0.6884858945013748,0.5772841458951868,0.8237152325449162,1251.372683,1177.1289460565895,1025.4332662131637,1354.2207853142172,1084
NB30,124,45-64,0.743421,0.724533621604083,0.6100995159847828,0.8546143136378013,841.766194,908.5420923796482,793.3449581777677,1060.3951249606907,794
NB30,124,65+,0.685486,0.6544704457864577,0.5584812292256793,0.7621281299249136,213.718051,226.01416996406624,195.32782490475802,259.7668272279493,197
NB30,125,0-5,0.830984,0.7717559322932281,0.6435003569399481,0.9232351526915761,72.146747,57.769455393077806,49.06926309154369,68.316879671067,51
NB30,125,6-11,0.877975,0.8318705992134063,0.703223899932293,0.9845143343285274,34.070303,27.330118142068386,22.79167078854516,32.733694984577596,24
NB30,125,12-17,1.020138,0.9980924919431722,0.8564807727023757,1.16079224829253,123.039536,136.30412440164946,117.61142757384224,158.57017687358893,125
NB30,125,18-44,0.716884,0.6932101553823514,0.5811329868798335,0.8274854381678789,1159.647087,1089.4005456091836,951.7983925193548,1252.683257425204,1150
NB30,125,45-64,0.742158,0.730658554946839,0.6172205922824897,0.8651527830259507,782.483763,842.3240249534138,726.490529039409,981.8181102387607,1037
NB30,125,65+,0.684892,0.6600487899883396,0.5654819506874161,0.7704489256760082,199.354122,204.08617274928838,175.6529002111638,235.90167401143117,220
NB30,126,0-5,0.827433,0.7787333526037591,0.6504155921732163,0.9319919182305612,66.208008,52.19086790084839,43.92875827057287,62.02157168742269,61
NB30,126,6-11,0.874635,0.835020988437774,0.7050644786445369,0.9900230137023647,31.233092,25.166527777910233,20.90180042339489,30.122992750722915,25
NB30,126,12-17,1.016252,1.0011794100561695,0.8574919539534005,1.1678901836064122,112.962808,122.73637202824466,105.91014266922139,142.51689680316485,106
NB30,126,18-44,0.715074,0.6980080623920968,0.5843883242939307,0.8338826990113789,1073.997876,1010.8925507925451,884.1165415579453,1161.9506758749485,1169
NB30,126,45-64,0.740804,0.7387830989530095,0.6217232550964824,0.8809426324677263,726.931589,779.4998224028386,671.6524096187204,909.988233408425,581
NB30,126,65+,0.684213,0.6696392460294696,0.5708336245568623,0.7868830441941399,185.840366,184.1642319620587,159.57128987868782,214.14096937834984,151
NB30,127,0-5,0.823808,0.7947686106926379,0.6676343557737539,0.9504793982026092,60.723552,47.85870577278547,40.38530032685958,57.39783486165106,39
NB30,127,6-11,0.871218,0.8407976720129253,0.7144111057800223,0.9952305992466303,28.617638,23.273377418983728,19.33298501671525,28.04043182870373,36
NB30,127,12-17,1.012266,1.0011993351530664,0.8585368960228271,1.1658886890458473,103.652698,110.65353169990703,95.08879239228554,128.1879064545501,93
NB30,127,18-44,0.713181,0.7061779334351898,0.594415064261099,0.8414980867582662,994.049992,940.2372183669358,819.213434254448,1073.7657224852592,873
NB30,127,45-64,0.73936,0.749290524889578,0.6315919150128735,0.886436135888792,674.893101,726.4185635410249,631.9072329397313,842.7992168217897,659
NB30,127,65+,0.683448,0.6804193781902852,0.5812978734006821,0.7939411713186956,173.130951,168.17240996676264,146.28916905849474,195.75578014337225,146
NB30,128,0-5,0.82011,0.8120609654227287,0.6795504141784351,0.9689857477555541,55.66037,44.757015637122095,37.67110321717337,53.50881383148953,30
NB30,128,6-11,0.867726,0.8469005690111997,0.7176006542323612,1.0010713371477253,26.207334,21.488508151844144,17.719868516083807,26.02812311798334,14
NB30,128,12-17,1.008184,0.9949058456457505,0.8521690360329025,1.159858810125379,95.053661,99.02432919759303,85.45910372165963,115.58436617976986,123
NB30,128,18-44,0.711206,0.7129474447772277,0.59894047704335,0.8484003935833383,919.452012,868.4150517974049,755.5409629223868,993.5303080733865,702
NB30,128,45-64,0.737825,0.7545499069480388,0.637489182929703,0.8917899661863041,626.164663,679.9918531291187,592.7413960516336,790.8567453231663,675
NB30,128,65+,0.682598,0.6860039832097719,0.5860041726211415,0.8012633913463327,161.182615,154.51012904773233,133.92655581565487,180.3980645390693,117
NB30,129,0-5,0.81634,0.8189861009822428,0.6848637958407714,0.9749769893053235,50.987854,42.303206626093015,35.42363113979809,50.479298409074545,42
NB30,129,6-11,0.864161,0.8452646256959717,0.7147894510701401,0.9994688128401575,23.986818,19.75764107843861,16.237934436183423,24.027548890560865,19
NB30,129,12-17,1.004005,0.9818888247333573,0.842521215138789,1.1437137136928082,87.114221,88.20182579569519,75.74196296441369,102.57641597511247,82
NB30,129,18-44,0.709149,0.712009723989514,0.5982383403321645,0.8461353625093403,849.874446,800.1376723032445,694.445854138583,918.0343616921455,1025
NB30,129,45-64,0.736201,0.7514173007000746,0.6372975953162248,0.8893319053249081,580.554668,632.8399966075085,554.180449955631,734.2459001168609,796
NB30,129,65+,0.681662,0.6815639000756735,0.5834043798423051,0.7967238396678606,149.954495,141.98777782765683,122.88848096819129,164.67940576776164,215
NB30,130,0-5,0.812499,0.8275191554059628,0.6911431242031717,0.9857082964834767,46.677609,39.87817172612995,33.415264149196446,47.65541385835968,39
NB30,130,6-11,0.860523,0.8482891936548869,0.7161844437009705,1.0038485778654407,21.941877,18.033661853987724,14.714236928150058,22.009274809621274,24
NB30,130,12-17,0.999731,0.9700721611491433,0.8319872736830645,1.1280132256136695,79.786639,78.2612779319752,66.89293137798086,91.08960972400382,74
NB30,130,18-44,0.707012,0.7154253601985219,0.600077722235892,0.8509393954676179,785.008172,736.1876262100413,640.5407123770565,845.7265118090436,574
NB30,130,45-64,0.734487,0.7533013813367091,0.6365820784091204,0.888105157781078,537.882695,589.2073984425515,513.831069341395,681.9484375398606,507
NB30,130,65+,0.68064,0.6823215360880677,0.5834391625549706,0.7962188223601122,139.407956,129.88549883652013,112.589915458404,151.3005797972437,112
NB30,131,0-5,0.808589,0.826470298719032,0.6877636800060627,0.9829903058654117,42.703286,38.041458013583906,31.959693670039997,45.362519543617964,43
NB30,131,6-11,0.856814,0.8475192925295587,0.7121405292325975,1.002048660056406,20.059354,16.62128537008539,13.466389650013298,20.432956357486546,12
NB30,131,12-17,0.995364,0.9566571772165103,0.8183593336390944,1.114598821918209,73.026623,69.32822336209938,59.52558581996709,80.76479809894226,86
NB30,131,18-44,0.704794,0.7145124251001481,0.5953059897881543,0.8489100816733399,724.562992,683.9133586827666,593.2831365047023,784.2571528451517,735
NB30,131,45-64,0.732686,0.7492780306497837,0.6306362199072263,0.8871072791381738,497.978743,549.5217098998837,480.36555415811017,633.2907916586846,485
NB30,131,65+,0.679534,0.6813609886023377,0.5807168236020013,0.7978901770127778,129.506448,120.03043742506998,104.04992103757104,140.1550659929053,138
NB30,132,0-5,0.804612,0.8164095389900741,0.6827870679480177,0.9807880524897452,39.040421,36.10333552607335,29.965975279157284,43.042729339329526,52
NB30,132,6-11,0.853034,0.8361149424232879,0.70498526133803,0.9986661433077623,18.327067,15.237921231426299,12.26880501350388,18.837372404988855,13
NB30,132,12-17,0.990905,0.9358800055866545,0.8020966795849765,1.091553733282974,66.793057,61.066172474762425,52.08491324959323,71.42591517721303,84
NB30,132,18-44,0.702497,0.7019871216574823,0.5881503900195613,0.8427483394167155,668.266317,635.5145499752834,552.5320568276104,731.7776766037568,527
NB30,132,45-64,0.730796,0.732370271470354,0.6194648348156431,0.869415392679426,460.68252,511.12365730991587,445.0196061017923,588.9562256219797,330
NB30,132,65+,0.678343,0.6718231278122341,0.5739813292366671,0.7874779645280127,120.215363,111.3613669431652,95.6218081691768,130.57127625285648,105
NB30,133,0-5,0.800568,0.8036453268053809,0.6687969047538954,0.9601428675597158,35.66629,33.80675526405685,28.099117764038965,40.518883768469095,28
NB30,133,6-11,0.849187,0.8201874472546837,0.6881488601017616,0.9750969513418726,16.733732,13.911472643259913,11.218933565542102,17.25242603570223,15
NB30,133,12-17,0.986356,0.9128076088512787,0.7789337367394814,1.0631642587959758,61.047753,53.63314766460098,45.23427333519794,62.87733771465719,44
NB30,133,18-44,0.700121,0.6846782944059748,0.5704896374588516,0.8172245233398023,615.861947,589.3779582651332,508.85190825443715,680.1490131570026,764
NB30,133,45-64,0.728819,0.706277108314431,0.592925246957442,0.8359561539972294,425.842792,471.30445218924433,411.71739071654156,540.413479196839,703
NB30,133,65+,0.677069,0.6563476061072406,0.5582053652493636,0.7677717165954183,111.501909,102.8029132738011,87.65206659864634,120.7988903549267,84
NB30,134,0-5,0.796459,0.794352865593204,0.663604995976269,0.9491622486346541,32.559783,31.32799912453629,26.145537375827555,37.60219754790887,26
NB30,134,6-11,0.845272,0.8069032067695769,0.6802610300627067,0.9595879592269667,15.268889,12.633589509408921,10.16756351199001,15.769133126363158,17
NB30,134,12-17,0.981719,0.9008417357350407,0.7720880291437453,1.048063800407075,55.75523,47.1887935239356,39.63740867841989,55.693547615082934,34
NB30,134,18-44,0.697667,0.6704195977613212,0.5622021561976988,0.8011484114611566,567.108956,545.312503409572,471.07918999064714,628.2839594297111,557
NB30,134,45-64,0.726755,0.6847582905005507,0.5810808036915206,0.8091507819712802,393.316777,426.7441623779014,373.0836987933144,489.787750016711,552
NB30,134,65+,0.67571,0.6414080533108992,0.5486471992632217,0.7493460696955746,103.334991,94.97993099316955,80.33994500216795,111.89566300285514,62
NB30,135,0-5,0.792287,0.7946429774825664,0.6629572028736885,0.9542939570767821,29.701277,29.277930138166994,24.435891969827935,34.95387474563904,29
NB30,135,6-11,0.841291,0.8071882968520325,0.6797700058296903,0.9630908778671021,13.922849,11.643734444864094,9.223389703314751,14.565931358840317,15
NB30,135,12-17,0.976995,0.9095989880690447,0.7788707638228943,1.0583899376806598,50.88251,42.488675554515794,35.777587397024035,50.18801598343998,37
NB30,135,18-44,0.695137,0.6692808712395121,0.5601778329517915,0.8023789630846789,521.780665,506.2463837200776,441.7763534979895,585.00697698351,434
NB30,135,45-64,0.724606,0.6773212054239713,0.5725809311916188,0.799097193425422,362.969601,382.49594368226826,333.76949271326885,439.02584748808295,403
NB30,135,65+,0.674269,0.6313601418033511,0.5394087968030534,0.7357246923826948,95.685104,89.49705586803611,76.03999385330826,104.65715787094086,119
NB30,136,0-5,0.788053,0.7952241562413305,0.6611962743287211,0.953373979439217,27.072531,27.39799861027859,22.85598340560682,32.82286950550042,34
NB30,136,6-11,0.837247,0.8116541877547638,0.6808208445395055,0.9673313274556636,12.686625,10.74064045259729,8.47125625796616,13.517910000868142,6
NB30,136,12-17,0.972187,0.9273571448861919,0.793754630668824,1.0807657791004774,46.398926,39.23625534423627,32.88840882740333,46.68743545538746,38
NB30,136,18-44,0.69253,0.6730387756815772,0.5609323634751071,0.8065827466317581,479.663699,474.8540632715449,413.81025651004165,547.9100196035579,413
NB30,136,45-64,0.722372,0.6778334295223298,0.572984648957897,0.8004490574803418,334.673781,339.88962515909225,295.7036998779513,390.9386150003411,264
NB30,136,65+,0.672745,0.6273307126845646,0.536207641369742,0.7318366083499745,88.524231,85.18706925451988,72.3002938547288,99.9576090349583,107
NB30,137,0-5,0.783759,0.788908053668796,0.6572198709827768,0.9461298521971072,24.656583,25.360407861880958,21.09563523111865,30.548036698019132,24
NB30,137,6-11,0.83314,0.8098862005702974,0.6808198570355213,0.9645774276265842,11.551884,9.841101117664948,7.7302798121236265,12.449467177502811,9
NB30,137,12-17,0.967295,0.949882445554056,0.8107919469511644,1.1061630083517393,42.275956,36.75699899485335,30.78519469848834,44.045904769562185,35
NB30,137,18-44,0.689849,0.6723049872893943,0.5620438521330517,0.8052529964736025,440.557122,446.9381930558011,390.6388429990038,513.7279990753159,461
NB30,137,45-64,0.720053,0.6801587351406242,0.5751809235299533,0.8031256344362617,308.308765,300.76760382321663,262.0188570409082,347.1685403701849,249
NB30,137,65+,0.671138,0.6262776838872164,0.5351215094218822,0.7302311529269219,81.825754,80.07533079496352,68.10118609922938,93.945517372631,74
NB30,138,0-5,0.779407,0.7805420279636266,0.647332130470807,0.9377972346697868,22.437656,23.191795971477404,19.182828444754705,28.08931454643607,26
NB30,138,6-11,0.828972,0.8047301940400107,0.6744784543272027,0.9579590823836022,10.5109,8.932902000378817,6.991570065263659,11.360401477664709,10
NB30,138,12-17,0.962323,0.9679367540414223,0.8263394181008619,1.1308831380576647,38.487065,34.56573287770152,28.782301934435964,41.48076647659764,28
NB30,138,18-44,0.687094,0.6693262532891743,0.5580391611189172,0.8011152289514396,404.271635,417.01174617372453,363.96311142202467,478.2118105692789,424
NB30,138,45-64,0.717652,0.6816044625229678,0.5761623326766138,0.8056437584673611,283.760499,267.2232934474014,232.33089478086913,309.0071176895872,288
NB30,138,65+,0.669451,0.6272251152784436,0.5360368504108268,0.7319280802606517,75.564369,73.78838153986726,62.774655226268806,86.385239009629,63
NB30,139,0-5,0.774999,0.7720339531187408,0.6409841256896924,0.9318384180763133,20.401075,21.122440412873402,17.346792599419132,25.686368714319542,15
NB30,139,6-11,0.824745,0.7989826850364673,0.6701089810483484,0.9559547621403025,9.556504,8.098280974198133,6.2831744202412665,10.293227592017502,7
NB30,139,12-17,0.957272,0.9792095429837738,0.8369233712965505,1.1429329074370844,35.00756,32.76484828884713,27.33986355504021,39.371509639779106,27
NB30,139,18-44,0.684266,0.6661926335610133,0.5557323516834475,0.800353663812895,370.628847,383.84279275033623,335.3809345589485,441.5135963447392,483
NB30,139,45-64,0.715168,0.6841919847367762,0.577572473089275,0.8093361786774202,260.921034,239.2745160399936,207.66045668860897,277.3674106290564,251
NB30,139,65+,0.667682,0.6291371367420184,0.5353243485143064,0.736077524230854,69.716007,67.03268402907997,57.0246073443559,78.68184542062227,62
NB30,140,0-5,0.770536,0.7689032634950651,0.6351044423475126,0.9285415929447859,18.533188,19.275811905041337,15.829635332571343,23.506647005211562,20
NB30,140,6-11,0.82046,0.7981770718944019,0.6668910453057352,0.9551391842724141,8.682046,7.3545558992773294,5.700100862886757,9.372597236651927,9
NB30,140,12-17,0.952143,0.9848276893575951,0.8384692415921966,1.1516292275784037,31.814459,31.276267622830346,26.027042127680033,37.303630844224244,33
NB30,140,18-44,0.681367,0.6678751588949965,0.5549468479902726,0.8023338009060386,339.460598,350.6420134007931,306.1661963807419,402.87065260484815,287
NB30,140,45-64,0.712603,0.6908273772257382,0.5815885206493234,0.8174111273515976,239.688162,216.32689040061086,186.78830501141493,251.70960456691682,166
NB30,140,65+,0.665834,0.6340196514387393,0.5388266744183337,0.743675626680079,64.257765,60.83166491531301,51.87548808270367,71.26258711644914,82
NB30,141,0-5,0.766019,0.7647821093642966,0.6323268260695818,0.9256141032278684,16.821292,17.739159984746948,14.538748041208601,21.66442833468318,15
NB30,141,6-11,0.816119,0.7964293877538846,0.6664722833134438,0.9535168241455833,7.88136,6.740306850057095,5.213863777928054,8.62607887480408,6
NB30,141,12-17,0.94694,0.9767143031863825,0.8304025005456422,1.144282196842193,28.886373,29.80163149931468,24.865205622278154,35.542598171392456,39
NB30,141,18-44,0.678397,0.6670515374088689,0.5555326340196158,0.8021493922455326,310.608334,317.935071868822,276.85289950016886,366.45236128475517,285
NB30,141,45-64,0.709958,0.6942592431487847,0.5840563962644097,0.8231471544265254,219.96508,198.3025848120451,170.86119030276313,230.33978881221265,182
NB30,141,65+,0.663906,0.6405523379545217,0.5438215287959516,0.7524764445484463,59.16784,55.31966118706623,46.97938912693644,64.66978299134644,56
NB30,142,0-5,0.761452,0.7594812347775604,0.6272290152616934,0.9206055039240022,15.253572,16.222573140170425,13.194244721904397,19.77687252452597,23
NB30,142,6-11,0.811725,0.791949942744822,0.6614382149051878,0.9495736863914372,7.148721,6.136335303541273,4.686070112092421,7.966739567928016,8
NB30,142,12-17,0.941664,0.9548502808688013,0.8103302264898818,1.1246768195894994,26.203389,27.9228171876166,23.208940483164042,33.24345716484822,21
NB30,142,18-44,0.675358,0.6627928273828243,0.5512172367810968,0.7982480182183733,283.92254,287.1876683374867,249.16351318638772,331.70672079361975,320
NB30,142,45-64,0.707233,0.691884273795758,0.5819181835987779,0.824052578030775,201.66009,182.7208800604567,157.49775270512328,211.84117618389428,198
NB30,142,65+,0.661899,0.6479607642487502,0.5498751577804226,0.7635956638249569,54.42547,50.12529785436345,42.34210738411639,58.88273142836988,38
NB30,143,0-5,0.756835,0.7550055912971922,0.6236895145703013,0.9150845809093331,13.819034,14.712027269881219,11.849221927113831,18.1140940848796,14
NB30,143,6-11,0.807278,0.7872370606829837,0.6582678630810284,0.9435578993211446,6.478823,5.57084307493642,4.199532117694616,7.335506163735391,4
NB30,143,12-17,0.936317,0.9273886156413689,0.7852692551294403,1.091047576331809,23.746972,25.622570366831496,21.271886145463213,30.63849174650386,36
NB30,143,18-44,0.67225,0.6566180900399159,0.5471063568263509,0.7887692354384379,259.262205,258.3796267006546,223.85961226187646,299.33292466495186,271
NB30,143,45-64,0.70443,0.6867422985965118,0.5781384297079671,0.8148496290354698,184.686306,168.2825487027876,144.93869571492542,194.97578334715217,165
NB30,143,65+,0.659815,0.65431834340352,0.5546188249171736,0.7709358198854255,50.01088,45.692795511102304,38.35110122268088,53.99728399782907,35
NB30,144,0-5,0.752171,0.7567456096680234,0.6182063821681694,0.9220130256631075,12.507451,13.36620056827087,10.70385804423131,16.594867372652516,11
NB30,144,6-11,0.802781,0.7880882176149276,0.653438886448417,0.9477007588539498,5.86674,5.092659219168127,3.781961123785004,6.806930994614959,4
NB30,144,12-17,0.930902,0.9022965336770338,0.75860116955567,1.0687794856129234,21.499872,23.220649615628645,19.27188622066751,27.92846664832905,31
NB30,144,18-44,0.669076,0.6530706821824979,0.5402241030731676,0.7881595784646279,236.494338,232.64689296251163,201.29578015580773,269.799370482564,253
NB30,144,45-64,0.701551,0.6810884520001552,0.5701733438352438,0.8119546890209468,168.961403,154.39381040353328,133.021162759047,179.1257184324786,168
NB30,144,65+,0.657654,0.6608336708025069,0.5574077071523797,0.7829469493744663,45.905229,42.230884360847995,35.438689482572954,50.240273210358204,53
NB30,145,0-5,0.747461,0.7596188784265587,0.609258486389751,0.9417162546021115,11.309312,12.185428249882534,9.647528322751167,15.322811737237492,8
NB30,145,6-11,0.798236,0.7910632332090317,0.6445150791831314,0.967958067339196,5.307907,4.707221142947674,3.424413626024034,6.396630344155684,3
NB30,145,12-17,0.925421,0.8851080967658022,0.7316268139645729,1.065090237499373,19.446032,20.790307432645932,17.043827259913087,25.269815840525553,23
NB30,145,18-44,0.665837,0.651372458488693,0.5283206959146984,0.7999948297343271,215.493513,209.59095819853246,181.26674299687147,243.60081010963768,181
NB30,145,45-64,0.698596,0.6777908822697103,0.5584260822328061,0.8196166661933758,154.407369,141.27880745613948,121.58996935460019,164.36151565241155,166
NB30,145,65+,0.655417,0.6697985669178796,0.5553675580098373,0.8021964974957488,42.090568,39.70269527571509,33.35285682749236,47.45173723285552,21
NB30,146,0-5,0.742708,0.7606041092302356,0.5913514462405227,0.9727297524301852,10.215773,11.174331868067384,8.678223993396387,14.304827251826644,13
NB30,146,6-11,0.793643,0.7935523789406518,0.6296699680597425,1.0000488683814392,4.798089,4.389841043157503,3.110207115323283,6.103888413403183,4
NB30,146,12-17,0.919875,0.8773838786669024,0.7075064081800075,1.0802016718627636,17.57051,18.4486836346332,14.874577617272735,22.813177658012137,20
NB30,146,18-44,0.662533,0.6506861823488423,0.5135776236577678,0.8228920190442961,196.141451,189.76483018603176,163.5462242346257,221.974013177678,113
NB30,146,45-64,0.695566,0.6783638744200529,0.5440368907725602,0.8412544755877074,140.950286,128.68497994868085,110.07269479194656,150.27180236950517,138
NB30,146,65+,0.653105,0.6776855364684147,0.5471478266686033,0.8332923410526862,38.549793,37.95250706007937,31.701367855872377,45.68713452672819,45
NB30,147,0-5,0.737913,0.7532888717724004,0.5633303599875588,1.003513457305406,9.218612,10.195494088926353,7.696732928784331,13.423390488373116,15
NB30,147,6-11,0.789006,0.788294434492224,0.6030946233174391,1.0320878537930045,4.333361,4.0942696910351515,2.7921943543478847,5.869346308056265,5
NB30,147,12-17,0.914269,0.8739692675997965,0.6811656662498204,1.113979111029953,15.859408,16.256549330311827,12.725791925797239,20.688150351017242,9
NB30,147,18-44,0.659167,0.6444268426427826,0.4889858237661469,0.8496245996862349,178.326635,172.52404974214733,147.09610228426754,204.15920295845717,238
NB30,147,45-64,0.692463,0.6770883589557847,0.5223209579116342,0.8722102006817954,128.520122,116.27434464800172,98.12953739473596,138.26243297026957,95
NB30,147,65+,0.650718,0.6817245905489934,0.5287706424185622,0.8700758109398812,35.266612,36.467412559257355,29.88004376552999,44.56299935820133,38
NB30,148,0-5,0.733079,0.7488310564815848,0.5378590688109538,1.0457785900521952,8.310187,9.212150983279571,6.684975903248414,12.671455614804287,4
NB30,148,6-11,0.784327,0.7866474562060111,0.5791168212999147,1.074852040472644,3.910085,3.785296505317092,2.472000168974046,5.666709445416927,0
NB30,148,12-17,0.908603,0.8746695547684372,0.6558803968488668,1.1627825743733222,14.299798,14.271931170020252,10.788674715906382,18.911028460832313,12
NB30,148,18-44,0.65574,0.6408332509670179,0.4664817543593773,0.8867359668666164,161.943946,156.38600680883974,129.8026409521699,191.26751412325538,211
NB30,148,45-64,0.689288,0.6775841931695468,0.4997677091300294,0.9171592857816112,117.050545,104.46614690311253,85.70845661591738,127.82806466007605,86
NB30,148,65+,0.648259,0.6846628613589807,0.5095029139729971,0.9179386238852107,32.225503,34.83067956290324,27.60374687780568,43.93790341349086,40
NB30,149,0-5,0.728208,0.7517011104442313,0.5138829032616529,1.1063289275086199,7.4834,8.408845795551315,5.7954501995584,12.212469171499833,11
NB30,149,6-11,0.779606,0.7893999536237257,0.5560223319820418,1.1372595493075097,3.524892,3.5280313002876937,2.190111056319438,5.604711877647787,9
NB30,149,12-17,0.90288,0.881759855419428,0.6337389535374256,1.223560894314692,12.87966,12.553490313468501,9.087555496848655,17.644067390129198,12
NB30,149,18-44,0.652252,0.6435407939385804,0.4458391460226052,0.9396723632706036,146.894326,140.82636322639883,111.27620382397436,182.01401511982547,93
NB30,149,45-64,0.686043,0.6813728701716509,0.4806190994139402,0.968368496504825,106.478739,94.73045599972829,74.10222868988058,122.01338010553735,108
NB30,149,65+,0.645728,0.6900420597484993,0.4903283843410272,0.968465227772471,29.411685,33.043922232609475,24.94396077374113,44.13537759361497,35
